scenario,scenario_name,iteration,year,nbh_in_grid_congestion_perc,nbh_with_dh_perc,heating_system,ownership,installed_current,installed_annually,removed_annually,installed_cumulative,considered_annually,avg_att,avg_util,avg_sub_norm,avg_eac,avg_pbc,SLF,ELF,GRR,DHCT,DHES,SHAES,DHCO,GCHPB
1,baseline,1,2024,0.0,0.0,NATURAL_GAS_BOILER,TOTAL,473537,473537,0,473537,0,0.0,0.0,0.0,0.0,0.0,MEDIUM,MEDIUM,MEDIUM,5,COST_BASED,COST_BASED,false,false
1,baseline,1,2025,0.0,0.024943310657596373,NATURAL_GAS_BOILER,TOTAL,468068,37309,42778,510846,90292,0.285305910466449,0.650718456611324,0.9997770464486048,1970.475125149515,0.7797790764943048,MEDIUM,MEDIUM,MEDIUM,5,COST_BASED,COST_BASED,false,false
1,baseline,1,2026,0.0,0.024943310657596373,NATURAL_GAS_BOILER,TOTAL,462714,37563,42917,548409,83838,0.2916785036485458,0.6577541699476198,0.9539266717359665,1934.1695770414372,0.7944707950422754,MEDIUM,MEDIUM,MEDIUM,5,COST_BASED,COST_BASED,false,false
1,baseline,1,2027,0.0,0.024943310657596373,NATURAL_GAS_BOILER,TOTAL,453585,34210,43339,582619,81147,0.2946660545018149,0.6575546971507984,0.9388255807670373,1925.1876964028245,0.7953123345048357,MEDIUM,MEDIUM,MEDIUM,5,COST_BASED,COST_BASED,false,false
1,baseline,1,2028,0.0,0.024943310657596373,NATURAL_GAS_BOILER,TOTAL,442002,36091,47674,618710,78168,0.3014728068090119,0.6494134011650752,0.927318303987526,1923.411997236721,0.7828371120469385,MEDIUM,MEDIUM,MEDIUM,5,COST_BASED,COST_BASED,false,false
1,baseline,1,2029,0.0,0.024943310657596373,NATURAL_GAS_BOILER,TOTAL,431167,28997,39832,647707,73364,0.3089053410199276,0.6599355936073373,0.8950356696264534,1900.0234992639441,0.8007975964527279,MEDIUM,MEDIUM,MEDIUM,5,COST_BASED,COST_BASED,false,false
1,baseline,1,2030,0.0,0.03741496598639456,NATURAL_GAS_BOILER,TOTAL,416639,25931,40459,673638,71732,0.3117480035372922,0.6517745311409562,0.8969932075938662,1906.7659064294876,0.7876006448778754,MEDIUM,MEDIUM,MEDIUM,5,COST_BASED,COST_BASED,false,false
1,baseline,1,2031,0.0,0.05328798185941043,NATURAL_GAS_BOILER,TOTAL,400983,24447,40103,698085,69400,0.3145317149105937,0.6565963230617364,0.8789872436440382,1903.9735590778098,0.7963881504094392,MEDIUM,MEDIUM,MEDIUM,5,COST_BASED,COST_BASED,false,false
1,baseline,1,2032,0.0,0.07029478458049887,NATURAL_GAS_BOILER,TOTAL,379049,24245,46179,722330,68520,0.31807089006353023,0.6408536649872335,0.8415716500743168,1874.055823117338,0.7765663187057043,MEDIUM,MEDIUM,MEDIUM,5,COST_BASED,COST_BASED,false,false
1,baseline,1,2033,0.0,0.08163265306122448,NATURAL_GAS_BOILER,TOTAL,356683,20600,42966,742930,62871,0.3222257665537856,0.6490679078030382,0.7857835764098786,1857.495236277457,0.7948224730148751,MEDIUM,MEDIUM,MEDIUM,5,COST_BASED,COST_BASED,false,false
1,baseline,1,2034,0.0,0.09183673469387756,NATURAL_GAS_BOILER,TOTAL,331580,23155,48258,766085,56981,0.3282631098652917,0.631559653068039,0.7381818614918622,1879.2350783594532,0.7730009694492473,MEDIUM,MEDIUM,MEDIUM,5,COST_BASED,COST_BASED,false,false
1,baseline,1,2035,0.0,0.1054421768707483,NATURAL_GAS_BOILER,TOTAL,306616,17201,42165,783286,48038,0.3342955848416841,0.6229376400473429,0.6422402916605106,1855.1205712144551,0.7705525274030313,MEDIUM,MEDIUM,MEDIUM,5,COST_BASED,COST_BASED,false,false
1,baseline,1,2036,0.0,0.11678004535147392,NATURAL_GAS_BOILER,TOTAL,285512,13646,34750,796932,39078,0.33721632784042727,0.6331751825839288,0.5938767794890305,1856.8836685603153,0.7912240944796682,MEDIUM,MEDIUM,MEDIUM,5,COST_BASED,COST_BASED,false,false
1,baseline,1,2037,0.0,0.12811791383219956,NATURAL_GAS_BOILER,TOTAL,258867,7926,34571,804858,53694,0.3091154591141994,0.5969198055132615,0.4821581257253275,1880.5869370879427,0.7578310777756745,MEDIUM,MEDIUM,MEDIUM,5,COST_BASED,COST_BASED,false,false
1,baseline,1,2038,0.0,0.13945578231292516,NATURAL_GAS_BOILER,TOTAL,233296,8466,34037,813324,58767,0.2926591189921546,0.5751380290650532,0.4048433919073288,1877.9032620348155,0.7389368398611192,MEDIUM,MEDIUM,MEDIUM,5,COST_BASED,COST_BASED,false,false
1,baseline,1,2039,0.0,0.15419501133786848,NATURAL_GAS_BOILER,TOTAL,211760,9905,31441,823229,64268,0.27148902044211526,0.562831246273226,0.30648569456928465,1924.3727827223502,0.7380639024781476,MEDIUM,MEDIUM,MEDIUM,5,COST_BASED,COST_BASED,false,false
1,baseline,1,2040,0.0,0.17346938775510204,NATURAL_GAS_BOILER,TOTAL,185821,8378,34317,831607,80811,0.2527238100362785,0.5330451353844602,0.2208138218907105,1933.1826607763794,0.70878502283129,MEDIUM,MEDIUM,MEDIUM,5,COST_BASED,COST_BASED,false,false
1,baseline,1,2041,0.0,0.18594104308390022,NATURAL_GAS_BOILER,TOTAL,165491,6304,26634,837911,76493,0.24861532687856394,0.5450393358771631,0.17156927859002788,1929.4599767298969,0.7339590122723442,MEDIUM,MEDIUM,MEDIUM,5,COST_BASED,COST_BASED,false,false
1,baseline,1,2042,0.0,0.20521541950113378,NATURAL_GAS_BOILER,TOTAL,148175,5435,22751,843346,79571,0.24328833926927157,0.5299411188175955,0.13015899149727264,1946.7038996619372,0.7178197194719278,MEDIUM,MEDIUM,MEDIUM,5,COST_BASED,COST_BASED,false,false
1,baseline,1,2043,0.0,0.21882086167800455,NATURAL_GAS_BOILER,TOTAL,133480,5155,19850,848501,82707,0.24281772733587306,0.5326491911144711,0.097111527804452,1934.5750299249157,0.7261304138621831,MEDIUM,MEDIUM,MEDIUM,5,COST_BASED,COST_BASED,false,false
1,baseline,1,2044,0.0,0.23242630385487528,NATURAL_GAS_BOILER,TOTAL,119348,5880,20012,854381,90313,0.24615700651159877,0.5202585777067783,0.07338623061737033,1903.5173009422786,0.7096753361051035,MEDIUM,MEDIUM,MEDIUM,5,COST_BASED,COST_BASED,false,false
1,baseline,1,2045,0.0,0.23242630385487528,NATURAL_GAS_BOILER,TOTAL,107830,4490,16008,858871,96536,0.24665008944117967,0.5220355155645903,0.05490023360455853,1902.1323236927158,0.7145282217860364,MEDIUM,MEDIUM,MEDIUM,5,COST_BASED,COST_BASED,false,false
1,baseline,1,2046,0.0,0.23242630385487528,NATURAL_GAS_BOILER,TOTAL,93912,5212,19130,864083,111482,0.25635505444370227,0.50940015461817,0.04565252793104391,1908.769828313091,0.6943049023249406,MEDIUM,MEDIUM,MEDIUM,5,COST_BASED,COST_BASED,false,false
1,baseline,1,2047,0.0,0.23242630385487528,NATURAL_GAS_BOILER,TOTAL,82448,4098,15562,868181,117918,0.27224705771990804,0.5084017018402142,0.03990200734517782,1909.0928865822011,0.6895530374122093,MEDIUM,MEDIUM,MEDIUM,5,COST_BASED,COST_BASED,false,false
1,baseline,1,2048,0.0,0.23242630385487528,NATURAL_GAS_BOILER,TOTAL,72911,3219,12756,871400,115143,0.2832668337494157,0.5210109957419644,0.037350991656339295,1902.8083860938139,0.7060309112185551,MEDIUM,MEDIUM,MEDIUM,5,COST_BASED,COST_BASED,false,false
1,baseline,1,2049,0.0,0.23242630385487528,NATURAL_GAS_BOILER,TOTAL,68998,3518,7431,874918,107923,0.29662993280275685,0.5224394178896995,0.037445114019809767,1914.5816554395262,0.7048210043813956,MEDIUM,MEDIUM,MEDIUM,5,COST_BASED,COST_BASED,false,false
1,baseline,1,2050,0.0,0.23242630385487528,NATURAL_GAS_BOILER,TOTAL,65116,4271,8153,879189,101116,0.3052930567155997,0.5202865028459982,0.03698628539311101,1882.4289528857946,0.699483204415959,MEDIUM,MEDIUM,MEDIUM,5,COST_BASED,COST_BASED,false,false
1,baseline,1,2024,0.0,0.0,NATURAL_GAS_BOILER,PRIVATELY_OWNED,309906,309906,0,309906,0,0.0,0.0,0.0,0.0,0.0,MEDIUM,MEDIUM,MEDIUM,5,COST_BASED,COST_BASED,false,false
1,baseline,1,2025,0.0,0.024943310657596373,NATURAL_GAS_BOILER,PRIVATELY_OWNED,302343,22969,30532,332875,84468,0.285305910466449,0.650718456611324,0.9997770464486048,1992.4279135293839,0.7797790764943048,MEDIUM,MEDIUM,MEDIUM,5,COST_BASED,COST_BASED,false,false
1,baseline,1,2026,0.0,0.024943310657596373,NATURAL_GAS_BOILER,PRIVATELY_OWNED,295213,20685,27815,353560,77910,0.2916785036485458,0.6577541699476198,0.9539266717359665,1955.3689770247722,0.7944707950422754,MEDIUM,MEDIUM,MEDIUM,5,COST_BASED,COST_BASED,false,false
1,baseline,1,2027,0.0,0.024943310657596373,NATURAL_GAS_BOILER,PRIVATELY_OWNED,285224,18743,28732,372303,75377,0.2946660545018149,0.6575546971507984,0.9388255807670373,1947.25807607095,0.7953123345048357,MEDIUM,MEDIUM,MEDIUM,5,COST_BASED,COST_BASED,false,false
1,baseline,1,2028,0.0,0.024943310657596373,NATURAL_GAS_BOILER,PRIVATELY_OWNED,270639,16269,30854,388572,72357,0.3014728068090119,0.6494134011650752,0.927318303987526,1944.9617590557928,0.7828371120469385,MEDIUM,MEDIUM,MEDIUM,5,COST_BASED,COST_BASED,false,false
1,baseline,1,2029,0.0,0.024943310657596373,NATURAL_GAS_BOILER,PRIVATELY_OWNED,258309,15229,27559,403801,67537,0.3089053410199276,0.6599355936073373,0.8950356696264534,1922.1376430697248,0.8007975964527279,MEDIUM,MEDIUM,MEDIUM,5,COST_BASED,COST_BASED,false,false
1,baseline,1,2030,0.0,0.03741496598639456,NATURAL_GAS_BOILER,PRIVATELY_OWNED,243963,13866,28212,417667,65994,0.3117480035372922,0.6517745311409562,0.8969932075938662,1927.7430675515957,0.7876006448778754,MEDIUM,MEDIUM,MEDIUM,5,COST_BASED,COST_BASED,false,false
1,baseline,1,2031,0.0,0.05328798185941043,NATURAL_GAS_BOILER,PRIVATELY_OWNED,227988,12837,28812,430504,63538,0.3145317149105937,0.6565963230617364,0.8789872436440382,1925.2253297239447,0.7963881504094392,MEDIUM,MEDIUM,MEDIUM,5,COST_BASED,COST_BASED,false,false
1,baseline,1,2032,0.0,0.07029478458049887,NATURAL_GAS_BOILER,PRIVATELY_OWNED,206851,10611,31748,441115,62362,0.31807089006353023,0.6408536649872335,0.8415716500743168,1897.6729418556172,0.7765663187057043,MEDIUM,MEDIUM,MEDIUM,5,COST_BASED,COST_BASED,false,false
1,baseline,1,2033,0.0,0.08163265306122448,NATURAL_GAS_BOILER,PRIVATELY_OWNED,184357,8131,30625,449246,57083,0.3222257665537856,0.6490679078030382,0.7857835764098786,1880.5659478303523,0.7948224730148751,MEDIUM,MEDIUM,MEDIUM,5,COST_BASED,COST_BASED,false,false
1,baseline,1,2034,0.0,0.09183673469387756,NATURAL_GAS_BOILER,PRIVATELY_OWNED,158829,6364,31892,455610,51391,0.3282631098652917,0.631559653068039,0.7381818614918622,1902.4805510692534,0.7730009694492473,MEDIUM,MEDIUM,MEDIUM,5,COST_BASED,COST_BASED,false,false
1,baseline,1,2035,0.0,0.1054421768707483,NATURAL_GAS_BOILER,PRIVATELY_OWNED,133439,3442,28832,459052,42176,0.3342955848416841,0.6229376400473429,0.6422402916605106,1880.429248861912,0.7705525274030313,MEDIUM,MEDIUM,MEDIUM,5,COST_BASED,COST_BASED,false,false
1,baseline,1,2036,0.0,0.11678004535147392,NATURAL_GAS_BOILER,PRIVATELY_OWNED,113408,2145,22176,461197,33557,0.33721632784042727,0.6331751825839288,0.5938767794890305,1885.3691331167863,0.7912240944796682,MEDIUM,MEDIUM,MEDIUM,5,COST_BASED,COST_BASED,false,false
1,baseline,1,2037,0.0,0.12811791383219956,NATURAL_GAS_BOILER,PRIVATELY_OWNED,94784,1607,20231,462804,38650,0.3091154591141994,0.5969198055132615,0.4821581257253275,2018.9312807244503,0.7578310777756745,MEDIUM,MEDIUM,MEDIUM,5,COST_BASED,COST_BASED,false,false
1,baseline,1,2038,0.0,0.13945578231292516,NATURAL_GAS_BOILER,PRIVATELY_OWNED,78945,1320,17159,464124,41147,0.2926591189921546,0.5751380290650532,0.4048433919073288,2050.442535300265,0.7389368398611192,MEDIUM,MEDIUM,MEDIUM,5,COST_BASED,COST_BASED,false,false
1,baseline,1,2039,0.0,0.15419501133786848,NATURAL_GAS_BOILER,PRIVATELY_OWNED,64031,1060,15974,465184,47957,0.27148902044211526,0.562831246273226,0.30648569456928465,2063.8437558646287,0.7380639024781476,MEDIUM,MEDIUM,MEDIUM,5,COST_BASED,COST_BASED,false,false
1,baseline,1,2040,0.0,0.17346938775510204,NATURAL_GAS_BOILER,PRIVATELY_OWNED,50416,880,14495,466064,59687,0.2527238100362785,0.5330451353844602,0.2208138218907105,2092.098899257795,0.70878502283129,MEDIUM,MEDIUM,MEDIUM,5,COST_BASED,COST_BASED,false,false
1,baseline,1,2041,0.0,0.18594104308390022,NATURAL_GAS_BOILER,PRIVATELY_OWNED,38368,818,12866,466882,61116,0.24861532687856394,0.5450393358771631,0.17156927859002788,2037.4457588847438,0.7339590122723442,MEDIUM,MEDIUM,MEDIUM,5,COST_BASED,COST_BASED,false,false
1,baseline,1,2042,0.0,0.20521541950113378,NATURAL_GAS_BOILER,PRIVATELY_OWNED,28501,819,10686,467701,65826,0.24328833926927157,0.5299411188175955,0.13015899149727264,2026.5164220824597,0.7178197194719278,MEDIUM,MEDIUM,MEDIUM,5,COST_BASED,COST_BASED,false,false
1,baseline,1,2043,0.0,0.21882086167800455,NATURAL_GAS_BOILER,PRIVATELY_OWNED,21097,836,8240,468537,68952,0.24281772733587306,0.5326491911144711,0.097111527804452,2014.9134035270913,0.7261304138621831,MEDIUM,MEDIUM,MEDIUM,5,COST_BASED,COST_BASED,false,false
1,baseline,1,2044,0.0,0.23242630385487528,NATURAL_GAS_BOILER,PRIVATELY_OWNED,15538,819,6378,469356,74492,0.24615700651159877,0.5202585777067783,0.07338623061737033,1981.6014605595233,0.7096753361051035,MEDIUM,MEDIUM,MEDIUM,5,COST_BASED,COST_BASED,false,false
1,baseline,1,2045,0.0,0.23242630385487528,NATURAL_GAS_BOILER,PRIVATELY_OWNED,12769,770,3539,470126,81574,0.24665008944117967,0.5220355155645903,0.05490023360455853,1975.5523328511536,0.7145282217860364,MEDIUM,MEDIUM,MEDIUM,5,COST_BASED,COST_BASED,false,false
1,baseline,1,2046,0.0,0.23242630385487528,NATURAL_GAS_BOILER,PRIVATELY_OWNED,11221,791,2339,470917,92179,0.25635505444370227,0.50940015461817,0.04565252793104391,1987.4634027273023,0.6943049023249406,MEDIUM,MEDIUM,MEDIUM,5,COST_BASED,COST_BASED,false,false
1,baseline,1,2047,0.0,0.23242630385487528,NATURAL_GAS_BOILER,PRIVATELY_OWNED,10079,661,1803,471578,101390,0.27224705771990804,0.5084017018402142,0.03990200734517782,1972.4014399842195,0.6895530374122093,MEDIUM,MEDIUM,MEDIUM,5,COST_BASED,COST_BASED,false,false
1,baseline,1,2048,0.0,0.23242630385487528,NATURAL_GAS_BOILER,PRIVATELY_OWNED,9403,579,1255,472157,100947,0.2832668337494157,0.5210109957419644,0.037350991656339295,1953.5334185265535,0.7060309112185551,MEDIUM,MEDIUM,MEDIUM,5,COST_BASED,COST_BASED,false,false
1,baseline,1,2049,0.0,0.23242630385487528,NATURAL_GAS_BOILER,PRIVATELY_OWNED,8859,568,1112,472725,98795,0.29662993280275685,0.5224394178896995,0.037445114019809767,1947.5977326787793,0.7048210043813956,MEDIUM,MEDIUM,MEDIUM,5,COST_BASED,COST_BASED,false,false
1,baseline,1,2050,0.0,0.23242630385487528,NATURAL_GAS_BOILER,PRIVATELY_OWNED,8437,585,1007,473310,90771,0.3052930567155997,0.5202865028459982,0.03698628539311101,1924.063379273116,0.699483204415959,MEDIUM,MEDIUM,MEDIUM,5,COST_BASED,COST_BASED,false,false
1,baseline,1,2024,0.0,0.0,NATURAL_GAS_BOILER,SOCIAL_HOUSING,99703,99703,0,99703,0,0.0,0.0,0.0,0.0,0.0,MEDIUM,MEDIUM,MEDIUM,5,COST_BASED,COST_BASED,false,false
1,baseline,1,2025,0.0,0.024943310657596373,NATURAL_GAS_BOILER,SOCIAL_HOUSING,100147,7322,6878,107025,0,0.0,0.0,0.0,0.0,0.0,MEDIUM,MEDIUM,MEDIUM,5,COST_BASED,COST_BASED,false,false
1,baseline,1,2026,0.0,0.024943310657596373,NATURAL_GAS_BOILER,SOCIAL_HOUSING,100407,9901,9641,116926,0,0.0,0.0,0.0,0.0,0.0,MEDIUM,MEDIUM,MEDIUM,5,COST_BASED,COST_BASED,false,false
1,baseline,1,2027,0.0,0.024943310657596373,NATURAL_GAS_BOILER,SOCIAL_HOUSING,100936,9872,9343,126798,0,0.0,0.0,0.0,0.0,0.0,MEDIUM,MEDIUM,MEDIUM,5,COST_BASED,COST_BASED,false,false
1,baseline,1,2028,0.0,0.024943310657596373,NATURAL_GAS_BOILER,SOCIAL_HOUSING,101561,12142,11517,138940,0,0.0,0.0,0.0,0.0,0.0,MEDIUM,MEDIUM,MEDIUM,5,COST_BASED,COST_BASED,false,false
1,baseline,1,2029,0.0,0.024943310657596373,NATURAL_GAS_BOILER,SOCIAL_HOUSING,101892,7276,6945,146216,0,0.0,0.0,0.0,0.0,0.0,MEDIUM,MEDIUM,MEDIUM,5,COST_BASED,COST_BASED,false,false
1,baseline,1,2030,0.0,0.03741496598639456,NATURAL_GAS_BOILER,SOCIAL_HOUSING,102592,7684,6984,153900,0,0.0,0.0,0.0,0.0,0.0,MEDIUM,MEDIUM,MEDIUM,5,COST_BASED,COST_BASED,false,false
1,baseline,1,2031,0.0,0.05328798185941043,NATURAL_GAS_BOILER,SOCIAL_HOUSING,103161,6476,5907,160376,0,0.0,0.0,0.0,0.0,0.0,MEDIUM,MEDIUM,MEDIUM,5,COST_BASED,COST_BASED,false,false
1,baseline,1,2032,0.0,0.07029478458049887,NATURAL_GAS_BOILER,SOCIAL_HOUSING,103467,9068,8762,169444,0,0.0,0.0,0.0,0.0,0.0,MEDIUM,MEDIUM,MEDIUM,5,COST_BASED,COST_BASED,false,false
1,baseline,1,2033,0.0,0.08163265306122448,NATURAL_GAS_BOILER,SOCIAL_HOUSING,103479,6962,6950,176406,0,0.0,0.0,0.0,0.0,0.0,MEDIUM,MEDIUM,MEDIUM,5,COST_BASED,COST_BASED,false,false
1,baseline,1,2034,0.0,0.09183673469387756,NATURAL_GAS_BOILER,SOCIAL_HOUSING,103624,11382,11237,187788,0,0.0,0.0,0.0,0.0,0.0,MEDIUM,MEDIUM,MEDIUM,5,COST_BASED,COST_BASED,false,false
1,baseline,1,2035,0.0,0.1054421768707483,NATURAL_GAS_BOILER,SOCIAL_HOUSING,103793,8135,7966,195923,0,0.0,0.0,0.0,0.0,0.0,MEDIUM,MEDIUM,MEDIUM,5,COST_BASED,COST_BASED,false,false
1,baseline,1,2036,0.0,0.11678004535147392,NATURAL_GAS_BOILER,SOCIAL_HOUSING,104157,7937,7573,203860,0,0.0,0.0,0.0,0.0,0.0,MEDIUM,MEDIUM,MEDIUM,5,COST_BASED,COST_BASED,false,false
1,baseline,1,2037,0.0,0.12811791383219956,NATURAL_GAS_BOILER,SOCIAL_HOUSING,99393,2558,7322,206418,7322,0.0,0.0,0.0,1575.3497678229992,0.0,MEDIUM,MEDIUM,MEDIUM,5,COST_BASED,COST_BASED,false,false
1,baseline,1,2038,0.0,0.13945578231292516,NATURAL_GAS_BOILER,SOCIAL_HOUSING,92716,3224,9901,209642,9901,0.0,0.0,0.0,1519.8076961923039,0.0,MEDIUM,MEDIUM,MEDIUM,5,COST_BASED,COST_BASED,false,false
1,baseline,1,2039,0.0,0.15419501133786848,NATURAL_GAS_BOILER,SOCIAL_HOUSING,88435,5591,9872,215233,9872,0.0,0.0,0.0,1544.6610615883305,0.0,MEDIUM,MEDIUM,MEDIUM,5,COST_BASED,COST_BASED,false,false
1,baseline,1,2040,0.0,0.17346938775510204,NATURAL_GAS_BOILER,SOCIAL_HOUSING,80071,3778,12142,219011,12142,0.0,0.0,0.0,1502.54052050733,0.0,MEDIUM,MEDIUM,MEDIUM,5,COST_BASED,COST_BASED,false,false
1,baseline,1,2041,0.0,0.18594104308390022,NATURAL_GAS_BOILER,SOCIAL_HOUSING,74741,1946,7276,220957,7312,0.0,0.0,0.0,1482.8135940919037,0.0,MEDIUM,MEDIUM,MEDIUM,5,COST_BASED,COST_BASED,false,false
1,baseline,1,2042,0.0,0.20521541950113378,NATURAL_GAS_BOILER,SOCIAL_HOUSING,68841,1784,7684,222741,7684,0.0,0.0,0.0,1562.6841488807913,0.0,MEDIUM,MEDIUM,MEDIUM,5,COST_BASED,COST_BASED,false,false
1,baseline,1,2043,0.0,0.21882086167800455,NATURAL_GAS_BOILER,SOCIAL_HOUSING,64060,1695,6476,224436,6683,0.0,0.0,0.0,1523.9714200209487,0.0,MEDIUM,MEDIUM,MEDIUM,5,COST_BASED,COST_BASED,false,false
1,baseline,1,2044,0.0,0.23242630385487528,NATURAL_GAS_BOILER,SOCIAL_HOUSING,57619,2627,9068,227063,9069,0.0,0.0,0.0,1526.3592457823354,0.0,MEDIUM,MEDIUM,MEDIUM,5,COST_BASED,COST_BASED,false,false
1,baseline,1,2045,0.0,0.23242630385487528,NATURAL_GAS_BOILER,SOCIAL_HOUSING,51492,835,6962,227898,7094,0.0,0.0,0.0,1510.6601353256274,0.0,MEDIUM,MEDIUM,MEDIUM,5,COST_BASED,COST_BASED,false,false
1,baseline,1,2046,0.0,0.23242630385487528,NATURAL_GAS_BOILER,SOCIAL_HOUSING,41703,1593,11382,229491,11384,0.0,0.0,0.0,1542.8026177090653,0.0,MEDIUM,MEDIUM,MEDIUM,5,COST_BASED,COST_BASED,false,false
1,baseline,1,2047,0.0,0.23242630385487528,NATURAL_GAS_BOILER,SOCIAL_HOUSING,34147,579,8135,230070,8201,0.0,0.0,0.0,1521.5039629313499,0.0,MEDIUM,MEDIUM,MEDIUM,5,COST_BASED,COST_BASED,false,false
1,baseline,1,2048,0.0,0.23242630385487528,NATURAL_GAS_BOILER,SOCIAL_HOUSING,26751,541,7937,230611,7954,0.0,0.0,0.0,1509.3218506411868,0.0,MEDIUM,MEDIUM,MEDIUM,5,COST_BASED,COST_BASED,false,false
1,baseline,1,2049,0.0,0.23242630385487528,NATURAL_GAS_BOILER,SOCIAL_HOUSING,24942,749,2558,231360,2559,0.0,0.0,0.0,1487.1563110590075,0.0,MEDIUM,MEDIUM,MEDIUM,5,COST_BASED,COST_BASED,false,false
1,baseline,1,2050,0.0,0.23242630385487528,NATURAL_GAS_BOILER,SOCIAL_HOUSING,22605,887,3224,232247,3240,0.0,0.0,0.0,1470.205864197531,0.0,MEDIUM,MEDIUM,MEDIUM,5,COST_BASED,COST_BASED,false,false
1,baseline,1,2024,0.0,0.0,NATURAL_GAS_BOILER,PRIVATELY_RENTED,63928,63928,0,63928,0,0.0,0.0,0.0,0.0,0.0,MEDIUM,MEDIUM,MEDIUM,5,COST_BASED,COST_BASED,false,false
1,baseline,1,2025,0.0,0.024943310657596373,NATURAL_GAS_BOILER,PRIVATELY_RENTED,63125,4565,5368,68493,5824,0.0,0.0,0.0,1652.0843063186812,0.0,MEDIUM,MEDIUM,MEDIUM,5,COST_BASED,COST_BASED,false,false
1,baseline,1,2026,0.0,0.024943310657596373,NATURAL_GAS_BOILER,PRIVATELY_RENTED,62057,4393,5461,72886,5928,0.0,0.0,0.0,1655.5519568151146,0.0,MEDIUM,MEDIUM,MEDIUM,5,COST_BASED,COST_BASED,false,false
1,baseline,1,2027,0.0,0.024943310657596373,NATURAL_GAS_BOILER,PRIVATELY_RENTED,60915,4122,5264,77008,5770,0.0,0.0,0.0,1636.8689774696707,0.0,MEDIUM,MEDIUM,MEDIUM,5,COST_BASED,COST_BASED,false,false
1,baseline,1,2028,0.0,0.024943310657596373,NATURAL_GAS_BOILER,PRIVATELY_RENTED,59550,3938,5303,80946,5811,0.0,0.0,0.0,1655.080192737911,0.0,MEDIUM,MEDIUM,MEDIUM,5,COST_BASED,COST_BASED,false,false
1,baseline,1,2029,0.0,0.024943310657596373,NATURAL_GAS_BOILER,PRIVATELY_RENTED,57924,3702,5328,84648,5827,0.0,0.0,0.0,1643.7127166638065,0.0,MEDIUM,MEDIUM,MEDIUM,5,COST_BASED,COST_BASED,false,false
1,baseline,1,2030,0.0,0.03741496598639456,NATURAL_GAS_BOILER,PRIVATELY_RENTED,56132,3471,5263,88119,5738,0.0,0.0,0.0,1665.5029627047752,0.0,MEDIUM,MEDIUM,MEDIUM,5,COST_BASED,COST_BASED,false,false
1,baseline,1,2031,0.0,0.05328798185941043,NATURAL_GAS_BOILER,PRIVATELY_RENTED,54148,3400,5384,91519,5862,0.0,0.0,0.0,1673.6264073694986,0.0,MEDIUM,MEDIUM,MEDIUM,5,COST_BASED,COST_BASED,false,false
1,baseline,1,2032,0.0,0.07029478458049887,NATURAL_GAS_BOILER,PRIVATELY_RENTED,52004,3525,5669,95044,6158,0.0,0.0,0.0,1634.8855147775253,0.0,MEDIUM,MEDIUM,MEDIUM,5,COST_BASED,COST_BASED,false,false
1,baseline,1,2033,0.0,0.08163265306122448,NATURAL_GAS_BOILER,PRIVATELY_RENTED,49732,3119,5391,98163,5788,0.0,0.0,0.0,1629.9649274360747,0.0,MEDIUM,MEDIUM,MEDIUM,5,COST_BASED,COST_BASED,false,false
1,baseline,1,2034,0.0,0.09183673469387756,NATURAL_GAS_BOILER,PRIVATELY_RENTED,47455,2852,5129,101015,5590,0.0,0.0,0.0,1665.5305903398926,0.0,MEDIUM,MEDIUM,MEDIUM,5,COST_BASED,COST_BASED,false,false
1,baseline,1,2035,0.0,0.1054421768707483,NATURAL_GAS_BOILER,PRIVATELY_RENTED,44841,2753,5367,103768,5862,0.0,0.0,0.0,1673.029341521665,0.0,MEDIUM,MEDIUM,MEDIUM,5,COST_BASED,COST_BASED,false,false
1,baseline,1,2036,0.0,0.11678004535147392,NATURAL_GAS_BOILER,PRIVATELY_RENTED,42312,2472,5001,106240,5521,0.0,0.0,0.0,1683.7471472559318,0.0,MEDIUM,MEDIUM,MEDIUM,5,COST_BASED,COST_BASED,false,false
1,baseline,1,2037,0.0,0.12811791383219956,NATURAL_GAS_BOILER,PRIVATELY_RENTED,40468,2721,4565,108961,5269,0.0,0.0,0.0,1565.9339533118239,0.0,MEDIUM,MEDIUM,MEDIUM,5,COST_BASED,COST_BASED,false,false
1,baseline,1,2038,0.0,0.13945578231292516,NATURAL_GAS_BOILER,PRIVATELY_RENTED,38640,2565,4393,111526,5135,0.0,0.0,0.0,1567.721129503408,0.0,MEDIUM,MEDIUM,MEDIUM,5,COST_BASED,COST_BASED,false,false
1,baseline,1,2039,0.0,0.15419501133786848,NATURAL_GAS_BOILER,PRIVATELY_RENTED,36951,2433,4122,113959,4846,0.0,0.0,0.0,1547.3237721832438,0.0,MEDIUM,MEDIUM,MEDIUM,5,COST_BASED,COST_BASED,false,false
1,baseline,1,2040,0.0,0.17346938775510204,NATURAL_GAS_BOILER,PRIVATELY_RENTED,35251,2238,3938,116197,5237,0.0,0.0,0.0,1649.436700400993,0.0,MEDIUM,MEDIUM,MEDIUM,5,COST_BASED,COST_BASED,false,false
1,baseline,1,2041,0.0,0.18594104308390022,NATURAL_GAS_BOILER,PRIVATELY_RENTED,33728,2179,3702,118376,5275,0.0,0.0,0.0,1643.3960189573459,0.0,MEDIUM,MEDIUM,MEDIUM,5,COST_BASED,COST_BASED,false,false
1,baseline,1,2042,0.0,0.20521541950113378,NATURAL_GAS_BOILER,PRIVATELY_RENTED,32344,2087,3471,120463,5148,0.0,0.0,0.0,1650.2867132867134,0.0,MEDIUM,MEDIUM,MEDIUM,5,COST_BASED,COST_BASED,false,false
1,baseline,1,2043,0.0,0.21882086167800455,NATURAL_GAS_BOILER,PRIVATELY_RENTED,31008,2064,3400,122527,5338,0.0,0.0,0.0,1653.0831772199326,0.0,MEDIUM,MEDIUM,MEDIUM,5,COST_BASED,COST_BASED,false,false
1,baseline,1,2044,0.0,0.23242630385487528,NATURAL_GAS_BOILER,PRIVATELY_RENTED,29596,2113,3525,124640,5703,0.0,0.0,0.0,1622.7292652989654,0.0,MEDIUM,MEDIUM,MEDIUM,5,COST_BASED,COST_BASED,false,false
1,baseline,1,2045,0.0,0.23242630385487528,NATURAL_GAS_BOILER,PRIVATELY_RENTED,28419,1942,3119,126582,5479,0.0,0.0,0.0,1631.9737178317212,0.0,MEDIUM,MEDIUM,MEDIUM,5,COST_BASED,COST_BASED,false,false
1,baseline,1,2046,0.0,0.23242630385487528,NATURAL_GAS_BOILER,PRIVATELY_RENTED,27324,1757,2852,128339,5361,0.0,0.0,0.0,1665.4344338742771,0.0,MEDIUM,MEDIUM,MEDIUM,5,COST_BASED,COST_BASED,false,false
1,baseline,1,2047,0.0,0.23242630385487528,NATURAL_GAS_BOILER,PRIVATELY_RENTED,26257,1686,2753,130025,5456,0.0,0.0,0.0,1672.120784457478,0.0,MEDIUM,MEDIUM,MEDIUM,5,COST_BASED,COST_BASED,false,false
1,baseline,1,2048,0.0,0.23242630385487528,NATURAL_GAS_BOILER,PRIVATELY_RENTED,25341,1556,2472,131581,5149,0.0,0.0,0.0,1675.8848320062148,0.0,MEDIUM,MEDIUM,MEDIUM,5,COST_BASED,COST_BASED,false,false
1,baseline,1,2049,0.0,0.23242630385487528,NATURAL_GAS_BOILER,PRIVATELY_RENTED,24359,1739,2721,133320,5529,0.0,0.0,0.0,1655.9938506058961,0.0,MEDIUM,MEDIUM,MEDIUM,5,COST_BASED,COST_BASED,false,false
1,baseline,1,2050,0.0,0.23242630385487528,NATURAL_GAS_BOILER,PRIVATELY_RENTED,23496,1702,2565,135022,5748,0.0,0.0,0.0,1649.498956158664,0.0,MEDIUM,MEDIUM,MEDIUM,5,COST_BASED,COST_BASED,false,false
1,baseline,1,2024,0.0,0.0,NATURAL_GAS_BOILER,HOME_OWNER_ASSOCIATION,0,0,0,0,0,0.0,0.0,0.0,0.0,0.0,MEDIUM,MEDIUM,MEDIUM,5,COST_BASED,COST_BASED,false,false
1,baseline,1,2025,0.0,0.024943310657596373,NATURAL_GAS_BOILER,HOME_OWNER_ASSOCIATION,2453,2453,0,2453,0,0.0,0.0,0.0,0.0,0.0,MEDIUM,MEDIUM,MEDIUM,5,COST_BASED,COST_BASED,false,false
1,baseline,1,2026,0.0,0.024943310657596373,NATURAL_GAS_BOILER,HOME_OWNER_ASSOCIATION,5037,2584,0,5037,0,0.0,0.0,0.0,0.0,0.0,MEDIUM,MEDIUM,MEDIUM,5,COST_BASED,COST_BASED,false,false
1,baseline,1,2027,0.0,0.024943310657596373,NATURAL_GAS_BOILER,HOME_OWNER_ASSOCIATION,6510,1473,0,6510,0,0.0,0.0,0.0,0.0,0.0,MEDIUM,MEDIUM,MEDIUM,5,COST_BASED,COST_BASED,false,false
1,baseline,1,2028,0.0,0.024943310657596373,NATURAL_GAS_BOILER,HOME_OWNER_ASSOCIATION,10252,3742,0,10252,0,0.0,0.0,0.0,0.0,0.0,MEDIUM,MEDIUM,MEDIUM,5,COST_BASED,COST_BASED,false,false
1,baseline,1,2029,0.0,0.024943310657596373,NATURAL_GAS_BOILER,HOME_OWNER_ASSOCIATION,13042,2790,0,13042,0,0.0,0.0,0.0,0.0,0.0,MEDIUM,MEDIUM,MEDIUM,5,COST_BASED,COST_BASED,false,false
1,baseline,1,2030,0.0,0.03741496598639456,NATURAL_GAS_BOILER,HOME_OWNER_ASSOCIATION,13952,910,0,13952,0,0.0,0.0,0.0,0.0,0.0,MEDIUM,MEDIUM,MEDIUM,5,COST_BASED,COST_BASED,false,false
1,baseline,1,2031,0.0,0.05328798185941043,NATURAL_GAS_BOILER,HOME_OWNER_ASSOCIATION,15686,1734,0,15686,0,0.0,0.0,0.0,0.0,0.0,MEDIUM,MEDIUM,MEDIUM,5,COST_BASED,COST_BASED,false,false
1,baseline,1,2032,0.0,0.07029478458049887,NATURAL_GAS_BOILER,HOME_OWNER_ASSOCIATION,16727,1041,0,16727,0,0.0,0.0,0.0,0.0,0.0,MEDIUM,MEDIUM,MEDIUM,5,COST_BASED,COST_BASED,false,false
1,baseline,1,2033,0.0,0.08163265306122448,NATURAL_GAS_BOILER,HOME_OWNER_ASSOCIATION,19115,2388,0,19115,0,0.0,0.0,0.0,0.0,0.0,MEDIUM,MEDIUM,MEDIUM,5,COST_BASED,COST_BASED,false,false
1,baseline,1,2034,0.0,0.09183673469387756,NATURAL_GAS_BOILER,HOME_OWNER_ASSOCIATION,21672,2557,0,21672,0,0.0,0.0,0.0,0.0,0.0,MEDIUM,MEDIUM,MEDIUM,5,COST_BASED,COST_BASED,false,false
1,baseline,1,2035,0.0,0.1054421768707483,NATURAL_GAS_BOILER,HOME_OWNER_ASSOCIATION,24543,2871,0,24543,0,0.0,0.0,0.0,0.0,0.0,MEDIUM,MEDIUM,MEDIUM,5,COST_BASED,COST_BASED,false,false
1,baseline,1,2036,0.0,0.11678004535147392,NATURAL_GAS_BOILER,HOME_OWNER_ASSOCIATION,25635,1092,0,25635,0,0.0,0.0,0.0,0.0,0.0,MEDIUM,MEDIUM,MEDIUM,5,COST_BASED,COST_BASED,false,false
1,baseline,1,2037,0.0,0.12811791383219956,NATURAL_GAS_BOILER,HOME_OWNER_ASSOCIATION,24222,1040,2453,26675,2453,0.0,0.0,0.0,1287.7798613942111,0.0,MEDIUM,MEDIUM,MEDIUM,5,COST_BASED,COST_BASED,false,false
1,baseline,1,2038,0.0,0.13945578231292516,NATURAL_GAS_BOILER,HOME_OWNER_ASSOCIATION,22995,1357,2584,28032,2584,0.0,0.0,0.0,1118.9311145510835,0.0,MEDIUM,MEDIUM,MEDIUM,5,COST_BASED,COST_BASED,false,false
1,baseline,1,2039,0.0,0.15419501133786848,NATURAL_GAS_BOILER,HOME_OWNER_ASSOCIATION,22343,821,1473,28853,1593,0.0,0.0,0.0,1225.743879472693,0.0,MEDIUM,MEDIUM,MEDIUM,5,COST_BASED,COST_BASED,false,false
1,baseline,1,2040,0.0,0.17346938775510204,NATURAL_GAS_BOILER,HOME_OWNER_ASSOCIATION,20083,1482,3742,30335,3745,0.0,0.0,0.0,1193.4232309746328,0.0,MEDIUM,MEDIUM,MEDIUM,5,COST_BASED,COST_BASED,false,false
1,baseline,1,2041,0.0,0.18594104308390022,NATURAL_GAS_BOILER,HOME_OWNER_ASSOCIATION,18654,1361,2790,31696,2790,0.0,0.0,0.0,1275.4121863799282,0.0,MEDIUM,MEDIUM,MEDIUM,5,COST_BASED,COST_BASED,false,false
1,baseline,1,2042,0.0,0.20521541950113378,NATURAL_GAS_BOILER,HOME_OWNER_ASSOCIATION,18489,745,910,32441,913,0.0,0.0,0.0,1095.6900328587076,0.0,MEDIUM,MEDIUM,MEDIUM,5,COST_BASED,COST_BASED,false,false
1,baseline,1,2043,0.0,0.21882086167800455,NATURAL_GAS_BOILER,HOME_OWNER_ASSOCIATION,17315,560,1734,33001,1734,0.0,0.0,0.0,1189.0017301038063,0.0,MEDIUM,MEDIUM,MEDIUM,5,COST_BASED,COST_BASED,false,false
1,baseline,1,2044,0.0,0.23242630385487528,NATURAL_GAS_BOILER,HOME_OWNER_ASSOCIATION,16595,321,1041,33322,1049,0.0,0.0,0.0,1145.7816968541467,0.0,MEDIUM,MEDIUM,MEDIUM,5,COST_BASED,COST_BASED,false,false
1,baseline,1,2045,0.0,0.23242630385487528,NATURAL_GAS_BOILER,HOME_OWNER_ASSOCIATION,15150,943,2388,34265,2389,0.0,0.0,0.0,1177.2009208874006,0.0,MEDIUM,MEDIUM,MEDIUM,5,COST_BASED,COST_BASED,false,false
1,baseline,1,2046,0.0,0.23242630385487528,NATURAL_GAS_BOILER,HOME_OWNER_ASSOCIATION,13664,1071,2557,35336,2558,0.0,0.0,0.0,1211.6614542611414,0.0,MEDIUM,MEDIUM,MEDIUM,5,COST_BASED,COST_BASED,false,false
1,baseline,1,2047,0.0,0.23242630385487528,NATURAL_GAS_BOILER,HOME_OWNER_ASSOCIATION,11965,1172,2871,36508,2871,0.0,0.0,0.0,1230.82131661442,0.0,MEDIUM,MEDIUM,MEDIUM,5,COST_BASED,COST_BASED,false,false
1,baseline,1,2048,0.0,0.23242630385487528,NATURAL_GAS_BOILER,HOME_OWNER_ASSOCIATION,11416,543,1092,37051,1093,0.0,0.0,0.0,1150.4583714547118,0.0,MEDIUM,MEDIUM,MEDIUM,5,COST_BASED,COST_BASED,false,false
1,baseline,1,2049,0.0,0.23242630385487528,NATURAL_GAS_BOILER,HOME_OWNER_ASSOCIATION,10838,462,1040,37513,1040,0.0,0.0,0.0,1204.6682692307693,0.0,MEDIUM,MEDIUM,MEDIUM,5,COST_BASED,COST_BASED,false,false
1,baseline,1,2050,0.0,0.23242630385487528,NATURAL_GAS_BOILER,HOME_OWNER_ASSOCIATION,10578,1097,1357,38610,1357,0.0,0.0,0.0,1068.343404568902,0.0,MEDIUM,MEDIUM,MEDIUM,5,COST_BASED,COST_BASED,false,false
1,baseline,1,2024,0.0,0.0,NATURAL_GAS_BLOCK,TOTAL,29886,29886,0,29886,0,0.0,0.0,0.0,0.0,0.0,MEDIUM,MEDIUM,MEDIUM,5,COST_BASED,COST_BASED,false,false
1,baseline,1,2025,0.0,0.024943310657596373,NATURAL_GAS_BLOCK,TOTAL,27259,271,2898,30157,90292,0.285305910466449,0.5161012627539655,1.9989539771423092E-6,1970.475125149515,0.7028251666450936,MEDIUM,MEDIUM,MEDIUM,5,COST_BASED,COST_BASED,false,false
1,baseline,1,2026,0.0,0.024943310657596373,NATURAL_GAS_BLOCK,TOTAL,24664,283,2878,30440,83838,0.2916785036485458,0.5263820782150064,1.6685078589436893E-5,1934.2645220544384,0.7166514057755343,MEDIUM,MEDIUM,MEDIUM,5,COST_BASED,COST_BASED,false,false
1,baseline,1,2027,0.0,0.024943310657596373,NATURAL_GAS_BLOCK,TOTAL,23193,389,1860,30829,81147,0.2946660545018149,0.5271847060373273,3.2208525384427574E-5,1925.4482975341048,0.7171065193648573,MEDIUM,MEDIUM,MEDIUM,5,COST_BASED,COST_BASED,false,false
1,baseline,1,2028,0.0,0.024943310657596373,NATURAL_GAS_BLOCK,TOTAL,19065,241,4369,31070,78168,0.3014728068090119,0.5201212251387977,4.191283732080548E-5,1923.8772131818646,0.7048083969012844,MEDIUM,MEDIUM,MEDIUM,5,COST_BASED,COST_BASED,false,false
1,baseline,1,2029,0.0,0.024943310657596373,NATURAL_GAS_BLOCK,TOTAL,16190,242,3117,31312,73364,0.3089053410199276,0.5335780065851651,4.503024663026338E-5,1900.6862630172836,0.723135045841925,MEDIUM,MEDIUM,MEDIUM,5,COST_BASED,COST_BASED,false,false
1,baseline,1,2030,0.0,0.03741496598639456,NATURAL_GAS_BLOCK,TOTAL,14686,241,1745,31553,71732,0.3117480035372922,0.5253592216262108,5.980660987485845E-5,1907.5901829030279,0.7100943557287773,MEDIUM,MEDIUM,MEDIUM,5,COST_BASED,COST_BASED,false,false
1,baseline,1,2031,0.0,0.05328798185941043,NATURAL_GAS_BLOCK,TOTAL,12877,226,2035,31779,69400,0.3145317149105937,0.5319021264420701,7.238223068635392E-5,1904.937060518732,0.7192112131566138,MEDIUM,MEDIUM,MEDIUM,5,COST_BASED,COST_BASED,false,false
1,baseline,1,2032,0.0,0.07029478458049887,NATURAL_GAS_BLOCK,TOTAL,11754,232,1355,32011,68520,0.31807089006353023,0.519389679380759,7.494896041873381E-5,1875.1262551079976,0.6995574279352117,MEDIUM,MEDIUM,MEDIUM,5,COST_BASED,COST_BASED,false,false
1,baseline,1,2033,0.0,0.08163265306122448,NATURAL_GAS_BLOCK,TOTAL,9600,257,2411,32268,62871,0.3222257665537856,0.5325147000640031,8.025685494796943E-5,1858.6667621001734,0.7182055763506974,MEDIUM,MEDIUM,MEDIUM,5,COST_BASED,COST_BASED,false,false
1,baseline,1,2034,0.0,0.09183673469387756,NATURAL_GAS_BLOCK,TOTAL,7104,208,2704,32476,56981,0.3282631098652917,0.5199275992132165,1.0108088397403266E-4,1880.4986925466383,0.6978129862430021,MEDIUM,MEDIUM,MEDIUM,5,COST_BASED,COST_BASED,false,false
1,baseline,1,2035,0.0,0.1054421768707483,NATURAL_GAS_BLOCK,TOTAL,4263,217,3058,32693,48038,0.3342955848416841,0.5205177358164578,1.1287875847184127E-4,1856.4754569299305,0.697188597669454,MEDIUM,MEDIUM,MEDIUM,5,COST_BASED,COST_BASED,false,false
1,baseline,1,2036,0.0,0.11678004535147392,NATURAL_GAS_BLOCK,TOTAL,2989,189,1463,32882,39078,0.33721632784042727,0.5360460578997569,9.219894960041935E-5,1858.3146527457905,0.7197534800208336,MEDIUM,MEDIUM,MEDIUM,5,COST_BASED,COST_BASED,false,false
1,baseline,1,2037,0.0,0.12811791383219956,NATURAL_GAS_BLOCK,TOTAL,2921,202,270,33084,53694,0.3091154591141994,0.5204719666649854,7.925215891033963E-5,1882.0587030208217,0.7034191786990671,MEDIUM,MEDIUM,MEDIUM,5,COST_BASED,COST_BASED,false,false
1,baseline,1,2038,0.0,0.13945578231292516,NATURAL_GAS_BLOCK,TOTAL,2851,211,281,33295,58767,0.2926591189921546,0.5128354355948006,6.828258568498855E-5,1879.3878707437848,0.6960798383209467,MEDIUM,MEDIUM,MEDIUM,5,COST_BASED,COST_BASED,false,false
1,baseline,1,2039,0.0,0.15419501133786848,NATURAL_GAS_BLOCK,TOTAL,2783,322,390,33617,64268,0.27148902044211526,0.5150411770473311,5.7203332255545824E-5,1925.8904587041764,0.7046823600439321,MEDIUM,MEDIUM,MEDIUM,5,COST_BASED,COST_BASED,false,false
1,baseline,1,2040,0.0,0.17346938775510204,NATURAL_GAS_BLOCK,TOTAL,2732,190,241,33807,80811,0.2527238100362785,0.4988178094788183,4.015403398334601E-5,1934.7092598779868,0.6850407424549264,MEDIUM,MEDIUM,MEDIUM,5,COST_BASED,COST_BASED,false,false
1,baseline,1,2041,0.0,0.18594104308390022,NATURAL_GAS_BLOCK,TOTAL,2682,193,243,34000,76493,0.24861532687856394,0.5168228012237039,2.510799710354445E-5,1931.0048762631875,0.713077231616263,MEDIUM,MEDIUM,MEDIUM,5,COST_BASED,COST_BASED,false,false
1,baseline,1,2042,0.0,0.20521541950113378,NATURAL_GAS_BLOCK,TOTAL,2633,189,238,34189,79571,0.24328833926927157,0.5081362237780271,2.67136934154607E-5,1948.2659511631123,0.7013789116380531,MEDIUM,MEDIUM,MEDIUM,5,COST_BASED,COST_BASED,false,false
1,baseline,1,2043,0.0,0.21882086167800455,NATURAL_GAS_BLOCK,TOTAL,2559,151,225,34340,82707,0.24281772733587306,0.5162111516952833,2.018157312278556E-5,1936.1398551513173,0.7136097730123196,MEDIUM,MEDIUM,MEDIUM,5,COST_BASED,COST_BASED,false,false
1,baseline,1,2044,0.0,0.23242630385487528,NATURAL_GAS_BLOCK,TOTAL,2549,223,233,34563,90313,0.24615700651159877,0.5078558292697928,1.9330352805964205E-5,1905.0791248214543,0.7002420759826806,MEDIUM,MEDIUM,MEDIUM,5,COST_BASED,COST_BASED,false,false
1,baseline,1,2045,0.0,0.23242630385487528,NATURAL_GAS_BLOCK,TOTAL,2495,203,257,34766,96536,0.24665008944117967,0.5137727246903145,1.2724715839600834E-5,1903.6985476920527,0.7089949740856982,MEDIUM,MEDIUM,MEDIUM,5,COST_BASED,COST_BASED,false,false
1,baseline,1,2046,0.0,0.23242630385487528,NATURAL_GAS_BLOCK,TOTAL,2725,437,207,35203,111482,0.25635505444370227,0.5031922563646603,6.179260123393826E-6,1910.3396960944367,0.690698848528475,MEDIUM,MEDIUM,MEDIUM,5,COST_BASED,COST_BASED,false,false
1,baseline,1,2047,0.0,0.23242630385487528,NATURAL_GAS_BLOCK,TOTAL,2695,186,216,35389,117918,0.27224705771990804,0.5032843937404952,3.6994912070307302E-6,1910.6558795094898,0.6868643637443774,MEDIUM,MEDIUM,MEDIUM,5,COST_BASED,COST_BASED,false,false
1,baseline,1,2048,0.0,0.23242630385487528,NATURAL_GAS_BLOCK,TOTAL,2648,142,189,35531,115143,0.2832668337494157,0.5163776826591696,8.098042837367486E-6,1904.370096315017,0.7037488032960351,MEDIUM,MEDIUM,MEDIUM,5,COST_BASED,COST_BASED,false,false
1,baseline,1,2049,0.0,0.23242630385487528,NATURAL_GAS_BLOCK,TOTAL,2602,156,202,35687,107923,0.29662993280275685,0.5178906393038184,4.278704984728754E-6,1916.1460485716668,0.7026779409169089,MEDIUM,MEDIUM,MEDIUM,5,COST_BASED,COST_BASED,false,false
1,baseline,1,2050,0.0,0.23242630385487528,NATURAL_GAS_BLOCK,TOTAL,2546,154,210,35841,101116,0.3052930567155997,0.51579843739249,4.62198231923271E-6,1883.974929783615,0.6973738141620489,MEDIUM,MEDIUM,MEDIUM,5,COST_BASED,COST_BASED,false,false
1,baseline,1,2024,0.0,0.0,NATURAL_GAS_BLOCK,PRIVATELY_OWNED,0,0,0,0,0,0.0,0.0,0.0,0.0,0.0,MEDIUM,MEDIUM,MEDIUM,5,COST_BASED,COST_BASED,false,false
1,baseline,1,2025,0.0,0.024943310657596373,NATURAL_GAS_BLOCK,PRIVATELY_OWNED,2,2,0,2,84468,0.285305910466449,0.5161012627539655,1.9989539771423092E-6,1992.4279135293839,0.7028251666450936,MEDIUM,MEDIUM,MEDIUM,5,COST_BASED,COST_BASED,false,false
1,baseline,1,2026,0.0,0.024943310657596373,NATURAL_GAS_BLOCK,PRIVATELY_OWNED,7,5,0,7,77910,0.2916785036485458,0.5263820782150064,1.6685078589436893E-5,1955.4545757925812,0.7166514057755343,MEDIUM,MEDIUM,MEDIUM,5,COST_BASED,COST_BASED,false,false
1,baseline,1,2027,0.0,0.024943310657596373,NATURAL_GAS_BLOCK,PRIVATELY_OWNED,8,1,0,8,75377,0.2946660545018149,0.5271847060373273,3.2208525384427574E-5,1947.5057112912427,0.7171065193648573,MEDIUM,MEDIUM,MEDIUM,5,COST_BASED,COST_BASED,false,false
1,baseline,1,2028,0.0,0.024943310657596373,NATURAL_GAS_BLOCK,PRIVATELY_OWNED,11,3,0,11,72357,0.3014728068090119,0.5201212251387977,4.191283732080548E-5,1945.4174026009923,0.7048083969012844,MEDIUM,MEDIUM,MEDIUM,5,COST_BASED,COST_BASED,false,false
1,baseline,1,2029,0.0,0.024943310657596373,NATURAL_GAS_BLOCK,PRIVATELY_OWNED,13,2,0,13,67537,0.3089053410199276,0.5335780065851651,4.503024663026338E-5,1922.7919954987638,0.723135045841925,MEDIUM,MEDIUM,MEDIUM,5,COST_BASED,COST_BASED,false,false
1,baseline,1,2030,0.0,0.03741496598639456,NATURAL_GAS_BLOCK,PRIVATELY_OWNED,16,3,0,16,65994,0.3117480035372922,0.5253592216262108,5.980660987485845E-5,1928.562293541837,0.7100943557287773,MEDIUM,MEDIUM,MEDIUM,5,COST_BASED,COST_BASED,false,false
1,baseline,1,2031,0.0,0.05328798185941043,NATURAL_GAS_BLOCK,PRIVATELY_OWNED,19,3,0,19,63538,0.3145317149105937,0.5319021264420701,7.238223068635392E-5,1926.1862664861972,0.7192112131566138,MEDIUM,MEDIUM,MEDIUM,5,COST_BASED,COST_BASED,false,false
1,baseline,1,2032,0.0,0.07029478458049887,NATURAL_GAS_BLOCK,PRIVATELY_OWNED,20,1,0,20,62362,0.31807089006353023,0.519389679380759,7.494896041873381E-5,1898.7437061030755,0.6995574279352117,MEDIUM,MEDIUM,MEDIUM,5,COST_BASED,COST_BASED,false,false
1,baseline,1,2033,0.0,0.08163265306122448,NATURAL_GAS_BLOCK,PRIVATELY_OWNED,21,1,0,21,57083,0.3222257665537856,0.5325147000640031,8.025685494796943E-5,1881.7383984724,0.7182055763506974,MEDIUM,MEDIUM,MEDIUM,5,COST_BASED,COST_BASED,false,false
1,baseline,1,2034,0.0,0.09183673469387756,NATURAL_GAS_BLOCK,PRIVATELY_OWNED,23,2,0,23,51391,0.3282631098652917,0.5199275992132165,1.0108088397403266E-4,1903.7464731178611,0.6978129862430021,MEDIUM,MEDIUM,MEDIUM,5,COST_BASED,COST_BASED,false,false
1,baseline,1,2035,0.0,0.1054421768707483,NATURAL_GAS_BLOCK,PRIVATELY_OWNED,22,1,2,24,42176,0.3342955848416841,0.5205177358164578,1.1287875847184127E-4,1881.7877702959029,0.697188597669454,MEDIUM,MEDIUM,MEDIUM,5,COST_BASED,COST_BASED,false,false
1,baseline,1,2036,0.0,0.11678004535147392,NATURAL_GAS_BLOCK,PRIVATELY_OWNED,18,1,5,25,33557,0.33721632784042727,0.5360460578997569,9.219894960041935E-5,1886.8061209285693,0.7197534800208336,MEDIUM,MEDIUM,MEDIUM,5,COST_BASED,COST_BASED,false,false
1,baseline,1,2037,0.0,0.12811791383219956,NATURAL_GAS_BLOCK,PRIVATELY_OWNED,17,0,1,25,38650,0.3091154591141994,0.5204719666649854,7.925215891033963E-5,2020.4522897800775,0.7034191786990671,MEDIUM,MEDIUM,MEDIUM,5,COST_BASED,COST_BASED,false,false
1,baseline,1,2038,0.0,0.13945578231292516,NATURAL_GAS_BLOCK,PRIVATELY_OWNED,15,1,3,26,41147,0.2926591189921546,0.5128354355948006,6.828258568498855E-5,2051.9936082824993,0.6960798383209467,MEDIUM,MEDIUM,MEDIUM,5,COST_BASED,COST_BASED,false,false
1,baseline,1,2039,0.0,0.15419501133786848,NATURAL_GAS_BLOCK,PRIVATELY_OWNED,13,0,2,26,47957,0.27148902044211526,0.5150411770473311,5.7203332255545824E-5,2065.41628959276,0.7046823600439321,MEDIUM,MEDIUM,MEDIUM,5,COST_BASED,COST_BASED,false,false
1,baseline,1,2040,0.0,0.17346938775510204,NATURAL_GAS_BLOCK,PRIVATELY_OWNED,10,0,3,26,59687,0.2527238100362785,0.4988178094788183,4.015403398334601E-5,2093.6854591452075,0.6850407424549264,MEDIUM,MEDIUM,MEDIUM,5,COST_BASED,COST_BASED,false,false
1,baseline,1,2041,0.0,0.18594104308390022,NATURAL_GAS_BLOCK,PRIVATELY_OWNED,8,1,3,27,61116,0.24861532687856394,0.5168228012237039,2.510799710354445E-5,2039.032037437005,0.713077231616263,MEDIUM,MEDIUM,MEDIUM,5,COST_BASED,COST_BASED,false,false
1,baseline,1,2042,0.0,0.20521541950113378,NATURAL_GAS_BLOCK,PRIVATELY_OWNED,8,0,0,27,65826,0.24328833926927157,0.5081362237780271,2.67136934154607E-5,2028.1094248473248,0.7013789116380531,MEDIUM,MEDIUM,MEDIUM,5,COST_BASED,COST_BASED,false,false
1,baseline,1,2043,0.0,0.21882086167800455,NATURAL_GAS_BLOCK,PRIVATELY_OWNED,6,0,2,27,68952,0.24281772733587306,0.5162111516952833,2.018157312278556E-5,2016.5114137370924,0.7136097730123196,MEDIUM,MEDIUM,MEDIUM,5,COST_BASED,COST_BASED,false,false
1,baseline,1,2044,0.0,0.23242630385487528,NATURAL_GAS_BLOCK,PRIVATELY_OWNED,4,0,2,27,74492,0.24615700651159877,0.5078558292697928,1.9330352805964205E-5,1983.1955646243891,0.7002420759826806,MEDIUM,MEDIUM,MEDIUM,5,COST_BASED,COST_BASED,false,false
1,baseline,1,2045,0.0,0.23242630385487528,NATURAL_GAS_BLOCK,PRIVATELY_OWNED,3,0,1,27,81574,0.24665008944117967,0.5137727246903145,1.2724715839600834E-5,1977.1495819746488,0.7089949740856982,MEDIUM,MEDIUM,MEDIUM,5,COST_BASED,COST_BASED,false,false
1,baseline,1,2046,0.0,0.23242630385487528,NATURAL_GAS_BLOCK,PRIVATELY_OWNED,2,0,1,27,92179,0.25635505444370227,0.5031922563646603,6.179260123393826E-6,1989.0672712873866,0.690698848528475,MEDIUM,MEDIUM,MEDIUM,5,COST_BASED,COST_BASED,false,false
1,baseline,1,2047,0.0,0.23242630385487528,NATURAL_GAS_BLOCK,PRIVATELY_OWNED,2,0,0,27,101390,0.27224705771990804,0.5032843937404952,3.6994912070307302E-6,1973.995502515041,0.6868643637443774,MEDIUM,MEDIUM,MEDIUM,5,COST_BASED,COST_BASED,false,false
1,baseline,1,2048,0.0,0.23242630385487528,NATURAL_GAS_BLOCK,PRIVATELY_OWNED,1,0,1,27,100947,0.2832668337494157,0.5163776826591696,8.098042837367486E-6,1955.1199441290973,0.7037488032960351,MEDIUM,MEDIUM,MEDIUM,5,COST_BASED,COST_BASED,false,false
1,baseline,1,2049,0.0,0.23242630385487528,NATURAL_GAS_BLOCK,PRIVATELY_OWNED,1,0,0,27,98795,0.29662993280275685,0.5178906393038184,4.278704984728754E-6,1949.1778430082495,0.7026779409169089,MEDIUM,MEDIUM,MEDIUM,5,COST_BASED,COST_BASED,false,false
1,baseline,1,2050,0.0,0.23242630385487528,NATURAL_GAS_BLOCK,PRIVATELY_OWNED,1,0,0,27,90771,0.3052930567155997,0.51579843739249,4.62198231923271E-6,1925.6296063720793,0.6973738141620489,MEDIUM,MEDIUM,MEDIUM,5,COST_BASED,COST_BASED,false,false
1,baseline,1,2024,0.0,0.0,NATURAL_GAS_BLOCK,SOCIAL_HOUSING,4114,4114,0,4114,0,0.0,0.0,0.0,0.0,0.0,MEDIUM,MEDIUM,MEDIUM,5,COST_BASED,COST_BASED,false,false
1,baseline,1,2025,0.0,0.024943310657596373,NATURAL_GAS_BLOCK,SOCIAL_HOUSING,3670,0,444,4114,0,0.0,0.0,0.0,0.0,0.0,MEDIUM,MEDIUM,MEDIUM,5,COST_BASED,COST_BASED,false,false
1,baseline,1,2026,0.0,0.024943310657596373,NATURAL_GAS_BLOCK,SOCIAL_HOUSING,3376,0,294,4114,0,0.0,0.0,0.0,0.0,0.0,MEDIUM,MEDIUM,MEDIUM,5,COST_BASED,COST_BASED,false,false
1,baseline,1,2027,0.0,0.024943310657596373,NATURAL_GAS_BLOCK,SOCIAL_HOUSING,3109,0,267,4114,0,0.0,0.0,0.0,0.0,0.0,MEDIUM,MEDIUM,MEDIUM,5,COST_BASED,COST_BASED,false,false
1,baseline,1,2028,0.0,0.024943310657596373,NATURAL_GAS_BLOCK,SOCIAL_HOUSING,2484,0,625,4114,0,0.0,0.0,0.0,0.0,0.0,MEDIUM,MEDIUM,MEDIUM,5,COST_BASED,COST_BASED,false,false
1,baseline,1,2029,0.0,0.024943310657596373,NATURAL_GAS_BLOCK,SOCIAL_HOUSING,2157,0,327,4114,0,0.0,0.0,0.0,0.0,0.0,MEDIUM,MEDIUM,MEDIUM,5,COST_BASED,COST_BASED,false,false
1,baseline,1,2030,0.0,0.03741496598639456,NATURAL_GAS_BLOCK,SOCIAL_HOUSING,1326,0,831,4114,0,0.0,0.0,0.0,0.0,0.0,MEDIUM,MEDIUM,MEDIUM,5,COST_BASED,COST_BASED,false,false
1,baseline,1,2031,0.0,0.05328798185941043,NATURAL_GAS_BLOCK,SOCIAL_HOUSING,1025,0,301,4114,0,0.0,0.0,0.0,0.0,0.0,MEDIUM,MEDIUM,MEDIUM,5,COST_BASED,COST_BASED,false,false
1,baseline,1,2032,0.0,0.07029478458049887,NATURAL_GAS_BLOCK,SOCIAL_HOUSING,719,0,306,4114,0,0.0,0.0,0.0,0.0,0.0,MEDIUM,MEDIUM,MEDIUM,5,COST_BASED,COST_BASED,false,false
1,baseline,1,2033,0.0,0.08163265306122448,NATURAL_GAS_BLOCK,SOCIAL_HOUSING,697,0,22,4114,0,0.0,0.0,0.0,0.0,0.0,MEDIUM,MEDIUM,MEDIUM,5,COST_BASED,COST_BASED,false,false
1,baseline,1,2034,0.0,0.09183673469387756,NATURAL_GAS_BLOCK,SOCIAL_HOUSING,551,0,146,4114,0,0.0,0.0,0.0,0.0,0.0,MEDIUM,MEDIUM,MEDIUM,5,COST_BASED,COST_BASED,false,false
1,baseline,1,2035,0.0,0.1054421768707483,NATURAL_GAS_BLOCK,SOCIAL_HOUSING,366,0,185,4114,0,0.0,0.0,0.0,0.0,0.0,MEDIUM,MEDIUM,MEDIUM,5,COST_BASED,COST_BASED,false,false
1,baseline,1,2036,0.0,0.11678004535147392,NATURAL_GAS_BLOCK,SOCIAL_HOUSING,0,0,366,4114,0,0.0,0.0,0.0,0.0,0.0,MEDIUM,MEDIUM,MEDIUM,5,COST_BASED,COST_BASED,false,false
1,baseline,1,2037,0.0,0.12811791383219956,NATURAL_GAS_BLOCK,SOCIAL_HOUSING,0,0,0,4114,7322,0.0,0.0,0.0,1576.7183829554767,0.0,MEDIUM,MEDIUM,MEDIUM,5,COST_BASED,COST_BASED,false,false
1,baseline,1,2038,0.0,0.13945578231292516,NATURAL_GAS_BLOCK,SOCIAL_HOUSING,0,0,0,4114,9901,0.0,0.0,0.0,1521.1645288354712,0.0,MEDIUM,MEDIUM,MEDIUM,5,COST_BASED,COST_BASED,false,false
1,baseline,1,2039,0.0,0.15419501133786848,NATURAL_GAS_BLOCK,SOCIAL_HOUSING,0,0,0,4114,9872,0.0,0.0,0.0,1546.0296799027553,0.0,MEDIUM,MEDIUM,MEDIUM,5,COST_BASED,COST_BASED,false,false
1,baseline,1,2040,0.0,0.17346938775510204,NATURAL_GAS_BLOCK,SOCIAL_HOUSING,0,0,0,4114,12142,0.0,0.0,0.0,1503.9072640421678,0.0,MEDIUM,MEDIUM,MEDIUM,5,COST_BASED,COST_BASED,false,false
1,baseline,1,2041,0.0,0.18594104308390022,NATURAL_GAS_BLOCK,SOCIAL_HOUSING,0,0,0,4114,7312,0.0,0.0,0.0,1484.1851750547046,0.0,MEDIUM,MEDIUM,MEDIUM,5,COST_BASED,COST_BASED,false,false
1,baseline,1,2042,0.0,0.20521541950113378,NATURAL_GAS_BLOCK,SOCIAL_HOUSING,0,0,0,4114,7684,0.0,0.0,0.0,1564.1025507548152,0.0,MEDIUM,MEDIUM,MEDIUM,5,COST_BASED,COST_BASED,false,false
1,baseline,1,2043,0.0,0.21882086167800455,NATURAL_GAS_BLOCK,SOCIAL_HOUSING,0,0,0,4114,6683,0.0,0.0,0.0,1525.3652551249438,0.0,MEDIUM,MEDIUM,MEDIUM,5,COST_BASED,COST_BASED,false,false
1,baseline,1,2044,0.0,0.23242630385487528,NATURAL_GAS_BLOCK,SOCIAL_HOUSING,0,0,0,4114,9069,0.0,0.0,0.0,1527.7609438747381,0.0,MEDIUM,MEDIUM,MEDIUM,5,COST_BASED,COST_BASED,false,false
1,baseline,1,2045,0.0,0.23242630385487528,NATURAL_GAS_BLOCK,SOCIAL_HOUSING,0,0,0,4114,7094,0.0,0.0,0.0,1512.056667606428,0.0,MEDIUM,MEDIUM,MEDIUM,5,COST_BASED,COST_BASED,false,false
1,baseline,1,2046,0.0,0.23242630385487528,NATURAL_GAS_BLOCK,SOCIAL_HOUSING,0,0,0,4114,11384,0.0,0.0,0.0,1544.2126669009135,0.0,MEDIUM,MEDIUM,MEDIUM,5,COST_BASED,COST_BASED,false,false
1,baseline,1,2047,0.0,0.23242630385487528,NATURAL_GAS_BLOCK,SOCIAL_HOUSING,0,0,0,4114,8201,0.0,0.0,0.0,1522.8697719790268,0.0,MEDIUM,MEDIUM,MEDIUM,5,COST_BASED,COST_BASED,false,false
1,baseline,1,2048,0.0,0.23242630385487528,NATURAL_GAS_BLOCK,SOCIAL_HOUSING,0,0,0,4114,7954,0.0,0.0,0.0,1510.6902187578578,0.0,MEDIUM,MEDIUM,MEDIUM,5,COST_BASED,COST_BASED,false,false
1,baseline,1,2049,0.0,0.23242630385487528,NATURAL_GAS_BLOCK,SOCIAL_HOUSING,0,0,0,4114,2559,0.0,0.0,0.0,1488.5095740523643,0.0,MEDIUM,MEDIUM,MEDIUM,5,COST_BASED,COST_BASED,false,false
1,baseline,1,2050,0.0,0.23242630385487528,NATURAL_GAS_BLOCK,SOCIAL_HOUSING,0,0,0,4114,3240,0.0,0.0,0.0,1471.5564814814816,0.0,MEDIUM,MEDIUM,MEDIUM,5,COST_BASED,COST_BASED,false,false
1,baseline,1,2024,0.0,0.0,NATURAL_GAS_BLOCK,PRIVATELY_RENTED,0,0,0,0,0,0.0,0.0,0.0,0.0,0.0,MEDIUM,MEDIUM,MEDIUM,5,COST_BASED,COST_BASED,false,false
1,baseline,1,2025,0.0,0.024943310657596373,NATURAL_GAS_BLOCK,PRIVATELY_RENTED,269,269,0,269,5824,0.0,0.0,0.0,1652.0843063186812,0.0,MEDIUM,MEDIUM,MEDIUM,5,COST_BASED,COST_BASED,false,false
1,baseline,1,2026,0.0,0.024943310657596373,NATURAL_GAS_BLOCK,PRIVATELY_RENTED,547,278,0,547,5928,0.0,0.0,0.0,1655.7697368421052,0.0,MEDIUM,MEDIUM,MEDIUM,5,COST_BASED,COST_BASED,false,false
1,baseline,1,2027,0.0,0.024943310657596373,NATURAL_GAS_BLOCK,PRIVATELY_RENTED,815,268,0,815,5770,0.0,0.0,0.0,1637.2989601386482,0.0,MEDIUM,MEDIUM,MEDIUM,5,COST_BASED,COST_BASED,false,false
1,baseline,1,2028,0.0,0.024943310657596373,NATURAL_GAS_BLOCK,PRIVATELY_RENTED,1051,236,0,1051,5811,0.0,0.0,0.0,1655.6646016176217,0.0,MEDIUM,MEDIUM,MEDIUM,5,COST_BASED,COST_BASED,false,false
1,baseline,1,2029,0.0,0.024943310657596373,NATURAL_GAS_BLOCK,PRIVATELY_RENTED,1291,240,0,1291,5827,0.0,0.0,0.0,1644.4729706538528,0.0,MEDIUM,MEDIUM,MEDIUM,5,COST_BASED,COST_BASED,false,false
1,baseline,1,2030,0.0,0.03741496598639456,NATURAL_GAS_BLOCK,PRIVATELY_RENTED,1526,235,0,1526,5738,0.0,0.0,0.0,1666.3853258975253,0.0,MEDIUM,MEDIUM,MEDIUM,5,COST_BASED,COST_BASED,false,false
1,baseline,1,2031,0.0,0.05328798185941043,NATURAL_GAS_BLOCK,PRIVATELY_RENTED,1749,223,0,1749,5862,0.0,0.0,0.0,1674.6177072671444,0.0,MEDIUM,MEDIUM,MEDIUM,5,COST_BASED,COST_BASED,false,false
1,baseline,1,2032,0.0,0.07029478458049887,NATURAL_GAS_BLOCK,PRIVATELY_RENTED,1972,223,0,1972,6158,0.0,0.0,0.0,1635.952582007145,0.0,MEDIUM,MEDIUM,MEDIUM,5,COST_BASED,COST_BASED,false,false
1,baseline,1,2033,0.0,0.08163265306122448,NATURAL_GAS_BLOCK,PRIVATELY_RENTED,2228,256,0,2228,5788,0.0,0.0,0.0,1631.1273324118868,0.0,MEDIUM,MEDIUM,MEDIUM,5,COST_BASED,COST_BASED,false,false
1,baseline,1,2034,0.0,0.09183673469387756,NATURAL_GAS_BLOCK,PRIVATELY_RENTED,2433,205,0,2433,5590,0.0,0.0,0.0,1666.7729874776387,0.0,MEDIUM,MEDIUM,MEDIUM,5,COST_BASED,COST_BASED,false,false
1,baseline,1,2035,0.0,0.1054421768707483,NATURAL_GAS_BLOCK,PRIVATELY_RENTED,2649,216,0,2649,5862,0.0,0.0,0.0,1674.3580689184578,0.0,MEDIUM,MEDIUM,MEDIUM,5,COST_BASED,COST_BASED,false,false
1,baseline,1,2036,0.0,0.11678004535147392,NATURAL_GAS_BLOCK,PRIVATELY_RENTED,2837,188,0,2837,5521,0.0,0.0,0.0,1685.141641007064,0.0,MEDIUM,MEDIUM,MEDIUM,5,COST_BASED,COST_BASED,false,false
1,baseline,1,2037,0.0,0.12811791383219956,NATURAL_GAS_BLOCK,PRIVATELY_RENTED,2770,202,269,3039,5269,0.0,0.0,0.0,1567.300246726134,0.0,MEDIUM,MEDIUM,MEDIUM,5,COST_BASED,COST_BASED,false,false
1,baseline,1,2038,0.0,0.13945578231292516,NATURAL_GAS_BLOCK,PRIVATELY_RENTED,2702,210,278,3249,5135,0.0,0.0,0.0,1569.0876338851022,0.0,MEDIUM,MEDIUM,MEDIUM,5,COST_BASED,COST_BASED,false,false
1,baseline,1,2039,0.0,0.15419501133786848,NATURAL_GAS_BLOCK,PRIVATELY_RENTED,2636,202,268,3451,4846,0.0,0.0,0.0,1548.7028477094511,0.0,MEDIUM,MEDIUM,MEDIUM,5,COST_BASED,COST_BASED,false,false
1,baseline,1,2040,0.0,0.17346938775510204,NATURAL_GAS_BLOCK,PRIVATELY_RENTED,2590,190,236,3641,5237,0.0,0.0,0.0,1650.8701546687034,0.0,MEDIUM,MEDIUM,MEDIUM,5,COST_BASED,COST_BASED,false,false
1,baseline,1,2041,0.0,0.18594104308390022,NATURAL_GAS_BLOCK,PRIVATELY_RENTED,2542,192,240,3833,5275,0.0,0.0,0.0,1644.844739336493,0.0,MEDIUM,MEDIUM,MEDIUM,5,COST_BASED,COST_BASED,false,false
1,baseline,1,2042,0.0,0.20521541950113378,NATURAL_GAS_BLOCK,PRIVATELY_RENTED,2493,186,235,4019,5148,0.0,0.0,0.0,1651.7400932400933,0.0,MEDIUM,MEDIUM,MEDIUM,5,COST_BASED,COST_BASED,false,false
1,baseline,1,2043,0.0,0.21882086167800455,NATURAL_GAS_BLOCK,PRIVATELY_RENTED,2421,151,223,4170,5338,0.0,0.0,0.0,1654.5468340202324,0.0,MEDIUM,MEDIUM,MEDIUM,5,COST_BASED,COST_BASED,false,false
1,baseline,1,2044,0.0,0.23242630385487528,NATURAL_GAS_BLOCK,PRIVATELY_RENTED,2418,220,223,4390,5703,0.0,0.0,0.0,1624.1907767841487,0.0,MEDIUM,MEDIUM,MEDIUM,5,COST_BASED,COST_BASED,false,false
1,baseline,1,2045,0.0,0.23242630385487528,NATURAL_GAS_BLOCK,PRIVATELY_RENTED,2365,203,256,4593,5479,0.0,0.0,0.0,1633.448622011316,0.0,MEDIUM,MEDIUM,MEDIUM,5,COST_BASED,COST_BASED,false,false
1,baseline,1,2046,0.0,0.23242630385487528,NATURAL_GAS_BLOCK,PRIVATELY_RENTED,2307,147,205,4740,5361,0.0,0.0,0.0,1666.9072934154076,0.0,MEDIUM,MEDIUM,MEDIUM,5,COST_BASED,COST_BASED,false,false
1,baseline,1,2047,0.0,0.23242630385487528,NATURAL_GAS_BLOCK,PRIVATELY_RENTED,2274,183,216,4923,5456,0.0,0.0,0.0,1673.5762463343108,0.0,MEDIUM,MEDIUM,MEDIUM,5,COST_BASED,COST_BASED,false,false
1,baseline,1,2048,0.0,0.23242630385487528,NATURAL_GAS_BLOCK,PRIVATELY_RENTED,2228,142,188,5065,5149,0.0,0.0,0.0,1677.3427850067974,0.0,MEDIUM,MEDIUM,MEDIUM,5,COST_BASED,COST_BASED,false,false
1,baseline,1,2049,0.0,0.23242630385487528,NATURAL_GAS_BLOCK,PRIVATELY_RENTED,2182,156,202,5221,5529,0.0,0.0,0.0,1657.4431181045397,0.0,MEDIUM,MEDIUM,MEDIUM,5,COST_BASED,COST_BASED,false,false
1,baseline,1,2050,0.0,0.23242630385487528,NATURAL_GAS_BLOCK,PRIVATELY_RENTED,2126,154,210,5375,5748,0.0,0.0,0.0,1650.9340640222686,0.0,MEDIUM,MEDIUM,MEDIUM,5,COST_BASED,COST_BASED,false,false
1,baseline,1,2024,0.0,0.0,NATURAL_GAS_BLOCK,HOME_OWNER_ASSOCIATION,25772,25772,0,25772,0,0.0,0.0,0.0,0.0,0.0,MEDIUM,MEDIUM,MEDIUM,5,COST_BASED,COST_BASED,false,false
1,baseline,1,2025,0.0,0.024943310657596373,NATURAL_GAS_BLOCK,HOME_OWNER_ASSOCIATION,23318,0,2454,25772,0,0.0,0.0,0.0,0.0,0.0,MEDIUM,MEDIUM,MEDIUM,5,COST_BASED,COST_BASED,false,false
1,baseline,1,2026,0.0,0.024943310657596373,NATURAL_GAS_BLOCK,HOME_OWNER_ASSOCIATION,20734,0,2584,25772,0,0.0,0.0,0.0,0.0,0.0,MEDIUM,MEDIUM,MEDIUM,5,COST_BASED,COST_BASED,false,false
1,baseline,1,2027,0.0,0.024943310657596373,NATURAL_GAS_BLOCK,HOME_OWNER_ASSOCIATION,19261,120,1593,25892,0,0.0,0.0,0.0,0.0,0.0,MEDIUM,MEDIUM,MEDIUM,5,COST_BASED,COST_BASED,false,false
1,baseline,1,2028,0.0,0.024943310657596373,NATURAL_GAS_BLOCK,HOME_OWNER_ASSOCIATION,15519,2,3744,25894,0,0.0,0.0,0.0,0.0,0.0,MEDIUM,MEDIUM,MEDIUM,5,COST_BASED,COST_BASED,false,false
1,baseline,1,2029,0.0,0.024943310657596373,NATURAL_GAS_BLOCK,HOME_OWNER_ASSOCIATION,12729,0,2790,25894,0,0.0,0.0,0.0,0.0,0.0,MEDIUM,MEDIUM,MEDIUM,5,COST_BASED,COST_BASED,false,false
1,baseline,1,2030,0.0,0.03741496598639456,NATURAL_GAS_BLOCK,HOME_OWNER_ASSOCIATION,11818,3,914,25897,0,0.0,0.0,0.0,0.0,0.0,MEDIUM,MEDIUM,MEDIUM,5,COST_BASED,COST_BASED,false,false
1,baseline,1,2031,0.0,0.05328798185941043,NATURAL_GAS_BLOCK,HOME_OWNER_ASSOCIATION,10084,0,1734,25897,0,0.0,0.0,0.0,0.0,0.0,MEDIUM,MEDIUM,MEDIUM,5,COST_BASED,COST_BASED,false,false
1,baseline,1,2032,0.0,0.07029478458049887,NATURAL_GAS_BLOCK,HOME_OWNER_ASSOCIATION,9043,8,1049,25905,0,0.0,0.0,0.0,0.0,0.0,MEDIUM,MEDIUM,MEDIUM,5,COST_BASED,COST_BASED,false,false
1,baseline,1,2033,0.0,0.08163265306122448,NATURAL_GAS_BLOCK,HOME_OWNER_ASSOCIATION,6654,0,2389,25905,0,0.0,0.0,0.0,0.0,0.0,MEDIUM,MEDIUM,MEDIUM,5,COST_BASED,COST_BASED,false,false
1,baseline,1,2034,0.0,0.09183673469387756,NATURAL_GAS_BLOCK,HOME_OWNER_ASSOCIATION,4097,1,2558,25906,0,0.0,0.0,0.0,0.0,0.0,MEDIUM,MEDIUM,MEDIUM,5,COST_BASED,COST_BASED,false,false
1,baseline,1,2035,0.0,0.1054421768707483,NATURAL_GAS_BLOCK,HOME_OWNER_ASSOCIATION,1226,0,2871,25906,0,0.0,0.0,0.0,0.0,0.0,MEDIUM,MEDIUM,MEDIUM,5,COST_BASED,COST_BASED,false,false
1,baseline,1,2036,0.0,0.11678004535147392,NATURAL_GAS_BLOCK,HOME_OWNER_ASSOCIATION,134,0,1092,25906,0,0.0,0.0,0.0,0.0,0.0,MEDIUM,MEDIUM,MEDIUM,5,COST_BASED,COST_BASED,false,false
1,baseline,1,2037,0.0,0.12811791383219956,NATURAL_GAS_BLOCK,HOME_OWNER_ASSOCIATION,134,0,0,25906,2453,0.0,0.0,0.0,1289.01019160212,0.0,MEDIUM,MEDIUM,MEDIUM,5,COST_BASED,COST_BASED,false,false
1,baseline,1,2038,0.0,0.13945578231292516,NATURAL_GAS_BLOCK,HOME_OWNER_ASSOCIATION,134,0,0,25906,2584,0.0,0.0,0.0,1120.0816563467492,0.0,MEDIUM,MEDIUM,MEDIUM,5,COST_BASED,COST_BASED,false,false
1,baseline,1,2039,0.0,0.15419501133786848,NATURAL_GAS_BLOCK,HOME_OWNER_ASSOCIATION,134,120,120,26026,1593,0.0,0.0,0.0,1226.9554300062775,0.0,MEDIUM,MEDIUM,MEDIUM,5,COST_BASED,COST_BASED,false,false
1,baseline,1,2040,0.0,0.17346938775510204,NATURAL_GAS_BLOCK,HOME_OWNER_ASSOCIATION,132,0,2,26026,3745,0.0,0.0,0.0,1194.6427236315087,0.0,MEDIUM,MEDIUM,MEDIUM,5,COST_BASED,COST_BASED,false,false
1,baseline,1,2041,0.0,0.18594104308390022,NATURAL_GAS_BLOCK,HOME_OWNER_ASSOCIATION,132,0,0,26026,2790,0.0,0.0,0.0,1276.6867383512545,0.0,MEDIUM,MEDIUM,MEDIUM,5,COST_BASED,COST_BASED,false,false
1,baseline,1,2042,0.0,0.20521541950113378,NATURAL_GAS_BLOCK,HOME_OWNER_ASSOCIATION,132,3,3,26029,913,0.0,0.0,0.0,1096.842278203724,0.0,MEDIUM,MEDIUM,MEDIUM,5,COST_BASED,COST_BASED,false,false
1,baseline,1,2043,0.0,0.21882086167800455,NATURAL_GAS_BLOCK,HOME_OWNER_ASSOCIATION,132,0,0,26029,1734,0.0,0.0,0.0,1190.217416378316,0.0,MEDIUM,MEDIUM,MEDIUM,5,COST_BASED,COST_BASED,false,false
1,baseline,1,2044,0.0,0.23242630385487528,NATURAL_GAS_BLOCK,HOME_OWNER_ASSOCIATION,127,3,8,26032,1049,0.0,0.0,0.0,1146.9809342230697,0.0,MEDIUM,MEDIUM,MEDIUM,5,COST_BASED,COST_BASED,false,false
1,baseline,1,2045,0.0,0.23242630385487528,NATURAL_GAS_BLOCK,HOME_OWNER_ASSOCIATION,127,0,0,26032,2389,0.0,0.0,0.0,1178.421096693177,0.0,MEDIUM,MEDIUM,MEDIUM,5,COST_BASED,COST_BASED,false,false
1,baseline,1,2046,0.0,0.23242630385487528,NATURAL_GAS_BLOCK,HOME_OWNER_ASSOCIATION,416,290,1,26322,2558,0.0,0.0,0.0,1212.9206411258797,0.0,MEDIUM,MEDIUM,MEDIUM,5,COST_BASED,COST_BASED,false,false
1,baseline,1,2047,0.0,0.23242630385487528,NATURAL_GAS_BLOCK,HOME_OWNER_ASSOCIATION,419,3,0,26325,2871,0.0,0.0,0.0,1232.0546847788228,0.0,MEDIUM,MEDIUM,MEDIUM,5,COST_BASED,COST_BASED,false,false
1,baseline,1,2048,0.0,0.23242630385487528,NATURAL_GAS_BLOCK,HOME_OWNER_ASSOCIATION,419,0,0,26325,1093,0.0,0.0,0.0,1151.6239707227812,0.0,MEDIUM,MEDIUM,MEDIUM,5,COST_BASED,COST_BASED,false,false
1,baseline,1,2049,0.0,0.23242630385487528,NATURAL_GAS_BLOCK,HOME_OWNER_ASSOCIATION,419,0,0,26325,1040,0.0,0.0,0.0,1205.871153846154,0.0,MEDIUM,MEDIUM,MEDIUM,5,COST_BASED,COST_BASED,false,false
1,baseline,1,2050,0.0,0.23242630385487528,NATURAL_GAS_BLOCK,HOME_OWNER_ASSOCIATION,419,0,0,26325,1357,0.0,0.0,0.0,1069.4708916728077,0.0,MEDIUM,MEDIUM,MEDIUM,5,COST_BASED,COST_BASED,false,false
1,baseline,1,2024,0.0,0.0,DISTRICT_HEATING,TOTAL,8228,8228,0,8228,0,0.0,0.0,0.0,0.0,0.0,MEDIUM,MEDIUM,MEDIUM,5,COST_BASED,COST_BASED,false,false
1,baseline,1,2025,0.0,0.024943310657596373,DISTRICT_HEATING,TOTAL,8229,308,307,8536,90292,0.765241117184863,0.6033370035435647,0.016214770412986763,2225.5970074868205,0.7116683797174841,MEDIUM,MEDIUM,MEDIUM,5,COST_BASED,COST_BASED,false,false
1,baseline,1,2026,0.0,0.024943310657596373,DISTRICT_HEATING,TOTAL,8298,338,269,8874,83838,0.7710110935345316,0.6133763695052342,0.01695158189565113,2181.514289463012,0.7251928331372707,MEDIUM,MEDIUM,MEDIUM,5,COST_BASED,COST_BASED,false,false
1,baseline,1,2027,0.0,0.024943310657596373,DISTRICT_HEATING,TOTAL,8023,349,624,9223,81147,0.7735442789987037,0.6141396776944558,0.017500258260122095,2170.5424969499795,0.725635914509494,MEDIUM,MEDIUM,MEDIUM,5,COST_BASED,COST_BASED,false,false
1,baseline,1,2028,0.0,0.024943310657596373,DISTRICT_HEATING,TOTAL,7944,318,397,9541,78168,0.7794067226308231,0.6071937494206858,0.0179736129352186,2168.114062020264,0.7136922418564278,MEDIUM,MEDIUM,MEDIUM,5,COST_BASED,COST_BASED,false,false
1,baseline,1,2029,0.0,0.024943310657596373,DISTRICT_HEATING,TOTAL,7950,289,283,9830,73364,0.785120973033648,0.6199168821084506,0.01865409692877457,2140.176871490104,0.7312633177881659,MEDIUM,MEDIUM,MEDIUM,5,COST_BASED,COST_BASED,false,false
1,baseline,1,2030,0.0,0.03741496598639456,DISTRICT_HEATING,TOTAL,7958,364,356,10194,71732,0.787253493616695,0.6116459908461178,0.019299618393771763,2148.1717504042826,0.7182431605657784,MEDIUM,MEDIUM,MEDIUM,5,COST_BASED,COST_BASED,false,false
1,baseline,1,2031,0.0,0.05328798185941043,DISTRICT_HEATING,TOTAL,7710,350,598,10544,69400,0.789321593833101,0.6179831003602104,0.019774414442415705,2144.5518299711816,0.7271724502767233,MEDIUM,MEDIUM,MEDIUM,5,COST_BASED,COST_BASED,false,false
1,baseline,1,2032,0.0,0.07029478458049887,DISTRICT_HEATING,TOTAL,7801,439,348,10983,68520,0.7918225073484985,0.6054964204671539,0.021025442080678594,2109.6975043782836,0.7076608236035246,MEDIUM,MEDIUM,MEDIUM,5,COST_BASED,COST_BASED,false,false
1,baseline,1,2033,0.0,0.08163265306122448,DISTRICT_HEATING,TOTAL,8000,437,238,11420,62871,0.7939613849569882,0.618031626170283,0.021935153503977588,2089.5952346868985,0.7258151988281091,MEDIUM,MEDIUM,MEDIUM,5,COST_BASED,COST_BASED,false,false
1,baseline,1,2034,0.0,0.09183673469387756,DISTRICT_HEATING,TOTAL,8107,360,253,11780,56981,0.7972172365500909,0.6055216550464784,0.023633719577804,2114.5691195310715,0.70602395848496,MEDIUM,MEDIUM,MEDIUM,5,COST_BASED,COST_BASED,false,false
1,baseline,1,2035,0.0,0.1054421768707483,DISTRICT_HEATING,TOTAL,8054,249,302,12029,48038,0.7984655206973534,0.605575646905816,0.024395772513606705,2084.140305591407,0.7056976186201872,MEDIUM,MEDIUM,MEDIUM,5,COST_BASED,COST_BASED,false,false
1,baseline,1,2036,0.0,0.11678004535147392,DISTRICT_HEATING,TOTAL,7956,195,293,12224,39078,0.7955575336938188,0.619929354483741,0.024521384692875202,2085.0461384922464,0.7279394752155458,MEDIUM,MEDIUM,MEDIUM,5,COST_BASED,COST_BASED,false,false
1,baseline,1,2037,0.0,0.12811791383219956,DISTRICT_HEATING,TOTAL,7688,179,447,12403,53694,0.7727131261043904,0.6049943849909272,0.022502677897122066,2117.3552165977576,0.7115004612231504,MEDIUM,MEDIUM,MEDIUM,5,COST_BASED,COST_BASED,false,false
1,baseline,1,2038,0.0,0.13945578231292516,DISTRICT_HEATING,TOTAL,7162,132,658,12535,58767,0.7597825539806963,0.5976528555060101,0.02123476260835113,2115.1803563224257,0.7038792994378096,MEDIUM,MEDIUM,MEDIUM,5,COST_BASED,COST_BASED,false,false
1,baseline,1,2039,0.0,0.15419501133786848,DISTRICT_HEATING,TOTAL,6488,103,777,12638,64268,0.7432571012180608,0.6004550670333015,0.020146420629324292,2168.8541887097776,0.7123500226667816,MEDIUM,MEDIUM,MEDIUM,5,COST_BASED,COST_BASED,false,false
1,baseline,1,2040,0.0,0.17346938775510204,DISTRICT_HEATING,TOTAL,6363,63,188,12701,80811,0.7296941645077376,0.5852048894624422,0.018878611252882146,2179.8891240053954,0.6930239666601125,MEDIUM,MEDIUM,MEDIUM,5,COST_BASED,COST_BASED,false,false
1,baseline,1,2041,0.0,0.18594104308390022,DISTRICT_HEATING,TOTAL,6230,65,198,12766,76493,0.7267597152791714,0.6030389962873584,0.01858632745330152,2173.6913312329234,0.7205452746795771,MEDIUM,MEDIUM,MEDIUM,5,COST_BASED,COST_BASED,false,false
1,baseline,1,2042,0.0,0.20521541950113378,DISTRICT_HEATING,TOTAL,6134,77,173,12843,79571,0.7225876550230552,0.5945005918902326,0.018207501439662883,2193.380980507974,0.708828036399622,MEDIUM,MEDIUM,MEDIUM,5,COST_BASED,COST_BASED,false,false
1,baseline,1,2043,0.0,0.21882086167800455,DISTRICT_HEATING,TOTAL,5975,57,216,12900,82707,0.7232471620113735,0.6027399408312677,0.017674526853620157,2178.944043430423,0.7210888048873537,MEDIUM,MEDIUM,MEDIUM,5,COST_BASED,COST_BASED,false,false
1,baseline,1,2044,0.0,0.23242630385487528,DISTRICT_HEATING,TOTAL,5859,52,168,12952,90313,0.7274821866286227,0.5944458722037929,0.017637616371259858,2142.3507689922826,0.7075935596021167,MEDIUM,MEDIUM,MEDIUM,5,COST_BASED,COST_BASED,false,false
1,baseline,1,2045,0.0,0.23242630385487528,DISTRICT_HEATING,TOTAL,5706,24,177,12976,96536,0.7297431591678931,0.6004891280523501,0.017195182097234776,2140.4056932128947,0.7161485045244059,MEDIUM,MEDIUM,MEDIUM,5,COST_BASED,COST_BASED,false,false
1,baseline,1,2046,0.0,0.23242630385487528,DISTRICT_HEATING,TOTAL,5556,17,167,12993,111482,0.740576916520295,0.5904124137999314,0.017414138928515052,2147.9787230225506,0.6982976242037592,MEDIUM,MEDIUM,MEDIUM,5,COST_BASED,COST_BASED,false,false
1,baseline,1,2047,0.0,0.23242630385487528,DISTRICT_HEATING,TOTAL,5386,14,184,13007,117918,0.7562686919224159,0.5907576250245159,0.018277062079030466,2147.984005834563,0.6947846317963052,MEDIUM,MEDIUM,MEDIUM,5,COST_BASED,COST_BASED,false,false
1,baseline,1,2048,0.0,0.23242630385487528,DISTRICT_HEATING,TOTAL,5009,17,394,13024,115143,0.7668065617165535,0.6035523448966329,0.01850921338302666,2139.512441051562,0.7113132252429227,MEDIUM,MEDIUM,MEDIUM,5,COST_BASED,COST_BASED,false,false
1,baseline,1,2049,0.0,0.23242630385487528,DISTRICT_HEATING,TOTAL,4612,13,410,13037,107923,0.7787860381746733,0.6050024607904397,0.018476856168150636,2152.5550531397384,0.710497574620976,MEDIUM,MEDIUM,MEDIUM,5,COST_BASED,COST_BASED,false,false
1,baseline,1,2050,0.0,0.23242630385487528,DISTRICT_HEATING,TOTAL,4190,9,431,13046,101116,0.7864726477168408,0.6027410428111047,0.01792099963920097,2114.5005933779025,0.7052532773325385,MEDIUM,MEDIUM,MEDIUM,5,COST_BASED,COST_BASED,false,false
1,baseline,1,2024,0.0,0.0,DISTRICT_HEATING,PRIVATELY_OWNED,3712,3712,0,3712,0,0.0,0.0,0.0,0.0,0.0,MEDIUM,MEDIUM,MEDIUM,5,COST_BASED,COST_BASED,false,false
1,baseline,1,2025,0.0,0.024943310657596373,DISTRICT_HEATING,PRIVATELY_OWNED,3771,308,249,4020,84468,0.765241117184863,0.6033370035435647,0.016214770412986763,2251.2627267130747,0.7116683797174841,MEDIUM,MEDIUM,MEDIUM,5,COST_BASED,COST_BASED,false,false
1,baseline,1,2026,0.0,0.024943310657596373,DISTRICT_HEATING,PRIVATELY_OWNED,3922,336,185,4356,77910,0.7710110935345316,0.6133763695052342,0.01695158189565113,2206.1833782569634,0.7251928331372707,MEDIUM,MEDIUM,MEDIUM,5,COST_BASED,COST_BASED,false,false
1,baseline,1,2027,0.0,0.024943310657596373,DISTRICT_HEATING,PRIVATELY_OWNED,4046,345,221,4701,75377,0.7735442789987037,0.6141396776944558,0.017500258260122095,2196.315732915876,0.725635914509494,MEDIUM,MEDIUM,MEDIUM,5,COST_BASED,COST_BASED,false,false
1,baseline,1,2028,0.0,0.024943310657596373,DISTRICT_HEATING,PRIVATELY_OWNED,4112,317,251,5018,72357,0.7794067226308231,0.6071937494206858,0.0179736129352186,2193.27004989151,0.7136922418564278,MEDIUM,MEDIUM,MEDIUM,5,COST_BASED,COST_BASED,false,false
1,baseline,1,2029,0.0,0.024943310657596373,DISTRICT_HEATING,PRIVATELY_OWNED,4221,288,179,5306,67537,0.785120973033648,0.6199168821084506,0.01865409692877457,2166.0024282985623,0.7312633177881659,MEDIUM,MEDIUM,MEDIUM,5,COST_BASED,COST_BASED,false,false
1,baseline,1,2030,0.0,0.03741496598639456,DISTRICT_HEATING,PRIVATELY_OWNED,4357,363,227,5669,65994,0.787253493616695,0.6116459908461178,0.019299618393771763,2172.6071764099765,0.7182431605657784,MEDIUM,MEDIUM,MEDIUM,5,COST_BASED,COST_BASED,false,false
1,baseline,1,2031,0.0,0.05328798185941043,DISTRICT_HEATING,PRIVATELY_OWNED,4503,346,200,6015,63538,0.789321593833101,0.6179831003602104,0.019774414442415705,2169.3536938524976,0.7271724502767233,MEDIUM,MEDIUM,MEDIUM,5,COST_BASED,COST_BASED,false,false
1,baseline,1,2032,0.0,0.07029478458049887,DISTRICT_HEATING,PRIVATELY_OWNED,4712,437,228,6452,62362,0.7918225073484985,0.6054964204671539,0.021025442080678594,2137.2572399858886,0.7076608236035246,MEDIUM,MEDIUM,MEDIUM,5,COST_BASED,COST_BASED,false,false
1,baseline,1,2033,0.0,0.08163265306122448,DISTRICT_HEATING,PRIVATELY_OWNED,4967,423,168,6875,57083,0.7939613849569882,0.618031626170283,0.021935153503977588,2116.6329204842073,0.7258151988281091,MEDIUM,MEDIUM,MEDIUM,5,COST_BASED,COST_BASED,false,false
1,baseline,1,2034,0.0,0.09183673469387756,DISTRICT_HEATING,PRIVATELY_OWNED,5147,353,173,7228,51391,0.7972172365500909,0.6055216550464784,0.023633719577804,2141.8993792687434,0.70602395848496,MEDIUM,MEDIUM,MEDIUM,5,COST_BASED,COST_BASED,false,false
1,baseline,1,2035,0.0,0.1054421768707483,DISTRICT_HEATING,PRIVATELY_OWNED,5176,242,213,7470,42176,0.7984655206973534,0.605575646905816,0.024395772513606705,2113.5837917298936,0.7056976186201872,MEDIUM,MEDIUM,MEDIUM,5,COST_BASED,COST_BASED,false,false
1,baseline,1,2036,0.0,0.11678004535147392,DISTRICT_HEATING,PRIVATELY_OWNED,5211,192,157,7662,33557,0.7955575336938188,0.619929354483741,0.024521384692875202,2118.1617844264983,0.7279394752155458,MEDIUM,MEDIUM,MEDIUM,5,COST_BASED,COST_BASED,false,false
1,baseline,1,2037,0.0,0.12811791383219956,DISTRICT_HEATING,PRIVATELY_OWNED,5260,174,125,7836,38650,0.7727131261043904,0.6049943849909272,0.022502677897122066,2279.3906856403623,0.7115004612231504,MEDIUM,MEDIUM,MEDIUM,5,COST_BASED,COST_BASED,false,false
1,baseline,1,2038,0.0,0.13945578231292516,DISTRICT_HEATING,PRIVATELY_OWNED,5248,124,136,7960,41147,0.7597825539806963,0.5976528555060101,0.02123476260835113,2316.751986779109,0.7038792994378096,MEDIUM,MEDIUM,MEDIUM,5,COST_BASED,COST_BASED,false,false
1,baseline,1,2039,0.0,0.15419501133786848,DISTRICT_HEATING,PRIVATELY_OWNED,5244,99,103,8059,47957,0.7432571012180608,0.6004550670333015,0.020146420629324292,2332.1647100527557,0.7123500226667816,MEDIUM,MEDIUM,MEDIUM,5,COST_BASED,COST_BASED,false,false
1,baseline,1,2040,0.0,0.17346938775510204,DISTRICT_HEATING,PRIVATELY_OWNED,5187,58,115,8117,59687,0.7296941645077376,0.5852048894624422,0.018878611252882146,2365.6918256906865,0.6930239666601125,MEDIUM,MEDIUM,MEDIUM,5,COST_BASED,COST_BASED,false,false
1,baseline,1,2041,0.0,0.18594104308390022,DISTRICT_HEATING,PRIVATELY_OWNED,5126,59,120,8176,61116,0.7267597152791714,0.6030389962873584,0.01858632745330152,2299.7829046403563,0.7205452746795771,MEDIUM,MEDIUM,MEDIUM,5,COST_BASED,COST_BASED,false,false
1,baseline,1,2042,0.0,0.20521541950113378,DISTRICT_HEATING,PRIVATELY_OWNED,5088,69,107,8245,65826,0.7225876550230552,0.5945005918902326,0.018207501439662883,2286.684486373166,0.708828036399622,MEDIUM,MEDIUM,MEDIUM,5,COST_BASED,COST_BASED,false,false
1,baseline,1,2043,0.0,0.21882086167800455,DISTRICT_HEATING,PRIVATELY_OWNED,5000,49,137,8294,68952,0.7232471620113735,0.6027399408312677,0.017674526853620157,2272.54123158139,0.7210888048873537,MEDIUM,MEDIUM,MEDIUM,5,COST_BASED,COST_BASED,false,false
1,baseline,1,2044,0.0,0.23242630385487528,DISTRICT_HEATING,PRIVATELY_OWNED,4942,39,97,8333,74492,0.7274821866286227,0.5944458722037929,0.017637616371259858,2233.2400928958814,0.7075935596021167,MEDIUM,MEDIUM,MEDIUM,5,COST_BASED,COST_BASED,false,false
1,baseline,1,2045,0.0,0.23242630385487528,DISTRICT_HEATING,PRIVATELY_OWNED,4857,19,104,8352,81574,0.7297431591678931,0.6004891280523501,0.017195182097234776,2225.8627871625763,0.7161485045244059,MEDIUM,MEDIUM,MEDIUM,5,COST_BASED,COST_BASED,false,false
1,baseline,1,2046,0.0,0.23242630385487528,DISTRICT_HEATING,PRIVATELY_OWNED,4769,10,98,8362,92179,0.740576916520295,0.5904124137999314,0.017414138928515052,2239.815467731262,0.6982976242037592,MEDIUM,MEDIUM,MEDIUM,5,COST_BASED,COST_BASED,false,false
1,baseline,1,2047,0.0,0.23242630385487528,DISTRICT_HEATING,PRIVATELY_OWNED,4669,5,105,8367,101390,0.7562686919224159,0.5907576250245159,0.018277062079030466,2221.530732813887,0.6947846317963052,MEDIUM,MEDIUM,MEDIUM,5,COST_BASED,COST_BASED,false,false
1,baseline,1,2048,0.0,0.23242630385487528,DISTRICT_HEATING,PRIVATELY_OWNED,4373,8,304,8375,100947,0.7668065617165535,0.6035523448966329,0.01850921338302666,2198.397733464095,0.7113132252429227,MEDIUM,MEDIUM,MEDIUM,5,COST_BASED,COST_BASED,false,false
1,baseline,1,2049,0.0,0.23242630385487528,DISTRICT_HEATING,PRIVATELY_OWNED,4047,4,330,8379,98795,0.7787860381746733,0.6050024607904397,0.018476856168150636,2190.900531403411,0.710497574620976,MEDIUM,MEDIUM,MEDIUM,5,COST_BASED,COST_BASED,false,false
1,baseline,1,2050,0.0,0.23242630385487528,DISTRICT_HEATING,PRIVATELY_OWNED,3708,5,344,8384,90771,0.7864726477168408,0.6027410428111047,0.01792099963920097,2162.573575260821,0.7052532773325385,MEDIUM,MEDIUM,MEDIUM,5,COST_BASED,COST_BASED,false,false
1,baseline,1,2024,0.0,0.0,DISTRICT_HEATING,SOCIAL_HOUSING,1754,1754,0,1754,0,0.0,0.0,0.0,0.0,0.0,MEDIUM,MEDIUM,MEDIUM,5,COST_BASED,COST_BASED,false,false
1,baseline,1,2025,0.0,0.024943310657596373,DISTRICT_HEATING,SOCIAL_HOUSING,1754,0,0,1754,0,0.0,0.0,0.0,0.0,0.0,MEDIUM,MEDIUM,MEDIUM,5,COST_BASED,COST_BASED,false,false
1,baseline,1,2026,0.0,0.024943310657596373,DISTRICT_HEATING,SOCIAL_HOUSING,1754,0,0,1754,0,0.0,0.0,0.0,0.0,0.0,MEDIUM,MEDIUM,MEDIUM,5,COST_BASED,COST_BASED,false,false
1,baseline,1,2027,0.0,0.024943310657596373,DISTRICT_HEATING,SOCIAL_HOUSING,1492,0,262,1754,0,0.0,0.0,0.0,0.0,0.0,MEDIUM,MEDIUM,MEDIUM,5,COST_BASED,COST_BASED,false,false
1,baseline,1,2028,0.0,0.024943310657596373,DISTRICT_HEATING,SOCIAL_HOUSING,1492,0,0,1754,0,0.0,0.0,0.0,0.0,0.0,MEDIUM,MEDIUM,MEDIUM,5,COST_BASED,COST_BASED,false,false
1,baseline,1,2029,0.0,0.024943310657596373,DISTRICT_HEATING,SOCIAL_HOUSING,1492,0,0,1754,0,0.0,0.0,0.0,0.0,0.0,MEDIUM,MEDIUM,MEDIUM,5,COST_BASED,COST_BASED,false,false
1,baseline,1,2030,0.0,0.03741496598639456,DISTRICT_HEATING,SOCIAL_HOUSING,1492,0,0,1754,0,0.0,0.0,0.0,0.0,0.0,MEDIUM,MEDIUM,MEDIUM,5,COST_BASED,COST_BASED,false,false
1,baseline,1,2031,0.0,0.05328798185941043,DISTRICT_HEATING,SOCIAL_HOUSING,1222,0,270,1754,0,0.0,0.0,0.0,0.0,0.0,MEDIUM,MEDIUM,MEDIUM,5,COST_BASED,COST_BASED,false,false
1,baseline,1,2032,0.0,0.07029478458049887,DISTRICT_HEATING,SOCIAL_HOUSING,1222,0,0,1754,0,0.0,0.0,0.0,0.0,0.0,MEDIUM,MEDIUM,MEDIUM,5,COST_BASED,COST_BASED,false,false
1,baseline,1,2033,0.0,0.08163265306122448,DISTRICT_HEATING,SOCIAL_HOUSING,1222,0,0,1754,0,0.0,0.0,0.0,0.0,0.0,MEDIUM,MEDIUM,MEDIUM,5,COST_BASED,COST_BASED,false,false
1,baseline,1,2034,0.0,0.09183673469387756,DISTRICT_HEATING,SOCIAL_HOUSING,1222,0,0,1754,0,0.0,0.0,0.0,0.0,0.0,MEDIUM,MEDIUM,MEDIUM,5,COST_BASED,COST_BASED,false,false
1,baseline,1,2035,0.0,0.1054421768707483,DISTRICT_HEATING,SOCIAL_HOUSING,1222,0,0,1754,0,0.0,0.0,0.0,0.0,0.0,MEDIUM,MEDIUM,MEDIUM,5,COST_BASED,COST_BASED,false,false
1,baseline,1,2036,0.0,0.11678004535147392,DISTRICT_HEATING,SOCIAL_HOUSING,1222,0,0,1754,0,0.0,0.0,0.0,0.0,0.0,MEDIUM,MEDIUM,MEDIUM,5,COST_BASED,COST_BASED,false,false
1,baseline,1,2037,0.0,0.12811791383219956,DISTRICT_HEATING,SOCIAL_HOUSING,999,0,223,1754,7322,0.0,0.0,0.0,1759.3684785577711,0.0,MEDIUM,MEDIUM,MEDIUM,5,COST_BASED,COST_BASED,false,false
1,baseline,1,2038,0.0,0.13945578231292516,DISTRICT_HEATING,SOCIAL_HOUSING,575,0,424,1754,9901,0.0,0.0,0.0,1696.041712958287,0.0,MEDIUM,MEDIUM,MEDIUM,5,COST_BASED,COST_BASED,false,false
1,baseline,1,2039,0.0,0.15419501133786848,DISTRICT_HEATING,SOCIAL_HOUSING,0,0,575,1754,9872,0.0,0.0,0.0,1723.7034035656402,0.0,MEDIUM,MEDIUM,MEDIUM,5,COST_BASED,COST_BASED,false,false
1,baseline,1,2040,0.0,0.17346938775510204,DISTRICT_HEATING,SOCIAL_HOUSING,0,0,0,1754,12142,0.0,0.0,0.0,1675.92834788338,0.0,MEDIUM,MEDIUM,MEDIUM,5,COST_BASED,COST_BASED,false,false
1,baseline,1,2041,0.0,0.18594104308390022,DISTRICT_HEATING,SOCIAL_HOUSING,0,0,0,1754,7312,0.0,0.0,0.0,1652.3942833698031,0.0,MEDIUM,MEDIUM,MEDIUM,5,COST_BASED,COST_BASED,false,false
1,baseline,1,2042,0.0,0.20521541950113378,DISTRICT_HEATING,SOCIAL_HOUSING,0,0,0,1754,7684,0.0,0.0,0.0,1743.1864914107236,0.0,MEDIUM,MEDIUM,MEDIUM,5,COST_BASED,COST_BASED,false,false
1,baseline,1,2043,0.0,0.21882086167800455,DISTRICT_HEATING,SOCIAL_HOUSING,0,0,0,1754,6683,0.0,0.0,0.0,1701.0380068831364,0.0,MEDIUM,MEDIUM,MEDIUM,5,COST_BASED,COST_BASED,false,false
1,baseline,1,2044,0.0,0.23242630385487528,DISTRICT_HEATING,SOCIAL_HOUSING,0,0,0,1754,9069,0.0,0.0,0.0,1703.2026684309185,0.0,MEDIUM,MEDIUM,MEDIUM,5,COST_BASED,COST_BASED,false,false
1,baseline,1,2045,0.0,0.23242630385487528,DISTRICT_HEATING,SOCIAL_HOUSING,0,0,0,1754,7094,0.0,0.0,0.0,1685.4100648435297,0.0,MEDIUM,MEDIUM,MEDIUM,5,COST_BASED,COST_BASED,false,false
1,baseline,1,2046,0.0,0.23242630385487528,DISTRICT_HEATING,SOCIAL_HOUSING,0,0,0,1754,11384,0.0,0.0,0.0,1720.7966444132114,0.0,MEDIUM,MEDIUM,MEDIUM,5,COST_BASED,COST_BASED,false,false
1,baseline,1,2047,0.0,0.23242630385487528,DISTRICT_HEATING,SOCIAL_HOUSING,0,0,0,1754,8201,0.0,0.0,0.0,1698.5805389586635,0.0,MEDIUM,MEDIUM,MEDIUM,5,COST_BASED,COST_BASED,false,false
1,baseline,1,2048,0.0,0.23242630385487528,DISTRICT_HEATING,SOCIAL_HOUSING,0,0,0,1754,7954,0.0,0.0,0.0,1683.9564998742771,0.0,MEDIUM,MEDIUM,MEDIUM,5,COST_BASED,COST_BASED,false,false
1,baseline,1,2049,0.0,0.23242630385487528,DISTRICT_HEATING,SOCIAL_HOUSING,0,0,0,1754,2559,0.0,0.0,0.0,1657.250879249707,0.0,MEDIUM,MEDIUM,MEDIUM,5,COST_BASED,COST_BASED,false,false
1,baseline,1,2050,0.0,0.23242630385487528,DISTRICT_HEATING,SOCIAL_HOUSING,0,0,0,1754,3240,0.0,0.0,0.0,1640.166049382716,0.0,MEDIUM,MEDIUM,MEDIUM,5,COST_BASED,COST_BASED,false,false
1,baseline,1,2024,0.0,0.0,DISTRICT_HEATING,PRIVATELY_RENTED,2762,2762,0,2762,0,0.0,0.0,0.0,0.0,0.0,MEDIUM,MEDIUM,MEDIUM,5,COST_BASED,COST_BASED,false,false
1,baseline,1,2025,0.0,0.024943310657596373,DISTRICT_HEATING,PRIVATELY_RENTED,2704,0,58,2762,5824,0.0,0.0,0.0,1853.355940934066,0.0,MEDIUM,MEDIUM,MEDIUM,5,COST_BASED,COST_BASED,false,false
1,baseline,1,2026,0.0,0.024943310657596373,DISTRICT_HEATING,PRIVATELY_RENTED,2622,2,84,2764,5928,0.0,0.0,0.0,1857.2955465587045,0.0,MEDIUM,MEDIUM,MEDIUM,5,COST_BASED,COST_BASED,false,false
1,baseline,1,2027,0.0,0.024943310657596373,DISTRICT_HEATING,PRIVATELY_RENTED,2485,4,141,2768,5770,0.0,0.0,0.0,1833.8511265164645,0.0,MEDIUM,MEDIUM,MEDIUM,5,COST_BASED,COST_BASED,false,false
1,baseline,1,2028,0.0,0.024943310657596373,DISTRICT_HEATING,PRIVATELY_RENTED,2340,1,146,2769,5811,0.0,0.0,0.0,1854.8785062811908,0.0,MEDIUM,MEDIUM,MEDIUM,5,COST_BASED,COST_BASED,false,false
1,baseline,1,2029,0.0,0.024943310657596373,DISTRICT_HEATING,PRIVATELY_RENTED,2237,1,104,2770,5827,0.0,0.0,0.0,1840.8494937360563,0.0,MEDIUM,MEDIUM,MEDIUM,5,COST_BASED,COST_BASED,false,false
1,baseline,1,2030,0.0,0.03741496598639456,DISTRICT_HEATING,PRIVATELY_RENTED,2109,1,129,2771,5738,0.0,0.0,0.0,1867.1345416521435,0.0,MEDIUM,MEDIUM,MEDIUM,5,COST_BASED,COST_BASED,false,false
1,baseline,1,2031,0.0,0.05328798185941043,DISTRICT_HEATING,PRIVATELY_RENTED,1985,4,128,2775,5862,0.0,0.0,0.0,1875.7253497099966,0.0,MEDIUM,MEDIUM,MEDIUM,5,COST_BASED,COST_BASED,false,false
1,baseline,1,2032,0.0,0.07029478458049887,DISTRICT_HEATING,PRIVATELY_RENTED,1867,2,120,2777,6158,0.0,0.0,0.0,1830.6003572588502,0.0,MEDIUM,MEDIUM,MEDIUM,5,COST_BASED,COST_BASED,false,false
1,baseline,1,2033,0.0,0.08163265306122448,DISTRICT_HEATING,PRIVATELY_RENTED,1811,14,70,2791,5788,0.0,0.0,0.0,1822.9414305459572,0.0,MEDIUM,MEDIUM,MEDIUM,5,COST_BASED,COST_BASED,false,false
1,baseline,1,2034,0.0,0.09183673469387756,DISTRICT_HEATING,PRIVATELY_RENTED,1738,7,80,2798,5590,0.0,0.0,0.0,1863.3116279069768,0.0,MEDIUM,MEDIUM,MEDIUM,5,COST_BASED,COST_BASED,false,false
1,baseline,1,2035,0.0,0.1054421768707483,DISTRICT_HEATING,PRIVATELY_RENTED,1656,7,89,2805,5862,0.0,0.0,0.0,1872.2998976458546,0.0,MEDIUM,MEDIUM,MEDIUM,5,COST_BASED,COST_BASED,false,false
1,baseline,1,2036,0.0,0.11678004535147392,DISTRICT_HEATING,PRIVATELY_RENTED,1523,3,136,2808,5521,0.0,0.0,0.0,1883.7670711827568,0.0,MEDIUM,MEDIUM,MEDIUM,5,COST_BASED,COST_BASED,false,false
1,baseline,1,2037,0.0,0.12811791383219956,DISTRICT_HEATING,PRIVATELY_RENTED,1429,5,99,2813,5269,0.0,0.0,0.0,1747.999810210666,0.0,MEDIUM,MEDIUM,MEDIUM,5,COST_BASED,COST_BASED,false,false
1,baseline,1,2038,0.0,0.13945578231292516,DISTRICT_HEATING,PRIVATELY_RENTED,1339,8,98,2821,5135,0.0,0.0,0.0,1751.4247322297956,0.0,MEDIUM,MEDIUM,MEDIUM,5,COST_BASED,COST_BASED,false,false
1,baseline,1,2039,0.0,0.15419501133786848,DISTRICT_HEATING,PRIVATELY_RENTED,1244,4,99,2825,4846,0.0,0.0,0.0,1726.6097812628973,0.0,MEDIUM,MEDIUM,MEDIUM,5,COST_BASED,COST_BASED,false,false
1,baseline,1,2040,0.0,0.17346938775510204,DISTRICT_HEATING,PRIVATELY_RENTED,1176,5,73,2830,5237,0.0,0.0,0.0,1845.4767996944815,0.0,MEDIUM,MEDIUM,MEDIUM,5,COST_BASED,COST_BASED,false,false
1,baseline,1,2041,0.0,0.18594104308390022,DISTRICT_HEATING,PRIVATELY_RENTED,1104,6,78,2836,5275,0.0,0.0,0.0,1837.7603791469194,0.0,MEDIUM,MEDIUM,MEDIUM,5,COST_BASED,COST_BASED,false,false
1,baseline,1,2042,0.0,0.20521541950113378,DISTRICT_HEATING,PRIVATELY_RENTED,1046,8,66,2844,5148,0.0,0.0,0.0,1846.3407148407148,0.0,MEDIUM,MEDIUM,MEDIUM,5,COST_BASED,COST_BASED,false,false
1,baseline,1,2043,0.0,0.21882086167800455,DISTRICT_HEATING,PRIVATELY_RENTED,975,8,79,2852,5338,0.0,0.0,0.0,1848.8194080179842,0.0,MEDIUM,MEDIUM,MEDIUM,5,COST_BASED,COST_BASED,false,false
1,baseline,1,2044,0.0,0.23242630385487528,DISTRICT_HEATING,PRIVATELY_RENTED,917,13,71,2865,5703,0.0,0.0,0.0,1814.1557075223566,0.0,MEDIUM,MEDIUM,MEDIUM,5,COST_BASED,COST_BASED,false,false
1,baseline,1,2045,0.0,0.23242630385487528,DISTRICT_HEATING,PRIVATELY_RENTED,849,5,73,2870,5479,0.0,0.0,0.0,1823.1334185070268,0.0,MEDIUM,MEDIUM,MEDIUM,5,COST_BASED,COST_BASED,false,false
1,baseline,1,2046,0.0,0.23242630385487528,DISTRICT_HEATING,PRIVATELY_RENTED,787,7,69,2877,5361,0.0,0.0,0.0,1861.9296772990115,0.0,MEDIUM,MEDIUM,MEDIUM,5,COST_BASED,COST_BASED,false,false
1,baseline,1,2047,0.0,0.23242630385487528,DISTRICT_HEATING,PRIVATELY_RENTED,717,9,79,2886,5456,0.0,0.0,0.0,1869.8684017595308,0.0,MEDIUM,MEDIUM,MEDIUM,5,COST_BASED,COST_BASED,false,false
1,baseline,1,2048,0.0,0.23242630385487528,DISTRICT_HEATING,PRIVATELY_RENTED,636,9,90,2895,5149,0.0,0.0,0.0,1873.1359487279083,0.0,MEDIUM,MEDIUM,MEDIUM,5,COST_BASED,COST_BASED,false,false
1,baseline,1,2049,0.0,0.23242630385487528,DISTRICT_HEATING,PRIVATELY_RENTED,565,9,80,2904,5529,0.0,0.0,0.0,1851.223548562127,0.0,MEDIUM,MEDIUM,MEDIUM,5,COST_BASED,COST_BASED,false,false
1,baseline,1,2050,0.0,0.23242630385487528,DISTRICT_HEATING,PRIVATELY_RENTED,482,4,87,2908,5748,0.0,0.0,0.0,1844.3258524704245,0.0,MEDIUM,MEDIUM,MEDIUM,5,COST_BASED,COST_BASED,false,false
1,baseline,1,2024,0.0,0.0,DISTRICT_HEATING,HOME_OWNER_ASSOCIATION,0,0,0,0,0,0.0,0.0,0.0,0.0,0.0,MEDIUM,MEDIUM,MEDIUM,5,COST_BASED,COST_BASED,false,false
1,baseline,1,2025,0.0,0.024943310657596373,DISTRICT_HEATING,HOME_OWNER_ASSOCIATION,0,0,0,0,0,0.0,0.0,0.0,0.0,0.0,MEDIUM,MEDIUM,MEDIUM,5,COST_BASED,COST_BASED,false,false
1,baseline,1,2026,0.0,0.024943310657596373,DISTRICT_HEATING,HOME_OWNER_ASSOCIATION,0,0,0,0,0,0.0,0.0,0.0,0.0,0.0,MEDIUM,MEDIUM,MEDIUM,5,COST_BASED,COST_BASED,false,false
1,baseline,1,2027,0.0,0.024943310657596373,DISTRICT_HEATING,HOME_OWNER_ASSOCIATION,0,0,0,0,0,0.0,0.0,0.0,0.0,0.0,MEDIUM,MEDIUM,MEDIUM,5,COST_BASED,COST_BASED,false,false
1,baseline,1,2028,0.0,0.024943310657596373,DISTRICT_HEATING,HOME_OWNER_ASSOCIATION,0,0,0,0,0,0.0,0.0,0.0,0.0,0.0,MEDIUM,MEDIUM,MEDIUM,5,COST_BASED,COST_BASED,false,false
1,baseline,1,2029,0.0,0.024943310657596373,DISTRICT_HEATING,HOME_OWNER_ASSOCIATION,0,0,0,0,0,0.0,0.0,0.0,0.0,0.0,MEDIUM,MEDIUM,MEDIUM,5,COST_BASED,COST_BASED,false,false
1,baseline,1,2030,0.0,0.03741496598639456,DISTRICT_HEATING,HOME_OWNER_ASSOCIATION,0,0,0,0,0,0.0,0.0,0.0,0.0,0.0,MEDIUM,MEDIUM,MEDIUM,5,COST_BASED,COST_BASED,false,false
1,baseline,1,2031,0.0,0.05328798185941043,DISTRICT_HEATING,HOME_OWNER_ASSOCIATION,0,0,0,0,0,0.0,0.0,0.0,0.0,0.0,MEDIUM,MEDIUM,MEDIUM,5,COST_BASED,COST_BASED,false,false
1,baseline,1,2032,0.0,0.07029478458049887,DISTRICT_HEATING,HOME_OWNER_ASSOCIATION,0,0,0,0,0,0.0,0.0,0.0,0.0,0.0,MEDIUM,MEDIUM,MEDIUM,5,COST_BASED,COST_BASED,false,false
1,baseline,1,2033,0.0,0.08163265306122448,DISTRICT_HEATING,HOME_OWNER_ASSOCIATION,0,0,0,0,0,0.0,0.0,0.0,0.0,0.0,MEDIUM,MEDIUM,MEDIUM,5,COST_BASED,COST_BASED,false,false
1,baseline,1,2034,0.0,0.09183673469387756,DISTRICT_HEATING,HOME_OWNER_ASSOCIATION,0,0,0,0,0,0.0,0.0,0.0,0.0,0.0,MEDIUM,MEDIUM,MEDIUM,5,COST_BASED,COST_BASED,false,false
1,baseline,1,2035,0.0,0.1054421768707483,DISTRICT_HEATING,HOME_OWNER_ASSOCIATION,0,0,0,0,0,0.0,0.0,0.0,0.0,0.0,MEDIUM,MEDIUM,MEDIUM,5,COST_BASED,COST_BASED,false,false
1,baseline,1,2036,0.0,0.11678004535147392,DISTRICT_HEATING,HOME_OWNER_ASSOCIATION,0,0,0,0,0,0.0,0.0,0.0,0.0,0.0,MEDIUM,MEDIUM,MEDIUM,5,COST_BASED,COST_BASED,false,false
1,baseline,1,2037,0.0,0.12811791383219956,DISTRICT_HEATING,HOME_OWNER_ASSOCIATION,0,0,0,0,2453,0.0,0.0,0.0,1426.2185079494498,0.0,MEDIUM,MEDIUM,MEDIUM,5,COST_BASED,COST_BASED,false,false
1,baseline,1,2038,0.0,0.13945578231292516,DISTRICT_HEATING,HOME_OWNER_ASSOCIATION,0,0,0,0,2584,0.0,0.0,0.0,1234.2627708978328,0.0,MEDIUM,MEDIUM,MEDIUM,5,COST_BASED,COST_BASED,false,false
1,baseline,1,2039,0.0,0.15419501133786848,DISTRICT_HEATING,HOME_OWNER_ASSOCIATION,0,0,0,0,1593,0.0,0.0,0.0,1356.4011299435028,0.0,MEDIUM,MEDIUM,MEDIUM,5,COST_BASED,COST_BASED,false,false
1,baseline,1,2040,0.0,0.17346938775510204,DISTRICT_HEATING,HOME_OWNER_ASSOCIATION,0,0,0,0,3745,0.0,0.0,0.0,1320.1837116154873,0.0,MEDIUM,MEDIUM,MEDIUM,5,COST_BASED,COST_BASED,false,false
1,baseline,1,2041,0.0,0.18594104308390022,DISTRICT_HEATING,HOME_OWNER_ASSOCIATION,0,0,0,0,2790,0.0,0.0,0.0,1412.9555555555555,0.0,MEDIUM,MEDIUM,MEDIUM,5,COST_BASED,COST_BASED,false,false
1,baseline,1,2042,0.0,0.20521541950113378,DISTRICT_HEATING,HOME_OWNER_ASSOCIATION,0,0,0,0,913,0.0,0.0,0.0,1212.067907995619,0.0,MEDIUM,MEDIUM,MEDIUM,5,COST_BASED,COST_BASED,false,false
1,baseline,1,2043,0.0,0.21882086167800455,DISTRICT_HEATING,HOME_OWNER_ASSOCIATION,0,0,0,0,1734,0.0,0.0,0.0,1315.2404844290656,0.0,MEDIUM,MEDIUM,MEDIUM,5,COST_BASED,COST_BASED,false,false
1,baseline,1,2044,0.0,0.23242630385487528,DISTRICT_HEATING,HOME_OWNER_ASSOCIATION,0,0,0,0,1049,0.0,0.0,0.0,1268.9504289799809,0.0,MEDIUM,MEDIUM,MEDIUM,5,COST_BASED,COST_BASED,false,false
1,baseline,1,2045,0.0,0.23242630385487528,DISTRICT_HEATING,HOME_OWNER_ASSOCIATION,0,0,0,0,2389,0.0,0.0,0.0,1301.1410632063626,0.0,MEDIUM,MEDIUM,MEDIUM,5,COST_BASED,COST_BASED,false,false
1,baseline,1,2046,0.0,0.23242630385487528,DISTRICT_HEATING,HOME_OWNER_ASSOCIATION,0,0,0,0,2558,0.0,0.0,0.0,1339.1946833463644,0.0,MEDIUM,MEDIUM,MEDIUM,5,COST_BASED,COST_BASED,false,false
1,baseline,1,2047,0.0,0.23242630385487528,DISTRICT_HEATING,HOME_OWNER_ASSOCIATION,0,0,0,0,2871,0.0,0.0,0.0,1362.9104841518636,0.0,MEDIUM,MEDIUM,MEDIUM,5,COST_BASED,COST_BASED,false,false
1,baseline,1,2048,0.0,0.23242630385487528,DISTRICT_HEATING,HOME_OWNER_ASSOCIATION,0,0,0,0,1093,0.0,0.0,0.0,1271.0503202195791,0.0,MEDIUM,MEDIUM,MEDIUM,5,COST_BASED,COST_BASED,false,false
1,baseline,1,2049,0.0,0.23242630385487528,DISTRICT_HEATING,HOME_OWNER_ASSOCIATION,0,0,0,0,1040,0.0,0.0,0.0,1330.635576923077,0.0,MEDIUM,MEDIUM,MEDIUM,5,COST_BASED,COST_BASED,false,false
1,baseline,1,2050,0.0,0.23242630385487528,DISTRICT_HEATING,HOME_OWNER_ASSOCIATION,0,0,0,0,1357,0.0,0.0,0.0,1175.7943994104642,0.0,MEDIUM,MEDIUM,MEDIUM,5,COST_BASED,COST_BASED,false,false
1,baseline,1,2024,0.0,0.0,ELECTRIC_HEAT_PUMP,TOTAL,22709,22709,0,22709,0,0.0,0.0,0.0,0.0,0.0,MEDIUM,MEDIUM,MEDIUM,5,COST_BASED,COST_BASED,false,false
1,baseline,1,2025,0.0,0.024943310657596373,ELECTRIC_HEAT_PUMP,TOTAL,27045,6858,2522,29567,90292,0.7146940895335433,0.5683708800314219,0.08970326868347005,2904.0528618260755,0.6514569804928693,MEDIUM,MEDIUM,MEDIUM,5,COST_BASED,COST_BASED,false,false
1,baseline,1,2026,0.0,0.024943310657596373,ELECTRIC_HEAT_PUMP,TOTAL,30414,5274,1905,34841,83838,0.7083214963514443,0.5620869063041299,0.10904003794343604,2852.537989932966,0.6387899758824765,MEDIUM,MEDIUM,MEDIUM,5,COST_BASED,COST_BASED,false,false
1,baseline,1,2027,0.0,0.024943310657596373,ELECTRIC_HEAT_PUMP,TOTAL,37481,8500,1433,43341,81147,0.7053339454981721,0.5763331588486929,0.12680306458387375,2804.3792992963386,0.6564654857525265,MEDIUM,MEDIUM,MEDIUM,5,COST_BASED,COST_BASED,false,false
1,baseline,1,2028,0.0,0.024943310657596373,ELECTRIC_HEAT_PUMP,TOTAL,46780,10861,1562,54202,78168,0.6985271931909861,0.5826598414871,0.15719725908265836,2750.332015658582,0.6600586491622312,MEDIUM,MEDIUM,MEDIUM,5,COST_BASED,COST_BASED,false,false
1,baseline,1,2029,0.0,0.024943310657596373,ELECTRIC_HEAT_PUMP,TOTAL,55232,9905,1453,64107,73364,0.6910946589800715,0.5884756070502738,0.18848036896795964,2670.88169947113,0.6628196535884071,MEDIUM,MEDIUM,MEDIUM,5,COST_BASED,COST_BASED,false,false
1,baseline,1,2030,0.0,0.03741496598639456,ELECTRIC_HEAT_PUMP,TOTAL,64645,10847,1434,74954,71732,0.6882519964627078,0.5867327050044935,0.21677530356408733,2634.6268750348518,0.6538422325000209,MEDIUM,MEDIUM,MEDIUM,5,COST_BASED,COST_BASED,false,false
1,baseline,1,2031,0.0,0.05328798185941043,ELECTRIC_HEAT_PUMP,TOTAL,76546,13260,1359,88214,69400,0.6854682850894049,0.6069103570452796,0.2544728742051035,2584.570417867435,0.6753802457443194,MEDIUM,MEDIUM,MEDIUM,5,COST_BASED,COST_BASED,false,false
1,baseline,1,2032,0.0,0.07029478458049887,ELECTRIC_HEAT_PUMP,TOTAL,90145,15195,1596,103409,68520,0.6819291099364775,0.6032843543555277,0.29918358903453435,2504.4556333917103,0.6596483567905468,MEDIUM,MEDIUM,MEDIUM,5,COST_BASED,COST_BASED,false,false
1,baseline,1,2033,0.0,0.08163265306122448,ELECTRIC_HEAT_PUMP,TOTAL,104990,16336,1491,119745,62871,0.6777742334462127,0.6241283885045482,0.34400035606206564,2447.6275866456713,0.6807489353797284,MEDIUM,MEDIUM,MEDIUM,5,COST_BASED,COST_BASED,false,false
1,baseline,1,2034,0.0,0.09183673469387756,ELECTRIC_HEAT_PUMP,TOTAL,118589,15358,1759,135103,56981,0.671736890134709,0.6194022762908129,0.3786623419765227,2433.0331865007633,0.6665036064084175,MEDIUM,MEDIUM,MEDIUM,5,COST_BASED,COST_BASED,false,false
1,baseline,1,2035,0.0,0.1054421768707483,ELECTRIC_HEAT_PUMP,TOTAL,130464,13583,1708,148686,48038,0.6657044151583148,0.6347827768626162,0.408029238013492,2370.3426245888672,0.6837407520009703,MEDIUM,MEDIUM,MEDIUM,5,COST_BASED,COST_BASED,false,false
1,baseline,1,2036,0.0,0.11678004535147392,ELECTRIC_HEAT_PUMP,TOTAL,140174,11258,1548,159944,39078,0.662783672159571,0.6494517510143222,0.44107946943785126,2327.857183069758,0.6982118411221229,MEDIUM,MEDIUM,MEDIUM,5,COST_BASED,COST_BASED,false,false
1,baseline,1,2037,0.0,0.12811791383219956,ELECTRIC_HEAT_PUMP,TOTAL,149905,11192,1461,171136,53694,0.6908845408857963,0.6810837380529682,0.5241108595827524,2212.345885946288,0.7178767569623279,MEDIUM,MEDIUM,MEDIUM,5,COST_BASED,COST_BASED,false,false
1,baseline,1,2038,0.0,0.13945578231292516,ELECTRIC_HEAT_PUMP,TOTAL,158045,9338,1198,180474,58767,0.7073408810078387,0.700069875600757,0.574004341525887,2172.6579372777237,0.7297685077677055,MEDIUM,MEDIUM,MEDIUM,5,COST_BASED,COST_BASED,false,false
1,baseline,1,2039,0.0,0.15419501133786848,ELECTRIC_HEAT_PUMP,TOTAL,164736,7848,1157,188322,64268,0.7285109795578771,0.7333714643151329,0.627157544976395,2138.648254185598,0.7611400653391283,MEDIUM,MEDIUM,MEDIUM,5,COST_BASED,COST_BASED,false,false
1,baseline,1,2040,0.0,0.17346938775510204,ELECTRIC_HEAT_PUMP,TOTAL,171254,13425,6907,201747,80811,0.7472761899637079,0.7494924687888418,0.6737290294623284,2062.664612490874,0.7689873983267445,MEDIUM,MEDIUM,MEDIUM,5,COST_BASED,COST_BASED,false,false
1,baseline,1,2041,0.0,0.18594104308390022,ELECTRIC_HEAT_PUMP,TOTAL,176743,10888,5399,212635,76493,0.7513846731214194,0.7646253975551213,0.6864042883128155,2043.9056514975227,0.7874908559741138,MEDIUM,MEDIUM,MEDIUM,5,COST_BASED,COST_BASED,false,false
1,baseline,1,2042,0.0,0.20521541950113378,ELECTRIC_HEAT_PUMP,TOTAL,180836,12619,8526,225254,79571,0.7567116607307182,0.7676256882177398,0.7048567910507545,2029.5263224038908,0.7860464193812364,MEDIUM,MEDIUM,MEDIUM,5,COST_BASED,COST_BASED,false,false
1,baseline,1,2043,0.0,0.21882086167800455,ELECTRIC_HEAT_PUMP,TOTAL,182936,13012,10912,238266,82707,0.7571822726641214,0.7839153783895453,0.7118351670520446,1977.0299974609163,0.8086187076552691,MEDIUM,MEDIUM,MEDIUM,5,COST_BASED,COST_BASED,false,false
1,baseline,1,2044,0.0,0.23242630385487528,ELECTRIC_HEAT_PUMP,TOTAL,184554,11695,10077,249961,90313,0.7538429934883997,0.7753903056125073,0.712664443581466,1921.3709322024515,0.7964585991512849,MEDIUM,MEDIUM,MEDIUM,5,COST_BASED,COST_BASED,false,false
1,baseline,1,2045,0.0,0.23242630385487528,ELECTRIC_HEAT_PUMP,TOTAL,185273,11677,10958,261638,96536,0.7533499105588216,0.7849655808784304,0.7179381318876656,1876.4254371426205,0.8096263607060101,MEDIUM,MEDIUM,MEDIUM,5,COST_BASED,COST_BASED,false,false
1,baseline,1,2046,0.0,0.23242630385487528,ELECTRIC_HEAT_PUMP,TOTAL,186118,13939,13094,275577,111482,0.7436449455563019,0.76481947944179,0.6920411221638834,1895.297823863942,0.7883077022326268,MEDIUM,MEDIUM,MEDIUM,5,COST_BASED,COST_BASED,false,false
1,baseline,1,2047,0.0,0.23242630385487528,ELECTRIC_HEAT_PUMP,TOTAL,186793,15594,14919,291171,117918,0.7277529422800919,0.7634098968543798,0.6424600176885173,1881.3607761325668,0.8025616052894325,MEDIUM,MEDIUM,MEDIUM,5,COST_BASED,COST_BASED,false,false
1,baseline,1,2048,0.0,0.23242630385487528,ELECTRIC_HEAT_PUMP,TOTAL,187372,16567,15988,307738,115143,0.7167331662505899,0.7508300703618922,0.6105326554509851,1869.387413911397,0.794428650117418,MEDIUM,MEDIUM,MEDIUM,5,COST_BASED,COST_BASED,false,false
1,baseline,1,2049,0.0,0.23242630385487528,ELECTRIC_HEAT_PUMP,TOTAL,187841,15595,15126,323333,107923,0.7033700671972447,0.7405377255853498,0.573250975372002,1896.4131834734023,0.791651327735713,MEDIUM,MEDIUM,MEDIUM,5,COST_BASED,COST_BASED,false,false
1,baseline,1,2050,0.0,0.23242630385487528,ELECTRIC_HEAT_PUMP,TOTAL,188263,13826,13404,337159,101116,0.6947069432843991,0.7382662614428861,0.5571921191643402,1872.145199572768,0.7944246265521601,MEDIUM,MEDIUM,MEDIUM,5,COST_BASED,COST_BASED,false,false
1,baseline,1,2024,0.0,0.0,ELECTRIC_HEAT_PUMP,PRIVATELY_OWNED,18580,18580,0,18580,0,0.0,0.0,0.0,0.0,0.0,MEDIUM,MEDIUM,MEDIUM,5,COST_BASED,COST_BASED,false,false
1,baseline,1,2025,0.0,0.024943310657596373,ELECTRIC_HEAT_PUMP,PRIVATELY_OWNED,23205,6858,2233,25438,84468,0.7146940895335433,0.5683708800314219,0.08970326868347005,2935.039577117962,0.6514569804928693,MEDIUM,MEDIUM,MEDIUM,5,COST_BASED,COST_BASED,false,false
1,baseline,1,2026,0.0,0.024943310657596373,ELECTRIC_HEAT_PUMP,PRIVATELY_OWNED,26853,5274,1626,30712,77910,0.7083214963514443,0.5620869063041299,0.10904003794343604,2887.2249390322168,0.6387899758824765,MEDIUM,MEDIUM,MEDIUM,5,COST_BASED,COST_BASED,false,false
1,baseline,1,2027,0.0,0.024943310657596373,ELECTRIC_HEAT_PUMP,PRIVATELY_OWNED,34177,8500,1176,39212,75377,0.7053339454981721,0.5763331588486929,0.12680306458387375,2839.3699669660505,0.6564654857525265,MEDIUM,MEDIUM,MEDIUM,5,COST_BASED,COST_BASED,false,false
1,baseline,1,2028,0.0,0.024943310657596373,ELECTRIC_HEAT_PUMP,PRIVATELY_OWNED,43917,10861,1121,50073,72357,0.6985271931909861,0.5826598414871,0.15719725908265836,2786.040300178283,0.6600586491622312,MEDIUM,MEDIUM,MEDIUM,5,COST_BASED,COST_BASED,false,false
1,baseline,1,2029,0.0,0.024943310657596373,ELECTRIC_HEAT_PUMP,PRIVATELY_OWNED,52638,9903,1182,59976,67537,0.6910946589800715,0.5884756070502738,0.18848036896795964,2707.3669396034766,0.6628196535884071,MEDIUM,MEDIUM,MEDIUM,5,COST_BASED,COST_BASED,false,false
1,baseline,1,2030,0.0,0.03741496598639456,ELECTRIC_HEAT_PUMP,PRIVATELY_OWNED,62299,10845,1184,70821,65994,0.6882519964627078,0.5867327050044935,0.21677530356408733,2670.838242870564,0.6538422325000209,MEDIUM,MEDIUM,MEDIUM,5,COST_BASED,COST_BASED,false,false
1,baseline,1,2031,0.0,0.05328798185941043,ELECTRIC_HEAT_PUMP,PRIVATELY_OWNED,74429,13256,1126,84077,63538,0.6854682850894049,0.6069103570452796,0.2544728742051035,2620.1222103308255,0.6753802457443194,MEDIUM,MEDIUM,MEDIUM,5,COST_BASED,COST_BASED,false,false
1,baseline,1,2032,0.0,0.07029478458049887,ELECTRIC_HEAT_PUMP,PRIVATELY_OWNED,88314,15189,1304,99266,62362,0.6819291099364775,0.6032843543555277,0.29918358903453435,2543.8493473589688,0.6596483567905468,MEDIUM,MEDIUM,MEDIUM,5,COST_BASED,COST_BASED,false,false
1,baseline,1,2033,0.0,0.08163265306122448,ELECTRIC_HEAT_PUMP,PRIVATELY_OWNED,103401,16332,1245,115598,57083,0.6777742334462127,0.6241283885045482,0.34400035606206564,2485.14433368954,0.6807489353797284,MEDIUM,MEDIUM,MEDIUM,5,COST_BASED,COST_BASED,false,false
1,baseline,1,2034,0.0,0.09183673469387756,ELECTRIC_HEAT_PUMP,PRIVATELY_OWNED,117243,15345,1503,130943,51391,0.671736890134709,0.6194022762908129,0.3786623419765227,2469.6948103753575,0.6665036064084175,MEDIUM,MEDIUM,MEDIUM,5,COST_BASED,COST_BASED,false,false
1,baseline,1,2035,0.0,0.1054421768707483,ELECTRIC_HEAT_PUMP,PRIVATELY_OWNED,129408,13562,1397,144505,42176,0.6657044151583148,0.6347827768626162,0.408029238013492,2413.5264842564493,0.6837407520009703,MEDIUM,MEDIUM,MEDIUM,5,COST_BASED,COST_BASED,false,false
1,baseline,1,2036,0.0,0.11678004535147392,ELECTRIC_HEAT_PUMP,PRIVATELY_OWNED,139359,11233,1282,155738,33557,0.662783672159571,0.6494517510143222,0.44107946943785126,2372.6308072831303,0.6982118411221229,MEDIUM,MEDIUM,MEDIUM,5,COST_BASED,COST_BASED,false,false
1,baseline,1,2037,0.0,0.12811791383219956,ELECTRIC_HEAT_PUMP,PRIVATELY_OWNED,148872,10725,1212,166463,38650,0.6908845408857963,0.6810837380529682,0.5241108595827524,2373.216610608021,0.7178767569623279,MEDIUM,MEDIUM,MEDIUM,5,COST_BASED,COST_BASED,false,false
1,baseline,1,2038,0.0,0.13945578231292516,ELECTRIC_HEAT_PUMP,PRIVATELY_OWNED,157205,9290,957,175753,41147,0.7073408810078387,0.700069875600757,0.574004341525887,2314.6046127299683,0.7297685077677055,MEDIUM,MEDIUM,MEDIUM,5,COST_BASED,COST_BASED,false,false
1,baseline,1,2039,0.0,0.15419501133786848,ELECTRIC_HEAT_PUMP,PRIVATELY_OWNED,164122,7826,909,183579,47957,0.7285109795578771,0.7333714643151329,0.627157544976395,2245.5611276768773,0.7611400653391283,MEDIUM,MEDIUM,MEDIUM,5,COST_BASED,COST_BASED,false,false
1,baseline,1,2040,0.0,0.17346938775510204,ELECTRIC_HEAT_PUMP,PRIVATELY_OWNED,170598,13383,6907,196962,59687,0.7472761899637079,0.7494924687888418,0.6737290294623284,2213.0647377150804,0.7689873983267445,MEDIUM,MEDIUM,MEDIUM,5,COST_BASED,COST_BASED,false,false
1,baseline,1,2041,0.0,0.18594104308390022,ELECTRIC_HEAT_PUMP,PRIVATELY_OWNED,175792,10593,5399,207555,61116,0.7513846731214194,0.7646253975551213,0.6864042883128155,2122.6645395641076,0.7874908559741138,MEDIUM,MEDIUM,MEDIUM,5,COST_BASED,COST_BASED,false,false
1,baseline,1,2042,0.0,0.20521541950113378,ELECTRIC_HEAT_PUMP,PRIVATELY_OWNED,179844,12578,8526,220133,65826,0.7567116607307182,0.7676256882177398,0.7048567910507545,2084.0678151490292,0.7860464193812364,MEDIUM,MEDIUM,MEDIUM,5,COST_BASED,COST_BASED,false,false
1,baseline,1,2043,0.0,0.21882086167800455,ELECTRIC_HEAT_PUMP,PRIVATELY_OWNED,181885,12953,10912,233086,68952,0.7571822726641214,0.7839153783895453,0.7118351670520446,2033.9875130525584,0.8086187076552691,MEDIUM,MEDIUM,MEDIUM,5,COST_BASED,COST_BASED,false,false
1,baseline,1,2044,0.0,0.23242630385487528,ELECTRIC_HEAT_PUMP,PRIVATELY_OWNED,183446,11636,10075,244722,74492,0.7538429934883997,0.7753903056125073,0.712664443581466,1968.5336948934114,0.7964585991512849,MEDIUM,MEDIUM,MEDIUM,5,COST_BASED,COST_BASED,false,false
1,baseline,1,2045,0.0,0.23242630385487528,ELECTRIC_HEAT_PUMP,PRIVATELY_OWNED,184091,11601,10956,256323,81574,0.7533499105588216,0.7849655808784304,0.7179381318876656,1937.3447667148846,0.8096263607060101,MEDIUM,MEDIUM,MEDIUM,5,COST_BASED,COST_BASED,false,false
1,baseline,1,2046,0.0,0.23242630385487528,ELECTRIC_HEAT_PUMP,PRIVATELY_OWNED,184790,13789,13090,270112,92179,0.7436449455563019,0.76481947944179,0.6920411221638834,1946.7099013875177,0.7883077022326268,MEDIUM,MEDIUM,MEDIUM,5,COST_BASED,COST_BASED,false,false
1,baseline,1,2047,0.0,0.23242630385487528,ELECTRIC_HEAT_PUMP,PRIVATELY_OWNED,185375,15498,14913,285610,101390,0.7277529422800919,0.7634098968543798,0.6424600176885173,1939.0944471841403,0.8025616052894325,MEDIUM,MEDIUM,MEDIUM,5,COST_BASED,COST_BASED,false,false
1,baseline,1,2048,0.0,0.23242630385487528,ELECTRIC_HEAT_PUMP,PRIVATELY_OWNED,185809,16418,15984,302028,100947,0.7167331662505899,0.7508300703618922,0.6105326554509851,1926.0252904989748,0.794428650117418,MEDIUM,MEDIUM,MEDIUM,5,COST_BASED,COST_BASED,false,false
1,baseline,1,2049,0.0,0.23242630385487528,ELECTRIC_HEAT_PUMP,PRIVATELY_OWNED,186144,15448,15113,317476,98795,0.7033700671972447,0.7405377255853498,0.573250975372002,1923.7321929247432,0.791651327735713,MEDIUM,MEDIUM,MEDIUM,5,COST_BASED,COST_BASED,false,false
1,baseline,1,2050,0.0,0.23242630385487528,ELECTRIC_HEAT_PUMP,PRIVATELY_OWNED,186453,13692,13383,331168,90771,0.6947069432843991,0.7382662614428861,0.5571921191643402,1901.1097376915534,0.7944246265521601,MEDIUM,MEDIUM,MEDIUM,5,COST_BASED,COST_BASED,false,false
1,baseline,1,2024,0.0,0.0,ELECTRIC_HEAT_PUMP,SOCIAL_HOUSING,271,271,0,271,0,0.0,0.0,0.0,0.0,0.0,MEDIUM,MEDIUM,MEDIUM,5,COST_BASED,COST_BASED,false,false
1,baseline,1,2025,0.0,0.024943310657596373,ELECTRIC_HEAT_PUMP,SOCIAL_HOUSING,271,0,0,271,0,0.0,0.0,0.0,0.0,0.0,MEDIUM,MEDIUM,MEDIUM,5,COST_BASED,COST_BASED,false,false
1,baseline,1,2026,0.0,0.024943310657596373,ELECTRIC_HEAT_PUMP,SOCIAL_HOUSING,269,0,2,271,0,0.0,0.0,0.0,0.0,0.0,MEDIUM,MEDIUM,MEDIUM,5,COST_BASED,COST_BASED,false,false
1,baseline,1,2027,0.0,0.024943310657596373,ELECTRIC_HEAT_PUMP,SOCIAL_HOUSING,269,0,0,271,0,0.0,0.0,0.0,0.0,0.0,MEDIUM,MEDIUM,MEDIUM,5,COST_BASED,COST_BASED,false,false
1,baseline,1,2028,0.0,0.024943310657596373,ELECTRIC_HEAT_PUMP,SOCIAL_HOUSING,62,0,207,271,0,0.0,0.0,0.0,0.0,0.0,MEDIUM,MEDIUM,MEDIUM,5,COST_BASED,COST_BASED,false,false
1,baseline,1,2029,0.0,0.024943310657596373,ELECTRIC_HEAT_PUMP,SOCIAL_HOUSING,62,0,0,271,0,0.0,0.0,0.0,0.0,0.0,MEDIUM,MEDIUM,MEDIUM,5,COST_BASED,COST_BASED,false,false
1,baseline,1,2030,0.0,0.03741496598639456,ELECTRIC_HEAT_PUMP,SOCIAL_HOUSING,62,0,0,271,0,0.0,0.0,0.0,0.0,0.0,MEDIUM,MEDIUM,MEDIUM,5,COST_BASED,COST_BASED,false,false
1,baseline,1,2031,0.0,0.05328798185941043,ELECTRIC_HEAT_PUMP,SOCIAL_HOUSING,62,0,0,271,0,0.0,0.0,0.0,0.0,0.0,MEDIUM,MEDIUM,MEDIUM,5,COST_BASED,COST_BASED,false,false
1,baseline,1,2032,0.0,0.07029478458049887,ELECTRIC_HEAT_PUMP,SOCIAL_HOUSING,29,0,33,271,0,0.0,0.0,0.0,0.0,0.0,MEDIUM,MEDIUM,MEDIUM,5,COST_BASED,COST_BASED,false,false
1,baseline,1,2033,0.0,0.08163265306122448,ELECTRIC_HEAT_PUMP,SOCIAL_HOUSING,23,0,6,271,0,0.0,0.0,0.0,0.0,0.0,MEDIUM,MEDIUM,MEDIUM,5,COST_BASED,COST_BASED,false,false
1,baseline,1,2034,0.0,0.09183673469387756,ELECTRIC_HEAT_PUMP,SOCIAL_HOUSING,23,0,0,271,0,0.0,0.0,0.0,0.0,0.0,MEDIUM,MEDIUM,MEDIUM,5,COST_BASED,COST_BASED,false,false
1,baseline,1,2035,0.0,0.1054421768707483,ELECTRIC_HEAT_PUMP,SOCIAL_HOUSING,23,0,0,271,0,0.0,0.0,0.0,0.0,0.0,MEDIUM,MEDIUM,MEDIUM,5,COST_BASED,COST_BASED,false,false
1,baseline,1,2036,0.0,0.11678004535147392,ELECTRIC_HEAT_PUMP,SOCIAL_HOUSING,23,0,0,271,0,0.0,0.0,0.0,0.0,0.0,MEDIUM,MEDIUM,MEDIUM,5,COST_BASED,COST_BASED,false,false
1,baseline,1,2037,0.0,0.12811791383219956,ELECTRIC_HEAT_PUMP,SOCIAL_HOUSING,445,442,20,713,7322,0.0,0.0,0.0,1824.6006555585905,0.0,MEDIUM,MEDIUM,MEDIUM,5,COST_BASED,COST_BASED,false,false
1,baseline,1,2038,0.0,0.13945578231292516,ELECTRIC_HEAT_PUMP,SOCIAL_HOUSING,445,0,0,713,9901,0.0,0.0,0.0,1930.1621048378952,0.0,MEDIUM,MEDIUM,MEDIUM,5,COST_BASED,COST_BASED,false,false
1,baseline,1,2039,0.0,0.15419501133786848,ELECTRIC_HEAT_PUMP,SOCIAL_HOUSING,442,0,3,713,9872,0.0,0.0,0.0,1835.0938006482982,0.0,MEDIUM,MEDIUM,MEDIUM,5,COST_BASED,COST_BASED,false,false
1,baseline,1,2040,0.0,0.17346938775510204,ELECTRIC_HEAT_PUMP,SOCIAL_HOUSING,442,0,0,713,12142,0.0,0.0,0.0,1634.2014495140834,0.0,MEDIUM,MEDIUM,MEDIUM,5,COST_BASED,COST_BASED,false,false
1,baseline,1,2041,0.0,0.18594104308390022,ELECTRIC_HEAT_PUMP,SOCIAL_HOUSING,702,260,0,973,7312,0.0,0.0,0.0,1642.6416849015318,0.0,MEDIUM,MEDIUM,MEDIUM,5,COST_BASED,COST_BASED,false,false
1,baseline,1,2042,0.0,0.20521541950113378,ELECTRIC_HEAT_PUMP,SOCIAL_HOUSING,702,0,0,973,7684,0.0,0.0,0.0,1713.0780843310777,0.0,MEDIUM,MEDIUM,MEDIUM,5,COST_BASED,COST_BASED,false,false
1,baseline,1,2043,0.0,0.21882086167800455,ELECTRIC_HEAT_PUMP,SOCIAL_HOUSING,702,0,0,973,6683,0.0,0.0,0.0,1657.9060302259463,0.0,MEDIUM,MEDIUM,MEDIUM,5,COST_BASED,COST_BASED,false,false
1,baseline,1,2044,0.0,0.23242630385487528,ELECTRIC_HEAT_PUMP,SOCIAL_HOUSING,703,1,0,974,9069,0.0,0.0,0.0,1704.4948726430698,0.0,MEDIUM,MEDIUM,MEDIUM,5,COST_BASED,COST_BASED,false,false
1,baseline,1,2045,0.0,0.23242630385487528,ELECTRIC_HEAT_PUMP,SOCIAL_HOUSING,703,0,0,974,7094,0.0,0.0,0.0,1487.210741471666,0.0,MEDIUM,MEDIUM,MEDIUM,5,COST_BASED,COST_BASED,false,false
1,baseline,1,2046,0.0,0.23242630385487528,ELECTRIC_HEAT_PUMP,SOCIAL_HOUSING,767,64,0,1038,11384,0.0,0.0,0.0,1635.573875614898,0.0,MEDIUM,MEDIUM,MEDIUM,5,COST_BASED,COST_BASED,false,false
1,baseline,1,2047,0.0,0.23242630385487528,ELECTRIC_HEAT_PUMP,SOCIAL_HOUSING,767,0,0,1038,8201,0.0,0.0,0.0,1436.1751005974882,0.0,MEDIUM,MEDIUM,MEDIUM,5,COST_BASED,COST_BASED,false,false
1,baseline,1,2048,0.0,0.23242630385487528,ELECTRIC_HEAT_PUMP,SOCIAL_HOUSING,798,31,0,1069,7954,0.0,0.0,0.0,1289.0164697007795,0.0,MEDIUM,MEDIUM,MEDIUM,5,COST_BASED,COST_BASED,false,false
1,baseline,1,2049,0.0,0.23242630385487528,ELECTRIC_HEAT_PUMP,SOCIAL_HOUSING,799,1,0,1070,2559,0.0,0.0,0.0,1400.660023446659,0.0,MEDIUM,MEDIUM,MEDIUM,5,COST_BASED,COST_BASED,false,false
1,baseline,1,2050,0.0,0.23242630385487528,ELECTRIC_HEAT_PUMP,SOCIAL_HOUSING,799,0,0,1070,3240,0.0,0.0,0.0,1549.7324074074074,0.0,MEDIUM,MEDIUM,MEDIUM,5,COST_BASED,COST_BASED,false,false
1,baseline,1,2024,0.0,0.0,ELECTRIC_HEAT_PUMP,PRIVATELY_RENTED,3858,3858,0,3858,0,0.0,0.0,0.0,0.0,0.0,MEDIUM,MEDIUM,MEDIUM,5,COST_BASED,COST_BASED,false,false
1,baseline,1,2025,0.0,0.024943310657596373,ELECTRIC_HEAT_PUMP,PRIVATELY_RENTED,3569,0,289,3858,5824,0.0,0.0,0.0,2454.6390796703295,0.0,MEDIUM,MEDIUM,MEDIUM,5,COST_BASED,COST_BASED,false,false
1,baseline,1,2026,0.0,0.024943310657596373,ELECTRIC_HEAT_PUMP,PRIVATELY_RENTED,3292,0,277,3858,5928,0.0,0.0,0.0,2396.6573886639676,0.0,MEDIUM,MEDIUM,MEDIUM,5,COST_BASED,COST_BASED,false,false
1,baseline,1,2027,0.0,0.024943310657596373,ELECTRIC_HEAT_PUMP,PRIVATELY_RENTED,3035,0,257,3858,5770,0.0,0.0,0.0,2347.2750433275564,0.0,MEDIUM,MEDIUM,MEDIUM,5,COST_BASED,COST_BASED,false,false
1,baseline,1,2028,0.0,0.024943310657596373,ELECTRIC_HEAT_PUMP,PRIVATELY_RENTED,2801,0,234,3858,5811,0.0,0.0,0.0,2305.702116675271,0.0,MEDIUM,MEDIUM,MEDIUM,5,COST_BASED,COST_BASED,false,false
1,baseline,1,2029,0.0,0.024943310657596373,ELECTRIC_HEAT_PUMP,PRIVATELY_RENTED,2532,2,271,3860,5827,0.0,0.0,0.0,2248.004805217093,0.0,MEDIUM,MEDIUM,MEDIUM,5,COST_BASED,COST_BASED,false,false
1,baseline,1,2030,0.0,0.03741496598639456,ELECTRIC_HEAT_PUMP,PRIVATELY_RENTED,2284,2,250,3862,5738,0.0,0.0,0.0,2218.1519693272917,0.0,MEDIUM,MEDIUM,MEDIUM,5,COST_BASED,COST_BASED,false,false
1,baseline,1,2031,0.0,0.05328798185941043,ELECTRIC_HEAT_PUMP,PRIVATELY_RENTED,2055,4,233,3866,5862,0.0,0.0,0.0,2199.2258614807233,0.0,MEDIUM,MEDIUM,MEDIUM,5,COST_BASED,COST_BASED,false,false
1,baseline,1,2032,0.0,0.07029478458049887,ELECTRIC_HEAT_PUMP,PRIVATELY_RENTED,1802,6,259,3872,6158,0.0,0.0,0.0,2105.515914257876,0.0,MEDIUM,MEDIUM,MEDIUM,5,COST_BASED,COST_BASED,false,false
1,baseline,1,2033,0.0,0.08163265306122448,ELECTRIC_HEAT_PUMP,PRIVATELY_RENTED,1566,4,240,3876,5788,0.0,0.0,0.0,2077.626123013131,0.0,MEDIUM,MEDIUM,MEDIUM,5,COST_BASED,COST_BASED,false,false
1,baseline,1,2034,0.0,0.09183673469387756,ELECTRIC_HEAT_PUMP,PRIVATELY_RENTED,1323,13,256,3889,5590,0.0,0.0,0.0,2095.988908765653,0.0,MEDIUM,MEDIUM,MEDIUM,5,COST_BASED,COST_BASED,false,false
1,baseline,1,2035,0.0,0.1054421768707483,ELECTRIC_HEAT_PUMP,PRIVATELY_RENTED,1033,21,311,3910,5862,0.0,0.0,0.0,2059.6427840327533,0.0,MEDIUM,MEDIUM,MEDIUM,5,COST_BASED,COST_BASED,false,false
1,baseline,1,2036,0.0,0.11678004535147392,ELECTRIC_HEAT_PUMP,PRIVATELY_RENTED,792,25,266,3935,5521,0.0,0.0,0.0,2055.7201593914147,0.0,MEDIUM,MEDIUM,MEDIUM,5,COST_BASED,COST_BASED,false,false
1,baseline,1,2037,0.0,0.12811791383219956,ELECTRIC_HEAT_PUMP,PRIVATELY_RENTED,588,25,229,3960,5269,0.0,0.0,0.0,1937.8648699943062,0.0,MEDIUM,MEDIUM,MEDIUM,5,COST_BASED,COST_BASED,false,false
1,baseline,1,2038,0.0,0.13945578231292516,ELECTRIC_HEAT_PUMP,PRIVATELY_RENTED,377,30,241,3990,5135,0.0,0.0,0.0,1929.5861733203506,0.0,MEDIUM,MEDIUM,MEDIUM,5,COST_BASED,COST_BASED,false,false
1,baseline,1,2039,0.0,0.15419501133786848,ELECTRIC_HEAT_PUMP,PRIVATELY_RENTED,154,22,245,4012,4846,0.0,0.0,0.0,1913.2311184482046,0.0,MEDIUM,MEDIUM,MEDIUM,5,COST_BASED,COST_BASED,false,false
1,baseline,1,2040,0.0,0.17346938775510204,ELECTRIC_HEAT_PUMP,PRIVATELY_RENTED,196,42,0,4054,5237,0.0,0.0,0.0,1932.1258354019476,0.0,MEDIUM,MEDIUM,MEDIUM,5,COST_BASED,COST_BASED,false,false
1,baseline,1,2041,0.0,0.18594104308390022,ELECTRIC_HEAT_PUMP,PRIVATELY_RENTED,231,35,0,4089,5275,0.0,0.0,0.0,1894.5315639810426,0.0,MEDIUM,MEDIUM,MEDIUM,5,COST_BASED,COST_BASED,false,false
1,baseline,1,2042,0.0,0.20521541950113378,ELECTRIC_HEAT_PUMP,PRIVATELY_RENTED,272,41,0,4130,5148,0.0,0.0,0.0,1895.1538461538462,0.0,MEDIUM,MEDIUM,MEDIUM,5,COST_BASED,COST_BASED,false,false
1,baseline,1,2043,0.0,0.21882086167800455,ELECTRIC_HEAT_PUMP,PRIVATELY_RENTED,331,59,0,4189,5338,0.0,0.0,0.0,1871.2678905957287,0.0,MEDIUM,MEDIUM,MEDIUM,5,COST_BASED,COST_BASED,false,false
1,baseline,1,2044,0.0,0.23242630385487528,ELECTRIC_HEAT_PUMP,PRIVATELY_RENTED,387,58,2,4247,5703,0.0,0.0,0.0,1800.113975100824,0.0,MEDIUM,MEDIUM,MEDIUM,5,COST_BASED,COST_BASED,false,false
1,baseline,1,2045,0.0,0.23242630385487528,ELECTRIC_HEAT_PUMP,PRIVATELY_RENTED,461,76,2,4323,5479,0.0,0.0,0.0,1788.9403175762,0.0,MEDIUM,MEDIUM,MEDIUM,5,COST_BASED,COST_BASED,false,false
1,baseline,1,2046,0.0,0.23242630385487528,ELECTRIC_HEAT_PUMP,PRIVATELY_RENTED,543,86,4,4409,5361,0.0,0.0,0.0,1798.0701361686254,0.0,MEDIUM,MEDIUM,MEDIUM,5,COST_BASED,COST_BASED,false,false
1,baseline,1,2047,0.0,0.23242630385487528,ELECTRIC_HEAT_PUMP,PRIVATELY_RENTED,633,96,6,4505,5456,0.0,0.0,0.0,1793.4640762463343,0.0,MEDIUM,MEDIUM,MEDIUM,5,COST_BASED,COST_BASED,false,false
1,baseline,1,2048,0.0,0.23242630385487528,ELECTRIC_HEAT_PUMP,PRIVATELY_RENTED,719,90,4,4595,5149,0.0,0.0,0.0,1776.339871819771,0.0,MEDIUM,MEDIUM,MEDIUM,5,COST_BASED,COST_BASED,false,false
1,baseline,1,2049,0.0,0.23242630385487528,ELECTRIC_HEAT_PUMP,PRIVATELY_RENTED,831,125,13,4720,5529,0.0,0.0,0.0,1744.6489419424852,0.0,MEDIUM,MEDIUM,MEDIUM,5,COST_BASED,COST_BASED,false,false
1,baseline,1,2050,0.0,0.23242630385487528,ELECTRIC_HEAT_PUMP,PRIVATELY_RENTED,944,134,21,4854,5748,0.0,0.0,0.0,1696.6017745302713,0.0,MEDIUM,MEDIUM,MEDIUM,5,COST_BASED,COST_BASED,false,false
1,baseline,1,2024,0.0,0.0,ELECTRIC_HEAT_PUMP,HOME_OWNER_ASSOCIATION,0,0,0,0,0,0.0,0.0,0.0,0.0,0.0,MEDIUM,MEDIUM,MEDIUM,5,COST_BASED,COST_BASED,false,false
1,baseline,1,2025,0.0,0.024943310657596373,ELECTRIC_HEAT_PUMP,HOME_OWNER_ASSOCIATION,0,0,0,0,0,0.0,0.0,0.0,0.0,0.0,MEDIUM,MEDIUM,MEDIUM,5,COST_BASED,COST_BASED,false,false
1,baseline,1,2026,0.0,0.024943310657596373,ELECTRIC_HEAT_PUMP,HOME_OWNER_ASSOCIATION,0,0,0,0,0,0.0,0.0,0.0,0.0,0.0,MEDIUM,MEDIUM,MEDIUM,5,COST_BASED,COST_BASED,false,false
1,baseline,1,2027,0.0,0.024943310657596373,ELECTRIC_HEAT_PUMP,HOME_OWNER_ASSOCIATION,0,0,0,0,0,0.0,0.0,0.0,0.0,0.0,MEDIUM,MEDIUM,MEDIUM,5,COST_BASED,COST_BASED,false,false
1,baseline,1,2028,0.0,0.024943310657596373,ELECTRIC_HEAT_PUMP,HOME_OWNER_ASSOCIATION,0,0,0,0,0,0.0,0.0,0.0,0.0,0.0,MEDIUM,MEDIUM,MEDIUM,5,COST_BASED,COST_BASED,false,false
1,baseline,1,2029,0.0,0.024943310657596373,ELECTRIC_HEAT_PUMP,HOME_OWNER_ASSOCIATION,0,0,0,0,0,0.0,0.0,0.0,0.0,0.0,MEDIUM,MEDIUM,MEDIUM,5,COST_BASED,COST_BASED,false,false
1,baseline,1,2030,0.0,0.03741496598639456,ELECTRIC_HEAT_PUMP,HOME_OWNER_ASSOCIATION,0,0,0,0,0,0.0,0.0,0.0,0.0,0.0,MEDIUM,MEDIUM,MEDIUM,5,COST_BASED,COST_BASED,false,false
1,baseline,1,2031,0.0,0.05328798185941043,ELECTRIC_HEAT_PUMP,HOME_OWNER_ASSOCIATION,0,0,0,0,0,0.0,0.0,0.0,0.0,0.0,MEDIUM,MEDIUM,MEDIUM,5,COST_BASED,COST_BASED,false,false
1,baseline,1,2032,0.0,0.07029478458049887,ELECTRIC_HEAT_PUMP,HOME_OWNER_ASSOCIATION,0,0,0,0,0,0.0,0.0,0.0,0.0,0.0,MEDIUM,MEDIUM,MEDIUM,5,COST_BASED,COST_BASED,false,false
1,baseline,1,2033,0.0,0.08163265306122448,ELECTRIC_HEAT_PUMP,HOME_OWNER_ASSOCIATION,0,0,0,0,0,0.0,0.0,0.0,0.0,0.0,MEDIUM,MEDIUM,MEDIUM,5,COST_BASED,COST_BASED,false,false
1,baseline,1,2034,0.0,0.09183673469387756,ELECTRIC_HEAT_PUMP,HOME_OWNER_ASSOCIATION,0,0,0,0,0,0.0,0.0,0.0,0.0,0.0,MEDIUM,MEDIUM,MEDIUM,5,COST_BASED,COST_BASED,false,false
1,baseline,1,2035,0.0,0.1054421768707483,ELECTRIC_HEAT_PUMP,HOME_OWNER_ASSOCIATION,0,0,0,0,0,0.0,0.0,0.0,0.0,0.0,MEDIUM,MEDIUM,MEDIUM,5,COST_BASED,COST_BASED,false,false
1,baseline,1,2036,0.0,0.11678004535147392,ELECTRIC_HEAT_PUMP,HOME_OWNER_ASSOCIATION,0,0,0,0,0,0.0,0.0,0.0,0.0,0.0,MEDIUM,MEDIUM,MEDIUM,5,COST_BASED,COST_BASED,false,false
1,baseline,1,2037,0.0,0.12811791383219956,ELECTRIC_HEAT_PUMP,HOME_OWNER_ASSOCIATION,0,0,0,0,2453,0.0,0.0,0.0,1424.5992662046474,0.0,MEDIUM,MEDIUM,MEDIUM,5,COST_BASED,COST_BASED,false,false
1,baseline,1,2038,0.0,0.13945578231292516,ELECTRIC_HEAT_PUMP,HOME_OWNER_ASSOCIATION,18,18,0,18,2584,0.0,0.0,0.0,1324.532894736842,0.0,MEDIUM,MEDIUM,MEDIUM,5,COST_BASED,COST_BASED,false,false
1,baseline,1,2039,0.0,0.15419501133786848,ELECTRIC_HEAT_PUMP,HOME_OWNER_ASSOCIATION,18,0,0,18,1593,0.0,0.0,0.0,1486.9472693032014,0.0,MEDIUM,MEDIUM,MEDIUM,5,COST_BASED,COST_BASED,false,false
1,baseline,1,2040,0.0,0.17346938775510204,ELECTRIC_HEAT_PUMP,HOME_OWNER_ASSOCIATION,18,0,0,18,3745,0.0,0.0,0.0,1237.323898531375,0.0,MEDIUM,MEDIUM,MEDIUM,5,COST_BASED,COST_BASED,false,false
1,baseline,1,2041,0.0,0.18594104308390022,ELECTRIC_HEAT_PUMP,HOME_OWNER_ASSOCIATION,18,0,0,18,2790,0.0,0.0,0.0,1652.7093189964157,0.0,MEDIUM,MEDIUM,MEDIUM,5,COST_BASED,COST_BASED,false,false
1,baseline,1,2042,0.0,0.20521541950113378,ELECTRIC_HEAT_PUMP,HOME_OWNER_ASSOCIATION,18,0,0,18,913,0.0,0.0,0.0,1518.1237677984666,0.0,MEDIUM,MEDIUM,MEDIUM,5,COST_BASED,COST_BASED,false,false
1,baseline,1,2043,0.0,0.21882086167800455,ELECTRIC_HEAT_PUMP,HOME_OWNER_ASSOCIATION,18,0,0,18,1734,0.0,0.0,0.0,1267.6464821222607,0.0,MEDIUM,MEDIUM,MEDIUM,5,COST_BASED,COST_BASED,false,false
1,baseline,1,2044,0.0,0.23242630385487528,ELECTRIC_HEAT_PUMP,HOME_OWNER_ASSOCIATION,18,0,0,18,1049,0.0,0.0,0.0,1106.4318398474738,0.0,MEDIUM,MEDIUM,MEDIUM,5,COST_BASED,COST_BASED,false,false
1,baseline,1,2045,0.0,0.23242630385487528,ELECTRIC_HEAT_PUMP,HOME_OWNER_ASSOCIATION,18,0,0,18,2389,0.0,0.0,0.0,1152.6860611134366,0.0,MEDIUM,MEDIUM,MEDIUM,5,COST_BASED,COST_BASED,false,false
1,baseline,1,2046,0.0,0.23242630385487528,ELECTRIC_HEAT_PUMP,HOME_OWNER_ASSOCIATION,18,0,0,18,2558,0.0,0.0,0.0,1402.2646598905394,0.0,MEDIUM,MEDIUM,MEDIUM,5,COST_BASED,COST_BASED,false,false
1,baseline,1,2047,0.0,0.23242630385487528,ELECTRIC_HEAT_PUMP,HOME_OWNER_ASSOCIATION,18,0,0,18,2871,0.0,0.0,0.0,1281.1919191919192,0.0,MEDIUM,MEDIUM,MEDIUM,5,COST_BASED,COST_BASED,false,false
1,baseline,1,2048,0.0,0.23242630385487528,ELECTRIC_HEAT_PUMP,HOME_OWNER_ASSOCIATION,46,28,0,46,1093,0.0,0.0,0.0,1300.2644098810613,0.0,MEDIUM,MEDIUM,MEDIUM,5,COST_BASED,COST_BASED,false,false
1,baseline,1,2049,0.0,0.23242630385487528,ELECTRIC_HEAT_PUMP,HOME_OWNER_ASSOCIATION,67,21,0,67,1040,0.0,0.0,0.0,1327.9086538461538,0.0,MEDIUM,MEDIUM,MEDIUM,5,COST_BASED,COST_BASED,false,false
1,baseline,1,2050,0.0,0.23242630385487528,ELECTRIC_HEAT_PUMP,HOME_OWNER_ASSOCIATION,67,0,0,67,1357,0.0,0.0,0.0,1448.0486366986,0.0,MEDIUM,MEDIUM,MEDIUM,5,COST_BASED,COST_BASED,false,false
1,baseline,1,2024,0.0,0.0,HYBRID_HEAT_PUMP,TOTAL,11397,11397,0,11397,0,0.0,0.0,0.0,0.0,0.0,MEDIUM,MEDIUM,MEDIUM,5,COST_BASED,COST_BASED,false,false
1,baseline,1,2025,0.0,0.024943310657596373,HYBRID_HEAT_PUMP,TOTAL,15156,4762,1003,16159,90292,0.765241117184863,0.5821416024814603,0.04784642885443545,2156.9852589376687,0.6699405172123808,MEDIUM,MEDIUM,MEDIUM,5,COST_BASED,COST_BASED,false,false
1,baseline,1,2026,0.0,0.024943310657596373,HYBRID_HEAT_PUMP,TOTAL,19667,5353,842,21512,83838,0.7710110935345316,0.5908955805172744,0.06363824718521176,2119.0045444786374,0.6776810355959823,MEDIUM,MEDIUM,MEDIUM,5,COST_BASED,COST_BASED,false,false
1,baseline,1,2027,0.0,0.024943310657596373,HYBRID_HEAT_PUMP,TOTAL,23475,4653,845,26165,81147,0.7735442789987037,0.5879280870733794,0.07664030230794162,2094.5233834892233,0.6693459852834124,MEDIUM,MEDIUM,MEDIUM,5,COST_BASED,COST_BASED,false,false
1,baseline,1,2028,0.0,0.024943310657596373,HYBRID_HEAT_PUMP,TOTAL,29966,7317,826,33482,78168,0.7794067226308231,0.595387294996793,0.0935708342265084,2067.022809845461,0.6748365532808684,MEDIUM,MEDIUM,MEDIUM,5,COST_BASED,COST_BASED,false,false
1,baseline,1,2029,0.0,0.024943310657596373,HYBRID_HEAT_PUMP,TOTAL,35218,6037,785,39519,73364,0.785120973033648,0.6000528011337446,0.1151857343095528,2020.6881713101793,0.6750025248648268,MEDIUM,MEDIUM,MEDIUM,5,COST_BASED,COST_BASED,false,false
1,baseline,1,2030,0.0,0.03741496598639456,HYBRID_HEAT_PUMP,TOTAL,41829,7375,764,46894,71732,0.787253493616695,0.6010175653973007,0.1342295622169186,2010.1784977415937,0.6711555841375463,MEDIUM,MEDIUM,MEDIUM,5,COST_BASED,COST_BASED,false,false
1,baseline,1,2031,0.0,0.05328798185941043,HYBRID_HEAT_PUMP,TOTAL,47641,6648,836,53542,69400,0.789321593833101,0.602506869916938,0.15469078893837596,1987.5154610951008,0.6677572091825399,MEDIUM,MEDIUM,MEDIUM,5,COST_BASED,COST_BASED,false,false
1,baseline,1,2032,0.0,0.07029478458049887,HYBRID_HEAT_PUMP,TOTAL,57008,10216,849,63758,68520,0.7918225073484985,0.6080451767665034,0.1798140408130349,1940.1594424985406,0.6691586281093682,MEDIUM,MEDIUM,MEDIUM,5,COST_BASED,COST_BASED,false,false
1,baseline,1,2033,0.0,0.08163265306122448,HYBRID_HEAT_PUMP,TOTAL,66484,10213,737,73971,62871,0.7939613849569882,0.6218630209007029,0.21707470329123316,1908.7970765535779,0.6800355092890024,MEDIUM,MEDIUM,MEDIUM,5,COST_BASED,COST_BASED,false,false
1,baseline,1,2034,0.0,0.09183673469387756,HYBRID_HEAT_PUMP,TOTAL,80377,14721,828,88692,56981,0.7972172365500909,0.634246855600641,0.26327021147546614,1903.6572190730244,0.6862484213945751,MEDIUM,MEDIUM,MEDIUM,5,COST_BASED,COST_BASED,false,false
1,baseline,1,2035,0.0,0.1054421768707483,HYBRID_HEAT_PUMP,TOTAL,96360,16788,805,105480,48038,0.7984655206973534,0.653902348330986,0.3276965166597266,1857.3398143136683,0.6993130131572101,MEDIUM,MEDIUM,MEDIUM,5,COST_BASED,COST_BASED,false,false
1,baseline,1,2036,0.0,0.11678004535147392,HYBRID_HEAT_PUMP,TOTAL,109126,13625,859,119105,39078,0.7955575336938188,0.6666378284328596,0.3737487637482747,1829.1098827985056,0.7076301682887746,MEDIUM,MEDIUM,MEDIUM,5,COST_BASED,COST_BASED,false,false
1,baseline,1,2037,0.0,0.12811791383219956,HYBRID_HEAT_PUMP,TOTAL,126376,18991,1741,138096,53694,0.7727131261043904,0.6736630902329579,0.3855048171702415,1757.198793161247,0.7209401495307807,MEDIUM,MEDIUM,MEDIUM,5,COST_BASED,COST_BASED,false,false
1,baseline,1,2038,0.0,0.13945578231292516,HYBRID_HEAT_PUMP,TOTAL,144403,20200,2173,158296,58767,0.7597825539806963,0.6775881520122666,0.40220511677485893,1720.9961543042864,0.7258853103295134,MEDIUM,MEDIUM,MEDIUM,5,COST_BASED,COST_BASED,false,false
1,baseline,1,2039,0.0,0.15419501133786848,HYBRID_HEAT_PUMP,TOTAL,159990,17273,1686,175569,64268,0.7432571012180608,0.6852531020469165,0.3918196884248453,1716.4267131387317,0.7441104556596582,MEDIUM,MEDIUM,MEDIUM,5,COST_BASED,COST_BASED,false,false
1,baseline,1,2040,0.0,0.17346938775510204,HYBRID_HEAT_PUMP,TOTAL,179587,24667,5070,200236,80811,0.7296941645077376,0.6893493559283774,0.3790634019696077,1670.5386024179877,0.7568346422732233,MEDIUM,MEDIUM,MEDIUM,5,COST_BASED,COST_BASED,false,false
1,baseline,1,2041,0.0,0.18594104308390022,HYBRID_HEAT_PUMP,TOTAL,194611,19977,4953,220213,76493,0.7267597152791714,0.6921654921838968,0.37625439148488676,1652.165466121083,0.7624947115848468,MEDIUM,MEDIUM,MEDIUM,5,COST_BASED,COST_BASED,false,false
1,baseline,1,2042,0.0,0.20521541950113378,HYBRID_HEAT_PUMP,TOTAL,207979,18237,4869,238450,79571,0.7225876550230552,0.6853618510652497,0.3658702282652754,1641.9558758844303,0.755928305775791,MEDIUM,MEDIUM,MEDIUM,5,COST_BASED,COST_BASED,false,false
1,baseline,1,2043,0.0,0.21882086167800455,HYBRID_HEAT_PUMP,TOTAL,220807,19229,6401,257679,82707,0.7232471620113735,0.68901621887753,0.36534937599342254,1609.3097923996759,0.7613751938150933,MEDIUM,MEDIUM,MEDIUM,5,COST_BASED,COST_BASED,false,false
1,baseline,1,2044,0.0,0.23242630385487528,HYBRID_HEAT_PUMP,TOTAL,233447,18570,5930,276249,90313,0.7274821866286227,0.6906270630465632,0.3674161016967626,1566.7499474051356,0.7622160224884827,MEDIUM,MEDIUM,MEDIUM,5,COST_BASED,COST_BASED,false,false
1,baseline,1,2045,0.0,0.23242630385487528,HYBRID_HEAT_PUMP,TOTAL,244453,17759,6753,294008,96536,0.7297431591678931,0.7001414559937897,0.36593022697679395,1539.7864009281511,0.776293837454515,MEDIUM,MEDIUM,MEDIUM,5,COST_BASED,COST_BASED,false,false
1,baseline,1,2046,0.0,0.23242630385487528,HYBRID_HEAT_PUMP,TOTAL,257446,19662,6669,313670,111482,0.740576916520295,0.7099054877310238,0.3944982869934136,1543.4854326258949,0.7810894307181058,MEDIUM,MEDIUM,MEDIUM,5,COST_BASED,COST_BASED,false,false
1,baseline,1,2047,0.0,0.23242630385487528,HYBRID_HEAT_PUMP,TOTAL,268435,20731,9742,334401,117918,0.7562686919224159,0.7333967566524896,0.4427194327622953,1532.2491561932868,0.8003481038075311,MEDIUM,MEDIUM,MEDIUM,5,COST_BASED,COST_BASED,false,false
1,baseline,1,2048,0.0,0.23242630385487528,HYBRID_HEAT_PUMP,TOTAL,277817,19221,9839,353622,115143,0.7668065617165535,0.7385448083918312,0.47311898504421107,1519.760202530766,0.7978358258975758,MEDIUM,MEDIUM,MEDIUM,5,COST_BASED,COST_BASED,false,false
1,baseline,1,2049,0.0,0.23242630385487528,HYBRID_HEAT_PUMP,TOTAL,281704,17940,14053,371562,107923,0.7787860381746733,0.7527765746438777,0.5111832910551121,1532.800932146067,0.806672529658343,MEDIUM,MEDIUM,MEDIUM,5,COST_BASED,COST_BASED,false,false
1,baseline,1,2050,0.0,0.23242630385487528,HYBRID_HEAT_PUMP,TOTAL,285642,20230,16292,391792,101116,0.7864726477168408,0.7508012520363445,0.5303810512620605,1509.3849835832114,0.7969884533097873,MEDIUM,MEDIUM,MEDIUM,5,COST_BASED,COST_BASED,false,false
1,baseline,1,2024,0.0,0.0,HYBRID_HEAT_PUMP,PRIVATELY_OWNED,9674,9674,0,9674,0,0.0,0.0,0.0,0.0,0.0,MEDIUM,MEDIUM,MEDIUM,5,COST_BASED,COST_BASED,false,false
1,baseline,1,2025,0.0,0.024943310657596373,HYBRID_HEAT_PUMP,PRIVATELY_OWNED,12551,3771,894,13445,84468,0.765241117184863,0.5821416024814603,0.04784642885443545,2178.9025429748544,0.6699405172123808,MEDIUM,MEDIUM,MEDIUM,5,COST_BASED,COST_BASED,false,false
1,baseline,1,2026,0.0,0.024943310657596373,HYBRID_HEAT_PUMP,PRIVATELY_OWNED,15877,4062,736,17507,77910,0.7710110935345316,0.5908955805172744,0.06363824718521176,2141.901886792453,0.6776810355959823,MEDIUM,MEDIUM,MEDIUM,5,COST_BASED,COST_BASED,false,false
1,baseline,1,2027,0.0,0.024943310657596373,HYBRID_HEAT_PUMP,PRIVATELY_OWNED,18417,3277,737,20784,75377,0.7735442789987037,0.5879280870733794,0.07664030230794162,2118.308197460764,0.6693459852834124,MEDIUM,MEDIUM,MEDIUM,5,COST_BASED,COST_BASED,false,false
1,baseline,1,2028,0.0,0.024943310657596373,HYBRID_HEAT_PUMP,PRIVATELY_OWNED,23193,5474,698,26258,72357,0.7794067226308231,0.595387294996793,0.0935708342265084,2090.7831170446534,0.6748365532808684,MEDIUM,MEDIUM,MEDIUM,5,COST_BASED,COST_BASED,false,false
1,baseline,1,2029,0.0,0.024943310657596373,HYBRID_HEAT_PUMP,PRIVATELY_OWNED,26691,4154,656,30412,67537,0.785120973033648,0.6000528011337446,0.1151857343095528,2045.4103084235308,0.6750025248648268,MEDIUM,MEDIUM,MEDIUM,5,COST_BASED,COST_BASED,false,false
1,baseline,1,2030,0.0,0.03741496598639456,HYBRID_HEAT_PUMP,PRIVATELY_OWNED,31237,5213,667,35625,65994,0.787253493616695,0.6010175653973007,0.1342295622169186,2033.954071582265,0.6711555841375463,MEDIUM,MEDIUM,MEDIUM,5,COST_BASED,COST_BASED,false,false
1,baseline,1,2031,0.0,0.05328798185941043,HYBRID_HEAT_PUMP,PRIVATELY_OWNED,34933,4415,719,40040,63538,0.789321593833101,0.602506869916938,0.15469078893837596,2011.2624728508924,0.6677572091825399,MEDIUM,MEDIUM,MEDIUM,5,COST_BASED,COST_BASED,false,false
1,baseline,1,2032,0.0,0.07029478458049887,HYBRID_HEAT_PUMP,PRIVATELY_OWNED,41975,7748,706,47788,62362,0.7918225073484985,0.6080451767665034,0.1798140408130349,1966.2609120939032,0.6691586281093682,MEDIUM,MEDIUM,MEDIUM,5,COST_BASED,COST_BASED,false,false
1,baseline,1,2033,0.0,0.08163265306122448,HYBRID_HEAT_PUMP,PRIVATELY_OWNED,49126,7800,649,55588,57083,0.7939613849569882,0.6218630209007029,0.21707470329123316,1934.4909692903316,0.6800355092890024,MEDIUM,MEDIUM,MEDIUM,5,COST_BASED,COST_BASED,false,false
1,baseline,1,2034,0.0,0.09183673469387756,HYBRID_HEAT_PUMP,PRIVATELY_OWNED,60630,12207,703,67795,51391,0.7972172365500909,0.634246855600641,0.26327021147546614,1928.9127279095562,0.6862484213945751,MEDIUM,MEDIUM,MEDIUM,5,COST_BASED,COST_BASED,false,false
1,baseline,1,2035,0.0,0.1054421768707483,HYBRID_HEAT_PUMP,PRIVATELY_OWNED,73827,13907,710,81702,42176,0.7984655206973534,0.653902348330986,0.3276965166597266,1884.9196225341427,0.6993130131572101,MEDIUM,MEDIUM,MEDIUM,5,COST_BASED,COST_BASED,false,false
1,baseline,1,2036,0.0,0.11678004535147392,HYBRID_HEAT_PUMP,PRIVATELY_OWNED,83876,10790,741,92492,33557,0.7955575336938188,0.6666378284328596,0.3737487637482747,1857.9302381023333,0.7076301682887746,MEDIUM,MEDIUM,MEDIUM,5,COST_BASED,COST_BASED,false,false
1,baseline,1,2037,0.0,0.12811791383219956,HYBRID_HEAT_PUMP,PRIVATELY_OWNED,92939,10697,1634,103189,38650,0.7727131261043904,0.6736630902329579,0.3855048171702415,1890.2796636481241,0.7209401495307807,MEDIUM,MEDIUM,MEDIUM,5,COST_BASED,COST_BASED,false,false
1,baseline,1,2038,0.0,0.13945578231292516,HYBRID_HEAT_PUMP,PRIVATELY_OWNED,100459,9555,2035,112744,41147,0.7597825539806963,0.6775881520122666,0.40220511677485893,1853.8881813984008,0.7258853103295134,MEDIUM,MEDIUM,MEDIUM,5,COST_BASED,COST_BASED,false,false
1,baseline,1,2039,0.0,0.15419501133786848,HYBRID_HEAT_PUMP,PRIVATELY_OWNED,108462,9574,1571,122318,47957,0.7432571012180608,0.6852531020469165,0.3918196884248453,1811.7666451195862,0.7441104556596582,MEDIUM,MEDIUM,MEDIUM,5,COST_BASED,COST_BASED,false,false
1,baseline,1,2040,0.0,0.17346938775510204,HYBRID_HEAT_PUMP,PRIVATELY_OWNED,115661,11278,4079,133596,59687,0.7296941645077376,0.6893493559283774,0.3790634019696077,1791.3078894901737,0.7568346422732233,MEDIUM,MEDIUM,MEDIUM,5,COST_BASED,COST_BASED,false,false
1,baseline,1,2041,0.0,0.18594104308390022,HYBRID_HEAT_PUMP,PRIVATELY_OWNED,122578,10579,3662,144175,61116,0.7267597152791714,0.6921654921838968,0.37625439148488676,1720.1436775967013,0.7624947115848468,MEDIUM,MEDIUM,MEDIUM,5,COST_BASED,COST_BASED,false,false
1,baseline,1,2042,0.0,0.20521541950113378,HYBRID_HEAT_PUMP,PRIVATELY_OWNED,128431,9346,3493,153521,65826,0.7225876550230552,0.6853618510652497,0.3658702282652754,1690.5417464223863,0.755928305775791,MEDIUM,MEDIUM,MEDIUM,5,COST_BASED,COST_BASED,false,false
1,baseline,1,2043,0.0,0.21882086167800455,HYBRID_HEAT_PUMP,PRIVATELY_OWNED,133884,10011,4558,163532,68952,0.7232471620113735,0.68901621887753,0.36534937599342254,1658.427195730363,0.7613751938150933,MEDIUM,MEDIUM,MEDIUM,5,COST_BASED,COST_BASED,false,false
1,baseline,1,2044,0.0,0.23242630385487528,HYBRID_HEAT_PUMP,PRIVATELY_OWNED,137942,8105,4047,171637,74492,0.7274821866286227,0.6906270630465632,0.3674161016967626,1609.0784111045482,0.7622160224884827,MEDIUM,MEDIUM,MEDIUM,5,COST_BASED,COST_BASED,false,false
1,baseline,1,2045,0.0,0.23242630385487528,HYBRID_HEAT_PUMP,PRIVATELY_OWNED,140152,6801,4591,178438,81574,0.7297431591678931,0.7001414559937897,0.36593022697679395,1584.499718047417,0.776293837454515,MEDIUM,MEDIUM,MEDIUM,5,COST_BASED,COST_BASED,false,false
1,baseline,1,2046,0.0,0.23242630385487528,HYBRID_HEAT_PUMP,PRIVATELY_OWNED,141090,5374,4436,183812,92179,0.740576916520295,0.7099054877310238,0.3944982869934136,1586.382288807646,0.7810894307181058,MEDIUM,MEDIUM,MEDIUM,5,COST_BASED,COST_BASED,false,false
1,baseline,1,2047,0.0,0.23242630385487528,HYBRID_HEAT_PUMP,PRIVATELY_OWNED,141747,7931,7274,191743,101390,0.7562686919224159,0.7333967566524896,0.4427194327622953,1571.1336226452313,0.8003481038075311,MEDIUM,MEDIUM,MEDIUM,5,COST_BASED,COST_BASED,false,false
1,baseline,1,2048,0.0,0.23242630385487528,HYBRID_HEAT_PUMP,PRIVATELY_OWNED,142286,7965,7426,199708,100947,0.7668065617165535,0.7385448083918312,0.47311898504421107,1554.7954273034366,0.7978358258975758,MEDIUM,MEDIUM,MEDIUM,5,COST_BASED,COST_BASED,false,false
1,baseline,1,2049,0.0,0.23242630385487528,HYBRID_HEAT_PUMP,PRIVATELY_OWNED,142821,12074,11539,211782,98795,0.7787860381746733,0.7527765746438777,0.5111832910551121,1550.2005060984868,0.806672529658343,MEDIUM,MEDIUM,MEDIUM,5,COST_BASED,COST_BASED,false,false
1,baseline,1,2050,0.0,0.23242630385487528,HYBRID_HEAT_PUMP,PRIVATELY_OWNED,143273,13863,13411,225645,90771,0.7864726477168408,0.7508012520363445,0.5303810512620605,1530.1052538806448,0.7969884533097873,MEDIUM,MEDIUM,MEDIUM,5,COST_BASED,COST_BASED,false,false
1,baseline,1,2024,0.0,0.0,HYBRID_HEAT_PUMP,SOCIAL_HOUSING,56,56,0,56,0,0.0,0.0,0.0,0.0,0.0,MEDIUM,MEDIUM,MEDIUM,5,COST_BASED,COST_BASED,false,false
1,baseline,1,2025,0.0,0.024943310657596373,HYBRID_HEAT_PUMP,SOCIAL_HOUSING,56,0,0,56,0,0.0,0.0,0.0,0.0,0.0,MEDIUM,MEDIUM,MEDIUM,5,COST_BASED,COST_BASED,false,false
1,baseline,1,2026,0.0,0.024943310657596373,HYBRID_HEAT_PUMP,SOCIAL_HOUSING,92,36,0,92,0,0.0,0.0,0.0,0.0,0.0,MEDIUM,MEDIUM,MEDIUM,5,COST_BASED,COST_BASED,false,false
1,baseline,1,2027,0.0,0.024943310657596373,HYBRID_HEAT_PUMP,SOCIAL_HOUSING,92,0,0,92,0,0.0,0.0,0.0,0.0,0.0,MEDIUM,MEDIUM,MEDIUM,5,COST_BASED,COST_BASED,false,false
1,baseline,1,2028,0.0,0.024943310657596373,HYBRID_HEAT_PUMP,SOCIAL_HOUSING,299,207,0,299,0,0.0,0.0,0.0,0.0,0.0,MEDIUM,MEDIUM,MEDIUM,5,COST_BASED,COST_BASED,false,false
1,baseline,1,2029,0.0,0.024943310657596373,HYBRID_HEAT_PUMP,SOCIAL_HOUSING,295,1,5,300,0,0.0,0.0,0.0,0.0,0.0,MEDIUM,MEDIUM,MEDIUM,5,COST_BASED,COST_BASED,false,false
1,baseline,1,2030,0.0,0.03741496598639456,HYBRID_HEAT_PUMP,SOCIAL_HOUSING,426,132,1,432,0,0.0,0.0,0.0,0.0,0.0,MEDIUM,MEDIUM,MEDIUM,5,COST_BASED,COST_BASED,false,false
1,baseline,1,2031,0.0,0.05328798185941043,HYBRID_HEAT_PUMP,SOCIAL_HOUSING,428,2,0,434,0,0.0,0.0,0.0,0.0,0.0,MEDIUM,MEDIUM,MEDIUM,5,COST_BASED,COST_BASED,false,false
1,baseline,1,2032,0.0,0.07029478458049887,HYBRID_HEAT_PUMP,SOCIAL_HOUSING,461,66,33,500,0,0.0,0.0,0.0,0.0,0.0,MEDIUM,MEDIUM,MEDIUM,5,COST_BASED,COST_BASED,false,false
1,baseline,1,2033,0.0,0.08163265306122448,HYBRID_HEAT_PUMP,SOCIAL_HOUSING,477,17,1,517,0,0.0,0.0,0.0,0.0,0.0,MEDIUM,MEDIUM,MEDIUM,5,COST_BASED,COST_BASED,false,false
1,baseline,1,2034,0.0,0.09183673469387756,HYBRID_HEAT_PUMP,SOCIAL_HOUSING,478,1,0,518,0,0.0,0.0,0.0,0.0,0.0,MEDIUM,MEDIUM,MEDIUM,5,COST_BASED,COST_BASED,false,false
1,baseline,1,2035,0.0,0.1054421768707483,HYBRID_HEAT_PUMP,SOCIAL_HOUSING,494,16,0,534,0,0.0,0.0,0.0,0.0,0.0,MEDIUM,MEDIUM,MEDIUM,5,COST_BASED,COST_BASED,false,false
1,baseline,1,2036,0.0,0.11678004535147392,HYBRID_HEAT_PUMP,SOCIAL_HOUSING,496,2,0,536,0,0.0,0.0,0.0,0.0,0.0,MEDIUM,MEDIUM,MEDIUM,5,COST_BASED,COST_BASED,false,false
1,baseline,1,2037,0.0,0.12811791383219956,HYBRID_HEAT_PUMP,SOCIAL_HOUSING,5061,4565,0,5101,7322,0.0,0.0,0.0,1406.860557224802,0.0,MEDIUM,MEDIUM,MEDIUM,5,COST_BASED,COST_BASED,false,false
1,baseline,1,2038,0.0,0.13945578231292516,HYBRID_HEAT_PUMP,SOCIAL_HOUSING,12162,7114,13,12215,9901,0.0,0.0,0.0,1435.1398848601152,0.0,MEDIUM,MEDIUM,MEDIUM,5,COST_BASED,COST_BASED,false,false
1,baseline,1,2039,0.0,0.15419501133786848,HYBRID_HEAT_PUMP,SOCIAL_HOUSING,17021,4862,3,17077,9872,0.0,0.0,0.0,1428.274918962723,0.0,MEDIUM,MEDIUM,MEDIUM,5,COST_BASED,COST_BASED,false,false
1,baseline,1,2040,0.0,0.17346938775510204,HYBRID_HEAT_PUMP,SOCIAL_HOUSING,25385,8364,0,25441,12142,0.0,0.0,0.0,1318.0063416241146,0.0,MEDIUM,MEDIUM,MEDIUM,5,COST_BASED,COST_BASED,false,false
1,baseline,1,2041,0.0,0.18594104308390022,HYBRID_HEAT_PUMP,SOCIAL_HOUSING,30455,5106,36,30547,7312,0.0,0.0,0.0,1323.0642778993436,0.0,MEDIUM,MEDIUM,MEDIUM,5,COST_BASED,COST_BASED,false,false
1,baseline,1,2042,0.0,0.20521541950113378,HYBRID_HEAT_PUMP,SOCIAL_HOUSING,36355,5900,0,36447,7684,0.0,0.0,0.0,1362.8952368558043,0.0,MEDIUM,MEDIUM,MEDIUM,5,COST_BASED,COST_BASED,false,false
1,baseline,1,2043,0.0,0.21882086167800455,HYBRID_HEAT_PUMP,SOCIAL_HOUSING,41136,4988,207,41435,6683,0.0,0.0,0.0,1316.5481071375132,0.0,MEDIUM,MEDIUM,MEDIUM,5,COST_BASED,COST_BASED,false,false
1,baseline,1,2044,0.0,0.23242630385487528,HYBRID_HEAT_PUMP,SOCIAL_HOUSING,47576,6441,1,47876,9069,0.0,0.0,0.0,1343.8143124931084,0.0,MEDIUM,MEDIUM,MEDIUM,5,COST_BASED,COST_BASED,false,false
1,baseline,1,2045,0.0,0.23242630385487528,HYBRID_HEAT_PUMP,SOCIAL_HOUSING,53703,6259,132,54135,7094,0.0,0.0,0.0,1253.1809980265014,0.0,MEDIUM,MEDIUM,MEDIUM,5,COST_BASED,COST_BASED,false,false
1,baseline,1,2046,0.0,0.23242630385487528,HYBRID_HEAT_PUMP,SOCIAL_HOUSING,63428,9727,2,63862,11384,0.0,0.0,0.0,1330.7168833450457,0.0,MEDIUM,MEDIUM,MEDIUM,5,COST_BASED,COST_BASED,false,false
1,baseline,1,2047,0.0,0.23242630385487528,HYBRID_HEAT_PUMP,SOCIAL_HOUSING,70984,7622,66,71484,8201,0.0,0.0,0.0,1249.3742226557738,0.0,MEDIUM,MEDIUM,MEDIUM,5,COST_BASED,COST_BASED,false,false
1,baseline,1,2048,0.0,0.23242630385487528,HYBRID_HEAT_PUMP,SOCIAL_HOUSING,78349,7382,17,78866,7954,0.0,0.0,0.0,1176.5305506663315,0.0,MEDIUM,MEDIUM,MEDIUM,5,COST_BASED,COST_BASED,false,false
1,baseline,1,2049,0.0,0.23242630385487528,HYBRID_HEAT_PUMP,SOCIAL_HOUSING,80157,1809,1,80675,2559,0.0,0.0,0.0,1222.7608440797187,0.0,MEDIUM,MEDIUM,MEDIUM,5,COST_BASED,COST_BASED,false,false
1,baseline,1,2050,0.0,0.23242630385487528,HYBRID_HEAT_PUMP,SOCIAL_HOUSING,82494,2353,16,83028,3240,0.0,0.0,0.0,1265.629938271605,0.0,MEDIUM,MEDIUM,MEDIUM,5,COST_BASED,COST_BASED,false,false
1,baseline,1,2024,0.0,0.0,HYBRID_HEAT_PUMP,PRIVATELY_RENTED,1667,1667,0,1667,0,0.0,0.0,0.0,0.0,0.0,MEDIUM,MEDIUM,MEDIUM,5,COST_BASED,COST_BASED,false,false
1,baseline,1,2025,0.0,0.024943310657596373,HYBRID_HEAT_PUMP,PRIVATELY_RENTED,2548,990,109,2657,5824,0.0,0.0,0.0,1839.109375,0.0,MEDIUM,MEDIUM,MEDIUM,5,COST_BASED,COST_BASED,false,false
1,baseline,1,2026,0.0,0.024943310657596373,HYBRID_HEAT_PUMP,PRIVATELY_RENTED,3697,1255,106,3912,5928,0.0,0.0,0.0,1818.0713562753037,0.0,MEDIUM,MEDIUM,MEDIUM,5,COST_BASED,COST_BASED,false,false
1,baseline,1,2027,0.0,0.024943310657596373,HYBRID_HEAT_PUMP,PRIVATELY_RENTED,4965,1376,108,5288,5770,0.0,0.0,0.0,1783.807972270364,0.0,MEDIUM,MEDIUM,MEDIUM,5,COST_BASED,COST_BASED,false,false
1,baseline,1,2028,0.0,0.024943310657596373,HYBRID_HEAT_PUMP,PRIVATELY_RENTED,6473,1636,128,6924,5811,0.0,0.0,0.0,1771.1658922732747,0.0,MEDIUM,MEDIUM,MEDIUM,5,COST_BASED,COST_BASED,false,false
1,baseline,1,2029,0.0,0.024943310657596373,HYBRID_HEAT_PUMP,PRIVATELY_RENTED,8231,1882,124,8806,5827,0.0,0.0,0.0,1734.149819804359,0.0,MEDIUM,MEDIUM,MEDIUM,5,COST_BASED,COST_BASED,false,false
1,baseline,1,2030,0.0,0.03741496598639456,HYBRID_HEAT_PUMP,PRIVATELY_RENTED,10164,2029,96,10835,5738,0.0,0.0,0.0,1736.7303938654584,0.0,MEDIUM,MEDIUM,MEDIUM,5,COST_BASED,COST_BASED,false,false
1,baseline,1,2031,0.0,0.05328798185941043,HYBRID_HEAT_PUMP,PRIVATELY_RENTED,12278,2231,117,13066,5862,0.0,0.0,0.0,1730.122483793927,0.0,MEDIUM,MEDIUM,MEDIUM,5,COST_BASED,COST_BASED,false,false
1,baseline,1,2032,0.0,0.07029478458049887,HYBRID_HEAT_PUMP,PRIVATELY_RENTED,14570,2402,110,15468,6158,0.0,0.0,0.0,1675.8301396557324,0.0,MEDIUM,MEDIUM,MEDIUM,5,COST_BASED,COST_BASED,false,false
1,baseline,1,2033,0.0,0.08163265306122448,HYBRID_HEAT_PUMP,PRIVATELY_RENTED,16878,2395,87,17863,5788,0.0,0.0,0.0,1655.3961644782307,0.0,MEDIUM,MEDIUM,MEDIUM,5,COST_BASED,COST_BASED,false,false
1,baseline,1,2034,0.0,0.09183673469387756,HYBRID_HEAT_PUMP,PRIVATELY_RENTED,19266,2513,125,20376,5590,0.0,0.0,0.0,1671.473703041145,0.0,MEDIUM,MEDIUM,MEDIUM,5,COST_BASED,COST_BASED,false,false
1,baseline,1,2035,0.0,0.1054421768707483,HYBRID_HEAT_PUMP,PRIVATELY_RENTED,22036,2865,95,23241,5862,0.0,0.0,0.0,1658.9082224496758,0.0,MEDIUM,MEDIUM,MEDIUM,5,COST_BASED,COST_BASED,false,false
1,baseline,1,2036,0.0,0.11678004535147392,HYBRID_HEAT_PUMP,PRIVATELY_RENTED,24751,2833,118,26074,5521,0.0,0.0,0.0,1653.937873573628,0.0,MEDIUM,MEDIUM,MEDIUM,5,COST_BASED,COST_BASED,false,false
1,baseline,1,2037,0.0,0.12811791383219956,HYBRID_HEAT_PUMP,PRIVATELY_RENTED,26960,2316,107,28390,5269,0.0,0.0,0.0,1557.1932055418486,0.0,MEDIUM,MEDIUM,MEDIUM,5,COST_BASED,COST_BASED,false,false
1,baseline,1,2038,0.0,0.13945578231292516,HYBRID_HEAT_PUMP,PRIVATELY_RENTED,29157,2322,125,30712,5135,0.0,0.0,0.0,1555.3700097370984,0.0,MEDIUM,MEDIUM,MEDIUM,5,COST_BASED,COST_BASED,false,false
1,baseline,1,2039,0.0,0.15419501133786848,HYBRID_HEAT_PUMP,PRIVATELY_RENTED,31230,2185,112,32897,4846,0.0,0.0,0.0,1537.1500206355756,0.0,MEDIUM,MEDIUM,MEDIUM,5,COST_BASED,COST_BASED,false,false
1,baseline,1,2040,0.0,0.17346938775510204,HYBRID_HEAT_PUMP,PRIVATELY_RENTED,33002,2762,990,35659,5237,0.0,0.0,0.0,1563.043345426771,0.0,MEDIUM,MEDIUM,MEDIUM,5,COST_BASED,COST_BASED,false,false
1,baseline,1,2041,0.0,0.18594104308390022,HYBRID_HEAT_PUMP,PRIVATELY_RENTED,34610,2863,1255,38522,5275,0.0,0.0,0.0,1536.8587677725118,0.0,MEDIUM,MEDIUM,MEDIUM,5,COST_BASED,COST_BASED,false,false
1,baseline,1,2042,0.0,0.20521541950113378,HYBRID_HEAT_PUMP,PRIVATELY_RENTED,36060,2826,1376,41348,5148,0.0,0.0,0.0,1535.0143745143746,0.0,MEDIUM,MEDIUM,MEDIUM,5,COST_BASED,COST_BASED,false,false
1,baseline,1,2043,0.0,0.21882086167800455,HYBRID_HEAT_PUMP,PRIVATELY_RENTED,37480,3056,1636,44404,5338,0.0,0.0,0.0,1524.3031097789435,0.0,MEDIUM,MEDIUM,MEDIUM,5,COST_BASED,COST_BASED,false,false
1,baseline,1,2044,0.0,0.23242630385487528,HYBRID_HEAT_PUMP,PRIVATELY_RENTED,38897,3299,1882,47703,5703,0.0,0.0,0.0,1479.1600911800806,0.0,MEDIUM,MEDIUM,MEDIUM,5,COST_BASED,COST_BASED,false,false
1,baseline,1,2045,0.0,0.23242630385487528,HYBRID_HEAT_PUMP,PRIVATELY_RENTED,40121,3253,2029,50956,5479,0.0,0.0,0.0,1471.5906187260448,0.0,MEDIUM,MEDIUM,MEDIUM,5,COST_BASED,COST_BASED,false,false
1,baseline,1,2046,0.0,0.23242630385487528,HYBRID_HEAT_PUMP,PRIVATELY_RENTED,41254,3364,2231,54320,5361,0.0,0.0,0.0,1481.8367841820557,0.0,MEDIUM,MEDIUM,MEDIUM,5,COST_BASED,COST_BASED,false,false
1,baseline,1,2047,0.0,0.23242630385487528,HYBRID_HEAT_PUMP,PRIVATELY_RENTED,42334,3482,2402,57802,5456,0.0,0.0,0.0,1480.684017595308,0.0,MEDIUM,MEDIUM,MEDIUM,5,COST_BASED,COST_BASED,false,false
1,baseline,1,2048,0.0,0.23242630385487528,HYBRID_HEAT_PUMP,PRIVATELY_RENTED,43291,3352,2395,61154,5149,0.0,0.0,0.0,1473.6238104486308,0.0,MEDIUM,MEDIUM,MEDIUM,5,COST_BASED,COST_BASED,false,false
1,baseline,1,2049,0.0,0.23242630385487528,HYBRID_HEAT_PUMP,PRIVATELY_RENTED,44278,3500,2513,64654,5529,0.0,0.0,0.0,1450.2602640622174,0.0,MEDIUM,MEDIUM,MEDIUM,5,COST_BASED,COST_BASED,false,false
1,baseline,1,2050,0.0,0.23242630385487528,HYBRID_HEAT_PUMP,PRIVATELY_RENTED,45167,3754,2865,68408,5748,0.0,0.0,0.0,1427.0565414057064,0.0,MEDIUM,MEDIUM,MEDIUM,5,COST_BASED,COST_BASED,false,false
1,baseline,1,2024,0.0,0.0,HYBRID_HEAT_PUMP,HOME_OWNER_ASSOCIATION,0,0,0,0,0,0.0,0.0,0.0,0.0,0.0,MEDIUM,MEDIUM,MEDIUM,5,COST_BASED,COST_BASED,false,false
1,baseline,1,2025,0.0,0.024943310657596373,HYBRID_HEAT_PUMP,HOME_OWNER_ASSOCIATION,1,1,0,1,0,0.0,0.0,0.0,0.0,0.0,MEDIUM,MEDIUM,MEDIUM,5,COST_BASED,COST_BASED,false,false
1,baseline,1,2026,0.0,0.024943310657596373,HYBRID_HEAT_PUMP,HOME_OWNER_ASSOCIATION,1,0,0,1,0,0.0,0.0,0.0,0.0,0.0,MEDIUM,MEDIUM,MEDIUM,5,COST_BASED,COST_BASED,false,false
1,baseline,1,2027,0.0,0.024943310657596373,HYBRID_HEAT_PUMP,HOME_OWNER_ASSOCIATION,1,0,0,1,0,0.0,0.0,0.0,0.0,0.0,MEDIUM,MEDIUM,MEDIUM,5,COST_BASED,COST_BASED,false,false
1,baseline,1,2028,0.0,0.024943310657596373,HYBRID_HEAT_PUMP,HOME_OWNER_ASSOCIATION,1,0,0,1,0,0.0,0.0,0.0,0.0,0.0,MEDIUM,MEDIUM,MEDIUM,5,COST_BASED,COST_BASED,false,false
1,baseline,1,2029,0.0,0.024943310657596373,HYBRID_HEAT_PUMP,HOME_OWNER_ASSOCIATION,1,0,0,1,0,0.0,0.0,0.0,0.0,0.0,MEDIUM,MEDIUM,MEDIUM,5,COST_BASED,COST_BASED,false,false
1,baseline,1,2030,0.0,0.03741496598639456,HYBRID_HEAT_PUMP,HOME_OWNER_ASSOCIATION,2,1,0,2,0,0.0,0.0,0.0,0.0,0.0,MEDIUM,MEDIUM,MEDIUM,5,COST_BASED,COST_BASED,false,false
1,baseline,1,2031,0.0,0.05328798185941043,HYBRID_HEAT_PUMP,HOME_OWNER_ASSOCIATION,2,0,0,2,0,0.0,0.0,0.0,0.0,0.0,MEDIUM,MEDIUM,MEDIUM,5,COST_BASED,COST_BASED,false,false
1,baseline,1,2032,0.0,0.07029478458049887,HYBRID_HEAT_PUMP,HOME_OWNER_ASSOCIATION,2,0,0,2,0,0.0,0.0,0.0,0.0,0.0,MEDIUM,MEDIUM,MEDIUM,5,COST_BASED,COST_BASED,false,false
1,baseline,1,2033,0.0,0.08163265306122448,HYBRID_HEAT_PUMP,HOME_OWNER_ASSOCIATION,3,1,0,3,0,0.0,0.0,0.0,0.0,0.0,MEDIUM,MEDIUM,MEDIUM,5,COST_BASED,COST_BASED,false,false
1,baseline,1,2034,0.0,0.09183673469387756,HYBRID_HEAT_PUMP,HOME_OWNER_ASSOCIATION,3,0,0,3,0,0.0,0.0,0.0,0.0,0.0,MEDIUM,MEDIUM,MEDIUM,5,COST_BASED,COST_BASED,false,false
1,baseline,1,2035,0.0,0.1054421768707483,HYBRID_HEAT_PUMP,HOME_OWNER_ASSOCIATION,3,0,0,3,0,0.0,0.0,0.0,0.0,0.0,MEDIUM,MEDIUM,MEDIUM,5,COST_BASED,COST_BASED,false,false
1,baseline,1,2036,0.0,0.11678004535147392,HYBRID_HEAT_PUMP,HOME_OWNER_ASSOCIATION,3,0,0,3,0,0.0,0.0,0.0,0.0,0.0,MEDIUM,MEDIUM,MEDIUM,5,COST_BASED,COST_BASED,false,false
1,baseline,1,2037,0.0,0.12811791383219956,HYBRID_HEAT_PUMP,HOME_OWNER_ASSOCIATION,1416,1413,0,1416,2453,0.0,0.0,0.0,1135.6865063187934,0.0,MEDIUM,MEDIUM,MEDIUM,5,COST_BASED,COST_BASED,false,false
1,baseline,1,2038,0.0,0.13945578231292516,HYBRID_HEAT_PUMP,HOME_OWNER_ASSOCIATION,2625,1209,0,2625,2584,0.0,0.0,0.0,1029.295278637771,0.0,MEDIUM,MEDIUM,MEDIUM,5,COST_BASED,COST_BASED,false,false
1,baseline,1,2039,0.0,0.15419501133786848,HYBRID_HEAT_PUMP,HOME_OWNER_ASSOCIATION,3277,652,0,3277,1593,0.0,0.0,0.0,1177.3132454488386,0.0,MEDIUM,MEDIUM,MEDIUM,5,COST_BASED,COST_BASED,false,false
1,baseline,1,2040,0.0,0.17346938775510204,HYBRID_HEAT_PUMP,HOME_OWNER_ASSOCIATION,5539,2263,1,5540,3745,0.0,0.0,0.0,1039.041388518024,0.0,MEDIUM,MEDIUM,MEDIUM,5,COST_BASED,COST_BASED,false,false
1,baseline,1,2041,0.0,0.18594104308390022,HYBRID_HEAT_PUMP,HOME_OWNER_ASSOCIATION,6968,1429,0,6969,2790,0.0,0.0,0.0,1243.5899641577062,0.0,MEDIUM,MEDIUM,MEDIUM,5,COST_BASED,COST_BASED,false,false
1,baseline,1,2042,0.0,0.20521541950113378,HYBRID_HEAT_PUMP,HOME_OWNER_ASSOCIATION,7133,165,0,7134,913,0.0,0.0,0.0,1090.6122672508216,0.0,MEDIUM,MEDIUM,MEDIUM,5,COST_BASED,COST_BASED,false,false
1,baseline,1,2043,0.0,0.21882086167800455,HYBRID_HEAT_PUMP,HOME_OWNER_ASSOCIATION,8307,1174,0,8308,1734,0.0,0.0,0.0,1046.1891580161475,0.0,MEDIUM,MEDIUM,MEDIUM,5,COST_BASED,COST_BASED,false,false
1,baseline,1,2044,0.0,0.23242630385487528,HYBRID_HEAT_PUMP,HOME_OWNER_ASSOCIATION,9032,725,0,9033,1049,0.0,0.0,0.0,964.4585319351763,0.0,MEDIUM,MEDIUM,MEDIUM,5,COST_BASED,COST_BASED,false,false
1,baseline,1,2045,0.0,0.23242630385487528,HYBRID_HEAT_PUMP,HOME_OWNER_ASSOCIATION,10477,1446,1,10479,2389,0.0,0.0,0.0,1020.4809543742151,0.0,MEDIUM,MEDIUM,MEDIUM,5,COST_BASED,COST_BASED,false,false
1,baseline,1,2046,0.0,0.23242630385487528,HYBRID_HEAT_PUMP,HOME_OWNER_ASSOCIATION,11674,1197,0,11676,2558,0.0,0.0,0.0,1073.769351055512,0.0,MEDIUM,MEDIUM,MEDIUM,5,COST_BASED,COST_BASED,false,false
1,baseline,1,2047,0.0,0.23242630385487528,HYBRID_HEAT_PUMP,HOME_OWNER_ASSOCIATION,13370,1696,0,13372,2871,0.0,0.0,0.0,1065.060257749913,0.0,MEDIUM,MEDIUM,MEDIUM,5,COST_BASED,COST_BASED,false,false
1,baseline,1,2048,0.0,0.23242630385487528,HYBRID_HEAT_PUMP,HOME_OWNER_ASSOCIATION,13891,522,1,13894,1093,0.0,0.0,0.0,999.0869167429095,0.0,MEDIUM,MEDIUM,MEDIUM,5,COST_BASED,COST_BASED,false,false
1,baseline,1,2049,0.0,0.23242630385487528,HYBRID_HEAT_PUMP,HOME_OWNER_ASSOCIATION,14448,557,0,14451,1040,0.0,0.0,0.0,1081.6173076923078,0.0,MEDIUM,MEDIUM,MEDIUM,5,COST_BASED,COST_BASED,false,false
1,baseline,1,2050,0.0,0.23242630385487528,HYBRID_HEAT_PUMP,HOME_OWNER_ASSOCIATION,14708,260,0,14711,1357,0.0,0.0,0.0,1054.1090641120118,0.0,MEDIUM,MEDIUM,MEDIUM,5,COST_BASED,COST_BASED,false,false
