scenario,scenario_name,iteration,year,nbh_in_grid_congestion_perc,nbh_with_dh_perc,heating_system,ownership,installed_current,installed_annually,removed_annually,installed_cumulative,considered_annually,avg_att,avg_util,avg_sub_norm,avg_eac,avg_pbc,SLF,ELF,GRR,DHCT,DHES,SHAES,DHCO,GCHPB
1,baseline,1,2024,0.0,0.0,NATURAL_GAS_BOILER,TOTAL,473537,473537,0,473537,0,0.0,0.0,0.0,0.0,0.0,MEDIUM,MEDIUM,MEDIUM,5,COST_BASED,COST_BASED,false,false
1,baseline,1,2025,0.0,0.024943310657596373,NATURAL_GAS_BOILER,TOTAL,469238,41116,45415,514653,90276,0.28433552167818527,0.6580727230019788,0.9998019089939676,1964.2164584164118,0.7910499654591558,MEDIUM,MEDIUM,MEDIUM,5,COST_BASED,COST_BASED,false,false
1,baseline,1,2026,0.0,0.024943310657596373,NATURAL_GAS_BOILER,TOTAL,459857,33729,43110,548382,84703,0.28995957926516847,0.6483950318737514,0.9434095438085768,1933.6481824728758,0.7821764600183175,MEDIUM,MEDIUM,MEDIUM,5,COST_BASED,COST_BASED,false,false
1,baseline,1,2027,0.0,0.024943310657596373,NATURAL_GAS_BOILER,TOTAL,448469,31349,42737,579731,79220,0.29826458059727046,0.6512690284085145,0.9442195654250763,1913.2477404695785,0.7843099517853146,MEDIUM,MEDIUM,MEDIUM,5,COST_BASED,COST_BASED,false,false
1,baseline,1,2028,0.0,0.024943310657596373,NATURAL_GAS_BOILER,TOTAL,435457,27725,40737,607456,75150,0.3041249613763633,0.6475497932348542,0.9284710317496648,1910.3501131071191,0.779234570539505,MEDIUM,MEDIUM,MEDIUM,5,COST_BASED,COST_BASED,false,false
1,baseline,1,2029,0.0,0.024943310657596373,NATURAL_GAS_BOILER,TOTAL,423745,25789,37501,633245,72272,0.30796924929151837,0.6609188907754648,0.9189960861464886,1905.578453619659,0.7995115130720118,MEDIUM,MEDIUM,MEDIUM,5,COST_BASED,COST_BASED,false,false
1,baseline,1,2030,0.0,0.04081632653061224,NATURAL_GAS_BOILER,TOTAL,407138,29446,46053,662691,71694,0.30931231334231757,0.6483933345310122,0.8973448448224035,1909.9177058052278,0.7830938178581327,MEDIUM,MEDIUM,MEDIUM,5,COST_BASED,COST_BASED,false,false
1,baseline,1,2031,0.0,0.05782312925170068,NATURAL_GAS_BOILER,TOTAL,389672,23763,41229,686454,68058,0.3139645556686973,0.6616113526653653,0.8401921824315227,1895.7239413441475,0.80890186727695,MEDIUM,MEDIUM,MEDIUM,5,COST_BASED,COST_BASED,false,false
1,baseline,1,2032,0.0,0.07482993197278912,NATURAL_GAS_BOILER,TOTAL,368598,22719,43793,709173,66602,0.312263317104568,0.6446720223945029,0.816853179888027,1864.8503798684724,0.7868355568296157,MEDIUM,MEDIUM,MEDIUM,5,COST_BASED,COST_BASED,false,false
1,baseline,1,2033,0.0,0.08616780045351474,NATURAL_GAS_BOILER,TOTAL,344157,20920,45361,730093,61040,0.31801743046985426,0.651389275852369,0.7571941069517769,1855.831880733945,0.8029302927921156,MEDIUM,MEDIUM,MEDIUM,5,COST_BASED,COST_BASED,false,false
1,baseline,1,2034,0.0,0.0963718820861678,NATURAL_GAS_BOILER,TOTAL,317335,14369,41191,744462,53832,0.3207437755183992,0.6285410013949061,0.6887437097463279,1887.099086045475,0.7765325944944588,MEDIUM,MEDIUM,MEDIUM,5,COST_BASED,COST_BASED,false,false
1,baseline,1,2035,0.0,0.1054421768707483,NATURAL_GAS_BOILER,TOTAL,294696,19877,42516,764339,46750,0.32828202279585716,0.6343545907337407,0.6443825475740609,1872.0929197860962,0.7889135619549114,MEDIUM,MEDIUM,MEDIUM,5,COST_BASED,COST_BASED,false,false
1,baseline,1,2036,0.0,0.11791383219954649,NATURAL_GAS_BOILER,TOTAL,273834,22383,43245,786722,38621,0.3364954061462232,0.6187813269520233,0.5383157814365132,1851.4171046839801,0.776758666211925,MEDIUM,MEDIUM,MEDIUM,5,COST_BASED,COST_BASED,false,false
1,baseline,1,2037,0.0,0.12585034013605442,NATURAL_GAS_BOILER,TOTAL,246470,8332,35696,795054,52326,0.31141330766160136,0.5977209861160026,0.40605140675308543,1814.1633795818523,0.7679717264144679,MEDIUM,MEDIUM,MEDIUM,5,COST_BASED,COST_BASED,false,false
1,baseline,1,2038,0.0,0.1417233560090703,NATURAL_GAS_BOILER,TOTAL,224562,7458,29366,802512,56127,0.2848691370139428,0.5746005589695211,0.35103358600310164,1927.8532613537157,0.7468043559504159,MEDIUM,MEDIUM,MEDIUM,5,COST_BASED,COST_BASED,false,false
1,baseline,1,2039,0.0,0.1621315192743764,NATURAL_GAS_BOILER,TOTAL,203853,8446,29155,810958,66457,0.26947591294995776,0.5455034301631682,0.2709983499416367,1952.7700768918246,0.7170113732645547,MEDIUM,MEDIUM,MEDIUM,5,COST_BASED,COST_BASED,false,false
1,baseline,1,2040,0.0,0.17800453514739228,NATURAL_GAS_BOILER,TOTAL,183749,5528,25632,816486,75548,0.2567726080522863,0.5297176611888775,0.19948313536893666,1994.7194895960183,0.7054479478491337,MEDIUM,MEDIUM,MEDIUM,5,COST_BASED,COST_BASED,false,false
1,baseline,1,2041,0.0,0.1893424036281179,NATURAL_GAS_BOILER,TOTAL,166666,6248,23331,822734,77131,0.2531813329460195,0.5385528451901918,0.15665984662251745,1966.0731871750659,0.7249514537209697,MEDIUM,MEDIUM,MEDIUM,5,COST_BASED,COST_BASED,false,false
1,baseline,1,2042,0.0,0.20294784580498867,NATURAL_GAS_BOILER,TOTAL,147988,7481,26159,830215,86079,0.2515410694042076,0.5250391209529851,0.11550053139097169,1926.3768166451748,0.7102358476545455,MEDIUM,MEDIUM,MEDIUM,5,COST_BASED,COST_BASED,false,false
1,baseline,1,2043,0.0,0.2199546485260771,NATURAL_GAS_BOILER,TOTAL,134221,5232,18999,835447,83908,0.2549006427494906,0.5387157478251209,0.08586437909160062,1939.9936954759976,0.7336154136638584,MEDIUM,MEDIUM,MEDIUM,5,COST_BASED,COST_BASED,false,false
1,baseline,1,2044,0.0,0.23242630385487528,NATURAL_GAS_BOILER,TOTAL,122340,6609,18490,842056,91846,0.2570687983109884,0.5207344694043063,0.0669689070753508,1906.8920040067069,0.7084633911442987,MEDIUM,MEDIUM,MEDIUM,5,COST_BASED,COST_BASED,false,false
1,baseline,1,2045,0.0,0.23242630385487528,NATURAL_GAS_BOILER,TOTAL,111189,6027,17178,848083,102430,0.2618241648560462,0.5297361725353184,0.05045624168125447,1904.9660060529143,0.722841187378792,MEDIUM,MEDIUM,MEDIUM,5,COST_BASED,COST_BASED,false,false
1,baseline,1,2046,0.0,0.23242630385487528,NATURAL_GAS_BOILER,TOTAL,103672,3474,10991,851557,105068,0.2670245012155496,0.5139700322804605,0.04200295669071293,1933.9727509803174,0.6989485535304764,MEDIUM,MEDIUM,MEDIUM,5,COST_BASED,COST_BASED,false,false
1,baseline,1,2047,0.0,0.23242630385487528,NATURAL_GAS_BOILER,TOTAL,92608,6918,17982,858475,120402,0.2738087285479938,0.520443182567559,0.03794389463434399,1889.0466188269297,0.7074696048850354,MEDIUM,MEDIUM,MEDIUM,5,COST_BASED,COST_BASED,false,false
1,baseline,1,2048,0.0,0.23242630385487528,NATURAL_GAS_BOILER,TOTAL,77645,6951,21914,865426,125028,0.2869000160494642,0.5145035146683238,0.03560332555422955,1860.2051860383274,0.6955798522958438,MEDIUM,MEDIUM,MEDIUM,5,COST_BASED,COST_BASED,false,false
1,baseline,1,2049,0.0,0.23242630385487528,NATURAL_GAS_BOILER,TOTAL,73973,4252,7924,869678,105249,0.29694588904413294,0.5288072064313589,0.035428881640953,1889.760387272088,0.7145457271808843,MEDIUM,MEDIUM,MEDIUM,5,COST_BASED,COST_BASED,false,false
1,baseline,1,2050,0.0,0.23242630385487528,NATURAL_GAS_BOILER,TOTAL,70845,4244,7372,873922,96039,0.30787063951539256,0.5285706048525446,0.03836721441692261,1868.2128197919594,0.7110923455978416,MEDIUM,MEDIUM,MEDIUM,5,COST_BASED,COST_BASED,false,false
1,baseline,1,2024,0.0,0.0,NATURAL_GAS_BOILER,PRIVATELY_OWNED,309916,309916,0,309916,0,0.0,0.0,0.0,0.0,0.0,MEDIUM,MEDIUM,MEDIUM,5,COST_BASED,COST_BASED,false,false
1,baseline,1,2025,0.0,0.024943310657596373,NATURAL_GAS_BOILER,PRIVATELY_OWNED,303874,23569,29611,333485,84363,0.28433552167818527,0.6580727230019788,0.9998019089939676,1985.3454239417754,0.7910499654591558,MEDIUM,MEDIUM,MEDIUM,5,COST_BASED,COST_BASED,false,false
1,baseline,1,2026,0.0,0.024943310657596373,NATURAL_GAS_BOILER,PRIVATELY_OWNED,293186,19934,30622,353419,78740,0.28995957926516847,0.6483950318737514,0.9434095438085768,1956.054978409957,0.7821764600183175,MEDIUM,MEDIUM,MEDIUM,5,COST_BASED,COST_BASED,false,false
1,baseline,1,2027,0.0,0.024943310657596373,NATURAL_GAS_BOILER,PRIVATELY_OWNED,280800,17207,29593,370626,73463,0.29826458059727046,0.6512690284085145,0.9442195654250763,1933.931189850673,0.7843099517853146,MEDIUM,MEDIUM,MEDIUM,5,COST_BASED,COST_BASED,false,false
1,baseline,1,2028,0.0,0.024943310657596373,NATURAL_GAS_BOILER,PRIVATELY_OWNED,267182,15304,28922,385930,69275,0.3041249613763633,0.6475497932348542,0.9284710317496648,1930.5626560808373,0.779234570539505,MEDIUM,MEDIUM,MEDIUM,5,COST_BASED,COST_BASED,false,false
1,baseline,1,2029,0.0,0.024943310657596373,NATURAL_GAS_BOILER,PRIVATELY_OWNED,254901,14487,26768,400417,66477,0.30796924929151837,0.6609188907754648,0.9189960861464886,1927.4528032251756,0.7995115130720118,MEDIUM,MEDIUM,MEDIUM,5,COST_BASED,COST_BASED,false,false
1,baseline,1,2030,0.0,0.04081632653061224,NATURAL_GAS_BOILER,PRIVATELY_OWNED,238017,12906,29790,413323,65966,0.30931231334231757,0.6483933345310122,0.8973448448224035,1931.2173240760392,0.7830938178581327,MEDIUM,MEDIUM,MEDIUM,5,COST_BASED,COST_BASED,false,false
1,baseline,1,2031,0.0,0.05782312925170068,NATURAL_GAS_BOILER,PRIVATELY_OWNED,220749,11864,29132,425187,62301,0.3139645556686973,0.6616113526653653,0.8401921824315227,1917.3841190350074,0.80890186727695,MEDIUM,MEDIUM,MEDIUM,5,COST_BASED,COST_BASED,false,false
1,baseline,1,2032,0.0,0.07482993197278912,NATURAL_GAS_BOILER,PRIVATELY_OWNED,198515,9460,31694,434647,60481,0.312263317104568,0.6446720223945029,0.816853179888027,1888.5082422578992,0.7868355568296157,MEDIUM,MEDIUM,MEDIUM,5,COST_BASED,COST_BASED,false,false
1,baseline,1,2033,0.0,0.08616780045351474,NATURAL_GAS_BOILER,PRIVATELY_OWNED,173819,7049,31745,441696,55197,0.31801743046985426,0.651389275852369,0.7571941069517769,1878.6581335942171,0.8029302927921156,MEDIUM,MEDIUM,MEDIUM,5,COST_BASED,COST_BASED,false,false
1,baseline,1,2034,0.0,0.0963718820861678,NATURAL_GAS_BOILER,PRIVATELY_OWNED,148435,5230,30614,446926,48174,0.3207437755183992,0.6285410013949061,0.6887437097463279,1910.566322082451,0.7765325944944588,MEDIUM,MEDIUM,MEDIUM,5,COST_BASED,COST_BASED,false,false
1,baseline,1,2035,0.0,0.1054421768707483,NATURAL_GAS_BOILER,PRIVATELY_OWNED,124285,3229,27379,450155,40942,0.32828202279585716,0.6343545907337407,0.6443825475740609,1901.8781202676957,0.7889135619549114,MEDIUM,MEDIUM,MEDIUM,5,COST_BASED,COST_BASED,false,false
1,baseline,1,2036,0.0,0.11791383219954649,NATURAL_GAS_BOILER,PRIVATELY_OWNED,102531,1643,23397,451798,33094,0.3364954061462232,0.6187813269520233,0.5383157814365132,1881.1393606091738,0.776758666211925,MEDIUM,MEDIUM,MEDIUM,5,COST_BASED,COST_BASED,false,false
1,baseline,1,2037,0.0,0.12585034013605442,NATURAL_GAS_BOILER,PRIVATELY_OWNED,85691,1309,18149,453107,34057,0.31141330766160136,0.5977209861160026,0.40605140675308543,1991.2018380949585,0.7679717264144679,MEDIUM,MEDIUM,MEDIUM,5,COST_BASED,COST_BASED,false,false
1,baseline,1,2038,0.0,0.1417233560090703,NATURAL_GAS_BOILER,PRIVATELY_OWNED,71189,1069,15571,454176,41611,0.2848691370139428,0.5746005589695211,0.35103358600310164,2070.755953954483,0.7468043559504159,MEDIUM,MEDIUM,MEDIUM,5,COST_BASED,COST_BASED,false,false
1,baseline,1,2039,0.0,0.1621315192743764,NATURAL_GAS_BOILER,PRIVATELY_OWNED,57099,923,15013,455099,51629,0.26947591294995776,0.5455034301631682,0.2709983499416367,2089.4176722384705,0.7170113732645547,MEDIUM,MEDIUM,MEDIUM,5,COST_BASED,COST_BASED,false,false
1,baseline,1,2040,0.0,0.17800453514739228,NATURAL_GAS_BOILER,PRIVATELY_OWNED,44779,891,13211,455990,61894,0.2567726080522863,0.5297176611888775,0.19948313536893666,2103.2145603774193,0.7054479478491337,MEDIUM,MEDIUM,MEDIUM,5,COST_BASED,COST_BASED,false,false
1,baseline,1,2041,0.0,0.1893424036281179,NATURAL_GAS_BOILER,PRIVATELY_OWNED,33623,873,12029,456863,64268,0.2531813329460195,0.5385528451901918,0.15665984662251745,2055.9887969129272,0.7249514537209697,MEDIUM,MEDIUM,MEDIUM,5,COST_BASED,COST_BASED,false,false
1,baseline,1,2042,0.0,0.20294784580498867,NATURAL_GAS_BOILER,PRIVATELY_OWNED,24816,812,9619,457675,67722,0.2515410694042076,0.5250391209529851,0.11550053139097169,2034.551312719648,0.7102358476545455,MEDIUM,MEDIUM,MEDIUM,5,COST_BASED,COST_BASED,false,false
1,baseline,1,2043,0.0,0.2199546485260771,NATURAL_GAS_BOILER,PRIVATELY_OWNED,18580,864,7100,458539,69703,0.2549006427494906,0.5387157478251209,0.08586437909160062,2017.8675092894136,0.7336154136638584,MEDIUM,MEDIUM,MEDIUM,5,COST_BASED,COST_BASED,false,false
1,baseline,1,2044,0.0,0.23242630385487528,NATURAL_GAS_BOILER,PRIVATELY_OWNED,14095,746,5231,459285,76087,0.2570687983109884,0.5207344694043063,0.0669689070753508,1989.109663937335,0.7084633911442987,MEDIUM,MEDIUM,MEDIUM,5,COST_BASED,COST_BASED,false,false
1,baseline,1,2045,0.0,0.23242630385487528,NATURAL_GAS_BOILER,PRIVATELY_OWNED,11552,764,3307,460049,86121,0.2618241648560462,0.5297361725353184,0.05045624168125447,1976.1386885893103,0.722841187378792,MEDIUM,MEDIUM,MEDIUM,5,COST_BASED,COST_BASED,false,false
1,baseline,1,2046,0.0,0.23242630385487528,NATURAL_GAS_BOILER,PRIVATELY_OWNED,10506,806,1852,460855,93231,0.2670245012155496,0.5139700322804605,0.04200295669071293,1974.368257339297,0.6989485535304764,MEDIUM,MEDIUM,MEDIUM,5,COST_BASED,COST_BASED,false,false
1,baseline,1,2047,0.0,0.23242630385487528,NATURAL_GAS_BOILER,PRIVATELY_OWNED,9856,684,1334,461539,100930,0.2738087285479938,0.520443182567559,0.03794389463434399,1962.5601704151393,0.7074696048850354,MEDIUM,MEDIUM,MEDIUM,5,COST_BASED,COST_BASED,false,false
1,baseline,1,2048,0.0,0.23242630385487528,NATURAL_GAS_BOILER,PRIVATELY_OWNED,9248,566,1174,462105,101528,0.2869000160494642,0.5145035146683238,0.03560332555422955,1942.2924513434718,0.6955798522958438,MEDIUM,MEDIUM,MEDIUM,5,COST_BASED,COST_BASED,false,false
1,baseline,1,2049,0.0,0.23242630385487528,NATURAL_GAS_BOILER,PRIVATELY_OWNED,9009,662,901,462767,95212,0.29694588904413294,0.5288072064313589,0.035428881640953,1927.5075305633743,0.7145457271808843,MEDIUM,MEDIUM,MEDIUM,5,COST_BASED,COST_BASED,false,false
1,baseline,1,2050,0.0,0.23242630385487528,NATURAL_GAS_BOILER,PRIVATELY_OWNED,8553,527,983,463294,86402,0.30787063951539256,0.5285706048525446,0.03836721441692261,1906.3280826832713,0.7110923455978416,MEDIUM,MEDIUM,MEDIUM,5,COST_BASED,COST_BASED,false,false
1,baseline,1,2024,0.0,0.0,NATURAL_GAS_BOILER,SOCIAL_HOUSING,99703,99703,0,99703,0,0.0,0.0,0.0,0.0,0.0,MEDIUM,MEDIUM,MEDIUM,5,COST_BASED,COST_BASED,false,false
1,baseline,1,2025,0.0,0.024943310657596373,NATURAL_GAS_BOILER,SOCIAL_HOUSING,100236,10866,10333,110569,0,0.0,0.0,0.0,0.0,0.0,MEDIUM,MEDIUM,MEDIUM,5,COST_BASED,COST_BASED,false,false
1,baseline,1,2026,0.0,0.024943310657596373,NATURAL_GAS_BOILER,SOCIAL_HOUSING,101180,7958,7014,118527,0,0.0,0.0,0.0,0.0,0.0,MEDIUM,MEDIUM,MEDIUM,5,COST_BASED,COST_BASED,false,false
1,baseline,1,2027,0.0,0.024943310657596373,NATURAL_GAS_BOILER,SOCIAL_HOUSING,101441,8160,7899,126687,0,0.0,0.0,0.0,0.0,0.0,MEDIUM,MEDIUM,MEDIUM,5,COST_BASED,COST_BASED,false,false
1,baseline,1,2028,0.0,0.024943310657596373,NATURAL_GAS_BOILER,SOCIAL_HOUSING,101855,6894,6480,133581,0,0.0,0.0,0.0,0.0,0.0,MEDIUM,MEDIUM,MEDIUM,5,COST_BASED,COST_BASED,false,false
1,baseline,1,2029,0.0,0.024943310657596373,NATURAL_GAS_BOILER,SOCIAL_HOUSING,101807,5380,5428,138961,0,0.0,0.0,0.0,0.0,0.0,MEDIUM,MEDIUM,MEDIUM,5,COST_BASED,COST_BASED,false,false
1,baseline,1,2030,0.0,0.04081632653061224,NATURAL_GAS_BOILER,SOCIAL_HOUSING,101908,11136,11035,150097,0,0.0,0.0,0.0,0.0,0.0,MEDIUM,MEDIUM,MEDIUM,5,COST_BASED,COST_BASED,false,false
1,baseline,1,2031,0.0,0.05782312925170068,NATURAL_GAS_BOILER,SOCIAL_HOUSING,101913,6828,6823,156925,0,0.0,0.0,0.0,0.0,0.0,MEDIUM,MEDIUM,MEDIUM,5,COST_BASED,COST_BASED,false,false
1,baseline,1,2032,0.0,0.07482993197278912,NATURAL_GAS_BOILER,SOCIAL_HOUSING,102627,7193,6479,164118,0,0.0,0.0,0.0,0.0,0.0,MEDIUM,MEDIUM,MEDIUM,5,COST_BASED,COST_BASED,false,false
1,baseline,1,2033,0.0,0.08616780045351474,NATURAL_GAS_BOILER,SOCIAL_HOUSING,103096,8689,8220,172807,0,0.0,0.0,0.0,0.0,0.0,MEDIUM,MEDIUM,MEDIUM,5,COST_BASED,COST_BASED,false,false
1,baseline,1,2034,0.0,0.0963718820861678,NATURAL_GAS_BOILER,SOCIAL_HOUSING,103149,5399,5346,178206,0,0.0,0.0,0.0,0.0,0.0,MEDIUM,MEDIUM,MEDIUM,5,COST_BASED,COST_BASED,false,false
1,baseline,1,2035,0.0,0.1054421768707483,NATURAL_GAS_BOILER,SOCIAL_HOUSING,103388,10053,9814,188259,0,0.0,0.0,0.0,0.0,0.0,MEDIUM,MEDIUM,MEDIUM,5,COST_BASED,COST_BASED,false,false
1,baseline,1,2036,0.0,0.11791383219954649,NATURAL_GAS_BOILER,SOCIAL_HOUSING,104099,15543,14832,203802,0,0.0,0.0,0.0,0.0,0.0,MEDIUM,MEDIUM,MEDIUM,5,COST_BASED,COST_BASED,false,false
1,baseline,1,2037,0.0,0.12585034013605442,NATURAL_GAS_BOILER,SOCIAL_HOUSING,96767,3534,10866,207336,10866,0.0,0.0,0.0,1461.9570219031843,0.0,MEDIUM,MEDIUM,MEDIUM,5,COST_BASED,COST_BASED,false,false
1,baseline,1,2038,0.0,0.1417233560090703,NATURAL_GAS_BOILER,SOCIAL_HOUSING,91756,2947,7958,210283,7958,0.0,0.0,0.0,1564.9633073636592,0.0,MEDIUM,MEDIUM,MEDIUM,5,COST_BASED,COST_BASED,false,false
1,baseline,1,2039,0.0,0.1621315192743764,NATURAL_GAS_BOILER,SOCIAL_HOUSING,87616,4020,8160,214303,8160,0.0,0.0,0.0,1498.55,0.0,MEDIUM,MEDIUM,MEDIUM,5,COST_BASED,COST_BASED,false,false
1,baseline,1,2040,0.0,0.17800453514739228,NATURAL_GAS_BOILER,SOCIAL_HOUSING,82397,1675,6894,215978,6897,0.0,0.0,0.0,1481.3262287951284,0.0,MEDIUM,MEDIUM,MEDIUM,5,COST_BASED,COST_BASED,false,false
1,baseline,1,2041,0.0,0.1893424036281179,NATURAL_GAS_BOILER,SOCIAL_HOUSING,78985,1968,5380,217946,5381,0.0,0.0,0.0,1542.6937372235643,0.0,MEDIUM,MEDIUM,MEDIUM,5,COST_BASED,COST_BASED,false,false
1,baseline,1,2042,0.0,0.20294784580498867,NATURAL_GAS_BOILER,SOCIAL_HOUSING,71338,3489,11136,221435,11157,0.0,0.0,0.0,1535.8547996773327,0.0,MEDIUM,MEDIUM,MEDIUM,5,COST_BASED,COST_BASED,false,false
1,baseline,1,2043,0.0,0.2199546485260771,NATURAL_GAS_BOILER,SOCIAL_HOUSING,66317,1807,6828,223242,6839,0.0,0.0,0.0,1581.783886533119,0.0,MEDIUM,MEDIUM,MEDIUM,5,COST_BASED,COST_BASED,false,false
1,baseline,1,2044,0.0,0.23242630385487528,NATURAL_GAS_BOILER,SOCIAL_HOUSING,61516,2392,7193,225634,7451,0.0,0.0,0.0,1546.399141054892,0.0,MEDIUM,MEDIUM,MEDIUM,5,COST_BASED,COST_BASED,false,false
1,baseline,1,2045,0.0,0.23242630385487528,NATURAL_GAS_BOILER,SOCIAL_HOUSING,55152,2325,8689,227959,8690,0.0,0.0,0.0,1537.354660529344,0.0,MEDIUM,MEDIUM,MEDIUM,5,COST_BASED,COST_BASED,false,false
1,baseline,1,2046,0.0,0.23242630385487528,NATURAL_GAS_BOILER,SOCIAL_HOUSING,50306,553,5399,228512,5446,0.0,0.0,0.0,1629.1575468233566,0.0,MEDIUM,MEDIUM,MEDIUM,5,COST_BASED,COST_BASED,false,false
1,baseline,1,2047,0.0,0.23242630385487528,NATURAL_GAS_BOILER,SOCIAL_HOUSING,44072,3819,10053,232331,10122,0.0,0.0,0.0,1521.952380952381,0.0,MEDIUM,MEDIUM,MEDIUM,5,COST_BASED,COST_BASED,false,false
1,baseline,1,2048,0.0,0.23242630385487528,NATURAL_GAS_BOILER,SOCIAL_HOUSING,32441,3912,15543,236243,15554,0.0,0.0,0.0,1491.6883759804552,0.0,MEDIUM,MEDIUM,MEDIUM,5,COST_BASED,COST_BASED,false,false
1,baseline,1,2049,0.0,0.23242630385487528,NATURAL_GAS_BOILER,SOCIAL_HOUSING,30416,1509,3534,237752,3547,0.0,0.0,0.0,1395.695517338596,0.0,MEDIUM,MEDIUM,MEDIUM,5,COST_BASED,COST_BASED,false,false
1,baseline,1,2050,0.0,0.23242630385487528,NATURAL_GAS_BOILER,SOCIAL_HOUSING,28693,1224,2947,238976,3069,0.0,0.0,0.0,1472.1948517432388,0.0,MEDIUM,MEDIUM,MEDIUM,5,COST_BASED,COST_BASED,false,false
1,baseline,1,2024,0.0,0.0,NATURAL_GAS_BOILER,PRIVATELY_RENTED,63918,63918,0,63918,0,0.0,0.0,0.0,0.0,0.0,MEDIUM,MEDIUM,MEDIUM,5,COST_BASED,COST_BASED,false,false
1,baseline,1,2025,0.0,0.024943310657596373,NATURAL_GAS_BOILER,PRIVATELY_RENTED,63184,4737,5471,68655,5913,0.0,0.0,0.0,1662.7615423642821,0.0,MEDIUM,MEDIUM,MEDIUM,5,COST_BASED,COST_BASED,false,false
1,baseline,1,2026,0.0,0.024943310657596373,NATURAL_GAS_BOILER,PRIVATELY_RENTED,62179,4469,5474,73124,5963,0.0,0.0,0.0,1637.77175918162,0.0,MEDIUM,MEDIUM,MEDIUM,5,COST_BASED,COST_BASED,false,false
1,baseline,1,2027,0.0,0.024943310657596373,NATURAL_GAS_BOILER,PRIVATELY_RENTED,60948,4014,5245,77138,5757,0.0,0.0,0.0,1649.313705054716,0.0,MEDIUM,MEDIUM,MEDIUM,5,COST_BASED,COST_BASED,false,false
1,baseline,1,2028,0.0,0.024943310657596373,NATURAL_GAS_BOILER,PRIVATELY_RENTED,59527,3914,5335,81052,5875,0.0,0.0,0.0,1672.0141276595746,0.0,MEDIUM,MEDIUM,MEDIUM,5,COST_BASED,COST_BASED,false,false
1,baseline,1,2029,0.0,0.024943310657596373,NATURAL_GAS_BOILER,PRIVATELY_RENTED,57861,3639,5305,84691,5795,0.0,0.0,0.0,1654.6481449525454,0.0,MEDIUM,MEDIUM,MEDIUM,5,COST_BASED,COST_BASED,false,false
1,baseline,1,2030,0.0,0.04081632653061224,NATURAL_GAS_BOILER,PRIVATELY_RENTED,56058,3425,5228,88116,5728,0.0,0.0,0.0,1664.6225558659219,0.0,MEDIUM,MEDIUM,MEDIUM,5,COST_BASED,COST_BASED,false,false
1,baseline,1,2031,0.0,0.05782312925170068,NATURAL_GAS_BOILER,PRIVATELY_RENTED,54062,3278,5274,91394,5757,0.0,0.0,0.0,1661.3222164321696,0.0,MEDIUM,MEDIUM,MEDIUM,5,COST_BASED,COST_BASED,false,false
1,baseline,1,2032,0.0,0.07482993197278912,NATURAL_GAS_BOILER,PRIVATELY_RENTED,51865,3423,5620,94817,6121,0.0,0.0,0.0,1631.0893644829275,0.0,MEDIUM,MEDIUM,MEDIUM,5,COST_BASED,COST_BASED,false,false
1,baseline,1,2033,0.0,0.08616780045351474,NATURAL_GAS_BOILER,PRIVATELY_RENTED,49582,3113,5396,97930,5843,0.0,0.0,0.0,1640.1993838781448,0.0,MEDIUM,MEDIUM,MEDIUM,5,COST_BASED,COST_BASED,false,false
1,baseline,1,2034,0.0,0.0963718820861678,NATURAL_GAS_BOILER,PRIVATELY_RENTED,47080,2729,5231,100659,5658,0.0,0.0,0.0,1687.2916224814421,0.0,MEDIUM,MEDIUM,MEDIUM,5,COST_BASED,COST_BASED,false,false
1,baseline,1,2035,0.0,0.1054421768707483,NATURAL_GAS_BOILER,PRIVATELY_RENTED,44515,2758,5323,103417,5808,0.0,0.0,0.0,1662.1298209366391,0.0,MEDIUM,MEDIUM,MEDIUM,5,COST_BASED,COST_BASED,false,false
1,baseline,1,2036,0.0,0.11791383219954649,NATURAL_GAS_BOILER,PRIVATELY_RENTED,41917,2418,5016,105835,5527,0.0,0.0,0.0,1673.4492491405827,0.0,MEDIUM,MEDIUM,MEDIUM,5,COST_BASED,COST_BASED,false,false
1,baseline,1,2037,0.0,0.12585034013605442,NATURAL_GAS_BOILER,PRIVATELY_RENTED,39825,2645,4737,108480,5451,0.0,0.0,0.0,1591.7721518987341,0.0,MEDIUM,MEDIUM,MEDIUM,5,COST_BASED,COST_BASED,false,false
1,baseline,1,2038,0.0,0.1417233560090703,NATURAL_GAS_BOILER,PRIVATELY_RENTED,37931,2575,4469,111055,5190,0.0,0.0,0.0,1551.4396917148363,0.0,MEDIUM,MEDIUM,MEDIUM,5,COST_BASED,COST_BASED,false,false
1,baseline,1,2039,0.0,0.1621315192743764,NATURAL_GAS_BOILER,PRIVATELY_RENTED,36253,2336,4014,113391,4692,0.0,0.0,0.0,1559.6464194373402,0.0,MEDIUM,MEDIUM,MEDIUM,5,COST_BASED,COST_BASED,false,false
1,baseline,1,2040,0.0,0.17800453514739228,NATURAL_GAS_BOILER,PRIVATELY_RENTED,34598,2259,3914,115650,5140,0.0,0.0,0.0,1648.5463035019454,0.0,MEDIUM,MEDIUM,MEDIUM,5,COST_BASED,COST_BASED,false,false
1,baseline,1,2041,0.0,0.1893424036281179,NATURAL_GAS_BOILER,PRIVATELY_RENTED,33115,2156,3639,117806,5199,0.0,0.0,0.0,1641.0784766301213,0.0,MEDIUM,MEDIUM,MEDIUM,5,COST_BASED,COST_BASED,false,false
1,baseline,1,2042,0.0,0.20294784580498867,NATURAL_GAS_BOILER,PRIVATELY_RENTED,31708,2018,3425,119824,5221,0.0,0.0,0.0,1650.71787013982,0.0,MEDIUM,MEDIUM,MEDIUM,5,COST_BASED,COST_BASED,false,false
1,baseline,1,2043,0.0,0.2199546485260771,NATURAL_GAS_BOILER,PRIVATELY_RENTED,30363,1933,3278,121757,5277,0.0,0.0,0.0,1657.1123744551828,0.0,MEDIUM,MEDIUM,MEDIUM,5,COST_BASED,COST_BASED,false,false
1,baseline,1,2044,0.0,0.23242630385487528,NATURAL_GAS_BOILER,PRIVATELY_RENTED,29099,2159,3423,123916,5625,0.0,0.0,0.0,1630.122488888889,0.0,MEDIUM,MEDIUM,MEDIUM,5,COST_BASED,COST_BASED,false,false
1,baseline,1,2045,0.0,0.23242630385487528,NATURAL_GAS_BOILER,PRIVATELY_RENTED,27928,1942,3113,125858,5548,0.0,0.0,0.0,1628.7153929343908,0.0,MEDIUM,MEDIUM,MEDIUM,5,COST_BASED,COST_BASED,false,false
1,baseline,1,2046,0.0,0.23242630385487528,NATURAL_GAS_BOILER,PRIVATELY_RENTED,26858,1659,2729,127517,5257,0.0,0.0,0.0,1678.3465855050408,0.0,MEDIUM,MEDIUM,MEDIUM,5,COST_BASED,COST_BASED,false,false
1,baseline,1,2047,0.0,0.23242630385487528,NATURAL_GAS_BOILER,PRIVATELY_RENTED,25837,1737,2758,129254,5510,0.0,0.0,0.0,1667.7292196007259,0.0,MEDIUM,MEDIUM,MEDIUM,5,COST_BASED,COST_BASED,false,false
1,baseline,1,2048,0.0,0.23242630385487528,NATURAL_GAS_BOILER,PRIVATELY_RENTED,24932,1513,2418,130767,5166,0.0,0.0,0.0,1692.7057684862564,0.0,MEDIUM,MEDIUM,MEDIUM,5,COST_BASED,COST_BASED,false,false
1,baseline,1,2049,0.0,0.23242630385487528,NATURAL_GAS_BOILER,PRIVATELY_RENTED,24026,1739,2645,132506,5638,0.0,0.0,0.0,1671.0040794608017,0.0,MEDIUM,MEDIUM,MEDIUM,5,COST_BASED,COST_BASED,false,false
1,baseline,1,2050,0.0,0.23242630385487528,NATURAL_GAS_BOILER,PRIVATELY_RENTED,23180,1729,2575,134235,5701,0.0,0.0,0.0,1627.21838273987,0.0,MEDIUM,MEDIUM,MEDIUM,5,COST_BASED,COST_BASED,false,false
1,baseline,1,2024,0.0,0.0,NATURAL_GAS_BOILER,HOME_OWNER_ASSOCIATION,0,0,0,0,0,0.0,0.0,0.0,0.0,0.0,MEDIUM,MEDIUM,MEDIUM,5,COST_BASED,COST_BASED,false,false
1,baseline,1,2025,0.0,0.024943310657596373,NATURAL_GAS_BOILER,HOME_OWNER_ASSOCIATION,1944,1944,0,1944,0,0.0,0.0,0.0,0.0,0.0,MEDIUM,MEDIUM,MEDIUM,5,COST_BASED,COST_BASED,false,false
1,baseline,1,2026,0.0,0.024943310657596373,NATURAL_GAS_BOILER,HOME_OWNER_ASSOCIATION,3312,1368,0,3312,0,0.0,0.0,0.0,0.0,0.0,MEDIUM,MEDIUM,MEDIUM,5,COST_BASED,COST_BASED,false,false
1,baseline,1,2027,0.0,0.024943310657596373,NATURAL_GAS_BOILER,HOME_OWNER_ASSOCIATION,5280,1968,0,5280,0,0.0,0.0,0.0,0.0,0.0,MEDIUM,MEDIUM,MEDIUM,5,COST_BASED,COST_BASED,false,false
1,baseline,1,2028,0.0,0.024943310657596373,NATURAL_GAS_BOILER,HOME_OWNER_ASSOCIATION,6893,1613,0,6893,0,0.0,0.0,0.0,0.0,0.0,MEDIUM,MEDIUM,MEDIUM,5,COST_BASED,COST_BASED,false,false
1,baseline,1,2029,0.0,0.024943310657596373,NATURAL_GAS_BOILER,HOME_OWNER_ASSOCIATION,9176,2283,0,9176,0,0.0,0.0,0.0,0.0,0.0,MEDIUM,MEDIUM,MEDIUM,5,COST_BASED,COST_BASED,false,false
1,baseline,1,2030,0.0,0.04081632653061224,NATURAL_GAS_BOILER,HOME_OWNER_ASSOCIATION,11155,1979,0,11155,0,0.0,0.0,0.0,0.0,0.0,MEDIUM,MEDIUM,MEDIUM,5,COST_BASED,COST_BASED,false,false
1,baseline,1,2031,0.0,0.05782312925170068,NATURAL_GAS_BOILER,HOME_OWNER_ASSOCIATION,12948,1793,0,12948,0,0.0,0.0,0.0,0.0,0.0,MEDIUM,MEDIUM,MEDIUM,5,COST_BASED,COST_BASED,false,false
1,baseline,1,2032,0.0,0.07482993197278912,NATURAL_GAS_BOILER,HOME_OWNER_ASSOCIATION,15591,2643,0,15591,0,0.0,0.0,0.0,0.0,0.0,MEDIUM,MEDIUM,MEDIUM,5,COST_BASED,COST_BASED,false,false
1,baseline,1,2033,0.0,0.08616780045351474,NATURAL_GAS_BOILER,HOME_OWNER_ASSOCIATION,17660,2069,0,17660,0,0.0,0.0,0.0,0.0,0.0,MEDIUM,MEDIUM,MEDIUM,5,COST_BASED,COST_BASED,false,false
1,baseline,1,2034,0.0,0.0963718820861678,NATURAL_GAS_BOILER,HOME_OWNER_ASSOCIATION,18671,1011,0,18671,0,0.0,0.0,0.0,0.0,0.0,MEDIUM,MEDIUM,MEDIUM,5,COST_BASED,COST_BASED,false,false
1,baseline,1,2035,0.0,0.1054421768707483,NATURAL_GAS_BOILER,HOME_OWNER_ASSOCIATION,22508,3837,0,22508,0,0.0,0.0,0.0,0.0,0.0,MEDIUM,MEDIUM,MEDIUM,5,COST_BASED,COST_BASED,false,false
1,baseline,1,2036,0.0,0.11791383219954649,NATURAL_GAS_BOILER,HOME_OWNER_ASSOCIATION,25287,2779,0,25287,0,0.0,0.0,0.0,0.0,0.0,MEDIUM,MEDIUM,MEDIUM,5,COST_BASED,COST_BASED,false,false
1,baseline,1,2037,0.0,0.12585034013605442,NATURAL_GAS_BOILER,HOME_OWNER_ASSOCIATION,24187,844,1944,26131,1952,0.0,0.0,0.0,1306.955430327869,0.0,MEDIUM,MEDIUM,MEDIUM,5,COST_BASED,COST_BASED,false,false
1,baseline,1,2038,0.0,0.1417233560090703,NATURAL_GAS_BOILER,HOME_OWNER_ASSOCIATION,23686,867,1368,26998,1368,0.0,0.0,0.0,1120.2076023391812,0.0,MEDIUM,MEDIUM,MEDIUM,5,COST_BASED,COST_BASED,false,false
1,baseline,1,2039,0.0,0.1621315192743764,NATURAL_GAS_BOILER,HOME_OWNER_ASSOCIATION,22885,1167,1968,28165,1976,0.0,0.0,0.0,1191.633097165992,0.0,MEDIUM,MEDIUM,MEDIUM,5,COST_BASED,COST_BASED,false,false
1,baseline,1,2040,0.0,0.17800453514739228,NATURAL_GAS_BOILER,HOME_OWNER_ASSOCIATION,21975,703,1613,28868,1617,0.0,0.0,0.0,1132.0166975881261,0.0,MEDIUM,MEDIUM,MEDIUM,5,COST_BASED,COST_BASED,false,false
1,baseline,1,2041,0.0,0.1893424036281179,NATURAL_GAS_BOILER,HOME_OWNER_ASSOCIATION,20943,1251,2283,30119,2283,0.0,0.0,0.0,1172.886990801577,0.0,MEDIUM,MEDIUM,MEDIUM,5,COST_BASED,COST_BASED,false,false
1,baseline,1,2042,0.0,0.20294784580498867,NATURAL_GAS_BOILER,HOME_OWNER_ASSOCIATION,20126,1162,1979,31281,1979,0.0,0.0,0.0,1153.499747347145,0.0,MEDIUM,MEDIUM,MEDIUM,5,COST_BASED,COST_BASED,false,false
1,baseline,1,2043,0.0,0.2199546485260771,NATURAL_GAS_BOILER,HOME_OWNER_ASSOCIATION,18961,628,1793,31909,2089,0.0,0.0,0.0,1228.8989947343227,0.0,MEDIUM,MEDIUM,MEDIUM,5,COST_BASED,COST_BASED,false,false
1,baseline,1,2044,0.0,0.23242630385487528,NATURAL_GAS_BOILER,HOME_OWNER_ASSOCIATION,17630,1312,2643,33221,2683,0.0,0.0,0.0,1156.6742452478568,0.0,MEDIUM,MEDIUM,MEDIUM,5,COST_BASED,COST_BASED,false,false
1,baseline,1,2045,0.0,0.23242630385487528,NATURAL_GAS_BOILER,HOME_OWNER_ASSOCIATION,16557,996,2069,34217,2071,0.0,0.0,0.0,1227.8623853211009,0.0,MEDIUM,MEDIUM,MEDIUM,5,COST_BASED,COST_BASED,false,false
1,baseline,1,2046,0.0,0.23242630385487528,NATURAL_GAS_BOILER,HOME_OWNER_ASSOCIATION,16002,456,1011,34673,1134,0.0,0.0,0.0,1261.7830687830688,0.0,MEDIUM,MEDIUM,MEDIUM,5,COST_BASED,COST_BASED,false,false
1,baseline,1,2047,0.0,0.23242630385487528,NATURAL_GAS_BOILER,HOME_OWNER_ASSOCIATION,12843,678,3837,35351,3840,0.0,0.0,0.0,1242.03203125,0.0,MEDIUM,MEDIUM,MEDIUM,5,COST_BASED,COST_BASED,false,false
1,baseline,1,2048,0.0,0.23242630385487528,NATURAL_GAS_BOILER,HOME_OWNER_ASSOCIATION,11024,960,2779,36311,2780,0.0,0.0,0.0,1235.4053956834532,0.0,MEDIUM,MEDIUM,MEDIUM,5,COST_BASED,COST_BASED,false,false
1,baseline,1,2049,0.0,0.23242630385487528,NATURAL_GAS_BOILER,HOME_OWNER_ASSOCIATION,10522,342,844,36653,852,0.0,0.0,0.0,1175.9284037558687,0.0,MEDIUM,MEDIUM,MEDIUM,5,COST_BASED,COST_BASED,false,false
1,baseline,1,2050,0.0,0.23242630385487528,NATURAL_GAS_BOILER,HOME_OWNER_ASSOCIATION,10419,764,867,37417,867,0.0,0.0,0.0,1056.2791234140716,0.0,MEDIUM,MEDIUM,MEDIUM,5,COST_BASED,COST_BASED,false,false
1,baseline,1,2024,0.0,0.0,NATURAL_GAS_BLOCK,TOTAL,29886,29886,0,29886,0,0.0,0.0,0.0,0.0,0.0,MEDIUM,MEDIUM,MEDIUM,5,COST_BASED,COST_BASED,false,false
1,baseline,1,2025,0.0,0.024943310657596373,NATURAL_GAS_BLOCK,TOTAL,27915,246,2217,30132,90276,0.28433552167818527,0.52352510525281,2.374671180281051E-6,1964.2164584164118,0.7142034806257596,MEDIUM,MEDIUM,MEDIUM,5,COST_BASED,COST_BASED,false,false
1,baseline,1,2026,0.0,0.024943310657596373,NATURAL_GAS_BLOCK,TOTAL,25867,260,2308,30392,84703,0.28995957926516847,0.5179065709577824,1.8710361172728093E-5,1933.7533145225082,0.70436762282524,MEDIUM,MEDIUM,MEDIUM,5,COST_BASED,COST_BASED,false,false
1,baseline,1,2027,0.0,0.024943310657596373,NATURAL_GAS_BLOCK,TOTAL,24133,242,1976,30634,79220,0.29826458059727046,0.520620037049264,2.786772327472959E-5,1913.5217621812674,0.7063604269591716,MEDIUM,MEDIUM,MEDIUM,5,COST_BASED,COST_BASED,false,false
1,baseline,1,2028,0.0,0.024943310657596373,NATURAL_GAS_BLOCK,TOTAL,22329,238,2042,30872,75150,0.3041249613763633,0.518271496681646,4.139538053524705E-5,1910.8298203592815,0.701370830255814,MEDIUM,MEDIUM,MEDIUM,5,COST_BASED,COST_BASED,false,false
1,baseline,1,2029,0.0,0.024943310657596373,NATURAL_GAS_BLOCK,TOTAL,20303,257,2283,31129,72272,0.30796924929151837,0.5325710908741362,5.3323569639253455E-5,1906.227626189949,0.7218576585421268,MEDIUM,MEDIUM,MEDIUM,5,COST_BASED,COST_BASED,false,false
1,baseline,1,2030,0.0,0.04081632653061224,NATURAL_GAS_BLOCK,TOTAL,18434,214,2083,31343,71694,0.30931231334231757,0.5218582229624853,7.383968459255582E-5,1910.70554021257,0.705450026147569,MEDIUM,MEDIUM,MEDIUM,5,COST_BASED,COST_BASED,false,false
1,baseline,1,2031,0.0,0.05782312925170068,NATURAL_GAS_BLOCK,TOTAL,16794,498,2138,31841,68058,0.3139645556686973,0.5402395930120141,9.589926431813786E-5,1896.6462135237591,0.7318562631928003,MEDIUM,MEDIUM,MEDIUM,5,COST_BASED,COST_BASED,false,false
1,baseline,1,2032,0.0,0.07482993197278912,NATURAL_GAS_BLOCK,TOTAL,13598,270,3466,32111,66602,0.312263317104568,0.5253241148942365,1.1675516918592909E-4,1865.864133209213,0.7099057486690705,MEDIUM,MEDIUM,MEDIUM,5,COST_BASED,COST_BASED,false,false
1,baseline,1,2033,0.0,0.08616780045351474,NATURAL_GAS_BLOCK,TOTAL,11316,268,2550,32379,61040,0.31801743046985426,0.5374355211716879,1.0651796332446028E-4,1856.939121887287,0.726635609394651,MEDIUM,MEDIUM,MEDIUM,5,COST_BASED,COST_BASED,false,false
1,baseline,1,2034,0.0,0.0963718820861678,NATURAL_GAS_BLOCK,TOTAL,10445,314,1185,32693,53832,0.3207437755183992,0.5212768729729197,1.2016942579247872E-4,1888.2960135235548,0.701714344401573,MEDIUM,MEDIUM,MEDIUM,5,COST_BASED,COST_BASED,false,false
1,baseline,1,2035,0.0,0.1054421768707483,NATURAL_GAS_BLOCK,TOTAL,6500,205,4150,32898,46750,0.32828202279585716,0.5318267228830672,1.5618367783690242E-4,1873.3467593582889,0.7156500556659036,MEDIUM,MEDIUM,MEDIUM,5,COST_BASED,COST_BASED,false,false
1,baseline,1,2036,0.0,0.11791383219954649,NATURAL_GAS_BLOCK,TOTAL,3214,206,3492,33104,38621,0.3364954061462232,0.526349859960222,1.5935399050847712E-4,1852.736827114782,0.7053810191549731,MEDIUM,MEDIUM,MEDIUM,5,COST_BASED,COST_BASED,false,false
1,baseline,1,2037,0.0,0.12585034013605442,NATURAL_GAS_BLOCK,TOTAL,3165,199,248,33303,52326,0.31141330766160136,0.5280497677934136,1.2467450432804736E-4,1815.5326988495203,0.7142057404616743,MEDIUM,MEDIUM,MEDIUM,5,COST_BASED,COST_BASED,false,false
1,baseline,1,2038,0.0,0.1417233560090703,NATURAL_GAS_BLOCK,TOTAL,3094,190,261,33493,56127,0.2848691370139428,0.5198772797624249,1.278234000801498E-4,1929.2854953943736,0.708582657465141,MEDIUM,MEDIUM,MEDIUM,5,COST_BASED,COST_BASED,false,false
1,baseline,1,2039,0.0,0.1621315192743764,NATURAL_GAS_BLOCK,TOTAL,3064,212,242,33705,66457,0.26947591294995776,0.5036240527754443,1.0431863588089757E-4,1954.2238891313182,0.6880540610961947,MEDIUM,MEDIUM,MEDIUM,5,COST_BASED,COST_BASED,false,false
1,baseline,1,2040,0.0,0.17800453514739228,NATURAL_GAS_BLOCK,TOTAL,3021,195,238,33900,75548,0.2567726080522863,0.498939694072622,8.4728211060239E-5,1996.2014348493674,0.684205798069469,MEDIUM,MEDIUM,MEDIUM,5,COST_BASED,COST_BASED,false,false
1,baseline,1,2041,0.0,0.1893424036281179,NATURAL_GAS_BLOCK,TOTAL,2951,186,256,34086,77131,0.2531813329460195,0.513060757125579,6.711719674525137E-5,1967.561641881993,0.7062874128022657,MEDIUM,MEDIUM,MEDIUM,5,COST_BASED,COST_BASED,false,false
1,baseline,1,2042,0.0,0.20294784580498867,NATURAL_GAS_BLOCK,TOTAL,2890,152,213,34238,86079,0.2515410694042076,0.5057786596322065,6.88101012935613E-5,1927.8610462482138,0.6957741208345952,MEDIUM,MEDIUM,MEDIUM,5,COST_BASED,COST_BASED,false,false
1,baseline,1,2043,0.0,0.2199546485260771,NATURAL_GAS_BLOCK,TOTAL,2551,158,497,34396,83908,0.2549006427494906,0.524292438245298,5.707851531548508E-5,1941.4984268484532,0.7227063618661644,MEDIUM,MEDIUM,MEDIUM,5,COST_BASED,COST_BASED,false,false
1,baseline,1,2044,0.0,0.23242630385487528,NATURAL_GAS_BLOCK,TOTAL,2531,249,269,34645,91846,0.2570687983109884,0.5098945795511636,5.1195155551729294E-5,1908.3900006532674,0.7005682703545677,MEDIUM,MEDIUM,MEDIUM,5,COST_BASED,COST_BASED,false,false
1,baseline,1,2045,0.0,0.23242630385487528,NATURAL_GAS_BLOCK,TOTAL,2487,226,270,34871,102430,0.2618241648560462,0.5222230962277973,3.5439849722757445E-5,1906.4714048618569,0.717874173146484,MEDIUM,MEDIUM,MEDIUM,5,COST_BASED,COST_BASED,false,false
1,baseline,1,2046,0.0,0.23242630385487528,NATURAL_GAS_BLOCK,TOTAL,2353,179,313,35050,105068,0.2670245012155496,0.5084294737466849,3.052900568258903E-5,1935.4970304945368,0.6958842691904202,MEDIUM,MEDIUM,MEDIUM,5,COST_BASED,COST_BASED,false,false
1,baseline,1,2047,0.0,0.23242630385487528,NATURAL_GAS_BLOCK,TOTAL,2326,177,204,35227,120402,0.2738087285479938,0.5157031551249108,2.7770162011901416E-5,1890.5545422833509,0.7050990792801036,MEDIUM,MEDIUM,MEDIUM,5,COST_BASED,COST_BASED,false,false
1,baseline,1,2048,0.0,0.23242630385487528,NATURAL_GAS_BLOCK,TOTAL,2293,173,206,35400,125028,0.2869000160494642,0.5101149440678978,1.9339181124790817E-5,1861.7097850081582,0.6934449946918494,MEDIUM,MEDIUM,MEDIUM,5,COST_BASED,COST_BASED,false,false
1,baseline,1,2049,0.0,0.23242630385487528,NATURAL_GAS_BLOCK,TOTAL,2282,188,199,35588,105249,0.29694588904413294,0.5244910055627919,1.6089387781677345E-5,1891.2851903581031,0.7124980249096805,MEDIUM,MEDIUM,MEDIUM,5,COST_BASED,COST_BASED,false,false
1,baseline,1,2050,0.0,0.23242630385487528,NATURAL_GAS_BLOCK,TOTAL,2232,139,189,35727,96039,0.30787063951539256,0.5238773899611496,1.4125233207667942E-5,1869.7364820541654,0.7088466594087235,MEDIUM,MEDIUM,MEDIUM,5,COST_BASED,COST_BASED,false,false
1,baseline,1,2024,0.0,0.0,NATURAL_GAS_BLOCK,PRIVATELY_OWNED,0,0,0,0,0,0.0,0.0,0.0,0.0,0.0,MEDIUM,MEDIUM,MEDIUM,5,COST_BASED,COST_BASED,false,false
1,baseline,1,2025,0.0,0.024943310657596373,NATURAL_GAS_BLOCK,PRIVATELY_OWNED,2,2,0,2,84363,0.28433552167818527,0.52352510525281,2.374671180281051E-6,1985.3454239417754,0.7142034806257596,MEDIUM,MEDIUM,MEDIUM,5,COST_BASED,COST_BASED,false,false
1,baseline,1,2026,0.0,0.024943310657596373,NATURAL_GAS_BLOCK,PRIVATELY_OWNED,5,3,0,5,78740,0.28995957926516847,0.5179065709577824,1.8710361172728093E-5,1956.1490093980187,0.70436762282524,MEDIUM,MEDIUM,MEDIUM,5,COST_BASED,COST_BASED,false,false
1,baseline,1,2027,0.0,0.024943310657596373,NATURAL_GAS_BLOCK,PRIVATELY_OWNED,8,3,0,8,73463,0.29826458059727046,0.520620037049264,2.786772327472959E-5,1934.1924778459904,0.7063604269591716,MEDIUM,MEDIUM,MEDIUM,5,COST_BASED,COST_BASED,false,false
1,baseline,1,2028,0.0,0.024943310657596373,NATURAL_GAS_BLOCK,PRIVATELY_OWNED,12,4,0,12,69275,0.3041249613763633,0.518271496681646,4.139538053524705E-5,1931.0329411764706,0.701370830255814,MEDIUM,MEDIUM,MEDIUM,5,COST_BASED,COST_BASED,false,false
1,baseline,1,2029,0.0,0.024943310657596373,NATURAL_GAS_BLOCK,PRIVATELY_OWNED,15,3,0,15,66477,0.30796924929151837,0.5325710908741362,5.3323569639253455E-5,1928.0966950975526,0.7218576585421268,MEDIUM,MEDIUM,MEDIUM,5,COST_BASED,COST_BASED,false,false
1,baseline,1,2030,0.0,0.04081632653061224,NATURAL_GAS_BLOCK,PRIVATELY_OWNED,19,4,0,19,65966,0.30931231334231757,0.5218582229624853,7.383968459255582E-5,1932.0013188612315,0.705450026147569,MEDIUM,MEDIUM,MEDIUM,5,COST_BASED,COST_BASED,false,false
1,baseline,1,2031,0.0,0.05782312925170068,NATURAL_GAS_BLOCK,PRIVATELY_OWNED,21,2,0,21,62301,0.3139645556686973,0.5402395930120141,9.589926431813786E-5,1918.3030288438388,0.7318562631928003,MEDIUM,MEDIUM,MEDIUM,5,COST_BASED,COST_BASED,false,false
1,baseline,1,2032,0.0,0.07482993197278912,NATURAL_GAS_BLOCK,PRIVATELY_OWNED,24,3,0,24,60481,0.312263317104568,0.5253241148942365,1.1675516918592909E-4,1889.5226269406921,0.7099057486690705,MEDIUM,MEDIUM,MEDIUM,5,COST_BASED,COST_BASED,false,false
1,baseline,1,2033,0.0,0.08616780045351474,NATURAL_GAS_BLOCK,PRIVATELY_OWNED,25,1,0,25,55197,0.31801743046985426,0.5374355211716879,1.0651796332446028E-4,1879.7670887910574,0.726635609394651,MEDIUM,MEDIUM,MEDIUM,5,COST_BASED,COST_BASED,false,false
1,baseline,1,2034,0.0,0.0963718820861678,NATURAL_GAS_BLOCK,PRIVATELY_OWNED,27,2,0,27,48174,0.3207437755183992,0.5212768729729197,1.2016942579247872E-4,1911.7658072819363,0.701714344401573,MEDIUM,MEDIUM,MEDIUM,5,COST_BASED,COST_BASED,false,false
1,baseline,1,2035,0.0,0.1054421768707483,NATURAL_GAS_BLOCK,PRIVATELY_OWNED,28,3,2,30,40942,0.32828202279585716,0.5318267228830672,1.5618367783690242E-4,1903.1394411606664,0.7156500556659036,MEDIUM,MEDIUM,MEDIUM,5,COST_BASED,COST_BASED,false,false
1,baseline,1,2036,0.0,0.11791383219954649,NATURAL_GAS_BLOCK,PRIVATELY_OWNED,27,1,2,31,33094,0.3364954061462232,0.526349859960222,1.5935399050847712E-4,1882.4651296307488,0.7053810191549731,MEDIUM,MEDIUM,MEDIUM,5,COST_BASED,COST_BASED,false,false
1,baseline,1,2037,0.0,0.12585034013605442,NATURAL_GAS_BLOCK,PRIVATELY_OWNED,25,2,4,33,34057,0.31141330766160136,0.5280497677934136,1.2467450432804736E-4,1992.630266905482,0.7142057404616743,MEDIUM,MEDIUM,MEDIUM,5,COST_BASED,COST_BASED,false,false
1,baseline,1,2038,0.0,0.1417233560090703,NATURAL_GAS_BLOCK,PRIVATELY_OWNED,22,1,4,34,41611,0.2848691370139428,0.5198772797624249,1.278234000801498E-4,2072.2377496335102,0.708582657465141,MEDIUM,MEDIUM,MEDIUM,5,COST_BASED,COST_BASED,false,false
1,baseline,1,2039,0.0,0.1621315192743764,NATURAL_GAS_BLOCK,PRIVATELY_OWNED,21,2,3,36,51629,0.26947591294995776,0.5036240527754443,1.0431863588089757E-4,2090.9210521218697,0.6880540610961947,MEDIUM,MEDIUM,MEDIUM,5,COST_BASED,COST_BASED,false,false
1,baseline,1,2040,0.0,0.17800453514739228,NATURAL_GAS_BLOCK,PRIVATELY_OWNED,17,0,4,36,61894,0.2567726080522863,0.498939694072622,8.4728211060239E-5,2104.7355801854783,0.684205798069469,MEDIUM,MEDIUM,MEDIUM,5,COST_BASED,COST_BASED,false,false
1,baseline,1,2041,0.0,0.1893424036281179,NATURAL_GAS_BLOCK,PRIVATELY_OWNED,16,1,2,37,64268,0.2531813329460195,0.513060757125579,6.711719674525137E-5,2057.5103784153857,0.7062874128022657,MEDIUM,MEDIUM,MEDIUM,5,COST_BASED,COST_BASED,false,false
1,baseline,1,2042,0.0,0.20294784580498867,NATURAL_GAS_BLOCK,PRIVATELY_OWNED,14,1,3,38,67722,0.2515410694042076,0.5057786596322065,6.88101012935613E-5,2036.077478515106,0.6957741208345952,MEDIUM,MEDIUM,MEDIUM,5,COST_BASED,COST_BASED,false,false
1,baseline,1,2043,0.0,0.2199546485260771,NATURAL_GAS_BLOCK,PRIVATELY_OWNED,13,0,1,38,69703,0.2549006427494906,0.524292438245298,5.707851531548508E-5,2019.4020486923089,0.7227063618661644,MEDIUM,MEDIUM,MEDIUM,5,COST_BASED,COST_BASED,false,false
1,baseline,1,2044,0.0,0.23242630385487528,NATURAL_GAS_BLOCK,PRIVATELY_OWNED,11,0,2,38,76087,0.2570687983109884,0.5098945795511636,5.1195155551729294E-5,1990.6395047774258,0.7005682703545677,MEDIUM,MEDIUM,MEDIUM,5,COST_BASED,COST_BASED,false,false
1,baseline,1,2045,0.0,0.23242630385487528,NATURAL_GAS_BLOCK,PRIVATELY_OWNED,8,0,3,38,86121,0.2618241648560462,0.5222230962277973,3.5439849722757445E-5,1977.6726350135275,0.717874173146484,MEDIUM,MEDIUM,MEDIUM,5,COST_BASED,COST_BASED,false,false
1,baseline,1,2046,0.0,0.23242630385487528,NATURAL_GAS_BLOCK,PRIVATELY_OWNED,8,1,1,39,93231,0.2670245012155496,0.5084294737466849,3.052900568258903E-5,1975.9074664006607,0.6958842691904202,MEDIUM,MEDIUM,MEDIUM,5,COST_BASED,COST_BASED,false,false
1,baseline,1,2047,0.0,0.23242630385487528,NATURAL_GAS_BLOCK,PRIVATELY_OWNED,6,0,2,39,100930,0.2738087285479938,0.5157031551249108,2.7770162011901416E-5,1964.0992370950164,0.7050990792801036,MEDIUM,MEDIUM,MEDIUM,5,COST_BASED,COST_BASED,false,false
1,baseline,1,2048,0.0,0.23242630385487528,NATURAL_GAS_BLOCK,PRIVATELY_OWNED,5,0,1,39,101528,0.2869000160494642,0.5101149440678978,1.9339181124790817E-5,1943.8325486565282,0.6934449946918494,MEDIUM,MEDIUM,MEDIUM,5,COST_BASED,COST_BASED,false,false
1,baseline,1,2049,0.0,0.23242630385487528,NATURAL_GAS_BLOCK,PRIVATELY_OWNED,3,0,2,39,95212,0.29694588904413294,0.5244910055627919,1.6089387781677345E-5,1929.0485337982607,0.7124980249096805,MEDIUM,MEDIUM,MEDIUM,5,COST_BASED,COST_BASED,false,false
1,baseline,1,2050,0.0,0.23242630385487528,NATURAL_GAS_BLOCK,PRIVATELY_OWNED,3,0,0,39,86402,0.30787063951539256,0.5238773899611496,1.4125233207667942E-5,1907.8679660193052,0.7088466594087235,MEDIUM,MEDIUM,MEDIUM,5,COST_BASED,COST_BASED,false,false
1,baseline,1,2024,0.0,0.0,NATURAL_GAS_BLOCK,SOCIAL_HOUSING,4114,4114,0,4114,0,0.0,0.0,0.0,0.0,0.0,MEDIUM,MEDIUM,MEDIUM,5,COST_BASED,COST_BASED,false,false
1,baseline,1,2025,0.0,0.024943310657596373,NATURAL_GAS_BLOCK,SOCIAL_HOUSING,3849,0,265,4114,0,0.0,0.0,0.0,0.0,0.0,MEDIUM,MEDIUM,MEDIUM,5,COST_BASED,COST_BASED,false,false
1,baseline,1,2026,0.0,0.024943310657596373,NATURAL_GAS_BLOCK,SOCIAL_HOUSING,2909,0,940,4114,0,0.0,0.0,0.0,0.0,0.0,MEDIUM,MEDIUM,MEDIUM,5,COST_BASED,COST_BASED,false,false
1,baseline,1,2027,0.0,0.024943310657596373,NATURAL_GAS_BLOCK,SOCIAL_HOUSING,2909,0,0,4114,0,0.0,0.0,0.0,0.0,0.0,MEDIUM,MEDIUM,MEDIUM,5,COST_BASED,COST_BASED,false,false
1,baseline,1,2028,0.0,0.024943310657596373,NATURAL_GAS_BLOCK,SOCIAL_HOUSING,2484,0,425,4114,0,0.0,0.0,0.0,0.0,0.0,MEDIUM,MEDIUM,MEDIUM,5,COST_BASED,COST_BASED,false,false
1,baseline,1,2029,0.0,0.024943310657596373,NATURAL_GAS_BLOCK,SOCIAL_HOUSING,2484,0,0,4114,0,0.0,0.0,0.0,0.0,0.0,MEDIUM,MEDIUM,MEDIUM,5,COST_BASED,COST_BASED,false,false
1,baseline,1,2030,0.0,0.04081632653061224,NATURAL_GAS_BLOCK,SOCIAL_HOUSING,2382,0,102,4114,0,0.0,0.0,0.0,0.0,0.0,MEDIUM,MEDIUM,MEDIUM,5,COST_BASED,COST_BASED,false,false
1,baseline,1,2031,0.0,0.05782312925170068,NATURAL_GAS_BLOCK,SOCIAL_HOUSING,2333,0,49,4114,0,0.0,0.0,0.0,0.0,0.0,MEDIUM,MEDIUM,MEDIUM,5,COST_BASED,COST_BASED,false,false
1,baseline,1,2032,0.0,0.07482993197278912,NATURAL_GAS_BLOCK,SOCIAL_HOUSING,1550,0,783,4114,0,0.0,0.0,0.0,0.0,0.0,MEDIUM,MEDIUM,MEDIUM,5,COST_BASED,COST_BASED,false,false
1,baseline,1,2033,0.0,0.08616780045351474,NATURAL_GAS_BLOCK,SOCIAL_HOUSING,1070,0,480,4114,0,0.0,0.0,0.0,0.0,0.0,MEDIUM,MEDIUM,MEDIUM,5,COST_BASED,COST_BASED,false,false
1,baseline,1,2034,0.0,0.0963718820861678,NATURAL_GAS_BLOCK,SOCIAL_HOUSING,1019,0,51,4114,0,0.0,0.0,0.0,0.0,0.0,MEDIUM,MEDIUM,MEDIUM,5,COST_BASED,COST_BASED,false,false
1,baseline,1,2035,0.0,0.1054421768707483,NATURAL_GAS_BLOCK,SOCIAL_HOUSING,711,0,308,4114,0,0.0,0.0,0.0,0.0,0.0,MEDIUM,MEDIUM,MEDIUM,5,COST_BASED,COST_BASED,false,false
1,baseline,1,2036,0.0,0.11791383219954649,NATURAL_GAS_BLOCK,SOCIAL_HOUSING,0,0,711,4114,0,0.0,0.0,0.0,0.0,0.0,MEDIUM,MEDIUM,MEDIUM,5,COST_BASED,COST_BASED,false,false
1,baseline,1,2037,0.0,0.12585034013605442,NATURAL_GAS_BLOCK,SOCIAL_HOUSING,0,0,0,4114,10866,0.0,0.0,0.0,1463.2009018958217,0.0,MEDIUM,MEDIUM,MEDIUM,5,COST_BASED,COST_BASED,false,false
1,baseline,1,2038,0.0,0.1417233560090703,NATURAL_GAS_BLOCK,SOCIAL_HOUSING,0,0,0,4114,7958,0.0,0.0,0.0,1566.2809751193768,0.0,MEDIUM,MEDIUM,MEDIUM,5,COST_BASED,COST_BASED,false,false
1,baseline,1,2039,0.0,0.1621315192743764,NATURAL_GAS_BLOCK,SOCIAL_HOUSING,0,0,0,4114,8160,0.0,0.0,0.0,1499.842524509804,0.0,MEDIUM,MEDIUM,MEDIUM,5,COST_BASED,COST_BASED,false,false
1,baseline,1,2040,0.0,0.17800453514739228,NATURAL_GAS_BLOCK,SOCIAL_HOUSING,0,0,0,4114,6897,0.0,0.0,0.0,1482.627664201827,0.0,MEDIUM,MEDIUM,MEDIUM,5,COST_BASED,COST_BASED,false,false
1,baseline,1,2041,0.0,0.1893424036281179,NATURAL_GAS_BLOCK,SOCIAL_HOUSING,0,0,0,4114,5381,0.0,0.0,0.0,1544.0284333766958,0.0,MEDIUM,MEDIUM,MEDIUM,5,COST_BASED,COST_BASED,false,false
1,baseline,1,2042,0.0,0.20294784580498867,NATURAL_GAS_BLOCK,SOCIAL_HOUSING,0,0,0,4114,11157,0.0,0.0,0.0,1537.186788563234,0.0,MEDIUM,MEDIUM,MEDIUM,5,COST_BASED,COST_BASED,false,false
1,baseline,1,2043,0.0,0.2199546485260771,NATURAL_GAS_BLOCK,SOCIAL_HOUSING,0,0,0,4114,6839,0.0,0.0,0.0,1583.149290831993,0.0,MEDIUM,MEDIUM,MEDIUM,5,COST_BASED,COST_BASED,false,false
1,baseline,1,2044,0.0,0.23242630385487528,NATURAL_GAS_BLOCK,SOCIAL_HOUSING,0,0,0,4114,7451,0.0,0.0,0.0,1547.7633874647697,0.0,MEDIUM,MEDIUM,MEDIUM,5,COST_BASED,COST_BASED,false,false
1,baseline,1,2045,0.0,0.23242630385487528,NATURAL_GAS_BLOCK,SOCIAL_HOUSING,0,0,0,4114,8690,0.0,0.0,0.0,1538.7179516685846,0.0,MEDIUM,MEDIUM,MEDIUM,5,COST_BASED,COST_BASED,false,false
1,baseline,1,2046,0.0,0.23242630385487528,NATURAL_GAS_BLOCK,SOCIAL_HOUSING,0,0,0,4114,5446,0.0,0.0,0.0,1630.5782225486596,0.0,MEDIUM,MEDIUM,MEDIUM,5,COST_BASED,COST_BASED,false,false
1,baseline,1,2047,0.0,0.23242630385487528,NATURAL_GAS_BLOCK,SOCIAL_HOUSING,0,0,0,4114,10122,0.0,0.0,0.0,1523.2994467496542,0.0,MEDIUM,MEDIUM,MEDIUM,5,COST_BASED,COST_BASED,false,false
1,baseline,1,2048,0.0,0.23242630385487528,NATURAL_GAS_BLOCK,SOCIAL_HOUSING,0,0,0,4114,15554,0.0,0.0,0.0,1493.027645621705,0.0,MEDIUM,MEDIUM,MEDIUM,5,COST_BASED,COST_BASED,false,false
1,baseline,1,2049,0.0,0.23242630385487528,NATURAL_GAS_BLOCK,SOCIAL_HOUSING,0,0,0,4114,3547,0.0,0.0,0.0,1396.9887228643925,0.0,MEDIUM,MEDIUM,MEDIUM,5,COST_BASED,COST_BASED,false,false
1,baseline,1,2050,0.0,0.23242630385487528,NATURAL_GAS_BLOCK,SOCIAL_HOUSING,0,0,0,4114,3069,0.0,0.0,0.0,1473.5562072336265,0.0,MEDIUM,MEDIUM,MEDIUM,5,COST_BASED,COST_BASED,false,false
1,baseline,1,2024,0.0,0.0,NATURAL_GAS_BLOCK,PRIVATELY_RENTED,0,0,0,0,0,0.0,0.0,0.0,0.0,0.0,MEDIUM,MEDIUM,MEDIUM,5,COST_BASED,COST_BASED,false,false
1,baseline,1,2025,0.0,0.024943310657596373,NATURAL_GAS_BLOCK,PRIVATELY_RENTED,236,236,0,236,5913,0.0,0.0,0.0,1662.7615423642821,0.0,MEDIUM,MEDIUM,MEDIUM,5,COST_BASED,COST_BASED,false,false
1,baseline,1,2026,0.0,0.024943310657596373,NATURAL_GAS_BLOCK,PRIVATELY_RENTED,493,257,0,493,5963,0.0,0.0,0.0,1638.0234781150427,0.0,MEDIUM,MEDIUM,MEDIUM,5,COST_BASED,COST_BASED,false,false
1,baseline,1,2027,0.0,0.024943310657596373,NATURAL_GAS_BLOCK,PRIVATELY_RENTED,724,231,0,724,5757,0.0,0.0,0.0,1649.750217126976,0.0,MEDIUM,MEDIUM,MEDIUM,5,COST_BASED,COST_BASED,false,false
1,baseline,1,2028,0.0,0.024943310657596373,NATURAL_GAS_BLOCK,PRIVATELY_RENTED,954,230,0,954,5875,0.0,0.0,0.0,1672.6049361702128,0.0,MEDIUM,MEDIUM,MEDIUM,5,COST_BASED,COST_BASED,false,false
1,baseline,1,2029,0.0,0.024943310657596373,NATURAL_GAS_BLOCK,PRIVATELY_RENTED,1208,254,0,1208,5795,0.0,0.0,0.0,1655.3578947368421,0.0,MEDIUM,MEDIUM,MEDIUM,5,COST_BASED,COST_BASED,false,false
1,baseline,1,2030,0.0,0.04081632653061224,NATURAL_GAS_BLOCK,PRIVATELY_RENTED,1418,210,0,1418,5728,0.0,0.0,0.0,1665.4546089385474,0.0,MEDIUM,MEDIUM,MEDIUM,5,COST_BASED,COST_BASED,false,false
1,baseline,1,2031,0.0,0.05782312925170068,NATURAL_GAS_BLOCK,PRIVATELY_RENTED,1618,200,0,1618,5757,0.0,0.0,0.0,1662.2808754559667,0.0,MEDIUM,MEDIUM,MEDIUM,5,COST_BASED,COST_BASED,false,false
1,baseline,1,2032,0.0,0.07482993197278912,NATURAL_GAS_BLOCK,PRIVATELY_RENTED,1845,227,0,1845,6121,0.0,0.0,0.0,1632.0968795948374,0.0,MEDIUM,MEDIUM,MEDIUM,5,COST_BASED,COST_BASED,false,false
1,baseline,1,2033,0.0,0.08616780045351474,NATURAL_GAS_BLOCK,PRIVATELY_RENTED,2112,267,0,2112,5843,0.0,0.0,0.0,1641.2904329967482,0.0,MEDIUM,MEDIUM,MEDIUM,5,COST_BASED,COST_BASED,false,false
1,baseline,1,2034,0.0,0.0963718820861678,NATURAL_GAS_BLOCK,PRIVATELY_RENTED,2301,189,0,2301,5658,0.0,0.0,0.0,1688.4667727112053,0.0,MEDIUM,MEDIUM,MEDIUM,5,COST_BASED,COST_BASED,false,false
1,baseline,1,2035,0.0,0.1054421768707483,NATURAL_GAS_BLOCK,PRIVATELY_RENTED,2500,199,0,2500,5808,0.0,0.0,0.0,1663.3309228650137,0.0,MEDIUM,MEDIUM,MEDIUM,5,COST_BASED,COST_BASED,false,false
1,baseline,1,2036,0.0,0.11791383219954649,NATURAL_GAS_BLOCK,PRIVATELY_RENTED,2705,205,0,2705,5527,0.0,0.0,0.0,1674.7327664193956,0.0,MEDIUM,MEDIUM,MEDIUM,5,COST_BASED,COST_BASED,false,false
1,baseline,1,2037,0.0,0.12585034013605442,NATURAL_GAS_BLOCK,PRIVATELY_RENTED,2658,189,236,2894,5451,0.0,0.0,0.0,1593.088057237204,0.0,MEDIUM,MEDIUM,MEDIUM,5,COST_BASED,COST_BASED,false,false
1,baseline,1,2038,0.0,0.1417233560090703,NATURAL_GAS_BLOCK,PRIVATELY_RENTED,2590,189,257,3083,5190,0.0,0.0,0.0,1552.7404624277456,0.0,MEDIUM,MEDIUM,MEDIUM,5,COST_BASED,COST_BASED,false,false
1,baseline,1,2039,0.0,0.1621315192743764,NATURAL_GAS_BLOCK,PRIVATELY_RENTED,2561,202,231,3285,4692,0.0,0.0,0.0,1560.9650468883206,0.0,MEDIUM,MEDIUM,MEDIUM,5,COST_BASED,COST_BASED,false,false
1,baseline,1,2040,0.0,0.17800453514739228,NATURAL_GAS_BLOCK,PRIVATELY_RENTED,2526,195,230,3480,5140,0.0,0.0,0.0,1649.915953307393,0.0,MEDIUM,MEDIUM,MEDIUM,5,COST_BASED,COST_BASED,false,false
1,baseline,1,2041,0.0,0.1893424036281179,NATURAL_GAS_BLOCK,PRIVATELY_RENTED,2457,185,254,3665,5199,0.0,0.0,0.0,1642.4600884785536,0.0,MEDIUM,MEDIUM,MEDIUM,5,COST_BASED,COST_BASED,false,false
1,baseline,1,2042,0.0,0.20294784580498867,NATURAL_GAS_BLOCK,PRIVATELY_RENTED,2398,151,210,3816,5221,0.0,0.0,0.0,1652.114345910745,0.0,MEDIUM,MEDIUM,MEDIUM,5,COST_BASED,COST_BASED,false,false
1,baseline,1,2043,0.0,0.2199546485260771,NATURAL_GAS_BLOCK,PRIVATELY_RENTED,2348,150,200,3966,5277,0.0,0.0,0.0,1658.521318931211,0.0,MEDIUM,MEDIUM,MEDIUM,5,COST_BASED,COST_BASED,false,false
1,baseline,1,2044,0.0,0.23242630385487528,NATURAL_GAS_BLOCK,PRIVATELY_RENTED,2330,209,227,4175,5625,0.0,0.0,0.0,1631.519288888889,0.0,MEDIUM,MEDIUM,MEDIUM,5,COST_BASED,COST_BASED,false,false
1,baseline,1,2045,0.0,0.23242630385487528,NATURAL_GAS_BLOCK,PRIVATELY_RENTED,2289,226,267,4401,5548,0.0,0.0,0.0,1630.1068853640952,0.0,MEDIUM,MEDIUM,MEDIUM,5,COST_BASED,COST_BASED,false,false
1,baseline,1,2046,0.0,0.23242630385487528,NATURAL_GAS_BLOCK,PRIVATELY_RENTED,2275,175,189,4576,5257,0.0,0.0,0.0,1679.7757276012935,0.0,MEDIUM,MEDIUM,MEDIUM,5,COST_BASED,COST_BASED,false,false
1,baseline,1,2047,0.0,0.23242630385487528,NATURAL_GAS_BLOCK,PRIVATELY_RENTED,2253,177,199,4753,5510,0.0,0.0,0.0,1669.153176043557,0.0,MEDIUM,MEDIUM,MEDIUM,5,COST_BASED,COST_BASED,false,false
1,baseline,1,2048,0.0,0.23242630385487528,NATURAL_GAS_BLOCK,PRIVATELY_RENTED,2221,173,205,4926,5166,0.0,0.0,0.0,1694.157955865273,0.0,MEDIUM,MEDIUM,MEDIUM,5,COST_BASED,COST_BASED,false,false
1,baseline,1,2049,0.0,0.23242630385487528,NATURAL_GAS_BLOCK,PRIVATELY_RENTED,2207,175,189,5101,5638,0.0,0.0,0.0,1672.449982263214,0.0,MEDIUM,MEDIUM,MEDIUM,5,COST_BASED,COST_BASED,false,false
1,baseline,1,2050,0.0,0.23242630385487528,NATURAL_GAS_BLOCK,PRIVATELY_RENTED,2157,139,189,5240,5701,0.0,0.0,0.0,1628.6483073145062,0.0,MEDIUM,MEDIUM,MEDIUM,5,COST_BASED,COST_BASED,false,false
1,baseline,1,2024,0.0,0.0,NATURAL_GAS_BLOCK,HOME_OWNER_ASSOCIATION,25772,25772,0,25772,0,0.0,0.0,0.0,0.0,0.0,MEDIUM,MEDIUM,MEDIUM,5,COST_BASED,COST_BASED,false,false
1,baseline,1,2025,0.0,0.024943310657596373,NATURAL_GAS_BLOCK,HOME_OWNER_ASSOCIATION,23828,8,1952,25780,0,0.0,0.0,0.0,0.0,0.0,MEDIUM,MEDIUM,MEDIUM,5,COST_BASED,COST_BASED,false,false
1,baseline,1,2026,0.0,0.024943310657596373,NATURAL_GAS_BLOCK,HOME_OWNER_ASSOCIATION,22460,0,1368,25780,0,0.0,0.0,0.0,0.0,0.0,MEDIUM,MEDIUM,MEDIUM,5,COST_BASED,COST_BASED,false,false
1,baseline,1,2027,0.0,0.024943310657596373,NATURAL_GAS_BLOCK,HOME_OWNER_ASSOCIATION,20492,8,1976,25788,0,0.0,0.0,0.0,0.0,0.0,MEDIUM,MEDIUM,MEDIUM,5,COST_BASED,COST_BASED,false,false
1,baseline,1,2028,0.0,0.024943310657596373,NATURAL_GAS_BLOCK,HOME_OWNER_ASSOCIATION,18879,4,1617,25792,0,0.0,0.0,0.0,0.0,0.0,MEDIUM,MEDIUM,MEDIUM,5,COST_BASED,COST_BASED,false,false
1,baseline,1,2029,0.0,0.024943310657596373,NATURAL_GAS_BLOCK,HOME_OWNER_ASSOCIATION,16596,0,2283,25792,0,0.0,0.0,0.0,0.0,0.0,MEDIUM,MEDIUM,MEDIUM,5,COST_BASED,COST_BASED,false,false
1,baseline,1,2030,0.0,0.04081632653061224,NATURAL_GAS_BLOCK,HOME_OWNER_ASSOCIATION,14615,0,1981,25792,0,0.0,0.0,0.0,0.0,0.0,MEDIUM,MEDIUM,MEDIUM,5,COST_BASED,COST_BASED,false,false
1,baseline,1,2031,0.0,0.05782312925170068,NATURAL_GAS_BLOCK,HOME_OWNER_ASSOCIATION,12822,296,2089,26088,0,0.0,0.0,0.0,0.0,0.0,MEDIUM,MEDIUM,MEDIUM,5,COST_BASED,COST_BASED,false,false
1,baseline,1,2032,0.0,0.07482993197278912,NATURAL_GAS_BLOCK,HOME_OWNER_ASSOCIATION,10179,40,2683,26128,0,0.0,0.0,0.0,0.0,0.0,MEDIUM,MEDIUM,MEDIUM,5,COST_BASED,COST_BASED,false,false
1,baseline,1,2033,0.0,0.08616780045351474,NATURAL_GAS_BLOCK,HOME_OWNER_ASSOCIATION,8109,0,2070,26128,0,0.0,0.0,0.0,0.0,0.0,MEDIUM,MEDIUM,MEDIUM,5,COST_BASED,COST_BASED,false,false
1,baseline,1,2034,0.0,0.0963718820861678,NATURAL_GAS_BLOCK,HOME_OWNER_ASSOCIATION,7098,123,1134,26251,0,0.0,0.0,0.0,0.0,0.0,MEDIUM,MEDIUM,MEDIUM,5,COST_BASED,COST_BASED,false,false
1,baseline,1,2035,0.0,0.1054421768707483,NATURAL_GAS_BLOCK,HOME_OWNER_ASSOCIATION,3261,3,3840,26254,0,0.0,0.0,0.0,0.0,0.0,MEDIUM,MEDIUM,MEDIUM,5,COST_BASED,COST_BASED,false,false
1,baseline,1,2036,0.0,0.11791383219954649,NATURAL_GAS_BLOCK,HOME_OWNER_ASSOCIATION,482,0,2779,26254,0,0.0,0.0,0.0,0.0,0.0,MEDIUM,MEDIUM,MEDIUM,5,COST_BASED,COST_BASED,false,false
1,baseline,1,2037,0.0,0.12585034013605442,NATURAL_GAS_BLOCK,HOME_OWNER_ASSOCIATION,482,8,8,26262,1952,0.0,0.0,0.0,1308.140881147541,0.0,MEDIUM,MEDIUM,MEDIUM,5,COST_BASED,COST_BASED,false,false
1,baseline,1,2038,0.0,0.1417233560090703,NATURAL_GAS_BLOCK,HOME_OWNER_ASSOCIATION,482,0,0,26262,1368,0.0,0.0,0.0,1121.297514619883,0.0,MEDIUM,MEDIUM,MEDIUM,5,COST_BASED,COST_BASED,false,false
1,baseline,1,2039,0.0,0.1621315192743764,NATURAL_GAS_BLOCK,HOME_OWNER_ASSOCIATION,482,8,8,26270,1976,0.0,0.0,0.0,1192.7788461538462,0.0,MEDIUM,MEDIUM,MEDIUM,5,COST_BASED,COST_BASED,false,false
1,baseline,1,2040,0.0,0.17800453514739228,NATURAL_GAS_BLOCK,HOME_OWNER_ASSOCIATION,478,0,4,26270,1617,0.0,0.0,0.0,1133.1298701298701,0.0,MEDIUM,MEDIUM,MEDIUM,5,COST_BASED,COST_BASED,false,false
1,baseline,1,2041,0.0,0.1893424036281179,NATURAL_GAS_BLOCK,HOME_OWNER_ASSOCIATION,478,0,0,26270,2283,0.0,0.0,0.0,1174.048620236531,0.0,MEDIUM,MEDIUM,MEDIUM,5,COST_BASED,COST_BASED,false,false
1,baseline,1,2042,0.0,0.20294784580498867,NATURAL_GAS_BLOCK,HOME_OWNER_ASSOCIATION,478,0,0,26270,1979,0.0,0.0,0.0,1154.6387064173825,0.0,MEDIUM,MEDIUM,MEDIUM,5,COST_BASED,COST_BASED,false,false
1,baseline,1,2043,0.0,0.2199546485260771,NATURAL_GAS_BLOCK,HOME_OWNER_ASSOCIATION,190,8,296,26278,2089,0.0,0.0,0.0,1230.107228338918,0.0,MEDIUM,MEDIUM,MEDIUM,5,COST_BASED,COST_BASED,false,false
1,baseline,1,2044,0.0,0.23242630385487528,NATURAL_GAS_BLOCK,HOME_OWNER_ASSOCIATION,190,40,40,26318,2683,0.0,0.0,0.0,1157.8527767424525,0.0,MEDIUM,MEDIUM,MEDIUM,5,COST_BASED,COST_BASED,false,false
1,baseline,1,2045,0.0,0.23242630385487528,NATURAL_GAS_BLOCK,HOME_OWNER_ASSOCIATION,190,0,0,26318,2071,0.0,0.0,0.0,1229.082085948817,0.0,MEDIUM,MEDIUM,MEDIUM,5,COST_BASED,COST_BASED,false,false
1,baseline,1,2046,0.0,0.23242630385487528,NATURAL_GAS_BLOCK,HOME_OWNER_ASSOCIATION,70,3,123,26321,1134,0.0,0.0,0.0,1263.0185185185185,0.0,MEDIUM,MEDIUM,MEDIUM,5,COST_BASED,COST_BASED,false,false
1,baseline,1,2047,0.0,0.23242630385487528,NATURAL_GAS_BLOCK,HOME_OWNER_ASSOCIATION,67,0,3,26321,3840,0.0,0.0,0.0,1243.2658854166666,0.0,MEDIUM,MEDIUM,MEDIUM,5,COST_BASED,COST_BASED,false,false
1,baseline,1,2048,0.0,0.23242630385487528,NATURAL_GAS_BLOCK,HOME_OWNER_ASSOCIATION,67,0,0,26321,2780,0.0,0.0,0.0,1236.6359712230217,0.0,MEDIUM,MEDIUM,MEDIUM,5,COST_BASED,COST_BASED,false,false
1,baseline,1,2049,0.0,0.23242630385487528,NATURAL_GAS_BLOCK,HOME_OWNER_ASSOCIATION,72,13,8,26334,852,0.0,0.0,0.0,1177.1291079812206,0.0,MEDIUM,MEDIUM,MEDIUM,5,COST_BASED,COST_BASED,false,false
1,baseline,1,2050,0.0,0.23242630385487528,NATURAL_GAS_BLOCK,HOME_OWNER_ASSOCIATION,72,0,0,26334,867,0.0,0.0,0.0,1057.3771626297578,0.0,MEDIUM,MEDIUM,MEDIUM,5,COST_BASED,COST_BASED,false,false
1,baseline,1,2024,0.0,0.0,DISTRICT_HEATING,TOTAL,8228,8228,0,8228,0,0.0,0.0,0.0,0.0,0.0,MEDIUM,MEDIUM,MEDIUM,5,COST_BASED,COST_BASED,false,false
1,baseline,1,2025,0.0,0.024943310657596373,DISTRICT_HEATING,TOTAL,7981,346,593,8574,90276,0.7646583619937548,0.6105960906169874,0.016622251079370032,2218.0479197128807,0.7226517640421092,MEDIUM,MEDIUM,MEDIUM,5,COST_BASED,COST_BASED,false,false
1,baseline,1,2026,0.0,0.024943310657596373,DISTRICT_HEATING,TOTAL,7964,328,345,8902,84703,0.769718435306799,0.605262874613884,0.017088407019518474,2180.8027696775794,0.7133286522166635,MEDIUM,MEDIUM,MEDIUM,5,COST_BASED,COST_BASED,false,false
1,baseline,1,2027,0.0,0.024943310657596373,DISTRICT_HEATING,TOTAL,7658,313,619,9215,79220,0.7763128057140899,0.6074943424427414,0.017172849585710335,2155.917230497349,0.7150167060373829,MEDIUM,MEDIUM,MEDIUM,5,COST_BASED,COST_BASED,false,false
1,baseline,1,2028,0.0,0.024943310657596373,DISTRICT_HEATING,TOTAL,7584,295,369,9510,75150,0.7806563262611946,0.6050763516423466,0.01766884692221515,2152.3168862275447,0.7102418400329519,MEDIUM,MEDIUM,MEDIUM,5,COST_BASED,COST_BASED,false,false
1,baseline,1,2029,0.0,0.024943310657596373,DISTRICT_HEATING,TOTAL,7561,261,284,9771,72272,0.783332592922779,0.6187708552829438,0.01819928408067162,2146.72393181315,0.7300482241836428,MEDIUM,MEDIUM,MEDIUM,5,COST_BASED,COST_BASED,false,false
1,baseline,1,2030,0.0,0.04081632653061224,DISTRICT_HEATING,TOTAL,7532,323,352,10094,71694,0.7846163343755591,0.6081081618673686,0.018538792745092687,2151.7769408876616,0.713690810114021,MEDIUM,MEDIUM,MEDIUM,5,COST_BASED,COST_BASED,false,false
1,baseline,1,2031,0.0,0.05782312925170068,DISTRICT_HEATING,TOTAL,7637,413,308,10507,68058,0.7879320737826041,0.6259378825396653,0.019379272512168186,2134.6406006641396,0.7395013962998225,MEDIUM,MEDIUM,MEDIUM,5,COST_BASED,COST_BASED,false,false
1,baseline,1,2032,0.0,0.07482993197278912,DISTRICT_HEATING,TOTAL,7783,490,344,10997,66602,0.7858205258982549,0.6112636589885662,0.020850950736829285,2098.639380198793,0.7178339881661787,MEDIUM,MEDIUM,MEDIUM,5,COST_BASED,COST_BASED,false,false
1,baseline,1,2033,0.0,0.08616780045351474,DISTRICT_HEATING,TOTAL,7985,460,258,11457,61040,0.789347965434716,0.6227700452490211,0.022491727435328183,2087.6133519003934,0.7340066105854358,MEDIUM,MEDIUM,MEDIUM,5,COST_BASED,COST_BASED,false,false
1,baseline,1,2034,0.0,0.0963718820861678,DISTRICT_HEATING,TOTAL,8120,385,250,11842,53832,0.7893974573355812,0.606850784219499,0.024170018167415687,2123.9034031802644,0.7099055597244159,MEDIUM,MEDIUM,MEDIUM,5,COST_BASED,COST_BASED,false,false
1,baseline,1,2035,0.0,0.1054421768707483,DISTRICT_HEATING,TOTAL,8139,302,283,12144,46750,0.7920927225226626,0.6165532659144513,0.02501744140249446,2104.4991657754013,0.7236795380657012,MEDIUM,MEDIUM,MEDIUM,5,COST_BASED,COST_BASED,false,false
1,baseline,1,2036,0.0,0.11791383219954649,DISTRICT_HEATING,TOTAL,8013,195,321,12339,38621,0.7946243539010438,0.6105180261728971,0.02570470362473138,2078.486082701121,0.7139078628309875,MEDIUM,MEDIUM,MEDIUM,5,COST_BASED,COST_BASED,false,false
1,baseline,1,2037,0.0,0.12585034013605442,DISTRICT_HEATING,TOTAL,7950,160,223,12499,52326,0.7726178940880645,0.6119341268538088,0.023019557135431405,2039.5760616137293,0.7218692721167748,MEDIUM,MEDIUM,MEDIUM,5,COST_BASED,COST_BASED,false,false
1,baseline,1,2038,0.0,0.1417233560090703,DISTRICT_HEATING,TOTAL,7624,122,448,12621,56127,0.7534741871911178,0.6048960766126974,0.021474265144758146,2173.481479501844,0.7162912849781751,MEDIUM,MEDIUM,MEDIUM,5,COST_BASED,COST_BASED,false,false
1,baseline,1,2039,0.0,0.1621315192743764,DISTRICT_HEATING,TOTAL,7518,112,218,12733,66457,0.7428665968947148,0.5893915986407514,0.0201792471648591,2202.843056412417,0.6958483428418359,MEDIUM,MEDIUM,MEDIUM,5,COST_BASED,COST_BASED,false,false
1,baseline,1,2040,0.0,0.17800453514739228,DISTRICT_HEATING,TOTAL,7445,86,159,12819,75548,0.7338337831992126,0.5854237782284228,0.01888226303976114,2251.9534732885054,0.6923169386628507,MEDIUM,MEDIUM,MEDIUM,5,COST_BASED,COST_BASED,false,false
1,baseline,1,2041,0.0,0.1893424036281179,DISTRICT_HEATING,TOTAL,6902,75,618,12894,77131,0.7311096724802935,0.5991852841989451,0.018588594567799932,2216.594287640508,0.7136769338573771,MEDIUM,MEDIUM,MEDIUM,5,COST_BASED,COST_BASED,false,false
1,baseline,1,2042,0.0,0.20294784580498867,DISTRICT_HEATING,TOTAL,6774,52,180,12946,86079,0.7307852517260137,0.5922469491926696,0.01830803496991744,2169.519743491444,0.7033856064862689,MEDIUM,MEDIUM,MEDIUM,5,COST_BASED,COST_BASED,false,false
1,baseline,1,2043,0.0,0.2199546485260771,DISTRICT_HEATING,TOTAL,6637,47,184,12993,83908,0.7348110174537338,0.6104400660014583,0.018000960326757482,2184.806228249988,0.7297072245979015,MEDIUM,MEDIUM,MEDIUM,5,COST_BASED,COST_BASED,false,false
1,baseline,1,2044,0.0,0.23242630385487528,DISTRICT_HEATING,TOTAL,6491,33,179,13026,91846,0.7383344727170165,0.5965712892403515,0.018181200258780957,2145.896141367071,0.7080006656489359,MEDIUM,MEDIUM,MEDIUM,5,COST_BASED,COST_BASED,false,false
1,baseline,1,2045,0.0,0.23242630385487528,DISTRICT_HEATING,TOTAL,6312,23,202,13049,102430,0.7447201225234833,0.608851760963663,0.017922521720522337,2143.320716586937,0.7248572955995541,MEDIUM,MEDIUM,MEDIUM,5,COST_BASED,COST_BASED,false,false
1,baseline,1,2046,0.0,0.23242630385487528,DISTRICT_HEATING,TOTAL,6178,18,152,13067,105068,0.7512222591675966,0.5956992682773821,0.01828299925938438,2176.863412266342,0.7034579627167409,MEDIUM,MEDIUM,MEDIUM,5,COST_BASED,COST_BASED,false,false
1,baseline,1,2047,0.0,0.23242630385487528,DISTRICT_HEATING,TOTAL,6028,20,170,13087,120402,0.7583574677625374,0.6028998022248704,0.01882015036649073,2124.0835700403645,0.7124078176008697,MEDIUM,MEDIUM,MEDIUM,5,COST_BASED,COST_BASED,false,false
1,baseline,1,2048,0.0,0.23242630385487528,DISTRICT_HEATING,TOTAL,5620,15,423,13102,125028,0.7703161802451131,0.5975730623636853,0.019398039339950136,2089.7192788815305,0.7013557935667541,MEDIUM,MEDIUM,MEDIUM,5,COST_BASED,COST_BASED,false,false
1,baseline,1,2049,0.0,0.23242630385487528,DISTRICT_HEATING,TOTAL,5264,18,374,13120,105249,0.7791152436525951,0.6114874994125412,0.01909001833975402,2123.2323632528573,0.7200661859131948,MEDIUM,MEDIUM,MEDIUM,5,COST_BASED,COST_BASED,false,false
1,baseline,1,2050,0.0,0.23242630385487528,DISTRICT_HEATING,TOTAL,4862,10,412,13130,96039,0.7878648726350229,0.6105905252310169,0.01858782246529131,2097.3955164047943,0.7165960918795974,MEDIUM,MEDIUM,MEDIUM,5,COST_BASED,COST_BASED,false,false
1,baseline,1,2024,0.0,0.0,DISTRICT_HEATING,PRIVATELY_OWNED,3731,3731,0,3731,0,0.0,0.0,0.0,0.0,0.0,MEDIUM,MEDIUM,MEDIUM,5,COST_BASED,COST_BASED,false,false
1,baseline,1,2025,0.0,0.024943310657596373,DISTRICT_HEATING,PRIVATELY_OWNED,3817,344,258,4075,84363,0.7646583619937548,0.6105960906169874,0.016622251079370032,2242.7579626139423,0.7226517640421092,MEDIUM,MEDIUM,MEDIUM,5,COST_BASED,COST_BASED,false,false
1,baseline,1,2026,0.0,0.024943310657596373,DISTRICT_HEATING,PRIVATELY_OWNED,3896,328,249,4403,78740,0.769718435306799,0.605262874613884,0.017088407019518474,2206.948602997206,0.7133286522166635,MEDIUM,MEDIUM,MEDIUM,5,COST_BASED,COST_BASED,false,false
1,baseline,1,2027,0.0,0.024943310657596373,DISTRICT_HEATING,PRIVATELY_OWNED,3970,312,238,4715,73463,0.7763128057140899,0.6074943424427414,0.017172849585710335,2180.053768563767,0.7150167060373829,MEDIUM,MEDIUM,MEDIUM,5,COST_BASED,COST_BASED,false,false
1,baseline,1,2028,0.0,0.024943310657596373,DISTRICT_HEATING,PRIVATELY_OWNED,4052,295,213,5010,69275,0.7806563262611946,0.6050763516423466,0.01766884692221515,2175.845976181884,0.7102418400329519,MEDIUM,MEDIUM,MEDIUM,5,COST_BASED,COST_BASED,false,false
1,baseline,1,2029,0.0,0.024943310657596373,DISTRICT_HEATING,PRIVATELY_OWNED,4139,261,174,5271,66477,0.783332592922779,0.6187708552829438,0.01819928408067162,2172.199632955759,0.7300482241836428,MEDIUM,MEDIUM,MEDIUM,5,COST_BASED,COST_BASED,false,false
1,baseline,1,2030,0.0,0.04081632653061224,DISTRICT_HEATING,PRIVATELY_OWNED,4237,321,223,5592,65966,0.7846163343755591,0.6081081618673686,0.018538792745092687,2176.6572931510173,0.713690810114021,MEDIUM,MEDIUM,MEDIUM,5,COST_BASED,COST_BASED,false,false
1,baseline,1,2031,0.0,0.05782312925170068,DISTRICT_HEATING,PRIVATELY_OWNED,4464,409,182,6001,62301,0.7879320737826041,0.6259378825396653,0.019379272512168186,2159.9182517134554,0.7395013962998225,MEDIUM,MEDIUM,MEDIUM,5,COST_BASED,COST_BASED,false,false
1,baseline,1,2032,0.0,0.07482993197278912,DISTRICT_HEATING,PRIVATELY_OWNED,4724,487,227,6488,60481,0.7858205258982549,0.6112636589885662,0.020850950736829285,2126.301681519816,0.7178339881661787,MEDIUM,MEDIUM,MEDIUM,5,COST_BASED,COST_BASED,false,false
1,baseline,1,2033,0.0,0.08616780045351474,DISTRICT_HEATING,PRIVATELY_OWNED,5020,458,162,6946,55197,0.789347965434716,0.6227700452490211,0.022491727435328183,2114.273873580086,0.7340066105854358,MEDIUM,MEDIUM,MEDIUM,5,COST_BASED,COST_BASED,false,false
1,baseline,1,2034,0.0,0.0963718820861678,DISTRICT_HEATING,PRIVATELY_OWNED,5236,379,163,7325,48174,0.7893974573355812,0.606850784219499,0.024170018167415687,2151.4518827583342,0.7099055597244159,MEDIUM,MEDIUM,MEDIUM,5,COST_BASED,COST_BASED,false,false
1,baseline,1,2035,0.0,0.1054421768707483,DISTRICT_HEATING,PRIVATELY_OWNED,5342,297,191,7622,40942,0.7920927225226626,0.6165532659144513,0.02501744140249446,2139.1965951834304,0.7236795380657012,MEDIUM,MEDIUM,MEDIUM,5,COST_BASED,COST_BASED,false,false
1,baseline,1,2036,0.0,0.11791383219954649,DISTRICT_HEATING,PRIVATELY_OWNED,5334,189,197,7811,33094,0.7946243539010438,0.6105180261728971,0.02570470362473138,2113.075995648758,0.7139078628309875,MEDIUM,MEDIUM,MEDIUM,5,COST_BASED,COST_BASED,false,false
1,baseline,1,2037,0.0,0.12585034013605442,DISTRICT_HEATING,PRIVATELY_OWNED,5354,154,134,7965,34057,0.7726178940880645,0.6119341268538088,0.023019557135431405,2245.997005020994,0.7218692721167748,MEDIUM,MEDIUM,MEDIUM,5,COST_BASED,COST_BASED,false,false
1,baseline,1,2038,0.0,0.1417233560090703,DISTRICT_HEATING,PRIVATELY_OWNED,5341,117,130,8082,41611,0.7534741871911178,0.6048960766126974,0.021474265144758146,2341.0179519838503,0.7162912849781751,MEDIUM,MEDIUM,MEDIUM,5,COST_BASED,COST_BASED,false,false
1,baseline,1,2039,0.0,0.1621315192743764,DISTRICT_HEATING,PRIVATELY_OWNED,5323,105,123,8187,51629,0.7428665968947148,0.5893915986407514,0.0201792471648591,2362.7949601967885,0.6958483428418359,MEDIUM,MEDIUM,MEDIUM,5,COST_BASED,COST_BASED,false,false
1,baseline,1,2040,0.0,0.17800453514739228,DISTRICT_HEATING,PRIVATELY_OWNED,5300,78,101,8265,61894,0.7338337831992126,0.5854237782284228,0.01888226303976114,2379.08747212977,0.6923169386628507,MEDIUM,MEDIUM,MEDIUM,5,COST_BASED,COST_BASED,false,false
1,baseline,1,2041,0.0,0.1893424036281179,DISTRICT_HEATING,PRIVATELY_OWNED,5240,65,125,8330,64268,0.7311096724802935,0.5991852841989451,0.018588594567799932,2321.8496919151057,0.7136769338573771,MEDIUM,MEDIUM,MEDIUM,5,COST_BASED,COST_BASED,false,false
1,baseline,1,2042,0.0,0.20294784580498867,DISTRICT_HEATING,PRIVATELY_OWNED,5177,42,105,8372,67722,0.7307852517260137,0.5922469491926696,0.01830803496991744,2295.7703257434805,0.7033856064862689,MEDIUM,MEDIUM,MEDIUM,5,COST_BASED,COST_BASED,false,false
1,baseline,1,2043,0.0,0.2199546485260771,DISTRICT_HEATING,PRIVATELY_OWNED,5100,39,116,8411,69703,0.7348110174537338,0.6104400660014583,0.018000960326757482,2275.6666140625225,0.7297072245979015,MEDIUM,MEDIUM,MEDIUM,5,COST_BASED,COST_BASED,false,false
1,baseline,1,2044,0.0,0.23242630385487528,DISTRICT_HEATING,PRIVATELY_OWNED,5016,22,106,8433,76087,0.7383344727170165,0.5965712892403515,0.018181200258780957,2241.8229263868993,0.7080006656489359,MEDIUM,MEDIUM,MEDIUM,5,COST_BASED,COST_BASED,false,false
1,baseline,1,2045,0.0,0.23242630385487528,DISTRICT_HEATING,PRIVATELY_OWNED,4901,10,125,8443,86121,0.7447201225234833,0.608851760963663,0.017922521720522337,2226.2593908570498,0.7248572955995541,MEDIUM,MEDIUM,MEDIUM,5,COST_BASED,COST_BASED,false,false
1,baseline,1,2046,0.0,0.23242630385487528,DISTRICT_HEATING,PRIVATELY_OWNED,4821,8,88,8451,93231,0.7512222591675966,0.5956992682773821,0.01828299925938438,2224.0840171187697,0.7034579627167409,MEDIUM,MEDIUM,MEDIUM,5,COST_BASED,COST_BASED,false,false
1,baseline,1,2047,0.0,0.23242630385487528,DISTRICT_HEATING,PRIVATELY_OWNED,4748,12,85,8463,100930,0.7583574677625374,0.6028998022248704,0.01882015036649073,2209.5910432973346,0.7124078176008697,MEDIUM,MEDIUM,MEDIUM,5,COST_BASED,COST_BASED,false,false
1,baseline,1,2048,0.0,0.23242630385487528,DISTRICT_HEATING,PRIVATELY_OWNED,4414,7,341,8470,101528,0.7703161802451131,0.5975730623636853,0.019398039339950136,2184.7963517453313,0.7013557935667541,MEDIUM,MEDIUM,MEDIUM,5,COST_BASED,COST_BASED,false,false
1,baseline,1,2049,0.0,0.23242630385487528,DISTRICT_HEATING,PRIVATELY_OWNED,4123,13,304,8483,95212,0.7791152436525951,0.6114874994125412,0.01909001833975402,2166.890728059488,0.7200661859131948,MEDIUM,MEDIUM,MEDIUM,5,COST_BASED,COST_BASED,false,false
1,baseline,1,2050,0.0,0.23242630385487528,DISTRICT_HEATING,PRIVATELY_OWNED,3808,6,321,8489,86402,0.7878648726350229,0.6105905252310169,0.01858782246529131,2141.4303025392933,0.7165960918795974,MEDIUM,MEDIUM,MEDIUM,5,COST_BASED,COST_BASED,false,false
1,baseline,1,2024,0.0,0.0,DISTRICT_HEATING,SOCIAL_HOUSING,1754,1754,0,1754,0,0.0,0.0,0.0,0.0,0.0,MEDIUM,MEDIUM,MEDIUM,5,COST_BASED,COST_BASED,false,false
1,baseline,1,2025,0.0,0.024943310657596373,DISTRICT_HEATING,SOCIAL_HOUSING,1484,0,270,1754,0,0.0,0.0,0.0,0.0,0.0,MEDIUM,MEDIUM,MEDIUM,5,COST_BASED,COST_BASED,false,false
1,baseline,1,2026,0.0,0.024943310657596373,DISTRICT_HEATING,SOCIAL_HOUSING,1484,0,0,1754,0,0.0,0.0,0.0,0.0,0.0,MEDIUM,MEDIUM,MEDIUM,5,COST_BASED,COST_BASED,false,false
1,baseline,1,2027,0.0,0.024943310657596373,DISTRICT_HEATING,SOCIAL_HOUSING,1222,0,262,1754,0,0.0,0.0,0.0,0.0,0.0,MEDIUM,MEDIUM,MEDIUM,5,COST_BASED,COST_BASED,false,false
1,baseline,1,2028,0.0,0.024943310657596373,DISTRICT_HEATING,SOCIAL_HOUSING,1222,0,0,1754,0,0.0,0.0,0.0,0.0,0.0,MEDIUM,MEDIUM,MEDIUM,5,COST_BASED,COST_BASED,false,false
1,baseline,1,2029,0.0,0.024943310657596373,DISTRICT_HEATING,SOCIAL_HOUSING,1222,0,0,1754,0,0.0,0.0,0.0,0.0,0.0,MEDIUM,MEDIUM,MEDIUM,5,COST_BASED,COST_BASED,false,false
1,baseline,1,2030,0.0,0.04081632653061224,DISTRICT_HEATING,SOCIAL_HOUSING,1222,0,0,1754,0,0.0,0.0,0.0,0.0,0.0,MEDIUM,MEDIUM,MEDIUM,5,COST_BASED,COST_BASED,false,false
1,baseline,1,2031,0.0,0.05782312925170068,DISTRICT_HEATING,SOCIAL_HOUSING,1222,0,0,1754,0,0.0,0.0,0.0,0.0,0.0,MEDIUM,MEDIUM,MEDIUM,5,COST_BASED,COST_BASED,false,false
1,baseline,1,2032,0.0,0.07482993197278912,DISTRICT_HEATING,SOCIAL_HOUSING,1222,0,0,1754,0,0.0,0.0,0.0,0.0,0.0,MEDIUM,MEDIUM,MEDIUM,5,COST_BASED,COST_BASED,false,false
1,baseline,1,2033,0.0,0.08616780045351474,DISTRICT_HEATING,SOCIAL_HOUSING,1222,0,0,1754,0,0.0,0.0,0.0,0.0,0.0,MEDIUM,MEDIUM,MEDIUM,5,COST_BASED,COST_BASED,false,false
1,baseline,1,2034,0.0,0.0963718820861678,DISTRICT_HEATING,SOCIAL_HOUSING,1222,0,0,1754,0,0.0,0.0,0.0,0.0,0.0,MEDIUM,MEDIUM,MEDIUM,5,COST_BASED,COST_BASED,false,false
1,baseline,1,2035,0.0,0.1054421768707483,DISTRICT_HEATING,SOCIAL_HOUSING,1222,0,0,1754,0,0.0,0.0,0.0,0.0,0.0,MEDIUM,MEDIUM,MEDIUM,5,COST_BASED,COST_BASED,false,false
1,baseline,1,2036,0.0,0.11791383219954649,DISTRICT_HEATING,SOCIAL_HOUSING,1222,0,0,1754,0,0.0,0.0,0.0,0.0,0.0,MEDIUM,MEDIUM,MEDIUM,5,COST_BASED,COST_BASED,false,false
1,baseline,1,2037,0.0,0.12585034013605442,DISTRICT_HEATING,SOCIAL_HOUSING,1222,0,0,1754,10866,0.0,0.0,0.0,1629.7969814099024,0.0,MEDIUM,MEDIUM,MEDIUM,5,COST_BASED,COST_BASED,false,false
1,baseline,1,2038,0.0,0.1417233560090703,DISTRICT_HEATING,SOCIAL_HOUSING,999,0,223,1754,7958,0.0,0.0,0.0,1746.4829102789645,0.0,MEDIUM,MEDIUM,MEDIUM,5,COST_BASED,COST_BASED,false,false
1,baseline,1,2039,0.0,0.1621315192743764,DISTRICT_HEATING,SOCIAL_HOUSING,999,0,0,1754,8160,0.0,0.0,0.0,1670.6731617647058,0.0,MEDIUM,MEDIUM,MEDIUM,5,COST_BASED,COST_BASED,false,false
1,baseline,1,2040,0.0,0.17800453514739228,DISTRICT_HEATING,SOCIAL_HOUSING,999,0,0,1754,6897,0.0,0.0,0.0,1649.908655937364,0.0,MEDIUM,MEDIUM,MEDIUM,5,COST_BASED,COST_BASED,false,false
1,baseline,1,2041,0.0,0.1893424036281179,DISTRICT_HEATING,SOCIAL_HOUSING,575,0,424,1754,5381,0.0,0.0,0.0,1718.8074707303476,0.0,MEDIUM,MEDIUM,MEDIUM,5,COST_BASED,COST_BASED,false,false
1,baseline,1,2042,0.0,0.20294784580498867,DISTRICT_HEATING,SOCIAL_HOUSING,575,0,0,1754,11157,0.0,0.0,0.0,1713.743569059783,0.0,MEDIUM,MEDIUM,MEDIUM,5,COST_BASED,COST_BASED,false,false
1,baseline,1,2043,0.0,0.2199546485260771,DISTRICT_HEATING,SOCIAL_HOUSING,575,0,0,1754,6839,0.0,0.0,0.0,1766.1634741921334,0.0,MEDIUM,MEDIUM,MEDIUM,5,COST_BASED,COST_BASED,false,false
1,baseline,1,2044,0.0,0.23242630385487528,DISTRICT_HEATING,SOCIAL_HOUSING,575,0,0,1754,7451,0.0,0.0,0.0,1724.2378204267884,0.0,MEDIUM,MEDIUM,MEDIUM,5,COST_BASED,COST_BASED,false,false
1,baseline,1,2045,0.0,0.23242630385487528,DISTRICT_HEATING,SOCIAL_HOUSING,575,0,0,1754,8690,0.0,0.0,0.0,1714.759493670886,0.0,MEDIUM,MEDIUM,MEDIUM,5,COST_BASED,COST_BASED,false,false
1,baseline,1,2046,0.0,0.23242630385487528,DISTRICT_HEATING,SOCIAL_HOUSING,575,0,0,1754,5446,0.0,0.0,0.0,1819.819500550863,0.0,MEDIUM,MEDIUM,MEDIUM,5,COST_BASED,COST_BASED,false,false
1,baseline,1,2047,0.0,0.23242630385487528,DISTRICT_HEATING,SOCIAL_HOUSING,575,0,0,1754,10122,0.0,0.0,0.0,1697.8906342620035,0.0,MEDIUM,MEDIUM,MEDIUM,5,COST_BASED,COST_BASED,false,false
1,baseline,1,2048,0.0,0.23242630385487528,DISTRICT_HEATING,SOCIAL_HOUSING,575,0,0,1754,15554,0.0,0.0,0.0,1664.000257168574,0.0,MEDIUM,MEDIUM,MEDIUM,5,COST_BASED,COST_BASED,false,false
1,baseline,1,2049,0.0,0.23242630385487528,DISTRICT_HEATING,SOCIAL_HOUSING,575,0,0,1754,3547,0.0,0.0,0.0,1553.2094727939104,0.0,MEDIUM,MEDIUM,MEDIUM,5,COST_BASED,COST_BASED,false,false
1,baseline,1,2050,0.0,0.23242630385487528,DISTRICT_HEATING,SOCIAL_HOUSING,575,0,0,1754,3069,0.0,0.0,0.0,1638.996741609645,0.0,MEDIUM,MEDIUM,MEDIUM,5,COST_BASED,COST_BASED,false,false
1,baseline,1,2024,0.0,0.0,DISTRICT_HEATING,PRIVATELY_RENTED,2743,2743,0,2743,0,0.0,0.0,0.0,0.0,0.0,MEDIUM,MEDIUM,MEDIUM,5,COST_BASED,COST_BASED,false,false
1,baseline,1,2025,0.0,0.024943310657596373,DISTRICT_HEATING,PRIVATELY_RENTED,2680,2,65,2745,5913,0.0,0.0,0.0,1865.5004227972265,0.0,MEDIUM,MEDIUM,MEDIUM,5,COST_BASED,COST_BASED,false,false
1,baseline,1,2026,0.0,0.024943310657596373,DISTRICT_HEATING,PRIVATELY_RENTED,2584,0,96,2745,5963,0.0,0.0,0.0,1835.5532450109006,0.0,MEDIUM,MEDIUM,MEDIUM,5,COST_BASED,COST_BASED,false,false
1,baseline,1,2027,0.0,0.024943310657596373,DISTRICT_HEATING,PRIVATELY_RENTED,2466,1,119,2746,5757,0.0,0.0,0.0,1847.919576168143,0.0,MEDIUM,MEDIUM,MEDIUM,5,COST_BASED,COST_BASED,false,false
1,baseline,1,2028,0.0,0.024943310657596373,DISTRICT_HEATING,PRIVATELY_RENTED,2310,0,156,2746,5875,0.0,0.0,0.0,1874.8738723404256,0.0,MEDIUM,MEDIUM,MEDIUM,5,COST_BASED,COST_BASED,false,false
1,baseline,1,2029,0.0,0.024943310657596373,DISTRICT_HEATING,PRIVATELY_RENTED,2200,0,110,2746,5795,0.0,0.0,0.0,1854.480931837791,0.0,MEDIUM,MEDIUM,MEDIUM,5,COST_BASED,COST_BASED,false,false
1,baseline,1,2030,0.0,0.04081632653061224,DISTRICT_HEATING,PRIVATELY_RENTED,2073,2,129,2748,5728,0.0,0.0,0.0,1865.2445879888269,0.0,MEDIUM,MEDIUM,MEDIUM,5,COST_BASED,COST_BASED,false,false
1,baseline,1,2031,0.0,0.05782312925170068,DISTRICT_HEATING,PRIVATELY_RENTED,1951,4,126,2752,5757,0.0,0.0,0.0,1861.09136703144,0.0,MEDIUM,MEDIUM,MEDIUM,5,COST_BASED,COST_BASED,false,false
1,baseline,1,2032,0.0,0.07482993197278912,DISTRICT_HEATING,PRIVATELY_RENTED,1837,3,117,2755,6121,0.0,0.0,0.0,1825.3108969122693,0.0,MEDIUM,MEDIUM,MEDIUM,5,COST_BASED,COST_BASED,false,false
1,baseline,1,2033,0.0,0.08616780045351474,DISTRICT_HEATING,PRIVATELY_RENTED,1743,2,96,2757,5843,0.0,0.0,0.0,1835.7597124764675,0.0,MEDIUM,MEDIUM,MEDIUM,5,COST_BASED,COST_BASED,false,false
1,baseline,1,2034,0.0,0.0963718820861678,DISTRICT_HEATING,PRIVATELY_RENTED,1662,6,87,2763,5658,0.0,0.0,0.0,1889.3469423824672,0.0,MEDIUM,MEDIUM,MEDIUM,5,COST_BASED,COST_BASED,false,false
1,baseline,1,2035,0.0,0.1054421768707483,DISTRICT_HEATING,PRIVATELY_RENTED,1575,5,92,2768,5808,0.0,0.0,0.0,1859.9085743801652,0.0,MEDIUM,MEDIUM,MEDIUM,5,COST_BASED,COST_BASED,false,false
1,baseline,1,2036,0.0,0.11791383219954649,DISTRICT_HEATING,PRIVATELY_RENTED,1457,6,124,2774,5527,0.0,0.0,0.0,1871.372172969061,0.0,MEDIUM,MEDIUM,MEDIUM,5,COST_BASED,COST_BASED,false,false
1,baseline,1,2037,0.0,0.12585034013605442,DISTRICT_HEATING,PRIVATELY_RENTED,1374,6,89,2780,5451,0.0,0.0,0.0,1777.4234085488902,0.0,MEDIUM,MEDIUM,MEDIUM,5,COST_BASED,COST_BASED,false,false
1,baseline,1,2038,0.0,0.1417233560090703,DISTRICT_HEATING,PRIVATELY_RENTED,1284,5,95,2785,5190,0.0,0.0,0.0,1731.221965317919,0.0,MEDIUM,MEDIUM,MEDIUM,5,COST_BASED,COST_BASED,false,false
1,baseline,1,2039,0.0,0.1621315192743764,DISTRICT_HEATING,PRIVATELY_RENTED,1196,7,95,2792,4692,0.0,0.0,0.0,1741.175831202046,0.0,MEDIUM,MEDIUM,MEDIUM,5,COST_BASED,COST_BASED,false,false
1,baseline,1,2040,0.0,0.17800453514739228,DISTRICT_HEATING,PRIVATELY_RENTED,1146,8,58,2800,5140,0.0,0.0,0.0,1844.0420233463035,0.0,MEDIUM,MEDIUM,MEDIUM,5,COST_BASED,COST_BASED,false,false
1,baseline,1,2041,0.0,0.1893424036281179,DISTRICT_HEATING,PRIVATELY_RENTED,1087,10,69,2810,5199,0.0,0.0,0.0,1835.195614541258,0.0,MEDIUM,MEDIUM,MEDIUM,5,COST_BASED,COST_BASED,false,false
1,baseline,1,2042,0.0,0.20294784580498867,DISTRICT_HEATING,PRIVATELY_RENTED,1022,10,75,2820,5221,0.0,0.0,0.0,1844.9691629955946,0.0,MEDIUM,MEDIUM,MEDIUM,5,COST_BASED,COST_BASED,false,false
1,baseline,1,2043,0.0,0.2199546485260771,DISTRICT_HEATING,PRIVATELY_RENTED,962,8,68,2828,5277,0.0,0.0,0.0,1853.0587454993367,0.0,MEDIUM,MEDIUM,MEDIUM,5,COST_BASED,COST_BASED,false,false
1,baseline,1,2044,0.0,0.23242630385487528,DISTRICT_HEATING,PRIVATELY_RENTED,900,11,73,2839,5625,0.0,0.0,0.0,1822.1212444444445,0.0,MEDIUM,MEDIUM,MEDIUM,5,COST_BASED,COST_BASED,false,false
1,baseline,1,2045,0.0,0.23242630385487528,DISTRICT_HEATING,PRIVATELY_RENTED,836,13,77,2852,5548,0.0,0.0,0.0,1820.133741888969,0.0,MEDIUM,MEDIUM,MEDIUM,5,COST_BASED,COST_BASED,false,false
1,baseline,1,2046,0.0,0.23242630385487528,DISTRICT_HEATING,PRIVATELY_RENTED,782,10,64,2862,5257,0.0,0.0,0.0,1877.2902796271637,0.0,MEDIUM,MEDIUM,MEDIUM,5,COST_BASED,COST_BASED,false,false
1,baseline,1,2047,0.0,0.23242630385487528,DISTRICT_HEATING,PRIVATELY_RENTED,705,8,85,2870,5510,0.0,0.0,0.0,1864.2617059891106,0.0,MEDIUM,MEDIUM,MEDIUM,5,COST_BASED,COST_BASED,false,false
1,baseline,1,2048,0.0,0.23242630385487528,DISTRICT_HEATING,PRIVATELY_RENTED,631,8,82,2878,5166,0.0,0.0,0.0,1892.945412311266,0.0,MEDIUM,MEDIUM,MEDIUM,5,COST_BASED,COST_BASED,false,false
1,baseline,1,2049,0.0,0.23242630385487528,DISTRICT_HEATING,PRIVATELY_RENTED,566,5,70,2883,5638,0.0,0.0,0.0,1869.0558708761973,0.0,MEDIUM,MEDIUM,MEDIUM,5,COST_BASED,COST_BASED,false,false
1,baseline,1,2050,0.0,0.23242630385487528,DISTRICT_HEATING,PRIVATELY_RENTED,479,4,91,2887,5701,0.0,0.0,0.0,1818.150499912296,0.0,MEDIUM,MEDIUM,MEDIUM,5,COST_BASED,COST_BASED,false,false
1,baseline,1,2024,0.0,0.0,DISTRICT_HEATING,HOME_OWNER_ASSOCIATION,0,0,0,0,0,0.0,0.0,0.0,0.0,0.0,MEDIUM,MEDIUM,MEDIUM,5,COST_BASED,COST_BASED,false,false
1,baseline,1,2025,0.0,0.024943310657596373,DISTRICT_HEATING,HOME_OWNER_ASSOCIATION,0,0,0,0,0,0.0,0.0,0.0,0.0,0.0,MEDIUM,MEDIUM,MEDIUM,5,COST_BASED,COST_BASED,false,false
1,baseline,1,2026,0.0,0.024943310657596373,DISTRICT_HEATING,HOME_OWNER_ASSOCIATION,0,0,0,0,0,0.0,0.0,0.0,0.0,0.0,MEDIUM,MEDIUM,MEDIUM,5,COST_BASED,COST_BASED,false,false
1,baseline,1,2027,0.0,0.024943310657596373,DISTRICT_HEATING,HOME_OWNER_ASSOCIATION,0,0,0,0,0,0.0,0.0,0.0,0.0,0.0,MEDIUM,MEDIUM,MEDIUM,5,COST_BASED,COST_BASED,false,false
1,baseline,1,2028,0.0,0.024943310657596373,DISTRICT_HEATING,HOME_OWNER_ASSOCIATION,0,0,0,0,0,0.0,0.0,0.0,0.0,0.0,MEDIUM,MEDIUM,MEDIUM,5,COST_BASED,COST_BASED,false,false
1,baseline,1,2029,0.0,0.024943310657596373,DISTRICT_HEATING,HOME_OWNER_ASSOCIATION,0,0,0,0,0,0.0,0.0,0.0,0.0,0.0,MEDIUM,MEDIUM,MEDIUM,5,COST_BASED,COST_BASED,false,false
1,baseline,1,2030,0.0,0.04081632653061224,DISTRICT_HEATING,HOME_OWNER_ASSOCIATION,0,0,0,0,0,0.0,0.0,0.0,0.0,0.0,MEDIUM,MEDIUM,MEDIUM,5,COST_BASED,COST_BASED,false,false
1,baseline,1,2031,0.0,0.05782312925170068,DISTRICT_HEATING,HOME_OWNER_ASSOCIATION,0,0,0,0,0,0.0,0.0,0.0,0.0,0.0,MEDIUM,MEDIUM,MEDIUM,5,COST_BASED,COST_BASED,false,false
1,baseline,1,2032,0.0,0.07482993197278912,DISTRICT_HEATING,HOME_OWNER_ASSOCIATION,0,0,0,0,0,0.0,0.0,0.0,0.0,0.0,MEDIUM,MEDIUM,MEDIUM,5,COST_BASED,COST_BASED,false,false
1,baseline,1,2033,0.0,0.08616780045351474,DISTRICT_HEATING,HOME_OWNER_ASSOCIATION,0,0,0,0,0,0.0,0.0,0.0,0.0,0.0,MEDIUM,MEDIUM,MEDIUM,5,COST_BASED,COST_BASED,false,false
1,baseline,1,2034,0.0,0.0963718820861678,DISTRICT_HEATING,HOME_OWNER_ASSOCIATION,0,0,0,0,0,0.0,0.0,0.0,0.0,0.0,MEDIUM,MEDIUM,MEDIUM,5,COST_BASED,COST_BASED,false,false
1,baseline,1,2035,0.0,0.1054421768707483,DISTRICT_HEATING,HOME_OWNER_ASSOCIATION,0,0,0,0,0,0.0,0.0,0.0,0.0,0.0,MEDIUM,MEDIUM,MEDIUM,5,COST_BASED,COST_BASED,false,false
1,baseline,1,2036,0.0,0.11791383219954649,DISTRICT_HEATING,HOME_OWNER_ASSOCIATION,0,0,0,0,0,0.0,0.0,0.0,0.0,0.0,MEDIUM,MEDIUM,MEDIUM,5,COST_BASED,COST_BASED,false,false
1,baseline,1,2037,0.0,0.12585034013605442,DISTRICT_HEATING,HOME_OWNER_ASSOCIATION,0,0,0,0,1952,0.0,0.0,0.0,1451.2438524590164,0.0,MEDIUM,MEDIUM,MEDIUM,5,COST_BASED,COST_BASED,false,false
1,baseline,1,2038,0.0,0.1417233560090703,DISTRICT_HEATING,HOME_OWNER_ASSOCIATION,0,0,0,0,1368,0.0,0.0,0.0,1239.2865497076023,0.0,MEDIUM,MEDIUM,MEDIUM,5,COST_BASED,COST_BASED,false,false
1,baseline,1,2039,0.0,0.1621315192743764,DISTRICT_HEATING,HOME_OWNER_ASSOCIATION,0,0,0,0,1976,0.0,0.0,0.0,1317.4645748987855,0.0,MEDIUM,MEDIUM,MEDIUM,5,COST_BASED,COST_BASED,false,false
1,baseline,1,2040,0.0,0.17800453514739228,DISTRICT_HEATING,HOME_OWNER_ASSOCIATION,0,0,0,0,1617,0.0,0.0,0.0,1250.1824366110081,0.0,MEDIUM,MEDIUM,MEDIUM,5,COST_BASED,COST_BASED,false,false
1,baseline,1,2041,0.0,0.1893424036281179,DISTRICT_HEATING,HOME_OWNER_ASSOCIATION,0,0,0,0,2283,0.0,0.0,0.0,1295.4064826982042,0.0,MEDIUM,MEDIUM,MEDIUM,5,COST_BASED,COST_BASED,false,false
1,baseline,1,2042,0.0,0.20294784580498867,DISTRICT_HEATING,HOME_OWNER_ASSOCIATION,0,0,0,0,1979,0.0,0.0,0.0,1274.942395149065,0.0,MEDIUM,MEDIUM,MEDIUM,5,COST_BASED,COST_BASED,false,false
1,baseline,1,2043,0.0,0.2199546485260771,DISTRICT_HEATING,HOME_OWNER_ASSOCIATION,0,0,0,0,2089,0.0,0.0,0.0,1361.6792723791289,0.0,MEDIUM,MEDIUM,MEDIUM,5,COST_BASED,COST_BASED,false,false
1,baseline,1,2044,0.0,0.23242630385487528,DISTRICT_HEATING,HOME_OWNER_ASSOCIATION,0,0,0,0,2683,0.0,0.0,0.0,1275.314200521804,0.0,MEDIUM,MEDIUM,MEDIUM,5,COST_BASED,COST_BASED,false,false
1,baseline,1,2045,0.0,0.23242630385487528,DISTRICT_HEATING,HOME_OWNER_ASSOCIATION,0,0,0,0,2071,0.0,0.0,0.0,1358.4229840656687,0.0,MEDIUM,MEDIUM,MEDIUM,5,COST_BASED,COST_BASED,false,false
1,baseline,1,2046,0.0,0.23242630385487528,DISTRICT_HEATING,HOME_OWNER_ASSOCIATION,0,0,0,0,1134,0.0,0.0,0.0,1398.1093474426807,0.0,MEDIUM,MEDIUM,MEDIUM,5,COST_BASED,COST_BASED,false,false
1,baseline,1,2047,0.0,0.23242630385487528,DISTRICT_HEATING,HOME_OWNER_ASSOCIATION,0,0,0,0,3840,0.0,0.0,0.0,1372.8528645833333,0.0,MEDIUM,MEDIUM,MEDIUM,5,COST_BASED,COST_BASED,false,false
1,baseline,1,2048,0.0,0.23242630385487528,DISTRICT_HEATING,HOME_OWNER_ASSOCIATION,0,0,0,0,2780,0.0,0.0,0.0,1364.9647482014389,0.0,MEDIUM,MEDIUM,MEDIUM,5,COST_BASED,COST_BASED,false,false
1,baseline,1,2049,0.0,0.23242630385487528,DISTRICT_HEATING,HOME_OWNER_ASSOCIATION,0,0,0,0,852,0.0,0.0,0.0,1299.4272300469484,0.0,MEDIUM,MEDIUM,MEDIUM,5,COST_BASED,COST_BASED,false,false
1,baseline,1,2050,0.0,0.23242630385487528,DISTRICT_HEATING,HOME_OWNER_ASSOCIATION,0,0,0,0,867,0.0,0.0,0.0,1167.8777393310265,0.0,MEDIUM,MEDIUM,MEDIUM,5,COST_BASED,COST_BASED,false,false
1,baseline,1,2024,0.0,0.0,ELECTRIC_HEAT_PUMP,TOTAL,22709,22709,0,22709,0,0.0,0.0,0.0,0.0,0.0,MEDIUM,MEDIUM,MEDIUM,5,COST_BASED,COST_BASED,false,false
1,baseline,1,2025,0.0,0.024943310657596373,ELECTRIC_HEAT_PUMP,TOTAL,25758,5605,2556,28314,90276,0.715664478321819,0.5703735138481487,0.08684970763852305,2893.886824848243,0.6549317242821345,MEDIUM,MEDIUM,MEDIUM,5,COST_BASED,COST_BASED,false,false
1,baseline,1,2026,0.0,0.024943310657596373,ELECTRIC_HEAT_PUMP,TOTAL,31480,7512,1790,35826,84703,0.7100404207348401,0.5671146362628249,0.1082836770329899,2849.7869142769446,0.6460909299522783,MEDIUM,MEDIUM,MEDIUM,5,COST_BASED,COST_BASED,false,false
1,baseline,1,2027,0.0,0.024943310657596373,ELECTRIC_HEAT_PUMP,TOTAL,38329,8446,1597,44272,79220,0.7017354194027304,0.5745710923154055,0.13066570541405567,2789.351754607422,0.6537563572688989,MEDIUM,MEDIUM,MEDIUM,5,COST_BASED,COST_BASED,false,false
1,baseline,1,2028,0.0,0.024943310657596373,ELECTRIC_HEAT_PUMP,TOTAL,45846,8994,1477,53266,75150,0.695875038623631,0.5733021606443511,0.15592335713520167,2740.666347305389,0.6470036420268437,MEDIUM,MEDIUM,MEDIUM,5,COST_BASED,COST_BASED,false,false
1,baseline,1,2029,0.0,0.024943310657596373,ELECTRIC_HEAT_PUMP,TOTAL,52856,8669,1659,61935,72272,0.692030750708474,0.5831758819022673,0.18044614821542793,2683.59245627629,0.6566445981224399,MEDIUM,MEDIUM,MEDIUM,5,COST_BASED,COST_BASED,false,false
1,baseline,1,2030,0.0,0.04081632653061224,ELECTRIC_HEAT_PUMP,TOTAL,62620,11187,1423,73122,71694,0.6906876866576771,0.5870308444612342,0.20936095085640893,2641.766103160655,0.6555341073133271,MEDIUM,MEDIUM,MEDIUM,5,COST_BASED,COST_BASED,false,false
1,baseline,1,2031,0.0,0.05782312925170068,ELECTRIC_HEAT_PUMP,TOTAL,70760,9715,1575,82837,68058,0.6860354443313087,0.5937317921946008,0.24104226187424124,2580.6634047430134,0.6588282617405126,MEDIUM,MEDIUM,MEDIUM,5,COST_BASED,COST_BASED,false,false
1,baseline,1,2032,0.0,0.07482993197278912,ELECTRIC_HEAT_PUMP,TOTAL,83563,14269,1466,97106,66602,0.6877366828954309,0.6076306333637097,0.28106802894658117,2497.7786102519444,0.6692447720850562,MEDIUM,MEDIUM,MEDIUM,5,COST_BASED,COST_BASED,false,false
1,baseline,1,2033,0.0,0.08616780045351474,ELECTRIC_HEAT_PUMP,TOTAL,96699,14625,1489,111731,61040,0.681982569530159,0.6250162176143593,0.32463940697461546,2449.3850425950195,0.6858688322953317,MEDIUM,MEDIUM,MEDIUM,5,COST_BASED,COST_BASED,false,false
1,baseline,1,2034,0.0,0.0963718820861678,ELECTRIC_HEAT_PUMP,TOTAL,110445,15313,1567,127044,53832,0.6792562244815981,0.6268597476344291,0.36920569401262676,2440.63074008025,0.6781741418280911,MEDIUM,MEDIUM,MEDIUM,5,COST_BASED,COST_BASED,false,false
1,baseline,1,2035,0.0,0.1054421768707483,ELECTRIC_HEAT_PUMP,TOTAL,121533,12801,1713,139845,46750,0.6717179772041386,0.6369573252050804,0.397922009325363,2387.5816470588234,0.6880259911752452,MEDIUM,MEDIUM,MEDIUM,5,COST_BASED,COST_BASED,false,false
1,baseline,1,2036,0.0,0.11791383219954649,ELECTRIC_HEAT_PUMP,TOTAL,130643,10612,1502,150457,38621,0.663504593853775,0.6408758469008946,0.4158166507193901,2335.424717122809,0.6914834592080508,MEDIUM,MEDIUM,MEDIUM,5,COST_BASED,COST_BASED,false,false
1,baseline,1,2037,0.0,0.12585034013605442,ELECTRIC_HEAT_PUMP,TOTAL,138337,9081,1387,159538,52326,0.6885866923383998,0.6772765448945746,0.49771019034542113,2104.9358636242023,0.7193405966708989,MEDIUM,MEDIUM,MEDIUM,5,COST_BASED,COST_BASED,false,false
1,baseline,1,2038,0.0,0.1417233560090703,ELECTRIC_HEAT_PUMP,TOTAL,145824,8777,1290,168315,56127,0.7151308629860605,0.7118930704733228,0.5671258522874424,2152.362784399665,0.747275426891606,MEDIUM,MEDIUM,MEDIUM,5,COST_BASED,COST_BASED,false,false
1,baseline,1,2039,0.0,0.1621315192743764,ELECTRIC_HEAT_PUMP,TOTAL,152552,7874,1146,176189,66457,0.7305240870500445,0.7162459886776746,0.6082183865122,2140.276479528116,0.7396833646259465,MEDIUM,MEDIUM,MEDIUM,5,COST_BASED,COST_BASED,false,false
1,baseline,1,2040,0.0,0.17800453514739228,ELECTRIC_HEAT_PUMP,TOTAL,160093,13066,5525,189255,75548,0.743227391947716,0.7395626293137814,0.6438498427965463,2117.2869301636047,0.7625746352845857,MEDIUM,MEDIUM,MEDIUM,5,COST_BASED,COST_BASED,false,false
1,baseline,1,2041,0.0,0.1893424036281179,ELECTRIC_HEAT_PUMP,TOTAL,166017,13341,7417,202596,77131,0.7468186670539778,0.7500968155154305,0.6575319975683789,2073.5314335351545,0.7740575571175505,MEDIUM,MEDIUM,MEDIUM,5,COST_BASED,COST_BASED,false,false
1,baseline,1,2042,0.0,0.20294784580498867,ELECTRIC_HEAT_PUMP,TOTAL,171117,13599,8499,216195,86079,0.7484589305957868,0.7584270616711548,0.6664167114473358,2002.0555187676437,0.783921681995924,MEDIUM,MEDIUM,MEDIUM,5,COST_BASED,COST_BASED,false,false
1,baseline,1,2043,0.0,0.2199546485260771,ELECTRIC_HEAT_PUMP,TOTAL,175472,13231,8876,229426,83908,0.7450993572505089,0.760502280412212,0.6574841822211428,1981.1687205034084,0.7901075357504047,MEDIUM,MEDIUM,MEDIUM,5,COST_BASED,COST_BASED,false,false
1,baseline,1,2044,0.0,0.23242630385487528,ELECTRIC_HEAT_PUMP,TOTAL,178296,11569,8745,240995,91846,0.7429312016890057,0.757777668184142,0.6565336869283775,1919.0264573307493,0.7868002801218573,MEDIUM,MEDIUM,MEDIUM,5,COST_BASED,COST_BASED,false,false
1,baseline,1,2045,0.0,0.23242630385487528,ELECTRIC_HEAT_PUMP,TOTAL,180777,13578,11097,254573,102430,0.7381758351439529,0.7707189896427381,0.649245890777053,1892.4732597871716,0.8092230529838721,MEDIUM,MEDIUM,MEDIUM,5,COST_BASED,COST_BASED,false,false
1,baseline,1,2046,0.0,0.23242630385487528,ELECTRIC_HEAT_PUMP,TOTAL,182127,11141,9791,265714,105068,0.7329754987844523,0.7612646941595296,0.6367956210858708,1905.4910534130277,0.7994542612716866,MEDIUM,MEDIUM,MEDIUM,5,COST_BASED,COST_BASED,false,false
1,baseline,1,2047,0.0,0.23242630385487528,ELECTRIC_HEAT_PUMP,TOTAL,183424,15377,14080,281091,120402,0.7261912714520063,0.7614371553275737,0.6241502705625289,1870.1967907509843,0.8045703474877232,MEDIUM,MEDIUM,MEDIUM,5,COST_BASED,COST_BASED,false,false
1,baseline,1,2048,0.0,0.23242630385487528,ELECTRIC_HEAT_PUMP,TOTAL,184677,15696,14443,296787,125028,0.7130999839505461,0.7478986355676694,0.5890886453902707,1853.808690853249,0.7963007960162961,MEDIUM,MEDIUM,MEDIUM,5,COST_BASED,COST_BASED,false,false
1,baseline,1,2049,0.0,0.23242630385487528,ELECTRIC_HEAT_PUMP,TOTAL,186415,16846,15108,313633,105249,0.70305411095587,0.7411024729824848,0.5668822676823807,1874.4802420925614,0.7941696148141794,MEDIUM,MEDIUM,MEDIUM,5,COST_BASED,COST_BASED,false,false
1,baseline,1,2050,0.0,0.23242630385487528,ELECTRIC_HEAT_PUMP,TOTAL,186974,13279,12720,326912,96039,0.6921293604846155,0.7368393869310911,0.5439785563838483,1855.1989400139526,0.7962321011795048,MEDIUM,MEDIUM,MEDIUM,5,COST_BASED,COST_BASED,false,false
1,baseline,1,2024,0.0,0.0,ELECTRIC_HEAT_PUMP,PRIVATELY_OWNED,18501,18501,0,18501,0,0.0,0.0,0.0,0.0,0.0,MEDIUM,MEDIUM,MEDIUM,5,COST_BASED,COST_BASED,false,false
1,baseline,1,2025,0.0,0.024943310657596373,ELECTRIC_HEAT_PUMP,PRIVATELY_OWNED,21812,5605,2294,24106,84363,0.715664478321819,0.5703735138481487,0.08684970763852305,2923.3222976897455,0.6549317242821345,MEDIUM,MEDIUM,MEDIUM,5,COST_BASED,COST_BASED,false,false
1,baseline,1,2026,0.0,0.024943310657596373,ELECTRIC_HEAT_PUMP,PRIVATELY_OWNED,27810,7512,1514,31618,78740,0.7100404207348401,0.5671146362628249,0.1082836770329899,2885.3270637541277,0.6460909299522783,MEDIUM,MEDIUM,MEDIUM,5,COST_BASED,COST_BASED,false,false
1,baseline,1,2027,0.0,0.024943310657596373,ELECTRIC_HEAT_PUMP,PRIVATELY_OWNED,34937,8446,1319,40064,73463,0.7017354194027304,0.5745710923154055,0.13066570541405567,2824.2006996719438,0.6537563572688989,MEDIUM,MEDIUM,MEDIUM,5,COST_BASED,COST_BASED,false,false
1,baseline,1,2028,0.0,0.024943310657596373,ELECTRIC_HEAT_PUMP,PRIVATELY_OWNED,42731,8994,1200,49058,69275,0.695875038623631,0.5733021606443511,0.15592335713520167,2775.293511367737,0.6470036420268437,MEDIUM,MEDIUM,MEDIUM,5,COST_BASED,COST_BASED,false,false
1,baseline,1,2029,0.0,0.024943310657596373,ELECTRIC_HEAT_PUMP,PRIVATELY_OWNED,50212,8669,1188,57727,66477,0.692030750708474,0.5831758819022673,0.18044614821542793,2720.8697444228833,0.6566445981224399,MEDIUM,MEDIUM,MEDIUM,5,COST_BASED,COST_BASED,false,false
1,baseline,1,2030,0.0,0.04081632653061224,ELECTRIC_HEAT_PUMP,PRIVATELY_OWNED,60239,11186,1159,68913,65966,0.6906876866576771,0.5870308444612342,0.20936095085640893,2677.4911317951673,0.6555341073133271,MEDIUM,MEDIUM,MEDIUM,5,COST_BASED,COST_BASED,false,false
1,baseline,1,2031,0.0,0.05782312925170068,ELECTRIC_HEAT_PUMP,PRIVATELY_OWNED,68640,9714,1313,78627,62301,0.6860354443313087,0.5937317921946008,0.24104226187424124,2617.2702524839087,0.6588282617405126,MEDIUM,MEDIUM,MEDIUM,5,COST_BASED,COST_BASED,false,false
1,baseline,1,2032,0.0,0.07482993197278912,ELECTRIC_HEAT_PUMP,PRIVATELY_OWNED,81722,14262,1180,92889,60481,0.6877366828954309,0.6076306333637097,0.28106802894658117,2536.637952414808,0.6692447720850562,MEDIUM,MEDIUM,MEDIUM,5,COST_BASED,COST_BASED,false,false
1,baseline,1,2033,0.0,0.08616780045351474,ELECTRIC_HEAT_PUMP,PRIVATELY_OWNED,95078,14616,1260,107505,55197,0.681982569530159,0.6250162176143593,0.32463940697461546,2485.3168469300867,0.6858688322953317,MEDIUM,MEDIUM,MEDIUM,5,COST_BASED,COST_BASED,false,false
1,baseline,1,2034,0.0,0.0963718820861678,ELECTRIC_HEAT_PUMP,PRIVATELY_OWNED,109049,15302,1331,122807,48174,0.6792562244815981,0.6268597476344291,0.36920569401262676,2479.549757130402,0.6781741418280911,MEDIUM,MEDIUM,MEDIUM,5,COST_BASED,COST_BASED,false,false
1,baseline,1,2035,0.0,0.1054421768707483,ELECTRIC_HEAT_PUMP,PRIVATELY_OWNED,120451,12781,1379,135588,40942,0.6717179772041386,0.6369573252050804,0.397922009325363,2434.5422304723756,0.6880259911752452,MEDIUM,MEDIUM,MEDIUM,5,COST_BASED,COST_BASED,false,false
1,baseline,1,2036,0.0,0.11791383219954649,ELECTRIC_HEAT_PUMP,PRIVATELY_OWNED,129818,10595,1228,146183,33094,0.663504593853775,0.6408758469008946,0.4158166507193901,2384.3881368223847,0.6914834592080508,MEDIUM,MEDIUM,MEDIUM,5,COST_BASED,COST_BASED,false,false
1,baseline,1,2037,0.0,0.12585034013605442,ELECTRIC_HEAT_PUMP,PRIVATELY_OWNED,137755,9064,1127,155247,34057,0.6885866923383998,0.6772765448945746,0.49771019034542113,2345.846169656752,0.7193405966708989,MEDIUM,MEDIUM,MEDIUM,5,COST_BASED,COST_BASED,false,false
1,baseline,1,2038,0.0,0.1417233560090703,ELECTRIC_HEAT_PUMP,PRIVATELY_OWNED,145461,8733,1027,163980,41611,0.7151308629860605,0.7118930704733228,0.5671258522874424,2317.7995722284973,0.747275426891606,MEDIUM,MEDIUM,MEDIUM,5,COST_BASED,COST_BASED,false,false
1,baseline,1,2039,0.0,0.1621315192743764,ELECTRIC_HEAT_PUMP,PRIVATELY_OWNED,152403,7852,910,171832,51629,0.7305240870500445,0.7162459886776746,0.6082183865122,2263.592709523717,0.7396833646259465,MEDIUM,MEDIUM,MEDIUM,5,COST_BASED,COST_BASED,false,false
1,baseline,1,2040,0.0,0.17800453514739228,ELECTRIC_HEAT_PUMP,PRIVATELY_OWNED,159444,12566,5525,184398,61894,0.743227391947716,0.7395626293137814,0.6438498427965463,2224.8892946004457,0.7625746352845857,MEDIUM,MEDIUM,MEDIUM,5,COST_BASED,COST_BASED,false,false
1,baseline,1,2041,0.0,0.1893424036281179,ELECTRIC_HEAT_PUMP,PRIVATELY_OWNED,165332,13305,7417,197703,64268,0.7468186670539778,0.7500968155154305,0.6575319975683789,2144.5039210804757,0.7740575571175505,MEDIUM,MEDIUM,MEDIUM,5,COST_BASED,COST_BASED,false,false
1,baseline,1,2042,0.0,0.20294784580498867,ELECTRIC_HEAT_PUMP,PRIVATELY_OWNED,170315,13482,8499,211185,67722,0.7484589305957868,0.7584270616711548,0.6664167114473358,2083.1144975045036,0.783921681995924,MEDIUM,MEDIUM,MEDIUM,5,COST_BASED,COST_BASED,false,false
1,baseline,1,2043,0.0,0.2199546485260771,ELECTRIC_HEAT_PUMP,PRIVATELY_OWNED,174554,13115,8876,224300,69703,0.7450993572505089,0.760502280412212,0.6574841822211428,2036.6422535615397,0.7901075357504047,MEDIUM,MEDIUM,MEDIUM,5,COST_BASED,COST_BASED,false,false
1,baseline,1,2044,0.0,0.23242630385487528,ELECTRIC_HEAT_PUMP,PRIVATELY_OWNED,177223,11414,8745,235714,76087,0.7429312016890057,0.757777668184142,0.6565336869283775,1978.2178427326612,0.7868002801218573,MEDIUM,MEDIUM,MEDIUM,5,COST_BASED,COST_BASED,false,false
1,baseline,1,2045,0.0,0.23242630385487528,ELECTRIC_HEAT_PUMP,PRIVATELY_OWNED,179539,13412,11096,249126,86121,0.7381758351439529,0.7707189896427381,0.649245890777053,1947.8418388081884,0.8092230529838721,MEDIUM,MEDIUM,MEDIUM,5,COST_BASED,COST_BASED,false,false
1,baseline,1,2046,0.0,0.23242630385487528,ELECTRIC_HEAT_PUMP,PRIVATELY_OWNED,180807,11058,9790,260184,93231,0.7329754987844523,0.7612646941595296,0.6367956210858708,1936.289903572846,0.7994542612716866,MEDIUM,MEDIUM,MEDIUM,5,COST_BASED,COST_BASED,false,false
1,baseline,1,2047,0.0,0.23242630385487528,ELECTRIC_HEAT_PUMP,PRIVATELY_OWNED,182036,15302,14073,275486,100930,0.7261912714520063,0.7614371553275737,0.6241502705625289,1927.934083027841,0.8045703474877232,MEDIUM,MEDIUM,MEDIUM,5,COST_BASED,COST_BASED,false,false
1,baseline,1,2048,0.0,0.23242630385487528,ELECTRIC_HEAT_PUMP,PRIVATELY_OWNED,183183,15581,14434,291067,101528,0.7130999839505461,0.7478986355676694,0.5890886453902707,1916.764390118982,0.7963007960162961,MEDIUM,MEDIUM,MEDIUM,5,COST_BASED,COST_BASED,false,false
1,baseline,1,2049,0.0,0.23242630385487528,ELECTRIC_HEAT_PUMP,PRIVATELY_OWNED,183969,15883,15097,306950,95212,0.70305411095587,0.7411024729824848,0.5668822676823807,1904.9812523631474,0.7941696148141794,MEDIUM,MEDIUM,MEDIUM,5,COST_BASED,COST_BASED,false,false
1,baseline,1,2050,0.0,0.23242630385487528,ELECTRIC_HEAT_PUMP,PRIVATELY_OWNED,184411,13142,12700,320092,86402,0.6921293604846155,0.7368393869310911,0.5439785563838483,1884.0315849170158,0.7962321011795048,MEDIUM,MEDIUM,MEDIUM,5,COST_BASED,COST_BASED,false,false
1,baseline,1,2024,0.0,0.0,ELECTRIC_HEAT_PUMP,SOCIAL_HOUSING,271,271,0,271,0,0.0,0.0,0.0,0.0,0.0,MEDIUM,MEDIUM,MEDIUM,5,COST_BASED,COST_BASED,false,false
1,baseline,1,2025,0.0,0.024943310657596373,ELECTRIC_HEAT_PUMP,SOCIAL_HOUSING,271,0,0,271,0,0.0,0.0,0.0,0.0,0.0,MEDIUM,MEDIUM,MEDIUM,5,COST_BASED,COST_BASED,false,false
1,baseline,1,2026,0.0,0.024943310657596373,ELECTRIC_HEAT_PUMP,SOCIAL_HOUSING,271,0,0,271,0,0.0,0.0,0.0,0.0,0.0,MEDIUM,MEDIUM,MEDIUM,5,COST_BASED,COST_BASED,false,false
1,baseline,1,2027,0.0,0.024943310657596373,ELECTRIC_HEAT_PUMP,SOCIAL_HOUSING,271,0,0,271,0,0.0,0.0,0.0,0.0,0.0,MEDIUM,MEDIUM,MEDIUM,5,COST_BASED,COST_BASED,false,false
1,baseline,1,2028,0.0,0.024943310657596373,ELECTRIC_HEAT_PUMP,SOCIAL_HOUSING,271,0,0,271,0,0.0,0.0,0.0,0.0,0.0,MEDIUM,MEDIUM,MEDIUM,5,COST_BASED,COST_BASED,false,false
1,baseline,1,2029,0.0,0.024943310657596373,ELECTRIC_HEAT_PUMP,SOCIAL_HOUSING,64,0,207,271,0,0.0,0.0,0.0,0.0,0.0,MEDIUM,MEDIUM,MEDIUM,5,COST_BASED,COST_BASED,false,false
1,baseline,1,2030,0.0,0.04081632653061224,ELECTRIC_HEAT_PUMP,SOCIAL_HOUSING,64,0,0,271,0,0.0,0.0,0.0,0.0,0.0,MEDIUM,MEDIUM,MEDIUM,5,COST_BASED,COST_BASED,false,false
1,baseline,1,2031,0.0,0.05782312925170068,ELECTRIC_HEAT_PUMP,SOCIAL_HOUSING,61,0,3,271,0,0.0,0.0,0.0,0.0,0.0,MEDIUM,MEDIUM,MEDIUM,5,COST_BASED,COST_BASED,false,false
1,baseline,1,2032,0.0,0.07482993197278912,ELECTRIC_HEAT_PUMP,SOCIAL_HOUSING,61,0,0,271,0,0.0,0.0,0.0,0.0,0.0,MEDIUM,MEDIUM,MEDIUM,5,COST_BASED,COST_BASED,false,false
1,baseline,1,2033,0.0,0.08616780045351474,ELECTRIC_HEAT_PUMP,SOCIAL_HOUSING,61,0,0,271,0,0.0,0.0,0.0,0.0,0.0,MEDIUM,MEDIUM,MEDIUM,5,COST_BASED,COST_BASED,false,false
1,baseline,1,2034,0.0,0.0963718820861678,ELECTRIC_HEAT_PUMP,SOCIAL_HOUSING,59,0,2,271,0,0.0,0.0,0.0,0.0,0.0,MEDIUM,MEDIUM,MEDIUM,5,COST_BASED,COST_BASED,false,false
1,baseline,1,2035,0.0,0.1054421768707483,ELECTRIC_HEAT_PUMP,SOCIAL_HOUSING,6,0,53,271,0,0.0,0.0,0.0,0.0,0.0,MEDIUM,MEDIUM,MEDIUM,5,COST_BASED,COST_BASED,false,false
1,baseline,1,2036,0.0,0.11791383219954649,ELECTRIC_HEAT_PUMP,SOCIAL_HOUSING,6,0,0,271,0,0.0,0.0,0.0,0.0,0.0,MEDIUM,MEDIUM,MEDIUM,5,COST_BASED,COST_BASED,false,false
1,baseline,1,2037,0.0,0.12585034013605442,ELECTRIC_HEAT_PUMP,SOCIAL_HOUSING,6,0,0,271,10866,0.0,0.0,0.0,1548.2970734400883,0.0,MEDIUM,MEDIUM,MEDIUM,5,COST_BASED,COST_BASED,false,false
1,baseline,1,2038,0.0,0.1417233560090703,ELECTRIC_HEAT_PUMP,SOCIAL_HOUSING,0,0,6,271,7958,0.0,0.0,0.0,1586.0728826338277,0.0,MEDIUM,MEDIUM,MEDIUM,5,COST_BASED,COST_BASED,false,false
1,baseline,1,2039,0.0,0.1621315192743764,ELECTRIC_HEAT_PUMP,SOCIAL_HOUSING,0,0,0,271,8160,0.0,0.0,0.0,1670.3593137254902,0.0,MEDIUM,MEDIUM,MEDIUM,5,COST_BASED,COST_BASED,false,false
1,baseline,1,2040,0.0,0.17800453514739228,ELECTRIC_HEAT_PUMP,SOCIAL_HOUSING,474,474,0,745,6897,0.0,0.0,0.0,1483.4889082209656,0.0,MEDIUM,MEDIUM,MEDIUM,5,COST_BASED,COST_BASED,false,false
1,baseline,1,2041,0.0,0.1893424036281179,ELECTRIC_HEAT_PUMP,SOCIAL_HOUSING,474,0,0,745,5381,0.0,0.0,0.0,1723.7184538189927,0.0,MEDIUM,MEDIUM,MEDIUM,5,COST_BASED,COST_BASED,false,false
1,baseline,1,2042,0.0,0.20294784580498867,ELECTRIC_HEAT_PUMP,SOCIAL_HOUSING,555,81,0,826,11157,0.0,0.0,0.0,1691.2510531504886,0.0,MEDIUM,MEDIUM,MEDIUM,5,COST_BASED,COST_BASED,false,false
1,baseline,1,2043,0.0,0.2199546485260771,ELECTRIC_HEAT_PUMP,SOCIAL_HOUSING,617,62,0,888,6839,0.0,0.0,0.0,1722.6366427840328,0.0,MEDIUM,MEDIUM,MEDIUM,5,COST_BASED,COST_BASED,false,false
1,baseline,1,2044,0.0,0.23242630385487528,ELECTRIC_HEAT_PUMP,SOCIAL_HOUSING,617,0,0,888,7451,0.0,0.0,0.0,1602.0680445577775,0.0,MEDIUM,MEDIUM,MEDIUM,5,COST_BASED,COST_BASED,false,false
1,baseline,1,2045,0.0,0.23242630385487528,ELECTRIC_HEAT_PUMP,SOCIAL_HOUSING,720,103,0,991,8690,0.0,0.0,0.0,1578.8597238204834,0.0,MEDIUM,MEDIUM,MEDIUM,5,COST_BASED,COST_BASED,false,false
1,baseline,1,2046,0.0,0.23242630385487528,ELECTRIC_HEAT_PUMP,SOCIAL_HOUSING,720,0,0,991,5446,0.0,0.0,0.0,1574.1375321336761,0.0,MEDIUM,MEDIUM,MEDIUM,5,COST_BASED,COST_BASED,false,false
1,baseline,1,2047,0.0,0.23242630385487528,ELECTRIC_HEAT_PUMP,SOCIAL_HOUSING,720,0,0,991,10122,0.0,0.0,0.0,1646.5267733649475,0.0,MEDIUM,MEDIUM,MEDIUM,5,COST_BASED,COST_BASED,false,false
1,baseline,1,2048,0.0,0.23242630385487528,ELECTRIC_HEAT_PUMP,SOCIAL_HOUSING,720,0,0,991,15554,0.0,0.0,0.0,1580.8000514337148,0.0,MEDIUM,MEDIUM,MEDIUM,5,COST_BASED,COST_BASED,false,false
1,baseline,1,2049,0.0,0.23242630385487528,ELECTRIC_HEAT_PUMP,SOCIAL_HOUSING,1577,857,0,1848,3547,0.0,0.0,0.0,1421.9069636312377,0.0,MEDIUM,MEDIUM,MEDIUM,5,COST_BASED,COST_BASED,false,false
1,baseline,1,2050,0.0,0.23242630385487528,ELECTRIC_HEAT_PUMP,SOCIAL_HOUSING,1577,0,0,1848,3069,0.0,0.0,0.0,1536.2196155099382,0.0,MEDIUM,MEDIUM,MEDIUM,5,COST_BASED,COST_BASED,false,false
1,baseline,1,2024,0.0,0.0,ELECTRIC_HEAT_PUMP,PRIVATELY_RENTED,3937,3937,0,3937,0,0.0,0.0,0.0,0.0,0.0,MEDIUM,MEDIUM,MEDIUM,5,COST_BASED,COST_BASED,false,false
1,baseline,1,2025,0.0,0.024943310657596373,ELECTRIC_HEAT_PUMP,PRIVATELY_RENTED,3675,0,262,3937,5913,0.0,0.0,0.0,2473.919837645865,0.0,MEDIUM,MEDIUM,MEDIUM,5,COST_BASED,COST_BASED,false,false
1,baseline,1,2026,0.0,0.024943310657596373,ELECTRIC_HEAT_PUMP,PRIVATELY_RENTED,3399,0,276,3937,5963,0.0,0.0,0.0,2380.4876739896026,0.0,MEDIUM,MEDIUM,MEDIUM,5,COST_BASED,COST_BASED,false,false
1,baseline,1,2027,0.0,0.024943310657596373,ELECTRIC_HEAT_PUMP,PRIVATELY_RENTED,3121,0,278,3937,5757,0.0,0.0,0.0,2344.6569393781483,0.0,MEDIUM,MEDIUM,MEDIUM,5,COST_BASED,COST_BASED,false,false
1,baseline,1,2028,0.0,0.024943310657596373,ELECTRIC_HEAT_PUMP,PRIVATELY_RENTED,2844,0,277,3937,5875,0.0,0.0,0.0,2332.360510638298,0.0,MEDIUM,MEDIUM,MEDIUM,5,COST_BASED,COST_BASED,false,false
1,baseline,1,2029,0.0,0.024943310657596373,ELECTRIC_HEAT_PUMP,PRIVATELY_RENTED,2580,0,264,3937,5795,0.0,0.0,0.0,2255.9682484900777,0.0,MEDIUM,MEDIUM,MEDIUM,5,COST_BASED,COST_BASED,false,false
1,baseline,1,2030,0.0,0.04081632653061224,ELECTRIC_HEAT_PUMP,PRIVATELY_RENTED,2317,1,264,3938,5728,0.0,0.0,0.0,2230.342004189944,0.0,MEDIUM,MEDIUM,MEDIUM,5,COST_BASED,COST_BASED,false,false
1,baseline,1,2031,0.0,0.05782312925170068,ELECTRIC_HEAT_PUMP,PRIVATELY_RENTED,2059,1,259,3939,5757,0.0,0.0,0.0,2184.5120722598576,0.0,MEDIUM,MEDIUM,MEDIUM,5,COST_BASED,COST_BASED,false,false
1,baseline,1,2032,0.0,0.07482993197278912,ELECTRIC_HEAT_PUMP,PRIVATELY_RENTED,1780,7,286,3946,6121,0.0,0.0,0.0,2113.813265806241,0.0,MEDIUM,MEDIUM,MEDIUM,5,COST_BASED,COST_BASED,false,false
1,baseline,1,2033,0.0,0.08616780045351474,ELECTRIC_HEAT_PUMP,PRIVATELY_RENTED,1560,9,229,3955,5843,0.0,0.0,0.0,2109.948485367106,0.0,MEDIUM,MEDIUM,MEDIUM,5,COST_BASED,COST_BASED,false,false
1,baseline,1,2034,0.0,0.0963718820861678,ELECTRIC_HEAT_PUMP,PRIVATELY_RENTED,1337,11,234,3966,5658,0.0,0.0,0.0,2109.2619300106044,0.0,MEDIUM,MEDIUM,MEDIUM,5,COST_BASED,COST_BASED,false,false
1,baseline,1,2035,0.0,0.1054421768707483,ELECTRIC_HEAT_PUMP,PRIVATELY_RENTED,1076,20,281,3986,5808,0.0,0.0,0.0,2056.5451101928375,0.0,MEDIUM,MEDIUM,MEDIUM,5,COST_BASED,COST_BASED,false,false
1,baseline,1,2036,0.0,0.11791383219954649,ELECTRIC_HEAT_PUMP,PRIVATELY_RENTED,819,17,274,4003,5527,0.0,0.0,0.0,2042.2466075628731,0.0,MEDIUM,MEDIUM,MEDIUM,5,COST_BASED,COST_BASED,false,false
1,baseline,1,2037,0.0,0.12585034013605442,ELECTRIC_HEAT_PUMP,PRIVATELY_RENTED,576,17,260,4020,5451,0.0,0.0,0.0,1962.336452027151,0.0,MEDIUM,MEDIUM,MEDIUM,5,COST_BASED,COST_BASED,false,false
1,baseline,1,2038,0.0,0.1417233560090703,ELECTRIC_HEAT_PUMP,PRIVATELY_RENTED,338,19,257,4039,5190,0.0,0.0,0.0,1920.0132947976879,0.0,MEDIUM,MEDIUM,MEDIUM,5,COST_BASED,COST_BASED,false,false
1,baseline,1,2039,0.0,0.1621315192743764,ELECTRIC_HEAT_PUMP,PRIVATELY_RENTED,124,22,236,4061,4692,0.0,0.0,0.0,1936.4469309462916,0.0,MEDIUM,MEDIUM,MEDIUM,5,COST_BASED,COST_BASED,false,false
1,baseline,1,2040,0.0,0.17800453514739228,ELECTRIC_HEAT_PUMP,PRIVATELY_RENTED,150,26,0,4087,5140,0.0,0.0,0.0,1951.2725680933852,0.0,MEDIUM,MEDIUM,MEDIUM,5,COST_BASED,COST_BASED,false,false
1,baseline,1,2041,0.0,0.1893424036281179,ELECTRIC_HEAT_PUMP,PRIVATELY_RENTED,186,36,0,4123,5199,0.0,0.0,0.0,1915.4806693594921,0.0,MEDIUM,MEDIUM,MEDIUM,5,COST_BASED,COST_BASED,false,false
1,baseline,1,2042,0.0,0.20294784580498867,ELECTRIC_HEAT_PUMP,PRIVATELY_RENTED,222,36,0,4159,5221,0.0,0.0,0.0,1879.2986018004215,0.0,MEDIUM,MEDIUM,MEDIUM,5,COST_BASED,COST_BASED,false,false
1,baseline,1,2043,0.0,0.2199546485260771,ELECTRIC_HEAT_PUMP,PRIVATELY_RENTED,276,54,0,4213,5277,0.0,0.0,0.0,1852.0009475080537,0.0,MEDIUM,MEDIUM,MEDIUM,5,COST_BASED,COST_BASED,false,false
1,baseline,1,2044,0.0,0.23242630385487528,ELECTRIC_HEAT_PUMP,PRIVATELY_RENTED,319,43,0,4256,5625,0.0,0.0,0.0,1819.8158222222223,0.0,MEDIUM,MEDIUM,MEDIUM,5,COST_BASED,COST_BASED,false,false
1,baseline,1,2045,0.0,0.23242630385487528,ELECTRIC_HEAT_PUMP,PRIVATELY_RENTED,381,63,1,4319,5548,0.0,0.0,0.0,1785.9151045421775,0.0,MEDIUM,MEDIUM,MEDIUM,5,COST_BASED,COST_BASED,false,false
1,baseline,1,2046,0.0,0.23242630385487528,ELECTRIC_HEAT_PUMP,PRIVATELY_RENTED,463,83,1,4402,5257,0.0,0.0,0.0,1807.6851816625451,0.0,MEDIUM,MEDIUM,MEDIUM,5,COST_BASED,COST_BASED,false,false
1,baseline,1,2047,0.0,0.23242630385487528,ELECTRIC_HEAT_PUMP,PRIVATELY_RENTED,531,75,7,4477,5510,0.0,0.0,0.0,1784.9872958257713,0.0,MEDIUM,MEDIUM,MEDIUM,5,COST_BASED,COST_BASED,false,false
1,baseline,1,2048,0.0,0.23242630385487528,ELECTRIC_HEAT_PUMP,PRIVATELY_RENTED,605,83,9,4560,5166,0.0,0.0,0.0,1797.0212930700736,0.0,MEDIUM,MEDIUM,MEDIUM,5,COST_BASED,COST_BASED,false,false
1,baseline,1,2049,0.0,0.23242630385487528,ELECTRIC_HEAT_PUMP,PRIVATELY_RENTED,700,106,11,4666,5638,0.0,0.0,0.0,1750.9404043987229,0.0,MEDIUM,MEDIUM,MEDIUM,5,COST_BASED,COST_BASED,false,false
1,baseline,1,2050,0.0,0.23242630385487528,ELECTRIC_HEAT_PUMP,PRIVATELY_RENTED,817,137,20,4803,5701,0.0,0.0,0.0,1688.5053499386072,0.0,MEDIUM,MEDIUM,MEDIUM,5,COST_BASED,COST_BASED,false,false
1,baseline,1,2024,0.0,0.0,ELECTRIC_HEAT_PUMP,HOME_OWNER_ASSOCIATION,0,0,0,0,0,0.0,0.0,0.0,0.0,0.0,MEDIUM,MEDIUM,MEDIUM,5,COST_BASED,COST_BASED,false,false
1,baseline,1,2025,0.0,0.024943310657596373,ELECTRIC_HEAT_PUMP,HOME_OWNER_ASSOCIATION,0,0,0,0,0,0.0,0.0,0.0,0.0,0.0,MEDIUM,MEDIUM,MEDIUM,5,COST_BASED,COST_BASED,false,false
1,baseline,1,2026,0.0,0.024943310657596373,ELECTRIC_HEAT_PUMP,HOME_OWNER_ASSOCIATION,0,0,0,0,0,0.0,0.0,0.0,0.0,0.0,MEDIUM,MEDIUM,MEDIUM,5,COST_BASED,COST_BASED,false,false
1,baseline,1,2027,0.0,0.024943310657596373,ELECTRIC_HEAT_PUMP,HOME_OWNER_ASSOCIATION,0,0,0,0,0,0.0,0.0,0.0,0.0,0.0,MEDIUM,MEDIUM,MEDIUM,5,COST_BASED,COST_BASED,false,false
1,baseline,1,2028,0.0,0.024943310657596373,ELECTRIC_HEAT_PUMP,HOME_OWNER_ASSOCIATION,0,0,0,0,0,0.0,0.0,0.0,0.0,0.0,MEDIUM,MEDIUM,MEDIUM,5,COST_BASED,COST_BASED,false,false
1,baseline,1,2029,0.0,0.024943310657596373,ELECTRIC_HEAT_PUMP,HOME_OWNER_ASSOCIATION,0,0,0,0,0,0.0,0.0,0.0,0.0,0.0,MEDIUM,MEDIUM,MEDIUM,5,COST_BASED,COST_BASED,false,false
1,baseline,1,2030,0.0,0.04081632653061224,ELECTRIC_HEAT_PUMP,HOME_OWNER_ASSOCIATION,0,0,0,0,0,0.0,0.0,0.0,0.0,0.0,MEDIUM,MEDIUM,MEDIUM,5,COST_BASED,COST_BASED,false,false
1,baseline,1,2031,0.0,0.05782312925170068,ELECTRIC_HEAT_PUMP,HOME_OWNER_ASSOCIATION,0,0,0,0,0,0.0,0.0,0.0,0.0,0.0,MEDIUM,MEDIUM,MEDIUM,5,COST_BASED,COST_BASED,false,false
1,baseline,1,2032,0.0,0.07482993197278912,ELECTRIC_HEAT_PUMP,HOME_OWNER_ASSOCIATION,0,0,0,0,0,0.0,0.0,0.0,0.0,0.0,MEDIUM,MEDIUM,MEDIUM,5,COST_BASED,COST_BASED,false,false
1,baseline,1,2033,0.0,0.08616780045351474,ELECTRIC_HEAT_PUMP,HOME_OWNER_ASSOCIATION,0,0,0,0,0,0.0,0.0,0.0,0.0,0.0,MEDIUM,MEDIUM,MEDIUM,5,COST_BASED,COST_BASED,false,false
1,baseline,1,2034,0.0,0.0963718820861678,ELECTRIC_HEAT_PUMP,HOME_OWNER_ASSOCIATION,0,0,0,0,0,0.0,0.0,0.0,0.0,0.0,MEDIUM,MEDIUM,MEDIUM,5,COST_BASED,COST_BASED,false,false
1,baseline,1,2035,0.0,0.1054421768707483,ELECTRIC_HEAT_PUMP,HOME_OWNER_ASSOCIATION,0,0,0,0,0,0.0,0.0,0.0,0.0,0.0,MEDIUM,MEDIUM,MEDIUM,5,COST_BASED,COST_BASED,false,false
1,baseline,1,2036,0.0,0.11791383219954649,ELECTRIC_HEAT_PUMP,HOME_OWNER_ASSOCIATION,0,0,0,0,0,0.0,0.0,0.0,0.0,0.0,MEDIUM,MEDIUM,MEDIUM,5,COST_BASED,COST_BASED,false,false
1,baseline,1,2037,0.0,0.12585034013605442,ELECTRIC_HEAT_PUMP,HOME_OWNER_ASSOCIATION,0,0,0,0,1952,0.0,0.0,0.0,1398.513831967213,0.0,MEDIUM,MEDIUM,MEDIUM,5,COST_BASED,COST_BASED,false,false
1,baseline,1,2038,0.0,0.1417233560090703,ELECTRIC_HEAT_PUMP,HOME_OWNER_ASSOCIATION,25,25,0,25,1368,0.0,0.0,0.0,1295.9583333333333,0.0,MEDIUM,MEDIUM,MEDIUM,5,COST_BASED,COST_BASED,false,false
1,baseline,1,2039,0.0,0.1621315192743764,ELECTRIC_HEAT_PUMP,HOME_OWNER_ASSOCIATION,25,0,0,25,1976,0.0,0.0,0.0,1342.806174089069,0.0,MEDIUM,MEDIUM,MEDIUM,5,COST_BASED,COST_BASED,false,false
1,baseline,1,2040,0.0,0.17800453514739228,ELECTRIC_HEAT_PUMP,HOME_OWNER_ASSOCIATION,25,0,0,25,1617,0.0,0.0,0.0,1229.6419294990724,0.0,MEDIUM,MEDIUM,MEDIUM,5,COST_BASED,COST_BASED,false,false
1,baseline,1,2041,0.0,0.1893424036281179,ELECTRIC_HEAT_PUMP,HOME_OWNER_ASSOCIATION,25,0,0,25,2283,0.0,0.0,0.0,1260.035917652212,0.0,MEDIUM,MEDIUM,MEDIUM,5,COST_BASED,COST_BASED,false,false
1,baseline,1,2042,0.0,0.20294784580498867,ELECTRIC_HEAT_PUMP,HOME_OWNER_ASSOCIATION,25,0,0,25,1979,0.0,0.0,0.0,1304.2703385548257,0.0,MEDIUM,MEDIUM,MEDIUM,5,COST_BASED,COST_BASED,false,false
1,baseline,1,2043,0.0,0.2199546485260771,ELECTRIC_HEAT_PUMP,HOME_OWNER_ASSOCIATION,25,0,0,25,2089,0.0,0.0,0.0,1302.8764959310674,0.0,MEDIUM,MEDIUM,MEDIUM,5,COST_BASED,COST_BASED,false,false
1,baseline,1,2044,0.0,0.23242630385487528,ELECTRIC_HEAT_PUMP,HOME_OWNER_ASSOCIATION,137,112,0,137,2683,0.0,0.0,0.0,1328.6507640700709,0.0,MEDIUM,MEDIUM,MEDIUM,5,COST_BASED,COST_BASED,false,false
1,baseline,1,2045,0.0,0.23242630385487528,ELECTRIC_HEAT_PUMP,HOME_OWNER_ASSOCIATION,137,0,0,137,2071,0.0,0.0,0.0,1191.4056011588605,0.0,MEDIUM,MEDIUM,MEDIUM,5,COST_BASED,COST_BASED,false,false
1,baseline,1,2046,0.0,0.23242630385487528,ELECTRIC_HEAT_PUMP,HOME_OWNER_ASSOCIATION,137,0,0,137,1134,0.0,0.0,0.0,1418.1093474426807,0.0,MEDIUM,MEDIUM,MEDIUM,5,COST_BASED,COST_BASED,false,false
1,baseline,1,2047,0.0,0.23242630385487528,ELECTRIC_HEAT_PUMP,HOME_OWNER_ASSOCIATION,137,0,0,137,3840,0.0,0.0,0.0,1064.48515625,0.0,MEDIUM,MEDIUM,MEDIUM,5,COST_BASED,COST_BASED,false,false
1,baseline,1,2048,0.0,0.23242630385487528,ELECTRIC_HEAT_PUMP,HOME_OWNER_ASSOCIATION,169,32,0,169,2780,0.0,0.0,0.0,1187.6122302158274,0.0,MEDIUM,MEDIUM,MEDIUM,5,COST_BASED,COST_BASED,false,false
1,baseline,1,2049,0.0,0.23242630385487528,ELECTRIC_HEAT_PUMP,HOME_OWNER_ASSOCIATION,169,0,0,169,852,0.0,0.0,0.0,1167.593896713615,0.0,MEDIUM,MEDIUM,MEDIUM,5,COST_BASED,COST_BASED,false,false
1,baseline,1,2050,0.0,0.23242630385487528,ELECTRIC_HEAT_PUMP,HOME_OWNER_ASSOCIATION,169,0,0,169,867,0.0,0.0,0.0,1207.066897347174,0.0,MEDIUM,MEDIUM,MEDIUM,5,COST_BASED,COST_BASED,false,false
1,baseline,1,2024,0.0,0.0,HYBRID_HEAT_PUMP,TOTAL,11397,11397,0,11397,0,0.0,0.0,0.0,0.0,0.0,MEDIUM,MEDIUM,MEDIUM,5,COST_BASED,COST_BASED,false,false
1,baseline,1,2025,0.0,0.024943310657596373,HYBRID_HEAT_PUMP,TOTAL,14865,4469,1001,15866,90276,0.7646583619937548,0.5857700037948835,0.0470371366621605,2150.1566086224466,0.6757311310283246,MEDIUM,MEDIUM,MEDIUM,5,COST_BASED,COST_BASED,false,false
1,baseline,1,2026,0.0,0.024943310657596373,HYBRID_HEAT_PUMP,TOTAL,20589,6564,840,22430,84703,0.769718435306799,0.5902090572618695,0.06500321279150129,2116.011215659422,0.6766331738682211,MEDIUM,MEDIUM,MEDIUM,5,COST_BASED,COST_BASED,false,false
1,baseline,1,2027,0.0,0.024943310657596373,HYBRID_HEAT_PUMP,TOTAL,27168,7404,825,29834,79220,0.7763128057140899,0.598836188249384,0.08823596623972282,2080.5876420095933,0.6821170893856224,MEDIUM,MEDIUM,MEDIUM,5,COST_BASED,COST_BASED,false,false
1,baseline,1,2028,0.0,0.024943310657596373,HYBRID_HEAT_PUMP,TOTAL,34541,8157,784,37991,75150,0.7806563262611946,0.5992217943262553,0.11412726860982655,2057.806640053227,0.6751367927716228,MEDIUM,MEDIUM,MEDIUM,5,COST_BASED,COST_BASED,false,false
1,baseline,1,2029,0.0,0.024943310657596373,HYBRID_HEAT_PUMP,TOTAL,41292,7512,761,45503,72272,0.783332592922779,0.6080637951097416,0.13851508270752588,2029.9138670577818,0.6816337737570334,MEDIUM,MEDIUM,MEDIUM,5,COST_BASED,COST_BASED,false,false
1,baseline,1,2030,0.0,0.04081632653061224,HYBRID_HEAT_PUMP,TOTAL,50033,9503,762,55006,71694,0.7846163343755591,0.6072541264740201,0.16465589222510485,2011.445657935113,0.6735631330608651,MEDIUM,MEDIUM,MEDIUM,5,COST_BASED,COST_BASED,false,false
1,baseline,1,2031,0.0,0.05782312925170068,HYBRID_HEAT_PUMP,TOTAL,60894,11592,731,66598,68058,0.7879320737826041,0.6296711820408669,0.20223016143044634,1975.639513356255,0.6969662142580354,MEDIUM,MEDIUM,MEDIUM,5,COST_BASED,COST_BASED,false,false
1,baseline,1,2032,0.0,0.07482993197278912,HYBRID_HEAT_PUMP,TOTAL,72215,12177,856,78775,66602,0.7858205258982549,0.6195880802789184,0.24057144126535873,1927.2767634605568,0.6727841286274776,MEDIUM,MEDIUM,MEDIUM,5,COST_BASED,COST_BASED,false,false
1,baseline,1,2033,0.0,0.08616780045351474,HYBRID_HEAT_PUMP,TOTAL,85600,14220,835,92995,61040,0.789347965434716,0.6412820548103859,0.287687160844626,1900.0402195281783,0.6926643006457416,MEDIUM,MEDIUM,MEDIUM,5,COST_BASED,COST_BASED,false,false
1,baseline,1,2034,0.0,0.0963718820861678,HYBRID_HEAT_PUMP,TOTAL,99412,14711,899,107706,53832,0.7893974573355812,0.6338769241190314,0.33456524476650307,1904.1051976519543,0.6698247106530368,MEDIUM,MEDIUM,MEDIUM,5,COST_BASED,COST_BASED,false,false
1,baseline,1,2035,0.0,0.1054421768707483,HYBRID_HEAT_PUMP,TOTAL,114889,16289,812,123995,46750,0.7920927225226626,0.6623902170565514,0.3883774101943363,1865.6749304812834,0.6984677924055819,MEDIUM,MEDIUM,MEDIUM,5,COST_BASED,COST_BASED,false,false
1,baseline,1,2036,0.0,0.11791383219954649,HYBRID_HEAT_PUMP,TOTAL,130053,15919,755,139914,38621,0.7946243539010438,0.6758142753750295,0.43919671843952823,1825.475596178245,0.7052661449773937,MEDIUM,MEDIUM,MEDIUM,5,COST_BASED,COST_BASED,false,false
1,baseline,1,2037,0.0,0.12585034013605442,HYBRID_HEAT_PUMP,TOTAL,149835,21186,1404,161100,52326,0.7726178940880645,0.685263428624933,0.4526541876541922,1687.7050796926958,0.7215771225018255,MEDIUM,MEDIUM,MEDIUM,5,COST_BASED,COST_BASED,false,false
1,baseline,1,2038,0.0,0.1417233560090703,HYBRID_HEAT_PUMP,TOTAL,164653,17091,2273,178191,56127,0.7534741871911178,0.6908159855248482,0.4487923081971582,1732.2730593119177,0.7356573544402105,MEDIUM,MEDIUM,MEDIUM,5,COST_BASED,COST_BASED,false,false
1,baseline,1,2039,0.0,0.1621315192743764,HYBRID_HEAT_PUMP,TOTAL,178770,16334,2217,194525,66457,0.7428665968947148,0.6944776398431997,0.4423667483685449,1719.3384143130145,0.7454081234489855,MEDIUM,MEDIUM,MEDIUM,5,COST_BASED,COST_BASED,false,false
1,baseline,1,2040,0.0,0.17800453514739228,HYBRID_HEAT_PUMP,TOTAL,191449,18398,5719,212923,75548,0.7338337831992126,0.6921724365429783,0.4331609132624599,1713.1352252872346,0.7465099806990546,MEDIUM,MEDIUM,MEDIUM,5,COST_BASED,COST_BASED,false,false
1,baseline,1,2041,0.0,0.1893424036281179,HYBRID_HEAT_PUMP,TOTAL,203221,18128,6356,231051,77131,0.7311096724802935,0.7088952799364093,0.4281038781108316,1673.4239151573297,0.7735395322568509,MEDIUM,MEDIUM,MEDIUM,5,COST_BASED,COST_BASED,false,false
1,baseline,1,2042,0.0,0.20294784580498867,HYBRID_HEAT_PUMP,TOTAL,216988,21254,7487,252305,86079,0.7307852517260137,0.7073220347928137,0.42600043103443413,1615.9660195866588,0.7717866314991093,MEDIUM,MEDIUM,MEDIUM,5,COST_BASED,COST_BASED,false,false
1,baseline,1,2043,0.0,0.2199546485260771,HYBRID_HEAT_PUMP,TOTAL,226876,18399,8511,270704,83908,0.7348110174537338,0.7169419954582777,0.4337303589935878,1610.6502478905468,0.7832776490755955,MEDIUM,MEDIUM,MEDIUM,5,COST_BASED,COST_BASED,false,false
1,baseline,1,2044,0.0,0.23242630385487528,HYBRID_HEAT_PUMP,TOTAL,236099,16985,7762,287689,91846,0.7383344727170165,0.7196771399544359,0.4358568495362145,1564.1622498530148,0.7859678793683528,MEDIUM,MEDIUM,MEDIUM,5,COST_BASED,COST_BASED,false,false
1,baseline,1,2045,0.0,0.23242630385487528,HYBRID_HEAT_PUMP,TOTAL,244992,18351,9458,306040,102430,0.7447201225234833,0.7298734571680756,0.44594577278284253,1541.7727911744605,0.7971437119255095,MEDIUM,MEDIUM,MEDIUM,5,COST_BASED,COST_BASED,false,false
1,baseline,1,2046,0.0,0.23242630385487528,HYBRID_HEAT_PUMP,TOTAL,251427,16846,10411,322886,105068,0.7512222591675966,0.7201269448329543,0.456184808847493,1551.5298854075456,0.7783386502456692,MEDIUM,MEDIUM,MEDIUM,5,COST_BASED,COST_BASED,false,false
1,baseline,1,2047,0.0,0.23242630385487528,HYBRID_HEAT_PUMP,TOTAL,261371,21428,11484,344314,120402,0.7583574677625374,0.7344356969811092,0.4707374304536073,1517.1830285211208,0.794379820917639,MEDIUM,MEDIUM,MEDIUM,5,COST_BASED,COST_BASED,false,false
1,baseline,1,2048,0.0,0.23242630385487528,HYBRID_HEAT_PUMP,TOTAL,275522,27458,13307,371772,125028,0.7703161802451131,0.7453237776229195,0.4981599168461403,1497.8843938957673,0.8008666421615444,MEDIUM,MEDIUM,MEDIUM,5,COST_BASED,COST_BASED,false,false
1,baseline,1,2049,0.0,0.23242630385487528,HYBRID_HEAT_PUMP,TOTAL,277823,16452,14151,388224,105249,0.7791152436525951,0.7291915895143273,0.5118398477147358,1512.5940483995098,0.7710486114296534,MEDIUM,MEDIUM,MEDIUM,5,COST_BASED,COST_BASED,false,false
1,baseline,1,2050,0.0,0.23242630385487528,HYBRID_HEAT_PUMP,TOTAL,280844,18408,15387,406632,96039,0.7878648726350229,0.7616849070640838,0.5462341745060935,1498.1971907246016,0.8090025988108622,MEDIUM,MEDIUM,MEDIUM,5,COST_BASED,COST_BASED,false,false
1,baseline,1,2024,0.0,0.0,HYBRID_HEAT_PUMP,PRIVATELY_OWNED,9658,9658,0,9658,0,0.0,0.0,0.0,0.0,0.0,MEDIUM,MEDIUM,MEDIUM,5,COST_BASED,COST_BASED,false,false
1,baseline,1,2025,0.0,0.024943310657596373,HYBRID_HEAT_PUMP,PRIVATELY_OWNED,12301,3528,885,13186,84363,0.7646583619937548,0.5857700037948835,0.0470371366621605,2170.507722579804,0.6757311310283246,MEDIUM,MEDIUM,MEDIUM,5,COST_BASED,COST_BASED,false,false
1,baseline,1,2026,0.0,0.024943310657596373,HYBRID_HEAT_PUMP,PRIVATELY_OWNED,16909,5326,718,18512,78740,0.769718435306799,0.5902090572618695,0.06500321279150129,2139.9045466090934,0.6766331738682211,MEDIUM,MEDIUM,MEDIUM,5,COST_BASED,COST_BASED,false,false
1,baseline,1,2027,0.0,0.024943310657596373,HYBRID_HEAT_PUMP,PRIVATELY_OWNED,22091,5872,690,24384,73463,0.7763128057140899,0.598836188249384,0.08823596623972282,2103.917495882281,0.6821170893856224,MEDIUM,MEDIUM,MEDIUM,5,COST_BASED,COST_BASED,false,false
1,baseline,1,2028,0.0,0.024943310657596373,HYBRID_HEAT_PUMP,PRIVATELY_OWNED,27829,6415,677,30799,69275,0.7806563262611946,0.5992217943262553,0.11412726860982655,2080.649426199928,0.6751367927716228,MEDIUM,MEDIUM,MEDIUM,5,COST_BASED,COST_BASED,false,false
1,baseline,1,2029,0.0,0.024943310657596373,HYBRID_HEAT_PUMP,PRIVATELY_OWNED,32539,5352,642,36151,66477,0.783332592922779,0.6080637951097416,0.13851508270752588,2054.9261849963145,0.6816337737570334,MEDIUM,MEDIUM,MEDIUM,5,COST_BASED,COST_BASED,false,false
1,baseline,1,2030,0.0,0.04081632653061224,HYBRID_HEAT_PUMP,PRIVATELY_OWNED,39294,7410,655,43561,65966,0.7846163343755591,0.6072541264740201,0.16465589222510485,2035.1310372009823,0.6735631330608651,MEDIUM,MEDIUM,MEDIUM,5,COST_BASED,COST_BASED,false,false
1,baseline,1,2031,0.0,0.05782312925170068,HYBRID_HEAT_PUMP,PRIVATELY_OWNED,47932,9271,633,52832,62301,0.7879320737826041,0.6296711820408669,0.20223016143044634,2000.5209707709346,0.6969662142580354,MEDIUM,MEDIUM,MEDIUM,5,COST_BASED,COST_BASED,false,false
1,baseline,1,2032,0.0,0.07482993197278912,HYBRID_HEAT_PUMP,PRIVATELY_OWNED,56821,9647,758,62479,60481,0.7858205258982549,0.6195880802789184,0.24057144126535873,1953.690646649361,0.6727841286274776,MEDIUM,MEDIUM,MEDIUM,5,COST_BASED,COST_BASED,false,false
1,baseline,1,2033,0.0,0.08616780045351474,HYBRID_HEAT_PUMP,PRIVATELY_OWNED,67864,11756,713,74235,55197,0.789347965434716,0.6412820548103859,0.287687160844626,1924.8598655724043,0.6926643006457416,MEDIUM,MEDIUM,MEDIUM,5,COST_BASED,COST_BASED,false,false
1,baseline,1,2034,0.0,0.0963718820861678,HYBRID_HEAT_PUMP,PRIVATELY_OWNED,79059,11975,780,86210,48174,0.7893974573355812,0.6338769241190314,0.33456524476650307,1930.4418150869765,0.6698247106530368,MEDIUM,MEDIUM,MEDIUM,5,COST_BASED,COST_BASED,false,false
1,baseline,1,2035,0.0,0.1054421768707483,HYBRID_HEAT_PUMP,PRIVATELY_OWNED,91700,13341,700,99551,40942,0.7920927225226626,0.6623902170565514,0.3883774101943363,1897.048874016902,0.6984677924055819,MEDIUM,MEDIUM,MEDIUM,5,COST_BASED,COST_BASED,false,false
1,baseline,1,2036,0.0,0.11791383219954649,HYBRID_HEAT_PUMP,PRIVATELY_OWNED,104096,13037,641,112588,33094,0.7946243539010438,0.6758142753750295,0.43919671843952823,1857.2828609415603,0.7052661449773937,MEDIUM,MEDIUM,MEDIUM,5,COST_BASED,COST_BASED,false,false
1,baseline,1,2037,0.0,0.12585034013605442,HYBRID_HEAT_PUMP,PRIVATELY_OWNED,112981,10160,1275,122748,34057,0.7726178940880645,0.685263428624933,0.4526541876541922,1850.630912881346,0.7215771225018255,MEDIUM,MEDIUM,MEDIUM,5,COST_BASED,COST_BASED,false,false
1,baseline,1,2038,0.0,0.1417233560090703,HYBRID_HEAT_PUMP,PRIVATELY_OWNED,119793,8973,2161,131721,41611,0.7534741871911178,0.6908159855248482,0.4487923081971582,1845.0611617120474,0.7356573544402105,MEDIUM,MEDIUM,MEDIUM,5,COST_BASED,COST_BASED,false,false
1,baseline,1,2039,0.0,0.1621315192743764,HYBRID_HEAT_PUMP,PRIVATELY_OWNED,126960,9255,2088,140976,51629,0.7428665968947148,0.6944776398431997,0.4423667483685449,1813.758953301439,0.7454081234489855,MEDIUM,MEDIUM,MEDIUM,5,COST_BASED,COST_BASED,false,false
1,baseline,1,2040,0.0,0.17800453514739228,HYBRID_HEAT_PUMP,PRIVATELY_OWNED,132266,10084,4778,151060,61894,0.7338337831992126,0.6921724365429783,0.4331609132624599,1786.5152518822504,0.7465099806990546,MEDIUM,MEDIUM,MEDIUM,5,COST_BASED,COST_BASED,false,false
1,baseline,1,2041,0.0,0.1893424036281179,HYBRID_HEAT_PUMP,PRIVATELY_OWNED,137595,10447,5118,161507,64268,0.7311096724802935,0.7088952799364093,0.4281038781108316,1725.8985342627745,0.7735395322568509,MEDIUM,MEDIUM,MEDIUM,5,COST_BASED,COST_BASED,false,false
1,baseline,1,2042,0.0,0.20294784580498867,HYBRID_HEAT_PUMP,PRIVATELY_OWNED,141484,9844,5955,171351,67722,0.7307852517260137,0.7073220347928137,0.42600043103443413,1681.5038835238179,0.7717866314991093,MEDIUM,MEDIUM,MEDIUM,5,COST_BASED,COST_BASED,false,false
1,baseline,1,2043,0.0,0.2199546485260771,HYBRID_HEAT_PUMP,PRIVATELY_OWNED,143559,8844,6769,180195,69703,0.7348110174537338,0.7169419954582777,0.4337303589935878,1647.9273775877652,0.7832776490755955,MEDIUM,MEDIUM,MEDIUM,5,COST_BASED,COST_BASED,false,false
1,baseline,1,2044,0.0,0.23242630385487528,HYBRID_HEAT_PUMP,PRIVATELY_OWNED,145461,7504,5602,187699,76087,0.7383344727170165,0.7196771399544359,0.4358568495362145,1607.2052518827131,0.7859678793683528,MEDIUM,MEDIUM,MEDIUM,5,COST_BASED,COST_BASED,false,false
1,baseline,1,2045,0.0,0.23242630385487528,HYBRID_HEAT_PUMP,PRIVATELY_OWNED,145806,7710,7365,195409,86121,0.7447201225234833,0.7298734571680756,0.44594577278284253,1580.4597833281082,0.7971437119255095,MEDIUM,MEDIUM,MEDIUM,5,COST_BASED,COST_BASED,false,false
1,baseline,1,2046,0.0,0.23242630385487528,HYBRID_HEAT_PUMP,PRIVATELY_OWNED,145664,7948,8090,203357,93231,0.7512222591675966,0.7201269448329543,0.456184808847493,1570.433396617005,0.7783386502456692,MEDIUM,MEDIUM,MEDIUM,5,COST_BASED,COST_BASED,false,false
1,baseline,1,2047,0.0,0.23242630385487528,HYBRID_HEAT_PUMP,PRIVATELY_OWNED,145160,8450,8954,211807,100930,0.7583574677625374,0.7344356969811092,0.4707374304536073,1559.4944218765481,0.794379820917639,MEDIUM,MEDIUM,MEDIUM,5,COST_BASED,COST_BASED,false,false
1,baseline,1,2048,0.0,0.23242630385487528,HYBRID_HEAT_PUMP,PRIVATELY_OWNED,144956,10639,10843,222446,101528,0.7703161802451131,0.7453237776229195,0.4981599168461403,1544.277834685998,0.8008666421615444,MEDIUM,MEDIUM,MEDIUM,5,COST_BASED,COST_BASED,false,false
1,baseline,1,2049,0.0,0.23242630385487528,HYBRID_HEAT_PUMP,PRIVATELY_OWNED,144702,11161,11415,233607,95212,0.7791152436525951,0.7291915895143273,0.5118398477147358,1532.0300697391085,0.7710486114296534,MEDIUM,MEDIUM,MEDIUM,5,COST_BASED,COST_BASED,false,false
1,baseline,1,2050,0.0,0.23242630385487528,HYBRID_HEAT_PUMP,PRIVATELY_OWNED,145031,12768,12439,246375,86402,0.7878648726350229,0.7616849070640838,0.5462341745060935,1514.2256429249323,0.8090025988108622,MEDIUM,MEDIUM,MEDIUM,5,COST_BASED,COST_BASED,false,false
1,baseline,1,2024,0.0,0.0,HYBRID_HEAT_PUMP,SOCIAL_HOUSING,56,56,0,56,0,0.0,0.0,0.0,0.0,0.0,MEDIUM,MEDIUM,MEDIUM,5,COST_BASED,COST_BASED,false,false
1,baseline,1,2025,0.0,0.024943310657596373,HYBRID_HEAT_PUMP,SOCIAL_HOUSING,58,3,1,59,0,0.0,0.0,0.0,0.0,0.0,MEDIUM,MEDIUM,MEDIUM,5,COST_BASED,COST_BASED,false,false
1,baseline,1,2026,0.0,0.024943310657596373,HYBRID_HEAT_PUMP,SOCIAL_HOUSING,54,1,5,60,0,0.0,0.0,0.0,0.0,0.0,MEDIUM,MEDIUM,MEDIUM,5,COST_BASED,COST_BASED,false,false
1,baseline,1,2027,0.0,0.024943310657596373,HYBRID_HEAT_PUMP,SOCIAL_HOUSING,55,21,20,81,0,0.0,0.0,0.0,0.0,0.0,MEDIUM,MEDIUM,MEDIUM,5,COST_BASED,COST_BASED,false,false
1,baseline,1,2028,0.0,0.024943310657596373,HYBRID_HEAT_PUMP,SOCIAL_HOUSING,66,11,0,92,0,0.0,0.0,0.0,0.0,0.0,MEDIUM,MEDIUM,MEDIUM,5,COST_BASED,COST_BASED,false,false
1,baseline,1,2029,0.0,0.024943310657596373,HYBRID_HEAT_PUMP,SOCIAL_HOUSING,321,258,3,350,0,0.0,0.0,0.0,0.0,0.0,MEDIUM,MEDIUM,MEDIUM,5,COST_BASED,COST_BASED,false,false
1,baseline,1,2030,0.0,0.04081632653061224,HYBRID_HEAT_PUMP,SOCIAL_HOUSING,322,1,0,351,0,0.0,0.0,0.0,0.0,0.0,MEDIUM,MEDIUM,MEDIUM,5,COST_BASED,COST_BASED,false,false
1,baseline,1,2031,0.0,0.05782312925170068,HYBRID_HEAT_PUMP,SOCIAL_HOUSING,369,47,0,398,0,0.0,0.0,0.0,0.0,0.0,MEDIUM,MEDIUM,MEDIUM,5,COST_BASED,COST_BASED,false,false
1,baseline,1,2032,0.0,0.07482993197278912,HYBRID_HEAT_PUMP,SOCIAL_HOUSING,438,69,0,467,0,0.0,0.0,0.0,0.0,0.0,MEDIUM,MEDIUM,MEDIUM,5,COST_BASED,COST_BASED,false,false
1,baseline,1,2033,0.0,0.08616780045351474,HYBRID_HEAT_PUMP,SOCIAL_HOUSING,449,11,0,478,0,0.0,0.0,0.0,0.0,0.0,MEDIUM,MEDIUM,MEDIUM,5,COST_BASED,COST_BASED,false,false
1,baseline,1,2034,0.0,0.0963718820861678,HYBRID_HEAT_PUMP,SOCIAL_HOUSING,449,13,13,491,0,0.0,0.0,0.0,0.0,0.0,MEDIUM,MEDIUM,MEDIUM,5,COST_BASED,COST_BASED,false,false
1,baseline,1,2035,0.0,0.1054421768707483,HYBRID_HEAT_PUMP,SOCIAL_HOUSING,571,122,0,613,0,0.0,0.0,0.0,0.0,0.0,MEDIUM,MEDIUM,MEDIUM,5,COST_BASED,COST_BASED,false,false
1,baseline,1,2036,0.0,0.11791383219954649,HYBRID_HEAT_PUMP,SOCIAL_HOUSING,571,1,1,614,0,0.0,0.0,0.0,0.0,0.0,MEDIUM,MEDIUM,MEDIUM,5,COST_BASED,COST_BASED,false,false
1,baseline,1,2037,0.0,0.12585034013605442,HYBRID_HEAT_PUMP,SOCIAL_HOUSING,7903,7332,0,7946,10866,0.0,0.0,0.0,1327.8961899503038,0.0,MEDIUM,MEDIUM,MEDIUM,5,COST_BASED,COST_BASED,false,false
1,baseline,1,2038,0.0,0.1417233560090703,HYBRID_HEAT_PUMP,SOCIAL_HOUSING,13143,5240,0,13186,7958,0.0,0.0,0.0,1378.274692133702,0.0,MEDIUM,MEDIUM,MEDIUM,5,COST_BASED,COST_BASED,false,false
1,baseline,1,2039,0.0,0.1621315192743764,HYBRID_HEAT_PUMP,SOCIAL_HOUSING,17283,4153,13,17339,8160,0.0,0.0,0.0,1371.6049019607842,0.0,MEDIUM,MEDIUM,MEDIUM,5,COST_BASED,COST_BASED,false,false
1,baseline,1,2040,0.0,0.17800453514739228,HYBRID_HEAT_PUMP,SOCIAL_HOUSING,22028,4748,3,22087,6897,0.0,0.0,0.0,1325.3215890967087,0.0,MEDIUM,MEDIUM,MEDIUM,5,COST_BASED,COST_BASED,false,false
1,baseline,1,2041,0.0,0.1893424036281179,HYBRID_HEAT_PUMP,SOCIAL_HOUSING,25864,3837,1,25924,5381,0.0,0.0,0.0,1423.0157963203865,0.0,MEDIUM,MEDIUM,MEDIUM,5,COST_BASED,COST_BASED,false,false
1,baseline,1,2042,0.0,0.20294784580498867,HYBRID_HEAT_PUMP,SOCIAL_HOUSING,33430,7587,21,33511,11157,0.0,0.0,0.0,1355.045980102178,0.0,MEDIUM,MEDIUM,MEDIUM,5,COST_BASED,COST_BASED,false,false
1,baseline,1,2043,0.0,0.2199546485260771,HYBRID_HEAT_PUMP,SOCIAL_HOUSING,38389,4970,11,38481,6839,0.0,0.0,0.0,1476.8020178388654,0.0,MEDIUM,MEDIUM,MEDIUM,5,COST_BASED,COST_BASED,false,false
1,baseline,1,2044,0.0,0.23242630385487528,HYBRID_HEAT_PUMP,SOCIAL_HOUSING,43190,5059,258,43540,7451,0.0,0.0,0.0,1350.8708898134478,0.0,MEDIUM,MEDIUM,MEDIUM,5,COST_BASED,COST_BASED,false,false
1,baseline,1,2045,0.0,0.23242630385487528,HYBRID_HEAT_PUMP,SOCIAL_HOUSING,49451,6262,1,49802,8690,0.0,0.0,0.0,1316.8627157652475,0.0,MEDIUM,MEDIUM,MEDIUM,5,COST_BASED,COST_BASED,false,false
1,baseline,1,2046,0.0,0.23242630385487528,HYBRID_HEAT_PUMP,SOCIAL_HOUSING,54297,4893,47,54695,5446,0.0,0.0,0.0,1369.4384869629087,0.0,MEDIUM,MEDIUM,MEDIUM,5,COST_BASED,COST_BASED,false,false
1,baseline,1,2047,0.0,0.23242630385487528,HYBRID_HEAT_PUMP,SOCIAL_HOUSING,60531,6303,69,60998,10122,0.0,0.0,0.0,1329.8154514918,0.0,MEDIUM,MEDIUM,MEDIUM,5,COST_BASED,COST_BASED,false,false
1,baseline,1,2048,0.0,0.23242630385487528,HYBRID_HEAT_PUMP,SOCIAL_HOUSING,72162,11642,11,72640,15554,0.0,0.0,0.0,1280.6836183618361,0.0,MEDIUM,MEDIUM,MEDIUM,5,COST_BASED,COST_BASED,false,false
1,baseline,1,2049,0.0,0.23242630385487528,HYBRID_HEAT_PUMP,SOCIAL_HOUSING,73330,1181,13,73821,3547,0.0,0.0,0.0,1196.9859035804905,0.0,MEDIUM,MEDIUM,MEDIUM,5,COST_BASED,COST_BASED,false,false
1,baseline,1,2050,0.0,0.23242630385487528,HYBRID_HEAT_PUMP,SOCIAL_HOUSING,75053,1845,122,75666,3069,0.0,0.0,0.0,1321.9859889214729,0.0,MEDIUM,MEDIUM,MEDIUM,5,COST_BASED,COST_BASED,false,false
1,baseline,1,2024,0.0,0.0,HYBRID_HEAT_PUMP,PRIVATELY_RENTED,1683,1683,0,1683,0,0.0,0.0,0.0,0.0,0.0,MEDIUM,MEDIUM,MEDIUM,5,COST_BASED,COST_BASED,false,false
1,baseline,1,2025,0.0,0.024943310657596373,HYBRID_HEAT_PUMP,PRIVATELY_RENTED,2506,938,115,2621,5913,0.0,0.0,0.0,1859.7995941146626,0.0,MEDIUM,MEDIUM,MEDIUM,5,COST_BASED,COST_BASED,false,false
1,baseline,1,2026,0.0,0.024943310657596373,HYBRID_HEAT_PUMP,PRIVATELY_RENTED,3626,1237,117,3858,5963,0.0,0.0,0.0,1800.5054502767064,0.0,MEDIUM,MEDIUM,MEDIUM,5,COST_BASED,COST_BASED,false,false
1,baseline,1,2027,0.0,0.024943310657596373,HYBRID_HEAT_PUMP,PRIVATELY_RENTED,5022,1511,115,5369,5757,0.0,0.0,0.0,1782.883793642522,0.0,MEDIUM,MEDIUM,MEDIUM,5,COST_BASED,COST_BASED,false,false
1,baseline,1,2028,0.0,0.024943310657596373,HYBRID_HEAT_PUMP,PRIVATELY_RENTED,6646,1731,107,7100,5875,0.0,0.0,0.0,1788.456170212766,0.0,MEDIUM,MEDIUM,MEDIUM,5,COST_BASED,COST_BASED,false,false
1,baseline,1,2029,0.0,0.024943310657596373,HYBRID_HEAT_PUMP,PRIVATELY_RENTED,8432,1902,116,9002,5795,0.0,0.0,0.0,1742.9865401207937,0.0,MEDIUM,MEDIUM,MEDIUM,5,COST_BASED,COST_BASED,false,false
1,baseline,1,2030,0.0,0.04081632653061224,HYBRID_HEAT_PUMP,PRIVATELY_RENTED,10415,2090,107,11092,5728,0.0,0.0,0.0,1738.6751047486034,0.0,MEDIUM,MEDIUM,MEDIUM,5,COST_BASED,COST_BASED,false,false
1,baseline,1,2031,0.0,0.05782312925170068,HYBRID_HEAT_PUMP,PRIVATELY_RENTED,12591,2274,98,13366,5757,0.0,0.0,0.0,1706.3778009379885,0.0,MEDIUM,MEDIUM,MEDIUM,5,COST_BASED,COST_BASED,false,false
1,baseline,1,2032,0.0,0.07482993197278912,HYBRID_HEAT_PUMP,PRIVATELY_RENTED,14954,2461,98,15827,6121,0.0,0.0,0.0,1666.2837771605946,0.0,MEDIUM,MEDIUM,MEDIUM,5,COST_BASED,COST_BASED,false,false
1,baseline,1,2033,0.0,0.08616780045351474,HYBRID_HEAT_PUMP,PRIVATELY_RENTED,17284,2452,122,18279,5843,0.0,0.0,0.0,1665.5767585144617,0.0,MEDIUM,MEDIUM,MEDIUM,5,COST_BASED,COST_BASED,false,false
1,baseline,1,2034,0.0,0.0963718820861678,HYBRID_HEAT_PUMP,PRIVATELY_RENTED,19901,2723,106,21002,5658,0.0,0.0,0.0,1679.8669141039236,0.0,MEDIUM,MEDIUM,MEDIUM,5,COST_BASED,COST_BASED,false,false
1,baseline,1,2035,0.0,0.1054421768707483,HYBRID_HEAT_PUMP,PRIVATELY_RENTED,22615,2826,112,23828,5808,0.0,0.0,0.0,1644.5123966942149,0.0,MEDIUM,MEDIUM,MEDIUM,5,COST_BASED,COST_BASED,false,false
1,baseline,1,2036,0.0,0.11791383219954649,HYBRID_HEAT_PUMP,PRIVATELY_RENTED,25383,2881,113,26709,5527,0.0,0.0,0.0,1635.0233399674325,0.0,MEDIUM,MEDIUM,MEDIUM,5,COST_BASED,COST_BASED,false,false
1,baseline,1,2037,0.0,0.12585034013605442,HYBRID_HEAT_PUMP,PRIVATELY_RENTED,27848,2594,129,29303,5451,0.0,0.0,0.0,1568.2348192992113,0.0,MEDIUM,MEDIUM,MEDIUM,5,COST_BASED,COST_BASED,false,false
1,baseline,1,2038,0.0,0.1417233560090703,HYBRID_HEAT_PUMP,PRIVATELY_RENTED,30138,2402,112,31705,5190,0.0,0.0,0.0,1535.7793834296724,0.0,MEDIUM,MEDIUM,MEDIUM,5,COST_BASED,COST_BASED,false,false
1,baseline,1,2039,0.0,0.1621315192743764,HYBRID_HEAT_PUMP,PRIVATELY_RENTED,32147,2125,116,33830,4692,0.0,0.0,0.0,1545.900042625746,0.0,MEDIUM,MEDIUM,MEDIUM,5,COST_BASED,COST_BASED,false,false
1,baseline,1,2040,0.0,0.17800453514739228,HYBRID_HEAT_PUMP,PRIVATELY_RENTED,33861,2652,938,36482,5140,0.0,0.0,0.0,1570.5963035019456,0.0,MEDIUM,MEDIUM,MEDIUM,5,COST_BASED,COST_BASED,false,false
1,baseline,1,2041,0.0,0.1893424036281179,HYBRID_HEAT_PUMP,PRIVATELY_RENTED,35436,2812,1237,39294,5199,0.0,0.0,0.0,1539.123485285632,0.0,MEDIUM,MEDIUM,MEDIUM,5,COST_BASED,COST_BASED,false,false
1,baseline,1,2042,0.0,0.20294784580498867,HYBRID_HEAT_PUMP,PRIVATELY_RENTED,36931,3006,1511,42300,5221,0.0,0.0,0.0,1527.4414863053055,0.0,MEDIUM,MEDIUM,MEDIUM,5,COST_BASED,COST_BASED,false,false
1,baseline,1,2043,0.0,0.2199546485260771,HYBRID_HEAT_PUMP,PRIVATELY_RENTED,38332,3132,1731,45432,5277,0.0,0.0,0.0,1508.2509001326512,0.0,MEDIUM,MEDIUM,MEDIUM,5,COST_BASED,COST_BASED,false,false
1,baseline,1,2044,0.0,0.23242630385487528,HYBRID_HEAT_PUMP,PRIVATELY_RENTED,39633,3203,1902,48635,5625,0.0,0.0,0.0,1489.5267555555556,0.0,MEDIUM,MEDIUM,MEDIUM,5,COST_BASED,COST_BASED,false,false
1,baseline,1,2045,0.0,0.23242630385487528,HYBRID_HEAT_PUMP,PRIVATELY_RENTED,40847,3304,2090,51939,5548,0.0,0.0,0.0,1466.5416366258112,0.0,MEDIUM,MEDIUM,MEDIUM,5,COST_BASED,COST_BASED,false,false
1,baseline,1,2046,0.0,0.23242630385487528,HYBRID_HEAT_PUMP,PRIVATELY_RENTED,41903,3330,2274,55269,5257,0.0,0.0,0.0,1490.3093018832033,0.0,MEDIUM,MEDIUM,MEDIUM,5,COST_BASED,COST_BASED,false,false
1,baseline,1,2047,0.0,0.23242630385487528,HYBRID_HEAT_PUMP,PRIVATELY_RENTED,42955,3513,2461,58782,5510,0.0,0.0,0.0,1473.5584392014518,0.0,MEDIUM,MEDIUM,MEDIUM,5,COST_BASED,COST_BASED,false,false
1,baseline,1,2048,0.0,0.23242630385487528,HYBRID_HEAT_PUMP,PRIVATELY_RENTED,43892,3389,2452,62171,5166,0.0,0.0,0.0,1480.1680216802167,0.0,MEDIUM,MEDIUM,MEDIUM,5,COST_BASED,COST_BASED,false,false
1,baseline,1,2049,0.0,0.23242630385487528,HYBRID_HEAT_PUMP,PRIVATELY_RENTED,44782,3613,2723,65784,5638,0.0,0.0,0.0,1457.078751330259,0.0,MEDIUM,MEDIUM,MEDIUM,5,COST_BASED,COST_BASED,false,false
1,baseline,1,2050,0.0,0.23242630385487528,HYBRID_HEAT_PUMP,PRIVATELY_RENTED,45648,3692,2826,69476,5701,0.0,0.0,0.0,1411.2662690756008,0.0,MEDIUM,MEDIUM,MEDIUM,5,COST_BASED,COST_BASED,false,false
1,baseline,1,2024,0.0,0.0,HYBRID_HEAT_PUMP,HOME_OWNER_ASSOCIATION,0,0,0,0,0,0.0,0.0,0.0,0.0,0.0,MEDIUM,MEDIUM,MEDIUM,5,COST_BASED,COST_BASED,false,false
1,baseline,1,2025,0.0,0.024943310657596373,HYBRID_HEAT_PUMP,HOME_OWNER_ASSOCIATION,0,0,0,0,0,0.0,0.0,0.0,0.0,0.0,MEDIUM,MEDIUM,MEDIUM,5,COST_BASED,COST_BASED,false,false
1,baseline,1,2026,0.0,0.024943310657596373,HYBRID_HEAT_PUMP,HOME_OWNER_ASSOCIATION,0,0,0,0,0,0.0,0.0,0.0,0.0,0.0,MEDIUM,MEDIUM,MEDIUM,5,COST_BASED,COST_BASED,false,false
1,baseline,1,2027,0.0,0.024943310657596373,HYBRID_HEAT_PUMP,HOME_OWNER_ASSOCIATION,0,0,0,0,0,0.0,0.0,0.0,0.0,0.0,MEDIUM,MEDIUM,MEDIUM,5,COST_BASED,COST_BASED,false,false
1,baseline,1,2028,0.0,0.024943310657596373,HYBRID_HEAT_PUMP,HOME_OWNER_ASSOCIATION,0,0,0,0,0,0.0,0.0,0.0,0.0,0.0,MEDIUM,MEDIUM,MEDIUM,5,COST_BASED,COST_BASED,false,false
1,baseline,1,2029,0.0,0.024943310657596373,HYBRID_HEAT_PUMP,HOME_OWNER_ASSOCIATION,0,0,0,0,0,0.0,0.0,0.0,0.0,0.0,MEDIUM,MEDIUM,MEDIUM,5,COST_BASED,COST_BASED,false,false
1,baseline,1,2030,0.0,0.04081632653061224,HYBRID_HEAT_PUMP,HOME_OWNER_ASSOCIATION,2,2,0,2,0,0.0,0.0,0.0,0.0,0.0,MEDIUM,MEDIUM,MEDIUM,5,COST_BASED,COST_BASED,false,false
1,baseline,1,2031,0.0,0.05782312925170068,HYBRID_HEAT_PUMP,HOME_OWNER_ASSOCIATION,2,0,0,2,0,0.0,0.0,0.0,0.0,0.0,MEDIUM,MEDIUM,MEDIUM,5,COST_BASED,COST_BASED,false,false
1,baseline,1,2032,0.0,0.07482993197278912,HYBRID_HEAT_PUMP,HOME_OWNER_ASSOCIATION,2,0,0,2,0,0.0,0.0,0.0,0.0,0.0,MEDIUM,MEDIUM,MEDIUM,5,COST_BASED,COST_BASED,false,false
1,baseline,1,2033,0.0,0.08616780045351474,HYBRID_HEAT_PUMP,HOME_OWNER_ASSOCIATION,3,1,0,3,0,0.0,0.0,0.0,0.0,0.0,MEDIUM,MEDIUM,MEDIUM,5,COST_BASED,COST_BASED,false,false
1,baseline,1,2034,0.0,0.0963718820861678,HYBRID_HEAT_PUMP,HOME_OWNER_ASSOCIATION,3,0,0,3,0,0.0,0.0,0.0,0.0,0.0,MEDIUM,MEDIUM,MEDIUM,5,COST_BASED,COST_BASED,false,false
1,baseline,1,2035,0.0,0.1054421768707483,HYBRID_HEAT_PUMP,HOME_OWNER_ASSOCIATION,3,0,0,3,0,0.0,0.0,0.0,0.0,0.0,MEDIUM,MEDIUM,MEDIUM,5,COST_BASED,COST_BASED,false,false
1,baseline,1,2036,0.0,0.11791383219954649,HYBRID_HEAT_PUMP,HOME_OWNER_ASSOCIATION,3,0,0,3,0,0.0,0.0,0.0,0.0,0.0,MEDIUM,MEDIUM,MEDIUM,5,COST_BASED,COST_BASED,false,false
1,baseline,1,2037,0.0,0.12585034013605442,HYBRID_HEAT_PUMP,HOME_OWNER_ASSOCIATION,1103,1100,0,1103,1952,0.0,0.0,0.0,1181.6347336065573,0.0,MEDIUM,MEDIUM,MEDIUM,5,COST_BASED,COST_BASED,false,false
1,baseline,1,2038,0.0,0.1417233560090703,HYBRID_HEAT_PUMP,HOME_OWNER_ASSOCIATION,1579,476,0,1579,1368,0.0,0.0,0.0,1106.3194444444443,0.0,MEDIUM,MEDIUM,MEDIUM,5,COST_BASED,COST_BASED,false,false
1,baseline,1,2039,0.0,0.1621315192743764,HYBRID_HEAT_PUMP,HOME_OWNER_ASSOCIATION,2380,801,0,2380,1976,0.0,0.0,0.0,1100.128036437247,0.0,MEDIUM,MEDIUM,MEDIUM,5,COST_BASED,COST_BASED,false,false
1,baseline,1,2040,0.0,0.17800453514739228,HYBRID_HEAT_PUMP,HOME_OWNER_ASSOCIATION,3294,914,0,3294,1617,0.0,0.0,0.0,1011.599876314162,0.0,MEDIUM,MEDIUM,MEDIUM,5,COST_BASED,COST_BASED,false,false
1,baseline,1,2041,0.0,0.1893424036281179,HYBRID_HEAT_PUMP,HOME_OWNER_ASSOCIATION,4326,1032,0,4326,2283,0.0,0.0,0.0,1092.2742006132282,0.0,MEDIUM,MEDIUM,MEDIUM,5,COST_BASED,COST_BASED,false,false
1,baseline,1,2042,0.0,0.20294784580498867,HYBRID_HEAT_PUMP,HOME_OWNER_ASSOCIATION,5143,817,0,5143,1979,0.0,0.0,0.0,1077.7731177362305,0.0,MEDIUM,MEDIUM,MEDIUM,5,COST_BASED,COST_BASED,false,false
1,baseline,1,2043,0.0,0.2199546485260771,HYBRID_HEAT_PUMP,HOME_OWNER_ASSOCIATION,6596,1453,0,6596,2089,0.0,0.0,0.0,1063.700335088559,0.0,MEDIUM,MEDIUM,MEDIUM,5,COST_BASED,COST_BASED,false,false
1,baseline,1,2044,0.0,0.23242630385487528,HYBRID_HEAT_PUMP,HOME_OWNER_ASSOCIATION,7815,1219,0,7815,2683,0.0,0.0,0.0,1092.319418561312,0.0,MEDIUM,MEDIUM,MEDIUM,5,COST_BASED,COST_BASED,false,false
1,baseline,1,2045,0.0,0.23242630385487528,HYBRID_HEAT_PUMP,HOME_OWNER_ASSOCIATION,8888,1075,2,8890,2071,0.0,0.0,0.0,1078.2713664896185,0.0,MEDIUM,MEDIUM,MEDIUM,5,COST_BASED,COST_BASED,false,false
1,baseline,1,2046,0.0,0.23242630385487528,HYBRID_HEAT_PUMP,HOME_OWNER_ASSOCIATION,9563,675,0,9565,1134,0.0,0.0,0.0,1155.6860670194003,0.0,MEDIUM,MEDIUM,MEDIUM,5,COST_BASED,COST_BASED,false,false
1,baseline,1,2047,0.0,0.23242630385487528,HYBRID_HEAT_PUMP,HOME_OWNER_ASSOCIATION,12725,3162,0,12727,3840,0.0,0.0,0.0,961.5625,0.0,MEDIUM,MEDIUM,MEDIUM,5,COST_BASED,COST_BASED,false,false
1,baseline,1,2048,0.0,0.23242630385487528,HYBRID_HEAT_PUMP,HOME_OWNER_ASSOCIATION,14512,1788,1,14515,2780,0.0,0.0,0.0,1051.708273381295,0.0,MEDIUM,MEDIUM,MEDIUM,5,COST_BASED,COST_BASED,false,false
1,baseline,1,2049,0.0,0.23242630385487528,HYBRID_HEAT_PUMP,HOME_OWNER_ASSOCIATION,15009,497,0,15012,852,0.0,0.0,0.0,1021.8838028169014,0.0,MEDIUM,MEDIUM,MEDIUM,5,COST_BASED,COST_BASED,false,false
1,baseline,1,2050,0.0,0.23242630385487528,HYBRID_HEAT_PUMP,HOME_OWNER_ASSOCIATION,15112,103,0,15115,867,0.0,0.0,0.0,1096.230680507497,0.0,MEDIUM,MEDIUM,MEDIUM,5,COST_BASED,COST_BASED,false,false
