scenario,scenario_name,iteration,year,nbh_in_grid_congestion_perc,nbh_with_dh_perc,heating_system,ownership,installed_current,installed_annually,removed_annually,installed_cumulative,considered_annually,avg_att,avg_util,avg_sub_norm,avg_eac,avg_pbc,SLF,ELF,GRR,DHCT,DHES,SHAES,DHCO,GCHPB
1,baseline,1,2024,0.0,0.0,NATURAL_GAS_BOILER,TOTAL,473537,473537,0,473537,0,0.0,0.0,0.0,0.0,0.0,MEDIUM,MEDIUM,MEDIUM,5,COST_BASED,COST_BASED,false,false
1,baseline,1,2025,0.0,0.024943310657596373,NATURAL_GAS_BOILER,TOTAL,469128,36586,40995,510123,98228,0.2852511647419282,0.6633986724419361,0.999836259293426,1926.7542859469804,0.7988056850657776,MEDIUM,MEDIUM,MEDIUM,5,COST_BASED,COST_BASED,false,false
1,baseline,1,2026,0.0,0.024943310657596373,NATURAL_GAS_BOILER,TOTAL,461700,33086,40514,543209,94136,0.28812814847464224,0.6543794573718972,0.9620357429751005,1903.8380322087194,0.7892826810672584,MEDIUM,MEDIUM,MEDIUM,5,COST_BASED,COST_BASED,false,false
1,baseline,1,2027,0.0,0.024943310657596373,NATURAL_GAS_BOILER,TOTAL,452694,35927,44933,579136,95744,0.2933263728755056,0.6518389182552211,0.9579542774720275,1864.3085833054813,0.7846824994799371,MEDIUM,MEDIUM,MEDIUM,5,COST_BASED,COST_BASED,false,false
1,baseline,1,2028,0.0,0.024943310657596373,NATURAL_GAS_BOILER,TOTAL,442362,26577,36909,605713,84446,0.3010036190763086,0.6614266490347902,0.9337805422227137,1898.5633422542217,0.8001665010052714,MEDIUM,MEDIUM,MEDIUM,5,COST_BASED,COST_BASED,false,false
1,baseline,1,2029,0.0,0.024943310657596373,NATURAL_GAS_BOILER,TOTAL,427098,30036,45300,635749,92239,0.3053168631948516,0.648641474690881,0.9444927198919602,1842.7558299634645,0.7785714062511192,MEDIUM,MEDIUM,MEDIUM,5,COST_BASED,COST_BASED,false,false
1,baseline,1,2030,0.0,0.045351473922902494,NATURAL_GAS_BOILER,TOTAL,409496,27727,45329,663476,86145,0.31040094816945274,0.6470101424968449,0.9037840219299655,1836.4772999013292,0.7799419739616896,MEDIUM,MEDIUM,MEDIUM,5,COST_BASED,COST_BASED,false,false
1,baseline,1,2031,0.0,0.061224489795918366,NATURAL_GAS_BOILER,TOTAL,390064,30542,49974,694018,87372,0.3160654893115181,0.6483383189707042,0.8791642321138129,1800.2627500801173,0.7835955771139396,MEDIUM,MEDIUM,MEDIUM,5,COST_BASED,COST_BASED,false,false
1,baseline,1,2032,0.0,0.07369614512471655,NATURAL_GAS_BOILER,TOTAL,365479,18412,42997,712430,75825,0.31728194881464133,0.6447685818483294,0.8139905010033364,1817.1813913616882,0.7860835729433958,MEDIUM,MEDIUM,MEDIUM,5,COST_BASED,COST_BASED,false,false
1,baseline,1,2033,0.0,0.08276643990929705,NATURAL_GAS_BOILER,TOTAL,341641,17537,41375,729967,71200,0.3189807922250664,0.6521359503878832,0.8220385306942483,1786.7602528089888,0.7957039111887777,MEDIUM,MEDIUM,MEDIUM,5,COST_BASED,COST_BASED,false,false
1,baseline,1,2034,0.0,0.10090702947845805,NATURAL_GAS_BOILER,TOTAL,314486,14533,41688,744500,65503,0.32339271044541573,0.6477223253592304,0.7673626903612594,1838.1034761766637,0.7948149741323473,MEDIUM,MEDIUM,MEDIUM,5,COST_BASED,COST_BASED,false,false
1,baseline,1,2035,0.0,0.11678004535147392,NATURAL_GAS_BOILER,TOTAL,285990,14642,43138,759142,64081,0.329705864443759,0.6421353092656008,0.7152246627743272,1801.979838017509,0.7913734149406618,MEDIUM,MEDIUM,MEDIUM,5,COST_BASED,COST_BASED,false,false
1,baseline,1,2036,0.0,0.1349206349206349,NATURAL_GAS_BOILER,TOTAL,259353,11842,38479,770984,54434,0.3357765334422509,0.6433812955241063,0.6381967997617115,1816.728258073998,0.8013532099553884,MEDIUM,MEDIUM,MEDIUM,5,COST_BASED,COST_BASED,false,false
1,baseline,1,2037,0.0,0.14285714285714285,NATURAL_GAS_BOILER,TOTAL,233001,8096,34448,779080,51889,0.3230765900065973,0.6090445071700583,0.538134792055135,1863.6825916860992,0.7655307642465523,MEDIUM,MEDIUM,MEDIUM,5,COST_BASED,COST_BASED,false,false
1,baseline,1,2038,0.0,0.15306122448979592,NATURAL_GAS_BOILER,TOTAL,210346,7461,30116,786541,52339,0.3040410858241476,0.5934291841857466,0.4400089387607425,1905.1216110357477,0.7591323874774984,MEDIUM,MEDIUM,MEDIUM,5,COST_BASED,COST_BASED,false,false
1,baseline,1,2039,0.0,0.16439909297052155,NATURAL_GAS_BOILER,TOTAL,184040,7503,33809,794044,64393,0.2789431115965269,0.5652160663932176,0.33256154624275414,1884.0666376780084,0.7365181284103403,MEDIUM,MEDIUM,MEDIUM,5,COST_BASED,COST_BASED,false,false
1,baseline,1,2040,0.0,0.18253968253968253,NATURAL_GAS_BOILER,TOTAL,165870,5142,23312,799186,62489,0.25955043918092857,0.5512747663283147,0.24716691776281952,1973.5952407623743,0.731128674976897,MEDIUM,MEDIUM,MEDIUM,5,COST_BASED,COST_BASED,false,false
1,baseline,1,2041,0.0,0.19047619047619047,NATURAL_GAS_BOILER,TOTAL,147584,8126,26412,807312,75791,0.24772833825285223,0.5340841800304432,0.18742021141056311,1912.550725020121,0.7157666590561399,MEDIUM,MEDIUM,MEDIUM,5,COST_BASED,COST_BASED,false,false
1,baseline,1,2042,0.0,0.20861678004535147,NATURAL_GAS_BOILER,TOTAL,130516,6372,23440,813684,80031,0.24320156760622283,0.5237137650001282,0.13920052636279126,1927.1454811260637,0.7073701898032858,MEDIUM,MEDIUM,MEDIUM,5,COST_BASED,COST_BASED,false,false
1,baseline,1,2043,0.0,0.22448979591836735,NATURAL_GAS_BOILER,TOTAL,112796,8829,26549,822513,90650,0.2462301540500185,0.5320773041995525,0.1104676299805028,1896.0011252068396,0.7227499640392723,MEDIUM,MEDIUM,MEDIUM,5,COST_BASED,COST_BASED,false,false
1,baseline,1,2044,0.0,0.23015873015873015,NATURAL_GAS_BOILER,TOTAL,101587,4678,15887,827191,96831,0.2558099056312201,0.521797593261536,0.08409612611912393,1933.018991851783,0.708231897719619,MEDIUM,MEDIUM,MEDIUM,5,COST_BASED,COST_BASED,false,false
1,baseline,1,2045,0.0,0.23015873015873015,NATURAL_GAS_BOILER,TOTAL,92209,5323,14701,832514,99706,0.25585416066450806,0.525727278457329,0.06620283461183096,1919.3205123061803,0.7163520231933859,MEDIUM,MEDIUM,MEDIUM,5,COST_BASED,COST_BASED,false,false
1,baseline,1,2046,0.0,0.23015873015873015,NATURAL_GAS_BOILER,TOTAL,84430,3093,10872,835607,103069,0.260655713911551,0.5187912789962033,0.052523218093153225,1932.4721982361332,0.7064575877547233,MEDIUM,MEDIUM,MEDIUM,5,COST_BASED,COST_BASED,false,false
1,baseline,1,2047,0.0,0.23015873015873015,NATURAL_GAS_BOILER,TOTAL,76369,3537,11598,839144,110620,0.2686241295026016,0.523750248723605,0.04616847866366397,1909.3037425420357,0.7126982808767935,MEDIUM,MEDIUM,MEDIUM,5,COST_BASED,COST_BASED,false,false
1,baseline,1,2048,0.0,0.23015873015873015,NATURAL_GAS_BOILER,TOTAL,70392,4343,10320,843487,111535,0.2767946733898409,0.5344409272468195,0.04176112856426998,1900.9313937329089,0.7272425814522376,MEDIUM,MEDIUM,MEDIUM,5,COST_BASED,COST_BASED,false,false
1,baseline,1,2049,0.0,0.23015873015873015,NATURAL_GAS_BOILER,TOTAL,66175,3021,7238,846508,108683,0.28902714296544213,0.5308825424215131,0.04042613253990345,1917.3774095304693,0.7190137613234542,MEDIUM,MEDIUM,MEDIUM,5,COST_BASED,COST_BASED,false,false
1,baseline,1,2050,0.0,0.23015873015873015,NATURAL_GAS_BOILER,TOTAL,62603,3467,7039,849975,106764,0.30035542864396364,0.5320057444355605,0.041127344184822154,1893.17778464651,0.7177788414692178,MEDIUM,MEDIUM,MEDIUM,5,COST_BASED,COST_BASED,false,false
1,baseline,1,2024,0.0,0.0,NATURAL_GAS_BOILER,PRIVATELY_OWNED,309963,309963,0,309963,0,0.0,0.0,0.0,0.0,0.0,MEDIUM,MEDIUM,MEDIUM,5,COST_BASED,COST_BASED,false,false
1,baseline,1,2025,0.0,0.024943310657596373,NATURAL_GAS_BOILER,PRIVATELY_OWNED,305604,23985,28344,333948,84357,0.2852511647419282,0.6633986724419361,0.999836259293426,1984.3263273942885,0.7988056850657776,MEDIUM,MEDIUM,MEDIUM,5,COST_BASED,COST_BASED,false,false
1,baseline,1,2026,0.0,0.024943310657596373,NATURAL_GAS_BOILER,PRIVATELY_OWNED,299054,21845,28395,355793,79805,0.28812814847464224,0.6543794573718972,0.9620357429751005,1963.6327548399222,0.7892826810672584,MEDIUM,MEDIUM,MEDIUM,5,COST_BASED,COST_BASED,false,false
1,baseline,1,2027,0.0,0.024943310657596373,NATURAL_GAS_BOILER,PRIVATELY_OWNED,288885,19340,29509,375133,77046,0.2933263728755056,0.6518389182552211,0.9579542774720275,1952.6564909274978,0.7846824994799371,MEDIUM,MEDIUM,MEDIUM,5,COST_BASED,COST_BASED,false,false
1,baseline,1,2028,0.0,0.024943310657596373,NATURAL_GAS_BOILER,PRIVATELY_OWNED,279111,18009,27783,393142,73143,0.3010036190763086,0.6614266490347902,0.9337805422227137,1944.202753510247,0.8001665010052714,MEDIUM,MEDIUM,MEDIUM,5,COST_BASED,COST_BASED,false,false
1,baseline,1,2029,0.0,0.024943310657596373,NATURAL_GAS_BOILER,PRIVATELY_OWNED,264755,16062,30418,409204,71405,0.3053168631948516,0.648641474690881,0.9444927198919602,1943.8329808836916,0.7785714062511192,MEDIUM,MEDIUM,MEDIUM,5,COST_BASED,COST_BASED,false,false
1,baseline,1,2030,0.0,0.045351473922902494,NATURAL_GAS_BOILER,PRIVATELY_OWNED,248694,14080,30141,423284,67197,0.31040094816945274,0.6470101424968449,0.9037840219299655,1922.7334404809737,0.7799419739616896,MEDIUM,MEDIUM,MEDIUM,5,COST_BASED,COST_BASED,false,false
1,baseline,1,2031,0.0,0.061224489795918366,NATURAL_GAS_BOILER,PRIVATELY_OWNED,231517,11966,29143,435250,63059,0.3160654893115181,0.6483383189707042,0.8791642321138129,1913.9985251906944,0.7835955771139396,MEDIUM,MEDIUM,MEDIUM,5,COST_BASED,COST_BASED,false,false
1,baseline,1,2032,0.0,0.07369614512471655,NATURAL_GAS_BOILER,PRIVATELY_OWNED,208176,9599,32940,444849,61137,0.31728194881464133,0.6447685818483294,0.8139905010033364,1890.9996401524445,0.7860835729433958,MEDIUM,MEDIUM,MEDIUM,5,COST_BASED,COST_BASED,false,false
1,baseline,1,2033,0.0,0.08276643990929705,NATURAL_GAS_BOILER,PRIVATELY_OWNED,188523,8042,27695,452891,54829,0.3189807922250664,0.6521359503878832,0.8220385306942483,1871.6618212989476,0.7957039111887777,MEDIUM,MEDIUM,MEDIUM,5,COST_BASED,COST_BASED,false,false
1,baseline,1,2034,0.0,0.10090702947845805,NATURAL_GAS_BOILER,PRIVATELY_OWNED,165838,6820,29505,459711,51803,0.32339271044541573,0.6477223253592304,0.7673626903612594,1906.8521514198019,0.7948149741323473,MEDIUM,MEDIUM,MEDIUM,5,COST_BASED,COST_BASED,false,false
1,baseline,1,2035,0.0,0.11678004535147392,NATURAL_GAS_BOILER,PRIVATELY_OWNED,142596,5273,28515,464984,46126,0.329705864443759,0.6421353092656008,0.7152246627743272,1912.8825391319428,0.7913734149406618,MEDIUM,MEDIUM,MEDIUM,5,COST_BASED,COST_BASED,false,false
1,baseline,1,2036,0.0,0.1349206349206349,NATURAL_GAS_BOILER,PRIVATELY_OWNED,120001,3074,25669,468058,39092,0.3357765334422509,0.6433812955241063,0.6381967997617115,1917.6004809168116,0.8013532099553884,MEDIUM,MEDIUM,MEDIUM,5,COST_BASED,COST_BASED,false,false
1,baseline,1,2037,0.0,0.14285714285714285,NATURAL_GAS_BOILER,PRIVATELY_OWNED,100277,2123,21847,470181,38349,0.3230765900065973,0.6090445071700583,0.538134792055135,1977.5127382721844,0.7655307642465523,MEDIUM,MEDIUM,MEDIUM,5,COST_BASED,COST_BASED,false,false
1,baseline,1,2038,0.0,0.15306122448979592,NATURAL_GAS_BOILER,PRIVATELY_OWNED,83025,1623,18875,471804,40381,0.3040410858241476,0.5934291841857466,0.4400089387607425,2016.1456873281988,0.7591323874774984,MEDIUM,MEDIUM,MEDIUM,5,COST_BASED,COST_BASED,false,false
1,baseline,1,2039,0.0,0.16439909297052155,NATURAL_GAS_BOILER,PRIVATELY_OWNED,67046,1243,17222,473047,47100,0.2789431115965269,0.5652160663932176,0.33256154624275414,2040.2364755838641,0.7365181284103403,MEDIUM,MEDIUM,MEDIUM,5,COST_BASED,COST_BASED,false,false
1,baseline,1,2040,0.0,0.18253968253968253,NATURAL_GAS_BOILER,PRIVATELY_OWNED,53362,1060,14744,474107,52645,0.25955043918092857,0.5512747663283147,0.24716691776281952,2046.164688004559,0.731128674976897,MEDIUM,MEDIUM,MEDIUM,5,COST_BASED,COST_BASED,false,false
1,baseline,1,2041,0.0,0.19047619047619047,NATURAL_GAS_BOILER,PRIVATELY_OWNED,41832,908,12438,475015,58670,0.24772833825285223,0.5340841800304432,0.18742021141056311,2041.1790182376,0.7157666590561399,MEDIUM,MEDIUM,MEDIUM,5,COST_BASED,COST_BASED,false,false
1,baseline,1,2042,0.0,0.20861678004535147,NATURAL_GAS_BOILER,PRIVATELY_OWNED,32910,871,9793,475886,64240,0.24320156760622283,0.5237137650001282,0.13920052636279126,2030.7301681195518,0.7073701898032858,MEDIUM,MEDIUM,MEDIUM,5,COST_BASED,COST_BASED,false,false
1,baseline,1,2043,0.0,0.22448979591836735,NATURAL_GAS_BOILER,PRIVATELY_OWNED,25754,817,7973,476703,69009,0.2462301540500185,0.5320773041995525,0.1104676299805028,2019.3573591850338,0.7227499640392723,MEDIUM,MEDIUM,MEDIUM,5,COST_BASED,COST_BASED,false,false
1,baseline,1,2044,0.0,0.23015873015873015,NATURAL_GAS_BOILER,PRIVATELY_OWNED,19472,792,7074,477495,80946,0.2558099056312201,0.521797593261536,0.08409612611912393,2010.2580732834235,0.708231897719619,MEDIUM,MEDIUM,MEDIUM,5,COST_BASED,COST_BASED,false,false
1,baseline,1,2045,0.0,0.23015873015873015,NATURAL_GAS_BOILER,PRIVATELY_OWNED,15056,790,5206,478285,84362,0.25585416066450806,0.525727278457329,0.06620283461183096,1988.4940375998672,0.7163520231933859,MEDIUM,MEDIUM,MEDIUM,5,COST_BASED,COST_BASED,false,false
1,baseline,1,2046,0.0,0.23015873015873015,NATURAL_GAS_BOILER,PRIVATELY_OWNED,12669,772,3159,479057,89571,0.260655713911551,0.5187912789962033,0.052523218093153225,1985.9892822453696,0.7064575877547233,MEDIUM,MEDIUM,MEDIUM,5,COST_BASED,COST_BASED,false,false
1,baseline,1,2047,0.0,0.23015873015873015,NATURAL_GAS_BOILER,PRIVATELY_OWNED,11223,783,2229,479840,95454,0.2686241295026016,0.523750248723605,0.04616847866366397,1977.716491713286,0.7126982808767935,MEDIUM,MEDIUM,MEDIUM,5,COST_BASED,COST_BASED,false,false
1,baseline,1,2048,0.0,0.23015873015873015,NATURAL_GAS_BOILER,PRIVATELY_OWNED,10389,718,1552,480558,95900,0.2767946733898409,0.5344409272468195,0.04176112856426998,1962.2066319082378,0.7272425814522376,MEDIUM,MEDIUM,MEDIUM,5,COST_BASED,COST_BASED,false,false
1,baseline,1,2049,0.0,0.23015873015873015,NATURAL_GAS_BOILER,PRIVATELY_OWNED,9886,762,1265,481320,96652,0.28902714296544213,0.5308825424215131,0.04042613253990345,1960.0083288498945,0.7190137613234542,MEDIUM,MEDIUM,MEDIUM,5,COST_BASED,COST_BASED,false,false
1,baseline,1,2050,0.0,0.23015873015873015,NATURAL_GAS_BOILER,PRIVATELY_OWNED,9404,719,1201,482039,92255,0.30035542864396364,0.5320057444355605,0.041127344184822154,1946.6630860115984,0.7177788414692178,MEDIUM,MEDIUM,MEDIUM,5,COST_BASED,COST_BASED,false,false
1,baseline,1,2024,0.0,0.0,NATURAL_GAS_BOILER,SOCIAL_HOUSING,99703,99703,0,99703,0,0.0,0.0,0.0,0.0,0.0,MEDIUM,MEDIUM,MEDIUM,5,COST_BASED,COST_BASED,false,false
1,baseline,1,2025,0.0,0.024943310657596373,NATURAL_GAS_BOILER,SOCIAL_HOUSING,99912,7387,7178,107090,7418,0.0,0.0,0.0,1542.071313022378,0.0,MEDIUM,MEDIUM,MEDIUM,5,COST_BASED,COST_BASED,false,false
1,baseline,1,2026,0.0,0.024943310657596373,NATURAL_GAS_BOILER,SOCIAL_HOUSING,98358,5129,6683,112219,6779,0.0,0.0,0.0,1580.2637557161822,0.0,MEDIUM,MEDIUM,MEDIUM,5,COST_BASED,COST_BASED,false,false
1,baseline,1,2027,0.0,0.024943310657596373,NATURAL_GAS_BOILER,SOCIAL_HOUSING,98580,10508,10286,122727,10932,0.0,0.0,0.0,1476.6688620563484,0.0,MEDIUM,MEDIUM,MEDIUM,5,COST_BASED,COST_BASED,false,false
1,baseline,1,2028,0.0,0.024943310657596373,NATURAL_GAS_BOILER,SOCIAL_HOUSING,98125,3268,3723,125995,3846,0.0,0.0,0.0,1656.3458138325534,0.0,MEDIUM,MEDIUM,MEDIUM,5,COST_BASED,COST_BASED,false,false
1,baseline,1,2029,0.0,0.024943310657596373,NATURAL_GAS_BOILER,SOCIAL_HOUSING,94984,6512,9653,132507,10809,0.0,0.0,0.0,1540.7831436765657,0.0,MEDIUM,MEDIUM,MEDIUM,5,COST_BASED,COST_BASED,false,false
1,baseline,1,2030,0.0,0.045351473922902494,NATURAL_GAS_BOILER,SOCIAL_HOUSING,92699,7589,9874,140096,10531,0.0,0.0,0.0,1511.7122780362738,0.0,MEDIUM,MEDIUM,MEDIUM,5,COST_BASED,COST_BASED,false,false
1,baseline,1,2031,0.0,0.061224489795918366,NATURAL_GAS_BOILER,SOCIAL_HOUSING,90699,13515,15515,153611,15907,0.0,0.0,0.0,1495.408687998994,0.0,MEDIUM,MEDIUM,MEDIUM,5,COST_BASED,COST_BASED,false,false
1,baseline,1,2032,0.0,0.07369614512471655,NATURAL_GAS_BOILER,SOCIAL_HOUSING,89917,3734,4516,157345,5104,0.0,0.0,0.0,1577.7454937304076,0.0,MEDIUM,MEDIUM,MEDIUM,5,COST_BASED,COST_BASED,false,false
1,baseline,1,2033,0.0,0.08276643990929705,NATURAL_GAS_BOILER,SOCIAL_HOUSING,86723,5027,8221,162372,8595,0.0,0.0,0.0,1483.6409540430484,0.0,MEDIUM,MEDIUM,MEDIUM,5,COST_BASED,COST_BASED,false,false
1,baseline,1,2034,0.0,0.10090702947845805,NATURAL_GAS_BOILER,SOCIAL_HOUSING,84186,4501,7038,166873,7044,0.0,0.0,0.0,1539.5847529812606,0.0,MEDIUM,MEDIUM,MEDIUM,5,COST_BASED,COST_BASED,false,false
1,baseline,1,2035,0.0,0.11678004535147392,NATURAL_GAS_BOILER,SOCIAL_HOUSING,79849,5074,9411,171947,10028,0.0,0.0,0.0,1505.853310729956,0.0,MEDIUM,MEDIUM,MEDIUM,5,COST_BASED,COST_BASED,false,false
1,baseline,1,2036,0.0,0.1349206349206349,NATURAL_GAS_BOILER,SOCIAL_HOUSING,77410,5166,7605,177113,7965,0.0,0.0,0.0,1567.1000627746391,0.0,MEDIUM,MEDIUM,MEDIUM,5,COST_BASED,COST_BASED,false,false
1,baseline,1,2037,0.0,0.14285714285714285,NATURAL_GAS_BOILER,SOCIAL_HOUSING,72934,2911,7387,180024,7599,0.0,0.0,0.0,1538.6820634293986,0.0,MEDIUM,MEDIUM,MEDIUM,5,COST_BASED,COST_BASED,false,false
1,baseline,1,2038,0.0,0.15306122448979592,NATURAL_GAS_BOILER,SOCIAL_HOUSING,69709,1904,5129,181928,5162,0.0,0.0,0.0,1597.8151879116622,0.0,MEDIUM,MEDIUM,MEDIUM,5,COST_BASED,COST_BASED,false,false
1,baseline,1,2039,0.0,0.16439909297052155,NATURAL_GAS_BOILER,SOCIAL_HOUSING,61310,2109,10508,184037,10509,0.0,0.0,0.0,1464.7438386145209,0.0,MEDIUM,MEDIUM,MEDIUM,5,COST_BASED,COST_BASED,false,false
1,baseline,1,2040,0.0,0.18253968253968253,NATURAL_GAS_BOILER,SOCIAL_HOUSING,59175,1133,3268,185170,3299,0.0,0.0,0.0,1618.6210973022128,0.0,MEDIUM,MEDIUM,MEDIUM,5,COST_BASED,COST_BASED,false,false
1,baseline,1,2041,0.0,0.19047619047619047,NATURAL_GAS_BOILER,SOCIAL_HOUSING,54479,1816,6512,186986,8162,0.0,0.0,0.0,1498.6227640284244,0.0,MEDIUM,MEDIUM,MEDIUM,5,COST_BASED,COST_BASED,false,false
1,baseline,1,2042,0.0,0.20861678004535147,NATURAL_GAS_BOILER,SOCIAL_HOUSING,48840,1950,7589,188936,8013,0.0,0.0,0.0,1474.3055035567204,0.0,MEDIUM,MEDIUM,MEDIUM,5,COST_BASED,COST_BASED,false,false
1,baseline,1,2043,0.0,0.22448979591836735,NATURAL_GAS_BOILER,SOCIAL_HOUSING,40565,5240,13515,194176,14363,0.0,0.0,0.0,1480.316995056743,0.0,MEDIUM,MEDIUM,MEDIUM,5,COST_BASED,COST_BASED,false,false
1,baseline,1,2044,0.0,0.23015873015873015,NATURAL_GAS_BOILER,SOCIAL_HOUSING,37579,748,3734,194924,8031,0.0,0.0,0.0,1569.6303075582118,0.0,MEDIUM,MEDIUM,MEDIUM,5,COST_BASED,COST_BASED,false,false
1,baseline,1,2045,0.0,0.23015873015873015,NATURAL_GAS_BOILER,SOCIAL_HOUSING,34080,1528,5027,196452,8393,0.0,0.0,0.0,1537.9404265459311,0.0,MEDIUM,MEDIUM,MEDIUM,5,COST_BASED,COST_BASED,false,false
1,baseline,1,2046,0.0,0.23015873015873015,NATURAL_GAS_BOILER,SOCIAL_HOUSING,29903,324,4501,196776,6893,0.0,0.0,0.0,1588.1736544320324,0.0,MEDIUM,MEDIUM,MEDIUM,5,COST_BASED,COST_BASED,false,false
1,baseline,1,2047,0.0,0.23015873015873015,NATURAL_GAS_BOILER,SOCIAL_HOUSING,25333,504,5074,197280,6444,0.0,0.0,0.0,1505.2835195530727,0.0,MEDIUM,MEDIUM,MEDIUM,5,COST_BASED,COST_BASED,false,false
1,baseline,1,2048,0.0,0.23015873015873015,NATURAL_GAS_BOILER,SOCIAL_HOUSING,21660,1493,5166,198773,8734,0.0,0.0,0.0,1502.7310510648042,0.0,MEDIUM,MEDIUM,MEDIUM,5,COST_BASED,COST_BASED,false,false
1,baseline,1,2049,0.0,0.23015873015873015,NATURAL_GAS_BOILER,SOCIAL_HOUSING,19265,516,2911,199289,5454,0.0,0.0,0.0,1533.0975430876422,0.0,MEDIUM,MEDIUM,MEDIUM,5,COST_BASED,COST_BASED,false,false
1,baseline,1,2050,0.0,0.23015873015873015,NATURAL_GAS_BOILER,SOCIAL_HOUSING,17758,397,1904,199686,6858,0.0,0.0,0.0,1554.3000874890638,0.0,MEDIUM,MEDIUM,MEDIUM,5,COST_BASED,COST_BASED,false,false
1,baseline,1,2024,0.0,0.0,NATURAL_GAS_BOILER,PRIVATELY_RENTED,63871,63871,0,63871,0,0.0,0.0,0.0,0.0,0.0,MEDIUM,MEDIUM,MEDIUM,5,COST_BASED,COST_BASED,false,false
1,baseline,1,2025,0.0,0.024943310657596373,NATURAL_GAS_BOILER,PRIVATELY_RENTED,63101,4703,5473,68574,5942,0.0,0.0,0.0,1644.0552002692696,0.0,MEDIUM,MEDIUM,MEDIUM,5,COST_BASED,COST_BASED,false,false
1,baseline,1,2026,0.0,0.024943310657596373,NATURAL_GAS_BOILER,PRIVATELY_RENTED,62117,4452,5436,73026,5892,0.0,0.0,0.0,1666.0768839103869,0.0,MEDIUM,MEDIUM,MEDIUM,5,COST_BASED,COST_BASED,false,false
1,baseline,1,2027,0.0,0.024943310657596373,NATURAL_GAS_BOILER,PRIVATELY_RENTED,60938,3959,5138,76985,5620,0.0,0.0,0.0,1664.8633451957296,0.0,MEDIUM,MEDIUM,MEDIUM,5,COST_BASED,COST_BASED,false,false
1,baseline,1,2028,0.0,0.024943310657596373,NATURAL_GAS_BOILER,PRIVATELY_RENTED,59532,3997,5403,80982,5920,0.0,0.0,0.0,1669.0675675675675,0.0,MEDIUM,MEDIUM,MEDIUM,5,COST_BASED,COST_BASED,false,false
1,baseline,1,2029,0.0,0.024943310657596373,NATURAL_GAS_BOILER,PRIVATELY_RENTED,57958,3655,5229,84637,5737,0.0,0.0,0.0,1652.8870489803032,0.0,MEDIUM,MEDIUM,MEDIUM,5,COST_BASED,COST_BASED,false,false
1,baseline,1,2030,0.0,0.045351473922902494,NATURAL_GAS_BOILER,PRIVATELY_RENTED,56073,3429,5314,88066,5770,0.0,0.0,0.0,1679.6424610051993,0.0,MEDIUM,MEDIUM,MEDIUM,5,COST_BASED,COST_BASED,false,false
1,baseline,1,2031,0.0,0.061224489795918366,NATURAL_GAS_BOILER,PRIVATELY_RENTED,54083,3326,5316,91392,5793,0.0,0.0,0.0,1674.0324529604695,0.0,MEDIUM,MEDIUM,MEDIUM,5,COST_BASED,COST_BASED,false,false
1,baseline,1,2032,0.0,0.07369614512471655,NATURAL_GAS_BOILER,PRIVATELY_RENTED,51902,3360,5541,94752,6023,0.0,0.0,0.0,1632.6033538103934,0.0,MEDIUM,MEDIUM,MEDIUM,5,COST_BASED,COST_BASED,false,false
1,baseline,1,2033,0.0,0.08276643990929705,NATURAL_GAS_BOILER,PRIVATELY_RENTED,49454,3011,5459,97763,5913,0.0,0.0,0.0,1638.8643666497549,0.0,MEDIUM,MEDIUM,MEDIUM,5,COST_BASED,COST_BASED,false,false
1,baseline,1,2034,0.0,0.10090702947845805,NATURAL_GAS_BOILER,PRIVATELY_RENTED,46996,2687,5145,100450,5586,0.0,0.0,0.0,1675.3650196920873,0.0,MEDIUM,MEDIUM,MEDIUM,5,COST_BASED,COST_BASED,false,false
1,baseline,1,2035,0.0,0.11678004535147392,NATURAL_GAS_BOILER,PRIVATELY_RENTED,44405,2621,5212,103071,5734,0.0,0.0,0.0,1668.832577607255,0.0,MEDIUM,MEDIUM,MEDIUM,5,COST_BASED,COST_BASED,false,false
1,baseline,1,2036,0.0,0.1349206349206349,NATURAL_GAS_BOILER,PRIVATELY_RENTED,41672,2472,5205,105543,5694,0.0,0.0,0.0,1664.3386020372322,0.0,MEDIUM,MEDIUM,MEDIUM,5,COST_BASED,COST_BASED,false,false
1,baseline,1,2037,0.0,0.14285714285714285,NATURAL_GAS_BOILER,PRIVATELY_RENTED,39644,2675,4703,108218,5430,0.0,0.0,0.0,1568.3132596685082,0.0,MEDIUM,MEDIUM,MEDIUM,5,COST_BASED,COST_BASED,false,false
1,baseline,1,2038,0.0,0.15306122448979592,NATURAL_GAS_BOILER,PRIVATELY_RENTED,37745,2553,4452,110771,5136,0.0,0.0,0.0,1571.1327881619939,0.0,MEDIUM,MEDIUM,MEDIUM,5,COST_BASED,COST_BASED,false,false
1,baseline,1,2039,0.0,0.16439909297052155,NATURAL_GAS_BOILER,PRIVATELY_RENTED,36098,2312,3959,113083,4655,0.0,0.0,0.0,1571.1357679914072,0.0,MEDIUM,MEDIUM,MEDIUM,5,COST_BASED,COST_BASED,false,false
1,baseline,1,2040,0.0,0.18253968253968253,NATURAL_GAS_BOILER,PRIVATELY_RENTED,34364,2263,3997,115346,5242,0.0,0.0,0.0,1647.1564288439527,0.0,MEDIUM,MEDIUM,MEDIUM,5,COST_BASED,COST_BASED,false,false
1,baseline,1,2041,0.0,0.19047619047619047,NATURAL_GAS_BOILER,PRIVATELY_RENTED,32838,2129,3655,117475,5152,0.0,0.0,0.0,1658.3557841614906,0.0,MEDIUM,MEDIUM,MEDIUM,5,COST_BASED,COST_BASED,false,false
1,baseline,1,2042,0.0,0.20861678004535147,NATURAL_GAS_BOILER,PRIVATELY_RENTED,31421,2012,3429,119487,5132,0.0,0.0,0.0,1668.8191738113796,0.0,MEDIUM,MEDIUM,MEDIUM,5,COST_BASED,COST_BASED,false,false
1,baseline,1,2043,0.0,0.22448979591836735,NATURAL_GAS_BOILER,PRIVATELY_RENTED,30108,2013,3326,121500,5309,0.0,0.0,0.0,1672.1909964211716,0.0,MEDIUM,MEDIUM,MEDIUM,5,COST_BASED,COST_BASED,false,false
1,baseline,1,2044,0.0,0.23015873015873015,NATURAL_GAS_BOILER,PRIVATELY_RENTED,28875,2127,3360,123627,5526,0.0,0.0,0.0,1615.526420557365,0.0,MEDIUM,MEDIUM,MEDIUM,5,COST_BASED,COST_BASED,false,false
1,baseline,1,2045,0.0,0.23015873015873015,NATURAL_GAS_BOILER,PRIVATELY_RENTED,27765,1901,3011,125528,5473,0.0,0.0,0.0,1643.8103416773251,0.0,MEDIUM,MEDIUM,MEDIUM,5,COST_BASED,COST_BASED,false,false
1,baseline,1,2046,0.0,0.23015873015873015,NATURAL_GAS_BOILER,PRIVATELY_RENTED,26717,1639,2687,127167,5202,0.0,0.0,0.0,1680.930795847751,0.0,MEDIUM,MEDIUM,MEDIUM,5,COST_BASED,COST_BASED,false,false
1,baseline,1,2047,0.0,0.23015873015873015,NATURAL_GAS_BOILER,PRIVATELY_RENTED,25724,1628,2621,128795,5334,0.0,0.0,0.0,1655.5684289463818,0.0,MEDIUM,MEDIUM,MEDIUM,5,COST_BASED,COST_BASED,false,false
1,baseline,1,2048,0.0,0.23015873015873015,NATURAL_GAS_BOILER,PRIVATELY_RENTED,24817,1565,2472,130360,5367,0.0,0.0,0.0,1666.9269610583194,0.0,MEDIUM,MEDIUM,MEDIUM,5,COST_BASED,COST_BASED,false,false
1,baseline,1,2049,0.0,0.23015873015873015,NATURAL_GAS_BOILER,PRIVATELY_RENTED,23830,1688,2675,132048,5645,0.0,0.0,0.0,1649.1153232949514,0.0,MEDIUM,MEDIUM,MEDIUM,5,COST_BASED,COST_BASED,false,false
1,baseline,1,2050,0.0,0.23015873015873015,NATURAL_GAS_BOILER,PRIVATELY_RENTED,22963,1686,2553,133734,5748,0.0,0.0,0.0,1665.8101948503827,0.0,MEDIUM,MEDIUM,MEDIUM,5,COST_BASED,COST_BASED,false,false
1,baseline,1,2024,0.0,0.0,NATURAL_GAS_BOILER,HOME_OWNER_ASSOCIATION,0,0,0,0,0,0.0,0.0,0.0,0.0,0.0,MEDIUM,MEDIUM,MEDIUM,5,COST_BASED,COST_BASED,false,false
1,baseline,1,2025,0.0,0.024943310657596373,NATURAL_GAS_BOILER,HOME_OWNER_ASSOCIATION,511,511,0,511,511,0.0,0.0,0.0,1294.2133072407046,0.0,MEDIUM,MEDIUM,MEDIUM,5,COST_BASED,COST_BASED,false,false
1,baseline,1,2026,0.0,0.024943310657596373,NATURAL_GAS_BOILER,HOME_OWNER_ASSOCIATION,2171,1660,0,2171,1660,0.0,0.0,0.0,1194.489156626506,0.0,MEDIUM,MEDIUM,MEDIUM,5,COST_BASED,COST_BASED,false,false
1,baseline,1,2027,0.0,0.024943310657596373,NATURAL_GAS_BOILER,HOME_OWNER_ASSOCIATION,4291,2120,0,4291,2146,0.0,0.0,0.0,1189.428238583411,0.0,MEDIUM,MEDIUM,MEDIUM,5,COST_BASED,COST_BASED,false,false
1,baseline,1,2028,0.0,0.024943310657596373,NATURAL_GAS_BOILER,HOME_OWNER_ASSOCIATION,5594,1303,0,5594,1537,0.0,0.0,0.0,1216.7026675341574,0.0,MEDIUM,MEDIUM,MEDIUM,5,COST_BASED,COST_BASED,false,false
1,baseline,1,2029,0.0,0.024943310657596373,NATURAL_GAS_BOILER,HOME_OWNER_ASSOCIATION,9401,3807,0,9401,4288,0.0,0.0,0.0,1174.818796641791,0.0,MEDIUM,MEDIUM,MEDIUM,5,COST_BASED,COST_BASED,false,false
1,baseline,1,2030,0.0,0.045351473922902494,NATURAL_GAS_BOILER,HOME_OWNER_ASSOCIATION,12030,2629,0,12030,2647,0.0,0.0,0.0,1280.709860219116,0.0,MEDIUM,MEDIUM,MEDIUM,5,COST_BASED,COST_BASED,false,false
1,baseline,1,2031,0.0,0.061224489795918366,NATURAL_GAS_BOILER,HOME_OWNER_ASSOCIATION,13765,1735,0,13765,2613,0.0,0.0,0.0,1191.1932644469957,0.0,MEDIUM,MEDIUM,MEDIUM,5,COST_BASED,COST_BASED,false,false
1,baseline,1,2032,0.0,0.07369614512471655,NATURAL_GAS_BOILER,HOME_OWNER_ASSOCIATION,15484,1719,0,15484,3561,0.0,0.0,0.0,1205.2094917158101,0.0,MEDIUM,MEDIUM,MEDIUM,5,COST_BASED,COST_BASED,false,false
1,baseline,1,2033,0.0,0.08276643990929705,NATURAL_GAS_BOILER,HOME_OWNER_ASSOCIATION,16941,1457,0,16941,1863,0.0,0.0,0.0,1155.9232420826625,0.0,MEDIUM,MEDIUM,MEDIUM,5,COST_BASED,COST_BASED,false,false
1,baseline,1,2034,0.0,0.10090702947845805,NATURAL_GAS_BOILER,HOME_OWNER_ASSOCIATION,17466,525,0,17466,1070,0.0,0.0,0.0,1324.4915887850468,0.0,MEDIUM,MEDIUM,MEDIUM,5,COST_BASED,COST_BASED,false,false
1,baseline,1,2035,0.0,0.11678004535147392,NATURAL_GAS_BOILER,HOME_OWNER_ASSOCIATION,19140,1674,0,19140,2193,0.0,0.0,0.0,1171.5763793889648,0.0,MEDIUM,MEDIUM,MEDIUM,5,COST_BASED,COST_BASED,false,false
1,baseline,1,2036,0.0,0.1349206349206349,NATURAL_GAS_BOILER,HOME_OWNER_ASSOCIATION,20270,1130,0,20270,1683,0.0,0.0,0.0,1170.678550207962,0.0,MEDIUM,MEDIUM,MEDIUM,5,COST_BASED,COST_BASED,false,false
1,baseline,1,2037,0.0,0.14285714285714285,NATURAL_GAS_BOILER,HOME_OWNER_ASSOCIATION,20146,387,511,20657,511,0.0,0.0,0.0,1292.7671232876712,0.0,MEDIUM,MEDIUM,MEDIUM,5,COST_BASED,COST_BASED,false,false
1,baseline,1,2038,0.0,0.15306122448979592,NATURAL_GAS_BOILER,HOME_OWNER_ASSOCIATION,19867,1381,1660,22038,1660,0.0,0.0,0.0,1193.3259036144577,0.0,MEDIUM,MEDIUM,MEDIUM,5,COST_BASED,COST_BASED,false,false
1,baseline,1,2039,0.0,0.16439909297052155,NATURAL_GAS_BOILER,HOME_OWNER_ASSOCIATION,19586,1839,2120,23877,2129,0.0,0.0,0.0,1183.1540629403476,0.0,MEDIUM,MEDIUM,MEDIUM,5,COST_BASED,COST_BASED,false,false
1,baseline,1,2040,0.0,0.18253968253968253,NATURAL_GAS_BOILER,HOME_OWNER_ASSOCIATION,18969,686,1303,24563,1303,0.0,0.0,0.0,1253.590176515733,0.0,MEDIUM,MEDIUM,MEDIUM,5,COST_BASED,COST_BASED,false,false
1,baseline,1,2041,0.0,0.19047619047619047,NATURAL_GAS_BOILER,HOME_OWNER_ASSOCIATION,18435,3273,3807,27836,3807,0.0,0.0,0.0,1161.6892566325191,0.0,MEDIUM,MEDIUM,MEDIUM,5,COST_BASED,COST_BASED,false,false
1,baseline,1,2042,0.0,0.20861678004535147,NATURAL_GAS_BOILER,HOME_OWNER_ASSOCIATION,17345,1539,2629,29375,2646,0.0,0.0,0.0,1284.6878306878307,0.0,MEDIUM,MEDIUM,MEDIUM,5,COST_BASED,COST_BASED,false,false
1,baseline,1,2043,0.0,0.22448979591836735,NATURAL_GAS_BOILER,HOME_OWNER_ASSOCIATION,16369,759,1735,30134,1969,0.0,0.0,0.0,1208.336719146775,0.0,MEDIUM,MEDIUM,MEDIUM,5,COST_BASED,COST_BASED,false,false
1,baseline,1,2044,0.0,0.23015873015873015,NATURAL_GAS_BOILER,HOME_OWNER_ASSOCIATION,15661,1011,1719,31145,2328,0.0,0.0,0.0,1254.6013745704468,0.0,MEDIUM,MEDIUM,MEDIUM,5,COST_BASED,COST_BASED,false,false
1,baseline,1,2045,0.0,0.23015873015873015,NATURAL_GAS_BOILER,HOME_OWNER_ASSOCIATION,15308,1104,1457,32249,1478,0.0,0.0,0.0,1156.9208389715832,0.0,MEDIUM,MEDIUM,MEDIUM,5,COST_BASED,COST_BASED,false,false
1,baseline,1,2046,0.0,0.23015873015873015,NATURAL_GAS_BOILER,HOME_OWNER_ASSOCIATION,15141,358,525,32607,1403,0.0,0.0,0.0,1140.0199572344975,0.0,MEDIUM,MEDIUM,MEDIUM,5,COST_BASED,COST_BASED,false,false
1,baseline,1,2047,0.0,0.23015873015873015,NATURAL_GAS_BOILER,HOME_OWNER_ASSOCIATION,14089,622,1674,33229,3388,0.0,0.0,0.0,1149.7582644628098,0.0,MEDIUM,MEDIUM,MEDIUM,5,COST_BASED,COST_BASED,false,false
1,baseline,1,2048,0.0,0.23015873015873015,NATURAL_GAS_BOILER,HOME_OWNER_ASSOCIATION,13526,567,1130,33796,1534,0.0,0.0,0.0,1156.138852672751,0.0,MEDIUM,MEDIUM,MEDIUM,5,COST_BASED,COST_BASED,false,false
1,baseline,1,2049,0.0,0.23015873015873015,NATURAL_GAS_BOILER,HOME_OWNER_ASSOCIATION,13194,55,387,33851,932,0.0,0.0,0.0,1369.9935622317596,0.0,MEDIUM,MEDIUM,MEDIUM,5,COST_BASED,COST_BASED,false,false
1,baseline,1,2050,0.0,0.23015873015873015,NATURAL_GAS_BOILER,HOME_OWNER_ASSOCIATION,12478,665,1381,34516,1903,0.0,0.0,0.0,1208.2832369942196,0.0,MEDIUM,MEDIUM,MEDIUM,5,COST_BASED,COST_BASED,false,false
1,baseline,1,2024,0.0,0.0,NATURAL_GAS_BLOCK,TOTAL,29886,29886,0,29886,0,0.0,0.0,0.0,0.0,0.0,MEDIUM,MEDIUM,MEDIUM,5,COST_BASED,COST_BASED,false,false
1,baseline,1,2025,0.0,0.024943310657596373,NATURAL_GAS_BLOCK,TOTAL,29645,270,511,30156,98228,0.2852511647419282,0.5288593074918573,6.531976649405394E-7,1926.7542859469804,0.7219760884026635,MEDIUM,MEDIUM,MEDIUM,5,COST_BASED,COST_BASED,false,false
1,baseline,1,2026,0.0,0.024943310657596373,NATURAL_GAS_BLOCK,TOTAL,28143,253,1755,30409,94136,0.28812814847464224,0.5222089771755358,1.0854790490970926E-5,1903.938525112603,0.7112800717958431,MEDIUM,MEDIUM,MEDIUM,5,COST_BASED,COST_BASED,false,false
1,baseline,1,2027,0.0,0.024943310657596373,NATURAL_GAS_BLOCK,TOTAL,25886,273,2530,30682,95744,0.2933263728755056,0.5199530256539491,4.014070267175115E-5,1864.5687353776739,0.706592927674219,MEDIUM,MEDIUM,MEDIUM,5,COST_BASED,COST_BASED,false,false
1,baseline,1,2028,0.0,0.024943310657596373,NATURAL_GAS_BLOCK,TOTAL,24482,233,1637,30915,84446,0.3010036190763086,0.5315314956507599,4.45487448603534E-5,1899.021836439855,0.7220407701139497,MEDIUM,MEDIUM,MEDIUM,5,COST_BASED,COST_BASED,false,false
1,baseline,1,2029,0.0,0.024943310657596373,NATURAL_GAS_BLOCK,TOTAL,19263,222,5441,31137,92239,0.3053168631948516,0.5179638576550162,4.534026647492124E-5,1843.3841867322933,0.7006109031505072,MEDIUM,MEDIUM,MEDIUM,5,COST_BASED,COST_BASED,false,false
1,baseline,1,2030,0.0,0.045351473922902494,NATURAL_GAS_BLOCK,TOTAL,16181,222,3304,31359,86145,0.31040094816945274,0.5199466359367602,3.405607066464232E-5,1837.2591560740611,0.7023154598539413,MEDIUM,MEDIUM,MEDIUM,5,COST_BASED,COST_BASED,false,false
1,baseline,1,2031,0.0,0.061224489795918366,NATURAL_GAS_BLOCK,TOTAL,13414,225,2992,31584,87372,0.3160654893115181,0.5236386772211884,4.647345734679573E-5,1801.1769102229548,0.706435834321724,MEDIUM,MEDIUM,MEDIUM,5,COST_BASED,COST_BASED,false,false
1,baseline,1,2032,0.0,0.07369614512471655,NATURAL_GAS_BLOCK,TOTAL,9619,352,4147,31936,75825,0.31728194881464133,0.5256270359619113,5.476466159076047E-5,1818.2262710187933,0.7091132211565145,MEDIUM,MEDIUM,MEDIUM,5,COST_BASED,COST_BASED,false,false
1,baseline,1,2033,0.0,0.08276643990929705,NATURAL_GAS_BLOCK,TOTAL,7679,284,2224,32220,71200,0.3189807922250664,0.5329030328690362,7.238262053370291E-5,1787.8898595505618,0.719600303419719,MEDIUM,MEDIUM,MEDIUM,5,COST_BASED,COST_BASED,false,false
1,baseline,1,2034,0.0,0.10090702947845805,NATURAL_GAS_BLOCK,TOTAL,6819,210,1070,32430,65503,0.32339271044541573,0.5334284149369359,9.801524050559644E-5,1839.315161137658,0.7192821928889884,MEDIUM,MEDIUM,MEDIUM,5,COST_BASED,COST_BASED,false,false
1,baseline,1,2035,0.0,0.11678004535147392,NATURAL_GAS_BLOCK,TOTAL,4788,205,2236,32635,64081,0.329705864443759,0.5328921274006673,1.1628520125146803E-4,1803.2333609026077,0.7168971893399005,MEDIUM,MEDIUM,MEDIUM,5,COST_BASED,COST_BASED,false,false
1,baseline,1,2036,0.0,0.1349206349206349,NATURAL_GAS_BLOCK,TOTAL,2938,193,2043,32828,54434,0.3357765334422509,0.541375675266956,1.2749257259125378E-4,1818.0429143549986,0.7281034429683063,MEDIUM,MEDIUM,MEDIUM,5,COST_BASED,COST_BASED,false,false
1,baseline,1,2037,0.0,0.14285714285714285,NATURAL_GAS_BLOCK,TOTAL,2874,209,273,33037,51889,0.3230765900065973,0.5238451513762177,1.0186799058666768E-4,1865.044691553123,0.7049858460638622,MEDIUM,MEDIUM,MEDIUM,5,COST_BASED,COST_BASED,false,false
1,baseline,1,2038,0.0,0.15306122448979592,NATURAL_GAS_BLOCK,TOTAL,2809,188,253,33225,52339,0.3040410858241476,0.5238631956402922,7.122614146247884E-5,1906.515160778769,0.709775618736717,MEDIUM,MEDIUM,MEDIUM,5,COST_BASED,COST_BASED,false,false
1,baseline,1,2039,0.0,0.16439909297052155,NATURAL_GAS_BLOCK,TOTAL,2734,194,269,33419,64393,0.2789431115965269,0.5126642823101771,4.11180205013186E-5,1885.4602984796484,0.6992555058135669,MEDIUM,MEDIUM,MEDIUM,5,COST_BASED,COST_BASED,false,false
1,baseline,1,2040,0.0,0.18253968253968253,NATURAL_GAS_BLOCK,TOTAL,2674,170,230,33589,62489,0.25955043918092857,0.5119069493384831,5.3626641514301734E-5,1975.0359103202163,0.7029661108823045,MEDIUM,MEDIUM,MEDIUM,5,COST_BASED,COST_BASED,false,false
1,baseline,1,2041,0.0,0.19047619047619047,NATURAL_GAS_BLOCK,TOTAL,2645,197,226,33786,75791,0.24772833825285223,0.5043309620722057,4.963132859776157E-5,1913.9776886437703,0.6945581546290112,MEDIUM,MEDIUM,MEDIUM,5,COST_BASED,COST_BASED,false,false
1,baseline,1,2042,0.0,0.20861678004535147,NATURAL_GAS_BLOCK,TOTAL,2594,171,222,33957,80031,0.24320156760622283,0.5017247135085491,4.168097810991837E-5,1928.5906586197848,0.6917814682390148,MEDIUM,MEDIUM,MEDIUM,5,COST_BASED,COST_BASED,false,false
1,baseline,1,2043,0.0,0.22448979591836735,NATURAL_GAS_BLOCK,TOTAL,2547,176,223,34133,90650,0.2462301540500185,0.5146489949921894,2.5038124369987653E-5,1897.445747380033,0.7104128242102377,MEDIUM,MEDIUM,MEDIUM,5,COST_BASED,COST_BASED,false,false
1,baseline,1,2044,0.0,0.23015873015873015,NATURAL_GAS_BLOCK,TOTAL,2505,311,353,34444,96831,0.2558099056312201,0.5085903282558986,2.40272284538079E-5,1934.4924456010988,0.6989300125724857,MEDIUM,MEDIUM,MEDIUM,5,COST_BASED,COST_BASED,false,false
1,baseline,1,2045,0.0,0.23015873015873015,NATURAL_GAS_BLOCK,TOTAL,2452,232,285,34676,99706,0.25585416066450806,0.515469021570254,1.4122353869814009E-5,1920.79420496259,0.7092382268950206,MEDIUM,MEDIUM,MEDIUM,5,COST_BASED,COST_BASED,false,false
1,baseline,1,2046,0.0,0.23015873015873015,NATURAL_GAS_BLOCK,TOTAL,2402,159,209,34835,103069,0.260655713911551,0.5113178407974344,1.2173730447888097E-5,1933.9544479911515,0.7018113110019731,MEDIUM,MEDIUM,MEDIUM,5,COST_BASED,COST_BASED,false,false
1,baseline,1,2047,0.0,0.23015873015873015,NATURAL_GAS_BLOCK,TOTAL,2387,187,202,35022,110620,0.2686241295026016,0.5176034000610199,1.5405235548342423E-5,1910.778105225095,0.7092471420614309,MEDIUM,MEDIUM,MEDIUM,5,COST_BASED,COST_BASED,false,false
1,baseline,1,2048,0.0,0.23015873015873015,NATURAL_GAS_BLOCK,TOTAL,2358,164,193,35186,111535,0.2767946733898409,0.5290360418122815,2.1423404698798112E-5,1902.4014703904604,0.724352716445364,MEDIUM,MEDIUM,MEDIUM,5,COST_BASED,COST_BASED,false,false
1,baseline,1,2049,0.0,0.23015873015873015,NATURAL_GAS_BLOCK,TOTAL,2312,163,209,35349,108683,0.28902714296544213,0.5257964643647604,2.1547390952874216E-5,1918.8563344773331,0.7164352173819143,MEDIUM,MEDIUM,MEDIUM,5,COST_BASED,COST_BASED,false,false
1,baseline,1,2050,0.0,0.23015873015873015,NATURAL_GAS_BLOCK,TOTAL,2286,163,189,35512,106764,0.30035542864396364,0.5269073574242981,1.9123627265296128E-5,1894.6455172155408,0.7152697885220575,MEDIUM,MEDIUM,MEDIUM,5,COST_BASED,COST_BASED,false,false
1,baseline,1,2024,0.0,0.0,NATURAL_GAS_BLOCK,PRIVATELY_OWNED,0,0,0,0,0,0.0,0.0,0.0,0.0,0.0,MEDIUM,MEDIUM,MEDIUM,5,COST_BASED,COST_BASED,false,false
1,baseline,1,2025,0.0,0.024943310657596373,NATURAL_GAS_BLOCK,PRIVATELY_OWNED,1,1,0,1,84357,0.2852511647419282,0.5288593074918573,6.531976649405394E-7,1984.3263273942885,0.7219760884026635,MEDIUM,MEDIUM,MEDIUM,5,COST_BASED,COST_BASED,false,false
1,baseline,1,2026,0.0,0.024943310657596373,NATURAL_GAS_BLOCK,PRIVATELY_OWNED,5,4,0,5,79805,0.28812814847464224,0.5222089771755358,1.0854790490970926E-5,1963.713940229309,0.7112800717958431,MEDIUM,MEDIUM,MEDIUM,5,COST_BASED,COST_BASED,false,false
1,baseline,1,2027,0.0,0.024943310657596373,NATURAL_GAS_BLOCK,PRIVATELY_OWNED,9,4,0,9,77046,0.2933263728755056,0.5199530256539491,4.014070267175115E-5,1952.8882745372894,0.706592927674219,MEDIUM,MEDIUM,MEDIUM,5,COST_BASED,COST_BASED,false,false
1,baseline,1,2028,0.0,0.024943310657596373,NATURAL_GAS_BLOCK,PRIVATELY_OWNED,12,3,0,12,73143,0.3010036190763086,0.5315314956507599,4.45487448603534E-5,1944.6428229632363,0.7220407701139497,MEDIUM,MEDIUM,MEDIUM,5,COST_BASED,COST_BASED,false,false
1,baseline,1,2029,0.0,0.024943310657596373,NATURAL_GAS_BLOCK,PRIVATELY_OWNED,12,0,0,12,71405,0.3053168631948516,0.5179638576550162,4.534026647492124E-5,1944.4494643232267,0.7006109031505072,MEDIUM,MEDIUM,MEDIUM,5,COST_BASED,COST_BASED,false,false
1,baseline,1,2030,0.0,0.045351473922902494,NATURAL_GAS_BLOCK,PRIVATELY_OWNED,12,0,0,12,67197,0.31040094816945274,0.5199466359367602,3.405607066464232E-5,1923.509085227019,0.7023154598539413,MEDIUM,MEDIUM,MEDIUM,5,COST_BASED,COST_BASED,false,false
1,baseline,1,2031,0.0,0.061224489795918366,NATURAL_GAS_BLOCK,PRIVATELY_OWNED,16,4,0,16,63059,0.3160654893115181,0.5236386772211884,4.647345734679573E-5,1914.9161737420511,0.706435834321724,MEDIUM,MEDIUM,MEDIUM,5,COST_BASED,COST_BASED,false,false
1,baseline,1,2032,0.0,0.07369614512471655,NATURAL_GAS_BLOCK,PRIVATELY_OWNED,17,1,0,17,61137,0.31728194881464133,0.5256270359619113,5.476466159076047E-5,1892.0491355480315,0.7091132211565145,MEDIUM,MEDIUM,MEDIUM,5,COST_BASED,COST_BASED,false,false
1,baseline,1,2033,0.0,0.08276643990929705,NATURAL_GAS_BLOCK,PRIVATELY_OWNED,18,1,0,18,54829,0.3189807922250664,0.5329030328690362,7.238262053370291E-5,1872.8069634682377,0.719600303419719,MEDIUM,MEDIUM,MEDIUM,5,COST_BASED,COST_BASED,false,false
1,baseline,1,2034,0.0,0.10090702947845805,NATURAL_GAS_BLOCK,PRIVATELY_OWNED,20,2,0,20,51803,0.32339271044541573,0.5334284149369359,9.801524050559644E-5,1908.078258015945,0.7192821928889884,MEDIUM,MEDIUM,MEDIUM,5,COST_BASED,COST_BASED,false,false
1,baseline,1,2035,0.0,0.11678004535147392,NATURAL_GAS_BLOCK,PRIVATELY_OWNED,22,3,1,23,46126,0.329705864443759,0.5328921274006673,1.1628520125146803E-4,1914.1695789793175,0.7168971893399005,MEDIUM,MEDIUM,MEDIUM,5,COST_BASED,COST_BASED,false,false
1,baseline,1,2036,0.0,0.1349206349206349,NATURAL_GAS_BLOCK,PRIVATELY_OWNED,19,0,3,23,39092,0.3357765334422509,0.541375675266956,1.2749257259125378E-4,1918.9461270848255,0.7281034429683063,MEDIUM,MEDIUM,MEDIUM,5,COST_BASED,COST_BASED,false,false
1,baseline,1,2037,0.0,0.14285714285714285,NATURAL_GAS_BLOCK,PRIVATELY_OWNED,15,0,4,23,38349,0.3230765900065973,0.5238451513762177,1.0186799058666768E-4,1978.9138178309734,0.7049858460638622,MEDIUM,MEDIUM,MEDIUM,5,COST_BASED,COST_BASED,false,false
1,baseline,1,2038,0.0,0.15306122448979592,NATURAL_GAS_BLOCK,PRIVATELY_OWNED,11,0,4,23,40381,0.3040410858241476,0.5238631956402922,7.122614146247884E-5,2017.5794556846042,0.709775618736717,MEDIUM,MEDIUM,MEDIUM,5,COST_BASED,COST_BASED,false,false
1,baseline,1,2039,0.0,0.16439909297052155,NATURAL_GAS_BLOCK,PRIVATELY_OWNED,11,0,0,23,47100,0.2789431115965269,0.5126642823101771,4.11180205013186E-5,2041.6877919320596,0.6992555058135669,MEDIUM,MEDIUM,MEDIUM,5,COST_BASED,COST_BASED,false,false
1,baseline,1,2040,0.0,0.18253968253968253,NATURAL_GAS_BLOCK,PRIVATELY_OWNED,12,1,0,24,52645,0.25955043918092857,0.5119069493384831,5.3626641514301734E-5,2047.6291385696647,0.7029661108823045,MEDIUM,MEDIUM,MEDIUM,5,COST_BASED,COST_BASED,false,false
1,baseline,1,2041,0.0,0.19047619047619047,NATURAL_GAS_BLOCK,PRIVATELY_OWNED,10,2,4,26,58670,0.24772833825285223,0.5043309620722057,4.963132859776157E-5,2042.6540821544231,0.6945581546290112,MEDIUM,MEDIUM,MEDIUM,5,COST_BASED,COST_BASED,false,false
1,baseline,1,2042,0.0,0.20861678004535147,NATURAL_GAS_BLOCK,PRIVATELY_OWNED,10,0,0,26,64240,0.24320156760622283,0.5017247135085491,4.168097810991837E-5,2032.2125778331258,0.6917814682390148,MEDIUM,MEDIUM,MEDIUM,5,COST_BASED,COST_BASED,false,false
1,baseline,1,2043,0.0,0.22448979591836735,NATURAL_GAS_BLOCK,PRIVATELY_OWNED,8,0,2,26,69009,0.2462301540500185,0.5146489949921894,2.5038124369987653E-5,2020.8496138184873,0.7104128242102377,MEDIUM,MEDIUM,MEDIUM,5,COST_BASED,COST_BASED,false,false
1,baseline,1,2044,0.0,0.23015873015873015,NATURAL_GAS_BLOCK,PRIVATELY_OWNED,6,0,2,26,80946,0.2558099056312201,0.5085903282558986,2.40272284538079E-5,2011.759321028834,0.6989300125724857,MEDIUM,MEDIUM,MEDIUM,5,COST_BASED,COST_BASED,false,false
1,baseline,1,2045,0.0,0.23015873015873015,NATURAL_GAS_BLOCK,PRIVATELY_OWNED,4,0,2,26,84362,0.25585416066450806,0.515469021570254,1.4122353869814009E-5,1989.995294089756,0.7092382268950206,MEDIUM,MEDIUM,MEDIUM,5,COST_BASED,COST_BASED,false,false
1,baseline,1,2046,0.0,0.23015873015873015,NATURAL_GAS_BLOCK,PRIVATELY_OWNED,3,0,1,26,89571,0.260655713911551,0.5113178407974344,1.2173730447888097E-5,1987.492916234049,0.7018113110019731,MEDIUM,MEDIUM,MEDIUM,5,COST_BASED,COST_BASED,false,false
1,baseline,1,2047,0.0,0.23015873015873015,NATURAL_GAS_BLOCK,PRIVATELY_OWNED,5,2,0,28,95454,0.2686241295026016,0.5176034000610199,1.5405235548342423E-5,1979.2203888784127,0.7092471420614309,MEDIUM,MEDIUM,MEDIUM,5,COST_BASED,COST_BASED,false,false
1,baseline,1,2048,0.0,0.23015873015873015,NATURAL_GAS_BLOCK,PRIVATELY_OWNED,5,0,0,28,95900,0.2767946733898409,0.5290360418122815,2.1423404698798112E-5,1963.7033576642336,0.724352716445364,MEDIUM,MEDIUM,MEDIUM,5,COST_BASED,COST_BASED,false,false
1,baseline,1,2049,0.0,0.23015873015873015,NATURAL_GAS_BLOCK,PRIVATELY_OWNED,5,0,0,28,96652,0.28902714296544213,0.5257964643647604,2.1547390952874216E-5,1961.5042627157225,0.7164352173819143,MEDIUM,MEDIUM,MEDIUM,5,COST_BASED,COST_BASED,false,false
1,baseline,1,2050,0.0,0.23015873015873015,NATURAL_GAS_BLOCK,PRIVATELY_OWNED,4,0,1,28,92255,0.30035542864396364,0.5269073574242981,1.9123627265296128E-5,1948.1539428757249,0.7152697885220575,MEDIUM,MEDIUM,MEDIUM,5,COST_BASED,COST_BASED,false,false
1,baseline,1,2024,0.0,0.0,NATURAL_GAS_BLOCK,SOCIAL_HOUSING,4114,4114,0,4114,0,0.0,0.0,0.0,0.0,0.0,MEDIUM,MEDIUM,MEDIUM,5,COST_BASED,COST_BASED,false,false
1,baseline,1,2025,0.0,0.024943310657596373,NATURAL_GAS_BLOCK,SOCIAL_HOUSING,4114,0,0,4114,7418,0.0,0.0,0.0,1542.071313022378,0.0,MEDIUM,MEDIUM,MEDIUM,5,COST_BASED,COST_BASED,false,false
1,baseline,1,2026,0.0,0.024943310657596373,NATURAL_GAS_BLOCK,SOCIAL_HOUSING,4019,0,95,4114,6779,0.0,0.0,0.0,1580.4733736539313,0.0,MEDIUM,MEDIUM,MEDIUM,5,COST_BASED,COST_BASED,false,false
1,baseline,1,2027,0.0,0.024943310657596373,NATURAL_GAS_BLOCK,SOCIAL_HOUSING,3635,0,384,4114,10932,0.0,0.0,0.0,1477.043358946213,0.0,MEDIUM,MEDIUM,MEDIUM,5,COST_BASED,COST_BASED,false,false
1,baseline,1,2028,0.0,0.024943310657596373,NATURAL_GAS_BLOCK,SOCIAL_HOUSING,3535,0,100,4114,3846,0.0,0.0,0.0,1656.935517420697,0.0,MEDIUM,MEDIUM,MEDIUM,5,COST_BASED,COST_BASED,false,false
1,baseline,1,2029,0.0,0.024943310657596373,NATURAL_GAS_BLOCK,SOCIAL_HOUSING,2382,0,1153,4114,10809,0.0,0.0,0.0,1541.4641502451661,0.0,MEDIUM,MEDIUM,MEDIUM,5,COST_BASED,COST_BASED,false,false
1,baseline,1,2030,0.0,0.045351473922902494,NATURAL_GAS_BLOCK,SOCIAL_HOUSING,1725,0,657,4114,10531,0.0,0.0,0.0,1512.5103978729464,0.0,MEDIUM,MEDIUM,MEDIUM,5,COST_BASED,COST_BASED,false,false
1,baseline,1,2031,0.0,0.061224489795918366,NATURAL_GAS_BLOCK,SOCIAL_HOUSING,1346,0,379,4114,15907,0.0,0.0,0.0,1496.307726158295,0.0,MEDIUM,MEDIUM,MEDIUM,5,COST_BASED,COST_BASED,false,false
1,baseline,1,2032,0.0,0.07369614512471655,NATURAL_GAS_BLOCK,SOCIAL_HOUSING,760,0,586,4114,5104,0.0,0.0,0.0,1578.7915360501568,0.0,MEDIUM,MEDIUM,MEDIUM,5,COST_BASED,COST_BASED,false,false
1,baseline,1,2033,0.0,0.08276643990929705,NATURAL_GAS_BLOCK,SOCIAL_HOUSING,399,0,361,4114,8595,0.0,0.0,0.0,1484.706457242583,0.0,MEDIUM,MEDIUM,MEDIUM,5,COST_BASED,COST_BASED,false,false
1,baseline,1,2034,0.0,0.10090702947845805,NATURAL_GAS_BLOCK,SOCIAL_HOUSING,399,0,0,4114,7044,0.0,0.0,0.0,1540.7285633162976,0.0,MEDIUM,MEDIUM,MEDIUM,5,COST_BASED,COST_BASED,false,false
1,baseline,1,2035,0.0,0.11678004535147392,NATURAL_GAS_BLOCK,SOCIAL_HOUSING,357,0,42,4114,10028,0.0,0.0,0.0,1507.0218388512167,0.0,MEDIUM,MEDIUM,MEDIUM,5,COST_BASED,COST_BASED,false,false
1,baseline,1,2036,0.0,0.1349206349206349,NATURAL_GAS_BLOCK,SOCIAL_HOUSING,0,0,357,4114,7965,0.0,0.0,0.0,1568.3276836158193,0.0,MEDIUM,MEDIUM,MEDIUM,5,COST_BASED,COST_BASED,false,false
1,baseline,1,2037,0.0,0.14285714285714285,NATURAL_GAS_BLOCK,SOCIAL_HOUSING,0,0,0,4114,7599,0.0,0.0,0.0,1539.9324911172523,0.0,MEDIUM,MEDIUM,MEDIUM,5,COST_BASED,COST_BASED,false,false
1,baseline,1,2038,0.0,0.15306122448979592,NATURAL_GAS_BLOCK,SOCIAL_HOUSING,0,0,0,4114,5162,0.0,0.0,0.0,1599.108291359938,0.0,MEDIUM,MEDIUM,MEDIUM,5,COST_BASED,COST_BASED,false,false
1,baseline,1,2039,0.0,0.16439909297052155,NATURAL_GAS_BLOCK,SOCIAL_HOUSING,0,0,0,4114,10509,0.0,0.0,0.0,1465.9840137025408,0.0,MEDIUM,MEDIUM,MEDIUM,5,COST_BASED,COST_BASED,false,false
1,baseline,1,2040,0.0,0.18253968253968253,NATURAL_GAS_BLOCK,SOCIAL_HOUSING,0,0,0,4114,3299,0.0,0.0,0.0,1619.9481661109428,0.0,MEDIUM,MEDIUM,MEDIUM,5,COST_BASED,COST_BASED,false,false
1,baseline,1,2041,0.0,0.19047619047619047,NATURAL_GAS_BLOCK,SOCIAL_HOUSING,0,0,0,4114,8162,0.0,0.0,0.0,1499.8962264150944,0.0,MEDIUM,MEDIUM,MEDIUM,5,COST_BASED,COST_BASED,false,false
1,baseline,1,2042,0.0,0.20861678004535147,NATURAL_GAS_BLOCK,SOCIAL_HOUSING,0,0,0,4114,8013,0.0,0.0,0.0,1475.5831773368277,0.0,MEDIUM,MEDIUM,MEDIUM,5,COST_BASED,COST_BASED,false,false
1,baseline,1,2043,0.0,0.22448979591836735,NATURAL_GAS_BLOCK,SOCIAL_HOUSING,0,0,0,4114,14363,0.0,0.0,0.0,1481.597437861171,0.0,MEDIUM,MEDIUM,MEDIUM,5,COST_BASED,COST_BASED,false,false
1,baseline,1,2044,0.0,0.23015873015873015,NATURAL_GAS_BLOCK,SOCIAL_HOUSING,0,0,0,4114,8031,0.0,0.0,0.0,1570.9699912837755,0.0,MEDIUM,MEDIUM,MEDIUM,5,COST_BASED,COST_BASED,false,false
1,baseline,1,2045,0.0,0.23015873015873015,NATURAL_GAS_BLOCK,SOCIAL_HOUSING,0,0,0,4114,8393,0.0,0.0,0.0,1539.2666507804122,0.0,MEDIUM,MEDIUM,MEDIUM,5,COST_BASED,COST_BASED,false,false
1,baseline,1,2046,0.0,0.23015873015873015,NATURAL_GAS_BLOCK,SOCIAL_HOUSING,0,0,0,4114,6893,0.0,0.0,0.0,1589.5200928478166,0.0,MEDIUM,MEDIUM,MEDIUM,5,COST_BASED,COST_BASED,false,false
1,baseline,1,2047,0.0,0.23015873015873015,NATURAL_GAS_BLOCK,SOCIAL_HOUSING,0,0,0,4114,6444,0.0,0.0,0.0,1506.5853507138424,0.0,MEDIUM,MEDIUM,MEDIUM,5,COST_BASED,COST_BASED,false,false
1,baseline,1,2048,0.0,0.23015873015873015,NATURAL_GAS_BLOCK,SOCIAL_HOUSING,0,0,0,4114,8734,0.0,0.0,0.0,1504.0253034119532,0.0,MEDIUM,MEDIUM,MEDIUM,5,COST_BASED,COST_BASED,false,false
1,baseline,1,2049,0.0,0.23015873015873015,NATURAL_GAS_BLOCK,SOCIAL_HOUSING,0,0,0,4114,5454,0.0,0.0,0.0,1534.4165749908325,0.0,MEDIUM,MEDIUM,MEDIUM,5,COST_BASED,COST_BASED,false,false
1,baseline,1,2050,0.0,0.23015873015873015,NATURAL_GAS_BLOCK,SOCIAL_HOUSING,0,0,0,4114,6858,0.0,0.0,0.0,1555.6197142023914,0.0,MEDIUM,MEDIUM,MEDIUM,5,COST_BASED,COST_BASED,false,false
1,baseline,1,2024,0.0,0.0,NATURAL_GAS_BLOCK,PRIVATELY_RENTED,0,0,0,0,0,0.0,0.0,0.0,0.0,0.0,MEDIUM,MEDIUM,MEDIUM,5,COST_BASED,COST_BASED,false,false
1,baseline,1,2025,0.0,0.024943310657596373,NATURAL_GAS_BLOCK,PRIVATELY_RENTED,269,269,0,269,5942,0.0,0.0,0.0,1644.0552002692696,0.0,MEDIUM,MEDIUM,MEDIUM,5,COST_BASED,COST_BASED,false,false
1,baseline,1,2026,0.0,0.024943310657596373,NATURAL_GAS_BLOCK,PRIVATELY_RENTED,518,249,0,518,5892,0.0,0.0,0.0,1666.285471826205,0.0,MEDIUM,MEDIUM,MEDIUM,5,COST_BASED,COST_BASED,false,false
1,baseline,1,2027,0.0,0.024943310657596373,NATURAL_GAS_BLOCK,PRIVATELY_RENTED,778,260,0,778,5620,0.0,0.0,0.0,1665.26743772242,0.0,MEDIUM,MEDIUM,MEDIUM,5,COST_BASED,COST_BASED,false,false
1,baseline,1,2028,0.0,0.024943310657596373,NATURAL_GAS_BLOCK,PRIVATELY_RENTED,1008,230,0,1008,5920,0.0,0.0,0.0,1669.6609797297297,0.0,MEDIUM,MEDIUM,MEDIUM,5,COST_BASED,COST_BASED,false,false
1,baseline,1,2029,0.0,0.024943310657596373,NATURAL_GAS_BLOCK,PRIVATELY_RENTED,1230,222,0,1230,5737,0.0,0.0,0.0,1653.5942130033118,0.0,MEDIUM,MEDIUM,MEDIUM,5,COST_BASED,COST_BASED,false,false
1,baseline,1,2030,0.0,0.045351473922902494,NATURAL_GAS_BLOCK,PRIVATELY_RENTED,1452,222,0,1452,5770,0.0,0.0,0.0,1680.4871750433276,0.0,MEDIUM,MEDIUM,MEDIUM,5,COST_BASED,COST_BASED,false,false
1,baseline,1,2031,0.0,0.061224489795918366,NATURAL_GAS_BLOCK,PRIVATELY_RENTED,1673,221,0,1673,5793,0.0,0.0,0.0,1674.998964267219,0.0,MEDIUM,MEDIUM,MEDIUM,5,COST_BASED,COST_BASED,false,false
1,baseline,1,2032,0.0,0.07369614512471655,NATURAL_GAS_BLOCK,PRIVATELY_RENTED,1896,223,0,1896,6023,0.0,0.0,0.0,1633.6764071060934,0.0,MEDIUM,MEDIUM,MEDIUM,5,COST_BASED,COST_BASED,false,false
1,baseline,1,2033,0.0,0.08276643990929705,NATURAL_GAS_BLOCK,PRIVATELY_RENTED,2176,280,0,2176,5913,0.0,0.0,0.0,1639.9964485032979,0.0,MEDIUM,MEDIUM,MEDIUM,5,COST_BASED,COST_BASED,false,false
1,baseline,1,2034,0.0,0.10090702947845805,NATURAL_GAS_BLOCK,PRIVATELY_RENTED,2384,208,0,2384,5586,0.0,0.0,0.0,1676.5590762620839,0.0,MEDIUM,MEDIUM,MEDIUM,5,COST_BASED,COST_BASED,false,false
1,baseline,1,2035,0.0,0.11678004535147392,NATURAL_GAS_BLOCK,PRIVATELY_RENTED,2586,202,0,2586,5734,0.0,0.0,0.0,1670.0598186257412,0.0,MEDIUM,MEDIUM,MEDIUM,5,COST_BASED,COST_BASED,false,false
1,baseline,1,2036,0.0,0.1349206349206349,NATURAL_GAS_BLOCK,PRIVATELY_RENTED,2778,192,0,2778,5694,0.0,0.0,0.0,1665.6348788198104,0.0,MEDIUM,MEDIUM,MEDIUM,5,COST_BASED,COST_BASED,false,false
1,baseline,1,2037,0.0,0.14285714285714285,NATURAL_GAS_BLOCK,PRIVATELY_RENTED,2718,209,269,2987,5430,0.0,0.0,0.0,1569.5771639042357,0.0,MEDIUM,MEDIUM,MEDIUM,5,COST_BASED,COST_BASED,false,false
1,baseline,1,2038,0.0,0.15306122448979592,NATURAL_GAS_BLOCK,PRIVATELY_RENTED,2654,185,249,3172,5136,0.0,0.0,0.0,1572.4069314641745,0.0,MEDIUM,MEDIUM,MEDIUM,5,COST_BASED,COST_BASED,false,false
1,baseline,1,2039,0.0,0.16439909297052155,NATURAL_GAS_BLOCK,PRIVATELY_RENTED,2582,188,260,3360,4655,0.0,0.0,0.0,1572.4253490870033,0.0,MEDIUM,MEDIUM,MEDIUM,5,COST_BASED,COST_BASED,false,false
1,baseline,1,2040,0.0,0.18253968253968253,NATURAL_GAS_BLOCK,PRIVATELY_RENTED,2521,169,230,3529,5242,0.0,0.0,0.0,1648.4965661961085,0.0,MEDIUM,MEDIUM,MEDIUM,5,COST_BASED,COST_BASED,false,false
1,baseline,1,2041,0.0,0.19047619047619047,NATURAL_GAS_BLOCK,PRIVATELY_RENTED,2494,195,222,3724,5152,0.0,0.0,0.0,1659.704192546584,0.0,MEDIUM,MEDIUM,MEDIUM,5,COST_BASED,COST_BASED,false,false
1,baseline,1,2042,0.0,0.20861678004535147,NATURAL_GAS_BLOCK,PRIVATELY_RENTED,2443,171,222,3895,5132,0.0,0.0,0.0,1670.1878409976616,0.0,MEDIUM,MEDIUM,MEDIUM,5,COST_BASED,COST_BASED,false,false
1,baseline,1,2043,0.0,0.22448979591836735,NATURAL_GAS_BLOCK,PRIVATELY_RENTED,2398,176,221,4071,5309,0.0,0.0,0.0,1673.5690337163308,0.0,MEDIUM,MEDIUM,MEDIUM,5,COST_BASED,COST_BASED,false,false
1,baseline,1,2044,0.0,0.23015873015873015,NATURAL_GAS_BLOCK,PRIVATELY_RENTED,2358,183,223,4254,5526,0.0,0.0,0.0,1616.9024610930148,0.0,MEDIUM,MEDIUM,MEDIUM,5,COST_BASED,COST_BASED,false,false
1,baseline,1,2045,0.0,0.23015873015873015,NATURAL_GAS_BLOCK,PRIVATELY_RENTED,2302,224,280,4478,5473,0.0,0.0,0.0,1645.1759546866435,0.0,MEDIUM,MEDIUM,MEDIUM,5,COST_BASED,COST_BASED,false,false
1,baseline,1,2046,0.0,0.23015873015873015,NATURAL_GAS_BLOCK,PRIVATELY_RENTED,2253,159,208,4637,5202,0.0,0.0,0.0,1682.3266051518647,0.0,MEDIUM,MEDIUM,MEDIUM,5,COST_BASED,COST_BASED,false,false
1,baseline,1,2047,0.0,0.23015873015873015,NATURAL_GAS_BLOCK,PRIVATELY_RENTED,2236,185,202,4822,5334,0.0,0.0,0.0,1656.945069366329,0.0,MEDIUM,MEDIUM,MEDIUM,5,COST_BASED,COST_BASED,false,false
1,baseline,1,2048,0.0,0.23015873015873015,NATURAL_GAS_BLOCK,PRIVATELY_RENTED,2208,164,192,4986,5367,0.0,0.0,0.0,1668.3055710825415,0.0,MEDIUM,MEDIUM,MEDIUM,5,COST_BASED,COST_BASED,false,false
1,baseline,1,2049,0.0,0.23015873015873015,NATURAL_GAS_BLOCK,PRIVATELY_RENTED,2162,163,209,5149,5645,0.0,0.0,0.0,1650.4937112488929,0.0,MEDIUM,MEDIUM,MEDIUM,5,COST_BASED,COST_BASED,false,false
1,baseline,1,2050,0.0,0.23015873015873015,NATURAL_GAS_BLOCK,PRIVATELY_RENTED,2140,163,185,5312,5748,0.0,0.0,0.0,1667.1828462073765,0.0,MEDIUM,MEDIUM,MEDIUM,5,COST_BASED,COST_BASED,false,false
1,baseline,1,2024,0.0,0.0,NATURAL_GAS_BLOCK,HOME_OWNER_ASSOCIATION,25772,25772,0,25772,0,0.0,0.0,0.0,0.0,0.0,MEDIUM,MEDIUM,MEDIUM,5,COST_BASED,COST_BASED,false,false
1,baseline,1,2025,0.0,0.024943310657596373,NATURAL_GAS_BLOCK,HOME_OWNER_ASSOCIATION,25261,0,511,25772,511,0.0,0.0,0.0,1294.2133072407046,0.0,MEDIUM,MEDIUM,MEDIUM,5,COST_BASED,COST_BASED,false,false
1,baseline,1,2026,0.0,0.024943310657596373,NATURAL_GAS_BLOCK,HOME_OWNER_ASSOCIATION,23601,0,1660,25772,1660,0.0,0.0,0.0,1194.6885542168675,0.0,MEDIUM,MEDIUM,MEDIUM,5,COST_BASED,COST_BASED,false,false
1,baseline,1,2027,0.0,0.024943310657596373,NATURAL_GAS_BLOCK,HOME_OWNER_ASSOCIATION,21464,9,2146,25781,2146,0.0,0.0,0.0,1189.7474370922646,0.0,MEDIUM,MEDIUM,MEDIUM,5,COST_BASED,COST_BASED,false,false
1,baseline,1,2028,0.0,0.024943310657596373,NATURAL_GAS_BLOCK,HOME_OWNER_ASSOCIATION,19927,0,1537,25781,1537,0.0,0.0,0.0,1217.1899804814575,0.0,MEDIUM,MEDIUM,MEDIUM,5,COST_BASED,COST_BASED,false,false
1,baseline,1,2029,0.0,0.024943310657596373,NATURAL_GAS_BLOCK,HOME_OWNER_ASSOCIATION,15639,0,4288,25781,4288,0.0,0.0,0.0,1175.4067164179105,0.0,MEDIUM,MEDIUM,MEDIUM,5,COST_BASED,COST_BASED,false,false
1,baseline,1,2030,0.0,0.045351473922902494,NATURAL_GAS_BLOCK,HOME_OWNER_ASSOCIATION,12992,0,2647,25781,2647,0.0,0.0,0.0,1281.4476766150358,0.0,MEDIUM,MEDIUM,MEDIUM,5,COST_BASED,COST_BASED,false,false
1,baseline,1,2031,0.0,0.061224489795918366,NATURAL_GAS_BLOCK,HOME_OWNER_ASSOCIATION,10379,0,2613,25781,2613,0.0,0.0,0.0,1191.9992345962496,0.0,MEDIUM,MEDIUM,MEDIUM,5,COST_BASED,COST_BASED,false,false
1,baseline,1,2032,0.0,0.07369614512471655,NATURAL_GAS_BLOCK,HOME_OWNER_ASSOCIATION,6946,128,3561,25909,3561,0.0,0.0,0.0,1206.1258073574838,0.0,MEDIUM,MEDIUM,MEDIUM,5,COST_BASED,COST_BASED,false,false
1,baseline,1,2033,0.0,0.08276643990929705,NATURAL_GAS_BLOCK,HOME_OWNER_ASSOCIATION,5086,3,1863,25912,1863,0.0,0.0,0.0,1156.8835212023619,0.0,MEDIUM,MEDIUM,MEDIUM,5,COST_BASED,COST_BASED,false,false
1,baseline,1,2034,0.0,0.10090702947845805,NATURAL_GAS_BLOCK,HOME_OWNER_ASSOCIATION,4016,0,1070,25912,1070,0.0,0.0,0.0,1325.5439252336448,0.0,MEDIUM,MEDIUM,MEDIUM,5,COST_BASED,COST_BASED,false,false
1,baseline,1,2035,0.0,0.11678004535147392,NATURAL_GAS_BLOCK,HOME_OWNER_ASSOCIATION,1823,0,2193,25912,2193,0.0,0.0,0.0,1172.5823073415413,0.0,MEDIUM,MEDIUM,MEDIUM,5,COST_BASED,COST_BASED,false,false
1,baseline,1,2036,0.0,0.1349206349206349,NATURAL_GAS_BLOCK,HOME_OWNER_ASSOCIATION,141,1,1683,25913,1683,0.0,0.0,0.0,1171.7474747474748,0.0,MEDIUM,MEDIUM,MEDIUM,5,COST_BASED,COST_BASED,false,false
1,baseline,1,2037,0.0,0.14285714285714285,NATURAL_GAS_BLOCK,HOME_OWNER_ASSOCIATION,141,0,0,25913,511,0.0,0.0,0.0,1293.908023483366,0.0,MEDIUM,MEDIUM,MEDIUM,5,COST_BASED,COST_BASED,false,false
1,baseline,1,2038,0.0,0.15306122448979592,NATURAL_GAS_BLOCK,HOME_OWNER_ASSOCIATION,144,3,0,25916,1660,0.0,0.0,0.0,1194.422891566265,0.0,MEDIUM,MEDIUM,MEDIUM,5,COST_BASED,COST_BASED,false,false
1,baseline,1,2039,0.0,0.16439909297052155,NATURAL_GAS_BLOCK,HOME_OWNER_ASSOCIATION,141,6,9,25922,2129,0.0,0.0,0.0,1184.2573978393611,0.0,MEDIUM,MEDIUM,MEDIUM,5,COST_BASED,COST_BASED,false,false
1,baseline,1,2040,0.0,0.18253968253968253,NATURAL_GAS_BLOCK,HOME_OWNER_ASSOCIATION,141,0,0,25922,1303,0.0,0.0,0.0,1254.7620874904067,0.0,MEDIUM,MEDIUM,MEDIUM,5,COST_BASED,COST_BASED,false,false
1,baseline,1,2041,0.0,0.19047619047619047,NATURAL_GAS_BLOCK,HOME_OWNER_ASSOCIATION,141,0,0,25922,3807,0.0,0.0,0.0,1162.8103493564486,0.0,MEDIUM,MEDIUM,MEDIUM,5,COST_BASED,COST_BASED,false,false
1,baseline,1,2042,0.0,0.20861678004535147,NATURAL_GAS_BLOCK,HOME_OWNER_ASSOCIATION,141,0,0,25922,2646,0.0,0.0,0.0,1285.884731670446,0.0,MEDIUM,MEDIUM,MEDIUM,5,COST_BASED,COST_BASED,false,false
1,baseline,1,2043,0.0,0.22448979591836735,NATURAL_GAS_BLOCK,HOME_OWNER_ASSOCIATION,141,0,0,25922,1969,0.0,0.0,0.0,1209.4890807516506,0.0,MEDIUM,MEDIUM,MEDIUM,5,COST_BASED,COST_BASED,false,false
1,baseline,1,2044,0.0,0.23015873015873015,NATURAL_GAS_BLOCK,HOME_OWNER_ASSOCIATION,141,128,128,26050,2328,0.0,0.0,0.0,1255.801116838488,0.0,MEDIUM,MEDIUM,MEDIUM,5,COST_BASED,COST_BASED,false,false
1,baseline,1,2045,0.0,0.23015873015873015,NATURAL_GAS_BLOCK,HOME_OWNER_ASSOCIATION,146,8,3,26058,1478,0.0,0.0,0.0,1158.0588633288228,0.0,MEDIUM,MEDIUM,MEDIUM,5,COST_BASED,COST_BASED,false,false
1,baseline,1,2046,0.0,0.23015873015873015,NATURAL_GAS_BLOCK,HOME_OWNER_ASSOCIATION,146,0,0,26058,1403,0.0,0.0,0.0,1141.1247327156093,0.0,MEDIUM,MEDIUM,MEDIUM,5,COST_BASED,COST_BASED,false,false
1,baseline,1,2047,0.0,0.23015873015873015,NATURAL_GAS_BLOCK,HOME_OWNER_ASSOCIATION,146,0,0,26058,3388,0.0,0.0,0.0,1150.8825265643447,0.0,MEDIUM,MEDIUM,MEDIUM,5,COST_BASED,COST_BASED,false,false
1,baseline,1,2048,0.0,0.23015873015873015,NATURAL_GAS_BLOCK,HOME_OWNER_ASSOCIATION,145,0,1,26058,1534,0.0,0.0,0.0,1157.2640156453715,0.0,MEDIUM,MEDIUM,MEDIUM,5,COST_BASED,COST_BASED,false,false
1,baseline,1,2049,0.0,0.23015873015873015,NATURAL_GAS_BLOCK,HOME_OWNER_ASSOCIATION,145,0,0,26058,932,0.0,0.0,0.0,1371.25321888412,0.0,MEDIUM,MEDIUM,MEDIUM,5,COST_BASED,COST_BASED,false,false
1,baseline,1,2050,0.0,0.23015873015873015,NATURAL_GAS_BLOCK,HOME_OWNER_ASSOCIATION,142,0,3,26058,1903,0.0,0.0,0.0,1209.450867052023,0.0,MEDIUM,MEDIUM,MEDIUM,5,COST_BASED,COST_BASED,false,false
1,baseline,1,2024,0.0,0.0,DISTRICT_HEATING,TOTAL,8228,8228,0,8228,0,0.0,0.0,0.0,0.0,0.0,MEDIUM,MEDIUM,MEDIUM,5,COST_BASED,COST_BASED,false,false
1,baseline,1,2025,0.0,0.024943310657596373,DISTRICT_HEATING,TOTAL,8040,375,563,8603,98228,0.7654049117438433,0.6158156301594864,0.016521867601829467,2174.3134035102007,0.7303069838530383,MEDIUM,MEDIUM,MEDIUM,5,COST_BASED,COST_BASED,false,false
1,baseline,1,2026,0.0,0.024943310657596373,DISTRICT_HEATING,TOTAL,8081,338,297,8941,94136,0.7675918906831362,0.6092393274792421,0.017051922163394923,2146.6809615874904,0.7198295282776352,MEDIUM,MEDIUM,MEDIUM,5,COST_BASED,COST_BASED,false,false
1,baseline,1,2027,0.0,0.024943310657596373,DISTRICT_HEATING,TOTAL,7778,338,641,9279,95744,0.7722798629035812,0.6069480948319346,0.017633001879806612,2100.3019823696523,0.7151480512870355,MEDIUM,MEDIUM,MEDIUM,5,COST_BASED,COST_BASED,false,false
1,baseline,1,2028,0.0,0.024943310657596373,DISTRICT_HEATING,TOTAL,7774,375,379,9654,84446,0.7783661690722546,0.6181395201265436,0.01835617432962036,2139.0542950524596,0.730323216130555,MEDIUM,MEDIUM,MEDIUM,5,COST_BASED,COST_BASED,false,false
1,baseline,1,2029,0.0,0.024943310657596373,DISTRICT_HEATING,TOTAL,7713,252,313,9906,92239,0.7822926541762375,0.604770602766507,0.019006781967340895,2074.068886262861,0.7092068928597978,MEDIUM,MEDIUM,MEDIUM,5,COST_BASED,COST_BASED,false,false
1,baseline,1,2030,0.0,0.045351473922902494,DISTRICT_HEATING,TOTAL,7722,379,370,10285,86145,0.7857979445604691,0.6065340991912319,0.01964732331372725,2065.891578153114,0.7108957472325101,MEDIUM,MEDIUM,MEDIUM,5,COST_BASED,COST_BASED,false,false
1,baseline,1,2031,0.0,0.061224489795918366,DISTRICT_HEATING,TOTAL,7797,402,327,10687,87372,0.7901692319478534,0.6098392718885592,0.020326772273318822,2023.8931236551755,0.7146757533117011,MEDIUM,MEDIUM,MEDIUM,5,COST_BASED,COST_BASED,false,false
1,baseline,1,2032,0.0,0.07369614512471655,DISTRICT_HEATING,TOTAL,7947,468,318,11155,75825,0.790900511945478,0.611589303632016,0.021453907507726844,2043.3361424332345,0.7169770890232074,MEDIUM,MEDIUM,MEDIUM,5,COST_BASED,COST_BASED,false,false
1,baseline,1,2033,0.0,0.08276643990929705,DISTRICT_HEATING,TOTAL,8113,414,248,11569,71200,0.7903620461130371,0.6183529603909562,0.022625769290153176,2007.002261235955,0.7271107078969012,MEDIUM,MEDIUM,MEDIUM,5,COST_BASED,COST_BASED,false,false
1,baseline,1,2034,0.0,0.10090702947845805,DISTRICT_HEATING,TOTAL,8277,418,254,11987,65503,0.7935056950175616,0.6188370045259597,0.024108723475147493,2066.5153046425353,0.72686549260015,MEDIUM,MEDIUM,MEDIUM,5,COST_BASED,COST_BASED,false,false
1,baseline,1,2035,0.0,0.11678004535147392,DISTRICT_HEATING,TOTAL,7897,416,796,12403,64081,0.7961839526413927,0.6179136602101379,0.025347491389300546,2023.010174622743,0.7246560657312057,MEDIUM,MEDIUM,MEDIUM,5,COST_BASED,COST_BASED,false,false
1,baseline,1,2036,0.0,0.1349206349206349,DISTRICT_HEATING,TOTAL,7987,342,252,12745,54434,0.7977543390232632,0.6256235356356913,0.026648231445159088,2039.162416871808,0.7356656897670784,MEDIUM,MEDIUM,MEDIUM,5,COST_BASED,COST_BASED,false,false
1,baseline,1,2037,0.0,0.14285714285714285,DISTRICT_HEATING,TOTAL,8026,265,226,13010,51889,0.7852450569341473,0.608484559794402,0.02597264044564724,2095.496521420725,0.7131689954023525,MEDIUM,MEDIUM,MEDIUM,5,COST_BASED,COST_BASED,false,false
1,baseline,1,2038,0.0,0.15306122448979592,DISTRICT_HEATING,TOTAL,8038,239,227,13249,52339,0.7689600520375844,0.6087083243089729,0.025041939716390297,2144.694357935765,0.717692230989511,MEDIUM,MEDIUM,MEDIUM,5,COST_BASED,COST_BASED,false,false
1,baseline,1,2039,0.0,0.16439909297052155,DISTRICT_HEATING,TOTAL,7984,166,220,13415,64393,0.7491366409822462,0.5982379619580191,0.02391266198735217,2120.5499200223626,0.7070836999430482,MEDIUM,MEDIUM,MEDIUM,5,COST_BASED,COST_BASED,false,false
1,baseline,1,2040,0.0,0.18253968253968253,DISTRICT_HEATING,TOTAL,7964,150,170,13565,62489,0.7327213810948211,0.5978874293712242,0.02248062957443014,2224.513466370081,0.7108407200863117,MEDIUM,MEDIUM,MEDIUM,5,COST_BASED,COST_BASED,false,false
1,baseline,1,2041,0.0,0.19047619047619047,DISTRICT_HEATING,TOTAL,7838,83,209,13648,75791,0.7245246253215514,0.5907150878179025,0.02140730393018409,2152.6490084574684,0.7022655624051953,MEDIUM,MEDIUM,MEDIUM,5,COST_BASED,COST_BASED,false,false
1,baseline,1,2042,0.0,0.20861678004535147,DISTRICT_HEATING,TOTAL,7720,75,193,13723,80031,0.7220037920671236,0.5885152590073137,0.021142603466307464,2169.313003711062,0.6996291150608941,MEDIUM,MEDIUM,MEDIUM,5,COST_BASED,COST_BASED,false,false
1,baseline,1,2043,0.0,0.22448979591836735,DISTRICT_HEATING,TOTAL,7352,99,467,13822,90650,0.7263153944370434,0.6012380176077015,0.021157658952801594,2132.6506453392167,0.7176334704331826,MEDIUM,MEDIUM,MEDIUM,5,COST_BASED,COST_BASED,false,false
1,baseline,1,2044,0.0,0.23015873015873015,DISTRICT_HEATING,TOTAL,7200,49,201,13871,96831,0.7374700417346742,0.5956203859525059,0.021356425304507903,2175.8225774803523,0.7063935153320299,MEDIUM,MEDIUM,MEDIUM,5,COST_BASED,COST_BASED,false,false
1,baseline,1,2045,0.0,0.23015873015873015,DISTRICT_HEATING,TOTAL,6674,68,594,13939,99706,0.738370737294132,0.6024620641210339,0.020999636202637773,2159.141716646942,0.7164754573326789,MEDIUM,MEDIUM,MEDIUM,5,COST_BASED,COST_BASED,false,false
1,baseline,1,2046,0.0,0.23015873015873015,DISTRICT_HEATING,TOTAL,6554,41,161,13980,103069,0.7439566006299954,0.5984704213349797,0.021196883817054854,2174.264677060998,0.7090668713678473,MEDIUM,MEDIUM,MEDIUM,5,COST_BASED,COST_BASED,false,false
1,baseline,1,2047,0.0,0.23015873015873015,DISTRICT_HEATING,TOTAL,6405,22,171,14002,110620,0.7521867746581552,0.6048444190834648,0.021498719673310865,2146.8142017718314,0.7165325950014956,MEDIUM,MEDIUM,MEDIUM,5,COST_BASED,COST_BASED,false,false
1,baseline,1,2048,0.0,0.23015873015873015,DISTRICT_HEATING,TOTAL,5999,25,431,14027,111535,0.760258764688281,0.6162630209034294,0.021835050617235032,2136.1186623033127,0.7316004588559067,MEDIUM,MEDIUM,MEDIUM,5,COST_BASED,COST_BASED,false,false
1,baseline,1,2049,0.0,0.23015873015873015,DISTRICT_HEATING,TOTAL,5615,26,410,14053,108683,0.771533842316329,0.6130421473198785,0.02170093036739421,2154.5947940340257,0.7239671441048142,MEDIUM,MEDIUM,MEDIUM,5,COST_BASED,COST_BASED,false,false
1,baseline,1,2050,0.0,0.23015873015873015,DISTRICT_HEATING,TOTAL,5173,16,458,14069,106764,0.7814886875173884,0.6139703674459848,0.021109578191003637,2125.9707953991983,0.7229446820157662,MEDIUM,MEDIUM,MEDIUM,5,COST_BASED,COST_BASED,false,false
1,baseline,1,2024,0.0,0.0,DISTRICT_HEATING,PRIVATELY_OWNED,3754,3754,0,3754,0,0.0,0.0,0.0,0.0,0.0,MEDIUM,MEDIUM,MEDIUM,5,COST_BASED,COST_BASED,false,false
1,baseline,1,2025,0.0,0.024943310657596373,DISTRICT_HEATING,PRIVATELY_OWNED,3852,373,275,4127,84357,0.7654049117438433,0.6158156301594864,0.016521867601829467,2241.438256457674,0.7303069838530383,MEDIUM,MEDIUM,MEDIUM,5,COST_BASED,COST_BASED,false,false
1,baseline,1,2026,0.0,0.024943310657596373,DISTRICT_HEATING,PRIVATELY_OWNED,3992,336,196,4463,79805,0.7675918906831362,0.6092393274792421,0.017051922163394923,2216.115456425036,0.7198295282776352,MEDIUM,MEDIUM,MEDIUM,5,COST_BASED,COST_BASED,false,false
1,baseline,1,2027,0.0,0.024943310657596373,DISTRICT_HEATING,PRIVATELY_OWNED,4086,338,244,4801,77046,0.7722798629035812,0.6069480948319346,0.017633001879806612,2202.7666718583705,0.7151480512870355,MEDIUM,MEDIUM,MEDIUM,5,COST_BASED,COST_BASED,false,false
1,baseline,1,2028,0.0,0.024943310657596373,DISTRICT_HEATING,PRIVATELY_OWNED,4223,374,237,5175,73143,0.7783661690722546,0.6181395201265436,0.01835617432962036,2192.2128980216835,0.730323216130555,MEDIUM,MEDIUM,MEDIUM,5,COST_BASED,COST_BASED,false,false
1,baseline,1,2029,0.0,0.024943310657596373,DISTRICT_HEATING,PRIVATELY_OWNED,4273,250,200,5425,71405,0.7822926541762375,0.604770602766507,0.019006781967340895,2191.509292066382,0.7092068928597978,MEDIUM,MEDIUM,MEDIUM,5,COST_BASED,COST_BASED,false,false
1,baseline,1,2030,0.0,0.045351473922902494,DISTRICT_HEATING,PRIVATELY_OWNED,4409,378,242,5803,67197,0.7857979445604691,0.6065340991912319,0.01964732331372725,2166.0365641323274,0.7108957472325101,MEDIUM,MEDIUM,MEDIUM,5,COST_BASED,COST_BASED,false,false
1,baseline,1,2031,0.0,0.061224489795918366,DISTRICT_HEATING,PRIVATELY_OWNED,4582,398,225,6201,63059,0.7901692319478534,0.6098392718885592,0.020326772273318822,2155.368305872278,0.7146757533117011,MEDIUM,MEDIUM,MEDIUM,5,COST_BASED,COST_BASED,false,false
1,baseline,1,2032,0.0,0.07369614512471655,DISTRICT_HEATING,PRIVATELY_OWNED,4828,466,220,6667,61137,0.790900511945478,0.611589303632016,0.021453907507726844,2128.9450578209594,0.7169770890232074,MEDIUM,MEDIUM,MEDIUM,5,COST_BASED,COST_BASED,false,false
1,baseline,1,2033,0.0,0.08276643990929705,DISTRICT_HEATING,PRIVATELY_OWNED,5082,407,153,7074,54829,0.7903620461130371,0.6183529603909562,0.022625769290153176,2105.6788013642417,0.7271107078969012,MEDIUM,MEDIUM,MEDIUM,5,COST_BASED,COST_BASED,false,false
1,baseline,1,2034,0.0,0.10090702947845805,DISTRICT_HEATING,PRIVATELY_OWNED,5320,412,174,7486,51803,0.7935056950175616,0.6188370045259597,0.024108723475147493,2146.7940659807346,0.72686549260015,MEDIUM,MEDIUM,MEDIUM,5,COST_BASED,COST_BASED,false,false
1,baseline,1,2035,0.0,0.11678004535147392,DISTRICT_HEATING,PRIVATELY_OWNED,5600,415,135,7901,46126,0.7961839526413927,0.6179136602101379,0.025347491389300546,2151.710163465291,0.7246560657312057,MEDIUM,MEDIUM,MEDIUM,5,COST_BASED,COST_BASED,false,false
1,baseline,1,2036,0.0,0.1349206349206349,DISTRICT_HEATING,PRIVATELY_OWNED,5800,338,138,8239,39092,0.7977543390232632,0.6256235356356913,0.026648231445159088,2156.1083086053413,0.7356656897670784,MEDIUM,MEDIUM,MEDIUM,5,COST_BASED,COST_BASED,false,false
1,baseline,1,2037,0.0,0.14285714285714285,DISTRICT_HEATING,PRIVATELY_OWNED,5918,249,131,8488,38349,0.7852450569341473,0.608484559794402,0.02597264044564724,2228.5136509426584,0.7131689954023525,MEDIUM,MEDIUM,MEDIUM,5,COST_BASED,COST_BASED,false,false
1,baseline,1,2038,0.0,0.15306122448979592,DISTRICT_HEATING,PRIVATELY_OWNED,6024,232,126,8720,40381,0.7689600520375844,0.6087083243089729,0.025041939716390297,2274.3750773878805,0.717692230989511,MEDIUM,MEDIUM,MEDIUM,5,COST_BASED,COST_BASED,false,false
1,baseline,1,2039,0.0,0.16439909297052155,DISTRICT_HEATING,PRIVATELY_OWNED,6057,162,129,8882,47100,0.7491366409822462,0.5982379619580191,0.02391266198735217,2302.8340976645436,0.7070836999430482,MEDIUM,MEDIUM,MEDIUM,5,COST_BASED,COST_BASED,false,false
1,baseline,1,2040,0.0,0.18253968253968253,DISTRICT_HEATING,PRIVATELY_OWNED,6077,143,123,9025,52645,0.7327213810948211,0.5978874293712242,0.02248062957443014,2309.6240858581064,0.7108407200863117,MEDIUM,MEDIUM,MEDIUM,5,COST_BASED,COST_BASED,false,false
1,baseline,1,2041,0.0,0.19047619047619047,DISTRICT_HEATING,PRIVATELY_OWNED,6032,78,123,9103,58670,0.7245246253215514,0.5907150878179025,0.02140730393018409,2302.8502812340207,0.7022655624051953,MEDIUM,MEDIUM,MEDIUM,5,COST_BASED,COST_BASED,false,false
1,baseline,1,2042,0.0,0.20861678004535147,DISTRICT_HEATING,PRIVATELY_OWNED,5988,69,113,9172,64240,0.7220037920671236,0.5885152590073137,0.021142603466307464,2290.277397260274,0.6996291150608941,MEDIUM,MEDIUM,MEDIUM,5,COST_BASED,COST_BASED,false,false
1,baseline,1,2043,0.0,0.22448979591836735,DISTRICT_HEATING,PRIVATELY_OWNED,5955,94,127,9266,69009,0.7263153944370434,0.6012380176077015,0.021157658952801594,2276.2053065542177,0.7176334704331826,MEDIUM,MEDIUM,MEDIUM,5,COST_BASED,COST_BASED,false,false
1,baseline,1,2044,0.0,0.23015873015873015,DISTRICT_HEATING,PRIVATELY_OWNED,5877,38,116,9304,80946,0.7374700417346742,0.5956203859525059,0.021356425304507903,2265.9521656412917,0.7063935153320299,MEDIUM,MEDIUM,MEDIUM,5,COST_BASED,COST_BASED,false,false
1,baseline,1,2045,0.0,0.23015873015873015,DISTRICT_HEATING,PRIVATELY_OWNED,5827,56,106,9360,84362,0.738370737294132,0.6024620641210339,0.020999636202637773,2239.8734264242194,0.7164754573326789,MEDIUM,MEDIUM,MEDIUM,5,COST_BASED,COST_BASED,false,false
1,baseline,1,2046,0.0,0.23015873015873015,DISTRICT_HEATING,PRIVATELY_OWNED,5757,26,96,9386,89571,0.7439566006299954,0.5984704213349797,0.021196883817054854,2236.6998693773653,0.7090668713678473,MEDIUM,MEDIUM,MEDIUM,5,COST_BASED,COST_BASED,false,false
1,baseline,1,2047,0.0,0.23015873015873015,DISTRICT_HEATING,PRIVATELY_OWNED,5672,13,98,9399,95454,0.7521867746581552,0.6048444190834648,0.021498719673310865,2226.363609696817,0.7165325950014956,MEDIUM,MEDIUM,MEDIUM,5,COST_BASED,COST_BASED,false,false
1,baseline,1,2048,0.0,0.23015873015873015,DISTRICT_HEATING,PRIVATELY_OWNED,5353,24,343,9423,95900,0.760258764688281,0.6162630209034294,0.021835050617235032,2207.3079040667362,0.7316004588559067,MEDIUM,MEDIUM,MEDIUM,5,COST_BASED,COST_BASED,false,false
1,baseline,1,2049,0.0,0.23015873015873015,DISTRICT_HEATING,PRIVATELY_OWNED,5035,16,334,9439,96652,0.771533842316329,0.6130421473198785,0.02170093036739421,2204.2177399329553,0.7239671441048142,MEDIUM,MEDIUM,MEDIUM,5,COST_BASED,COST_BASED,false,false
1,baseline,1,2050,0.0,0.23015873015873015,DISTRICT_HEATING,PRIVATELY_OWNED,4686,9,358,9448,92255,0.7814886875173884,0.6139703674459848,0.021109578191003637,2187.9568261882823,0.7229446820157662,MEDIUM,MEDIUM,MEDIUM,5,COST_BASED,COST_BASED,false,false
1,baseline,1,2024,0.0,0.0,DISTRICT_HEATING,SOCIAL_HOUSING,1754,1754,0,1754,0,0.0,0.0,0.0,0.0,0.0,MEDIUM,MEDIUM,MEDIUM,5,COST_BASED,COST_BASED,false,false
1,baseline,1,2025,0.0,0.024943310657596373,DISTRICT_HEATING,SOCIAL_HOUSING,1531,0,223,1754,7418,0.0,0.0,0.0,1726.7415745483959,0.0,MEDIUM,MEDIUM,MEDIUM,5,COST_BASED,COST_BASED,false,false
1,baseline,1,2026,0.0,0.024943310657596373,DISTRICT_HEATING,SOCIAL_HOUSING,1531,0,0,1754,6779,0.0,0.0,0.0,1770.6896297388996,0.0,MEDIUM,MEDIUM,MEDIUM,5,COST_BASED,COST_BASED,false,false
1,baseline,1,2027,0.0,0.024943310657596373,DISTRICT_HEATING,SOCIAL_HOUSING,1269,0,262,1754,10932,0.0,0.0,0.0,1650.9837175265277,0.0,MEDIUM,MEDIUM,MEDIUM,5,COST_BASED,COST_BASED,false,false
1,baseline,1,2028,0.0,0.024943310657596373,DISTRICT_HEATING,SOCIAL_HOUSING,1269,0,0,1754,3846,0.0,0.0,0.0,1855.4776391055643,0.0,MEDIUM,MEDIUM,MEDIUM,5,COST_BASED,COST_BASED,false,false
1,baseline,1,2029,0.0,0.024943310657596373,DISTRICT_HEATING,SOCIAL_HOUSING,1269,0,0,1754,10809,0.0,0.0,0.0,1722.7889721528356,0.0,MEDIUM,MEDIUM,MEDIUM,5,COST_BASED,COST_BASED,false,false
1,baseline,1,2030,0.0,0.045351473922902494,DISTRICT_HEATING,SOCIAL_HOUSING,1269,0,0,1754,10531,0.0,0.0,0.0,1689.32276137119,0.0,MEDIUM,MEDIUM,MEDIUM,5,COST_BASED,COST_BASED,false,false
1,baseline,1,2031,0.0,0.061224489795918366,DISTRICT_HEATING,SOCIAL_HOUSING,1269,0,0,1754,15907,0.0,0.0,0.0,1672.1775947695983,0.0,MEDIUM,MEDIUM,MEDIUM,5,COST_BASED,COST_BASED,false,false
1,baseline,1,2032,0.0,0.07369614512471655,DISTRICT_HEATING,SOCIAL_HOUSING,1269,0,0,1754,5104,0.0,0.0,0.0,1766.819357366771,0.0,MEDIUM,MEDIUM,MEDIUM,5,COST_BASED,COST_BASED,false,false
1,baseline,1,2033,0.0,0.08276643990929705,DISTRICT_HEATING,SOCIAL_HOUSING,1269,0,0,1754,8595,0.0,0.0,0.0,1654.8622454915649,0.0,MEDIUM,MEDIUM,MEDIUM,5,COST_BASED,COST_BASED,false,false
1,baseline,1,2034,0.0,0.10090702947845805,DISTRICT_HEATING,SOCIAL_HOUSING,1269,0,0,1754,7044,0.0,0.0,0.0,1718.6280522430436,0.0,MEDIUM,MEDIUM,MEDIUM,5,COST_BASED,COST_BASED,false,false
1,baseline,1,2035,0.0,0.11678004535147392,DISTRICT_HEATING,SOCIAL_HOUSING,694,0,575,1754,10028,0.0,0.0,0.0,1679.059633027523,0.0,MEDIUM,MEDIUM,MEDIUM,5,COST_BASED,COST_BASED,false,false
1,baseline,1,2036,0.0,0.1349206349206349,DISTRICT_HEATING,SOCIAL_HOUSING,694,0,0,1754,7965,0.0,0.0,0.0,1751.1996233521656,0.0,MEDIUM,MEDIUM,MEDIUM,5,COST_BASED,COST_BASED,false,false
1,baseline,1,2037,0.0,0.14285714285714285,DISTRICT_HEATING,SOCIAL_HOUSING,694,0,0,1754,7599,0.0,0.0,0.0,1716.1867350967232,0.0,MEDIUM,MEDIUM,MEDIUM,5,COST_BASED,COST_BASED,false,false
1,baseline,1,2038,0.0,0.15306122448979592,DISTRICT_HEATING,SOCIAL_HOUSING,694,0,0,1754,5162,0.0,0.0,0.0,1784.4166989538937,0.0,MEDIUM,MEDIUM,MEDIUM,5,COST_BASED,COST_BASED,false,false
1,baseline,1,2039,0.0,0.16439909297052155,DISTRICT_HEATING,SOCIAL_HOUSING,694,0,0,1754,10509,0.0,0.0,0.0,1630.881625273575,0.0,MEDIUM,MEDIUM,MEDIUM,5,COST_BASED,COST_BASED,false,false
1,baseline,1,2040,0.0,0.18253968253968253,DISTRICT_HEATING,SOCIAL_HOUSING,694,0,0,1754,3299,0.0,0.0,0.0,1805.8254016368596,0.0,MEDIUM,MEDIUM,MEDIUM,5,COST_BASED,COST_BASED,false,false
1,baseline,1,2041,0.0,0.19047619047619047,DISTRICT_HEATING,SOCIAL_HOUSING,694,0,0,1754,8162,0.0,0.0,0.0,1667.8592256799805,0.0,MEDIUM,MEDIUM,MEDIUM,5,COST_BASED,COST_BASED,false,false
1,baseline,1,2042,0.0,0.20861678004535147,DISTRICT_HEATING,SOCIAL_HOUSING,694,0,0,1754,8013,0.0,0.0,0.0,1640.745413702733,0.0,MEDIUM,MEDIUM,MEDIUM,5,COST_BASED,COST_BASED,false,false
1,baseline,1,2043,0.0,0.22448979591836735,DISTRICT_HEATING,SOCIAL_HOUSING,424,0,270,1754,14363,0.0,0.0,0.0,1649.7396783401796,0.0,MEDIUM,MEDIUM,MEDIUM,5,COST_BASED,COST_BASED,false,false
1,baseline,1,2044,0.0,0.23015873015873015,DISTRICT_HEATING,SOCIAL_HOUSING,424,0,0,1754,8031,0.0,0.0,0.0,1752.394471423235,0.0,MEDIUM,MEDIUM,MEDIUM,5,COST_BASED,COST_BASED,false,false
1,baseline,1,2045,0.0,0.23015873015873015,DISTRICT_HEATING,SOCIAL_HOUSING,0,0,424,1754,8393,0.0,0.0,0.0,1713.9630644584772,0.0,MEDIUM,MEDIUM,MEDIUM,5,COST_BASED,COST_BASED,false,false
1,baseline,1,2046,0.0,0.23015873015873015,DISTRICT_HEATING,SOCIAL_HOUSING,0,0,0,1754,6893,0.0,0.0,0.0,1772.0522268968518,0.0,MEDIUM,MEDIUM,MEDIUM,5,COST_BASED,COST_BASED,false,false
1,baseline,1,2047,0.0,0.23015873015873015,DISTRICT_HEATING,SOCIAL_HOUSING,0,0,0,1754,6444,0.0,0.0,0.0,1676.7757603972689,0.0,MEDIUM,MEDIUM,MEDIUM,5,COST_BASED,COST_BASED,false,false
1,baseline,1,2048,0.0,0.23015873015873015,DISTRICT_HEATING,SOCIAL_HOUSING,0,0,0,1754,8734,0.0,0.0,0.0,1674.5388138310052,0.0,MEDIUM,MEDIUM,MEDIUM,5,COST_BASED,COST_BASED,false,false
1,baseline,1,2049,0.0,0.23015873015873015,DISTRICT_HEATING,SOCIAL_HOUSING,0,0,0,1754,5454,0.0,0.0,0.0,1707.9198753208655,0.0,MEDIUM,MEDIUM,MEDIUM,5,COST_BASED,COST_BASED,false,false
1,baseline,1,2050,0.0,0.23015873015873015,DISTRICT_HEATING,SOCIAL_HOUSING,0,0,0,1754,6858,0.0,0.0,0.0,1733.0097696121318,0.0,MEDIUM,MEDIUM,MEDIUM,5,COST_BASED,COST_BASED,false,false
1,baseline,1,2024,0.0,0.0,DISTRICT_HEATING,PRIVATELY_RENTED,2720,2720,0,2720,0,0.0,0.0,0.0,0.0,0.0,MEDIUM,MEDIUM,MEDIUM,5,COST_BASED,COST_BASED,false,false
1,baseline,1,2025,0.0,0.024943310657596373,DISTRICT_HEATING,PRIVATELY_RENTED,2657,2,65,2722,5942,0.0,0.0,0.0,1843.5262537866038,0.0,MEDIUM,MEDIUM,MEDIUM,5,COST_BASED,COST_BASED,false,false
1,baseline,1,2026,0.0,0.024943310657596373,DISTRICT_HEATING,PRIVATELY_RENTED,2558,2,101,2724,5892,0.0,0.0,0.0,1869.949762389681,0.0,MEDIUM,MEDIUM,MEDIUM,5,COST_BASED,COST_BASED,false,false
1,baseline,1,2027,0.0,0.024943310657596373,DISTRICT_HEATING,PRIVATELY_RENTED,2423,0,135,2724,5620,0.0,0.0,0.0,1866.7524911032028,0.0,MEDIUM,MEDIUM,MEDIUM,5,COST_BASED,COST_BASED,false,false
1,baseline,1,2028,0.0,0.024943310657596373,DISTRICT_HEATING,PRIVATELY_RENTED,2282,1,142,2725,5920,0.0,0.0,0.0,1870.9344594594595,0.0,MEDIUM,MEDIUM,MEDIUM,5,COST_BASED,COST_BASED,false,false
1,baseline,1,2029,0.0,0.024943310657596373,DISTRICT_HEATING,PRIVATELY_RENTED,2171,2,113,2727,5737,0.0,0.0,0.0,1851.119748997734,0.0,MEDIUM,MEDIUM,MEDIUM,5,COST_BASED,COST_BASED,false,false
1,baseline,1,2030,0.0,0.045351473922902494,DISTRICT_HEATING,PRIVATELY_RENTED,2044,1,128,2728,5770,0.0,0.0,0.0,1882.082842287695,0.0,MEDIUM,MEDIUM,MEDIUM,5,COST_BASED,COST_BASED,false,false
1,baseline,1,2031,0.0,0.061224489795918366,DISTRICT_HEATING,PRIVATELY_RENTED,1946,4,102,2732,5793,0.0,0.0,0.0,1875.6454341446574,0.0,MEDIUM,MEDIUM,MEDIUM,5,COST_BASED,COST_BASED,false,false
1,baseline,1,2032,0.0,0.07369614512471655,DISTRICT_HEATING,PRIVATELY_RENTED,1850,2,98,2734,6023,0.0,0.0,0.0,1827.1889423875145,0.0,MEDIUM,MEDIUM,MEDIUM,5,COST_BASED,COST_BASED,false,false
1,baseline,1,2033,0.0,0.08276643990929705,DISTRICT_HEATING,PRIVATELY_RENTED,1762,7,95,2741,5913,0.0,0.0,0.0,1833.434128192119,0.0,MEDIUM,MEDIUM,MEDIUM,5,COST_BASED,COST_BASED,false,false
1,baseline,1,2034,0.0,0.10090702947845805,DISTRICT_HEATING,PRIVATELY_RENTED,1688,6,80,2747,5586,0.0,0.0,0.0,1874.59380594343,0.0,MEDIUM,MEDIUM,MEDIUM,5,COST_BASED,COST_BASED,false,false
1,baseline,1,2035,0.0,0.11678004535147392,DISTRICT_HEATING,PRIVATELY_RENTED,1603,1,86,2748,5734,0.0,0.0,0.0,1866.8998953610046,0.0,MEDIUM,MEDIUM,MEDIUM,5,COST_BASED,COST_BASED,false,false
1,baseline,1,2036,0.0,0.1349206349206349,DISTRICT_HEATING,PRIVATELY_RENTED,1493,4,114,2752,5694,0.0,0.0,0.0,1859.4497716894978,0.0,MEDIUM,MEDIUM,MEDIUM,5,COST_BASED,COST_BASED,false,false
1,baseline,1,2037,0.0,0.14285714285714285,DISTRICT_HEATING,PRIVATELY_RENTED,1414,16,95,2768,5430,0.0,0.0,0.0,1749.6790055248619,0.0,MEDIUM,MEDIUM,MEDIUM,5,COST_BASED,COST_BASED,false,false
1,baseline,1,2038,0.0,0.15306122448979592,DISTRICT_HEATING,PRIVATELY_RENTED,1320,7,101,2775,5136,0.0,0.0,0.0,1754.3220404984424,0.0,MEDIUM,MEDIUM,MEDIUM,5,COST_BASED,COST_BASED,false,false
1,baseline,1,2039,0.0,0.16439909297052155,DISTRICT_HEATING,PRIVATELY_RENTED,1233,4,91,2779,4655,0.0,0.0,0.0,1752.9916219119227,0.0,MEDIUM,MEDIUM,MEDIUM,5,COST_BASED,COST_BASED,false,false
1,baseline,1,2040,0.0,0.18253968253968253,DISTRICT_HEATING,PRIVATELY_RENTED,1193,7,47,2786,5242,0.0,0.0,0.0,1841.2334986646317,0.0,MEDIUM,MEDIUM,MEDIUM,5,COST_BASED,COST_BASED,false,false
1,baseline,1,2041,0.0,0.19047619047619047,DISTRICT_HEATING,PRIVATELY_RENTED,1112,5,86,2791,5152,0.0,0.0,0.0,1853.814052795031,0.0,MEDIUM,MEDIUM,MEDIUM,5,COST_BASED,COST_BASED,false,false
1,baseline,1,2042,0.0,0.20861678004535147,DISTRICT_HEATING,PRIVATELY_RENTED,1038,6,80,2797,5132,0.0,0.0,0.0,1865.9682385035073,0.0,MEDIUM,MEDIUM,MEDIUM,5,COST_BASED,COST_BASED,false,false
1,baseline,1,2043,0.0,0.22448979591836735,DISTRICT_HEATING,PRIVATELY_RENTED,973,5,70,2802,5309,0.0,0.0,0.0,1869.5935204369937,0.0,MEDIUM,MEDIUM,MEDIUM,5,COST_BASED,COST_BASED,false,false
1,baseline,1,2044,0.0,0.23015873015873015,DISTRICT_HEATING,PRIVATELY_RENTED,899,11,85,2813,5526,0.0,0.0,0.0,1803.334600072385,0.0,MEDIUM,MEDIUM,MEDIUM,5,COST_BASED,COST_BASED,false,false
1,baseline,1,2045,0.0,0.23015873015873015,DISTRICT_HEATING,PRIVATELY_RENTED,847,12,64,2825,5473,0.0,0.0,0.0,1836.0913575735428,0.0,MEDIUM,MEDIUM,MEDIUM,5,COST_BASED,COST_BASED,false,false
1,baseline,1,2046,0.0,0.23015873015873015,DISTRICT_HEATING,PRIVATELY_RENTED,797,15,65,2840,5202,0.0,0.0,0.0,1878.4715494040754,0.0,MEDIUM,MEDIUM,MEDIUM,5,COST_BASED,COST_BASED,false,false
1,baseline,1,2047,0.0,0.23015873015873015,DISTRICT_HEATING,PRIVATELY_RENTED,733,9,73,2849,5334,0.0,0.0,0.0,1848.9452568428947,0.0,MEDIUM,MEDIUM,MEDIUM,5,COST_BASED,COST_BASED,false,false
1,baseline,1,2048,0.0,0.23015873015873015,DISTRICT_HEATING,PRIVATELY_RENTED,646,1,88,2850,5367,0.0,0.0,0.0,1861.0953978013788,0.0,MEDIUM,MEDIUM,MEDIUM,5,COST_BASED,COST_BASED,false,false
1,baseline,1,2049,0.0,0.23015873015873015,DISTRICT_HEATING,PRIVATELY_RENTED,580,10,76,2860,5645,0.0,0.0,0.0,1841.7316209034543,0.0,MEDIUM,MEDIUM,MEDIUM,5,COST_BASED,COST_BASED,false,false
1,baseline,1,2050,0.0,0.23015873015873015,DISTRICT_HEATING,PRIVATELY_RENTED,487,7,100,2867,5748,0.0,0.0,0.0,1861.9137091162142,0.0,MEDIUM,MEDIUM,MEDIUM,5,COST_BASED,COST_BASED,false,false
1,baseline,1,2024,0.0,0.0,DISTRICT_HEATING,HOME_OWNER_ASSOCIATION,0,0,0,0,0,0.0,0.0,0.0,0.0,0.0,MEDIUM,MEDIUM,MEDIUM,5,COST_BASED,COST_BASED,false,false
1,baseline,1,2025,0.0,0.024943310657596373,DISTRICT_HEATING,HOME_OWNER_ASSOCIATION,0,0,0,0,511,0.0,0.0,0.0,1436.884540117417,0.0,MEDIUM,MEDIUM,MEDIUM,5,COST_BASED,COST_BASED,false,false
1,baseline,1,2026,0.0,0.024943310657596373,DISTRICT_HEATING,HOME_OWNER_ASSOCIATION,0,0,0,0,1660,0.0,0.0,0.0,1326.2746987951807,0.0,MEDIUM,MEDIUM,MEDIUM,5,COST_BASED,COST_BASED,false,false
1,baseline,1,2027,0.0,0.024943310657596373,DISTRICT_HEATING,HOME_OWNER_ASSOCIATION,0,0,0,0,2146,0.0,0.0,0.0,1322.1104380242311,0.0,MEDIUM,MEDIUM,MEDIUM,5,COST_BASED,COST_BASED,false,false
1,baseline,1,2028,0.0,0.024943310657596373,DISTRICT_HEATING,HOME_OWNER_ASSOCIATION,0,0,0,0,1537,0.0,0.0,0.0,1351.6278464541315,0.0,MEDIUM,MEDIUM,MEDIUM,5,COST_BASED,COST_BASED,false,false
1,baseline,1,2029,0.0,0.024943310657596373,DISTRICT_HEATING,HOME_OWNER_ASSOCIATION,0,0,0,0,4288,0.0,0.0,0.0,1302.1965951492537,0.0,MEDIUM,MEDIUM,MEDIUM,5,COST_BASED,COST_BASED,false,false
1,baseline,1,2030,0.0,0.045351473922902494,DISTRICT_HEATING,HOME_OWNER_ASSOCIATION,0,0,0,0,2647,0.0,0.0,0.0,1422.4386097468832,0.0,MEDIUM,MEDIUM,MEDIUM,5,COST_BASED,COST_BASED,false,false
1,baseline,1,2031,0.0,0.061224489795918366,DISTRICT_HEATING,HOME_OWNER_ASSOCIATION,0,0,0,0,2613,0.0,0.0,0.0,1320.8101798698813,0.0,MEDIUM,MEDIUM,MEDIUM,5,COST_BASED,COST_BASED,false,false
1,baseline,1,2032,0.0,0.07369614512471655,DISTRICT_HEATING,HOME_OWNER_ASSOCIATION,0,0,0,0,3561,0.0,0.0,0.0,1335.4799213704016,0.0,MEDIUM,MEDIUM,MEDIUM,5,COST_BASED,COST_BASED,false,false
1,baseline,1,2033,0.0,0.08276643990929705,DISTRICT_HEATING,HOME_OWNER_ASSOCIATION,0,0,0,0,1863,0.0,0.0,0.0,1278.4009661835748,0.0,MEDIUM,MEDIUM,MEDIUM,5,COST_BASED,COST_BASED,false,false
1,baseline,1,2034,0.0,0.10090702947845805,DISTRICT_HEATING,HOME_OWNER_ASSOCIATION,0,0,0,0,1070,0.0,0.0,0.0,1472.0392523364485,0.0,MEDIUM,MEDIUM,MEDIUM,5,COST_BASED,COST_BASED,false,false
1,baseline,1,2035,0.0,0.11678004535147392,DISTRICT_HEATING,HOME_OWNER_ASSOCIATION,0,0,0,0,2193,0.0,0.0,0.0,1296.998632010944,0.0,MEDIUM,MEDIUM,MEDIUM,5,COST_BASED,COST_BASED,false,false
1,baseline,1,2036,0.0,0.1349206349206349,DISTRICT_HEATING,HOME_OWNER_ASSOCIATION,0,0,0,0,1683,0.0,0.0,0.0,1293.6238859180035,0.0,MEDIUM,MEDIUM,MEDIUM,5,COST_BASED,COST_BASED,false,false
1,baseline,1,2037,0.0,0.14285714285714285,DISTRICT_HEATING,HOME_OWNER_ASSOCIATION,0,0,0,0,511,0.0,0.0,0.0,1428.3542074363993,0.0,MEDIUM,MEDIUM,MEDIUM,5,COST_BASED,COST_BASED,false,false
1,baseline,1,2038,0.0,0.15306122448979592,DISTRICT_HEATING,HOME_OWNER_ASSOCIATION,0,0,0,0,1660,0.0,0.0,0.0,1318.2295180722892,0.0,MEDIUM,MEDIUM,MEDIUM,5,COST_BASED,COST_BASED,false,false
1,baseline,1,2039,0.0,0.16439909297052155,DISTRICT_HEATING,HOME_OWNER_ASSOCIATION,0,0,0,0,2129,0.0,0.0,0.0,1308.5833724753406,0.0,MEDIUM,MEDIUM,MEDIUM,5,COST_BASED,COST_BASED,false,false
1,baseline,1,2040,0.0,0.18253968253968253,DISTRICT_HEATING,HOME_OWNER_ASSOCIATION,0,0,0,0,1303,0.0,0.0,0.0,1387.7958557175748,0.0,MEDIUM,MEDIUM,MEDIUM,5,COST_BASED,COST_BASED,false,false
1,baseline,1,2041,0.0,0.19047619047619047,DISTRICT_HEATING,HOME_OWNER_ASSOCIATION,0,0,0,0,3807,0.0,0.0,0.0,1281.659574468085,0.0,MEDIUM,MEDIUM,MEDIUM,5,COST_BASED,COST_BASED,false,false
1,baseline,1,2042,0.0,0.20861678004535147,DISTRICT_HEATING,HOME_OWNER_ASSOCIATION,0,0,0,0,2646,0.0,0.0,0.0,1421.5521541950113,0.0,MEDIUM,MEDIUM,MEDIUM,5,COST_BASED,COST_BASED,false,false
1,baseline,1,2043,0.0,0.22448979591836735,DISTRICT_HEATING,HOME_OWNER_ASSOCIATION,0,0,0,0,1969,0.0,0.0,0.0,1333.2889791772473,0.0,MEDIUM,MEDIUM,MEDIUM,5,COST_BASED,COST_BASED,false,false
1,baseline,1,2044,0.0,0.23015873015873015,DISTRICT_HEATING,HOME_OWNER_ASSOCIATION,0,0,0,0,2328,0.0,0.0,0.0,1386.8578178694158,0.0,MEDIUM,MEDIUM,MEDIUM,5,COST_BASED,COST_BASED,false,false
1,baseline,1,2045,0.0,0.23015873015873015,DISTRICT_HEATING,HOME_OWNER_ASSOCIATION,0,0,0,0,1478,0.0,0.0,0.0,1275.3464140730716,0.0,MEDIUM,MEDIUM,MEDIUM,5,COST_BASED,COST_BASED,false,false
1,baseline,1,2046,0.0,0.23015873015873015,DISTRICT_HEATING,HOME_OWNER_ASSOCIATION,0,0,0,0,1403,0.0,0.0,0.0,1261.0669992872415,0.0,MEDIUM,MEDIUM,MEDIUM,5,COST_BASED,COST_BASED,false,false
1,baseline,1,2047,0.0,0.23015873015873015,DISTRICT_HEATING,HOME_OWNER_ASSOCIATION,0,0,0,0,3388,0.0,0.0,0.0,1268.5531286894923,0.0,MEDIUM,MEDIUM,MEDIUM,5,COST_BASED,COST_BASED,false,false
1,baseline,1,2048,0.0,0.23015873015873015,DISTRICT_HEATING,HOME_OWNER_ASSOCIATION,0,0,0,0,1534,0.0,0.0,0.0,1275.9100391134289,0.0,MEDIUM,MEDIUM,MEDIUM,5,COST_BASED,COST_BASED,false,false
1,baseline,1,2049,0.0,0.23015873015873015,DISTRICT_HEATING,HOME_OWNER_ASSOCIATION,0,0,0,0,932,0.0,0.0,0.0,1517.3851931330473,0.0,MEDIUM,MEDIUM,MEDIUM,5,COST_BASED,COST_BASED,false,false
1,baseline,1,2050,0.0,0.23015873015873015,DISTRICT_HEATING,HOME_OWNER_ASSOCIATION,0,0,0,0,1903,0.0,0.0,0.0,1334.6967945349447,0.0,MEDIUM,MEDIUM,MEDIUM,5,COST_BASED,COST_BASED,false,false
1,baseline,1,2024,0.0,0.0,ELECTRIC_HEAT_PUMP,TOTAL,22709,22709,0,22709,0,0.0,0.0,0.0,0.0,0.0,MEDIUM,MEDIUM,MEDIUM,5,COST_BASED,COST_BASED,false,false
1,baseline,1,2025,0.0,0.024943310657596373,ELECTRIC_HEAT_PUMP,TOTAL,23943,4002,2768,26711,98228,0.7147488352580794,0.5643772897287388,0.08373272641861054,2847.0980779411166,0.6469455441739509,MEDIUM,MEDIUM,MEDIUM,5,COST_BASED,COST_BASED,false,false
1,baseline,1,2026,0.0,0.024943310657596373,ELECTRIC_HEAT_PUMP,TOTAL,28157,5837,1623,32548,94136,0.7118718515253657,0.5609855974642626,0.09794179305054523,2785.7946694144644,0.6390249850524146,MEDIUM,MEDIUM,MEDIUM,5,COST_BASED,COST_BASED,false,false
1,baseline,1,2027,0.0,0.024943310657596373,ELECTRIC_HEAT_PUMP,TOTAL,35257,8553,1453,41101,95744,0.7066736271244927,0.5726909869199798,0.12062638221642055,2695.015959224599,0.6522114780447456,MEDIUM,MEDIUM,MEDIUM,5,COST_BASED,COST_BASED,false,false
1,baseline,1,2028,0.0,0.024943310657596373,ELECTRIC_HEAT_PUMP,TOTAL,42229,8338,1366,49439,84446,0.6989963809236909,0.5782367528428636,0.14625938441793243,2710.707493546172,0.656041187928897,MEDIUM,MEDIUM,MEDIUM,5,COST_BASED,COST_BASED,false,false
1,baseline,1,2029,0.0,0.024943310657596373,ELECTRIC_HEAT_PUMP,TOTAL,50757,10058,1530,59497,92239,0.6946831368051549,0.577043371655803,0.17087997502704053,2585.8276759288374,0.6491742795256737,MEDIUM,MEDIUM,MEDIUM,5,COST_BASED,COST_BASED,false,false
1,baseline,1,2030,0.0,0.045351473922902494,ELECTRIC_HEAT_PUMP,TOTAL,61775,12411,1393,71908,86145,0.6895990518305423,0.5903641782592526,0.2040804234268608,2543.9347843751816,0.6621263985745238,MEDIUM,MEDIUM,MEDIUM,5,COST_BASED,COST_BASED,false,false
1,baseline,1,2031,0.0,0.061224489795918366,ELECTRIC_HEAT_PUMP,TOTAL,72514,12204,1465,84112,87372,0.6839345106884781,0.5952758981134454,0.24228209561142108,2464.346609897908,0.6613596955951807,MEDIUM,MEDIUM,MEDIUM,5,COST_BASED,COST_BASED,false,false
1,baseline,1,2032,0.0,0.07369614512471655,ELECTRIC_HEAT_PUMP,TOTAL,85246,14244,1512,98356,75825,0.6827180511853636,0.6071926981232991,0.2838661233234077,2428.7940257171117,0.6691430035577599,MEDIUM,MEDIUM,MEDIUM,5,COST_BASED,COST_BASED,false,false
1,baseline,1,2033,0.0,0.08276643990929705,ELECTRIC_HEAT_PUMP,TOTAL,98040,14310,1516,112666,71200,0.6810192077749356,0.618583103015216,0.3313051193217838,2328.3795084269664,0.6747935727486595,MEDIUM,MEDIUM,MEDIUM,5,COST_BASED,COST_BASED,false,false
1,baseline,1,2034,0.0,0.10090702947845805,ELECTRIC_HEAT_PUMP,TOTAL,112120,15689,1609,128355,65503,0.6766072895545859,0.6281353559465108,0.3655738556508524,2362.7582706135595,0.6816577476184107,MEDIUM,MEDIUM,MEDIUM,5,COST_BASED,COST_BASED,false,false
1,baseline,1,2035,0.0,0.11678004535147392,ELECTRIC_HEAT_PUMP,TOTAL,124122,13677,1675,142032,64081,0.6702941355562402,0.6280609760215997,0.39246859579901117,2274.0007958677297,0.6764007811935988,MEDIUM,MEDIUM,MEDIUM,5,COST_BASED,COST_BASED,false,false
1,baseline,1,2036,0.0,0.1349206349206349,ELECTRIC_HEAT_PUMP,TOTAL,134447,11899,1574,153931,54434,0.6642234665577527,0.6358317322823787,0.41414579017335146,2303.5836976889445,0.6841552842407892,MEDIUM,MEDIUM,MEDIUM,5,COST_BASED,COST_BASED,false,false
1,baseline,1,2037,0.0,0.14285714285714285,ELECTRIC_HEAT_PUMP,TOTAL,144381,11507,1573,165438,51889,0.6769234099934058,0.660931481034283,0.47404917729850543,2223.2421900595505,0.7036540747284415,MEDIUM,MEDIUM,MEDIUM,5,COST_BASED,COST_BASED,false,false
1,baseline,1,2038,0.0,0.15306122448979592,ELECTRIC_HEAT_PUMP,TOTAL,152872,9772,1281,175210,52339,0.6959589141758575,0.6880581847825153,0.5382426979328764,2204.3236401154018,0.7235368741465811,MEDIUM,MEDIUM,MEDIUM,5,COST_BASED,COST_BASED,false,false
1,baseline,1,2039,0.0,0.16439909297052155,ELECTRIC_HEAT_PUMP,TOTAL,160283,8627,1216,183837,64393,0.7210568884034746,0.7182140735255476,0.6052763550990434,2065.771388194369,0.7457377994126951,MEDIUM,MEDIUM,MEDIUM,5,COST_BASED,COST_BASED,false,false
1,baseline,1,2040,0.0,0.18253968253968253,ELECTRIC_HEAT_PUMP,TOTAL,166116,9902,4069,193739,62489,0.7404495608190788,0.7361095866371661,0.6546169901140683,2127.5903278977103,0.7553977422224517,MEDIUM,MEDIUM,MEDIUM,5,COST_BASED,COST_BASED,false,false
1,baseline,1,2041,0.0,0.19047619047619047,ELECTRIC_HEAT_PUMP,TOTAL,171744,11554,5926,205293,75791,0.7522716617471583,0.7545652644997147,0.6880176575409331,2031.953226636408,0.7717755669275653,MEDIUM,MEDIUM,MEDIUM,5,COST_BASED,COST_BASED,false,false
1,baseline,1,2042,0.0,0.20861678004535147,ELECTRIC_HEAT_PUMP,TOTAL,175587,12542,8699,217835,80031,0.7567984323937789,0.7700670184318722,0.7028197382698895,1998.924166885332,0.7901959849818968,MEDIUM,MEDIUM,MEDIUM,5,COST_BASED,COST_BASED,false,false
1,baseline,1,2043,0.0,0.22448979591836735,ELECTRIC_HEAT_PUMP,TOTAL,178811,11637,8413,229472,90650,0.7537698459499885,0.7721320780825961,0.6982141807029562,1985.0908439051295,0.7952021104606775,MEDIUM,MEDIUM,MEDIUM,5,COST_BASED,COST_BASED,false,false
1,baseline,1,2044,0.0,0.23015873015873015,ELECTRIC_HEAT_PUMP,TOTAL,182021,13291,10081,242763,96831,0.7441900943687784,0.7671350476595244,0.6762385915209657,1935.377131290599,0.7955954000168276,MEDIUM,MEDIUM,MEDIUM,5,COST_BASED,COST_BASED,false,false
1,baseline,1,2045,0.0,0.23015873015873015,ELECTRIC_HEAT_PUMP,TOTAL,183605,13787,12203,256550,99706,0.744145839335494,0.775147557501531,0.6814738539978816,1908.030529757487,0.8063164129189537,MEDIUM,MEDIUM,MEDIUM,5,COST_BASED,COST_BASED,false,false
1,baseline,1,2046,0.0,0.23015873015873015,ELECTRIC_HEAT_PUMP,TOTAL,184651,13125,12079,269675,103069,0.739344286088458,0.7737279381184473,0.6700178742872727,1901.754038556695,0.8082513670837382,MEDIUM,MEDIUM,MEDIUM,5,COST_BASED,COST_BASED,false,false
1,baseline,1,2047,0.0,0.23015873015873015,ELECTRIC_HEAT_PUMP,TOTAL,185411,14851,14091,284526,110620,0.7313758704974078,0.7639154536889373,0.6485050396140835,1877.1945217862954,0.8009029530055425,MEDIUM,MEDIUM,MEDIUM,5,COST_BASED,COST_BASED,false,false
1,baseline,1,2048,0.0,0.23015873015873015,ELECTRIC_HEAT_PUMP,TOTAL,186562,15258,14107,299784,111535,0.7232053266101683,0.7609807098598712,0.6270130932426898,1866.645743488591,0.8039164598266104,MEDIUM,MEDIUM,MEDIUM,5,COST_BASED,COST_BASED,false,false
1,baseline,1,2049,0.0,0.23015873015873015,ELECTRIC_HEAT_PUMP,TOTAL,186386,15322,15498,315106,108683,0.710972857034562,0.7486938995279575,0.5947611350272034,1882.7168738441155,0.7966073512765107,MEDIUM,MEDIUM,MEDIUM,5,COST_BASED,COST_BASED,false,false
1,baseline,1,2050,0.0,0.23015873015873015,ELECTRIC_HEAT_PUMP,TOTAL,186813,13960,13533,329066,106764,0.6996445713560412,0.7447286594592071,0.5686335325746157,1852.178046907197,0.8000234632061417,MEDIUM,MEDIUM,MEDIUM,5,COST_BASED,COST_BASED,false,false
1,baseline,1,2024,0.0,0.0,ELECTRIC_HEAT_PUMP,PRIVATELY_OWNED,18595,18595,0,18595,0,0.0,0.0,0.0,0.0,0.0,MEDIUM,MEDIUM,MEDIUM,5,COST_BASED,COST_BASED,false,false
1,baseline,1,2025,0.0,0.024943310657596373,ELECTRIC_HEAT_PUMP,PRIVATELY_OWNED,20132,4002,2465,22597,84357,0.7147488352580794,0.5643772897287388,0.08373272641861054,2924.6740638002775,0.6469455441739509,MEDIUM,MEDIUM,MEDIUM,5,COST_BASED,COST_BASED,false,false
1,baseline,1,2026,0.0,0.024943310657596373,ELECTRIC_HEAT_PUMP,PRIVATELY_OWNED,24586,5837,1383,28434,79805,0.7118718515253657,0.5609855974642626,0.09794179305054523,2894.783923313076,0.6390249850524146,MEDIUM,MEDIUM,MEDIUM,5,COST_BASED,COST_BASED,false,false
1,baseline,1,2027,0.0,0.024943310657596373,ELECTRIC_HEAT_PUMP,PRIVATELY_OWNED,31916,8553,1223,36987,77046,0.7066736271244927,0.5726909869199798,0.12062638221642055,2851.0374192041118,0.6522114780447456,MEDIUM,MEDIUM,MEDIUM,5,COST_BASED,COST_BASED,false,false
1,baseline,1,2028,0.0,0.024943310657596373,ELECTRIC_HEAT_PUMP,PRIVATELY_OWNED,39165,8336,1087,45323,73143,0.6989963809236909,0.5782367528428636,0.14625938441793243,2793.8326292331462,0.656041187928897,MEDIUM,MEDIUM,MEDIUM,5,COST_BASED,COST_BASED,false,false
1,baseline,1,2029,0.0,0.024943310657596373,ELECTRIC_HEAT_PUMP,PRIVATELY_OWNED,47963,10055,1257,55378,71405,0.6946831368051549,0.577043371655803,0.17087997502704053,2742.147482669281,0.6491742795256737,MEDIUM,MEDIUM,MEDIUM,5,COST_BASED,COST_BASED,false,false
1,baseline,1,2030,0.0,0.045351473922902494,ELECTRIC_HEAT_PUMP,PRIVATELY_OWNED,59198,12411,1176,67789,67197,0.6895990518305423,0.5903641782592526,0.2040804234268608,2674.8695923925175,0.6621263985745238,MEDIUM,MEDIUM,MEDIUM,5,COST_BASED,COST_BASED,false,false
1,baseline,1,2031,0.0,0.061224489795918366,ELECTRIC_HEAT_PUMP,PRIVATELY_OWNED,70203,12202,1197,79991,63059,0.6839345106884781,0.5952758981134454,0.24228209561142108,2617.8795096655513,0.6613596955951807,MEDIUM,MEDIUM,MEDIUM,5,COST_BASED,COST_BASED,false,false
1,baseline,1,2032,0.0,0.07369614512471655,ELECTRIC_HEAT_PUMP,PRIVATELY_OWNED,83192,14234,1245,94225,61137,0.6827180511853636,0.6071926981232991,0.2838661233234077,2549.4830299164173,0.6691430035577599,MEDIUM,MEDIUM,MEDIUM,5,COST_BASED,COST_BASED,false,false
1,baseline,1,2033,0.0,0.08276643990929705,ELECTRIC_HEAT_PUMP,PRIVATELY_OWNED,96236,14307,1263,108532,54829,0.6810192077749356,0.618583103015216,0.3313051193217838,2474.9777307629174,0.6747935727486595,MEDIUM,MEDIUM,MEDIUM,5,COST_BASED,COST_BASED,false,false
1,baseline,1,2034,0.0,0.10090702947845805,ELECTRIC_HEAT_PUMP,PRIVATELY_OWNED,109881,14994,1349,123526,51803,0.6766072895545859,0.6281353559465108,0.3655738556508524,2490.088624210953,0.6816577476184107,MEDIUM,MEDIUM,MEDIUM,5,COST_BASED,COST_BASED,false,false
1,baseline,1,2035,0.0,0.11678004535147392,ELECTRIC_HEAT_PUMP,PRIVATELY_OWNED,122166,13666,1381,137192,46126,0.6702941355562402,0.6280609760215997,0.39246859579901117,2462.7525473702467,0.6764007811935988,MEDIUM,MEDIUM,MEDIUM,5,COST_BASED,COST_BASED,false,false
1,baseline,1,2036,0.0,0.1349206349206349,ELECTRIC_HEAT_PUMP,PRIVATELY_OWNED,132735,11885,1316,149077,39092,0.6642234665577527,0.6358317322823787,0.41414579017335146,2439.1798833520925,0.6841552842407892,MEDIUM,MEDIUM,MEDIUM,5,COST_BASED,COST_BASED,false,false
1,baseline,1,2037,0.0,0.14285714285714285,ELECTRIC_HEAT_PUMP,PRIVATELY_OWNED,143090,11477,1122,160554,38349,0.6769234099934058,0.660931481034283,0.47404917729850543,2386.040105348249,0.7036540747284415,MEDIUM,MEDIUM,MEDIUM,5,COST_BASED,COST_BASED,false,false
1,baseline,1,2038,0.0,0.15306122448979592,ELECTRIC_HEAT_PUMP,PRIVATELY_OWNED,151836,9753,1007,170307,40381,0.6959589141758575,0.6880581847825153,0.5382426979328764,2314.188801664149,0.7235368741465811,MEDIUM,MEDIUM,MEDIUM,5,COST_BASED,COST_BASED,false,false
1,baseline,1,2039,0.0,0.16439909297052155,ELECTRIC_HEAT_PUMP,PRIVATELY_OWNED,159477,8610,969,178917,47100,0.7210568884034746,0.7182140735255476,0.6052763550990434,2247.6506794055203,0.7457377994126951,MEDIUM,MEDIUM,MEDIUM,5,COST_BASED,COST_BASED,false,false
1,baseline,1,2040,0.0,0.18253968253968253,ELECTRIC_HEAT_PUMP,PRIVATELY_OWNED,165288,9880,4069,188797,52645,0.7404495608190788,0.7361095866371661,0.6546169901140683,2183.478412004939,0.7553977422224517,MEDIUM,MEDIUM,MEDIUM,5,COST_BASED,COST_BASED,false,false
1,baseline,1,2041,0.0,0.19047619047619047,ELECTRIC_HEAT_PUMP,PRIVATELY_OWNED,170875,11513,5926,200310,58670,0.7522716617471583,0.7545652644997147,0.6880176575409331,2126.2075507073464,0.7717755669275653,MEDIUM,MEDIUM,MEDIUM,5,COST_BASED,COST_BASED,false,false
1,baseline,1,2042,0.0,0.20861678004535147,ELECTRIC_HEAT_PUMP,PRIVATELY_OWNED,174690,12514,8699,212824,64240,0.7567984323937789,0.7700670184318722,0.7028197382698895,2078.7865815691157,0.7901959849818968,MEDIUM,MEDIUM,MEDIUM,5,COST_BASED,COST_BASED,false,false
1,baseline,1,2043,0.0,0.22448979591836735,ELECTRIC_HEAT_PUMP,PRIVATELY_OWNED,177810,11531,8411,224355,69009,0.7537698459499885,0.7721320780825961,0.6982141807029562,2038.026793606631,0.7952021104606775,MEDIUM,MEDIUM,MEDIUM,5,COST_BASED,COST_BASED,false,false
1,baseline,1,2044,0.0,0.23015873015873015,ELECTRIC_HEAT_PUMP,PRIVATELY_OWNED,180683,12951,10078,237306,80946,0.7441900943687784,0.7671350476595244,0.6762385915209657,2010.4454698193858,0.7955954000168276,MEDIUM,MEDIUM,MEDIUM,5,COST_BASED,COST_BASED,false,false
1,baseline,1,2045,0.0,0.23015873015873015,ELECTRIC_HEAT_PUMP,PRIVATELY_OWNED,182211,13731,12203,251037,84362,0.744145839335494,0.775147557501531,0.6814738539978816,1965.6733718972998,0.8063164129189537,MEDIUM,MEDIUM,MEDIUM,5,COST_BASED,COST_BASED,false,false
1,baseline,1,2046,0.0,0.23015873015873015,ELECTRIC_HEAT_PUMP,PRIVATELY_OWNED,183202,13068,12077,264105,89571,0.739344286088458,0.7737279381184473,0.6700178742872727,1947.9913141530183,0.8082513670837382,MEDIUM,MEDIUM,MEDIUM,5,COST_BASED,COST_BASED,false,false
1,baseline,1,2047,0.0,0.23015873015873015,ELECTRIC_HEAT_PUMP,PRIVATELY_OWNED,183879,14758,14081,278863,95454,0.7313758704974078,0.7639154536889373,0.6485050396140835,1937.2922035744966,0.8009029530055425,MEDIUM,MEDIUM,MEDIUM,5,COST_BASED,COST_BASED,false,false
1,baseline,1,2048,0.0,0.23015873015873015,ELECTRIC_HEAT_PUMP,PRIVATELY_OWNED,184791,15016,14104,293879,95900,0.7232053266101683,0.7609807098598712,0.6270130932426898,1922.5274139728883,0.8039164598266104,MEDIUM,MEDIUM,MEDIUM,5,COST_BASED,COST_BASED,false,false
1,baseline,1,2049,0.0,0.23015873015873015,ELECTRIC_HEAT_PUMP,PRIVATELY_OWNED,185202,15214,14803,309093,96652,0.710972857034562,0.7486938995279575,0.5947611350272034,1928.9075342465753,0.7966073512765107,MEDIUM,MEDIUM,MEDIUM,5,COST_BASED,COST_BASED,false,false
1,baseline,1,2050,0.0,0.23015873015873015,ELECTRIC_HEAT_PUMP,PRIVATELY_OWNED,185520,13840,13522,322933,92255,0.6996445713560412,0.7447286594592071,0.5686335325746157,1915.548642350008,0.8000234632061417,MEDIUM,MEDIUM,MEDIUM,5,COST_BASED,COST_BASED,false,false
1,baseline,1,2024,0.0,0.0,ELECTRIC_HEAT_PUMP,SOCIAL_HOUSING,271,271,0,271,0,0.0,0.0,0.0,0.0,0.0,MEDIUM,MEDIUM,MEDIUM,5,COST_BASED,COST_BASED,false,false
1,baseline,1,2025,0.0,0.024943310657596373,ELECTRIC_HEAT_PUMP,SOCIAL_HOUSING,254,0,17,271,7418,0.0,0.0,0.0,2340.8558910757615,0.0,MEDIUM,MEDIUM,MEDIUM,5,COST_BASED,COST_BASED,false,false
1,baseline,1,2026,0.0,0.024943310657596373,ELECTRIC_HEAT_PUMP,SOCIAL_HOUSING,254,0,0,271,6779,0.0,0.0,0.0,2035.7591090131289,0.0,MEDIUM,MEDIUM,MEDIUM,5,COST_BASED,COST_BASED,false,false
1,baseline,1,2027,0.0,0.024943310657596373,ELECTRIC_HEAT_PUMP,SOCIAL_HOUSING,254,0,0,271,10932,0.0,0.0,0.0,1920.3601353823638,0.0,MEDIUM,MEDIUM,MEDIUM,5,COST_BASED,COST_BASED,false,false
1,baseline,1,2028,0.0,0.024943310657596373,ELECTRIC_HEAT_PUMP,SOCIAL_HOUSING,254,0,0,271,3846,0.0,0.0,0.0,2111.2607904316174,0.0,MEDIUM,MEDIUM,MEDIUM,5,COST_BASED,COST_BASED,false,false
1,baseline,1,2029,0.0,0.024943310657596373,ELECTRIC_HEAT_PUMP,SOCIAL_HOUSING,251,0,3,271,10809,0.0,0.0,0.0,2085.124710889074,0.0,MEDIUM,MEDIUM,MEDIUM,5,COST_BASED,COST_BASED,false,false
1,baseline,1,2030,0.0,0.045351473922902494,ELECTRIC_HEAT_PUMP,SOCIAL_HOUSING,251,0,0,271,10531,0.0,0.0,0.0,2021.4450669452094,0.0,MEDIUM,MEDIUM,MEDIUM,5,COST_BASED,COST_BASED,false,false
1,baseline,1,2031,0.0,0.061224489795918366,ELECTRIC_HEAT_PUMP,SOCIAL_HOUSING,251,0,0,271,15907,0.0,0.0,0.0,2106.5566731627587,0.0,MEDIUM,MEDIUM,MEDIUM,5,COST_BASED,COST_BASED,false,false
1,baseline,1,2032,0.0,0.07369614512471655,ELECTRIC_HEAT_PUMP,SOCIAL_HOUSING,249,0,2,271,5104,0.0,0.0,0.0,2074.1114811912225,0.0,MEDIUM,MEDIUM,MEDIUM,5,COST_BASED,COST_BASED,false,false
1,baseline,1,2033,0.0,0.08276643990929705,ELECTRIC_HEAT_PUMP,SOCIAL_HOUSING,249,0,0,271,8595,0.0,0.0,0.0,1756.1368237347294,0.0,MEDIUM,MEDIUM,MEDIUM,5,COST_BASED,COST_BASED,false,false
1,baseline,1,2034,0.0,0.10090702947845805,ELECTRIC_HEAT_PUMP,SOCIAL_HOUSING,926,683,6,954,7044,0.0,0.0,0.0,1770.816581487791,0.0,MEDIUM,MEDIUM,MEDIUM,5,COST_BASED,COST_BASED,false,false
1,baseline,1,2035,0.0,0.11678004535147392,ELECTRIC_HEAT_PUMP,SOCIAL_HOUSING,926,0,0,954,10028,0.0,0.0,0.0,1729.0863581970482,0.0,MEDIUM,MEDIUM,MEDIUM,5,COST_BASED,COST_BASED,false,false
1,baseline,1,2036,0.0,0.1349206349206349,ELECTRIC_HEAT_PUMP,SOCIAL_HOUSING,923,0,3,954,7965,0.0,0.0,0.0,2014.108097928437,0.0,MEDIUM,MEDIUM,MEDIUM,5,COST_BASED,COST_BASED,false,false
1,baseline,1,2037,0.0,0.14285714285714285,ELECTRIC_HEAT_PUMP,SOCIAL_HOUSING,716,0,207,954,7599,0.0,0.0,0.0,1653.7369390709305,0.0,MEDIUM,MEDIUM,MEDIUM,5,COST_BASED,COST_BASED,false,false
1,baseline,1,2038,0.0,0.15306122448979592,ELECTRIC_HEAT_PUMP,SOCIAL_HOUSING,683,0,33,954,5162,0.0,0.0,0.0,1797.4769469197986,0.0,MEDIUM,MEDIUM,MEDIUM,5,COST_BASED,COST_BASED,false,false
1,baseline,1,2039,0.0,0.16439909297052155,ELECTRIC_HEAT_PUMP,SOCIAL_HOUSING,683,0,0,954,10509,0.0,0.0,0.0,1403.6141402607288,0.0,MEDIUM,MEDIUM,MEDIUM,5,COST_BASED,COST_BASED,false,false
1,baseline,1,2040,0.0,0.18253968253968253,ELECTRIC_HEAT_PUMP,SOCIAL_HOUSING,683,0,0,954,3299,0.0,0.0,0.0,1836.8842073355563,0.0,MEDIUM,MEDIUM,MEDIUM,5,COST_BASED,COST_BASED,false,false
1,baseline,1,2041,0.0,0.19047619047619047,ELECTRIC_HEAT_PUMP,SOCIAL_HOUSING,683,0,0,954,8162,0.0,0.0,0.0,1679.8235726537614,0.0,MEDIUM,MEDIUM,MEDIUM,5,COST_BASED,COST_BASED,false,false
1,baseline,1,2042,0.0,0.20861678004535147,ELECTRIC_HEAT_PUMP,SOCIAL_HOUSING,683,0,0,954,8013,0.0,0.0,0.0,1519.2075377511544,0.0,MEDIUM,MEDIUM,MEDIUM,5,COST_BASED,COST_BASED,false,false
1,baseline,1,2043,0.0,0.22448979591836735,ELECTRIC_HEAT_PUMP,SOCIAL_HOUSING,755,72,0,1026,14363,0.0,0.0,0.0,1848.2314975979948,0.0,MEDIUM,MEDIUM,MEDIUM,5,COST_BASED,COST_BASED,false,false
1,baseline,1,2044,0.0,0.23015873015873015,ELECTRIC_HEAT_PUMP,SOCIAL_HOUSING,1054,299,0,1325,8031,0.0,0.0,0.0,1415.2114307060142,0.0,MEDIUM,MEDIUM,MEDIUM,5,COST_BASED,COST_BASED,false,false
1,baseline,1,2045,0.0,0.23015873015873015,ELECTRIC_HEAT_PUMP,SOCIAL_HOUSING,1054,0,0,1325,8393,0.0,0.0,0.0,1498.375431907542,0.0,MEDIUM,MEDIUM,MEDIUM,5,COST_BASED,COST_BASED,false,false
1,baseline,1,2046,0.0,0.23015873015873015,ELECTRIC_HEAT_PUMP,SOCIAL_HOUSING,1054,0,0,1325,6893,0.0,0.0,0.0,1544.5315537501813,0.0,MEDIUM,MEDIUM,MEDIUM,5,COST_BASED,COST_BASED,false,false
1,baseline,1,2047,0.0,0.23015873015873015,ELECTRIC_HEAT_PUMP,SOCIAL_HOUSING,1054,0,0,1325,6444,0.0,0.0,0.0,1551.203445065177,0.0,MEDIUM,MEDIUM,MEDIUM,5,COST_BASED,COST_BASED,false,false
1,baseline,1,2048,0.0,0.23015873015873015,ELECTRIC_HEAT_PUMP,SOCIAL_HOUSING,1054,0,0,1325,8734,0.0,0.0,0.0,1444.6202198305473,0.0,MEDIUM,MEDIUM,MEDIUM,5,COST_BASED,COST_BASED,false,false
1,baseline,1,2049,0.0,0.23015873015873015,ELECTRIC_HEAT_PUMP,SOCIAL_HOUSING,371,0,683,1325,5454,0.0,0.0,0.0,1351.590942427576,0.0,MEDIUM,MEDIUM,MEDIUM,5,COST_BASED,COST_BASED,false,false
1,baseline,1,2050,0.0,0.23015873015873015,ELECTRIC_HEAT_PUMP,SOCIAL_HOUSING,371,0,0,1325,6858,0.0,0.0,0.0,1306.006270049577,0.0,MEDIUM,MEDIUM,MEDIUM,5,COST_BASED,COST_BASED,false,false
1,baseline,1,2024,0.0,0.0,ELECTRIC_HEAT_PUMP,PRIVATELY_RENTED,3843,3843,0,3843,0,0.0,0.0,0.0,0.0,0.0,MEDIUM,MEDIUM,MEDIUM,5,COST_BASED,COST_BASED,false,false
1,baseline,1,2025,0.0,0.024943310657596373,ELECTRIC_HEAT_PUMP,PRIVATELY_RENTED,3557,0,286,3843,5942,0.0,0.0,0.0,2447.390777515988,0.0,MEDIUM,MEDIUM,MEDIUM,5,COST_BASED,COST_BASED,false,false
1,baseline,1,2026,0.0,0.024943310657596373,ELECTRIC_HEAT_PUMP,PRIVATELY_RENTED,3317,0,240,3843,5892,0.0,0.0,0.0,2420.943482688391,0.0,MEDIUM,MEDIUM,MEDIUM,5,COST_BASED,COST_BASED,false,false
1,baseline,1,2027,0.0,0.024943310657596373,ELECTRIC_HEAT_PUMP,PRIVATELY_RENTED,3087,0,230,3843,5620,0.0,0.0,0.0,2384.205338078292,0.0,MEDIUM,MEDIUM,MEDIUM,5,COST_BASED,COST_BASED,false,false
1,baseline,1,2028,0.0,0.024943310657596373,ELECTRIC_HEAT_PUMP,PRIVATELY_RENTED,2810,2,279,3845,5920,0.0,0.0,0.0,2328.0111486486485,0.0,MEDIUM,MEDIUM,MEDIUM,5,COST_BASED,COST_BASED,false,false
1,baseline,1,2029,0.0,0.024943310657596373,ELECTRIC_HEAT_PUMP,PRIVATELY_RENTED,2543,3,270,3848,5737,0.0,0.0,0.0,2260.539306257626,0.0,MEDIUM,MEDIUM,MEDIUM,5,COST_BASED,COST_BASED,false,false
1,baseline,1,2030,0.0,0.045351473922902494,ELECTRIC_HEAT_PUMP,PRIVATELY_RENTED,2326,0,217,3848,5770,0.0,0.0,0.0,2257.040034662045,0.0,MEDIUM,MEDIUM,MEDIUM,5,COST_BASED,COST_BASED,false,false
1,baseline,1,2031,0.0,0.061224489795918366,ELECTRIC_HEAT_PUMP,PRIVATELY_RENTED,2060,2,268,3850,5793,0.0,0.0,0.0,2207.452787847402,0.0,MEDIUM,MEDIUM,MEDIUM,5,COST_BASED,COST_BASED,false,false
1,baseline,1,2032,0.0,0.07369614512471655,ELECTRIC_HEAT_PUMP,PRIVATELY_RENTED,1805,10,265,3860,6023,0.0,0.0,0.0,2117.253528142122,0.0,MEDIUM,MEDIUM,MEDIUM,5,COST_BASED,COST_BASED,false,false
1,baseline,1,2033,0.0,0.08276643990929705,ELECTRIC_HEAT_PUMP,PRIVATELY_RENTED,1555,3,253,3863,5913,0.0,0.0,0.0,2079.4412311855235,0.0,MEDIUM,MEDIUM,MEDIUM,5,COST_BASED,COST_BASED,false,false
1,baseline,1,2034,0.0,0.10090702947845805,ELECTRIC_HEAT_PUMP,PRIVATELY_RENTED,1313,12,254,3875,5586,0.0,0.0,0.0,2105.6453634085215,0.0,MEDIUM,MEDIUM,MEDIUM,5,COST_BASED,COST_BASED,false,false
1,baseline,1,2035,0.0,0.11678004535147392,ELECTRIC_HEAT_PUMP,PRIVATELY_RENTED,1030,11,294,3886,5734,0.0,0.0,0.0,2055.5106382978724,0.0,MEDIUM,MEDIUM,MEDIUM,5,COST_BASED,COST_BASED,false,false
1,baseline,1,2036,0.0,0.1349206349206349,ELECTRIC_HEAT_PUMP,PRIVATELY_RENTED,789,14,255,3900,5694,0.0,0.0,0.0,2028.718124341412,0.0,MEDIUM,MEDIUM,MEDIUM,5,COST_BASED,COST_BASED,false,false
1,baseline,1,2037,0.0,0.14285714285714285,ELECTRIC_HEAT_PUMP,PRIVATELY_RENTED,575,30,244,3930,5430,0.0,0.0,0.0,1938.5046040515654,0.0,MEDIUM,MEDIUM,MEDIUM,5,COST_BASED,COST_BASED,false,false
1,baseline,1,2038,0.0,0.15306122448979592,ELECTRIC_HEAT_PUMP,PRIVATELY_RENTED,353,19,241,3949,5136,0.0,0.0,0.0,1938.143691588785,0.0,MEDIUM,MEDIUM,MEDIUM,5,COST_BASED,COST_BASED,false,false
1,baseline,1,2039,0.0,0.16439909297052155,ELECTRIC_HEAT_PUMP,PRIVATELY_RENTED,123,17,247,3966,4655,0.0,0.0,0.0,1942.8839957035445,0.0,MEDIUM,MEDIUM,MEDIUM,5,COST_BASED,COST_BASED,false,false
1,baseline,1,2040,0.0,0.18253968253968253,ELECTRIC_HEAT_PUMP,PRIVATELY_RENTED,145,22,0,3988,5242,0.0,0.0,0.0,1933.064097672644,0.0,MEDIUM,MEDIUM,MEDIUM,5,COST_BASED,COST_BASED,false,false
1,baseline,1,2041,0.0,0.19047619047619047,ELECTRIC_HEAT_PUMP,PRIVATELY_RENTED,186,41,0,4029,5152,0.0,0.0,0.0,1924.5679347826087,0.0,MEDIUM,MEDIUM,MEDIUM,5,COST_BASED,COST_BASED,false,false
1,baseline,1,2042,0.0,0.20861678004535147,ELECTRIC_HEAT_PUMP,PRIVATELY_RENTED,214,28,0,4057,5132,0.0,0.0,0.0,1910.1344505066252,0.0,MEDIUM,MEDIUM,MEDIUM,5,COST_BASED,COST_BASED,false,false
1,baseline,1,2043,0.0,0.22448979591836735,ELECTRIC_HEAT_PUMP,PRIVATELY_RENTED,246,34,2,4091,5309,0.0,0.0,0.0,1876.615181766811,0.0,MEDIUM,MEDIUM,MEDIUM,5,COST_BASED,COST_BASED,false,false
1,baseline,1,2044,0.0,0.23015873015873015,ELECTRIC_HEAT_PUMP,PRIVATELY_RENTED,284,41,3,4132,5526,0.0,0.0,0.0,1803.0895765472312,0.0,MEDIUM,MEDIUM,MEDIUM,5,COST_BASED,COST_BASED,false,false
1,baseline,1,2045,0.0,0.23015873015873015,ELECTRIC_HEAT_PUMP,PRIVATELY_RENTED,340,56,0,4188,5473,0.0,0.0,0.0,1784.104878494427,0.0,MEDIUM,MEDIUM,MEDIUM,5,COST_BASED,COST_BASED,false,false
1,baseline,1,2046,0.0,0.23015873015873015,ELECTRIC_HEAT_PUMP,PRIVATELY_RENTED,395,57,2,4245,5202,0.0,0.0,0.0,1811.736063052672,0.0,MEDIUM,MEDIUM,MEDIUM,5,COST_BASED,COST_BASED,false,false
1,baseline,1,2047,0.0,0.23015873015873015,ELECTRIC_HEAT_PUMP,PRIVATELY_RENTED,478,93,10,4338,5334,0.0,0.0,0.0,1766.3282714660668,0.0,MEDIUM,MEDIUM,MEDIUM,5,COST_BASED,COST_BASED,false,false
1,baseline,1,2048,0.0,0.23015873015873015,ELECTRIC_HEAT_PUMP,PRIVATELY_RENTED,577,102,3,4440,5367,0.0,0.0,0.0,1755.0376374138252,0.0,MEDIUM,MEDIUM,MEDIUM,5,COST_BASED,COST_BASED,false,false
1,baseline,1,2049,0.0,0.23015873015873015,ELECTRIC_HEAT_PUMP,PRIVATELY_RENTED,673,108,12,4548,5645,0.0,0.0,0.0,1734.236315323295,0.0,MEDIUM,MEDIUM,MEDIUM,5,COST_BASED,COST_BASED,false,false
1,baseline,1,2050,0.0,0.23015873015873015,ELECTRIC_HEAT_PUMP,PRIVATELY_RENTED,782,120,11,4668,5748,0.0,0.0,0.0,1719.10751565762,0.0,MEDIUM,MEDIUM,MEDIUM,5,COST_BASED,COST_BASED,false,false
1,baseline,1,2024,0.0,0.0,ELECTRIC_HEAT_PUMP,HOME_OWNER_ASSOCIATION,0,0,0,0,0,0.0,0.0,0.0,0.0,0.0,MEDIUM,MEDIUM,MEDIUM,5,COST_BASED,COST_BASED,false,false
1,baseline,1,2025,0.0,0.024943310657596373,ELECTRIC_HEAT_PUMP,HOME_OWNER_ASSOCIATION,0,0,0,0,511,0.0,0.0,0.0,2037.4853228962818,0.0,MEDIUM,MEDIUM,MEDIUM,5,COST_BASED,COST_BASED,false,false
1,baseline,1,2026,0.0,0.024943310657596373,ELECTRIC_HEAT_PUMP,HOME_OWNER_ASSOCIATION,0,0,0,0,1660,0.0,0.0,0.0,1904.0518072289155,0.0,MEDIUM,MEDIUM,MEDIUM,5,COST_BASED,COST_BASED,false,false
1,baseline,1,2027,0.0,0.024943310657596373,ELECTRIC_HEAT_PUMP,HOME_OWNER_ASSOCIATION,0,0,0,0,2146,0.0,0.0,0.0,1853.6663560111836,0.0,MEDIUM,MEDIUM,MEDIUM,5,COST_BASED,COST_BASED,false,false
1,baseline,1,2028,0.0,0.024943310657596373,ELECTRIC_HEAT_PUMP,HOME_OWNER_ASSOCIATION,0,0,0,0,1537,0.0,0.0,0.0,1728.93298633702,0.0,MEDIUM,MEDIUM,MEDIUM,5,COST_BASED,COST_BASED,false,false
1,baseline,1,2029,0.0,0.024943310657596373,ELECTRIC_HEAT_PUMP,HOME_OWNER_ASSOCIATION,0,0,0,0,4288,0.0,0.0,0.0,1680.105177238806,0.0,MEDIUM,MEDIUM,MEDIUM,5,COST_BASED,COST_BASED,false,false
1,baseline,1,2030,0.0,0.045351473922902494,ELECTRIC_HEAT_PUMP,HOME_OWNER_ASSOCIATION,0,0,0,0,2647,0.0,0.0,0.0,1924.0993577635059,0.0,MEDIUM,MEDIUM,MEDIUM,5,COST_BASED,COST_BASED,false,false
1,baseline,1,2031,0.0,0.061224489795918366,ELECTRIC_HEAT_PUMP,HOME_OWNER_ASSOCIATION,0,0,0,0,2613,0.0,0.0,0.0,1506.7956371986222,0.0,MEDIUM,MEDIUM,MEDIUM,5,COST_BASED,COST_BASED,false,false
1,baseline,1,2032,0.0,0.07369614512471655,ELECTRIC_HEAT_PUMP,HOME_OWNER_ASSOCIATION,0,0,0,0,3561,0.0,0.0,0.0,1392.0471777590565,0.0,MEDIUM,MEDIUM,MEDIUM,5,COST_BASED,COST_BASED,false,false
1,baseline,1,2033,0.0,0.08276643990929705,ELECTRIC_HEAT_PUMP,HOME_OWNER_ASSOCIATION,0,0,0,0,1863,0.0,0.0,0.0,1444.0874932903919,0.0,MEDIUM,MEDIUM,MEDIUM,5,COST_BASED,COST_BASED,false,false
1,baseline,1,2034,0.0,0.10090702947845805,ELECTRIC_HEAT_PUMP,HOME_OWNER_ASSOCIATION,0,0,0,0,1070,0.0,0.0,0.0,1437.3149532710281,0.0,MEDIUM,MEDIUM,MEDIUM,5,COST_BASED,COST_BASED,false,false
1,baseline,1,2035,0.0,0.11678004535147392,ELECTRIC_HEAT_PUMP,HOME_OWNER_ASSOCIATION,0,0,0,0,2193,0.0,0.0,0.0,1366.9607843137255,0.0,MEDIUM,MEDIUM,MEDIUM,5,COST_BASED,COST_BASED,false,false
1,baseline,1,2036,0.0,0.1349206349206349,ELECTRIC_HEAT_PUMP,HOME_OWNER_ASSOCIATION,0,0,0,0,1683,0.0,0.0,0.0,1453.9292929292928,0.0,MEDIUM,MEDIUM,MEDIUM,5,COST_BASED,COST_BASED,false,false
1,baseline,1,2037,0.0,0.14285714285714285,ELECTRIC_HEAT_PUMP,HOME_OWNER_ASSOCIATION,0,0,0,0,511,0.0,0.0,0.0,1500.4598825831702,0.0,MEDIUM,MEDIUM,MEDIUM,5,COST_BASED,COST_BASED,false,false
1,baseline,1,2038,0.0,0.15306122448979592,ELECTRIC_HEAT_PUMP,HOME_OWNER_ASSOCIATION,0,0,0,0,1660,0.0,0.0,0.0,1620.4548192771085,0.0,MEDIUM,MEDIUM,MEDIUM,5,COST_BASED,COST_BASED,false,false
1,baseline,1,2039,0.0,0.16439909297052155,ELECTRIC_HEAT_PUMP,HOME_OWNER_ASSOCIATION,0,0,0,0,2129,0.0,0.0,0.0,1579.2221700328794,0.0,MEDIUM,MEDIUM,MEDIUM,5,COST_BASED,COST_BASED,false,false
1,baseline,1,2040,0.0,0.18253968253968253,ELECTRIC_HEAT_PUMP,HOME_OWNER_ASSOCIATION,0,0,0,0,1303,0.0,0.0,0.0,1388.1565617805065,0.0,MEDIUM,MEDIUM,MEDIUM,5,COST_BASED,COST_BASED,false,false
1,baseline,1,2041,0.0,0.19047619047619047,ELECTRIC_HEAT_PUMP,HOME_OWNER_ASSOCIATION,0,0,0,0,3807,0.0,0.0,0.0,1479.6627265563436,0.0,MEDIUM,MEDIUM,MEDIUM,5,COST_BASED,COST_BASED,false,false
1,baseline,1,2042,0.0,0.20861678004535147,ELECTRIC_HEAT_PUMP,HOME_OWNER_ASSOCIATION,0,0,0,0,2646,0.0,0.0,0.0,1684.9697656840515,0.0,MEDIUM,MEDIUM,MEDIUM,5,COST_BASED,COST_BASED,false,false
1,baseline,1,2043,0.0,0.22448979591836735,ELECTRIC_HEAT_PUMP,HOME_OWNER_ASSOCIATION,0,0,0,0,1969,0.0,0.0,0.0,1420.617064499746,0.0,MEDIUM,MEDIUM,MEDIUM,5,COST_BASED,COST_BASED,false,false
1,baseline,1,2044,0.0,0.23015873015873015,ELECTRIC_HEAT_PUMP,HOME_OWNER_ASSOCIATION,0,0,0,0,2328,0.0,0.0,0.0,1433.6546391752577,0.0,MEDIUM,MEDIUM,MEDIUM,5,COST_BASED,COST_BASED,false,false
1,baseline,1,2045,0.0,0.23015873015873015,ELECTRIC_HEAT_PUMP,HOME_OWNER_ASSOCIATION,0,0,0,0,1478,0.0,0.0,0.0,1403.0338294993235,0.0,MEDIUM,MEDIUM,MEDIUM,5,COST_BASED,COST_BASED,false,false
1,baseline,1,2046,0.0,0.23015873015873015,ELECTRIC_HEAT_PUMP,HOME_OWNER_ASSOCIATION,0,0,0,0,1403,0.0,0.0,0.0,1038.6671418389167,0.0,MEDIUM,MEDIUM,MEDIUM,5,COST_BASED,COST_BASED,false,false
1,baseline,1,2047,0.0,0.23015873015873015,ELECTRIC_HEAT_PUMP,HOME_OWNER_ASSOCIATION,0,0,0,0,3388,0.0,0.0,0.0,978.5767414403778,0.0,MEDIUM,MEDIUM,MEDIUM,5,COST_BASED,COST_BASED,false,false
1,baseline,1,2048,0.0,0.23015873015873015,ELECTRIC_HEAT_PUMP,HOME_OWNER_ASSOCIATION,140,140,0,140,1534,0.0,0.0,0.0,1166.4628422425033,0.0,MEDIUM,MEDIUM,MEDIUM,5,COST_BASED,COST_BASED,false,false
1,baseline,1,2049,0.0,0.23015873015873015,ELECTRIC_HEAT_PUMP,HOME_OWNER_ASSOCIATION,140,0,0,140,932,0.0,0.0,0.0,1100.0064377682404,0.0,MEDIUM,MEDIUM,MEDIUM,5,COST_BASED,COST_BASED,false,false
1,baseline,1,2050,0.0,0.23015873015873015,ELECTRIC_HEAT_PUMP,HOME_OWNER_ASSOCIATION,140,0,0,140,1903,0.0,0.0,0.0,1150.2764056752496,0.0,MEDIUM,MEDIUM,MEDIUM,5,COST_BASED,COST_BASED,false,false
1,baseline,1,2024,0.0,0.0,HYBRID_HEAT_PUMP,TOTAL,11397,11397,0,11397,0,0.0,0.0,0.0,0.0,0.0,MEDIUM,MEDIUM,MEDIUM,5,COST_BASED,COST_BASED,false,false
1,baseline,1,2025,0.0,0.024943310657596373,HYBRID_HEAT_PUMP,TOTAL,15001,4587,983,15984,98228,0.7654049117438433,0.5889930442221821,0.04751825539040929,2117.995347558741,0.6802587745497101,MEDIUM,MEDIUM,MEDIUM,5,COST_BASED,COST_BASED,false,false
1,baseline,1,2026,0.0,0.024943310657596373,HYBRID_HEAT_PUMP,TOTAL,19676,5531,856,21515,94136,0.7675918906831362,0.575999403667874,0.05979373180188019,2075.8085217132657,0.6571526998805535,MEDIUM,MEDIUM,MEDIUM,5,COST_BASED,COST_BASED,false,false
1,baseline,1,2027,0.0,0.024943310657596373,HYBRID_HEAT_PUMP,TOTAL,24142,5361,895,26876,95744,0.7722798629035812,0.5826190585560491,0.07044357012859079,2023.9436309324867,0.6632477295760352,MEDIUM,MEDIUM,MEDIUM,5,COST_BASED,COST_BASED,false,false
1,baseline,1,2028,0.0,0.024943310657596373,HYBRID_HEAT_PUMP,TOTAL,28910,5524,756,32400,84446,0.7783661690722546,0.5885669303097323,0.08227813834871814,2037.252457191578,0.667689318609347,MEDIUM,MEDIUM,MEDIUM,5,COST_BASED,COST_BASED,false,false
1,baseline,1,2029,0.0,0.024943310657596373,HYBRID_HEAT_PUMP,TOTAL,40926,12773,757,45173,92239,0.7822926541762375,0.5979498922907605,0.10140250805302332,1952.970674009909,0.6760010478788292,MEDIUM,MEDIUM,MEDIUM,5,COST_BASED,COST_BASED,false,false
1,baseline,1,2030,0.0,0.045351473922902494,HYBRID_HEAT_PUMP,TOTAL,50583,10450,793,55623,86145,0.7857979445604691,0.5964912142037747,0.13148001073677934,1929.5505601021534,0.6654173324813576,MEDIUM,MEDIUM,MEDIUM,5,COST_BASED,COST_BASED,false,false
1,baseline,1,2031,0.0,0.061224489795918366,HYBRID_HEAT_PUMP,TOTAL,61968,12182,797,67805,87372,0.7901692319478534,0.60817589020865,0.15574750663913653,1884.9733324177082,0.6757846506662479,MEDIUM,MEDIUM,MEDIUM,5,COST_BASED,COST_BASED,false,false
1,baseline,1,2032,0.0,0.07369614512471655,HYBRID_HEAT_PUMP,TOTAL,77466,16282,784,84087,75825,0.790900511945478,0.6248703421405267,0.19370955972810427,1869.6636861193538,0.6911529952924046,MEDIUM,MEDIUM,MEDIUM,5,COST_BASED,COST_BASED,false,false
1,baseline,1,2033,0.0,0.08276643990929705,HYBRID_HEAT_PUMP,TOTAL,90284,13710,892,97797,71200,0.7903620461130371,0.6214246125159563,0.23259878907040937,1816.7518398876405,0.6763967099780734,MEDIUM,MEDIUM,MEDIUM,5,COST_BASED,COST_BASED,false,false
1,baseline,1,2034,0.0,0.10090702947845805,HYBRID_HEAT_PUMP,TOTAL,104055,14620,849,112417,65503,0.7935056950175616,0.633747801089288,0.2645967235453822,1847.3460604857794,0.6860960969931919,MEDIUM,MEDIUM,MEDIUM,5,COST_BASED,COST_BASED,false,false
1,baseline,1,2035,0.0,0.11678004535147392,HYBRID_HEAT_PUMP,TOTAL,122960,19758,853,132175,64081,0.7961839526413927,0.6457101736144086,0.3110779643750315,1788.9672601863267,0.6917497811675126,MEDIUM,MEDIUM,MEDIUM,5,COST_BASED,COST_BASED,false,false
1,baseline,1,2036,0.0,0.1349206349206349,HYBRID_HEAT_PUMP,TOTAL,141032,18824,752,150999,54434,0.7977543390232632,0.6667830267008195,0.3590062318082844,1807.7323915200059,0.7109843973433536,MEDIUM,MEDIUM,MEDIUM,5,COST_BASED,COST_BASED,false,false
1,baseline,1,2037,0.0,0.14285714285714285,HYBRID_HEAT_PUMP,TOTAL,157475,18065,1622,169064,51889,0.7852450569341473,0.6677085764278126,0.3849842326664614,1765.3537744030527,0.709005542241561,MEDIUM,MEDIUM,MEDIUM,5,COST_BASED,COST_BASED,false,false
1,baseline,1,2038,0.0,0.15306122448979592,HYBRID_HEAT_PUMP,TOTAL,171692,15811,1594,184875,52339,0.7689600520375844,0.6746240322714001,0.39109715969226794,1759.6908614990734,0.7219217454746378,MEDIUM,MEDIUM,MEDIUM,5,COST_BASED,COST_BASED,false,false
1,baseline,1,2039,0.0,0.16439909297052155,HYBRID_HEAT_PUMP,TOTAL,190716,20786,1762,205661,64393,0.7491366409822462,0.6775056081806115,0.38169378264782694,1675.0225800941096,0.7335508063633991,MEDIUM,MEDIUM,MEDIUM,5,COST_BASED,COST_BASED,false,false
1,baseline,1,2040,0.0,0.18253968253968253,HYBRID_HEAT_PUMP,TOTAL,203133,16709,4292,222370,62489,0.7327213810948211,0.6841556901073211,0.3668950466801036,1720.6347037078526,0.7513294282172553,MEDIUM,MEDIUM,MEDIUM,5,COST_BASED,COST_BASED,false,false
1,baseline,1,2041,0.0,0.19047619047619047,HYBRID_HEAT_PUMP,TOTAL,215946,19076,6263,241446,75791,0.7245246253215514,0.6862359188068118,0.36160798739298694,1640.2483540262037,0.7578207250315706,MEDIUM,MEDIUM,MEDIUM,5,COST_BASED,COST_BASED,false,false
1,baseline,1,2042,0.0,0.20861678004535147,HYBRID_HEAT_PUMP,TOTAL,229340,18911,5517,260357,80031,0.7220037920671236,0.6847113506070405,0.357636684431027,1618.3905611575515,0.7571569067860238,MEDIUM,MEDIUM,MEDIUM,5,COST_BASED,COST_BASED,false,false
1,baseline,1,2043,0.0,0.22448979591836735,HYBRID_HEAT_PUMP,TOTAL,244251,20888,5977,281245,90650,0.7263153944370434,0.6853483101536206,0.36982552476841385,1593.9228240485384,0.7539872354290764,MEDIUM,MEDIUM,MEDIUM,5,COST_BASED,COST_BASED,false,false
1,baseline,1,2044,0.0,0.23015873015873015,HYBRID_HEAT_PUMP,TOTAL,252444,20960,12767,302205,96831,0.7374700417346742,0.7155955583864876,0.3964005590297783,1580.2069688426227,0.7899256873886086,MEDIUM,MEDIUM,MEDIUM,5,COST_BASED,COST_BASED,false,false
1,baseline,1,2045,0.0,0.23015873015873015,HYBRID_HEAT_PUMP,TOTAL,260817,18432,10059,320637,99706,0.738370737294132,0.7024461635836543,0.3943171774446693,1559.9991374641445,0.7704972666907823,MEDIUM,MEDIUM,MEDIUM,5,COST_BASED,COST_BASED,false,false
1,baseline,1,2046,0.0,0.23015873015873015,HYBRID_HEAT_PUMP,TOTAL,267720,18466,11563,339103,103069,0.7439566006299954,0.7036894605396109,0.4107403686483107,1551.3171273612822,0.7668599484898616,MEDIUM,MEDIUM,MEDIUM,5,COST_BASED,COST_BASED,false,false
1,baseline,1,2047,0.0,0.23015873015873015,HYBRID_HEAT_PUMP,TOTAL,275185,22465,15000,361568,110620,0.7521867746581552,0.7282510943778193,0.433813215685501,1529.1874887000542,0.7958766439808102,MEDIUM,MEDIUM,MEDIUM,5,COST_BASED,COST_BASED,false,false
1,baseline,1,2048,0.0,0.23015873015873015,HYBRID_HEAT_PUMP,TOTAL,280446,18902,13641,380470,111535,0.760258764688281,0.7255289480527031,0.45104751463230014,1520.2393239790201,0.7854668522489173,MEDIUM,MEDIUM,MEDIUM,5,COST_BASED,COST_BASED,false,false
1,baseline,1,2049,0.0,0.23015873015873015,HYBRID_HEAT_PUMP,TOTAL,285269,18953,14130,399423,108683,0.771533842316329,0.7212980750297852,0.48744825986814044,1528.560372827397,0.7672015869985642,MEDIUM,MEDIUM,MEDIUM,5,COST_BASED,COST_BASED,false,false
1,baseline,1,2050,0.0,0.23015873015873015,HYBRID_HEAT_PUMP,TOTAL,288882,22812,19199,422235,106764,0.7814886875173884,0.7500397077588119,0.5146171420198683,1504.4980143119403,0.8010331042538971,MEDIUM,MEDIUM,MEDIUM,5,COST_BASED,COST_BASED,false,false
1,baseline,1,2024,0.0,0.0,HYBRID_HEAT_PUMP,PRIVATELY_OWNED,9648,9648,0,9648,0,0.0,0.0,0.0,0.0,0.0,MEDIUM,MEDIUM,MEDIUM,5,COST_BASED,COST_BASED,false,false
1,baseline,1,2025,0.0,0.024943310657596373,HYBRID_HEAT_PUMP,PRIVATELY_OWNED,12371,3588,865,13236,84357,0.7654049117438433,0.5889930442221821,0.04751825539040929,2171.0961627369393,0.6802587745497101,MEDIUM,MEDIUM,MEDIUM,5,COST_BASED,COST_BASED,false,false
1,baseline,1,2026,0.0,0.024943310657596373,HYBRID_HEAT_PUMP,PRIVATELY_OWNED,14323,2692,740,15928,79805,0.7675918906831362,0.575999403667874,0.05979373180188019,2148.74900068918,0.6571526998805535,MEDIUM,MEDIUM,MEDIUM,5,COST_BASED,COST_BASED,false,false
1,baseline,1,2027,0.0,0.024943310657596373,HYBRID_HEAT_PUMP,PRIVATELY_OWNED,17064,3519,778,19447,77046,0.7722798629035812,0.5826190585560491,0.07044357012859079,2121.738312177141,0.6632477295760352,MEDIUM,MEDIUM,MEDIUM,5,COST_BASED,COST_BASED,false,false
1,baseline,1,2028,0.0,0.024943310657596373,HYBRID_HEAT_PUMP,PRIVATELY_OWNED,19449,3022,637,22469,73143,0.7783661690722546,0.5885669303097323,0.08227813834871814,2091.369481700231,0.667689318609347,MEDIUM,MEDIUM,MEDIUM,5,COST_BASED,COST_BASED,false,false
1,baseline,1,2029,0.0,0.024943310657596373,HYBRID_HEAT_PUMP,PRIVATELY_OWNED,24957,6140,632,28609,71405,0.7822926541762375,0.5979498922907605,0.10140250805302332,2067.4822071283525,0.6760010478788292,MEDIUM,MEDIUM,MEDIUM,5,COST_BASED,COST_BASED,false,false
1,baseline,1,2030,0.0,0.045351473922902494,HYBRID_HEAT_PUMP,PRIVATELY_OWNED,29647,5372,682,33981,67197,0.7857979445604691,0.5964912142037747,0.13148001073677934,2028.6288971233835,0.6654173324813576,MEDIUM,MEDIUM,MEDIUM,5,COST_BASED,COST_BASED,false,false
1,baseline,1,2031,0.0,0.061224489795918366,HYBRID_HEAT_PUMP,PRIVATELY_OWNED,35642,6672,677,40653,63059,0.7901692319478534,0.60817589020865,0.15574750663913653,1996.5388128578,0.6757846506662479,MEDIUM,MEDIUM,MEDIUM,5,COST_BASED,COST_BASED,false,false
1,baseline,1,2032,0.0,0.07369614512471655,HYBRID_HEAT_PUMP,PRIVATELY_OWNED,45747,10770,665,51423,61137,0.790900511945478,0.6248703421405267,0.19370955972810427,1957.2477059718337,0.6911529952924046,MEDIUM,MEDIUM,MEDIUM,5,COST_BASED,COST_BASED,false,false
1,baseline,1,2033,0.0,0.08276643990929705,HYBRID_HEAT_PUMP,PRIVATELY_OWNED,52101,7127,773,58550,54829,0.7903620461130371,0.6214246125159563,0.23259878907040937,1915.1240949132757,0.6763967099780734,MEDIUM,MEDIUM,MEDIUM,5,COST_BASED,COST_BASED,false,false
1,baseline,1,2034,0.0,0.10090702947845805,HYBRID_HEAT_PUMP,PRIVATELY_OWNED,60901,9542,742,68092,51803,0.7935056950175616,0.633747801089288,0.2645967235453822,1930.4095515703723,0.6860960969931919,MEDIUM,MEDIUM,MEDIUM,5,COST_BASED,COST_BASED,false,false
1,baseline,1,2035,0.0,0.11678004535147392,HYBRID_HEAT_PUMP,PRIVATELY_OWNED,71576,11386,711,79478,46126,0.7961839526413927,0.6457101736144086,0.3110779643750315,1913.7364609981355,0.6917497811675126,MEDIUM,MEDIUM,MEDIUM,5,COST_BASED,COST_BASED,false,false
1,baseline,1,2036,0.0,0.1349206349206349,HYBRID_HEAT_PUMP,PRIVATELY_OWNED,83405,12461,632,91939,39092,0.7977543390232632,0.6667830267008195,0.3590062318082844,1901.3837869640847,0.7109843973433536,MEDIUM,MEDIUM,MEDIUM,5,COST_BASED,COST_BASED,false,false
1,baseline,1,2037,0.0,0.14285714285714285,HYBRID_HEAT_PUMP,PRIVATELY_OWNED,92660,10753,1498,102692,38349,0.7852450569341473,0.6677085764278126,0.3849842326664614,1877.044355785027,0.709005542241561,MEDIUM,MEDIUM,MEDIUM,5,COST_BASED,COST_BASED,false,false
1,baseline,1,2038,0.0,0.15306122448979592,HYBRID_HEAT_PUMP,PRIVATELY_OWNED,101064,9905,1501,112597,40381,0.7689600520375844,0.6746240322714001,0.39109715969226794,1843.2653475644486,0.7219217454746378,MEDIUM,MEDIUM,MEDIUM,5,COST_BASED,COST_BASED,false,false
1,baseline,1,2039,0.0,0.16439909297052155,HYBRID_HEAT_PUMP,PRIVATELY_OWNED,109369,9968,1663,122565,47100,0.7491366409822462,0.6775056081806115,0.38169378264782694,1804.5477070063694,0.7335508063633991,MEDIUM,MEDIUM,MEDIUM,5,COST_BASED,COST_BASED,false,false
1,baseline,1,2040,0.0,0.18253968253968253,HYBRID_HEAT_PUMP,PRIVATELY_OWNED,117221,11145,3293,133710,52645,0.7327213810948211,0.6841556901073211,0.3668950466801036,1762.217437553424,0.7513294282172553,MEDIUM,MEDIUM,MEDIUM,5,COST_BASED,COST_BASED,false,false
1,baseline,1,2041,0.0,0.19047619047619047,HYBRID_HEAT_PUMP,PRIVATELY_OWNED,123211,9414,3424,143124,58670,0.7245246253215514,0.6862359188068118,0.36160798739298694,1720.1333560593148,0.7578207250315706,MEDIUM,MEDIUM,MEDIUM,5,COST_BASED,COST_BASED,false,false
1,baseline,1,2042,0.0,0.20861678004535147,HYBRID_HEAT_PUMP,PRIVATELY_OWNED,128362,8826,3675,151950,64240,0.7220037920671236,0.6847113506070405,0.357636684431027,1683.2922633872977,0.7571569067860238,MEDIUM,MEDIUM,MEDIUM,5,COST_BASED,COST_BASED,false,false
1,baseline,1,2043,0.0,0.22448979591836735,HYBRID_HEAT_PUMP,PRIVATELY_OWNED,132433,7546,3475,159496,69009,0.7263153944370434,0.6853483101536206,0.36982552476841385,1655.6571751510673,0.7539872354290764,MEDIUM,MEDIUM,MEDIUM,5,COST_BASED,COST_BASED,false,false
1,baseline,1,2044,0.0,0.23015873015873015,HYBRID_HEAT_PUMP,PRIVATELY_OWNED,135922,9623,6134,169119,80946,0.7374700417346742,0.7155955583864876,0.3964005590297783,1633.8984137573198,0.7899256873886086,MEDIUM,MEDIUM,MEDIUM,5,COST_BASED,COST_BASED,false,false
1,baseline,1,2045,0.0,0.23015873015873015,HYBRID_HEAT_PUMP,PRIVATELY_OWNED,138862,7921,4981,177040,84362,0.738370737294132,0.7024461635836543,0.3943171774446693,1600.7888385766103,0.7704972666907823,MEDIUM,MEDIUM,MEDIUM,5,COST_BASED,COST_BASED,false,false
1,baseline,1,2046,0.0,0.23015873015873015,HYBRID_HEAT_PUMP,PRIVATELY_OWNED,140329,7520,6053,184560,89571,0.7439566006299954,0.7036894605396109,0.4107403686483107,1585.22234875127,0.7668599484898616,MEDIUM,MEDIUM,MEDIUM,5,COST_BASED,COST_BASED,false,false
1,baseline,1,2047,0.0,0.23015873015873015,HYBRID_HEAT_PUMP,PRIVATELY_OWNED,141181,10340,9488,194900,95454,0.7521867746581552,0.7282510943778193,0.433813215685501,1572.548735516584,0.7958766439808102,MEDIUM,MEDIUM,MEDIUM,5,COST_BASED,COST_BASED,false,false
1,baseline,1,2048,0.0,0.23015873015873015,HYBRID_HEAT_PUMP,PRIVATELY_OWNED,141422,7299,7058,202199,95900,0.760258764688281,0.7255289480527031,0.45104751463230014,1557.8884358706987,0.7854668522489173,MEDIUM,MEDIUM,MEDIUM,5,COST_BASED,COST_BASED,false,false
1,baseline,1,2049,0.0,0.23015873015873015,HYBRID_HEAT_PUMP,PRIVATELY_OWNED,141832,9462,9052,211661,96652,0.771533842316329,0.7212980750297852,0.48744825986814044,1556.5818400033108,0.7672015869985642,MEDIUM,MEDIUM,MEDIUM,5,COST_BASED,COST_BASED,false,false
1,baseline,1,2050,0.0,0.23015873015873015,HYBRID_HEAT_PUMP,PRIVATELY_OWNED,142346,11341,10827,223002,92255,0.7814886875173884,0.7500397077588119,0.5146171420198683,1543.9817137282532,0.8010331042538971,MEDIUM,MEDIUM,MEDIUM,5,COST_BASED,COST_BASED,false,false
1,baseline,1,2024,0.0,0.0,HYBRID_HEAT_PUMP,SOCIAL_HOUSING,56,56,0,56,0,0.0,0.0,0.0,0.0,0.0,MEDIUM,MEDIUM,MEDIUM,5,COST_BASED,COST_BASED,false,false
1,baseline,1,2025,0.0,0.024943310657596373,HYBRID_HEAT_PUMP,SOCIAL_HOUSING,87,31,0,87,7418,0.0,0.0,0.0,1775.942032892963,0.0,MEDIUM,MEDIUM,MEDIUM,5,COST_BASED,COST_BASED,false,false
1,baseline,1,2026,0.0,0.024943310657596373,HYBRID_HEAT_PUMP,SOCIAL_HOUSING,1736,1650,1,1737,6779,0.0,0.0,0.0,1597.033043221714,0.0,MEDIUM,MEDIUM,MEDIUM,5,COST_BASED,COST_BASED,false,false
1,baseline,1,2027,0.0,0.024943310657596373,HYBRID_HEAT_PUMP,SOCIAL_HOUSING,2160,424,0,2161,10932,0.0,0.0,0.0,1573.9926820343944,0.0,MEDIUM,MEDIUM,MEDIUM,5,COST_BASED,COST_BASED,false,false
1,baseline,1,2028,0.0,0.024943310657596373,HYBRID_HEAT_PUMP,SOCIAL_HOUSING,2715,578,23,2739,3846,0.0,0.0,0.0,1706.1528861154445,0.0,MEDIUM,MEDIUM,MEDIUM,5,COST_BASED,COST_BASED,false,false
1,baseline,1,2029,0.0,0.024943310657596373,HYBRID_HEAT_PUMP,SOCIAL_HOUSING,7012,4297,0,7036,10809,0.0,0.0,0.0,1567.5254880192433,0.0,MEDIUM,MEDIUM,MEDIUM,5,COST_BASED,COST_BASED,false,false
1,baseline,1,2030,0.0,0.045351473922902494,HYBRID_HEAT_PUMP,SOCIAL_HOUSING,9954,2942,0,9978,10531,0.0,0.0,0.0,1533.2154591206913,0.0,MEDIUM,MEDIUM,MEDIUM,5,COST_BASED,COST_BASED,false,false
1,baseline,1,2031,0.0,0.061224489795918366,HYBRID_HEAT_PUMP,SOCIAL_HOUSING,12333,2392,13,12370,15907,0.0,0.0,0.0,1609.7111334632552,0.0,MEDIUM,MEDIUM,MEDIUM,5,COST_BASED,COST_BASED,false,false
1,baseline,1,2032,0.0,0.07369614512471655,HYBRID_HEAT_PUMP,SOCIAL_HOUSING,13703,1370,0,13740,5104,0.0,0.0,0.0,1577.0673981191223,0.0,MEDIUM,MEDIUM,MEDIUM,5,COST_BASED,COST_BASED,false,false
1,baseline,1,2033,0.0,0.08276643990929705,HYBRID_HEAT_PUMP,SOCIAL_HOUSING,17258,3568,13,17308,8595,0.0,0.0,0.0,1446.2224549156485,0.0,MEDIUM,MEDIUM,MEDIUM,5,COST_BASED,COST_BASED,false,false
1,baseline,1,2034,0.0,0.10090702947845805,HYBRID_HEAT_PUMP,SOCIAL_HOUSING,19118,1860,0,19168,7044,0.0,0.0,0.0,1479.1318852924476,0.0,MEDIUM,MEDIUM,MEDIUM,5,COST_BASED,COST_BASED,false,false
1,baseline,1,2035,0.0,0.11678004535147392,HYBRID_HEAT_PUMP,SOCIAL_HOUSING,24072,4954,0,24122,10028,0.0,0.0,0.0,1430.1853809333866,0.0,MEDIUM,MEDIUM,MEDIUM,5,COST_BASED,COST_BASED,false,false
1,baseline,1,2036,0.0,0.1349206349206349,HYBRID_HEAT_PUMP,SOCIAL_HOUSING,26871,2799,0,26921,7965,0.0,0.0,0.0,1616.0610169491526,0.0,MEDIUM,MEDIUM,MEDIUM,5,COST_BASED,COST_BASED,false,false
1,baseline,1,2037,0.0,0.14285714285714285,HYBRID_HEAT_PUMP,SOCIAL_HOUSING,31554,4688,5,31609,7599,0.0,0.0,0.0,1389.5367811554152,0.0,MEDIUM,MEDIUM,MEDIUM,5,COST_BASED,COST_BASED,false,false
1,baseline,1,2038,0.0,0.15306122448979592,HYBRID_HEAT_PUMP,SOCIAL_HOUSING,34812,3258,0,34867,5162,0.0,0.0,0.0,1471.9068190623789,0.0,MEDIUM,MEDIUM,MEDIUM,5,COST_BASED,COST_BASED,false,false
1,baseline,1,2039,0.0,0.16439909297052155,HYBRID_HEAT_PUMP,SOCIAL_HOUSING,43211,8400,1,43267,10509,0.0,0.0,0.0,1241.9801122847084,0.0,MEDIUM,MEDIUM,MEDIUM,5,COST_BASED,COST_BASED,false,false
1,baseline,1,2040,0.0,0.18253968253968253,HYBRID_HEAT_PUMP,SOCIAL_HOUSING,45346,2166,31,45433,3299,0.0,0.0,0.0,1550.7156714155806,0.0,MEDIUM,MEDIUM,MEDIUM,5,COST_BASED,COST_BASED,false,false
1,baseline,1,2041,0.0,0.19047619047619047,HYBRID_HEAT_PUMP,SOCIAL_HOUSING,50042,6346,1650,51779,8162,0.0,0.0,0.0,1329.3935309973047,0.0,MEDIUM,MEDIUM,MEDIUM,5,COST_BASED,COST_BASED,false,false
1,baseline,1,2042,0.0,0.20861678004535147,HYBRID_HEAT_PUMP,SOCIAL_HOUSING,55681,6063,424,57842,8013,0.0,0.0,0.0,1264.5120429302383,0.0,MEDIUM,MEDIUM,MEDIUM,5,COST_BASED,COST_BASED,false,false
1,baseline,1,2043,0.0,0.22448979591836735,HYBRID_HEAT_PUMP,SOCIAL_HOUSING,64154,9051,578,66893,14363,0.0,0.0,0.0,1380.1915338021304,0.0,MEDIUM,MEDIUM,MEDIUM,5,COST_BASED,COST_BASED,false,false
1,baseline,1,2044,0.0,0.23015873015873015,HYBRID_HEAT_PUMP,SOCIAL_HOUSING,66841,6984,4297,73877,8031,0.0,0.0,0.0,1242.0377288008965,0.0,MEDIUM,MEDIUM,MEDIUM,5,COST_BASED,COST_BASED,false,false
1,baseline,1,2045,0.0,0.23015873015873015,HYBRID_HEAT_PUMP,SOCIAL_HOUSING,70764,6865,2942,80742,8393,0.0,0.0,0.0,1282.4208268795426,0.0,MEDIUM,MEDIUM,MEDIUM,5,COST_BASED,COST_BASED,false,false
1,baseline,1,2046,0.0,0.23015873015873015,HYBRID_HEAT_PUMP,SOCIAL_HOUSING,74941,6569,2392,87311,6893,0.0,0.0,0.0,1293.096619759176,0.0,MEDIUM,MEDIUM,MEDIUM,5,COST_BASED,COST_BASED,false,false
1,baseline,1,2047,0.0,0.23015873015873015,HYBRID_HEAT_PUMP,SOCIAL_HOUSING,79511,5940,1370,93251,6444,0.0,0.0,0.0,1290.7337057728118,0.0,MEDIUM,MEDIUM,MEDIUM,5,COST_BASED,COST_BASED,false,false
1,baseline,1,2048,0.0,0.23015873015873015,HYBRID_HEAT_PUMP,SOCIAL_HOUSING,83184,7241,3568,100492,8734,0.0,0.0,0.0,1247.1513624914128,0.0,MEDIUM,MEDIUM,MEDIUM,5,COST_BASED,COST_BASED,false,false
1,baseline,1,2049,0.0,0.23015873015873015,HYBRID_HEAT_PUMP,SOCIAL_HOUSING,86262,4938,1860,105430,5454,0.0,0.0,0.0,1214.2187385405207,0.0,MEDIUM,MEDIUM,MEDIUM,5,COST_BASED,COST_BASED,false,false
1,baseline,1,2050,0.0,0.23015873015873015,HYBRID_HEAT_PUMP,SOCIAL_HOUSING,87769,6461,4954,111891,6858,0.0,0.0,0.0,1173.2986293379995,0.0,MEDIUM,MEDIUM,MEDIUM,5,COST_BASED,COST_BASED,false,false
1,baseline,1,2024,0.0,0.0,HYBRID_HEAT_PUMP,PRIVATELY_RENTED,1693,1693,0,1693,0,0.0,0.0,0.0,0.0,0.0,MEDIUM,MEDIUM,MEDIUM,5,COST_BASED,COST_BASED,false,false
1,baseline,1,2025,0.0,0.024943310657596373,HYBRID_HEAT_PUMP,PRIVATELY_RENTED,2543,968,118,2661,5942,0.0,0.0,0.0,1837.7998990238978,0.0,MEDIUM,MEDIUM,MEDIUM,5,COST_BASED,COST_BASED,false,false
1,baseline,1,2026,0.0,0.024943310657596373,HYBRID_HEAT_PUMP,PRIVATELY_RENTED,3617,1189,115,3850,5892,0.0,0.0,0.0,1833.6456211812626,0.0,MEDIUM,MEDIUM,MEDIUM,5,COST_BASED,COST_BASED,false,false
1,baseline,1,2027,0.0,0.024943310657596373,HYBRID_HEAT_PUMP,PRIVATELY_RENTED,4901,1401,117,5251,5620,0.0,0.0,0.0,1805.9201067615659,0.0,MEDIUM,MEDIUM,MEDIUM,5,COST_BASED,COST_BASED,false,false
1,baseline,1,2028,0.0,0.024943310657596373,HYBRID_HEAT_PUMP,PRIVATELY_RENTED,6495,1690,96,6941,5920,0.0,0.0,0.0,1785.339695945946,0.0,MEDIUM,MEDIUM,MEDIUM,5,COST_BASED,COST_BASED,false,false
1,baseline,1,2029,0.0,0.024943310657596373,HYBRID_HEAT_PUMP,PRIVATELY_RENTED,8225,1855,125,8796,5737,0.0,0.0,0.0,1744.3944570332926,0.0,MEDIUM,MEDIUM,MEDIUM,5,COST_BASED,COST_BASED,false,false
1,baseline,1,2030,0.0,0.045351473922902494,HYBRID_HEAT_PUMP,PRIVATELY_RENTED,10232,2118,111,10914,5770,0.0,0.0,0.0,1749.352512998267,0.0,MEDIUM,MEDIUM,MEDIUM,5,COST_BASED,COST_BASED,false,false
1,baseline,1,2031,0.0,0.061224489795918366,HYBRID_HEAT_PUMP,PRIVATELY_RENTED,12365,2240,107,13154,5793,0.0,0.0,0.0,1726.3618159848093,0.0,MEDIUM,MEDIUM,MEDIUM,5,COST_BASED,COST_BASED,false,false
1,baseline,1,2032,0.0,0.07369614512471655,HYBRID_HEAT_PUMP,PRIVATELY_RENTED,14674,2428,119,15582,6023,0.0,0.0,0.0,1666.5073883446787,0.0,MEDIUM,MEDIUM,MEDIUM,5,COST_BASED,COST_BASED,false,false
1,baseline,1,2033,0.0,0.08276643990929705,HYBRID_HEAT_PUMP,PRIVATELY_RENTED,17180,2612,106,18194,5913,0.0,0.0,0.0,1651.1885675629967,0.0,MEDIUM,MEDIUM,MEDIUM,5,COST_BASED,COST_BASED,false,false
1,baseline,1,2034,0.0,0.10090702947845805,HYBRID_HEAT_PUMP,PRIVATELY_RENTED,19746,2673,107,20867,5586,0.0,0.0,0.0,1665.7687074829932,0.0,MEDIUM,MEDIUM,MEDIUM,5,COST_BASED,COST_BASED,false,false
1,baseline,1,2035,0.0,0.11678004535147392,HYBRID_HEAT_PUMP,PRIVATELY_RENTED,22503,2899,142,23766,5734,0.0,0.0,0.0,1640.029473317056,0.0,MEDIUM,MEDIUM,MEDIUM,5,COST_BASED,COST_BASED,false,false
1,baseline,1,2036,0.0,0.1349206349206349,HYBRID_HEAT_PUMP,PRIVATELY_RENTED,25395,3012,120,26778,5694,0.0,0.0,0.0,1618.6368106779066,0.0,MEDIUM,MEDIUM,MEDIUM,5,COST_BASED,COST_BASED,false,false
1,baseline,1,2037,0.0,0.14285714285714285,HYBRID_HEAT_PUMP,PRIVATELY_RENTED,27776,2500,119,29278,5430,0.0,0.0,0.0,1550.686187845304,0.0,MEDIUM,MEDIUM,MEDIUM,5,COST_BASED,COST_BASED,false,false
1,baseline,1,2038,0.0,0.15306122448979592,HYBRID_HEAT_PUMP,PRIVATELY_RENTED,30055,2372,93,31650,5136,0.0,0.0,0.0,1558.063862928349,0.0,MEDIUM,MEDIUM,MEDIUM,5,COST_BASED,COST_BASED,false,false
1,baseline,1,2039,0.0,0.16439909297052155,HYBRID_HEAT_PUMP,PRIVATELY_RENTED,32091,2134,98,33784,4655,0.0,0.0,0.0,1554.8504833512352,0.0,MEDIUM,MEDIUM,MEDIUM,5,COST_BASED,COST_BASED,false,false
1,baseline,1,2040,0.0,0.18253968253968253,HYBRID_HEAT_PUMP,PRIVATELY_RENTED,33904,2781,968,36565,5242,0.0,0.0,0.0,1562.5711560473103,0.0,MEDIUM,MEDIUM,MEDIUM,5,COST_BASED,COST_BASED,false,false
1,baseline,1,2041,0.0,0.19047619047619047,HYBRID_HEAT_PUMP,PRIVATELY_RENTED,35497,2782,1189,39347,5152,0.0,0.0,0.0,1552.368594720497,0.0,MEDIUM,MEDIUM,MEDIUM,5,COST_BASED,COST_BASED,false,false
1,baseline,1,2042,0.0,0.20861678004535147,HYBRID_HEAT_PUMP,PRIVATELY_RENTED,37011,2915,1401,42262,5132,0.0,0.0,0.0,1548.5543647700702,0.0,MEDIUM,MEDIUM,MEDIUM,5,COST_BASED,COST_BASED,false,false
1,baseline,1,2043,0.0,0.22448979591836735,HYBRID_HEAT_PUMP,PRIVATELY_RENTED,38402,3081,1690,45343,5309,0.0,0.0,0.0,1534.9267281974007,0.0,MEDIUM,MEDIUM,MEDIUM,5,COST_BASED,COST_BASED,false,false
1,baseline,1,2044,0.0,0.23015873015873015,HYBRID_HEAT_PUMP,PRIVATELY_RENTED,39711,3164,1855,48507,5526,0.0,0.0,0.0,1475.636083966703,0.0,MEDIUM,MEDIUM,MEDIUM,5,COST_BASED,COST_BASED,false,false
1,baseline,1,2045,0.0,0.23015873015873015,HYBRID_HEAT_PUMP,PRIVATELY_RENTED,40873,3280,2118,51787,5473,0.0,0.0,0.0,1469.9470126073452,0.0,MEDIUM,MEDIUM,MEDIUM,5,COST_BASED,COST_BASED,false,false
1,baseline,1,2046,0.0,0.23015873015873015,HYBRID_HEAT_PUMP,PRIVATELY_RENTED,41965,3332,2240,55119,5202,0.0,0.0,0.0,1482.5551710880432,0.0,MEDIUM,MEDIUM,MEDIUM,5,COST_BASED,COST_BASED,false,false
1,baseline,1,2047,0.0,0.23015873015873015,HYBRID_HEAT_PUMP,PRIVATELY_RENTED,42956,3419,2428,58538,5334,0.0,0.0,0.0,1455.5391826021748,0.0,MEDIUM,MEDIUM,MEDIUM,5,COST_BASED,COST_BASED,false,false
1,baseline,1,2048,0.0,0.23015873015873015,HYBRID_HEAT_PUMP,PRIVATELY_RENTED,43879,3535,2612,62073,5367,0.0,0.0,0.0,1448.702254518353,0.0,MEDIUM,MEDIUM,MEDIUM,5,COST_BASED,COST_BASED,false,false
1,baseline,1,2049,0.0,0.23015873015873015,HYBRID_HEAT_PUMP,PRIVATELY_RENTED,44882,3676,2673,65749,5645,0.0,0.0,0.0,1438.0680248007086,0.0,MEDIUM,MEDIUM,MEDIUM,5,COST_BASED,COST_BASED,false,false
1,baseline,1,2050,0.0,0.23015873015873015,HYBRID_HEAT_PUMP,PRIVATELY_RENTED,45755,3772,2899,69521,5748,0.0,0.0,0.0,1437.528531663187,0.0,MEDIUM,MEDIUM,MEDIUM,5,COST_BASED,COST_BASED,false,false
1,baseline,1,2024,0.0,0.0,HYBRID_HEAT_PUMP,HOME_OWNER_ASSOCIATION,0,0,0,0,0,0.0,0.0,0.0,0.0,0.0,MEDIUM,MEDIUM,MEDIUM,5,COST_BASED,COST_BASED,false,false
1,baseline,1,2025,0.0,0.024943310657596373,HYBRID_HEAT_PUMP,HOME_OWNER_ASSOCIATION,0,0,0,0,511,0.0,0.0,0.0,1575.6223091976517,0.0,MEDIUM,MEDIUM,MEDIUM,5,COST_BASED,COST_BASED,false,false
1,baseline,1,2026,0.0,0.024943310657596373,HYBRID_HEAT_PUMP,HOME_OWNER_ASSOCIATION,0,0,0,0,1660,0.0,0.0,0.0,1383.8975903614457,0.0,MEDIUM,MEDIUM,MEDIUM,5,COST_BASED,COST_BASED,false,false
1,baseline,1,2027,0.0,0.024943310657596373,HYBRID_HEAT_PUMP,HOME_OWNER_ASSOCIATION,17,17,0,17,2146,0.0,0.0,0.0,1375.9785647716683,0.0,MEDIUM,MEDIUM,MEDIUM,5,COST_BASED,COST_BASED,false,false
1,baseline,1,2028,0.0,0.024943310657596373,HYBRID_HEAT_PUMP,HOME_OWNER_ASSOCIATION,251,234,0,251,1537,0.0,0.0,0.0,1260.7078724788548,0.0,MEDIUM,MEDIUM,MEDIUM,5,COST_BASED,COST_BASED,false,false
1,baseline,1,2029,0.0,0.024943310657596373,HYBRID_HEAT_PUMP,HOME_OWNER_ASSOCIATION,732,481,0,732,4288,0.0,0.0,0.0,1296.7632929104477,0.0,MEDIUM,MEDIUM,MEDIUM,5,COST_BASED,COST_BASED,false,false
1,baseline,1,2030,0.0,0.045351473922902494,HYBRID_HEAT_PUMP,HOME_OWNER_ASSOCIATION,750,18,0,750,2647,0.0,0.0,0.0,1383.9444654325653,0.0,MEDIUM,MEDIUM,MEDIUM,5,COST_BASED,COST_BASED,false,false
1,baseline,1,2031,0.0,0.061224489795918366,HYBRID_HEAT_PUMP,HOME_OWNER_ASSOCIATION,1628,878,0,1628,2613,0.0,0.0,0.0,1219.923459624952,0.0,MEDIUM,MEDIUM,MEDIUM,5,COST_BASED,COST_BASED,false,false
1,baseline,1,2032,0.0,0.07369614512471655,HYBRID_HEAT_PUMP,HOME_OWNER_ASSOCIATION,3342,1714,0,3342,3561,0.0,0.0,0.0,1128.972198820556,0.0,MEDIUM,MEDIUM,MEDIUM,5,COST_BASED,COST_BASED,false,false
1,baseline,1,2033,0.0,0.08276643990929705,HYBRID_HEAT_PUMP,HOME_OWNER_ASSOCIATION,3745,403,0,3745,1863,0.0,0.0,0.0,1156.5389157273216,0.0,MEDIUM,MEDIUM,MEDIUM,5,COST_BASED,COST_BASED,false,false
1,baseline,1,2034,0.0,0.10090702947845805,HYBRID_HEAT_PUMP,HOME_OWNER_ASSOCIATION,4290,545,0,4290,1070,0.0,0.0,0.0,1197.8635514018692,0.0,MEDIUM,MEDIUM,MEDIUM,5,COST_BASED,COST_BASED,false,false
1,baseline,1,2035,0.0,0.11678004535147392,HYBRID_HEAT_PUMP,HOME_OWNER_ASSOCIATION,4809,519,0,4809,2193,0.0,0.0,0.0,1194.6990424076607,0.0,MEDIUM,MEDIUM,MEDIUM,5,COST_BASED,COST_BASED,false,false
1,baseline,1,2036,0.0,0.1349206349206349,HYBRID_HEAT_PUMP,HOME_OWNER_ASSOCIATION,5361,552,0,5361,1683,0.0,0.0,0.0,1179.3024361259656,0.0,MEDIUM,MEDIUM,MEDIUM,5,COST_BASED,COST_BASED,false,false
1,baseline,1,2037,0.0,0.14285714285714285,HYBRID_HEAT_PUMP,HOME_OWNER_ASSOCIATION,5485,124,0,5485,511,0.0,0.0,0.0,1253.1350293542075,0.0,MEDIUM,MEDIUM,MEDIUM,5,COST_BASED,COST_BASED,false,false
1,baseline,1,2038,0.0,0.15306122448979592,HYBRID_HEAT_PUMP,HOME_OWNER_ASSOCIATION,5761,276,0,5761,1660,0.0,0.0,0.0,1245.3993975903616,0.0,MEDIUM,MEDIUM,MEDIUM,5,COST_BASED,COST_BASED,false,false
1,baseline,1,2039,0.0,0.16439909297052155,HYBRID_HEAT_PUMP,HOME_OWNER_ASSOCIATION,6045,284,0,6045,2129,0.0,0.0,0.0,1209.8327853452324,0.0,MEDIUM,MEDIUM,MEDIUM,5,COST_BASED,COST_BASED,false,false
1,baseline,1,2040,0.0,0.18253968253968253,HYBRID_HEAT_PUMP,HOME_OWNER_ASSOCIATION,6662,617,0,6662,1303,0.0,0.0,0.0,1106.6738296239448,0.0,MEDIUM,MEDIUM,MEDIUM,5,COST_BASED,COST_BASED,false,false
1,baseline,1,2041,0.0,0.19047619047619047,HYBRID_HEAT_PUMP,HOME_OWNER_ASSOCIATION,7196,534,0,7196,3807,0.0,0.0,0.0,1194.5169424743892,0.0,MEDIUM,MEDIUM,MEDIUM,5,COST_BASED,COST_BASED,false,false
1,baseline,1,2042,0.0,0.20861678004535147,HYBRID_HEAT_PUMP,HOME_OWNER_ASSOCIATION,8286,1107,17,8303,2646,0.0,0.0,0.0,1249.8125472411186,0.0,MEDIUM,MEDIUM,MEDIUM,5,COST_BASED,COST_BASED,false,false
1,baseline,1,2043,0.0,0.22448979591836735,HYBRID_HEAT_PUMP,HOME_OWNER_ASSOCIATION,9262,1210,234,9513,1969,0.0,0.0,0.0,1148.4210259014728,0.0,MEDIUM,MEDIUM,MEDIUM,5,COST_BASED,COST_BASED,false,false
1,baseline,1,2044,0.0,0.23015873015873015,HYBRID_HEAT_PUMP,HOME_OWNER_ASSOCIATION,9970,1189,481,10702,2328,0.0,0.0,0.0,1128.140034364261,0.0,MEDIUM,MEDIUM,MEDIUM,5,COST_BASED,COST_BASED,false,false
1,baseline,1,2045,0.0,0.23015873015873015,HYBRID_HEAT_PUMP,HOME_OWNER_ASSOCIATION,10318,366,18,11068,1478,0.0,0.0,0.0,1141.5074424898512,0.0,MEDIUM,MEDIUM,MEDIUM,5,COST_BASED,COST_BASED,false,false
1,baseline,1,2046,0.0,0.23015873015873015,HYBRID_HEAT_PUMP,HOME_OWNER_ASSOCIATION,10485,1045,878,12113,1403,0.0,0.0,0.0,910.3257305773343,0.0,MEDIUM,MEDIUM,MEDIUM,5,COST_BASED,COST_BASED,false,false
1,baseline,1,2047,0.0,0.23015873015873015,HYBRID_HEAT_PUMP,HOME_OWNER_ASSOCIATION,11537,2766,1714,14879,3388,0.0,0.0,0.0,877.0126918536009,0.0,MEDIUM,MEDIUM,MEDIUM,5,COST_BASED,COST_BASED,false,false
1,baseline,1,2048,0.0,0.23015873015873015,HYBRID_HEAT_PUMP,HOME_OWNER_ASSOCIATION,11961,827,403,15706,1534,0.0,0.0,0.0,971.6994784876141,0.0,MEDIUM,MEDIUM,MEDIUM,5,COST_BASED,COST_BASED,false,false
1,baseline,1,2049,0.0,0.23015873015873015,HYBRID_HEAT_PUMP,HOME_OWNER_ASSOCIATION,12293,877,545,16583,932,0.0,0.0,0.0,1010.2317596566523,0.0,MEDIUM,MEDIUM,MEDIUM,5,COST_BASED,COST_BASED,false,false
1,baseline,1,2050,0.0,0.23015873015873015,HYBRID_HEAT_PUMP,HOME_OWNER_ASSOCIATION,13012,1238,519,17821,1903,0.0,0.0,0.0,986.2306883867577,0.0,MEDIUM,MEDIUM,MEDIUM,5,COST_BASED,COST_BASED,false,false
