scenario,scenario_name,iteration,year,nbh_in_grid_congestion_perc,nbh_with_dh_perc,heating_system,ownership,installed_current,installed_annually,removed_annually,installed_cumulative,considered_annually,avg_att,avg_util,avg_sub_norm,avg_eac,avg_pbc,SLF,ELF,GRR,DHCT,DHES,SHAES,DHCO,GCHPB
1,baseline,1,2024,0,0,NATURAL_GAS_BOILER,PRIVATELY_OWNED,20863,0,0,20863,0,0,0,0,0,0,MEDIUM,MEDIUM,MEDIUM,5,COST_BASED,COST_BASED,false,false
1,baseline,1,2024,0,0,NATURAL_GAS_BOILER,TOTAL,20863,0,0,20863,0,0,0,0,0,0,MEDIUM,MEDIUM,MEDIUM,5,COST_BASED,COST_BASED,false,false
1,baseline,1,2024,0,0,NATURAL_GAS_BLOCK,PRIVATELY_OWNED,0,0,0,0,0,0,0,0,0,0,MEDIUM,MEDIUM,MEDIUM,5,COST_BASED,COST_BASED,false,false
1,baseline,1,2024,0,0,NATURAL_GAS_BLOCK,TOTAL,0,0,0,0,0,0,0,0,0,0,MEDIUM,MEDIUM,MEDIUM,5,COST_BASED,COST_BASED,false,false
1,baseline,1,2024,0,0,HYBRID_HEAT_PUMP,PRIVATELY_OWNED,0,0,0,0,0,0,0,0,0,0,MEDIUM,MEDIUM,MEDIUM,5,COST_BASED,COST_BASED,false,false
1,baseline,1,2024,0,0,HYBRID_HEAT_PUMP,TOTAL,0,0,0,0,0,0,0,0,0,0,MEDIUM,MEDIUM,MEDIUM,5,COST_BASED,COST_BASED,false,false
1,baseline,1,2024,0,0,ELECTRIC_HEAT_PUMP,PRIVATELY_OWNED,0,0,0,0,0,0,0,0,0,0,MEDIUM,MEDIUM,MEDIUM,5,COST_BASED,COST_BASED,false,false
1,baseline,1,2024,0,0,ELECTRIC_HEAT_PUMP,TOTAL,0,0,0,0,0,0,0,0,0,0,MEDIUM,MEDIUM,MEDIUM,5,COST_BASED,COST_BASED,false,false
1,baseline,1,2024,0,0,DISTRICT_HEATING,PRIVATELY_OWNED,0,0,0,0,0,0,0,0,0,0,MEDIUM,MEDIUM,MEDIUM,5,COST_BASED,COST_BASED,false,false
1,baseline,1,2024,0,0,DISTRICT_HEATING,TOTAL,0,0,0,0,0,0,0,0,0,0,MEDIUM,MEDIUM,MEDIUM,5,COST_BASED,COST_BASED,false,false
1,baseline,1,2025,0,0,NATURAL_GAS_BOILER,PRIVATELY_OWNED,20776,1738,1825,22601,5309,0,0,0,0,0,MEDIUM,MEDIUM,MEDIUM,5,COST_BASED,COST_BASED,false,false
1,baseline,1,2025,0,0,NATURAL_GAS_BOILER,TOTAL,20776,1738,1825,22601,5309,0,0,0,0,0,MEDIUM,MEDIUM,MEDIUM,5,COST_BASED,COST_BASED,false,false
1,baseline,1,2025,0,0,NATURAL_GAS_BLOCK,PRIVATELY_OWNED,1,1,0,1,5309,0,0,0,0,0,MEDIUM,MEDIUM,MEDIUM,5,COST_BASED,COST_BASED,false,false
1,baseline,1,2025,0,0,NATURAL_GAS_BLOCK,TOTAL,1,1,0,1,5309,0,0,0,0,0,MEDIUM,MEDIUM,MEDIUM,5,COST_BASED,COST_BASED,false,false
1,baseline,1,2025,0,0,HYBRID_HEAT_PUMP,PRIVATELY_OWNED,31,31,0,31,5309,0,0,0,0,0,MEDIUM,MEDIUM,MEDIUM,5,COST_BASED,COST_BASED,false,false
1,baseline,1,2025,0,0,HYBRID_HEAT_PUMP,TOTAL,31,31,0,31,5309,0,0,0,0,0,MEDIUM,MEDIUM,MEDIUM,5,COST_BASED,COST_BASED,false,false
1,baseline,1,2025,0,0,ELECTRIC_HEAT_PUMP,PRIVATELY_OWNED,55,55,0,55,5309,0,0,0,0,0,MEDIUM,MEDIUM,MEDIUM,5,COST_BASED,COST_BASED,false,false
1,baseline,1,2025,0,0,ELECTRIC_HEAT_PUMP,TOTAL,55,55,0,55,5309,0,0,0,0,0,MEDIUM,MEDIUM,MEDIUM,5,COST_BASED,COST_BASED,false,false
1,baseline,1,2025,0,0,DISTRICT_HEATING,PRIVATELY_OWNED,0,0,0,0,5309,0,0,0,0,0,MEDIUM,MEDIUM,MEDIUM,5,COST_BASED,COST_BASED,false,false
1,baseline,1,2025,0,0,DISTRICT_HEATING,TOTAL,0,0,0,0,5309,0,0,0,0,0,MEDIUM,MEDIUM,MEDIUM,5,COST_BASED,COST_BASED,false,false
1,baseline,1,2026,0,0,NATURAL_GAS_BOILER,PRIVATELY_OWNED,20674,1720,1822,24321,5201,0,0,0,0,0,MEDIUM,MEDIUM,MEDIUM,5,COST_BASED,COST_BASED,false,false
1,baseline,1,2026,0,0,NATURAL_GAS_BOILER,TOTAL,20674,1720,1822,24321,5201,0,0,0,0,0,MEDIUM,MEDIUM,MEDIUM,5,COST_BASED,COST_BASED,false,false
1,baseline,1,2026,0,0,NATURAL_GAS_BLOCK,PRIVATELY_OWNED,2,1,0,2,5201,0,0,0,0,0,MEDIUM,MEDIUM,MEDIUM,5,COST_BASED,COST_BASED,false,false
1,baseline,1,2026,0,0,NATURAL_GAS_BLOCK,TOTAL,2,1,0,2,5201,0,0,0,0,0,MEDIUM,MEDIUM,MEDIUM,5,COST_BASED,COST_BASED,false,false
1,baseline,1,2026,0,0,HYBRID_HEAT_PUMP,PRIVATELY_OWNED,67,36,0,67,5201,0,0,0,0,0,MEDIUM,MEDIUM,MEDIUM,5,COST_BASED,COST_BASED,false,false
1,baseline,1,2026,0,0,HYBRID_HEAT_PUMP,TOTAL,67,36,0,67,5201,0,0,0,0,0,MEDIUM,MEDIUM,MEDIUM,5,COST_BASED,COST_BASED,false,false
1,baseline,1,2026,0,0,ELECTRIC_HEAT_PUMP,PRIVATELY_OWNED,120,65,0,120,5201,0,0,0,0,0,MEDIUM,MEDIUM,MEDIUM,5,COST_BASED,COST_BASED,false,false
1,baseline,1,2026,0,0,ELECTRIC_HEAT_PUMP,TOTAL,120,65,0,120,5201,0,0,0,0,0,MEDIUM,MEDIUM,MEDIUM,5,COST_BASED,COST_BASED,false,false
1,baseline,1,2026,0,0,DISTRICT_HEATING,PRIVATELY_OWNED,0,0,0,0,5201,0,0,0,0,0,MEDIUM,MEDIUM,MEDIUM,5,COST_BASED,COST_BASED,false,false
1,baseline,1,2026,0,0,DISTRICT_HEATING,TOTAL,0,0,0,0,5201,0,0,0,0,0,MEDIUM,MEDIUM,MEDIUM,5,COST_BASED,COST_BASED,false,false
1,baseline,1,2027,0,0,NATURAL_GAS_BOILER,PRIVATELY_OWNED,20581,1670,1763,25991,5145,0,0,0,0,0,MEDIUM,MEDIUM,MEDIUM,5,COST_BASED,COST_BASED,false,false
1,baseline,1,2027,0,0,NATURAL_GAS_BOILER,TOTAL,20581,1670,1763,25991,5145,0,0,0,0,0,MEDIUM,MEDIUM,MEDIUM,5,COST_BASED,COST_BASED,false,false
1,baseline,1,2027,0,0,NATURAL_GAS_BLOCK,PRIVATELY_OWNED,3,1,0,3,5145,0,0,0,0,0,MEDIUM,MEDIUM,MEDIUM,5,COST_BASED,COST_BASED,false,false
1,baseline,1,2027,0,0,NATURAL_GAS_BLOCK,TOTAL,3,1,0,3,5145,0,0,0,0,0,MEDIUM,MEDIUM,MEDIUM,5,COST_BASED,COST_BASED,false,false
1,baseline,1,2027,0,0,HYBRID_HEAT_PUMP,PRIVATELY_OWNED,110,43,0,110,5145,0,0,0,0,0,MEDIUM,MEDIUM,MEDIUM,5,COST_BASED,COST_BASED,false,false
1,baseline,1,2027,0,0,HYBRID_HEAT_PUMP,TOTAL,110,43,0,110,5145,0,0,0,0,0,MEDIUM,MEDIUM,MEDIUM,5,COST_BASED,COST_BASED,false,false
1,baseline,1,2027,0,0,ELECTRIC_HEAT_PUMP,PRIVATELY_OWNED,169,49,0,169,5145,0,0,0,0,0,MEDIUM,MEDIUM,MEDIUM,5,COST_BASED,COST_BASED,false,false
1,baseline,1,2027,0,0,ELECTRIC_HEAT_PUMP,TOTAL,169,49,0,169,5145,0,0,0,0,0,MEDIUM,MEDIUM,MEDIUM,5,COST_BASED,COST_BASED,false,false
1,baseline,1,2027,0,0,DISTRICT_HEATING,PRIVATELY_OWNED,0,0,0,0,5145,0,0,0,0,0,MEDIUM,MEDIUM,MEDIUM,5,COST_BASED,COST_BASED,false,false
1,baseline,1,2027,0,0,DISTRICT_HEATING,TOTAL,0,0,0,0,5145,0,0,0,0,0,MEDIUM,MEDIUM,MEDIUM,5,COST_BASED,COST_BASED,false,false
1,baseline,1,2028,0,0,NATURAL_GAS_BOILER,PRIVATELY_OWNED,20502,1624,1703,27615,5120,0,0,0,0,0,MEDIUM,MEDIUM,MEDIUM,5,COST_BASED,COST_BASED,false,false
1,baseline,1,2028,0,0,NATURAL_GAS_BOILER,TOTAL,20502,1624,1703,27615,5120,0,0,0,0,0,MEDIUM,MEDIUM,MEDIUM,5,COST_BASED,COST_BASED,false,false
1,baseline,1,2028,0,0,NATURAL_GAS_BLOCK,PRIVATELY_OWNED,5,2,0,5,5120,0,0,0,0,0,MEDIUM,MEDIUM,MEDIUM,5,COST_BASED,COST_BASED,false,false
1,baseline,1,2028,0,0,NATURAL_GAS_BLOCK,TOTAL,5,2,0,5,5120,0,0,0,0,0,MEDIUM,MEDIUM,MEDIUM,5,COST_BASED,COST_BASED,false,false
1,baseline,1,2028,0,0,HYBRID_HEAT_PUMP,PRIVATELY_OWNED,134,24,0,134,5120,0,0,0,0,0,MEDIUM,MEDIUM,MEDIUM,5,COST_BASED,COST_BASED,false,false
1,baseline,1,2028,0,0,HYBRID_HEAT_PUMP,TOTAL,134,24,0,134,5120,0,0,0,0,0,MEDIUM,MEDIUM,MEDIUM,5,COST_BASED,COST_BASED,false,false
1,baseline,1,2028,0,0,ELECTRIC_HEAT_PUMP,PRIVATELY_OWNED,222,53,0,222,5120,0,0,0,0,0,MEDIUM,MEDIUM,MEDIUM,5,COST_BASED,COST_BASED,false,false
1,baseline,1,2028,0,0,ELECTRIC_HEAT_PUMP,TOTAL,222,53,0,222,5120,0,0,0,0,0,MEDIUM,MEDIUM,MEDIUM,5,COST_BASED,COST_BASED,false,false
1,baseline,1,2028,0,0,DISTRICT_HEATING,PRIVATELY_OWNED,0,0,0,0,5120,0,0,0,0,0,MEDIUM,MEDIUM,MEDIUM,5,COST_BASED,COST_BASED,false,false
1,baseline,1,2028,0,0,DISTRICT_HEATING,TOTAL,0,0,0,0,5120,0,0,0,0,0,MEDIUM,MEDIUM,MEDIUM,5,COST_BASED,COST_BASED,false,false
1,baseline,1,2029,0,0,NATURAL_GAS_BOILER,PRIVATELY_OWNED,20425,1687,1764,29302,5073,0,0,0,0,0,MEDIUM,MEDIUM,MEDIUM,5,COST_BASED,COST_BASED,false,false
1,baseline,1,2029,0,0,NATURAL_GAS_BOILER,TOTAL,20425,1687,1764,29302,5073,0,0,0,0,0,MEDIUM,MEDIUM,MEDIUM,5,COST_BASED,COST_BASED,false,false
1,baseline,1,2029,0,0,NATURAL_GAS_BLOCK,PRIVATELY_OWNED,5,0,0,5,5073,0,0,0,0,0,MEDIUM,MEDIUM,MEDIUM,5,COST_BASED,COST_BASED,false,false
1,baseline,1,2029,0,0,NATURAL_GAS_BLOCK,TOTAL,5,0,0,5,5073,0,0,0,0,0,MEDIUM,MEDIUM,MEDIUM,5,COST_BASED,COST_BASED,false,false
1,baseline,1,2029,0,0,HYBRID_HEAT_PUMP,PRIVATELY_OWNED,156,22,0,156,5073,0,0,0,0,0,MEDIUM,MEDIUM,MEDIUM,5,COST_BASED,COST_BASED,false,false
1,baseline,1,2029,0,0,HYBRID_HEAT_PUMP,TOTAL,156,22,0,156,5073,0,0,0,0,0,MEDIUM,MEDIUM,MEDIUM,5,COST_BASED,COST_BASED,false,false
1,baseline,1,2029,0,0,ELECTRIC_HEAT_PUMP,PRIVATELY_OWNED,277,55,0,277,5073,0,0,0,0,0,MEDIUM,MEDIUM,MEDIUM,5,COST_BASED,COST_BASED,false,false
1,baseline,1,2029,0,0,ELECTRIC_HEAT_PUMP,TOTAL,277,55,0,277,5073,0,0,0,0,0,MEDIUM,MEDIUM,MEDIUM,5,COST_BASED,COST_BASED,false,false
1,baseline,1,2029,0,0,DISTRICT_HEATING,PRIVATELY_OWNED,0,0,0,0,5073,0,0,0,0,0,MEDIUM,MEDIUM,MEDIUM,5,COST_BASED,COST_BASED,false,false
1,baseline,1,2029,0,0,DISTRICT_HEATING,TOTAL,0,0,0,0,5073,0,0,0,0,0,MEDIUM,MEDIUM,MEDIUM,5,COST_BASED,COST_BASED,false,false
1,baseline,1,2030,0,0,NATURAL_GAS_BOILER,PRIVATELY_OWNED,20340,1676,1761,30978,5085,0,0,0,0,0,MEDIUM,MEDIUM,MEDIUM,5,COST_BASED,COST_BASED,false,false
1,baseline,1,2030,0,0,NATURAL_GAS_BOILER,TOTAL,20340,1676,1761,30978,5085,0,0,0,0,0,MEDIUM,MEDIUM,MEDIUM,5,COST_BASED,COST_BASED,false,false
1,baseline,1,2030,0,0,NATURAL_GAS_BLOCK,PRIVATELY_OWNED,5,0,0,5,5085,0,0,0,0,0,MEDIUM,MEDIUM,MEDIUM,5,COST_BASED,COST_BASED,false,false
1,baseline,1,2030,0,0,NATURAL_GAS_BLOCK,TOTAL,5,0,0,5,5085,0,0,0,0,0,MEDIUM,MEDIUM,MEDIUM,5,COST_BASED,COST_BASED,false,false
1,baseline,1,2030,0,0,HYBRID_HEAT_PUMP,PRIVATELY_OWNED,189,33,0,189,5085,0,0,0,0,0,MEDIUM,MEDIUM,MEDIUM,5,COST_BASED,COST_BASED,false,false
1,baseline,1,2030,0,0,HYBRID_HEAT_PUMP,TOTAL,189,33,0,189,5085,0,0,0,0,0,MEDIUM,MEDIUM,MEDIUM,5,COST_BASED,COST_BASED,false,false
1,baseline,1,2030,0,0,ELECTRIC_HEAT_PUMP,PRIVATELY_OWNED,329,52,0,329,5085,0,0,0,0,0,MEDIUM,MEDIUM,MEDIUM,5,COST_BASED,COST_BASED,false,false
1,baseline,1,2030,0,0,ELECTRIC_HEAT_PUMP,TOTAL,329,52,0,329,5085,0,0,0,0,0,MEDIUM,MEDIUM,MEDIUM,5,COST_BASED,COST_BASED,false,false
1,baseline,1,2030,0,0,DISTRICT_HEATING,PRIVATELY_OWNED,0,0,0,0,5085,0,0,0,0,0,MEDIUM,MEDIUM,MEDIUM,5,COST_BASED,COST_BASED,false,false
1,baseline,1,2030,0,0,DISTRICT_HEATING,TOTAL,0,0,0,0,5085,0,0,0,0,0,MEDIUM,MEDIUM,MEDIUM,5,COST_BASED,COST_BASED,false,false
1,baseline,1,2031,0,0,NATURAL_GAS_BOILER,PRIVATELY_OWNED,20251,1562,1651,32540,5016,0,0,0,0,0,MEDIUM,MEDIUM,MEDIUM,5,COST_BASED,COST_BASED,false,false
1,baseline,1,2031,0,0,NATURAL_GAS_BOILER,TOTAL,20251,1562,1651,32540,5016,0,0,0,0,0,MEDIUM,MEDIUM,MEDIUM,5,COST_BASED,COST_BASED,false,false
1,baseline,1,2031,0,0,NATURAL_GAS_BLOCK,PRIVATELY_OWNED,6,1,0,6,5016,0,0,0,0,0,MEDIUM,MEDIUM,MEDIUM,5,COST_BASED,COST_BASED,false,false
1,baseline,1,2031,0,0,NATURAL_GAS_BLOCK,TOTAL,6,1,0,6,5016,0,0,0,0,0,MEDIUM,MEDIUM,MEDIUM,5,COST_BASED,COST_BASED,false,false
1,baseline,1,2031,0,0,HYBRID_HEAT_PUMP,PRIVATELY_OWNED,216,27,0,216,5016,0,0,0,0,0,MEDIUM,MEDIUM,MEDIUM,5,COST_BASED,COST_BASED,false,false
1,baseline,1,2031,0,0,HYBRID_HEAT_PUMP,TOTAL,216,27,0,216,5016,0,0,0,0,0,MEDIUM,MEDIUM,MEDIUM,5,COST_BASED,COST_BASED,false,false
1,baseline,1,2031,0,0,ELECTRIC_HEAT_PUMP,PRIVATELY_OWNED,390,61,0,390,5016,0,0,0,0,0,MEDIUM,MEDIUM,MEDIUM,5,COST_BASED,COST_BASED,false,false
1,baseline,1,2031,0,0,ELECTRIC_HEAT_PUMP,TOTAL,390,61,0,390,5016,0,0,0,0,0,MEDIUM,MEDIUM,MEDIUM,5,COST_BASED,COST_BASED,false,false
1,baseline,1,2031,0,0,DISTRICT_HEATING,PRIVATELY_OWNED,0,0,0,0,5016,0,0,0,0,0,MEDIUM,MEDIUM,MEDIUM,5,COST_BASED,COST_BASED,false,false
1,baseline,1,2031,0,0,DISTRICT_HEATING,TOTAL,0,0,0,0,5016,0,0,0,0,0,MEDIUM,MEDIUM,MEDIUM,5,COST_BASED,COST_BASED,false,false
1,baseline,1,2032,0,0,NATURAL_GAS_BOILER,PRIVATELY_OWNED,20152,1683,1782,34223,5116,0,0,0,0,0,MEDIUM,MEDIUM,MEDIUM,5,COST_BASED,COST_BASED,false,false
1,baseline,1,2032,0,0,NATURAL_GAS_BOILER,TOTAL,20152,1683,1782,34223,5116,0,0,0,0,0,MEDIUM,MEDIUM,MEDIUM,5,COST_BASED,COST_BASED,false,false
1,baseline,1,2032,0,0,NATURAL_GAS_BLOCK,PRIVATELY_OWNED,7,1,0,7,5116,0,0,0,0,0,MEDIUM,MEDIUM,MEDIUM,5,COST_BASED,COST_BASED,false,false
1,baseline,1,2032,0,0,NATURAL_GAS_BLOCK,TOTAL,7,1,0,7,5116,0,0,0,0,0,MEDIUM,MEDIUM,MEDIUM,5,COST_BASED,COST_BASED,false,false
1,baseline,1,2032,0,0,HYBRID_HEAT_PUMP,PRIVATELY_OWNED,248,32,0,248,5116,0,0,0,0,0,MEDIUM,MEDIUM,MEDIUM,5,COST_BASED,COST_BASED,false,false
1,baseline,1,2032,0,0,HYBRID_HEAT_PUMP,TOTAL,248,32,0,248,5116,0,0,0,0,0,MEDIUM,MEDIUM,MEDIUM,5,COST_BASED,COST_BASED,false,false
1,baseline,1,2032,0,0,ELECTRIC_HEAT_PUMP,PRIVATELY_OWNED,456,66,0,456,5116,0,0,0,0,0,MEDIUM,MEDIUM,MEDIUM,5,COST_BASED,COST_BASED,false,false
1,baseline,1,2032,0,0,ELECTRIC_HEAT_PUMP,TOTAL,456,66,0,456,5116,0,0,0,0,0,MEDIUM,MEDIUM,MEDIUM,5,COST_BASED,COST_BASED,false,false
1,baseline,1,2032,0,0,DISTRICT_HEATING,PRIVATELY_OWNED,0,0,0,0,5116,0,0,0,0,0,MEDIUM,MEDIUM,MEDIUM,5,COST_BASED,COST_BASED,false,false
1,baseline,1,2032,0,0,DISTRICT_HEATING,TOTAL,0,0,0,0,5116,0,0,0,0,0,MEDIUM,MEDIUM,MEDIUM,5,COST_BASED,COST_BASED,false,false
1,baseline,1,2033,0,0,NATURAL_GAS_BOILER,PRIVATELY_OWNED,20051,1592,1693,35815,5022,0,0,0,0,0,MEDIUM,MEDIUM,MEDIUM,5,COST_BASED,COST_BASED,false,false
1,baseline,1,2033,0,0,NATURAL_GAS_BOILER,TOTAL,20051,1592,1693,35815,5022,0,0,0,0,0,MEDIUM,MEDIUM,MEDIUM,5,COST_BASED,COST_BASED,false,false
1,baseline,1,2033,0,0,NATURAL_GAS_BLOCK,PRIVATELY_OWNED,7,0,0,7,5022,0,0,0,0,0,MEDIUM,MEDIUM,MEDIUM,5,COST_BASED,COST_BASED,false,false
1,baseline,1,2033,0,0,NATURAL_GAS_BLOCK,TOTAL,7,0,0,7,5022,0,0,0,0,0,MEDIUM,MEDIUM,MEDIUM,5,COST_BASED,COST_BASED,false,false
1,baseline,1,2033,0,0,HYBRID_HEAT_PUMP,PRIVATELY_OWNED,279,31,0,279,5022,0,0,0,0,0,MEDIUM,MEDIUM,MEDIUM,5,COST_BASED,COST_BASED,false,false
1,baseline,1,2033,0,0,HYBRID_HEAT_PUMP,TOTAL,279,31,0,279,5022,0,0,0,0,0,MEDIUM,MEDIUM,MEDIUM,5,COST_BASED,COST_BASED,false,false
1,baseline,1,2033,0,0,ELECTRIC_HEAT_PUMP,PRIVATELY_OWNED,526,70,0,526,5022,0,0,0,0,0,MEDIUM,MEDIUM,MEDIUM,5,COST_BASED,COST_BASED,false,false
1,baseline,1,2033,0,0,ELECTRIC_HEAT_PUMP,TOTAL,526,70,0,526,5022,0,0,0,0,0,MEDIUM,MEDIUM,MEDIUM,5,COST_BASED,COST_BASED,false,false
1,baseline,1,2033,0,0,DISTRICT_HEATING,PRIVATELY_OWNED,0,0,0,0,5022,0,0,0,0,0,MEDIUM,MEDIUM,MEDIUM,5,COST_BASED,COST_BASED,false,false
1,baseline,1,2033,0,0,DISTRICT_HEATING,TOTAL,0,0,0,0,5022,0,0,0,0,0,MEDIUM,MEDIUM,MEDIUM,5,COST_BASED,COST_BASED,false,false
1,baseline,1,2034,0,0,NATURAL_GAS_BOILER,PRIVATELY_OWNED,19959,1651,1743,37466,5099,0,0,0,0,0,MEDIUM,MEDIUM,MEDIUM,5,COST_BASED,COST_BASED,false,false
1,baseline,1,2034,0,0,NATURAL_GAS_BOILER,TOTAL,19959,1651,1743,37466,5099,0,0,0,0,0,MEDIUM,MEDIUM,MEDIUM,5,COST_BASED,COST_BASED,false,false
1,baseline,1,2034,0,0,NATURAL_GAS_BLOCK,PRIVATELY_OWNED,7,0,0,7,5099,0,0,0,0,0,MEDIUM,MEDIUM,MEDIUM,5,COST_BASED,COST_BASED,false,false
1,baseline,1,2034,0,0,NATURAL_GAS_BLOCK,TOTAL,7,0,0,7,5099,0,0,0,0,0,MEDIUM,MEDIUM,MEDIUM,5,COST_BASED,COST_BASED,false,false
1,baseline,1,2034,0,0,HYBRID_HEAT_PUMP,PRIVATELY_OWNED,306,27,0,306,5099,0,0,0,0,0,MEDIUM,MEDIUM,MEDIUM,5,COST_BASED,COST_BASED,false,false
1,baseline,1,2034,0,0,HYBRID_HEAT_PUMP,TOTAL,306,27,0,306,5099,0,0,0,0,0,MEDIUM,MEDIUM,MEDIUM,5,COST_BASED,COST_BASED,false,false
1,baseline,1,2034,0,0,ELECTRIC_HEAT_PUMP,PRIVATELY_OWNED,591,65,0,591,5099,0,0,0,0,0,MEDIUM,MEDIUM,MEDIUM,5,COST_BASED,COST_BASED,false,false
1,baseline,1,2034,0,0,ELECTRIC_HEAT_PUMP,TOTAL,591,65,0,591,5099,0,0,0,0,0,MEDIUM,MEDIUM,MEDIUM,5,COST_BASED,COST_BASED,false,false
1,baseline,1,2034,0,0,DISTRICT_HEATING,PRIVATELY_OWNED,0,0,0,0,5099,0,0,0,0,0,MEDIUM,MEDIUM,MEDIUM,5,COST_BASED,COST_BASED,false,false
1,baseline,1,2034,0,0,DISTRICT_HEATING,TOTAL,0,0,0,0,5099,0,0,0,0,0,MEDIUM,MEDIUM,MEDIUM,5,COST_BASED,COST_BASED,false,false
1,baseline,1,2035,0,0,NATURAL_GAS_BOILER,PRIVATELY_OWNED,19860,1600,1699,39066,5095,0,0,0,0,0,MEDIUM,MEDIUM,MEDIUM,5,COST_BASED,COST_BASED,false,false
1,baseline,1,2035,0,0,NATURAL_GAS_BOILER,TOTAL,19860,1600,1699,39066,5095,0,0,0,0,0,MEDIUM,MEDIUM,MEDIUM,5,COST_BASED,COST_BASED,false,false
1,baseline,1,2035,0,0,NATURAL_GAS_BLOCK,PRIVATELY_OWNED,6,0,1,7,5095,0,0,0,0,0,MEDIUM,MEDIUM,MEDIUM,5,COST_BASED,COST_BASED,false,false
1,baseline,1,2035,0,0,NATURAL_GAS_BLOCK,TOTAL,6,0,1,7,5095,0,0,0,0,0,MEDIUM,MEDIUM,MEDIUM,5,COST_BASED,COST_BASED,false,false
1,baseline,1,2035,0,0,HYBRID_HEAT_PUMP,PRIVATELY_OWNED,342,36,0,342,5095,0,0,0,0,0,MEDIUM,MEDIUM,MEDIUM,5,COST_BASED,COST_BASED,false,false
1,baseline,1,2035,0,0,HYBRID_HEAT_PUMP,TOTAL,342,36,0,342,5095,0,0,0,0,0,MEDIUM,MEDIUM,MEDIUM,5,COST_BASED,COST_BASED,false,false
1,baseline,1,2035,0,0,ELECTRIC_HEAT_PUMP,PRIVATELY_OWNED,655,64,0,655,5095,0,0,0,0,0,MEDIUM,MEDIUM,MEDIUM,5,COST_BASED,COST_BASED,false,false
1,baseline,1,2035,0,0,ELECTRIC_HEAT_PUMP,TOTAL,655,64,0,655,5095,0,0,0,0,0,MEDIUM,MEDIUM,MEDIUM,5,COST_BASED,COST_BASED,false,false
1,baseline,1,2035,0,0,DISTRICT_HEATING,PRIVATELY_OWNED,0,0,0,0,5095,0,0,0,0,0,MEDIUM,MEDIUM,MEDIUM,5,COST_BASED,COST_BASED,false,false
1,baseline,1,2035,0,0,DISTRICT_HEATING,TOTAL,0,0,0,0,5095,0,0,0,0,0,MEDIUM,MEDIUM,MEDIUM,5,COST_BASED,COST_BASED,false,false
1,baseline,1,2036,0,0,NATURAL_GAS_BOILER,PRIVATELY_OWNED,19766,1679,1773,40745,5116,0,0,0,0,0,MEDIUM,MEDIUM,MEDIUM,5,COST_BASED,COST_BASED,false,false
1,baseline,1,2036,0,0,NATURAL_GAS_BOILER,TOTAL,19766,1679,1773,40745,5116,0,0,0,0,0,MEDIUM,MEDIUM,MEDIUM,5,COST_BASED,COST_BASED,false,false
1,baseline,1,2036,0,0,NATURAL_GAS_BLOCK,PRIVATELY_OWNED,7,1,0,8,5116,0,0,0,0,0,MEDIUM,MEDIUM,MEDIUM,5,COST_BASED,COST_BASED,false,false
1,baseline,1,2036,0,0,NATURAL_GAS_BLOCK,TOTAL,7,1,0,8,5116,0,0,0,0,0,MEDIUM,MEDIUM,MEDIUM,5,COST_BASED,COST_BASED,false,false
1,baseline,1,2036,0,0,HYBRID_HEAT_PUMP,PRIVATELY_OWNED,377,35,0,377,5116,0,0,0,0,0,MEDIUM,MEDIUM,MEDIUM,5,COST_BASED,COST_BASED,false,false
1,baseline,1,2036,0,0,HYBRID_HEAT_PUMP,TOTAL,377,35,0,377,5116,0,0,0,0,0,MEDIUM,MEDIUM,MEDIUM,5,COST_BASED,COST_BASED,false,false
1,baseline,1,2036,0,0,ELECTRIC_HEAT_PUMP,PRIVATELY_OWNED,713,58,0,713,5116,0,0,0,0,0,MEDIUM,MEDIUM,MEDIUM,5,COST_BASED,COST_BASED,false,false
1,baseline,1,2036,0,0,ELECTRIC_HEAT_PUMP,TOTAL,713,58,0,713,5116,0,0,0,0,0,MEDIUM,MEDIUM,MEDIUM,5,COST_BASED,COST_BASED,false,false
1,baseline,1,2036,0,0,DISTRICT_HEATING,PRIVATELY_OWNED,0,0,0,0,5116,0,0,0,0,0,MEDIUM,MEDIUM,MEDIUM,5,COST_BASED,COST_BASED,false,false
1,baseline,1,2036,0,0,DISTRICT_HEATING,TOTAL,0,0,0,0,5116,0,0,0,0,0,MEDIUM,MEDIUM,MEDIUM,5,COST_BASED,COST_BASED,false,false
1,baseline,1,2037,0,0,NATURAL_GAS_BOILER,PRIVATELY_OWNED,19668,1631,1729,42376,5100,0,0,0,0,0,MEDIUM,MEDIUM,MEDIUM,5,COST_BASED,COST_BASED,false,false
1,baseline,1,2037,0,0,NATURAL_GAS_BOILER,TOTAL,19668,1631,1729,42376,5100,0,0,0,0,0,MEDIUM,MEDIUM,MEDIUM,5,COST_BASED,COST_BASED,false,false
1,baseline,1,2037,0,0,NATURAL_GAS_BLOCK,PRIVATELY_OWNED,6,1,2,9,5100,0,0,0,0,0,MEDIUM,MEDIUM,MEDIUM,5,COST_BASED,COST_BASED,false,false
1,baseline,1,2037,0,0,NATURAL_GAS_BLOCK,TOTAL,6,1,2,9,5100,0,0,0,0,0,MEDIUM,MEDIUM,MEDIUM,5,COST_BASED,COST_BASED,false,false
1,baseline,1,2037,0,0,HYBRID_HEAT_PUMP,PRIVATELY_OWNED,409,39,7,416,5100,0,0,0,0,0,MEDIUM,MEDIUM,MEDIUM,5,COST_BASED,COST_BASED,false,false
1,baseline,1,2037,0,0,HYBRID_HEAT_PUMP,TOTAL,409,39,7,416,5100,0,0,0,0,0,MEDIUM,MEDIUM,MEDIUM,5,COST_BASED,COST_BASED,false,false
1,baseline,1,2037,0,0,ELECTRIC_HEAT_PUMP,PRIVATELY_OWNED,780,72,5,785,5100,0,0,0,0,0,MEDIUM,MEDIUM,MEDIUM,5,COST_BASED,COST_BASED,false,false
1,baseline,1,2037,0,0,ELECTRIC_HEAT_PUMP,TOTAL,780,72,5,785,5100,0,0,0,0,0,MEDIUM,MEDIUM,MEDIUM,5,COST_BASED,COST_BASED,false,false
1,baseline,1,2037,0,0,DISTRICT_HEATING,PRIVATELY_OWNED,0,0,0,0,5100,0,0,0,0,0,MEDIUM,MEDIUM,MEDIUM,5,COST_BASED,COST_BASED,false,false
1,baseline,1,2037,0,0,DISTRICT_HEATING,TOTAL,0,0,0,0,5100,0,0,0,0,0,MEDIUM,MEDIUM,MEDIUM,5,COST_BASED,COST_BASED,false,false
1,baseline,1,2038,0,0,NATURAL_GAS_BOILER,PRIVATELY_OWNED,19573,1632,1727,44008,5084,0,0,0,0,0,MEDIUM,MEDIUM,MEDIUM,5,COST_BASED,COST_BASED,false,false
1,baseline,1,2038,0,0,NATURAL_GAS_BOILER,TOTAL,19573,1632,1727,44008,5084,0,0,0,0,0,MEDIUM,MEDIUM,MEDIUM,5,COST_BASED,COST_BASED,false,false
1,baseline,1,2038,0,0,NATURAL_GAS_BLOCK,PRIVATELY_OWNED,5,0,1,9,5084,0,0,0,0,0,MEDIUM,MEDIUM,MEDIUM,5,COST_BASED,COST_BASED,false,false
1,baseline,1,2038,0,0,NATURAL_GAS_BLOCK,TOTAL,5,0,1,9,5084,0,0,0,0,0,MEDIUM,MEDIUM,MEDIUM,5,COST_BASED,COST_BASED,false,false
1,baseline,1,2038,0,0,HYBRID_HEAT_PUMP,PRIVATELY_OWNED,441,40,8,456,5084,0,0,0,0,0,MEDIUM,MEDIUM,MEDIUM,5,COST_BASED,COST_BASED,false,false
1,baseline,1,2038,0,0,HYBRID_HEAT_PUMP,TOTAL,441,40,8,456,5084,0,0,0,0,0,MEDIUM,MEDIUM,MEDIUM,5,COST_BASED,COST_BASED,false,false
1,baseline,1,2038,0,0,ELECTRIC_HEAT_PUMP,PRIVATELY_OWNED,844,71,7,856,5084,0,0,0,0,0,MEDIUM,MEDIUM,MEDIUM,5,COST_BASED,COST_BASED,false,false
1,baseline,1,2038,0,0,ELECTRIC_HEAT_PUMP,TOTAL,844,71,7,856,5084,0,0,0,0,0,MEDIUM,MEDIUM,MEDIUM,5,COST_BASED,COST_BASED,false,false
1,baseline,1,2038,0,0,DISTRICT_HEATING,PRIVATELY_OWNED,0,0,0,0,5084,0,0,0,0,0,MEDIUM,MEDIUM,MEDIUM,5,COST_BASED,COST_BASED,false,false
1,baseline,1,2038,0,0,DISTRICT_HEATING,TOTAL,0,0,0,0,5084,0,0,0,0,0,MEDIUM,MEDIUM,MEDIUM,5,COST_BASED,COST_BASED,false,false
1,baseline,1,2039,0,0,NATURAL_GAS_BOILER,PRIVATELY_OWNED,19507,1590,1656,45598,5120,0,0,0,0,0,MEDIUM,MEDIUM,MEDIUM,5,COST_BASED,COST_BASED,false,false
1,baseline,1,2039,0,0,NATURAL_GAS_BOILER,TOTAL,19507,1590,1656,45598,5120,0,0,0,0,0,MEDIUM,MEDIUM,MEDIUM,5,COST_BASED,COST_BASED,false,false
1,baseline,1,2039,0,0,NATURAL_GAS_BLOCK,PRIVATELY_OWNED,4,0,1,9,5120,0,0,0,0,0,MEDIUM,MEDIUM,MEDIUM,5,COST_BASED,COST_BASED,false,false
1,baseline,1,2039,0,0,NATURAL_GAS_BLOCK,TOTAL,4,0,1,9,5120,0,0,0,0,0,MEDIUM,MEDIUM,MEDIUM,5,COST_BASED,COST_BASED,false,false
1,baseline,1,2039,0,0,HYBRID_HEAT_PUMP,PRIVATELY_OWNED,450,28,19,484,5120,0,0,0,0,0,MEDIUM,MEDIUM,MEDIUM,5,COST_BASED,COST_BASED,false,false
1,baseline,1,2039,0,0,HYBRID_HEAT_PUMP,TOTAL,450,28,19,484,5120,0,0,0,0,0,MEDIUM,MEDIUM,MEDIUM,5,COST_BASED,COST_BASED,false,false
1,baseline,1,2039,0,0,ELECTRIC_HEAT_PUMP,PRIVATELY_OWNED,902,66,8,922,5120,0,0,0,0,0,MEDIUM,MEDIUM,MEDIUM,5,COST_BASED,COST_BASED,false,false
1,baseline,1,2039,0,0,ELECTRIC_HEAT_PUMP,TOTAL,902,66,8,922,5120,0,0,0,0,0,MEDIUM,MEDIUM,MEDIUM,5,COST_BASED,COST_BASED,false,false
1,baseline,1,2039,0,0,DISTRICT_HEATING,PRIVATELY_OWNED,0,0,0,0,5120,0,0,0,0,0,MEDIUM,MEDIUM,MEDIUM,5,COST_BASED,COST_BASED,false,false
1,baseline,1,2039,0,0,DISTRICT_HEATING,TOTAL,0,0,0,0,5120,0,0,0,0,0,MEDIUM,MEDIUM,MEDIUM,5,COST_BASED,COST_BASED,false,false
1,baseline,1,2040,0,0,NATURAL_GAS_BOILER,PRIVATELY_OWNED,19414,1539,1632,47137,5189,0,0,0,0,0,MEDIUM,MEDIUM,MEDIUM,5,COST_BASED,COST_BASED,false,false
1,baseline,1,2040,0,0,NATURAL_GAS_BOILER,TOTAL,19414,1539,1632,47137,5189,0,0,0,0,0,MEDIUM,MEDIUM,MEDIUM,5,COST_BASED,COST_BASED,false,false
1,baseline,1,2040,0,0,NATURAL_GAS_BLOCK,PRIVATELY_OWNED,4,0,0,9,5189,0,0,0,0,0,MEDIUM,MEDIUM,MEDIUM,5,COST_BASED,COST_BASED,false,false
1,baseline,1,2040,0,0,NATURAL_GAS_BLOCK,TOTAL,4,0,0,9,5189,0,0,0,0,0,MEDIUM,MEDIUM,MEDIUM,5,COST_BASED,COST_BASED,false,false
1,baseline,1,2040,0,0,HYBRID_HEAT_PUMP,PRIVATELY_OWNED,487,63,26,547,5189,0,0,0,0,0,MEDIUM,MEDIUM,MEDIUM,5,COST_BASED,COST_BASED,false,false
1,baseline,1,2040,0,0,HYBRID_HEAT_PUMP,TOTAL,487,63,26,547,5189,0,0,0,0,0,MEDIUM,MEDIUM,MEDIUM,5,COST_BASED,COST_BASED,false,false
1,baseline,1,2040,0,0,ELECTRIC_HEAT_PUMP,PRIVATELY_OWNED,958,115,59,1037,5189,0,0,0,0,0,MEDIUM,MEDIUM,MEDIUM,5,COST_BASED,COST_BASED,false,false
1,baseline,1,2040,0,0,ELECTRIC_HEAT_PUMP,TOTAL,958,115,59,1037,5189,0,0,0,0,0,MEDIUM,MEDIUM,MEDIUM,5,COST_BASED,COST_BASED,false,false
1,baseline,1,2040,0,0,DISTRICT_HEATING,PRIVATELY_OWNED,0,0,0,0,5189,0,0,0,0,0,MEDIUM,MEDIUM,MEDIUM,5,COST_BASED,COST_BASED,false,false
1,baseline,1,2040,0,0,DISTRICT_HEATING,TOTAL,0,0,0,0,5189,0,0,0,0,0,MEDIUM,MEDIUM,MEDIUM,5,COST_BASED,COST_BASED,false,false
1,baseline,1,2041,0,0,NATURAL_GAS_BOILER,PRIVATELY_OWNED,19359,1614,1669,48751,5112,0,0,0,0,0,MEDIUM,MEDIUM,MEDIUM,5,COST_BASED,COST_BASED,false,false
1,baseline,1,2041,0,0,NATURAL_GAS_BOILER,TOTAL,19359,1614,1669,48751,5112,0,0,0,0,0,MEDIUM,MEDIUM,MEDIUM,5,COST_BASED,COST_BASED,false,false
1,baseline,1,2041,0,0,NATURAL_GAS_BLOCK,PRIVATELY_OWNED,4,1,1,10,5112,0,0,0,0,0,MEDIUM,MEDIUM,MEDIUM,5,COST_BASED,COST_BASED,false,false
1,baseline,1,2041,0,0,NATURAL_GAS_BLOCK,TOTAL,4,1,1,10,5112,0,0,0,0,0,MEDIUM,MEDIUM,MEDIUM,5,COST_BASED,COST_BASED,false,false
1,baseline,1,2041,0,0,HYBRID_HEAT_PUMP,PRIVATELY_OWNED,504,52,35,599,5112,0,0,0,0,0,MEDIUM,MEDIUM,MEDIUM,5,COST_BASED,COST_BASED,false,false
1,baseline,1,2041,0,0,HYBRID_HEAT_PUMP,TOTAL,504,52,35,599,5112,0,0,0,0,0,MEDIUM,MEDIUM,MEDIUM,5,COST_BASED,COST_BASED,false,false
1,baseline,1,2041,0,0,ELECTRIC_HEAT_PUMP,PRIVATELY_OWNED,996,96,58,1133,5112,0,0,0,0,0,MEDIUM,MEDIUM,MEDIUM,5,COST_BASED,COST_BASED,false,false
1,baseline,1,2041,0,0,ELECTRIC_HEAT_PUMP,TOTAL,996,96,58,1133,5112,0,0,0,0,0,MEDIUM,MEDIUM,MEDIUM,5,COST_BASED,COST_BASED,false,false
1,baseline,1,2041,0,0,DISTRICT_HEATING,PRIVATELY_OWNED,0,0,0,0,5112,0,0,0,0,0,MEDIUM,MEDIUM,MEDIUM,5,COST_BASED,COST_BASED,false,false
1,baseline,1,2041,0,0,DISTRICT_HEATING,TOTAL,0,0,0,0,5112,0,0,0,0,0,MEDIUM,MEDIUM,MEDIUM,5,COST_BASED,COST_BASED,false,false
1,baseline,1,2042,0,0,NATURAL_GAS_BOILER,PRIVATELY_OWNED,19274,1601,1686,50352,5118,0,0,0,0,0,MEDIUM,MEDIUM,MEDIUM,5,COST_BASED,COST_BASED,false,false
1,baseline,1,2042,0,0,NATURAL_GAS_BOILER,TOTAL,19274,1601,1686,50352,5118,0,0,0,0,0,MEDIUM,MEDIUM,MEDIUM,5,COST_BASED,COST_BASED,false,false
1,baseline,1,2042,0,0,NATURAL_GAS_BLOCK,PRIVATELY_OWNED,3,0,1,10,5118,0,0,0,0,0,MEDIUM,MEDIUM,MEDIUM,5,COST_BASED,COST_BASED,false,false
1,baseline,1,2042,0,0,NATURAL_GAS_BLOCK,TOTAL,3,0,1,10,5118,0,0,0,0,0,MEDIUM,MEDIUM,MEDIUM,5,COST_BASED,COST_BASED,false,false
1,baseline,1,2042,0,0,HYBRID_HEAT_PUMP,PRIVATELY_OWNED,532,69,41,668,5118,0,0,0,0,0,MEDIUM,MEDIUM,MEDIUM,5,COST_BASED,COST_BASED,false,false
1,baseline,1,2042,0,0,HYBRID_HEAT_PUMP,TOTAL,532,69,41,668,5118,0,0,0,0,0,MEDIUM,MEDIUM,MEDIUM,5,COST_BASED,COST_BASED,false,false
1,baseline,1,2042,0,0,ELECTRIC_HEAT_PUMP,PRIVATELY_OWNED,1054,106,48,1239,5118,0,0,0,0,0,MEDIUM,MEDIUM,MEDIUM,5,COST_BASED,COST_BASED,false,false
1,baseline,1,2042,0,0,ELECTRIC_HEAT_PUMP,TOTAL,1054,106,48,1239,5118,0,0,0,0,0,MEDIUM,MEDIUM,MEDIUM,5,COST_BASED,COST_BASED,false,false
1,baseline,1,2042,0,0,DISTRICT_HEATING,PRIVATELY_OWNED,0,0,0,0,5118,0,0,0,0,0,MEDIUM,MEDIUM,MEDIUM,5,COST_BASED,COST_BASED,false,false
1,baseline,1,2042,0,0,DISTRICT_HEATING,TOTAL,0,0,0,0,5118,0,0,0,0,0,MEDIUM,MEDIUM,MEDIUM,5,COST_BASED,COST_BASED,false,false
1,baseline,1,2043,0,0,NATURAL_GAS_BOILER,PRIVATELY_OWNED,19197,1500,1577,51852,5022,0,0,0,0,0,MEDIUM,MEDIUM,MEDIUM,5,COST_BASED,COST_BASED,false,false
1,baseline,1,2043,0,0,NATURAL_GAS_BOILER,TOTAL,19197,1500,1577,51852,5022,0,0,0,0,0,MEDIUM,MEDIUM,MEDIUM,5,COST_BASED,COST_BASED,false,false
1,baseline,1,2043,0,0,NATURAL_GAS_BLOCK,PRIVATELY_OWNED,3,0,0,10,5022,0,0,0,0,0,MEDIUM,MEDIUM,MEDIUM,5,COST_BASED,COST_BASED,false,false
1,baseline,1,2043,0,0,NATURAL_GAS_BLOCK,TOTAL,3,0,0,10,5022,0,0,0,0,0,MEDIUM,MEDIUM,MEDIUM,5,COST_BASED,COST_BASED,false,false
1,baseline,1,2043,0,0,HYBRID_HEAT_PUMP,PRIVATELY_OWNED,554,56,34,724,5022,0,0,0,0,0,MEDIUM,MEDIUM,MEDIUM,5,COST_BASED,COST_BASED,false,false
1,baseline,1,2043,0,0,HYBRID_HEAT_PUMP,TOTAL,554,56,34,724,5022,0,0,0,0,0,MEDIUM,MEDIUM,MEDIUM,5,COST_BASED,COST_BASED,false,false
1,baseline,1,2043,0,0,ELECTRIC_HEAT_PUMP,PRIVATELY_OWNED,1109,108,53,1347,5022,0,0,0,0,0,MEDIUM,MEDIUM,MEDIUM,5,COST_BASED,COST_BASED,false,false
1,baseline,1,2043,0,0,ELECTRIC_HEAT_PUMP,TOTAL,1109,108,53,1347,5022,0,0,0,0,0,MEDIUM,MEDIUM,MEDIUM,5,COST_BASED,COST_BASED,false,false
1,baseline,1,2043,0,0,DISTRICT_HEATING,PRIVATELY_OWNED,0,0,0,0,5022,0,0,0,0,0,MEDIUM,MEDIUM,MEDIUM,5,COST_BASED,COST_BASED,false,false
1,baseline,1,2043,0,0,DISTRICT_HEATING,TOTAL,0,0,0,0,5022,0,0,0,0,0,MEDIUM,MEDIUM,MEDIUM,5,COST_BASED,COST_BASED,false,false
1,baseline,1,2044,0,0,NATURAL_GAS_BOILER,PRIVATELY_OWNED,19117,1591,1671,53443,5107,0,0,0,0,0,MEDIUM,MEDIUM,MEDIUM,5,COST_BASED,COST_BASED,false,false
1,baseline,1,2044,0,0,NATURAL_GAS_BOILER,TOTAL,19117,1591,1671,53443,5107,0,0,0,0,0,MEDIUM,MEDIUM,MEDIUM,5,COST_BASED,COST_BASED,false,false
1,baseline,1,2044,0,0,NATURAL_GAS_BLOCK,PRIVATELY_OWNED,5,2,0,12,5107,0,0,0,0,0,MEDIUM,MEDIUM,MEDIUM,5,COST_BASED,COST_BASED,false,false
1,baseline,1,2044,0,0,NATURAL_GAS_BLOCK,TOTAL,5,2,0,12,5107,0,0,0,0,0,MEDIUM,MEDIUM,MEDIUM,5,COST_BASED,COST_BASED,false,false
1,baseline,1,2044,0,0,HYBRID_HEAT_PUMP,PRIVATELY_OWNED,578,38,14,762,5107,0,0,0,0,0,MEDIUM,MEDIUM,MEDIUM,5,COST_BASED,COST_BASED,false,false
1,baseline,1,2044,0,0,HYBRID_HEAT_PUMP,TOTAL,578,38,14,762,5107,0,0,0,0,0,MEDIUM,MEDIUM,MEDIUM,5,COST_BASED,COST_BASED,false,false
1,baseline,1,2044,0,0,ELECTRIC_HEAT_PUMP,PRIVATELY_OWNED,1163,113,59,1460,5107,0,0,0,0,0,MEDIUM,MEDIUM,MEDIUM,5,COST_BASED,COST_BASED,false,false
1,baseline,1,2044,0,0,ELECTRIC_HEAT_PUMP,TOTAL,1163,113,59,1460,5107,0,0,0,0,0,MEDIUM,MEDIUM,MEDIUM,5,COST_BASED,COST_BASED,false,false
1,baseline,1,2044,0,0,DISTRICT_HEATING,PRIVATELY_OWNED,0,0,0,0,5107,0,0,0,0,0,MEDIUM,MEDIUM,MEDIUM,5,COST_BASED,COST_BASED,false,false
1,baseline,1,2044,0,0,DISTRICT_HEATING,TOTAL,0,0,0,0,5107,0,0,0,0,0,MEDIUM,MEDIUM,MEDIUM,5,COST_BASED,COST_BASED,false,false
1,baseline,1,2045,0,0,NATURAL_GAS_BOILER,PRIVATELY_OWNED,19043,1522,1596,54965,5064,0,0,0,0,0,MEDIUM,MEDIUM,MEDIUM,5,COST_BASED,COST_BASED,false,false
1,baseline,1,2045,0,0,NATURAL_GAS_BOILER,TOTAL,19043,1522,1596,54965,5064,0,0,0,0,0,MEDIUM,MEDIUM,MEDIUM,5,COST_BASED,COST_BASED,false,false
1,baseline,1,2045,0,0,NATURAL_GAS_BLOCK,PRIVATELY_OWNED,6,1,0,13,5064,0,0,0,0,0,MEDIUM,MEDIUM,MEDIUM,5,COST_BASED,COST_BASED,false,false
1,baseline,1,2045,0,0,NATURAL_GAS_BLOCK,TOTAL,6,1,0,13,5064,0,0,0,0,0,MEDIUM,MEDIUM,MEDIUM,5,COST_BASED,COST_BASED,false,false
1,baseline,1,2045,0,0,HYBRID_HEAT_PUMP,PRIVATELY_OWNED,593,49,34,811,5064,0,0,0,0,0,MEDIUM,MEDIUM,MEDIUM,5,COST_BASED,COST_BASED,false,false
1,baseline,1,2045,0,0,HYBRID_HEAT_PUMP,TOTAL,593,49,34,811,5064,0,0,0,0,0,MEDIUM,MEDIUM,MEDIUM,5,COST_BASED,COST_BASED,false,false
1,baseline,1,2045,0,0,ELECTRIC_HEAT_PUMP,PRIVATELY_OWNED,1221,110,52,1570,5064,0,0,0,0,0,MEDIUM,MEDIUM,MEDIUM,5,COST_BASED,COST_BASED,false,false
1,baseline,1,2045,0,0,ELECTRIC_HEAT_PUMP,TOTAL,1221,110,52,1570,5064,0,0,0,0,0,MEDIUM,MEDIUM,MEDIUM,5,COST_BASED,COST_BASED,false,false
1,baseline,1,2045,0,0,DISTRICT_HEATING,PRIVATELY_OWNED,0,0,0,0,5064,0,0,0,0,0,MEDIUM,MEDIUM,MEDIUM,5,COST_BASED,COST_BASED,false,false
1,baseline,1,2045,0,0,DISTRICT_HEATING,TOTAL,0,0,0,0,5064,0,0,0,0,0,MEDIUM,MEDIUM,MEDIUM,5,COST_BASED,COST_BASED,false,false
1,baseline,1,2046,0,0,NATURAL_GAS_BOILER,PRIVATELY_OWNED,18957,1562,1648,56527,5154,0,0,0,0,0,MEDIUM,MEDIUM,MEDIUM,5,COST_BASED,COST_BASED,false,false
1,baseline,1,2046,0,0,NATURAL_GAS_BOILER,TOTAL,18957,1562,1648,56527,5154,0,0,0,0,0,MEDIUM,MEDIUM,MEDIUM,5,COST_BASED,COST_BASED,false,false
1,baseline,1,2046,0,0,NATURAL_GAS_BLOCK,PRIVATELY_OWNED,5,0,1,13,5154,0,0,0,0,0,MEDIUM,MEDIUM,MEDIUM,5,COST_BASED,COST_BASED,false,false
1,baseline,1,2046,0,0,NATURAL_GAS_BLOCK,TOTAL,5,0,1,13,5154,0,0,0,0,0,MEDIUM,MEDIUM,MEDIUM,5,COST_BASED,COST_BASED,false,false
1,baseline,1,2046,0,0,HYBRID_HEAT_PUMP,PRIVATELY_OWNED,618,52,27,863,5154,0,0,0,0,0,MEDIUM,MEDIUM,MEDIUM,5,COST_BASED,COST_BASED,false,false
1,baseline,1,2046,0,0,HYBRID_HEAT_PUMP,TOTAL,618,52,27,863,5154,0,0,0,0,0,MEDIUM,MEDIUM,MEDIUM,5,COST_BASED,COST_BASED,false,false
1,baseline,1,2046,0,0,ELECTRIC_HEAT_PUMP,PRIVATELY_OWNED,1283,124,62,1694,5154,0,0,0,0,0,MEDIUM,MEDIUM,MEDIUM,5,COST_BASED,COST_BASED,false,false
1,baseline,1,2046,0,0,ELECTRIC_HEAT_PUMP,TOTAL,1283,124,62,1694,5154,0,0,0,0,0,MEDIUM,MEDIUM,MEDIUM,5,COST_BASED,COST_BASED,false,false
1,baseline,1,2046,0,0,DISTRICT_HEATING,PRIVATELY_OWNED,0,0,0,0,5154,0,0,0,0,0,MEDIUM,MEDIUM,MEDIUM,5,COST_BASED,COST_BASED,false,false
1,baseline,1,2046,0,0,DISTRICT_HEATING,TOTAL,0,0,0,0,5154,0,0,0,0,0,MEDIUM,MEDIUM,MEDIUM,5,COST_BASED,COST_BASED,false,false
1,baseline,1,2047,0,0,NATURAL_GAS_BOILER,PRIVATELY_OWNED,18876,1525,1606,58052,5148,0,0,0,0,0,MEDIUM,MEDIUM,MEDIUM,5,COST_BASED,COST_BASED,false,false
1,baseline,1,2047,0,0,NATURAL_GAS_BOILER,TOTAL,18876,1525,1606,58052,5148,0,0,0,0,0,MEDIUM,MEDIUM,MEDIUM,5,COST_BASED,COST_BASED,false,false
1,baseline,1,2047,0,0,NATURAL_GAS_BLOCK,PRIVATELY_OWNED,4,0,1,13,5148,0,0,0,0,0,MEDIUM,MEDIUM,MEDIUM,5,COST_BASED,COST_BASED,false,false
1,baseline,1,2047,0,0,NATURAL_GAS_BLOCK,TOTAL,4,0,1,13,5148,0,0,0,0,0,MEDIUM,MEDIUM,MEDIUM,5,COST_BASED,COST_BASED,false,false
1,baseline,1,2047,0,0,HYBRID_HEAT_PUMP,PRIVATELY_OWNED,643,54,29,917,5148,0,0,0,0,0,MEDIUM,MEDIUM,MEDIUM,5,COST_BASED,COST_BASED,false,false
1,baseline,1,2047,0,0,HYBRID_HEAT_PUMP,TOTAL,643,54,29,917,5148,0,0,0,0,0,MEDIUM,MEDIUM,MEDIUM,5,COST_BASED,COST_BASED,false,false
1,baseline,1,2047,0,0,ELECTRIC_HEAT_PUMP,PRIVATELY_OWNED,1340,119,62,1813,5148,0,0,0,0,0,MEDIUM,MEDIUM,MEDIUM,5,COST_BASED,COST_BASED,false,false
1,baseline,1,2047,0,0,ELECTRIC_HEAT_PUMP,TOTAL,1340,119,62,1813,5148,0,0,0,0,0,MEDIUM,MEDIUM,MEDIUM,5,COST_BASED,COST_BASED,false,false
1,baseline,1,2047,0,0,DISTRICT_HEATING,PRIVATELY_OWNED,0,0,0,0,5148,0,0,0,0,0,MEDIUM,MEDIUM,MEDIUM,5,COST_BASED,COST_BASED,false,false
1,baseline,1,2047,0,0,DISTRICT_HEATING,TOTAL,0,0,0,0,5148,0,0,0,0,0,MEDIUM,MEDIUM,MEDIUM,5,COST_BASED,COST_BASED,false,false
1,baseline,1,2048,0,0,NATURAL_GAS_BOILER,PRIVATELY_OWNED,18804,1591,1663,59643,5175,0,0,0,0,0,MEDIUM,MEDIUM,MEDIUM,5,COST_BASED,COST_BASED,false,false
1,baseline,1,2048,0,0,NATURAL_GAS_BOILER,TOTAL,18804,1591,1663,59643,5175,0,0,0,0,0,MEDIUM,MEDIUM,MEDIUM,5,COST_BASED,COST_BASED,false,false
1,baseline,1,2048,0,0,NATURAL_GAS_BLOCK,PRIVATELY_OWNED,4,0,0,13,5175,0,0,0,0,0,MEDIUM,MEDIUM,MEDIUM,5,COST_BASED,COST_BASED,false,false
1,baseline,1,2048,0,0,NATURAL_GAS_BLOCK,TOTAL,4,0,0,13,5175,0,0,0,0,0,MEDIUM,MEDIUM,MEDIUM,5,COST_BASED,COST_BASED,false,false
1,baseline,1,2048,0,0,HYBRID_HEAT_PUMP,PRIVATELY_OWNED,666,48,25,965,5175,0,0,0,0,0,MEDIUM,MEDIUM,MEDIUM,5,COST_BASED,COST_BASED,false,false
1,baseline,1,2048,0,0,HYBRID_HEAT_PUMP,TOTAL,666,48,25,965,5175,0,0,0,0,0,MEDIUM,MEDIUM,MEDIUM,5,COST_BASED,COST_BASED,false,false
1,baseline,1,2048,0,0,ELECTRIC_HEAT_PUMP,PRIVATELY_OWNED,1389,116,67,1929,5175,0,0,0,0,0,MEDIUM,MEDIUM,MEDIUM,5,COST_BASED,COST_BASED,false,false
1,baseline,1,2048,0,0,ELECTRIC_HEAT_PUMP,TOTAL,1389,116,67,1929,5175,0,0,0,0,0,MEDIUM,MEDIUM,MEDIUM,5,COST_BASED,COST_BASED,false,false
1,baseline,1,2048,0,0,DISTRICT_HEATING,PRIVATELY_OWNED,0,0,0,0,5175,0,0,0,0,0,MEDIUM,MEDIUM,MEDIUM,5,COST_BASED,COST_BASED,false,false
1,baseline,1,2048,0,0,DISTRICT_HEATING,TOTAL,0,0,0,0,5175,0,0,0,0,0,MEDIUM,MEDIUM,MEDIUM,5,COST_BASED,COST_BASED,false,false
1,baseline,1,2049,0,0,NATURAL_GAS_BOILER,PRIVATELY_OWNED,18713,1557,1648,61200,5121,0,0,0,0,0,MEDIUM,MEDIUM,MEDIUM,5,COST_BASED,COST_BASED,false,false
1,baseline,1,2049,0,0,NATURAL_GAS_BOILER,TOTAL,18713,1557,1648,61200,5121,0,0,0,0,0,MEDIUM,MEDIUM,MEDIUM,5,COST_BASED,COST_BASED,false,false
1,baseline,1,2049,0,0,NATURAL_GAS_BLOCK,PRIVATELY_OWNED,5,1,0,14,5121,0,0,0,0,0,MEDIUM,MEDIUM,MEDIUM,5,COST_BASED,COST_BASED,false,false
1,baseline,1,2049,0,0,NATURAL_GAS_BLOCK,TOTAL,5,1,0,14,5121,0,0,0,0,0,MEDIUM,MEDIUM,MEDIUM,5,COST_BASED,COST_BASED,false,false
1,baseline,1,2049,0,0,HYBRID_HEAT_PUMP,PRIVATELY_OWNED,687,51,30,1016,5121,0,0,0,0,0,MEDIUM,MEDIUM,MEDIUM,5,COST_BASED,COST_BASED,false,false
1,baseline,1,2049,0,0,HYBRID_HEAT_PUMP,TOTAL,687,51,30,1016,5121,0,0,0,0,0,MEDIUM,MEDIUM,MEDIUM,5,COST_BASED,COST_BASED,false,false
1,baseline,1,2049,0,0,ELECTRIC_HEAT_PUMP,PRIVATELY_OWNED,1458,136,67,2065,5121,0,0,0,0,0,MEDIUM,MEDIUM,MEDIUM,5,COST_BASED,COST_BASED,false,false
1,baseline,1,2049,0,0,ELECTRIC_HEAT_PUMP,TOTAL,1458,136,67,2065,5121,0,0,0,0,0,MEDIUM,MEDIUM,MEDIUM,5,COST_BASED,COST_BASED,false,false
1,baseline,1,2049,0,0,DISTRICT_HEATING,PRIVATELY_OWNED,0,0,0,0,5121,0,0,0,0,0,MEDIUM,MEDIUM,MEDIUM,5,COST_BASED,COST_BASED,false,false
1,baseline,1,2049,0,0,DISTRICT_HEATING,TOTAL,0,0,0,0,5121,0,0,0,0,0,MEDIUM,MEDIUM,MEDIUM,5,COST_BASED,COST_BASED,false,false
1,baseline,1,2050,0,0,NATURAL_GAS_BOILER,PRIVATELY_OWNED,18615,1534,1632,62734,5026,0,0,0,0,0,MEDIUM,MEDIUM,MEDIUM,5,COST_BASED,COST_BASED,false,false
1,baseline,1,2050,0,0,NATURAL_GAS_BOILER,TOTAL,18615,1534,1632,62734,5026,0,0,0,0,0,MEDIUM,MEDIUM,MEDIUM,5,COST_BASED,COST_BASED,false,false
1,baseline,1,2050,0,0,NATURAL_GAS_BLOCK,PRIVATELY_OWNED,5,0,0,14,5026,0,0,0,0,0,MEDIUM,MEDIUM,MEDIUM,5,COST_BASED,COST_BASED,false,false
1,baseline,1,2050,0,0,NATURAL_GAS_BLOCK,TOTAL,5,0,0,14,5026,0,0,0,0,0,MEDIUM,MEDIUM,MEDIUM,5,COST_BASED,COST_BASED,false,false
1,baseline,1,2050,0,0,HYBRID_HEAT_PUMP,PRIVATELY_OWNED,720,69,36,1085,5026,0,0,0,0,0,MEDIUM,MEDIUM,MEDIUM,5,COST_BASED,COST_BASED,false,false
1,baseline,1,2050,0,0,HYBRID_HEAT_PUMP,TOTAL,720,69,36,1085,5026,0,0,0,0,0,MEDIUM,MEDIUM,MEDIUM,5,COST_BASED,COST_BASED,false,false
1,baseline,1,2050,0,0,ELECTRIC_HEAT_PUMP,PRIVATELY_OWNED,1523,126,61,2191,5026,0,0,0,0,0,MEDIUM,MEDIUM,MEDIUM,5,COST_BASED,COST_BASED,false,false
1,baseline,1,2050,0,0,ELECTRIC_HEAT_PUMP,TOTAL,1523,126,61,2191,5026,0,0,0,0,0,MEDIUM,MEDIUM,MEDIUM,5,COST_BASED,COST_BASED,false,false
1,baseline,1,2050,0,0,DISTRICT_HEATING,PRIVATELY_OWNED,0,0,0,0,5026,0,0,0,0,0,MEDIUM,MEDIUM,MEDIUM,5,COST_BASED,COST_BASED,false,false
1,baseline,1,2050,0,0,DISTRICT_HEATING,TOTAL,0,0,0,0,5026,0,0,0,0,0,MEDIUM,MEDIUM,MEDIUM,5,COST_BASED,COST_BASED,false,false
1,baseline,2,2024,0,0,NATURAL_GAS_BOILER,PRIVATELY_OWNED,20866,0,0,20866,0,0,0,0,0,0,MEDIUM,MEDIUM,MEDIUM,5,COST_BASED,COST_BASED,false,false
1,baseline,2,2024,0,0,NATURAL_GAS_BOILER,TOTAL,20866,0,0,20866,0,0,0,0,0,0,MEDIUM,MEDIUM,MEDIUM,5,COST_BASED,COST_BASED,false,false
1,baseline,2,2024,0,0,NATURAL_GAS_BLOCK,PRIVATELY_OWNED,0,0,0,0,0,0,0,0,0,0,MEDIUM,MEDIUM,MEDIUM,5,COST_BASED,COST_BASED,false,false
1,baseline,2,2024,0,0,NATURAL_GAS_BLOCK,TOTAL,0,0,0,0,0,0,0,0,0,0,MEDIUM,MEDIUM,MEDIUM,5,COST_BASED,COST_BASED,false,false
1,baseline,2,2024,0,0,HYBRID_HEAT_PUMP,PRIVATELY_OWNED,0,0,0,0,0,0,0,0,0,0,MEDIUM,MEDIUM,MEDIUM,5,COST_BASED,COST_BASED,false,false
1,baseline,2,2024,0,0,HYBRID_HEAT_PUMP,TOTAL,0,0,0,0,0,0,0,0,0,0,MEDIUM,MEDIUM,MEDIUM,5,COST_BASED,COST_BASED,false,false
1,baseline,2,2024,0,0,ELECTRIC_HEAT_PUMP,PRIVATELY_OWNED,0,0,0,0,0,0,0,0,0,0,MEDIUM,MEDIUM,MEDIUM,5,COST_BASED,COST_BASED,false,false
1,baseline,2,2024,0,0,ELECTRIC_HEAT_PUMP,TOTAL,0,0,0,0,0,0,0,0,0,0,MEDIUM,MEDIUM,MEDIUM,5,COST_BASED,COST_BASED,false,false
1,baseline,2,2024,0,0,DISTRICT_HEATING,PRIVATELY_OWNED,0,0,0,0,0,0,0,0,0,0,MEDIUM,MEDIUM,MEDIUM,5,COST_BASED,COST_BASED,false,false
1,baseline,2,2024,0,0,DISTRICT_HEATING,TOTAL,0,0,0,0,0,0,0,0,0,0,MEDIUM,MEDIUM,MEDIUM,5,COST_BASED,COST_BASED,false,false
1,baseline,2,2025,0,0,NATURAL_GAS_BOILER,PRIVATELY_OWNED,20791,1753,1828,22619,5286,0,0,0,0,0,MEDIUM,MEDIUM,MEDIUM,5,COST_BASED,COST_BASED,false,false
1,baseline,2,2025,0,0,NATURAL_GAS_BOILER,TOTAL,20791,1753,1828,22619,5286,0,0,0,0,0,MEDIUM,MEDIUM,MEDIUM,5,COST_BASED,COST_BASED,false,false
1,baseline,2,2025,0,0,NATURAL_GAS_BLOCK,PRIVATELY_OWNED,0,0,0,0,5286,0,0,0,0,0,MEDIUM,MEDIUM,MEDIUM,5,COST_BASED,COST_BASED,false,false
1,baseline,2,2025,0,0,NATURAL_GAS_BLOCK,TOTAL,0,0,0,0,5286,0,0,0,0,0,MEDIUM,MEDIUM,MEDIUM,5,COST_BASED,COST_BASED,false,false
1,baseline,2,2025,0,0,HYBRID_HEAT_PUMP,PRIVATELY_OWNED,24,24,0,24,5286,0,0,0,0,0,MEDIUM,MEDIUM,MEDIUM,5,COST_BASED,COST_BASED,false,false
1,baseline,2,2025,0,0,HYBRID_HEAT_PUMP,TOTAL,24,24,0,24,5286,0,0,0,0,0,MEDIUM,MEDIUM,MEDIUM,5,COST_BASED,COST_BASED,false,false
1,baseline,2,2025,0,0,ELECTRIC_HEAT_PUMP,PRIVATELY_OWNED,51,51,0,51,5286,0,0,0,0,0,MEDIUM,MEDIUM,MEDIUM,5,COST_BASED,COST_BASED,false,false
1,baseline,2,2025,0,0,ELECTRIC_HEAT_PUMP,TOTAL,51,51,0,51,5286,0,0,0,0,0,MEDIUM,MEDIUM,MEDIUM,5,COST_BASED,COST_BASED,false,false
1,baseline,2,2025,0,0,DISTRICT_HEATING,PRIVATELY_OWNED,0,0,0,0,5286,0,0,0,0,0,MEDIUM,MEDIUM,MEDIUM,5,COST_BASED,COST_BASED,false,false
1,baseline,2,2025,0,0,DISTRICT_HEATING,TOTAL,0,0,0,0,5286,0,0,0,0,0,MEDIUM,MEDIUM,MEDIUM,5,COST_BASED,COST_BASED,false,false
1,baseline,2,2026,0,0,NATURAL_GAS_BOILER,PRIVATELY_OWNED,20700,1697,1788,24316,5168,0,0,0,0,0,MEDIUM,MEDIUM,MEDIUM,5,COST_BASED,COST_BASED,false,false
1,baseline,2,2026,0,0,NATURAL_GAS_BOILER,TOTAL,20700,1697,1788,24316,5168,0,0,0,0,0,MEDIUM,MEDIUM,MEDIUM,5,COST_BASED,COST_BASED,false,false
1,baseline,2,2026,0,0,NATURAL_GAS_BLOCK,PRIVATELY_OWNED,0,0,0,0,5168,0,0,0,0,0,MEDIUM,MEDIUM,MEDIUM,5,COST_BASED,COST_BASED,false,false
1,baseline,2,2026,0,0,NATURAL_GAS_BLOCK,TOTAL,0,0,0,0,5168,0,0,0,0,0,MEDIUM,MEDIUM,MEDIUM,5,COST_BASED,COST_BASED,false,false
1,baseline,2,2026,0,0,HYBRID_HEAT_PUMP,PRIVATELY_OWNED,59,35,0,59,5168,0,0,0,0,0,MEDIUM,MEDIUM,MEDIUM,5,COST_BASED,COST_BASED,false,false
1,baseline,2,2026,0,0,HYBRID_HEAT_PUMP,TOTAL,59,35,0,59,5168,0,0,0,0,0,MEDIUM,MEDIUM,MEDIUM,5,COST_BASED,COST_BASED,false,false
1,baseline,2,2026,0,0,ELECTRIC_HEAT_PUMP,PRIVATELY_OWNED,107,56,0,107,5168,0,0,0,0,0,MEDIUM,MEDIUM,MEDIUM,5,COST_BASED,COST_BASED,false,false
1,baseline,2,2026,0,0,ELECTRIC_HEAT_PUMP,TOTAL,107,56,0,107,5168,0,0,0,0,0,MEDIUM,MEDIUM,MEDIUM,5,COST_BASED,COST_BASED,false,false
1,baseline,2,2026,0,0,DISTRICT_HEATING,PRIVATELY_OWNED,0,0,0,0,5168,0,0,0,0,0,MEDIUM,MEDIUM,MEDIUM,5,COST_BASED,COST_BASED,false,false
1,baseline,2,2026,0,0,DISTRICT_HEATING,TOTAL,0,0,0,0,5168,0,0,0,0,0,MEDIUM,MEDIUM,MEDIUM,5,COST_BASED,COST_BASED,false,false
1,baseline,2,2027,0,0,NATURAL_GAS_BOILER,PRIVATELY_OWNED,20626,1686,1760,26002,5089,0,0,0,0,0,MEDIUM,MEDIUM,MEDIUM,5,COST_BASED,COST_BASED,false,false
1,baseline,2,2027,0,0,NATURAL_GAS_BOILER,TOTAL,20626,1686,1760,26002,5089,0,0,0,0,0,MEDIUM,MEDIUM,MEDIUM,5,COST_BASED,COST_BASED,false,false
1,baseline,2,2027,0,0,NATURAL_GAS_BLOCK,PRIVATELY_OWNED,2,2,0,2,5089,0,0,0,0,0,MEDIUM,MEDIUM,MEDIUM,5,COST_BASED,COST_BASED,false,false
1,baseline,2,2027,0,0,NATURAL_GAS_BLOCK,TOTAL,2,2,0,2,5089,0,0,0,0,0,MEDIUM,MEDIUM,MEDIUM,5,COST_BASED,COST_BASED,false,false
1,baseline,2,2027,0,0,HYBRID_HEAT_PUMP,PRIVATELY_OWNED,83,24,0,83,5089,0,0,0,0,0,MEDIUM,MEDIUM,MEDIUM,5,COST_BASED,COST_BASED,false,false
1,baseline,2,2027,0,0,HYBRID_HEAT_PUMP,TOTAL,83,24,0,83,5089,0,0,0,0,0,MEDIUM,MEDIUM,MEDIUM,5,COST_BASED,COST_BASED,false,false
1,baseline,2,2027,0,0,ELECTRIC_HEAT_PUMP,PRIVATELY_OWNED,155,48,0,155,5089,0,0,0,0,0,MEDIUM,MEDIUM,MEDIUM,5,COST_BASED,COST_BASED,false,false
1,baseline,2,2027,0,0,ELECTRIC_HEAT_PUMP,TOTAL,155,48,0,155,5089,0,0,0,0,0,MEDIUM,MEDIUM,MEDIUM,5,COST_BASED,COST_BASED,false,false
1,baseline,2,2027,0,0,DISTRICT_HEATING,PRIVATELY_OWNED,0,0,0,0,5089,0,0,0,0,0,MEDIUM,MEDIUM,MEDIUM,5,COST_BASED,COST_BASED,false,false
1,baseline,2,2027,0,0,DISTRICT_HEATING,TOTAL,0,0,0,0,5089,0,0,0,0,0,MEDIUM,MEDIUM,MEDIUM,5,COST_BASED,COST_BASED,false,false
1,baseline,2,2028,0,0,NATURAL_GAS_BOILER,PRIVATELY_OWNED,20550,1621,1697,27623,5075,0,0,0,0,0,MEDIUM,MEDIUM,MEDIUM,5,COST_BASED,COST_BASED,false,false
1,baseline,2,2028,0,0,NATURAL_GAS_BOILER,TOTAL,20550,1621,1697,27623,5075,0,0,0,0,0,MEDIUM,MEDIUM,MEDIUM,5,COST_BASED,COST_BASED,false,false
1,baseline,2,2028,0,0,NATURAL_GAS_BLOCK,PRIVATELY_OWNED,3,1,0,3,5075,0,0,0,0,0,MEDIUM,MEDIUM,MEDIUM,5,COST_BASED,COST_BASED,false,false
1,baseline,2,2028,0,0,NATURAL_GAS_BLOCK,TOTAL,3,1,0,3,5075,0,0,0,0,0,MEDIUM,MEDIUM,MEDIUM,5,COST_BASED,COST_BASED,false,false
1,baseline,2,2028,0,0,HYBRID_HEAT_PUMP,PRIVATELY_OWNED,105,22,0,105,5075,0,0,0,0,0,MEDIUM,MEDIUM,MEDIUM,5,COST_BASED,COST_BASED,false,false
1,baseline,2,2028,0,0,HYBRID_HEAT_PUMP,TOTAL,105,22,0,105,5075,0,0,0,0,0,MEDIUM,MEDIUM,MEDIUM,5,COST_BASED,COST_BASED,false,false
1,baseline,2,2028,0,0,ELECTRIC_HEAT_PUMP,PRIVATELY_OWNED,208,53,0,208,5075,0,0,0,0,0,MEDIUM,MEDIUM,MEDIUM,5,COST_BASED,COST_BASED,false,false
1,baseline,2,2028,0,0,ELECTRIC_HEAT_PUMP,TOTAL,208,53,0,208,5075,0,0,0,0,0,MEDIUM,MEDIUM,MEDIUM,5,COST_BASED,COST_BASED,false,false
1,baseline,2,2028,0,0,DISTRICT_HEATING,PRIVATELY_OWNED,0,0,0,0,5075,0,0,0,0,0,MEDIUM,MEDIUM,MEDIUM,5,COST_BASED,COST_BASED,false,false
1,baseline,2,2028,0,0,DISTRICT_HEATING,TOTAL,0,0,0,0,5075,0,0,0,0,0,MEDIUM,MEDIUM,MEDIUM,5,COST_BASED,COST_BASED,false,false
1,baseline,2,2029,0,0,NATURAL_GAS_BOILER,PRIVATELY_OWNED,20487,1640,1703,29263,5115,0,0,0,0,0,MEDIUM,MEDIUM,MEDIUM,5,COST_BASED,COST_BASED,false,false
1,baseline,2,2029,0,0,NATURAL_GAS_BOILER,TOTAL,20487,1640,1703,29263,5115,0,0,0,0,0,MEDIUM,MEDIUM,MEDIUM,5,COST_BASED,COST_BASED,false,false
1,baseline,2,2029,0,0,NATURAL_GAS_BLOCK,PRIVATELY_OWNED,3,0,0,3,5115,0,0,0,0,0,MEDIUM,MEDIUM,MEDIUM,5,COST_BASED,COST_BASED,false,false
1,baseline,2,2029,0,0,NATURAL_GAS_BLOCK,TOTAL,3,0,0,3,5115,0,0,0,0,0,MEDIUM,MEDIUM,MEDIUM,5,COST_BASED,COST_BASED,false,false
1,baseline,2,2029,0,0,HYBRID_HEAT_PUMP,PRIVATELY_OWNED,123,18,0,123,5115,0,0,0,0,0,MEDIUM,MEDIUM,MEDIUM,5,COST_BASED,COST_BASED,false,false
1,baseline,2,2029,0,0,HYBRID_HEAT_PUMP,TOTAL,123,18,0,123,5115,0,0,0,0,0,MEDIUM,MEDIUM,MEDIUM,5,COST_BASED,COST_BASED,false,false
1,baseline,2,2029,0,0,ELECTRIC_HEAT_PUMP,PRIVATELY_OWNED,253,45,0,253,5115,0,0,0,0,0,MEDIUM,MEDIUM,MEDIUM,5,COST_BASED,COST_BASED,false,false
1,baseline,2,2029,0,0,ELECTRIC_HEAT_PUMP,TOTAL,253,45,0,253,5115,0,0,0,0,0,MEDIUM,MEDIUM,MEDIUM,5,COST_BASED,COST_BASED,false,false
1,baseline,2,2029,0,0,DISTRICT_HEATING,PRIVATELY_OWNED,0,0,0,0,5115,0,0,0,0,0,MEDIUM,MEDIUM,MEDIUM,5,COST_BASED,COST_BASED,false,false
1,baseline,2,2029,0,0,DISTRICT_HEATING,TOTAL,0,0,0,0,5115,0,0,0,0,0,MEDIUM,MEDIUM,MEDIUM,5,COST_BASED,COST_BASED,false,false
1,baseline,2,2030,0,0,NATURAL_GAS_BOILER,PRIVATELY_OWNED,20420,1681,1748,30944,5165,0,0,0,0,0,MEDIUM,MEDIUM,MEDIUM,5,COST_BASED,COST_BASED,false,false
1,baseline,2,2030,0,0,NATURAL_GAS_BOILER,TOTAL,20420,1681,1748,30944,5165,0,0,0,0,0,MEDIUM,MEDIUM,MEDIUM,5,COST_BASED,COST_BASED,false,false
1,baseline,2,2030,0,0,NATURAL_GAS_BLOCK,PRIVATELY_OWNED,3,0,0,3,5165,0,0,0,0,0,MEDIUM,MEDIUM,MEDIUM,5,COST_BASED,COST_BASED,false,false
1,baseline,2,2030,0,0,NATURAL_GAS_BLOCK,TOTAL,3,0,0,3,5165,0,0,0,0,0,MEDIUM,MEDIUM,MEDIUM,5,COST_BASED,COST_BASED,false,false
1,baseline,2,2030,0,0,HYBRID_HEAT_PUMP,PRIVATELY_OWNED,139,16,0,139,5165,0,0,0,0,0,MEDIUM,MEDIUM,MEDIUM,5,COST_BASED,COST_BASED,false,false
1,baseline,2,2030,0,0,HYBRID_HEAT_PUMP,TOTAL,139,16,0,139,5165,0,0,0,0,0,MEDIUM,MEDIUM,MEDIUM,5,COST_BASED,COST_BASED,false,false
1,baseline,2,2030,0,0,ELECTRIC_HEAT_PUMP,PRIVATELY_OWNED,304,51,0,304,5165,0,0,0,0,0,MEDIUM,MEDIUM,MEDIUM,5,COST_BASED,COST_BASED,false,false
1,baseline,2,2030,0,0,ELECTRIC_HEAT_PUMP,TOTAL,304,51,0,304,5165,0,0,0,0,0,MEDIUM,MEDIUM,MEDIUM,5,COST_BASED,COST_BASED,false,false
1,baseline,2,2030,0,0,DISTRICT_HEATING,PRIVATELY_OWNED,0,0,0,0,5165,0,0,0,0,0,MEDIUM,MEDIUM,MEDIUM,5,COST_BASED,COST_BASED,false,false
1,baseline,2,2030,0,0,DISTRICT_HEATING,TOTAL,0,0,0,0,5165,0,0,0,0,0,MEDIUM,MEDIUM,MEDIUM,5,COST_BASED,COST_BASED,false,false
1,baseline,2,2031,0,0,NATURAL_GAS_BOILER,PRIVATELY_OWNED,20347,1678,1751,32622,5066,0,0,0,0,0,MEDIUM,MEDIUM,MEDIUM,5,COST_BASED,COST_BASED,false,false
1,baseline,2,2031,0,0,NATURAL_GAS_BOILER,TOTAL,20347,1678,1751,32622,5066,0,0,0,0,0,MEDIUM,MEDIUM,MEDIUM,5,COST_BASED,COST_BASED,false,false
1,baseline,2,2031,0,0,NATURAL_GAS_BLOCK,PRIVATELY_OWNED,3,0,0,3,5066,0,0,0,0,0,MEDIUM,MEDIUM,MEDIUM,5,COST_BASED,COST_BASED,false,false
1,baseline,2,2031,0,0,NATURAL_GAS_BLOCK,TOTAL,3,0,0,3,5066,0,0,0,0,0,MEDIUM,MEDIUM,MEDIUM,5,COST_BASED,COST_BASED,false,false
1,baseline,2,2031,0,0,HYBRID_HEAT_PUMP,PRIVATELY_OWNED,164,25,0,164,5066,0,0,0,0,0,MEDIUM,MEDIUM,MEDIUM,5,COST_BASED,COST_BASED,false,false
1,baseline,2,2031,0,0,HYBRID_HEAT_PUMP,TOTAL,164,25,0,164,5066,0,0,0,0,0,MEDIUM,MEDIUM,MEDIUM,5,COST_BASED,COST_BASED,false,false
1,baseline,2,2031,0,0,ELECTRIC_HEAT_PUMP,PRIVATELY_OWNED,352,48,0,352,5066,0,0,0,0,0,MEDIUM,MEDIUM,MEDIUM,5,COST_BASED,COST_BASED,false,false
1,baseline,2,2031,0,0,ELECTRIC_HEAT_PUMP,TOTAL,352,48,0,352,5066,0,0,0,0,0,MEDIUM,MEDIUM,MEDIUM,5,COST_BASED,COST_BASED,false,false
1,baseline,2,2031,0,0,DISTRICT_HEATING,PRIVATELY_OWNED,0,0,0,0,5066,0,0,0,0,0,MEDIUM,MEDIUM,MEDIUM,5,COST_BASED,COST_BASED,false,false
1,baseline,2,2031,0,0,DISTRICT_HEATING,TOTAL,0,0,0,0,5066,0,0,0,0,0,MEDIUM,MEDIUM,MEDIUM,5,COST_BASED,COST_BASED,false,false
1,baseline,2,2032,0,0,NATURAL_GAS_BOILER,PRIVATELY_OWNED,20268,1678,1757,34300,5102,0,0,0,0,0,MEDIUM,MEDIUM,MEDIUM,5,COST_BASED,COST_BASED,false,false
1,baseline,2,2032,0,0,NATURAL_GAS_BOILER,TOTAL,20268,1678,1757,34300,5102,0,0,0,0,0,MEDIUM,MEDIUM,MEDIUM,5,COST_BASED,COST_BASED,false,false
1,baseline,2,2032,0,0,NATURAL_GAS_BLOCK,PRIVATELY_OWNED,4,1,0,4,5102,0,0,0,0,0,MEDIUM,MEDIUM,MEDIUM,5,COST_BASED,COST_BASED,false,false
1,baseline,2,2032,0,0,NATURAL_GAS_BLOCK,TOTAL,4,1,0,4,5102,0,0,0,0,0,MEDIUM,MEDIUM,MEDIUM,5,COST_BASED,COST_BASED,false,false
1,baseline,2,2032,0,0,HYBRID_HEAT_PUMP,PRIVATELY_OWNED,191,27,0,191,5102,0,0,0,0,0,MEDIUM,MEDIUM,MEDIUM,5,COST_BASED,COST_BASED,false,false
1,baseline,2,2032,0,0,HYBRID_HEAT_PUMP,TOTAL,191,27,0,191,5102,0,0,0,0,0,MEDIUM,MEDIUM,MEDIUM,5,COST_BASED,COST_BASED,false,false
1,baseline,2,2032,0,0,ELECTRIC_HEAT_PUMP,PRIVATELY_OWNED,403,51,0,403,5102,0,0,0,0,0,MEDIUM,MEDIUM,MEDIUM,5,COST_BASED,COST_BASED,false,false
1,baseline,2,2032,0,0,ELECTRIC_HEAT_PUMP,TOTAL,403,51,0,403,5102,0,0,0,0,0,MEDIUM,MEDIUM,MEDIUM,5,COST_BASED,COST_BASED,false,false
1,baseline,2,2032,0,0,DISTRICT_HEATING,PRIVATELY_OWNED,0,0,0,0,5102,0,0,0,0,0,MEDIUM,MEDIUM,MEDIUM,5,COST_BASED,COST_BASED,false,false
1,baseline,2,2032,0,0,DISTRICT_HEATING,TOTAL,0,0,0,0,5102,0,0,0,0,0,MEDIUM,MEDIUM,MEDIUM,5,COST_BASED,COST_BASED,false,false
1,baseline,2,2033,0,0,NATURAL_GAS_BOILER,PRIVATELY_OWNED,20170,1565,1663,35865,5100,0,0,0,0,0,MEDIUM,MEDIUM,MEDIUM,5,COST_BASED,COST_BASED,false,false
1,baseline,2,2033,0,0,NATURAL_GAS_BOILER,TOTAL,20170,1565,1663,35865,5100,0,0,0,0,0,MEDIUM,MEDIUM,MEDIUM,5,COST_BASED,COST_BASED,false,false
1,baseline,2,2033,0,0,NATURAL_GAS_BLOCK,PRIVATELY_OWNED,4,0,0,4,5100,0,0,0,0,0,MEDIUM,MEDIUM,MEDIUM,5,COST_BASED,COST_BASED,false,false
1,baseline,2,2033,0,0,NATURAL_GAS_BLOCK,TOTAL,4,0,0,4,5100,0,0,0,0,0,MEDIUM,MEDIUM,MEDIUM,5,COST_BASED,COST_BASED,false,false
1,baseline,2,2033,0,0,HYBRID_HEAT_PUMP,PRIVATELY_OWNED,232,41,0,232,5100,0,0,0,0,0,MEDIUM,MEDIUM,MEDIUM,5,COST_BASED,COST_BASED,false,false
1,baseline,2,2033,0,0,HYBRID_HEAT_PUMP,TOTAL,232,41,0,232,5100,0,0,0,0,0,MEDIUM,MEDIUM,MEDIUM,5,COST_BASED,COST_BASED,false,false
1,baseline,2,2033,0,0,ELECTRIC_HEAT_PUMP,PRIVATELY_OWNED,460,57,0,460,5100,0,0,0,0,0,MEDIUM,MEDIUM,MEDIUM,5,COST_BASED,COST_BASED,false,false
1,baseline,2,2033,0,0,ELECTRIC_HEAT_PUMP,TOTAL,460,57,0,460,5100,0,0,0,0,0,MEDIUM,MEDIUM,MEDIUM,5,COST_BASED,COST_BASED,false,false
1,baseline,2,2033,0,0,DISTRICT_HEATING,PRIVATELY_OWNED,0,0,0,0,5100,0,0,0,0,0,MEDIUM,MEDIUM,MEDIUM,5,COST_BASED,COST_BASED,false,false
1,baseline,2,2033,0,0,DISTRICT_HEATING,TOTAL,0,0,0,0,5100,0,0,0,0,0,MEDIUM,MEDIUM,MEDIUM,5,COST_BASED,COST_BASED,false,false
1,baseline,2,2034,0,0,NATURAL_GAS_BOILER,PRIVATELY_OWNED,20049,1682,1803,37547,5171,0,0,0,0,0,MEDIUM,MEDIUM,MEDIUM,5,COST_BASED,COST_BASED,false,false
1,baseline,2,2034,0,0,NATURAL_GAS_BOILER,TOTAL,20049,1682,1803,37547,5171,0,0,0,0,0,MEDIUM,MEDIUM,MEDIUM,5,COST_BASED,COST_BASED,false,false
1,baseline,2,2034,0,0,NATURAL_GAS_BLOCK,PRIVATELY_OWNED,7,3,0,7,5171,0,0,0,0,0,MEDIUM,MEDIUM,MEDIUM,5,COST_BASED,COST_BASED,false,false
1,baseline,2,2034,0,0,NATURAL_GAS_BLOCK,TOTAL,7,3,0,7,5171,0,0,0,0,0,MEDIUM,MEDIUM,MEDIUM,5,COST_BASED,COST_BASED,false,false
1,baseline,2,2034,0,0,HYBRID_HEAT_PUMP,PRIVATELY_OWNED,278,46,0,278,5171,0,0,0,0,0,MEDIUM,MEDIUM,MEDIUM,5,COST_BASED,COST_BASED,false,false
1,baseline,2,2034,0,0,HYBRID_HEAT_PUMP,TOTAL,278,46,0,278,5171,0,0,0,0,0,MEDIUM,MEDIUM,MEDIUM,5,COST_BASED,COST_BASED,false,false
1,baseline,2,2034,0,0,ELECTRIC_HEAT_PUMP,PRIVATELY_OWNED,532,72,0,532,5171,0,0,0,0,0,MEDIUM,MEDIUM,MEDIUM,5,COST_BASED,COST_BASED,false,false
1,baseline,2,2034,0,0,ELECTRIC_HEAT_PUMP,TOTAL,532,72,0,532,5171,0,0,0,0,0,MEDIUM,MEDIUM,MEDIUM,5,COST_BASED,COST_BASED,false,false
1,baseline,2,2034,0,0,DISTRICT_HEATING,PRIVATELY_OWNED,0,0,0,0,5171,0,0,0,0,0,MEDIUM,MEDIUM,MEDIUM,5,COST_BASED,COST_BASED,false,false
1,baseline,2,2034,0,0,DISTRICT_HEATING,TOTAL,0,0,0,0,5171,0,0,0,0,0,MEDIUM,MEDIUM,MEDIUM,5,COST_BASED,COST_BASED,false,false
1,baseline,2,2035,0,0,NATURAL_GAS_BOILER,PRIVATELY_OWNED,19954,1659,1754,39206,5121,0,0,0,0,0,MEDIUM,MEDIUM,MEDIUM,5,COST_BASED,COST_BASED,false,false
1,baseline,2,2035,0,0,NATURAL_GAS_BOILER,TOTAL,19954,1659,1754,39206,5121,0,0,0,0,0,MEDIUM,MEDIUM,MEDIUM,5,COST_BASED,COST_BASED,false,false
1,baseline,2,2035,0,0,NATURAL_GAS_BLOCK,PRIVATELY_OWNED,7,0,0,7,5121,0,0,0,0,0,MEDIUM,MEDIUM,MEDIUM,5,COST_BASED,COST_BASED,false,false
1,baseline,2,2035,0,0,NATURAL_GAS_BLOCK,TOTAL,7,0,0,7,5121,0,0,0,0,0,MEDIUM,MEDIUM,MEDIUM,5,COST_BASED,COST_BASED,false,false
1,baseline,2,2035,0,0,HYBRID_HEAT_PUMP,PRIVATELY_OWNED,310,32,0,310,5121,0,0,0,0,0,MEDIUM,MEDIUM,MEDIUM,5,COST_BASED,COST_BASED,false,false
1,baseline,2,2035,0,0,HYBRID_HEAT_PUMP,TOTAL,310,32,0,310,5121,0,0,0,0,0,MEDIUM,MEDIUM,MEDIUM,5,COST_BASED,COST_BASED,false,false
1,baseline,2,2035,0,0,ELECTRIC_HEAT_PUMP,PRIVATELY_OWNED,595,63,0,595,5121,0,0,0,0,0,MEDIUM,MEDIUM,MEDIUM,5,COST_BASED,COST_BASED,false,false
1,baseline,2,2035,0,0,ELECTRIC_HEAT_PUMP,TOTAL,595,63,0,595,5121,0,0,0,0,0,MEDIUM,MEDIUM,MEDIUM,5,COST_BASED,COST_BASED,false,false
1,baseline,2,2035,0,0,DISTRICT_HEATING,PRIVATELY_OWNED,0,0,0,0,5121,0,0,0,0,0,MEDIUM,MEDIUM,MEDIUM,5,COST_BASED,COST_BASED,false,false
1,baseline,2,2035,0,0,DISTRICT_HEATING,TOTAL,0,0,0,0,5121,0,0,0,0,0,MEDIUM,MEDIUM,MEDIUM,5,COST_BASED,COST_BASED,false,false
1,baseline,2,2036,0,0,NATURAL_GAS_BOILER,PRIVATELY_OWNED,19859,1607,1702,40813,5064,0,0,0,0,0,MEDIUM,MEDIUM,MEDIUM,5,COST_BASED,COST_BASED,false,false
1,baseline,2,2036,0,0,NATURAL_GAS_BOILER,TOTAL,19859,1607,1702,40813,5064,0,0,0,0,0,MEDIUM,MEDIUM,MEDIUM,5,COST_BASED,COST_BASED,false,false
1,baseline,2,2036,0,0,NATURAL_GAS_BLOCK,PRIVATELY_OWNED,7,0,0,7,5064,0,0,0,0,0,MEDIUM,MEDIUM,MEDIUM,5,COST_BASED,COST_BASED,false,false
1,baseline,2,2036,0,0,NATURAL_GAS_BLOCK,TOTAL,7,0,0,7,5064,0,0,0,0,0,MEDIUM,MEDIUM,MEDIUM,5,COST_BASED,COST_BASED,false,false
1,baseline,2,2036,0,0,HYBRID_HEAT_PUMP,PRIVATELY_OWNED,348,38,0,348,5064,0,0,0,0,0,MEDIUM,MEDIUM,MEDIUM,5,COST_BASED,COST_BASED,false,false
1,baseline,2,2036,0,0,HYBRID_HEAT_PUMP,TOTAL,348,38,0,348,5064,0,0,0,0,0,MEDIUM,MEDIUM,MEDIUM,5,COST_BASED,COST_BASED,false,false
1,baseline,2,2036,0,0,ELECTRIC_HEAT_PUMP,PRIVATELY_OWNED,652,57,0,652,5064,0,0,0,0,0,MEDIUM,MEDIUM,MEDIUM,5,COST_BASED,COST_BASED,false,false
1,baseline,2,2036,0,0,ELECTRIC_HEAT_PUMP,TOTAL,652,57,0,652,5064,0,0,0,0,0,MEDIUM,MEDIUM,MEDIUM,5,COST_BASED,COST_BASED,false,false
1,baseline,2,2036,0,0,DISTRICT_HEATING,PRIVATELY_OWNED,0,0,0,0,5064,0,0,0,0,0,MEDIUM,MEDIUM,MEDIUM,5,COST_BASED,COST_BASED,false,false
1,baseline,2,2036,0,0,DISTRICT_HEATING,TOTAL,0,0,0,0,5064,0,0,0,0,0,MEDIUM,MEDIUM,MEDIUM,5,COST_BASED,COST_BASED,false,false
1,baseline,2,2037,0,0,NATURAL_GAS_BOILER,PRIVATELY_OWNED,19756,1664,1767,42477,5125,0,0,0,0,0,MEDIUM,MEDIUM,MEDIUM,5,COST_BASED,COST_BASED,false,false
1,baseline,2,2037,0,0,NATURAL_GAS_BOILER,TOTAL,19756,1664,1767,42477,5125,0,0,0,0,0,MEDIUM,MEDIUM,MEDIUM,5,COST_BASED,COST_BASED,false,false
1,baseline,2,2037,0,0,NATURAL_GAS_BLOCK,PRIVATELY_OWNED,6,1,2,8,5125,0,0,0,0,0,MEDIUM,MEDIUM,MEDIUM,5,COST_BASED,COST_BASED,false,false
1,baseline,2,2037,0,0,NATURAL_GAS_BLOCK,TOTAL,6,1,2,8,5125,0,0,0,0,0,MEDIUM,MEDIUM,MEDIUM,5,COST_BASED,COST_BASED,false,false
1,baseline,2,2037,0,0,HYBRID_HEAT_PUMP,PRIVATELY_OWNED,385,41,4,389,5125,0,0,0,0,0,MEDIUM,MEDIUM,MEDIUM,5,COST_BASED,COST_BASED,false,false
1,baseline,2,2037,0,0,HYBRID_HEAT_PUMP,TOTAL,385,41,4,389,5125,0,0,0,0,0,MEDIUM,MEDIUM,MEDIUM,5,COST_BASED,COST_BASED,false,false
1,baseline,2,2037,0,0,ELECTRIC_HEAT_PUMP,PRIVATELY_OWNED,719,68,1,720,5125,0,0,0,0,0,MEDIUM,MEDIUM,MEDIUM,5,COST_BASED,COST_BASED,false,false
1,baseline,2,2037,0,0,ELECTRIC_HEAT_PUMP,TOTAL,719,68,1,720,5125,0,0,0,0,0,MEDIUM,MEDIUM,MEDIUM,5,COST_BASED,COST_BASED,false,false
1,baseline,2,2037,0,0,DISTRICT_HEATING,PRIVATELY_OWNED,0,0,0,0,5125,0,0,0,0,0,MEDIUM,MEDIUM,MEDIUM,5,COST_BASED,COST_BASED,false,false
1,baseline,2,2037,0,0,DISTRICT_HEATING,TOTAL,0,0,0,0,5125,0,0,0,0,0,MEDIUM,MEDIUM,MEDIUM,5,COST_BASED,COST_BASED,false,false
1,baseline,2,2038,0,0,NATURAL_GAS_BOILER,PRIVATELY_OWNED,19679,1614,1691,44091,5064,0,0,0,0,0,MEDIUM,MEDIUM,MEDIUM,5,COST_BASED,COST_BASED,false,false
1,baseline,2,2038,0,0,NATURAL_GAS_BOILER,TOTAL,19679,1614,1691,44091,5064,0,0,0,0,0,MEDIUM,MEDIUM,MEDIUM,5,COST_BASED,COST_BASED,false,false
1,baseline,2,2038,0,0,NATURAL_GAS_BLOCK,PRIVATELY_OWNED,7,1,0,9,5064,0,0,0,0,0,MEDIUM,MEDIUM,MEDIUM,5,COST_BASED,COST_BASED,false,false
1,baseline,2,2038,0,0,NATURAL_GAS_BLOCK,TOTAL,7,1,0,9,5064,0,0,0,0,0,MEDIUM,MEDIUM,MEDIUM,5,COST_BASED,COST_BASED,false,false
1,baseline,2,2038,0,0,HYBRID_HEAT_PUMP,PRIVATELY_OWNED,414,34,5,423,5064,0,0,0,0,0,MEDIUM,MEDIUM,MEDIUM,5,COST_BASED,COST_BASED,false,false
1,baseline,2,2038,0,0,HYBRID_HEAT_PUMP,TOTAL,414,34,5,423,5064,0,0,0,0,0,MEDIUM,MEDIUM,MEDIUM,5,COST_BASED,COST_BASED,false,false
1,baseline,2,2038,0,0,ELECTRIC_HEAT_PUMP,PRIVATELY_OWNED,766,53,6,773,5064,0,0,0,0,0,MEDIUM,MEDIUM,MEDIUM,5,COST_BASED,COST_BASED,false,false
1,baseline,2,2038,0,0,ELECTRIC_HEAT_PUMP,TOTAL,766,53,6,773,5064,0,0,0,0,0,MEDIUM,MEDIUM,MEDIUM,5,COST_BASED,COST_BASED,false,false
1,baseline,2,2038,0,0,DISTRICT_HEATING,PRIVATELY_OWNED,0,0,0,0,5064,0,0,0,0,0,MEDIUM,MEDIUM,MEDIUM,5,COST_BASED,COST_BASED,false,false
1,baseline,2,2038,0,0,DISTRICT_HEATING,TOTAL,0,0,0,0,5064,0,0,0,0,0,MEDIUM,MEDIUM,MEDIUM,5,COST_BASED,COST_BASED,false,false
1,baseline,2,2039,0,0,NATURAL_GAS_BOILER,PRIVATELY_OWNED,19605,1602,1676,45693,5074,0,0,0,0,0,MEDIUM,MEDIUM,MEDIUM,5,COST_BASED,COST_BASED,false,false
1,baseline,2,2039,0,0,NATURAL_GAS_BOILER,TOTAL,19605,1602,1676,45693,5074,0,0,0,0,0,MEDIUM,MEDIUM,MEDIUM,5,COST_BASED,COST_BASED,false,false
1,baseline,2,2039,0,0,NATURAL_GAS_BLOCK,PRIVATELY_OWNED,7,1,1,10,5074,0,0,0,0,0,MEDIUM,MEDIUM,MEDIUM,5,COST_BASED,COST_BASED,false,false
1,baseline,2,2039,0,0,NATURAL_GAS_BLOCK,TOTAL,7,1,1,10,5074,0,0,0,0,0,MEDIUM,MEDIUM,MEDIUM,5,COST_BASED,COST_BASED,false,false
1,baseline,2,2039,0,0,HYBRID_HEAT_PUMP,PRIVATELY_OWNED,435,28,7,451,5074,0,0,0,0,0,MEDIUM,MEDIUM,MEDIUM,5,COST_BASED,COST_BASED,false,false
1,baseline,2,2039,0,0,HYBRID_HEAT_PUMP,TOTAL,435,28,7,451,5074,0,0,0,0,0,MEDIUM,MEDIUM,MEDIUM,5,COST_BASED,COST_BASED,false,false
1,baseline,2,2039,0,0,ELECTRIC_HEAT_PUMP,PRIVATELY_OWNED,819,60,7,833,5074,0,0,0,0,0,MEDIUM,MEDIUM,MEDIUM,5,COST_BASED,COST_BASED,false,false
1,baseline,2,2039,0,0,ELECTRIC_HEAT_PUMP,TOTAL,819,60,7,833,5074,0,0,0,0,0,MEDIUM,MEDIUM,MEDIUM,5,COST_BASED,COST_BASED,false,false
1,baseline,2,2039,0,0,DISTRICT_HEATING,PRIVATELY_OWNED,0,0,0,0,5074,0,0,0,0,0,MEDIUM,MEDIUM,MEDIUM,5,COST_BASED,COST_BASED,false,false
1,baseline,2,2039,0,0,DISTRICT_HEATING,TOTAL,0,0,0,0,5074,0,0,0,0,0,MEDIUM,MEDIUM,MEDIUM,5,COST_BASED,COST_BASED,false,false
1,baseline,2,2040,0,0,NATURAL_GAS_BOILER,PRIVATELY_OWNED,19511,1551,1645,47244,5139,0,0,0,0,0,MEDIUM,MEDIUM,MEDIUM,5,COST_BASED,COST_BASED,false,false
1,baseline,2,2040,0,0,NATURAL_GAS_BOILER,TOTAL,19511,1551,1645,47244,5139,0,0,0,0,0,MEDIUM,MEDIUM,MEDIUM,5,COST_BASED,COST_BASED,false,false
1,baseline,2,2040,0,0,NATURAL_GAS_BLOCK,PRIVATELY_OWNED,8,1,0,11,5139,0,0,0,0,0,MEDIUM,MEDIUM,MEDIUM,5,COST_BASED,COST_BASED,false,false
1,baseline,2,2040,0,0,NATURAL_GAS_BLOCK,TOTAL,8,1,0,11,5139,0,0,0,0,0,MEDIUM,MEDIUM,MEDIUM,5,COST_BASED,COST_BASED,false,false
1,baseline,2,2040,0,0,HYBRID_HEAT_PUMP,PRIVATELY_OWNED,460,58,33,509,5139,0,0,0,0,0,MEDIUM,MEDIUM,MEDIUM,5,COST_BASED,COST_BASED,false,false
1,baseline,2,2040,0,0,HYBRID_HEAT_PUMP,TOTAL,460,58,33,509,5139,0,0,0,0,0,MEDIUM,MEDIUM,MEDIUM,5,COST_BASED,COST_BASED,false,false
1,baseline,2,2040,0,0,ELECTRIC_HEAT_PUMP,PRIVATELY_OWNED,887,120,52,953,5139,0,0,0,0,0,MEDIUM,MEDIUM,MEDIUM,5,COST_BASED,COST_BASED,false,false
1,baseline,2,2040,0,0,ELECTRIC_HEAT_PUMP,TOTAL,887,120,52,953,5139,0,0,0,0,0,MEDIUM,MEDIUM,MEDIUM,5,COST_BASED,COST_BASED,false,false
1,baseline,2,2040,0,0,DISTRICT_HEATING,PRIVATELY_OWNED,0,0,0,0,5139,0,0,0,0,0,MEDIUM,MEDIUM,MEDIUM,5,COST_BASED,COST_BASED,false,false
1,baseline,2,2040,0,0,DISTRICT_HEATING,TOTAL,0,0,0,0,5139,0,0,0,0,0,MEDIUM,MEDIUM,MEDIUM,5,COST_BASED,COST_BASED,false,false
1,baseline,2,2041,0,0,NATURAL_GAS_BOILER,PRIVATELY_OWNED,19417,1556,1650,48800,5150,0,0,0,0,0,MEDIUM,MEDIUM,MEDIUM,5,COST_BASED,COST_BASED,false,false
1,baseline,2,2041,0,0,NATURAL_GAS_BOILER,TOTAL,19417,1556,1650,48800,5150,0,0,0,0,0,MEDIUM,MEDIUM,MEDIUM,5,COST_BASED,COST_BASED,false,false
1,baseline,2,2041,0,0,NATURAL_GAS_BLOCK,PRIVATELY_OWNED,8,0,0,11,5150,0,0,0,0,0,MEDIUM,MEDIUM,MEDIUM,5,COST_BASED,COST_BASED,false,false
1,baseline,2,2041,0,0,NATURAL_GAS_BLOCK,TOTAL,8,0,0,11,5150,0,0,0,0,0,MEDIUM,MEDIUM,MEDIUM,5,COST_BASED,COST_BASED,false,false
1,baseline,2,2041,0,0,HYBRID_HEAT_PUMP,PRIVATELY_OWNED,493,64,31,573,5150,0,0,0,0,0,MEDIUM,MEDIUM,MEDIUM,5,COST_BASED,COST_BASED,false,false
1,baseline,2,2041,0,0,HYBRID_HEAT_PUMP,TOTAL,493,64,31,573,5150,0,0,0,0,0,MEDIUM,MEDIUM,MEDIUM,5,COST_BASED,COST_BASED,false,false
1,baseline,2,2041,0,0,ELECTRIC_HEAT_PUMP,PRIVATELY_OWNED,948,116,55,1069,5150,0,0,0,0,0,MEDIUM,MEDIUM,MEDIUM,5,COST_BASED,COST_BASED,false,false
1,baseline,2,2041,0,0,ELECTRIC_HEAT_PUMP,TOTAL,948,116,55,1069,5150,0,0,0,0,0,MEDIUM,MEDIUM,MEDIUM,5,COST_BASED,COST_BASED,false,false
1,baseline,2,2041,0,0,DISTRICT_HEATING,PRIVATELY_OWNED,0,0,0,0,5150,0,0,0,0,0,MEDIUM,MEDIUM,MEDIUM,5,COST_BASED,COST_BASED,false,false
1,baseline,2,2041,0,0,DISTRICT_HEATING,TOTAL,0,0,0,0,5150,0,0,0,0,0,MEDIUM,MEDIUM,MEDIUM,5,COST_BASED,COST_BASED,false,false
1,baseline,2,2042,0,0,NATURAL_GAS_BOILER,PRIVATELY_OWNED,19342,1594,1669,50394,5160,0,0,0,0,0,MEDIUM,MEDIUM,MEDIUM,5,COST_BASED,COST_BASED,false,false
1,baseline,2,2042,0,0,NATURAL_GAS_BOILER,TOTAL,19342,1594,1669,50394,5160,0,0,0,0,0,MEDIUM,MEDIUM,MEDIUM,5,COST_BASED,COST_BASED,false,false
1,baseline,2,2042,0,0,NATURAL_GAS_BLOCK,PRIVATELY_OWNED,7,0,1,11,5160,0,0,0,0,0,MEDIUM,MEDIUM,MEDIUM,5,COST_BASED,COST_BASED,false,false
1,baseline,2,2042,0,0,NATURAL_GAS_BLOCK,TOTAL,7,0,1,11,5160,0,0,0,0,0,MEDIUM,MEDIUM,MEDIUM,5,COST_BASED,COST_BASED,false,false
1,baseline,2,2042,0,0,HYBRID_HEAT_PUMP,PRIVATELY_OWNED,530,57,20,630,5160,0,0,0,0,0,MEDIUM,MEDIUM,MEDIUM,5,COST_BASED,COST_BASED,false,false
1,baseline,2,2042,0,0,HYBRID_HEAT_PUMP,TOTAL,530,57,20,630,5160,0,0,0,0,0,MEDIUM,MEDIUM,MEDIUM,5,COST_BASED,COST_BASED,false,false
1,baseline,2,2042,0,0,ELECTRIC_HEAT_PUMP,PRIVATELY_OWNED,987,91,52,1160,5160,0,0,0,0,0,MEDIUM,MEDIUM,MEDIUM,5,COST_BASED,COST_BASED,false,false
1,baseline,2,2042,0,0,ELECTRIC_HEAT_PUMP,TOTAL,987,91,52,1160,5160,0,0,0,0,0,MEDIUM,MEDIUM,MEDIUM,5,COST_BASED,COST_BASED,false,false
1,baseline,2,2042,0,0,DISTRICT_HEATING,PRIVATELY_OWNED,0,0,0,0,5160,0,0,0,0,0,MEDIUM,MEDIUM,MEDIUM,5,COST_BASED,COST_BASED,false,false
1,baseline,2,2042,0,0,DISTRICT_HEATING,TOTAL,0,0,0,0,5160,0,0,0,0,0,MEDIUM,MEDIUM,MEDIUM,5,COST_BASED,COST_BASED,false,false
1,baseline,2,2043,0,0,NATURAL_GAS_BOILER,PRIVATELY_OWNED,19253,1591,1680,51985,5056,0,0,0,0,0,MEDIUM,MEDIUM,MEDIUM,5,COST_BASED,COST_BASED,false,false
1,baseline,2,2043,0,0,NATURAL_GAS_BOILER,TOTAL,19253,1591,1680,51985,5056,0,0,0,0,0,MEDIUM,MEDIUM,MEDIUM,5,COST_BASED,COST_BASED,false,false
1,baseline,2,2043,0,0,NATURAL_GAS_BLOCK,PRIVATELY_OWNED,7,0,0,11,5056,0,0,0,0,0,MEDIUM,MEDIUM,MEDIUM,5,COST_BASED,COST_BASED,false,false
1,baseline,2,2043,0,0,NATURAL_GAS_BLOCK,TOTAL,7,0,0,11,5056,0,0,0,0,0,MEDIUM,MEDIUM,MEDIUM,5,COST_BASED,COST_BASED,false,false
1,baseline,2,2043,0,0,HYBRID_HEAT_PUMP,PRIVATELY_OWNED,568,60,22,690,5056,0,0,0,0,0,MEDIUM,MEDIUM,MEDIUM,5,COST_BASED,COST_BASED,false,false
1,baseline,2,2043,0,0,HYBRID_HEAT_PUMP,TOTAL,568,60,22,690,5056,0,0,0,0,0,MEDIUM,MEDIUM,MEDIUM,5,COST_BASED,COST_BASED,false,false
1,baseline,2,2043,0,0,ELECTRIC_HEAT_PUMP,PRIVATELY_OWNED,1038,99,48,1259,5056,0,0,0,0,0,MEDIUM,MEDIUM,MEDIUM,5,COST_BASED,COST_BASED,false,false
1,baseline,2,2043,0,0,ELECTRIC_HEAT_PUMP,TOTAL,1038,99,48,1259,5056,0,0,0,0,0,MEDIUM,MEDIUM,MEDIUM,5,COST_BASED,COST_BASED,false,false
1,baseline,2,2043,0,0,DISTRICT_HEATING,PRIVATELY_OWNED,0,0,0,0,5056,0,0,0,0,0,MEDIUM,MEDIUM,MEDIUM,5,COST_BASED,COST_BASED,false,false
1,baseline,2,2043,0,0,DISTRICT_HEATING,TOTAL,0,0,0,0,5056,0,0,0,0,0,MEDIUM,MEDIUM,MEDIUM,5,COST_BASED,COST_BASED,false,false
1,baseline,2,2044,0,0,NATURAL_GAS_BOILER,PRIVATELY_OWNED,19144,1567,1676,53552,5069,0,0,0,0,0,MEDIUM,MEDIUM,MEDIUM,5,COST_BASED,COST_BASED,false,false
1,baseline,2,2044,0,0,NATURAL_GAS_BOILER,TOTAL,19144,1567,1676,53552,5069,0,0,0,0,0,MEDIUM,MEDIUM,MEDIUM,5,COST_BASED,COST_BASED,false,false
1,baseline,2,2044,0,0,NATURAL_GAS_BLOCK,PRIVATELY_OWNED,6,1,2,12,5069,0,0,0,0,0,MEDIUM,MEDIUM,MEDIUM,5,COST_BASED,COST_BASED,false,false
1,baseline,2,2044,0,0,NATURAL_GAS_BLOCK,TOTAL,6,1,2,12,5069,0,0,0,0,0,MEDIUM,MEDIUM,MEDIUM,5,COST_BASED,COST_BASED,false,false
1,baseline,2,2044,0,0,HYBRID_HEAT_PUMP,PRIVATELY_OWNED,613,59,14,749,5069,0,0,0,0,0,MEDIUM,MEDIUM,MEDIUM,5,COST_BASED,COST_BASED,false,false
1,baseline,2,2044,0,0,HYBRID_HEAT_PUMP,TOTAL,613,59,14,749,5069,0,0,0,0,0,MEDIUM,MEDIUM,MEDIUM,5,COST_BASED,COST_BASED,false,false
1,baseline,2,2044,0,0,ELECTRIC_HEAT_PUMP,PRIVATELY_OWNED,1103,109,44,1368,5069,0,0,0,0,0,MEDIUM,MEDIUM,MEDIUM,5,COST_BASED,COST_BASED,false,false
1,baseline,2,2044,0,0,ELECTRIC_HEAT_PUMP,TOTAL,1103,109,44,1368,5069,0,0,0,0,0,MEDIUM,MEDIUM,MEDIUM,5,COST_BASED,COST_BASED,false,false
1,baseline,2,2044,0,0,DISTRICT_HEATING,PRIVATELY_OWNED,0,0,0,0,5069,0,0,0,0,0,MEDIUM,MEDIUM,MEDIUM,5,COST_BASED,COST_BASED,false,false
1,baseline,2,2044,0,0,DISTRICT_HEATING,TOTAL,0,0,0,0,5069,0,0,0,0,0,MEDIUM,MEDIUM,MEDIUM,5,COST_BASED,COST_BASED,false,false
1,baseline,2,2045,0,0,NATURAL_GAS_BOILER,PRIVATELY_OWNED,19042,1486,1588,55038,5090,0,0,0,0,0,MEDIUM,MEDIUM,MEDIUM,5,COST_BASED,COST_BASED,false,false
1,baseline,2,2045,0,0,NATURAL_GAS_BOILER,TOTAL,19042,1486,1588,55038,5090,0,0,0,0,0,MEDIUM,MEDIUM,MEDIUM,5,COST_BASED,COST_BASED,false,false
1,baseline,2,2045,0,0,NATURAL_GAS_BLOCK,PRIVATELY_OWNED,5,0,1,12,5090,0,0,0,0,0,MEDIUM,MEDIUM,MEDIUM,5,COST_BASED,COST_BASED,false,false
1,baseline,2,2045,0,0,NATURAL_GAS_BLOCK,TOTAL,5,0,1,12,5090,0,0,0,0,0,MEDIUM,MEDIUM,MEDIUM,5,COST_BASED,COST_BASED,false,false
1,baseline,2,2045,0,0,HYBRID_HEAT_PUMP,PRIVATELY_OWNED,636,45,22,794,5090,0,0,0,0,0,MEDIUM,MEDIUM,MEDIUM,5,COST_BASED,COST_BASED,false,false
1,baseline,2,2045,0,0,HYBRID_HEAT_PUMP,TOTAL,636,45,22,794,5090,0,0,0,0,0,MEDIUM,MEDIUM,MEDIUM,5,COST_BASED,COST_BASED,false,false
1,baseline,2,2045,0,0,ELECTRIC_HEAT_PUMP,PRIVATELY_OWNED,1183,130,50,1498,5090,0,0,0,0,0,MEDIUM,MEDIUM,MEDIUM,5,COST_BASED,COST_BASED,false,false
1,baseline,2,2045,0,0,ELECTRIC_HEAT_PUMP,TOTAL,1183,130,50,1498,5090,0,0,0,0,0,MEDIUM,MEDIUM,MEDIUM,5,COST_BASED,COST_BASED,false,false
1,baseline,2,2045,0,0,DISTRICT_HEATING,PRIVATELY_OWNED,0,0,0,0,5090,0,0,0,0,0,MEDIUM,MEDIUM,MEDIUM,5,COST_BASED,COST_BASED,false,false
1,baseline,2,2045,0,0,DISTRICT_HEATING,TOTAL,0,0,0,0,5090,0,0,0,0,0,MEDIUM,MEDIUM,MEDIUM,5,COST_BASED,COST_BASED,false,false
1,baseline,2,2046,0,0,NATURAL_GAS_BOILER,PRIVATELY_OWNED,18954,1588,1676,56626,5154,0,0,0,0,0,MEDIUM,MEDIUM,MEDIUM,5,COST_BASED,COST_BASED,false,false
1,baseline,2,2046,0,0,NATURAL_GAS_BOILER,TOTAL,18954,1588,1676,56626,5154,0,0,0,0,0,MEDIUM,MEDIUM,MEDIUM,5,COST_BASED,COST_BASED,false,false
1,baseline,2,2046,0,0,NATURAL_GAS_BLOCK,PRIVATELY_OWNED,5,0,0,12,5154,0,0,0,0,0,MEDIUM,MEDIUM,MEDIUM,5,COST_BASED,COST_BASED,false,false
1,baseline,2,2046,0,0,NATURAL_GAS_BLOCK,TOTAL,5,0,0,12,5154,0,0,0,0,0,MEDIUM,MEDIUM,MEDIUM,5,COST_BASED,COST_BASED,false,false
1,baseline,2,2046,0,0,HYBRID_HEAT_PUMP,PRIVATELY_OWNED,656,55,35,849,5154,0,0,0,0,0,MEDIUM,MEDIUM,MEDIUM,5,COST_BASED,COST_BASED,false,false
1,baseline,2,2046,0,0,HYBRID_HEAT_PUMP,TOTAL,656,55,35,849,5154,0,0,0,0,0,MEDIUM,MEDIUM,MEDIUM,5,COST_BASED,COST_BASED,false,false
1,baseline,2,2046,0,0,ELECTRIC_HEAT_PUMP,PRIVATELY_OWNED,1251,114,46,1612,5154,0,0,0,0,0,MEDIUM,MEDIUM,MEDIUM,5,COST_BASED,COST_BASED,false,false
1,baseline,2,2046,0,0,ELECTRIC_HEAT_PUMP,TOTAL,1251,114,46,1612,5154,0,0,0,0,0,MEDIUM,MEDIUM,MEDIUM,5,COST_BASED,COST_BASED,false,false
1,baseline,2,2046,0,0,DISTRICT_HEATING,PRIVATELY_OWNED,0,0,0,0,5154,0,0,0,0,0,MEDIUM,MEDIUM,MEDIUM,5,COST_BASED,COST_BASED,false,false
1,baseline,2,2046,0,0,DISTRICT_HEATING,TOTAL,0,0,0,0,5154,0,0,0,0,0,MEDIUM,MEDIUM,MEDIUM,5,COST_BASED,COST_BASED,false,false
1,baseline,2,2047,0,0,NATURAL_GAS_BOILER,PRIVATELY_OWNED,18865,1558,1647,58184,5157,0,0,0,0,0,MEDIUM,MEDIUM,MEDIUM,5,COST_BASED,COST_BASED,false,false
1,baseline,2,2047,0,0,NATURAL_GAS_BOILER,TOTAL,18865,1558,1647,58184,5157,0,0,0,0,0,MEDIUM,MEDIUM,MEDIUM,5,COST_BASED,COST_BASED,false,false
1,baseline,2,2047,0,0,NATURAL_GAS_BLOCK,PRIVATELY_OWNED,4,0,1,12,5157,0,0,0,0,0,MEDIUM,MEDIUM,MEDIUM,5,COST_BASED,COST_BASED,false,false
1,baseline,2,2047,0,0,NATURAL_GAS_BLOCK,TOTAL,4,0,1,12,5157,0,0,0,0,0,MEDIUM,MEDIUM,MEDIUM,5,COST_BASED,COST_BASED,false,false
1,baseline,2,2047,0,0,HYBRID_HEAT_PUMP,PRIVATELY_OWNED,688,64,32,913,5157,0,0,0,0,0,MEDIUM,MEDIUM,MEDIUM,5,COST_BASED,COST_BASED,false,false
1,baseline,2,2047,0,0,HYBRID_HEAT_PUMP,TOTAL,688,64,32,913,5157,0,0,0,0,0,MEDIUM,MEDIUM,MEDIUM,5,COST_BASED,COST_BASED,false,false
1,baseline,2,2047,0,0,ELECTRIC_HEAT_PUMP,PRIVATELY_OWNED,1309,110,52,1722,5157,0,0,0,0,0,MEDIUM,MEDIUM,MEDIUM,5,COST_BASED,COST_BASED,false,false
1,baseline,2,2047,0,0,ELECTRIC_HEAT_PUMP,TOTAL,1309,110,52,1722,5157,0,0,0,0,0,MEDIUM,MEDIUM,MEDIUM,5,COST_BASED,COST_BASED,false,false
1,baseline,2,2047,0,0,DISTRICT_HEATING,PRIVATELY_OWNED,0,0,0,0,5157,0,0,0,0,0,MEDIUM,MEDIUM,MEDIUM,5,COST_BASED,COST_BASED,false,false
1,baseline,2,2047,0,0,DISTRICT_HEATING,TOTAL,0,0,0,0,5157,0,0,0,0,0,MEDIUM,MEDIUM,MEDIUM,5,COST_BASED,COST_BASED,false,false
1,baseline,2,2048,0,0,NATURAL_GAS_BOILER,PRIVATELY_OWNED,18769,1519,1615,59703,5135,0,0,0,0,0,MEDIUM,MEDIUM,MEDIUM,5,COST_BASED,COST_BASED,false,false
1,baseline,2,2048,0,0,NATURAL_GAS_BOILER,TOTAL,18769,1519,1615,59703,5135,0,0,0,0,0,MEDIUM,MEDIUM,MEDIUM,5,COST_BASED,COST_BASED,false,false
1,baseline,2,2048,0,0,NATURAL_GAS_BLOCK,PRIVATELY_OWNED,4,1,1,13,5135,0,0,0,0,0,MEDIUM,MEDIUM,MEDIUM,5,COST_BASED,COST_BASED,false,false
1,baseline,2,2048,0,0,NATURAL_GAS_BLOCK,TOTAL,4,1,1,13,5135,0,0,0,0,0,MEDIUM,MEDIUM,MEDIUM,5,COST_BASED,COST_BASED,false,false
1,baseline,2,2048,0,0,HYBRID_HEAT_PUMP,PRIVATELY_OWNED,720,71,39,984,5135,0,0,0,0,0,MEDIUM,MEDIUM,MEDIUM,5,COST_BASED,COST_BASED,false,false
1,baseline,2,2048,0,0,HYBRID_HEAT_PUMP,TOTAL,720,71,39,984,5135,0,0,0,0,0,MEDIUM,MEDIUM,MEDIUM,5,COST_BASED,COST_BASED,false,false
1,baseline,2,2048,0,0,ELECTRIC_HEAT_PUMP,PRIVATELY_OWNED,1373,126,62,1848,5135,0,0,0,0,0,MEDIUM,MEDIUM,MEDIUM,5,COST_BASED,COST_BASED,false,false
1,baseline,2,2048,0,0,ELECTRIC_HEAT_PUMP,TOTAL,1373,126,62,1848,5135,0,0,0,0,0,MEDIUM,MEDIUM,MEDIUM,5,COST_BASED,COST_BASED,false,false
1,baseline,2,2048,0,0,DISTRICT_HEATING,PRIVATELY_OWNED,0,0,0,0,5135,0,0,0,0,0,MEDIUM,MEDIUM,MEDIUM,5,COST_BASED,COST_BASED,false,false
1,baseline,2,2048,0,0,DISTRICT_HEATING,TOTAL,0,0,0,0,5135,0,0,0,0,0,MEDIUM,MEDIUM,MEDIUM,5,COST_BASED,COST_BASED,false,false
1,baseline,2,2049,0,0,NATURAL_GAS_BOILER,PRIVATELY_OWNED,18661,1561,1669,61264,5130,0,0,0,0,0,MEDIUM,MEDIUM,MEDIUM,5,COST_BASED,COST_BASED,false,false
1,baseline,2,2049,0,0,NATURAL_GAS_BOILER,TOTAL,18661,1561,1669,61264,5130,0,0,0,0,0,MEDIUM,MEDIUM,MEDIUM,5,COST_BASED,COST_BASED,false,false
1,baseline,2,2049,0,0,NATURAL_GAS_BLOCK,PRIVATELY_OWNED,4,1,1,14,5130,0,0,0,0,0,MEDIUM,MEDIUM,MEDIUM,5,COST_BASED,COST_BASED,false,false
1,baseline,2,2049,0,0,NATURAL_GAS_BLOCK,TOTAL,4,1,1,14,5130,0,0,0,0,0,MEDIUM,MEDIUM,MEDIUM,5,COST_BASED,COST_BASED,false,false
1,baseline,2,2049,0,0,HYBRID_HEAT_PUMP,PRIVATELY_OWNED,741,71,50,1055,5130,0,0,0,0,0,MEDIUM,MEDIUM,MEDIUM,5,COST_BASED,COST_BASED,false,false
1,baseline,2,2049,0,0,HYBRID_HEAT_PUMP,TOTAL,741,71,50,1055,5130,0,0,0,0,0,MEDIUM,MEDIUM,MEDIUM,5,COST_BASED,COST_BASED,false,false
1,baseline,2,2049,0,0,ELECTRIC_HEAT_PUMP,PRIVATELY_OWNED,1460,155,68,2003,5130,0,0,0,0,0,MEDIUM,MEDIUM,MEDIUM,5,COST_BASED,COST_BASED,false,false
1,baseline,2,2049,0,0,ELECTRIC_HEAT_PUMP,TOTAL,1460,155,68,2003,5130,0,0,0,0,0,MEDIUM,MEDIUM,MEDIUM,5,COST_BASED,COST_BASED,false,false
1,baseline,2,2049,0,0,DISTRICT_HEATING,PRIVATELY_OWNED,0,0,0,0,5130,0,0,0,0,0,MEDIUM,MEDIUM,MEDIUM,5,COST_BASED,COST_BASED,false,false
1,baseline,2,2049,0,0,DISTRICT_HEATING,TOTAL,0,0,0,0,5130,0,0,0,0,0,MEDIUM,MEDIUM,MEDIUM,5,COST_BASED,COST_BASED,false,false
1,baseline,2,2050,0,0,NATURAL_GAS_BOILER,PRIVATELY_OWNED,18580,1528,1609,62792,4981,0,0,0,0,0,MEDIUM,MEDIUM,MEDIUM,5,COST_BASED,COST_BASED,false,false
1,baseline,2,2050,0,0,NATURAL_GAS_BOILER,TOTAL,18580,1528,1609,62792,4981,0,0,0,0,0,MEDIUM,MEDIUM,MEDIUM,5,COST_BASED,COST_BASED,false,false
1,baseline,2,2050,0,0,NATURAL_GAS_BLOCK,PRIVATELY_OWNED,5,2,1,16,4981,0,0,0,0,0,MEDIUM,MEDIUM,MEDIUM,5,COST_BASED,COST_BASED,false,false
1,baseline,2,2050,0,0,NATURAL_GAS_BLOCK,TOTAL,5,2,1,16,4981,0,0,0,0,0,MEDIUM,MEDIUM,MEDIUM,5,COST_BASED,COST_BASED,false,false
1,baseline,2,2050,0,0,HYBRID_HEAT_PUMP,PRIVATELY_OWNED,757,48,32,1103,4981,0,0,0,0,0,MEDIUM,MEDIUM,MEDIUM,5,COST_BASED,COST_BASED,false,false
1,baseline,2,2050,0,0,HYBRID_HEAT_PUMP,TOTAL,757,48,32,1103,4981,0,0,0,0,0,MEDIUM,MEDIUM,MEDIUM,5,COST_BASED,COST_BASED,false,false
1,baseline,2,2050,0,0,ELECTRIC_HEAT_PUMP,PRIVATELY_OWNED,1524,128,64,2131,4981,0,0,0,0,0,MEDIUM,MEDIUM,MEDIUM,5,COST_BASED,COST_BASED,false,false
1,baseline,2,2050,0,0,ELECTRIC_HEAT_PUMP,TOTAL,1524,128,64,2131,4981,0,0,0,0,0,MEDIUM,MEDIUM,MEDIUM,5,COST_BASED,COST_BASED,false,false
1,baseline,2,2050,0,0,DISTRICT_HEATING,PRIVATELY_OWNED,0,0,0,0,4981,0,0,0,0,0,MEDIUM,MEDIUM,MEDIUM,5,COST_BASED,COST_BASED,false,false
1,baseline,2,2050,0,0,DISTRICT_HEATING,TOTAL,0,0,0,0,4981,0,0,0,0,0,MEDIUM,MEDIUM,MEDIUM,5,COST_BASED,COST_BASED,false,false
1,baseline,3,2024,0,0,NATURAL_GAS_BOILER,PRIVATELY_OWNED,20884,0,0,20884,0,0,0,0,0,0,MEDIUM,MEDIUM,MEDIUM,5,COST_BASED,COST_BASED,false,false
1,baseline,3,2024,0,0,NATURAL_GAS_BOILER,TOTAL,20884,0,0,20884,0,0,0,0,0,0,MEDIUM,MEDIUM,MEDIUM,5,COST_BASED,COST_BASED,false,false
1,baseline,3,2024,0,0,NATURAL_GAS_BLOCK,PRIVATELY_OWNED,0,0,0,0,0,0,0,0,0,0,MEDIUM,MEDIUM,MEDIUM,5,COST_BASED,COST_BASED,false,false
1,baseline,3,2024,0,0,NATURAL_GAS_BLOCK,TOTAL,0,0,0,0,0,0,0,0,0,0,MEDIUM,MEDIUM,MEDIUM,5,COST_BASED,COST_BASED,false,false
1,baseline,3,2024,0,0,HYBRID_HEAT_PUMP,PRIVATELY_OWNED,0,0,0,0,0,0,0,0,0,0,MEDIUM,MEDIUM,MEDIUM,5,COST_BASED,COST_BASED,false,false
1,baseline,3,2024,0,0,HYBRID_HEAT_PUMP,TOTAL,0,0,0,0,0,0,0,0,0,0,MEDIUM,MEDIUM,MEDIUM,5,COST_BASED,COST_BASED,false,false
1,baseline,3,2024,0,0,ELECTRIC_HEAT_PUMP,PRIVATELY_OWNED,0,0,0,0,0,0,0,0,0,0,MEDIUM,MEDIUM,MEDIUM,5,COST_BASED,COST_BASED,false,false
1,baseline,3,2024,0,0,ELECTRIC_HEAT_PUMP,TOTAL,0,0,0,0,0,0,0,0,0,0,MEDIUM,MEDIUM,MEDIUM,5,COST_BASED,COST_BASED,false,false
1,baseline,3,2024,0,0,DISTRICT_HEATING,PRIVATELY_OWNED,0,0,0,0,0,0,0,0,0,0,MEDIUM,MEDIUM,MEDIUM,5,COST_BASED,COST_BASED,false,false
1,baseline,3,2024,0,0,DISTRICT_HEATING,TOTAL,0,0,0,0,0,0,0,0,0,0,MEDIUM,MEDIUM,MEDIUM,5,COST_BASED,COST_BASED,false,false
1,baseline,3,2025,0,0,NATURAL_GAS_BOILER,PRIVATELY_OWNED,20811,1680,1753,22564,5234,0,0,0,0,0,MEDIUM,MEDIUM,MEDIUM,5,COST_BASED,COST_BASED,false,false
1,baseline,3,2025,0,0,NATURAL_GAS_BOILER,TOTAL,20811,1680,1753,22564,5234,0,0,0,0,0,MEDIUM,MEDIUM,MEDIUM,5,COST_BASED,COST_BASED,false,false
1,baseline,3,2025,0,0,NATURAL_GAS_BLOCK,PRIVATELY_OWNED,0,0,0,0,5234,0,0,0,0,0,MEDIUM,MEDIUM,MEDIUM,5,COST_BASED,COST_BASED,false,false
1,baseline,3,2025,0,0,NATURAL_GAS_BLOCK,TOTAL,0,0,0,0,5234,0,0,0,0,0,MEDIUM,MEDIUM,MEDIUM,5,COST_BASED,COST_BASED,false,false
1,baseline,3,2025,0,0,HYBRID_HEAT_PUMP,PRIVATELY_OWNED,26,26,0,26,5234,0,0,0,0,0,MEDIUM,MEDIUM,MEDIUM,5,COST_BASED,COST_BASED,false,false
1,baseline,3,2025,0,0,HYBRID_HEAT_PUMP,TOTAL,26,26,0,26,5234,0,0,0,0,0,MEDIUM,MEDIUM,MEDIUM,5,COST_BASED,COST_BASED,false,false
1,baseline,3,2025,0,0,ELECTRIC_HEAT_PUMP,PRIVATELY_OWNED,47,47,0,47,5234,0,0,0,0,0,MEDIUM,MEDIUM,MEDIUM,5,COST_BASED,COST_BASED,false,false
1,baseline,3,2025,0,0,ELECTRIC_HEAT_PUMP,TOTAL,47,47,0,47,5234,0,0,0,0,0,MEDIUM,MEDIUM,MEDIUM,5,COST_BASED,COST_BASED,false,false
1,baseline,3,2025,0,0,DISTRICT_HEATING,PRIVATELY_OWNED,0,0,0,0,5234,0,0,0,0,0,MEDIUM,MEDIUM,MEDIUM,5,COST_BASED,COST_BASED,false,false
1,baseline,3,2025,0,0,DISTRICT_HEATING,TOTAL,0,0,0,0,5234,0,0,0,0,0,MEDIUM,MEDIUM,MEDIUM,5,COST_BASED,COST_BASED,false,false
1,baseline,3,2026,0,0,NATURAL_GAS_BOILER,PRIVATELY_OWNED,20726,1731,1816,24295,5236,0,0,0,0,0,MEDIUM,MEDIUM,MEDIUM,5,COST_BASED,COST_BASED,false,false
1,baseline,3,2026,0,0,NATURAL_GAS_BOILER,TOTAL,20726,1731,1816,24295,5236,0,0,0,0,0,MEDIUM,MEDIUM,MEDIUM,5,COST_BASED,COST_BASED,false,false
1,baseline,3,2026,0,0,NATURAL_GAS_BLOCK,PRIVATELY_OWNED,1,1,0,1,5236,0,0,0,0,0,MEDIUM,MEDIUM,MEDIUM,5,COST_BASED,COST_BASED,false,false
1,baseline,3,2026,0,0,NATURAL_GAS_BLOCK,TOTAL,1,1,0,1,5236,0,0,0,0,0,MEDIUM,MEDIUM,MEDIUM,5,COST_BASED,COST_BASED,false,false
1,baseline,3,2026,0,0,HYBRID_HEAT_PUMP,PRIVATELY_OWNED,54,28,0,54,5236,0,0,0,0,0,MEDIUM,MEDIUM,MEDIUM,5,COST_BASED,COST_BASED,false,false
1,baseline,3,2026,0,0,HYBRID_HEAT_PUMP,TOTAL,54,28,0,54,5236,0,0,0,0,0,MEDIUM,MEDIUM,MEDIUM,5,COST_BASED,COST_BASED,false,false
1,baseline,3,2026,0,0,ELECTRIC_HEAT_PUMP,PRIVATELY_OWNED,103,56,0,103,5236,0,0,0,0,0,MEDIUM,MEDIUM,MEDIUM,5,COST_BASED,COST_BASED,false,false
1,baseline,3,2026,0,0,ELECTRIC_HEAT_PUMP,TOTAL,103,56,0,103,5236,0,0,0,0,0,MEDIUM,MEDIUM,MEDIUM,5,COST_BASED,COST_BASED,false,false
1,baseline,3,2026,0,0,DISTRICT_HEATING,PRIVATELY_OWNED,0,0,0,0,5236,0,0,0,0,0,MEDIUM,MEDIUM,MEDIUM,5,COST_BASED,COST_BASED,false,false
1,baseline,3,2026,0,0,DISTRICT_HEATING,TOTAL,0,0,0,0,5236,0,0,0,0,0,MEDIUM,MEDIUM,MEDIUM,5,COST_BASED,COST_BASED,false,false
1,baseline,3,2027,0,0,NATURAL_GAS_BOILER,PRIVATELY_OWNED,20635,1682,1773,25977,5149,0,0,0,0,0,MEDIUM,MEDIUM,MEDIUM,5,COST_BASED,COST_BASED,false,false
1,baseline,3,2027,0,0,NATURAL_GAS_BOILER,TOTAL,20635,1682,1773,25977,5149,0,0,0,0,0,MEDIUM,MEDIUM,MEDIUM,5,COST_BASED,COST_BASED,false,false
1,baseline,3,2027,0,0,NATURAL_GAS_BLOCK,PRIVATELY_OWNED,2,1,0,2,5149,0,0,0,0,0,MEDIUM,MEDIUM,MEDIUM,5,COST_BASED,COST_BASED,false,false
1,baseline,3,2027,0,0,NATURAL_GAS_BLOCK,TOTAL,2,1,0,2,5149,0,0,0,0,0,MEDIUM,MEDIUM,MEDIUM,5,COST_BASED,COST_BASED,false,false
1,baseline,3,2027,0,0,HYBRID_HEAT_PUMP,PRIVATELY_OWNED,87,33,0,87,5149,0,0,0,0,0,MEDIUM,MEDIUM,MEDIUM,5,COST_BASED,COST_BASED,false,false
1,baseline,3,2027,0,0,HYBRID_HEAT_PUMP,TOTAL,87,33,0,87,5149,0,0,0,0,0,MEDIUM,MEDIUM,MEDIUM,5,COST_BASED,COST_BASED,false,false
1,baseline,3,2027,0,0,ELECTRIC_HEAT_PUMP,PRIVATELY_OWNED,160,57,0,160,5149,0,0,0,0,0,MEDIUM,MEDIUM,MEDIUM,5,COST_BASED,COST_BASED,false,false
1,baseline,3,2027,0,0,ELECTRIC_HEAT_PUMP,TOTAL,160,57,0,160,5149,0,0,0,0,0,MEDIUM,MEDIUM,MEDIUM,5,COST_BASED,COST_BASED,false,false
1,baseline,3,2027,0,0,DISTRICT_HEATING,PRIVATELY_OWNED,0,0,0,0,5149,0,0,0,0,0,MEDIUM,MEDIUM,MEDIUM,5,COST_BASED,COST_BASED,false,false
1,baseline,3,2027,0,0,DISTRICT_HEATING,TOTAL,0,0,0,0,5149,0,0,0,0,0,MEDIUM,MEDIUM,MEDIUM,5,COST_BASED,COST_BASED,false,false
1,baseline,3,2028,0,0,NATURAL_GAS_BOILER,PRIVATELY_OWNED,20562,1661,1734,27638,5115,0,0,0,0,0,MEDIUM,MEDIUM,MEDIUM,5,COST_BASED,COST_BASED,false,false
1,baseline,3,2028,0,0,NATURAL_GAS_BOILER,TOTAL,20562,1661,1734,27638,5115,0,0,0,0,0,MEDIUM,MEDIUM,MEDIUM,5,COST_BASED,COST_BASED,false,false
1,baseline,3,2028,0,0,NATURAL_GAS_BLOCK,PRIVATELY_OWNED,2,0,0,2,5115,0,0,0,0,0,MEDIUM,MEDIUM,MEDIUM,5,COST_BASED,COST_BASED,false,false
1,baseline,3,2028,0,0,NATURAL_GAS_BLOCK,TOTAL,2,0,0,2,5115,0,0,0,0,0,MEDIUM,MEDIUM,MEDIUM,5,COST_BASED,COST_BASED,false,false
1,baseline,3,2028,0,0,HYBRID_HEAT_PUMP,PRIVATELY_OWNED,116,29,0,116,5115,0,0,0,0,0,MEDIUM,MEDIUM,MEDIUM,5,COST_BASED,COST_BASED,false,false
1,baseline,3,2028,0,0,HYBRID_HEAT_PUMP,TOTAL,116,29,0,116,5115,0,0,0,0,0,MEDIUM,MEDIUM,MEDIUM,5,COST_BASED,COST_BASED,false,false
1,baseline,3,2028,0,0,ELECTRIC_HEAT_PUMP,PRIVATELY_OWNED,204,44,0,204,5115,0,0,0,0,0,MEDIUM,MEDIUM,MEDIUM,5,COST_BASED,COST_BASED,false,false
1,baseline,3,2028,0,0,ELECTRIC_HEAT_PUMP,TOTAL,204,44,0,204,5115,0,0,0,0,0,MEDIUM,MEDIUM,MEDIUM,5,COST_BASED,COST_BASED,false,false
1,baseline,3,2028,0,0,DISTRICT_HEATING,PRIVATELY_OWNED,0,0,0,0,5115,0,0,0,0,0,MEDIUM,MEDIUM,MEDIUM,5,COST_BASED,COST_BASED,false,false
1,baseline,3,2028,0,0,DISTRICT_HEATING,TOTAL,0,0,0,0,5115,0,0,0,0,0,MEDIUM,MEDIUM,MEDIUM,5,COST_BASED,COST_BASED,false,false
1,baseline,3,2029,0,0,NATURAL_GAS_BOILER,PRIVATELY_OWNED,20479,1648,1731,29286,5114,0,0,0,0,0,MEDIUM,MEDIUM,MEDIUM,5,COST_BASED,COST_BASED,false,false
1,baseline,3,2029,0,0,NATURAL_GAS_BOILER,TOTAL,20479,1648,1731,29286,5114,0,0,0,0,0,MEDIUM,MEDIUM,MEDIUM,5,COST_BASED,COST_BASED,false,false
1,baseline,3,2029,0,0,NATURAL_GAS_BLOCK,PRIVATELY_OWNED,2,0,0,2,5114,0,0,0,0,0,MEDIUM,MEDIUM,MEDIUM,5,COST_BASED,COST_BASED,false,false
1,baseline,3,2029,0,0,NATURAL_GAS_BLOCK,TOTAL,2,0,0,2,5114,0,0,0,0,0,MEDIUM,MEDIUM,MEDIUM,5,COST_BASED,COST_BASED,false,false
1,baseline,3,2029,0,0,HYBRID_HEAT_PUMP,PRIVATELY_OWNED,147,31,0,147,5114,0,0,0,0,0,MEDIUM,MEDIUM,MEDIUM,5,COST_BASED,COST_BASED,false,false
1,baseline,3,2029,0,0,HYBRID_HEAT_PUMP,TOTAL,147,31,0,147,5114,0,0,0,0,0,MEDIUM,MEDIUM,MEDIUM,5,COST_BASED,COST_BASED,false,false
1,baseline,3,2029,0,0,ELECTRIC_HEAT_PUMP,PRIVATELY_OWNED,256,52,0,256,5114,0,0,0,0,0,MEDIUM,MEDIUM,MEDIUM,5,COST_BASED,COST_BASED,false,false
1,baseline,3,2029,0,0,ELECTRIC_HEAT_PUMP,TOTAL,256,52,0,256,5114,0,0,0,0,0,MEDIUM,MEDIUM,MEDIUM,5,COST_BASED,COST_BASED,false,false
1,baseline,3,2029,0,0,DISTRICT_HEATING,PRIVATELY_OWNED,0,0,0,0,5114,0,0,0,0,0,MEDIUM,MEDIUM,MEDIUM,5,COST_BASED,COST_BASED,false,false
1,baseline,3,2029,0,0,DISTRICT_HEATING,TOTAL,0,0,0,0,5114,0,0,0,0,0,MEDIUM,MEDIUM,MEDIUM,5,COST_BASED,COST_BASED,false,false
1,baseline,3,2030,0,0,NATURAL_GAS_BOILER,PRIVATELY_OWNED,20367,1650,1762,30936,5119,0,0,0,0,0,MEDIUM,MEDIUM,MEDIUM,5,COST_BASED,COST_BASED,false,false
1,baseline,3,2030,0,0,NATURAL_GAS_BOILER,TOTAL,20367,1650,1762,30936,5119,0,0,0,0,0,MEDIUM,MEDIUM,MEDIUM,5,COST_BASED,COST_BASED,false,false
1,baseline,3,2030,0,0,NATURAL_GAS_BLOCK,PRIVATELY_OWNED,2,0,0,2,5119,0,0,0,0,0,MEDIUM,MEDIUM,MEDIUM,5,COST_BASED,COST_BASED,false,false
1,baseline,3,2030,0,0,NATURAL_GAS_BLOCK,TOTAL,2,0,0,2,5119,0,0,0,0,0,MEDIUM,MEDIUM,MEDIUM,5,COST_BASED,COST_BASED,false,false
1,baseline,3,2030,0,0,HYBRID_HEAT_PUMP,PRIVATELY_OWNED,184,37,0,184,5119,0,0,0,0,0,MEDIUM,MEDIUM,MEDIUM,5,COST_BASED,COST_BASED,false,false
1,baseline,3,2030,0,0,HYBRID_HEAT_PUMP,TOTAL,184,37,0,184,5119,0,0,0,0,0,MEDIUM,MEDIUM,MEDIUM,5,COST_BASED,COST_BASED,false,false
1,baseline,3,2030,0,0,ELECTRIC_HEAT_PUMP,PRIVATELY_OWNED,331,75,0,331,5119,0,0,0,0,0,MEDIUM,MEDIUM,MEDIUM,5,COST_BASED,COST_BASED,false,false
1,baseline,3,2030,0,0,ELECTRIC_HEAT_PUMP,TOTAL,331,75,0,331,5119,0,0,0,0,0,MEDIUM,MEDIUM,MEDIUM,5,COST_BASED,COST_BASED,false,false
1,baseline,3,2030,0,0,DISTRICT_HEATING,PRIVATELY_OWNED,0,0,0,0,5119,0,0,0,0,0,MEDIUM,MEDIUM,MEDIUM,5,COST_BASED,COST_BASED,false,false
1,baseline,3,2030,0,0,DISTRICT_HEATING,TOTAL,0,0,0,0,5119,0,0,0,0,0,MEDIUM,MEDIUM,MEDIUM,5,COST_BASED,COST_BASED,false,false
1,baseline,3,2031,0,0,NATURAL_GAS_BOILER,PRIVATELY_OWNED,20281,1638,1724,32574,5147,0,0,0,0,0,MEDIUM,MEDIUM,MEDIUM,5,COST_BASED,COST_BASED,false,false
1,baseline,3,2031,0,0,NATURAL_GAS_BOILER,TOTAL,20281,1638,1724,32574,5147,0,0,0,0,0,MEDIUM,MEDIUM,MEDIUM,5,COST_BASED,COST_BASED,false,false
1,baseline,3,2031,0,0,NATURAL_GAS_BLOCK,PRIVATELY_OWNED,2,0,0,2,5147,0,0,0,0,0,MEDIUM,MEDIUM,MEDIUM,5,COST_BASED,COST_BASED,false,false
1,baseline,3,2031,0,0,NATURAL_GAS_BLOCK,TOTAL,2,0,0,2,5147,0,0,0,0,0,MEDIUM,MEDIUM,MEDIUM,5,COST_BASED,COST_BASED,false,false
1,baseline,3,2031,0,0,HYBRID_HEAT_PUMP,PRIVATELY_OWNED,215,31,0,215,5147,0,0,0,0,0,MEDIUM,MEDIUM,MEDIUM,5,COST_BASED,COST_BASED,false,false
1,baseline,3,2031,0,0,HYBRID_HEAT_PUMP,TOTAL,215,31,0,215,5147,0,0,0,0,0,MEDIUM,MEDIUM,MEDIUM,5,COST_BASED,COST_BASED,false,false
1,baseline,3,2031,0,0,ELECTRIC_HEAT_PUMP,PRIVATELY_OWNED,386,55,0,386,5147,0,0,0,0,0,MEDIUM,MEDIUM,MEDIUM,5,COST_BASED,COST_BASED,false,false
1,baseline,3,2031,0,0,ELECTRIC_HEAT_PUMP,TOTAL,386,55,0,386,5147,0,0,0,0,0,MEDIUM,MEDIUM,MEDIUM,5,COST_BASED,COST_BASED,false,false
1,baseline,3,2031,0,0,DISTRICT_HEATING,PRIVATELY_OWNED,0,0,0,0,5147,0,0,0,0,0,MEDIUM,MEDIUM,MEDIUM,5,COST_BASED,COST_BASED,false,false
1,baseline,3,2031,0,0,DISTRICT_HEATING,TOTAL,0,0,0,0,5147,0,0,0,0,0,MEDIUM,MEDIUM,MEDIUM,5,COST_BASED,COST_BASED,false,false
1,baseline,3,2032,0,0,NATURAL_GAS_BOILER,PRIVATELY_OWNED,20181,1651,1751,34225,5067,0,0,0,0,0,MEDIUM,MEDIUM,MEDIUM,5,COST_BASED,COST_BASED,false,false
1,baseline,3,2032,0,0,NATURAL_GAS_BOILER,TOTAL,20181,1651,1751,34225,5067,0,0,0,0,0,MEDIUM,MEDIUM,MEDIUM,5,COST_BASED,COST_BASED,false,false
1,baseline,3,2032,0,0,NATURAL_GAS_BLOCK,PRIVATELY_OWNED,3,1,0,3,5067,0,0,0,0,0,MEDIUM,MEDIUM,MEDIUM,5,COST_BASED,COST_BASED,false,false
1,baseline,3,2032,0,0,NATURAL_GAS_BLOCK,TOTAL,3,1,0,3,5067,0,0,0,0,0,MEDIUM,MEDIUM,MEDIUM,5,COST_BASED,COST_BASED,false,false
1,baseline,3,2032,0,0,HYBRID_HEAT_PUMP,PRIVATELY_OWNED,252,37,0,252,5067,0,0,0,0,0,MEDIUM,MEDIUM,MEDIUM,5,COST_BASED,COST_BASED,false,false
1,baseline,3,2032,0,0,HYBRID_HEAT_PUMP,TOTAL,252,37,0,252,5067,0,0,0,0,0,MEDIUM,MEDIUM,MEDIUM,5,COST_BASED,COST_BASED,false,false
1,baseline,3,2032,0,0,ELECTRIC_HEAT_PUMP,PRIVATELY_OWNED,448,62,0,448,5067,0,0,0,0,0,MEDIUM,MEDIUM,MEDIUM,5,COST_BASED,COST_BASED,false,false
1,baseline,3,2032,0,0,ELECTRIC_HEAT_PUMP,TOTAL,448,62,0,448,5067,0,0,0,0,0,MEDIUM,MEDIUM,MEDIUM,5,COST_BASED,COST_BASED,false,false
1,baseline,3,2032,0,0,DISTRICT_HEATING,PRIVATELY_OWNED,0,0,0,0,5067,0,0,0,0,0,MEDIUM,MEDIUM,MEDIUM,5,COST_BASED,COST_BASED,false,false
1,baseline,3,2032,0,0,DISTRICT_HEATING,TOTAL,0,0,0,0,5067,0,0,0,0,0,MEDIUM,MEDIUM,MEDIUM,5,COST_BASED,COST_BASED,false,false
1,baseline,3,2033,0,0,NATURAL_GAS_BOILER,PRIVATELY_OWNED,20077,1687,1791,35912,5040,0,0,0,0,0,MEDIUM,MEDIUM,MEDIUM,5,COST_BASED,COST_BASED,false,false
1,baseline,3,2033,0,0,NATURAL_GAS_BOILER,TOTAL,20077,1687,1791,35912,5040,0,0,0,0,0,MEDIUM,MEDIUM,MEDIUM,5,COST_BASED,COST_BASED,false,false
1,baseline,3,2033,0,0,NATURAL_GAS_BLOCK,PRIVATELY_OWNED,6,3,0,6,5040,0,0,0,0,0,MEDIUM,MEDIUM,MEDIUM,5,COST_BASED,COST_BASED,false,false
1,baseline,3,2033,0,0,NATURAL_GAS_BLOCK,TOTAL,6,3,0,6,5040,0,0,0,0,0,MEDIUM,MEDIUM,MEDIUM,5,COST_BASED,COST_BASED,false,false
1,baseline,3,2033,0,0,HYBRID_HEAT_PUMP,PRIVATELY_OWNED,288,36,0,288,5040,0,0,0,0,0,MEDIUM,MEDIUM,MEDIUM,5,COST_BASED,COST_BASED,false,false
1,baseline,3,2033,0,0,HYBRID_HEAT_PUMP,TOTAL,288,36,0,288,5040,0,0,0,0,0,MEDIUM,MEDIUM,MEDIUM,5,COST_BASED,COST_BASED,false,false
1,baseline,3,2033,0,0,ELECTRIC_HEAT_PUMP,PRIVATELY_OWNED,513,65,0,513,5040,0,0,0,0,0,MEDIUM,MEDIUM,MEDIUM,5,COST_BASED,COST_BASED,false,false
1,baseline,3,2033,0,0,ELECTRIC_HEAT_PUMP,TOTAL,513,65,0,513,5040,0,0,0,0,0,MEDIUM,MEDIUM,MEDIUM,5,COST_BASED,COST_BASED,false,false
1,baseline,3,2033,0,0,DISTRICT_HEATING,PRIVATELY_OWNED,0,0,0,0,5040,0,0,0,0,0,MEDIUM,MEDIUM,MEDIUM,5,COST_BASED,COST_BASED,false,false
1,baseline,3,2033,0,0,DISTRICT_HEATING,TOTAL,0,0,0,0,5040,0,0,0,0,0,MEDIUM,MEDIUM,MEDIUM,5,COST_BASED,COST_BASED,false,false
1,baseline,3,2034,0,0,NATURAL_GAS_BOILER,PRIVATELY_OWNED,19979,1545,1643,37457,5049,0,0,0,0,0,MEDIUM,MEDIUM,MEDIUM,5,COST_BASED,COST_BASED,false,false
1,baseline,3,2034,0,0,NATURAL_GAS_BOILER,TOTAL,19979,1545,1643,37457,5049,0,0,0,0,0,MEDIUM,MEDIUM,MEDIUM,5,COST_BASED,COST_BASED,false,false
1,baseline,3,2034,0,0,NATURAL_GAS_BLOCK,PRIVATELY_OWNED,6,0,0,6,5049,0,0,0,0,0,MEDIUM,MEDIUM,MEDIUM,5,COST_BASED,COST_BASED,false,false
1,baseline,3,2034,0,0,NATURAL_GAS_BLOCK,TOTAL,6,0,0,6,5049,0,0,0,0,0,MEDIUM,MEDIUM,MEDIUM,5,COST_BASED,COST_BASED,false,false
1,baseline,3,2034,0,0,HYBRID_HEAT_PUMP,PRIVATELY_OWNED,321,33,0,321,5049,0,0,0,0,0,MEDIUM,MEDIUM,MEDIUM,5,COST_BASED,COST_BASED,false,false
1,baseline,3,2034,0,0,HYBRID_HEAT_PUMP,TOTAL,321,33,0,321,5049,0,0,0,0,0,MEDIUM,MEDIUM,MEDIUM,5,COST_BASED,COST_BASED,false,false
1,baseline,3,2034,0,0,ELECTRIC_HEAT_PUMP,PRIVATELY_OWNED,578,65,0,578,5049,0,0,0,0,0,MEDIUM,MEDIUM,MEDIUM,5,COST_BASED,COST_BASED,false,false
1,baseline,3,2034,0,0,ELECTRIC_HEAT_PUMP,TOTAL,578,65,0,578,5049,0,0,0,0,0,MEDIUM,MEDIUM,MEDIUM,5,COST_BASED,COST_BASED,false,false
1,baseline,3,2034,0,0,DISTRICT_HEATING,PRIVATELY_OWNED,0,0,0,0,5049,0,0,0,0,0,MEDIUM,MEDIUM,MEDIUM,5,COST_BASED,COST_BASED,false,false
1,baseline,3,2034,0,0,DISTRICT_HEATING,TOTAL,0,0,0,0,5049,0,0,0,0,0,MEDIUM,MEDIUM,MEDIUM,5,COST_BASED,COST_BASED,false,false
1,baseline,3,2035,0,0,NATURAL_GAS_BOILER,PRIVATELY_OWNED,19878,1621,1722,39078,5086,0,0,0,0,0,MEDIUM,MEDIUM,MEDIUM,5,COST_BASED,COST_BASED,false,false
1,baseline,3,2035,0,0,NATURAL_GAS_BOILER,TOTAL,19878,1621,1722,39078,5086,0,0,0,0,0,MEDIUM,MEDIUM,MEDIUM,5,COST_BASED,COST_BASED,false,false
1,baseline,3,2035,0,0,NATURAL_GAS_BLOCK,PRIVATELY_OWNED,6,0,0,6,5086,0,0,0,0,0,MEDIUM,MEDIUM,MEDIUM,5,COST_BASED,COST_BASED,false,false
1,baseline,3,2035,0,0,NATURAL_GAS_BLOCK,TOTAL,6,0,0,6,5086,0,0,0,0,0,MEDIUM,MEDIUM,MEDIUM,5,COST_BASED,COST_BASED,false,false
1,baseline,3,2035,0,0,HYBRID_HEAT_PUMP,PRIVATELY_OWNED,358,37,0,358,5086,0,0,0,0,0,MEDIUM,MEDIUM,MEDIUM,5,COST_BASED,COST_BASED,false,false
1,baseline,3,2035,0,0,HYBRID_HEAT_PUMP,TOTAL,358,37,0,358,5086,0,0,0,0,0,MEDIUM,MEDIUM,MEDIUM,5,COST_BASED,COST_BASED,false,false
1,baseline,3,2035,0,0,ELECTRIC_HEAT_PUMP,PRIVATELY_OWNED,642,64,0,642,5086,0,0,0,0,0,MEDIUM,MEDIUM,MEDIUM,5,COST_BASED,COST_BASED,false,false
1,baseline,3,2035,0,0,ELECTRIC_HEAT_PUMP,TOTAL,642,64,0,642,5086,0,0,0,0,0,MEDIUM,MEDIUM,MEDIUM,5,COST_BASED,COST_BASED,false,false
1,baseline,3,2035,0,0,DISTRICT_HEATING,PRIVATELY_OWNED,0,0,0,0,5086,0,0,0,0,0,MEDIUM,MEDIUM,MEDIUM,5,COST_BASED,COST_BASED,false,false
1,baseline,3,2035,0,0,DISTRICT_HEATING,TOTAL,0,0,0,0,5086,0,0,0,0,0,MEDIUM,MEDIUM,MEDIUM,5,COST_BASED,COST_BASED,false,false
1,baseline,3,2036,0,0,NATURAL_GAS_BOILER,PRIVATELY_OWNED,19776,1685,1787,40763,5096,0,0,0,0,0,MEDIUM,MEDIUM,MEDIUM,5,COST_BASED,COST_BASED,false,false
1,baseline,3,2036,0,0,NATURAL_GAS_BOILER,TOTAL,19776,1685,1787,40763,5096,0,0,0,0,0,MEDIUM,MEDIUM,MEDIUM,5,COST_BASED,COST_BASED,false,false
1,baseline,3,2036,0,0,NATURAL_GAS_BLOCK,PRIVATELY_OWNED,5,0,1,6,5096,0,0,0,0,0,MEDIUM,MEDIUM,MEDIUM,5,COST_BASED,COST_BASED,false,false
1,baseline,3,2036,0,0,NATURAL_GAS_BLOCK,TOTAL,5,0,1,6,5096,0,0,0,0,0,MEDIUM,MEDIUM,MEDIUM,5,COST_BASED,COST_BASED,false,false
1,baseline,3,2036,0,0,HYBRID_HEAT_PUMP,PRIVATELY_OWNED,402,44,0,402,5096,0,0,0,0,0,MEDIUM,MEDIUM,MEDIUM,5,COST_BASED,COST_BASED,false,false
1,baseline,3,2036,0,0,HYBRID_HEAT_PUMP,TOTAL,402,44,0,402,5096,0,0,0,0,0,MEDIUM,MEDIUM,MEDIUM,5,COST_BASED,COST_BASED,false,false
1,baseline,3,2036,0,0,ELECTRIC_HEAT_PUMP,PRIVATELY_OWNED,701,59,0,701,5096,0,0,0,0,0,MEDIUM,MEDIUM,MEDIUM,5,COST_BASED,COST_BASED,false,false
1,baseline,3,2036,0,0,ELECTRIC_HEAT_PUMP,TOTAL,701,59,0,701,5096,0,0,0,0,0,MEDIUM,MEDIUM,MEDIUM,5,COST_BASED,COST_BASED,false,false
1,baseline,3,2036,0,0,DISTRICT_HEATING,PRIVATELY_OWNED,0,0,0,0,5096,0,0,0,0,0,MEDIUM,MEDIUM,MEDIUM,5,COST_BASED,COST_BASED,false,false
1,baseline,3,2036,0,0,DISTRICT_HEATING,TOTAL,0,0,0,0,5096,0,0,0,0,0,MEDIUM,MEDIUM,MEDIUM,5,COST_BASED,COST_BASED,false,false
1,baseline,3,2037,0,0,NATURAL_GAS_BOILER,PRIVATELY_OWNED,19680,1583,1679,42346,5064,0,0,0,0,0,MEDIUM,MEDIUM,MEDIUM,5,COST_BASED,COST_BASED,false,false
1,baseline,3,2037,0,0,NATURAL_GAS_BOILER,TOTAL,19680,1583,1679,42346,5064,0,0,0,0,0,MEDIUM,MEDIUM,MEDIUM,5,COST_BASED,COST_BASED,false,false
1,baseline,3,2037,0,0,NATURAL_GAS_BLOCK,PRIVATELY_OWNED,4,0,1,6,5064,0,0,0,0,0,MEDIUM,MEDIUM,MEDIUM,5,COST_BASED,COST_BASED,false,false
1,baseline,3,2037,0,0,NATURAL_GAS_BLOCK,TOTAL,4,0,1,6,5064,0,0,0,0,0,MEDIUM,MEDIUM,MEDIUM,5,COST_BASED,COST_BASED,false,false
1,baseline,3,2037,0,0,HYBRID_HEAT_PUMP,PRIVATELY_OWNED,434,38,6,440,5064,0,0,0,0,0,MEDIUM,MEDIUM,MEDIUM,5,COST_BASED,COST_BASED,false,false
1,baseline,3,2037,0,0,HYBRID_HEAT_PUMP,TOTAL,434,38,6,440,5064,0,0,0,0,0,MEDIUM,MEDIUM,MEDIUM,5,COST_BASED,COST_BASED,false,false
1,baseline,3,2037,0,0,ELECTRIC_HEAT_PUMP,PRIVATELY_OWNED,766,69,4,770,5064,0,0,0,0,0,MEDIUM,MEDIUM,MEDIUM,5,COST_BASED,COST_BASED,false,false
1,baseline,3,2037,0,0,ELECTRIC_HEAT_PUMP,TOTAL,766,69,4,770,5064,0,0,0,0,0,MEDIUM,MEDIUM,MEDIUM,5,COST_BASED,COST_BASED,false,false
1,baseline,3,2037,0,0,DISTRICT_HEATING,PRIVATELY_OWNED,0,0,0,0,5064,0,0,0,0,0,MEDIUM,MEDIUM,MEDIUM,5,COST_BASED,COST_BASED,false,false
1,baseline,3,2037,0,0,DISTRICT_HEATING,TOTAL,0,0,0,0,5064,0,0,0,0,0,MEDIUM,MEDIUM,MEDIUM,5,COST_BASED,COST_BASED,false,false
1,baseline,3,2038,0,0,NATURAL_GAS_BOILER,PRIVATELY_OWNED,19599,1650,1731,43996,5119,0,0,0,0,0,MEDIUM,MEDIUM,MEDIUM,5,COST_BASED,COST_BASED,false,false
1,baseline,3,2038,0,0,NATURAL_GAS_BOILER,TOTAL,19599,1650,1731,43996,5119,0,0,0,0,0,MEDIUM,MEDIUM,MEDIUM,5,COST_BASED,COST_BASED,false,false
1,baseline,3,2038,0,0,NATURAL_GAS_BLOCK,PRIVATELY_OWNED,5,1,0,7,5119,0,0,0,0,0,MEDIUM,MEDIUM,MEDIUM,5,COST_BASED,COST_BASED,false,false
1,baseline,3,2038,0,0,NATURAL_GAS_BLOCK,TOTAL,5,1,0,7,5119,0,0,0,0,0,MEDIUM,MEDIUM,MEDIUM,5,COST_BASED,COST_BASED,false,false
1,baseline,3,2038,0,0,HYBRID_HEAT_PUMP,PRIVATELY_OWNED,451,23,6,463,5119,0,0,0,0,0,MEDIUM,MEDIUM,MEDIUM,5,COST_BASED,COST_BASED,false,false
1,baseline,3,2038,0,0,HYBRID_HEAT_PUMP,TOTAL,451,23,6,463,5119,0,0,0,0,0,MEDIUM,MEDIUM,MEDIUM,5,COST_BASED,COST_BASED,false,false
1,baseline,3,2038,0,0,ELECTRIC_HEAT_PUMP,PRIVATELY_OWNED,829,66,3,836,5119,0,0,0,0,0,MEDIUM,MEDIUM,MEDIUM,5,COST_BASED,COST_BASED,false,false
1,baseline,3,2038,0,0,ELECTRIC_HEAT_PUMP,TOTAL,829,66,3,836,5119,0,0,0,0,0,MEDIUM,MEDIUM,MEDIUM,5,COST_BASED,COST_BASED,false,false
1,baseline,3,2038,0,0,DISTRICT_HEATING,PRIVATELY_OWNED,0,0,0,0,5119,0,0,0,0,0,MEDIUM,MEDIUM,MEDIUM,5,COST_BASED,COST_BASED,false,false
1,baseline,3,2038,0,0,DISTRICT_HEATING,TOTAL,0,0,0,0,5119,0,0,0,0,0,MEDIUM,MEDIUM,MEDIUM,5,COST_BASED,COST_BASED,false,false
1,baseline,3,2039,0,0,NATURAL_GAS_BOILER,PRIVATELY_OWNED,19523,1588,1664,45584,5117,0,0,0,0,0,MEDIUM,MEDIUM,MEDIUM,5,COST_BASED,COST_BASED,false,false
1,baseline,3,2039,0,0,NATURAL_GAS_BOILER,TOTAL,19523,1588,1664,45584,5117,0,0,0,0,0,MEDIUM,MEDIUM,MEDIUM,5,COST_BASED,COST_BASED,false,false
1,baseline,3,2039,0,0,NATURAL_GAS_BLOCK,PRIVATELY_OWNED,5,0,0,7,5117,0,0,0,0,0,MEDIUM,MEDIUM,MEDIUM,5,COST_BASED,COST_BASED,false,false
1,baseline,3,2039,0,0,NATURAL_GAS_BLOCK,TOTAL,5,0,0,7,5117,0,0,0,0,0,MEDIUM,MEDIUM,MEDIUM,5,COST_BASED,COST_BASED,false,false
1,baseline,3,2039,0,0,HYBRID_HEAT_PUMP,PRIVATELY_OWNED,483,44,12,507,5117,0,0,0,0,0,MEDIUM,MEDIUM,MEDIUM,5,COST_BASED,COST_BASED,false,false
1,baseline,3,2039,0,0,HYBRID_HEAT_PUMP,TOTAL,483,44,12,507,5117,0,0,0,0,0,MEDIUM,MEDIUM,MEDIUM,5,COST_BASED,COST_BASED,false,false
1,baseline,3,2039,0,0,ELECTRIC_HEAT_PUMP,PRIVATELY_OWNED,873,49,5,885,5117,0,0,0,0,0,MEDIUM,MEDIUM,MEDIUM,5,COST_BASED,COST_BASED,false,false
1,baseline,3,2039,0,0,ELECTRIC_HEAT_PUMP,TOTAL,873,49,5,885,5117,0,0,0,0,0,MEDIUM,MEDIUM,MEDIUM,5,COST_BASED,COST_BASED,false,false
1,baseline,3,2039,0,0,DISTRICT_HEATING,PRIVATELY_OWNED,0,0,0,0,5117,0,0,0,0,0,MEDIUM,MEDIUM,MEDIUM,5,COST_BASED,COST_BASED,false,false
1,baseline,3,2039,0,0,DISTRICT_HEATING,TOTAL,0,0,0,0,5117,0,0,0,0,0,MEDIUM,MEDIUM,MEDIUM,5,COST_BASED,COST_BASED,false,false
1,baseline,3,2040,0,0,NATURAL_GAS_BOILER,PRIVATELY_OWNED,19420,1580,1683,47164,5159,0,0,0,0,0,MEDIUM,MEDIUM,MEDIUM,5,COST_BASED,COST_BASED,false,false
1,baseline,3,2040,0,0,NATURAL_GAS_BOILER,TOTAL,19420,1580,1683,47164,5159,0,0,0,0,0,MEDIUM,MEDIUM,MEDIUM,5,COST_BASED,COST_BASED,false,false
1,baseline,3,2040,0,0,NATURAL_GAS_BLOCK,PRIVATELY_OWNED,6,1,0,8,5159,0,0,0,0,0,MEDIUM,MEDIUM,MEDIUM,5,COST_BASED,COST_BASED,false,false
1,baseline,3,2040,0,0,NATURAL_GAS_BLOCK,TOTAL,6,1,0,8,5159,0,0,0,0,0,MEDIUM,MEDIUM,MEDIUM,5,COST_BASED,COST_BASED,false,false
1,baseline,3,2040,0,0,HYBRID_HEAT_PUMP,PRIVATELY_OWNED,509,55,29,562,5159,0,0,0,0,0,MEDIUM,MEDIUM,MEDIUM,5,COST_BASED,COST_BASED,false,false
1,baseline,3,2040,0,0,HYBRID_HEAT_PUMP,TOTAL,509,55,29,562,5159,0,0,0,0,0,MEDIUM,MEDIUM,MEDIUM,5,COST_BASED,COST_BASED,false,false
1,baseline,3,2040,0,0,ELECTRIC_HEAT_PUMP,PRIVATELY_OWNED,949,122,46,1007,5159,0,0,0,0,0,MEDIUM,MEDIUM,MEDIUM,5,COST_BASED,COST_BASED,false,false
1,baseline,3,2040,0,0,ELECTRIC_HEAT_PUMP,TOTAL,949,122,46,1007,5159,0,0,0,0,0,MEDIUM,MEDIUM,MEDIUM,5,COST_BASED,COST_BASED,false,false
1,baseline,3,2040,0,0,DISTRICT_HEATING,PRIVATELY_OWNED,0,0,0,0,5159,0,0,0,0,0,MEDIUM,MEDIUM,MEDIUM,5,COST_BASED,COST_BASED,false,false
1,baseline,3,2040,0,0,DISTRICT_HEATING,TOTAL,0,0,0,0,5159,0,0,0,0,0,MEDIUM,MEDIUM,MEDIUM,5,COST_BASED,COST_BASED,false,false
1,baseline,3,2041,0,0,NATURAL_GAS_BOILER,PRIVATELY_OWNED,19349,1572,1643,48736,5122,0,0,0,0,0,MEDIUM,MEDIUM,MEDIUM,5,COST_BASED,COST_BASED,false,false
1,baseline,3,2041,0,0,NATURAL_GAS_BOILER,TOTAL,19349,1572,1643,48736,5122,0,0,0,0,0,MEDIUM,MEDIUM,MEDIUM,5,COST_BASED,COST_BASED,false,false
1,baseline,3,2041,0,0,NATURAL_GAS_BLOCK,PRIVATELY_OWNED,7,1,0,9,5122,0,0,0,0,0,MEDIUM,MEDIUM,MEDIUM,5,COST_BASED,COST_BASED,false,false
1,baseline,3,2041,0,0,NATURAL_GAS_BLOCK,TOTAL,7,1,0,9,5122,0,0,0,0,0,MEDIUM,MEDIUM,MEDIUM,5,COST_BASED,COST_BASED,false,false
1,baseline,3,2041,0,0,HYBRID_HEAT_PUMP,PRIVATELY_OWNED,521,44,32,606,5122,0,0,0,0,0,MEDIUM,MEDIUM,MEDIUM,5,COST_BASED,COST_BASED,false,false
1,baseline,3,2041,0,0,HYBRID_HEAT_PUMP,TOTAL,521,44,32,606,5122,0,0,0,0,0,MEDIUM,MEDIUM,MEDIUM,5,COST_BASED,COST_BASED,false,false
1,baseline,3,2041,0,0,ELECTRIC_HEAT_PUMP,PRIVATELY_OWNED,1007,117,59,1124,5122,0,0,0,0,0,MEDIUM,MEDIUM,MEDIUM,5,COST_BASED,COST_BASED,false,false
1,baseline,3,2041,0,0,ELECTRIC_HEAT_PUMP,TOTAL,1007,117,59,1124,5122,0,0,0,0,0,MEDIUM,MEDIUM,MEDIUM,5,COST_BASED,COST_BASED,false,false
1,baseline,3,2041,0,0,DISTRICT_HEATING,PRIVATELY_OWNED,0,0,0,0,5122,0,0,0,0,0,MEDIUM,MEDIUM,MEDIUM,5,COST_BASED,COST_BASED,false,false
1,baseline,3,2041,0,0,DISTRICT_HEATING,TOTAL,0,0,0,0,5122,0,0,0,0,0,MEDIUM,MEDIUM,MEDIUM,5,COST_BASED,COST_BASED,false,false
1,baseline,3,2042,0,0,NATURAL_GAS_BOILER,PRIVATELY_OWNED,19270,1575,1654,50311,5152,0,0,0,0,0,MEDIUM,MEDIUM,MEDIUM,5,COST_BASED,COST_BASED,false,false
1,baseline,3,2042,0,0,NATURAL_GAS_BOILER,TOTAL,19270,1575,1654,50311,5152,0,0,0,0,0,MEDIUM,MEDIUM,MEDIUM,5,COST_BASED,COST_BASED,false,false
1,baseline,3,2042,0,0,NATURAL_GAS_BLOCK,PRIVATELY_OWNED,6,0,1,9,5152,0,0,0,0,0,MEDIUM,MEDIUM,MEDIUM,5,COST_BASED,COST_BASED,false,false
1,baseline,3,2042,0,0,NATURAL_GAS_BLOCK,TOTAL,6,0,1,9,5152,0,0,0,0,0,MEDIUM,MEDIUM,MEDIUM,5,COST_BASED,COST_BASED,false,false
1,baseline,3,2042,0,0,HYBRID_HEAT_PUMP,PRIVATELY_OWNED,541,47,27,653,5152,0,0,0,0,0,MEDIUM,MEDIUM,MEDIUM,5,COST_BASED,COST_BASED,false,false
1,baseline,3,2042,0,0,HYBRID_HEAT_PUMP,TOTAL,541,47,27,653,5152,0,0,0,0,0,MEDIUM,MEDIUM,MEDIUM,5,COST_BASED,COST_BASED,false,false
1,baseline,3,2042,0,0,ELECTRIC_HEAT_PUMP,PRIVATELY_OWNED,1067,112,52,1236,5152,0,0,0,0,0,MEDIUM,MEDIUM,MEDIUM,5,COST_BASED,COST_BASED,false,false
1,baseline,3,2042,0,0,ELECTRIC_HEAT_PUMP,TOTAL,1067,112,52,1236,5152,0,0,0,0,0,MEDIUM,MEDIUM,MEDIUM,5,COST_BASED,COST_BASED,false,false
1,baseline,3,2042,0,0,DISTRICT_HEATING,PRIVATELY_OWNED,0,0,0,0,5152,0,0,0,0,0,MEDIUM,MEDIUM,MEDIUM,5,COST_BASED,COST_BASED,false,false
1,baseline,3,2042,0,0,DISTRICT_HEATING,TOTAL,0,0,0,0,5152,0,0,0,0,0,MEDIUM,MEDIUM,MEDIUM,5,COST_BASED,COST_BASED,false,false
1,baseline,3,2043,0,0,NATURAL_GAS_BOILER,PRIVATELY_OWNED,19194,1571,1647,51882,5194,0,0,0,0,0,MEDIUM,MEDIUM,MEDIUM,5,COST_BASED,COST_BASED,false,false
1,baseline,3,2043,0,0,NATURAL_GAS_BOILER,TOTAL,19194,1571,1647,51882,5194,0,0,0,0,0,MEDIUM,MEDIUM,MEDIUM,5,COST_BASED,COST_BASED,false,false
1,baseline,3,2043,0,0,NATURAL_GAS_BLOCK,PRIVATELY_OWNED,3,0,3,9,5194,0,0,0,0,0,MEDIUM,MEDIUM,MEDIUM,5,COST_BASED,COST_BASED,false,false
1,baseline,3,2043,0,0,NATURAL_GAS_BLOCK,TOTAL,3,0,3,9,5194,0,0,0,0,0,MEDIUM,MEDIUM,MEDIUM,5,COST_BASED,COST_BASED,false,false
1,baseline,3,2043,0,0,HYBRID_HEAT_PUMP,PRIVATELY_OWNED,570,60,31,713,5194,0,0,0,0,0,MEDIUM,MEDIUM,MEDIUM,5,COST_BASED,COST_BASED,false,false
1,baseline,3,2043,0,0,HYBRID_HEAT_PUMP,TOTAL,570,60,31,713,5194,0,0,0,0,0,MEDIUM,MEDIUM,MEDIUM,5,COST_BASED,COST_BASED,false,false
1,baseline,3,2043,0,0,ELECTRIC_HEAT_PUMP,PRIVATELY_OWNED,1117,99,49,1335,5194,0,0,0,0,0,MEDIUM,MEDIUM,MEDIUM,5,COST_BASED,COST_BASED,false,false
1,baseline,3,2043,0,0,ELECTRIC_HEAT_PUMP,TOTAL,1117,99,49,1335,5194,0,0,0,0,0,MEDIUM,MEDIUM,MEDIUM,5,COST_BASED,COST_BASED,false,false
1,baseline,3,2043,0,0,DISTRICT_HEATING,PRIVATELY_OWNED,0,0,0,0,5194,0,0,0,0,0,MEDIUM,MEDIUM,MEDIUM,5,COST_BASED,COST_BASED,false,false
1,baseline,3,2043,0,0,DISTRICT_HEATING,TOTAL,0,0,0,0,5194,0,0,0,0,0,MEDIUM,MEDIUM,MEDIUM,5,COST_BASED,COST_BASED,false,false
1,baseline,3,2044,0,0,NATURAL_GAS_BOILER,PRIVATELY_OWNED,19089,1564,1669,53446,5108,0,0,0,0,0,MEDIUM,MEDIUM,MEDIUM,5,COST_BASED,COST_BASED,false,false
1,baseline,3,2044,0,0,NATURAL_GAS_BOILER,TOTAL,19089,1564,1669,53446,5108,0,0,0,0,0,MEDIUM,MEDIUM,MEDIUM,5,COST_BASED,COST_BASED,false,false
1,baseline,3,2044,0,0,NATURAL_GAS_BLOCK,PRIVATELY_OWNED,3,0,0,9,5108,0,0,0,0,0,MEDIUM,MEDIUM,MEDIUM,5,COST_BASED,COST_BASED,false,false
1,baseline,3,2044,0,0,NATURAL_GAS_BLOCK,TOTAL,3,0,0,9,5108,0,0,0,0,0,MEDIUM,MEDIUM,MEDIUM,5,COST_BASED,COST_BASED,false,false
1,baseline,3,2044,0,0,HYBRID_HEAT_PUMP,PRIVATELY_OWNED,593,55,32,768,5108,0,0,0,0,0,MEDIUM,MEDIUM,MEDIUM,5,COST_BASED,COST_BASED,false,false
1,baseline,3,2044,0,0,HYBRID_HEAT_PUMP,TOTAL,593,55,32,768,5108,0,0,0,0,0,MEDIUM,MEDIUM,MEDIUM,5,COST_BASED,COST_BASED,false,false
1,baseline,3,2044,0,0,ELECTRIC_HEAT_PUMP,PRIVATELY_OWNED,1199,130,48,1465,5108,0,0,0,0,0,MEDIUM,MEDIUM,MEDIUM,5,COST_BASED,COST_BASED,false,false
1,baseline,3,2044,0,0,ELECTRIC_HEAT_PUMP,TOTAL,1199,130,48,1465,5108,0,0,0,0,0,MEDIUM,MEDIUM,MEDIUM,5,COST_BASED,COST_BASED,false,false
1,baseline,3,2044,0,0,DISTRICT_HEATING,PRIVATELY_OWNED,0,0,0,0,5108,0,0,0,0,0,MEDIUM,MEDIUM,MEDIUM,5,COST_BASED,COST_BASED,false,false
1,baseline,3,2044,0,0,DISTRICT_HEATING,TOTAL,0,0,0,0,5108,0,0,0,0,0,MEDIUM,MEDIUM,MEDIUM,5,COST_BASED,COST_BASED,false,false
1,baseline,3,2045,0,0,NATURAL_GAS_BOILER,PRIVATELY_OWNED,18988,1592,1693,55038,5081,0,0,0,0,0,MEDIUM,MEDIUM,MEDIUM,5,COST_BASED,COST_BASED,false,false
1,baseline,3,2045,0,0,NATURAL_GAS_BOILER,TOTAL,18988,1592,1693,55038,5081,0,0,0,0,0,MEDIUM,MEDIUM,MEDIUM,5,COST_BASED,COST_BASED,false,false
1,baseline,3,2045,0,0,NATURAL_GAS_BLOCK,PRIVATELY_OWNED,4,1,0,10,5081,0,0,0,0,0,MEDIUM,MEDIUM,MEDIUM,5,COST_BASED,COST_BASED,false,false
1,baseline,3,2045,0,0,NATURAL_GAS_BLOCK,TOTAL,4,1,0,10,5081,0,0,0,0,0,MEDIUM,MEDIUM,MEDIUM,5,COST_BASED,COST_BASED,false,false
1,baseline,3,2045,0,0,HYBRID_HEAT_PUMP,PRIVATELY_OWNED,614,56,35,824,5081,0,0,0,0,0,MEDIUM,MEDIUM,MEDIUM,5,COST_BASED,COST_BASED,false,false
1,baseline,3,2045,0,0,HYBRID_HEAT_PUMP,TOTAL,614,56,35,824,5081,0,0,0,0,0,MEDIUM,MEDIUM,MEDIUM,5,COST_BASED,COST_BASED,false,false
1,baseline,3,2045,0,0,ELECTRIC_HEAT_PUMP,PRIVATELY_OWNED,1278,152,73,1617,5081,0,0,0,0,0,MEDIUM,MEDIUM,MEDIUM,5,COST_BASED,COST_BASED,false,false
1,baseline,3,2045,0,0,ELECTRIC_HEAT_PUMP,TOTAL,1278,152,73,1617,5081,0,0,0,0,0,MEDIUM,MEDIUM,MEDIUM,5,COST_BASED,COST_BASED,false,false
1,baseline,3,2045,0,0,DISTRICT_HEATING,PRIVATELY_OWNED,0,0,0,0,5081,0,0,0,0,0,MEDIUM,MEDIUM,MEDIUM,5,COST_BASED,COST_BASED,false,false
1,baseline,3,2045,0,0,DISTRICT_HEATING,TOTAL,0,0,0,0,5081,0,0,0,0,0,MEDIUM,MEDIUM,MEDIUM,5,COST_BASED,COST_BASED,false,false
1,baseline,3,2046,0,0,NATURAL_GAS_BOILER,PRIVATELY_OWNED,18888,1431,1531,56469,5063,0,0,0,0,0,MEDIUM,MEDIUM,MEDIUM,5,COST_BASED,COST_BASED,false,false
1,baseline,3,2046,0,0,NATURAL_GAS_BOILER,TOTAL,18888,1431,1531,56469,5063,0,0,0,0,0,MEDIUM,MEDIUM,MEDIUM,5,COST_BASED,COST_BASED,false,false
1,baseline,3,2046,0,0,NATURAL_GAS_BLOCK,PRIVATELY_OWNED,4,0,0,10,5063,0,0,0,0,0,MEDIUM,MEDIUM,MEDIUM,5,COST_BASED,COST_BASED,false,false
1,baseline,3,2046,0,0,NATURAL_GAS_BLOCK,TOTAL,4,0,0,10,5063,0,0,0,0,0,MEDIUM,MEDIUM,MEDIUM,5,COST_BASED,COST_BASED,false,false
1,baseline,3,2046,0,0,HYBRID_HEAT_PUMP,PRIVATELY_OWNED,631,55,38,879,5063,0,0,0,0,0,MEDIUM,MEDIUM,MEDIUM,5,COST_BASED,COST_BASED,false,false
1,baseline,3,2046,0,0,HYBRID_HEAT_PUMP,TOTAL,631,55,38,879,5063,0,0,0,0,0,MEDIUM,MEDIUM,MEDIUM,5,COST_BASED,COST_BASED,false,false
1,baseline,3,2046,0,0,ELECTRIC_HEAT_PUMP,PRIVATELY_OWNED,1361,140,57,1757,5063,0,0,0,0,0,MEDIUM,MEDIUM,MEDIUM,5,COST_BASED,COST_BASED,false,false
1,baseline,3,2046,0,0,ELECTRIC_HEAT_PUMP,TOTAL,1361,140,57,1757,5063,0,0,0,0,0,MEDIUM,MEDIUM,MEDIUM,5,COST_BASED,COST_BASED,false,false
1,baseline,3,2046,0,0,DISTRICT_HEATING,PRIVATELY_OWNED,0,0,0,0,5063,0,0,0,0,0,MEDIUM,MEDIUM,MEDIUM,5,COST_BASED,COST_BASED,false,false
1,baseline,3,2046,0,0,DISTRICT_HEATING,TOTAL,0,0,0,0,5063,0,0,0,0,0,MEDIUM,MEDIUM,MEDIUM,5,COST_BASED,COST_BASED,false,false
1,baseline,3,2047,0,0,NATURAL_GAS_BOILER,PRIVATELY_OWNED,18792,1534,1630,58003,5121,0,0,0,0,0,MEDIUM,MEDIUM,MEDIUM,5,COST_BASED,COST_BASED,false,false
1,baseline,3,2047,0,0,NATURAL_GAS_BOILER,TOTAL,18792,1534,1630,58003,5121,0,0,0,0,0,MEDIUM,MEDIUM,MEDIUM,5,COST_BASED,COST_BASED,false,false
1,baseline,3,2047,0,0,NATURAL_GAS_BLOCK,PRIVATELY_OWNED,4,0,0,10,5121,0,0,0,0,0,MEDIUM,MEDIUM,MEDIUM,5,COST_BASED,COST_BASED,false,false
1,baseline,3,2047,0,0,NATURAL_GAS_BLOCK,TOTAL,4,0,0,10,5121,0,0,0,0,0,MEDIUM,MEDIUM,MEDIUM,5,COST_BASED,COST_BASED,false,false
1,baseline,3,2047,0,0,HYBRID_HEAT_PUMP,PRIVATELY_OWNED,650,55,36,934,5121,0,0,0,0,0,MEDIUM,MEDIUM,MEDIUM,5,COST_BASED,COST_BASED,false,false
1,baseline,3,2047,0,0,HYBRID_HEAT_PUMP,TOTAL,650,55,36,934,5121,0,0,0,0,0,MEDIUM,MEDIUM,MEDIUM,5,COST_BASED,COST_BASED,false,false
1,baseline,3,2047,0,0,ELECTRIC_HEAT_PUMP,PRIVATELY_OWNED,1438,138,61,1895,5121,0,0,0,0,0,MEDIUM,MEDIUM,MEDIUM,5,COST_BASED,COST_BASED,false,false
1,baseline,3,2047,0,0,ELECTRIC_HEAT_PUMP,TOTAL,1438,138,61,1895,5121,0,0,0,0,0,MEDIUM,MEDIUM,MEDIUM,5,COST_BASED,COST_BASED,false,false
1,baseline,3,2047,0,0,DISTRICT_HEATING,PRIVATELY_OWNED,0,0,0,0,5121,0,0,0,0,0,MEDIUM,MEDIUM,MEDIUM,5,COST_BASED,COST_BASED,false,false
1,baseline,3,2047,0,0,DISTRICT_HEATING,TOTAL,0,0,0,0,5121,0,0,0,0,0,MEDIUM,MEDIUM,MEDIUM,5,COST_BASED,COST_BASED,false,false
1,baseline,3,2048,0,0,NATURAL_GAS_BOILER,PRIVATELY_OWNED,18678,1562,1676,59565,5148,0,0,0,0,0,MEDIUM,MEDIUM,MEDIUM,5,COST_BASED,COST_BASED,false,false
1,baseline,3,2048,0,0,NATURAL_GAS_BOILER,TOTAL,18678,1562,1676,59565,5148,0,0,0,0,0,MEDIUM,MEDIUM,MEDIUM,5,COST_BASED,COST_BASED,false,false
1,baseline,3,2048,0,0,NATURAL_GAS_BLOCK,PRIVATELY_OWNED,3,0,1,10,5148,0,0,0,0,0,MEDIUM,MEDIUM,MEDIUM,5,COST_BASED,COST_BASED,false,false
1,baseline,3,2048,0,0,NATURAL_GAS_BLOCK,TOTAL,3,0,1,10,5148,0,0,0,0,0,MEDIUM,MEDIUM,MEDIUM,5,COST_BASED,COST_BASED,false,false
1,baseline,3,2048,0,0,HYBRID_HEAT_PUMP,PRIVATELY_OWNED,685,66,31,1000,5148,0,0,0,0,0,MEDIUM,MEDIUM,MEDIUM,5,COST_BASED,COST_BASED,false,false
1,baseline,3,2048,0,0,HYBRID_HEAT_PUMP,TOTAL,685,66,31,1000,5148,0,0,0,0,0,MEDIUM,MEDIUM,MEDIUM,5,COST_BASED,COST_BASED,false,false
1,baseline,3,2048,0,0,ELECTRIC_HEAT_PUMP,PRIVATELY_OWNED,1518,148,68,2043,5148,0,0,0,0,0,MEDIUM,MEDIUM,MEDIUM,5,COST_BASED,COST_BASED,false,false
1,baseline,3,2048,0,0,ELECTRIC_HEAT_PUMP,TOTAL,1518,148,68,2043,5148,0,0,0,0,0,MEDIUM,MEDIUM,MEDIUM,5,COST_BASED,COST_BASED,false,false
1,baseline,3,2048,0,0,DISTRICT_HEATING,PRIVATELY_OWNED,0,0,0,0,5148,0,0,0,0,0,MEDIUM,MEDIUM,MEDIUM,5,COST_BASED,COST_BASED,false,false
1,baseline,3,2048,0,0,DISTRICT_HEATING,TOTAL,0,0,0,0,5148,0,0,0,0,0,MEDIUM,MEDIUM,MEDIUM,5,COST_BASED,COST_BASED,false,false
1,baseline,3,2049,0,0,NATURAL_GAS_BOILER,PRIVATELY_OWNED,18578,1464,1564,61029,5067,0,0,0,0,0,MEDIUM,MEDIUM,MEDIUM,5,COST_BASED,COST_BASED,false,false
1,baseline,3,2049,0,0,NATURAL_GAS_BOILER,TOTAL,18578,1464,1564,61029,5067,0,0,0,0,0,MEDIUM,MEDIUM,MEDIUM,5,COST_BASED,COST_BASED,false,false
1,baseline,3,2049,0,0,NATURAL_GAS_BLOCK,PRIVATELY_OWNED,3,0,0,10,5067,0,0,0,0,0,MEDIUM,MEDIUM,MEDIUM,5,COST_BASED,COST_BASED,false,false
1,baseline,3,2049,0,0,NATURAL_GAS_BLOCK,TOTAL,3,0,0,10,5067,0,0,0,0,0,MEDIUM,MEDIUM,MEDIUM,5,COST_BASED,COST_BASED,false,false
1,baseline,3,2049,0,0,HYBRID_HEAT_PUMP,PRIVATELY_OWNED,716,71,40,1071,5067,0,0,0,0,0,MEDIUM,MEDIUM,MEDIUM,5,COST_BASED,COST_BASED,false,false
1,baseline,3,2049,0,0,HYBRID_HEAT_PUMP,TOTAL,716,71,40,1071,5067,0,0,0,0,0,MEDIUM,MEDIUM,MEDIUM,5,COST_BASED,COST_BASED,false,false
1,baseline,3,2049,0,0,ELECTRIC_HEAT_PUMP,PRIVATELY_OWNED,1587,133,64,2176,5067,0,0,0,0,0,MEDIUM,MEDIUM,MEDIUM,5,COST_BASED,COST_BASED,false,false
1,baseline,3,2049,0,0,ELECTRIC_HEAT_PUMP,TOTAL,1587,133,64,2176,5067,0,0,0,0,0,MEDIUM,MEDIUM,MEDIUM,5,COST_BASED,COST_BASED,false,false
1,baseline,3,2049,0,0,DISTRICT_HEATING,PRIVATELY_OWNED,0,0,0,0,5067,0,0,0,0,0,MEDIUM,MEDIUM,MEDIUM,5,COST_BASED,COST_BASED,false,false
1,baseline,3,2049,0,0,DISTRICT_HEATING,TOTAL,0,0,0,0,5067,0,0,0,0,0,MEDIUM,MEDIUM,MEDIUM,5,COST_BASED,COST_BASED,false,false
1,baseline,3,2050,0,0,NATURAL_GAS_BOILER,PRIVATELY_OWNED,18477,1551,1652,62580,5069,0,0,0,0,0,MEDIUM,MEDIUM,MEDIUM,5,COST_BASED,COST_BASED,false,false
1,baseline,3,2050,0,0,NATURAL_GAS_BOILER,TOTAL,18477,1551,1652,62580,5069,0,0,0,0,0,MEDIUM,MEDIUM,MEDIUM,5,COST_BASED,COST_BASED,false,false
1,baseline,3,2050,0,0,NATURAL_GAS_BLOCK,PRIVATELY_OWNED,2,0,1,10,5069,0,0,0,0,0,MEDIUM,MEDIUM,MEDIUM,5,COST_BASED,COST_BASED,false,false
1,baseline,3,2050,0,0,NATURAL_GAS_BLOCK,TOTAL,2,0,1,10,5069,0,0,0,0,0,MEDIUM,MEDIUM,MEDIUM,5,COST_BASED,COST_BASED,false,false
1,baseline,3,2050,0,0,HYBRID_HEAT_PUMP,PRIVATELY_OWNED,753,71,34,1142,5069,0,0,0,0,0,MEDIUM,MEDIUM,MEDIUM,5,COST_BASED,COST_BASED,false,false
1,baseline,3,2050,0,0,HYBRID_HEAT_PUMP,TOTAL,753,71,34,1142,5069,0,0,0,0,0,MEDIUM,MEDIUM,MEDIUM,5,COST_BASED,COST_BASED,false,false
1,baseline,3,2050,0,0,ELECTRIC_HEAT_PUMP,PRIVATELY_OWNED,1652,132,67,2308,5069,0,0,0,0,0,MEDIUM,MEDIUM,MEDIUM,5,COST_BASED,COST_BASED,false,false
1,baseline,3,2050,0,0,ELECTRIC_HEAT_PUMP,TOTAL,1652,132,67,2308,5069,0,0,0,0,0,MEDIUM,MEDIUM,MEDIUM,5,COST_BASED,COST_BASED,false,false
1,baseline,3,2050,0,0,DISTRICT_HEATING,PRIVATELY_OWNED,0,0,0,0,5069,0,0,0,0,0,MEDIUM,MEDIUM,MEDIUM,5,COST_BASED,COST_BASED,false,false
1,baseline,3,2050,0,0,DISTRICT_HEATING,TOTAL,0,0,0,0,5069,0,0,0,0,0,MEDIUM,MEDIUM,MEDIUM,5,COST_BASED,COST_BASED,false,false
