scenario,scenario_name,iteration,year,nbh_in_grid_congestion_perc,nbh_with_dh_perc,heating_system,ownership,installed_current,installed_annually,removed_annually,installed_cumulative,avg_att,avg_util,avg_sub_norm,avg_eac,avg_pbc,SLF,ELF,GRR,DHCT,DHES,SHAES,DHCO,GCHPB
1,baseline,1,2024,0.0,0.0,NATURAL_GAS_BOILER,TOTAL,211360,211360,0,211360,0.0,0.0,0.0,0.0,0.0,MEDIUM,MEDIUM,MEDIUM,5,COST_BASED,COST_BASED,false,false
1,baseline,1,2025,0.0,0.38738738738738737,NATURAL_GAS_BOILER,TOTAL,199483,19981,31858,231341,0.015256815069307572,0.02879099710827664,4.42143834273489E-6,79.85010658725108,0.039371739215295624,MEDIUM,MEDIUM,MEDIUM,5,COST_BASED,COST_BASED,false,false
1,baseline,1,2026,0.0,0.38738738738738737,NATURAL_GAS_BOILER,TOTAL,191494,5311,13300,236652,0.0200592250267053,0.03796963517567291,5.95224680784495E-7,106.541548842719,0.05193957210374806,MEDIUM,MEDIUM,MEDIUM,5,COST_BASED,COST_BASED,false,false
1,baseline,1,2027,0.0,0.38738738738738737,NATURAL_GAS_BOILER,TOTAL,184439,8797,15852,245449,0.014188656882989946,0.02701788542111248,0.0,74.70793386533649,0.03697966391092119,MEDIUM,MEDIUM,MEDIUM,5,COST_BASED,COST_BASED,false,false
1,baseline,1,2028,0.0,0.38738738738738737,NATURAL_GAS_BOILER,TOTAL,176060,12432,20811,257881,0.003763656282747338,0.0069895699609647,0.0,19.630270318580266,0.009543440870760245,MEDIUM,MEDIUM,MEDIUM,5,COST_BASED,COST_BASED,false,false
1,baseline,1,2029,0.0,0.38738738738738737,NATURAL_GAS_BOILER,TOTAL,168059,6562,14563,264443,0.02992041450312557,0.055589051731661114,0.0,157.40859262665194,0.07590347397171039,MEDIUM,MEDIUM,MEDIUM,5,COST_BASED,COST_BASED,false,false
1,baseline,1,2030,0.0,0.8558558558558559,NATURAL_GAS_BOILER,TOTAL,160438,7646,15267,272089,0.004623477623356805,0.008589669794636467,0.0,24.077590653409448,0.011728635286115474,MEDIUM,MEDIUM,MEDIUM,5,COST_BASED,COST_BASED,false,false
1,baseline,1,2031,0.0,0.8558558558558559,NATURAL_GAS_BOILER,TOTAL,152073,8993,17358,281082,0.0034062409500778944,0.006213192886945787,0.0,17.573088686345827,0.008468229092899186,MEDIUM,MEDIUM,MEDIUM,5,COST_BASED,COST_BASED,false,false
1,baseline,1,2032,0.0,0.8558558558558559,NATURAL_GAS_BOILER,TOTAL,145302,12955,19726,294037,0.003038640967334644,0.005693263669246832,0.0,15.76152527672919,0.00778023526203666,MEDIUM,MEDIUM,MEDIUM,5,COST_BASED,COST_BASED,false,false
1,baseline,1,2033,0.0,0.8558558558558559,NATURAL_GAS_BOILER,TOTAL,137066,9482,17718,303519,0.004037049265716151,0.007430743853654188,0.0,20.845681462837096,0.010136853464052291,MEDIUM,MEDIUM,MEDIUM,5,COST_BASED,COST_BASED,false,false
1,baseline,1,2034,0.0,0.8558558558558559,NATURAL_GAS_BOILER,TOTAL,126528,7505,18043,311024,0.005155864146519995,0.00962558970134711,0.0,25.466610346239953,0.013149418515390688,MEDIUM,MEDIUM,MEDIUM,5,COST_BASED,COST_BASED,false,false
1,baseline,1,2035,0.0,0.8558558558558559,NATURAL_GAS_BOILER,TOTAL,121821,8864,13571,319888,0.00417465807063358,0.007784273809325549,0.0,21.08212607765684,0.010632746196329914,MEDIUM,MEDIUM,MEDIUM,5,COST_BASED,COST_BASED,false,false
1,baseline,1,2036,0.0,0.8558558558558559,NATURAL_GAS_BOILER,TOTAL,116033,7505,13293,327393,0.0027295998709196043,0.004899882322040221,0.0,14.155369014713004,0.006667423515330397,MEDIUM,MEDIUM,MEDIUM,5,COST_BASED,COST_BASED,false,false
1,baseline,1,2037,0.0,0.8558558558558559,NATURAL_GAS_BOILER,TOTAL,115210,19158,19981,346551,0.003277968205556006,0.0045264980080846375,0.0,12.334166599114008,0.005970254960737955,MEDIUM,MEDIUM,MEDIUM,5,COST_BASED,COST_BASED,false,false
1,baseline,1,2038,0.0,0.8558558558558559,NATURAL_GAS_BOILER,TOTAL,115992,6093,5311,352644,0.006363178139091325,0.009058507395283718,0.0,25.171027095402984,0.011996966558152694,MEDIUM,MEDIUM,MEDIUM,5,COST_BASED,COST_BASED,false,false
1,baseline,1,2039,0.0,0.8558558558558559,NATURAL_GAS_BOILER,TOTAL,115884,8689,8797,361333,0.0058362667504342665,0.007744310463971598,0.0,21.484236751091736,0.01015739900834883,MEDIUM,MEDIUM,MEDIUM,5,COST_BASED,COST_BASED,false,false
1,baseline,1,2040,0.0,0.8558558558558559,NATURAL_GAS_BOILER,TOTAL,115970,12518,12432,373851,0.002320642685884968,0.00476835409238985,0.0,14.066652541911726,0.006572370467113627,MEDIUM,MEDIUM,MEDIUM,5,COST_BASED,COST_BASED,false,false
1,baseline,1,2041,0.0,0.8558558558558559,NATURAL_GAS_BOILER,TOTAL,116244,6836,6562,380687,0.005730271245546215,0.010949343422155122,0.0,33.11944652191941,0.014991447321846072,MEDIUM,MEDIUM,MEDIUM,5,COST_BASED,COST_BASED,false,false
1,baseline,1,2042,0.0,0.8558558558558559,NATURAL_GAS_BOILER,TOTAL,116303,7705,7646,388392,0.00389075780364654,0.007932919184071244,0.0,23.80224308954265,0.010926689325195214,MEDIUM,MEDIUM,MEDIUM,5,COST_BASED,COST_BASED,false,false
1,baseline,1,2043,0.0,0.8558558558558559,NATURAL_GAS_BOILER,TOTAL,116455,9145,8993,397537,0.0030178961993854647,0.005536222902872812,0.0,16.88202289786024,0.007549860304462882,MEDIUM,MEDIUM,MEDIUM,5,COST_BASED,COST_BASED,false,false
1,baseline,1,2044,0.0,0.8558558558558559,NATURAL_GAS_BOILER,TOTAL,116493,12993,12955,410530,0.0025203013780010527,0.004961859822350616,0.0,15.038683355907516,0.006812714389025679,MEDIUM,MEDIUM,MEDIUM,5,COST_BASED,COST_BASED,false,false
1,baseline,1,2045,0.0,0.8558558558558559,NATURAL_GAS_BOILER,TOTAL,117675,10664,9482,421194,0.0022788778749424725,0.00527594105848639,0.0,17.21768733644963,0.0073441921189939365,MEDIUM,MEDIUM,MEDIUM,5,COST_BASED,COST_BASED,false,false
1,baseline,1,2046,0.0,0.8558558558558559,NATURAL_GAS_BOILER,TOTAL,117714,7544,7505,428738,0.004264261200861366,0.007755596286288216,0.0,27.09284025825037,0.010567329129216952,MEDIUM,MEDIUM,MEDIUM,5,COST_BASED,COST_BASED,false,false
1,baseline,1,2047,0.0,0.8558558558558559,NATURAL_GAS_BOILER,TOTAL,117790,8940,8864,437678,0.002755138179748592,0.006678295426409711,0.0,20.974246973587785,0.009328658594677441,MEDIUM,MEDIUM,MEDIUM,5,COST_BASED,COST_BASED,false,false
1,baseline,1,2048,0.0,0.8558558558558559,NATURAL_GAS_BOILER,TOTAL,117909,7624,7505,445302,0.0020422215757069048,0.004374423955227143,0.0,13.762521308477229,0.006051080538913965,MEDIUM,MEDIUM,MEDIUM,5,COST_BASED,COST_BASED,false,false
1,baseline,1,2049,0.0,0.8558558558558559,NATURAL_GAS_BOILER,TOTAL,118367,19616,19158,464918,0.00185355509585207,0.003690904124398172,0.0,11.82206191114928,0.005072967412634244,MEDIUM,MEDIUM,MEDIUM,5,COST_BASED,COST_BASED,false,false
1,baseline,1,2050,0.0,0.8558558558558559,NATURAL_GAS_BOILER,TOTAL,118457,6183,6093,471101,0.0031490726208241076,0.006681171663352083,0.0,21.33357692283209,0.00923448933982208,MEDIUM,MEDIUM,MEDIUM,5,COST_BASED,COST_BASED,false,false
1,baseline,1,2024,0.0,0.0,NATURAL_GAS_BOILER,PRIVATELY_OWNED,111374,111374,0,111374,0.0,0.0,0.0,0.0,0.0,MEDIUM,MEDIUM,MEDIUM,5,COST_BASED,COST_BASED,false,false
1,baseline,1,2025,0.0,0.38738738738738737,NATURAL_GAS_BOILER,PRIVATELY_OWNED,97550,1070,14894,112444,0.2849031980372286,0.53763823665465,8.256519581886527E-5,1491.1074576821156,0.735221234823198,MEDIUM,MEDIUM,MEDIUM,5,COST_BASED,COST_BASED,false,false
1,baseline,1,2026,0.0,0.38738738738738737,NATURAL_GAS_BOILER,PRIVATELY_OWNED,89189,376,8737,112820,0.2833365535022124,0.5363210968563799,8.407548616080991E-6,1504.8993774034059,0.7336464559654413,MEDIUM,MEDIUM,MEDIUM,5,COST_BASED,COST_BASED,false,false
1,baseline,1,2027,0.0,0.38738738738738737,NATURAL_GAS_BOILER,PRIVATELY_OWNED,80783,437,8843,113257,0.2856238320358411,0.5438817804336991,0.0,1503.9031904195997,0.7444167126415875,MEDIUM,MEDIUM,MEDIUM,5,COST_BASED,COST_BASED,false,false
1,baseline,1,2028,0.0,0.38738738738738737,NATURAL_GAS_BOILER,PRIVATELY_OWNED,72144,164,8803,113421,0.28530350553118844,0.5298434985043485,0.0,1488.0702475645724,0.7234393713737278,MEDIUM,MEDIUM,MEDIUM,5,COST_BASED,COST_BASED,false,false
1,baseline,1,2029,0.0,0.38738738738738737,NATURAL_GAS_BOILER,PRIVATELY_OWNED,64092,690,8742,114111,0.28454747821668114,0.5286599383524061,0.0,1496.978528718971,0.72185303797444,MEDIUM,MEDIUM,MEDIUM,5,COST_BASED,COST_BASED,false,false
1,baseline,1,2030,0.0,0.8558558558558559,NATURAL_GAS_BOILER,PRIVATELY_OWNED,55066,124,9150,114235,0.2850895960337591,0.5296501229821808,0.0,1484.6553075481343,0.7232027854648301,MEDIUM,MEDIUM,MEDIUM,5,COST_BASED,COST_BASED,false,false
1,baseline,1,2031,0.0,0.8558558558558559,NATURAL_GAS_BOILER,PRIVATELY_OWNED,46110,107,9063,114342,0.2862834099443972,0.5221985386196586,0.0,1476.96062202157,0.7117269554433867,MEDIUM,MEDIUM,MEDIUM,5,COST_BASED,COST_BASED,false,false
1,baseline,1,2032,0.0,0.8558558558558559,NATURAL_GAS_BOILER,PRIVATELY_OWNED,37277,138,8971,114480,0.2852579255929008,0.5344654408340052,0.0,1479.6417388407729,0.7303836798527893,MEDIUM,MEDIUM,MEDIUM,5,COST_BASED,COST_BASED,false,false
1,baseline,1,2033,0.0,0.8558558558558559,NATURAL_GAS_BOILER,PRIVATELY_OWNED,28736,134,8675,114614,0.2856664263994071,0.5258083076145449,0.0,1475.0653106762788,0.7172958548219688,MEDIUM,MEDIUM,MEDIUM,5,COST_BASED,COST_BASED,false,false
1,baseline,1,2034,0.0,0.8558558558558559,NATURAL_GAS_BOILER,PRIVATELY_OWNED,18502,136,10370,114750,0.2845202972031806,0.5311768434456622,0.0,1405.3449312391974,0.7256351908676993,MEDIUM,MEDIUM,MEDIUM,5,COST_BASED,COST_BASED,false,false
1,baseline,1,2035,0.0,0.8558558558558559,NATURAL_GAS_BOILER,PRIVATELY_OWNED,9558,129,9073,114879,0.286854024326326,0.5348821941539664,0.0,1448.619888002715,0.7306097851493671,MEDIUM,MEDIUM,MEDIUM,5,COST_BASED,COST_BASED,false,false
1,baseline,1,2036,0.0,0.8558558558558559,NATURAL_GAS_BOILER,PRIVATELY_OWNED,3577,72,6053,114951,0.2845228754340504,0.5107446781515537,0.0,1475.5006174364041,0.6949862983688143,MEDIUM,MEDIUM,MEDIUM,5,COST_BASED,COST_BASED,false,false
1,baseline,1,2037,0.0,0.8558558558558559,NATURAL_GAS_BOILER,PRIVATELY_OWNED,2675,168,1070,115119,0.37380544572644026,0.5161824335647945,0.0,1406.5354982489653,0.6808222889155817,MEDIUM,MEDIUM,MEDIUM,5,COST_BASED,COST_BASED,false,false
1,baseline,1,2038,0.0,0.8558558558558559,NATURAL_GAS_BOILER,PRIVATELY_OWNED,2406,107,376,115226,0.3623443402007798,0.515826967845455,0.0,1433.3370849746764,0.6831543667179848,MEDIUM,MEDIUM,MEDIUM,5,COST_BASED,COST_BASED,false,false
1,baseline,1,2039,0.0,0.8558558558558559,NATURAL_GAS_BOILER,PRIVATELY_OWNED,2095,126,437,115352,0.4024708078930424,0.5340501081067398,0.0,1481.5597867479055,0.7004574601868491,MEDIUM,MEDIUM,MEDIUM,5,COST_BASED,COST_BASED,false,false
1,baseline,1,2040,0.0,0.8558558558558559,NATURAL_GAS_BOILER,PRIVATELY_OWNED,2047,116,164,115468,0.250429354671621,0.5145711769701392,0.0,1517.9858320659569,0.7092494267873137,MEDIUM,MEDIUM,MEDIUM,5,COST_BASED,COST_BASED,false,false
1,baseline,1,2041,0.0,0.8558558558558559,NATURAL_GAS_BOILER,PRIVATELY_OWNED,1502,145,690,115613,0.2701526498934753,0.5162049078196718,0.0,1561.41059602649,0.7067691992561362,MEDIUM,MEDIUM,MEDIUM,5,COST_BASED,COST_BASED,false,false
1,baseline,1,2042,0.0,0.8558558558558559,NATURAL_GAS_BOILER,PRIVATELY_OWNED,1496,118,124,115731,0.25405329556861517,0.5179927314683809,0.0,1554.2057881773399,0.7134757733104163,MEDIUM,MEDIUM,MEDIUM,5,COST_BASED,COST_BASED,false,false
1,baseline,1,2043,0.0,0.8558558558558559,NATURAL_GAS_BOILER,PRIVATELY_OWNED,1489,100,107,115831,0.27598660743380077,0.5062875844677186,0.0,1543.8609940093188,0.6904347248431306,MEDIUM,MEDIUM,MEDIUM,5,COST_BASED,COST_BASED,false,false
1,baseline,1,2044,0.0,0.8558558558558559,NATURAL_GAS_BOILER,PRIVATELY_OWNED,1479,128,138,115959,0.2558302797216225,0.5036675364984496,0.0,1526.543850338331,0.6915437348172707,MEDIUM,MEDIUM,MEDIUM,5,COST_BASED,COST_BASED,false,false
1,baseline,1,2045,0.0,0.8558558558558559,NATURAL_GAS_BOILER,PRIVATELY_OWNED,1460,115,134,116074,0.21132133615988283,0.4892403082408597,0.0,1596.60363265999,0.681030128321316,MEDIUM,MEDIUM,MEDIUM,5,COST_BASED,COST_BASED,false,false
1,baseline,1,2046,0.0,0.8558558558558559,NATURAL_GAS_BOILER,PRIVATELY_OWNED,1444,120,136,116194,0.2680798874941512,0.48756848653131923,0.0,1703.2365575686733,0.664332757923439,MEDIUM,MEDIUM,MEDIUM,5,COST_BASED,COST_BASED,false,false
1,baseline,1,2047,0.0,0.8558558558558559,NATURAL_GAS_BOILER,PRIVATELY_OWNED,1435,120,129,116314,0.20525779439127012,0.4975330092675235,0.0,1562.5813995322899,0.6949850653034694,MEDIUM,MEDIUM,MEDIUM,5,COST_BASED,COST_BASED,false,false
1,baseline,1,2048,0.0,0.8558558558558559,NATURAL_GAS_BOILER,PRIVATELY_OWNED,1430,67,72,116381,0.23238652676402155,0.4977702721589811,0.0,1566.0516784452298,0.6885587765474637,MEDIUM,MEDIUM,MEDIUM,5,COST_BASED,COST_BASED,false,false
1,baseline,1,2049,0.0,0.8558558558558559,NATURAL_GAS_BOILER,PRIVATELY_OWNED,1408,146,168,116527,0.2490365531522891,0.49589572126160647,0.0,1588.3668934870157,0.6815844436043379,MEDIUM,MEDIUM,MEDIUM,5,COST_BASED,COST_BASED,false,false
1,baseline,1,2050,0.0,0.8558558558558559,NATURAL_GAS_BOILER,PRIVATELY_OWNED,1384,83,107,116610,0.2345869399344031,0.4977070408976618,0.0,1589.2229652273595,0.6879138263628907,MEDIUM,MEDIUM,MEDIUM,5,COST_BASED,COST_BASED,false,false
1,baseline,1,2024,0.0,0.0,NATURAL_GAS_BOILER,SOCIAL_HOUSING,66125,66125,0,66125,0.0,0.0,0.0,0.0,0.0,MEDIUM,MEDIUM,MEDIUM,5,COST_BASED,COST_BASED,false,false
1,baseline,1,2025,0.0,0.38738738738738737,NATURAL_GAS_BOILER,SOCIAL_HOUSING,67380,13719,12464,79844,0.0,0.0,0.0,0.0,0.0,MEDIUM,MEDIUM,MEDIUM,5,COST_BASED,COST_BASED,false,false
1,baseline,1,2026,0.0,0.38738738738738737,NATURAL_GAS_BOILER,SOCIAL_HOUSING,67394,1911,1897,81755,0.0,0.0,0.0,0.0,0.0,MEDIUM,MEDIUM,MEDIUM,5,COST_BASED,COST_BASED,false,false
1,baseline,1,2027,0.0,0.38738738738738737,NATURAL_GAS_BOILER,SOCIAL_HOUSING,68494,5485,4385,87240,0.0,0.0,0.0,0.0,0.0,MEDIUM,MEDIUM,MEDIUM,5,COST_BASED,COST_BASED,false,false
1,baseline,1,2028,0.0,0.38738738738738737,NATURAL_GAS_BOILER,SOCIAL_HOUSING,68593,9516,9417,96756,0.0,0.0,0.0,0.0,0.0,MEDIUM,MEDIUM,MEDIUM,5,COST_BASED,COST_BASED,false,false
1,baseline,1,2029,0.0,0.38738738738738737,NATURAL_GAS_BOILER,SOCIAL_HOUSING,68593,3004,3004,99760,0.0,0.0,0.0,0.0,0.0,MEDIUM,MEDIUM,MEDIUM,5,COST_BASED,COST_BASED,false,false
1,baseline,1,2030,0.0,0.8558558558558559,NATURAL_GAS_BOILER,SOCIAL_HOUSING,69952,4454,3095,104214,0.0,0.0,0.0,0.0,0.0,MEDIUM,MEDIUM,MEDIUM,5,COST_BASED,COST_BASED,false,false
1,baseline,1,2031,0.0,0.8558558558558559,NATURAL_GAS_BOILER,SOCIAL_HOUSING,70641,6098,5409,110312,0.0,0.0,0.0,0.0,0.0,MEDIUM,MEDIUM,MEDIUM,5,COST_BASED,COST_BASED,false,false
1,baseline,1,2032,0.0,0.8558558558558559,NATURAL_GAS_BOILER,SOCIAL_HOUSING,72588,9675,7728,119987,0.0,0.0,0.0,0.0,0.0,MEDIUM,MEDIUM,MEDIUM,5,COST_BASED,COST_BASED,false,false
1,baseline,1,2033,0.0,0.8558558558558559,NATURAL_GAS_BOILER,SOCIAL_HOUSING,72882,6695,6401,126682,0.0,0.0,0.0,0.0,0.0,MEDIUM,MEDIUM,MEDIUM,5,COST_BASED,COST_BASED,false,false
1,baseline,1,2034,0.0,0.8558558558558559,NATURAL_GAS_BOILER,SOCIAL_HOUSING,72882,4984,4984,131666,0.0,0.0,0.0,0.0,0.0,MEDIUM,MEDIUM,MEDIUM,5,COST_BASED,COST_BASED,false,false
1,baseline,1,2035,0.0,0.8558558558558559,NATURAL_GAS_BOILER,SOCIAL_HOUSING,77297,6277,1862,137943,0.0,0.0,0.0,0.0,0.0,MEDIUM,MEDIUM,MEDIUM,5,COST_BASED,COST_BASED,false,false
1,baseline,1,2036,0.0,0.8558558558558559,NATURAL_GAS_BOILER,SOCIAL_HOUSING,77847,6029,5479,143972,0.0,0.0,0.0,0.0,0.0,MEDIUM,MEDIUM,MEDIUM,5,COST_BASED,COST_BASED,false,false
1,baseline,1,2037,0.0,0.8558558558558559,NATURAL_GAS_BOILER,SOCIAL_HOUSING,77847,13719,13719,157691,0.0,0.0,0.0,0.0,0.0,MEDIUM,MEDIUM,MEDIUM,5,COST_BASED,COST_BASED,false,false
1,baseline,1,2038,0.0,0.8558558558558559,NATURAL_GAS_BOILER,SOCIAL_HOUSING,78737,2801,1911,160492,0.0,0.0,0.0,0.0,0.0,MEDIUM,MEDIUM,MEDIUM,5,COST_BASED,COST_BASED,false,false
1,baseline,1,2039,0.0,0.8558558558558559,NATURAL_GAS_BOILER,SOCIAL_HOUSING,78737,5485,5485,165977,0.0,0.0,0.0,0.0,0.0,MEDIUM,MEDIUM,MEDIUM,5,COST_BASED,COST_BASED,false,false
1,baseline,1,2040,0.0,0.8558558558558559,NATURAL_GAS_BOILER,SOCIAL_HOUSING,78737,9516,9516,175493,0.0,0.0,0.0,0.0,0.0,MEDIUM,MEDIUM,MEDIUM,5,COST_BASED,COST_BASED,false,false
1,baseline,1,2041,0.0,0.8558558558558559,NATURAL_GAS_BOILER,SOCIAL_HOUSING,79435,3702,3004,179195,0.0,0.0,0.0,0.0,0.0,MEDIUM,MEDIUM,MEDIUM,5,COST_BASED,COST_BASED,false,false
1,baseline,1,2042,0.0,0.8558558558558559,NATURAL_GAS_BOILER,SOCIAL_HOUSING,79435,4454,4454,183649,0.0,0.0,0.0,0.0,0.0,MEDIUM,MEDIUM,MEDIUM,5,COST_BASED,COST_BASED,false,false
1,baseline,1,2043,0.0,0.8558558558558559,NATURAL_GAS_BOILER,SOCIAL_HOUSING,79435,6098,6098,189747,0.0,0.0,0.0,0.0,0.0,MEDIUM,MEDIUM,MEDIUM,5,COST_BASED,COST_BASED,false,false
1,baseline,1,2044,0.0,0.8558558558558559,NATURAL_GAS_BOILER,SOCIAL_HOUSING,79435,9675,9675,199422,0.0,0.0,0.0,0.0,0.0,MEDIUM,MEDIUM,MEDIUM,5,COST_BASED,COST_BASED,false,false
1,baseline,1,2045,0.0,0.8558558558558559,NATURAL_GAS_BOILER,SOCIAL_HOUSING,80556,7816,6695,207238,0.0,0.0,0.0,0.0,0.0,MEDIUM,MEDIUM,MEDIUM,5,COST_BASED,COST_BASED,false,false
1,baseline,1,2046,0.0,0.8558558558558559,NATURAL_GAS_BOILER,SOCIAL_HOUSING,80556,4984,4984,212222,0.0,0.0,0.0,0.0,0.0,MEDIUM,MEDIUM,MEDIUM,5,COST_BASED,COST_BASED,false,false
1,baseline,1,2047,0.0,0.8558558558558559,NATURAL_GAS_BOILER,SOCIAL_HOUSING,80556,6277,6277,218499,0.0,0.0,0.0,0.0,0.0,MEDIUM,MEDIUM,MEDIUM,5,COST_BASED,COST_BASED,false,false
1,baseline,1,2048,0.0,0.8558558558558559,NATURAL_GAS_BOILER,SOCIAL_HOUSING,80556,6029,6029,224528,0.0,0.0,0.0,0.0,0.0,MEDIUM,MEDIUM,MEDIUM,5,COST_BASED,COST_BASED,false,false
1,baseline,1,2049,0.0,0.8558558558558559,NATURAL_GAS_BOILER,SOCIAL_HOUSING,80978,14141,13719,238669,0.0,0.0,0.0,0.0,0.0,MEDIUM,MEDIUM,MEDIUM,5,COST_BASED,COST_BASED,false,false
1,baseline,1,2050,0.0,0.8558558558558559,NATURAL_GAS_BOILER,SOCIAL_HOUSING,80978,2801,2801,241470,0.0,0.0,0.0,0.0,0.0,MEDIUM,MEDIUM,MEDIUM,5,COST_BASED,COST_BASED,false,false
1,baseline,1,2024,0.0,0.0,NATURAL_GAS_BOILER,PRIVATELY_RENTED,33861,33861,0,33861,0.0,0.0,0.0,0.0,0.0,MEDIUM,MEDIUM,MEDIUM,5,COST_BASED,COST_BASED,false,false
1,baseline,1,2025,0.0,0.38738738738738737,NATURAL_GAS_BOILER,PRIVATELY_RENTED,34553,5192,4500,39053,0.0,0.0,0.0,0.0,0.0,MEDIUM,MEDIUM,MEDIUM,5,COST_BASED,COST_BASED,false,false
1,baseline,1,2026,0.0,0.38738738738738737,NATURAL_GAS_BOILER,PRIVATELY_RENTED,34911,3024,2666,42077,0.0,0.0,0.0,0.0,0.0,MEDIUM,MEDIUM,MEDIUM,5,COST_BASED,COST_BASED,false,false
1,baseline,1,2027,0.0,0.38738738738738737,NATURAL_GAS_BOILER,PRIVATELY_RENTED,35162,2875,2624,44952,0.0,0.0,0.0,0.0,0.0,MEDIUM,MEDIUM,MEDIUM,5,COST_BASED,COST_BASED,false,false
1,baseline,1,2028,0.0,0.38738738738738737,NATURAL_GAS_BOILER,PRIVATELY_RENTED,35323,2752,2591,47704,0.0,0.0,0.0,0.0,0.0,MEDIUM,MEDIUM,MEDIUM,5,COST_BASED,COST_BASED,false,false
1,baseline,1,2029,0.0,0.38738738738738737,NATURAL_GAS_BOILER,PRIVATELY_RENTED,35374,2868,2817,50572,0.0,0.0,0.0,0.0,0.0,MEDIUM,MEDIUM,MEDIUM,5,COST_BASED,COST_BASED,false,false
1,baseline,1,2030,0.0,0.8558558558558559,NATURAL_GAS_BOILER,PRIVATELY_RENTED,35420,3068,3022,53640,0.0,0.0,0.0,0.0,0.0,MEDIUM,MEDIUM,MEDIUM,5,COST_BASED,COST_BASED,false,false
1,baseline,1,2031,0.0,0.8558558558558559,NATURAL_GAS_BOILER,PRIVATELY_RENTED,35322,2788,2886,56428,0.0,0.0,0.0,0.0,0.0,MEDIUM,MEDIUM,MEDIUM,5,COST_BASED,COST_BASED,false,false
1,baseline,1,2032,0.0,0.8558558558558559,NATURAL_GAS_BOILER,PRIVATELY_RENTED,35437,3142,3027,59570,0.0,0.0,0.0,0.0,0.0,MEDIUM,MEDIUM,MEDIUM,5,COST_BASED,COST_BASED,false,false
1,baseline,1,2033,0.0,0.8558558558558559,NATURAL_GAS_BOILER,PRIVATELY_RENTED,35448,2653,2642,62223,0.0,0.0,0.0,0.0,0.0,MEDIUM,MEDIUM,MEDIUM,5,COST_BASED,COST_BASED,false,false
1,baseline,1,2034,0.0,0.8558558558558559,NATURAL_GAS_BOILER,PRIVATELY_RENTED,35144,2385,2689,64608,0.0,0.0,0.0,0.0,0.0,MEDIUM,MEDIUM,MEDIUM,5,COST_BASED,COST_BASED,false,false
1,baseline,1,2035,0.0,0.8558558558558559,NATURAL_GAS_BOILER,PRIVATELY_RENTED,34966,2458,2636,67066,0.0,0.0,0.0,0.0,0.0,MEDIUM,MEDIUM,MEDIUM,5,COST_BASED,COST_BASED,false,false
1,baseline,1,2036,0.0,0.8558558558558559,NATURAL_GAS_BOILER,PRIVATELY_RENTED,34609,1404,1761,68470,0.0,0.0,0.0,0.0,0.0,MEDIUM,MEDIUM,MEDIUM,5,COST_BASED,COST_BASED,false,false
1,baseline,1,2037,0.0,0.8558558558558559,NATURAL_GAS_BOILER,PRIVATELY_RENTED,34688,5271,5192,73741,0.0,0.0,0.0,0.0,0.0,MEDIUM,MEDIUM,MEDIUM,5,COST_BASED,COST_BASED,false,false
1,baseline,1,2038,0.0,0.8558558558558559,NATURAL_GAS_BOILER,PRIVATELY_RENTED,34849,3185,3024,76926,0.0,0.0,0.0,0.0,0.0,MEDIUM,MEDIUM,MEDIUM,5,COST_BASED,COST_BASED,false,false
1,baseline,1,2039,0.0,0.8558558558558559,NATURAL_GAS_BOILER,PRIVATELY_RENTED,35052,3078,2875,80004,0.0,0.0,0.0,0.0,0.0,MEDIUM,MEDIUM,MEDIUM,5,COST_BASED,COST_BASED,false,false
1,baseline,1,2040,0.0,0.8558558558558559,NATURAL_GAS_BOILER,PRIVATELY_RENTED,35186,2886,2752,82890,0.0,0.0,0.0,0.0,0.0,MEDIUM,MEDIUM,MEDIUM,5,COST_BASED,COST_BASED,false,false
1,baseline,1,2041,0.0,0.8558558558558559,NATURAL_GAS_BOILER,PRIVATELY_RENTED,35307,2989,2868,85879,0.0,0.0,0.0,0.0,0.0,MEDIUM,MEDIUM,MEDIUM,5,COST_BASED,COST_BASED,false,false
1,baseline,1,2042,0.0,0.8558558558558559,NATURAL_GAS_BOILER,PRIVATELY_RENTED,35372,3133,3068,89012,0.0,0.0,0.0,0.0,0.0,MEDIUM,MEDIUM,MEDIUM,5,COST_BASED,COST_BASED,false,false
1,baseline,1,2043,0.0,0.8558558558558559,NATURAL_GAS_BOILER,PRIVATELY_RENTED,35531,2947,2788,91959,0.0,0.0,0.0,0.0,0.0,MEDIUM,MEDIUM,MEDIUM,5,COST_BASED,COST_BASED,false,false
1,baseline,1,2044,0.0,0.8558558558558559,NATURAL_GAS_BOILER,PRIVATELY_RENTED,35579,3190,3142,95149,0.0,0.0,0.0,0.0,0.0,MEDIUM,MEDIUM,MEDIUM,5,COST_BASED,COST_BASED,false,false
1,baseline,1,2045,0.0,0.8558558558558559,NATURAL_GAS_BOILER,PRIVATELY_RENTED,35659,2733,2653,97882,0.0,0.0,0.0,0.0,0.0,MEDIUM,MEDIUM,MEDIUM,5,COST_BASED,COST_BASED,false,false
1,baseline,1,2046,0.0,0.8558558558558559,NATURAL_GAS_BOILER,PRIVATELY_RENTED,35714,2440,2385,100322,0.0,0.0,0.0,0.0,0.0,MEDIUM,MEDIUM,MEDIUM,5,COST_BASED,COST_BASED,false,false
1,baseline,1,2047,0.0,0.8558558558558559,NATURAL_GAS_BOILER,PRIVATELY_RENTED,35799,2543,2458,102865,0.0,0.0,0.0,0.0,0.0,MEDIUM,MEDIUM,MEDIUM,5,COST_BASED,COST_BASED,false,false
1,baseline,1,2048,0.0,0.8558558558558559,NATURAL_GAS_BOILER,PRIVATELY_RENTED,35923,1528,1404,104393,0.0,0.0,0.0,0.0,0.0,MEDIUM,MEDIUM,MEDIUM,5,COST_BASED,COST_BASED,false,false
1,baseline,1,2049,0.0,0.8558558558558559,NATURAL_GAS_BOILER,PRIVATELY_RENTED,35981,5329,5271,109722,0.0,0.0,0.0,0.0,0.0,MEDIUM,MEDIUM,MEDIUM,5,COST_BASED,COST_BASED,false,false
1,baseline,1,2050,0.0,0.8558558558558559,NATURAL_GAS_BOILER,PRIVATELY_RENTED,36095,3299,3185,113021,0.0,0.0,0.0,0.0,0.0,MEDIUM,MEDIUM,MEDIUM,5,COST_BASED,COST_BASED,false,false
1,baseline,1,2024,0.0,0.0,NATURAL_GAS_BLOCK,TOTAL,27212,27212,0,27212,0.0,0.0,0.0,0.0,0.0,MEDIUM,MEDIUM,MEDIUM,5,COST_BASED,COST_BASED,false,false
1,baseline,1,2025,0.0,0.38738738738738737,NATURAL_GAS_BLOCK,TOTAL,23121,130,4221,27342,0.2842760404036404,0.5447722794604397,0.0,1209.9852455406299,0.7460894090897512,MEDIUM,MEDIUM,MEDIUM,5,COST_BASED,COST_BASED,false,false
1,baseline,1,2026,0.0,0.38738738738738737,NATURAL_GAS_BLOCK,TOTAL,21349,46,1818,27388,0.28544270081355877,0.5439847369933765,0.0,1223.3926335174954,0.744616430286672,MEDIUM,MEDIUM,MEDIUM,5,COST_BASED,COST_BASED,false,false
1,baseline,1,2027,0.0,0.38738738738738737,NATURAL_GAS_BLOCK,TOTAL,18590,52,2811,27440,0.2834835600932836,0.5492814171028808,0.0,1227.6714066102998,0.7530512356310003,MEDIUM,MEDIUM,MEDIUM,5,COST_BASED,COST_BASED,false,false
1,baseline,1,2028,0.0,0.38738738738738737,NATURAL_GAS_BLOCK,TOTAL,16798,15,1807,27455,0.2855207532476422,0.5374854834041259,0.0,1224.6264411990776,0.7348480367942799,MEDIUM,MEDIUM,MEDIUM,5,COST_BASED,COST_BASED,false,false
1,baseline,1,2029,0.0,0.38738738738738737,NATURAL_GAS_BLOCK,TOTAL,15259,94,1633,27549,0.28602272183892846,0.5391254962808181,0.0,1210.8282750672302,0.7371825639614936,MEDIUM,MEDIUM,MEDIUM,5,COST_BASED,COST_BASED,false,false
1,baseline,1,2030,0.0,0.8558558558558559,NATURAL_GAS_BLOCK,TOTAL,13460,17,1816,27566,0.282849159305472,0.5379505869414035,0.0,1219.585309869931,0.7362135905857361,MEDIUM,MEDIUM,MEDIUM,5,COST_BASED,COST_BASED,false,false
1,baseline,1,2031,0.0,0.8558558558558559,NATURAL_GAS_BLOCK,TOTAL,11095,13,2378,27579,0.2866168120615502,0.5333472937261278,0.0,1221.0018663680478,0.7283667375738022,MEDIUM,MEDIUM,MEDIUM,5,COST_BASED,COST_BASED,false,false
1,baseline,1,2032,0.0,0.8558558558558559,NATURAL_GAS_BLOCK,TOTAL,9098,21,2018,27600,0.28036723543387254,0.541897462734824,0.0,1210.0029347028612,0.7427543852437685,MEDIUM,MEDIUM,MEDIUM,5,COST_BASED,COST_BASED,false,false
1,baseline,1,2033,0.0,0.8558558558558559,NATURAL_GAS_BLOCK,TOTAL,6990,17,2125,27617,0.2897590872792744,0.5380592021066086,0.0,1193.2273224043715,0.7346490313400955,MEDIUM,MEDIUM,MEDIUM,5,COST_BASED,COST_BASED,false,false
1,baseline,1,2034,0.0,0.8558558558558559,NATURAL_GAS_BLOCK,TOTAL,4912,16,2094,27633,0.2851770726651654,0.5428635224667577,0.0,1099.8332845861362,0.7430010155338448,MEDIUM,MEDIUM,MEDIUM,5,COST_BASED,COST_BASED,false,false
1,baseline,1,2035,0.0,0.8558558558558559,NATURAL_GAS_BLOCK,TOTAL,2069,10,2853,27643,0.2850128305083865,0.5445833069498439,0.0,1158.3682804674456,0.7456217527976681,MEDIUM,MEDIUM,MEDIUM,5,COST_BASED,COST_BASED,false,false
1,baseline,1,2036,0.0,0.8558558558558559,NATURAL_GAS_BLOCK,TOTAL,437,6,1638,27649,0.287902260116831,0.5260284744924707,0.0,1174.711122825514,0.7170671467094986,MEDIUM,MEDIUM,MEDIUM,5,COST_BASED,COST_BASED,false,false
1,baseline,1,2037,0.0,0.8558558558558559,NATURAL_GAS_BLOCK,TOTAL,328,21,130,27670,0.3815182673736831,0.5458446262757292,0.0,1037.7563025210084,0.7233873725701734,MEDIUM,MEDIUM,MEDIUM,5,COST_BASED,COST_BASED,false,false
1,baseline,1,2038,0.0,0.8558558558558559,NATURAL_GAS_BLOCK,TOTAL,294,12,46,27682,0.4094856788562747,0.5593229394832948,0.0,1027.0253623188405,0.7366129895108736,MEDIUM,MEDIUM,MEDIUM,5,COST_BASED,COST_BASED,false,false
1,baseline,1,2039,0.0,0.8558558558558559,NATURAL_GAS_BLOCK,TOTAL,258,16,52,27698,0.49845057479451277,0.5757485970097046,0.0,1156.3513513513512,0.7390102518159286,MEDIUM,MEDIUM,MEDIUM,5,COST_BASED,COST_BASED,false,false
1,baseline,1,2040,0.0,0.8558558558558559,NATURAL_GAS_BLOCK,TOTAL,252,9,15,27707,0.2468280772902546,0.534038498164534,0.0,1196.1942048982407,0.7393507279242385,MEDIUM,MEDIUM,MEDIUM,5,COST_BASED,COST_BASED,false,false
1,baseline,1,2041,0.0,0.8558558558558559,NATURAL_GAS_BLOCK,TOTAL,174,16,94,27723,0.2710278389613247,0.5352869320365273,0.0,1246.9322942036044,0.7351734383144574,MEDIUM,MEDIUM,MEDIUM,5,COST_BASED,COST_BASED,false,false
1,baseline,1,2042,0.0,0.8558558558558559,NATURAL_GAS_BLOCK,TOTAL,172,15,17,27738,0.24446923089853262,0.5344523137471788,0.0,1246.8442350332593,0.7405611628961329,MEDIUM,MEDIUM,MEDIUM,5,COST_BASED,COST_BASED,false,false
1,baseline,1,2043,0.0,0.8558558558558559,NATURAL_GAS_BLOCK,TOTAL,171,12,13,27750,0.27249901126800763,0.5248899322588731,0.0,1264.2307692307693,0.7192101455713068,MEDIUM,MEDIUM,MEDIUM,5,COST_BASED,COST_BASED,false,false
1,baseline,1,2044,0.0,0.8558558558558559,NATURAL_GAS_BLOCK,TOTAL,167,17,21,27767,0.25516601657125154,0.5257800321877882,0.0,1215.3619335347432,0.7248785441388677,MEDIUM,MEDIUM,MEDIUM,5,COST_BASED,COST_BASED,false,false
1,baseline,1,2045,0.0,0.8558558558558559,NATURAL_GAS_BLOCK,TOTAL,167,17,17,27784,0.19971559316470444,0.5120577118893795,0.0,1265.7387862796834,0.7181576695428942,MEDIUM,MEDIUM,MEDIUM,5,COST_BASED,COST_BASED,false,false
1,baseline,1,2046,0.0,0.8558558558558559,NATURAL_GAS_BLOCK,TOTAL,165,14,16,27798,0.2574734778410326,0.5124183692792054,0.0,1370.7304347826087,0.7042591844585495,MEDIUM,MEDIUM,MEDIUM,5,COST_BASED,COST_BASED,false,false
1,baseline,1,2047,0.0,0.8558558558558559,NATURAL_GAS_BLOCK,TOTAL,165,10,10,27808,0.19765198101814108,0.5185841476963382,0.0,1217.2600364963503,0.7284632262899737,MEDIUM,MEDIUM,MEDIUM,5,COST_BASED,COST_BASED,false,false
1,baseline,1,2048,0.0,0.8558558558558559,NATURAL_GAS_BLOCK,TOTAL,165,6,6,27814,0.20397975353694234,0.519231556577426,0.0,1211.9554753309267,0.7278523964819038,MEDIUM,MEDIUM,MEDIUM,5,COST_BASED,COST_BASED,false,false
1,baseline,1,2049,0.0,0.8558558558558559,NATURAL_GAS_BLOCK,TOTAL,163,19,21,27833,0.2190562738900272,0.5186474853814135,0.0,1194.554462934947,0.7232071595996133,MEDIUM,MEDIUM,MEDIUM,5,COST_BASED,COST_BASED,false,false
1,baseline,1,2050,0.0,0.8558558558558559,NATURAL_GAS_BLOCK,TOTAL,161,10,12,27843,0.20455127326471784,0.5200599660990601,0.0,1189.9113441372735,0.7289521308324105,MEDIUM,MEDIUM,MEDIUM,5,COST_BASED,COST_BASED,false,false
1,baseline,1,2024,0.0,0.0,NATURAL_GAS_BLOCK,PRIVATELY_OWNED,16826,16826,0,16826,0.0,0.0,0.0,0.0,0.0,MEDIUM,MEDIUM,MEDIUM,5,COST_BASED,COST_BASED,false,false
1,baseline,1,2025,0.0,0.38738738738738737,NATURAL_GAS_BLOCK,PRIVATELY_OWNED,14619,130,2337,16956,0.2842760404036404,0.5447722794604397,0.0,1209.9852455406299,0.7460894090897512,MEDIUM,MEDIUM,MEDIUM,5,COST_BASED,COST_BASED,false,false
1,baseline,1,2026,0.0,0.38738738738738737,NATURAL_GAS_BLOCK,PRIVATELY_OWNED,13291,46,1374,17002,0.28544270081355877,0.5439847369933765,0.0,1223.3926335174954,0.744616430286672,MEDIUM,MEDIUM,MEDIUM,5,COST_BASED,COST_BASED,false,false
1,baseline,1,2027,0.0,0.38738738738738737,NATURAL_GAS_BLOCK,PRIVATELY_OWNED,12014,52,1329,17054,0.2834835600932836,0.5492814171028808,0.0,1227.6714066102998,0.7530512356310003,MEDIUM,MEDIUM,MEDIUM,5,COST_BASED,COST_BASED,false,false
1,baseline,1,2028,0.0,0.38738738738738737,NATURAL_GAS_BLOCK,PRIVATELY_OWNED,10714,15,1315,17069,0.2855207532476422,0.5374854834041259,0.0,1224.6264411990776,0.7348480367942799,MEDIUM,MEDIUM,MEDIUM,5,COST_BASED,COST_BASED,false,false
1,baseline,1,2029,0.0,0.38738738738738737,NATURAL_GAS_BLOCK,PRIVATELY_OWNED,9541,94,1267,17163,0.28602272183892846,0.5391254962808181,0.0,1210.8282750672302,0.7371825639614937,MEDIUM,MEDIUM,MEDIUM,5,COST_BASED,COST_BASED,false,false
1,baseline,1,2030,0.0,0.8558558558558559,NATURAL_GAS_BLOCK,PRIVATELY_OWNED,8207,17,1351,17180,0.282849159305472,0.5379505869414035,0.0,1219.585309869931,0.7362135905857361,MEDIUM,MEDIUM,MEDIUM,5,COST_BASED,COST_BASED,false,false
1,baseline,1,2031,0.0,0.8558558558558559,NATURAL_GAS_BLOCK,PRIVATELY_OWNED,6922,13,1298,17193,0.2866168120615502,0.5333472937261278,0.0,1221.0018663680478,0.7283667375738022,MEDIUM,MEDIUM,MEDIUM,5,COST_BASED,COST_BASED,false,false
1,baseline,1,2032,0.0,0.8558558558558559,NATURAL_GAS_BLOCK,PRIVATELY_OWNED,5676,21,1267,17214,0.28036723543387254,0.541897462734824,0.0,1210.0029347028612,0.7427543852437685,MEDIUM,MEDIUM,MEDIUM,5,COST_BASED,COST_BASED,false,false
1,baseline,1,2033,0.0,0.8558558558558559,NATURAL_GAS_BLOCK,PRIVATELY_OWNED,4318,17,1375,17231,0.2897590872792744,0.5380592021066086,0.0,1193.2273224043715,0.7346490313400955,MEDIUM,MEDIUM,MEDIUM,5,COST_BASED,COST_BASED,false,false
1,baseline,1,2034,0.0,0.8558558558558559,NATURAL_GAS_BLOCK,PRIVATELY_OWNED,2613,16,1721,17247,0.2851770726651654,0.5428635224667577,0.0,1099.8332845861362,0.7430010155338448,MEDIUM,MEDIUM,MEDIUM,5,COST_BASED,COST_BASED,false,false
1,baseline,1,2035,0.0,0.8558558558558559,NATURAL_GAS_BLOCK,PRIVATELY_OWNED,1253,10,1370,17257,0.2850128305083865,0.5445833069498439,0.0,1158.3682804674456,0.7456217527976681,MEDIUM,MEDIUM,MEDIUM,5,COST_BASED,COST_BASED,false,false
1,baseline,1,2036,0.0,0.8558558558558559,NATURAL_GAS_BLOCK,PRIVATELY_OWNED,437,6,822,17263,0.287902260116831,0.5260284744924707,0.0,1174.711122825514,0.7170671467094987,MEDIUM,MEDIUM,MEDIUM,5,COST_BASED,COST_BASED,false,false
1,baseline,1,2037,0.0,0.8558558558558559,NATURAL_GAS_BLOCK,PRIVATELY_OWNED,328,21,130,17284,0.3815182673736831,0.5458446262757292,0.0,1037.7563025210084,0.7233873725701734,MEDIUM,MEDIUM,MEDIUM,5,COST_BASED,COST_BASED,false,false
1,baseline,1,2038,0.0,0.8558558558558559,NATURAL_GAS_BLOCK,PRIVATELY_OWNED,294,12,46,17296,0.40948567885627474,0.5593229394832948,0.0,1027.0253623188405,0.7366129895108735,MEDIUM,MEDIUM,MEDIUM,5,COST_BASED,COST_BASED,false,false
1,baseline,1,2039,0.0,0.8558558558558559,NATURAL_GAS_BLOCK,PRIVATELY_OWNED,258,16,52,17312,0.49845057479451277,0.5757485970097046,0.0,1156.3513513513512,0.7390102518159286,MEDIUM,MEDIUM,MEDIUM,5,COST_BASED,COST_BASED,false,false
1,baseline,1,2040,0.0,0.8558558558558559,NATURAL_GAS_BLOCK,PRIVATELY_OWNED,252,9,15,17321,0.2468280772902546,0.534038498164534,0.0,1196.1942048982407,0.7393507279242385,MEDIUM,MEDIUM,MEDIUM,5,COST_BASED,COST_BASED,false,false
1,baseline,1,2041,0.0,0.8558558558558559,NATURAL_GAS_BLOCK,PRIVATELY_OWNED,174,16,94,17337,0.2710278389613247,0.5352869320365273,0.0,1246.9322942036044,0.7351734383144574,MEDIUM,MEDIUM,MEDIUM,5,COST_BASED,COST_BASED,false,false
1,baseline,1,2042,0.0,0.8558558558558559,NATURAL_GAS_BLOCK,PRIVATELY_OWNED,172,15,17,17352,0.24446923089853262,0.5344523137471788,0.0,1246.8442350332593,0.7405611628961329,MEDIUM,MEDIUM,MEDIUM,5,COST_BASED,COST_BASED,false,false
1,baseline,1,2043,0.0,0.8558558558558559,NATURAL_GAS_BLOCK,PRIVATELY_OWNED,171,12,13,17364,0.27249901126800763,0.5248899322588731,0.0,1264.2307692307693,0.7192101455713068,MEDIUM,MEDIUM,MEDIUM,5,COST_BASED,COST_BASED,false,false
1,baseline,1,2044,0.0,0.8558558558558559,NATURAL_GAS_BLOCK,PRIVATELY_OWNED,167,17,21,17381,0.25516601657125154,0.5257800321877882,0.0,1215.3619335347432,0.7248785441388677,MEDIUM,MEDIUM,MEDIUM,5,COST_BASED,COST_BASED,false,false
1,baseline,1,2045,0.0,0.8558558558558559,NATURAL_GAS_BLOCK,PRIVATELY_OWNED,167,17,17,17398,0.19971559316470444,0.5120577118893795,0.0,1265.7387862796834,0.7181576695428942,MEDIUM,MEDIUM,MEDIUM,5,COST_BASED,COST_BASED,false,false
1,baseline,1,2046,0.0,0.8558558558558559,NATURAL_GAS_BLOCK,PRIVATELY_OWNED,165,14,16,17412,0.2574734778410326,0.5124183692792054,0.0,1370.7304347826087,0.7042591844585495,MEDIUM,MEDIUM,MEDIUM,5,COST_BASED,COST_BASED,false,false
1,baseline,1,2047,0.0,0.8558558558558559,NATURAL_GAS_BLOCK,PRIVATELY_OWNED,165,10,10,17422,0.19765198101814108,0.5185841476963382,0.0,1217.2600364963503,0.7284632262899737,MEDIUM,MEDIUM,MEDIUM,5,COST_BASED,COST_BASED,false,false
1,baseline,1,2048,0.0,0.8558558558558559,NATURAL_GAS_BLOCK,PRIVATELY_OWNED,165,6,6,17428,0.20397975353694234,0.519231556577426,0.0,1211.9554753309267,0.7278523964819038,MEDIUM,MEDIUM,MEDIUM,5,COST_BASED,COST_BASED,false,false
1,baseline,1,2049,0.0,0.8558558558558559,NATURAL_GAS_BLOCK,PRIVATELY_OWNED,163,19,21,17447,0.2190562738900272,0.5186474853814135,0.0,1194.554462934947,0.7232071595996133,MEDIUM,MEDIUM,MEDIUM,5,COST_BASED,COST_BASED,false,false
1,baseline,1,2050,0.0,0.8558558558558559,NATURAL_GAS_BLOCK,PRIVATELY_OWNED,161,10,12,17457,0.20455127326471784,0.5200599660990601,0.0,1189.9113441372735,0.7289521308324105,MEDIUM,MEDIUM,MEDIUM,5,COST_BASED,COST_BASED,false,false
1,baseline,1,2024,0.0,0.0,NATURAL_GAS_BLOCK,SOCIAL_HOUSING,5461,5461,0,5461,0.0,0.0,0.0,0.0,0.0,MEDIUM,MEDIUM,MEDIUM,5,COST_BASED,COST_BASED,false,false
1,baseline,1,2025,0.0,0.38738738738738737,NATURAL_GAS_BLOCK,SOCIAL_HOUSING,4206,0,1255,5461,0.0,0.0,0.0,0.0,0.0,MEDIUM,MEDIUM,MEDIUM,5,COST_BASED,COST_BASED,false,false
1,baseline,1,2026,0.0,0.38738738738738737,NATURAL_GAS_BLOCK,SOCIAL_HOUSING,4192,0,14,5461,0.0,0.0,0.0,0.0,0.0,MEDIUM,MEDIUM,MEDIUM,5,COST_BASED,COST_BASED,false,false
1,baseline,1,2027,0.0,0.38738738738738737,NATURAL_GAS_BLOCK,SOCIAL_HOUSING,3134,0,1058,5461,0.0,0.0,0.0,0.0,0.0,MEDIUM,MEDIUM,MEDIUM,5,COST_BASED,COST_BASED,false,false
1,baseline,1,2028,0.0,0.38738738738738737,NATURAL_GAS_BLOCK,SOCIAL_HOUSING,3035,0,99,5461,0.0,0.0,0.0,0.0,0.0,MEDIUM,MEDIUM,MEDIUM,5,COST_BASED,COST_BASED,false,false
1,baseline,1,2029,0.0,0.38738738738738737,NATURAL_GAS_BLOCK,SOCIAL_HOUSING,3035,0,0,5461,0.0,0.0,0.0,0.0,0.0,MEDIUM,MEDIUM,MEDIUM,5,COST_BASED,COST_BASED,false,false
1,baseline,1,2030,0.0,0.8558558558558559,NATURAL_GAS_BLOCK,SOCIAL_HOUSING,2995,0,40,5461,0.0,0.0,0.0,0.0,0.0,MEDIUM,MEDIUM,MEDIUM,5,COST_BASED,COST_BASED,false,false
1,baseline,1,2031,0.0,0.8558558558558559,NATURAL_GAS_BLOCK,SOCIAL_HOUSING,2306,0,689,5461,0.0,0.0,0.0,0.0,0.0,MEDIUM,MEDIUM,MEDIUM,5,COST_BASED,COST_BASED,false,false
1,baseline,1,2032,0.0,0.8558558558558559,NATURAL_GAS_BLOCK,SOCIAL_HOUSING,1926,0,380,5461,0.0,0.0,0.0,0.0,0.0,MEDIUM,MEDIUM,MEDIUM,5,COST_BASED,COST_BASED,false,false
1,baseline,1,2033,0.0,0.8558558558558559,NATURAL_GAS_BLOCK,SOCIAL_HOUSING,1632,0,294,5461,0.0,0.0,0.0,0.0,0.0,MEDIUM,MEDIUM,MEDIUM,5,COST_BASED,COST_BASED,false,false
1,baseline,1,2034,0.0,0.8558558558558559,NATURAL_GAS_BLOCK,SOCIAL_HOUSING,1632,0,0,5461,0.0,0.0,0.0,0.0,0.0,MEDIUM,MEDIUM,MEDIUM,5,COST_BASED,COST_BASED,false,false
1,baseline,1,2035,0.0,0.8558558558558559,NATURAL_GAS_BLOCK,SOCIAL_HOUSING,550,0,1082,5461,0.0,0.0,0.0,0.0,0.0,MEDIUM,MEDIUM,MEDIUM,5,COST_BASED,COST_BASED,false,false
1,baseline,1,2036,0.0,0.8558558558558559,NATURAL_GAS_BLOCK,SOCIAL_HOUSING,0,0,550,5461,0.0,0.0,0.0,0.0,0.0,MEDIUM,MEDIUM,MEDIUM,5,COST_BASED,COST_BASED,false,false
1,baseline,1,2037,0.0,0.8558558558558559,NATURAL_GAS_BLOCK,SOCIAL_HOUSING,0,0,0,5461,0.0,0.0,0.0,0.0,0.0,MEDIUM,MEDIUM,MEDIUM,5,COST_BASED,COST_BASED,false,false
1,baseline,1,2038,0.0,0.8558558558558559,NATURAL_GAS_BLOCK,SOCIAL_HOUSING,0,0,0,5461,0.0,0.0,0.0,0.0,0.0,MEDIUM,MEDIUM,MEDIUM,5,COST_BASED,COST_BASED,false,false
1,baseline,1,2039,0.0,0.8558558558558559,NATURAL_GAS_BLOCK,SOCIAL_HOUSING,0,0,0,5461,0.0,0.0,0.0,0.0,0.0,MEDIUM,MEDIUM,MEDIUM,5,COST_BASED,COST_BASED,false,false
1,baseline,1,2040,0.0,0.8558558558558559,NATURAL_GAS_BLOCK,SOCIAL_HOUSING,0,0,0,5461,0.0,0.0,0.0,0.0,0.0,MEDIUM,MEDIUM,MEDIUM,5,COST_BASED,COST_BASED,false,false
1,baseline,1,2041,0.0,0.8558558558558559,NATURAL_GAS_BLOCK,SOCIAL_HOUSING,0,0,0,5461,0.0,0.0,0.0,0.0,0.0,MEDIUM,MEDIUM,MEDIUM,5,COST_BASED,COST_BASED,false,false
1,baseline,1,2042,0.0,0.8558558558558559,NATURAL_GAS_BLOCK,SOCIAL_HOUSING,0,0,0,5461,0.0,0.0,0.0,0.0,0.0,MEDIUM,MEDIUM,MEDIUM,5,COST_BASED,COST_BASED,false,false
1,baseline,1,2043,0.0,0.8558558558558559,NATURAL_GAS_BLOCK,SOCIAL_HOUSING,0,0,0,5461,0.0,0.0,0.0,0.0,0.0,MEDIUM,MEDIUM,MEDIUM,5,COST_BASED,COST_BASED,false,false
1,baseline,1,2044,0.0,0.8558558558558559,NATURAL_GAS_BLOCK,SOCIAL_HOUSING,0,0,0,5461,0.0,0.0,0.0,0.0,0.0,MEDIUM,MEDIUM,MEDIUM,5,COST_BASED,COST_BASED,false,false
1,baseline,1,2045,0.0,0.8558558558558559,NATURAL_GAS_BLOCK,SOCIAL_HOUSING,0,0,0,5461,0.0,0.0,0.0,0.0,0.0,MEDIUM,MEDIUM,MEDIUM,5,COST_BASED,COST_BASED,false,false
1,baseline,1,2046,0.0,0.8558558558558559,NATURAL_GAS_BLOCK,SOCIAL_HOUSING,0,0,0,5461,0.0,0.0,0.0,0.0,0.0,MEDIUM,MEDIUM,MEDIUM,5,COST_BASED,COST_BASED,false,false
1,baseline,1,2047,0.0,0.8558558558558559,NATURAL_GAS_BLOCK,SOCIAL_HOUSING,0,0,0,5461,0.0,0.0,0.0,0.0,0.0,MEDIUM,MEDIUM,MEDIUM,5,COST_BASED,COST_BASED,false,false
1,baseline,1,2048,0.0,0.8558558558558559,NATURAL_GAS_BLOCK,SOCIAL_HOUSING,0,0,0,5461,0.0,0.0,0.0,0.0,0.0,MEDIUM,MEDIUM,MEDIUM,5,COST_BASED,COST_BASED,false,false
1,baseline,1,2049,0.0,0.8558558558558559,NATURAL_GAS_BLOCK,SOCIAL_HOUSING,0,0,0,5461,0.0,0.0,0.0,0.0,0.0,MEDIUM,MEDIUM,MEDIUM,5,COST_BASED,COST_BASED,false,false
1,baseline,1,2050,0.0,0.8558558558558559,NATURAL_GAS_BLOCK,SOCIAL_HOUSING,0,0,0,5461,0.0,0.0,0.0,0.0,0.0,MEDIUM,MEDIUM,MEDIUM,5,COST_BASED,COST_BASED,false,false
1,baseline,1,2024,0.0,0.0,NATURAL_GAS_BLOCK,PRIVATELY_RENTED,4925,4925,0,4925,0.0,0.0,0.0,0.0,0.0,MEDIUM,MEDIUM,MEDIUM,5,COST_BASED,COST_BASED,false,false
1,baseline,1,2025,0.0,0.38738738738738737,NATURAL_GAS_BLOCK,PRIVATELY_RENTED,4296,0,629,4925,0.0,0.0,0.0,0.0,0.0,MEDIUM,MEDIUM,MEDIUM,5,COST_BASED,COST_BASED,false,false
1,baseline,1,2026,0.0,0.38738738738738737,NATURAL_GAS_BLOCK,PRIVATELY_RENTED,3866,0,430,4925,0.0,0.0,0.0,0.0,0.0,MEDIUM,MEDIUM,MEDIUM,5,COST_BASED,COST_BASED,false,false
1,baseline,1,2027,0.0,0.38738738738738737,NATURAL_GAS_BLOCK,PRIVATELY_RENTED,3442,0,424,4925,0.0,0.0,0.0,0.0,0.0,MEDIUM,MEDIUM,MEDIUM,5,COST_BASED,COST_BASED,false,false
1,baseline,1,2028,0.0,0.38738738738738737,NATURAL_GAS_BLOCK,PRIVATELY_RENTED,3049,0,393,4925,0.0,0.0,0.0,0.0,0.0,MEDIUM,MEDIUM,MEDIUM,5,COST_BASED,COST_BASED,false,false
1,baseline,1,2029,0.0,0.38738738738738737,NATURAL_GAS_BLOCK,PRIVATELY_RENTED,2683,0,366,4925,0.0,0.0,0.0,0.0,0.0,MEDIUM,MEDIUM,MEDIUM,5,COST_BASED,COST_BASED,false,false
1,baseline,1,2030,0.0,0.8558558558558559,NATURAL_GAS_BLOCK,PRIVATELY_RENTED,2258,0,425,4925,0.0,0.0,0.0,0.0,0.0,MEDIUM,MEDIUM,MEDIUM,5,COST_BASED,COST_BASED,false,false
1,baseline,1,2031,0.0,0.8558558558558559,NATURAL_GAS_BLOCK,PRIVATELY_RENTED,1867,0,391,4925,0.0,0.0,0.0,0.0,0.0,MEDIUM,MEDIUM,MEDIUM,5,COST_BASED,COST_BASED,false,false
1,baseline,1,2032,0.0,0.8558558558558559,NATURAL_GAS_BLOCK,PRIVATELY_RENTED,1496,0,371,4925,0.0,0.0,0.0,0.0,0.0,MEDIUM,MEDIUM,MEDIUM,5,COST_BASED,COST_BASED,false,false
1,baseline,1,2033,0.0,0.8558558558558559,NATURAL_GAS_BLOCK,PRIVATELY_RENTED,1040,0,456,4925,0.0,0.0,0.0,0.0,0.0,MEDIUM,MEDIUM,MEDIUM,5,COST_BASED,COST_BASED,false,false
1,baseline,1,2034,0.0,0.8558558558558559,NATURAL_GAS_BLOCK,PRIVATELY_RENTED,667,0,373,4925,0.0,0.0,0.0,0.0,0.0,MEDIUM,MEDIUM,MEDIUM,5,COST_BASED,COST_BASED,false,false
1,baseline,1,2035,0.0,0.8558558558558559,NATURAL_GAS_BLOCK,PRIVATELY_RENTED,266,0,401,4925,0.0,0.0,0.0,0.0,0.0,MEDIUM,MEDIUM,MEDIUM,5,COST_BASED,COST_BASED,false,false
1,baseline,1,2036,0.0,0.8558558558558559,NATURAL_GAS_BLOCK,PRIVATELY_RENTED,0,0,266,4925,0.0,0.0,0.0,0.0,0.0,MEDIUM,MEDIUM,MEDIUM,5,COST_BASED,COST_BASED,false,false
1,baseline,1,2037,0.0,0.8558558558558559,NATURAL_GAS_BLOCK,PRIVATELY_RENTED,0,0,0,4925,0.0,0.0,0.0,0.0,0.0,MEDIUM,MEDIUM,MEDIUM,5,COST_BASED,COST_BASED,false,false
1,baseline,1,2038,0.0,0.8558558558558559,NATURAL_GAS_BLOCK,PRIVATELY_RENTED,0,0,0,4925,0.0,0.0,0.0,0.0,0.0,MEDIUM,MEDIUM,MEDIUM,5,COST_BASED,COST_BASED,false,false
1,baseline,1,2039,0.0,0.8558558558558559,NATURAL_GAS_BLOCK,PRIVATELY_RENTED,0,0,0,4925,0.0,0.0,0.0,0.0,0.0,MEDIUM,MEDIUM,MEDIUM,5,COST_BASED,COST_BASED,false,false
1,baseline,1,2040,0.0,0.8558558558558559,NATURAL_GAS_BLOCK,PRIVATELY_RENTED,0,0,0,4925,0.0,0.0,0.0,0.0,0.0,MEDIUM,MEDIUM,MEDIUM,5,COST_BASED,COST_BASED,false,false
1,baseline,1,2041,0.0,0.8558558558558559,NATURAL_GAS_BLOCK,PRIVATELY_RENTED,0,0,0,4925,0.0,0.0,0.0,0.0,0.0,MEDIUM,MEDIUM,MEDIUM,5,COST_BASED,COST_BASED,false,false
1,baseline,1,2042,0.0,0.8558558558558559,NATURAL_GAS_BLOCK,PRIVATELY_RENTED,0,0,0,4925,0.0,0.0,0.0,0.0,0.0,MEDIUM,MEDIUM,MEDIUM,5,COST_BASED,COST_BASED,false,false
1,baseline,1,2043,0.0,0.8558558558558559,NATURAL_GAS_BLOCK,PRIVATELY_RENTED,0,0,0,4925,0.0,0.0,0.0,0.0,0.0,MEDIUM,MEDIUM,MEDIUM,5,COST_BASED,COST_BASED,false,false
1,baseline,1,2044,0.0,0.8558558558558559,NATURAL_GAS_BLOCK,PRIVATELY_RENTED,0,0,0,4925,0.0,0.0,0.0,0.0,0.0,MEDIUM,MEDIUM,MEDIUM,5,COST_BASED,COST_BASED,false,false
1,baseline,1,2045,0.0,0.8558558558558559,NATURAL_GAS_BLOCK,PRIVATELY_RENTED,0,0,0,4925,0.0,0.0,0.0,0.0,0.0,MEDIUM,MEDIUM,MEDIUM,5,COST_BASED,COST_BASED,false,false
1,baseline,1,2046,0.0,0.8558558558558559,NATURAL_GAS_BLOCK,PRIVATELY_RENTED,0,0,0,4925,0.0,0.0,0.0,0.0,0.0,MEDIUM,MEDIUM,MEDIUM,5,COST_BASED,COST_BASED,false,false
1,baseline,1,2047,0.0,0.8558558558558559,NATURAL_GAS_BLOCK,PRIVATELY_RENTED,0,0,0,4925,0.0,0.0,0.0,0.0,0.0,MEDIUM,MEDIUM,MEDIUM,5,COST_BASED,COST_BASED,false,false
1,baseline,1,2048,0.0,0.8558558558558559,NATURAL_GAS_BLOCK,PRIVATELY_RENTED,0,0,0,4925,0.0,0.0,0.0,0.0,0.0,MEDIUM,MEDIUM,MEDIUM,5,COST_BASED,COST_BASED,false,false
1,baseline,1,2049,0.0,0.8558558558558559,NATURAL_GAS_BLOCK,PRIVATELY_RENTED,0,0,0,4925,0.0,0.0,0.0,0.0,0.0,MEDIUM,MEDIUM,MEDIUM,5,COST_BASED,COST_BASED,false,false
1,baseline,1,2050,0.0,0.8558558558558559,NATURAL_GAS_BLOCK,PRIVATELY_RENTED,0,0,0,4925,0.0,0.0,0.0,0.0,0.0,MEDIUM,MEDIUM,MEDIUM,5,COST_BASED,COST_BASED,false,false
1,baseline,1,2024,0.0,0.0,DISTRICT_HEATING,TOTAL,29834,29834,0,29834,0.0,0.0,0.0,0.0,0.0,MEDIUM,MEDIUM,MEDIUM,5,COST_BASED,COST_BASED,false,false
1,baseline,1,2025,0.0,0.38738738738738737,DISTRICT_HEATING,TOTAL,34768,5395,461,35229,0.763792648636706,0.6089029534562161,0.0,1522.0372591302896,0.7224062680251455,MEDIUM,MEDIUM,MEDIUM,5,COST_BASED,COST_BASED,false,false
1,baseline,1,2026,0.0,0.38738738738738737,DISTRICT_HEATING,TOTAL,37213,2852,407,38081,0.7649831631515008,0.6090195855549808,0.0,1527.0913972440244,0.7222835875445954,MEDIUM,MEDIUM,MEDIUM,5,COST_BASED,COST_BASED,false,false
1,baseline,1,2027,0.0,0.38738738738738737,DISTRICT_HEATING,TOTAL,39580,2752,385,40833,0.7657711434364627,0.6158282842450074,0.0,1522.0913917788657,0.7322996405083924,MEDIUM,MEDIUM,MEDIUM,5,COST_BASED,COST_BASED,false,false
1,baseline,1,2028,0.0,0.38738738738738737,DISTRICT_HEATING,TOTAL,41575,2572,577,43405,0.7616347774820935,0.602868872792125,0.0,1510.4263253390086,0.7138946148176624,MEDIUM,MEDIUM,MEDIUM,5,COST_BASED,COST_BASED,false,false
1,baseline,1,2029,0.0,0.38738738738738737,DISTRICT_HEATING,TOTAL,44024,3172,723,46577,0.7641990905290453,0.6025636149515479,0.0,1538.7927647500435,0.7127956497950582,MEDIUM,MEDIUM,MEDIUM,5,COST_BASED,COST_BASED,false,false
1,baseline,1,2030,0.0,0.8558558558558559,DISTRICT_HEATING,TOTAL,47929,6103,2198,52680,0.765748492222342,0.5964763364101587,0.0,1626.3602886815559,0.7032773815596511,MEDIUM,MEDIUM,MEDIUM,5,COST_BASED,COST_BASED,false,false
1,baseline,1,2031,0.0,0.8558558558558559,DISTRICT_HEATING,TOTAL,52187,5460,1202,58140,0.7651861719415077,0.5908187044523939,0.0,1609.447805837182,0.6949315136932182,MEDIUM,MEDIUM,MEDIUM,5,COST_BASED,COST_BASED,false,false
1,baseline,1,2032,0.0,0.8558558558558559,DISTRICT_HEATING,TOTAL,55652,6725,3260,64865,0.7645314070253812,0.602611269440607,0.0,1616.4694963875552,0.7127840524045678,MEDIUM,MEDIUM,MEDIUM,5,COST_BASED,COST_BASED,false,false
1,baseline,1,2033,0.0,0.8558558558558559,DISTRICT_HEATING,TOTAL,61861,7519,1310,72384,0.7629554757652941,0.5931261426571711,0.0,1601.482658279715,0.6989503450444361,MEDIUM,MEDIUM,MEDIUM,5,COST_BASED,COST_BASED,false,false
1,baseline,1,2034,0.0,0.8558558558558559,DISTRICT_HEATING,TOTAL,67732,6578,707,78962,0.7645151529550016,0.5970900480300324,0.0,1524.5871687047195,0.7045062838062989,MEDIUM,MEDIUM,MEDIUM,5,COST_BASED,COST_BASED,false,false
1,baseline,1,2035,0.0,0.8558558558558559,DISTRICT_HEATING,TOTAL,70401,6830,4161,85792,0.7658546249729239,0.6011833779759365,0.0,1573.3877114115771,0.7103114107206769,MEDIUM,MEDIUM,MEDIUM,5,COST_BASED,COST_BASED,false,false
1,baseline,1,2036,0.0,0.8558558558558559,DISTRICT_HEATING,TOTAL,72483,2725,643,88517,0.7654027127778823,0.5784138672767751,0.0,1606.4739813192743,0.6762701227206928,MEDIUM,MEDIUM,MEDIUM,5,COST_BASED,COST_BASED,false,false
1,baseline,1,2037,0.0,0.8558558558558559,DISTRICT_HEATING,TOTAL,72956,1216,743,89733,0.7971425424264281,0.589440785294353,0.0,1510.7658716829023,0.6848755423349204,MEDIUM,MEDIUM,MEDIUM,5,COST_BASED,COST_BASED,false,false
1,baseline,1,2038,0.0,0.8558558558558559,DISTRICT_HEATING,TOTAL,71982,833,1807,90566,0.7856226954311887,0.5972388290193682,0.0,1544.1168753726893,0.6994525696712547,MEDIUM,MEDIUM,MEDIUM,5,COST_BASED,COST_BASED,false,false
1,baseline,1,2039,0.0,0.8558558558558559,DISTRICT_HEATING,TOTAL,71957,673,698,91239,0.7987373397279178,0.6060222910554047,0.0,1617.5,0.7093491016511271,MEDIUM,MEDIUM,MEDIUM,5,COST_BASED,COST_BASED,false,false
1,baseline,1,2040,0.0,0.8558558558558559,DISTRICT_HEATING,TOTAL,72629,1273,601,92512,0.7383169245066415,0.6017067502597585,0.0,1643.5992026465349,0.7179808942629772,MEDIUM,MEDIUM,MEDIUM,5,COST_BASED,COST_BASED,false,false
1,baseline,1,2041,0.0,0.8558558558558559,DISTRICT_HEATING,TOTAL,72346,913,1196,93425,0.7475522010718277,0.5993138792301435,0.0,1686.7192569443748,0.7120827685772577,MEDIUM,MEDIUM,MEDIUM,5,COST_BASED,COST_BASED,false,false
1,baseline,1,2042,0.0,0.8558558558558559,DISTRICT_HEATING,TOTAL,72199,240,387,93665,0.7381550050311775,0.6045064536654065,0.0,1681.4065948502364,0.7222209292403157,MEDIUM,MEDIUM,MEDIUM,5,COST_BASED,COST_BASED,false,false
1,baseline,1,2043,0.0,0.8558558558558559,DISTRICT_HEATING,TOTAL,72143,607,663,94272,0.7546160684615679,0.591860639811993,0.0,1671.828665568369,0.6991369426025966,MEDIUM,MEDIUM,MEDIUM,5,COST_BASED,COST_BASED,false,false
1,baseline,1,2044,0.0,0.8558558558558559,DISTRICT_HEATING,TOTAL,72016,258,385,94530,0.7391971926935254,0.590793393409909,0.0,1649.2572036905606,0.7013907919414795,MEDIUM,MEDIUM,MEDIUM,5,COST_BASED,COST_BASED,false,false
1,baseline,1,2045,0.0,0.8558558558558559,DISTRICT_HEATING,TOTAL,70725,211,1502,94741,0.6855087257070168,0.5752545368753065,0.0,1731.8814066591844,0.6915046238862042,MEDIUM,MEDIUM,MEDIUM,5,COST_BASED,COST_BASED,false,false
1,baseline,1,2046,0.0,0.8558558558558559,DISTRICT_HEATING,TOTAL,70561,245,409,94986,0.7400196048580361,0.573988236749422,0.0,1857.744134781924,0.6759774539096234,MEDIUM,MEDIUM,MEDIUM,5,COST_BASED,COST_BASED,false,false
1,baseline,1,2047,0.0,0.8558558558558559,DISTRICT_HEATING,TOTAL,70413,284,432,95270,0.6762256208935917,0.5810245936330973,0.0,1683.9055132520994,0.7024804852262491,MEDIUM,MEDIUM,MEDIUM,5,COST_BASED,COST_BASED,false,false
1,baseline,1,2048,0.0,0.8558558558558559,DISTRICT_HEATING,TOTAL,70184,398,627,95668,0.7028837808136031,0.5852002443071899,0.0,1667.3622223942773,0.7020794212573861,MEDIUM,MEDIUM,MEDIUM,5,COST_BASED,COST_BASED,false,false
1,baseline,1,2049,0.0,0.8558558558558559,DISTRICT_HEATING,TOTAL,69631,415,968,96083,0.7210182784810167,0.5813423716360836,0.0,1726.4708485958486,0.6917589878338705,MEDIUM,MEDIUM,MEDIUM,5,COST_BASED,COST_BASED,false,false
1,baseline,1,2050,0.0,0.8558558558558559,DISTRICT_HEATING,TOTAL,69416,240,455,96323,0.7061514077944977,0.5835538713942748,0.0,1718.1654645736105,0.6987929551427869,MEDIUM,MEDIUM,MEDIUM,5,COST_BASED,COST_BASED,false,false
1,baseline,1,2024,0.0,0.0,DISTRICT_HEATING,PRIVATELY_OWNED,15555,15555,0,15555,0.0,0.0,0.0,0.0,0.0,MEDIUM,MEDIUM,MEDIUM,5,COST_BASED,COST_BASED,false,false
1,baseline,1,2025,0.0,0.38738738738738737,DISTRICT_HEATING,PRIVATELY_OWNED,20611,5394,338,20949,0.7639342490535835,0.6090158386904498,0.0,1522.3194314067318,0.7225401957722766,MEDIUM,MEDIUM,MEDIUM,5,COST_BASED,COST_BASED,false,false
1,baseline,1,2026,0.0,0.38738738738738737,DISTRICT_HEATING,PRIVATELY_OWNED,23189,2851,273,23800,0.7652514841487479,0.6092332016846037,0.0,1527.6270308453027,0.7225369314897181,MEDIUM,MEDIUM,MEDIUM,5,COST_BASED,COST_BASED,false,false
1,baseline,1,2027,0.0,0.38738738738738737,DISTRICT_HEATING,PRIVATELY_OWNED,25658,2751,282,26551,0.7660495044482535,0.6160521404006761,0.0,1522.6446783625731,0.7325658344889479,MEDIUM,MEDIUM,MEDIUM,5,COST_BASED,COST_BASED,false,false
1,baseline,1,2028,0.0,0.38738738738738737,DISTRICT_HEATING,PRIVATELY_OWNED,27792,2570,436,29121,0.7622274893711847,0.6033380314479944,0.0,1511.601754385965,0.7144501748291936,MEDIUM,MEDIUM,MEDIUM,5,COST_BASED,COST_BASED,false,false
1,baseline,1,2029,0.0,0.38738738738738737,DISTRICT_HEATING,PRIVATELY_OWNED,30413,3170,549,32291,0.7646812350656568,0.6029437812701293,0.0,1539.763611920233,0.7132453631387774,MEDIUM,MEDIUM,MEDIUM,5,COST_BASED,COST_BASED,false,false
1,baseline,1,2030,0.0,0.8558558558558559,DISTRICT_HEATING,PRIVATELY_OWNED,35839,6102,676,38393,0.7658739836173308,0.5965740873666336,0.0,1626.626817735748,0.7033926351456163,MEDIUM,MEDIUM,MEDIUM,5,COST_BASED,COST_BASED,false,false
1,baseline,1,2031,0.0,0.8558558558558559,DISTRICT_HEATING,PRIVATELY_OWNED,40249,5458,1048,43851,0.7654665626237875,0.5910352008629665,0.0,1610.0375631863344,0.695186160638507,MEDIUM,MEDIUM,MEDIUM,5,COST_BASED,COST_BASED,false,false
1,baseline,1,2032,0.0,0.8558558558558559,DISTRICT_HEATING,PRIVATELY_OWNED,45781,6721,1189,50572,0.7649864175339517,0.6029699132551826,0.0,1617.4315374507228,0.7132082654992885,MEDIUM,MEDIUM,MEDIUM,5,COST_BASED,COST_BASED,false,false
1,baseline,1,2033,0.0,0.8558558558558559,DISTRICT_HEATING,PRIVATELY_OWNED,52322,7503,962,58075,0.7645824633185722,0.5943909724962375,0.0,1604.8977885652644,0.7004408429147162,MEDIUM,MEDIUM,MEDIUM,5,COST_BASED,COST_BASED,false,false
1,baseline,1,2034,0.0,0.8558558558558559,DISTRICT_HEATING,PRIVATELY_OWNED,58298,6573,597,64648,0.7650967101989959,0.5975442470624606,0.0,1525.7469033530572,0.7050421930439424,MEDIUM,MEDIUM,MEDIUM,5,COST_BASED,COST_BASED,false,false
1,baseline,1,2035,0.0,0.8558558558558559,DISTRICT_HEATING,PRIVATELY_OWNED,64514,6824,608,71472,0.7665280024274721,0.6017119682848251,0.0,1574.7711120957022,0.7109359518203727,MEDIUM,MEDIUM,MEDIUM,5,COST_BASED,COST_BASED,false,false
1,baseline,1,2036,0.0,0.8558558558558559,DISTRICT_HEATING,PRIVATELY_OWNED,66769,2723,468,74195,0.7659648888430882,0.5788387030221125,0.0,1607.6539107950873,0.6767668323223973,MEDIUM,MEDIUM,MEDIUM,5,COST_BASED,COST_BASED,false,false
1,baseline,1,2037,0.0,0.8558558558558559,DISTRICT_HEATING,PRIVATELY_OWNED,67378,1216,607,75411,0.7971425424264281,0.589440785294353,0.0,1510.7658716829023,0.6848755423349204,MEDIUM,MEDIUM,MEDIUM,5,COST_BASED,COST_BASED,false,false
1,baseline,1,2038,0.0,0.8558558558558559,DISTRICT_HEATING,PRIVATELY_OWNED,67561,833,650,76244,0.7856226954311887,0.5972388290193682,0.0,1544.1168753726893,0.6994525696712547,MEDIUM,MEDIUM,MEDIUM,5,COST_BASED,COST_BASED,false,false
1,baseline,1,2039,0.0,0.8558558558558559,DISTRICT_HEATING,PRIVATELY_OWNED,67789,673,445,76917,0.7987373397279178,0.6060222910554047,0.0,1617.5,0.7093491016511271,MEDIUM,MEDIUM,MEDIUM,5,COST_BASED,COST_BASED,false,false
1,baseline,1,2040,0.0,0.8558558558558559,DISTRICT_HEATING,PRIVATELY_OWNED,68645,1273,417,78190,0.7383169245066415,0.6017067502597585,0.0,1643.5992026465349,0.7179808942629772,MEDIUM,MEDIUM,MEDIUM,5,COST_BASED,COST_BASED,false,false
1,baseline,1,2041,0.0,0.8558558558558559,DISTRICT_HEATING,PRIVATELY_OWNED,69231,911,325,79101,0.7491933694605695,0.600629606736686,0.0,1690.422262996942,0.7136460677398861,MEDIUM,MEDIUM,MEDIUM,5,COST_BASED,COST_BASED,false,false
1,baseline,1,2042,0.0,0.8558558558558559,DISTRICT_HEATING,PRIVATELY_OWNED,69191,240,280,79341,0.7381550050311775,0.6045064536654065,0.0,1681.4065948502364,0.7222209292403157,MEDIUM,MEDIUM,MEDIUM,5,COST_BASED,COST_BASED,false,false
1,baseline,1,2043,0.0,0.8558558558558559,DISTRICT_HEATING,PRIVATELY_OWNED,69343,606,454,79947,0.7558613094986332,0.592837307534455,0.0,1674.5874587458745,0.7002906339270234,MEDIUM,MEDIUM,MEDIUM,5,COST_BASED,COST_BASED,false,false
1,baseline,1,2044,0.0,0.8558558558558559,DISTRICT_HEATING,PRIVATELY_OWNED,69307,258,294,80205,0.7391971926935254,0.590793393409909,0.0,1649.2572036905606,0.7013907919414795,MEDIUM,MEDIUM,MEDIUM,5,COST_BASED,COST_BASED,false,false
1,baseline,1,2045,0.0,0.8558558558558559,DISTRICT_HEATING,PRIVATELY_OWNED,69273,211,245,80416,0.6855087257070168,0.5752545368753065,0.0,1731.8814066591844,0.6915046238862042,MEDIUM,MEDIUM,MEDIUM,5,COST_BASED,COST_BASED,false,false
1,baseline,1,2046,0.0,0.8558558558558559,DISTRICT_HEATING,PRIVATELY_OWNED,69209,245,309,80661,0.7400196048580361,0.573988236749422,0.0,1857.744134781924,0.6759774539096234,MEDIUM,MEDIUM,MEDIUM,5,COST_BASED,COST_BASED,false,false
1,baseline,1,2047,0.0,0.8558558558558559,DISTRICT_HEATING,PRIVATELY_OWNED,69200,283,292,80944,0.6786151107200709,0.5830776840699633,0.0,1689.8557094120008,0.7049627484249285,MEDIUM,MEDIUM,MEDIUM,5,COST_BASED,COST_BASED,false,false
1,baseline,1,2048,0.0,0.8558558558558559,DISTRICT_HEATING,PRIVATELY_OWNED,69145,397,452,81341,0.7046542689264839,0.5866743003381903,0.0,1671.5621272365804,0.7038478832756666,MEDIUM,MEDIUM,MEDIUM,5,COST_BASED,COST_BASED,false,false
1,baseline,1,2049,0.0,0.8558558558558559,DISTRICT_HEATING,PRIVATELY_OWNED,69130,415,430,81756,0.7210182784810168,0.5813423716360836,0.0,1726.4708485958486,0.6917589878338705,MEDIUM,MEDIUM,MEDIUM,5,COST_BASED,COST_BASED,false,false
1,baseline,1,2050,0.0,0.8558558558558559,DISTRICT_HEATING,PRIVATELY_OWNED,69078,240,292,81996,0.7061514077944977,0.5835538713942748,0.0,1718.1654645736105,0.6987929551427869,MEDIUM,MEDIUM,MEDIUM,5,COST_BASED,COST_BASED,false,false
1,baseline,1,2024,0.0,0.0,DISTRICT_HEATING,SOCIAL_HOUSING,9350,9350,0,9350,0.0,0.0,0.0,0.0,0.0,MEDIUM,MEDIUM,MEDIUM,5,COST_BASED,COST_BASED,false,false
1,baseline,1,2025,0.0,0.38738738738738737,DISTRICT_HEATING,SOCIAL_HOUSING,9350,0,0,9350,0.0,0.0,0.0,0.0,0.0,MEDIUM,MEDIUM,MEDIUM,5,COST_BASED,COST_BASED,false,false
1,baseline,1,2026,0.0,0.38738738738738737,DISTRICT_HEATING,SOCIAL_HOUSING,9350,0,0,9350,0.0,0.0,0.0,0.0,0.0,MEDIUM,MEDIUM,MEDIUM,5,COST_BASED,COST_BASED,false,false
1,baseline,1,2027,0.0,0.38738738738738737,DISTRICT_HEATING,SOCIAL_HOUSING,9350,0,0,9350,0.0,0.0,0.0,0.0,0.0,MEDIUM,MEDIUM,MEDIUM,5,COST_BASED,COST_BASED,false,false
1,baseline,1,2028,0.0,0.38738738738738737,DISTRICT_HEATING,SOCIAL_HOUSING,9350,0,0,9350,0.0,0.0,0.0,0.0,0.0,MEDIUM,MEDIUM,MEDIUM,5,COST_BASED,COST_BASED,false,false
1,baseline,1,2029,0.0,0.38738738738738737,DISTRICT_HEATING,SOCIAL_HOUSING,9350,0,0,9350,0.0,0.0,0.0,0.0,0.0,MEDIUM,MEDIUM,MEDIUM,5,COST_BASED,COST_BASED,false,false
1,baseline,1,2030,0.0,0.8558558558558559,DISTRICT_HEATING,SOCIAL_HOUSING,8031,0,1319,9350,0.0,0.0,0.0,0.0,0.0,MEDIUM,MEDIUM,MEDIUM,5,COST_BASED,COST_BASED,false,false
1,baseline,1,2031,0.0,0.8558558558558559,DISTRICT_HEATING,SOCIAL_HOUSING,8031,0,0,9350,0.0,0.0,0.0,0.0,0.0,MEDIUM,MEDIUM,MEDIUM,5,COST_BASED,COST_BASED,false,false
1,baseline,1,2032,0.0,0.8558558558558559,DISTRICT_HEATING,SOCIAL_HOUSING,6464,0,1567,9350,0.0,0.0,0.0,0.0,0.0,MEDIUM,MEDIUM,MEDIUM,5,COST_BASED,COST_BASED,false,false
1,baseline,1,2033,0.0,0.8558558558558559,DISTRICT_HEATING,SOCIAL_HOUSING,6464,0,0,9350,0.0,0.0,0.0,0.0,0.0,MEDIUM,MEDIUM,MEDIUM,5,COST_BASED,COST_BASED,false,false
1,baseline,1,2034,0.0,0.8558558558558559,DISTRICT_HEATING,SOCIAL_HOUSING,6464,0,0,9350,0.0,0.0,0.0,0.0,0.0,MEDIUM,MEDIUM,MEDIUM,5,COST_BASED,COST_BASED,false,false
1,baseline,1,2035,0.0,0.8558558558558559,DISTRICT_HEATING,SOCIAL_HOUSING,3131,0,3333,9350,0.0,0.0,0.0,0.0,0.0,MEDIUM,MEDIUM,MEDIUM,5,COST_BASED,COST_BASED,false,false
1,baseline,1,2036,0.0,0.8558558558558559,DISTRICT_HEATING,SOCIAL_HOUSING,3131,0,0,9350,0.0,0.0,0.0,0.0,0.0,MEDIUM,MEDIUM,MEDIUM,5,COST_BASED,COST_BASED,false,false
1,baseline,1,2037,0.0,0.8558558558558559,DISTRICT_HEATING,SOCIAL_HOUSING,3131,0,0,9350,0.0,0.0,0.0,0.0,0.0,MEDIUM,MEDIUM,MEDIUM,5,COST_BASED,COST_BASED,false,false
1,baseline,1,2038,0.0,0.8558558558558559,DISTRICT_HEATING,SOCIAL_HOUSING,2241,0,890,9350,0.0,0.0,0.0,0.0,0.0,MEDIUM,MEDIUM,MEDIUM,5,COST_BASED,COST_BASED,false,false
1,baseline,1,2039,0.0,0.8558558558558559,DISTRICT_HEATING,SOCIAL_HOUSING,2241,0,0,9350,0.0,0.0,0.0,0.0,0.0,MEDIUM,MEDIUM,MEDIUM,5,COST_BASED,COST_BASED,false,false
1,baseline,1,2040,0.0,0.8558558558558559,DISTRICT_HEATING,SOCIAL_HOUSING,2241,0,0,9350,0.0,0.0,0.0,0.0,0.0,MEDIUM,MEDIUM,MEDIUM,5,COST_BASED,COST_BASED,false,false
1,baseline,1,2041,0.0,0.8558558558558559,DISTRICT_HEATING,SOCIAL_HOUSING,1543,0,698,9350,0.0,0.0,0.0,0.0,0.0,MEDIUM,MEDIUM,MEDIUM,5,COST_BASED,COST_BASED,false,false
1,baseline,1,2042,0.0,0.8558558558558559,DISTRICT_HEATING,SOCIAL_HOUSING,1543,0,0,9350,0.0,0.0,0.0,0.0,0.0,MEDIUM,MEDIUM,MEDIUM,5,COST_BASED,COST_BASED,false,false
1,baseline,1,2043,0.0,0.8558558558558559,DISTRICT_HEATING,SOCIAL_HOUSING,1543,0,0,9350,0.0,0.0,0.0,0.0,0.0,MEDIUM,MEDIUM,MEDIUM,5,COST_BASED,COST_BASED,false,false
1,baseline,1,2044,0.0,0.8558558558558559,DISTRICT_HEATING,SOCIAL_HOUSING,1543,0,0,9350,0.0,0.0,0.0,0.0,0.0,MEDIUM,MEDIUM,MEDIUM,5,COST_BASED,COST_BASED,false,false
1,baseline,1,2045,0.0,0.8558558558558559,DISTRICT_HEATING,SOCIAL_HOUSING,422,0,1121,9350,0.0,0.0,0.0,0.0,0.0,MEDIUM,MEDIUM,MEDIUM,5,COST_BASED,COST_BASED,false,false
1,baseline,1,2046,0.0,0.8558558558558559,DISTRICT_HEATING,SOCIAL_HOUSING,422,0,0,9350,0.0,0.0,0.0,0.0,0.0,MEDIUM,MEDIUM,MEDIUM,5,COST_BASED,COST_BASED,false,false
1,baseline,1,2047,0.0,0.8558558558558559,DISTRICT_HEATING,SOCIAL_HOUSING,422,0,0,9350,0.0,0.0,0.0,0.0,0.0,MEDIUM,MEDIUM,MEDIUM,5,COST_BASED,COST_BASED,false,false
1,baseline,1,2048,0.0,0.8558558558558559,DISTRICT_HEATING,SOCIAL_HOUSING,422,0,0,9350,0.0,0.0,0.0,0.0,0.0,MEDIUM,MEDIUM,MEDIUM,5,COST_BASED,COST_BASED,false,false
1,baseline,1,2049,0.0,0.8558558558558559,DISTRICT_HEATING,SOCIAL_HOUSING,0,0,422,9350,0.0,0.0,0.0,0.0,0.0,MEDIUM,MEDIUM,MEDIUM,5,COST_BASED,COST_BASED,false,false
1,baseline,1,2050,0.0,0.8558558558558559,DISTRICT_HEATING,SOCIAL_HOUSING,0,0,0,9350,0.0,0.0,0.0,0.0,0.0,MEDIUM,MEDIUM,MEDIUM,5,COST_BASED,COST_BASED,false,false
1,baseline,1,2024,0.0,0.0,DISTRICT_HEATING,PRIVATELY_RENTED,4929,4929,0,4929,0.0,0.0,0.0,0.0,0.0,MEDIUM,MEDIUM,MEDIUM,5,COST_BASED,COST_BASED,false,false
1,baseline,1,2025,0.0,0.38738738738738737,DISTRICT_HEATING,PRIVATELY_RENTED,4807,1,123,4930,0.0,0.0,0.0,0.0,0.0,MEDIUM,MEDIUM,MEDIUM,5,COST_BASED,COST_BASED,false,false
1,baseline,1,2026,0.0,0.38738738738738737,DISTRICT_HEATING,PRIVATELY_RENTED,4674,1,134,4931,0.0,0.0,0.0,0.0,0.0,MEDIUM,MEDIUM,MEDIUM,5,COST_BASED,COST_BASED,false,false
1,baseline,1,2027,0.0,0.38738738738738737,DISTRICT_HEATING,PRIVATELY_RENTED,4572,1,103,4932,0.0,0.0,0.0,0.0,0.0,MEDIUM,MEDIUM,MEDIUM,5,COST_BASED,COST_BASED,false,false
1,baseline,1,2028,0.0,0.38738738738738737,DISTRICT_HEATING,PRIVATELY_RENTED,4433,2,141,4934,0.0,0.0,0.0,0.0,0.0,MEDIUM,MEDIUM,MEDIUM,5,COST_BASED,COST_BASED,false,false
1,baseline,1,2029,0.0,0.38738738738738737,DISTRICT_HEATING,PRIVATELY_RENTED,4261,2,174,4936,0.0,0.0,0.0,0.0,0.0,MEDIUM,MEDIUM,MEDIUM,5,COST_BASED,COST_BASED,false,false
1,baseline,1,2030,0.0,0.8558558558558559,DISTRICT_HEATING,PRIVATELY_RENTED,4059,1,203,4937,0.0,0.0,0.0,0.0,0.0,MEDIUM,MEDIUM,MEDIUM,5,COST_BASED,COST_BASED,false,false
1,baseline,1,2031,0.0,0.8558558558558559,DISTRICT_HEATING,PRIVATELY_RENTED,3907,2,154,4939,0.0,0.0,0.0,0.0,0.0,MEDIUM,MEDIUM,MEDIUM,5,COST_BASED,COST_BASED,false,false
1,baseline,1,2032,0.0,0.8558558558558559,DISTRICT_HEATING,PRIVATELY_RENTED,3407,4,504,4943,0.0,0.0,0.0,0.0,0.0,MEDIUM,MEDIUM,MEDIUM,5,COST_BASED,COST_BASED,false,false
1,baseline,1,2033,0.0,0.8558558558558559,DISTRICT_HEATING,PRIVATELY_RENTED,3075,16,348,4959,0.0,0.0,0.0,0.0,0.0,MEDIUM,MEDIUM,MEDIUM,5,COST_BASED,COST_BASED,false,false
1,baseline,1,2034,0.0,0.8558558558558559,DISTRICT_HEATING,PRIVATELY_RENTED,2970,5,110,4964,0.0,0.0,0.0,0.0,0.0,MEDIUM,MEDIUM,MEDIUM,5,COST_BASED,COST_BASED,false,false
1,baseline,1,2035,0.0,0.8558558558558559,DISTRICT_HEATING,PRIVATELY_RENTED,2756,6,220,4970,0.0,0.0,0.0,0.0,0.0,MEDIUM,MEDIUM,MEDIUM,5,COST_BASED,COST_BASED,false,false
1,baseline,1,2036,0.0,0.8558558558558559,DISTRICT_HEATING,PRIVATELY_RENTED,2583,2,175,4972,0.0,0.0,0.0,0.0,0.0,MEDIUM,MEDIUM,MEDIUM,5,COST_BASED,COST_BASED,false,false
1,baseline,1,2037,0.0,0.8558558558558559,DISTRICT_HEATING,PRIVATELY_RENTED,2447,0,136,4972,0.0,0.0,0.0,0.0,0.0,MEDIUM,MEDIUM,MEDIUM,5,COST_BASED,COST_BASED,false,false
1,baseline,1,2038,0.0,0.8558558558558559,DISTRICT_HEATING,PRIVATELY_RENTED,2180,0,267,4972,0.0,0.0,0.0,0.0,0.0,MEDIUM,MEDIUM,MEDIUM,5,COST_BASED,COST_BASED,false,false
1,baseline,1,2039,0.0,0.8558558558558559,DISTRICT_HEATING,PRIVATELY_RENTED,1927,0,253,4972,0.0,0.0,0.0,0.0,0.0,MEDIUM,MEDIUM,MEDIUM,5,COST_BASED,COST_BASED,false,false
1,baseline,1,2040,0.0,0.8558558558558559,DISTRICT_HEATING,PRIVATELY_RENTED,1743,0,184,4972,0.0,0.0,0.0,0.0,0.0,MEDIUM,MEDIUM,MEDIUM,5,COST_BASED,COST_BASED,false,false
1,baseline,1,2041,0.0,0.8558558558558559,DISTRICT_HEATING,PRIVATELY_RENTED,1572,2,173,4974,0.0,0.0,0.0,0.0,0.0,MEDIUM,MEDIUM,MEDIUM,5,COST_BASED,COST_BASED,false,false
1,baseline,1,2042,0.0,0.8558558558558559,DISTRICT_HEATING,PRIVATELY_RENTED,1465,0,107,4974,0.0,0.0,0.0,0.0,0.0,MEDIUM,MEDIUM,MEDIUM,5,COST_BASED,COST_BASED,false,false
1,baseline,1,2043,0.0,0.8558558558558559,DISTRICT_HEATING,PRIVATELY_RENTED,1257,1,209,4975,0.0,0.0,0.0,0.0,0.0,MEDIUM,MEDIUM,MEDIUM,5,COST_BASED,COST_BASED,false,false
1,baseline,1,2044,0.0,0.8558558558558559,DISTRICT_HEATING,PRIVATELY_RENTED,1166,0,91,4975,0.0,0.0,0.0,0.0,0.0,MEDIUM,MEDIUM,MEDIUM,5,COST_BASED,COST_BASED,false,false
1,baseline,1,2045,0.0,0.8558558558558559,DISTRICT_HEATING,PRIVATELY_RENTED,1030,0,136,4975,0.0,0.0,0.0,0.0,0.0,MEDIUM,MEDIUM,MEDIUM,5,COST_BASED,COST_BASED,false,false
1,baseline,1,2046,0.0,0.8558558558558559,DISTRICT_HEATING,PRIVATELY_RENTED,930,0,100,4975,0.0,0.0,0.0,0.0,0.0,MEDIUM,MEDIUM,MEDIUM,5,COST_BASED,COST_BASED,false,false
1,baseline,1,2047,0.0,0.8558558558558559,DISTRICT_HEATING,PRIVATELY_RENTED,791,1,140,4976,0.0,0.0,0.0,0.0,0.0,MEDIUM,MEDIUM,MEDIUM,5,COST_BASED,COST_BASED,false,false
1,baseline,1,2048,0.0,0.8558558558558559,DISTRICT_HEATING,PRIVATELY_RENTED,617,1,175,4977,0.0,0.0,0.0,0.0,0.0,MEDIUM,MEDIUM,MEDIUM,5,COST_BASED,COST_BASED,false,false
1,baseline,1,2049,0.0,0.8558558558558559,DISTRICT_HEATING,PRIVATELY_RENTED,501,0,116,4977,0.0,0.0,0.0,0.0,0.0,MEDIUM,MEDIUM,MEDIUM,5,COST_BASED,COST_BASED,false,false
1,baseline,1,2050,0.0,0.8558558558558559,DISTRICT_HEATING,PRIVATELY_RENTED,338,0,163,4977,0.0,0.0,0.0,0.0,0.0,MEDIUM,MEDIUM,MEDIUM,5,COST_BASED,COST_BASED,false,false
1,baseline,1,2024,0.0,0.0,ELECTRIC_HEAT_PUMP,TOTAL,10467,10467,0,10467,0.0,0.0,0.0,0.0,0.0,MEDIUM,MEDIUM,MEDIUM,5,COST_BASED,COST_BASED,false,false
1,baseline,1,2025,0.0,0.38738738738738737,ELECTRIC_HEAT_PUMP,TOTAL,16142,6674,999,17141,0.7150968019627725,0.5563993290158573,0.0,2319.562165377751,0.6558247930330959,MEDIUM,MEDIUM,MEDIUM,5,COST_BASED,COST_BASED,false,false
1,baseline,1,2026,0.0,0.38738738738738737,ELECTRIC_HEAT_PUMP,TOTAL,19927,4360,575,21501,0.716663446497789,0.5661277727540728,0.0,2287.8477385094307,0.6700257975066621,MEDIUM,MEDIUM,MEDIUM,5,COST_BASED,COST_BASED,false,false
1,baseline,1,2027,0.0,0.38738738738738737,ELECTRIC_HEAT_PUMP,TOTAL,24399,4994,522,26495,0.7143761679641613,0.5788749737153654,0.0,2252.7838924947437,0.6897184185820094,MEDIUM,MEDIUM,MEDIUM,5,COST_BASED,COST_BASED,false,false
1,baseline,1,2028,0.0,0.38738738738738737,ELECTRIC_HEAT_PUMP,TOTAL,25511,2016,904,28511,0.7146964944688153,0.5441224146491772,0.0,2170.255071945661,0.6375094983565561,MEDIUM,MEDIUM,MEDIUM,5,COST_BASED,COST_BASED,false,false
1,baseline,1,2029,0.0,0.38738738738738737,ELECTRIC_HEAT_PUMP,TOTAL,28671,3681,521,32192,0.7154525217833199,0.5473372723491201,0.0,2175.086700489219,0.6421427780778467,MEDIUM,MEDIUM,MEDIUM,5,COST_BASED,COST_BASED,false,false
1,baseline,1,2030,0.0,0.8558558558558559,ELECTRIC_HEAT_PUMP,TOTAL,32581,4446,536,36638,0.714910403966243,0.5783524342550619,0.0,2106.887374339751,0.6888010503910333,MEDIUM,MEDIUM,MEDIUM,5,COST_BASED,COST_BASED,false,false
1,baseline,1,2031,0.0,0.8558558558558559,ELECTRIC_HEAT_PUMP,TOTAL,33937,1906,550,38544,0.7137165900556056,0.5440629291468371,0.0,2068.965220299306,0.6376652462063549,MEDIUM,MEDIUM,MEDIUM,5,COST_BASED,COST_BASED,false,false
1,baseline,1,2032,0.0,0.8558558558558559,ELECTRIC_HEAT_PUMP,TOTAL,37620,4263,580,42807,0.714742074407102,0.5802972293620451,0.0,2051.3819953364423,0.6917603254412934,MEDIUM,MEDIUM,MEDIUM,5,COST_BASED,COST_BASED,false,false
1,baseline,1,2033,0.0,0.8558558558558559,ELECTRIC_HEAT_PUMP,TOTAL,39509,2566,677,45373,0.7143335736005916,0.5514863183252796,0.0,2023.5255750085819,0.6486460840877695,MEDIUM,MEDIUM,MEDIUM,5,COST_BASED,COST_BASED,false,false
1,baseline,1,2034,0.0,0.8558558558558559,ELECTRIC_HEAT_PUMP,TOTAL,42204,3347,652,48720,0.715479702796823,0.5652308287276046,0.0,1914.2739911324866,0.6689763173922069,MEDIUM,MEDIUM,MEDIUM,5,COST_BASED,COST_BASED,false,false
1,baseline,1,2035,0.0,0.8558558558558559,ELECTRIC_HEAT_PUMP,TOTAL,44409,2991,786,51711,0.7131459756736751,0.5668870528059227,0.0,1970.1131002884779,0.6720440852904697,MEDIUM,MEDIUM,MEDIUM,5,COST_BASED,COST_BASED,false,false
1,baseline,1,2036,0.0,0.8558558558558559,ELECTRIC_HEAT_PUMP,TOTAL,45458,1861,812,53572,0.7154771245659528,0.5504757150216822,0.0,1901.1965917510497,0.6468442913910339,MEDIUM,MEDIUM,MEDIUM,5,COST_BASED,COST_BASED,false,false
1,baseline,1,2037,0.0,0.8558558558558559,ELECTRIC_HEAT_PUMP,TOTAL,45139,951,1270,54523,0.6261945542735606,0.5610289272828549,1.0562521641305389E-4,1793.6618911174785,0.6849683460517881,MEDIUM,MEDIUM,MEDIUM,5,COST_BASED,COST_BASED,false,false
1,baseline,1,2038,0.0,0.8558558558558559,ELECTRIC_HEAT_PUMP,TOTAL,44792,350,697,54873,0.63765565979922,0.5337657442926682,0.0,1756.4805852560496,0.6412347014891975,MEDIUM,MEDIUM,MEDIUM,5,COST_BASED,COST_BASED,false,false
1,baseline,1,2039,0.0,0.8558558558558559,ELECTRIC_HEAT_PUMP,TOTAL,44679,273,386,55146,0.5975291921069584,0.5449184039465131,0.0,1908.7996953541508,0.6679953078930314,MEDIUM,MEDIUM,MEDIUM,5,COST_BASED,COST_BASED,false,false
1,baseline,1,2040,0.0,0.8558558558558559,ELECTRIC_HEAT_PUMP,TOTAL,44281,6276,6674,61422,0.749570645328378,0.6016357238196746,5.1507965797518775E-5,1626.273192988073,0.7150480474059638,MEDIUM,MEDIUM,MEDIUM,5,COST_BASED,COST_BASED,false,false
1,baseline,1,2041,0.0,0.8558558558558559,ELECTRIC_HEAT_PUMP,TOTAL,44352,4431,4360,65853,0.7298473501065268,0.6147657054866513,0.0,1770.6992464032885,0.7396867207033456,MEDIUM,MEDIUM,MEDIUM,5,COST_BASED,COST_BASED,false,false
1,baseline,1,2042,0.0,0.8558558558558559,ELECTRIC_HEAT_PUMP,TOTAL,44381,5023,4994,70876,0.7459467044313843,0.6345661318555476,4.2448407236614816E-5,1686.3179802955663,0.765351909573666,MEDIUM,MEDIUM,MEDIUM,5,COST_BASED,COST_BASED,false,false
1,baseline,1,2043,0.0,0.8558558558558559,ELECTRIC_HEAT_PUMP,TOTAL,44949,2584,2016,73460,0.7240133925662021,0.5895378566348364,3.809696362810646E-5,1659.6374528511205,0.7032939125698009,MEDIUM,MEDIUM,MEDIUM,5,COST_BASED,COST_BASED,false,false
1,baseline,1,2044,0.0,0.8558558558558559,ELECTRIC_HEAT_PUMP,TOTAL,45069,3801,3681,77261,0.7441697202783795,0.6113567387896249,4.420047863566026E-5,1601.6685683959136,0.7309816279951861,MEDIUM,MEDIUM,MEDIUM,5,COST_BASED,COST_BASED,false,false
1,baseline,1,2045,0.0,0.8558558558558559,ELECTRIC_HEAT_PUMP,TOTAL,44585,3962,4446,81223,0.7886786638401182,0.6111417185647104,1.7006649753360453E-4,1620.6414870140893,0.7195003952626505,MEDIUM,MEDIUM,MEDIUM,5,COST_BASED,COST_BASED,false,false
1,baseline,1,2046,0.0,0.8558558558558559,ELECTRIC_HEAT_PUMP,TOTAL,44740,2061,1906,83284,0.7319201125058518,0.5875495739658996,0.0,1719.8468731735827,0.6983443328223812,MEDIUM,MEDIUM,MEDIUM,5,COST_BASED,COST_BASED,false,false
1,baseline,1,2047,0.0,0.8558558558558559,ELECTRIC_HEAT_PUMP,TOTAL,44508,4031,4263,87315,0.7947422056087299,0.617695658805623,0.0,1556.1512862025545,0.7278579368062504,MEDIUM,MEDIUM,MEDIUM,5,COST_BASED,COST_BASED,false,false
1,baseline,1,2048,0.0,0.8558558558558559,ELECTRIC_HEAT_PUMP,TOTAL,44584,2642,2566,89957,0.7676134732359808,0.6164033814097875,0.0,1509.6766784452298,0.7327017038056869,MEDIUM,MEDIUM,MEDIUM,5,COST_BASED,COST_BASED,false,false
1,baseline,1,2049,0.0,0.8558558558558559,ELECTRIC_HEAT_PUMP,TOTAL,44937,3700,3347,93657,0.7509634468477108,0.6087525061364986,8.890437985161327E-5,1558.238855714484,0.7253656713978549,MEDIUM,MEDIUM,MEDIUM,5,COST_BASED,COST_BASED,false,false
1,baseline,1,2050,0.0,0.8558558558558559,ELECTRIC_HEAT_PUMP,TOTAL,44921,2975,2991,96632,0.7654130600655953,0.6147094232089767,1.8076930200936896E-4,1531.8119984715322,0.73066567747156,MEDIUM,MEDIUM,MEDIUM,5,COST_BASED,COST_BASED,false,false
1,baseline,1,2024,0.0,0.0,ELECTRIC_HEAT_PUMP,PRIVATELY_OWNED,8379,8379,0,8379,0.0,0.0,0.0,0.0,0.0,MEDIUM,MEDIUM,MEDIUM,5,COST_BASED,COST_BASED,false,false
1,baseline,1,2025,0.0,0.38738738738738737,ELECTRIC_HEAT_PUMP,PRIVATELY_OWNED,14309,6674,744,15053,0.7150968019627725,0.5563993290158573,0.0,2319.562165377751,0.6558247930330959,MEDIUM,MEDIUM,MEDIUM,5,COST_BASED,COST_BASED,false,false
1,baseline,1,2026,0.0,0.38738738738738737,ELECTRIC_HEAT_PUMP,PRIVATELY_OWNED,18224,4360,445,19413,0.716663446497789,0.5661277727540728,0.0,2287.8477385094307,0.6700257975066621,MEDIUM,MEDIUM,MEDIUM,5,COST_BASED,COST_BASED,false,false
1,baseline,1,2027,0.0,0.38738738738738737,ELECTRIC_HEAT_PUMP,PRIVATELY_OWNED,22821,4994,397,24407,0.7143761679641613,0.5788749737153654,0.0,2252.7838924947437,0.6897184185820094,MEDIUM,MEDIUM,MEDIUM,5,COST_BASED,COST_BASED,false,false
1,baseline,1,2028,0.0,0.38738738738738737,ELECTRIC_HEAT_PUMP,PRIVATELY_OWNED,24293,2016,544,26423,0.7146964944688153,0.5441224146491772,0.0,2170.255071945661,0.6375094983565561,MEDIUM,MEDIUM,MEDIUM,5,COST_BASED,COST_BASED,false,false
1,baseline,1,2029,0.0,0.38738738738738737,ELECTRIC_HEAT_PUMP,PRIVATELY_OWNED,27581,3681,393,30104,0.7154525217833199,0.5473372723491201,0.0,2175.086700489219,0.6421427780778467,MEDIUM,MEDIUM,MEDIUM,5,COST_BASED,COST_BASED,false,false
1,baseline,1,2030,0.0,0.8558558558558559,ELECTRIC_HEAT_PUMP,PRIVATELY_OWNED,31586,4446,441,34550,0.714910403966243,0.5783524342550619,0.0,2106.887374339751,0.6888010503910333,MEDIUM,MEDIUM,MEDIUM,5,COST_BASED,COST_BASED,false,false
1,baseline,1,2031,0.0,0.8558558558558559,ELECTRIC_HEAT_PUMP,PRIVATELY_OWNED,33044,1906,448,36456,0.7137165900556056,0.5440629291468371,0.0,2068.965220299306,0.6376652462063549,MEDIUM,MEDIUM,MEDIUM,5,COST_BASED,COST_BASED,false,false
1,baseline,1,2032,0.0,0.8558558558558559,ELECTRIC_HEAT_PUMP,PRIVATELY_OWNED,36835,4263,472,40719,0.714742074407102,0.5802972293620451,0.0,2051.3819953364423,0.6917603254412934,MEDIUM,MEDIUM,MEDIUM,5,COST_BASED,COST_BASED,false,false
1,baseline,1,2033,0.0,0.8558558558558559,ELECTRIC_HEAT_PUMP,PRIVATELY_OWNED,38867,2566,534,43285,0.7143335736005916,0.5514863183252796,0.0,2023.525575008582,0.6486460840877695,MEDIUM,MEDIUM,MEDIUM,5,COST_BASED,COST_BASED,false,false
1,baseline,1,2034,0.0,0.8558558558558559,ELECTRIC_HEAT_PUMP,PRIVATELY_OWNED,41688,3347,526,46632,0.715479702796823,0.5652308287276046,0.0,1914.2739911324866,0.6689763173922069,MEDIUM,MEDIUM,MEDIUM,5,COST_BASED,COST_BASED,false,false
1,baseline,1,2035,0.0,0.8558558558558559,ELECTRIC_HEAT_PUMP,PRIVATELY_OWNED,44038,2991,641,49623,0.7131459756736752,0.5668870528059227,0.0,1970.1131002884779,0.6720440852904697,MEDIUM,MEDIUM,MEDIUM,5,COST_BASED,COST_BASED,false,false
1,baseline,1,2036,0.0,0.8558558558558559,ELECTRIC_HEAT_PUMP,PRIVATELY_OWNED,45225,1861,674,51484,0.7154771245659528,0.5504757150216822,0.0,1901.1965917510497,0.6468442913910339,MEDIUM,MEDIUM,MEDIUM,5,COST_BASED,COST_BASED,false,false
1,baseline,1,2037,0.0,0.8558558558558559,ELECTRIC_HEAT_PUMP,PRIVATELY_OWNED,44982,951,1194,52435,0.6261945542735606,0.5610289272828549,1.0562521641305389E-4,1793.6618911174785,0.6849683460517881,MEDIUM,MEDIUM,MEDIUM,5,COST_BASED,COST_BASED,false,false
1,baseline,1,2038,0.0,0.8558558558558559,ELECTRIC_HEAT_PUMP,PRIVATELY_OWNED,44719,350,613,52785,0.63765565979922,0.5337657442926682,0.0,1756.4805852560496,0.6412347014891975,MEDIUM,MEDIUM,MEDIUM,5,COST_BASED,COST_BASED,false,false
1,baseline,1,2039,0.0,0.8558558558558559,ELECTRIC_HEAT_PUMP,PRIVATELY_OWNED,44679,273,313,53058,0.5975291921069584,0.5449184039465131,0.0,1908.7996953541508,0.6679953078930314,MEDIUM,MEDIUM,MEDIUM,5,COST_BASED,COST_BASED,false,false
1,baseline,1,2040,0.0,0.8558558558558559,ELECTRIC_HEAT_PUMP,PRIVATELY_OWNED,44281,6276,6674,59334,0.749570645328378,0.6016357238196746,5.150796579751877E-5,1626.2731929880733,0.715048047405964,MEDIUM,MEDIUM,MEDIUM,5,COST_BASED,COST_BASED,false,false
1,baseline,1,2041,0.0,0.8558558558558559,ELECTRIC_HEAT_PUMP,PRIVATELY_OWNED,44352,4431,4360,63765,0.7298473501065268,0.6147657054866513,0.0,1770.6992464032885,0.7396867207033456,MEDIUM,MEDIUM,MEDIUM,5,COST_BASED,COST_BASED,false,false
1,baseline,1,2042,0.0,0.8558558558558559,ELECTRIC_HEAT_PUMP,PRIVATELY_OWNED,44381,5023,4994,68788,0.7459467044313843,0.6345661318555476,4.2448407236614816E-5,1686.3179802955665,0.765351909573666,MEDIUM,MEDIUM,MEDIUM,5,COST_BASED,COST_BASED,false,false
1,baseline,1,2043,0.0,0.8558558558558559,ELECTRIC_HEAT_PUMP,PRIVATELY_OWNED,44949,2584,2016,71372,0.7240133925662021,0.5895378566348364,3.809696362810646E-5,1659.6374528511205,0.7032939125698009,MEDIUM,MEDIUM,MEDIUM,5,COST_BASED,COST_BASED,false,false
1,baseline,1,2044,0.0,0.8558558558558559,ELECTRIC_HEAT_PUMP,PRIVATELY_OWNED,45069,3801,3681,75173,0.7441697202783795,0.6113567387896249,4.420047863566026E-5,1601.6685683959136,0.7309816279951861,MEDIUM,MEDIUM,MEDIUM,5,COST_BASED,COST_BASED,false,false
1,baseline,1,2045,0.0,0.8558558558558559,ELECTRIC_HEAT_PUMP,PRIVATELY_OWNED,44585,3962,4446,79135,0.7886786638401182,0.6111417185647104,1.700664975336045E-4,1620.6414870140893,0.7195003952626505,MEDIUM,MEDIUM,MEDIUM,5,COST_BASED,COST_BASED,false,false
1,baseline,1,2046,0.0,0.8558558558558559,ELECTRIC_HEAT_PUMP,PRIVATELY_OWNED,44740,2061,1906,81196,0.7319201125058518,0.5875495739658996,0.0,1719.8468731735827,0.6983443328223812,MEDIUM,MEDIUM,MEDIUM,5,COST_BASED,COST_BASED,false,false
1,baseline,1,2047,0.0,0.8558558558558559,ELECTRIC_HEAT_PUMP,PRIVATELY_OWNED,44508,4031,4263,85227,0.7947422056087299,0.617695658805623,0.0,1556.1512862025545,0.7278579368062504,MEDIUM,MEDIUM,MEDIUM,5,COST_BASED,COST_BASED,false,false
1,baseline,1,2048,0.0,0.8558558558558559,ELECTRIC_HEAT_PUMP,PRIVATELY_OWNED,44584,2642,2566,87869,0.7676134732359808,0.6164033814097875,0.0,1509.6766784452298,0.7327017038056869,MEDIUM,MEDIUM,MEDIUM,5,COST_BASED,COST_BASED,false,false
1,baseline,1,2049,0.0,0.8558558558558559,ELECTRIC_HEAT_PUMP,PRIVATELY_OWNED,44937,3700,3347,91569,0.7509634468477108,0.6087525061364986,8.890437985161327E-5,1558.238855714484,0.7253656713978549,MEDIUM,MEDIUM,MEDIUM,5,COST_BASED,COST_BASED,false,false
1,baseline,1,2050,0.0,0.8558558558558559,ELECTRIC_HEAT_PUMP,PRIVATELY_OWNED,44921,2975,2991,94544,0.7654130600655953,0.6147094232089767,1.8076930200936896E-4,1531.8119984715322,0.73066567747156,MEDIUM,MEDIUM,MEDIUM,5,COST_BASED,COST_BASED,false,false
1,baseline,1,2024,0.0,0.0,ELECTRIC_HEAT_PUMP,SOCIAL_HOUSING,42,42,0,42,0.0,0.0,0.0,0.0,0.0,MEDIUM,MEDIUM,MEDIUM,5,COST_BASED,COST_BASED,false,false
1,baseline,1,2025,0.0,0.38738738738738737,ELECTRIC_HEAT_PUMP,SOCIAL_HOUSING,42,0,0,42,0.0,0.0,0.0,0.0,0.0,MEDIUM,MEDIUM,MEDIUM,5,COST_BASED,COST_BASED,false,false
1,baseline,1,2026,0.0,0.38738738738738737,ELECTRIC_HEAT_PUMP,SOCIAL_HOUSING,42,0,0,42,0.0,0.0,0.0,0.0,0.0,MEDIUM,MEDIUM,MEDIUM,5,COST_BASED,COST_BASED,false,false
1,baseline,1,2027,0.0,0.38738738738738737,ELECTRIC_HEAT_PUMP,SOCIAL_HOUSING,0,0,42,42,0.0,0.0,0.0,0.0,0.0,MEDIUM,MEDIUM,MEDIUM,5,COST_BASED,COST_BASED,false,false
1,baseline,1,2028,0.0,0.38738738738738737,ELECTRIC_HEAT_PUMP,SOCIAL_HOUSING,0,0,0,42,0.0,0.0,0.0,0.0,0.0,MEDIUM,MEDIUM,MEDIUM,5,COST_BASED,COST_BASED,false,false
1,baseline,1,2029,0.0,0.38738738738738737,ELECTRIC_HEAT_PUMP,SOCIAL_HOUSING,0,0,0,42,0.0,0.0,0.0,0.0,0.0,MEDIUM,MEDIUM,MEDIUM,5,COST_BASED,COST_BASED,false,false
1,baseline,1,2030,0.0,0.8558558558558559,ELECTRIC_HEAT_PUMP,SOCIAL_HOUSING,0,0,0,42,0.0,0.0,0.0,0.0,0.0,MEDIUM,MEDIUM,MEDIUM,5,COST_BASED,COST_BASED,false,false
1,baseline,1,2031,0.0,0.8558558558558559,ELECTRIC_HEAT_PUMP,SOCIAL_HOUSING,0,0,0,42,0.0,0.0,0.0,0.0,0.0,MEDIUM,MEDIUM,MEDIUM,5,COST_BASED,COST_BASED,false,false
1,baseline,1,2032,0.0,0.8558558558558559,ELECTRIC_HEAT_PUMP,SOCIAL_HOUSING,0,0,0,42,0.0,0.0,0.0,0.0,0.0,MEDIUM,MEDIUM,MEDIUM,5,COST_BASED,COST_BASED,false,false
1,baseline,1,2033,0.0,0.8558558558558559,ELECTRIC_HEAT_PUMP,SOCIAL_HOUSING,0,0,0,42,0.0,0.0,0.0,0.0,0.0,MEDIUM,MEDIUM,MEDIUM,5,COST_BASED,COST_BASED,false,false
1,baseline,1,2034,0.0,0.8558558558558559,ELECTRIC_HEAT_PUMP,SOCIAL_HOUSING,0,0,0,42,0.0,0.0,0.0,0.0,0.0,MEDIUM,MEDIUM,MEDIUM,5,COST_BASED,COST_BASED,false,false
1,baseline,1,2035,0.0,0.8558558558558559,ELECTRIC_HEAT_PUMP,SOCIAL_HOUSING,0,0,0,42,0.0,0.0,0.0,0.0,0.0,MEDIUM,MEDIUM,MEDIUM,5,COST_BASED,COST_BASED,false,false
1,baseline,1,2036,0.0,0.8558558558558559,ELECTRIC_HEAT_PUMP,SOCIAL_HOUSING,0,0,0,42,0.0,0.0,0.0,0.0,0.0,MEDIUM,MEDIUM,MEDIUM,5,COST_BASED,COST_BASED,false,false
1,baseline,1,2037,0.0,0.8558558558558559,ELECTRIC_HEAT_PUMP,SOCIAL_HOUSING,0,0,0,42,0.0,0.0,0.0,0.0,0.0,MEDIUM,MEDIUM,MEDIUM,5,COST_BASED,COST_BASED,false,false
1,baseline,1,2038,0.0,0.8558558558558559,ELECTRIC_HEAT_PUMP,SOCIAL_HOUSING,0,0,0,42,0.0,0.0,0.0,0.0,0.0,MEDIUM,MEDIUM,MEDIUM,5,COST_BASED,COST_BASED,false,false
1,baseline,1,2039,0.0,0.8558558558558559,ELECTRIC_HEAT_PUMP,SOCIAL_HOUSING,0,0,0,42,0.0,0.0,0.0,0.0,0.0,MEDIUM,MEDIUM,MEDIUM,5,COST_BASED,COST_BASED,false,false
1,baseline,1,2040,0.0,0.8558558558558559,ELECTRIC_HEAT_PUMP,SOCIAL_HOUSING,0,0,0,42,0.0,0.0,0.0,0.0,0.0,MEDIUM,MEDIUM,MEDIUM,5,COST_BASED,COST_BASED,false,false
1,baseline,1,2041,0.0,0.8558558558558559,ELECTRIC_HEAT_PUMP,SOCIAL_HOUSING,0,0,0,42,0.0,0.0,0.0,0.0,0.0,MEDIUM,MEDIUM,MEDIUM,5,COST_BASED,COST_BASED,false,false
1,baseline,1,2042,0.0,0.8558558558558559,ELECTRIC_HEAT_PUMP,SOCIAL_HOUSING,0,0,0,42,0.0,0.0,0.0,0.0,0.0,MEDIUM,MEDIUM,MEDIUM,5,COST_BASED,COST_BASED,false,false
1,baseline,1,2043,0.0,0.8558558558558559,ELECTRIC_HEAT_PUMP,SOCIAL_HOUSING,0,0,0,42,0.0,0.0,0.0,0.0,0.0,MEDIUM,MEDIUM,MEDIUM,5,COST_BASED,COST_BASED,false,false
1,baseline,1,2044,0.0,0.8558558558558559,ELECTRIC_HEAT_PUMP,SOCIAL_HOUSING,0,0,0,42,0.0,0.0,0.0,0.0,0.0,MEDIUM,MEDIUM,MEDIUM,5,COST_BASED,COST_BASED,false,false
1,baseline,1,2045,0.0,0.8558558558558559,ELECTRIC_HEAT_PUMP,SOCIAL_HOUSING,0,0,0,42,0.0,0.0,0.0,0.0,0.0,MEDIUM,MEDIUM,MEDIUM,5,COST_BASED,COST_BASED,false,false
1,baseline,1,2046,0.0,0.8558558558558559,ELECTRIC_HEAT_PUMP,SOCIAL_HOUSING,0,0,0,42,0.0,0.0,0.0,0.0,0.0,MEDIUM,MEDIUM,MEDIUM,5,COST_BASED,COST_BASED,false,false
1,baseline,1,2047,0.0,0.8558558558558559,ELECTRIC_HEAT_PUMP,SOCIAL_HOUSING,0,0,0,42,0.0,0.0,0.0,0.0,0.0,MEDIUM,MEDIUM,MEDIUM,5,COST_BASED,COST_BASED,false,false
1,baseline,1,2048,0.0,0.8558558558558559,ELECTRIC_HEAT_PUMP,SOCIAL_HOUSING,0,0,0,42,0.0,0.0,0.0,0.0,0.0,MEDIUM,MEDIUM,MEDIUM,5,COST_BASED,COST_BASED,false,false
1,baseline,1,2049,0.0,0.8558558558558559,ELECTRIC_HEAT_PUMP,SOCIAL_HOUSING,0,0,0,42,0.0,0.0,0.0,0.0,0.0,MEDIUM,MEDIUM,MEDIUM,5,COST_BASED,COST_BASED,false,false
1,baseline,1,2050,0.0,0.8558558558558559,ELECTRIC_HEAT_PUMP,SOCIAL_HOUSING,0,0,0,42,0.0,0.0,0.0,0.0,0.0,MEDIUM,MEDIUM,MEDIUM,5,COST_BASED,COST_BASED,false,false
1,baseline,1,2024,0.0,0.0,ELECTRIC_HEAT_PUMP,PRIVATELY_RENTED,2046,2046,0,2046,0.0,0.0,0.0,0.0,0.0,MEDIUM,MEDIUM,MEDIUM,5,COST_BASED,COST_BASED,false,false
1,baseline,1,2025,0.0,0.38738738738738737,ELECTRIC_HEAT_PUMP,PRIVATELY_RENTED,1791,0,255,2046,0.0,0.0,0.0,0.0,0.0,MEDIUM,MEDIUM,MEDIUM,5,COST_BASED,COST_BASED,false,false
1,baseline,1,2026,0.0,0.38738738738738737,ELECTRIC_HEAT_PUMP,PRIVATELY_RENTED,1661,0,130,2046,0.0,0.0,0.0,0.0,0.0,MEDIUM,MEDIUM,MEDIUM,5,COST_BASED,COST_BASED,false,false
1,baseline,1,2027,0.0,0.38738738738738737,ELECTRIC_HEAT_PUMP,PRIVATELY_RENTED,1578,0,83,2046,0.0,0.0,0.0,0.0,0.0,MEDIUM,MEDIUM,MEDIUM,5,COST_BASED,COST_BASED,false,false
1,baseline,1,2028,0.0,0.38738738738738737,ELECTRIC_HEAT_PUMP,PRIVATELY_RENTED,1218,0,360,2046,0.0,0.0,0.0,0.0,0.0,MEDIUM,MEDIUM,MEDIUM,5,COST_BASED,COST_BASED,false,false
1,baseline,1,2029,0.0,0.38738738738738737,ELECTRIC_HEAT_PUMP,PRIVATELY_RENTED,1090,0,128,2046,0.0,0.0,0.0,0.0,0.0,MEDIUM,MEDIUM,MEDIUM,5,COST_BASED,COST_BASED,false,false
1,baseline,1,2030,0.0,0.8558558558558559,ELECTRIC_HEAT_PUMP,PRIVATELY_RENTED,995,0,95,2046,0.0,0.0,0.0,0.0,0.0,MEDIUM,MEDIUM,MEDIUM,5,COST_BASED,COST_BASED,false,false
1,baseline,1,2031,0.0,0.8558558558558559,ELECTRIC_HEAT_PUMP,PRIVATELY_RENTED,893,0,102,2046,0.0,0.0,0.0,0.0,0.0,MEDIUM,MEDIUM,MEDIUM,5,COST_BASED,COST_BASED,false,false
1,baseline,1,2032,0.0,0.8558558558558559,ELECTRIC_HEAT_PUMP,PRIVATELY_RENTED,785,0,108,2046,0.0,0.0,0.0,0.0,0.0,MEDIUM,MEDIUM,MEDIUM,5,COST_BASED,COST_BASED,false,false
1,baseline,1,2033,0.0,0.8558558558558559,ELECTRIC_HEAT_PUMP,PRIVATELY_RENTED,642,0,143,2046,0.0,0.0,0.0,0.0,0.0,MEDIUM,MEDIUM,MEDIUM,5,COST_BASED,COST_BASED,false,false
1,baseline,1,2034,0.0,0.8558558558558559,ELECTRIC_HEAT_PUMP,PRIVATELY_RENTED,516,0,126,2046,0.0,0.0,0.0,0.0,0.0,MEDIUM,MEDIUM,MEDIUM,5,COST_BASED,COST_BASED,false,false
1,baseline,1,2035,0.0,0.8558558558558559,ELECTRIC_HEAT_PUMP,PRIVATELY_RENTED,371,0,145,2046,0.0,0.0,0.0,0.0,0.0,MEDIUM,MEDIUM,MEDIUM,5,COST_BASED,COST_BASED,false,false
1,baseline,1,2036,0.0,0.8558558558558559,ELECTRIC_HEAT_PUMP,PRIVATELY_RENTED,233,0,138,2046,0.0,0.0,0.0,0.0,0.0,MEDIUM,MEDIUM,MEDIUM,5,COST_BASED,COST_BASED,false,false
1,baseline,1,2037,0.0,0.8558558558558559,ELECTRIC_HEAT_PUMP,PRIVATELY_RENTED,157,0,76,2046,0.0,0.0,0.0,0.0,0.0,MEDIUM,MEDIUM,MEDIUM,5,COST_BASED,COST_BASED,false,false
1,baseline,1,2038,0.0,0.8558558558558559,ELECTRIC_HEAT_PUMP,PRIVATELY_RENTED,73,0,84,2046,0.0,0.0,0.0,0.0,0.0,MEDIUM,MEDIUM,MEDIUM,5,COST_BASED,COST_BASED,false,false
1,baseline,1,2039,0.0,0.8558558558558559,ELECTRIC_HEAT_PUMP,PRIVATELY_RENTED,0,0,73,2046,0.0,0.0,0.0,0.0,0.0,MEDIUM,MEDIUM,MEDIUM,5,COST_BASED,COST_BASED,false,false
1,baseline,1,2040,0.0,0.8558558558558559,ELECTRIC_HEAT_PUMP,PRIVATELY_RENTED,0,0,0,2046,0.0,0.0,0.0,0.0,0.0,MEDIUM,MEDIUM,MEDIUM,5,COST_BASED,COST_BASED,false,false
1,baseline,1,2041,0.0,0.8558558558558559,ELECTRIC_HEAT_PUMP,PRIVATELY_RENTED,0,0,0,2046,0.0,0.0,0.0,0.0,0.0,MEDIUM,MEDIUM,MEDIUM,5,COST_BASED,COST_BASED,false,false
1,baseline,1,2042,0.0,0.8558558558558559,ELECTRIC_HEAT_PUMP,PRIVATELY_RENTED,0,0,0,2046,0.0,0.0,0.0,0.0,0.0,MEDIUM,MEDIUM,MEDIUM,5,COST_BASED,COST_BASED,false,false
1,baseline,1,2043,0.0,0.8558558558558559,ELECTRIC_HEAT_PUMP,PRIVATELY_RENTED,0,0,0,2046,0.0,0.0,0.0,0.0,0.0,MEDIUM,MEDIUM,MEDIUM,5,COST_BASED,COST_BASED,false,false
1,baseline,1,2044,0.0,0.8558558558558559,ELECTRIC_HEAT_PUMP,PRIVATELY_RENTED,0,0,0,2046,0.0,0.0,0.0,0.0,0.0,MEDIUM,MEDIUM,MEDIUM,5,COST_BASED,COST_BASED,false,false
1,baseline,1,2045,0.0,0.8558558558558559,ELECTRIC_HEAT_PUMP,PRIVATELY_RENTED,0,0,0,2046,0.0,0.0,0.0,0.0,0.0,MEDIUM,MEDIUM,MEDIUM,5,COST_BASED,COST_BASED,false,false
1,baseline,1,2046,0.0,0.8558558558558559,ELECTRIC_HEAT_PUMP,PRIVATELY_RENTED,0,0,0,2046,0.0,0.0,0.0,0.0,0.0,MEDIUM,MEDIUM,MEDIUM,5,COST_BASED,COST_BASED,false,false
1,baseline,1,2047,0.0,0.8558558558558559,ELECTRIC_HEAT_PUMP,PRIVATELY_RENTED,0,0,0,2046,0.0,0.0,0.0,0.0,0.0,MEDIUM,MEDIUM,MEDIUM,5,COST_BASED,COST_BASED,false,false
1,baseline,1,2048,0.0,0.8558558558558559,ELECTRIC_HEAT_PUMP,PRIVATELY_RENTED,0,0,0,2046,0.0,0.0,0.0,0.0,0.0,MEDIUM,MEDIUM,MEDIUM,5,COST_BASED,COST_BASED,false,false
1,baseline,1,2049,0.0,0.8558558558558559,ELECTRIC_HEAT_PUMP,PRIVATELY_RENTED,0,0,0,2046,0.0,0.0,0.0,0.0,0.0,MEDIUM,MEDIUM,MEDIUM,5,COST_BASED,COST_BASED,false,false
1,baseline,1,2050,0.0,0.8558558558558559,ELECTRIC_HEAT_PUMP,PRIVATELY_RENTED,0,0,0,2046,0.0,0.0,0.0,0.0,0.0,MEDIUM,MEDIUM,MEDIUM,5,COST_BASED,COST_BASED,false,false
1,baseline,1,2024,0.0,0.0,HYBRID_HEAT_PUMP,TOTAL,1904,1904,0,1904,0.0,0.0,0.0,0.0,0.0,MEDIUM,MEDIUM,MEDIUM,5,COST_BASED,COST_BASED,false,false
1,baseline,1,2025,0.0,0.38738738738738737,HYBRID_HEAT_PUMP,TOTAL,7263,5579,220,7483,0.7167262768056176,0.5290562413155704,0.0,1653.7798082379525,0.6144027927719476,MEDIUM,MEDIUM,MEDIUM,5,COST_BASED,COST_BASED,false,false
1,baseline,1,2026,0.0,0.38738738738738737,HYBRID_HEAT_PUMP,TOTAL,10794,3645,114,11128,0.6894306444862737,0.5162433084576639,0.0,1566.7966769980626,0.6020073015649301,MEDIUM,MEDIUM,MEDIUM,5,COST_BASED,COST_BASED,false,false
1,baseline,1,2027,0.0,0.38738738738738737,HYBRID_HEAT_PUMP,TOTAL,13769,3082,107,14210,0.6724702530216278,0.5045450680658337,0.0,1499.9805177362828,0.5887000388433502,MEDIUM,MEDIUM,MEDIUM,5,COST_BASED,COST_BASED,false,false
1,baseline,1,2028,0.0,0.38738738738738737,HYBRID_HEAT_PUMP,TOTAL,20833,7190,126,21400,0.6837498700679727,0.5281312322654736,0.0,1488.2908822506108,0.6212593808812138,MEDIUM,MEDIUM,MEDIUM,5,COST_BASED,COST_BASED,false,false
1,baseline,1,2029,0.0,0.38738738738738737,HYBRID_HEAT_PUMP,TOTAL,24764,4041,110,25441,0.6440424783711276,0.47282474245970246,0.0,1397.6359818429316,0.5482264940967672,MEDIUM,MEDIUM,MEDIUM,5,COST_BASED,COST_BASED,false,false
1,baseline,1,2030,0.0,0.8558558558558559,HYBRID_HEAT_PUMP,TOTAL,26369,1747,142,27188,0.45976818877258974,0.34776421013757164,0.0,975.0665842171518,0.4067042680132098,MEDIUM,MEDIUM,MEDIUM,5,COST_BASED,COST_BASED,false,false
1,baseline,1,2031,0.0,0.8558558558558559,HYBRID_HEAT_PUMP,TOTAL,31485,5239,123,32427,0.6542649246631744,0.505565675256242,0.0,1370.686967501541,0.5947822817185717,MEDIUM,MEDIUM,MEDIUM,5,COST_BASED,COST_BASED,false,false
1,baseline,1,2032,0.0,0.8558558558558559,HYBRID_HEAT_PUMP,TOTAL,33105,1747,127,34174,0.37864920285542697,0.2842892877155094,0.0,787.7649118771038,0.3317716308594087,MEDIUM,MEDIUM,MEDIUM,5,COST_BASED,COST_BASED,false,false
1,baseline,1,2033,0.0,0.8558558558558559,HYBRID_HEAT_PUMP,TOTAL,35351,2375,129,36549,0.46094859921047443,0.34573442639979635,0.0,949.8802932769617,0.4033644897970712,MEDIUM,MEDIUM,MEDIUM,5,COST_BASED,COST_BASED,false,false
1,baseline,1,2034,0.0,0.8558558558558559,HYBRID_HEAT_PUMP,TOTAL,39401,4168,118,40717,0.5940184636573478,0.46014073558529534,0.0,1167.6348852803867,0.5417064874636071,MEDIUM,MEDIUM,MEDIUM,5,COST_BASED,COST_BASED,false,false
1,baseline,1,2035,0.0,0.8558558558558559,HYBRID_HEAT_PUMP,TOTAL,42077,2801,125,43518,0.5014827488089868,0.3850307450692508,0.0,1003.0821624213262,0.4521754304016285,MEDIUM,MEDIUM,MEDIUM,5,COST_BASED,COST_BASED,false,false
1,baseline,1,2036,0.0,0.8558558558558559,HYBRID_HEAT_PUMP,TOTAL,46366,4386,97,47904,0.5996642018025613,0.4610831511364051,0.0,1166.2328818079754,0.541708676253964,MEDIUM,MEDIUM,MEDIUM,5,COST_BASED,COST_BASED,false,false
1,baseline,1,2037,0.0,0.8558558558558559,HYBRID_HEAT_PUMP,TOTAL,47144,946,168,48850,0.6626432169406211,0.4812209684202107,0.0,1164.6214376052117,0.5561706483951598,MEDIUM,MEDIUM,MEDIUM,5,COST_BASED,COST_BASED,false,false
1,baseline,1,2038,0.0,0.8558558558558559,HYBRID_HEAT_PUMP,TOTAL,47717,689,116,49539,0.542691616808489,0.399231371495594,0.0,954.1728978489047,0.4631741530412691,MEDIUM,MEDIUM,MEDIUM,5,COST_BASED,COST_BASED,false,false
1,baseline,1,2039,0.0,0.8558558558558559,HYBRID_HEAT_PUMP,TOTAL,47999,364,82,49903,0.49366309885863185,0.3551156677095573,0.0,915.8186206405933,0.40925772684967743,MEDIUM,MEDIUM,MEDIUM,5,COST_BASED,COST_BASED,false,false
1,baseline,1,2040,0.0,0.8558558558558559,HYBRID_HEAT_PUMP,TOTAL,47645,5225,5579,55128,0.6816594976470572,0.5549973641896315,0.0,1127.8175362509226,0.6620811718726801,MEDIUM,MEDIUM,MEDIUM,5,COST_BASED,COST_BASED,false,false
1,baseline,1,2041,0.0,0.8558558558558559,HYBRID_HEAT_PUMP,TOTAL,47661,3661,3645,58789,0.6673303913324444,0.5425072059190843,0.0,1188.2619092426612,0.6469282110455156,MEDIUM,MEDIUM,MEDIUM,5,COST_BASED,COST_BASED,false,false
1,baseline,1,2042,0.0,0.8558558558558559,HYBRID_HEAT_PUMP,TOTAL,47722,3143,3082,61932,0.641337387691368,0.5356155778429141,0.0,1098.488780760749,0.6430890198415316,MEDIUM,MEDIUM,MEDIUM,5,COST_BASED,COST_BASED,false,false
1,baseline,1,2043,0.0,0.8558558558558559,HYBRID_HEAT_PUMP,TOTAL,47059,6527,7190,68459,0.6624308322982884,0.5383658561422003,0.0,1102.1619301558692,0.6419410761387319,MEDIUM,MEDIUM,MEDIUM,5,COST_BASED,COST_BASED,false,false
1,baseline,1,2044,0.0,0.8558558558558559,HYBRID_HEAT_PUMP,TOTAL,47032,4014,4041,72473,0.6149614099953419,0.5037271616287035,0.0,1011.3384732975517,0.6018503899442175,MEDIUM,MEDIUM,MEDIUM,5,COST_BASED,COST_BASED,false,false
1,baseline,1,2045,0.0,0.8558558558558559,HYBRID_HEAT_PUMP,TOTAL,47625,2340,1747,74813,0.4696088803309945,0.4094922760396328,0.0,861.0797921499841,0.4968361939767034,MEDIUM,MEDIUM,MEDIUM,5,COST_BASED,COST_BASED,false,false
1,baseline,1,2046,0.0,0.8558558558558559,HYBRID_HEAT_PUMP,TOTAL,47597,5211,5239,80024,0.627259765108714,0.527532003071748,0.0,1143.4310026860637,0.6344830633304404,MEDIUM,MEDIUM,MEDIUM,5,COST_BASED,COST_BASED,false,false
1,baseline,1,2047,0.0,0.8558558558558559,HYBRID_HEAT_PUMP,TOTAL,47901,2051,1747,82075,0.37326178348837924,0.3248484192883324,0.0,671.2949921804211,0.3939571830604017,MEDIUM,MEDIUM,MEDIUM,5,COST_BASED,COST_BASED,false,false
1,baseline,1,2048,0.0,0.8558558558558559,HYBRID_HEAT_PUMP,TOTAL,47935,2409,2375,84484,0.4176829729045207,0.35383607701876063,0.0,720.469370602291,0.4263333723020109,MEDIUM,MEDIUM,MEDIUM,5,COST_BASED,COST_BASED,false,false
1,baseline,1,2049,0.0,0.8558558558558559,HYBRID_HEAT_PUMP,TOTAL,47679,3912,4168,88396,0.5418907158521182,0.4462543203916187,0.0,929.1364785736133,0.5339088016243961,MEDIUM,MEDIUM,MEDIUM,5,COST_BASED,COST_BASED,false,false
1,baseline,1,2050,0.0,0.8558558558558559,HYBRID_HEAT_PUMP,TOTAL,47822,2944,2801,91340,0.46645786502585096,0.4042425518466652,0.0,809.1080740631905,0.48974936151353654,MEDIUM,MEDIUM,MEDIUM,5,COST_BASED,COST_BASED,false,false
1,baseline,1,2024,0.0,0.0,HYBRID_HEAT_PUMP,PRIVATELY_OWNED,1542,1542,0,1542,0.0,0.0,0.0,0.0,0.0,MEDIUM,MEDIUM,MEDIUM,5,COST_BASED,COST_BASED,false,false
1,baseline,1,2025,0.0,0.38738738738738737,HYBRID_HEAT_PUMP,PRIVATELY_OWNED,6587,5223,178,6765,0.7655783837446948,0.5651167471375775,0.0,1766.5015412903574,0.6562805247701887,MEDIUM,MEDIUM,MEDIUM,5,COST_BASED,COST_BASED,false,false
1,baseline,1,2026,0.0,0.38738738738738737,HYBRID_HEAT_PUMP,PRIVATELY_OWNED,9783,3289,93,10054,0.7640543323662109,0.5721212706987487,0.0,1736.3861014466215,0.6671683229565735,MEDIUM,MEDIUM,MEDIUM,5,COST_BASED,COST_BASED,false,false
1,baseline,1,2027,0.0,0.38738738738738737,HYBRID_HEAT_PUMP,PRIVATELY_OWNED,12400,2705,88,12759,0.7661934638863795,0.5748642882731606,0.0,1709.035103757199,0.6707480664381535,MEDIUM,MEDIUM,MEDIUM,5,COST_BASED,COST_BASED,false,false
1,baseline,1,2028,0.0,0.38738738738738737,HYBRID_HEAT_PUMP,PRIVATELY_OWNED,18733,6424,91,19183,0.7652804429932635,0.5911057845561575,0.0,1665.7552060058986,0.6953385660859164,MEDIUM,MEDIUM,MEDIUM,5,COST_BASED,COST_BASED,false,false
1,baseline,1,2029,0.0,0.38738738738738737,HYBRID_HEAT_PUMP,PRIVATELY_OWNED,22049,3403,87,22586,0.7647886144865491,0.561470697701927,0.0,1659.667059249864,0.6510088929312478,MEDIUM,MEDIUM,MEDIUM,5,COST_BASED,COST_BASED,false,false
1,baseline,1,2030,0.0,0.8558558558558559,HYBRID_HEAT_PUMP,PRIVATELY_OWNED,22978,1049,120,23635,0.7656959254391937,0.5791649905722952,0.0,1623.8716135627876,0.677323504498644,MEDIUM,MEDIUM,MEDIUM,5,COST_BASED,COST_BASED,false,false
1,baseline,1,2031,0.0,0.8558558558558559,HYBRID_HEAT_PUMP,PRIVATELY_OWNED,27351,4477,104,28112,0.7656229484722741,0.5916146018913226,0.0,1603.9823593345038,0.6960161657189183,MEDIUM,MEDIUM,MEDIUM,5,COST_BASED,COST_BASED,false,false
1,baseline,1,2032,0.0,0.8558558558558559,HYBRID_HEAT_PUMP,PRIVATELY_OWNED,28107,865,109,28977,0.7647400663450068,0.5741657637445028,0.0,1591.011908727515,0.6700636290305052,MEDIUM,MEDIUM,MEDIUM,5,COST_BASED,COST_BASED,false,false
1,baseline,1,2033,0.0,0.8558558558558559,HYBRID_HEAT_PUMP,PRIVATELY_OWNED,29433,1432,106,30409,0.7644922647520089,0.5734073063544108,0.0,1575.3950394782012,0.6689878933436062,MEDIUM,MEDIUM,MEDIUM,5,COST_BASED,COST_BASED,false,false
1,baseline,1,2034,0.0,0.8558558558558559,HYBRID_HEAT_PUMP,PRIVATELY_OWNED,32575,3235,93,33644,0.7653381627585242,0.592849021922569,0.0,1504.390170586909,0.6979389921942238,MEDIUM,MEDIUM,MEDIUM,5,COST_BASED,COST_BASED,false,false
1,baseline,1,2035,0.0,0.8558558558558559,HYBRID_HEAT_PUMP,PRIVATELY_OWNED,34313,1832,94,35476,0.7667320848329542,0.5886851074994385,0.0,1533.6425419989819,0.6913446400409178,MEDIUM,MEDIUM,MEDIUM,5,COST_BASED,COST_BASED,false,false
1,baseline,1,2036,0.0,0.8558558558558559,HYBRID_HEAT_PUMP,PRIVATELY_OWNED,37668,3436,81,38912,0.7654619293090902,0.5885653960664355,0.0,1488.6779451716473,0.6914826117723766,MEDIUM,MEDIUM,MEDIUM,5,COST_BASED,COST_BASED,false,false
1,baseline,1,2037,0.0,0.8558558558558559,HYBRID_HEAT_PUMP,PRIVATELY_OWNED,38313,785,140,39697,0.7985483862749396,0.5799172434719991,0.0,1403.4801018783826,0.6702387686392627,MEDIUM,MEDIUM,MEDIUM,5,COST_BASED,COST_BASED,false,false
1,baseline,1,2038,0.0,0.8558558558558559,HYBRID_HEAT_PUMP,PRIVATELY_OWNED,38696,475,92,40172,0.7871884715390502,0.5790956104430828,0.0,1384.0528981429375,0.6718462977798618,MEDIUM,MEDIUM,MEDIUM,5,COST_BASED,COST_BASED,false,false
1,baseline,1,2039,0.0,0.8558558558558559,HYBRID_HEAT_PUMP,PRIVATELY_OWNED,38855,225,66,40397,0.7986371910424088,0.5744982357612394,0.0,1481.5910129474487,0.6620880558812559,MEDIUM,MEDIUM,MEDIUM,5,COST_BASED,COST_BASED,false,false
1,baseline,1,2040,0.0,0.8558558558558559,HYBRID_HEAT_PUMP,PRIVATELY_OWNED,38451,4819,5223,45216,0.7390892042344624,0.6017558057461765,0.0,1222.8359881533659,0.7178614075606461,MEDIUM,MEDIUM,MEDIUM,5,COST_BASED,COST_BASED,false,false
1,baseline,1,2041,0.0,0.8558558558558559,HYBRID_HEAT_PUMP,PRIVATELY_OWNED,38417,3255,3289,48471,0.7505673003588569,0.6101747713885615,0.0,1336.4752226535738,0.7276203319931283,MEDIUM,MEDIUM,MEDIUM,5,COST_BASED,COST_BASED,false,false
1,baseline,1,2042,0.0,0.8558558558558559,HYBRID_HEAT_PUMP,PRIVATELY_OWNED,38436,2724,2705,51195,0.7399865673692987,0.6180028491777824,0.0,1267.4560344827587,0.7420076319243516,MEDIUM,MEDIUM,MEDIUM,5,COST_BASED,COST_BASED,false,false
1,baseline,1,2043,0.0,0.8558558558558559,HYBRID_HEAT_PUMP,PRIVATELY_OWNED,37724,5712,6424,56907,0.7569478365565351,0.6151810124369995,0.0,1259.4206789438651,0.7335345595163695,MEDIUM,MEDIUM,MEDIUM,5,COST_BASED,COST_BASED,false,false
1,baseline,1,2044,0.0,0.8558558558558559,HYBRID_HEAT_PUMP,PRIVATELY_OWNED,37654,3333,3403,60240,0.7406105909754882,0.6066489129245771,0.0,1217.975587103622,0.7248207216429909,MEDIUM,MEDIUM,MEDIUM,5,COST_BASED,COST_BASED,false,false
1,baseline,1,2045,0.0,0.8558558558558559,HYBRID_HEAT_PUMP,PRIVATELY_OWNED,38191,1586,1049,61826,0.6928655611440903,0.6041689318617532,0.0,1270.4455949753863,0.7330370075066116,MEDIUM,MEDIUM,MEDIUM,5,COST_BASED,COST_BASED,false,false
1,baseline,1,2046,0.0,0.8558558558558559,HYBRID_HEAT_PUMP,PRIVATELY_OWNED,38118,4404,4477,66230,0.7422004168895342,0.624198289738165,0.0,1352.956165984804,0.7507473303848602,MEDIUM,MEDIUM,MEDIUM,5,COST_BASED,COST_BASED,false,false
1,baseline,1,2047,0.0,0.8558558558558559,HYBRID_HEAT_PUMP,PRIVATELY_OWNED,38368,1115,865,67345,0.68660082325979,0.5975462851662509,0.0,1234.821550638604,0.7246692219344251,MEDIUM,MEDIUM,MEDIUM,5,COST_BASED,COST_BASED,false,false
1,baseline,1,2048,0.0,0.8558558558558559,HYBRID_HEAT_PUMP,PRIVATELY_OWNED,38352,1416,1432,68761,0.7105920068693435,0.601971122555222,0.0,1225.713780918728,0.7253086821154974,MEDIUM,MEDIUM,MEDIUM,5,COST_BASED,COST_BASED,false,false
1,baseline,1,2049,0.0,0.8558558558558559,HYBRID_HEAT_PUMP,PRIVATELY_OWNED,38038,2921,3235,71682,0.7257365561155381,0.5976538518904527,0.0,1244.3621719205667,0.7150466388067914,MEDIUM,MEDIUM,MEDIUM,5,COST_BASED,COST_BASED,false,false
1,baseline,1,2050,0.0,0.8558558558558559,HYBRID_HEAT_PUMP,PRIVATELY_OWNED,38132,1926,1832,73608,0.71300724539777,0.617907618191372,0.0,1236.7674818494459,0.7486096159376177,MEDIUM,MEDIUM,MEDIUM,5,COST_BASED,COST_BASED,false,false
1,baseline,1,2024,0.0,0.0,HYBRID_HEAT_PUMP,SOCIAL_HOUSING,0,0,0,0,0.0,0.0,0.0,0.0,0.0,MEDIUM,MEDIUM,MEDIUM,5,COST_BASED,COST_BASED,false,false
1,baseline,1,2025,0.0,0.38738738738738737,HYBRID_HEAT_PUMP,SOCIAL_HOUSING,0,0,0,0,0.0,0.0,0.0,0.0,0.0,MEDIUM,MEDIUM,MEDIUM,5,COST_BASED,COST_BASED,false,false
1,baseline,1,2026,0.0,0.38738738738738737,HYBRID_HEAT_PUMP,SOCIAL_HOUSING,0,0,0,0,0.0,0.0,0.0,0.0,0.0,MEDIUM,MEDIUM,MEDIUM,5,COST_BASED,COST_BASED,false,false
1,baseline,1,2027,0.0,0.38738738738738737,HYBRID_HEAT_PUMP,SOCIAL_HOUSING,0,0,0,0,0.0,0.0,0.0,0.0,0.0,MEDIUM,MEDIUM,MEDIUM,5,COST_BASED,COST_BASED,false,false
1,baseline,1,2028,0.0,0.38738738738738737,HYBRID_HEAT_PUMP,SOCIAL_HOUSING,0,0,0,0,0.0,0.0,0.0,0.0,0.0,MEDIUM,MEDIUM,MEDIUM,5,COST_BASED,COST_BASED,false,false
1,baseline,1,2029,0.0,0.38738738738738737,HYBRID_HEAT_PUMP,SOCIAL_HOUSING,0,0,0,0,0.0,0.0,0.0,0.0,0.0,MEDIUM,MEDIUM,MEDIUM,5,COST_BASED,COST_BASED,false,false
1,baseline,1,2030,0.0,0.8558558558558559,HYBRID_HEAT_PUMP,SOCIAL_HOUSING,0,0,0,0,0.0,0.0,0.0,0.0,0.0,MEDIUM,MEDIUM,MEDIUM,5,COST_BASED,COST_BASED,false,false
1,baseline,1,2031,0.0,0.8558558558558559,HYBRID_HEAT_PUMP,SOCIAL_HOUSING,0,0,0,0,0.0,0.0,0.0,0.0,0.0,MEDIUM,MEDIUM,MEDIUM,5,COST_BASED,COST_BASED,false,false
1,baseline,1,2032,0.0,0.8558558558558559,HYBRID_HEAT_PUMP,SOCIAL_HOUSING,0,0,0,0,0.0,0.0,0.0,0.0,0.0,MEDIUM,MEDIUM,MEDIUM,5,COST_BASED,COST_BASED,false,false
1,baseline,1,2033,0.0,0.8558558558558559,HYBRID_HEAT_PUMP,SOCIAL_HOUSING,0,0,0,0,0.0,0.0,0.0,0.0,0.0,MEDIUM,MEDIUM,MEDIUM,5,COST_BASED,COST_BASED,false,false
1,baseline,1,2034,0.0,0.8558558558558559,HYBRID_HEAT_PUMP,SOCIAL_HOUSING,0,0,0,0,0.0,0.0,0.0,0.0,0.0,MEDIUM,MEDIUM,MEDIUM,5,COST_BASED,COST_BASED,false,false
1,baseline,1,2035,0.0,0.8558558558558559,HYBRID_HEAT_PUMP,SOCIAL_HOUSING,0,0,0,0,0.0,0.0,0.0,0.0,0.0,MEDIUM,MEDIUM,MEDIUM,5,COST_BASED,COST_BASED,false,false
1,baseline,1,2036,0.0,0.8558558558558559,HYBRID_HEAT_PUMP,SOCIAL_HOUSING,0,0,0,0,0.0,0.0,0.0,0.0,0.0,MEDIUM,MEDIUM,MEDIUM,5,COST_BASED,COST_BASED,false,false
1,baseline,1,2037,0.0,0.8558558558558559,HYBRID_HEAT_PUMP,SOCIAL_HOUSING,0,0,0,0,0.0,0.0,0.0,0.0,0.0,MEDIUM,MEDIUM,MEDIUM,5,COST_BASED,COST_BASED,false,false
1,baseline,1,2038,0.0,0.8558558558558559,HYBRID_HEAT_PUMP,SOCIAL_HOUSING,0,0,0,0,0.0,0.0,0.0,0.0,0.0,MEDIUM,MEDIUM,MEDIUM,5,COST_BASED,COST_BASED,false,false
1,baseline,1,2039,0.0,0.8558558558558559,HYBRID_HEAT_PUMP,SOCIAL_HOUSING,0,0,0,0,0.0,0.0,0.0,0.0,0.0,MEDIUM,MEDIUM,MEDIUM,5,COST_BASED,COST_BASED,false,false
1,baseline,1,2040,0.0,0.8558558558558559,HYBRID_HEAT_PUMP,SOCIAL_HOUSING,0,0,0,0,0.0,0.0,0.0,0.0,0.0,MEDIUM,MEDIUM,MEDIUM,5,COST_BASED,COST_BASED,false,false
1,baseline,1,2041,0.0,0.8558558558558559,HYBRID_HEAT_PUMP,SOCIAL_HOUSING,0,0,0,0,0.0,0.0,0.0,0.0,0.0,MEDIUM,MEDIUM,MEDIUM,5,COST_BASED,COST_BASED,false,false
1,baseline,1,2042,0.0,0.8558558558558559,HYBRID_HEAT_PUMP,SOCIAL_HOUSING,0,0,0,0,0.0,0.0,0.0,0.0,0.0,MEDIUM,MEDIUM,MEDIUM,5,COST_BASED,COST_BASED,false,false
1,baseline,1,2043,0.0,0.8558558558558559,HYBRID_HEAT_PUMP,SOCIAL_HOUSING,0,0,0,0,0.0,0.0,0.0,0.0,0.0,MEDIUM,MEDIUM,MEDIUM,5,COST_BASED,COST_BASED,false,false
1,baseline,1,2044,0.0,0.8558558558558559,HYBRID_HEAT_PUMP,SOCIAL_HOUSING,0,0,0,0,0.0,0.0,0.0,0.0,0.0,MEDIUM,MEDIUM,MEDIUM,5,COST_BASED,COST_BASED,false,false
1,baseline,1,2045,0.0,0.8558558558558559,HYBRID_HEAT_PUMP,SOCIAL_HOUSING,0,0,0,0,0.0,0.0,0.0,0.0,0.0,MEDIUM,MEDIUM,MEDIUM,5,COST_BASED,COST_BASED,false,false
1,baseline,1,2046,0.0,0.8558558558558559,HYBRID_HEAT_PUMP,SOCIAL_HOUSING,0,0,0,0,0.0,0.0,0.0,0.0,0.0,MEDIUM,MEDIUM,MEDIUM,5,COST_BASED,COST_BASED,false,false
1,baseline,1,2047,0.0,0.8558558558558559,HYBRID_HEAT_PUMP,SOCIAL_HOUSING,0,0,0,0,0.0,0.0,0.0,0.0,0.0,MEDIUM,MEDIUM,MEDIUM,5,COST_BASED,COST_BASED,false,false
1,baseline,1,2048,0.0,0.8558558558558559,HYBRID_HEAT_PUMP,SOCIAL_HOUSING,0,0,0,0,0.0,0.0,0.0,0.0,0.0,MEDIUM,MEDIUM,MEDIUM,5,COST_BASED,COST_BASED,false,false
1,baseline,1,2049,0.0,0.8558558558558559,HYBRID_HEAT_PUMP,SOCIAL_HOUSING,0,0,0,0,0.0,0.0,0.0,0.0,0.0,MEDIUM,MEDIUM,MEDIUM,5,COST_BASED,COST_BASED,false,false
1,baseline,1,2050,0.0,0.8558558558558559,HYBRID_HEAT_PUMP,SOCIAL_HOUSING,0,0,0,0,0.0,0.0,0.0,0.0,0.0,MEDIUM,MEDIUM,MEDIUM,5,COST_BASED,COST_BASED,false,false
1,baseline,1,2024,0.0,0.0,HYBRID_HEAT_PUMP,PRIVATELY_RENTED,362,362,0,362,0.0,0.0,0.0,0.0,0.0,MEDIUM,MEDIUM,MEDIUM,5,COST_BASED,COST_BASED,false,false
1,baseline,1,2025,0.0,0.38738738738738737,HYBRID_HEAT_PUMP,PRIVATELY_RENTED,676,356,42,718,0.0,0.0,0.0,0.0,0.0,MEDIUM,MEDIUM,MEDIUM,5,COST_BASED,COST_BASED,false,false
1,baseline,1,2026,0.0,0.38738738738738737,HYBRID_HEAT_PUMP,PRIVATELY_RENTED,1011,356,21,1074,0.0,0.0,0.0,0.0,0.0,MEDIUM,MEDIUM,MEDIUM,5,COST_BASED,COST_BASED,false,false
1,baseline,1,2027,0.0,0.38738738738738737,HYBRID_HEAT_PUMP,PRIVATELY_RENTED,1369,377,19,1451,0.0,0.0,0.0,0.0,0.0,MEDIUM,MEDIUM,MEDIUM,5,COST_BASED,COST_BASED,false,false
1,baseline,1,2028,0.0,0.38738738738738737,HYBRID_HEAT_PUMP,PRIVATELY_RENTED,2100,766,35,2217,0.0,0.0,0.0,0.0,0.0,MEDIUM,MEDIUM,MEDIUM,5,COST_BASED,COST_BASED,false,false
1,baseline,1,2029,0.0,0.38738738738738737,HYBRID_HEAT_PUMP,PRIVATELY_RENTED,2715,638,23,2855,0.0,0.0,0.0,0.0,0.0,MEDIUM,MEDIUM,MEDIUM,5,COST_BASED,COST_BASED,false,false
1,baseline,1,2030,0.0,0.8558558558558559,HYBRID_HEAT_PUMP,PRIVATELY_RENTED,3391,698,22,3553,0.0,0.0,0.0,0.0,0.0,MEDIUM,MEDIUM,MEDIUM,5,COST_BASED,COST_BASED,false,false
1,baseline,1,2031,0.0,0.8558558558558559,HYBRID_HEAT_PUMP,PRIVATELY_RENTED,4134,762,19,4315,0.0,0.0,0.0,0.0,0.0,MEDIUM,MEDIUM,MEDIUM,5,COST_BASED,COST_BASED,false,false
1,baseline,1,2032,0.0,0.8558558558558559,HYBRID_HEAT_PUMP,PRIVATELY_RENTED,4998,882,18,5197,0.0,0.0,0.0,0.0,0.0,MEDIUM,MEDIUM,MEDIUM,5,COST_BASED,COST_BASED,false,false
1,baseline,1,2033,0.0,0.8558558558558559,HYBRID_HEAT_PUMP,PRIVATELY_RENTED,5918,943,23,6140,0.0,0.0,0.0,0.0,0.0,MEDIUM,MEDIUM,MEDIUM,5,COST_BASED,COST_BASED,false,false
1,baseline,1,2034,0.0,0.8558558558558559,HYBRID_HEAT_PUMP,PRIVATELY_RENTED,6826,933,25,7073,0.0,0.0,0.0,0.0,0.0,MEDIUM,MEDIUM,MEDIUM,5,COST_BASED,COST_BASED,false,false
1,baseline,1,2035,0.0,0.8558558558558559,HYBRID_HEAT_PUMP,PRIVATELY_RENTED,7764,969,31,8042,0.0,0.0,0.0,0.0,0.0,MEDIUM,MEDIUM,MEDIUM,5,COST_BASED,COST_BASED,false,false
1,baseline,1,2036,0.0,0.8558558558558559,HYBRID_HEAT_PUMP,PRIVATELY_RENTED,8698,950,16,8992,0.0,0.0,0.0,0.0,0.0,MEDIUM,MEDIUM,MEDIUM,5,COST_BASED,COST_BASED,false,false
1,baseline,1,2037,0.0,0.8558558558558559,HYBRID_HEAT_PUMP,PRIVATELY_RENTED,8831,161,28,9153,0.0,0.0,0.0,0.0,0.0,MEDIUM,MEDIUM,MEDIUM,5,COST_BASED,COST_BASED,false,false
1,baseline,1,2038,0.0,0.8558558558558559,HYBRID_HEAT_PUMP,PRIVATELY_RENTED,9021,214,24,9367,0.0,0.0,0.0,0.0,0.0,MEDIUM,MEDIUM,MEDIUM,5,COST_BASED,COST_BASED,false,false
1,baseline,1,2039,0.0,0.8558558558558559,HYBRID_HEAT_PUMP,PRIVATELY_RENTED,9144,139,16,9506,0.0,0.0,0.0,0.0,0.0,MEDIUM,MEDIUM,MEDIUM,5,COST_BASED,COST_BASED,false,false
1,baseline,1,2040,0.0,0.8558558558558559,HYBRID_HEAT_PUMP,PRIVATELY_RENTED,9194,406,356,9912,0.0,0.0,0.0,0.0,0.0,MEDIUM,MEDIUM,MEDIUM,5,COST_BASED,COST_BASED,false,false
1,baseline,1,2041,0.0,0.8558558558558559,HYBRID_HEAT_PUMP,PRIVATELY_RENTED,9244,406,356,10318,0.0,0.0,0.0,0.0,0.0,MEDIUM,MEDIUM,MEDIUM,5,COST_BASED,COST_BASED,false,false
1,baseline,1,2042,0.0,0.8558558558558559,HYBRID_HEAT_PUMP,PRIVATELY_RENTED,9286,419,377,10737,0.0,0.0,0.0,0.0,0.0,MEDIUM,MEDIUM,MEDIUM,5,COST_BASED,COST_BASED,false,false
1,baseline,1,2043,0.0,0.8558558558558559,HYBRID_HEAT_PUMP,PRIVATELY_RENTED,9335,815,766,11552,0.0,0.0,0.0,0.0,0.0,MEDIUM,MEDIUM,MEDIUM,5,COST_BASED,COST_BASED,false,false
1,baseline,1,2044,0.0,0.8558558558558559,HYBRID_HEAT_PUMP,PRIVATELY_RENTED,9378,681,638,12233,0.0,0.0,0.0,0.0,0.0,MEDIUM,MEDIUM,MEDIUM,5,COST_BASED,COST_BASED,false,false
1,baseline,1,2045,0.0,0.8558558558558559,HYBRID_HEAT_PUMP,PRIVATELY_RENTED,9434,754,698,12987,0.0,0.0,0.0,0.0,0.0,MEDIUM,MEDIUM,MEDIUM,5,COST_BASED,COST_BASED,false,false
1,baseline,1,2046,0.0,0.8558558558558559,HYBRID_HEAT_PUMP,PRIVATELY_RENTED,9479,807,762,13794,0.0,0.0,0.0,0.0,0.0,MEDIUM,MEDIUM,MEDIUM,5,COST_BASED,COST_BASED,false,false
1,baseline,1,2047,0.0,0.8558558558558559,HYBRID_HEAT_PUMP,PRIVATELY_RENTED,9533,936,882,14730,0.0,0.0,0.0,0.0,0.0,MEDIUM,MEDIUM,MEDIUM,5,COST_BASED,COST_BASED,false,false
1,baseline,1,2048,0.0,0.8558558558558559,HYBRID_HEAT_PUMP,PRIVATELY_RENTED,9583,993,943,15723,0.0,0.0,0.0,0.0,0.0,MEDIUM,MEDIUM,MEDIUM,5,COST_BASED,COST_BASED,false,false
1,baseline,1,2049,0.0,0.8558558558558559,HYBRID_HEAT_PUMP,PRIVATELY_RENTED,9641,991,933,16714,0.0,0.0,0.0,0.0,0.0,MEDIUM,MEDIUM,MEDIUM,5,COST_BASED,COST_BASED,false,false
1,baseline,1,2050,0.0,0.8558558558558559,HYBRID_HEAT_PUMP,PRIVATELY_RENTED,9690,1018,969,17732,0.0,0.0,0.0,0.0,0.0,MEDIUM,MEDIUM,MEDIUM,5,COST_BASED,COST_BASED,false,false
