scenario,scenario_name,iteration,year,nbh_in_grid_congestion_perc,nbh_with_dh_perc,heating_system,ownership,installed_current,installed_annually,removed_annually,installed_cumulative,avg_att,avg_util,avg_sub_norm,avg_eac,avg_pbc,SLF,ELF,GRR,DHCT,DHES,SHAES,DHCO,GCHPB
1,baseline,1,2024,0.0,0.0,NATURAL_GAS_BOILER,TOTAL,211360,211360,0,211360,0.0,0.0,0.0,0.0,0.0,MEDIUM,MEDIUM,MEDIUM,5,COST_BASED,COST_BASED,false,false
1,baseline,1,2025,0.0,0.0,NATURAL_GAS_BOILER,TOTAL,198676,13437,26121,224797,0.008065834460157652,0.017703358263390284,0.019226959994187144,42.194102152443556,0.020915866197801208,MEDIUM,MEDIUM,MEDIUM,5,COST_BASED,COST_BASED,false,false
1,baseline,1,2026,0.0,0.0,NATURAL_GAS_BOILER,TOTAL,190614,9018,17080,233815,0.008280190166338259,0.017640545011751867,0.01749781364048772,43.27416107797345,0.020760663293556397,MEDIUM,MEDIUM,MEDIUM,5,COST_BASED,COST_BASED,false,false
1,baseline,1,2027,0.0,0.0,NATURAL_GAS_BOILER,TOTAL,182304,10452,18762,244267,0.008217285835880994,0.017692129089632188,0.01570433904712998,42.9357981121996,0.020850410174215805,MEDIUM,MEDIUM,MEDIUM,5,COST_BASED,COST_BASED,false,false
1,baseline,1,2028,0.0,0.0,NATURAL_GAS_BOILER,TOTAL,174015,13225,21514,257492,0.0026469851496611313,0.005719289520793516,0.004542525408408328,13.782832840660381,0.0067433909778376626,MEDIUM,MEDIUM,MEDIUM,5,COST_BASED,COST_BASED,false,false
1,baseline,1,2029,0.0,0.0,NATURAL_GAS_BOILER,TOTAL,165357,4597,13255,262089,0.010850429802578826,0.023480899744568316,0.016523786259010766,56.53648426770438,0.02769105639189852,MEDIUM,MEDIUM,MEDIUM,5,COST_BASED,COST_BASED,false,false
1,baseline,1,2030,0.0,0.0,NATURAL_GAS_BOILER,TOTAL,157995,9807,17169,271896,0.005375559952946713,0.011570480042896564,0.007149783926659329,27.74326519575722,0.013635453406213038,MEDIUM,MEDIUM,MEDIUM,5,COST_BASED,COST_BASED,false,false
1,baseline,1,2031,0.0,0.0,NATURAL_GAS_BOILER,TOTAL,151743,9406,15658,281302,0.007091628098559352,0.015243072817166355,0.00791732120699157,36.62945889155627,0.01796022105670213,MEDIUM,MEDIUM,MEDIUM,5,COST_BASED,COST_BASED,false,false
1,baseline,1,2032,0.0,0.0,NATURAL_GAS_BOILER,TOTAL,145886,10190,16047,291492,0.004144685044788527,0.00903378395133193,0.003824982630506829,21.462097585403416,0.010663483586846443,MEDIUM,MEDIUM,MEDIUM,5,COST_BASED,COST_BASED,false,false
1,baseline,1,2033,0.0,0.0,NATURAL_GAS_BOILER,TOTAL,137314,8247,16819,299739,0.006632854911078975,0.014266788455602178,0.0048662222862892466,34.40406368335523,0.0168114329704433,MEDIUM,MEDIUM,MEDIUM,5,COST_BASED,COST_BASED,false,false
1,baseline,1,2034,0.0,0.0,NATURAL_GAS_BOILER,TOTAL,127485,4753,14582,304492,0.008259455329055929,0.01765993856745549,0.0042523463165832324,41.022951175389814,0.02079343298025533,MEDIUM,MEDIUM,MEDIUM,5,COST_BASED,COST_BASED,false,false
1,baseline,1,2035,0.0,0.0,NATURAL_GAS_BOILER,TOTAL,120197,11895,19183,316387,0.0037035507262886884,0.008195106794163081,0.001098912226640567,18.89926128606524,0.009692292150121202,MEDIUM,MEDIUM,MEDIUM,5,COST_BASED,COST_BASED,false,false
1,baseline,1,2036,0.0,0.0,NATURAL_GAS_BOILER,TOTAL,114533,9506,15170,325893,0.0030377765197784523,0.006453924586342096,3.63319055369218E-4,15.82319671920282,0.007592640608529973,MEDIUM,MEDIUM,MEDIUM,5,COST_BASED,COST_BASED,false,false
1,baseline,1,2037,0.0,0.0,NATURAL_GAS_BOILER,TOTAL,114527,13431,13437,339324,0.007493144429206141,0.012985773836491209,0.0012180897591015497,27.628631702839332,0.014816650305586222,MEDIUM,MEDIUM,MEDIUM,5,COST_BASED,COST_BASED,false,false
1,baseline,1,2038,0.0,0.0,NATURAL_GAS_BOILER,TOTAL,115539,10030,9018,349354,0.006601183357761998,0.010935877783894262,0.0010296688718548863,26.89371226978405,0.012380775925938349,MEDIUM,MEDIUM,MEDIUM,5,COST_BASED,COST_BASED,false,false
1,baseline,1,2039,0.0,0.0,NATURAL_GAS_BOILER,TOTAL,115663,10576,10452,359930,0.009035372166798948,0.013733922088989808,0.001744571087442742,33.90583792019399,0.01530010539638679,MEDIUM,MEDIUM,MEDIUM,5,COST_BASED,COST_BASED,false,false
1,baseline,1,2040,0.0,0.0,NATURAL_GAS_BOILER,TOTAL,115799,13361,13225,373291,0.0021810023161726727,0.005112773540205564,7.729572181157039E-5,13.178019082263635,0.006090030614883196,MEDIUM,MEDIUM,MEDIUM,5,COST_BASED,COST_BASED,false,false
1,baseline,1,2041,0.0,0.0,NATURAL_GAS_BOILER,TOTAL,115880,4678,4597,377969,0.008467129617091286,0.018646225458744083,3.875071371445515E-4,49.40058569413332,0.022039257405961802,MEDIUM,MEDIUM,MEDIUM,5,COST_BASED,COST_BASED,false,false
1,baseline,1,2042,0.0,0.0,NATURAL_GAS_BOILER,TOTAL,115906,9833,9807,387802,0.004089085659389415,0.009152254193827864,1.861742918007932E-4,24.166475507403906,0.010839977038640732,MEDIUM,MEDIUM,MEDIUM,5,COST_BASED,COST_BASED,false,false
1,baseline,1,2043,0.0,0.0,NATURAL_GAS_BOILER,TOTAL,116028,9528,9406,397330,0.005939128419624686,0.013077601718650151,3.213203861259225E-4,33.39719006984493,0.015457092818325404,MEDIUM,MEDIUM,MEDIUM,5,COST_BASED,COST_BASED,false,false
1,baseline,1,2044,0.0,0.0,NATURAL_GAS_BOILER,TOTAL,116070,10232,10190,407562,0.0035664870174026337,0.007770879124563508,1.75655860656998E-4,20.320305252546078,0.009172343160283819,MEDIUM,MEDIUM,MEDIUM,5,COST_BASED,COST_BASED,false,false
1,baseline,1,2045,0.0,0.0,NATURAL_GAS_BOILER,TOTAL,116127,8304,8247,415866,0.005471753623176803,0.012173523051904634,2.6507353441225674E-4,31.688328060045766,0.014407446194813902,MEDIUM,MEDIUM,MEDIUM,5,COST_BASED,COST_BASED,false,false
1,baseline,1,2046,0.0,0.0,NATURAL_GAS_BOILER,TOTAL,116186,4812,4753,420678,0.006771376802194743,0.01536609971340042,2.7772348217603E-4,39.858064628638196,0.01823100735046893,MEDIUM,MEDIUM,MEDIUM,5,COST_BASED,COST_BASED,false,false
1,baseline,1,2047,0.0,0.0,NATURAL_GAS_BOILER,TOTAL,118147,13856,11895,434534,0.002738682438476819,0.0059710997684582975,1.408008040854916E-4,15.81353650057177,0.007048572211785446,MEDIUM,MEDIUM,MEDIUM,5,COST_BASED,COST_BASED,false,false
1,baseline,1,2048,0.0,0.0,NATURAL_GAS_BOILER,TOTAL,118249,9608,9506,444142,0.0021879115840667722,0.004924591107273563,8.649494923837414E-5,12.74420925831256,0.0058368176150090986,MEDIUM,MEDIUM,MEDIUM,5,COST_BASED,COST_BASED,false,false
1,baseline,1,2049,0.0,0.0,NATURAL_GAS_BOILER,TOTAL,118252,13434,13431,457576,0.0039016784596511904,0.008281138088155388,2.1435429913595612E-4,21.309980805402386,0.009740957964323439,MEDIUM,MEDIUM,MEDIUM,5,COST_BASED,COST_BASED,false,false
1,baseline,1,2050,0.0,0.0,NATURAL_GAS_BOILER,TOTAL,118301,10079,10030,467655,0.0035500766890870093,0.008028551484497963,1.598772169734245E-4,19.880255442770597,0.009521376416301661,MEDIUM,MEDIUM,MEDIUM,5,COST_BASED,COST_BASED,false,false
1,baseline,1,2024,0.0,0.0,NATURAL_GAS_BOILER,PRIVATELY_OWNED,111514,111514,0,111514,0.0,0.0,0.0,0.0,0.0,MEDIUM,MEDIUM,MEDIUM,5,COST_BASED,COST_BASED,false,false
1,baseline,1,2025,0.0,0.0,NATURAL_GAS_BOILER,PRIVATELY_OWNED,97048,381,14847,111895,0.28446356336256795,0.6243570209584652,0.6780909749131041,1488.0896341794858,0.7376548401570993,MEDIUM,MEDIUM,MEDIUM,5,COST_BASED,COST_BASED,false,false
1,baseline,1,2026,0.0,0.0,NATURAL_GAS_BOILER,PRIVATELY_OWNED,88661,261,8648,112156,0.2860948464369288,0.6095112448888058,0.6045796299230585,1495.1968758665312,0.7173167110394313,MEDIUM,MEDIUM,MEDIUM,5,COST_BASED,COST_BASED,false,false
1,baseline,1,2027,0.0,0.0,NATURAL_GAS_BOILER,PRIVATELY_OWNED,80114,299,8846,112455,0.2872477309586226,0.6184552951332295,0.5489690692996742,1500.8861600960206,0.7288578165247612,MEDIUM,MEDIUM,MEDIUM,5,COST_BASED,COST_BASED,false,false
1,baseline,1,2028,0.0,0.0,NATURAL_GAS_BOILER,PRIVATELY_OWNED,71494,122,8742,112577,0.28693752954318413,0.6199803599384774,0.49241720103442743,1494.081674735521,0.7309946367369106,MEDIUM,MEDIUM,MEDIUM,5,COST_BASED,COST_BASED,false,false
1,baseline,1,2029,0.0,0.0,NATURAL_GAS_BOILER,PRIVATELY_OWNED,62658,174,9010,112751,0.2866633666807751,0.6203545754355204,0.4365508358199569,1493.6679205668795,0.7315849783537787,MEDIUM,MEDIUM,MEDIUM,5,COST_BASED,COST_BASED,false,false
1,baseline,1,2030,0.0,0.0,NATURAL_GAS_BOILER,PRIVATELY_OWNED,53719,184,9123,112935,0.28651150249211094,0.6166940096776447,0.38107571178667415,1478.685879210821,0.7267548454061481,MEDIUM,MEDIUM,MEDIUM,5,COST_BASED,COST_BASED,false,false
1,baseline,1,2031,0.0,0.0,NATURAL_GAS_BOILER,PRIVATELY_OWNED,45024,233,8928,113168,0.2862826347427007,0.6153491112371964,0.3196151213431876,1478.6982417767308,0.7250379367353659,MEDIUM,MEDIUM,MEDIUM,5,COST_BASED,COST_BASED,false,false
1,baseline,1,2032,0.0,0.0,NATURAL_GAS_BOILER,PRIVATELY_OWNED,36080,148,9092,113316,0.28536716625942626,0.6219882328653538,0.2633552230058418,1477.6944215896,0.7341952550673329,MEDIUM,MEDIUM,MEDIUM,5,COST_BASED,COST_BASED,false,false
1,baseline,1,2033,0.0,0.0,NATURAL_GAS_BOILER,PRIVATELY_OWNED,27504,193,8769,113509,0.2834256707340327,0.609628002038089,0.2079364517877068,1470.1052497234748,0.7183621124727766,MEDIUM,MEDIUM,MEDIUM,5,COST_BASED,COST_BASED,false,false
1,baseline,1,2034,0.0,0.0,NATURAL_GAS_BOILER,PRIVATELY_OWNED,17451,138,10191,113647,0.2844723998478466,0.6082441160225792,0.14645943509217466,1412.9136734538245,0.7161680214141564,MEDIUM,MEDIUM,MEDIUM,5,COST_BASED,COST_BASED,false,false
1,baseline,1,2035,0.0,0.0,NATURAL_GAS_BOILER,PRIVATELY_OWNED,8426,155,9180,113802,0.28421765089809,0.6289083568810958,0.08433265119928739,1450.365890308039,0.7438052588754304,MEDIUM,MEDIUM,MEDIUM,5,COST_BASED,COST_BASED,false,false
1,baseline,1,2036,0.0,0.0,NATURAL_GAS_BOILER,PRIVATELY_OWNED,2389,101,6138,113903,0.28591191680211847,0.6074357140373066,0.0341951578251464,1489.260475373683,0.7146103131157022,MEDIUM,MEDIUM,MEDIUM,5,COST_BASED,COST_BASED,false,false
1,baseline,1,2037,0.0,0.0,NATURAL_GAS_BOILER,PRIVATELY_OWNED,2289,281,381,114184,0.35815097092052556,0.6206830192096563,0.05822122261385378,1320.5699373695197,0.7081937019726995,MEDIUM,MEDIUM,MEDIUM,5,COST_BASED,COST_BASED,false,false
1,baseline,1,2038,0.0,0.0,NATURAL_GAS_BOILER,PRIVATELY_OWNED,2215,187,261,114371,0.3540634710072344,0.5865607174997831,0.055227694035852995,1442.480930833872,0.664059799663966,MEDIUM,MEDIUM,MEDIUM,5,COST_BASED,COST_BASED,false,false
1,baseline,1,2039,0.0,0.0,NATURAL_GAS_BOILER,PRIVATELY_OWNED,2155,239,299,114610,0.3998246696069694,0.6077404184650886,0.07719909548449556,1500.3687943262412,0.6770456680844631,MEDIUM,MEDIUM,MEDIUM,5,COST_BASED,COST_BASED,false,false
1,baseline,1,2040,0.0,0.0,NATURAL_GAS_BOILER,PRIVATELY_OWNED,2148,115,122,114725,0.2533945386642007,0.5940153675711872,0.00898041860108167,1531.0566344184733,0.7075556438735163,MEDIUM,MEDIUM,MEDIUM,5,COST_BASED,COST_BASED,false,false
1,baseline,1,2041,0.0,0.0,NATURAL_GAS_BOILER,PRIVATELY_OWNED,2125,151,174,114876,0.26231279701160953,0.577662534410628,0.012005022434186835,1530.4366879281833,0.6827791135436379,MEDIUM,MEDIUM,MEDIUM,5,COST_BASED,COST_BASED,false,false
1,baseline,1,2042,0.0,0.0,NATURAL_GAS_BOILER,PRIVATELY_OWNED,2095,154,184,115030,0.2610907746024423,0.5843773732981129,0.011887349423877919,1543.0451536643027,0.6921395728633397,MEDIUM,MEDIUM,MEDIUM,5,COST_BASED,COST_BASED,false,false
1,baseline,1,2043,0.0,0.0,NATURAL_GAS_BOILER,PRIVATELY_OWNED,2070,208,233,115238,0.2720577672220385,0.5990547556504743,0.014718945379845144,1529.8482066609736,0.7080537517932907,MEDIUM,MEDIUM,MEDIUM,5,COST_BASED,COST_BASED,false,false
1,baseline,1,2044,0.0,0.0,NATURAL_GAS_BOILER,PRIVATELY_OWNED,2057,135,148,115373,0.2703132974967685,0.5889750755743245,0.013313413083277064,1540.1286173633441,0.6951956682668448,MEDIUM,MEDIUM,MEDIUM,5,COST_BASED,COST_BASED,false,false
1,baseline,1,2045,0.0,0.0,NATURAL_GAS_BOILER,PRIVATELY_OWNED,2036,172,193,115545,0.26417117492360565,0.5877263687384656,0.012797503661391745,1529.8830012245353,0.6955781000100851,MEDIUM,MEDIUM,MEDIUM,5,COST_BASED,COST_BASED,false,false
1,baseline,1,2046,0.0,0.0,NATURAL_GAS_BOILER,PRIVATELY_OWNED,2024,126,138,115671,0.25860210454096116,0.5868386652451018,0.010606392033579813,1522.1984681984682,0.69625085214648,MEDIUM,MEDIUM,MEDIUM,5,COST_BASED,COST_BASED,false,false
1,baseline,1,2047,0.0,0.0,NATURAL_GAS_BOILER,PRIVATELY_OWNED,2011,142,155,115813,0.26723368920799156,0.5826447774067477,0.013738985502877265,1543.0448010698763,0.687781806806332,MEDIUM,MEDIUM,MEDIUM,5,COST_BASED,COST_BASED,false,false
1,baseline,1,2048,0.0,0.0,NATURAL_GAS_BOILER,PRIVATELY_OWNED,1991,81,101,115894,0.25952412962609317,0.584141621712153,0.010259795954102454,1511.6834883193467,0.692347452407499,MEDIUM,MEDIUM,MEDIUM,5,COST_BASED,COST_BASED,false,false
1,baseline,1,2049,0.0,0.0,NATURAL_GAS_BOILER,PRIVATELY_OWNED,1903,193,281,116087,0.2715810799324046,0.5764186998770957,0.014920391992706915,1483.3071613459879,0.6780312398586583,MEDIUM,MEDIUM,MEDIUM,5,COST_BASED,COST_BASED,false,false
1,baseline,1,2050,0.0,0.0,NATURAL_GAS_BOILER,PRIVATELY_OWNED,1850,134,187,116221,0.2670240518605072,0.6038788836735445,0.012025391566232429,1495.321601549887,0.7161638276112272,MEDIUM,MEDIUM,MEDIUM,5,COST_BASED,COST_BASED,false,false
1,baseline,1,2024,0.0,0.0,NATURAL_GAS_BOILER,SOCIAL_HOUSING,66125,66125,0,66125,0.0,0.0,0.0,0.0,0.0,MEDIUM,MEDIUM,MEDIUM,5,COST_BASED,COST_BASED,false,false
1,baseline,1,2025,0.0,0.0,NATURAL_GAS_BOILER,SOCIAL_HOUSING,67183,7750,6692,73875,0.0,0.0,0.0,0.0,0.0,MEDIUM,MEDIUM,MEDIUM,5,COST_BASED,COST_BASED,false,false
1,baseline,1,2026,0.0,0.0,NATURAL_GAS_BOILER,SOCIAL_HOUSING,67183,5739,5739,79614,0.0,0.0,0.0,0.0,0.0,MEDIUM,MEDIUM,MEDIUM,5,COST_BASED,COST_BASED,false,false
1,baseline,1,2027,0.0,0.0,NATURAL_GAS_BOILER,SOCIAL_HOUSING,67183,7358,7358,86972,0.0,0.0,0.0,0.0,0.0,MEDIUM,MEDIUM,MEDIUM,5,COST_BASED,COST_BASED,false,false
1,baseline,1,2028,0.0,0.0,NATURAL_GAS_BOILER,SOCIAL_HOUSING,67339,10284,10128,97256,0.0,0.0,0.0,0.0,0.0,MEDIUM,MEDIUM,MEDIUM,5,COST_BASED,COST_BASED,false,false
1,baseline,1,2029,0.0,0.0,NATURAL_GAS_BOILER,SOCIAL_HOUSING,67438,1522,1423,98778,0.0,0.0,0.0,0.0,0.0,MEDIUM,MEDIUM,MEDIUM,5,COST_BASED,COST_BASED,false,false
1,baseline,1,2030,0.0,0.0,NATURAL_GAS_BOILER,SOCIAL_HOUSING,68913,6581,5106,105359,0.0,0.0,0.0,0.0,0.0,MEDIUM,MEDIUM,MEDIUM,5,COST_BASED,COST_BASED,false,false
1,baseline,1,2031,0.0,0.0,NATURAL_GAS_BOILER,SOCIAL_HOUSING,71474,6503,3942,111862,0.0,0.0,0.0,0.0,0.0,MEDIUM,MEDIUM,MEDIUM,5,COST_BASED,COST_BASED,false,false
1,baseline,1,2032,0.0,0.0,NATURAL_GAS_BOILER,SOCIAL_HOUSING,74448,7001,4027,118863,0.0,0.0,0.0,0.0,0.0,MEDIUM,MEDIUM,MEDIUM,5,COST_BASED,COST_BASED,false,false
1,baseline,1,2033,0.0,0.0,NATURAL_GAS_BOILER,SOCIAL_HOUSING,74448,5366,5366,124229,0.0,0.0,0.0,0.0,0.0,MEDIUM,MEDIUM,MEDIUM,5,COST_BASED,COST_BASED,false,false
1,baseline,1,2034,0.0,0.0,NATURAL_GAS_BOILER,SOCIAL_HOUSING,74998,2208,1658,126437,0.0,0.0,0.0,0.0,0.0,MEDIUM,MEDIUM,MEDIUM,5,COST_BASED,COST_BASED,false,false
1,baseline,1,2035,0.0,0.0,NATURAL_GAS_BOILER,SOCIAL_HOUSING,76972,9442,7468,135879,0.0,0.0,0.0,0.0,0.0,MEDIUM,MEDIUM,MEDIUM,5,COST_BASED,COST_BASED,false,false
1,baseline,1,2036,0.0,0.0,NATURAL_GAS_BOILER,SOCIAL_HOUSING,77741,7987,7218,143866,0.0,0.0,0.0,0.0,0.0,MEDIUM,MEDIUM,MEDIUM,5,COST_BASED,COST_BASED,false,false
1,baseline,1,2037,0.0,0.0,NATURAL_GAS_BOILER,SOCIAL_HOUSING,77741,7750,7750,151616,0.0,0.0,0.0,0.0,0.0,MEDIUM,MEDIUM,MEDIUM,5,COST_BASED,COST_BASED,false,false
1,baseline,1,2038,0.0,0.0,NATURAL_GAS_BOILER,SOCIAL_HOUSING,78673,6671,5739,158287,0.0,0.0,0.0,0.0,0.0,MEDIUM,MEDIUM,MEDIUM,5,COST_BASED,COST_BASED,false,false
1,baseline,1,2039,0.0,0.0,NATURAL_GAS_BOILER,SOCIAL_HOUSING,78673,7358,7358,165645,0.0,0.0,0.0,0.0,0.0,MEDIUM,MEDIUM,MEDIUM,5,COST_BASED,COST_BASED,false,false
1,baseline,1,2040,0.0,0.0,NATURAL_GAS_BOILER,SOCIAL_HOUSING,78673,10284,10284,175929,0.0,0.0,0.0,0.0,0.0,MEDIUM,MEDIUM,MEDIUM,5,COST_BASED,COST_BASED,false,false
1,baseline,1,2041,0.0,0.0,NATURAL_GAS_BOILER,SOCIAL_HOUSING,78673,1522,1522,177451,0.0,0.0,0.0,0.0,0.0,MEDIUM,MEDIUM,MEDIUM,5,COST_BASED,COST_BASED,false,false
1,baseline,1,2042,0.0,0.0,NATURAL_GAS_BOILER,SOCIAL_HOUSING,78673,6581,6581,184032,0.0,0.0,0.0,0.0,0.0,MEDIUM,MEDIUM,MEDIUM,5,COST_BASED,COST_BASED,false,false
1,baseline,1,2043,0.0,0.0,NATURAL_GAS_BOILER,SOCIAL_HOUSING,78673,6503,6503,190535,0.0,0.0,0.0,0.0,0.0,MEDIUM,MEDIUM,MEDIUM,5,COST_BASED,COST_BASED,false,false
1,baseline,1,2044,0.0,0.0,NATURAL_GAS_BOILER,SOCIAL_HOUSING,78673,7001,7001,197536,0.0,0.0,0.0,0.0,0.0,MEDIUM,MEDIUM,MEDIUM,5,COST_BASED,COST_BASED,false,false
1,baseline,1,2045,0.0,0.0,NATURAL_GAS_BOILER,SOCIAL_HOUSING,78673,5366,5366,202902,0.0,0.0,0.0,0.0,0.0,MEDIUM,MEDIUM,MEDIUM,5,COST_BASED,COST_BASED,false,false
1,baseline,1,2046,0.0,0.0,NATURAL_GAS_BOILER,SOCIAL_HOUSING,78673,2208,2208,205110,0.0,0.0,0.0,0.0,0.0,MEDIUM,MEDIUM,MEDIUM,5,COST_BASED,COST_BASED,false,false
1,baseline,1,2047,0.0,0.0,NATURAL_GAS_BOILER,SOCIAL_HOUSING,80556,11325,9442,216435,0.0,0.0,0.0,0.0,0.0,MEDIUM,MEDIUM,MEDIUM,5,COST_BASED,COST_BASED,false,false
1,baseline,1,2048,0.0,0.0,NATURAL_GAS_BOILER,SOCIAL_HOUSING,80556,7987,7987,224422,0.0,0.0,0.0,0.0,0.0,MEDIUM,MEDIUM,MEDIUM,5,COST_BASED,COST_BASED,false,false
1,baseline,1,2049,0.0,0.0,NATURAL_GAS_BOILER,SOCIAL_HOUSING,80585,7779,7750,232201,0.0,0.0,0.0,0.0,0.0,MEDIUM,MEDIUM,MEDIUM,5,COST_BASED,COST_BASED,false,false
1,baseline,1,2050,0.0,0.0,NATURAL_GAS_BOILER,SOCIAL_HOUSING,80585,6671,6671,238872,0.0,0.0,0.0,0.0,0.0,MEDIUM,MEDIUM,MEDIUM,5,COST_BASED,COST_BASED,false,false
1,baseline,1,2024,0.0,0.0,NATURAL_GAS_BOILER,PRIVATELY_RENTED,33721,33721,0,33721,0.0,0.0,0.0,0.0,0.0,MEDIUM,MEDIUM,MEDIUM,5,COST_BASED,COST_BASED,false,false
1,baseline,1,2025,0.0,0.0,NATURAL_GAS_BOILER,PRIVATELY_RENTED,34445,5306,4582,39027,0.0,0.0,0.0,0.0,0.0,MEDIUM,MEDIUM,MEDIUM,5,COST_BASED,COST_BASED,false,false
1,baseline,1,2026,0.0,0.0,NATURAL_GAS_BOILER,PRIVATELY_RENTED,34770,3018,2693,42045,0.0,0.0,0.0,0.0,0.0,MEDIUM,MEDIUM,MEDIUM,5,COST_BASED,COST_BASED,false,false
1,baseline,1,2027,0.0,0.0,NATURAL_GAS_BOILER,PRIVATELY_RENTED,35007,2795,2558,44840,0.0,0.0,0.0,0.0,0.0,MEDIUM,MEDIUM,MEDIUM,5,COST_BASED,COST_BASED,false,false
1,baseline,1,2028,0.0,0.0,NATURAL_GAS_BOILER,PRIVATELY_RENTED,35182,2819,2644,47659,0.0,0.0,0.0,0.0,0.0,MEDIUM,MEDIUM,MEDIUM,5,COST_BASED,COST_BASED,false,false
1,baseline,1,2029,0.0,0.0,NATURAL_GAS_BOILER,PRIVATELY_RENTED,35261,2901,2822,50560,0.0,0.0,0.0,0.0,0.0,MEDIUM,MEDIUM,MEDIUM,5,COST_BASED,COST_BASED,false,false
1,baseline,1,2030,0.0,0.0,NATURAL_GAS_BOILER,PRIVATELY_RENTED,35363,3042,2940,53602,0.0,0.0,0.0,0.0,0.0,MEDIUM,MEDIUM,MEDIUM,5,COST_BASED,COST_BASED,false,false
1,baseline,1,2031,0.0,0.0,NATURAL_GAS_BOILER,PRIVATELY_RENTED,35245,2670,2788,56272,0.0,0.0,0.0,0.0,0.0,MEDIUM,MEDIUM,MEDIUM,5,COST_BASED,COST_BASED,false,false
1,baseline,1,2032,0.0,0.0,NATURAL_GAS_BOILER,PRIVATELY_RENTED,35358,3041,2928,59313,0.0,0.0,0.0,0.0,0.0,MEDIUM,MEDIUM,MEDIUM,5,COST_BASED,COST_BASED,false,false
1,baseline,1,2033,0.0,0.0,NATURAL_GAS_BOILER,PRIVATELY_RENTED,35362,2688,2684,62001,0.0,0.0,0.0,0.0,0.0,MEDIUM,MEDIUM,MEDIUM,5,COST_BASED,COST_BASED,false,false
1,baseline,1,2034,0.0,0.0,NATURAL_GAS_BOILER,PRIVATELY_RENTED,35036,2407,2733,64408,0.0,0.0,0.0,0.0,0.0,MEDIUM,MEDIUM,MEDIUM,5,COST_BASED,COST_BASED,false,false
1,baseline,1,2035,0.0,0.0,NATURAL_GAS_BOILER,PRIVATELY_RENTED,34799,2298,2535,66706,0.0,0.0,0.0,0.0,0.0,MEDIUM,MEDIUM,MEDIUM,5,COST_BASED,COST_BASED,false,false
1,baseline,1,2036,0.0,0.0,NATURAL_GAS_BOILER,PRIVATELY_RENTED,34403,1418,1814,68124,0.0,0.0,0.0,0.0,0.0,MEDIUM,MEDIUM,MEDIUM,5,COST_BASED,COST_BASED,false,false
1,baseline,1,2037,0.0,0.0,NATURAL_GAS_BOILER,PRIVATELY_RENTED,34497,5400,5306,73524,0.0,0.0,0.0,0.0,0.0,MEDIUM,MEDIUM,MEDIUM,5,COST_BASED,COST_BASED,false,false
1,baseline,1,2038,0.0,0.0,NATURAL_GAS_BOILER,PRIVATELY_RENTED,34651,3172,3018,76696,0.0,0.0,0.0,0.0,0.0,MEDIUM,MEDIUM,MEDIUM,5,COST_BASED,COST_BASED,false,false
1,baseline,1,2039,0.0,0.0,NATURAL_GAS_BOILER,PRIVATELY_RENTED,34835,2979,2795,79675,0.0,0.0,0.0,0.0,0.0,MEDIUM,MEDIUM,MEDIUM,5,COST_BASED,COST_BASED,false,false
1,baseline,1,2040,0.0,0.0,NATURAL_GAS_BOILER,PRIVATELY_RENTED,34978,2962,2819,82637,0.0,0.0,0.0,0.0,0.0,MEDIUM,MEDIUM,MEDIUM,5,COST_BASED,COST_BASED,false,false
1,baseline,1,2041,0.0,0.0,NATURAL_GAS_BOILER,PRIVATELY_RENTED,35082,3005,2901,85642,0.0,0.0,0.0,0.0,0.0,MEDIUM,MEDIUM,MEDIUM,5,COST_BASED,COST_BASED,false,false
1,baseline,1,2042,0.0,0.0,NATURAL_GAS_BOILER,PRIVATELY_RENTED,35138,3098,3042,88740,0.0,0.0,0.0,0.0,0.0,MEDIUM,MEDIUM,MEDIUM,5,COST_BASED,COST_BASED,false,false
1,baseline,1,2043,0.0,0.0,NATURAL_GAS_BOILER,PRIVATELY_RENTED,35285,2817,2670,91557,0.0,0.0,0.0,0.0,0.0,MEDIUM,MEDIUM,MEDIUM,5,COST_BASED,COST_BASED,false,false
1,baseline,1,2044,0.0,0.0,NATURAL_GAS_BOILER,PRIVATELY_RENTED,35340,3096,3041,94653,0.0,0.0,0.0,0.0,0.0,MEDIUM,MEDIUM,MEDIUM,5,COST_BASED,COST_BASED,false,false
1,baseline,1,2045,0.0,0.0,NATURAL_GAS_BOILER,PRIVATELY_RENTED,35418,2766,2688,97419,0.0,0.0,0.0,0.0,0.0,MEDIUM,MEDIUM,MEDIUM,5,COST_BASED,COST_BASED,false,false
1,baseline,1,2046,0.0,0.0,NATURAL_GAS_BOILER,PRIVATELY_RENTED,35489,2478,2407,99897,0.0,0.0,0.0,0.0,0.0,MEDIUM,MEDIUM,MEDIUM,5,COST_BASED,COST_BASED,false,false
1,baseline,1,2047,0.0,0.0,NATURAL_GAS_BOILER,PRIVATELY_RENTED,35580,2389,2298,102286,0.0,0.0,0.0,0.0,0.0,MEDIUM,MEDIUM,MEDIUM,5,COST_BASED,COST_BASED,false,false
1,baseline,1,2048,0.0,0.0,NATURAL_GAS_BOILER,PRIVATELY_RENTED,35702,1540,1418,103826,0.0,0.0,0.0,0.0,0.0,MEDIUM,MEDIUM,MEDIUM,5,COST_BASED,COST_BASED,false,false
1,baseline,1,2049,0.0,0.0,NATURAL_GAS_BOILER,PRIVATELY_RENTED,35764,5462,5400,109288,0.0,0.0,0.0,0.0,0.0,MEDIUM,MEDIUM,MEDIUM,5,COST_BASED,COST_BASED,false,false
1,baseline,1,2050,0.0,0.0,NATURAL_GAS_BOILER,PRIVATELY_RENTED,35866,3274,3172,112562,0.0,0.0,0.0,0.0,0.0,MEDIUM,MEDIUM,MEDIUM,5,COST_BASED,COST_BASED,false,false
1,baseline,1,2024,0.0,0.0,NATURAL_GAS_BLOCK,TOTAL,27212,27212,0,27212,0.0,0.0,0.0,0.0,0.0,MEDIUM,MEDIUM,MEDIUM,5,COST_BASED,COST_BASED,false,false
1,baseline,1,2025,0.0,0.0,NATURAL_GAS_BLOCK,TOTAL,23291,42,3963,27254,0.2847099462002172,0.631874512966828,0.10209088893701852,1212.0962505715593,0.7475960352223634,MEDIUM,MEDIUM,MEDIUM,5,COST_BASED,COST_BASED,false,false
1,baseline,1,2026,0.0,0.0,NATURAL_GAS_BLOCK,TOTAL,21587,22,1726,27276,0.28718189390411264,0.6210468310593217,0.09212828099793618,1229.7001904761905,0.7323351434443924,MEDIUM,MEDIUM,MEDIUM,5,COST_BASED,COST_BASED,false,false
1,baseline,1,2027,0.0,0.0,NATURAL_GAS_BLOCK,TOTAL,19999,31,1619,27307,0.2872733615028965,0.6270852336957176,0.08429160937364219,1226.0972558514932,0.7403558577599916,MEDIUM,MEDIUM,MEDIUM,5,COST_BASED,COST_BASED,false,false
1,baseline,1,2028,0.0,0.0,NATURAL_GAS_BLOCK,TOTAL,18127,17,1889,27324,0.2850716263995637,0.6272746404784373,0.075584156966902,1230.7969465648855,0.7413423118380627,MEDIUM,MEDIUM,MEDIUM,5,COST_BASED,COST_BASED,false,false
1,baseline,1,2029,0.0,0.0,NATURAL_GAS_BLOCK,TOTAL,16336,20,1811,27344,0.2823593511105871,0.6273861821374632,0.06612538556047556,1219.2743925233644,0.7423951258130893,MEDIUM,MEDIUM,MEDIUM,5,COST_BASED,COST_BASED,false,false
1,baseline,1,2030,0.0,0.0,NATURAL_GAS_BLOCK,TOTAL,14466,32,1902,27376,0.2865841745225369,0.6276929949401635,0.05687646334614411,1199.6704368174726,0.7413959350793704,MEDIUM,MEDIUM,MEDIUM,5,COST_BASED,COST_BASED,false,false
1,baseline,1,2031,0.0,0.0,NATURAL_GAS_BLOCK,TOTAL,11317,23,3172,27399,0.28628625325312385,0.6249824884701966,0.048964759596041844,1215.4715994020926,0.7378812335425557,MEDIUM,MEDIUM,MEDIUM,5,COST_BASED,COST_BASED,false,false
1,baseline,1,2032,0.0,0.0,NATURAL_GAS_BLOCK,TOTAL,9251,12,2078,27411,0.2825724662384096,0.629650387768876,0.039723304664204484,1203.0560880369187,0.745343028279032,MEDIUM,MEDIUM,MEDIUM,5,COST_BASED,COST_BASED,false,false
1,baseline,1,2033,0.0,0.0,NATURAL_GAS_BLOCK,TOTAL,7466,16,1801,27427,0.285583047917314,0.6216848535481698,0.03189263347891473,1199.17504456328,0.7337187887584551,MEDIUM,MEDIUM,MEDIUM,5,COST_BASED,COST_BASED,false,false
1,baseline,1,2034,0.0,0.0,NATURAL_GAS_BLOCK,TOTAL,4825,24,2665,27451,0.28950584163515575,0.6236070989771033,0.02184419063161173,1120.671539122958,0.7349741847577526,MEDIUM,MEDIUM,MEDIUM,5,COST_BASED,COST_BASED,false,false
1,baseline,1,2035,0.0,0.0,NATURAL_GAS_BLOCK,TOTAL,2124,19,2720,27470,0.28346983475781456,0.6358450455624045,0.012193901063596833,1170.8171974522293,0.7533034491639343,MEDIUM,MEDIUM,MEDIUM,5,COST_BASED,COST_BASED,false,false
1,baseline,1,2036,0.0,0.0,NATURAL_GAS_BLOCK,TOTAL,261,3,1866,27473,0.28202821943992296,0.6203093352121805,0.004722278681252365,1180.3691983122362,0.7330697071362658,MEDIUM,MEDIUM,MEDIUM,5,COST_BASED,COST_BASED,false,false
1,baseline,1,2037,0.0,0.0,NATURAL_GAS_BLOCK,TOTAL,254,35,42,27508,0.36471806279512187,0.6549894951749086,0.00703948531343354,917.1663201663201,0.7517466393015041,MEDIUM,MEDIUM,MEDIUM,5,COST_BASED,COST_BASED,false,false
1,baseline,1,2038,0.0,0.0,NATURAL_GAS_BLOCK,TOTAL,251,19,22,27527,0.40794573401084205,0.6498605808160574,0.01130796143022506,991.7424242424242,0.7304988630844627,MEDIUM,MEDIUM,MEDIUM,5,COST_BASED,COST_BASED,false,false
1,baseline,1,2039,0.0,0.0,NATURAL_GAS_BLOCK,TOTAL,241,21,31,27548,0.5124676896798561,0.6717981613996123,0.014249404932068846,1157.59375,0.7249083186395309,MEDIUM,MEDIUM,MEDIUM,5,COST_BASED,COST_BASED,false,false
1,baseline,1,2040,0.0,0.0,NATURAL_GAS_BLOCK,TOTAL,239,15,17,27563,0.24501045441041616,0.613451975774391,6.940898869376481E-4,1221.6206679269062,0.7362658162290519,MEDIUM,MEDIUM,MEDIUM,5,COST_BASED,COST_BASED,false,false
1,baseline,1,2041,0.0,0.0,NATURAL_GAS_BLOCK,TOTAL,235,16,20,27579,0.2570773706200985,0.600996958664793,0.0010986662648237917,1245.6956748306409,0.7156368213463565,MEDIUM,MEDIUM,MEDIUM,5,COST_BASED,COST_BASED,false,false
1,baseline,1,2042,0.0,0.0,NATURAL_GAS_BLOCK,TOTAL,232,29,32,27608,0.2599682712542618,0.6076209920846695,0.0013942478470911188,1239.5712713263622,0.7235052323614718,MEDIUM,MEDIUM,MEDIUM,5,COST_BASED,COST_BASED,false,false
1,baseline,1,2043,0.0,0.0,NATURAL_GAS_BLOCK,TOTAL,229,20,23,27628,0.2661638732382956,0.6164734160380145,0.0015625792994274346,1258.7415233415234,0.7332432636379218,MEDIUM,MEDIUM,MEDIUM,5,COST_BASED,COST_BASED,false,false
1,baseline,1,2044,0.0,0.0,NATURAL_GAS_BLOCK,TOTAL,228,11,12,27639,0.26413904181694964,0.6114825592542176,0.0015852432951574838,1227.2353846153846,0.7272637317333067,MEDIUM,MEDIUM,MEDIUM,5,COST_BASED,COST_BASED,false,false
1,baseline,1,2045,0.0,0.0,NATURAL_GAS_BLOCK,TOTAL,226,14,16,27653,0.2624662282005867,0.6123044643288634,0.0014763764689426071,1209.5222222222221,0.7289172097049574,MEDIUM,MEDIUM,MEDIUM,5,COST_BASED,COST_BASED,false,false
1,baseline,1,2046,0.0,0.0,NATURAL_GAS_BLOCK,TOTAL,221,19,24,27672,0.2660010501306739,0.6109345859532762,0.0013335824744481533,1222.5330024813895,0.7259124312274806,MEDIUM,MEDIUM,MEDIUM,5,COST_BASED,COST_BASED,false,false
1,baseline,1,2047,0.0,0.0,NATURAL_GAS_BLOCK,TOTAL,220,18,19,27690,0.2654352399500928,0.6070968583887791,0.0015602822973979824,1229.0921450151056,0.7209840645350072,MEDIUM,MEDIUM,MEDIUM,5,COST_BASED,COST_BASED,false,false
1,baseline,1,2048,0.0,0.0,NATURAL_GAS_BLOCK,TOTAL,220,3,3,27693,0.2571844064479999,0.6067417678360593,9.497293018080293E-4,1221.2365374937092,0.7232608882987458,MEDIUM,MEDIUM,MEDIUM,5,COST_BASED,COST_BASED,false,false
1,baseline,1,2049,0.0,0.0,NATURAL_GAS_BLOCK,TOTAL,207,22,35,27715,0.27112629604784244,0.6036797068743119,0.0013123592563928574,1164.5905292479108,0.7145308438164683,MEDIUM,MEDIUM,MEDIUM,5,COST_BASED,COST_BASED,false,false
1,baseline,1,2050,0.0,0.0,NATURAL_GAS_BLOCK,TOTAL,199,11,19,27726,0.25984001556725167,0.6227506921970186,0.0012286414258130065,1182.1231979030144,0.7437209177402729,MEDIUM,MEDIUM,MEDIUM,5,COST_BASED,COST_BASED,false,false
1,baseline,1,2024,0.0,0.0,NATURAL_GAS_BLOCK,PRIVATELY_OWNED,16823,16823,0,16823,0.0,0.0,0.0,0.0,0.0,MEDIUM,MEDIUM,MEDIUM,5,COST_BASED,COST_BASED,false,false
1,baseline,1,2025,0.0,0.0,NATURAL_GAS_BLOCK,PRIVATELY_OWNED,14605,42,2260,16865,0.2847099462002172,0.631874512966828,0.10209088893701854,1212.0962505715593,0.7475960352223634,MEDIUM,MEDIUM,MEDIUM,5,COST_BASED,COST_BASED,false,false
1,baseline,1,2026,0.0,0.0,NATURAL_GAS_BLOCK,PRIVATELY_OWNED,13306,22,1321,16887,0.28718189390411264,0.6210468310593217,0.09212828099793617,1229.7001904761905,0.7323351434443923,MEDIUM,MEDIUM,MEDIUM,5,COST_BASED,COST_BASED,false,false
1,baseline,1,2027,0.0,0.0,NATURAL_GAS_BLOCK,PRIVATELY_OWNED,12133,31,1204,16918,0.2872733615028965,0.6270852336957176,0.08429160937364219,1226.0972558514932,0.7403558577599916,MEDIUM,MEDIUM,MEDIUM,5,COST_BASED,COST_BASED,false,false
1,baseline,1,2028,0.0,0.0,NATURAL_GAS_BLOCK,PRIVATELY_OWNED,10789,17,1361,16935,0.2850716263995637,0.6272746404784373,0.075584156966902,1230.7969465648855,0.7413423118380627,MEDIUM,MEDIUM,MEDIUM,5,COST_BASED,COST_BASED,false,false
1,baseline,1,2029,0.0,0.0,NATURAL_GAS_BLOCK,PRIVATELY_OWNED,9496,20,1313,16955,0.2823593511105871,0.6273861821374632,0.06612538556047556,1219.2743925233644,0.7423951258130893,MEDIUM,MEDIUM,MEDIUM,5,COST_BASED,COST_BASED,false,false
1,baseline,1,2030,0.0,0.0,NATURAL_GAS_BLOCK,PRIVATELY_OWNED,8208,32,1320,16987,0.2865841745225369,0.6276929949401635,0.05687646334614411,1199.6704368174726,0.7413959350793704,MEDIUM,MEDIUM,MEDIUM,5,COST_BASED,COST_BASED,false,false
1,baseline,1,2031,0.0,0.0,NATURAL_GAS_BLOCK,PRIVATELY_OWNED,6878,23,1353,17010,0.28628625325312385,0.6249824884701966,0.048964759596041844,1215.4715994020926,0.7378812335425557,MEDIUM,MEDIUM,MEDIUM,5,COST_BASED,COST_BASED,false,false
1,baseline,1,2032,0.0,0.0,NATURAL_GAS_BLOCK,PRIVATELY_OWNED,5563,12,1327,17022,0.2825724662384096,0.629650387768876,0.039723304664204484,1203.0560880369187,0.7453430282790319,MEDIUM,MEDIUM,MEDIUM,5,COST_BASED,COST_BASED,false,false
1,baseline,1,2033,0.0,0.0,NATURAL_GAS_BLOCK,PRIVATELY_OWNED,4192,16,1387,17038,0.285583047917314,0.6216848535481698,0.03189263347891473,1199.17504456328,0.7337187887584551,MEDIUM,MEDIUM,MEDIUM,5,COST_BASED,COST_BASED,false,false
1,baseline,1,2034,0.0,0.0,NATURAL_GAS_BLOCK,PRIVATELY_OWNED,2496,24,1720,17062,0.28950584163515575,0.6236070989771033,0.02184419063161173,1120.671539122958,0.7349741847577526,MEDIUM,MEDIUM,MEDIUM,5,COST_BASED,COST_BASED,false,false
1,baseline,1,2035,0.0,0.0,NATURAL_GAS_BLOCK,PRIVATELY_OWNED,1091,19,1424,17081,0.28346983475781456,0.6358450455624045,0.012193901063596833,1170.8171974522293,0.7533034491639343,MEDIUM,MEDIUM,MEDIUM,5,COST_BASED,COST_BASED,false,false
1,baseline,1,2036,0.0,0.0,NATURAL_GAS_BLOCK,PRIVATELY_OWNED,261,3,833,17084,0.28202821943992296,0.6203093352121805,0.004722278681252365,1180.3691983122362,0.7330697071362657,MEDIUM,MEDIUM,MEDIUM,5,COST_BASED,COST_BASED,false,false
1,baseline,1,2037,0.0,0.0,NATURAL_GAS_BLOCK,PRIVATELY_OWNED,254,35,42,17119,0.36471806279512187,0.6549894951749086,0.00703948531343354,917.1663201663201,0.7517466393015041,MEDIUM,MEDIUM,MEDIUM,5,COST_BASED,COST_BASED,false,false
1,baseline,1,2038,0.0,0.0,NATURAL_GAS_BLOCK,PRIVATELY_OWNED,251,19,22,17138,0.40794573401084205,0.6498605808160574,0.01130796143022506,991.7424242424242,0.7304988630844627,MEDIUM,MEDIUM,MEDIUM,5,COST_BASED,COST_BASED,false,false
1,baseline,1,2039,0.0,0.0,NATURAL_GAS_BLOCK,PRIVATELY_OWNED,241,21,31,17159,0.5124676896798561,0.6717981613996123,0.014249404932068846,1157.59375,0.7249083186395309,MEDIUM,MEDIUM,MEDIUM,5,COST_BASED,COST_BASED,false,false
1,baseline,1,2040,0.0,0.0,NATURAL_GAS_BLOCK,PRIVATELY_OWNED,239,15,17,17174,0.24501045441041616,0.613451975774391,6.940898869376481E-4,1221.6206679269062,0.7362658162290519,MEDIUM,MEDIUM,MEDIUM,5,COST_BASED,COST_BASED,false,false
1,baseline,1,2041,0.0,0.0,NATURAL_GAS_BLOCK,PRIVATELY_OWNED,235,16,20,17190,0.2570773706200985,0.600996958664793,0.0010986662648237917,1245.6956748306409,0.7156368213463565,MEDIUM,MEDIUM,MEDIUM,5,COST_BASED,COST_BASED,false,false
1,baseline,1,2042,0.0,0.0,NATURAL_GAS_BLOCK,PRIVATELY_OWNED,232,29,32,17219,0.2599682712542618,0.6076209920846695,0.0013942478470911188,1239.5712713263622,0.7235052323614718,MEDIUM,MEDIUM,MEDIUM,5,COST_BASED,COST_BASED,false,false
1,baseline,1,2043,0.0,0.0,NATURAL_GAS_BLOCK,PRIVATELY_OWNED,229,20,23,17239,0.2661638732382956,0.6164734160380145,0.0015625792994274346,1258.7415233415234,0.7332432636379218,MEDIUM,MEDIUM,MEDIUM,5,COST_BASED,COST_BASED,false,false
1,baseline,1,2044,0.0,0.0,NATURAL_GAS_BLOCK,PRIVATELY_OWNED,228,11,12,17250,0.26413904181694964,0.6114825592542176,0.0015852432951574836,1227.2353846153846,0.7272637317333067,MEDIUM,MEDIUM,MEDIUM,5,COST_BASED,COST_BASED,false,false
1,baseline,1,2045,0.0,0.0,NATURAL_GAS_BLOCK,PRIVATELY_OWNED,226,14,16,17264,0.2624662282005867,0.6123044643288634,0.0014763764689426071,1209.5222222222221,0.7289172097049574,MEDIUM,MEDIUM,MEDIUM,5,COST_BASED,COST_BASED,false,false
1,baseline,1,2046,0.0,0.0,NATURAL_GAS_BLOCK,PRIVATELY_OWNED,221,19,24,17283,0.2660010501306739,0.6109345859532762,0.0013335824744481533,1222.5330024813895,0.7259124312274806,MEDIUM,MEDIUM,MEDIUM,5,COST_BASED,COST_BASED,false,false
1,baseline,1,2047,0.0,0.0,NATURAL_GAS_BLOCK,PRIVATELY_OWNED,220,18,19,17301,0.2654352399500928,0.6070968583887791,0.0015602822973979824,1229.0921450151056,0.7209840645350072,MEDIUM,MEDIUM,MEDIUM,5,COST_BASED,COST_BASED,false,false
1,baseline,1,2048,0.0,0.0,NATURAL_GAS_BLOCK,PRIVATELY_OWNED,220,3,3,17304,0.2571844064479999,0.6067417678360593,9.497293018080292E-4,1221.2365374937092,0.7232608882987458,MEDIUM,MEDIUM,MEDIUM,5,COST_BASED,COST_BASED,false,false
1,baseline,1,2049,0.0,0.0,NATURAL_GAS_BLOCK,PRIVATELY_OWNED,207,22,35,17326,0.27112629604784244,0.6036797068743119,0.0013123592563928574,1164.5905292479108,0.7145308438164683,MEDIUM,MEDIUM,MEDIUM,5,COST_BASED,COST_BASED,false,false
1,baseline,1,2050,0.0,0.0,NATURAL_GAS_BLOCK,PRIVATELY_OWNED,199,11,19,17337,0.25984001556725167,0.6227506921970186,0.0012286414258130065,1182.1231979030144,0.7437209177402729,MEDIUM,MEDIUM,MEDIUM,5,COST_BASED,COST_BASED,false,false
1,baseline,1,2024,0.0,0.0,NATURAL_GAS_BLOCK,SOCIAL_HOUSING,5461,5461,0,5461,0.0,0.0,0.0,0.0,0.0,MEDIUM,MEDIUM,MEDIUM,5,COST_BASED,COST_BASED,false,false
1,baseline,1,2025,0.0,0.0,NATURAL_GAS_BLOCK,SOCIAL_HOUSING,4403,0,1058,5461,0.0,0.0,0.0,0.0,0.0,MEDIUM,MEDIUM,MEDIUM,5,COST_BASED,COST_BASED,false,false
1,baseline,1,2026,0.0,0.0,NATURAL_GAS_BLOCK,SOCIAL_HOUSING,4403,0,0,5461,0.0,0.0,0.0,0.0,0.0,MEDIUM,MEDIUM,MEDIUM,5,COST_BASED,COST_BASED,false,false
1,baseline,1,2027,0.0,0.0,NATURAL_GAS_BLOCK,SOCIAL_HOUSING,4403,0,0,5461,0.0,0.0,0.0,0.0,0.0,MEDIUM,MEDIUM,MEDIUM,5,COST_BASED,COST_BASED,false,false
1,baseline,1,2028,0.0,0.0,NATURAL_GAS_BLOCK,SOCIAL_HOUSING,4247,0,156,5461,0.0,0.0,0.0,0.0,0.0,MEDIUM,MEDIUM,MEDIUM,5,COST_BASED,COST_BASED,false,false
1,baseline,1,2029,0.0,0.0,NATURAL_GAS_BLOCK,SOCIAL_HOUSING,4148,0,99,5461,0.0,0.0,0.0,0.0,0.0,MEDIUM,MEDIUM,MEDIUM,5,COST_BASED,COST_BASED,false,false
1,baseline,1,2030,0.0,0.0,NATURAL_GAS_BLOCK,SOCIAL_HOUSING,3992,0,156,5461,0.0,0.0,0.0,0.0,0.0,MEDIUM,MEDIUM,MEDIUM,5,COST_BASED,COST_BASED,false,false
1,baseline,1,2031,0.0,0.0,NATURAL_GAS_BLOCK,SOCIAL_HOUSING,2552,0,1440,5461,0.0,0.0,0.0,0.0,0.0,MEDIUM,MEDIUM,MEDIUM,5,COST_BASED,COST_BASED,false,false
1,baseline,1,2032,0.0,0.0,NATURAL_GAS_BLOCK,SOCIAL_HOUSING,2215,0,337,5461,0.0,0.0,0.0,0.0,0.0,MEDIUM,MEDIUM,MEDIUM,5,COST_BASED,COST_BASED,false,false
1,baseline,1,2033,0.0,0.0,NATURAL_GAS_BLOCK,SOCIAL_HOUSING,2215,0,0,5461,0.0,0.0,0.0,0.0,0.0,MEDIUM,MEDIUM,MEDIUM,5,COST_BASED,COST_BASED,false,false
1,baseline,1,2034,0.0,0.0,NATURAL_GAS_BLOCK,SOCIAL_HOUSING,1665,0,550,5461,0.0,0.0,0.0,0.0,0.0,MEDIUM,MEDIUM,MEDIUM,5,COST_BASED,COST_BASED,false,false
1,baseline,1,2035,0.0,0.0,NATURAL_GAS_BLOCK,SOCIAL_HOUSING,769,0,896,5461,0.0,0.0,0.0,0.0,0.0,MEDIUM,MEDIUM,MEDIUM,5,COST_BASED,COST_BASED,false,false
1,baseline,1,2036,0.0,0.0,NATURAL_GAS_BLOCK,SOCIAL_HOUSING,0,0,769,5461,0.0,0.0,0.0,0.0,0.0,MEDIUM,MEDIUM,MEDIUM,5,COST_BASED,COST_BASED,false,false
1,baseline,1,2037,0.0,0.0,NATURAL_GAS_BLOCK,SOCIAL_HOUSING,0,0,0,5461,0.0,0.0,0.0,0.0,0.0,MEDIUM,MEDIUM,MEDIUM,5,COST_BASED,COST_BASED,false,false
1,baseline,1,2038,0.0,0.0,NATURAL_GAS_BLOCK,SOCIAL_HOUSING,0,0,0,5461,0.0,0.0,0.0,0.0,0.0,MEDIUM,MEDIUM,MEDIUM,5,COST_BASED,COST_BASED,false,false
1,baseline,1,2039,0.0,0.0,NATURAL_GAS_BLOCK,SOCIAL_HOUSING,0,0,0,5461,0.0,0.0,0.0,0.0,0.0,MEDIUM,MEDIUM,MEDIUM,5,COST_BASED,COST_BASED,false,false
1,baseline,1,2040,0.0,0.0,NATURAL_GAS_BLOCK,SOCIAL_HOUSING,0,0,0,5461,0.0,0.0,0.0,0.0,0.0,MEDIUM,MEDIUM,MEDIUM,5,COST_BASED,COST_BASED,false,false
1,baseline,1,2041,0.0,0.0,NATURAL_GAS_BLOCK,SOCIAL_HOUSING,0,0,0,5461,0.0,0.0,0.0,0.0,0.0,MEDIUM,MEDIUM,MEDIUM,5,COST_BASED,COST_BASED,false,false
1,baseline,1,2042,0.0,0.0,NATURAL_GAS_BLOCK,SOCIAL_HOUSING,0,0,0,5461,0.0,0.0,0.0,0.0,0.0,MEDIUM,MEDIUM,MEDIUM,5,COST_BASED,COST_BASED,false,false
1,baseline,1,2043,0.0,0.0,NATURAL_GAS_BLOCK,SOCIAL_HOUSING,0,0,0,5461,0.0,0.0,0.0,0.0,0.0,MEDIUM,MEDIUM,MEDIUM,5,COST_BASED,COST_BASED,false,false
1,baseline,1,2044,0.0,0.0,NATURAL_GAS_BLOCK,SOCIAL_HOUSING,0,0,0,5461,0.0,0.0,0.0,0.0,0.0,MEDIUM,MEDIUM,MEDIUM,5,COST_BASED,COST_BASED,false,false
1,baseline,1,2045,0.0,0.0,NATURAL_GAS_BLOCK,SOCIAL_HOUSING,0,0,0,5461,0.0,0.0,0.0,0.0,0.0,MEDIUM,MEDIUM,MEDIUM,5,COST_BASED,COST_BASED,false,false
1,baseline,1,2046,0.0,0.0,NATURAL_GAS_BLOCK,SOCIAL_HOUSING,0,0,0,5461,0.0,0.0,0.0,0.0,0.0,MEDIUM,MEDIUM,MEDIUM,5,COST_BASED,COST_BASED,false,false
1,baseline,1,2047,0.0,0.0,NATURAL_GAS_BLOCK,SOCIAL_HOUSING,0,0,0,5461,0.0,0.0,0.0,0.0,0.0,MEDIUM,MEDIUM,MEDIUM,5,COST_BASED,COST_BASED,false,false
1,baseline,1,2048,0.0,0.0,NATURAL_GAS_BLOCK,SOCIAL_HOUSING,0,0,0,5461,0.0,0.0,0.0,0.0,0.0,MEDIUM,MEDIUM,MEDIUM,5,COST_BASED,COST_BASED,false,false
1,baseline,1,2049,0.0,0.0,NATURAL_GAS_BLOCK,SOCIAL_HOUSING,0,0,0,5461,0.0,0.0,0.0,0.0,0.0,MEDIUM,MEDIUM,MEDIUM,5,COST_BASED,COST_BASED,false,false
1,baseline,1,2050,0.0,0.0,NATURAL_GAS_BLOCK,SOCIAL_HOUSING,0,0,0,5461,0.0,0.0,0.0,0.0,0.0,MEDIUM,MEDIUM,MEDIUM,5,COST_BASED,COST_BASED,false,false
1,baseline,1,2024,0.0,0.0,NATURAL_GAS_BLOCK,PRIVATELY_RENTED,4928,4928,0,4928,0.0,0.0,0.0,0.0,0.0,MEDIUM,MEDIUM,MEDIUM,5,COST_BASED,COST_BASED,false,false
1,baseline,1,2025,0.0,0.0,NATURAL_GAS_BLOCK,PRIVATELY_RENTED,4283,0,645,4928,0.0,0.0,0.0,0.0,0.0,MEDIUM,MEDIUM,MEDIUM,5,COST_BASED,COST_BASED,false,false
1,baseline,1,2026,0.0,0.0,NATURAL_GAS_BLOCK,PRIVATELY_RENTED,3878,0,405,4928,0.0,0.0,0.0,0.0,0.0,MEDIUM,MEDIUM,MEDIUM,5,COST_BASED,COST_BASED,false,false
1,baseline,1,2027,0.0,0.0,NATURAL_GAS_BLOCK,PRIVATELY_RENTED,3463,0,415,4928,0.0,0.0,0.0,0.0,0.0,MEDIUM,MEDIUM,MEDIUM,5,COST_BASED,COST_BASED,false,false
1,baseline,1,2028,0.0,0.0,NATURAL_GAS_BLOCK,PRIVATELY_RENTED,3091,0,372,4928,0.0,0.0,0.0,0.0,0.0,MEDIUM,MEDIUM,MEDIUM,5,COST_BASED,COST_BASED,false,false
1,baseline,1,2029,0.0,0.0,NATURAL_GAS_BLOCK,PRIVATELY_RENTED,2692,0,399,4928,0.0,0.0,0.0,0.0,0.0,MEDIUM,MEDIUM,MEDIUM,5,COST_BASED,COST_BASED,false,false
1,baseline,1,2030,0.0,0.0,NATURAL_GAS_BLOCK,PRIVATELY_RENTED,2266,0,426,4928,0.0,0.0,0.0,0.0,0.0,MEDIUM,MEDIUM,MEDIUM,5,COST_BASED,COST_BASED,false,false
1,baseline,1,2031,0.0,0.0,NATURAL_GAS_BLOCK,PRIVATELY_RENTED,1887,0,379,4928,0.0,0.0,0.0,0.0,0.0,MEDIUM,MEDIUM,MEDIUM,5,COST_BASED,COST_BASED,false,false
1,baseline,1,2032,0.0,0.0,NATURAL_GAS_BLOCK,PRIVATELY_RENTED,1473,0,414,4928,0.0,0.0,0.0,0.0,0.0,MEDIUM,MEDIUM,MEDIUM,5,COST_BASED,COST_BASED,false,false
1,baseline,1,2033,0.0,0.0,NATURAL_GAS_BLOCK,PRIVATELY_RENTED,1059,0,414,4928,0.0,0.0,0.0,0.0,0.0,MEDIUM,MEDIUM,MEDIUM,5,COST_BASED,COST_BASED,false,false
1,baseline,1,2034,0.0,0.0,NATURAL_GAS_BLOCK,PRIVATELY_RENTED,664,0,395,4928,0.0,0.0,0.0,0.0,0.0,MEDIUM,MEDIUM,MEDIUM,5,COST_BASED,COST_BASED,false,false
1,baseline,1,2035,0.0,0.0,NATURAL_GAS_BLOCK,PRIVATELY_RENTED,264,0,400,4928,0.0,0.0,0.0,0.0,0.0,MEDIUM,MEDIUM,MEDIUM,5,COST_BASED,COST_BASED,false,false
1,baseline,1,2036,0.0,0.0,NATURAL_GAS_BLOCK,PRIVATELY_RENTED,0,0,264,4928,0.0,0.0,0.0,0.0,0.0,MEDIUM,MEDIUM,MEDIUM,5,COST_BASED,COST_BASED,false,false
1,baseline,1,2037,0.0,0.0,NATURAL_GAS_BLOCK,PRIVATELY_RENTED,0,0,0,4928,0.0,0.0,0.0,0.0,0.0,MEDIUM,MEDIUM,MEDIUM,5,COST_BASED,COST_BASED,false,false
1,baseline,1,2038,0.0,0.0,NATURAL_GAS_BLOCK,PRIVATELY_RENTED,0,0,0,4928,0.0,0.0,0.0,0.0,0.0,MEDIUM,MEDIUM,MEDIUM,5,COST_BASED,COST_BASED,false,false
1,baseline,1,2039,0.0,0.0,NATURAL_GAS_BLOCK,PRIVATELY_RENTED,0,0,0,4928,0.0,0.0,0.0,0.0,0.0,MEDIUM,MEDIUM,MEDIUM,5,COST_BASED,COST_BASED,false,false
1,baseline,1,2040,0.0,0.0,NATURAL_GAS_BLOCK,PRIVATELY_RENTED,0,0,0,4928,0.0,0.0,0.0,0.0,0.0,MEDIUM,MEDIUM,MEDIUM,5,COST_BASED,COST_BASED,false,false
1,baseline,1,2041,0.0,0.0,NATURAL_GAS_BLOCK,PRIVATELY_RENTED,0,0,0,4928,0.0,0.0,0.0,0.0,0.0,MEDIUM,MEDIUM,MEDIUM,5,COST_BASED,COST_BASED,false,false
1,baseline,1,2042,0.0,0.0,NATURAL_GAS_BLOCK,PRIVATELY_RENTED,0,0,0,4928,0.0,0.0,0.0,0.0,0.0,MEDIUM,MEDIUM,MEDIUM,5,COST_BASED,COST_BASED,false,false
1,baseline,1,2043,0.0,0.0,NATURAL_GAS_BLOCK,PRIVATELY_RENTED,0,0,0,4928,0.0,0.0,0.0,0.0,0.0,MEDIUM,MEDIUM,MEDIUM,5,COST_BASED,COST_BASED,false,false
1,baseline,1,2044,0.0,0.0,NATURAL_GAS_BLOCK,PRIVATELY_RENTED,0,0,0,4928,0.0,0.0,0.0,0.0,0.0,MEDIUM,MEDIUM,MEDIUM,5,COST_BASED,COST_BASED,false,false
1,baseline,1,2045,0.0,0.0,NATURAL_GAS_BLOCK,PRIVATELY_RENTED,0,0,0,4928,0.0,0.0,0.0,0.0,0.0,MEDIUM,MEDIUM,MEDIUM,5,COST_BASED,COST_BASED,false,false
1,baseline,1,2046,0.0,0.0,NATURAL_GAS_BLOCK,PRIVATELY_RENTED,0,0,0,4928,0.0,0.0,0.0,0.0,0.0,MEDIUM,MEDIUM,MEDIUM,5,COST_BASED,COST_BASED,false,false
1,baseline,1,2047,0.0,0.0,NATURAL_GAS_BLOCK,PRIVATELY_RENTED,0,0,0,4928,0.0,0.0,0.0,0.0,0.0,MEDIUM,MEDIUM,MEDIUM,5,COST_BASED,COST_BASED,false,false
1,baseline,1,2048,0.0,0.0,NATURAL_GAS_BLOCK,PRIVATELY_RENTED,0,0,0,4928,0.0,0.0,0.0,0.0,0.0,MEDIUM,MEDIUM,MEDIUM,5,COST_BASED,COST_BASED,false,false
1,baseline,1,2049,0.0,0.0,NATURAL_GAS_BLOCK,PRIVATELY_RENTED,0,0,0,4928,0.0,0.0,0.0,0.0,0.0,MEDIUM,MEDIUM,MEDIUM,5,COST_BASED,COST_BASED,false,false
1,baseline,1,2050,0.0,0.0,NATURAL_GAS_BLOCK,PRIVATELY_RENTED,0,0,0,4928,0.0,0.0,0.0,0.0,0.0,MEDIUM,MEDIUM,MEDIUM,5,COST_BASED,COST_BASED,false,false
1,baseline,1,2024,0.0,0.0,DISTRICT_HEATING,TOTAL,29834,29834,0,29834,0.0,0.0,0.0,0.0,0.0,MEDIUM,MEDIUM,MEDIUM,5,COST_BASED,COST_BASED,false,false
1,baseline,1,2025,0.0,0.0,DISTRICT_HEATING,TOTAL,33703,4373,504,34207,0.7649483760565032,0.7354598179825284,0.11405718075783602,1507.3033216981653,0.7256302986245384,MEDIUM,MEDIUM,MEDIUM,5,COST_BASED,COST_BASED,false,false
1,baseline,1,2026,0.0,0.0,DISTRICT_HEATING,TOTAL,35895,2568,376,36775,0.7631711246727757,0.7221091920633558,0.13245687648772012,1527.309065288868,0.7084218811935497,MEDIUM,MEDIUM,MEDIUM,5,COST_BASED,COST_BASED,false,false
1,baseline,1,2027,0.0,0.0,DISTRICT_HEATING,TOTAL,38061,2550,384,39325,0.7663826526330884,0.730800058332124,0.14948030339491675,1517.3334124347414,0.7189391935651375,MEDIUM,MEDIUM,MEDIUM,5,COST_BASED,COST_BASED,false,false
1,baseline,1,2028,0.0,0.0,DISTRICT_HEATING,TOTAL,39825,2347,583,41672,0.7668002810002655,0.7328372419811315,0.16331508601626268,1512.4104212860311,0.7215162289747501,MEDIUM,MEDIUM,MEDIUM,5,COST_BASED,COST_BASED,false,false
1,baseline,1,2029,0.0,0.0,DISTRICT_HEATING,TOTAL,42044,2974,755,44646,0.7651437534357652,0.7317263350092695,0.17710424130869384,1531.6158164910942,0.7205871955337708,MEDIUM,MEDIUM,MEDIUM,5,COST_BASED,COST_BASED,false,false
1,baseline,1,2030,0.0,0.0,DISTRICT_HEATING,TOTAL,42715,2878,2207,47524,0.7623953662275661,0.7301846105948742,0.1886961898133571,1496.4216714909421,0.7194476920506393,MEDIUM,MEDIUM,MEDIUM,5,COST_BASED,COST_BASED,false,false
1,baseline,1,2031,0.0,0.0,DISTRICT_HEATING,TOTAL,43514,3100,2301,50624,0.7655618249039694,0.731563322013759,0.2059842452763588,1500.4390929970452,0.72023048771702,MEDIUM,MEDIUM,MEDIUM,5,COST_BASED,COST_BASED,false,false
1,baseline,1,2032,0.0,0.0,DISTRICT_HEATING,TOTAL,42644,3468,4338,54092,0.7664298897901272,0.7374438058139539,0.22218127595329265,1509.8072929237044,0.727781777821894,MEDIUM,MEDIUM,MEDIUM,5,COST_BASED,COST_BASED,false,false
1,baseline,1,2033,0.0,0.0,DISTRICT_HEATING,TOTAL,44545,3226,1325,57318,0.7614775801105492,0.7248531791040939,0.23177579643078605,1480.636492074894,0.712645045435273,MEDIUM,MEDIUM,MEDIUM,5,COST_BASED,COST_BASED,false,false
1,baseline,1,2034,0.0,0.0,DISTRICT_HEATING,TOTAL,47154,3311,702,60629,0.762352239335288,0.7220730928554465,0.250430103839431,1408.8471887495998,0.7086467106954959,MEDIUM,MEDIUM,MEDIUM,5,COST_BASED,COST_BASED,false,false
1,baseline,1,2035,0.0,0.0,DISTRICT_HEATING,TOTAL,48282,3042,1914,63671,0.7636701626583654,0.7413560608150332,0.26637885133645844,1456.8668118892915,0.7339180268672546,MEDIUM,MEDIUM,MEDIUM,5,COST_BASED,COST_BASED,false,false
1,baseline,1,2036,0.0,0.0,DISTRICT_HEATING,TOTAL,49486,1845,641,65516,0.7637209315462982,0.7208169099479963,0.2781882222401698,1513.6547258987946,0.7065155694152296,MEDIUM,MEDIUM,MEDIUM,5,COST_BASED,COST_BASED,false,false
1,baseline,1,2037,0.0,0.0,DISTRICT_HEATING,TOTAL,49188,424,722,65940,0.7661616097016635,0.7381812727093593,0.28644229772408974,1350.1347237880495,0.7288544937119233,MEDIUM,MEDIUM,MEDIUM,5,COST_BASED,COST_BASED,false,false
1,baseline,1,2038,0.0,0.0,DISTRICT_HEATING,TOTAL,47892,467,1763,66407,0.7623551636524667,0.7119749784679219,0.28167477857012896,1506.8419642857143,0.6951815834064056,MEDIUM,MEDIUM,MEDIUM,5,COST_BASED,COST_BASED,false,false
1,baseline,1,2039,0.0,0.0,DISTRICT_HEATING,TOTAL,47528,330,694,66737,0.7699073903141227,0.724264601755796,0.2827591557099324,1573.062865497076,0.7090503389030207,MEDIUM,MEDIUM,MEDIUM,5,COST_BASED,COST_BASED,false,false
1,baseline,1,2040,0.0,0.0,DISTRICT_HEATING,TOTAL,47255,346,619,67083,0.6656963155869904,0.7098760051863579,0.21577274527889934,1537.2298907454788,0.7246025683861465,MEDIUM,MEDIUM,MEDIUM,5,COST_BASED,COST_BASED,false,false
1,baseline,1,2041,0.0,0.0,DISTRICT_HEATING,TOTAL,47006,222,471,67305,0.6708176177760958,0.693728353791969,0.22012489967850007,1535.5301142826195,0.7013652657972577,MEDIUM,MEDIUM,MEDIUM,5,COST_BASED,COST_BASED,false,false
1,baseline,1,2042,0.0,0.0,DISTRICT_HEATING,TOTAL,46791,179,394,67484,0.6751183356730748,0.705103828389031,0.22346871978070562,1563.050433010698,0.7150989926276844,MEDIUM,MEDIUM,MEDIUM,5,COST_BASED,COST_BASED,false,false
1,baseline,1,2043,0.0,0.0,DISTRICT_HEATING,TOTAL,46504,359,646,67843,0.7014880002259251,0.7221313407052136,0.2368706356714754,1534.4687667141616,0.7290124541983106,MEDIUM,MEDIUM,MEDIUM,5,COST_BASED,COST_BASED,false,false
1,baseline,1,2044,0.0,0.0,DISTRICT_HEATING,TOTAL,46346,238,396,68081,0.6983735708421159,0.7108248149481805,0.22974756975129446,1593.7655502392345,0.7149752296502035,MEDIUM,MEDIUM,MEDIUM,5,COST_BASED,COST_BASED,false,false
1,baseline,1,2045,0.0,0.0,DISTRICT_HEATING,TOTAL,46157,193,382,68274,0.6812219940261873,0.7077355741126538,0.2211944507641505,1556.3319604612848,0.716573434141475,MEDIUM,MEDIUM,MEDIUM,5,COST_BASED,COST_BASED,false,false
1,baseline,1,2046,0.0,0.0,DISTRICT_HEATING,TOTAL,45989,281,449,68555,0.6816084181984964,0.7086064419862226,0.22028019338332613,1540.3984031936127,0.7176057832487994,MEDIUM,MEDIUM,MEDIUM,5,COST_BASED,COST_BASED,false,false
1,baseline,1,2047,0.0,0.0,DISTRICT_HEATING,TOTAL,43900,209,2298,68764,0.6981542718665572,0.7030788385913073,0.22624506689751497,1625.0152705061082,0.7047203608328898,MEDIUM,MEDIUM,MEDIUM,5,COST_BASED,COST_BASED,false,false
1,baseline,1,2048,0.0,0.0,DISTRICT_HEATING,TOTAL,43655,311,556,69075,0.6933749365602646,0.7137251424587757,0.22201383860444923,1482.9139830508475,0.7205085444249442,MEDIUM,MEDIUM,MEDIUM,5,COST_BASED,COST_BASED,false,false
1,baseline,1,2049,0.0,0.0,DISTRICT_HEATING,TOTAL,43394,340,601,69415,0.7043775285100288,0.7005134611026667,0.2332367137946777,1522.5920074349442,0.699225438633548,MEDIUM,MEDIUM,MEDIUM,5,COST_BASED,COST_BASED,false,false
1,baseline,1,2050,0.0,0.0,DISTRICT_HEATING,TOTAL,43149,245,490,69660,0.6997183699451376,0.7279259207253826,0.22545273187917086,1490.6738144329897,0.7373284376521306,MEDIUM,MEDIUM,MEDIUM,5,COST_BASED,COST_BASED,false,false
1,baseline,1,2024,0.0,0.0,DISTRICT_HEATING,PRIVATELY_OWNED,15449,15449,0,15449,0.0,0.0,0.0,0.0,0.0,MEDIUM,MEDIUM,MEDIUM,5,COST_BASED,COST_BASED,false,false
1,baseline,1,2025,0.0,0.0,DISTRICT_HEATING,PRIVATELY_OWNED,19458,4372,363,19821,0.7651233413758208,0.7356280384349488,0.11408326885956471,1507.64808458053,0.7257962707879932,MEDIUM,MEDIUM,MEDIUM,5,COST_BASED,COST_BASED,false,false
1,baseline,1,2026,0.0,0.0,DISTRICT_HEATING,PRIVATELY_OWNED,21759,2568,267,22389,0.7631711246727757,0.7221091920633558,0.13245687648772012,1527.309065288868,0.7084218811935497,MEDIUM,MEDIUM,MEDIUM,5,COST_BASED,COST_BASED,false,false
1,baseline,1,2027,0.0,0.0,DISTRICT_HEATING,PRIVATELY_OWNED,24031,2550,278,24939,0.7663826526330884,0.730800058332124,0.14948030339491675,1517.3334124347414,0.7189391935651375,MEDIUM,MEDIUM,MEDIUM,5,COST_BASED,COST_BASED,false,false
1,baseline,1,2028,0.0,0.0,DISTRICT_HEATING,PRIVATELY_OWNED,25960,2347,418,27286,0.7668002810002655,0.7328372419811315,0.16331508601626268,1512.4104212860311,0.7215162289747501,MEDIUM,MEDIUM,MEDIUM,5,COST_BASED,COST_BASED,false,false
1,baseline,1,2029,0.0,0.0,DISTRICT_HEATING,PRIVATELY_OWNED,28370,2971,561,30257,0.7659163657751483,0.7324652037420287,0.17728307426861512,1533.162382445141,0.7213148163976555,MEDIUM,MEDIUM,MEDIUM,5,COST_BASED,COST_BASED,false,false
1,baseline,1,2030,0.0,0.0,DISTRICT_HEATING,PRIVATELY_OWNED,30560,2875,685,33132,0.7631909092184123,0.7309465423624514,0.18889309018533626,1497.983154974237,0.7201984200771269,MEDIUM,MEDIUM,MEDIUM,5,COST_BASED,COST_BASED,false,false
1,baseline,1,2031,0.0,0.0,DISTRICT_HEATING,PRIVATELY_OWNED,32603,3098,1055,36230,0.7660560546166253,0.7320356030479834,0.20611722413063666,1501.4077431539188,0.7206954525251008,MEDIUM,MEDIUM,MEDIUM,5,COST_BASED,COST_BASED,false,false
1,baseline,1,2032,0.0,0.0,DISTRICT_HEATING,PRIVATELY_OWNED,34870,3464,1197,39694,0.7673149127575521,0.7382953575527691,0.2224378363181348,1511.550719358951,0.728622172484506,MEDIUM,MEDIUM,MEDIUM,5,COST_BASED,COST_BASED,false,false
1,baseline,1,2033,0.0,0.0,DISTRICT_HEATING,PRIVATELY_OWNED,37111,3215,974,42909,0.7640829466365885,0.727333236637576,0.23256880848700337,1485.7024334163632,0.7150833333045694,MEDIUM,MEDIUM,MEDIUM,5,COST_BASED,COST_BASED,false,false
1,baseline,1,2034,0.0,0.0,DISTRICT_HEATING,PRIVATELY_OWNED,39820,3304,595,46213,0.7639673923847271,0.7236029087301403,0.25096067609332806,1411.8320344884762,0.7101480808452745,MEDIUM,MEDIUM,MEDIUM,5,COST_BASED,COST_BASED,false,false
1,baseline,1,2035,0.0,0.0,DISTRICT_HEATING,PRIVATELY_OWNED,42264,3039,595,49252,0.7644240325129147,0.7420879029283748,0.2666418117030295,1458.3049824834566,0.7346425264001936,MEDIUM,MEDIUM,MEDIUM,5,COST_BASED,COST_BASED,false,false
1,baseline,1,2036,0.0,0.0,DISTRICT_HEATING,PRIVATELY_OWNED,43642,1840,462,51092,0.7657962601646304,0.7227756515511159,0.2789441684962572,1517.7679180887371,0.708435448679945,MEDIUM,MEDIUM,MEDIUM,5,COST_BASED,COST_BASED,false,false
1,baseline,1,2037,0.0,0.0,DISTRICT_HEATING,PRIVATELY_OWNED,43487,424,579,51516,0.7661616097016636,0.7381812727093593,0.28644229772408974,1350.1347237880495,0.7288544937119233,MEDIUM,MEDIUM,MEDIUM,5,COST_BASED,COST_BASED,false,false
1,baseline,1,2038,0.0,0.0,DISTRICT_HEATING,PRIVATELY_OWNED,43345,467,609,51983,0.7623551636524667,0.7119749784679219,0.28167477857012896,1506.8419642857143,0.6951815834064056,MEDIUM,MEDIUM,MEDIUM,5,COST_BASED,COST_BASED,false,false
1,baseline,1,2039,0.0,0.0,DISTRICT_HEATING,PRIVATELY_OWNED,43219,330,456,52313,0.7699073903141227,0.724264601755796,0.2827591557099324,1573.062865497076,0.7090503389030207,MEDIUM,MEDIUM,MEDIUM,5,COST_BASED,COST_BASED,false,false
1,baseline,1,2040,0.0,0.0,DISTRICT_HEATING,PRIVATELY_OWNED,43143,344,420,52657,0.6695666430031938,0.7140031912630228,0.21702723798400922,1546.1672738312081,0.7288153740162985,MEDIUM,MEDIUM,MEDIUM,5,COST_BASED,COST_BASED,false,false
1,baseline,1,2041,0.0,0.0,DISTRICT_HEATING,PRIVATELY_OWNED,43059,220,304,52877,0.6769159597558786,0.7000349751900777,0.2221260351301228,1549.489478957916,0.7077413136681419,MEDIUM,MEDIUM,MEDIUM,5,COST_BASED,COST_BASED,false,false
1,baseline,1,2042,0.0,0.0,DISTRICT_HEATING,PRIVATELY_OWNED,42945,179,293,53056,0.6751183356730748,0.705103828389031,0.22346871978070562,1563.0504330106978,0.7150989926276844,MEDIUM,MEDIUM,MEDIUM,5,COST_BASED,COST_BASED,false,false
1,baseline,1,2043,0.0,0.0,DISTRICT_HEATING,PRIVATELY_OWNED,42859,358,444,53414,0.7034474639137069,0.7241484673552282,0.2375322854917868,1538.7549923195083,0.731048801835736,MEDIUM,MEDIUM,MEDIUM,5,COST_BASED,COST_BASED,false,false
1,baseline,1,2044,0.0,0.0,DISTRICT_HEATING,PRIVATELY_OWNED,42815,238,282,53652,0.6983735708421159,0.7108248149481805,0.22974756975129446,1593.7655502392345,0.7149752296502035,MEDIUM,MEDIUM,MEDIUM,5,COST_BASED,COST_BASED,false,false
1,baseline,1,2045,0.0,0.0,DISTRICT_HEATING,PRIVATELY_OWNED,42750,193,258,53845,0.6812219940261873,0.7077355741126538,0.22119445076415048,1556.331960461285,0.716573434141475,MEDIUM,MEDIUM,MEDIUM,5,COST_BASED,COST_BASED,false,false
1,baseline,1,2046,0.0,0.0,DISTRICT_HEATING,PRIVATELY_OWNED,42717,281,314,54126,0.6816084181984964,0.7086064419862226,0.22028019338332613,1540.3984031936127,0.7176057832487994,MEDIUM,MEDIUM,MEDIUM,5,COST_BASED,COST_BASED,false,false
1,baseline,1,2047,0.0,0.0,DISTRICT_HEATING,PRIVATELY_OWNED,42657,209,269,54335,0.6981542718665572,0.7030788385913073,0.22624506689751495,1625.0152705061082,0.7047203608328898,MEDIUM,MEDIUM,MEDIUM,5,COST_BASED,COST_BASED,false,false
1,baseline,1,2048,0.0,0.0,DISTRICT_HEATING,PRIVATELY_OWNED,42583,311,385,54646,0.6933749365602646,0.7137251424587757,0.22201383860444923,1482.9139830508475,0.7205085444249442,MEDIUM,MEDIUM,MEDIUM,5,COST_BASED,COST_BASED,false,false
1,baseline,1,2049,0.0,0.0,DISTRICT_HEATING,PRIVATELY_OWNED,42455,340,468,54986,0.7043775285100288,0.7005134611026667,0.23323671379467772,1522.5920074349442,0.699225438633548,MEDIUM,MEDIUM,MEDIUM,5,COST_BASED,COST_BASED,false,false
1,baseline,1,2050,0.0,0.0,DISTRICT_HEATING,PRIVATELY_OWNED,42381,245,319,55231,0.6997183699451376,0.7279259207253826,0.22545273187917086,1490.6738144329897,0.7373284376521306,MEDIUM,MEDIUM,MEDIUM,5,COST_BASED,COST_BASED,false,false
1,baseline,1,2024,0.0,0.0,DISTRICT_HEATING,SOCIAL_HOUSING,9350,9350,0,9350,0.0,0.0,0.0,0.0,0.0,MEDIUM,MEDIUM,MEDIUM,5,COST_BASED,COST_BASED,false,false
1,baseline,1,2025,0.0,0.0,DISTRICT_HEATING,SOCIAL_HOUSING,9350,0,0,9350,0.0,0.0,0.0,0.0,0.0,MEDIUM,MEDIUM,MEDIUM,5,COST_BASED,COST_BASED,false,false
1,baseline,1,2026,0.0,0.0,DISTRICT_HEATING,SOCIAL_HOUSING,9350,0,0,9350,0.0,0.0,0.0,0.0,0.0,MEDIUM,MEDIUM,MEDIUM,5,COST_BASED,COST_BASED,false,false
1,baseline,1,2027,0.0,0.0,DISTRICT_HEATING,SOCIAL_HOUSING,9350,0,0,9350,0.0,0.0,0.0,0.0,0.0,MEDIUM,MEDIUM,MEDIUM,5,COST_BASED,COST_BASED,false,false
1,baseline,1,2028,0.0,0.0,DISTRICT_HEATING,SOCIAL_HOUSING,9350,0,0,9350,0.0,0.0,0.0,0.0,0.0,MEDIUM,MEDIUM,MEDIUM,5,COST_BASED,COST_BASED,false,false
1,baseline,1,2029,0.0,0.0,DISTRICT_HEATING,SOCIAL_HOUSING,9350,0,0,9350,0.0,0.0,0.0,0.0,0.0,MEDIUM,MEDIUM,MEDIUM,5,COST_BASED,COST_BASED,false,false
1,baseline,1,2030,0.0,0.0,DISTRICT_HEATING,SOCIAL_HOUSING,8031,0,1319,9350,0.0,0.0,0.0,0.0,0.0,MEDIUM,MEDIUM,MEDIUM,5,COST_BASED,COST_BASED,false,false
1,baseline,1,2031,0.0,0.0,DISTRICT_HEATING,SOCIAL_HOUSING,6910,0,1121,9350,0.0,0.0,0.0,0.0,0.0,MEDIUM,MEDIUM,MEDIUM,5,COST_BASED,COST_BASED,false,false
1,baseline,1,2032,0.0,0.0,DISTRICT_HEATING,SOCIAL_HOUSING,4273,0,2637,9350,0.0,0.0,0.0,0.0,0.0,MEDIUM,MEDIUM,MEDIUM,5,COST_BASED,COST_BASED,false,false
1,baseline,1,2033,0.0,0.0,DISTRICT_HEATING,SOCIAL_HOUSING,4273,0,0,9350,0.0,0.0,0.0,0.0,0.0,MEDIUM,MEDIUM,MEDIUM,5,COST_BASED,COST_BASED,false,false
1,baseline,1,2034,0.0,0.0,DISTRICT_HEATING,SOCIAL_HOUSING,4273,0,0,9350,0.0,0.0,0.0,0.0,0.0,MEDIUM,MEDIUM,MEDIUM,5,COST_BASED,COST_BASED,false,false
1,baseline,1,2035,0.0,0.0,DISTRICT_HEATING,SOCIAL_HOUSING,3195,0,1078,9350,0.0,0.0,0.0,0.0,0.0,MEDIUM,MEDIUM,MEDIUM,5,COST_BASED,COST_BASED,false,false
1,baseline,1,2036,0.0,0.0,DISTRICT_HEATING,SOCIAL_HOUSING,3195,0,0,9350,0.0,0.0,0.0,0.0,0.0,MEDIUM,MEDIUM,MEDIUM,5,COST_BASED,COST_BASED,false,false
1,baseline,1,2037,0.0,0.0,DISTRICT_HEATING,SOCIAL_HOUSING,3195,0,0,9350,0.0,0.0,0.0,0.0,0.0,MEDIUM,MEDIUM,MEDIUM,5,COST_BASED,COST_BASED,false,false
1,baseline,1,2038,0.0,0.0,DISTRICT_HEATING,SOCIAL_HOUSING,2305,0,890,9350,0.0,0.0,0.0,0.0,0.0,MEDIUM,MEDIUM,MEDIUM,5,COST_BASED,COST_BASED,false,false
1,baseline,1,2039,0.0,0.0,DISTRICT_HEATING,SOCIAL_HOUSING,2305,0,0,9350,0.0,0.0,0.0,0.0,0.0,MEDIUM,MEDIUM,MEDIUM,5,COST_BASED,COST_BASED,false,false
1,baseline,1,2040,0.0,0.0,DISTRICT_HEATING,SOCIAL_HOUSING,2305,0,0,9350,0.0,0.0,0.0,0.0,0.0,MEDIUM,MEDIUM,MEDIUM,5,COST_BASED,COST_BASED,false,false
1,baseline,1,2041,0.0,0.0,DISTRICT_HEATING,SOCIAL_HOUSING,2305,0,0,9350,0.0,0.0,0.0,0.0,0.0,MEDIUM,MEDIUM,MEDIUM,5,COST_BASED,COST_BASED,false,false
1,baseline,1,2042,0.0,0.0,DISTRICT_HEATING,SOCIAL_HOUSING,2305,0,0,9350,0.0,0.0,0.0,0.0,0.0,MEDIUM,MEDIUM,MEDIUM,5,COST_BASED,COST_BASED,false,false
1,baseline,1,2043,0.0,0.0,DISTRICT_HEATING,SOCIAL_HOUSING,2305,0,0,9350,0.0,0.0,0.0,0.0,0.0,MEDIUM,MEDIUM,MEDIUM,5,COST_BASED,COST_BASED,false,false
1,baseline,1,2044,0.0,0.0,DISTRICT_HEATING,SOCIAL_HOUSING,2305,0,0,9350,0.0,0.0,0.0,0.0,0.0,MEDIUM,MEDIUM,MEDIUM,5,COST_BASED,COST_BASED,false,false
1,baseline,1,2045,0.0,0.0,DISTRICT_HEATING,SOCIAL_HOUSING,2305,0,0,9350,0.0,0.0,0.0,0.0,0.0,MEDIUM,MEDIUM,MEDIUM,5,COST_BASED,COST_BASED,false,false
1,baseline,1,2046,0.0,0.0,DISTRICT_HEATING,SOCIAL_HOUSING,2305,0,0,9350,0.0,0.0,0.0,0.0,0.0,MEDIUM,MEDIUM,MEDIUM,5,COST_BASED,COST_BASED,false,false
1,baseline,1,2047,0.0,0.0,DISTRICT_HEATING,SOCIAL_HOUSING,422,0,1883,9350,0.0,0.0,0.0,0.0,0.0,MEDIUM,MEDIUM,MEDIUM,5,COST_BASED,COST_BASED,false,false
1,baseline,1,2048,0.0,0.0,DISTRICT_HEATING,SOCIAL_HOUSING,422,0,0,9350,0.0,0.0,0.0,0.0,0.0,MEDIUM,MEDIUM,MEDIUM,5,COST_BASED,COST_BASED,false,false
1,baseline,1,2049,0.0,0.0,DISTRICT_HEATING,SOCIAL_HOUSING,393,0,29,9350,0.0,0.0,0.0,0.0,0.0,MEDIUM,MEDIUM,MEDIUM,5,COST_BASED,COST_BASED,false,false
1,baseline,1,2050,0.0,0.0,DISTRICT_HEATING,SOCIAL_HOUSING,393,0,0,9350,0.0,0.0,0.0,0.0,0.0,MEDIUM,MEDIUM,MEDIUM,5,COST_BASED,COST_BASED,false,false
1,baseline,1,2024,0.0,0.0,DISTRICT_HEATING,PRIVATELY_RENTED,5035,5035,0,5035,0.0,0.0,0.0,0.0,0.0,MEDIUM,MEDIUM,MEDIUM,5,COST_BASED,COST_BASED,false,false
1,baseline,1,2025,0.0,0.0,DISTRICT_HEATING,PRIVATELY_RENTED,4895,1,141,5036,0.0,0.0,0.0,0.0,0.0,MEDIUM,MEDIUM,MEDIUM,5,COST_BASED,COST_BASED,false,false
1,baseline,1,2026,0.0,0.0,DISTRICT_HEATING,PRIVATELY_RENTED,4786,0,109,5036,0.0,0.0,0.0,0.0,0.0,MEDIUM,MEDIUM,MEDIUM,5,COST_BASED,COST_BASED,false,false
1,baseline,1,2027,0.0,0.0,DISTRICT_HEATING,PRIVATELY_RENTED,4680,0,106,5036,0.0,0.0,0.0,0.0,0.0,MEDIUM,MEDIUM,MEDIUM,5,COST_BASED,COST_BASED,false,false
1,baseline,1,2028,0.0,0.0,DISTRICT_HEATING,PRIVATELY_RENTED,4515,0,165,5036,0.0,0.0,0.0,0.0,0.0,MEDIUM,MEDIUM,MEDIUM,5,COST_BASED,COST_BASED,false,false
1,baseline,1,2029,0.0,0.0,DISTRICT_HEATING,PRIVATELY_RENTED,4324,3,194,5039,0.0,0.0,0.0,0.0,0.0,MEDIUM,MEDIUM,MEDIUM,5,COST_BASED,COST_BASED,false,false
1,baseline,1,2030,0.0,0.0,DISTRICT_HEATING,PRIVATELY_RENTED,4124,3,203,5042,0.0,0.0,0.0,0.0,0.0,MEDIUM,MEDIUM,MEDIUM,5,COST_BASED,COST_BASED,false,false
1,baseline,1,2031,0.0,0.0,DISTRICT_HEATING,PRIVATELY_RENTED,4001,2,125,5044,0.0,0.0,0.0,0.0,0.0,MEDIUM,MEDIUM,MEDIUM,5,COST_BASED,COST_BASED,false,false
1,baseline,1,2032,0.0,0.0,DISTRICT_HEATING,PRIVATELY_RENTED,3501,4,504,5048,0.0,0.0,0.0,0.0,0.0,MEDIUM,MEDIUM,MEDIUM,5,COST_BASED,COST_BASED,false,false
1,baseline,1,2033,0.0,0.0,DISTRICT_HEATING,PRIVATELY_RENTED,3161,11,351,5059,0.0,0.0,0.0,0.0,0.0,MEDIUM,MEDIUM,MEDIUM,5,COST_BASED,COST_BASED,false,false
1,baseline,1,2034,0.0,0.0,DISTRICT_HEATING,PRIVATELY_RENTED,3061,7,107,5066,0.0,0.0,0.0,0.0,0.0,MEDIUM,MEDIUM,MEDIUM,5,COST_BASED,COST_BASED,false,false
1,baseline,1,2035,0.0,0.0,DISTRICT_HEATING,PRIVATELY_RENTED,2823,3,241,5069,0.0,0.0,0.0,0.0,0.0,MEDIUM,MEDIUM,MEDIUM,5,COST_BASED,COST_BASED,false,false
1,baseline,1,2036,0.0,0.0,DISTRICT_HEATING,PRIVATELY_RENTED,2649,5,179,5074,0.0,0.0,0.0,0.0,0.0,MEDIUM,MEDIUM,MEDIUM,5,COST_BASED,COST_BASED,false,false
1,baseline,1,2037,0.0,0.0,DISTRICT_HEATING,PRIVATELY_RENTED,2506,0,143,5074,0.0,0.0,0.0,0.0,0.0,MEDIUM,MEDIUM,MEDIUM,5,COST_BASED,COST_BASED,false,false
1,baseline,1,2038,0.0,0.0,DISTRICT_HEATING,PRIVATELY_RENTED,2242,0,264,5074,0.0,0.0,0.0,0.0,0.0,MEDIUM,MEDIUM,MEDIUM,5,COST_BASED,COST_BASED,false,false
1,baseline,1,2039,0.0,0.0,DISTRICT_HEATING,PRIVATELY_RENTED,2004,0,238,5074,0.0,0.0,0.0,0.0,0.0,MEDIUM,MEDIUM,MEDIUM,5,COST_BASED,COST_BASED,false,false
1,baseline,1,2040,0.0,0.0,DISTRICT_HEATING,PRIVATELY_RENTED,1807,2,199,5076,0.0,0.0,0.0,0.0,0.0,MEDIUM,MEDIUM,MEDIUM,5,COST_BASED,COST_BASED,false,false
1,baseline,1,2041,0.0,0.0,DISTRICT_HEATING,PRIVATELY_RENTED,1642,2,167,5078,0.0,0.0,0.0,0.0,0.0,MEDIUM,MEDIUM,MEDIUM,5,COST_BASED,COST_BASED,false,false
1,baseline,1,2042,0.0,0.0,DISTRICT_HEATING,PRIVATELY_RENTED,1541,0,101,5078,0.0,0.0,0.0,0.0,0.0,MEDIUM,MEDIUM,MEDIUM,5,COST_BASED,COST_BASED,false,false
1,baseline,1,2043,0.0,0.0,DISTRICT_HEATING,PRIVATELY_RENTED,1340,1,202,5079,0.0,0.0,0.0,0.0,0.0,MEDIUM,MEDIUM,MEDIUM,5,COST_BASED,COST_BASED,false,false
1,baseline,1,2044,0.0,0.0,DISTRICT_HEATING,PRIVATELY_RENTED,1226,0,114,5079,0.0,0.0,0.0,0.0,0.0,MEDIUM,MEDIUM,MEDIUM,5,COST_BASED,COST_BASED,false,false
1,baseline,1,2045,0.0,0.0,DISTRICT_HEATING,PRIVATELY_RENTED,1102,0,124,5079,0.0,0.0,0.0,0.0,0.0,MEDIUM,MEDIUM,MEDIUM,5,COST_BASED,COST_BASED,false,false
1,baseline,1,2046,0.0,0.0,DISTRICT_HEATING,PRIVATELY_RENTED,967,0,135,5079,0.0,0.0,0.0,0.0,0.0,MEDIUM,MEDIUM,MEDIUM,5,COST_BASED,COST_BASED,false,false
1,baseline,1,2047,0.0,0.0,DISTRICT_HEATING,PRIVATELY_RENTED,821,0,146,5079,0.0,0.0,0.0,0.0,0.0,MEDIUM,MEDIUM,MEDIUM,5,COST_BASED,COST_BASED,false,false
1,baseline,1,2048,0.0,0.0,DISTRICT_HEATING,PRIVATELY_RENTED,650,0,171,5079,0.0,0.0,0.0,0.0,0.0,MEDIUM,MEDIUM,MEDIUM,5,COST_BASED,COST_BASED,false,false
1,baseline,1,2049,0.0,0.0,DISTRICT_HEATING,PRIVATELY_RENTED,546,0,104,5079,0.0,0.0,0.0,0.0,0.0,MEDIUM,MEDIUM,MEDIUM,5,COST_BASED,COST_BASED,false,false
1,baseline,1,2050,0.0,0.0,DISTRICT_HEATING,PRIVATELY_RENTED,375,0,171,5079,0.0,0.0,0.0,0.0,0.0,MEDIUM,MEDIUM,MEDIUM,5,COST_BASED,COST_BASED,false,false
1,baseline,1,2024,0.0,0.0,ELECTRIC_HEAT_PUMP,TOTAL,10467,10467,0,10467,0.0,0.0,0.0,0.0,0.0,MEDIUM,MEDIUM,MEDIUM,5,COST_BASED,COST_BASED,false,false
1,baseline,1,2025,0.0,0.0,ELECTRIC_HEAT_PUMP,TOTAL,17766,8299,1000,18766,0.7155364366374379,0.6897566718534721,0.07894865616087943,2313.4924715986303,0.6811634169254818,MEDIUM,MEDIUM,MEDIUM,5,COST_BASED,COST_BASED,false,false
1,baseline,1,2026,0.0,0.0,ELECTRIC_HEAT_PUMP,TOTAL,22098,4931,599,23697,0.7139051535630694,0.6752782604903643,0.11771122647614853,2259.185599408448,0.6624026294661273,MEDIUM,MEDIUM,MEDIUM,5,COST_BASED,COST_BASED,false,false
1,baseline,1,2027,0.0,0.0,ELECTRIC_HEAT_PUMP,TOTAL,26876,5278,500,28975,0.7127522690413782,0.685869640389464,0.14781857628735903,2243.8965007847846,0.6769087641721577,MEDIUM,MEDIUM,MEDIUM,5,COST_BASED,COST_BASED,false,false
1,baseline,1,2028,0.0,0.0,ELECTRIC_HEAT_PUMP,TOTAL,30222,4260,914,33235,0.7130624704568146,0.6889806392759454,0.17546913501150313,2170.998117267348,0.6809533622156572,MEDIUM,MEDIUM,MEDIUM,5,COST_BASED,COST_BASED,false,false
1,baseline,1,2029,0.0,0.0,ELECTRIC_HEAT_PUMP,TOTAL,33001,3361,582,36596,0.7133366333192267,0.6676275266050627,0.19711396808789194,2139.4522788907357,0.6523911577003441,MEDIUM,MEDIUM,MEDIUM,5,COST_BASED,COST_BASED,false,false
1,baseline,1,2030,0.0,0.0,ELECTRIC_HEAT_PUMP,TOTAL,37270,4758,489,41354,0.7134884975078937,0.6828669965896392,0.21987829306158732,2102.2577754803137,0.6726598296168881,MEDIUM,MEDIUM,MEDIUM,5,COST_BASED,COST_BASED,false,false
1,baseline,1,2031,0.0,0.0,ELECTRIC_HEAT_PUMP,TOTAL,41735,5044,579,46398,0.7137173652572995,0.6856055652808448,0.24930099027660554,2061.654075881215,0.6762349652886904,MEDIUM,MEDIUM,MEDIUM,5,COST_BASED,COST_BASED,false,false
1,baseline,1,2032,0.0,0.0,ELECTRIC_HEAT_PUMP,TOTAL,44531,3343,547,49741,0.7146328337405746,0.670274684407365,0.2746669506243388,2043.9754813230213,0.6554886346296299,MEDIUM,MEDIUM,MEDIUM,5,COST_BASED,COST_BASED,false,false
1,baseline,1,2033,0.0,0.0,ELECTRIC_HEAT_PUMP,TOTAL,48101,4247,677,53988,0.7165743292659671,0.666584936109741,0.2984024221361406,2009.7841402195186,0.6499218050576664,MEDIUM,MEDIUM,MEDIUM,5,COST_BASED,COST_BASED,false,false
1,baseline,1,2034,0.0,0.0,ELECTRIC_HEAT_PUMP,TOTAL,51592,4124,633,58112,0.7155276001521516,0.6659397584772195,0.3224350613401735,1905.9572942881111,0.6494104779189093,MEDIUM,MEDIUM,MEDIUM,5,COST_BASED,COST_BASED,false,false
1,baseline,1,2035,0.0,0.0,ELECTRIC_HEAT_PUMP,TOTAL,54737,3949,804,62061,0.7157823491019135,0.6827414714554969,0.34477110915544507,1960.8621754737458,0.6717278455733647,MEDIUM,MEDIUM,MEDIUM,5,COST_BASED,COST_BASED,false,false
1,baseline,1,2036,0.0,0.0,ELECTRIC_HEAT_PUMP,TOTAL,56616,2620,741,64681,0.71408808319788,0.6673089651387693,0.3562216771746388,1898.0608919382505,0.6517159257857318,MEDIUM,MEDIUM,MEDIUM,5,COST_BASED,COST_BASED,false,false
1,baseline,1,2037,0.0,0.0,ELECTRIC_HEAT_PUMP,TOTAL,56185,938,1369,65619,0.641849029079474,0.7109118691522105,0.3104615068278637,1464.4501043841335,0.7339328158431209,MEDIUM,MEDIUM,MEDIUM,5,COST_BASED,COST_BASED,false,false
1,baseline,1,2038,0.0,0.0,ELECTRIC_HEAT_PUMP,TOTAL,55956,452,681,66071,0.6459365289927654,0.6550370840476023,0.3141938959937594,1701.365869424693,0.6580706023992144,MEDIUM,MEDIUM,MEDIUM,5,COST_BASED,COST_BASED,false,false
1,baseline,1,2039,0.0,0.0,ELECTRIC_HEAT_PUMP,TOTAL,55926,322,352,66393,0.6001753303930301,0.6596692051695362,0.2737662394605861,1790.583333333333,0.679500496761706,MEDIUM,MEDIUM,MEDIUM,5,COST_BASED,COST_BASED,false,false
1,baseline,1,2040,0.0,0.0,ELECTRIC_HEAT_PUMP,TOTAL,55856,8229,8299,74622,0.7466054613358037,0.7373979401858407,0.4167014320457586,1657.2898100416637,0.7343287664691832,MEDIUM,MEDIUM,MEDIUM,5,COST_BASED,COST_BASED,false,false
1,baseline,1,2041,0.0,0.0,ELECTRIC_HEAT_PUMP,TOTAL,55899,4974,4931,79596,0.7376872029883899,0.7424099239124169,0.40579983640172745,1657.9151901724545,0.7439841642204263,MEDIUM,MEDIUM,MEDIUM,5,COST_BASED,COST_BASED,false,false
1,baseline,1,2042,0.0,0.0,ELECTRIC_HEAT_PUMP,TOTAL,55928,5307,5278,84903,0.7389092253975554,0.750568873368386,0.4092822559636394,1680.7135933806146,0.7544554226920016,MEDIUM,MEDIUM,MEDIUM,5,COST_BASED,COST_BASED,false,false
1,baseline,1,2043,0.0,0.0,ELECTRIC_HEAT_PUMP,TOTAL,56227,4559,4260,89462,0.7279422327779609,0.7411203311630726,0.39671794175134795,1645.8495943637915,0.745513030624777,MEDIUM,MEDIUM,MEDIUM,5,COST_BASED,COST_BASED,false,false
1,baseline,1,2044,0.0,0.0,ELECTRIC_HEAT_PUMP,TOTAL,56330,3464,3361,92926,0.7296867025032329,0.7099399494233269,0.3995120640944917,1626.7063619660082,0.7033576983966899,MEDIUM,MEDIUM,MEDIUM,5,COST_BASED,COST_BASED,false,false
1,baseline,1,2045,0.0,0.0,ELECTRIC_HEAT_PUMP,TOTAL,56405,4833,4758,97759,0.7358288250763954,0.7421581021524435,0.40815386455776576,1618.3818323499945,0.7442678611777878,MEDIUM,MEDIUM,MEDIUM,5,COST_BASED,COST_BASED,false,false
1,baseline,1,2046,0.0,0.0,ELECTRIC_HEAT_PUMP,TOTAL,56032,4671,5044,102430,0.7413978954590364,0.7167376002134599,0.4165713823027942,1588.7788877788878,0.7085175017982653,MEDIUM,MEDIUM,MEDIUM,5,COST_BASED,COST_BASED,false,false
1,baseline,1,2047,0.0,0.0,ELECTRIC_HEAT_PUMP,TOTAL,56253,3564,3343,105994,0.7327663107920067,0.7185439421141464,0.40419189213306733,1604.1011924662878,0.7138031525548603,MEDIUM,MEDIUM,MEDIUM,5,COST_BASED,COST_BASED,false,false
1,baseline,1,2048,0.0,0.0,ELECTRIC_HEAT_PUMP,TOTAL,56286,4280,4247,110274,0.7404758703739074,0.7275550919057991,0.4146771967919227,1553.491267861193,0.7232481657497621,MEDIUM,MEDIUM,MEDIUM,5,COST_BASED,COST_BASED,false,false
1,baseline,1,2049,0.0,0.0,ELECTRIC_HEAT_PUMP,TOTAL,56431,4269,4124,114543,0.7284189200675958,0.7171799996570375,0.40297583092928896,1504.3222126354137,0.7134336928535155,MEDIUM,MEDIUM,MEDIUM,5,COST_BASED,COST_BASED,false,false
1,baseline,1,2050,0.0,0.0,ELECTRIC_HEAT_PUMP,TOTAL,56503,4021,3949,118564,0.7329759481394964,0.7356093391939408,0.4049842387405583,1524.9416639758906,0.7364871362120913,MEDIUM,MEDIUM,MEDIUM,5,COST_BASED,COST_BASED,false,false
1,baseline,1,2024,0.0,0.0,ELECTRIC_HEAT_PUMP,PRIVATELY_OWNED,8329,8329,0,8329,0.0,0.0,0.0,0.0,0.0,MEDIUM,MEDIUM,MEDIUM,5,COST_BASED,COST_BASED,false,false
1,baseline,1,2025,0.0,0.0,ELECTRIC_HEAT_PUMP,PRIVATELY_OWNED,15879,8299,749,16628,0.7155364366374379,0.6897566718534721,0.07894865616087943,2313.4924715986303,0.6811634169254818,MEDIUM,MEDIUM,MEDIUM,5,COST_BASED,COST_BASED,false,false
1,baseline,1,2026,0.0,0.0,ELECTRIC_HEAT_PUMP,PRIVATELY_OWNED,20346,4931,464,21559,0.7139051535630694,0.6752782604903643,0.11771122647614854,2259.185599408448,0.6624026294661273,MEDIUM,MEDIUM,MEDIUM,5,COST_BASED,COST_BASED,false,false
1,baseline,1,2027,0.0,0.0,ELECTRIC_HEAT_PUMP,PRIVATELY_OWNED,25209,5278,415,26837,0.7127522690413782,0.685869640389464,0.14781857628735903,2243.8965007847846,0.6769087641721577,MEDIUM,MEDIUM,MEDIUM,5,COST_BASED,COST_BASED,false,false
1,baseline,1,2028,0.0,0.0,ELECTRIC_HEAT_PUMP,PRIVATELY_OWNED,28920,4260,549,31097,0.7130624704568146,0.6889806392759454,0.17546913501150313,2170.998117267348,0.6809533622156572,MEDIUM,MEDIUM,MEDIUM,5,COST_BASED,COST_BASED,false,false
1,baseline,1,2029,0.0,0.0,ELECTRIC_HEAT_PUMP,PRIVATELY_OWNED,31823,3361,458,34458,0.7133366333192266,0.6676275266050627,0.19711396808789194,2139.4522788907357,0.6523911577003441,MEDIUM,MEDIUM,MEDIUM,5,COST_BASED,COST_BASED,false,false
1,baseline,1,2030,0.0,0.0,ELECTRIC_HEAT_PUMP,PRIVATELY_OWNED,36174,4758,407,39216,0.7134884975078937,0.6828669965896392,0.21987829306158735,2102.2577754803137,0.6726598296168881,MEDIUM,MEDIUM,MEDIUM,5,COST_BASED,COST_BASED,false,false
1,baseline,1,2031,0.0,0.0,ELECTRIC_HEAT_PUMP,PRIVATELY_OWNED,40758,5044,460,44260,0.7137173652572995,0.6856055652808448,0.24930099027660552,2061.654075881215,0.6762349652886904,MEDIUM,MEDIUM,MEDIUM,5,COST_BASED,COST_BASED,false,false
1,baseline,1,2032,0.0,0.0,ELECTRIC_HEAT_PUMP,PRIVATELY_OWNED,43654,3343,447,47603,0.7146328337405746,0.670274684407365,0.2746669506243388,2043.9754813230213,0.6554886346296299,MEDIUM,MEDIUM,MEDIUM,5,COST_BASED,COST_BASED,false,false
1,baseline,1,2033,0.0,0.0,ELECTRIC_HEAT_PUMP,PRIVATELY_OWNED,47381,4247,520,51850,0.7165743292659671,0.666584936109741,0.2984024221361406,2009.7841402195183,0.6499218050576664,MEDIUM,MEDIUM,MEDIUM,5,COST_BASED,COST_BASED,false,false
1,baseline,1,2034,0.0,0.0,ELECTRIC_HEAT_PUMP,PRIVATELY_OWNED,51001,4124,504,55974,0.7155276001521516,0.6659397584772195,0.3224350613401735,1905.9572942881111,0.6494104779189093,MEDIUM,MEDIUM,MEDIUM,5,COST_BASED,COST_BASED,false,false
1,baseline,1,2035,0.0,0.0,ELECTRIC_HEAT_PUMP,PRIVATELY_OWNED,54288,3949,662,59923,0.7157823491019135,0.6827414714554969,0.34477110915544507,1960.8621754737458,0.6717278455733647,MEDIUM,MEDIUM,MEDIUM,5,COST_BASED,COST_BASED,false,false
1,baseline,1,2036,0.0,0.0,ELECTRIC_HEAT_PUMP,PRIVATELY_OWNED,56294,2620,614,62543,0.71408808319788,0.6673089651387693,0.3562216771746388,1898.0608919382505,0.6517159257857318,MEDIUM,MEDIUM,MEDIUM,5,COST_BASED,COST_BASED,false,false
1,baseline,1,2037,0.0,0.0,ELECTRIC_HEAT_PUMP,PRIVATELY_OWNED,55993,938,1239,63481,0.641849029079474,0.7109118691522105,0.3104615068278637,1464.4501043841335,0.733932815843121,MEDIUM,MEDIUM,MEDIUM,5,COST_BASED,COST_BASED,false,false
1,baseline,1,2038,0.0,0.0,ELECTRIC_HEAT_PUMP,PRIVATELY_OWNED,55887,452,558,63933,0.6459365289927654,0.6550370840476023,0.3141938959937594,1701.3658694246928,0.6580706023992146,MEDIUM,MEDIUM,MEDIUM,5,COST_BASED,COST_BASED,false,false
1,baseline,1,2039,0.0,0.0,ELECTRIC_HEAT_PUMP,PRIVATELY_OWNED,55926,322,283,64255,0.6001753303930301,0.6596692051695362,0.2737662394605861,1790.5833333333333,0.679500496761706,MEDIUM,MEDIUM,MEDIUM,5,COST_BASED,COST_BASED,false,false
1,baseline,1,2040,0.0,0.0,ELECTRIC_HEAT_PUMP,PRIVATELY_OWNED,55856,8229,8299,72484,0.7466054613358037,0.7373979401858407,0.4167014320457586,1657.2898100416637,0.7343287664691832,MEDIUM,MEDIUM,MEDIUM,5,COST_BASED,COST_BASED,false,false
1,baseline,1,2041,0.0,0.0,ELECTRIC_HEAT_PUMP,PRIVATELY_OWNED,55899,4974,4931,77458,0.7376872029883899,0.7424099239124169,0.40579983640172745,1657.9151901724545,0.7439841642204263,MEDIUM,MEDIUM,MEDIUM,5,COST_BASED,COST_BASED,false,false
1,baseline,1,2042,0.0,0.0,ELECTRIC_HEAT_PUMP,PRIVATELY_OWNED,55928,5307,5278,82765,0.7389092253975554,0.750568873368386,0.4092822559636394,1680.7135933806146,0.7544554226920016,MEDIUM,MEDIUM,MEDIUM,5,COST_BASED,COST_BASED,false,false
1,baseline,1,2043,0.0,0.0,ELECTRIC_HEAT_PUMP,PRIVATELY_OWNED,56227,4559,4260,87324,0.7279422327779609,0.7411203311630726,0.39671794175134795,1645.8495943637915,0.745513030624777,MEDIUM,MEDIUM,MEDIUM,5,COST_BASED,COST_BASED,false,false
1,baseline,1,2044,0.0,0.0,ELECTRIC_HEAT_PUMP,PRIVATELY_OWNED,56330,3464,3361,90788,0.7296867025032329,0.7099399494233269,0.3995120640944917,1626.7063619660082,0.7033576983966899,MEDIUM,MEDIUM,MEDIUM,5,COST_BASED,COST_BASED,false,false
1,baseline,1,2045,0.0,0.0,ELECTRIC_HEAT_PUMP,PRIVATELY_OWNED,56405,4833,4758,95621,0.7358288250763954,0.7421581021524435,0.40815386455776576,1618.3818323499945,0.7442678611777878,MEDIUM,MEDIUM,MEDIUM,5,COST_BASED,COST_BASED,false,false
1,baseline,1,2046,0.0,0.0,ELECTRIC_HEAT_PUMP,PRIVATELY_OWNED,56032,4671,5044,100292,0.7413978954590364,0.7167376002134599,0.4165713823027942,1588.7788877788878,0.7085175017982653,MEDIUM,MEDIUM,MEDIUM,5,COST_BASED,COST_BASED,false,false
1,baseline,1,2047,0.0,0.0,ELECTRIC_HEAT_PUMP,PRIVATELY_OWNED,56253,3564,3343,103856,0.7327663107920067,0.7185439421141463,0.40419189213306733,1604.1011924662878,0.7138031525548603,MEDIUM,MEDIUM,MEDIUM,5,COST_BASED,COST_BASED,false,false
1,baseline,1,2048,0.0,0.0,ELECTRIC_HEAT_PUMP,PRIVATELY_OWNED,56286,4280,4247,108136,0.7404758703739074,0.7275550919057991,0.4146771967919227,1553.491267861193,0.7232481657497621,MEDIUM,MEDIUM,MEDIUM,5,COST_BASED,COST_BASED,false,false
1,baseline,1,2049,0.0,0.0,ELECTRIC_HEAT_PUMP,PRIVATELY_OWNED,56431,4269,4124,112405,0.7284189200675958,0.7171799996570375,0.40297583092928896,1504.3222126354137,0.7134336928535155,MEDIUM,MEDIUM,MEDIUM,5,COST_BASED,COST_BASED,false,false
1,baseline,1,2050,0.0,0.0,ELECTRIC_HEAT_PUMP,PRIVATELY_OWNED,56503,4021,3949,116426,0.7329759481394964,0.7356093391939408,0.4049842387405583,1524.9416639758906,0.7364871362120913,MEDIUM,MEDIUM,MEDIUM,5,COST_BASED,COST_BASED,false,false
1,baseline,1,2024,0.0,0.0,ELECTRIC_HEAT_PUMP,SOCIAL_HOUSING,42,42,0,42,0.0,0.0,0.0,0.0,0.0,MEDIUM,MEDIUM,MEDIUM,5,COST_BASED,COST_BASED,false,false
1,baseline,1,2025,0.0,0.0,ELECTRIC_HEAT_PUMP,SOCIAL_HOUSING,42,0,0,42,0.0,0.0,0.0,0.0,0.0,MEDIUM,MEDIUM,MEDIUM,5,COST_BASED,COST_BASED,false,false
1,baseline,1,2026,0.0,0.0,ELECTRIC_HEAT_PUMP,SOCIAL_HOUSING,42,0,0,42,0.0,0.0,0.0,0.0,0.0,MEDIUM,MEDIUM,MEDIUM,5,COST_BASED,COST_BASED,false,false
1,baseline,1,2027,0.0,0.0,ELECTRIC_HEAT_PUMP,SOCIAL_HOUSING,42,0,0,42,0.0,0.0,0.0,0.0,0.0,MEDIUM,MEDIUM,MEDIUM,5,COST_BASED,COST_BASED,false,false
1,baseline,1,2028,0.0,0.0,ELECTRIC_HEAT_PUMP,SOCIAL_HOUSING,42,0,0,42,0.0,0.0,0.0,0.0,0.0,MEDIUM,MEDIUM,MEDIUM,5,COST_BASED,COST_BASED,false,false
1,baseline,1,2029,0.0,0.0,ELECTRIC_HEAT_PUMP,SOCIAL_HOUSING,42,0,0,42,0.0,0.0,0.0,0.0,0.0,MEDIUM,MEDIUM,MEDIUM,5,COST_BASED,COST_BASED,false,false
1,baseline,1,2030,0.0,0.0,ELECTRIC_HEAT_PUMP,SOCIAL_HOUSING,42,0,0,42,0.0,0.0,0.0,0.0,0.0,MEDIUM,MEDIUM,MEDIUM,5,COST_BASED,COST_BASED,false,false
1,baseline,1,2031,0.0,0.0,ELECTRIC_HEAT_PUMP,SOCIAL_HOUSING,42,0,0,42,0.0,0.0,0.0,0.0,0.0,MEDIUM,MEDIUM,MEDIUM,5,COST_BASED,COST_BASED,false,false
1,baseline,1,2032,0.0,0.0,ELECTRIC_HEAT_PUMP,SOCIAL_HOUSING,42,0,0,42,0.0,0.0,0.0,0.0,0.0,MEDIUM,MEDIUM,MEDIUM,5,COST_BASED,COST_BASED,false,false
1,baseline,1,2033,0.0,0.0,ELECTRIC_HEAT_PUMP,SOCIAL_HOUSING,42,0,0,42,0.0,0.0,0.0,0.0,0.0,MEDIUM,MEDIUM,MEDIUM,5,COST_BASED,COST_BASED,false,false
1,baseline,1,2034,0.0,0.0,ELECTRIC_HEAT_PUMP,SOCIAL_HOUSING,42,0,0,42,0.0,0.0,0.0,0.0,0.0,MEDIUM,MEDIUM,MEDIUM,5,COST_BASED,COST_BASED,false,false
1,baseline,1,2035,0.0,0.0,ELECTRIC_HEAT_PUMP,SOCIAL_HOUSING,42,0,0,42,0.0,0.0,0.0,0.0,0.0,MEDIUM,MEDIUM,MEDIUM,5,COST_BASED,COST_BASED,false,false
1,baseline,1,2036,0.0,0.0,ELECTRIC_HEAT_PUMP,SOCIAL_HOUSING,42,0,0,42,0.0,0.0,0.0,0.0,0.0,MEDIUM,MEDIUM,MEDIUM,5,COST_BASED,COST_BASED,false,false
1,baseline,1,2037,0.0,0.0,ELECTRIC_HEAT_PUMP,SOCIAL_HOUSING,42,0,0,42,0.0,0.0,0.0,0.0,0.0,MEDIUM,MEDIUM,MEDIUM,5,COST_BASED,COST_BASED,false,false
1,baseline,1,2038,0.0,0.0,ELECTRIC_HEAT_PUMP,SOCIAL_HOUSING,0,0,42,42,0.0,0.0,0.0,0.0,0.0,MEDIUM,MEDIUM,MEDIUM,5,COST_BASED,COST_BASED,false,false
1,baseline,1,2039,0.0,0.0,ELECTRIC_HEAT_PUMP,SOCIAL_HOUSING,0,0,0,42,0.0,0.0,0.0,0.0,0.0,MEDIUM,MEDIUM,MEDIUM,5,COST_BASED,COST_BASED,false,false
1,baseline,1,2040,0.0,0.0,ELECTRIC_HEAT_PUMP,SOCIAL_HOUSING,0,0,0,42,0.0,0.0,0.0,0.0,0.0,MEDIUM,MEDIUM,MEDIUM,5,COST_BASED,COST_BASED,false,false
1,baseline,1,2041,0.0,0.0,ELECTRIC_HEAT_PUMP,SOCIAL_HOUSING,0,0,0,42,0.0,0.0,0.0,0.0,0.0,MEDIUM,MEDIUM,MEDIUM,5,COST_BASED,COST_BASED,false,false
1,baseline,1,2042,0.0,0.0,ELECTRIC_HEAT_PUMP,SOCIAL_HOUSING,0,0,0,42,0.0,0.0,0.0,0.0,0.0,MEDIUM,MEDIUM,MEDIUM,5,COST_BASED,COST_BASED,false,false
1,baseline,1,2043,0.0,0.0,ELECTRIC_HEAT_PUMP,SOCIAL_HOUSING,0,0,0,42,0.0,0.0,0.0,0.0,0.0,MEDIUM,MEDIUM,MEDIUM,5,COST_BASED,COST_BASED,false,false
1,baseline,1,2044,0.0,0.0,ELECTRIC_HEAT_PUMP,SOCIAL_HOUSING,0,0,0,42,0.0,0.0,0.0,0.0,0.0,MEDIUM,MEDIUM,MEDIUM,5,COST_BASED,COST_BASED,false,false
1,baseline,1,2045,0.0,0.0,ELECTRIC_HEAT_PUMP,SOCIAL_HOUSING,0,0,0,42,0.0,0.0,0.0,0.0,0.0,MEDIUM,MEDIUM,MEDIUM,5,COST_BASED,COST_BASED,false,false
1,baseline,1,2046,0.0,0.0,ELECTRIC_HEAT_PUMP,SOCIAL_HOUSING,0,0,0,42,0.0,0.0,0.0,0.0,0.0,MEDIUM,MEDIUM,MEDIUM,5,COST_BASED,COST_BASED,false,false
1,baseline,1,2047,0.0,0.0,ELECTRIC_HEAT_PUMP,SOCIAL_HOUSING,0,0,0,42,0.0,0.0,0.0,0.0,0.0,MEDIUM,MEDIUM,MEDIUM,5,COST_BASED,COST_BASED,false,false
1,baseline,1,2048,0.0,0.0,ELECTRIC_HEAT_PUMP,SOCIAL_HOUSING,0,0,0,42,0.0,0.0,0.0,0.0,0.0,MEDIUM,MEDIUM,MEDIUM,5,COST_BASED,COST_BASED,false,false
1,baseline,1,2049,0.0,0.0,ELECTRIC_HEAT_PUMP,SOCIAL_HOUSING,0,0,0,42,0.0,0.0,0.0,0.0,0.0,MEDIUM,MEDIUM,MEDIUM,5,COST_BASED,COST_BASED,false,false
1,baseline,1,2050,0.0,0.0,ELECTRIC_HEAT_PUMP,SOCIAL_HOUSING,0,0,0,42,0.0,0.0,0.0,0.0,0.0,MEDIUM,MEDIUM,MEDIUM,5,COST_BASED,COST_BASED,false,false
1,baseline,1,2024,0.0,0.0,ELECTRIC_HEAT_PUMP,PRIVATELY_RENTED,2096,2096,0,2096,0.0,0.0,0.0,0.0,0.0,MEDIUM,MEDIUM,MEDIUM,5,COST_BASED,COST_BASED,false,false
1,baseline,1,2025,0.0,0.0,ELECTRIC_HEAT_PUMP,PRIVATELY_RENTED,1845,0,251,2096,0.0,0.0,0.0,0.0,0.0,MEDIUM,MEDIUM,MEDIUM,5,COST_BASED,COST_BASED,false,false
1,baseline,1,2026,0.0,0.0,ELECTRIC_HEAT_PUMP,PRIVATELY_RENTED,1710,0,135,2096,0.0,0.0,0.0,0.0,0.0,MEDIUM,MEDIUM,MEDIUM,5,COST_BASED,COST_BASED,false,false
1,baseline,1,2027,0.0,0.0,ELECTRIC_HEAT_PUMP,PRIVATELY_RENTED,1625,0,85,2096,0.0,0.0,0.0,0.0,0.0,MEDIUM,MEDIUM,MEDIUM,5,COST_BASED,COST_BASED,false,false
1,baseline,1,2028,0.0,0.0,ELECTRIC_HEAT_PUMP,PRIVATELY_RENTED,1260,0,365,2096,0.0,0.0,0.0,0.0,0.0,MEDIUM,MEDIUM,MEDIUM,5,COST_BASED,COST_BASED,false,false
1,baseline,1,2029,0.0,0.0,ELECTRIC_HEAT_PUMP,PRIVATELY_RENTED,1136,0,124,2096,0.0,0.0,0.0,0.0,0.0,MEDIUM,MEDIUM,MEDIUM,5,COST_BASED,COST_BASED,false,false
1,baseline,1,2030,0.0,0.0,ELECTRIC_HEAT_PUMP,PRIVATELY_RENTED,1054,0,82,2096,0.0,0.0,0.0,0.0,0.0,MEDIUM,MEDIUM,MEDIUM,5,COST_BASED,COST_BASED,false,false
1,baseline,1,2031,0.0,0.0,ELECTRIC_HEAT_PUMP,PRIVATELY_RENTED,935,0,119,2096,0.0,0.0,0.0,0.0,0.0,MEDIUM,MEDIUM,MEDIUM,5,COST_BASED,COST_BASED,false,false
1,baseline,1,2032,0.0,0.0,ELECTRIC_HEAT_PUMP,PRIVATELY_RENTED,835,0,100,2096,0.0,0.0,0.0,0.0,0.0,MEDIUM,MEDIUM,MEDIUM,5,COST_BASED,COST_BASED,false,false
1,baseline,1,2033,0.0,0.0,ELECTRIC_HEAT_PUMP,PRIVATELY_RENTED,678,0,157,2096,0.0,0.0,0.0,0.0,0.0,MEDIUM,MEDIUM,MEDIUM,5,COST_BASED,COST_BASED,false,false
1,baseline,1,2034,0.0,0.0,ELECTRIC_HEAT_PUMP,PRIVATELY_RENTED,549,0,129,2096,0.0,0.0,0.0,0.0,0.0,MEDIUM,MEDIUM,MEDIUM,5,COST_BASED,COST_BASED,false,false
1,baseline,1,2035,0.0,0.0,ELECTRIC_HEAT_PUMP,PRIVATELY_RENTED,407,0,142,2096,0.0,0.0,0.0,0.0,0.0,MEDIUM,MEDIUM,MEDIUM,5,COST_BASED,COST_BASED,false,false
1,baseline,1,2036,0.0,0.0,ELECTRIC_HEAT_PUMP,PRIVATELY_RENTED,280,0,127,2096,0.0,0.0,0.0,0.0,0.0,MEDIUM,MEDIUM,MEDIUM,5,COST_BASED,COST_BASED,false,false
1,baseline,1,2037,0.0,0.0,ELECTRIC_HEAT_PUMP,PRIVATELY_RENTED,150,0,130,2096,0.0,0.0,0.0,0.0,0.0,MEDIUM,MEDIUM,MEDIUM,5,COST_BASED,COST_BASED,false,false
1,baseline,1,2038,0.0,0.0,ELECTRIC_HEAT_PUMP,PRIVATELY_RENTED,69,0,81,2096,0.0,0.0,0.0,0.0,0.0,MEDIUM,MEDIUM,MEDIUM,5,COST_BASED,COST_BASED,false,false
1,baseline,1,2039,0.0,0.0,ELECTRIC_HEAT_PUMP,PRIVATELY_RENTED,0,0,69,2096,0.0,0.0,0.0,0.0,0.0,MEDIUM,MEDIUM,MEDIUM,5,COST_BASED,COST_BASED,false,false
1,baseline,1,2040,0.0,0.0,ELECTRIC_HEAT_PUMP,PRIVATELY_RENTED,0,0,0,2096,0.0,0.0,0.0,0.0,0.0,MEDIUM,MEDIUM,MEDIUM,5,COST_BASED,COST_BASED,false,false
1,baseline,1,2041,0.0,0.0,ELECTRIC_HEAT_PUMP,PRIVATELY_RENTED,0,0,0,2096,0.0,0.0,0.0,0.0,0.0,MEDIUM,MEDIUM,MEDIUM,5,COST_BASED,COST_BASED,false,false
1,baseline,1,2042,0.0,0.0,ELECTRIC_HEAT_PUMP,PRIVATELY_RENTED,0,0,0,2096,0.0,0.0,0.0,0.0,0.0,MEDIUM,MEDIUM,MEDIUM,5,COST_BASED,COST_BASED,false,false
1,baseline,1,2043,0.0,0.0,ELECTRIC_HEAT_PUMP,PRIVATELY_RENTED,0,0,0,2096,0.0,0.0,0.0,0.0,0.0,MEDIUM,MEDIUM,MEDIUM,5,COST_BASED,COST_BASED,false,false
1,baseline,1,2044,0.0,0.0,ELECTRIC_HEAT_PUMP,PRIVATELY_RENTED,0,0,0,2096,0.0,0.0,0.0,0.0,0.0,MEDIUM,MEDIUM,MEDIUM,5,COST_BASED,COST_BASED,false,false
1,baseline,1,2045,0.0,0.0,ELECTRIC_HEAT_PUMP,PRIVATELY_RENTED,0,0,0,2096,0.0,0.0,0.0,0.0,0.0,MEDIUM,MEDIUM,MEDIUM,5,COST_BASED,COST_BASED,false,false
1,baseline,1,2046,0.0,0.0,ELECTRIC_HEAT_PUMP,PRIVATELY_RENTED,0,0,0,2096,0.0,0.0,0.0,0.0,0.0,MEDIUM,MEDIUM,MEDIUM,5,COST_BASED,COST_BASED,false,false
1,baseline,1,2047,0.0,0.0,ELECTRIC_HEAT_PUMP,PRIVATELY_RENTED,0,0,0,2096,0.0,0.0,0.0,0.0,0.0,MEDIUM,MEDIUM,MEDIUM,5,COST_BASED,COST_BASED,false,false
1,baseline,1,2048,0.0,0.0,ELECTRIC_HEAT_PUMP,PRIVATELY_RENTED,0,0,0,2096,0.0,0.0,0.0,0.0,0.0,MEDIUM,MEDIUM,MEDIUM,5,COST_BASED,COST_BASED,false,false
1,baseline,1,2049,0.0,0.0,ELECTRIC_HEAT_PUMP,PRIVATELY_RENTED,0,0,0,2096,0.0,0.0,0.0,0.0,0.0,MEDIUM,MEDIUM,MEDIUM,5,COST_BASED,COST_BASED,false,false
1,baseline,1,2050,0.0,0.0,ELECTRIC_HEAT_PUMP,PRIVATELY_RENTED,0,0,0,2096,0.0,0.0,0.0,0.0,0.0,MEDIUM,MEDIUM,MEDIUM,5,COST_BASED,COST_BASED,false,false
1,baseline,1,2024,0.0,0.0,HYBRID_HEAT_PUMP,TOTAL,1904,1904,0,1904,0.0,0.0,0.0,0.0,0.0,MEDIUM,MEDIUM,MEDIUM,5,COST_BASED,COST_BASED,false,false
1,baseline,1,2025,0.0,0.0,HYBRID_HEAT_PUMP,TOTAL,7341,5656,219,7560,0.716746929671253,0.6492901181728292,0.025021872232374818,1653.106108427063,0.626804514340018,MEDIUM,MEDIUM,MEDIUM,5,COST_BASED,COST_BASED,false,false
1,baseline,1,2026,0.0,0.0,HYBRID_HEAT_PUMP,TOTAL,10583,3386,144,10946,0.6866961246694143,0.6043750195882358,0.04785538121858137,1541.4269324049644,0.5769346512278388,MEDIUM,MEDIUM,MEDIUM,5,COST_BASED,COST_BASED,false,false
1,baseline,1,2027,0.0,0.0,HYBRID_HEAT_PUMP,TOTAL,13537,3053,99,13999,0.6709374514507351,0.5922469294255579,0.061684592502020366,1498.6369590713025,0.566016755417169,MEDIUM,MEDIUM,MEDIUM,5,COST_BASED,COST_BASED,false,false
1,baseline,1,2028,0.0,0.0,HYBRID_HEAT_PUMP,TOTAL,18588,5160,109,19159,0.6550286026493851,0.6089218112125384,0.08014373437917582,1429.505611363393,0.5935528807335883,MEDIUM,MEDIUM,MEDIUM,5,COST_BASED,COST_BASED,false,false
1,baseline,1,2029,0.0,0.0,HYBRID_HEAT_PUMP,TOTAL,24039,5560,109,24719,0.6757760699353148,0.6242036104939328,0.1086629334352522,1454.6663816964974,0.6070127906801405,MEDIUM,MEDIUM,MEDIUM,5,COST_BASED,COST_BASED,false,false
1,baseline,1,2030,0.0,0.0,HYBRID_HEAT_PUMP,TOTAL,28331,4386,94,29105,0.6562449616931624,0.5958992314381689,0.12897432865300604,1392.2383927478077,0.5757839880198385,MEDIUM,MEDIUM,MEDIUM,5,COST_BASED,COST_BASED,false,false
1,baseline,1,2031,0.0,0.0,HYBRID_HEAT_PUMP,TOTAL,32468,4248,111,33353,0.6290337056550156,0.56810915172975,0.14370205397080715,1318.71639096549,0.5478009670879939,MEDIUM,MEDIUM,MEDIUM,5,COST_BASED,COST_BASED,false,false
1,baseline,1,2032,0.0,0.0,HYBRID_HEAT_PUMP,TOTAL,38465,6111,114,39464,0.649354416000852,0.6060925658616558,0.1704131637867246,1356.0511005102333,0.5916719491485857,MEDIUM,MEDIUM,MEDIUM,5,COST_BASED,COST_BASED,false,false
1,baseline,1,2033,0.0,0.0,HYBRID_HEAT_PUMP,TOTAL,43351,5014,128,44478,0.6218253561050703,0.5593704676148463,0.18745676398924585,1277.6870823465758,0.5385521714514357,MEDIUM,MEDIUM,MEDIUM,5,COST_BASED,COST_BASED,false,false
1,baseline,1,2034,0.0,0.0,HYBRID_HEAT_PUMP,TOTAL,49721,6503,133,50981,0.6492585857628942,0.5962181895434153,0.21995673280088618,1275.7170264727965,0.5785380574702603,MEDIUM,MEDIUM,MEDIUM,5,COST_BASED,COST_BASED,false,false
1,baseline,1,2035,0.0,0.0,HYBRID_HEAT_PUMP,TOTAL,55437,5858,142,56839,0.6281939269569097,0.5879493358911295,0.2400573766356931,1260.1056393185627,0.5745344722025352,MEDIUM,MEDIUM,MEDIUM,5,COST_BASED,COST_BASED,false,false
1,baseline,1,2036,0.0,0.0,HYBRID_HEAT_PUMP,TOTAL,59881,4581,137,61420,0.6026606516387101,0.5501497611007902,0.25485600240629847,1173.831785625091,0.5326461309214877,MEDIUM,MEDIUM,MEDIUM,5,COST_BASED,COST_BASED,false,false
1,baseline,1,2037,0.0,0.0,HYBRID_HEAT_PUMP,TOTAL,60623,922,180,62342,0.6014181879403563,0.5653431317297619,0.2615620886650282,912.3377644133883,0.5533181129928987,MEDIUM,MEDIUM,MEDIUM,5,COST_BASED,COST_BASED,false,false
1,baseline,1,2038,0.0,0.0,HYBRID_HEAT_PUMP,TOTAL,61139,629,113,62971,0.5191996599988848,0.4627608239842395,0.2275384804951109,915.0523059658008,0.44394787864602325,MEDIUM,MEDIUM,MEDIUM,5,COST_BASED,COST_BASED,false,false
1,baseline,1,2039,0.0,0.0,HYBRID_HEAT_PUMP,TOTAL,61419,352,72,63323,0.48268029824107117,0.41614318365785896,0.2178330529435857,880.2564676015475,0.39396414546345504,MEDIUM,MEDIUM,MEDIUM,5,COST_BASED,COST_BASED,false,false
1,baseline,1,2040,0.0,0.0,HYBRID_HEAT_PUMP,TOTAL,61628,5865,5656,69188,0.6895260367731668,0.682568180726059,0.28658878598209697,1159.7201623300139,0.6802488953770204,MEDIUM,MEDIUM,MEDIUM,5,COST_BASED,COST_BASED,false,false
1,baseline,1,2041,0.0,0.0,HYBRID_HEAT_PUMP,TOTAL,61757,3515,3386,72703,0.6575305082185637,0.6429175917575877,0.2766495539629747,1106.486602421736,0.6380466196039297,MEDIUM,MEDIUM,MEDIUM,5,COST_BASED,COST_BASED,false,false
1,baseline,1,2042,0.0,0.0,HYBRID_HEAT_PUMP,TOTAL,61920,3216,3053,75919,0.6452817261105613,0.6380112531248895,0.2704729747316651,1096.5142727188525,0.6355877621296596,MEDIUM,MEDIUM,MEDIUM,5,COST_BASED,COST_BASED,false,false
1,baseline,1,2043,0.0,0.0,HYBRID_HEAT_PUMP,TOTAL,61789,5029,5160,80948,0.6298596632154052,0.6163824209700228,0.2685404471611239,1051.645651421584,0.6118900068882299,MEDIUM,MEDIUM,MEDIUM,5,COST_BASED,COST_BASED,false,false
1,baseline,1,2044,0.0,0.0,HYBRID_HEAT_PUMP,TOTAL,61803,5574,5560,86522,0.6535046761878256,0.6434639473773754,0.27733120279613993,1082.1906436455497,0.6401170377738871,MEDIUM,MEDIUM,MEDIUM,5,COST_BASED,COST_BASED,false,false
1,baseline,1,2045,0.0,0.0,HYBRID_HEAT_PUMP,TOTAL,61862,4445,4386,90967,0.6316307808952736,0.6259071738700013,0.26500713184634817,1045.0656049353065,0.6239993048615794,MEDIUM,MEDIUM,MEDIUM,5,COST_BASED,COST_BASED,false,false
1,baseline,1,2046,0.0,0.0,HYBRID_HEAT_PUMP,TOTAL,62349,4735,4248,95702,0.6126579006919192,0.6069783243629149,0.25510785545948217,1008.2134296537677,0.605085132253246,MEDIUM,MEDIUM,MEDIUM,5,COST_BASED,COST_BASED,false,false
1,baseline,1,2047,0.0,0.0,HYBRID_HEAT_PUMP,TOTAL,62257,6019,6111,101721,0.6254833592647104,0.6190577415821779,0.2647221167659949,1034.9923870298385,0.6169158690213313,MEDIUM,MEDIUM,MEDIUM,5,COST_BASED,COST_BASED,false,false
1,baseline,1,2048,0.0,0.0,HYBRID_HEAT_PUMP,TOTAL,62367,5124,5014,106845,0.6017843157535331,0.6013557025450961,0.25433753103259193,970.089538151949,0.6012128314756132,MEDIUM,MEDIUM,MEDIUM,5,COST_BASED,COST_BASED,false,false
1,baseline,1,2049,0.0,0.0,HYBRID_HEAT_PUMP,TOTAL,62493,6629,6503,113474,0.6316491741146163,0.6307136459050856,0.2682510980626166,992.3494364383963,0.6304018031685806,MEDIUM,MEDIUM,MEDIUM,5,COST_BASED,COST_BASED,false,false
1,baseline,1,2050,0.0,0.0,HYBRID_HEAT_PUMP,TOTAL,62625,5990,5858,119464,0.6089350055274069,0.6205055097005988,0.25969377030570434,963.574798092972,0.6243623444249952,MEDIUM,MEDIUM,MEDIUM,5,COST_BASED,COST_BASED,false,false
1,baseline,1,2024,0.0,0.0,HYBRID_HEAT_PUMP,PRIVATELY_OWNED,1561,1561,0,1561,0.0,0.0,0.0,0.0,0.0,MEDIUM,MEDIUM,MEDIUM,5,COST_BASED,COST_BASED,false,false
1,baseline,1,2025,0.0,0.0,HYBRID_HEAT_PUMP,PRIVATELY_OWNED,6686,5303,178,6864,0.7644579736414495,0.6925108256431307,0.026687480548050528,1763.1469261292602,0.668528442977021,MEDIUM,MEDIUM,MEDIUM,5,COST_BASED,COST_BASED,false,false
1,baseline,1,2026,0.0,0.0,HYBRID_HEAT_PUMP,PRIVATELY_OWNED,9604,3037,119,9901,0.7656085209518066,0.6738274008316649,0.053354731908500666,1718.5616045845272,0.6432336941249465,MEDIUM,MEDIUM,MEDIUM,5,COST_BASED,COST_BASED,false,false
1,baseline,1,2027,0.0,0.0,HYBRID_HEAT_PUMP,PRIVATELY_OWNED,12189,2673,88,12574,0.7663195059031404,0.6764421532122067,0.07045382001820732,1711.686732527006,0.646483035648566,MEDIUM,MEDIUM,MEDIUM,5,COST_BASED,COST_BASED,false,false
1,baseline,1,2028,0.0,0.0,HYBRID_HEAT_PUMP,PRIVATELY_OWNED,16513,4408,84,16982,0.7667757689815852,0.7128032091326447,0.09381616819340909,1673.377712031558,0.6948123558496632,MEDIUM,MEDIUM,MEDIUM,5,COST_BASED,COST_BASED,false,false
1,baseline,1,2029,0.0,0.0,HYBRID_HEAT_PUMP,PRIVATELY_OWNED,21329,4905,89,21887,0.7660173188257595,0.7075580171959769,0.12317347806320127,1648.9184673256932,0.6880715833193846,MEDIUM,MEDIUM,MEDIUM,5,COST_BASED,COST_BASED,false,false
1,baseline,1,2030,0.0,0.0,HYBRID_HEAT_PUMP,PRIVATELY_OWNED,25015,3758,72,25645,0.7659101655099017,0.6954800503160747,0.15052724999257172,1624.8955802532955,0.6720033452514668,MEDIUM,MEDIUM,MEDIUM,5,COST_BASED,COST_BASED,false,false
1,baseline,1,2031,0.0,0.0,HYBRID_HEAT_PUMP,PRIVATELY_OWNED,28413,3489,91,29134,0.765874228037405,0.6916960953132639,0.17496311988191135,1605.5910658702785,0.6669700510718825,MEDIUM,MEDIUM,MEDIUM,5,COST_BASED,COST_BASED,false,false
1,baseline,1,2032,0.0,0.0,HYBRID_HEAT_PUMP,PRIVATELY_OWNED,33509,5187,91,34321,0.7650288868674004,0.7140604723309386,0.20077016462322614,1597.6148593055784,0.6970710008187792,MEDIUM,MEDIUM,MEDIUM,5,COST_BASED,COST_BASED,false,false
1,baseline,1,2033,0.0,0.0,HYBRID_HEAT_PUMP,PRIVATELY_OWNED,37488,4082,103,38403,0.7638001801839349,0.6870856258257814,0.2302567894762564,1569.407895856377,0.6615141077063936,MEDIUM,MEDIUM,MEDIUM,5,COST_BASED,COST_BASED,false,false
1,baseline,1,2034,0.0,0.0,HYBRID_HEAT_PUMP,PRIVATELY_OWNED,42908,5523,103,43926,0.7644628975585915,0.7020110241899022,0.2589858108644148,1502.079996949592,0.6811937330670113,MEDIUM,MEDIUM,MEDIUM,5,COST_BASED,COST_BASED,false,false
1,baseline,1,2035,0.0,0.0,HYBRID_HEAT_PUMP,PRIVATELY_OWNED,47607,4817,118,48743,0.7639526726413902,0.7150108386236738,0.2919360831081358,1532.4265798480674,0.6986968939511005,MEDIUM,MEDIUM,MEDIUM,5,COST_BASED,COST_BASED,false,false
1,baseline,1,2036,0.0,0.0,HYBRID_HEAT_PUMP,PRIVATELY_OWNED,51090,3598,115,52341,0.7673119636344999,0.7004547125077042,0.32448453224659624,1494.531242342563,0.678168962132111,MEDIUM,MEDIUM,MEDIUM,5,COST_BASED,COST_BASED,false,false
1,baseline,1,2037,0.0,0.0,HYBRID_HEAT_PUMP,PRIVATELY_OWNED,51653,717,154,53058,0.7733717842134009,0.7269823813875043,0.3363462283809708,1173.1874739039665,0.7115192471122072,MEDIUM,MEDIUM,MEDIUM,5,COST_BASED,COST_BASED,false,false
1,baseline,1,2038,0.0,0.0,HYBRID_HEAT_PUMP,PRIVATELY_OWNED,51978,422,97,53480,0.7738781662068687,0.6897548774551816,0.3391509578943715,1363.9049773755655,0.6617137812046175,MEDIUM,MEDIUM,MEDIUM,5,COST_BASED,COST_BASED,false,false
1,baseline,1,2039,0.0,0.0,HYBRID_HEAT_PUMP,PRIVATELY_OWNED,52135,216,59,53696,0.786590115652116,0.6781592622572516,0.3549871973895471,1434.4920212765958,0.6420156444589638,MEDIUM,MEDIUM,MEDIUM,5,COST_BASED,COST_BASED,false,false
1,baseline,1,2040,0.0,0.0,HYBRID_HEAT_PUMP,PRIVATELY_OWNED,52290,5458,5303,59154,0.7409436067560687,0.7334669072844148,0.30795955107823353,1246.1998446437399,0.7309746741271939,MEDIUM,MEDIUM,MEDIUM,5,COST_BASED,COST_BASED,false,false
1,baseline,1,2041,0.0,0.0,HYBRID_HEAT_PUMP,PRIVATELY_OWNED,52358,3105,3037,62259,0.7443541824116752,0.72781170210239,0.3131797688179891,1252.5927238365225,0.7222975419992956,MEDIUM,MEDIUM,MEDIUM,5,COST_BASED,COST_BASED,false,false
1,baseline,1,2042,0.0,0.0,HYBRID_HEAT_PUMP,PRIVATELY_OWNED,52476,2791,2673,65050,0.743542110774477,0.7351645252775508,0.31165929299069683,1263.486170212766,0.7323719967785688,MEDIUM,MEDIUM,MEDIUM,5,COST_BASED,COST_BASED,false,false
1,baseline,1,2043,0.0,0.0,HYBRID_HEAT_PUMP,PRIVATELY_OWNED,52291,4223,4408,69273,0.7500744130500291,0.7340249100303682,0.3197939637161478,1252.3622971818959,0.7286750756904826,MEDIUM,MEDIUM,MEDIUM,5,COST_BASED,COST_BASED,false,false
1,baseline,1,2044,0.0,0.0,HYBRID_HEAT_PUMP,PRIVATELY_OWNED,52246,4860,4905,74133,0.7495133878746789,0.7379975396463972,0.31807492271310367,1241.1791456132291,0.7341589235702977,MEDIUM,MEDIUM,MEDIUM,5,COST_BASED,COST_BASED,false,false
1,baseline,1,2045,0.0,0.0,HYBRID_HEAT_PUMP,PRIVATELY_OWNED,52259,3771,3758,77904,0.7445236863111884,0.7377770850841039,0.3123725009432558,1231.8527218078593,0.7355282180084116,MEDIUM,MEDIUM,MEDIUM,5,COST_BASED,COST_BASED,false,false
1,baseline,1,2046,0.0,0.0,HYBRID_HEAT_PUMP,PRIVATELY_OWNED,52682,3912,3489,81816,0.7415478424785882,0.7346734064055219,0.30877701830282417,1220.3196803196804,0.7323819277144988,MEDIUM,MEDIUM,MEDIUM,5,COST_BASED,COST_BASED,false,false
1,baseline,1,2047,0.0,0.0,HYBRID_HEAT_PUMP,PRIVATELY_OWNED,52535,5040,5187,86856,0.7469810197250579,0.7393072513061762,0.31614333746319906,1236.0355510977377,0.7367493284998796,MEDIUM,MEDIUM,MEDIUM,5,COST_BASED,COST_BASED,false,false
1,baseline,1,2048,0.0,0.0,HYBRID_HEAT_PUMP,PRIVATELY_OWNED,52596,4143,4082,90999,0.7442777779196484,0.7437476755590327,0.31456082766377047,1199.7921297346336,0.743570974772156,MEDIUM,MEDIUM,MEDIUM,5,COST_BASED,COST_BASED,false,false
1,baseline,1,2049,0.0,0.0,HYBRID_HEAT_PUMP,PRIVATELY_OWNED,52680,5607,5523,96606,0.7467812333165313,0.7456751843596954,0.3171458050752783,1173.2271114945834,0.7453065013740896,MEDIUM,MEDIUM,MEDIUM,5,COST_BASED,COST_BASED,false,false
1,baseline,1,2050,0.0,0.0,HYBRID_HEAT_PUMP,PRIVATELY_OWNED,52743,4880,4817,101486,0.7474427629322064,0.7616450826038088,0.31876345986294446,1182.7485738887094,0.7663791891610084,MEDIUM,MEDIUM,MEDIUM,5,COST_BASED,COST_BASED,false,false
1,baseline,1,2024,0.0,0.0,HYBRID_HEAT_PUMP,SOCIAL_HOUSING,0,0,0,0,0.0,0.0,0.0,0.0,0.0,MEDIUM,MEDIUM,MEDIUM,5,COST_BASED,COST_BASED,false,false
1,baseline,1,2025,0.0,0.0,HYBRID_HEAT_PUMP,SOCIAL_HOUSING,0,0,0,0,0.0,0.0,0.0,0.0,0.0,MEDIUM,MEDIUM,MEDIUM,5,COST_BASED,COST_BASED,false,false
1,baseline,1,2026,0.0,0.0,HYBRID_HEAT_PUMP,SOCIAL_HOUSING,0,0,0,0,0.0,0.0,0.0,0.0,0.0,MEDIUM,MEDIUM,MEDIUM,5,COST_BASED,COST_BASED,false,false
1,baseline,1,2027,0.0,0.0,HYBRID_HEAT_PUMP,SOCIAL_HOUSING,0,0,0,0,0.0,0.0,0.0,0.0,0.0,MEDIUM,MEDIUM,MEDIUM,5,COST_BASED,COST_BASED,false,false
1,baseline,1,2028,0.0,0.0,HYBRID_HEAT_PUMP,SOCIAL_HOUSING,0,0,0,0,0.0,0.0,0.0,0.0,0.0,MEDIUM,MEDIUM,MEDIUM,5,COST_BASED,COST_BASED,false,false
1,baseline,1,2029,0.0,0.0,HYBRID_HEAT_PUMP,SOCIAL_HOUSING,0,0,0,0,0.0,0.0,0.0,0.0,0.0,MEDIUM,MEDIUM,MEDIUM,5,COST_BASED,COST_BASED,false,false
1,baseline,1,2030,0.0,0.0,HYBRID_HEAT_PUMP,SOCIAL_HOUSING,0,0,0,0,0.0,0.0,0.0,0.0,0.0,MEDIUM,MEDIUM,MEDIUM,5,COST_BASED,COST_BASED,false,false
1,baseline,1,2031,0.0,0.0,HYBRID_HEAT_PUMP,SOCIAL_HOUSING,0,0,0,0,0.0,0.0,0.0,0.0,0.0,MEDIUM,MEDIUM,MEDIUM,5,COST_BASED,COST_BASED,false,false
1,baseline,1,2032,0.0,0.0,HYBRID_HEAT_PUMP,SOCIAL_HOUSING,0,0,0,0,0.0,0.0,0.0,0.0,0.0,MEDIUM,MEDIUM,MEDIUM,5,COST_BASED,COST_BASED,false,false
1,baseline,1,2033,0.0,0.0,HYBRID_HEAT_PUMP,SOCIAL_HOUSING,0,0,0,0,0.0,0.0,0.0,0.0,0.0,MEDIUM,MEDIUM,MEDIUM,5,COST_BASED,COST_BASED,false,false
1,baseline,1,2034,0.0,0.0,HYBRID_HEAT_PUMP,SOCIAL_HOUSING,0,0,0,0,0.0,0.0,0.0,0.0,0.0,MEDIUM,MEDIUM,MEDIUM,5,COST_BASED,COST_BASED,false,false
1,baseline,1,2035,0.0,0.0,HYBRID_HEAT_PUMP,SOCIAL_HOUSING,0,0,0,0,0.0,0.0,0.0,0.0,0.0,MEDIUM,MEDIUM,MEDIUM,5,COST_BASED,COST_BASED,false,false
1,baseline,1,2036,0.0,0.0,HYBRID_HEAT_PUMP,SOCIAL_HOUSING,0,0,0,0,0.0,0.0,0.0,0.0,0.0,MEDIUM,MEDIUM,MEDIUM,5,COST_BASED,COST_BASED,false,false
1,baseline,1,2037,0.0,0.0,HYBRID_HEAT_PUMP,SOCIAL_HOUSING,0,0,0,0,0.0,0.0,0.0,0.0,0.0,MEDIUM,MEDIUM,MEDIUM,5,COST_BASED,COST_BASED,false,false
1,baseline,1,2038,0.0,0.0,HYBRID_HEAT_PUMP,SOCIAL_HOUSING,0,0,0,0,0.0,0.0,0.0,0.0,0.0,MEDIUM,MEDIUM,MEDIUM,5,COST_BASED,COST_BASED,false,false
1,baseline,1,2039,0.0,0.0,HYBRID_HEAT_PUMP,SOCIAL_HOUSING,0,0,0,0,0.0,0.0,0.0,0.0,0.0,MEDIUM,MEDIUM,MEDIUM,5,COST_BASED,COST_BASED,false,false
1,baseline,1,2040,0.0,0.0,HYBRID_HEAT_PUMP,SOCIAL_HOUSING,0,0,0,0,0.0,0.0,0.0,0.0,0.0,MEDIUM,MEDIUM,MEDIUM,5,COST_BASED,COST_BASED,false,false
1,baseline,1,2041,0.0,0.0,HYBRID_HEAT_PUMP,SOCIAL_HOUSING,0,0,0,0,0.0,0.0,0.0,0.0,0.0,MEDIUM,MEDIUM,MEDIUM,5,COST_BASED,COST_BASED,false,false
1,baseline,1,2042,0.0,0.0,HYBRID_HEAT_PUMP,SOCIAL_HOUSING,0,0,0,0,0.0,0.0,0.0,0.0,0.0,MEDIUM,MEDIUM,MEDIUM,5,COST_BASED,COST_BASED,false,false
1,baseline,1,2043,0.0,0.0,HYBRID_HEAT_PUMP,SOCIAL_HOUSING,0,0,0,0,0.0,0.0,0.0,0.0,0.0,MEDIUM,MEDIUM,MEDIUM,5,COST_BASED,COST_BASED,false,false
1,baseline,1,2044,0.0,0.0,HYBRID_HEAT_PUMP,SOCIAL_HOUSING,0,0,0,0,0.0,0.0,0.0,0.0,0.0,MEDIUM,MEDIUM,MEDIUM,5,COST_BASED,COST_BASED,false,false
1,baseline,1,2045,0.0,0.0,HYBRID_HEAT_PUMP,SOCIAL_HOUSING,0,0,0,0,0.0,0.0,0.0,0.0,0.0,MEDIUM,MEDIUM,MEDIUM,5,COST_BASED,COST_BASED,false,false
1,baseline,1,2046,0.0,0.0,HYBRID_HEAT_PUMP,SOCIAL_HOUSING,0,0,0,0,0.0,0.0,0.0,0.0,0.0,MEDIUM,MEDIUM,MEDIUM,5,COST_BASED,COST_BASED,false,false
1,baseline,1,2047,0.0,0.0,HYBRID_HEAT_PUMP,SOCIAL_HOUSING,0,0,0,0,0.0,0.0,0.0,0.0,0.0,MEDIUM,MEDIUM,MEDIUM,5,COST_BASED,COST_BASED,false,false
1,baseline,1,2048,0.0,0.0,HYBRID_HEAT_PUMP,SOCIAL_HOUSING,0,0,0,0,0.0,0.0,0.0,0.0,0.0,MEDIUM,MEDIUM,MEDIUM,5,COST_BASED,COST_BASED,false,false
1,baseline,1,2049,0.0,0.0,HYBRID_HEAT_PUMP,SOCIAL_HOUSING,0,0,0,0,0.0,0.0,0.0,0.0,0.0,MEDIUM,MEDIUM,MEDIUM,5,COST_BASED,COST_BASED,false,false
1,baseline,1,2050,0.0,0.0,HYBRID_HEAT_PUMP,SOCIAL_HOUSING,0,0,0,0,0.0,0.0,0.0,0.0,0.0,MEDIUM,MEDIUM,MEDIUM,5,COST_BASED,COST_BASED,false,false
1,baseline,1,2024,0.0,0.0,HYBRID_HEAT_PUMP,PRIVATELY_RENTED,343,343,0,343,0.0,0.0,0.0,0.0,0.0,MEDIUM,MEDIUM,MEDIUM,5,COST_BASED,COST_BASED,false,false
1,baseline,1,2025,0.0,0.0,HYBRID_HEAT_PUMP,PRIVATELY_RENTED,655,353,41,696,0.0,0.0,0.0,0.0,0.0,MEDIUM,MEDIUM,MEDIUM,5,COST_BASED,COST_BASED,false,false
1,baseline,1,2026,0.0,0.0,HYBRID_HEAT_PUMP,PRIVATELY_RENTED,979,349,25,1045,0.0,0.0,0.0,0.0,0.0,MEDIUM,MEDIUM,MEDIUM,5,COST_BASED,COST_BASED,false,false
1,baseline,1,2027,0.0,0.0,HYBRID_HEAT_PUMP,PRIVATELY_RENTED,1348,380,11,1425,0.0,0.0,0.0,0.0,0.0,MEDIUM,MEDIUM,MEDIUM,5,COST_BASED,COST_BASED,false,false
1,baseline,1,2028,0.0,0.0,HYBRID_HEAT_PUMP,PRIVATELY_RENTED,2075,752,25,2177,0.0,0.0,0.0,0.0,0.0,MEDIUM,MEDIUM,MEDIUM,5,COST_BASED,COST_BASED,false,false
1,baseline,1,2029,0.0,0.0,HYBRID_HEAT_PUMP,PRIVATELY_RENTED,2710,655,20,2832,0.0,0.0,0.0,0.0,0.0,MEDIUM,MEDIUM,MEDIUM,5,COST_BASED,COST_BASED,false,false
1,baseline,1,2030,0.0,0.0,HYBRID_HEAT_PUMP,PRIVATELY_RENTED,3316,628,22,3460,0.0,0.0,0.0,0.0,0.0,MEDIUM,MEDIUM,MEDIUM,5,COST_BASED,COST_BASED,false,false
1,baseline,1,2031,0.0,0.0,HYBRID_HEAT_PUMP,PRIVATELY_RENTED,4055,759,20,4219,0.0,0.0,0.0,0.0,0.0,MEDIUM,MEDIUM,MEDIUM,5,COST_BASED,COST_BASED,false,false
1,baseline,1,2032,0.0,0.0,HYBRID_HEAT_PUMP,PRIVATELY_RENTED,4956,924,23,5143,0.0,0.0,0.0,0.0,0.0,MEDIUM,MEDIUM,MEDIUM,5,COST_BASED,COST_BASED,false,false
1,baseline,1,2033,0.0,0.0,HYBRID_HEAT_PUMP,PRIVATELY_RENTED,5863,932,25,6075,0.0,0.0,0.0,0.0,0.0,MEDIUM,MEDIUM,MEDIUM,5,COST_BASED,COST_BASED,false,false
1,baseline,1,2034,0.0,0.0,HYBRID_HEAT_PUMP,PRIVATELY_RENTED,6813,980,30,7055,0.0,0.0,0.0,0.0,0.0,MEDIUM,MEDIUM,MEDIUM,5,COST_BASED,COST_BASED,false,false
1,baseline,1,2035,0.0,0.0,HYBRID_HEAT_PUMP,PRIVATELY_RENTED,7830,1041,24,8096,0.0,0.0,0.0,0.0,0.0,MEDIUM,MEDIUM,MEDIUM,5,COST_BASED,COST_BASED,false,false
1,baseline,1,2036,0.0,0.0,HYBRID_HEAT_PUMP,PRIVATELY_RENTED,8791,983,22,9079,0.0,0.0,0.0,0.0,0.0,MEDIUM,MEDIUM,MEDIUM,5,COST_BASED,COST_BASED,false,false
1,baseline,1,2037,0.0,0.0,HYBRID_HEAT_PUMP,PRIVATELY_RENTED,8970,205,26,9284,0.0,0.0,0.0,0.0,0.0,MEDIUM,MEDIUM,MEDIUM,5,COST_BASED,COST_BASED,false,false
1,baseline,1,2038,0.0,0.0,HYBRID_HEAT_PUMP,PRIVATELY_RENTED,9161,207,16,9491,0.0,0.0,0.0,0.0,0.0,MEDIUM,MEDIUM,MEDIUM,5,COST_BASED,COST_BASED,false,false
1,baseline,1,2039,0.0,0.0,HYBRID_HEAT_PUMP,PRIVATELY_RENTED,9284,136,13,9627,0.0,0.0,0.0,0.0,0.0,MEDIUM,MEDIUM,MEDIUM,5,COST_BASED,COST_BASED,false,false
1,baseline,1,2040,0.0,0.0,HYBRID_HEAT_PUMP,PRIVATELY_RENTED,9338,407,353,10034,0.0,0.0,0.0,0.0,0.0,MEDIUM,MEDIUM,MEDIUM,5,COST_BASED,COST_BASED,false,false
1,baseline,1,2041,0.0,0.0,HYBRID_HEAT_PUMP,PRIVATELY_RENTED,9399,410,349,10444,0.0,0.0,0.0,0.0,0.0,MEDIUM,MEDIUM,MEDIUM,5,COST_BASED,COST_BASED,false,false
1,baseline,1,2042,0.0,0.0,HYBRID_HEAT_PUMP,PRIVATELY_RENTED,9444,425,380,10869,0.0,0.0,0.0,0.0,0.0,MEDIUM,MEDIUM,MEDIUM,5,COST_BASED,COST_BASED,false,false
1,baseline,1,2043,0.0,0.0,HYBRID_HEAT_PUMP,PRIVATELY_RENTED,9498,806,752,11675,0.0,0.0,0.0,0.0,0.0,MEDIUM,MEDIUM,MEDIUM,5,COST_BASED,COST_BASED,false,false
1,baseline,1,2044,0.0,0.0,HYBRID_HEAT_PUMP,PRIVATELY_RENTED,9557,714,655,12389,0.0,0.0,0.0,0.0,0.0,MEDIUM,MEDIUM,MEDIUM,5,COST_BASED,COST_BASED,false,false
1,baseline,1,2045,0.0,0.0,HYBRID_HEAT_PUMP,PRIVATELY_RENTED,9603,674,628,13063,0.0,0.0,0.0,0.0,0.0,MEDIUM,MEDIUM,MEDIUM,5,COST_BASED,COST_BASED,false,false
1,baseline,1,2046,0.0,0.0,HYBRID_HEAT_PUMP,PRIVATELY_RENTED,9667,823,759,13886,0.0,0.0,0.0,0.0,0.0,MEDIUM,MEDIUM,MEDIUM,5,COST_BASED,COST_BASED,false,false
1,baseline,1,2047,0.0,0.0,HYBRID_HEAT_PUMP,PRIVATELY_RENTED,9722,979,924,14865,0.0,0.0,0.0,0.0,0.0,MEDIUM,MEDIUM,MEDIUM,5,COST_BASED,COST_BASED,false,false
1,baseline,1,2048,0.0,0.0,HYBRID_HEAT_PUMP,PRIVATELY_RENTED,9771,981,932,15846,0.0,0.0,0.0,0.0,0.0,MEDIUM,MEDIUM,MEDIUM,5,COST_BASED,COST_BASED,false,false
1,baseline,1,2049,0.0,0.0,HYBRID_HEAT_PUMP,PRIVATELY_RENTED,9813,1022,980,16868,0.0,0.0,0.0,0.0,0.0,MEDIUM,MEDIUM,MEDIUM,5,COST_BASED,COST_BASED,false,false
1,baseline,1,2050,0.0,0.0,HYBRID_HEAT_PUMP,PRIVATELY_RENTED,9882,1110,1041,17978,0.0,0.0,0.0,0.0,0.0,MEDIUM,MEDIUM,MEDIUM,5,COST_BASED,COST_BASED,false,false
