scenario,scenario_name,iteration,year,nbh_in_grid_congestion_perc,nbh_with_dh_perc,heating_system,ownership,installed_current,installed_annually,removed_annually,installed_cumulative,considered_annually,avg_att,avg_util,avg_sub_norm,avg_eac,avg_pbc,SLF,ELF,GRR,DHCT,DHES,SHAES,DHCO,GCHPB
1,baseline,1,2024,0.0,0.0,NATURAL_GAS_BOILER,TOTAL,211360,211360,0,211360,0,0.0,0.0,0.0,0.0,0.0,MEDIUM,MEDIUM,MEDIUM,5,COST_BASED,COST_BASED,false,false
1,baseline,1,2025,0.0,0.38738738738738737,NATURAL_GAS_BOILER,TOTAL,209221,12982,15121,224342,19352,0.28534198824803797,0.60638388358326,0.9418679868518132,1443.080766845804,0.7205068299564039,MEDIUM,MEDIUM,MEDIUM,5,COST_BASED,COST_BASED,false,false
1,baseline,1,2026,0.0,0.38738738738738737,NATURAL_GAS_BOILER,TOTAL,207156,13895,15960,238237,19453,0.28806724990645816,0.5981309167894998,0.8033411664347959,1447.2543052485478,0.724761916903287,MEDIUM,MEDIUM,MEDIUM,5,COST_BASED,COST_BASED,false,false
1,baseline,1,2027,0.0,0.38738738738738737,NATURAL_GAS_BOILER,TOTAL,203228,15743,19671,253980,23548,0.2847370874140261,0.6066874130715213,0.770169959771372,1409.7974774927807,0.7425756027823568,MEDIUM,MEDIUM,MEDIUM,5,COST_BASED,COST_BASED,false,false
1,baseline,1,2028,0.0,0.38738738738738737,NATURAL_GAS_BOILER,TOTAL,198631,11908,16505,265888,20165,0.28283809894825146,0.5961980874766671,0.7205421447197864,1429.7241259608231,0.7335198383879622,MEDIUM,MEDIUM,MEDIUM,5,COST_BASED,COST_BASED,false,false
1,baseline,1,2029,0.0,0.38738738738738737,NATURAL_GAS_BOILER,TOTAL,193215,10082,15498,275970,19260,0.2869580142386676,0.5938351223183791,0.7204762741016075,1453.9472481827622,0.7289536456552039,MEDIUM,MEDIUM,MEDIUM,5,COST_BASED,COST_BASED,false,false
1,baseline,1,2030,0.0,0.40540540540540543,NATURAL_GAS_BOILER,TOTAL,188025,8032,13222,284002,18353,0.288127331799039,0.5927180219946391,0.691161217982903,1410.3122650247915,0.7306500477943337,MEDIUM,MEDIUM,MEDIUM,5,COST_BASED,COST_BASED,false,false
1,baseline,1,2031,0.0,0.44144144144144143,NATURAL_GAS_BOILER,TOTAL,179776,16692,24941,300694,28628,0.28620959676560115,0.5909551185133018,0.6543943841437466,1417.2821363699875,0.73308098056058,MEDIUM,MEDIUM,MEDIUM,5,COST_BASED,COST_BASED,false,false
1,baseline,1,2032,0.0,0.4594594594594595,NATURAL_GAS_BOILER,TOTAL,173529,14478,20725,315172,26710,0.2872142813793931,0.5805202800070808,0.5222007189620851,1404.2264320479221,0.7337017597955116,MEDIUM,MEDIUM,MEDIUM,5,COST_BASED,COST_BASED,false,false
1,baseline,1,2033,0.0,0.5135135135135135,NATURAL_GAS_BOILER,TOTAL,167062,9347,15814,324519,21813,0.28417720931646784,0.5652457286356242,0.4740962826253594,1385.2104708201532,0.7175622552961538,MEDIUM,MEDIUM,MEDIUM,5,COST_BASED,COST_BASED,false,false
1,baseline,1,2034,0.0,0.5405405405405406,NATURAL_GAS_BOILER,TOTAL,156494,6274,16842,330793,20433,0.28568889535536324,0.5694831876288662,0.4450632374059924,1346.2165125042823,0.7271696529287073,MEDIUM,MEDIUM,MEDIUM,5,COST_BASED,COST_BASED,false,false
1,baseline,1,2035,0.0,0.5675675675675675,NATURAL_GAS_BOILER,TOTAL,147572,11298,20220,342091,24270,0.2851390748118105,0.5684282372676213,0.382684614227386,1428.4746188710342,0.733522010420053,MEDIUM,MEDIUM,MEDIUM,5,COST_BASED,COST_BASED,false,false
1,baseline,1,2036,0.0,0.5765765765765766,NATURAL_GAS_BOILER,TOTAL,138477,7746,16841,349837,20117,0.28530323988762074,0.545369373511095,0.27877778604754994,1404.9929910026347,0.7118810270387919,MEDIUM,MEDIUM,MEDIUM,5,COST_BASED,COST_BASED,false,false
1,baseline,1,2037,0.0,0.5765765765765766,NATURAL_GAS_BOILER,TOTAL,132648,7153,12982,356990,15215,0.34527620612036863,0.5722798844091022,0.29746410434717474,1349.0445612882024,0.7349177620401602,MEDIUM,MEDIUM,MEDIUM,5,COST_BASED,COST_BASED,false,false
1,baseline,1,2038,0.0,0.6306306306306306,NATURAL_GAS_BOILER,TOTAL,127105,8352,13895,365342,16515,0.3340202020347461,0.5422867411996597,0.2456484180765949,1427.3461095973357,0.6992190090312262,MEDIUM,MEDIUM,MEDIUM,5,COST_BASED,COST_BASED,false,false
1,baseline,1,2039,0.0,0.6936936936936937,NATURAL_GAS_BOILER,TOTAL,124060,12698,15743,378040,18092,0.36112083991419625,0.5794993117957207,0.23544623787378585,1323.091642715012,0.7495379779808139,MEDIUM,MEDIUM,MEDIUM,5,COST_BASED,COST_BASED,false,false
1,baseline,1,2040,0.0,0.7477477477477478,NATURAL_GAS_BOILER,TOTAL,119439,7287,11908,385327,17783,0.27938376599565684,0.528758530330116,0.11364574780145208,1485.0850812573806,0.7090861355210695,MEDIUM,MEDIUM,MEDIUM,5,COST_BASED,COST_BASED,false,false
1,baseline,1,2041,0.0,0.7927927927927928,NATURAL_GAS_BOILER,TOTAL,116152,6795,10082,392122,13838,0.2921618216979958,0.5416022745249606,0.1312208352846317,1416.9232548056077,0.7229603519523636,MEDIUM,MEDIUM,MEDIUM,5,COST_BASED,COST_BASED,false,false
1,baseline,1,2042,0.0,0.8198198198198198,NATURAL_GAS_BOILER,TOTAL,113448,5328,8032,397450,14196,0.2883700688332918,0.527981594383498,0.09490978072645487,1438.932516201747,0.7080161517761184,MEDIUM,MEDIUM,MEDIUM,5,COST_BASED,COST_BASED,false,false
1,baseline,1,2043,0.0,0.8288288288288288,NATURAL_GAS_BOILER,TOTAL,111937,15181,16692,412631,23177,0.2503406246733903,0.5149849970161038,0.08685532194741044,1378.4994606722182,0.6990354241123848,MEDIUM,MEDIUM,MEDIUM,5,COST_BASED,COST_BASED,false,false
1,baseline,1,2044,0.0,0.8558558558558559,NATURAL_GAS_BOILER,TOTAL,110251,12792,14478,425423,22000,0.2682439123054127,0.5156437564048718,0.06788353170012112,1407.0941818181818,0.6979192150684381,MEDIUM,MEDIUM,MEDIUM,5,COST_BASED,COST_BASED,false,false
1,baseline,1,2045,0.0,0.8558558558558559,NATURAL_GAS_BOILER,TOTAL,109451,8547,9347,433970,18556,0.24784680709558632,0.5089490645208168,0.054977820761746954,1379.5820219874972,0.6945896674121115,MEDIUM,MEDIUM,MEDIUM,5,COST_BASED,COST_BASED,false,false
1,baseline,1,2046,0.0,0.8558558558558559,NATURAL_GAS_BOILER,TOTAL,110516,7339,6274,441309,18889,0.2644312863163414,0.5164655616793119,0.059019467274335755,1391.8162422573985,0.7012130875305879,MEDIUM,MEDIUM,MEDIUM,5,COST_BASED,COST_BASED,false,false
1,baseline,1,2047,0.0,0.8558558558558559,NATURAL_GAS_BOILER,TOTAL,109830,10612,11298,451921,21886,0.25565561281575677,0.521721572423464,0.05434627269937636,1441.3848579000273,0.7118751713438347,MEDIUM,MEDIUM,MEDIUM,5,COST_BASED,COST_BASED,false,false
1,baseline,1,2048,0.0,0.8558558558558559,NATURAL_GAS_BOILER,TOTAL,110010,7926,7746,459847,19562,0.25903097074165915,0.5067626729966956,0.049503535361346176,1376.4546058685205,0.6891983248894609,MEDIUM,MEDIUM,MEDIUM,5,COST_BASED,COST_BASED,false,false
1,baseline,1,2049,0.0,0.8558558558558559,NATURAL_GAS_BOILER,TOTAL,109377,6520,7153,466367,20956,0.27475762581972113,0.5131135654573712,0.046710266092942335,1406.3065947699943,0.6951421584695134,MEDIUM,MEDIUM,MEDIUM,5,COST_BASED,COST_BASED,false,false
1,baseline,1,2050,0.0,0.8558558558558559,NATURAL_GAS_BOILER,TOTAL,108832,7807,8352,474174,21096,0.27694822570873245,0.521946431151071,0.05000640047647269,1407.525123246113,0.7074317902398629,MEDIUM,MEDIUM,MEDIUM,5,COST_BASED,COST_BASED,false,false
1,baseline,1,2024,0.0,0.0,NATURAL_GAS_BOILER,PRIVATELY_OWNED,111398,111398,0,111398,0,0.0,0.0,0.0,0.0,0.0,MEDIUM,MEDIUM,MEDIUM,5,COST_BASED,COST_BASED,false,false
1,baseline,1,2025,0.0,0.38738738738738737,NATURAL_GAS_BOILER,PRIVATELY_OWNED,107597,5237,9038,116635,11361,0.28534198824803797,0.60638388358326,0.9418679868518132,1480.7691224364053,0.7205068299564039,MEDIUM,MEDIUM,MEDIUM,5,COST_BASED,COST_BASED,false,false
1,baseline,1,2026,0.0,0.38738738738738737,NATURAL_GAS_BOILER,PRIVATELY_OWNED,104546,5970,9021,122605,11195,0.28806724990645816,0.5981309167894998,0.8033411664347959,1497.3104064314425,0.724761916903287,MEDIUM,MEDIUM,MEDIUM,5,COST_BASED,COST_BASED,false,false
1,baseline,1,2027,0.0,0.38738738738738737,NATURAL_GAS_BOILER,PRIVATELY_OWNED,99238,3678,8986,126283,11108,0.2847370874140261,0.6066874130715213,0.770169959771372,1504.2109290601368,0.7425756027823568,MEDIUM,MEDIUM,MEDIUM,5,COST_BASED,COST_BASED,false,false
1,baseline,1,2028,0.0,0.38738738738738737,NATURAL_GAS_BOILER,PRIVATELY_OWNED,94184,4117,9171,130400,11608,0.28283809894825146,0.5961980874766671,0.7205421447197864,1480.6606650585802,0.7335198383879622,MEDIUM,MEDIUM,MEDIUM,5,COST_BASED,COST_BASED,false,false
1,baseline,1,2029,0.0,0.38738738738738737,NATURAL_GAS_BOILER,PRIVATELY_OWNED,87999,2862,9047,133262,11428,0.2869580142386676,0.5938351223183791,0.7204762741016075,1492.6670458522926,0.7289536456552039,MEDIUM,MEDIUM,MEDIUM,5,COST_BASED,COST_BASED,false,false
1,baseline,1,2030,0.0,0.40540540540540543,NATURAL_GAS_BOILER,PRIVATELY_OWNED,80960,2250,9289,135512,11870,0.288127331799039,0.5927180219946391,0.691161217982903,1471.2483572030328,0.7306500477943337,MEDIUM,MEDIUM,MEDIUM,5,COST_BASED,COST_BASED,false,false
1,baseline,1,2031,0.0,0.44144144144144143,NATURAL_GAS_BOILER,PRIVATELY_OWNED,72804,1259,9415,136771,12356,0.28620959676560115,0.5909551185133018,0.6543943841437466,1483.004046617028,0.73308098056058,MEDIUM,MEDIUM,MEDIUM,5,COST_BASED,COST_BASED,false,false
1,baseline,1,2032,0.0,0.4594594594594595,NATURAL_GAS_BOILER,PRIVATELY_OWNED,64708,1223,9319,137994,12432,0.2872142813793931,0.5805202800070808,0.5222007189620851,1482.6081081081081,0.7337017597955116,MEDIUM,MEDIUM,MEDIUM,5,COST_BASED,COST_BASED,false,false
1,baseline,1,2033,0.0,0.5135135135135135,NATURAL_GAS_BOILER,PRIVATELY_OWNED,56366,824,9166,138818,12235,0.28417720931646784,0.5652457286356242,0.4740962826253594,1481.4472415202288,0.7175622552961538,MEDIUM,MEDIUM,MEDIUM,5,COST_BASED,COST_BASED,false,false
1,baseline,1,2034,0.0,0.5405405405405406,NATURAL_GAS_BOILER,PRIVATELY_OWNED,46273,596,10689,139414,13640,0.28568889535536324,0.5694831876288662,0.4450632374059924,1411.6846774193548,0.7271696529287073,MEDIUM,MEDIUM,MEDIUM,5,COST_BASED,COST_BASED,false,false
1,baseline,1,2035,0.0,0.5675675675675675,NATURAL_GAS_BOILER,PRIVATELY_OWNED,37381,505,9397,139919,12279,0.2851390748118105,0.5684282372676213,0.382684614227386,1448.4032901702094,0.733522010420053,MEDIUM,MEDIUM,MEDIUM,5,COST_BASED,COST_BASED,false,false
1,baseline,1,2036,0.0,0.5765765765765766,NATURAL_GAS_BOILER,PRIVATELY_OWNED,28935,414,8860,140333,11468,0.28530323988762074,0.545369373511095,0.27877778604754994,1500.9317230554586,0.7118810270387919,MEDIUM,MEDIUM,MEDIUM,5,COST_BASED,COST_BASED,false,false
1,baseline,1,2037,0.0,0.5765765765765766,NATURAL_GAS_BOILER,PRIVATELY_OWNED,24174,476,5237,140809,7184,0.34527620612036863,0.5722798844091022,0.29746410434717474,1312.2767260579064,0.7349177620401602,MEDIUM,MEDIUM,MEDIUM,5,COST_BASED,COST_BASED,false,false
1,baseline,1,2038,0.0,0.6306306306306306,NATURAL_GAS_BOILER,PRIVATELY_OWNED,18662,458,5970,141267,7263,0.3340202020347461,0.5422867411996597,0.2456484180765949,1524.262150626463,0.6992190090312262,MEDIUM,MEDIUM,MEDIUM,5,COST_BASED,COST_BASED,false,false
1,baseline,1,2039,0.0,0.6936936936936937,NATURAL_GAS_BOILER,PRIVATELY_OWNED,15411,427,3678,141694,4600,0.36112083991419625,0.5794993117957207,0.23544623787378585,1418.5602173913044,0.7495379779808139,MEDIUM,MEDIUM,MEDIUM,5,COST_BASED,COST_BASED,false,false
1,baseline,1,2040,0.0,0.7477477477477478,NATURAL_GAS_BOILER,PRIVATELY_OWNED,11679,385,4117,142079,9576,0.27938376599565684,0.528758530330116,0.11364574780145208,1591.62447786132,0.7090861355210695,MEDIUM,MEDIUM,MEDIUM,5,COST_BASED,COST_BASED,false,false
1,baseline,1,2041,0.0,0.7927927927927928,NATURAL_GAS_BOILER,PRIVATELY_OWNED,9284,467,2862,142546,6114,0.2921618216979958,0.5416022745249606,0.1312208352846317,1450.5175008177953,0.7229603519523636,MEDIUM,MEDIUM,MEDIUM,5,COST_BASED,COST_BASED,false,false
1,baseline,1,2042,0.0,0.8198198198198198,NATURAL_GAS_BOILER,PRIVATELY_OWNED,7483,449,2250,142995,7945,0.2883700688332918,0.527981594383498,0.09490978072645487,1558.7431088735054,0.7080161517761184,MEDIUM,MEDIUM,MEDIUM,5,COST_BASED,COST_BASED,false,false
1,baseline,1,2043,0.0,0.8288288288288288,NATURAL_GAS_BOILER,PRIVATELY_OWNED,6660,436,1259,143431,6763,0.2503406246733903,0.5149849970161038,0.08685532194741044,1444.176992458968,0.6990354241123848,MEDIUM,MEDIUM,MEDIUM,5,COST_BASED,COST_BASED,false,false
1,baseline,1,2044,0.0,0.8558558558558559,NATURAL_GAS_BOILER,PRIVATELY_OWNED,5865,428,1223,143859,8018,0.2682439123054127,0.5156437564048718,0.06788353170012112,1543.2884759291594,0.6979192150684381,MEDIUM,MEDIUM,MEDIUM,5,COST_BASED,COST_BASED,false,false
1,baseline,1,2045,0.0,0.8558558558558559,NATURAL_GAS_BOILER,PRIVATELY_OWNED,5438,397,824,144256,8802,0.24784680709558632,0.5089490645208168,0.054977820761746954,1515.587366507612,0.6945896674121115,MEDIUM,MEDIUM,MEDIUM,5,COST_BASED,COST_BASED,false,false
1,baseline,1,2046,0.0,0.8558558558558559,NATURAL_GAS_BOILER,PRIVATELY_OWNED,5327,485,596,144741,10403,0.2644312863163414,0.5164655616793119,0.059019467274335755,1517.4357396904738,0.7012130875305879,MEDIUM,MEDIUM,MEDIUM,5,COST_BASED,COST_BASED,false,false
1,baseline,1,2047,0.0,0.8558558558558559,NATURAL_GAS_BOILER,PRIVATELY_OWNED,5263,441,505,145182,9948,0.25565561281575677,0.521721572423464,0.05434627269937636,1482.628870124648,0.7118751713438347,MEDIUM,MEDIUM,MEDIUM,5,COST_BASED,COST_BASED,false,false
1,baseline,1,2048,0.0,0.8558558558558559,NATURAL_GAS_BOILER,PRIVATELY_OWNED,5252,403,414,145585,10316,0.25903097074165915,0.5067626729966956,0.049503535361346176,1484.1729352462194,0.6891983248894609,MEDIUM,MEDIUM,MEDIUM,5,COST_BASED,COST_BASED,false,false
1,baseline,1,2049,0.0,0.8558558558558559,NATURAL_GAS_BOILER,PRIVATELY_OWNED,5215,439,476,146024,13031,0.27475762581972113,0.5131135654573712,0.046710266092942335,1419.068605632722,0.6951421584695134,MEDIUM,MEDIUM,MEDIUM,5,COST_BASED,COST_BASED,false,false
1,baseline,1,2050,0.0,0.8558558558558559,NATURAL_GAS_BOILER,PRIVATELY_OWNED,5217,460,458,146484,11829,0.27694822570873245,0.521946431151071,0.05000640047647269,1451.5571054188858,0.7074317902398629,MEDIUM,MEDIUM,MEDIUM,5,COST_BASED,COST_BASED,false,false
1,baseline,1,2024,0.0,0.0,NATURAL_GAS_BOILER,SOCIAL_HOUSING,66125,66125,0,66125,0,0.0,0.0,0.0,0.0,0.0,MEDIUM,MEDIUM,MEDIUM,5,COST_BASED,COST_BASED,false,false
1,baseline,1,2025,0.0,0.38738738738738737,NATURAL_GAS_BOILER,SOCIAL_HOUSING,67229,4395,3291,70520,4395,0.0,0.0,0.0,1371.8300341296929,0.0,MEDIUM,MEDIUM,MEDIUM,5,COST_BASED,COST_BASED,false,false
1,baseline,1,2026,0.0,0.38738738738738737,NATURAL_GAS_BOILER,SOCIAL_HOUSING,67793,4790,4226,75310,4790,0.0,0.0,0.0,1356.8125260960335,0.0,MEDIUM,MEDIUM,MEDIUM,5,COST_BASED,COST_BASED,false,false
1,baseline,1,2027,0.0,0.38738738738738737,NATURAL_GAS_BOILER,SOCIAL_HOUSING,68914,9042,7921,84352,9042,0.0,0.0,0.0,1286.0921256359213,0.0,MEDIUM,MEDIUM,MEDIUM,5,COST_BASED,COST_BASED,false,false
1,baseline,1,2028,0.0,0.38738738738738737,NATURAL_GAS_BOILER,SOCIAL_HOUSING,69207,4851,4558,89203,4851,0.0,0.0,0.0,1343.7977736549165,0.0,MEDIUM,MEDIUM,MEDIUM,5,COST_BASED,COST_BASED,false,false
1,baseline,1,2029,0.0,0.38738738738738737,NATURAL_GAS_BOILER,SOCIAL_HOUSING,69875,4296,3628,93499,4296,0.0,0.0,0.0,1398.8533519553073,0.0,MEDIUM,MEDIUM,MEDIUM,5,COST_BASED,COST_BASED,false,false
1,baseline,1,2030,0.0,0.40540540540540543,NATURAL_GAS_BOILER,SOCIAL_HOUSING,71687,2751,939,96250,2751,0.0,0.0,0.0,1177.0752453653217,0.0,MEDIUM,MEDIUM,MEDIUM,5,COST_BASED,COST_BASED,false,false
1,baseline,1,2031,0.0,0.44144144144144143,NATURAL_GAS_BOILER,SOCIAL_HOUSING,71774,12689,12602,108939,12689,0.0,0.0,0.0,1359.9338009299393,0.0,MEDIUM,MEDIUM,MEDIUM,5,COST_BASED,COST_BASED,false,false
1,baseline,1,2032,0.0,0.4594594594594595,NATURAL_GAS_BOILER,SOCIAL_HOUSING,73599,10089,8264,119028,10089,0.0,0.0,0.0,1323.5188819506393,0.0,MEDIUM,MEDIUM,MEDIUM,5,COST_BASED,COST_BASED,false,false
1,baseline,1,2033,0.0,0.5135135135135135,NATURAL_GAS_BOILER,SOCIAL_HOUSING,75593,5885,3891,124913,5885,0.0,0.0,0.0,1185.869668649108,0.0,MEDIUM,MEDIUM,MEDIUM,5,COST_BASED,COST_BASED,false,false
1,baseline,1,2034,0.0,0.5405405405405406,NATURAL_GAS_BOILER,SOCIAL_HOUSING,75593,3381,3381,128294,3381,0.0,0.0,0.0,1016.287488908607,0.0,MEDIUM,MEDIUM,MEDIUM,5,COST_BASED,COST_BASED,false,false
1,baseline,1,2035,0.0,0.5675675675675675,NATURAL_GAS_BOILER,SOCIAL_HOUSING,75973,8512,8132,136806,8512,0.0,0.0,0.0,1405.592692669173,0.0,MEDIUM,MEDIUM,MEDIUM,5,COST_BASED,COST_BASED,false,false
1,baseline,1,2036,0.0,0.5765765765765766,NATURAL_GAS_BOILER,SOCIAL_HOUSING,75973,5292,5292,142098,5292,0.0,0.0,0.0,1179.955782312925,0.0,MEDIUM,MEDIUM,MEDIUM,5,COST_BASED,COST_BASED,false,false
1,baseline,1,2037,0.0,0.5765765765765766,NATURAL_GAS_BOILER,SOCIAL_HOUSING,75973,4395,4395,146493,4395,0.0,0.0,0.0,1370.2769055745166,0.0,MEDIUM,MEDIUM,MEDIUM,5,COST_BASED,COST_BASED,false,false
1,baseline,1,2038,0.0,0.6306306306306306,NATURAL_GAS_BOILER,SOCIAL_HOUSING,76905,5722,4790,152215,5722,0.0,0.0,0.0,1332.9683677036,0.0,MEDIUM,MEDIUM,MEDIUM,5,COST_BASED,COST_BASED,false,false
1,baseline,1,2039,0.0,0.6936936936936937,NATURAL_GAS_BOILER,SOCIAL_HOUSING,77975,10112,9042,162327,10112,0.0,0.0,0.0,1262.7146954113923,0.0,MEDIUM,MEDIUM,MEDIUM,5,COST_BASED,COST_BASED,false,false
1,baseline,1,2040,0.0,0.7477477477477478,NATURAL_GAS_BOILER,SOCIAL_HOUSING,77975,4851,4851,167178,4851,0.0,0.0,0.0,1342.6099773242631,0.0,MEDIUM,MEDIUM,MEDIUM,5,COST_BASED,COST_BASED,false,false
1,baseline,1,2041,0.0,0.7927927927927928,NATURAL_GAS_BOILER,SOCIAL_HOUSING,77975,4296,4296,171474,4296,0.0,0.0,0.0,1397.7274208566107,0.0,MEDIUM,MEDIUM,MEDIUM,5,COST_BASED,COST_BASED,false,false
1,baseline,1,2042,0.0,0.8198198198198198,NATURAL_GAS_BOILER,SOCIAL_HOUSING,77975,2751,2751,174225,2751,0.0,0.0,0.0,1176.1105052708106,0.0,MEDIUM,MEDIUM,MEDIUM,5,COST_BASED,COST_BASED,false,false
1,baseline,1,2043,0.0,0.8288288288288288,NATURAL_GAS_BOILER,SOCIAL_HOUSING,77975,12689,12689,186914,12689,0.0,0.0,0.0,1358.9177240129245,0.0,MEDIUM,MEDIUM,MEDIUM,5,COST_BASED,COST_BASED,false,false
1,baseline,1,2044,0.0,0.8558558558558559,NATURAL_GAS_BOILER,SOCIAL_HOUSING,77975,10089,10089,197003,10089,0.0,0.0,0.0,1322.593914163941,0.0,MEDIUM,MEDIUM,MEDIUM,5,COST_BASED,COST_BASED,false,false
1,baseline,1,2045,0.0,0.8558558558558559,NATURAL_GAS_BOILER,SOCIAL_HOUSING,78368,6278,5885,203281,6278,0.0,0.0,0.0,1189.240363172985,0.0,MEDIUM,MEDIUM,MEDIUM,5,COST_BASED,COST_BASED,false,false
1,baseline,1,2046,0.0,0.8558558558558559,NATURAL_GAS_BOILER,SOCIAL_HOUSING,80251,5264,3381,208545,5264,0.0,0.0,0.0,1130.2017477203647,0.0,MEDIUM,MEDIUM,MEDIUM,5,COST_BASED,COST_BASED,false,false
1,baseline,1,2047,0.0,0.8558558558558559,NATURAL_GAS_BOILER,SOCIAL_HOUSING,80251,8512,8512,217057,8512,0.0,0.0,0.0,1404.7230968045112,0.0,MEDIUM,MEDIUM,MEDIUM,5,COST_BASED,COST_BASED,false,false
1,baseline,1,2048,0.0,0.8558558558558559,NATURAL_GAS_BOILER,SOCIAL_HOUSING,80949,5990,5292,223047,5990,0.0,0.0,0.0,1176.0135225375625,0.0,MEDIUM,MEDIUM,MEDIUM,5,COST_BASED,COST_BASED,false,false
1,baseline,1,2049,0.0,0.8558558558558559,NATURAL_GAS_BOILER,SOCIAL_HOUSING,80978,4424,4395,227471,4424,0.0,0.0,0.0,1367.1654611211573,0.0,MEDIUM,MEDIUM,MEDIUM,5,COST_BASED,COST_BASED,false,false
1,baseline,1,2050,0.0,0.8558558558558559,NATURAL_GAS_BOILER,SOCIAL_HOUSING,80978,5722,5722,233193,5722,0.0,0.0,0.0,1332.1850751485495,0.0,MEDIUM,MEDIUM,MEDIUM,5,COST_BASED,COST_BASED,false,false
1,baseline,1,2024,0.0,0.0,NATURAL_GAS_BOILER,PRIVATELY_RENTED,33837,33837,0,33837,0,0.0,0.0,0.0,0.0,0.0,MEDIUM,MEDIUM,MEDIUM,5,COST_BASED,COST_BASED,false,false
1,baseline,1,2025,0.0,0.38738738738738737,NATURAL_GAS_BOILER,PRIVATELY_RENTED,34395,3350,2792,37187,3596,0.0,0.0,0.0,1411.0923248053393,0.0,MEDIUM,MEDIUM,MEDIUM,5,COST_BASED,COST_BASED,false,false
1,baseline,1,2026,0.0,0.38738738738738737,NATURAL_GAS_BOILER,PRIVATELY_RENTED,34817,3135,2713,40322,3468,0.0,0.0,0.0,1410.58708189158,0.0,MEDIUM,MEDIUM,MEDIUM,5,COST_BASED,COST_BASED,false,false
1,baseline,1,2027,0.0,0.38738738738738737,NATURAL_GAS_BOILER,PRIVATELY_RENTED,35076,3023,2764,43345,3398,0.0,0.0,0.0,1430.33872866392,0.0,MEDIUM,MEDIUM,MEDIUM,5,COST_BASED,COST_BASED,false,false
1,baseline,1,2028,0.0,0.38738738738738737,NATURAL_GAS_BOILER,PRIVATELY_RENTED,35240,2940,2776,46285,3706,0.0,0.0,0.0,1382.6538046411224,0.0,MEDIUM,MEDIUM,MEDIUM,5,COST_BASED,COST_BASED,false,false
1,baseline,1,2029,0.0,0.38738738738738737,NATURAL_GAS_BOILER,PRIVATELY_RENTED,35341,2924,2823,49209,3536,0.0,0.0,0.0,1395.7440610859728,0.0,MEDIUM,MEDIUM,MEDIUM,5,COST_BASED,COST_BASED,false,false
1,baseline,1,2030,0.0,0.40540540540540543,NATURAL_GAS_BOILER,PRIVATELY_RENTED,35378,3031,2994,52240,3732,0.0,0.0,0.0,1388.4268488745981,0.0,MEDIUM,MEDIUM,MEDIUM,5,COST_BASED,COST_BASED,false,false
1,baseline,1,2031,0.0,0.44144144144144143,NATURAL_GAS_BOILER,PRIVATELY_RENTED,35198,2744,2924,54984,3583,0.0,0.0,0.0,1393.735696343846,0.0,MEDIUM,MEDIUM,MEDIUM,5,COST_BASED,COST_BASED,false,false
1,baseline,1,2032,0.0,0.4594594594594595,NATURAL_GAS_BOILER,PRIVATELY_RENTED,35222,3166,3142,58150,4189,0.0,0.0,0.0,1365.9875865361662,0.0,MEDIUM,MEDIUM,MEDIUM,5,COST_BASED,COST_BASED,false,false
1,baseline,1,2033,0.0,0.5135135135135135,NATURAL_GAS_BOILER,PRIVATELY_RENTED,35103,2638,2757,60788,3693,0.0,0.0,0.0,1384.0362848632549,0.0,MEDIUM,MEDIUM,MEDIUM,5,COST_BASED,COST_BASED,false,false
1,baseline,1,2034,0.0,0.5405405405405406,NATURAL_GAS_BOILER,PRIVATELY_RENTED,34628,2297,2772,63085,3412,0.0,0.0,0.0,1411.4287807737398,0.0,MEDIUM,MEDIUM,MEDIUM,5,COST_BASED,COST_BASED,false,false
1,baseline,1,2035,0.0,0.5675675675675675,NATURAL_GAS_BOILER,PRIVATELY_RENTED,34218,2281,2691,65366,3479,0.0,0.0,0.0,1414.1218741017533,0.0,MEDIUM,MEDIUM,MEDIUM,5,COST_BASED,COST_BASED,false,false
1,baseline,1,2036,0.0,0.5765765765765766,NATURAL_GAS_BOILER,PRIVATELY_RENTED,33569,2040,2689,67406,3357,0.0,0.0,0.0,1432.0026809651474,0.0,MEDIUM,MEDIUM,MEDIUM,5,COST_BASED,COST_BASED,false,false
1,baseline,1,2037,0.0,0.5765765765765766,NATURAL_GAS_BOILER,PRIVATELY_RENTED,32501,2282,3350,69688,3636,0.0,0.0,0.0,1396.0258525852585,0.0,MEDIUM,MEDIUM,MEDIUM,5,COST_BASED,COST_BASED,false,false
1,baseline,1,2038,0.0,0.6306306306306306,NATURAL_GAS_BOILER,PRIVATELY_RENTED,31538,2172,3135,71860,3530,0.0,0.0,0.0,1380.9235127478753,0.0,MEDIUM,MEDIUM,MEDIUM,5,COST_BASED,COST_BASED,false,false
1,baseline,1,2039,0.0,0.6936936936936937,NATURAL_GAS_BOILER,PRIVATELY_RENTED,30674,2159,3023,74019,3380,0.0,0.0,0.0,1373.794674556213,0.0,MEDIUM,MEDIUM,MEDIUM,5,COST_BASED,COST_BASED,false,false
1,baseline,1,2040,0.0,0.7477477477477478,NATURAL_GAS_BOILER,PRIVATELY_RENTED,29785,2051,2940,76070,3356,0.0,0.0,0.0,1387.0294994040523,0.0,MEDIUM,MEDIUM,MEDIUM,5,COST_BASED,COST_BASED,false,false
1,baseline,1,2041,0.0,0.7927927927927928,NATURAL_GAS_BOILER,PRIVATELY_RENTED,28893,2032,2924,78102,3428,0.0,0.0,0.0,1381.0627187864643,0.0,MEDIUM,MEDIUM,MEDIUM,5,COST_BASED,COST_BASED,false,false
1,baseline,1,2042,0.0,0.8198198198198198,NATURAL_GAS_BOILER,PRIVATELY_RENTED,27990,2128,3031,80230,3500,0.0,0.0,0.0,1373.5405714285714,0.0,MEDIUM,MEDIUM,MEDIUM,5,COST_BASED,COST_BASED,false,false
1,baseline,1,2043,0.0,0.8288288288288288,NATURAL_GAS_BOILER,PRIVATELY_RENTED,27302,2056,2744,82286,3725,0.0,0.0,0.0,1325.9613422818793,0.0,MEDIUM,MEDIUM,MEDIUM,5,COST_BASED,COST_BASED,false,false
1,baseline,1,2044,0.0,0.8558558558558559,NATURAL_GAS_BOILER,PRIVATELY_RENTED,26411,2275,3166,84561,3893,0.0,0.0,0.0,1345.5779604418187,0.0,MEDIUM,MEDIUM,MEDIUM,5,COST_BASED,COST_BASED,false,false
1,baseline,1,2045,0.0,0.8558558558558559,NATURAL_GAS_BOILER,PRIVATELY_RENTED,25645,1872,2638,86433,3476,0.0,0.0,0.0,1378.9623130034522,0.0,MEDIUM,MEDIUM,MEDIUM,5,COST_BASED,COST_BASED,false,false
1,baseline,1,2046,0.0,0.8558558558558559,NATURAL_GAS_BOILER,PRIVATELY_RENTED,24938,1590,2297,88023,3222,0.0,0.0,0.0,1413.6409062693979,0.0,MEDIUM,MEDIUM,MEDIUM,5,COST_BASED,COST_BASED,false,false
1,baseline,1,2047,0.0,0.8558558558558559,NATURAL_GAS_BOILER,PRIVATELY_RENTED,24316,1659,2281,89682,3426,0.0,0.0,0.0,1412.7127845884413,0.0,MEDIUM,MEDIUM,MEDIUM,5,COST_BASED,COST_BASED,false,false
1,baseline,1,2048,0.0,0.8558558558558559,NATURAL_GAS_BOILER,PRIVATELY_RENTED,23809,1533,2040,91215,3256,0.0,0.0,0.0,1403.9176904176904,0.0,MEDIUM,MEDIUM,MEDIUM,5,COST_BASED,COST_BASED,false,false
1,baseline,1,2049,0.0,0.8558558558558559,NATURAL_GAS_BOILER,PRIVATELY_RENTED,23184,1657,2282,92872,3501,0.0,0.0,0.0,1408.2656383890317,0.0,MEDIUM,MEDIUM,MEDIUM,5,COST_BASED,COST_BASED,false,false
1,baseline,1,2050,0.0,0.8558558558558559,NATURAL_GAS_BOILER,PRIVATELY_RENTED,22637,1625,2172,94497,3545,0.0,0.0,0.0,1382.205359661495,0.0,MEDIUM,MEDIUM,MEDIUM,5,COST_BASED,COST_BASED,false,false
1,baseline,1,2024,0.0,0.0,NATURAL_GAS_BLOCK,TOTAL,27212,27212,0,27212,0,0.0,0.0,0.0,0.0,0.0,MEDIUM,MEDIUM,MEDIUM,5,COST_BASED,COST_BASED,false,false
1,baseline,1,2025,0.0,0.38738738738738737,NATURAL_GAS_BLOCK,TOTAL,24249,0,2963,27212,19352,0.28534198824803797,0.5240358042076239,0.15522258966503352,1443.080766845804,0.6953153855412951,MEDIUM,MEDIUM,MEDIUM,5,COST_BASED,COST_BASED,false,false
1,baseline,1,2026,0.0,0.38738738738738737,NATURAL_GAS_BLOCK,TOTAL,21851,3,2401,27215,19453,0.28806724990645816,0.5261852259205424,0.1449573377176331,1447.4378759060298,0.6991413591894985,MEDIUM,MEDIUM,MEDIUM,5,COST_BASED,COST_BASED,false,false
1,baseline,1,2027,0.0,0.38738738738738737,NATURAL_GAS_BLOCK,TOTAL,20070,1,1782,27216,23548,0.2847370874140261,0.5361488867251885,0.13017291233939907,1410.1605231866824,0.7167674441918536,MEDIUM,MEDIUM,MEDIUM,5,COST_BASED,COST_BASED,false,false
1,baseline,1,2028,0.0,0.38738738738738737,NATURAL_GAS_BLOCK,TOTAL,18028,2,2044,27218,20165,0.28283809894825146,0.5291048129492784,0.11742584244594835,1430.2883213488717,0.7082694643811084,MEDIUM,MEDIUM,MEDIUM,5,COST_BASED,COST_BASED,false,false
1,baseline,1,2029,0.0,0.38738738738738737,NATURAL_GAS_BLOCK,TOTAL,15616,0,2412,27218,19260,0.2869580142386676,0.5256559436695185,0.10387732048599319,1454.6626687435098,0.7037597468838656,MEDIUM,MEDIUM,MEDIUM,5,COST_BASED,COST_BASED,false,false
1,baseline,1,2030,0.0,0.40540540540540543,NATURAL_GAS_BLOCK,TOTAL,13341,1,2276,27219,18353,0.288127331799039,0.5259905632609164,0.09066524558551495,1411.1284803574347,0.7056208562434249,MEDIUM,MEDIUM,MEDIUM,5,COST_BASED,COST_BASED,false,false
1,baseline,1,2031,0.0,0.44144144144144143,NATURAL_GAS_BLOCK,TOTAL,11529,0,1812,27219,28628,0.28620959676560115,0.5264353269342983,0.07654939362067513,1418.1936565600113,0.7085319170074622,MEDIUM,MEDIUM,MEDIUM,5,COST_BASED,COST_BASED,false,false
1,baseline,1,2032,0.0,0.4594594594594595,NATURAL_GAS_BLOCK,TOTAL,9553,0,1976,27219,26710,0.2872142813793931,0.5262896304688032,0.06373790805775967,1405.2992137776114,0.709663636851136,MEDIUM,MEDIUM,MEDIUM,5,COST_BASED,COST_BASED,false,false
1,baseline,1,2033,0.0,0.5135135135135135,NATURAL_GAS_BLOCK,TOTAL,5674,0,3879,27219,21813,0.28417720931646784,0.5141882012187166,0.05084500202586462,1386.417090725714,0.6938823742457227,MEDIUM,MEDIUM,MEDIUM,5,COST_BASED,COST_BASED,false,false
1,baseline,1,2034,0.0,0.5405405405405406,NATURAL_GAS_BLOCK,TOTAL,3598,0,2076,27219,20433,0.28568889535536324,0.5188122456943497,0.035141971571780534,1347.4863700876033,0.7024033982562121,MEDIUM,MEDIUM,MEDIUM,5,COST_BASED,COST_BASED,false,false
1,baseline,1,2035,0.0,0.5675675675675675,NATURAL_GAS_BLOCK,TOTAL,1730,0,1868,27219,24270,0.2851390748118105,0.5220651674867196,0.02024530526468256,1429.852781211372,0.7092823193690442,MEDIUM,MEDIUM,MEDIUM,5,COST_BASED,COST_BASED,false,false
1,baseline,1,2036,0.0,0.5765765765765766,NATURAL_GAS_BLOCK,TOTAL,7,0,1723,27219,20117,0.28530323988762074,0.5063022076220763,0.006938813838213306,1406.4573246507928,0.6872601497314326,MEDIUM,MEDIUM,MEDIUM,5,COST_BASED,COST_BASED,false,false
1,baseline,1,2037,0.0,0.5765765765765766,NATURAL_GAS_BLOCK,TOTAL,7,0,0,27219,15215,0.34527620612036863,0.5292482230590919,5.693581254151295E-5,1350.5639171869866,0.7075461660819796,MEDIUM,MEDIUM,MEDIUM,5,COST_BASED,COST_BASED,false,false
1,baseline,1,2038,0.0,0.6306306306306306,NATURAL_GAS_BLOCK,TOTAL,4,0,3,27219,16515,0.3340202020347461,0.5012445885454765,2.5309506112408237E-5,1428.9527096578868,0.6683586686212617,MEDIUM,MEDIUM,MEDIUM,5,COST_BASED,COST_BASED,false,false
1,baseline,1,2039,0.0,0.6936936936936937,NATURAL_GAS_BLOCK,TOTAL,3,0,1,27219,18092,0.36112083991419625,0.5398657185735992,2.5179836659487148E-5,1324.7036811850542,0.7195152204022628,MEDIUM,MEDIUM,MEDIUM,5,COST_BASED,COST_BASED,false,false
1,baseline,1,2040,0.0,0.7477477477477478,NATURAL_GAS_BLOCK,TOTAL,1,0,2,27219,17783,0.27938376599565684,0.5085005921953745,1.3252380234574927E-5,1486.907664623517,0.6929032902466186,MEDIUM,MEDIUM,MEDIUM,5,COST_BASED,COST_BASED,false,false
1,baseline,1,2041,0.0,0.7927927927927928,NATURAL_GAS_BLOCK,TOTAL,1,0,0,27219,13838,0.2921618216979958,0.5189189512370305,0.0,1418.7496025437201,0.7053379714310479,MEDIUM,MEDIUM,MEDIUM,5,COST_BASED,COST_BASED,false,false
1,baseline,1,2042,0.0,0.8198198198198198,NATURAL_GAS_BLOCK,TOTAL,0,0,1,27219,14196,0.2883700688332918,0.512955491106389,0.0,1440.8241053817976,0.6973407194512583,MEDIUM,MEDIUM,MEDIUM,5,COST_BASED,COST_BASED,false,false
1,baseline,1,2043,0.0,0.8288288288288288,NATURAL_GAS_BLOCK,TOTAL,0,0,0,27219,23177,0.2503406246733903,0.5030514722498705,0.0,1380.415929585365,0.6919920522064575,MEDIUM,MEDIUM,MEDIUM,5,COST_BASED,COST_BASED,false,false
1,baseline,1,2044,0.0,0.8558558558558559,NATURAL_GAS_BLOCK,TOTAL,0,0,0,27219,22000,0.2682439123054127,0.5061766686006895,0.0,1409.130090909091,0.6922040248246847,MEDIUM,MEDIUM,MEDIUM,5,COST_BASED,COST_BASED,false,false
1,baseline,1,2045,0.0,0.8558558558558559,NATURAL_GAS_BLOCK,TOTAL,0,0,0,27219,18556,0.24784680709558632,0.5020249854391944,0.0,1381.685115326579,0.6910757763848959,MEDIUM,MEDIUM,MEDIUM,5,COST_BASED,COST_BASED,false,false
1,baseline,1,2046,0.0,0.8558558558558559,NATURAL_GAS_BLOCK,TOTAL,0,0,0,27219,18889,0.2644312863163414,0.510056262162936,0.0,1393.992958864948,0.6989765716653167,MEDIUM,MEDIUM,MEDIUM,5,COST_BASED,COST_BASED,false,false
1,baseline,1,2047,0.0,0.8558558558558559,NATURAL_GAS_BLOCK,TOTAL,0,0,0,27219,21886,0.25565561281575677,0.5159147039272002,0.0,1443.6545280087728,0.7099581526868594,MEDIUM,MEDIUM,MEDIUM,5,COST_BASED,COST_BASED,false,false
1,baseline,1,2048,0.0,0.8558558558558559,NATURAL_GAS_BLOCK,TOTAL,0,0,0,27219,19562,0.25903097074165915,0.5016203159540329,0.0,1378.741999795522,0.687672731245633,MEDIUM,MEDIUM,MEDIUM,5,COST_BASED,COST_BASED,false,false
1,baseline,1,2049,0.0,0.8558558558558559,NATURAL_GAS_BLOCK,TOTAL,0,0,0,27219,20956,0.27475762581972113,0.5082950226381121,0.0,1408.6797098682955,0.6937531275022405,MEDIUM,MEDIUM,MEDIUM,5,COST_BASED,COST_BASED,false,false
1,baseline,1,2050,0.0,0.8558558558558559,NATURAL_GAS_BLOCK,TOTAL,0,0,0,27219,21096,0.27694822570873245,0.5167938323226546,0.0,1409.9288490709139,0.7059536920568007,MEDIUM,MEDIUM,MEDIUM,5,COST_BASED,COST_BASED,false,false
1,baseline,1,2024,0.0,0.0,NATURAL_GAS_BLOCK,PRIVATELY_OWNED,16882,16882,0,16882,0,0.0,0.0,0.0,0.0,0.0,MEDIUM,MEDIUM,MEDIUM,5,COST_BASED,COST_BASED,false,false
1,baseline,1,2025,0.0,0.38738738738738737,NATURAL_GAS_BLOCK,PRIVATELY_OWNED,15476,0,1406,16882,11361,0.28534198824803797,0.5240358042076239,0.15522258966503352,1480.7691224364053,0.6953153855412951,MEDIUM,MEDIUM,MEDIUM,5,COST_BASED,COST_BASED,false,false
1,baseline,1,2026,0.0,0.38738738738738737,NATURAL_GAS_BLOCK,PRIVATELY_OWNED,14101,3,1378,16885,11195,0.28806724990645816,0.5261852259205424,0.1449573377176331,1497.4962036623492,0.6991413591894985,MEDIUM,MEDIUM,MEDIUM,5,COST_BASED,COST_BASED,false,false
1,baseline,1,2027,0.0,0.38738738738738737,NATURAL_GAS_BLOCK,PRIVATELY_OWNED,12751,1,1351,16886,11108,0.2847370874140261,0.5361488867251885,0.13017291233939907,1504.590025207058,0.7167674441918536,MEDIUM,MEDIUM,MEDIUM,5,COST_BASED,COST_BASED,false,false
1,baseline,1,2028,0.0,0.38738738738738737,NATURAL_GAS_BLOCK,PRIVATELY_OWNED,11386,2,1367,16888,11608,0.28283809894825146,0.5291048129492784,0.11742584244594835,1481.237250172295,0.7082694643811084,MEDIUM,MEDIUM,MEDIUM,5,COST_BASED,COST_BASED,false,false
1,baseline,1,2029,0.0,0.38738738738738737,NATURAL_GAS_BLOCK,PRIVATELY_OWNED,10025,0,1361,16888,11428,0.2869580142386676,0.5256559436695185,0.10387732048599319,1493.3945572278615,0.7037597468838656,MEDIUM,MEDIUM,MEDIUM,5,COST_BASED,COST_BASED,false,false
1,baseline,1,2030,0.0,0.40540540540540543,NATURAL_GAS_BLOCK,PRIVATELY_OWNED,8638,1,1388,16889,11870,0.288127331799039,0.5259905632609164,0.09066524558551495,1472.0897219882056,0.7056208562434249,MEDIUM,MEDIUM,MEDIUM,5,COST_BASED,COST_BASED,false,false
1,baseline,1,2031,0.0,0.44144144144144143,NATURAL_GAS_BLOCK,PRIVATELY_OWNED,7314,0,1324,16889,12356,0.28620959676560115,0.5264353269342983,0.07654939362067513,1483.932745224992,0.7085319170074622,MEDIUM,MEDIUM,MEDIUM,5,COST_BASED,COST_BASED,false,false
1,baseline,1,2032,0.0,0.4594594594594595,NATURAL_GAS_BLOCK,PRIVATELY_OWNED,5961,0,1353,16889,12432,0.2872142813793931,0.5262896304688032,0.06373790805775967,1483.7097007722007,0.709663636851136,MEDIUM,MEDIUM,MEDIUM,5,COST_BASED,COST_BASED,false,false
1,baseline,1,2033,0.0,0.5135135135135135,NATURAL_GAS_BLOCK,PRIVATELY_OWNED,4512,0,1449,16889,12235,0.28417720931646784,0.5141882012187166,0.05084500202586462,1482.7059256232121,0.6938823742457227,MEDIUM,MEDIUM,MEDIUM,5,COST_BASED,COST_BASED,false,false
1,baseline,1,2034,0.0,0.5405405405405406,NATURAL_GAS_BLOCK,PRIVATELY_OWNED,2820,0,1692,16889,13640,0.28568889535536324,0.5188122456943497,0.035141971571780534,1412.9868768328445,0.7024033982562121,MEDIUM,MEDIUM,MEDIUM,5,COST_BASED,COST_BASED,false,false
1,baseline,1,2035,0.0,0.5675675675675675,NATURAL_GAS_BLOCK,PRIVATELY_OWNED,1348,0,1472,16889,12279,0.2851390748118105,0.5220651674867196,0.02024530526468256,1449.793549963352,0.7092823193690442,MEDIUM,MEDIUM,MEDIUM,5,COST_BASED,COST_BASED,false,false
1,baseline,1,2036,0.0,0.5765765765765766,NATURAL_GAS_BLOCK,PRIVATELY_OWNED,7,0,1341,16889,11468,0.28530323988762074,0.5063022076220763,0.006938813838213306,1502.4524764562261,0.6872601497314326,MEDIUM,MEDIUM,MEDIUM,5,COST_BASED,COST_BASED,false,false
1,baseline,1,2037,0.0,0.5765765765765766,NATURAL_GAS_BLOCK,PRIVATELY_OWNED,7,0,0,16889,7184,0.34527620612036863,0.5292482230590919,5.693581254151295E-5,1313.765868596882,0.7075461660819796,MEDIUM,MEDIUM,MEDIUM,5,COST_BASED,COST_BASED,false,false
1,baseline,1,2038,0.0,0.6306306306306306,NATURAL_GAS_BLOCK,PRIVATELY_OWNED,4,0,3,16889,7263,0.3340202020347461,0.5012445885454765,2.5309506112408237E-5,1525.9234476111799,0.6683586686212617,MEDIUM,MEDIUM,MEDIUM,5,COST_BASED,COST_BASED,false,false
1,baseline,1,2039,0.0,0.6936936936936937,NATURAL_GAS_BLOCK,PRIVATELY_OWNED,3,0,1,16889,4600,0.36112083991419625,0.5398657185735992,2.5179836659487148E-5,1420.254347826087,0.7195152204022628,MEDIUM,MEDIUM,MEDIUM,5,COST_BASED,COST_BASED,false,false
1,baseline,1,2040,0.0,0.7477477477477478,NATURAL_GAS_BLOCK,PRIVATELY_OWNED,1,0,2,16889,9576,0.27938376599565684,0.5085005921953745,1.3252380234574927E-5,1593.515977443609,0.6929032902466186,MEDIUM,MEDIUM,MEDIUM,5,COST_BASED,COST_BASED,false,false
1,baseline,1,2041,0.0,0.7927927927927928,NATURAL_GAS_BLOCK,PRIVATELY_OWNED,1,0,0,16889,6114,0.2921618216979958,0.5189189512370305,0.0,1452.3593392214589,0.7053379714310479,MEDIUM,MEDIUM,MEDIUM,5,COST_BASED,COST_BASED,false,false
1,baseline,1,2042,0.0,0.8198198198198198,NATURAL_GAS_BLOCK,PRIVATELY_OWNED,0,0,1,16889,7945,0.2883700688332918,0.512955491106389,0.0,1560.7246066708622,0.6973407194512583,MEDIUM,MEDIUM,MEDIUM,5,COST_BASED,COST_BASED,false,false
1,baseline,1,2043,0.0,0.8288288288288288,NATURAL_GAS_BLOCK,PRIVATELY_OWNED,0,0,0,16889,6763,0.2503406246733903,0.5030514722498705,0.0,1446.1271625018483,0.6919920522064575,MEDIUM,MEDIUM,MEDIUM,5,COST_BASED,COST_BASED,false,false
1,baseline,1,2044,0.0,0.8558558558558559,NATURAL_GAS_BLOCK,PRIVATELY_OWNED,0,0,0,16889,8018,0.2682439123054127,0.5061766686006895,0.0,1545.4329009728112,0.6922040248246847,MEDIUM,MEDIUM,MEDIUM,5,COST_BASED,COST_BASED,false,false
1,baseline,1,2045,0.0,0.8558558558558559,NATURAL_GAS_BLOCK,PRIVATELY_OWNED,0,0,0,16889,8802,0.24784680709558632,0.5020249854391944,0.0,1517.8143603726426,0.6910757763848959,MEDIUM,MEDIUM,MEDIUM,5,COST_BASED,COST_BASED,false,false
1,baseline,1,2046,0.0,0.8558558558558559,NATURAL_GAS_BLOCK,PRIVATELY_OWNED,0,0,0,16889,10403,0.2644312863163414,0.510056262162936,0.0,1519.7235412861673,0.6989765716653167,MEDIUM,MEDIUM,MEDIUM,5,COST_BASED,COST_BASED,false,false
1,baseline,1,2047,0.0,0.8558558558558559,NATURAL_GAS_BLOCK,PRIVATELY_OWNED,0,0,0,16889,9948,0.25565561281575677,0.5159147039272002,0.0,1484.9360675512667,0.7099581526868594,MEDIUM,MEDIUM,MEDIUM,5,COST_BASED,COST_BASED,false,false
1,baseline,1,2048,0.0,0.8558558558558559,NATURAL_GAS_BLOCK,PRIVATELY_OWNED,0,0,0,16889,10316,0.25903097074165915,0.5016203159540329,0.0,1486.5677588212486,0.687672731245633,MEDIUM,MEDIUM,MEDIUM,5,COST_BASED,COST_BASED,false,false
1,baseline,1,2049,0.0,0.8558558558558559,NATURAL_GAS_BLOCK,PRIVATELY_OWNED,0,0,0,16889,13031,0.27475762581972113,0.5082950226381121,0.0,1421.440411326836,0.6937531275022405,MEDIUM,MEDIUM,MEDIUM,5,COST_BASED,COST_BASED,false,false
1,baseline,1,2050,0.0,0.8558558558558559,NATURAL_GAS_BLOCK,PRIVATELY_OWNED,0,0,0,16889,11829,0.27694822570873245,0.5167938323226546,0.0,1454.0042268999916,0.7059536920568007,MEDIUM,MEDIUM,MEDIUM,5,COST_BASED,COST_BASED,false,false
1,baseline,1,2024,0.0,0.0,NATURAL_GAS_BLOCK,SOCIAL_HOUSING,5461,5461,0,5461,0,0.0,0.0,0.0,0.0,0.0,MEDIUM,MEDIUM,MEDIUM,5,COST_BASED,COST_BASED,false,false
1,baseline,1,2025,0.0,0.38738738738738737,NATURAL_GAS_BLOCK,SOCIAL_HOUSING,4357,0,1104,5461,4395,0.0,0.0,0.0,1371.8300341296929,0.0,MEDIUM,MEDIUM,MEDIUM,5,COST_BASED,COST_BASED,false,false
1,baseline,1,2026,0.0,0.38738738738738737,NATURAL_GAS_BLOCK,SOCIAL_HOUSING,3793,0,564,5461,4790,0.0,0.0,0.0,1356.9908141962421,0.0,MEDIUM,MEDIUM,MEDIUM,5,COST_BASED,COST_BASED,false,false
1,baseline,1,2027,0.0,0.38738738738738737,NATURAL_GAS_BLOCK,SOCIAL_HOUSING,3793,0,0,5461,9042,0.0,0.0,0.0,1286.435301924353,0.0,MEDIUM,MEDIUM,MEDIUM,5,COST_BASED,COST_BASED,false,false
1,baseline,1,2028,0.0,0.38738738738738737,NATURAL_GAS_BLOCK,SOCIAL_HOUSING,3500,0,293,5461,4851,0.0,0.0,0.0,1344.3409606266748,0.0,MEDIUM,MEDIUM,MEDIUM,5,COST_BASED,COST_BASED,false,false
1,baseline,1,2029,0.0,0.38738738738738737,NATURAL_GAS_BLOCK,SOCIAL_HOUSING,2832,0,668,5461,4296,0.0,0.0,0.0,1399.5542364990688,0.0,MEDIUM,MEDIUM,MEDIUM,5,COST_BASED,COST_BASED,false,false
1,baseline,1,2030,0.0,0.40540540540540543,NATURAL_GAS_BLOCK,SOCIAL_HOUSING,2339,0,493,5461,2751,0.0,0.0,0.0,1177.8007997091966,0.0,MEDIUM,MEDIUM,MEDIUM,5,COST_BASED,COST_BASED,false,false
1,baseline,1,2031,0.0,0.44144144144144143,NATURAL_GAS_BLOCK,SOCIAL_HOUSING,2252,0,87,5461,12689,0.0,0.0,0.0,1360.8314287965954,0.0,MEDIUM,MEDIUM,MEDIUM,5,COST_BASED,COST_BASED,false,false
1,baseline,1,2032,0.0,0.4594594594594595,NATURAL_GAS_BLOCK,SOCIAL_HOUSING,1994,0,258,5461,10089,0.0,0.0,0.0,1324.5604123302608,0.0,MEDIUM,MEDIUM,MEDIUM,5,COST_BASED,COST_BASED,false,false
1,baseline,1,2033,0.0,0.5135135135135135,NATURAL_GAS_BLOCK,SOCIAL_HOUSING,0,0,1994,5461,5885,0.0,0.0,0.0,1186.9704333050126,0.0,MEDIUM,MEDIUM,MEDIUM,5,COST_BASED,COST_BASED,false,false
1,baseline,1,2034,0.0,0.5405405405405406,NATURAL_GAS_BLOCK,SOCIAL_HOUSING,0,0,0,5461,3381,0.0,0.0,0.0,1017.3889381839692,0.0,MEDIUM,MEDIUM,MEDIUM,5,COST_BASED,COST_BASED,false,false
1,baseline,1,2035,0.0,0.5675675675675675,NATURAL_GAS_BLOCK,SOCIAL_HOUSING,0,0,0,5461,8512,0.0,0.0,0.0,1406.9564144736842,0.0,MEDIUM,MEDIUM,MEDIUM,5,COST_BASED,COST_BASED,false,false
1,baseline,1,2036,0.0,0.5765765765765766,NATURAL_GAS_BLOCK,SOCIAL_HOUSING,0,0,0,5461,5292,0.0,0.0,0.0,1181.2877928949358,0.0,MEDIUM,MEDIUM,MEDIUM,5,COST_BASED,COST_BASED,false,false
1,baseline,1,2037,0.0,0.5765765765765766,NATURAL_GAS_BLOCK,SOCIAL_HOUSING,0,0,0,5461,4395,0.0,0.0,0.0,1371.828896473265,0.0,MEDIUM,MEDIUM,MEDIUM,5,COST_BASED,COST_BASED,false,false
1,baseline,1,2038,0.0,0.6306306306306306,NATURAL_GAS_BLOCK,SOCIAL_HOUSING,0,0,0,5461,5722,0.0,0.0,0.0,1334.5097867878364,0.0,MEDIUM,MEDIUM,MEDIUM,5,COST_BASED,COST_BASED,false,false
1,baseline,1,2039,0.0,0.6936936936936937,NATURAL_GAS_BLOCK,SOCIAL_HOUSING,0,0,0,5461,10112,0.0,0.0,0.0,1264.2741297468353,0.0,MEDIUM,MEDIUM,MEDIUM,5,COST_BASED,COST_BASED,false,false
1,baseline,1,2040,0.0,0.7477477477477478,NATURAL_GAS_BLOCK,SOCIAL_HOUSING,0,0,0,5461,4851,0.0,0.0,0.0,1344.3407544836116,0.0,MEDIUM,MEDIUM,MEDIUM,5,COST_BASED,COST_BASED,false,false
1,baseline,1,2041,0.0,0.7927927927927928,NATURAL_GAS_BLOCK,SOCIAL_HOUSING,0,0,0,5461,4296,0.0,0.0,0.0,1399.5542364990688,0.0,MEDIUM,MEDIUM,MEDIUM,5,COST_BASED,COST_BASED,false,false
1,baseline,1,2042,0.0,0.8198198198198198,NATURAL_GAS_BLOCK,SOCIAL_HOUSING,0,0,0,5461,2751,0.0,0.0,0.0,1177.8004362050165,0.0,MEDIUM,MEDIUM,MEDIUM,5,COST_BASED,COST_BASED,false,false
1,baseline,1,2043,0.0,0.8288288288288288,NATURAL_GAS_BLOCK,SOCIAL_HOUSING,0,0,0,5461,12689,0.0,0.0,0.0,1360.8314287965954,0.0,MEDIUM,MEDIUM,MEDIUM,5,COST_BASED,COST_BASED,false,false
1,baseline,1,2044,0.0,0.8558558558558559,NATURAL_GAS_BLOCK,SOCIAL_HOUSING,0,0,0,5461,10089,0.0,0.0,0.0,1324.5604123302608,0.0,MEDIUM,MEDIUM,MEDIUM,5,COST_BASED,COST_BASED,false,false
1,baseline,1,2045,0.0,0.8558558558558559,NATURAL_GAS_BLOCK,SOCIAL_HOUSING,0,0,0,5461,6278,0.0,0.0,0.0,1191.1650207072316,0.0,MEDIUM,MEDIUM,MEDIUM,5,COST_BASED,COST_BASED,false,false
1,baseline,1,2046,0.0,0.8558558558558559,NATURAL_GAS_BLOCK,SOCIAL_HOUSING,0,0,0,5461,5264,0.0,0.0,0.0,1132.151215805471,0.0,MEDIUM,MEDIUM,MEDIUM,5,COST_BASED,COST_BASED,false,false
1,baseline,1,2047,0.0,0.8558558558558559,NATURAL_GAS_BLOCK,SOCIAL_HOUSING,0,0,0,5461,8512,0.0,0.0,0.0,1406.9564144736842,0.0,MEDIUM,MEDIUM,MEDIUM,5,COST_BASED,COST_BASED,false,false
1,baseline,1,2048,0.0,0.8558558558558559,NATURAL_GAS_BLOCK,SOCIAL_HOUSING,0,0,0,5461,5990,0.0,0.0,0.0,1178.0978297161937,0.0,MEDIUM,MEDIUM,MEDIUM,5,COST_BASED,COST_BASED,false,false
1,baseline,1,2049,0.0,0.8558558558558559,NATURAL_GAS_BLOCK,SOCIAL_HOUSING,0,0,0,5461,4424,0.0,0.0,0.0,1369.5406871609403,0.0,MEDIUM,MEDIUM,MEDIUM,5,COST_BASED,COST_BASED,false,false
1,baseline,1,2050,0.0,0.8558558558558559,NATURAL_GAS_BLOCK,SOCIAL_HOUSING,0,0,0,5461,5722,0.0,0.0,0.0,1334.5097867878364,0.0,MEDIUM,MEDIUM,MEDIUM,5,COST_BASED,COST_BASED,false,false
1,baseline,1,2024,0.0,0.0,NATURAL_GAS_BLOCK,PRIVATELY_RENTED,4869,4869,0,4869,0,0.0,0.0,0.0,0.0,0.0,MEDIUM,MEDIUM,MEDIUM,5,COST_BASED,COST_BASED,false,false
1,baseline,1,2025,0.0,0.38738738738738737,NATURAL_GAS_BLOCK,PRIVATELY_RENTED,4416,0,453,4869,3596,0.0,0.0,0.0,1411.0923248053393,0.0,MEDIUM,MEDIUM,MEDIUM,5,COST_BASED,COST_BASED,false,false
1,baseline,1,2026,0.0,0.38738738738738737,NATURAL_GAS_BLOCK,PRIVATELY_RENTED,3957,0,459,4869,3468,0.0,0.0,0.0,1410.7707612456747,0.0,MEDIUM,MEDIUM,MEDIUM,5,COST_BASED,COST_BASED,false,false
1,baseline,1,2027,0.0,0.38738738738738737,NATURAL_GAS_BLOCK,PRIVATELY_RENTED,3526,0,431,4869,3398,0.0,0.0,0.0,1430.7021777516186,0.0,MEDIUM,MEDIUM,MEDIUM,5,COST_BASED,COST_BASED,false,false
1,baseline,1,2028,0.0,0.38738738738738737,NATURAL_GAS_BLOCK,PRIVATELY_RENTED,3142,0,384,4869,3706,0.0,0.0,0.0,1383.2066918510523,0.0,MEDIUM,MEDIUM,MEDIUM,5,COST_BASED,COST_BASED,false,false
1,baseline,1,2029,0.0,0.38738738738738737,NATURAL_GAS_BLOCK,PRIVATELY_RENTED,2759,0,383,4869,3536,0.0,0.0,0.0,1396.4380656108597,0.0,MEDIUM,MEDIUM,MEDIUM,5,COST_BASED,COST_BASED,false,false
1,baseline,1,2030,0.0,0.40540540540540543,NATURAL_GAS_BLOCK,PRIVATELY_RENTED,2364,0,395,4869,3732,0.0,0.0,0.0,1389.2299035369774,0.0,MEDIUM,MEDIUM,MEDIUM,5,COST_BASED,COST_BASED,false,false
1,baseline,1,2031,0.0,0.44144144144144143,NATURAL_GAS_BLOCK,PRIVATELY_RENTED,1963,0,401,4869,3583,0.0,0.0,0.0,1394.637175551214,0.0,MEDIUM,MEDIUM,MEDIUM,5,COST_BASED,COST_BASED,false,false
1,baseline,1,2032,0.0,0.4594594594594595,NATURAL_GAS_BLOCK,PRIVATELY_RENTED,1598,0,365,4869,4189,0.0,0.0,0.0,1367.0501312962522,0.0,MEDIUM,MEDIUM,MEDIUM,5,COST_BASED,COST_BASED,false,false
1,baseline,1,2033,0.0,0.5135135135135135,NATURAL_GAS_BLOCK,PRIVATELY_RENTED,1162,0,436,4869,3693,0.0,0.0,0.0,1385.2391010018955,0.0,MEDIUM,MEDIUM,MEDIUM,5,COST_BASED,COST_BASED,false,false
1,baseline,1,2034,0.0,0.5405405405405406,NATURAL_GAS_BLOCK,PRIVATELY_RENTED,778,0,384,4869,3412,0.0,0.0,0.0,1412.736225087925,0.0,MEDIUM,MEDIUM,MEDIUM,5,COST_BASED,COST_BASED,false,false
1,baseline,1,2035,0.0,0.5675675675675675,NATURAL_GAS_BLOCK,PRIVATELY_RENTED,382,0,396,4869,3479,0.0,0.0,0.0,1415.4926703075596,0.0,MEDIUM,MEDIUM,MEDIUM,5,COST_BASED,COST_BASED,false,false
1,baseline,1,2036,0.0,0.5765765765765766,NATURAL_GAS_BLOCK,PRIVATELY_RENTED,0,0,382,4869,3357,0.0,0.0,0.0,1433.482871611558,0.0,MEDIUM,MEDIUM,MEDIUM,5,COST_BASED,COST_BASED,false,false
1,baseline,1,2037,0.0,0.5765765765765766,NATURAL_GAS_BLOCK,PRIVATELY_RENTED,0,0,0,4869,3636,0.0,0.0,0.0,1397.5654565456546,0.0,MEDIUM,MEDIUM,MEDIUM,5,COST_BASED,COST_BASED,false,false
1,baseline,1,2038,0.0,0.6306306306306306,NATURAL_GAS_BLOCK,PRIVATELY_RENTED,0,0,0,4869,3530,0.0,0.0,0.0,1382.5232294617563,0.0,MEDIUM,MEDIUM,MEDIUM,5,COST_BASED,COST_BASED,false,false
1,baseline,1,2039,0.0,0.6936936936936937,NATURAL_GAS_BLOCK,PRIVATELY_RENTED,0,0,0,4869,3380,0.0,0.0,0.0,1375.4523668639054,0.0,MEDIUM,MEDIUM,MEDIUM,5,COST_BASED,COST_BASED,false,false
1,baseline,1,2040,0.0,0.7477477477477478,NATURAL_GAS_BLOCK,PRIVATELY_RENTED,0,0,0,4869,3356,0.0,0.0,0.0,1388.7881406436234,0.0,MEDIUM,MEDIUM,MEDIUM,5,COST_BASED,COST_BASED,false,false
1,baseline,1,2041,0.0,0.7927927927927928,NATURAL_GAS_BLOCK,PRIVATELY_RENTED,0,0,0,4869,3428,0.0,0.0,0.0,1382.8608518086348,0.0,MEDIUM,MEDIUM,MEDIUM,5,COST_BASED,COST_BASED,false,false
1,baseline,1,2042,0.0,0.8198198198198198,NATURAL_GAS_BLOCK,PRIVATELY_RENTED,0,0,0,4869,3500,0.0,0.0,0.0,1375.3865714285714,0.0,MEDIUM,MEDIUM,MEDIUM,5,COST_BASED,COST_BASED,false,false
1,baseline,1,2043,0.0,0.8288288288288288,NATURAL_GAS_BLOCK,PRIVATELY_RENTED,0,0,0,4869,3725,0.0,0.0,0.0,1327.8260402684564,0.0,MEDIUM,MEDIUM,MEDIUM,5,COST_BASED,COST_BASED,false,false
1,baseline,1,2044,0.0,0.8558558558558559,NATURAL_GAS_BLOCK,PRIVATELY_RENTED,0,0,0,4869,3893,0.0,0.0,0.0,1347.5702543025943,0.0,MEDIUM,MEDIUM,MEDIUM,5,COST_BASED,COST_BASED,false,false
1,baseline,1,2045,0.0,0.8558558558558559,NATURAL_GAS_BLOCK,PRIVATELY_RENTED,0,0,0,4869,3476,0.0,0.0,0.0,1381.0739355581127,0.0,MEDIUM,MEDIUM,MEDIUM,5,COST_BASED,COST_BASED,false,false
1,baseline,1,2046,0.0,0.8558558558558559,NATURAL_GAS_BLOCK,PRIVATELY_RENTED,0,0,0,4869,3222,0.0,0.0,0.0,1415.8302296710117,0.0,MEDIUM,MEDIUM,MEDIUM,5,COST_BASED,COST_BASED,false,false
1,baseline,1,2047,0.0,0.8558558558558559,NATURAL_GAS_BLOCK,PRIVATELY_RENTED,0,0,0,4869,3426,0.0,0.0,0.0,1414.9638061879743,0.0,MEDIUM,MEDIUM,MEDIUM,5,COST_BASED,COST_BASED,false,false
1,baseline,1,2048,0.0,0.8558558558558559,NATURAL_GAS_BLOCK,PRIVATELY_RENTED,0,0,0,4869,3256,0.0,0.0,0.0,1406.2383292383292,0.0,MEDIUM,MEDIUM,MEDIUM,5,COST_BASED,COST_BASED,false,false
1,baseline,1,2049,0.0,0.8558558558558559,NATURAL_GAS_BLOCK,PRIVATELY_RENTED,0,0,0,4869,3501,0.0,0.0,0.0,1410.6409597257925,0.0,MEDIUM,MEDIUM,MEDIUM,5,COST_BASED,COST_BASED,false,false
1,baseline,1,2050,0.0,0.8558558558558559,NATURAL_GAS_BLOCK,PRIVATELY_RENTED,0,0,0,4869,3545,0.0,0.0,0.0,1384.591819464034,0.0,MEDIUM,MEDIUM,MEDIUM,5,COST_BASED,COST_BASED,false,false
1,baseline,1,2024,0.0,0.0,DISTRICT_HEATING,TOTAL,29834,29834,0,29834,0,0.0,0.0,0.0,0.0,0.0,MEDIUM,MEDIUM,MEDIUM,5,COST_BASED,COST_BASED,false,false
1,baseline,1,2025,0.0,0.38738738738738737,DISTRICT_HEATING,TOTAL,30513,1087,408,30921,19352,0.7649123025299092,0.6049860937294528,0.1545336040954601,1609.7661223646135,0.696934364449772,MEDIUM,MEDIUM,MEDIUM,5,COST_BASED,COST_BASED,false,false
1,baseline,1,2026,0.0,0.38738738738738737,DISTRICT_HEATING,TOTAL,32415,2290,388,33211,19453,0.7674399847268564,0.6090185090459015,0.16912744340930477,1615.624428108775,0.7005268369609755,MEDIUM,MEDIUM,MEDIUM,5,COST_BASED,COST_BASED,false,false
1,baseline,1,2027,0.0,0.38738738738738737,DISTRICT_HEATING,TOTAL,32947,2030,1498,35241,23548,0.7645988445140283,0.622100288836001,0.1925729214792648,1571.9667487684728,0.717929106940584,MEDIUM,MEDIUM,MEDIUM,5,COST_BASED,COST_BASED,false,false
1,baseline,1,2028,0.0,0.38738738738738737,DISTRICT_HEATING,TOTAL,34790,2432,589,37673,20165,0.763443937978246,0.6182004380302356,0.20901476020167978,1592.8895115298785,0.7103128275255832,MEDIUM,MEDIUM,MEDIUM,5,COST_BASED,COST_BASED,false,false
1,baseline,1,2029,0.0,0.38738738738738737,DISTRICT_HEATING,TOTAL,36132,2056,714,39729,19260,0.7654766618497227,0.6172535116416754,0.2267902392382841,1619.3054517133955,0.706162322095303,MEDIUM,MEDIUM,MEDIUM,5,COST_BASED,COST_BASED,false,false
1,baseline,1,2030,0.0,0.40540540540540543,DISTRICT_HEATING,TOTAL,35841,1914,2205,41643,18353,0.7672294737075938,0.6204623103740737,0.2422186095177779,1569.0121506020814,0.7086087709444912,MEDIUM,MEDIUM,MEDIUM,5,COST_BASED,COST_BASED,false,false
1,baseline,1,2031,0.0,0.44144144144144143,DISTRICT_HEATING,TOTAL,36239,1577,1179,43220,28628,0.766210890863271,0.6235109640645695,0.2482611042311662,1574.6005658795584,0.7126810853521286,MEDIUM,MEDIUM,MEDIUM,5,COST_BASED,COST_BASED,false,false
1,baseline,1,2032,0.0,0.4594594594594595,DISTRICT_HEATING,TOTAL,34993,2034,3280,45254,26710,0.7661787182412461,0.6249011141929806,0.25460222612253225,1560.3942718083115,0.7139817134638458,MEDIUM,MEDIUM,MEDIUM,5,COST_BASED,COST_BASED,false,false
1,baseline,1,2033,0.0,0.5135135135135135,DISTRICT_HEATING,TOTAL,35663,1934,1264,47188,21813,0.7649109075522457,0.6144562759021234,0.2634732991619491,1538.3149039563564,0.6975225245698812,MEDIUM,MEDIUM,MEDIUM,5,COST_BASED,COST_BASED,false,false
1,baseline,1,2034,0.0,0.5405405405405406,DISTRICT_HEATING,TOTAL,35875,933,721,48121,20433,0.7655548594928322,0.6194733697437826,0.2708769015365045,1493.468360005873,0.7039617270504006,MEDIUM,MEDIUM,MEDIUM,5,COST_BASED,COST_BASED,false,false
1,baseline,1,2035,0.0,0.5675675675675675,DISTRICT_HEATING,TOTAL,35392,721,1204,48842,24270,0.7649696541377443,0.6240312524823751,0.26819991848338637,1586.8578903996704,0.7112794753787024,MEDIUM,MEDIUM,MEDIUM,5,COST_BASED,COST_BASED,false,false
1,baseline,1,2036,0.0,0.5765765765765766,DISTRICT_HEATING,TOTAL,35106,347,633,49189,20117,0.765274946636757,0.6095957248677156,0.2663929853242449,1559.856141571805,0.6897757274768616,MEDIUM,MEDIUM,MEDIUM,5,COST_BASED,COST_BASED,false,false
1,baseline,1,2037,0.0,0.5765765765765766,DISTRICT_HEATING,TOTAL,34612,228,722,49417,15215,0.809919473614103,0.6353922407680935,0.28621926451453156,1493.252251068025,0.7148310846843005,MEDIUM,MEDIUM,MEDIUM,5,COST_BASED,COST_BASED,false,false
1,baseline,1,2038,0.0,0.6306306306306306,DISTRICT_HEATING,TOTAL,32903,102,1811,49519,16515,0.800761165560105,0.6078221706898166,0.27351134937852795,1585.5049349076596,0.6773540459723859,MEDIUM,MEDIUM,MEDIUM,5,COST_BASED,COST_BASED,false,false
1,baseline,1,2039,0.0,0.6936936936936937,DISTRICT_HEATING,TOTAL,31182,20,1741,49539,18092,0.8135932622614223,0.6430449832877151,0.26991393312523193,1466.3920517355737,0.7274299177255638,MEDIUM,MEDIUM,MEDIUM,5,COST_BASED,COST_BASED,false,false
1,baseline,1,2040,0.0,0.7477477477477478,DISTRICT_HEATING,TOTAL,30612,20,590,49559,17783,0.7565501504953573,0.6121371577610674,0.23143398725128178,1652.113310465051,0.7001389506113538,MEDIUM,MEDIUM,MEDIUM,5,COST_BASED,COST_BASED,false,false
1,baseline,1,2041,0.0,0.7927927927927928,DISTRICT_HEATING,TOTAL,30192,71,491,49630,13838,0.755263751134948,0.619190633182702,0.2205673575766594,1573.7019077901432,0.712399092293233,MEDIUM,MEDIUM,MEDIUM,5,COST_BASED,COST_BASED,false,false
1,baseline,1,2042,0.0,0.8198198198198198,DISTRICT_HEATING,TOTAL,29818,15,389,49645,14196,0.7589132922913362,0.6145872722930594,0.22383176677803845,1600.5279656241194,0.7041736145195011,MEDIUM,MEDIUM,MEDIUM,5,COST_BASED,COST_BASED,false,false
1,baseline,1,2043,0.0,0.8288288288288288,DISTRICT_HEATING,TOTAL,29192,36,662,49681,23177,0.7196886961949983,0.6021077248897555,0.19026966174282553,1528.143159166415,0.6994557055680323,MEDIUM,MEDIUM,MEDIUM,5,COST_BASED,COST_BASED,false,false
1,baseline,1,2044,0.0,0.8558558558558559,DISTRICT_HEATING,TOTAL,28800,8,400,49689,22000,0.7402620593775292,0.6061104892099141,0.2020059774891925,1562.2156363636363,0.6988494717843412,MEDIUM,MEDIUM,MEDIUM,5,COST_BASED,COST_BASED,false,false
1,baseline,1,2045,0.0,0.8558558558558559,DISTRICT_HEATING,TOTAL,28013,16,803,49705,18556,0.7266054176152171,0.6022258342493829,0.19350291799573835,1531.3698534166847,0.6974995322208066,MEDIUM,MEDIUM,MEDIUM,5,COST_BASED,COST_BASED,false,false
1,baseline,1,2046,0.0,0.8558558558558559,DISTRICT_HEATING,TOTAL,25761,4,2256,49709,18889,0.7422783749502476,0.6103804360014745,0.19835840762212287,1545.100481761872,0.705206259311881,MEDIUM,MEDIUM,MEDIUM,5,COST_BASED,COST_BASED,false,false
1,baseline,1,2047,0.0,0.8558558558558559,DISTRICT_HEATING,TOTAL,25382,11,390,49720,21886,0.7355645175065086,0.6159897604472575,0.19332432380685596,1602.1148679521154,0.7159279708183991,MEDIUM,MEDIUM,MEDIUM,5,COST_BASED,COST_BASED,false,false
1,baseline,1,2048,0.0,0.8558558558558559,DISTRICT_HEATING,TOTAL,24109,11,1284,49731,19562,0.7399845940286048,0.6025085480795052,0.1953165773758044,1527.6327573867702,0.69435210144013,MEDIUM,MEDIUM,MEDIUM,5,COST_BASED,COST_BASED,false,false
1,baseline,1,2049,0.0,0.8558558558558559,DISTRICT_HEATING,TOTAL,23538,6,577,49737,20956,0.7558921247414734,0.6096552888300736,0.20697873383260018,1561.0988261118534,0.6996375603306657,MEDIUM,MEDIUM,MEDIUM,5,COST_BASED,COST_BASED,false,false
1,baseline,1,2050,0.0,0.8558558558558559,DISTRICT_HEATING,TOTAL,23053,8,493,49745,21096,0.7570632350595118,0.6177094295440674,0.20484282970537215,1563.343240424725,0.7116929818380507,MEDIUM,MEDIUM,MEDIUM,5,COST_BASED,COST_BASED,false,false
1,baseline,1,2024,0.0,0.0,DISTRICT_HEATING,PRIVATELY_OWNED,15487,15487,0,15487,0,0.0,0.0,0.0,0.0,0.0,MEDIUM,MEDIUM,MEDIUM,5,COST_BASED,COST_BASED,false,false
1,baseline,1,2025,0.0,0.38738738738738737,DISTRICT_HEATING,PRIVATELY_OWNED,16296,1085,276,16572,11361,0.7649123025299092,0.6049860937294528,0.1545336040954601,1654.1475222251563,0.696934364449772,MEDIUM,MEDIUM,MEDIUM,5,COST_BASED,COST_BASED,false,false
1,baseline,1,2026,0.0,0.38738738738738737,DISTRICT_HEATING,PRIVATELY_OWNED,18325,2290,261,18862,11195,0.7674399847268564,0.6090185090459015,0.16912744340930477,1673.169271996427,0.7005268369609755,MEDIUM,MEDIUM,MEDIUM,5,COST_BASED,COST_BASED,false,false
1,baseline,1,2027,0.0,0.38738738738738737,DISTRICT_HEATING,PRIVATELY_OWNED,20082,2030,273,20892,11108,0.7645988445140283,0.622100288836001,0.1925729214792648,1679.5630176449406,0.717929106940584,MEDIUM,MEDIUM,MEDIUM,5,COST_BASED,COST_BASED,false,false
1,baseline,1,2028,0.0,0.38738738738738737,DISTRICT_HEATING,PRIVATELY_OWNED,22086,2431,427,23323,11608,0.763443937978246,0.6182004380302356,0.20901476020167978,1651.6539455547897,0.7103128275255832,MEDIUM,MEDIUM,MEDIUM,5,COST_BASED,COST_BASED,false,false
1,baseline,1,2029,0.0,0.38738738738738737,DISTRICT_HEATING,PRIVATELY_OWNED,23618,2055,523,25378,11428,0.7654766618497227,0.6172535116416754,0.2267902392382841,1663.4946622331117,0.706162322095303,MEDIUM,MEDIUM,MEDIUM,5,COST_BASED,COST_BASED,false,false
1,baseline,1,2030,0.0,0.40540540540540543,DISTRICT_HEATING,PRIVATELY_OWNED,24866,1914,666,27292,11870,0.7672294737075938,0.6204623103740737,0.2422186095177779,1638.2238416175232,0.7086087709444912,MEDIUM,MEDIUM,MEDIUM,5,COST_BASED,COST_BASED,false,false
1,baseline,1,2031,0.0,0.44144144144144143,DISTRICT_HEATING,PRIVATELY_OWNED,25395,1577,1048,28869,12356,0.766210890863271,0.6235109640645695,0.2482611042311662,1651.4167206215604,0.7126810853521286,MEDIUM,MEDIUM,MEDIUM,5,COST_BASED,COST_BASED,false,false
1,baseline,1,2032,0.0,0.4594594594594595,DISTRICT_HEATING,PRIVATELY_OWNED,26256,2033,1172,30902,12432,0.7661787182412461,0.6249011141929806,0.25460222612253225,1650.4127252252251,0.7139817134638458,MEDIUM,MEDIUM,MEDIUM,5,COST_BASED,COST_BASED,false,false
1,baseline,1,2033,0.0,0.5135135135135135,DISTRICT_HEATING,PRIVATELY_OWNED,27249,1932,939,32834,12235,0.7649109075522457,0.6144562759021234,0.2634732991619491,1647.6781364936658,0.6975225245698812,MEDIUM,MEDIUM,MEDIUM,5,COST_BASED,COST_BASED,false,false
1,baseline,1,2034,0.0,0.5405405405405406,DISTRICT_HEATING,PRIVATELY_OWNED,27571,932,610,33766,13640,0.7655548594928322,0.6194733697437826,0.2708769015365045,1568.241935483871,0.7039617270504006,MEDIUM,MEDIUM,MEDIUM,5,COST_BASED,COST_BASED,false,false
1,baseline,1,2035,0.0,0.5675675675675675,DISTRICT_HEATING,PRIVATELY_OWNED,27684,719,606,34485,12279,0.7649696541377443,0.6240312524823751,0.26819991848338637,1609.4524798436355,0.7112794753787024,MEDIUM,MEDIUM,MEDIUM,5,COST_BASED,COST_BASED,false,false
1,baseline,1,2036,0.0,0.5765765765765766,DISTRICT_HEATING,PRIVATELY_OWNED,27538,346,492,34831,11468,0.765274946636757,0.6095957248677156,0.2663929853242449,1669.5040111614928,0.6897757274768616,MEDIUM,MEDIUM,MEDIUM,5,COST_BASED,COST_BASED,false,false
1,baseline,1,2037,0.0,0.5765765765765766,DISTRICT_HEATING,PRIVATELY_OWNED,27181,227,584,35058,7184,0.809919473614103,0.6353922407680935,0.28621926451453156,1452.191119153675,0.7148310846843005,MEDIUM,MEDIUM,MEDIUM,5,COST_BASED,COST_BASED,false,false
1,baseline,1,2038,0.0,0.6306306306306306,DISTRICT_HEATING,PRIVATELY_OWNED,26632,102,651,35160,7263,0.800761165560105,0.6078221706898166,0.27351134937852795,1697.1412639405205,0.6773540459723859,MEDIUM,MEDIUM,MEDIUM,5,COST_BASED,COST_BASED,false,false
1,baseline,1,2039,0.0,0.6936936936936937,DISTRICT_HEATING,PRIVATELY_OWNED,26230,19,421,35179,4600,0.8135932622614223,0.6430449832877151,0.26991393312523193,1573.4823913043479,0.7274299177255638,MEDIUM,MEDIUM,MEDIUM,5,COST_BASED,COST_BASED,false,false
1,baseline,1,2040,0.0,0.7477477477477478,DISTRICT_HEATING,PRIVATELY_OWNED,25832,20,418,35199,9576,0.7565501504953573,0.6121371577610674,0.23143398725128178,1775.2543859649122,0.7001389506113538,MEDIUM,MEDIUM,MEDIUM,5,COST_BASED,COST_BASED,false,false
1,baseline,1,2041,0.0,0.7927927927927928,DISTRICT_HEATING,PRIVATELY_OWNED,25583,71,320,35270,6114,0.755263751134948,0.619190633182702,0.2205673575766594,1612.170755642787,0.712399092293233,MEDIUM,MEDIUM,MEDIUM,5,COST_BASED,COST_BASED,false,false
1,baseline,1,2042,0.0,0.8198198198198198,DISTRICT_HEATING,PRIVATELY_OWNED,25302,14,295,35284,7945,0.7589132922913362,0.6145872722930594,0.22383176677803845,1737.8482064191314,0.7041736145195011,MEDIUM,MEDIUM,MEDIUM,5,COST_BASED,COST_BASED,false,false
1,baseline,1,2043,0.0,0.8288288288288288,DISTRICT_HEATING,PRIVATELY_OWNED,24888,32,446,35316,6763,0.7196886961949983,0.6021077248897555,0.19026966174282553,1606.2021292325892,0.6994557055680323,MEDIUM,MEDIUM,MEDIUM,5,COST_BASED,COST_BASED,false,false
1,baseline,1,2044,0.0,0.8558558558558559,DISTRICT_HEATING,PRIVATELY_OWNED,24611,7,284,35323,8018,0.7402620593775292,0.6061104892099141,0.2020059774891925,1719.218009478673,0.6988494717843412,MEDIUM,MEDIUM,MEDIUM,5,COST_BASED,COST_BASED,false,false
1,baseline,1,2045,0.0,0.8558558558558559,DISTRICT_HEATING,PRIVATELY_OWNED,24348,10,273,35333,8802,0.7266054176152171,0.6022258342493829,0.19350291799573835,1686.6354237673256,0.6974995322208066,MEDIUM,MEDIUM,MEDIUM,5,COST_BASED,COST_BASED,false,false
1,baseline,1,2046,0.0,0.8558558558558559,DISTRICT_HEATING,PRIVATELY_OWNED,24065,4,287,35337,10403,0.7422783749502476,0.6103804360014745,0.19835840762212287,1689.2420455637796,0.705206259311881,MEDIUM,MEDIUM,MEDIUM,5,COST_BASED,COST_BASED,false,false
1,baseline,1,2047,0.0,0.8558558558558559,DISTRICT_HEATING,PRIVATELY_OWNED,23809,11,267,35348,9948,0.7355645175065086,0.6159897604472575,0.19332432380685596,1649.0443305186973,0.7159279708183991,MEDIUM,MEDIUM,MEDIUM,5,COST_BASED,COST_BASED,false,false
1,baseline,1,2048,0.0,0.8558558558558559,DISTRICT_HEATING,PRIVATELY_OWNED,23397,11,423,35359,10316,0.7399845940286048,0.6025085480795052,0.1953165773758044,1650.5436215587438,0.69435210144013,MEDIUM,MEDIUM,MEDIUM,5,COST_BASED,COST_BASED,false,false
1,baseline,1,2049,0.0,0.8558558558558559,DISTRICT_HEATING,PRIVATELY_OWNED,22958,4,443,35363,13031,0.7558921247414734,0.6096552888300736,0.20697873383260018,1577.0529506561277,0.6996375603306657,MEDIUM,MEDIUM,MEDIUM,5,COST_BASED,COST_BASED,false,false
1,baseline,1,2050,0.0,0.8558558558558559,DISTRICT_HEATING,PRIVATELY_OWNED,22650,8,316,35371,11829,0.7570632350595118,0.6177094295440674,0.20484282970537215,1613.8356581283288,0.7116929818380507,MEDIUM,MEDIUM,MEDIUM,5,COST_BASED,COST_BASED,false,false
1,baseline,1,2024,0.0,0.0,DISTRICT_HEATING,SOCIAL_HOUSING,9350,9350,0,9350,0,0.0,0.0,0.0,0.0,0.0,MEDIUM,MEDIUM,MEDIUM,5,COST_BASED,COST_BASED,false,false
1,baseline,1,2025,0.0,0.38738738738738737,DISTRICT_HEATING,SOCIAL_HOUSING,9350,0,0,9350,4395,0.0,0.0,0.0,1524.8885096700797,0.0,MEDIUM,MEDIUM,MEDIUM,5,COST_BASED,COST_BASED,false,false
1,baseline,1,2026,0.0,0.38738738738738737,DISTRICT_HEATING,SOCIAL_HOUSING,9350,0,0,9350,4790,0.0,0.0,0.0,1512.7903966597078,0.0,MEDIUM,MEDIUM,MEDIUM,5,COST_BASED,COST_BASED,false,false
1,baseline,1,2027,0.0,0.38738738738738737,DISTRICT_HEATING,SOCIAL_HOUSING,8229,0,1121,9350,9042,0.0,0.0,0.0,1431.6079407210793,0.0,MEDIUM,MEDIUM,MEDIUM,5,COST_BASED,COST_BASED,false,false
1,baseline,1,2028,0.0,0.38738738738738737,DISTRICT_HEATING,SOCIAL_HOUSING,8229,0,0,9350,4851,0.0,0.0,0.0,1494.6749123891982,0.0,MEDIUM,MEDIUM,MEDIUM,5,COST_BASED,COST_BASED,false,false
1,baseline,1,2029,0.0,0.38738738738738737,DISTRICT_HEATING,SOCIAL_HOUSING,8229,0,0,9350,4296,0.0,0.0,0.0,1556.858938547486,0.0,MEDIUM,MEDIUM,MEDIUM,5,COST_BASED,COST_BASED,false,false
1,baseline,1,2030,0.0,0.40540540540540543,DISTRICT_HEATING,SOCIAL_HOUSING,6910,0,1319,9350,2751,0.0,0.0,0.0,1305.5394402035624,0.0,MEDIUM,MEDIUM,MEDIUM,5,COST_BASED,COST_BASED,false,false
1,baseline,1,2031,0.0,0.44144144144144143,DISTRICT_HEATING,SOCIAL_HOUSING,6910,0,0,9350,12689,0.0,0.0,0.0,1507.1697533296556,0.0,MEDIUM,MEDIUM,MEDIUM,5,COST_BASED,COST_BASED,false,false
1,baseline,1,2032,0.0,0.4594594594594595,DISTRICT_HEATING,SOCIAL_HOUSING,5343,0,1567,9350,10089,0.0,0.0,0.0,1467.535930221033,0.0,MEDIUM,MEDIUM,MEDIUM,5,COST_BASED,COST_BASED,false,false
1,baseline,1,2033,0.0,0.5135135135135135,DISTRICT_HEATING,SOCIAL_HOUSING,5343,0,0,9350,5885,0.0,0.0,0.0,1312.5480033984707,0.0,MEDIUM,MEDIUM,MEDIUM,5,COST_BASED,COST_BASED,false,false
1,baseline,1,2034,0.0,0.5405405405405406,DISTRICT_HEATING,SOCIAL_HOUSING,5343,0,0,9350,3381,0.0,0.0,0.0,1117.505767524401,0.0,MEDIUM,MEDIUM,MEDIUM,5,COST_BASED,COST_BASED,false,false
1,baseline,1,2035,0.0,0.5675675675675675,DISTRICT_HEATING,SOCIAL_HOUSING,4963,0,380,9350,8512,0.0,0.0,0.0,1561.6937265037593,0.0,MEDIUM,MEDIUM,MEDIUM,5,COST_BASED,COST_BASED,false,false
1,baseline,1,2036,0.0,0.5765765765765766,DISTRICT_HEATING,SOCIAL_HOUSING,4963,0,0,9350,5292,0.0,0.0,0.0,1303.559334845049,0.0,MEDIUM,MEDIUM,MEDIUM,5,COST_BASED,COST_BASED,false,false
1,baseline,1,2037,0.0,0.5765765765765766,DISTRICT_HEATING,SOCIAL_HOUSING,4963,0,0,9350,4395,0.0,0.0,0.0,1515.1510807736063,0.0,MEDIUM,MEDIUM,MEDIUM,5,COST_BASED,COST_BASED,false,false
1,baseline,1,2038,0.0,0.6306306306306306,DISTRICT_HEATING,SOCIAL_HOUSING,4073,0,890,9350,5722,0.0,0.0,0.0,1477.816847256204,0.0,MEDIUM,MEDIUM,MEDIUM,5,COST_BASED,COST_BASED,false,false
1,baseline,1,2039,0.0,0.6936936936936937,DISTRICT_HEATING,SOCIAL_HOUSING,3003,0,1070,9350,10112,0.0,0.0,0.0,1398.742286392405,0.0,MEDIUM,MEDIUM,MEDIUM,5,COST_BASED,COST_BASED,false,false
1,baseline,1,2040,0.0,0.7477477477477478,DISTRICT_HEATING,SOCIAL_HOUSING,3003,0,0,9350,4851,0.0,0.0,0.0,1488.0847247990105,0.0,MEDIUM,MEDIUM,MEDIUM,5,COST_BASED,COST_BASED,false,false
1,baseline,1,2041,0.0,0.7927927927927928,DISTRICT_HEATING,SOCIAL_HOUSING,3003,0,0,9350,4296,0.0,0.0,0.0,1551.572625698324,0.0,MEDIUM,MEDIUM,MEDIUM,5,COST_BASED,COST_BASED,false,false
1,baseline,1,2042,0.0,0.8198198198198198,DISTRICT_HEATING,SOCIAL_HOUSING,3003,0,0,9350,2751,0.0,0.0,0.0,1301.262086513995,0.0,MEDIUM,MEDIUM,MEDIUM,5,COST_BASED,COST_BASED,false,false
1,baseline,1,2043,0.0,0.8288288288288288,DISTRICT_HEATING,SOCIAL_HOUSING,3003,0,0,9350,12689,0.0,0.0,0.0,1503.7936795649775,0.0,MEDIUM,MEDIUM,MEDIUM,5,COST_BASED,COST_BASED,false,false
1,baseline,1,2044,0.0,0.8558558558558559,DISTRICT_HEATING,SOCIAL_HOUSING,3003,0,0,9350,10089,0.0,0.0,0.0,1464.86609178313,0.0,MEDIUM,MEDIUM,MEDIUM,5,COST_BASED,COST_BASED,false,false
1,baseline,1,2045,0.0,0.8558558558558559,DISTRICT_HEATING,SOCIAL_HOUSING,2610,0,393,9350,6278,0.0,0.0,0.0,1315.1933736858873,0.0,MEDIUM,MEDIUM,MEDIUM,5,COST_BASED,COST_BASED,false,false
1,baseline,1,2046,0.0,0.8558558558558559,DISTRICT_HEATING,SOCIAL_HOUSING,727,0,1883,9350,5264,0.0,0.0,0.0,1245.8204787234042,0.0,MEDIUM,MEDIUM,MEDIUM,5,COST_BASED,COST_BASED,false,false
1,baseline,1,2047,0.0,0.8558558558558559,DISTRICT_HEATING,SOCIAL_HOUSING,727,0,0,9350,8512,0.0,0.0,0.0,1561.0724859022557,0.0,MEDIUM,MEDIUM,MEDIUM,5,COST_BASED,COST_BASED,false,false
1,baseline,1,2048,0.0,0.8558558558558559,DISTRICT_HEATING,SOCIAL_HOUSING,29,0,698,9350,5990,0.0,0.0,0.0,1299.5080133555928,0.0,MEDIUM,MEDIUM,MEDIUM,5,COST_BASED,COST_BASED,false,false
1,baseline,1,2049,0.0,0.8558558558558559,DISTRICT_HEATING,SOCIAL_HOUSING,0,0,29,9350,4424,0.0,0.0,0.0,1512.3422242314648,0.0,MEDIUM,MEDIUM,MEDIUM,5,COST_BASED,COST_BASED,false,false
1,baseline,1,2050,0.0,0.8558558558558559,DISTRICT_HEATING,SOCIAL_HOUSING,0,0,0,9350,5722,0.0,0.0,0.0,1477.7020272631946,0.0,MEDIUM,MEDIUM,MEDIUM,5,COST_BASED,COST_BASED,false,false
1,baseline,1,2024,0.0,0.0,DISTRICT_HEATING,PRIVATELY_RENTED,4997,4997,0,4997,0,0.0,0.0,0.0,0.0,0.0,MEDIUM,MEDIUM,MEDIUM,5,COST_BASED,COST_BASED,false,false
1,baseline,1,2025,0.0,0.38738738738738737,DISTRICT_HEATING,PRIVATELY_RENTED,4867,2,132,4999,3596,0.0,0.0,0.0,1573.2867074527253,0.0,MEDIUM,MEDIUM,MEDIUM,5,COST_BASED,COST_BASED,false,false
1,baseline,1,2026,0.0,0.38738738738738737,DISTRICT_HEATING,PRIVATELY_RENTED,4740,0,127,4999,3468,0.0,0.0,0.0,1571.89907727797,0.0,MEDIUM,MEDIUM,MEDIUM,5,COST_BASED,COST_BASED,false,false
1,baseline,1,2027,0.0,0.38738738738738737,DISTRICT_HEATING,PRIVATELY_RENTED,4636,0,104,4999,3398,0.0,0.0,0.0,1593.7280753384343,0.0,MEDIUM,MEDIUM,MEDIUM,5,COST_BASED,COST_BASED,false,false
1,baseline,1,2028,0.0,0.38738738738738737,DISTRICT_HEATING,PRIVATELY_RENTED,4475,1,162,5000,3706,0.0,0.0,0.0,1537.3853211009175,0.0,MEDIUM,MEDIUM,MEDIUM,5,COST_BASED,COST_BASED,false,false
1,baseline,1,2029,0.0,0.38738738738738737,DISTRICT_HEATING,PRIVATELY_RENTED,4285,1,191,5001,3536,0.0,0.0,0.0,1552.3585972850678,0.0,MEDIUM,MEDIUM,MEDIUM,5,COST_BASED,COST_BASED,false,false
1,baseline,1,2030,0.0,0.40540540540540543,DISTRICT_HEATING,PRIVATELY_RENTED,4065,0,220,5001,3732,0.0,0.0,0.0,1543.0932475884244,0.0,MEDIUM,MEDIUM,MEDIUM,5,COST_BASED,COST_BASED,false,false
1,baseline,1,2031,0.0,0.44144144144144143,DISTRICT_HEATING,PRIVATELY_RENTED,3934,0,131,5001,3583,0.0,0.0,0.0,1548.5020932179737,0.0,MEDIUM,MEDIUM,MEDIUM,5,COST_BASED,COST_BASED,false,false
1,baseline,1,2032,0.0,0.4594594594594595,DISTRICT_HEATING,PRIVATELY_RENTED,3394,1,541,5002,4189,0.0,0.0,0.0,1516.8846980186202,0.0,MEDIUM,MEDIUM,MEDIUM,5,COST_BASED,COST_BASED,false,false
1,baseline,1,2033,0.0,0.5135135135135135,DISTRICT_HEATING,PRIVATELY_RENTED,3071,2,325,5004,3693,0.0,0.0,0.0,1535.7638776062822,0.0,MEDIUM,MEDIUM,MEDIUM,5,COST_BASED,COST_BASED,false,false
1,baseline,1,2034,0.0,0.5405405405405406,DISTRICT_HEATING,PRIVATELY_RENTED,2961,1,111,5005,3412,0.0,0.0,0.0,1567.0961313012895,0.0,MEDIUM,MEDIUM,MEDIUM,5,COST_BASED,COST_BASED,false,false
1,baseline,1,2035,0.0,0.5675675675675675,DISTRICT_HEATING,PRIVATELY_RENTED,2745,2,218,5007,3479,0.0,0.0,0.0,1568.6797930439782,0.0,MEDIUM,MEDIUM,MEDIUM,5,COST_BASED,COST_BASED,false,false
1,baseline,1,2036,0.0,0.5765765765765766,DISTRICT_HEATING,PRIVATELY_RENTED,2605,1,141,5008,3357,0.0,0.0,0.0,1589.311289842121,0.0,MEDIUM,MEDIUM,MEDIUM,5,COST_BASED,COST_BASED,false,false
1,baseline,1,2037,0.0,0.5765765765765766,DISTRICT_HEATING,PRIVATELY_RENTED,2468,1,138,5009,3636,0.0,0.0,0.0,1547.910616061606,0.0,MEDIUM,MEDIUM,MEDIUM,5,COST_BASED,COST_BASED,false,false
1,baseline,1,2038,0.0,0.6306306306306306,DISTRICT_HEATING,PRIVATELY_RENTED,2198,0,270,5009,3530,0.0,0.0,0.0,1530.370821529745,0.0,MEDIUM,MEDIUM,MEDIUM,5,COST_BASED,COST_BASED,false,false
1,baseline,1,2039,0.0,0.6936936936936937,DISTRICT_HEATING,PRIVATELY_RENTED,1949,1,250,5010,3380,0.0,0.0,0.0,1523.0366863905326,0.0,MEDIUM,MEDIUM,MEDIUM,5,COST_BASED,COST_BASED,false,false
1,baseline,1,2040,0.0,0.7477477477477478,DISTRICT_HEATING,PRIVATELY_RENTED,1777,0,172,5010,3356,0.0,0.0,0.0,1537.8414779499403,0.0,MEDIUM,MEDIUM,MEDIUM,5,COST_BASED,COST_BASED,false,false
1,baseline,1,2041,0.0,0.7927927927927928,DISTRICT_HEATING,PRIVATELY_RENTED,1606,0,171,5010,3428,0.0,0.0,0.0,1532.823512252042,0.0,MEDIUM,MEDIUM,MEDIUM,5,COST_BASED,COST_BASED,false,false
1,baseline,1,2042,0.0,0.8198198198198198,DISTRICT_HEATING,PRIVATELY_RENTED,1513,1,94,5011,3500,0.0,0.0,0.0,1524.034,0.0,MEDIUM,MEDIUM,MEDIUM,5,COST_BASED,COST_BASED,false,false
1,baseline,1,2043,0.0,0.8288288288288288,DISTRICT_HEATING,PRIVATELY_RENTED,1301,4,216,5015,3725,0.0,0.0,0.0,1469.366711409396,0.0,MEDIUM,MEDIUM,MEDIUM,5,COST_BASED,COST_BASED,false,false
1,baseline,1,2044,0.0,0.8558558558558559,DISTRICT_HEATING,PRIVATELY_RENTED,1186,1,116,5016,3893,0.0,0.0,0.0,1491.1430773182635,0.0,MEDIUM,MEDIUM,MEDIUM,5,COST_BASED,COST_BASED,false,false
1,baseline,1,2045,0.0,0.8558558558558559,DISTRICT_HEATING,PRIVATELY_RENTED,1055,6,137,5022,3476,0.0,0.0,0.0,1528.639240506329,0.0,MEDIUM,MEDIUM,MEDIUM,5,COST_BASED,COST_BASED,false,false
1,baseline,1,2046,0.0,0.8558558558558559,DISTRICT_HEATING,PRIVATELY_RENTED,969,0,86,5022,3222,0.0,0.0,0.0,1568.6589075108627,0.0,MEDIUM,MEDIUM,MEDIUM,5,COST_BASED,COST_BASED,false,false
1,baseline,1,2047,0.0,0.8558558558558559,DISTRICT_HEATING,PRIVATELY_RENTED,846,0,123,5022,3426,0.0,0.0,0.0,1567.817863397548,0.0,MEDIUM,MEDIUM,MEDIUM,5,COST_BASED,COST_BASED,false,false
1,baseline,1,2048,0.0,0.8558558558558559,DISTRICT_HEATING,PRIVATELY_RENTED,683,0,163,5022,3256,0.0,0.0,0.0,1557.8903562653563,0.0,MEDIUM,MEDIUM,MEDIUM,5,COST_BASED,COST_BASED,false,false
1,baseline,1,2049,0.0,0.8558558558558559,DISTRICT_HEATING,PRIVATELY_RENTED,580,2,105,5024,3501,0.0,0.0,0.0,1563.327049414453,0.0,MEDIUM,MEDIUM,MEDIUM,5,COST_BASED,COST_BASED,false,false
1,baseline,1,2050,0.0,0.8558558558558559,DISTRICT_HEATING,PRIVATELY_RENTED,403,0,177,5024,3545,0.0,0.0,0.0,1533.093370944993,0.0,MEDIUM,MEDIUM,MEDIUM,5,COST_BASED,COST_BASED,false,false
1,baseline,1,2024,0.0,0.0,ELECTRIC_HEAT_PUMP,TOTAL,10467,10467,0,10467,0,0.0,0.0,0.0,0.0,0.0,MEDIUM,MEDIUM,MEDIUM,5,COST_BASED,COST_BASED,false,false
1,baseline,1,2025,0.0,0.38738738738738737,ELECTRIC_HEAT_PUMP,TOTAL,13513,3761,715,14228,19352,0.7146580117519622,0.5841800558768121,0.09602409473587632,2291.194811905746,0.6735995571932587,MEDIUM,MEDIUM,MEDIUM,5,COST_BASED,COST_BASED,false,false
1,baseline,1,2026,0.0,0.38738738738738737,ELECTRIC_HEAT_PUMP,TOTAL,15316,2399,596,16627,19453,0.7119327500935445,0.5491336383503169,0.12677060876481355,2257.1815658253227,0.6140246178108839,MEDIUM,MEDIUM,MEDIUM,5,COST_BASED,COST_BASED,false,false
1,baseline,1,2027,0.0,0.38738738738738737,ELECTRIC_HEAT_PUMP,TOTAL,18157,3314,473,19941,23548,0.7152629125859732,0.5818964699333501,0.1493358096118806,2145.575505350773,0.6566950243505625,MEDIUM,MEDIUM,MEDIUM,5,COST_BASED,COST_BASED,false,false
1,baseline,1,2028,0.0,0.38738738738738737,ELECTRIC_HEAT_PUMP,TOTAL,21566,4314,905,24255,20165,0.7171619010517475,0.5842308084529871,0.18683812311254702,2098.9511033969748,0.6503462066384039,MEDIUM,MEDIUM,MEDIUM,5,COST_BASED,COST_BASED,false,false
1,baseline,1,2029,0.0,0.38738738738738737,ELECTRIC_HEAT_PUMP,TOTAL,25452,4402,516,28657,19260,0.7130419857613324,0.5877675222932435,0.2242309559138502,2086.9466251298027,0.647333048021073,MEDIUM,MEDIUM,MEDIUM,5,COST_BASED,COST_BASED,false,false
1,baseline,1,2030,0.0,0.40540540540540543,ELECTRIC_HEAT_PUMP,TOTAL,31157,6237,532,34894,18353,0.7118726682009522,0.6272270672686855,0.2720421417501552,1981.6259467117093,0.6948618984152493,MEDIUM,MEDIUM,MEDIUM,5,COST_BASED,COST_BASED,false,false
1,baseline,1,2031,0.0,0.44144144144144143,ELECTRIC_HEAT_PUMP,TOTAL,36954,6391,594,41285,28628,0.7137904032344015,0.6309184424183172,0.3415749466887691,2024.9693307251641,0.6825363261466796,MEDIUM,MEDIUM,MEDIUM,5,COST_BASED,COST_BASED,false,false
1,baseline,1,2032,0.0,0.4594594594594595,ELECTRIC_HEAT_PUMP,TOTAL,42886,6518,586,47803,26710,0.7127857186206092,0.6280299726124996,0.3979315134931112,1866.2695245226507,0.6643656508903178,MEDIUM,MEDIUM,MEDIUM,5,COST_BASED,COST_BASED,false,false
1,baseline,1,2033,0.0,0.5135135135135135,ELECTRIC_HEAT_PUMP,TOTAL,48619,6468,735,54271,21813,0.7158227906835289,0.6179962182291617,0.45846181065783503,1797.5444001283638,0.6334231770083955,MEDIUM,MEDIUM,MEDIUM,5,COST_BASED,COST_BASED,false,false
1,baseline,1,2034,0.0,0.5405405405405406,ELECTRIC_HEAT_PUMP,TOTAL,55361,7402,660,61673,20433,0.7143111046446409,0.6483455697373407,0.5025576887609428,1797.3657319042725,0.668301156254625,MEDIUM,MEDIUM,MEDIUM,5,COST_BASED,COST_BASED,false,false
1,baseline,1,2035,0.0,0.5675675675675675,ELECTRIC_HEAT_PUMP,TOTAL,61245,6719,835,68392,24270,0.7148609251881903,0.6464288309221844,0.5535762871956382,1689.8850020601565,0.6525339432873163,MEDIUM,MEDIUM,MEDIUM,5,COST_BASED,COST_BASED,false,false
1,baseline,1,2036,0.0,0.5765765765765766,ELECTRIC_HEAT_PUMP,TOTAL,66761,6322,806,74714,20117,0.714696760112381,0.6686609003166302,0.5815738506022419,1829.228562906994,0.6789236977962914,MEDIUM,MEDIUM,MEDIUM,5,COST_BASED,COST_BASED,false,false
1,baseline,1,2037,0.0,0.5765765765765766,ELECTRIC_HEAT_PUMP,TOTAL,68345,2907,1323,77621,15215,0.6547237938796298,0.6436441421279004,0.4697248763012879,1761.0162339796254,0.6843540456466227,MEDIUM,MEDIUM,MEDIUM,5,COST_BASED,COST_BASED,false,false
1,baseline,1,2038,0.0,0.6306306306306306,ELECTRIC_HEAT_PUMP,TOTAL,70804,3151,692,80772,16515,0.6659797979652535,0.6087718354834035,0.4971171925387208,1803.4769603390857,0.6223835055991123,MEDIUM,MEDIUM,MEDIUM,5,COST_BASED,COST_BASED,false,false
1,baseline,1,2039,0.0,0.6936936936936937,ELECTRIC_HEAT_PUMP,TOTAL,72054,1749,499,82521,18092,0.6388791600858048,0.634576009185565,0.45748329892128053,1676.1756024762326,0.6777733990265786,MEDIUM,MEDIUM,MEDIUM,5,COST_BASED,COST_BASED,false,false
1,baseline,1,2040,0.0,0.7477477477477478,ELECTRIC_HEAT_PUMP,TOTAL,73705,5412,3761,87933,17783,0.720616234004347,0.685416842744973,0.6207966682488457,1717.2622729573188,0.6927720385541598,MEDIUM,MEDIUM,MEDIUM,5,COST_BASED,COST_BASED,false,false
1,baseline,1,2041,0.0,0.7927927927927928,ELECTRIC_HEAT_PUMP,TOTAL,74640,3334,2399,91267,13838,0.7078381783020032,0.6754306492074827,0.607790327648005,1663.646336175748,0.684238847323721,MEDIUM,MEDIUM,MEDIUM,5,COST_BASED,COST_BASED,false,false
1,baseline,1,2042,0.0,0.8198198198198198,ELECTRIC_HEAT_PUMP,TOTAL,75548,4222,3314,95489,14196,0.7116299311667064,0.6965312665432327,0.5916900079080368,1653.8099464637926,0.7189669150461604,MEDIUM,MEDIUM,MEDIUM,5,COST_BASED,COST_BASED,false,false
1,baseline,1,2043,0.0,0.8288288288288288,ELECTRIC_HEAT_PUMP,TOTAL,75888,4654,4314,100143,23177,0.7496593753266118,0.7263972602666333,0.7278520986612782,1682.0785261250378,0.7202180219029782,MEDIUM,MEDIUM,MEDIUM,5,COST_BASED,COST_BASED,false,false
1,baseline,1,2044,0.0,0.8558558558558559,ELECTRIC_HEAT_PUMP,TOTAL,76428,4942,4402,105085,22000,0.7317560876945879,0.7131569430092851,0.6638279689858779,1650.536409090909,0.7208394003438102,MEDIUM,MEDIUM,MEDIUM,5,COST_BASED,COST_BASED,false,false
1,baseline,1,2045,0.0,0.8558558558558559,ELECTRIC_HEAT_PUMP,TOTAL,76344,6153,6237,111238,18556,0.7521531929044096,0.7565274903364245,0.7327162479631224,1488.0035568010346,0.7635738752877493,MEDIUM,MEDIUM,MEDIUM,5,COST_BASED,COST_BASED,false,false
1,baseline,1,2046,0.0,0.8558558558558559,ELECTRIC_HEAT_PUMP,TOTAL,76570,6617,6391,117855,18889,0.7355687136836613,0.7217630576960778,0.6754980247046479,1579.8507597014136,0.7298779019470406,MEDIUM,MEDIUM,MEDIUM,5,COST_BASED,COST_BASED,false,false
1,baseline,1,2047,0.0,0.8558558558558559,ELECTRIC_HEAT_PUMP,TOTAL,76657,6605,6518,124460,21886,0.7443443871842431,0.736599431440665,0.6967198935074352,1375.3278808370649,0.7446330769880855,MEDIUM,MEDIUM,MEDIUM,5,COST_BASED,COST_BASED,false,false
1,baseline,1,2048,0.0,0.8558558558558559,ELECTRIC_HEAT_PUMP,TOTAL,76875,6686,6468,131146,19562,0.7409690292583402,0.7311715564248686,0.6804164485005519,1504.560627747674,0.7414109651975797,MEDIUM,MEDIUM,MEDIUM,5,COST_BASED,COST_BASED,false,false
1,baseline,1,2049,0.0,0.8558558558558559,ELECTRIC_HEAT_PUMP,TOTAL,77120,7647,7402,138793,20956,0.7252423741802821,0.7184868144300602,0.6247771364684115,1415.3224374880701,0.7402253439829222,MEDIUM,MEDIUM,MEDIUM,5,COST_BASED,COST_BASED,false,false
1,baseline,1,2050,0.0,0.8558558558558559,ELECTRIC_HEAT_PUMP,TOTAL,77283,6882,6719,145675,21096,0.723051774291267,0.7070560879066913,0.6181693706865449,1376.5670269245354,0.7252788456155809,MEDIUM,MEDIUM,MEDIUM,5,COST_BASED,COST_BASED,false,false
1,baseline,1,2024,0.0,0.0,ELECTRIC_HEAT_PUMP,PRIVATELY_OWNED,8348,8348,0,8348,0,0.0,0.0,0.0,0.0,0.0,MEDIUM,MEDIUM,MEDIUM,5,COST_BASED,COST_BASED,false,false
1,baseline,1,2025,0.0,0.38738738738738737,ELECTRIC_HEAT_PUMP,PRIVATELY_OWNED,11583,3761,526,12109,11361,0.7146580117519622,0.5841800558768121,0.09602409473587632,2316.532787606725,0.6735995571932587,MEDIUM,MEDIUM,MEDIUM,5,COST_BASED,COST_BASED,false,false
1,baseline,1,2026,0.0,0.38738738738738737,ELECTRIC_HEAT_PUMP,PRIVATELY_OWNED,13529,2399,453,14508,11195,0.7119327500935445,0.5491336383503169,0.12677060876481355,2282.7389906208127,0.6140246178108839,MEDIUM,MEDIUM,MEDIUM,5,COST_BASED,COST_BASED,false,false
1,baseline,1,2027,0.0,0.38738738738738737,ELECTRIC_HEAT_PUMP,PRIVATELY_OWNED,16443,3314,400,17822,11108,0.7152629125859732,0.5818964699333501,0.1493358096118806,2262.619373424559,0.6566950243505625,MEDIUM,MEDIUM,MEDIUM,5,COST_BASED,COST_BASED,false,false
1,baseline,1,2028,0.0,0.38738738738738737,ELECTRIC_HEAT_PUMP,PRIVATELY_OWNED,20217,4314,540,22136,11608,0.7171619010517475,0.5842308084529871,0.18683812311254702,2152.251378359752,0.6503462066384039,MEDIUM,MEDIUM,MEDIUM,5,COST_BASED,COST_BASED,false,false
1,baseline,1,2029,0.0,0.38738738738738737,ELECTRIC_HEAT_PUMP,PRIVATELY_OWNED,24223,4402,396,26538,11428,0.7130419857613324,0.5877675222932435,0.2242309559138502,2143.5258137906894,0.647333048021073,MEDIUM,MEDIUM,MEDIUM,5,COST_BASED,COST_BASED,false,false
1,baseline,1,2030,0.0,0.40540540540540543,ELECTRIC_HEAT_PUMP,PRIVATELY_OWNED,30029,6237,431,32775,11870,0.7118726682009522,0.6272270672686855,0.2720421417501552,2062.0369839932605,0.6948618984152493,MEDIUM,MEDIUM,MEDIUM,5,COST_BASED,COST_BASED,false,false
1,baseline,1,2031,0.0,0.44144144144144143,ELECTRIC_HEAT_PUMP,PRIVATELY_OWNED,35937,6391,483,39166,12356,0.7137904032344015,0.6309184424183172,0.3415749466887691,2034.2164130786662,0.6825363261466796,MEDIUM,MEDIUM,MEDIUM,5,COST_BASED,COST_BASED,false,false
1,baseline,1,2032,0.0,0.4594594594594595,ELECTRIC_HEAT_PUMP,PRIVATELY_OWNED,41984,6518,471,45684,12432,0.7127857186206092,0.6280299726124996,0.3979315134931112,1987.452944015444,0.6643656508903178,MEDIUM,MEDIUM,MEDIUM,5,COST_BASED,COST_BASED,false,false
1,baseline,1,2033,0.0,0.5135135135135135,ELECTRIC_HEAT_PUMP,PRIVATELY_OWNED,47867,6468,585,52152,12235,0.7158227906835289,0.6179962182291617,0.45846181065783503,1980.3929709848794,0.6334231770083955,MEDIUM,MEDIUM,MEDIUM,5,COST_BASED,COST_BASED,false,false
1,baseline,1,2034,0.0,0.5405405405405406,ELECTRIC_HEAT_PUMP,PRIVATELY_OWNED,54741,7402,528,59554,13640,0.7143111046446409,0.6483455697373407,0.5025576887609428,1849.5038856304986,0.668301156254625,MEDIUM,MEDIUM,MEDIUM,5,COST_BASED,COST_BASED,false,false
1,baseline,1,2035,0.0,0.5675675675675675,ELECTRIC_HEAT_PUMP,PRIVATELY_OWNED,60764,6719,696,66273,12279,0.7148609251881903,0.6464288309221844,0.5535762871956382,1887.8151315253685,0.6525339432873163,MEDIUM,MEDIUM,MEDIUM,5,COST_BASED,COST_BASED,false,false
1,baseline,1,2036,0.0,0.5765765765765766,ELECTRIC_HEAT_PUMP,PRIVATELY_OWNED,66415,6322,671,72595,11468,0.714696760112381,0.6686609003166302,0.5815738506022419,1930.6668991977676,0.6789236977962914,MEDIUM,MEDIUM,MEDIUM,5,COST_BASED,COST_BASED,false,false
1,baseline,1,2037,0.0,0.5765765765765766,ELECTRIC_HEAT_PUMP,PRIVATELY_OWNED,68117,2907,1205,75502,7184,0.6547237938796298,0.6436441421279004,0.4697248763012879,1670.3466035634744,0.6843540456466227,MEDIUM,MEDIUM,MEDIUM,5,COST_BASED,COST_BASED,false,false
1,baseline,1,2038,0.0,0.6306306306306306,ELECTRIC_HEAT_PUMP,PRIVATELY_OWNED,70722,3151,546,78653,7263,0.6659797979652535,0.6087718354834035,0.4971171925387208,1977.7470742117582,0.6223835055991123,MEDIUM,MEDIUM,MEDIUM,5,COST_BASED,COST_BASED,false,false
1,baseline,1,2039,0.0,0.6936936936936937,ELECTRIC_HEAT_PUMP,PRIVATELY_OWNED,72054,1749,417,80402,4600,0.6388791600858048,0.634576009185565,0.45748329892128053,1879.7560869565218,0.6777733990265786,MEDIUM,MEDIUM,MEDIUM,5,COST_BASED,COST_BASED,false,false
1,baseline,1,2040,0.0,0.7477477477477478,ELECTRIC_HEAT_PUMP,PRIVATELY_OWNED,73705,5412,3761,85814,9576,0.720616234004347,0.685416842744973,0.6207966682488457,1843.2606516290728,0.6927720385541598,MEDIUM,MEDIUM,MEDIUM,5,COST_BASED,COST_BASED,false,false
1,baseline,1,2041,0.0,0.7927927927927928,ELECTRIC_HEAT_PUMP,PRIVATELY_OWNED,74640,3334,2399,89148,6114,0.7078381783020032,0.6754306492074827,0.607790327648005,1671.99558390579,0.684238847323721,MEDIUM,MEDIUM,MEDIUM,5,COST_BASED,COST_BASED,false,false
1,baseline,1,2042,0.0,0.8198198198198198,ELECTRIC_HEAT_PUMP,PRIVATELY_OWNED,75548,4222,3314,93370,7945,0.7116299311667064,0.6965312665432327,0.5916900079080368,1712.5496538703587,0.7189669150461604,MEDIUM,MEDIUM,MEDIUM,5,COST_BASED,COST_BASED,false,false
1,baseline,1,2043,0.0,0.8288288288288288,ELECTRIC_HEAT_PUMP,PRIVATELY_OWNED,75888,4654,4314,98024,6763,0.7496593753266118,0.7263972602666333,0.7278520986612782,1501.1577702203165,0.7202180219029782,MEDIUM,MEDIUM,MEDIUM,5,COST_BASED,COST_BASED,false,false
1,baseline,1,2044,0.0,0.8558558558558559,ELECTRIC_HEAT_PUMP,PRIVATELY_OWNED,76428,4942,4402,102966,8018,0.7317560876945879,0.7131569430092851,0.6638279689858779,1603.9908954851585,0.7208394003438102,MEDIUM,MEDIUM,MEDIUM,5,COST_BASED,COST_BASED,false,false
1,baseline,1,2045,0.0,0.8558558558558559,ELECTRIC_HEAT_PUMP,PRIVATELY_OWNED,76344,6153,6237,109119,8802,0.7521531929044096,0.7565274903364245,0.7327162479631224,1556.9460349920473,0.7635738752877493,MEDIUM,MEDIUM,MEDIUM,5,COST_BASED,COST_BASED,false,false
1,baseline,1,2046,0.0,0.8558558558558559,ELECTRIC_HEAT_PUMP,PRIVATELY_OWNED,76568,6615,6391,115734,10403,0.7355687136836613,0.7217630576960778,0.6754980247046479,1529.010285494569,0.7298779019470406,MEDIUM,MEDIUM,MEDIUM,5,COST_BASED,COST_BASED,false,false
1,baseline,1,2047,0.0,0.8558558558558559,ELECTRIC_HEAT_PUMP,PRIVATELY_OWNED,76655,6605,6518,122339,9948,0.7443443871842431,0.736599431440665,0.6967198935074352,1457.4801970245276,0.7446330769880855,MEDIUM,MEDIUM,MEDIUM,5,COST_BASED,COST_BASED,false,false
1,baseline,1,2048,0.0,0.8558558558558559,ELECTRIC_HEAT_PUMP,PRIVATELY_OWNED,76873,6686,6468,129025,10316,0.7409690292583402,0.7311715564248686,0.6804164485005519,1462.5343156262118,0.7414109651975797,MEDIUM,MEDIUM,MEDIUM,5,COST_BASED,COST_BASED,false,false
1,baseline,1,2049,0.0,0.8558558558558559,ELECTRIC_HEAT_PUMP,PRIVATELY_OWNED,77118,7647,7402,136672,13031,0.7252423741802821,0.7184868144300602,0.6247771364684115,1369.645998004758,0.7402253439829222,MEDIUM,MEDIUM,MEDIUM,5,COST_BASED,COST_BASED,false,false
1,baseline,1,2050,0.0,0.8558558558558559,ELECTRIC_HEAT_PUMP,PRIVATELY_OWNED,77280,6881,6719,143553,11829,0.723051774291267,0.7070560879066913,0.6181693706865449,1417.0096373319807,0.7252788456155809,MEDIUM,MEDIUM,MEDIUM,5,COST_BASED,COST_BASED,false,false
1,baseline,1,2024,0.0,0.0,ELECTRIC_HEAT_PUMP,SOCIAL_HOUSING,42,42,0,42,0,0.0,0.0,0.0,0.0,0.0,MEDIUM,MEDIUM,MEDIUM,5,COST_BASED,COST_BASED,false,false
1,baseline,1,2025,0.0,0.38738738738738737,ELECTRIC_HEAT_PUMP,SOCIAL_HOUSING,42,0,0,42,4395,0.0,0.0,0.0,2249.498065984073,0.0,MEDIUM,MEDIUM,MEDIUM,5,COST_BASED,COST_BASED,false,false
1,baseline,1,2026,0.0,0.38738738738738737,ELECTRIC_HEAT_PUMP,SOCIAL_HOUSING,42,0,0,42,4790,0.0,0.0,0.0,2224.2480167014614,0.0,MEDIUM,MEDIUM,MEDIUM,5,COST_BASED,COST_BASED,false,false
1,baseline,1,2027,0.0,0.38738738738738737,ELECTRIC_HEAT_PUMP,SOCIAL_HOUSING,42,0,0,42,9042,0.0,0.0,0.0,1971.0612696306127,0.0,MEDIUM,MEDIUM,MEDIUM,5,COST_BASED,COST_BASED,false,false
1,baseline,1,2028,0.0,0.38738738738738737,ELECTRIC_HEAT_PUMP,SOCIAL_HOUSING,42,0,0,42,4851,0.0,0.0,0.0,1991.8058132343847,0.0,MEDIUM,MEDIUM,MEDIUM,5,COST_BASED,COST_BASED,false,false
1,baseline,1,2029,0.0,0.38738738738738737,ELECTRIC_HEAT_PUMP,SOCIAL_HOUSING,42,0,0,42,4296,0.0,0.0,0.0,1938.713687150838,0.0,MEDIUM,MEDIUM,MEDIUM,5,COST_BASED,COST_BASED,false,false
1,baseline,1,2030,0.0,0.40540540540540543,ELECTRIC_HEAT_PUMP,SOCIAL_HOUSING,42,0,0,42,2751,0.0,0.0,0.0,1586.5859687386405,0.0,MEDIUM,MEDIUM,MEDIUM,5,COST_BASED,COST_BASED,false,false
1,baseline,1,2031,0.0,0.44144144144144143,ELECTRIC_HEAT_PUMP,SOCIAL_HOUSING,42,0,0,42,12689,0.0,0.0,0.0,2025.4881393332807,0.0,MEDIUM,MEDIUM,MEDIUM,5,COST_BASED,COST_BASED,false,false
1,baseline,1,2032,0.0,0.4594594594594595,ELECTRIC_HEAT_PUMP,SOCIAL_HOUSING,42,0,0,42,10089,0.0,0.0,0.0,1700.0262662305481,0.0,MEDIUM,MEDIUM,MEDIUM,5,COST_BASED,COST_BASED,false,false
1,baseline,1,2033,0.0,0.5135135135135135,ELECTRIC_HEAT_PUMP,SOCIAL_HOUSING,42,0,0,42,5885,0.0,0.0,0.0,1346.4406117247238,0.0,MEDIUM,MEDIUM,MEDIUM,5,COST_BASED,COST_BASED,false,false
1,baseline,1,2034,0.0,0.5405405405405406,ELECTRIC_HEAT_PUMP,SOCIAL_HOUSING,42,0,0,42,3381,0.0,0.0,0.0,1444.992014196983,0.0,MEDIUM,MEDIUM,MEDIUM,5,COST_BASED,COST_BASED,false,false
1,baseline,1,2035,0.0,0.5675675675675675,ELECTRIC_HEAT_PUMP,SOCIAL_HOUSING,42,0,0,42,8512,0.0,0.0,0.0,1310.1338110902257,0.0,MEDIUM,MEDIUM,MEDIUM,5,COST_BASED,COST_BASED,false,false
1,baseline,1,2036,0.0,0.5765765765765766,ELECTRIC_HEAT_PUMP,SOCIAL_HOUSING,42,0,0,42,5292,0.0,0.0,0.0,1554.8373015873017,0.0,MEDIUM,MEDIUM,MEDIUM,5,COST_BASED,COST_BASED,false,false
1,baseline,1,2037,0.0,0.5765765765765766,ELECTRIC_HEAT_PUMP,SOCIAL_HOUSING,42,0,0,42,4395,0.0,0.0,0.0,1832.4753128555176,0.0,MEDIUM,MEDIUM,MEDIUM,5,COST_BASED,COST_BASED,false,false
1,baseline,1,2038,0.0,0.6306306306306306,ELECTRIC_HEAT_PUMP,SOCIAL_HOUSING,0,0,42,42,5722,0.0,0.0,0.0,1565.6352673890249,0.0,MEDIUM,MEDIUM,MEDIUM,5,COST_BASED,COST_BASED,false,false
1,baseline,1,2039,0.0,0.6936936936936937,ELECTRIC_HEAT_PUMP,SOCIAL_HOUSING,0,0,0,42,10112,0.0,0.0,0.0,1528.4994066455697,0.0,MEDIUM,MEDIUM,MEDIUM,5,COST_BASED,COST_BASED,false,false
1,baseline,1,2040,0.0,0.7477477477477478,ELECTRIC_HEAT_PUMP,SOCIAL_HOUSING,0,0,0,42,4851,0.0,0.0,0.0,1393.7229437229437,0.0,MEDIUM,MEDIUM,MEDIUM,5,COST_BASED,COST_BASED,false,false
1,baseline,1,2041,0.0,0.7927927927927928,ELECTRIC_HEAT_PUMP,SOCIAL_HOUSING,0,0,0,42,4296,0.0,0.0,0.0,1559.1780726256984,0.0,MEDIUM,MEDIUM,MEDIUM,5,COST_BASED,COST_BASED,false,false
1,baseline,1,2042,0.0,0.8198198198198198,ELECTRIC_HEAT_PUMP,SOCIAL_HOUSING,0,0,0,42,2751,0.0,0.0,0.0,1348.9083969465648,0.0,MEDIUM,MEDIUM,MEDIUM,5,COST_BASED,COST_BASED,false,false
1,baseline,1,2043,0.0,0.8288288288288288,ELECTRIC_HEAT_PUMP,SOCIAL_HOUSING,0,0,0,42,12689,0.0,0.0,0.0,1788.1584049176452,0.0,MEDIUM,MEDIUM,MEDIUM,5,COST_BASED,COST_BASED,false,false
1,baseline,1,2044,0.0,0.8558558558558559,ELECTRIC_HEAT_PUMP,SOCIAL_HOUSING,0,0,0,42,10089,0.0,0.0,0.0,1674.8463673307563,0.0,MEDIUM,MEDIUM,MEDIUM,5,COST_BASED,COST_BASED,false,false
1,baseline,1,2045,0.0,0.8558558558558559,ELECTRIC_HEAT_PUMP,SOCIAL_HOUSING,0,0,0,42,6278,0.0,0.0,0.0,1269.2206116597642,0.0,MEDIUM,MEDIUM,MEDIUM,5,COST_BASED,COST_BASED,false,false
1,baseline,1,2046,0.0,0.8558558558558559,ELECTRIC_HEAT_PUMP,SOCIAL_HOUSING,0,0,0,42,5264,0.0,0.0,0.0,1595.4585866261398,0.0,MEDIUM,MEDIUM,MEDIUM,5,COST_BASED,COST_BASED,false,false
1,baseline,1,2047,0.0,0.8558558558558559,ELECTRIC_HEAT_PUMP,SOCIAL_HOUSING,0,0,0,42,8512,0.0,0.0,0.0,1151.40625,0.0,MEDIUM,MEDIUM,MEDIUM,5,COST_BASED,COST_BASED,false,false
1,baseline,1,2048,0.0,0.8558558558558559,ELECTRIC_HEAT_PUMP,SOCIAL_HOUSING,0,0,0,42,5990,0.0,0.0,0.0,1489.0293823038398,0.0,MEDIUM,MEDIUM,MEDIUM,5,COST_BASED,COST_BASED,false,false
1,baseline,1,2049,0.0,0.8558558558558559,ELECTRIC_HEAT_PUMP,SOCIAL_HOUSING,0,0,0,42,4424,0.0,0.0,0.0,1360.8248191681737,0.0,MEDIUM,MEDIUM,MEDIUM,5,COST_BASED,COST_BASED,false,false
1,baseline,1,2050,0.0,0.8558558558558559,ELECTRIC_HEAT_PUMP,SOCIAL_HOUSING,0,0,0,42,5722,0.0,0.0,0.0,1154.2892345333798,0.0,MEDIUM,MEDIUM,MEDIUM,5,COST_BASED,COST_BASED,false,false
1,baseline,1,2024,0.0,0.0,ELECTRIC_HEAT_PUMP,PRIVATELY_RENTED,2077,2077,0,2077,0,0.0,0.0,0.0,0.0,0.0,MEDIUM,MEDIUM,MEDIUM,5,COST_BASED,COST_BASED,false,false
1,baseline,1,2025,0.0,0.38738738738738737,ELECTRIC_HEAT_PUMP,PRIVATELY_RENTED,1888,0,189,2077,3596,0.0,0.0,0.0,2262.1048387096776,0.0,MEDIUM,MEDIUM,MEDIUM,5,COST_BASED,COST_BASED,false,false
1,baseline,1,2026,0.0,0.38738738738738737,ELECTRIC_HEAT_PUMP,PRIVATELY_RENTED,1745,0,143,2077,3468,0.0,0.0,0.0,2220.167820069204,0.0,MEDIUM,MEDIUM,MEDIUM,5,COST_BASED,COST_BASED,false,false
1,baseline,1,2027,0.0,0.38738738738738737,ELECTRIC_HEAT_PUMP,PRIVATELY_RENTED,1672,0,73,2077,3398,0.0,0.0,0.0,2227.339611536198,0.0,MEDIUM,MEDIUM,MEDIUM,5,COST_BASED,COST_BASED,false,false
1,baseline,1,2028,0.0,0.38738738738738737,ELECTRIC_HEAT_PUMP,PRIVATELY_RENTED,1307,0,365,2077,3706,0.0,0.0,0.0,2072.2517539125743,0.0,MEDIUM,MEDIUM,MEDIUM,5,COST_BASED,COST_BASED,false,false
1,baseline,1,2029,0.0,0.38738738738738737,ELECTRIC_HEAT_PUMP,PRIVATELY_RENTED,1187,0,120,2077,3536,0.0,0.0,0.0,2084.181278280543,0.0,MEDIUM,MEDIUM,MEDIUM,5,COST_BASED,COST_BASED,false,false
1,baseline,1,2030,0.0,0.40540540540540543,ELECTRIC_HEAT_PUMP,PRIVATELY_RENTED,1086,0,101,2077,3732,0.0,0.0,0.0,2017.069667738478,0.0,MEDIUM,MEDIUM,MEDIUM,5,COST_BASED,COST_BASED,false,false
1,baseline,1,2031,0.0,0.44144144144144143,ELECTRIC_HEAT_PUMP,PRIVATELY_RENTED,975,0,111,2077,3583,0.0,0.0,0.0,1991.2433714764163,0.0,MEDIUM,MEDIUM,MEDIUM,5,COST_BASED,COST_BASED,false,false
1,baseline,1,2032,0.0,0.4594594594594595,ELECTRIC_HEAT_PUMP,PRIVATELY_RENTED,860,0,115,2077,4189,0.0,0.0,0.0,1907.0133683456672,0.0,MEDIUM,MEDIUM,MEDIUM,5,COST_BASED,COST_BASED,false,false
1,baseline,1,2033,0.0,0.5135135135135135,ELECTRIC_HEAT_PUMP,PRIVATELY_RENTED,710,0,150,2077,3693,0.0,0.0,0.0,1910.621445978879,0.0,MEDIUM,MEDIUM,MEDIUM,5,COST_BASED,COST_BASED,false,false
1,baseline,1,2034,0.0,0.5405405405405406,ELECTRIC_HEAT_PUMP,PRIVATELY_RENTED,578,0,132,2077,3412,0.0,0.0,0.0,1938.1075615474795,0.0,MEDIUM,MEDIUM,MEDIUM,5,COST_BASED,COST_BASED,false,false
1,baseline,1,2035,0.0,0.5675675675675675,ELECTRIC_HEAT_PUMP,PRIVATELY_RENTED,439,0,139,2077,3479,0.0,0.0,0.0,1920.4277091118138,0.0,MEDIUM,MEDIUM,MEDIUM,5,COST_BASED,COST_BASED,false,false
1,baseline,1,2036,0.0,0.5765765765765766,ELECTRIC_HEAT_PUMP,PRIVATELY_RENTED,304,0,135,2077,3357,0.0,0.0,0.0,1915.2529043789098,0.0,MEDIUM,MEDIUM,MEDIUM,5,COST_BASED,COST_BASED,false,false
1,baseline,1,2037,0.0,0.5765765765765766,ELECTRIC_HEAT_PUMP,PRIVATELY_RENTED,186,0,118,2077,3636,0.0,0.0,0.0,1853.785203520352,0.0,MEDIUM,MEDIUM,MEDIUM,5,COST_BASED,COST_BASED,false,false
1,baseline,1,2038,0.0,0.6306306306306306,ELECTRIC_HEAT_PUMP,PRIVATELY_RENTED,82,0,104,2077,3530,0.0,0.0,0.0,1830.4475920679886,0.0,MEDIUM,MEDIUM,MEDIUM,5,COST_BASED,COST_BASED,false,false
1,baseline,1,2039,0.0,0.6936936936936937,ELECTRIC_HEAT_PUMP,PRIVATELY_RENTED,0,0,82,2077,3380,0.0,0.0,0.0,1840.9186390532545,0.0,MEDIUM,MEDIUM,MEDIUM,5,COST_BASED,COST_BASED,false,false
1,baseline,1,2040,0.0,0.7477477477477478,ELECTRIC_HEAT_PUMP,PRIVATELY_RENTED,0,0,0,2077,3356,0.0,0.0,0.0,1825.4055423122766,0.0,MEDIUM,MEDIUM,MEDIUM,5,COST_BASED,COST_BASED,false,false
1,baseline,1,2041,0.0,0.7927927927927928,ELECTRIC_HEAT_PUMP,PRIVATELY_RENTED,0,0,0,2077,3428,0.0,0.0,0.0,1779.6756126021003,0.0,MEDIUM,MEDIUM,MEDIUM,5,COST_BASED,COST_BASED,false,false
1,baseline,1,2042,0.0,0.8198198198198198,ELECTRIC_HEAT_PUMP,PRIVATELY_RENTED,0,0,0,2077,3500,0.0,0.0,0.0,1760.1234285714286,0.0,MEDIUM,MEDIUM,MEDIUM,5,COST_BASED,COST_BASED,false,false
1,baseline,1,2043,0.0,0.8288288288288288,ELECTRIC_HEAT_PUMP,PRIVATELY_RENTED,0,0,0,2077,3725,0.0,0.0,0.0,1649.1978523489934,0.0,MEDIUM,MEDIUM,MEDIUM,5,COST_BASED,COST_BASED,false,false
1,baseline,1,2044,0.0,0.8558558558558559,ELECTRIC_HEAT_PUMP,PRIVATELY_RENTED,0,0,0,2077,3893,0.0,0.0,0.0,1683.400205497046,0.0,MEDIUM,MEDIUM,MEDIUM,5,COST_BASED,COST_BASED,false,false
1,baseline,1,2045,0.0,0.8558558558558559,ELECTRIC_HEAT_PUMP,PRIVATELY_RENTED,0,0,0,2077,3476,0.0,0.0,0.0,1708.5696202531647,0.0,MEDIUM,MEDIUM,MEDIUM,5,COST_BASED,COST_BASED,false,false
1,baseline,1,2046,0.0,0.8558558558558559,ELECTRIC_HEAT_PUMP,PRIVATELY_RENTED,2,2,0,2079,3222,0.0,0.0,0.0,1718.501862197393,0.0,MEDIUM,MEDIUM,MEDIUM,5,COST_BASED,COST_BASED,false,false
1,baseline,1,2047,0.0,0.8558558558558559,ELECTRIC_HEAT_PUMP,PRIVATELY_RENTED,2,0,0,2079,3426,0.0,0.0,0.0,1693.1240513718622,0.0,MEDIUM,MEDIUM,MEDIUM,5,COST_BASED,COST_BASED,false,false
1,baseline,1,2048,0.0,0.8558558558558559,ELECTRIC_HEAT_PUMP,PRIVATELY_RENTED,2,0,0,2079,3256,0.0,0.0,0.0,1666.2853194103195,0.0,MEDIUM,MEDIUM,MEDIUM,5,COST_BASED,COST_BASED,false,false
1,baseline,1,2049,0.0,0.8558558558558559,ELECTRIC_HEAT_PUMP,PRIVATELY_RENTED,2,0,0,2079,3501,0.0,0.0,0.0,1654.1990859754355,0.0,MEDIUM,MEDIUM,MEDIUM,5,COST_BASED,COST_BASED,false,false
1,baseline,1,2050,0.0,0.8558558558558559,ELECTRIC_HEAT_PUMP,PRIVATELY_RENTED,3,1,0,2080,3545,0.0,0.0,0.0,1600.397179125529,0.0,MEDIUM,MEDIUM,MEDIUM,5,COST_BASED,COST_BASED,false,false
1,baseline,1,2024,0.0,0.0,HYBRID_HEAT_PUMP,TOTAL,1904,1904,0,1904,0,0.0,0.0,0.0,0.0,0.0,MEDIUM,MEDIUM,MEDIUM,5,COST_BASED,COST_BASED,false,false
1,baseline,1,2025,0.0,0.38738738738738737,HYBRID_HEAT_PUMP,TOTAL,3281,1522,145,3426,19352,0.7649123025299092,0.5924459941395157,0.02050381826636077,1723.4530281107895,0.6923149610102024,MEDIUM,MEDIUM,MEDIUM,5,COST_BASED,COST_BASED,false,false
1,baseline,1,2026,0.0,0.38738738738738737,HYBRID_HEAT_PUMP,TOTAL,4039,866,108,4292,19453,0.7674399847268564,0.5670046038873955,0.030020194925460212,1681.5259343031923,0.6511418609180128,MEDIUM,MEDIUM,MEDIUM,5,COST_BASED,COST_BASED,false,false
1,baseline,1,2027,0.0,0.38738738738738737,HYBRID_HEAT_PUMP,TOTAL,6375,2460,124,6752,23548,0.7645988445140283,0.6042098167557121,0.03893122913406541,1591.1935196195006,0.7054322067215469,MEDIUM,MEDIUM,MEDIUM,5,COST_BASED,COST_BASED,false,false
1,baseline,1,2028,0.0,0.38738738738738737,HYBRID_HEAT_PUMP,TOTAL,7762,1509,122,8261,20165,0.763443937978246,0.5744935889929821,0.053475324975311544,1598.2053062236548,0.6575105677510846,MEDIUM,MEDIUM,MEDIUM,5,COST_BASED,COST_BASED,false,false
1,baseline,1,2029,0.0,0.38738738738738737,HYBRID_HEAT_PUMP,TOTAL,10362,2720,120,10981,19260,0.7654766618497227,0.5960306596716236,0.06627425527494606,1594.577518172378,0.6861082602262594,MEDIUM,MEDIUM,MEDIUM,5,COST_BASED,COST_BASED,false,false
1,baseline,1,2030,0.0,0.40540540540540543,HYBRID_HEAT_PUMP,TOTAL,12413,2169,118,13150,18353,0.7672294737075938,0.5892678537746711,0.0841095861972143,1546.3148804010243,0.6710670156858012,MEDIUM,MEDIUM,MEDIUM,5,COST_BASED,COST_BASED,false,false
1,baseline,1,2031,0.0,0.44144144144144143,HYBRID_HEAT_PUMP,TOTAL,16279,3968,102,17118,28628,0.766210890863271,0.614743341649291,0.10471865693178273,1558.020783847981,0.704382625525172,MEDIUM,MEDIUM,MEDIUM,5,COST_BASED,COST_BASED,false,false
1,baseline,1,2032,0.0,0.4594594594594595,HYBRID_HEAT_PUMP,TOTAL,19816,3680,143,20798,26710,0.7661787182412461,0.5992934055360852,0.1355471775418747,1467.520104829652,0.6735086343583423,MEDIUM,MEDIUM,MEDIUM,5,COST_BASED,COST_BASED,false,false
1,baseline,1,2033,0.0,0.5135135135135135,HYBRID_HEAT_PUMP,TOTAL,23759,4064,121,24862,21813,0.7649109075522457,0.5936172864747207,0.16138653475565895,1416.1143354880116,0.6588515691351099,MEDIUM,MEDIUM,MEDIUM,5,COST_BASED,COST_BASED,false,false
1,baseline,1,2034,0.0,0.5405405405405406,HYBRID_HEAT_PUMP,TOTAL,29449,5824,134,30686,20433,0.7655548594928322,0.6241351155022737,0.19998365091630219,1432.8492145059463,0.6948180456511307,MEDIUM,MEDIUM,MEDIUM,5,COST_BASED,COST_BASED,false,false
1,baseline,1,2035,0.0,0.5675675675675675,HYBRID_HEAT_PUMP,TOTAL,34838,5532,143,36218,24270,0.7649696541377443,0.6276749797334362,0.2483539619915914,1376.4091470951792,0.6881815655678137,MEDIUM,MEDIUM,MEDIUM,5,COST_BASED,COST_BASED,false,false
1,baseline,1,2036,0.0,0.5765765765765766,HYBRID_HEAT_PUMP,TOTAL,40426,5702,114,41920,20117,0.765274946636757,0.6218435478385888,0.29145529517265983,1457.7116369239945,0.6685827613055324,MEDIUM,MEDIUM,MEDIUM,5,COST_BASED,COST_BASED,false,false
1,baseline,1,2037,0.0,0.5765765765765766,HYBRID_HEAT_PUMP,TOTAL,45165,4927,188,46847,15215,0.809919473614103,0.6572601045562398,0.39556536872210296,1347.1250739401905,0.6845189462503116,MEDIUM,MEDIUM,MEDIUM,5,COST_BASED,COST_BASED,false,false
1,baseline,1,2038,0.0,0.6306306306306306,HYBRID_HEAT_PUMP,TOTAL,49961,4910,114,51757,16515,0.800761165560105,0.6398243511550263,0.41573974450055917,1419.9148047229792,0.6556112992173757,MEDIUM,MEDIUM,MEDIUM,5,COST_BASED,COST_BASED,false,false
1,baseline,1,2039,0.0,0.6936936936936937,HYBRID_HEAT_PUMP,TOTAL,53478,3625,108,55382,18092,0.8135932622614223,0.6910783147882831,0.45765028769407345,1299.3517024099049,0.7188065846935554,MEDIUM,MEDIUM,MEDIUM,5,COST_BASED,COST_BASED,false,false
1,baseline,1,2040,0.0,0.7477477477477478,HYBRID_HEAT_PUMP,TOTAL,57020,5064,1522,60446,17783,0.7565501504953573,0.6781714381822016,0.3885349566302632,1362.7766406118203,0.7309858804918943,MEDIUM,MEDIUM,MEDIUM,5,COST_BASED,COST_BASED,false,false
1,baseline,1,2041,0.0,0.7927927927927928,HYBRID_HEAT_PUMP,TOTAL,59792,3638,866,64084,13838,0.755263751134948,0.6533852702611455,0.39207091534928906,1316.3023558317675,0.6932442387706585,MEDIUM,MEDIUM,MEDIUM,5,COST_BASED,COST_BASED,false,false
1,baseline,1,2042,0.0,0.8198198198198198,HYBRID_HEAT_PUMP,TOTAL,61963,4631,2460,68715,14196,0.7589132922913362,0.6897247813859014,0.42990073035856946,1312.760425471964,0.7373836664163755,MEDIUM,MEDIUM,MEDIUM,5,COST_BASED,COST_BASED,false,false
1,baseline,1,2043,0.0,0.8288288288288288,HYBRID_HEAT_PUMP,TOTAL,63760,3306,1509,72021,23177,0.7196886961949983,0.6411992682334562,0.2947710126232471,1291.4516115114122,0.7081839751456193,MEDIUM,MEDIUM,MEDIUM,5,COST_BASED,COST_BASED,false,false
1,baseline,1,2044,0.0,0.8558558558558559,HYBRID_HEAT_PUMP,TOTAL,65298,4258,2720,76279,22000,0.7402620593775292,0.678437893813569,0.3635320605135591,1299.8177272727273,0.7417083107475856,MEDIUM,MEDIUM,MEDIUM,5,COST_BASED,COST_BASED,false,false
1,baseline,1,2045,0.0,0.8558558558558559,HYBRID_HEAT_PUMP,TOTAL,66969,3840,2169,80119,18556,0.7266054176152171,0.6533805087348442,0.30543430553042744,1171.3424229359775,0.7220608323158528,MEDIUM,MEDIUM,MEDIUM,5,COST_BASED,COST_BASED,false,false
1,baseline,1,2046,0.0,0.8558558558558559,HYBRID_HEAT_PUMP,TOTAL,67930,4929,3968,85048,18889,0.7422783749502476,0.6908065640299738,0.35854452328836134,1223.9866589020064,0.7610041214853026,MEDIUM,MEDIUM,MEDIUM,5,COST_BASED,COST_BASED,false,false
1,baseline,1,2047,0.0,0.8558558558558559,HYBRID_HEAT_PUMP,TOTAL,68908,4658,3680,89706,21886,0.7355645175065086,0.6692503538607387,0.33668382396730256,1144.990724664169,0.7358134454226641,MEDIUM,MEDIUM,MEDIUM,5,COST_BASED,COST_BASED,false,false
1,baseline,1,2048,0.0,0.8558558558558559,HYBRID_HEAT_PUMP,TOTAL,69783,4939,4064,94645,19562,0.7399845940286048,0.6693027813484049,0.34941057012584503,1184.7839689193333,0.7316053809839935,MEDIUM,MEDIUM,MEDIUM,5,COST_BASED,COST_BASED,false,false
1,baseline,1,2049,0.0,0.8558558558558559,HYBRID_HEAT_PUMP,TOTAL,70742,6783,5824,101428,20956,0.7558921247414734,0.6949638300259747,0.40214690294333555,1130.2760545905708,0.7529359881177646,MEDIUM,MEDIUM,MEDIUM,5,COST_BASED,COST_BASED,false,false
1,baseline,1,2050,0.0,0.8558558558558559,HYBRID_HEAT_PUMP,TOTAL,71609,6399,5532,107827,21096,0.7570632350595118,0.6831073129243556,0.39802218138429857,1129.7812855517634,0.7358896152755813,MEDIUM,MEDIUM,MEDIUM,5,COST_BASED,COST_BASED,false,false
1,baseline,1,2024,0.0,0.0,HYBRID_HEAT_PUMP,PRIVATELY_OWNED,1561,1561,0,1561,0,0.0,0.0,0.0,0.0,0.0,MEDIUM,MEDIUM,MEDIUM,5,COST_BASED,COST_BASED,false,false
1,baseline,1,2025,0.0,0.38738738738738737,HYBRID_HEAT_PUMP,PRIVATELY_OWNED,2724,1278,115,2839,11361,0.7649123025299092,0.5924459941395157,0.02050381826636077,1758.8110201566762,0.6923149610102024,MEDIUM,MEDIUM,MEDIUM,5,COST_BASED,COST_BASED,false,false
1,baseline,1,2026,0.0,0.38738738738738737,HYBRID_HEAT_PUMP,PRIVATELY_OWNED,3175,533,82,3372,11195,0.7674399847268564,0.5670046038873955,0.030020194925460212,1741.1660562751229,0.6511418609180128,MEDIUM,MEDIUM,MEDIUM,5,COST_BASED,COST_BASED,false,false
1,baseline,1,2027,0.0,0.38738738738738737,HYBRID_HEAT_PUMP,PRIVATELY_OWNED,5162,2085,98,5457,11108,0.7645988445140283,0.6042098167557121,0.03893122913406541,1734.3291321570039,0.7054322067215469,MEDIUM,MEDIUM,MEDIUM,5,COST_BASED,COST_BASED,false,false
1,baseline,1,2028,0.0,0.38738738738738737,HYBRID_HEAT_PUMP,PRIVATELY_OWNED,5803,744,103,6201,11608,0.763443937978246,0.5744935889929821,0.053475324975311544,1657.5404031702274,0.6575105677510846,MEDIUM,MEDIUM,MEDIUM,5,COST_BASED,COST_BASED,false,false
1,baseline,1,2029,0.0,0.38738738738738737,HYBRID_HEAT_PUMP,PRIVATELY_OWNED,7811,2109,101,8310,11428,0.7654766618497227,0.5960306596716236,0.06627425527494606,1657.0113755687785,0.6861082602262594,MEDIUM,MEDIUM,MEDIUM,5,COST_BASED,COST_BASED,false,false
1,baseline,1,2030,0.0,0.40540540540540543,HYBRID_HEAT_PUMP,PRIVATELY_OWNED,9183,1468,96,9778,11870,0.7672294737075938,0.5892678537746711,0.0841095861972143,1605.2115417017692,0.6710670156858012,MEDIUM,MEDIUM,MEDIUM,5,COST_BASED,COST_BASED,false,false
1,baseline,1,2031,0.0,0.44144144144144143,HYBRID_HEAT_PUMP,PRIVATELY_OWNED,12226,3129,86,12907,12356,0.766210890863271,0.614743341649291,0.10471865693178273,1599.5758336031079,0.704382625525172,MEDIUM,MEDIUM,MEDIUM,5,COST_BASED,COST_BASED,false,false
1,baseline,1,2032,0.0,0.4594594594594595,HYBRID_HEAT_PUMP,PRIVATELY_OWNED,14767,2658,117,15565,12432,0.7661787182412461,0.5992934055360852,0.1355471775418747,1574.990990990991,0.6735086343583423,MEDIUM,MEDIUM,MEDIUM,5,COST_BASED,COST_BASED,false,false
1,baseline,1,2033,0.0,0.5135135135135135,HYBRID_HEAT_PUMP,PRIVATELY_OWNED,17682,3011,96,18576,12235,0.7649109075522457,0.5936172864747207,0.16138653475565895,1563.2311401716388,0.6588515691351099,MEDIUM,MEDIUM,MEDIUM,5,COST_BASED,COST_BASED,false,false
1,baseline,1,2034,0.0,0.5405405405405406,HYBRID_HEAT_PUMP,PRIVATELY_OWNED,22271,4710,121,23286,13640,0.7655548594928322,0.6241351155022737,0.19998365091630219,1477.149193548387,0.6948180456511307,MEDIUM,MEDIUM,MEDIUM,5,COST_BASED,COST_BASED,false,false
1,baseline,1,2035,0.0,0.5675675675675675,HYBRID_HEAT_PUMP,PRIVATELY_OWNED,26499,4336,108,27622,12279,0.7649696541377443,0.6276749797334362,0.2483539619915914,1495.5752911474876,0.6881815655678137,MEDIUM,MEDIUM,MEDIUM,5,COST_BASED,COST_BASED,false,false
1,baseline,1,2036,0.0,0.5765765765765766,HYBRID_HEAT_PUMP,PRIVATELY_OWNED,30781,4386,104,32008,11468,0.765274946636757,0.6218435478385888,0.29145529517265983,1526.1571328915243,0.6685827613055324,MEDIUM,MEDIUM,MEDIUM,5,COST_BASED,COST_BASED,false,false
1,baseline,1,2037,0.0,0.5765765765765766,HYBRID_HEAT_PUMP,PRIVATELY_OWNED,34197,3574,158,35582,7184,0.809919473614103,0.6572601045562398,0.39556536872210296,1312.4241369710467,0.6845189462503116,MEDIUM,MEDIUM,MEDIUM,5,COST_BASED,COST_BASED,false,false
1,baseline,1,2038,0.0,0.6306306306306306,HYBRID_HEAT_PUMP,PRIVATELY_OWNED,37656,3552,93,39134,7263,0.800761165560105,0.6398243511550263,0.41573974450055917,1551.1067052182293,0.6556112992173757,MEDIUM,MEDIUM,MEDIUM,5,COST_BASED,COST_BASED,false,false
1,baseline,1,2039,0.0,0.6936936936936937,HYBRID_HEAT_PUMP,PRIVATELY_OWNED,39978,2405,83,41539,4600,0.8135932622614223,0.6910783147882831,0.45765028769407345,1464.3421739130436,0.7188065846935554,MEDIUM,MEDIUM,MEDIUM,5,COST_BASED,COST_BASED,false,false
1,baseline,1,2040,0.0,0.7477477477477478,HYBRID_HEAT_PUMP,PRIVATELY_OWNED,42459,3759,1278,45298,9576,0.7565501504953573,0.6781714381822016,0.3885349566302632,1441.0067878028403,0.7309858804918943,MEDIUM,MEDIUM,MEDIUM,5,COST_BASED,COST_BASED,false,false
1,baseline,1,2041,0.0,0.7927927927927928,HYBRID_HEAT_PUMP,PRIVATELY_OWNED,44168,2242,533,47540,6114,0.755263751134948,0.6533852702611455,0.39207091534928906,1325.6561988877984,0.6932442387706585,MEDIUM,MEDIUM,MEDIUM,5,COST_BASED,COST_BASED,false,false
1,baseline,1,2042,0.0,0.8198198198198198,HYBRID_HEAT_PUMP,PRIVATELY_OWNED,45343,3260,2085,50800,7945,0.7589132922913362,0.6897247813859014,0.42990073035856946,1338.3126494650724,0.7373836664163755,MEDIUM,MEDIUM,MEDIUM,5,COST_BASED,COST_BASED,false,false
1,baseline,1,2043,0.0,0.8288288288288288,HYBRID_HEAT_PUMP,PRIVATELY_OWNED,46240,1641,744,52441,6763,0.7196886961949983,0.6411992682334562,0.2947710126232471,1193.03415643945,0.7081839751456193,MEDIUM,MEDIUM,MEDIUM,5,COST_BASED,COST_BASED,false,false
1,baseline,1,2044,0.0,0.8558558558558559,HYBRID_HEAT_PUMP,PRIVATELY_OWNED,46772,2641,2109,55082,8018,0.7402620593775292,0.678437893813569,0.3635320605135591,1260.4756797206285,0.7417083107475856,MEDIUM,MEDIUM,MEDIUM,5,COST_BASED,COST_BASED,false,false
1,baseline,1,2045,0.0,0.8558558558558559,HYBRID_HEAT_PUMP,PRIVATELY_OWNED,47546,2242,1468,57324,8802,0.7266054176152171,0.6533805087348442,0.30543430553042744,1215.5424903431037,0.7220608323158528,MEDIUM,MEDIUM,MEDIUM,5,COST_BASED,COST_BASED,false,false
1,baseline,1,2046,0.0,0.8558558558558559,HYBRID_HEAT_PUMP,PRIVATELY_OWNED,47716,3299,3129,60623,10403,0.7422783749502476,0.6908065640299738,0.35854452328836134,1199.2208978179372,0.7610041214853026,MEDIUM,MEDIUM,MEDIUM,5,COST_BASED,COST_BASED,false,false
1,baseline,1,2047,0.0,0.8558558558558559,HYBRID_HEAT_PUMP,PRIVATELY_OWNED,47949,2891,2658,63514,9948,0.7355645175065086,0.6692503538607387,0.33668382396730256,1154.172195416164,0.7358134454226641,MEDIUM,MEDIUM,MEDIUM,5,COST_BASED,COST_BASED,false,false
1,baseline,1,2048,0.0,0.8558558558558559,HYBRID_HEAT_PUMP,PRIVATELY_OWNED,48154,3216,3011,66730,10316,0.7399845940286048,0.6693027813484049,0.34941057012584503,1155.517254749903,0.7316053809839935,MEDIUM,MEDIUM,MEDIUM,5,COST_BASED,COST_BASED,false,false
1,baseline,1,2049,0.0,0.8558558558558559,HYBRID_HEAT_PUMP,PRIVATELY_OWNED,48385,4941,4710,71671,13031,0.7558921247414734,0.6949638300259747,0.40214690294333555,1090.8299439797406,0.7529359881177646,MEDIUM,MEDIUM,MEDIUM,5,COST_BASED,COST_BASED,false,false
1,baseline,1,2050,0.0,0.8558558558558559,HYBRID_HEAT_PUMP,PRIVATELY_OWNED,48529,4480,4336,76151,11829,0.7570632350595118,0.6831073129243556,0.39802218138429857,1118.3972440612056,0.7358896152755813,MEDIUM,MEDIUM,MEDIUM,5,COST_BASED,COST_BASED,false,false
1,baseline,1,2024,0.0,0.0,HYBRID_HEAT_PUMP,SOCIAL_HOUSING,0,0,0,0,0,0.0,0.0,0.0,0.0,0.0,MEDIUM,MEDIUM,MEDIUM,5,COST_BASED,COST_BASED,false,false
1,baseline,1,2025,0.0,0.38738738738738737,HYBRID_HEAT_PUMP,SOCIAL_HOUSING,0,0,0,0,4395,0.0,0.0,0.0,1645.9526734926053,0.0,MEDIUM,MEDIUM,MEDIUM,5,COST_BASED,COST_BASED,false,false
1,baseline,1,2026,0.0,0.38738738738738737,HYBRID_HEAT_PUMP,SOCIAL_HOUSING,0,0,0,0,4790,0.0,0.0,0.0,1552.0515657620042,0.0,MEDIUM,MEDIUM,MEDIUM,5,COST_BASED,COST_BASED,false,false
1,baseline,1,2027,0.0,0.38738738738738737,HYBRID_HEAT_PUMP,SOCIAL_HOUSING,0,0,0,0,9042,0.0,0.0,0.0,1381.8087812430879,0.0,MEDIUM,MEDIUM,MEDIUM,5,COST_BASED,COST_BASED,false,false
1,baseline,1,2028,0.0,0.38738738738738737,HYBRID_HEAT_PUMP,SOCIAL_HOUSING,0,0,0,0,4851,0.0,0.0,0.0,1480.7882910740054,0.0,MEDIUM,MEDIUM,MEDIUM,5,COST_BASED,COST_BASED,false,false
1,baseline,1,2029,0.0,0.38738738738738737,HYBRID_HEAT_PUMP,SOCIAL_HOUSING,0,0,0,0,4296,0.0,0.0,0.0,1440.4350558659219,0.0,MEDIUM,MEDIUM,MEDIUM,5,COST_BASED,COST_BASED,false,false
1,baseline,1,2030,0.0,0.40540540540540543,HYBRID_HEAT_PUMP,SOCIAL_HOUSING,0,0,0,0,2751,0.0,0.0,0.0,1283.6572155579788,0.0,MEDIUM,MEDIUM,MEDIUM,5,COST_BASED,COST_BASED,false,false
1,baseline,1,2031,0.0,0.44144144144144143,HYBRID_HEAT_PUMP,SOCIAL_HOUSING,0,0,0,0,12689,0.0,0.0,0.0,1524.517298447474,0.0,MEDIUM,MEDIUM,MEDIUM,5,COST_BASED,COST_BASED,false,false
1,baseline,1,2032,0.0,0.4594594594594595,HYBRID_HEAT_PUMP,SOCIAL_HOUSING,0,0,0,0,10089,0.0,0.0,0.0,1328.1563088512241,0.0,MEDIUM,MEDIUM,MEDIUM,5,COST_BASED,COST_BASED,false,false
1,baseline,1,2033,0.0,0.5135135135135135,HYBRID_HEAT_PUMP,SOCIAL_HOUSING,0,0,0,0,5885,0.0,0.0,0.0,1066.479694137638,0.0,MEDIUM,MEDIUM,MEDIUM,5,COST_BASED,COST_BASED,false,false
1,baseline,1,2034,0.0,0.5405405405405406,HYBRID_HEAT_PUMP,SOCIAL_HOUSING,0,0,0,0,3381,0.0,0.0,0.0,1186.0875480627033,0.0,MEDIUM,MEDIUM,MEDIUM,5,COST_BASED,COST_BASED,false,false
1,baseline,1,2035,0.0,0.5675675675675675,HYBRID_HEAT_PUMP,SOCIAL_HOUSING,0,0,0,0,8512,0.0,0.0,0.0,1157.6333411654136,0.0,MEDIUM,MEDIUM,MEDIUM,5,COST_BASED,COST_BASED,false,false
1,baseline,1,2036,0.0,0.5765765765765766,HYBRID_HEAT_PUMP,SOCIAL_HOUSING,0,0,0,0,5292,0.0,0.0,0.0,1291.035336356765,0.0,MEDIUM,MEDIUM,MEDIUM,5,COST_BASED,COST_BASED,false,false
1,baseline,1,2037,0.0,0.5765765765765766,HYBRID_HEAT_PUMP,SOCIAL_HOUSING,0,0,0,0,4395,0.0,0.0,0.0,1317.5449374288964,0.0,MEDIUM,MEDIUM,MEDIUM,5,COST_BASED,COST_BASED,false,false
1,baseline,1,2038,0.0,0.6306306306306306,HYBRID_HEAT_PUMP,SOCIAL_HOUSING,0,0,0,0,5722,0.0,0.0,0.0,1250.0845858091577,0.0,MEDIUM,MEDIUM,MEDIUM,5,COST_BASED,COST_BASED,false,false
1,baseline,1,2039,0.0,0.6936936936936937,HYBRID_HEAT_PUMP,SOCIAL_HOUSING,0,0,0,0,10112,0.0,0.0,0.0,1180.072092563291,0.0,MEDIUM,MEDIUM,MEDIUM,5,COST_BASED,COST_BASED,false,false
1,baseline,1,2040,0.0,0.7477477477477478,HYBRID_HEAT_PUMP,SOCIAL_HOUSING,0,0,0,0,4851,0.0,0.0,0.0,1168.3401360544217,0.0,MEDIUM,MEDIUM,MEDIUM,5,COST_BASED,COST_BASED,false,false
1,baseline,1,2041,0.0,0.7927927927927928,HYBRID_HEAT_PUMP,SOCIAL_HOUSING,0,0,0,0,4296,0.0,0.0,0.0,1240.7011173184358,0.0,MEDIUM,MEDIUM,MEDIUM,5,COST_BASED,COST_BASED,false,false
1,baseline,1,2042,0.0,0.8198198198198198,HYBRID_HEAT_PUMP,SOCIAL_HOUSING,0,0,0,0,2751,0.0,0.0,0.0,1143.4038531443111,0.0,MEDIUM,MEDIUM,MEDIUM,5,COST_BASED,COST_BASED,false,false
1,baseline,1,2043,0.0,0.8288288288288288,HYBRID_HEAT_PUMP,SOCIAL_HOUSING,0,0,0,0,12689,0.0,0.0,0.0,1340.555678146426,0.0,MEDIUM,MEDIUM,MEDIUM,5,COST_BASED,COST_BASED,false,false
1,baseline,1,2044,0.0,0.8558558558558559,HYBRID_HEAT_PUMP,SOCIAL_HOUSING,0,0,0,0,10089,0.0,0.0,0.0,1317.8745168004757,0.0,MEDIUM,MEDIUM,MEDIUM,5,COST_BASED,COST_BASED,false,false
1,baseline,1,2045,0.0,0.8558558558558559,HYBRID_HEAT_PUMP,SOCIAL_HOUSING,0,0,0,0,6278,0.0,0.0,0.0,1013.7338324307104,0.0,MEDIUM,MEDIUM,MEDIUM,5,COST_BASED,COST_BASED,false,false
1,baseline,1,2046,0.0,0.8558558558558559,HYBRID_HEAT_PUMP,SOCIAL_HOUSING,0,0,0,0,5264,0.0,0.0,0.0,1195.2536094224924,0.0,MEDIUM,MEDIUM,MEDIUM,5,COST_BASED,COST_BASED,false,false
1,baseline,1,2047,0.0,0.8558558558558559,HYBRID_HEAT_PUMP,SOCIAL_HOUSING,0,0,0,0,8512,0.0,0.0,0.0,1059.0183270676691,0.0,MEDIUM,MEDIUM,MEDIUM,5,COST_BASED,COST_BASED,false,false
1,baseline,1,2048,0.0,0.8558558558558559,HYBRID_HEAT_PUMP,SOCIAL_HOUSING,0,0,0,0,5990,0.0,0.0,0.0,1164.9348914858097,0.0,MEDIUM,MEDIUM,MEDIUM,5,COST_BASED,COST_BASED,false,false
1,baseline,1,2049,0.0,0.8558558558558559,HYBRID_HEAT_PUMP,SOCIAL_HOUSING,0,0,0,0,4424,0.0,0.0,0.0,1100.2176763110308,0.0,MEDIUM,MEDIUM,MEDIUM,5,COST_BASED,COST_BASED,false,false
1,baseline,1,2050,0.0,0.8558558558558559,HYBRID_HEAT_PUMP,SOCIAL_HOUSING,0,0,0,0,5722,0.0,0.0,0.0,1063.171793079343,0.0,MEDIUM,MEDIUM,MEDIUM,5,COST_BASED,COST_BASED,false,false
1,baseline,1,2024,0.0,0.0,HYBRID_HEAT_PUMP,PRIVATELY_RENTED,343,343,0,343,0,0.0,0.0,0.0,0.0,0.0,MEDIUM,MEDIUM,MEDIUM,5,COST_BASED,COST_BASED,false,false
1,baseline,1,2025,0.0,0.38738738738738737,HYBRID_HEAT_PUMP,PRIVATELY_RENTED,557,244,30,587,3596,0.0,0.0,0.0,1706.4652391546163,0.0,MEDIUM,MEDIUM,MEDIUM,5,COST_BASED,COST_BASED,false,false
1,baseline,1,2026,0.0,0.38738738738738737,HYBRID_HEAT_PUMP,PRIVATELY_RENTED,864,333,26,920,3468,0.0,0.0,0.0,1667.8324682814302,0.0,MEDIUM,MEDIUM,MEDIUM,5,COST_BASED,COST_BASED,false,false
1,baseline,1,2027,0.0,0.38738738738738737,HYBRID_HEAT_PUMP,PRIVATELY_RENTED,1213,375,26,1295,3398,0.0,0.0,0.0,1680.4537963507946,0.0,MEDIUM,MEDIUM,MEDIUM,5,COST_BASED,COST_BASED,false,false
1,baseline,1,2028,0.0,0.38738738738738737,HYBRID_HEAT_PUMP,PRIVATELY_RENTED,1959,765,19,2060,3706,0.0,0.0,0.0,1566.048839719374,0.0,MEDIUM,MEDIUM,MEDIUM,5,COST_BASED,COST_BASED,false,false
1,baseline,1,2029,0.0,0.38738738738738737,HYBRID_HEAT_PUMP,PRIVATELY_RENTED,2551,611,19,2671,3536,0.0,0.0,0.0,1580.0701357466064,0.0,MEDIUM,MEDIUM,MEDIUM,5,COST_BASED,COST_BASED,false,false
1,baseline,1,2030,0.0,0.40540540540540543,HYBRID_HEAT_PUMP,PRIVATELY_RENTED,3230,701,22,3372,3732,0.0,0.0,0.0,1552.6031618435156,0.0,MEDIUM,MEDIUM,MEDIUM,5,COST_BASED,COST_BASED,false,false
1,baseline,1,2031,0.0,0.44144144144144143,HYBRID_HEAT_PUMP,PRIVATELY_RENTED,4053,839,16,4211,3583,0.0,0.0,0.0,1533.3686854591124,0.0,MEDIUM,MEDIUM,MEDIUM,5,COST_BASED,COST_BASED,false,false
1,baseline,1,2032,0.0,0.4594594594594595,HYBRID_HEAT_PUMP,PRIVATELY_RENTED,5049,1022,26,5233,4189,0.0,0.0,0.0,1484.221771305801,0.0,MEDIUM,MEDIUM,MEDIUM,5,COST_BASED,COST_BASED,false,false
1,baseline,1,2033,0.0,0.5135135135135135,HYBRID_HEAT_PUMP,PRIVATELY_RENTED,6077,1053,25,6286,3693,0.0,0.0,0.0,1485.8748984565393,0.0,MEDIUM,MEDIUM,MEDIUM,5,COST_BASED,COST_BASED,false,false
1,baseline,1,2034,0.0,0.5405405405405406,HYBRID_HEAT_PUMP,PRIVATELY_RENTED,7178,1114,13,7400,3412,0.0,0.0,0.0,1500.2728604923798,0.0,MEDIUM,MEDIUM,MEDIUM,5,COST_BASED,COST_BASED,false,false
1,baseline,1,2035,0.0,0.5675675675675675,HYBRID_HEAT_PUMP,PRIVATELY_RENTED,8339,1196,35,8596,3479,0.0,0.0,0.0,1491.0911181373958,0.0,MEDIUM,MEDIUM,MEDIUM,5,COST_BASED,COST_BASED,false,false
1,baseline,1,2036,0.0,0.5765765765765766,HYBRID_HEAT_PUMP,PRIVATELY_RENTED,9645,1316,10,9912,3357,0.0,0.0,0.0,1486.6416443252904,0.0,MEDIUM,MEDIUM,MEDIUM,5,COST_BASED,COST_BASED,false,false
1,baseline,1,2037,0.0,0.5765765765765766,HYBRID_HEAT_PUMP,PRIVATELY_RENTED,10968,1353,30,11265,3636,0.0,0.0,0.0,1451.4419691969197,0.0,MEDIUM,MEDIUM,MEDIUM,5,COST_BASED,COST_BASED,false,false
1,baseline,1,2038,0.0,0.6306306306306306,HYBRID_HEAT_PUMP,PRIVATELY_RENTED,12305,1358,21,12623,3530,0.0,0.0,0.0,1425.2750708215297,0.0,MEDIUM,MEDIUM,MEDIUM,5,COST_BASED,COST_BASED,false,false
1,baseline,1,2039,0.0,0.6936936936936937,HYBRID_HEAT_PUMP,PRIVATELY_RENTED,13500,1220,25,13843,3380,0.0,0.0,0.0,1431.659171597633,0.0,MEDIUM,MEDIUM,MEDIUM,5,COST_BASED,COST_BASED,false,false
1,baseline,1,2040,0.0,0.7477477477477478,HYBRID_HEAT_PUMP,PRIVATELY_RENTED,14561,1305,244,15148,3356,0.0,0.0,0.0,1420.6072705601907,0.0,MEDIUM,MEDIUM,MEDIUM,5,COST_BASED,COST_BASED,false,false
1,baseline,1,2041,0.0,0.7927927927927928,HYBRID_HEAT_PUMP,PRIVATELY_RENTED,15624,1396,333,16544,3428,0.0,0.0,0.0,1394.3634772462076,0.0,MEDIUM,MEDIUM,MEDIUM,5,COST_BASED,COST_BASED,false,false
1,baseline,1,2042,0.0,0.8198198198198198,HYBRID_HEAT_PUMP,PRIVATELY_RENTED,16620,1371,375,17915,3500,0.0,0.0,0.0,1387.8711428571428,0.0,MEDIUM,MEDIUM,MEDIUM,5,COST_BASED,COST_BASED,false,false
1,baseline,1,2043,0.0,0.8288288288288288,HYBRID_HEAT_PUMP,PRIVATELY_RENTED,17520,1665,765,19580,3725,0.0,0.0,0.0,1302.865234899329,0.0,MEDIUM,MEDIUM,MEDIUM,5,COST_BASED,COST_BASED,false,false
1,baseline,1,2044,0.0,0.8558558558558559,HYBRID_HEAT_PUMP,PRIVATELY_RENTED,18526,1617,611,21197,3893,0.0,0.0,0.0,1334.05086051888,0.0,MEDIUM,MEDIUM,MEDIUM,5,COST_BASED,COST_BASED,false,false
1,baseline,1,2045,0.0,0.8558558558558559,HYBRID_HEAT_PUMP,PRIVATELY_RENTED,19423,1598,701,22795,3476,0.0,0.0,0.0,1344.0747986191025,0.0,MEDIUM,MEDIUM,MEDIUM,5,COST_BASED,COST_BASED,false,false
1,baseline,1,2046,0.0,0.8558558558558559,HYBRID_HEAT_PUMP,PRIVATELY_RENTED,20214,1630,839,24425,3222,0.0,0.0,0.0,1350.8919925512105,0.0,MEDIUM,MEDIUM,MEDIUM,5,COST_BASED,COST_BASED,false,false
1,baseline,1,2047,0.0,0.8558558558558559,HYBRID_HEAT_PUMP,PRIVATELY_RENTED,20959,1767,1022,26192,3426,0.0,0.0,0.0,1331.9316987740806,0.0,MEDIUM,MEDIUM,MEDIUM,5,COST_BASED,COST_BASED,false,false
1,baseline,1,2048,0.0,0.8558558558558559,HYBRID_HEAT_PUMP,PRIVATELY_RENTED,21629,1723,1053,27915,3256,0.0,0.0,0.0,1314.0257985257986,0.0,MEDIUM,MEDIUM,MEDIUM,5,COST_BASED,COST_BASED,false,false
1,baseline,1,2049,0.0,0.8558558558558559,HYBRID_HEAT_PUMP,PRIVATELY_RENTED,22357,1842,1114,29757,3501,0.0,0.0,0.0,1315.0805484147386,0.0,MEDIUM,MEDIUM,MEDIUM,5,COST_BASED,COST_BASED,false,false
1,baseline,1,2050,0.0,0.8558558558558559,HYBRID_HEAT_PUMP,PRIVATELY_RENTED,23080,1919,1196,31676,3545,0.0,0.0,0.0,1275.2823695345558,0.0,MEDIUM,MEDIUM,MEDIUM,5,COST_BASED,COST_BASED,false,false
