scenario,scenario_name,iteration,year,nbh_in_grid_congestion_perc,nbh_with_dh_perc,heating_system,ownership,installed_current,installed_annually,removed_annually,installed_cumulative,considered_annually,avg_att,avg_util,avg_sub_norm,avg_eac,avg_pbc,SLF,ELF,GRR,DHCT,DHES,SHAES,DHCO,GCHPB
1,baseline,1,2024,0.0,0.0,NATURAL_GAS_BOILER,TOTAL,211360,211360,0,211360,0,0.0,0.0,0.0,0.0,0.0,MEDIUM,MEDIUM,MEDIUM,5,COST_BASED,COST_BASED,false,false
1,baseline,1,2025,0.0,0.38738738738738737,NATURAL_GAS_BOILER,TOTAL,209916,17719,19163,229079,23085,0.2853779407929024,0.6038265633316704,0.9434741704676655,1441.7361923326835,0.7164610884908148,MEDIUM,MEDIUM,MEDIUM,5,COST_BASED,COST_BASED,false,false
1,baseline,1,2026,0.0,0.38738738738738737,NATURAL_GAS_BOILER,TOTAL,205948,19357,23325,248436,26853,0.28709865121806744,0.6035027322344582,0.768119680781588,1442.337094551819,0.7374644754494765,MEDIUM,MEDIUM,MEDIUM,5,COST_BASED,COST_BASED,false,false
1,baseline,1,2027,0.0,0.38738738738738737,NATURAL_GAS_BOILER,TOTAL,201184,9480,14244,257916,17907,0.2870828932424598,0.5912027443750688,0.7214607912592899,1444.851733958787,0.7248507943445771,MEDIUM,MEDIUM,MEDIUM,5,COST_BASED,COST_BASED,false,false
1,baseline,1,2028,0.0,0.38738738738738737,NATURAL_GAS_BOILER,TOTAL,196392,8745,13537,266661,17017,0.28470299276186106,0.6114679978724784,0.7716162922321477,1444.6920138684845,0.7495742120892394,MEDIUM,MEDIUM,MEDIUM,5,COST_BASED,COST_BASED,false,false
1,baseline,1,2029,0.0,0.38738738738738737,NATURAL_GAS_BOILER,TOTAL,190829,13792,19355,280453,22422,0.284432377045359,0.5978717815087261,0.7408279476697514,1435.0773347605032,0.7330960845430315,MEDIUM,MEDIUM,MEDIUM,5,COST_BASED,COST_BASED,false,false
1,baseline,1,2030,0.0,0.45045045045045046,NATURAL_GAS_BOILER,TOTAL,184451,15356,21734,295809,26674,0.2863731210104756,0.5893257375694175,0.6438385095841919,1351.0055109844793,0.7319155124034841,MEDIUM,MEDIUM,MEDIUM,5,COST_BASED,COST_BASED,false,false
1,baseline,1,2031,0.0,0.4774774774774775,NATURAL_GAS_BOILER,TOTAL,176448,7330,15333,303139,18957,0.2859529887855285,0.5795045641667254,0.5752197171950474,1432.0830300152977,0.7258661344043263,MEDIUM,MEDIUM,MEDIUM,5,COST_BASED,COST_BASED,false,false
1,baseline,1,2032,0.0,0.5045045045045045,NATURAL_GAS_BOILER,TOTAL,170465,12564,18547,315703,24455,0.2870579622712708,0.5804883150708099,0.5888327794854744,1411.267348190554,0.7253638846027145,MEDIUM,MEDIUM,MEDIUM,5,COST_BASED,COST_BASED,false,false
1,baseline,1,2033,0.0,0.5135135135135135,NATURAL_GAS_BOILER,TOTAL,164363,10609,16711,326312,22879,0.28685247658339486,0.5709731375608018,0.4791414432856841,1418.2282005332402,0.7248539067846467,MEDIUM,MEDIUM,MEDIUM,5,COST_BASED,COST_BASED,false,false
1,baseline,1,2034,0.0,0.5495495495495496,NATURAL_GAS_BOILER,TOTAL,153862,5569,16070,331881,19607,0.28719948798329076,0.5707400328356227,0.4248977956119053,1401.4201050645179,0.7311979528061281,MEDIUM,MEDIUM,MEDIUM,5,COST_BASED,COST_BASED,false,false
1,baseline,1,2035,0.0,0.5945945945945946,NATURAL_GAS_BOILER,TOTAL,146427,10871,18306,342752,23798,0.2851698931739208,0.5682989949917727,0.3765127256858469,1379.4849146987142,0.7340919284834467,MEDIUM,MEDIUM,MEDIUM,5,COST_BASED,COST_BASED,false,false
1,baseline,1,2036,0.0,0.6306306306306306,NATURAL_GAS_BOILER,TOTAL,138790,7398,15035,350150,19497,0.2850585859951405,0.5594887442439568,0.2737385485832029,1376.2994819715855,0.7337511512942475,MEDIUM,MEDIUM,MEDIUM,5,COST_BASED,COST_BASED,false,false
1,baseline,1,2037,0.0,0.6576576576576577,NATURAL_GAS_BOILER,TOTAL,133630,12559,17719,362709,21851,0.33236907103790375,0.5603484097853378,0.2720151334891654,1395.7803304196605,0.7234284552323844,MEDIUM,MEDIUM,MEDIUM,5,COST_BASED,COST_BASED,false,false
1,baseline,1,2038,0.0,0.6666666666666666,NATURAL_GAS_BOILER,TOTAL,130175,15902,19357,378611,21914,0.3823362634338675,0.5791246330790405,0.26075806788274525,1400.6228438441178,0.7405081252747503,MEDIUM,MEDIUM,MEDIUM,5,COST_BASED,COST_BASED,false,false
1,baseline,1,2039,0.0,0.7027027027027027,NATURAL_GAS_BOILER,TOTAL,126753,6058,9480,384669,10882,0.3858660030466714,0.568457724541571,0.23378462862877966,1370.8460760889543,0.7269970074720901,MEDIUM,MEDIUM,MEDIUM,5,COST_BASED,COST_BASED,false,false
1,baseline,1,2040,0.0,0.7297297297297297,NATURAL_GAS_BOILER,TOTAL,122392,4384,8745,389053,13334,0.2825531119589135,0.5227866274171974,0.14344775982832556,1461.101619919004,0.6956106931575238,MEDIUM,MEDIUM,MEDIUM,5,COST_BASED,COST_BASED,false,false
1,baseline,1,2041,0.0,0.7567567567567568,NATURAL_GAS_BOILER,TOTAL,118496,9896,13792,398949,20054,0.2733089393455249,0.5232949488826737,0.10551532255538952,1445.0693128552907,0.7034257731682075,MEDIUM,MEDIUM,MEDIUM,5,COST_BASED,COST_BASED,false,false
1,baseline,1,2042,0.0,0.8018018018018018,NATURAL_GAS_BOILER,TOTAL,116568,13428,15356,412377,22299,0.26494263200838647,0.515487583040764,0.08424854274768524,1342.233284003767,0.6964646487155874,MEDIUM,MEDIUM,MEDIUM,5,COST_BASED,COST_BASED,false,false
1,baseline,1,2043,0.0,0.8288288288288288,NATURAL_GAS_BOILER,TOTAL,114716,5478,7330,417855,14297,0.26010030560134006,0.5333848479070815,0.08184517466087113,1399.7756172623626,0.7248215486276808,MEDIUM,MEDIUM,MEDIUM,5,COST_BASED,COST_BASED,false,false
1,baseline,1,2044,0.0,0.8558558558558559,NATURAL_GAS_BOILER,TOTAL,112914,10762,12564,428617,19654,0.2523317621207148,0.5230162986799747,0.0815414667672554,1400.0491503001933,0.7112488241438756,MEDIUM,MEDIUM,MEDIUM,5,COST_BASED,COST_BASED,false,false
1,baseline,1,2045,0.0,0.8558558558558559,NATURAL_GAS_BOILER,TOTAL,111563,9258,10609,437875,20537,0.2689302891954881,0.5202558787890426,0.05928509281575207,1429.7992890879875,0.7057406092827213,MEDIUM,MEDIUM,MEDIUM,5,COST_BASED,COST_BASED,false,false
1,baseline,1,2046,0.0,0.8558558558558559,NATURAL_GAS_BOILER,TOTAL,110730,4736,5569,442611,15347,0.25349877722439407,0.5153409933750285,0.06392401025959153,1442.8012640907018,0.701646294473989,MEDIUM,MEDIUM,MEDIUM,5,COST_BASED,COST_BASED,false,false
1,baseline,1,2047,0.0,0.8558558558558559,NATURAL_GAS_BOILER,TOTAL,110012,10153,10871,452764,21179,0.249984568854818,0.5128566013345288,0.057963314342494035,1391.2909485811417,0.6995433454952743,MEDIUM,MEDIUM,MEDIUM,5,COST_BASED,COST_BASED,false,false
1,baseline,1,2048,0.0,0.8558558558558559,NATURAL_GAS_BOILER,TOTAL,109440,6826,7398,459590,18252,0.25230017490301226,0.508069951568032,0.05431878186640209,1367.451731317116,0.6922400358929953,MEDIUM,MEDIUM,MEDIUM,5,COST_BASED,COST_BASED,false,false
1,baseline,1,2049,0.0,0.8558558558558559,NATURAL_GAS_BOILER,TOTAL,108865,11984,12559,471574,25926,0.27182438320435337,0.5115900416132158,0.049353590734094656,1405.7752449278717,0.6932597677769751,MEDIUM,MEDIUM,MEDIUM,5,COST_BASED,COST_BASED,false,false
1,baseline,1,2050,0.0,0.8558558558558559,NATURAL_GAS_BOILER,TOTAL,108300,15337,15902,486911,27973,0.26804255758220097,0.5230379044563651,0.049198718522812046,1418.7616987809674,0.7113963774736431,MEDIUM,MEDIUM,MEDIUM,5,COST_BASED,COST_BASED,false,false
1,baseline,1,2024,0.0,0.0,NATURAL_GAS_BOILER,PRIVATELY_OWNED,111404,111404,0,111404,0,0.0,0.0,0.0,0.0,0.0,MEDIUM,MEDIUM,MEDIUM,5,COST_BASED,COST_BASED,false,false
1,baseline,1,2025,0.0,0.38738738738738737,NATURAL_GAS_BOILER,PRIVATELY_OWNED,108728,6507,9183,117911,11622,0.2853779407929024,0.6038265633316704,0.9434741704676655,1484.9282395456892,0.7164610884908148,MEDIUM,MEDIUM,MEDIUM,5,COST_BASED,COST_BASED,false,false
1,baseline,1,2026,0.0,0.38738738738738737,NATURAL_GAS_BOILER,PRIVATELY_OWNED,103642,3901,8987,121812,11090,0.28709865121806744,0.6035027322344582,0.768119680781588,1495.5599639314698,0.7374644754494765,MEDIUM,MEDIUM,MEDIUM,5,COST_BASED,COST_BASED,false,false
1,baseline,1,2027,0.0,0.38738738738738737,NATURAL_GAS_BOILER,PRIVATELY_OWNED,97664,2941,8919,124753,11026,0.2870828932424598,0.5912027443750688,0.7214607912592899,1491.1845637583892,0.7248507943445771,MEDIUM,MEDIUM,MEDIUM,5,COST_BASED,COST_BASED,false,false
1,baseline,1,2028,0.0,0.38738738738738737,NATURAL_GAS_BOILER,PRIVATELY_OWNED,92487,3887,9064,128640,11421,0.28470299276186106,0.6114679978724784,0.7716162922321477,1481.7037037037037,0.7495742120892394,MEDIUM,MEDIUM,MEDIUM,5,COST_BASED,COST_BASED,false,false
1,baseline,1,2029,0.0,0.38738738738738737,NATURAL_GAS_BOILER,PRIVATELY_OWNED,86894,3494,9087,132134,11452,0.284432377045359,0.5978717815087261,0.7408279476697514,1502.7389102340203,0.7330960845430315,MEDIUM,MEDIUM,MEDIUM,5,COST_BASED,COST_BASED,false,false
1,baseline,1,2030,0.0,0.45045045045045046,NATURAL_GAS_BOILER,PRIVATELY_OWNED,78933,1457,9418,133591,12082,0.2863731210104756,0.5893257375694175,0.6438385095841919,1479.6003972852177,0.7319155124034841,MEDIUM,MEDIUM,MEDIUM,5,COST_BASED,COST_BASED,false,false
1,baseline,1,2031,0.0,0.4774774774774775,NATURAL_GAS_BOILER,PRIVATELY_OWNED,71045,1547,9435,135138,12382,0.2859529887855285,0.5795045641667254,0.5752197171950474,1480.5190599256987,0.7258661344043263,MEDIUM,MEDIUM,MEDIUM,5,COST_BASED,COST_BASED,false,false
1,baseline,1,2032,0.0,0.5045045045045045,NATURAL_GAS_BOILER,PRIVATELY_OWNED,63283,1408,9170,136546,12334,0.2870579622712708,0.5804883150708099,0.5888327794854744,1479.0454840278903,0.7253638846027145,MEDIUM,MEDIUM,MEDIUM,5,COST_BASED,COST_BASED,false,false
1,baseline,1,2033,0.0,0.5135135135135135,NATURAL_GAS_BOILER,PRIVATELY_OWNED,55018,1063,9328,137609,12322,0.28685247658339486,0.5709731375608018,0.4791414432856841,1483.1111832494726,0.7248539067846467,MEDIUM,MEDIUM,MEDIUM,5,COST_BASED,COST_BASED,false,false
1,baseline,1,2034,0.0,0.5495495495495496,NATURAL_GAS_BOILER,PRIVATELY_OWNED,44968,613,10663,138222,13563,0.28719948798329076,0.5707400328356227,0.4248977956119053,1415.0460812504607,0.7311979528061281,MEDIUM,MEDIUM,MEDIUM,5,COST_BASED,COST_BASED,false,false
1,baseline,1,2035,0.0,0.5945945945945946,NATURAL_GAS_BOILER,PRIVATELY_OWNED,36134,572,9406,138794,12240,0.2851698931739208,0.5682989949917727,0.3765127256858469,1455.4494281045752,0.7340919284834467,MEDIUM,MEDIUM,MEDIUM,5,COST_BASED,COST_BASED,false,false
1,baseline,1,2036,0.0,0.6306306306306306,NATURAL_GAS_BOILER,PRIVATELY_OWNED,27854,464,8744,139258,11307,0.2850585859951405,0.5594887442439568,0.2737385485832029,1488.7855310869372,0.7337511512942475,MEDIUM,MEDIUM,MEDIUM,5,COST_BASED,COST_BASED,false,false
1,baseline,1,2037,0.0,0.6576576576576577,NATURAL_GAS_BOILER,PRIVATELY_OWNED,21803,456,6507,139714,8503,0.33236907103790375,0.5603484097853378,0.2720151334891654,1411.196636481242,0.7234284552323844,MEDIUM,MEDIUM,MEDIUM,5,COST_BASED,COST_BASED,false,false
1,baseline,1,2038,0.0,0.6666666666666666,NATURAL_GAS_BOILER,PRIVATELY_OWNED,18375,473,3901,140187,5210,0.3823362634338675,0.5791246330790405,0.26075806788274525,1435.2541266794626,0.7405081252747503,MEDIUM,MEDIUM,MEDIUM,5,COST_BASED,COST_BASED,false,false
1,baseline,1,2039,0.0,0.7027027027027027,NATURAL_GAS_BOILER,PRIVATELY_OWNED,15840,406,2941,140593,3936,0.3858660030466714,0.568457724541571,0.23378462862877966,1416.2197662601627,0.7269970074720901,MEDIUM,MEDIUM,MEDIUM,5,COST_BASED,COST_BASED,false,false
1,baseline,1,2040,0.0,0.7297297297297297,NATURAL_GAS_BOILER,PRIVATELY_OWNED,12360,407,3887,141000,8049,0.2825531119589135,0.5227866274171974,0.14344775982832556,1524.0130450987701,0.6956106931575238,MEDIUM,MEDIUM,MEDIUM,5,COST_BASED,COST_BASED,false,false
1,baseline,1,2041,0.0,0.7567567567567568,NATURAL_GAS_BOILER,PRIVATELY_OWNED,9293,427,3494,141427,9293,0.2733089393455249,0.5232949488826737,0.10551532255538952,1551.910470246422,0.7034257731682075,MEDIUM,MEDIUM,MEDIUM,5,COST_BASED,COST_BASED,false,false
1,baseline,1,2042,0.0,0.8018018018018018,NATURAL_GAS_BOILER,PRIVATELY_OWNED,8250,414,1457,141841,7967,0.26494263200838647,0.515487583040764,0.08424854274768524,1529.5905610643906,0.6964646487155874,MEDIUM,MEDIUM,MEDIUM,5,COST_BASED,COST_BASED,false,false
1,baseline,1,2043,0.0,0.8288288288288288,NATURAL_GAS_BOILER,PRIVATELY_OWNED,7161,458,1547,142299,7559,0.26010030560134006,0.5333848479070815,0.08184517466087113,1479.8112184151344,0.7248215486276808,MEDIUM,MEDIUM,MEDIUM,5,COST_BASED,COST_BASED,false,false
1,baseline,1,2044,0.0,0.8558558558558559,NATURAL_GAS_BOILER,PRIVATELY_OWNED,6232,479,1408,142778,7731,0.2523317621207148,0.5230162986799747,0.0815414667672554,1498.1823826154443,0.7112488241438756,MEDIUM,MEDIUM,MEDIUM,5,COST_BASED,COST_BASED,false,false
1,baseline,1,2045,0.0,0.8558558558558559,NATURAL_GAS_BOILER,PRIVATELY_OWNED,5630,461,1063,143239,10169,0.2689302891954881,0.5202558787890426,0.05928509281575207,1527.7530730651981,0.7057406092827213,MEDIUM,MEDIUM,MEDIUM,5,COST_BASED,COST_BASED,false,false
1,baseline,1,2046,0.0,0.8558558558558559,NATURAL_GAS_BOILER,PRIVATELY_OWNED,5497,480,613,143719,9523,0.25349877722439407,0.5153409933750285,0.06392401025959153,1490.918618082537,0.701646294473989,MEDIUM,MEDIUM,MEDIUM,5,COST_BASED,COST_BASED,false,false
1,baseline,1,2047,0.0,0.8558558558558559,NATURAL_GAS_BOILER,PRIVATELY_OWNED,5380,455,572,144174,9793,0.249984568854818,0.5128566013345288,0.057963314342494035,1503.0235882773409,0.6995433454952743,MEDIUM,MEDIUM,MEDIUM,5,COST_BASED,COST_BASED,false,false
1,baseline,1,2048,0.0,0.8558558558558559,NATURAL_GAS_BOILER,PRIVATELY_OWNED,5366,450,464,144624,10134,0.25230017490301226,0.508069951568032,0.05431878186640209,1492.154825340438,0.6922400358929953,MEDIUM,MEDIUM,MEDIUM,5,COST_BASED,COST_BASED,false,false
1,baseline,1,2049,0.0,0.8558558558558559,NATURAL_GAS_BOILER,PRIVATELY_OWNED,5379,469,456,145093,12616,0.27182438320435337,0.5115900416132158,0.049353590734094656,1425.5806911857958,0.6932597677769751,MEDIUM,MEDIUM,MEDIUM,5,COST_BASED,COST_BASED,false,false
1,baseline,1,2050,0.0,0.8558558558558559,NATURAL_GAS_BOILER,PRIVATELY_OWNED,5366,460,473,145553,11128,0.26804255758220097,0.5230379044563651,0.049198718522812046,1463.2741732566499,0.7113963774736431,MEDIUM,MEDIUM,MEDIUM,5,COST_BASED,COST_BASED,false,false
1,baseline,1,2024,0.0,0.0,NATURAL_GAS_BOILER,SOCIAL_HOUSING,66125,66125,0,66125,0,0.0,0.0,0.0,0.0,0.0,MEDIUM,MEDIUM,MEDIUM,5,COST_BASED,COST_BASED,false,false
1,baseline,1,2025,0.0,0.38738738738738737,NATURAL_GAS_BOILER,SOCIAL_HOUSING,66856,7879,7148,74004,7879,0.0,0.0,0.0,1397.8787917248383,0.0,MEDIUM,MEDIUM,MEDIUM,5,COST_BASED,COST_BASED,false,false
1,baseline,1,2026,0.0,0.38738738738738737,NATURAL_GAS_BOILER,SOCIAL_HOUSING,67512,12398,11742,86402,12398,0.0,0.0,0.0,1404.5580738828844,0.0,MEDIUM,MEDIUM,MEDIUM,5,COST_BASED,COST_BASED,false,false
1,baseline,1,2027,0.0,0.38738738738738737,NATURAL_GAS_BOILER,SOCIAL_HOUSING,68438,3434,2508,89836,3434,0.0,0.0,0.0,1322.6039603960396,0.0,MEDIUM,MEDIUM,MEDIUM,5,COST_BASED,COST_BASED,false,false
1,baseline,1,2028,0.0,0.38738738738738737,NATURAL_GAS_BOILER,SOCIAL_HOUSING,68594,1915,1759,91751,1915,0.0,0.0,0.0,1337.2020887728459,0.0,MEDIUM,MEDIUM,MEDIUM,5,COST_BASED,COST_BASED,false,false
1,baseline,1,2029,0.0,0.38738738738738737,NATURAL_GAS_BOILER,SOCIAL_HOUSING,68594,7449,7449,99200,7449,0.0,0.0,0.0,1346.0456437105652,0.0,MEDIUM,MEDIUM,MEDIUM,5,COST_BASED,COST_BASED,false,false
1,baseline,1,2030,0.0,0.45045045045045046,NATURAL_GAS_BOILER,SOCIAL_HOUSING,70105,10794,9283,109994,10794,0.0,0.0,0.0,1201.0609597924772,0.0,MEDIUM,MEDIUM,MEDIUM,5,COST_BASED,COST_BASED,false,false
1,baseline,1,2031,0.0,0.4774774774774775,NATURAL_GAS_BOILER,SOCIAL_HOUSING,70105,2905,2905,112899,2905,0.0,0.0,0.0,1268.530464716007,0.0,MEDIUM,MEDIUM,MEDIUM,5,COST_BASED,COST_BASED,false,false
1,baseline,1,2032,0.0,0.5045045045045045,NATURAL_GAS_BOILER,SOCIAL_HOUSING,71759,8007,6353,120906,8007,0.0,0.0,0.0,1332.0083676782815,0.0,MEDIUM,MEDIUM,MEDIUM,5,COST_BASED,COST_BASED,false,false
1,baseline,1,2033,0.0,0.5135135135135135,NATURAL_GAS_BOILER,SOCIAL_HOUSING,73984,6854,4629,127760,6854,0.0,0.0,0.0,1309.4823460752846,0.0,MEDIUM,MEDIUM,MEDIUM,5,COST_BASED,COST_BASED,false,false
1,baseline,1,2034,0.0,0.5495495495495496,NATURAL_GAS_BOILER,SOCIAL_HOUSING,73992,2587,2579,130347,2587,0.0,0.0,0.0,1321.6180904522614,0.0,MEDIUM,MEDIUM,MEDIUM,5,COST_BASED,COST_BASED,false,false
1,baseline,1,2035,0.0,0.5945945945945946,NATURAL_GAS_BOILER,SOCIAL_HOUSING,75862,8009,6139,138356,8009,0.0,0.0,0.0,1250.3903109002372,0.0,MEDIUM,MEDIUM,MEDIUM,5,COST_BASED,COST_BASED,false,false
1,baseline,1,2036,0.0,0.6306306306306306,NATURAL_GAS_BOILER,SOCIAL_HOUSING,77085,4854,3631,143210,4854,0.0,0.0,0.0,1065.5562422744129,0.0,MEDIUM,MEDIUM,MEDIUM,5,COST_BASED,COST_BASED,false,false
1,baseline,1,2037,0.0,0.6576576576576577,NATURAL_GAS_BOILER,SOCIAL_HOUSING,78968,9762,7879,152972,9762,0.0,0.0,0.0,1385.9023765621798,0.0,MEDIUM,MEDIUM,MEDIUM,5,COST_BASED,COST_BASED,false,false
1,baseline,1,2038,0.0,0.6666666666666666,NATURAL_GAS_BOILER,SOCIAL_HOUSING,79858,13288,12398,166260,13288,0.0,0.0,0.0,1390.2694912703191,0.0,MEDIUM,MEDIUM,MEDIUM,5,COST_BASED,COST_BASED,false,false
1,baseline,1,2039,0.0,0.7027027027027027,NATURAL_GAS_BOILER,SOCIAL_HOUSING,79858,3434,3434,169694,3434,0.0,0.0,0.0,1321.3532323820618,0.0,MEDIUM,MEDIUM,MEDIUM,5,COST_BASED,COST_BASED,false,false
1,baseline,1,2040,0.0,0.7297297297297297,NATURAL_GAS_BOILER,SOCIAL_HOUSING,79858,1915,1915,171609,1915,0.0,0.0,0.0,1336.0120104438643,0.0,MEDIUM,MEDIUM,MEDIUM,5,COST_BASED,COST_BASED,false,false
1,baseline,1,2041,0.0,0.7567567567567568,NATURAL_GAS_BOILER,SOCIAL_HOUSING,79858,7449,7449,179058,7449,0.0,0.0,0.0,1344.9340851120955,0.0,MEDIUM,MEDIUM,MEDIUM,5,COST_BASED,COST_BASED,false,false
1,baseline,1,2042,0.0,0.8018018018018018,NATURAL_GAS_BOILER,SOCIAL_HOUSING,79858,10794,10794,189852,10794,0.0,0.0,0.0,1200.0883824346859,0.0,MEDIUM,MEDIUM,MEDIUM,5,COST_BASED,COST_BASED,false,false
1,baseline,1,2043,0.0,0.8288288288288288,NATURAL_GAS_BOILER,SOCIAL_HOUSING,79858,2905,2905,192757,2905,0.0,0.0,0.0,1267.5710843373495,0.0,MEDIUM,MEDIUM,MEDIUM,5,COST_BASED,COST_BASED,false,false
1,baseline,1,2044,0.0,0.8558558558558559,NATURAL_GAS_BOILER,SOCIAL_HOUSING,79858,8007,8007,200764,8007,0.0,0.0,0.0,1331.05645060572,0.0,MEDIUM,MEDIUM,MEDIUM,5,COST_BASED,COST_BASED,false,false
1,baseline,1,2045,0.0,0.8558558558558559,NATURAL_GAS_BOILER,SOCIAL_HOUSING,79858,6854,6854,207618,6854,0.0,0.0,0.0,1308.5949810329735,0.0,MEDIUM,MEDIUM,MEDIUM,5,COST_BASED,COST_BASED,false,false
1,baseline,1,2046,0.0,0.8558558558558559,NATURAL_GAS_BOILER,SOCIAL_HOUSING,79858,2587,2587,210205,2587,0.0,0.0,0.0,1320.7483571704677,0.0,MEDIUM,MEDIUM,MEDIUM,5,COST_BASED,COST_BASED,false,false
1,baseline,1,2047,0.0,0.8558558558558559,NATURAL_GAS_BOILER,SOCIAL_HOUSING,79858,8009,8009,218214,8009,0.0,0.0,0.0,1249.5629916344112,0.0,MEDIUM,MEDIUM,MEDIUM,5,COST_BASED,COST_BASED,false,false
1,baseline,1,2048,0.0,0.8558558558558559,NATURAL_GAS_BOILER,SOCIAL_HOUSING,79858,4854,4854,223068,4854,0.0,0.0,0.0,1064.836423568191,0.0,MEDIUM,MEDIUM,MEDIUM,5,COST_BASED,COST_BASED,false,false
1,baseline,1,2049,0.0,0.8558558558558559,NATURAL_GAS_BOILER,SOCIAL_HOUSING,79887,9791,9762,232859,9791,0.0,0.0,0.0,1383.856194464304,0.0,MEDIUM,MEDIUM,MEDIUM,5,COST_BASED,COST_BASED,false,false
1,baseline,1,2050,0.0,0.8558558558558559,NATURAL_GAS_BOILER,SOCIAL_HOUSING,79887,13288,13288,246147,13288,0.0,0.0,0.0,1389.4777242624925,0.0,MEDIUM,MEDIUM,MEDIUM,5,COST_BASED,COST_BASED,false,false
1,baseline,1,2024,0.0,0.0,NATURAL_GAS_BOILER,PRIVATELY_RENTED,33831,33831,0,33831,0,0.0,0.0,0.0,0.0,0.0,MEDIUM,MEDIUM,MEDIUM,5,COST_BASED,COST_BASED,false,false
1,baseline,1,2025,0.0,0.38738738738738737,NATURAL_GAS_BOILER,PRIVATELY_RENTED,34332,3333,2832,37164,3584,0.0,0.0,0.0,1398.0906808035713,0.0,MEDIUM,MEDIUM,MEDIUM,5,COST_BASED,COST_BASED,false,false
1,baseline,1,2026,0.0,0.38738738738738737,NATURAL_GAS_BOILER,PRIVATELY_RENTED,34794,3058,2596,40222,3365,0.0,0.0,0.0,1406.1239227340268,0.0,MEDIUM,MEDIUM,MEDIUM,5,COST_BASED,COST_BASED,false,false
1,baseline,1,2027,0.0,0.38738738738738737,NATURAL_GAS_BOILER,PRIVATELY_RENTED,35082,3105,2817,43327,3447,0.0,0.0,0.0,1418.4325500435161,0.0,MEDIUM,MEDIUM,MEDIUM,5,COST_BASED,COST_BASED,false,false
1,baseline,1,2028,0.0,0.38738738738738737,NATURAL_GAS_BOILER,PRIVATELY_RENTED,35311,2943,2714,46270,3681,0.0,0.0,0.0,1385.7766911165445,0.0,MEDIUM,MEDIUM,MEDIUM,5,COST_BASED,COST_BASED,false,false
1,baseline,1,2029,0.0,0.38738738738738737,NATURAL_GAS_BOILER,PRIVATELY_RENTED,35341,2849,2819,49119,3521,0.0,0.0,0.0,1403.3638170974154,0.0,MEDIUM,MEDIUM,MEDIUM,5,COST_BASED,COST_BASED,false,false
1,baseline,1,2030,0.0,0.45045045045045046,NATURAL_GAS_BOILER,PRIVATELY_RENTED,35413,3105,3033,52224,3798,0.0,0.0,0.0,1368.071879936809,0.0,MEDIUM,MEDIUM,MEDIUM,5,COST_BASED,COST_BASED,false,false
1,baseline,1,2031,0.0,0.4774774774774775,NATURAL_GAS_BOILER,PRIVATELY_RENTED,35298,2878,2993,55102,3670,0.0,0.0,0.0,1398.1280653950953,0.0,MEDIUM,MEDIUM,MEDIUM,5,COST_BASED,COST_BASED,false,false
1,baseline,1,2032,0.0,0.5045045045045045,NATURAL_GAS_BOILER,PRIVATELY_RENTED,35423,3149,3024,58251,4114,0.0,0.0,0.0,1362.3249878463782,0.0,MEDIUM,MEDIUM,MEDIUM,5,COST_BASED,COST_BASED,false,false
1,baseline,1,2033,0.0,0.5135135135135135,NATURAL_GAS_BOILER,PRIVATELY_RENTED,35361,2692,2754,60943,3703,0.0,0.0,0.0,1403.6065352416958,0.0,MEDIUM,MEDIUM,MEDIUM,5,COST_BASED,COST_BASED,false,false
1,baseline,1,2034,0.0,0.5495495495495496,NATURAL_GAS_BOILER,PRIVATELY_RENTED,34902,2369,2828,63312,3457,0.0,0.0,0.0,1407.6794908880531,0.0,MEDIUM,MEDIUM,MEDIUM,5,COST_BASED,COST_BASED,false,false
1,baseline,1,2035,0.0,0.5945945945945946,NATURAL_GAS_BOILER,PRIVATELY_RENTED,34431,2290,2761,65602,3549,0.0,0.0,0.0,1408.8207945900253,0.0,MEDIUM,MEDIUM,MEDIUM,5,COST_BASED,COST_BASED,false,false
1,baseline,1,2036,0.0,0.6306306306306306,NATURAL_GAS_BOILER,PRIVATELY_RENTED,33851,2080,2660,67682,3336,0.0,0.0,0.0,1447.1831534772182,0.0,MEDIUM,MEDIUM,MEDIUM,5,COST_BASED,COST_BASED,false,false
1,baseline,1,2037,0.0,0.6576576576576577,NATURAL_GAS_BOILER,PRIVATELY_RENTED,32859,2341,3333,70023,3586,0.0,0.0,0.0,1386.1160066926939,0.0,MEDIUM,MEDIUM,MEDIUM,5,COST_BASED,COST_BASED,false,false
1,baseline,1,2038,0.0,0.6666666666666666,NATURAL_GAS_BOILER,PRIVATELY_RENTED,31942,2141,3058,72164,3416,0.0,0.0,0.0,1388.077868852459,0.0,MEDIUM,MEDIUM,MEDIUM,5,COST_BASED,COST_BASED,false,false
1,baseline,1,2039,0.0,0.7027027027027027,NATURAL_GAS_BOILER,PRIVATELY_RENTED,31055,2218,3105,74382,3512,0.0,0.0,0.0,1368.388097949886,0.0,MEDIUM,MEDIUM,MEDIUM,5,COST_BASED,COST_BASED,false,false
1,baseline,1,2040,0.0,0.7297297297297297,NATURAL_GAS_BOILER,PRIVATELY_RENTED,30174,2062,2943,76444,3370,0.0,0.0,0.0,1381.9243323442136,0.0,MEDIUM,MEDIUM,MEDIUM,5,COST_BASED,COST_BASED,false,false
1,baseline,1,2041,0.0,0.7567567567567568,NATURAL_GAS_BOILER,PRIVATELY_RENTED,29345,2020,2849,78464,3312,0.0,0.0,0.0,1370.501811594203,0.0,MEDIUM,MEDIUM,MEDIUM,5,COST_BASED,COST_BASED,false,false
1,baseline,1,2042,0.0,0.8018018018018018,NATURAL_GAS_BOILER,PRIVATELY_RENTED,28460,2220,3105,80684,3538,0.0,0.0,0.0,1354.0016958733747,0.0,MEDIUM,MEDIUM,MEDIUM,5,COST_BASED,COST_BASED,false,false
1,baseline,1,2043,0.0,0.8288288288288288,NATURAL_GAS_BOILER,PRIVATELY_RENTED,27697,2115,2878,82799,3833,0.0,0.0,0.0,1342.1354030785285,0.0,MEDIUM,MEDIUM,MEDIUM,5,COST_BASED,COST_BASED,false,false
1,baseline,1,2044,0.0,0.8558558558558559,NATURAL_GAS_BOILER,PRIVATELY_RENTED,26824,2276,3149,85075,3916,0.0,0.0,0.0,1347.382277834525,0.0,MEDIUM,MEDIUM,MEDIUM,5,COST_BASED,COST_BASED,false,false
1,baseline,1,2045,0.0,0.8558558558558559,NATURAL_GAS_BOILER,PRIVATELY_RENTED,26075,1943,2692,87018,3514,0.0,0.0,0.0,1382.7424587364826,0.0,MEDIUM,MEDIUM,MEDIUM,5,COST_BASED,COST_BASED,false,false
1,baseline,1,2046,0.0,0.8558558558558559,NATURAL_GAS_BOILER,PRIVATELY_RENTED,25375,1669,2369,88687,3237,0.0,0.0,0.0,1398.7880753784368,0.0,MEDIUM,MEDIUM,MEDIUM,5,COST_BASED,COST_BASED,false,false
1,baseline,1,2047,0.0,0.8558558558558559,NATURAL_GAS_BOILER,PRIVATELY_RENTED,24774,1689,2290,90376,3377,0.0,0.0,0.0,1403.402724311519,0.0,MEDIUM,MEDIUM,MEDIUM,5,COST_BASED,COST_BASED,false,false
1,baseline,1,2048,0.0,0.8558558558558559,NATURAL_GAS_BOILER,PRIVATELY_RENTED,24216,1522,2080,91898,3264,0.0,0.0,0.0,1430.3051470588234,0.0,MEDIUM,MEDIUM,MEDIUM,5,COST_BASED,COST_BASED,false,false
1,baseline,1,2049,0.0,0.8558558558558559,NATURAL_GAS_BOILER,PRIVATELY_RENTED,23599,1724,2341,93622,3519,0.0,0.0,0.0,1395.7564649048024,0.0,MEDIUM,MEDIUM,MEDIUM,5,COST_BASED,COST_BASED,false,false
1,baseline,1,2050,0.0,0.8558558558558559,NATURAL_GAS_BOILER,PRIVATELY_RENTED,23047,1589,2141,95211,3557,0.0,0.0,0.0,1388.9024458813608,0.0,MEDIUM,MEDIUM,MEDIUM,5,COST_BASED,COST_BASED,false,false
1,baseline,1,2024,0.0,0.0,NATURAL_GAS_BLOCK,TOTAL,27212,27212,0,27212,0,0.0,0.0,0.0,0.0,0.0,MEDIUM,MEDIUM,MEDIUM,5,COST_BASED,COST_BASED,false,false
1,baseline,1,2025,0.0,0.38738738738738737,NATURAL_GAS_BLOCK,TOTAL,24615,0,2597,27212,23085,0.2853779407929024,0.5218428891156148,0.15843105044809072,1441.7361923326835,0.6916159671691836,MEDIUM,MEDIUM,MEDIUM,5,COST_BASED,COST_BASED,false,false
1,baseline,1,2026,0.0,0.38738738738738737,NATURAL_GAS_BLOCK,TOTAL,22221,2,2396,27214,26853,0.28709865121806744,0.5340733917022376,0.14293445042484046,1442.585148772949,0.7114686184457357,MEDIUM,MEDIUM,MEDIUM,5,COST_BASED,COST_BASED,false,false
1,baseline,1,2027,0.0,0.38738738738738737,NATURAL_GAS_BLOCK,TOTAL,19540,3,2684,27217,17907,0.2870828932424598,0.5249107535696007,0.13155953030929893,1445.3482437035796,0.6991504657551225,MEDIUM,MEDIUM,MEDIUM,5,COST_BASED,COST_BASED,false,false
1,baseline,1,2028,0.0,0.38738738738738737,NATURAL_GAS_BLOCK,TOTAL,17684,1,1857,27218,17017,0.28470299276186106,0.5398347558553803,0.11659557361726586,1445.310277957337,0.7240019388904458,MEDIUM,MEDIUM,MEDIUM,5,COST_BASED,COST_BASED,false,false
1,baseline,1,2029,0.0,0.38738738738738737,NATURAL_GAS_BLOCK,TOTAL,15982,0,1702,27218,22422,0.284432377045359,0.527939488693185,0.1047317167912218,1435.7963161180983,0.7077096741795358,MEDIUM,MEDIUM,MEDIUM,5,COST_BASED,COST_BASED,false,false
1,baseline,1,2030,0.0,0.45045045045045046,NATURAL_GAS_BLOCK,TOTAL,13897,1,2086,27219,26674,0.2863731210104756,0.5267630978794307,0.09030501164195356,1351.8482417335233,0.7072632401112838,MEDIUM,MEDIUM,MEDIUM,5,COST_BASED,COST_BASED,false,false
1,baseline,1,2031,0.0,0.4774774774774775,NATURAL_GAS_BLOCK,TOTAL,12207,0,1690,27219,18957,0.2859529887855285,0.5215058111013655,0.07637777876284173,1433.1164741256528,0.7012232471103126,MEDIUM,MEDIUM,MEDIUM,5,COST_BASED,COST_BASED,false,false
1,baseline,1,2032,0.0,0.5045045045045045,NATURAL_GAS_BLOCK,TOTAL,10312,0,1895,27219,24455,0.2870579622712708,0.5209973201628446,0.06408514017227021,1412.372071151094,0.7017208471549194,MEDIUM,MEDIUM,MEDIUM,5,COST_BASED,COST_BASED,false,false
1,baseline,1,2033,0.0,0.5135135135135135,NATURAL_GAS_BLOCK,TOTAL,6223,0,4089,27219,22879,0.28685247658339486,0.5191587092218108,0.05060560810561838,1419.4635692119411,0.7006992436736575,MEDIUM,MEDIUM,MEDIUM,5,COST_BASED,COST_BASED,false,false
1,baseline,1,2034,0.0,0.5495495495495496,NATURAL_GAS_BLOCK,TOTAL,4157,0,2066,27219,19607,0.28719948798329076,0.5217833457401642,0.03565349796751938,1402.7394807976743,0.7064184593684867,MEDIUM,MEDIUM,MEDIUM,5,COST_BASED,COST_BASED,false,false
1,baseline,1,2035,0.0,0.5945945945945946,NATURAL_GAS_BLOCK,TOTAL,1834,0,2323,27219,23798,0.2851698931739208,0.5223889651472213,0.019997693951936325,1380.8481805193715,0.7097912626833565,MEDIUM,MEDIUM,MEDIUM,5,COST_BASED,COST_BASED,false,false
1,baseline,1,2036,0.0,0.6306306306306306,NATURAL_GAS_BLOCK,TOTAL,7,0,1827,27219,19497,0.2850585859951405,0.5208410972590167,0.00632408460627757,1377.7575524439658,0.7092064888139541,MEDIUM,MEDIUM,MEDIUM,5,COST_BASED,COST_BASED,false,false
1,baseline,1,2037,0.0,0.6576576576576577,NATURAL_GAS_BLOCK,TOTAL,7,0,0,27219,21851,0.33236907103790375,0.5185394366171511,3.416504095877407E-5,1397.3141732643815,0.694712616536131,MEDIUM,MEDIUM,MEDIUM,5,COST_BASED,COST_BASED,false,false
1,baseline,1,2038,0.0,0.6666666666666666,NATURAL_GAS_BLOCK,TOTAL,5,0,2,27219,21914,0.3823362634338675,0.5386594802963303,5.248855922782984E-5,1402.2622980742904,0.7123985935161233,MEDIUM,MEDIUM,MEDIUM,5,COST_BASED,COST_BASED,false,false
1,baseline,1,2039,0.0,0.7027027027027027,NATURAL_GAS_BLOCK,TOTAL,2,0,3,27219,10882,0.3858660030466714,0.5303358381856842,7.207100252026341E-5,1372.6028303620658,0.6990282476415429,MEDIUM,MEDIUM,MEDIUM,5,COST_BASED,COST_BASED,false,false
1,baseline,1,2040,0.0,0.7297297297297297,NATURAL_GAS_BLOCK,TOTAL,1,0,1,27219,13334,0.2825531119589135,0.49870895641900026,9.74593963119674E-6,1462.9645267736614,0.6774239383963166,MEDIUM,MEDIUM,MEDIUM,5,COST_BASED,COST_BASED,false,false
1,baseline,1,2041,0.0,0.7567567567567568,NATURAL_GAS_BLOCK,TOTAL,1,0,0,27219,20054,0.2733089393455249,0.5051060823398303,6.168647591398609E-6,1446.94799042585,0.6893311175924036,MEDIUM,MEDIUM,MEDIUM,5,COST_BASED,COST_BASED,false,false
1,baseline,1,2042,0.0,0.8018018018018018,NATURAL_GAS_BLOCK,TOTAL,0,0,1,27219,22299,0.26494263200838647,0.5039102097328473,7.195336019438593E-6,1344.1093771021121,0.6896287571801708,MEDIUM,MEDIUM,MEDIUM,5,COST_BASED,COST_BASED,false,false
1,baseline,1,2043,0.0,0.8288288288288288,NATURAL_GAS_BLOCK,TOTAL,0,0,0,27219,14297,0.26010030560134006,0.521443313954511,0.0,1401.7996782541793,0.717139894531432,MEDIUM,MEDIUM,MEDIUM,5,COST_BASED,COST_BASED,false,false
1,baseline,1,2044,0.0,0.8558558558558559,NATURAL_GAS_BLOCK,TOTAL,0,0,0,27219,19654,0.2523317621207148,0.5116588228614715,0.0,1402.12592856416,0.7044052937620269,MEDIUM,MEDIUM,MEDIUM,5,COST_BASED,COST_BASED,false,false
1,baseline,1,2045,0.0,0.8558558558558559,NATURAL_GAS_BLOCK,TOTAL,0,0,0,27219,20537,0.2689302891954881,0.512644549443629,0.0,1431.9730729902128,0.7017342518665697,MEDIUM,MEDIUM,MEDIUM,5,COST_BASED,COST_BASED,false,false
1,baseline,1,2046,0.0,0.8558558558558559,NATURAL_GAS_BLOCK,TOTAL,0,0,0,27219,15347,0.25349877722439407,0.5083431553144282,0.0,1445.0570795595231,0.6991400386655443,MEDIUM,MEDIUM,MEDIUM,5,COST_BASED,COST_BASED,false,false
1,baseline,1,2047,0.0,0.8558558558558559,NATURAL_GAS_BLOCK,TOTAL,0,0,0,27219,21179,0.249984568854818,0.5065563015583519,0.0,1393.5324141838614,0.6973383101238209,MEDIUM,MEDIUM,MEDIUM,5,COST_BASED,COST_BASED,false,false
1,baseline,1,2048,0.0,0.8558558558558559,NATURAL_GAS_BLOCK,TOTAL,0,0,0,27219,18252,0.25230017490301226,0.5023849332249202,0.0,1369.7326320403245,0.690502356111627,MEDIUM,MEDIUM,MEDIUM,5,COST_BASED,COST_BASED,false,false
1,baseline,1,2049,0.0,0.8558558558558559,NATURAL_GAS_BLOCK,TOTAL,0,0,0,27219,25926,0.27182438320435337,0.5065742908752724,0.0,1408.1321067654092,0.6919053405118174,MEDIUM,MEDIUM,MEDIUM,5,COST_BASED,COST_BASED,false,false
1,baseline,1,2050,0.0,0.8558558558558559,NATURAL_GAS_BLOCK,TOTAL,0,0,0,27219,27973,0.26804255758220097,0.5178558658575122,0.0,1421.2091302327244,0.7097731593907218,MEDIUM,MEDIUM,MEDIUM,5,COST_BASED,COST_BASED,false,false
1,baseline,1,2024,0.0,0.0,NATURAL_GAS_BLOCK,PRIVATELY_OWNED,16871,16871,0,16871,0,0.0,0.0,0.0,0.0,0.0,MEDIUM,MEDIUM,MEDIUM,5,COST_BASED,COST_BASED,false,false
1,baseline,1,2025,0.0,0.38738738738738737,NATURAL_GAS_BLOCK,PRIVATELY_OWNED,15388,0,1483,16871,11622,0.2853779407929024,0.5218428891156148,0.15843105044809072,1484.9282395456892,0.6916159671691836,MEDIUM,MEDIUM,MEDIUM,5,COST_BASED,COST_BASED,false,false
1,baseline,1,2026,0.0,0.38738738738738737,NATURAL_GAS_BLOCK,PRIVATELY_OWNED,14084,2,1306,16873,11090,0.28709865121806744,0.5340733917022376,0.14293445042484046,1495.8155094679892,0.7114686184457357,MEDIUM,MEDIUM,MEDIUM,5,COST_BASED,COST_BASED,false,false
1,baseline,1,2027,0.0,0.38738738738738737,NATURAL_GAS_BLOCK,PRIVATELY_OWNED,12734,3,1353,16876,11026,0.2870828932424598,0.5249107535696007,0.13155953030929893,1491.6890077997462,0.6991504657551225,MEDIUM,MEDIUM,MEDIUM,5,COST_BASED,COST_BASED,false,false
1,baseline,1,2028,0.0,0.38738738738738737,NATURAL_GAS_BLOCK,PRIVATELY_OWNED,11443,1,1292,16877,11421,0.28470299276186106,0.5398347558553803,0.11659557361726586,1482.3349093774625,0.7240019388904458,MEDIUM,MEDIUM,MEDIUM,5,COST_BASED,COST_BASED,false,false
1,baseline,1,2029,0.0,0.38738738738738737,NATURAL_GAS_BLOCK,PRIVATELY_OWNED,10116,0,1327,16877,11452,0.284432377045359,0.527939488693185,0.1047317167912218,1503.4758120852252,0.7077096741795358,MEDIUM,MEDIUM,MEDIUM,5,COST_BASED,COST_BASED,false,false
1,baseline,1,2030,0.0,0.45045045045045046,NATURAL_GAS_BLOCK,PRIVATELY_OWNED,8645,1,1472,16878,12082,0.2863731210104756,0.5267630978794307,0.09030501164195356,1480.491392153617,0.7072632401112838,MEDIUM,MEDIUM,MEDIUM,5,COST_BASED,COST_BASED,false,false
1,baseline,1,2031,0.0,0.4774774774774775,NATURAL_GAS_BLOCK,PRIVATELY_OWNED,7345,0,1300,16878,12382,0.2859529887855285,0.5215058111013655,0.07637777876284173,1481.5711516717815,0.7012232471103126,MEDIUM,MEDIUM,MEDIUM,5,COST_BASED,COST_BASED,false,false
1,baseline,1,2032,0.0,0.5045045045045045,NATURAL_GAS_BLOCK,PRIVATELY_OWNED,5953,0,1392,16878,12334,0.2870579622712708,0.5209973201628446,0.06408514017227021,1480.1788551970164,0.7017208471549194,MEDIUM,MEDIUM,MEDIUM,5,COST_BASED,COST_BASED,false,false
1,baseline,1,2033,0.0,0.5135135135135135,NATURAL_GAS_BLOCK,PRIVATELY_OWNED,4553,0,1400,16878,12322,0.28685247658339486,0.5191587092218108,0.05060560810561838,1484.3742898880053,0.7006992436736575,MEDIUM,MEDIUM,MEDIUM,5,COST_BASED,COST_BASED,false,false
1,baseline,1,2034,0.0,0.5495495495495496,NATURAL_GAS_BLOCK,PRIVATELY_OWNED,2847,0,1706,16878,13563,0.28719948798329076,0.5217833457401642,0.03565349796751938,1416.371083093711,0.7064184593684867,MEDIUM,MEDIUM,MEDIUM,5,COST_BASED,COST_BASED,false,false
1,baseline,1,2035,0.0,0.5945945945945946,NATURAL_GAS_BLOCK,PRIVATELY_OWNED,1360,0,1487,16878,12240,0.2851698931739208,0.5223889651472213,0.019997693951936325,1456.8506535947713,0.7097912626833565,MEDIUM,MEDIUM,MEDIUM,5,COST_BASED,COST_BASED,false,false
1,baseline,1,2036,0.0,0.6306306306306306,NATURAL_GAS_BLOCK,PRIVATELY_OWNED,7,0,1353,16878,11307,0.2850585859951405,0.5208410972590167,0.00632408460627757,1490.314053241355,0.7092064888139541,MEDIUM,MEDIUM,MEDIUM,5,COST_BASED,COST_BASED,false,false
1,baseline,1,2037,0.0,0.6576576576576577,NATURAL_GAS_BLOCK,PRIVATELY_OWNED,7,0,0,16878,8503,0.33236907103790375,0.5185394366171511,3.416504095877407E-5,1412.7439727155122,0.694712616536131,MEDIUM,MEDIUM,MEDIUM,5,COST_BASED,COST_BASED,false,false
1,baseline,1,2038,0.0,0.6666666666666666,NATURAL_GAS_BLOCK,PRIVATELY_OWNED,5,0,2,16878,5210,0.3823362634338675,0.5386594802963303,5.248855922782984E-5,1436.9191938579654,0.7123985935161233,MEDIUM,MEDIUM,MEDIUM,5,COST_BASED,COST_BASED,false,false
1,baseline,1,2039,0.0,0.7027027027027027,NATURAL_GAS_BLOCK,PRIVATELY_OWNED,2,0,3,16878,3936,0.3858660030466714,0.5303358381856842,7.207100252026341E-5,1418.0071138211383,0.6990282476415429,MEDIUM,MEDIUM,MEDIUM,5,COST_BASED,COST_BASED,false,false
1,baseline,1,2040,0.0,0.7297297297297297,NATURAL_GAS_BLOCK,PRIVATELY_OWNED,1,0,1,16878,8049,0.2825531119589135,0.49870895641900026,9.74593963119674E-6,1525.9199900608771,0.6774239383963166,MEDIUM,MEDIUM,MEDIUM,5,COST_BASED,COST_BASED,false,false
1,baseline,1,2041,0.0,0.7567567567567568,NATURAL_GAS_BLOCK,PRIVATELY_OWNED,1,0,0,16878,9293,0.2733089393455249,0.5051060823398303,6.168647591398609E-6,1553.8632303884644,0.6893311175924036,MEDIUM,MEDIUM,MEDIUM,5,COST_BASED,COST_BASED,false,false
1,baseline,1,2042,0.0,0.8018018018018018,NATURAL_GAS_BLOCK,PRIVATELY_OWNED,0,0,1,16878,7967,0.26494263200838647,0.5039102097328473,7.195336019438593E-6,1531.6188025605622,0.6896287571801708,MEDIUM,MEDIUM,MEDIUM,5,COST_BASED,COST_BASED,false,false
1,baseline,1,2043,0.0,0.8288288288288288,NATURAL_GAS_BLOCK,PRIVATELY_OWNED,0,0,0,16878,7559,0.26010030560134006,0.521443313954511,0.0,1481.8945627728535,0.717139894531432,MEDIUM,MEDIUM,MEDIUM,5,COST_BASED,COST_BASED,false,false
1,baseline,1,2044,0.0,0.8558558558558559,NATURAL_GAS_BLOCK,PRIVATELY_OWNED,0,0,0,16878,7731,0.2523317621207148,0.5116588228614715,0.0,1500.3343681283145,0.7044052937620269,MEDIUM,MEDIUM,MEDIUM,5,COST_BASED,COST_BASED,false,false
1,baseline,1,2045,0.0,0.8558558558558559,NATURAL_GAS_BLOCK,PRIVATELY_OWNED,0,0,0,16878,10169,0.2689302891954881,0.512644549443629,0.0,1530.001475071295,0.7017342518665697,MEDIUM,MEDIUM,MEDIUM,5,COST_BASED,COST_BASED,false,false
1,baseline,1,2046,0.0,0.8558558558558559,NATURAL_GAS_BLOCK,PRIVATELY_OWNED,0,0,0,16878,9523,0.25349877722439407,0.5083431553144282,0.0,1493.2125380657355,0.6991400386655443,MEDIUM,MEDIUM,MEDIUM,5,COST_BASED,COST_BASED,false,false
1,baseline,1,2047,0.0,0.8558558558558559,NATURAL_GAS_BLOCK,PRIVATELY_OWNED,0,0,0,16878,9793,0.249984568854818,0.5065563015583519,0.0,1505.355764321454,0.6973383101238209,MEDIUM,MEDIUM,MEDIUM,5,COST_BASED,COST_BASED,false,false
1,baseline,1,2048,0.0,0.8558558558558559,NATURAL_GAS_BLOCK,PRIVATELY_OWNED,0,0,0,16878,10134,0.25230017490301226,0.5023849332249202,0.0,1494.5528912571542,0.690502356111627,MEDIUM,MEDIUM,MEDIUM,5,COST_BASED,COST_BASED,false,false
1,baseline,1,2049,0.0,0.8558558558558559,NATURAL_GAS_BLOCK,PRIVATELY_OWNED,0,0,0,16878,12616,0.27182438320435337,0.5065742908752724,0.0,1427.9571972098922,0.6919053405118174,MEDIUM,MEDIUM,MEDIUM,5,COST_BASED,COST_BASED,false,false
1,baseline,1,2050,0.0,0.8558558558558559,NATURAL_GAS_BLOCK,PRIVATELY_OWNED,0,0,0,16878,11128,0.26804255758220097,0.5178558658575122,0.0,1465.7617721063982,0.7097731593907218,MEDIUM,MEDIUM,MEDIUM,5,COST_BASED,COST_BASED,false,false
1,baseline,1,2024,0.0,0.0,NATURAL_GAS_BLOCK,SOCIAL_HOUSING,5461,5461,0,5461,0,0.0,0.0,0.0,0.0,0.0,MEDIUM,MEDIUM,MEDIUM,5,COST_BASED,COST_BASED,false,false
1,baseline,1,2025,0.0,0.38738738738738737,NATURAL_GAS_BLOCK,SOCIAL_HOUSING,4772,0,689,5461,7879,0.0,0.0,0.0,1397.8787917248383,0.0,MEDIUM,MEDIUM,MEDIUM,5,COST_BASED,COST_BASED,false,false
1,baseline,1,2026,0.0,0.38738738738738737,NATURAL_GAS_BLOCK,SOCIAL_HOUSING,4116,0,656,5461,12398,0.0,0.0,0.0,1404.8013389256332,0.0,MEDIUM,MEDIUM,MEDIUM,5,COST_BASED,COST_BASED,false,false
1,baseline,1,2027,0.0,0.38738738738738737,NATURAL_GAS_BLOCK,SOCIAL_HOUSING,3190,0,926,5461,3434,0.0,0.0,0.0,1323.077169481654,0.0,MEDIUM,MEDIUM,MEDIUM,5,COST_BASED,COST_BASED,false,false
1,baseline,1,2028,0.0,0.38738738738738737,NATURAL_GAS_BLOCK,SOCIAL_HOUSING,3034,0,156,5461,1915,0.0,0.0,0.0,1337.7838120104439,0.0,MEDIUM,MEDIUM,MEDIUM,5,COST_BASED,COST_BASED,false,false
1,baseline,1,2029,0.0,0.38738738738738737,NATURAL_GAS_BLOCK,SOCIAL_HOUSING,3034,0,0,5461,7449,0.0,0.0,0.0,1346.7392938649484,0.0,MEDIUM,MEDIUM,MEDIUM,5,COST_BASED,COST_BASED,false,false
1,baseline,1,2030,0.0,0.45045045045045046,NATURAL_GAS_BLOCK,SOCIAL_HOUSING,2842,0,192,5461,10794,0.0,0.0,0.0,1201.847322586622,0.0,MEDIUM,MEDIUM,MEDIUM,5,COST_BASED,COST_BASED,false,false
1,baseline,1,2031,0.0,0.4774774774774775,NATURAL_GAS_BLOCK,SOCIAL_HOUSING,2842,0,0,5461,2905,0.0,0.0,0.0,1269.5056798623064,0.0,MEDIUM,MEDIUM,MEDIUM,5,COST_BASED,COST_BASED,false,false
1,baseline,1,2032,0.0,0.5045045045045045,NATURAL_GAS_BLOCK,SOCIAL_HOUSING,2755,0,87,5461,8007,0.0,0.0,0.0,1333.0814287498438,0.0,MEDIUM,MEDIUM,MEDIUM,5,COST_BASED,COST_BASED,false,false
1,baseline,1,2033,0.0,0.5135135135135135,NATURAL_GAS_BLOCK,SOCIAL_HOUSING,530,0,2225,5461,6854,0.0,0.0,0.0,1310.6708491391887,0.0,MEDIUM,MEDIUM,MEDIUM,5,COST_BASED,COST_BASED,false,false
1,baseline,1,2034,0.0,0.5495495495495496,NATURAL_GAS_BLOCK,SOCIAL_HOUSING,522,0,8,5461,2587,0.0,0.0,0.0,1322.9130266718207,0.0,MEDIUM,MEDIUM,MEDIUM,5,COST_BASED,COST_BASED,false,false
1,baseline,1,2035,0.0,0.5945945945945946,NATURAL_GAS_BLOCK,SOCIAL_HOUSING,102,0,420,5461,8009,0.0,0.0,0.0,1251.679860157323,0.0,MEDIUM,MEDIUM,MEDIUM,5,COST_BASED,COST_BASED,false,false
1,baseline,1,2036,0.0,0.6306306306306306,NATURAL_GAS_BLOCK,SOCIAL_HOUSING,0,0,102,5461,4854,0.0,0.0,0.0,1066.8139678615576,0.0,MEDIUM,MEDIUM,MEDIUM,5,COST_BASED,COST_BASED,false,false
1,baseline,1,2037,0.0,0.6576576576576577,NATURAL_GAS_BLOCK,SOCIAL_HOUSING,0,0,0,5461,9762,0.0,0.0,0.0,1387.4269616881786,0.0,MEDIUM,MEDIUM,MEDIUM,5,COST_BASED,COST_BASED,false,false
1,baseline,1,2038,0.0,0.6666666666666666,NATURAL_GAS_BLOCK,SOCIAL_HOUSING,0,0,0,5461,13288,0.0,0.0,0.0,1391.8969747140277,0.0,MEDIUM,MEDIUM,MEDIUM,5,COST_BASED,COST_BASED,false,false
1,baseline,1,2039,0.0,0.7027027027027027,NATURAL_GAS_BLOCK,SOCIAL_HOUSING,0,0,0,5461,3434,0.0,0.0,0.0,1323.0768782760629,0.0,MEDIUM,MEDIUM,MEDIUM,5,COST_BASED,COST_BASED,false,false
1,baseline,1,2040,0.0,0.7297297297297297,NATURAL_GAS_BLOCK,SOCIAL_HOUSING,0,0,0,5461,1915,0.0,0.0,0.0,1337.7838120104439,0.0,MEDIUM,MEDIUM,MEDIUM,5,COST_BASED,COST_BASED,false,false
1,baseline,1,2041,0.0,0.7567567567567568,NATURAL_GAS_BLOCK,SOCIAL_HOUSING,0,0,0,5461,7449,0.0,0.0,0.0,1346.7390253725332,0.0,MEDIUM,MEDIUM,MEDIUM,5,COST_BASED,COST_BASED,false,false
1,baseline,1,2042,0.0,0.8018018018018018,NATURAL_GAS_BLOCK,SOCIAL_HOUSING,0,0,0,5461,10794,0.0,0.0,0.0,1201.847137298499,0.0,MEDIUM,MEDIUM,MEDIUM,5,COST_BASED,COST_BASED,false,false
1,baseline,1,2043,0.0,0.8288288288288288,NATURAL_GAS_BLOCK,SOCIAL_HOUSING,0,0,0,5461,2905,0.0,0.0,0.0,1269.5056798623064,0.0,MEDIUM,MEDIUM,MEDIUM,5,COST_BASED,COST_BASED,false,false
1,baseline,1,2044,0.0,0.8558558558558559,NATURAL_GAS_BLOCK,SOCIAL_HOUSING,0,0,0,5461,8007,0.0,0.0,0.0,1333.0814287498438,0.0,MEDIUM,MEDIUM,MEDIUM,5,COST_BASED,COST_BASED,false,false
1,baseline,1,2045,0.0,0.8558558558558559,NATURAL_GAS_BLOCK,SOCIAL_HOUSING,0,0,0,5461,6854,0.0,0.0,0.0,1310.6708491391887,0.0,MEDIUM,MEDIUM,MEDIUM,5,COST_BASED,COST_BASED,false,false
1,baseline,1,2046,0.0,0.8558558558558559,NATURAL_GAS_BLOCK,SOCIAL_HOUSING,0,0,0,5461,2587,0.0,0.0,0.0,1322.9130266718207,0.0,MEDIUM,MEDIUM,MEDIUM,5,COST_BASED,COST_BASED,false,false
1,baseline,1,2047,0.0,0.8558558558558559,NATURAL_GAS_BLOCK,SOCIAL_HOUSING,0,0,0,5461,8009,0.0,0.0,0.0,1251.679860157323,0.0,MEDIUM,MEDIUM,MEDIUM,5,COST_BASED,COST_BASED,false,false
1,baseline,1,2048,0.0,0.8558558558558559,NATURAL_GAS_BLOCK,SOCIAL_HOUSING,0,0,0,5461,4854,0.0,0.0,0.0,1066.8139678615576,0.0,MEDIUM,MEDIUM,MEDIUM,5,COST_BASED,COST_BASED,false,false
1,baseline,1,2049,0.0,0.8558558558558559,NATURAL_GAS_BLOCK,SOCIAL_HOUSING,0,0,0,5461,9791,0.0,0.0,0.0,1386.1895618425085,0.0,MEDIUM,MEDIUM,MEDIUM,5,COST_BASED,COST_BASED,false,false
1,baseline,1,2050,0.0,0.8558558558558559,NATURAL_GAS_BLOCK,SOCIAL_HOUSING,0,0,0,5461,13288,0.0,0.0,0.0,1391.8969747140277,0.0,MEDIUM,MEDIUM,MEDIUM,5,COST_BASED,COST_BASED,false,false
1,baseline,1,2024,0.0,0.0,NATURAL_GAS_BLOCK,PRIVATELY_RENTED,4880,4880,0,4880,0,0.0,0.0,0.0,0.0,0.0,MEDIUM,MEDIUM,MEDIUM,5,COST_BASED,COST_BASED,false,false
1,baseline,1,2025,0.0,0.38738738738738737,NATURAL_GAS_BLOCK,PRIVATELY_RENTED,4455,0,425,4880,3584,0.0,0.0,0.0,1398.0906808035713,0.0,MEDIUM,MEDIUM,MEDIUM,5,COST_BASED,COST_BASED,false,false
1,baseline,1,2026,0.0,0.38738738738738737,NATURAL_GAS_BLOCK,PRIVATELY_RENTED,4021,0,434,4880,3365,0.0,0.0,0.0,1406.3649331352156,0.0,MEDIUM,MEDIUM,MEDIUM,5,COST_BASED,COST_BASED,false,false
1,baseline,1,2027,0.0,0.38738738738738737,NATURAL_GAS_BLOCK,PRIVATELY_RENTED,3616,0,405,4880,3447,0.0,0.0,0.0,1418.9268929503917,0.0,MEDIUM,MEDIUM,MEDIUM,5,COST_BASED,COST_BASED,false,false
1,baseline,1,2028,0.0,0.38738738738738737,NATURAL_GAS_BLOCK,PRIVATELY_RENTED,3207,0,409,4880,3681,0.0,0.0,0.0,1386.373811464276,0.0,MEDIUM,MEDIUM,MEDIUM,5,COST_BASED,COST_BASED,false,false
1,baseline,1,2029,0.0,0.38738738738738737,NATURAL_GAS_BLOCK,PRIVATELY_RENTED,2832,0,375,4880,3521,0.0,0.0,0.0,1404.0781028117012,0.0,MEDIUM,MEDIUM,MEDIUM,5,COST_BASED,COST_BASED,false,false
1,baseline,1,2030,0.0,0.45045045045045046,NATURAL_GAS_BLOCK,PRIVATELY_RENTED,2410,0,422,4880,3798,0.0,0.0,0.0,1368.9212743549238,0.0,MEDIUM,MEDIUM,MEDIUM,5,COST_BASED,COST_BASED,false,false
1,baseline,1,2031,0.0,0.4774774774774775,NATURAL_GAS_BLOCK,PRIVATELY_RENTED,2020,0,390,4880,3670,0.0,0.0,0.0,1399.1446866485014,0.0,MEDIUM,MEDIUM,MEDIUM,5,COST_BASED,COST_BASED,false,false
1,baseline,1,2032,0.0,0.5045045045045045,NATURAL_GAS_BLOCK,PRIVATELY_RENTED,1604,0,416,4880,4114,0.0,0.0,0.0,1363.4054448225572,0.0,MEDIUM,MEDIUM,MEDIUM,5,COST_BASED,COST_BASED,false,false
1,baseline,1,2033,0.0,0.5135135135135135,NATURAL_GAS_BLOCK,PRIVATELY_RENTED,1140,0,464,4880,3703,0.0,0.0,0.0,1404.8363489062922,0.0,MEDIUM,MEDIUM,MEDIUM,5,COST_BASED,COST_BASED,false,false
1,baseline,1,2034,0.0,0.5495495495495496,NATURAL_GAS_BLOCK,PRIVATELY_RENTED,788,0,352,4880,3457,0.0,0.0,0.0,1408.9950824414232,0.0,MEDIUM,MEDIUM,MEDIUM,5,COST_BASED,COST_BASED,false,false
1,baseline,1,2035,0.0,0.5945945945945946,NATURAL_GAS_BLOCK,PRIVATELY_RENTED,372,0,416,4880,3549,0.0,0.0,0.0,1410.2194984502678,0.0,MEDIUM,MEDIUM,MEDIUM,5,COST_BASED,COST_BASED,false,false
1,baseline,1,2036,0.0,0.6306306306306306,NATURAL_GAS_BLOCK,PRIVATELY_RENTED,0,0,372,4880,3336,0.0,0.0,0.0,1448.6939448441246,0.0,MEDIUM,MEDIUM,MEDIUM,5,COST_BASED,COST_BASED,false,false
1,baseline,1,2037,0.0,0.6576576576576577,NATURAL_GAS_BLOCK,PRIVATELY_RENTED,0,0,0,4880,3586,0.0,0.0,0.0,1387.6430563301728,0.0,MEDIUM,MEDIUM,MEDIUM,5,COST_BASED,COST_BASED,false,false
1,baseline,1,2038,0.0,0.6666666666666666,NATURAL_GAS_BLOCK,PRIVATELY_RENTED,0,0,0,4880,3416,0.0,0.0,0.0,1389.7248243559718,0.0,MEDIUM,MEDIUM,MEDIUM,5,COST_BASED,COST_BASED,false,false
1,baseline,1,2039,0.0,0.7027027027027027,NATURAL_GAS_BLOCK,PRIVATELY_RENTED,0,0,0,4880,3512,0.0,0.0,0.0,1370.1429384965832,0.0,MEDIUM,MEDIUM,MEDIUM,5,COST_BASED,COST_BASED,false,false
1,baseline,1,2040,0.0,0.7297297297297297,NATURAL_GAS_BLOCK,PRIVATELY_RENTED,0,0,0,4880,3370,0.0,0.0,0.0,1383.733827893175,0.0,MEDIUM,MEDIUM,MEDIUM,5,COST_BASED,COST_BASED,false,false
1,baseline,1,2041,0.0,0.7567567567567568,NATURAL_GAS_BLOCK,PRIVATELY_RENTED,0,0,0,4880,3312,0.0,0.0,0.0,1372.3384661835748,0.0,MEDIUM,MEDIUM,MEDIUM,5,COST_BASED,COST_BASED,false,false
1,baseline,1,2042,0.0,0.8018018018018018,NATURAL_GAS_BLOCK,PRIVATELY_RENTED,0,0,0,4880,3538,0.0,0.0,0.0,1355.8931599773884,0.0,MEDIUM,MEDIUM,MEDIUM,5,COST_BASED,COST_BASED,false,false
1,baseline,1,2043,0.0,0.8288288288288288,NATURAL_GAS_BLOCK,PRIVATELY_RENTED,0,0,0,4880,3833,0.0,0.0,0.0,1344.1103574223846,0.0,MEDIUM,MEDIUM,MEDIUM,5,COST_BASED,COST_BASED,false,false
1,baseline,1,2044,0.0,0.8558558558558559,NATURAL_GAS_BLOCK,PRIVATELY_RENTED,0,0,0,4880,3916,0.0,0.0,0.0,1349.4164964249235,0.0,MEDIUM,MEDIUM,MEDIUM,5,COST_BASED,COST_BASED,false,false
1,baseline,1,2045,0.0,0.8558558558558559,NATURAL_GAS_BLOCK,PRIVATELY_RENTED,0,0,0,4880,3514,0.0,0.0,0.0,1384.8912919749573,0.0,MEDIUM,MEDIUM,MEDIUM,5,COST_BASED,COST_BASED,false,false
1,baseline,1,2046,0.0,0.8558558558558559,NATURAL_GAS_BLOCK,PRIVATELY_RENTED,0,0,0,4880,3237,0.0,0.0,0.0,1401.0046339202966,0.0,MEDIUM,MEDIUM,MEDIUM,5,COST_BASED,COST_BASED,false,false
1,baseline,1,2047,0.0,0.8558558558558559,NATURAL_GAS_BLOCK,PRIVATELY_RENTED,0,0,0,4880,3377,0.0,0.0,0.0,1405.6766360675156,0.0,MEDIUM,MEDIUM,MEDIUM,5,COST_BASED,COST_BASED,false,false
1,baseline,1,2048,0.0,0.8558558558558559,NATURAL_GAS_BLOCK,PRIVATELY_RENTED,0,0,0,4880,3264,0.0,0.0,0.0,1432.6734068627452,0.0,MEDIUM,MEDIUM,MEDIUM,5,COST_BASED,COST_BASED,false,false
1,baseline,1,2049,0.0,0.8558558558558559,NATURAL_GAS_BLOCK,PRIVATELY_RENTED,0,0,0,4880,3519,0.0,0.0,0.0,1398.1082693947144,0.0,MEDIUM,MEDIUM,MEDIUM,5,COST_BASED,COST_BASED,false,false
1,baseline,1,2050,0.0,0.8558558558558559,NATURAL_GAS_BLOCK,PRIVATELY_RENTED,0,0,0,4880,3557,0.0,0.0,0.0,1391.3294911442226,0.0,MEDIUM,MEDIUM,MEDIUM,5,COST_BASED,COST_BASED,false,false
1,baseline,1,2024,0.0,0.0,DISTRICT_HEATING,TOTAL,29834,29834,0,29834,0,0.0,0.0,0.0,0.0,0.0,MEDIUM,MEDIUM,MEDIUM,5,COST_BASED,COST_BASED,false,false
1,baseline,1,2025,0.0,0.38738738738738737,DISTRICT_HEATING,TOTAL,30788,1366,412,31200,23085,0.7662482574619459,0.60281476367649,0.1562515993864925,1609.6077539527832,0.693128631225937,MEDIUM,MEDIUM,MEDIUM,5,COST_BASED,COST_BASED,false,false
1,baseline,1,2026,0.0,0.38738738738738737,DISTRICT_HEATING,TOTAL,32126,1712,374,32912,26853,0.7663945191113763,0.6171469253086989,0.17095966517109615,1609.9487208133169,0.7127518000388153,MEDIUM,MEDIUM,MEDIUM,5,COST_BASED,COST_BASED,false,false
1,baseline,1,2027,0.0,0.38738738738738737,DISTRICT_HEATING,TOTAL,33603,1854,377,34766,17907,0.7671167102545483,0.6106230480917815,0.18720507355088464,1611.2346009940247,0.7007547603801728,MEDIUM,MEDIUM,MEDIUM,5,COST_BASED,COST_BASED,false,false
1,baseline,1,2028,0.0,0.38738738738738737,DISTRICT_HEATING,TOTAL,34978,1978,603,36744,17017,0.7657948995299854,0.6284588119558069,0.2030052105003117,1610.1745313510019,0.7258638417386762,MEDIUM,MEDIUM,MEDIUM,5,COST_BASED,COST_BASED,false,false
1,baseline,1,2029,0.0,0.38738738738738737,DISTRICT_HEATING,TOTAL,36167,1900,711,38644,22422,0.7648145646224033,0.6188187058094069,0.21621327698704884,1598.8961734011239,0.7099977579351303,MEDIUM,MEDIUM,MEDIUM,5,COST_BASED,COST_BASED,false,false
1,baseline,1,2030,0.0,0.45045045045045046,DISTRICT_HEATING,TOTAL,35741,1764,2190,40408,26674,0.765924477112822,0.6199228470912345,0.22986710356521053,1502.6107820349405,0.7096697634129995,MEDIUM,MEDIUM,MEDIUM,5,COST_BASED,COST_BASED,false,false
1,baseline,1,2031,0.0,0.4774774774774775,DISTRICT_HEATING,TOTAL,36761,2245,1225,42653,18957,0.7653553603244387,0.6179654095474244,0.23966742708400315,1593.4268607902095,0.7056508458545249,MEDIUM,MEDIUM,MEDIUM,5,COST_BASED,COST_BASED,false,false
1,baseline,1,2032,0.0,0.5045045045045045,DISTRICT_HEATING,TOTAL,35449,1970,3282,44623,24455,0.7664022227617351,0.6194172716742692,0.25167292906240574,1568.139685135964,0.7060662356881628,MEDIUM,MEDIUM,MEDIUM,5,COST_BASED,COST_BASED,false,false
1,baseline,1,2033,0.0,0.5135135135135135,DISTRICT_HEATING,TOTAL,36166,2004,1287,46627,22879,0.7664777123541402,0.6189080142712975,0.2574348184606199,1575.6844704751081,0.7045632410108369,MEDIUM,MEDIUM,MEDIUM,5,COST_BASED,COST_BASED,false,false
1,baseline,1,2034,0.0,0.5495495495495496,DISTRICT_HEATING,TOTAL,36742,1259,683,47886,19607,0.7668813724578374,0.6218289162205812,0.26698828844403494,1556.2461875860663,0.7076494951609157,MEDIUM,MEDIUM,MEDIUM,5,COST_BASED,COST_BASED,false,false
1,baseline,1,2035,0.0,0.5945945945945946,DISTRICT_HEATING,TOTAL,35793,1332,2281,49218,23798,0.7652568672379944,0.6249275981613569,0.2728375153274717,1530.4582317841835,0.7119724910166091,MEDIUM,MEDIUM,MEDIUM,5,COST_BASED,COST_BASED,false,false
1,baseline,1,2036,0.0,0.6306306306306306,DISTRICT_HEATING,TOTAL,34822,785,1756,50003,19497,0.7638792501143399,0.6240863251096441,0.272750844589971,1526.4146791814126,0.7110658195621262,MEDIUM,MEDIUM,MEDIUM,5,COST_BASED,COST_BASED,false,false
1,baseline,1,2037,0.0,0.6576576576576577,DISTRICT_HEATING,TOTAL,32528,334,2628,50337,21851,0.8029564896986784,0.6267338989563994,0.2975304233663942,1548.4059310786693,0.7021704230891276,MEDIUM,MEDIUM,MEDIUM,5,COST_BASED,COST_BASED,false,false
1,baseline,1,2038,0.0,0.6666666666666666,DISTRICT_HEATING,TOTAL,31392,616,1752,50953,21914,0.8363813765544733,0.6475234153536875,0.325994193383612,1554.1781053207994,0.7214405047189629,MEDIUM,MEDIUM,MEDIUM,5,COST_BASED,COST_BASED,false,false
1,baseline,1,2039,0.0,0.7027027027027027,DISTRICT_HEATING,TOTAL,30843,184,733,51137,10882,0.8327113032196156,0.637243347263406,0.31541838587157484,1519.4879617717331,0.7082598968562595,MEDIUM,MEDIUM,MEDIUM,5,COST_BASED,COST_BASED,false,false
1,baseline,1,2040,0.0,0.7297297297297297,DISTRICT_HEATING,TOTAL,30400,145,588,51282,13334,0.7561499787818579,0.6035911540993588,0.24963808363413081,1623.5698215089246,0.685144475999307,MEDIUM,MEDIUM,MEDIUM,5,COST_BASED,COST_BASED,false,false
1,baseline,1,2041,0.0,0.7567567567567568,DISTRICT_HEATING,TOTAL,30060,140,480,51422,20054,0.7500277403062816,0.608618746340587,0.2360690731212537,1606.4703301087065,0.6959125502941526,MEDIUM,MEDIUM,MEDIUM,5,COST_BASED,COST_BASED,false,false
1,baseline,1,2042,0.0,0.8018018018018018,DISTRICT_HEATING,TOTAL,29759,71,372,51493,22299,0.7380939777626189,0.6052172384236112,0.21574144743219437,1488.6527646979685,0.6963346822657394,MEDIUM,MEDIUM,MEDIUM,5,COST_BASED,COST_BASED,false,false
1,baseline,1,2043,0.0,0.8288288288288288,DISTRICT_HEATING,TOTAL,29123,38,674,51531,14297,0.7309355492085019,0.6217700097007226,0.2080951133349333,1553.6993774917814,0.7239092380820974,MEDIUM,MEDIUM,MEDIUM,5,COST_BASED,COST_BASED,false,false
1,baseline,1,2044,0.0,0.8558558558558559,DISTRICT_HEATING,TOTAL,28847,84,360,51615,19654,0.7244521898253757,0.6105582607488,0.19329862013108637,1552.663681693294,0.7105620161504749,MEDIUM,MEDIUM,MEDIUM,5,COST_BASED,COST_BASED,false,false
1,baseline,1,2045,0.0,0.8558558558558559,DISTRICT_HEATING,TOTAL,28511,39,375,51654,20537,0.7464470470305872,0.6140295805788859,0.21206518878012542,1587.7181672104007,0.7079244605131692,MEDIUM,MEDIUM,MEDIUM,5,COST_BASED,COST_BASED,false,false
1,baseline,1,2046,0.0,0.8558558558558559,DISTRICT_HEATING,TOTAL,28128,13,396,51667,15347,0.7299874120349549,0.6080954834793894,0.19288625043379193,1601.8813448882518,0.7055355909061225,MEDIUM,MEDIUM,MEDIUM,5,COST_BASED,COST_BASED,false,false
1,baseline,1,2047,0.0,0.8558558558558559,DISTRICT_HEATING,TOTAL,27773,32,387,51699,21179,0.7300380255902335,0.6069931851549494,0.195486775481767,1543.250153453893,0.7035444243996464,MEDIUM,MEDIUM,MEDIUM,5,COST_BASED,COST_BASED,false,false
1,baseline,1,2048,0.0,0.8558558558558559,DISTRICT_HEATING,TOTAL,27207,22,588,51721,18252,0.7326296701744102,0.6031733730865253,0.19576237569710986,1516.7947622178392,0.69713234512405,MEDIUM,MEDIUM,MEDIUM,5,COST_BASED,COST_BASED,false,false
1,baseline,1,2049,0.0,0.8558558558558559,DISTRICT_HEATING,TOTAL,26662,43,588,51764,25926,0.7529081920200219,0.6084902903380676,0.2128556575120394,1560.8691275167785,0.6979014303130908,MEDIUM,MEDIUM,MEDIUM,5,COST_BASED,COST_BASED,false,false
1,baseline,1,2050,0.0,0.8558558558558559,DISTRICT_HEATING,TOTAL,26220,34,476,51798,27973,0.7478336261605227,0.6189310062534839,0.20744286122598532,1575.9002967146891,0.7155077451868505,MEDIUM,MEDIUM,MEDIUM,5,COST_BASED,COST_BASED,false,false
1,baseline,1,2024,0.0,0.0,DISTRICT_HEATING,PRIVATELY_OWNED,15500,15500,0,15500,0,0.0,0.0,0.0,0.0,0.0,MEDIUM,MEDIUM,MEDIUM,5,COST_BASED,COST_BASED,false,false
1,baseline,1,2025,0.0,0.38738738738738737,DISTRICT_HEATING,PRIVATELY_OWNED,16562,1366,304,16866,11622,0.7662482574619459,0.60281476367649,0.1562515993864925,1658.938736878334,0.693128631225937,MEDIUM,MEDIUM,MEDIUM,5,COST_BASED,COST_BASED,false,false
1,baseline,1,2026,0.0,0.38738738738738737,DISTRICT_HEATING,PRIVATELY_OWNED,18037,1711,236,18577,11090,0.7663945191113763,0.6171469253086989,0.17095966517109615,1670.5457168620378,0.7127518000388153,MEDIUM,MEDIUM,MEDIUM,5,COST_BASED,COST_BASED,false,false
1,baseline,1,2027,0.0,0.38738738738738737,DISTRICT_HEATING,PRIVATELY_OWNED,19627,1854,264,20431,11026,0.7671167102545483,0.6106230480917815,0.18720507355088464,1664.3925267549428,0.7007547603801728,MEDIUM,MEDIUM,MEDIUM,5,COST_BASED,COST_BASED,false,false
1,baseline,1,2028,0.0,0.38738738738738737,DISTRICT_HEATING,PRIVATELY_OWNED,21186,1978,419,22409,11421,0.7657948995299854,0.6284588119558069,0.2030052105003117,1652.8634970668068,0.7258638417386762,MEDIUM,MEDIUM,MEDIUM,5,COST_BASED,COST_BASED,false,false
1,baseline,1,2029,0.0,0.38738738738738737,DISTRICT_HEATING,PRIVATELY_OWNED,22546,1898,538,24307,11452,0.7648145646224033,0.6188187058094069,0.21621327698704884,1675.9718826405867,0.7099977579351303,MEDIUM,MEDIUM,MEDIUM,5,COST_BASED,COST_BASED,false,false
1,baseline,1,2030,0.0,0.45045045045045046,DISTRICT_HEATING,PRIVATELY_OWNED,23652,1761,655,26068,12082,0.765924477112822,0.6199228470912345,0.22986710356521053,1649.215775533852,0.7096697634129995,MEDIUM,MEDIUM,MEDIUM,5,COST_BASED,COST_BASED,false,false
1,baseline,1,2031,0.0,0.4774774774774775,DISTRICT_HEATING,PRIVATELY_OWNED,24820,2243,1075,28311,12382,0.7653553603244387,0.6179654095474244,0.23966742708400315,1649.1446454530771,0.7056508458545249,MEDIUM,MEDIUM,MEDIUM,5,COST_BASED,COST_BASED,false,false
1,baseline,1,2032,0.0,0.5045045045045045,DISTRICT_HEATING,PRIVATELY_OWNED,25602,1965,1183,30276,12334,0.7664022227617351,0.6194172716742692,0.25167292906240574,1646.273147397438,0.7060662356881628,MEDIUM,MEDIUM,MEDIUM,5,COST_BASED,COST_BASED,false,false
1,baseline,1,2033,0.0,0.5135135135135135,DISTRICT_HEATING,PRIVATELY_OWNED,26644,2003,961,32279,12322,0.7664777123541402,0.6189080142712975,0.2574348184606199,1650.3728290861873,0.7045632410108369,MEDIUM,MEDIUM,MEDIUM,5,COST_BASED,COST_BASED,false,false
1,baseline,1,2034,0.0,0.5495495495495496,DISTRICT_HEATING,PRIVATELY_OWNED,27347,1258,555,33537,13563,0.7668813724578374,0.6218289162205812,0.26698828844403494,1572.7699623976996,0.7076494951609157,MEDIUM,MEDIUM,MEDIUM,5,COST_BASED,COST_BASED,false,false
1,baseline,1,2035,0.0,0.5945945945945946,DISTRICT_HEATING,PRIVATELY_OWNED,28057,1330,620,34867,12240,0.7652568672379944,0.6249275981613569,0.2728375153274717,1618.138888888889,0.7119724910166091,MEDIUM,MEDIUM,MEDIUM,5,COST_BASED,COST_BASED,false,false
1,baseline,1,2036,0.0,0.6306306306306306,DISTRICT_HEATING,PRIVATELY_OWNED,28365,785,477,35652,11307,0.7638792501143399,0.6240863251096441,0.272750844589971,1654.9212876978863,0.7110658195621262,MEDIUM,MEDIUM,MEDIUM,5,COST_BASED,COST_BASED,false,false
1,baseline,1,2037,0.0,0.6576576576576577,DISTRICT_HEATING,PRIVATELY_OWNED,28093,333,605,35985,8503,0.8029564896986784,0.6267338989563994,0.2975304233663942,1566.0549217923085,0.7021704230891276,MEDIUM,MEDIUM,MEDIUM,5,COST_BASED,COST_BASED,false,false
1,baseline,1,2038,0.0,0.6666666666666666,DISTRICT_HEATING,PRIVATELY_OWNED,28100,615,608,36600,5210,0.8363813765544733,0.6475234153536875,0.325994193383612,1592.290595009597,0.7214405047189629,MEDIUM,MEDIUM,MEDIUM,5,COST_BASED,COST_BASED,false,false
1,baseline,1,2039,0.0,0.7027027027027027,DISTRICT_HEATING,PRIVATELY_OWNED,27823,183,460,36783,3936,0.8327113032196156,0.637243347263406,0.31541838587157484,1571.3899898373984,0.7082598968562595,MEDIUM,MEDIUM,MEDIUM,5,COST_BASED,COST_BASED,false,false
1,baseline,1,2040,0.0,0.7297297297297297,DISTRICT_HEATING,PRIVATELY_OWNED,27554,143,412,36926,8049,0.7561499787818579,0.6035911540993588,0.24963808363413081,1696.396695241645,0.685144475999307,MEDIUM,MEDIUM,MEDIUM,5,COST_BASED,COST_BASED,false,false
1,baseline,1,2041,0.0,0.7567567567567568,DISTRICT_HEATING,PRIVATELY_OWNED,27368,137,323,37063,9293,0.7500277403062816,0.608618746340587,0.2360690731212537,1729.0740342193048,0.6959125502941526,MEDIUM,MEDIUM,MEDIUM,5,COST_BASED,COST_BASED,false,false
1,baseline,1,2042,0.0,0.8018018018018018,DISTRICT_HEATING,PRIVATELY_OWNED,27156,69,281,37132,7967,0.7380939777626189,0.6052172384236112,0.21574144743219437,1702.365633237103,0.6963346822657394,MEDIUM,MEDIUM,MEDIUM,5,COST_BASED,COST_BASED,false,false
1,baseline,1,2043,0.0,0.8288288288288288,DISTRICT_HEATING,PRIVATELY_OWNED,26736,37,457,37169,7559,0.7309355492085019,0.6217700097007226,0.2080951133349333,1645.8561979097765,0.7239092380820974,MEDIUM,MEDIUM,MEDIUM,5,COST_BASED,COST_BASED,false,false
1,baseline,1,2044,0.0,0.8558558558558559,DISTRICT_HEATING,PRIVATELY_OWNED,26557,84,263,37253,7731,0.7244521898253757,0.6105582607488,0.19329862013108637,1665.8983313930928,0.7105620161504749,MEDIUM,MEDIUM,MEDIUM,5,COST_BASED,COST_BASED,false,false
1,baseline,1,2045,0.0,0.8558558558558559,DISTRICT_HEATING,PRIVATELY_OWNED,26349,35,243,37288,10169,0.7464470470305872,0.6140295805788859,0.21206518878012542,1701.017897531714,0.7079244605131692,MEDIUM,MEDIUM,MEDIUM,5,COST_BASED,COST_BASED,false,false
1,baseline,1,2046,0.0,0.8558558558558559,DISTRICT_HEATING,PRIVATELY_OWNED,26043,12,318,37300,9523,0.7299874120349549,0.6080954834793894,0.19288625043379193,1658.0558647485036,0.7055355909061225,MEDIUM,MEDIUM,MEDIUM,5,COST_BASED,COST_BASED,false,false
1,baseline,1,2047,0.0,0.8558558558558559,DISTRICT_HEATING,PRIVATELY_OWNED,25813,30,260,37330,9793,0.7300380255902335,0.6069931851549494,0.195486775481767,1671.9597671806391,0.7035444243996464,MEDIUM,MEDIUM,MEDIUM,5,COST_BASED,COST_BASED,false,false
1,baseline,1,2048,0.0,0.8558558558558559,DISTRICT_HEATING,PRIVATELY_OWNED,25421,22,414,37352,10134,0.7326296701744102,0.6031733730865253,0.19576237569710986,1659.6158476416026,0.69713234512405,MEDIUM,MEDIUM,MEDIUM,5,COST_BASED,COST_BASED,false,false
1,baseline,1,2049,0.0,0.8558558558558559,DISTRICT_HEATING,PRIVATELY_OWNED,24995,42,468,37394,12616,0.7529081920200219,0.6084902903380676,0.2128556575120394,1584.128804692454,0.6979014303130908,MEDIUM,MEDIUM,MEDIUM,5,COST_BASED,COST_BASED,false,false
1,baseline,1,2050,0.0,0.8558558558558559,DISTRICT_HEATING,PRIVATELY_OWNED,24712,34,317,37428,11128,0.7478336261605227,0.6189310062534839,0.20744286122598532,1626.9349388928829,0.7155077451868505,MEDIUM,MEDIUM,MEDIUM,5,COST_BASED,COST_BASED,false,false
1,baseline,1,2024,0.0,0.0,DISTRICT_HEATING,SOCIAL_HOUSING,9350,9350,0,9350,0,0.0,0.0,0.0,0.0,0.0,MEDIUM,MEDIUM,MEDIUM,5,COST_BASED,COST_BASED,false,false
1,baseline,1,2025,0.0,0.38738738738738737,DISTRICT_HEATING,SOCIAL_HOUSING,9350,0,0,9350,7879,0.0,0.0,0.0,1560.3504251808606,0.0,MEDIUM,MEDIUM,MEDIUM,5,COST_BASED,COST_BASED,false,false
1,baseline,1,2026,0.0,0.38738738738738737,DISTRICT_HEATING,SOCIAL_HOUSING,9350,0,0,9350,12398,0.0,0.0,0.0,1567.3266655912244,0.0,MEDIUM,MEDIUM,MEDIUM,5,COST_BASED,COST_BASED,false,false
1,baseline,1,2027,0.0,0.38738738738738737,DISTRICT_HEATING,SOCIAL_HOUSING,9350,0,0,9350,3434,0.0,0.0,0.0,1471.6776354105998,0.0,MEDIUM,MEDIUM,MEDIUM,5,COST_BASED,COST_BASED,false,false
1,baseline,1,2028,0.0,0.38738738738738737,DISTRICT_HEATING,SOCIAL_HOUSING,9350,0,0,9350,1915,0.0,0.0,0.0,1486.4422976501305,0.0,MEDIUM,MEDIUM,MEDIUM,5,COST_BASED,COST_BASED,false,false
1,baseline,1,2029,0.0,0.38738738738738737,DISTRICT_HEATING,SOCIAL_HOUSING,9350,0,0,9350,7449,0.0,0.0,0.0,1498.3519935561822,0.0,MEDIUM,MEDIUM,MEDIUM,5,COST_BASED,COST_BASED,false,false
1,baseline,1,2030,0.0,0.45045045045045046,DISTRICT_HEATING,SOCIAL_HOUSING,8031,0,1319,9350,10794,0.0,0.0,0.0,1332.1578654808227,0.0,MEDIUM,MEDIUM,MEDIUM,5,COST_BASED,COST_BASED,false,false
1,baseline,1,2031,0.0,0.4774774774774775,DISTRICT_HEATING,SOCIAL_HOUSING,8031,0,0,9350,2905,0.0,0.0,0.0,1405.0206540447505,0.0,MEDIUM,MEDIUM,MEDIUM,5,COST_BASED,COST_BASED,false,false
1,baseline,1,2032,0.0,0.5045045045045045,DISTRICT_HEATING,SOCIAL_HOUSING,6464,0,1567,9350,8007,0.0,0.0,0.0,1476.164106406894,0.0,MEDIUM,MEDIUM,MEDIUM,5,COST_BASED,COST_BASED,false,false
1,baseline,1,2033,0.0,0.5135135135135135,DISTRICT_HEATING,SOCIAL_HOUSING,6464,0,0,9350,6854,0.0,0.0,0.0,1451.0624452874233,0.0,MEDIUM,MEDIUM,MEDIUM,5,COST_BASED,COST_BASED,false,false
1,baseline,1,2034,0.0,0.5495495495495496,DISTRICT_HEATING,SOCIAL_HOUSING,6464,0,0,9350,2587,0.0,0.0,0.0,1461.243138770777,0.0,MEDIUM,MEDIUM,MEDIUM,5,COST_BASED,COST_BASED,false,false
1,baseline,1,2035,0.0,0.5945945945945946,DISTRICT_HEATING,SOCIAL_HOUSING,5014,0,1450,9350,8009,0.0,0.0,0.0,1382.4243975527531,0.0,MEDIUM,MEDIUM,MEDIUM,5,COST_BASED,COST_BASED,false,false
1,baseline,1,2036,0.0,0.6306306306306306,DISTRICT_HEATING,SOCIAL_HOUSING,3893,0,1121,9350,4854,0.0,0.0,0.0,1172.8856613102596,0.0,MEDIUM,MEDIUM,MEDIUM,5,COST_BASED,COST_BASED,false,false
1,baseline,1,2037,0.0,0.6576576576576577,DISTRICT_HEATING,SOCIAL_HOUSING,2010,0,1883,9350,9762,0.0,0.0,0.0,1537.6314279860685,0.0,MEDIUM,MEDIUM,MEDIUM,5,COST_BASED,COST_BASED,false,false
1,baseline,1,2038,0.0,0.6666666666666666,DISTRICT_HEATING,SOCIAL_HOUSING,1120,0,890,9350,13288,0.0,0.0,0.0,1543.1934075857916,0.0,MEDIUM,MEDIUM,MEDIUM,5,COST_BASED,COST_BASED,false,false
1,baseline,1,2039,0.0,0.7027027027027027,DISTRICT_HEATING,SOCIAL_HOUSING,1120,0,0,9350,3434,0.0,0.0,0.0,1463.2099592312172,0.0,MEDIUM,MEDIUM,MEDIUM,5,COST_BASED,COST_BASED,false,false
1,baseline,1,2040,0.0,0.7297297297297297,DISTRICT_HEATING,SOCIAL_HOUSING,1120,0,0,9350,1915,0.0,0.0,0.0,1479.002088772846,0.0,MEDIUM,MEDIUM,MEDIUM,5,COST_BASED,COST_BASED,false,false
1,baseline,1,2041,0.0,0.7567567567567568,DISTRICT_HEATING,SOCIAL_HOUSING,1120,0,0,9350,7449,0.0,0.0,0.0,1491.9305947106993,0.0,MEDIUM,MEDIUM,MEDIUM,5,COST_BASED,COST_BASED,false,false
1,baseline,1,2042,0.0,0.8018018018018018,DISTRICT_HEATING,SOCIAL_HOUSING,1120,0,0,9350,10794,0.0,0.0,0.0,1326.6558273114692,0.0,MEDIUM,MEDIUM,MEDIUM,5,COST_BASED,COST_BASED,false,false
1,baseline,1,2043,0.0,0.8288288288288288,DISTRICT_HEATING,SOCIAL_HOUSING,1120,0,0,9350,2905,0.0,0.0,0.0,1400.3669535283993,0.0,MEDIUM,MEDIUM,MEDIUM,5,COST_BASED,COST_BASED,false,false
1,baseline,1,2044,0.0,0.8558558558558559,DISTRICT_HEATING,SOCIAL_HOUSING,1120,0,0,9350,8007,0.0,0.0,0.0,1472.5446484326214,0.0,MEDIUM,MEDIUM,MEDIUM,5,COST_BASED,COST_BASED,false,false
1,baseline,1,2045,0.0,0.8558558558558559,DISTRICT_HEATING,SOCIAL_HOUSING,1120,0,0,9350,6854,0.0,0.0,0.0,1448.2758972862562,0.0,MEDIUM,MEDIUM,MEDIUM,5,COST_BASED,COST_BASED,false,false
1,baseline,1,2046,0.0,0.8558558558558559,DISTRICT_HEATING,SOCIAL_HOUSING,1120,0,0,9350,2587,0.0,0.0,0.0,1459.2852725164282,0.0,MEDIUM,MEDIUM,MEDIUM,5,COST_BASED,COST_BASED,false,false
1,baseline,1,2047,0.0,0.8558558558558559,DISTRICT_HEATING,SOCIAL_HOUSING,1120,0,0,9350,8009,0.0,0.0,0.0,1380.9734049194656,0.0,MEDIUM,MEDIUM,MEDIUM,5,COST_BASED,COST_BASED,false,false
1,baseline,1,2048,0.0,0.8558558558558559,DISTRICT_HEATING,SOCIAL_HOUSING,1120,0,0,9350,4854,0.0,0.0,0.0,1171.9491141326741,0.0,MEDIUM,MEDIUM,MEDIUM,5,COST_BASED,COST_BASED,false,false
1,baseline,1,2049,0.0,0.8558558558558559,DISTRICT_HEATING,SOCIAL_HOUSING,1091,0,29,9350,9791,0.0,0.0,0.0,1535.5651108160555,0.0,MEDIUM,MEDIUM,MEDIUM,5,COST_BASED,COST_BASED,false,false
1,baseline,1,2050,0.0,0.8558558558558559,DISTRICT_HEATING,SOCIAL_HOUSING,1091,0,0,9350,13288,0.0,0.0,0.0,1542.6592414208308,0.0,MEDIUM,MEDIUM,MEDIUM,5,COST_BASED,COST_BASED,false,false
1,baseline,1,2024,0.0,0.0,DISTRICT_HEATING,PRIVATELY_RENTED,4984,4984,0,4984,0,0.0,0.0,0.0,0.0,0.0,MEDIUM,MEDIUM,MEDIUM,5,COST_BASED,COST_BASED,false,false
1,baseline,1,2025,0.0,0.38738738738738737,DISTRICT_HEATING,PRIVATELY_RENTED,4876,0,108,4984,3584,0.0,0.0,0.0,1557.9263392857142,0.0,MEDIUM,MEDIUM,MEDIUM,5,COST_BASED,COST_BASED,false,false
1,baseline,1,2026,0.0,0.38738738738738737,DISTRICT_HEATING,PRIVATELY_RENTED,4739,1,138,4985,3365,0.0,0.0,0.0,1567.2763744427934,0.0,MEDIUM,MEDIUM,MEDIUM,5,COST_BASED,COST_BASED,false,false
1,baseline,1,2027,0.0,0.38738738738738737,DISTRICT_HEATING,PRIVATELY_RENTED,4626,0,113,4985,3447,0.0,0.0,0.0,1580.227734261677,0.0,MEDIUM,MEDIUM,MEDIUM,5,COST_BASED,COST_BASED,false,false
1,baseline,1,2028,0.0,0.38738738738738737,DISTRICT_HEATING,PRIVATELY_RENTED,4442,0,184,4985,3681,0.0,0.0,0.0,1542.094267861994,0.0,MEDIUM,MEDIUM,MEDIUM,5,COST_BASED,COST_BASED,false,false
1,baseline,1,2029,0.0,0.38738738738738737,DISTRICT_HEATING,PRIVATELY_RENTED,4271,2,173,4987,3521,0.0,0.0,0.0,1560.919057086055,0.0,MEDIUM,MEDIUM,MEDIUM,5,COST_BASED,COST_BASED,false,false
1,baseline,1,2030,0.0,0.45045045045045046,DISTRICT_HEATING,PRIVATELY_RENTED,4058,3,216,4990,3798,0.0,0.0,0.0,1520.6695629278568,0.0,MEDIUM,MEDIUM,MEDIUM,5,COST_BASED,COST_BASED,false,false
1,baseline,1,2031,0.0,0.4774774774774775,DISTRICT_HEATING,PRIVATELY_RENTED,3910,2,150,4992,3670,0.0,0.0,0.0,1554.5773841961852,0.0,MEDIUM,MEDIUM,MEDIUM,5,COST_BASED,COST_BASED,false,false
1,baseline,1,2032,0.0,0.5045045045045045,DISTRICT_HEATING,PRIVATELY_RENTED,3383,5,532,4997,4114,0.0,0.0,0.0,1512.9015556635877,0.0,MEDIUM,MEDIUM,MEDIUM,5,COST_BASED,COST_BASED,false,false
1,baseline,1,2033,0.0,0.5135135135135135,DISTRICT_HEATING,PRIVATELY_RENTED,3058,1,326,4998,3703,0.0,0.0,0.0,1557.820415879017,0.0,MEDIUM,MEDIUM,MEDIUM,5,COST_BASED,COST_BASED,false,false
1,baseline,1,2034,0.0,0.5495495495495496,DISTRICT_HEATING,PRIVATELY_RENTED,2931,1,128,4999,3457,0.0,0.0,0.0,1562.5120046282905,0.0,MEDIUM,MEDIUM,MEDIUM,5,COST_BASED,COST_BASED,false,false
1,baseline,1,2035,0.0,0.5945945945945946,DISTRICT_HEATING,PRIVATELY_RENTED,2722,2,211,5001,3549,0.0,0.0,0.0,1562.1267962806423,0.0,MEDIUM,MEDIUM,MEDIUM,5,COST_BASED,COST_BASED,false,false
1,baseline,1,2036,0.0,0.6306306306306306,DISTRICT_HEATING,PRIVATELY_RENTED,2564,0,158,5001,3336,0.0,0.0,0.0,1605.2532973621103,0.0,MEDIUM,MEDIUM,MEDIUM,5,COST_BASED,COST_BASED,false,false
1,baseline,1,2037,0.0,0.6576576576576577,DISTRICT_HEATING,PRIVATELY_RENTED,2425,1,140,5002,3586,0.0,0.0,0.0,1535.888176240937,0.0,MEDIUM,MEDIUM,MEDIUM,5,COST_BASED,COST_BASED,false,false
1,baseline,1,2038,0.0,0.6666666666666666,DISTRICT_HEATING,PRIVATELY_RENTED,2172,1,254,5003,3416,0.0,0.0,0.0,1538.7795667447306,0.0,MEDIUM,MEDIUM,MEDIUM,5,COST_BASED,COST_BASED,false,false
1,baseline,1,2039,0.0,0.7027027027027027,DISTRICT_HEATING,PRIVATELY_RENTED,1900,1,273,5004,3512,0.0,0.0,0.0,1516.3479498861047,0.0,MEDIUM,MEDIUM,MEDIUM,5,COST_BASED,COST_BASED,false,false
1,baseline,1,2040,0.0,0.7297297297297297,DISTRICT_HEATING,PRIVATELY_RENTED,1726,2,176,5006,3370,0.0,0.0,0.0,1531.7786350148367,0.0,MEDIUM,MEDIUM,MEDIUM,5,COST_BASED,COST_BASED,false,false
1,baseline,1,2041,0.0,0.7567567567567568,DISTRICT_HEATING,PRIVATELY_RENTED,1572,3,157,5009,3312,0.0,0.0,0.0,1520.072463768116,0.0,MEDIUM,MEDIUM,MEDIUM,5,COST_BASED,COST_BASED,false,false
1,baseline,1,2042,0.0,0.8018018018018018,DISTRICT_HEATING,PRIVATELY_RENTED,1483,2,91,5011,3538,0.0,0.0,0.0,1501.63877897117,0.0,MEDIUM,MEDIUM,MEDIUM,5,COST_BASED,COST_BASED,false,false
1,baseline,1,2043,0.0,0.8288288288288288,DISTRICT_HEATING,PRIVATELY_RENTED,1267,1,217,5012,3833,0.0,0.0,0.0,1488.1677537177145,0.0,MEDIUM,MEDIUM,MEDIUM,5,COST_BASED,COST_BASED,false,false
1,baseline,1,2044,0.0,0.8558558558558559,DISTRICT_HEATING,PRIVATELY_RENTED,1170,0,97,5012,3916,0.0,0.0,0.0,1492.9333503575076,0.0,MEDIUM,MEDIUM,MEDIUM,5,COST_BASED,COST_BASED,false,false
1,baseline,1,2045,0.0,0.8558558558558559,DISTRICT_HEATING,PRIVATELY_RENTED,1042,4,132,5016,3514,0.0,0.0,0.0,1531.8252703471826,0.0,MEDIUM,MEDIUM,MEDIUM,5,COST_BASED,COST_BASED,false,false
1,baseline,1,2046,0.0,0.8558558558558559,DISTRICT_HEATING,PRIVATELY_RENTED,965,1,78,5017,3237,0.0,0.0,0.0,1550.5826382452888,0.0,MEDIUM,MEDIUM,MEDIUM,5,COST_BASED,COST_BASED,false,false
1,baseline,1,2047,0.0,0.8558558558558559,DISTRICT_HEATING,PRIVATELY_RENTED,840,2,127,5019,3377,0.0,0.0,0.0,1554.8643766656796,0.0,MEDIUM,MEDIUM,MEDIUM,5,COST_BASED,COST_BASED,false,false
1,baseline,1,2048,0.0,0.8558558558558559,DISTRICT_HEATING,PRIVATELY_RENTED,666,0,174,5019,3264,0.0,0.0,0.0,1586.1979166666667,0.0,MEDIUM,MEDIUM,MEDIUM,5,COST_BASED,COST_BASED,false,false
1,baseline,1,2049,0.0,0.8558558558558559,DISTRICT_HEATING,PRIVATELY_RENTED,576,1,91,5020,3519,0.0,0.0,0.0,1547.8846263142939,0.0,MEDIUM,MEDIUM,MEDIUM,5,COST_BASED,COST_BASED,false,false
1,baseline,1,2050,0.0,0.8558558558558559,DISTRICT_HEATING,PRIVATELY_RENTED,417,0,159,5020,3557,0.0,0.0,0.0,1540.4191734607816,0.0,MEDIUM,MEDIUM,MEDIUM,5,COST_BASED,COST_BASED,false,false
1,baseline,1,2024,0.0,0.0,ELECTRIC_HEAT_PUMP,TOTAL,10467,10467,0,10467,0,0.0,0.0,0.0,0.0,0.0,MEDIUM,MEDIUM,MEDIUM,5,COST_BASED,COST_BASED,false,false
1,baseline,1,2025,0.0,0.38738738738738737,ELECTRIC_HEAT_PUMP,TOTAL,12883,3190,774,13657,23085,0.7146220592070969,0.5705215256717432,0.09249987101885679,2282.3619233268355,0.6540018059511267,MEDIUM,MEDIUM,MEDIUM,5,COST_BASED,COST_BASED,false,false
1,baseline,1,2026,0.0,0.38738738738738737,ELECTRIC_HEAT_PUMP,TOTAL,17330,5069,622,18726,26853,0.7129013487819297,0.6029009113335034,0.1351302956917772,2232.5501433731797,0.6923434558818249,MEDIUM,MEDIUM,MEDIUM,5,COST_BASED,COST_BASED,false,false
1,baseline,1,2027,0.0,0.38738738738738737,ELECTRIC_HEAT_PUMP,TOTAL,21544,4702,488,23428,17907,0.7129171067575386,0.5898102436595287,0.18346968247237552,2179.188864689786,0.6606186681818148,MEDIUM,MEDIUM,MEDIUM,5,COST_BASED,COST_BASED,false,false
1,baseline,1,2028,0.0,0.38738738738738737,ELECTRIC_HEAT_PUMP,TOTAL,25190,4540,894,27968,17017,0.7152970072381409,0.5983739748006565,0.22377723868892743,2068.4603044014807,0.6627924007192153,MEDIUM,MEDIUM,MEDIUM,5,COST_BASED,COST_BASED,false,false
1,baseline,1,2029,0.0,0.38738738738738737,ELECTRIC_HEAT_PUMP,TOTAL,30015,5358,533,33326,22422,0.7155676229546424,0.6034511105115373,0.2707565641678696,2090.2533226295604,0.6585956189866737,MEDIUM,MEDIUM,MEDIUM,5,COST_BASED,COST_BASED,false,false
1,baseline,1,2030,0.0,0.45045045045045046,ELECTRIC_HEAT_PUMP,TOTAL,35601,6137,551,39463,26674,0.7136268789895206,0.6183171968100974,0.32503133647310045,1881.0199445152582,0.6678112413494898,MEDIUM,MEDIUM,MEDIUM,5,COST_BASED,COST_BASED,false,false
1,baseline,1,2031,0.0,0.4774774774774775,ELECTRIC_HEAT_PUMP,TOTAL,41446,6431,586,45894,18957,0.7140470112144713,0.6159375120512832,0.387060816757921,1956.4071319301577,0.6486293110838268,MEDIUM,MEDIUM,MEDIUM,5,COST_BASED,COST_BASED,false,false
1,baseline,1,2032,0.0,0.5045045045045045,ELECTRIC_HEAT_PUMP,TOTAL,47829,7003,620,52897,24455,0.7129420377287272,0.6547114932847968,0.44315775658250633,1979.8973625025558,0.6930422913493879,MEDIUM,MEDIUM,MEDIUM,5,COST_BASED,COST_BASED,false,false
1,baseline,1,2033,0.0,0.5135135135135135,ELECTRIC_HEAT_PUMP,TOTAL,54140,6979,668,59876,22879,0.7131475234166017,0.6594373802767415,0.503313655050688,1929.1161764063115,0.6850407757982853,MEDIUM,MEDIUM,MEDIUM,5,COST_BASED,COST_BASED,false,false
1,baseline,1,2034,0.0,0.5495495495495496,ELECTRIC_HEAT_PUMP,TOTAL,60850,7372,662,67248,19607,0.71280051201671,0.6563088580004304,0.5457023553545097,1885.5366450757383,0.6698375701578342,MEDIUM,MEDIUM,MEDIUM,5,COST_BASED,COST_BASED,false,false
1,baseline,1,2035,0.0,0.5945945945945946,ELECTRIC_HEAT_PUMP,TOTAL,66920,6836,766,74084,23798,0.7148301068260817,0.6852874712823789,0.586959760247001,1833.8727624170099,0.7024837401552918,MEDIUM,MEDIUM,MEDIUM,5,COST_BASED,COST_BASED,false,false
1,baseline,1,2036,0.0,0.6306306306306306,ELECTRIC_HEAT_PUMP,TOTAL,72454,6284,750,80368,19497,0.7149414140048619,0.6695834645678614,0.6131247715693391,1753.6742575780888,0.6723586504582436,MEDIUM,MEDIUM,MEDIUM,5,COST_BASED,COST_BASED,false,false
1,baseline,1,2037,0.0,0.6576576576576577,ELECTRIC_HEAT_PUMP,TOTAL,74838,3710,1326,84078,21851,0.6676309289620963,0.6370976417123513,0.5262234786590594,1691.2091895107776,0.6571828606632402,MEDIUM,MEDIUM,MEDIUM,5,COST_BASED,COST_BASED,false,false
1,baseline,1,2038,0.0,0.6666666666666666,ELECTRIC_HEAT_PUMP,TOTAL,75577,1431,692,85509,21914,0.6176637365661313,0.6198314050506969,0.3896042959347702,1854.459249794652,0.6779300994508185,MEDIUM,MEDIUM,MEDIUM,5,COST_BASED,COST_BASED,false,false
1,baseline,1,2039,0.0,0.7027027027027027,ELECTRIC_HEAT_PUMP,TOTAL,76161,1119,535,86628,10882,0.6141339969533279,0.6109603218528245,0.3971344543637553,1766.61394964161,0.6636233699499667,MEDIUM,MEDIUM,MEDIUM,5,COST_BASED,COST_BASED,false,false
1,baseline,1,2040,0.0,0.7297297297297297,ELECTRIC_HEAT_PUMP,TOTAL,77432,4461,3190,91089,13334,0.7174468880410877,0.6793664896563261,0.6204483921197762,1707.5332983350831,0.6845759144442732,MEDIUM,MEDIUM,MEDIUM,5,COST_BASED,COST_BASED,false,false
1,baseline,1,2041,0.0,0.7567567567567568,ELECTRIC_HEAT_PUMP,TOTAL,77929,5566,5069,96655,20054,0.7266910606544779,0.7105845535488953,0.661114521680018,1745.0631295502144,0.7189254347397149,MEDIUM,MEDIUM,MEDIUM,5,COST_BASED,COST_BASED,false,false
1,baseline,1,2042,0.0,0.8018018018018018,ELECTRIC_HEAT_PUMP,TOTAL,78267,5040,4702,101695,22299,0.7350573679916143,0.725982123869329,0.6869735327142076,1395.9740347100767,0.7334654606275393,MEDIUM,MEDIUM,MEDIUM,5,COST_BASED,COST_BASED,false,false
1,baseline,1,2043,0.0,0.8288288288288288,ELECTRIC_HEAT_PUMP,TOTAL,78627,4900,4540,106595,14297,0.7398996943986592,0.7284242805337421,0.6982139869763934,1524.9994404420509,0.7331080004568465,MEDIUM,MEDIUM,MEDIUM,5,COST_BASED,COST_BASED,false,false
1,baseline,1,2044,0.0,0.8558558558558559,ELECTRIC_HEAT_PUMP,TOTAL,78647,5378,5358,111973,19654,0.7476682378792824,0.7368889595056357,0.7362872213862407,1439.147501780808,0.7343445744420708,MEDIUM,MEDIUM,MEDIUM,5,COST_BASED,COST_BASED,false,false
1,baseline,1,2045,0.0,0.8558558558558559,ELECTRIC_HEAT_PUMP,TOTAL,78835,6325,6137,118298,20537,0.7310697108045089,0.7265702290250425,0.6720033557691218,1538.2384476797974,0.7390870768941549,MEDIUM,MEDIUM,MEDIUM,5,COST_BASED,COST_BASED,false,false
1,baseline,1,2046,0.0,0.8558558558558559,ELECTRIC_HEAT_PUMP,TOTAL,78961,6557,6431,124855,15347,0.7465012227756046,0.7413480251753226,0.7250884350638859,1523.57770248257,0.7441246233031121,MEDIUM,MEDIUM,MEDIUM,5,COST_BASED,COST_BASED,false,false
1,baseline,1,2047,0.0,0.8558558558558559,ELECTRIC_HEAT_PUMP,TOTAL,78783,6825,7003,131680,21179,0.7500154311451808,0.7448495275393047,0.7296147238504394,1495.1657302044478,0.7473667525600524,MEDIUM,MEDIUM,MEDIUM,5,COST_BASED,COST_BASED,false,false
1,baseline,1,2048,0.0,0.8558558558558559,ELECTRIC_HEAT_PUMP,TOTAL,78766,6962,6979,138642,18252,0.7476998250969838,0.7503364061630918,0.7168731566432419,1438.9047775586237,0.7593613638095813,MEDIUM,MEDIUM,MEDIUM,5,COST_BASED,COST_BASED,false,false
1,baseline,1,2049,0.0,0.8558558558558559,ELECTRIC_HEAT_PUMP,TOTAL,78985,7591,7372,146233,25926,0.7281756167956477,0.7149167395342576,0.6426276990950668,1359.8005091414025,0.7296742803287055,MEDIUM,MEDIUM,MEDIUM,5,COST_BASED,COST_BASED,false,false
1,baseline,1,2050,0.0,0.8558558558558559,ELECTRIC_HEAT_PUMP,TOTAL,79029,6880,6836,153113,27973,0.7319574424177989,0.7286040543469641,0.6535576341120582,1488.7169770850462,0.7465273123879856,MEDIUM,MEDIUM,MEDIUM,5,COST_BASED,COST_BASED,false,false
1,baseline,1,2024,0.0,0.0,ELECTRIC_HEAT_PUMP,PRIVATELY_OWNED,8357,8357,0,8357,0,0.0,0.0,0.0,0.0,0.0,MEDIUM,MEDIUM,MEDIUM,5,COST_BASED,COST_BASED,false,false
1,baseline,1,2025,0.0,0.38738738738738737,ELECTRIC_HEAT_PUMP,PRIVATELY_OWNED,11007,3190,540,11547,11622,0.7146220592070969,0.5705215256717432,0.09249987101885679,2314.0056788848733,0.6540018059511267,MEDIUM,MEDIUM,MEDIUM,5,COST_BASED,COST_BASED,false,false
1,baseline,1,2026,0.0,0.38738738738738737,ELECTRIC_HEAT_PUMP,PRIVATELY_OWNED,15625,5069,451,16616,11090,0.7129013487819297,0.6029009113335034,0.1351302956917772,2286.42353471596,0.6923434558818249,MEDIUM,MEDIUM,MEDIUM,5,COST_BASED,COST_BASED,false,false
1,baseline,1,2027,0.0,0.38738738738738737,ELECTRIC_HEAT_PUMP,PRIVATELY_OWNED,19928,4702,399,21318,11026,0.7129171067575386,0.5898102436595287,0.18346968247237552,2229.0819880282966,0.6606186681818148,MEDIUM,MEDIUM,MEDIUM,5,COST_BASED,COST_BASED,false,false
1,baseline,1,2028,0.0,0.38738738738738737,ELECTRIC_HEAT_PUMP,PRIVATELY_OWNED,23914,4540,554,25858,11421,0.7152970072381409,0.5983739748006565,0.22377723868892743,2156.2953331582175,0.6627924007192153,MEDIUM,MEDIUM,MEDIUM,5,COST_BASED,COST_BASED,false,false
1,baseline,1,2029,0.0,0.38738738738738737,ELECTRIC_HEAT_PUMP,PRIVATELY_OWNED,28871,5358,401,31216,11452,0.7155676229546424,0.6034511105115373,0.2707565641678696,2135.521480964024,0.6585956189866737,MEDIUM,MEDIUM,MEDIUM,5,COST_BASED,COST_BASED,false,false
1,baseline,1,2030,0.0,0.45045045045045046,ELECTRIC_HEAT_PUMP,PRIVATELY_OWNED,34562,6137,446,37353,12082,0.7136268789895206,0.6183171968100974,0.32503133647310045,2061.532858798212,0.6678112413494898,MEDIUM,MEDIUM,MEDIUM,5,COST_BASED,COST_BASED,false,false
1,baseline,1,2031,0.0,0.4774774774774775,ELECTRIC_HEAT_PUMP,PRIVATELY_OWNED,40519,6431,474,43784,12382,0.7140470112144713,0.6159375120512832,0.387060816757921,2021.28315296398,0.6486293110838268,MEDIUM,MEDIUM,MEDIUM,5,COST_BASED,COST_BASED,false,false
1,baseline,1,2032,0.0,0.5045045045045045,ELECTRIC_HEAT_PUMP,PRIVATELY_OWNED,47017,7003,505,50787,12334,0.7129420377287272,0.6547114932847968,0.44315775658250633,1985.1258310361602,0.6930422913493879,MEDIUM,MEDIUM,MEDIUM,5,COST_BASED,COST_BASED,false,false
1,baseline,1,2033,0.0,0.5135135135135135,ELECTRIC_HEAT_PUMP,PRIVATELY_OWNED,53461,6979,535,57766,12322,0.7131475234166017,0.6594373802767415,0.503313655050688,1963.513147216361,0.6850407757982853,MEDIUM,MEDIUM,MEDIUM,5,COST_BASED,COST_BASED,false,false
1,baseline,1,2034,0.0,0.5495495495495496,ELECTRIC_HEAT_PUMP,PRIVATELY_OWNED,60304,7372,529,65138,13563,0.71280051201671,0.6563088580004304,0.5457023553545097,1846.1643441716435,0.6698375701578342,MEDIUM,MEDIUM,MEDIUM,5,COST_BASED,COST_BASED,false,false
1,baseline,1,2035,0.0,0.5945945945945946,ELECTRIC_HEAT_PUMP,PRIVATELY_OWNED,66513,6836,627,71974,12240,0.7148301068260817,0.6852874712823789,0.586959760247001,1894.7763071895424,0.7024837401552918,MEDIUM,MEDIUM,MEDIUM,5,COST_BASED,COST_BASED,false,false
1,baseline,1,2036,0.0,0.6306306306306306,ELECTRIC_HEAT_PUMP,PRIVATELY_OWNED,72178,6284,619,78258,11307,0.7149414140048619,0.6695834645678614,0.6131247715693391,1914.0713717166357,0.6723586504582436,MEDIUM,MEDIUM,MEDIUM,5,COST_BASED,COST_BASED,false,false
1,baseline,1,2037,0.0,0.6576576576576577,ELECTRIC_HEAT_PUMP,PRIVATELY_OWNED,74649,3710,1239,81968,8503,0.6676309289620963,0.6370976417123513,0.5262234786590594,1784.607785487475,0.6571828606632402,MEDIUM,MEDIUM,MEDIUM,5,COST_BASED,COST_BASED,false,false
1,baseline,1,2038,0.0,0.6666666666666666,ELECTRIC_HEAT_PUMP,PRIVATELY_OWNED,75468,1431,612,83399,5210,0.6176637365661313,0.6198314050506969,0.3896042959347702,1832.0393474088291,0.6779300994508185,MEDIUM,MEDIUM,MEDIUM,5,COST_BASED,COST_BASED,false,false
1,baseline,1,2039,0.0,0.7027027027027027,ELECTRIC_HEAT_PUMP,PRIVATELY_OWNED,76161,1119,426,84518,3936,0.6141339969533279,0.6109603218528245,0.3971344543637553,1859.4629065040651,0.6636233699499667,MEDIUM,MEDIUM,MEDIUM,5,COST_BASED,COST_BASED,false,false
1,baseline,1,2040,0.0,0.7297297297297297,ELECTRIC_HEAT_PUMP,PRIVATELY_OWNED,77432,4461,3190,88979,8049,0.7174468880410877,0.6793664896563261,0.6204483921197762,1772.0647285377065,0.6845759144442732,MEDIUM,MEDIUM,MEDIUM,5,COST_BASED,COST_BASED,false,false
1,baseline,1,2041,0.0,0.7567567567567568,ELECTRIC_HEAT_PUMP,PRIVATELY_OWNED,77929,5566,5069,94545,9293,0.7266910606544779,0.7105845535488953,0.661114521680018,1770.5292155385773,0.7189254347397149,MEDIUM,MEDIUM,MEDIUM,5,COST_BASED,COST_BASED,false,false
1,baseline,1,2042,0.0,0.8018018018018018,ELECTRIC_HEAT_PUMP,PRIVATELY_OWNED,78266,5039,4702,99584,7967,0.7350573679916143,0.725982123869329,0.6869735327142076,1638.7915149993723,0.7334654606275393,MEDIUM,MEDIUM,MEDIUM,5,COST_BASED,COST_BASED,false,false
1,baseline,1,2043,0.0,0.8288288288288288,ELECTRIC_HEAT_PUMP,PRIVATELY_OWNED,78625,4899,4540,104483,7559,0.7398996943986592,0.7284242805337421,0.6982139869763934,1581.1858711469772,0.7331080004568465,MEDIUM,MEDIUM,MEDIUM,5,COST_BASED,COST_BASED,false,false
1,baseline,1,2044,0.0,0.8558558558558559,ELECTRIC_HEAT_PUMP,PRIVATELY_OWNED,78645,5378,5358,109861,7731,0.7476682378792824,0.7368889595056357,0.7362872213862407,1572.8042943991722,0.7343445744420708,MEDIUM,MEDIUM,MEDIUM,5,COST_BASED,COST_BASED,false,false
1,baseline,1,2045,0.0,0.8558558558558559,ELECTRIC_HEAT_PUMP,PRIVATELY_OWNED,78833,6325,6137,116186,10169,0.7310697108045089,0.7265702290250425,0.6720033557691218,1572.4470449405055,0.7390870768941549,MEDIUM,MEDIUM,MEDIUM,5,COST_BASED,COST_BASED,false,false
1,baseline,1,2046,0.0,0.8558558558558559,ELECTRIC_HEAT_PUMP,PRIVATELY_OWNED,78959,6557,6431,122743,9523,0.7465012227756046,0.7413480251753226,0.7250884350638859,1481.6068465819594,0.7441246233031121,MEDIUM,MEDIUM,MEDIUM,5,COST_BASED,COST_BASED,false,false
1,baseline,1,2047,0.0,0.8558558558558559,ELECTRIC_HEAT_PUMP,PRIVATELY_OWNED,78781,6825,7003,129568,9793,0.7500154311451808,0.7448495275393047,0.7296147238504394,1490.5587664658428,0.7473667525600524,MEDIUM,MEDIUM,MEDIUM,5,COST_BASED,COST_BASED,false,false
1,baseline,1,2048,0.0,0.8558558558558559,ELECTRIC_HEAT_PUMP,PRIVATELY_OWNED,78764,6962,6979,136530,10134,0.7476998250969838,0.7503364061630918,0.7168731566432419,1469.679001381488,0.7593613638095813,MEDIUM,MEDIUM,MEDIUM,5,COST_BASED,COST_BASED,false,false
1,baseline,1,2049,0.0,0.8558558558558559,ELECTRIC_HEAT_PUMP,PRIVATELY_OWNED,78982,7590,7372,144120,12616,0.7281756167956477,0.7149167395342576,0.6426276990950668,1378.6718452758403,0.7296742803287055,MEDIUM,MEDIUM,MEDIUM,5,COST_BASED,COST_BASED,false,false
1,baseline,1,2050,0.0,0.8558558558558559,ELECTRIC_HEAT_PUMP,PRIVATELY_OWNED,79025,6879,6836,150999,11128,0.7319574424177989,0.7286040543469641,0.6535576341120582,1427.8749101365925,0.7465273123879856,MEDIUM,MEDIUM,MEDIUM,5,COST_BASED,COST_BASED,false,false
1,baseline,1,2024,0.0,0.0,ELECTRIC_HEAT_PUMP,SOCIAL_HOUSING,42,42,0,42,0,0.0,0.0,0.0,0.0,0.0,MEDIUM,MEDIUM,MEDIUM,5,COST_BASED,COST_BASED,false,false
1,baseline,1,2025,0.0,0.38738738738738737,ELECTRIC_HEAT_PUMP,SOCIAL_HOUSING,0,0,42,42,7879,0.0,0.0,0.0,2249.493844396497,0.0,MEDIUM,MEDIUM,MEDIUM,5,COST_BASED,COST_BASED,false,false
1,baseline,1,2026,0.0,0.38738738738738737,ELECTRIC_HEAT_PUMP,SOCIAL_HOUSING,0,0,0,42,12398,0.0,0.0,0.0,2187.307952895628,0.0,MEDIUM,MEDIUM,MEDIUM,5,COST_BASED,COST_BASED,false,false
1,baseline,1,2027,0.0,0.38738738738738737,ELECTRIC_HEAT_PUMP,SOCIAL_HOUSING,0,0,0,42,3434,0.0,0.0,0.0,1977.2446126965638,0.0,MEDIUM,MEDIUM,MEDIUM,5,COST_BASED,COST_BASED,false,false
1,baseline,1,2028,0.0,0.38738738738738737,ELECTRIC_HEAT_PUMP,SOCIAL_HOUSING,0,0,0,42,1915,0.0,0.0,0.0,1588.3096605744124,0.0,MEDIUM,MEDIUM,MEDIUM,5,COST_BASED,COST_BASED,false,false
1,baseline,1,2029,0.0,0.38738738738738737,ELECTRIC_HEAT_PUMP,SOCIAL_HOUSING,0,0,0,42,7449,0.0,0.0,0.0,2033.1888844140153,0.0,MEDIUM,MEDIUM,MEDIUM,5,COST_BASED,COST_BASED,false,false
1,baseline,1,2030,0.0,0.45045045045045046,ELECTRIC_HEAT_PUMP,SOCIAL_HOUSING,0,0,0,42,10794,0.0,0.0,0.0,1647.3590883824347,0.0,MEDIUM,MEDIUM,MEDIUM,5,COST_BASED,COST_BASED,false,false
1,baseline,1,2031,0.0,0.4774774774774775,ELECTRIC_HEAT_PUMP,SOCIAL_HOUSING,0,0,0,42,2905,0.0,0.0,0.0,1629.6843373493975,0.0,MEDIUM,MEDIUM,MEDIUM,5,COST_BASED,COST_BASED,false,false
1,baseline,1,2032,0.0,0.5045045045045045,ELECTRIC_HEAT_PUMP,SOCIAL_HOUSING,0,0,0,42,8007,0.0,0.0,0.0,2018.6024728362684,0.0,MEDIUM,MEDIUM,MEDIUM,5,COST_BASED,COST_BASED,false,false
1,baseline,1,2033,0.0,0.5135135135135135,ELECTRIC_HEAT_PUMP,SOCIAL_HOUSING,0,0,0,42,6854,0.0,0.0,0.0,1865.6515903122265,0.0,MEDIUM,MEDIUM,MEDIUM,5,COST_BASED,COST_BASED,false,false
1,baseline,1,2034,0.0,0.5495495495495496,ELECTRIC_HEAT_PUMP,SOCIAL_HOUSING,0,0,0,42,2587,0.0,0.0,0.0,2040.7182064166989,0.0,MEDIUM,MEDIUM,MEDIUM,5,COST_BASED,COST_BASED,false,false
1,baseline,1,2035,0.0,0.5945945945945946,ELECTRIC_HEAT_PUMP,SOCIAL_HOUSING,0,0,0,42,8009,0.0,0.0,0.0,1715.4062929204645,0.0,MEDIUM,MEDIUM,MEDIUM,5,COST_BASED,COST_BASED,false,false
1,baseline,1,2036,0.0,0.6306306306306306,ELECTRIC_HEAT_PUMP,SOCIAL_HOUSING,0,0,0,42,4854,0.0,0.0,0.0,1249.7768850432633,0.0,MEDIUM,MEDIUM,MEDIUM,5,COST_BASED,COST_BASED,false,false
1,baseline,1,2037,0.0,0.6576576576576577,ELECTRIC_HEAT_PUMP,SOCIAL_HOUSING,0,0,0,42,9762,0.0,0.0,0.0,1549.6674861708666,0.0,MEDIUM,MEDIUM,MEDIUM,5,COST_BASED,COST_BASED,false,false
1,baseline,1,2038,0.0,0.6666666666666666,ELECTRIC_HEAT_PUMP,SOCIAL_HOUSING,0,0,0,42,13288,0.0,0.0,0.0,1867.7798013245033,0.0,MEDIUM,MEDIUM,MEDIUM,5,COST_BASED,COST_BASED,false,false
1,baseline,1,2039,0.0,0.7027027027027027,ELECTRIC_HEAT_PUMP,SOCIAL_HOUSING,0,0,0,42,3434,0.0,0.0,0.0,1596.4935934769946,0.0,MEDIUM,MEDIUM,MEDIUM,5,COST_BASED,COST_BASED,false,false
1,baseline,1,2040,0.0,0.7297297297297297,ELECTRIC_HEAT_PUMP,SOCIAL_HOUSING,0,0,0,42,1915,0.0,0.0,0.0,1257.1451697127936,0.0,MEDIUM,MEDIUM,MEDIUM,5,COST_BASED,COST_BASED,false,false
1,baseline,1,2041,0.0,0.7567567567567568,ELECTRIC_HEAT_PUMP,SOCIAL_HOUSING,0,0,0,42,7449,0.0,0.0,0.0,1696.3634044838234,0.0,MEDIUM,MEDIUM,MEDIUM,5,COST_BASED,COST_BASED,false,false
1,baseline,1,2042,0.0,0.8018018018018018,ELECTRIC_HEAT_PUMP,SOCIAL_HOUSING,0,0,0,42,10794,0.0,0.0,0.0,1106.3323142486568,0.0,MEDIUM,MEDIUM,MEDIUM,5,COST_BASED,COST_BASED,false,false
1,baseline,1,2043,0.0,0.8288288288288288,ELECTRIC_HEAT_PUMP,SOCIAL_HOUSING,0,0,0,42,2905,0.0,0.0,0.0,1203.7163511187607,0.0,MEDIUM,MEDIUM,MEDIUM,5,COST_BASED,COST_BASED,false,false
1,baseline,1,2044,0.0,0.8558558558558559,ELECTRIC_HEAT_PUMP,SOCIAL_HOUSING,0,0,0,42,8007,0.0,0.0,0.0,1198.9194454852004,0.0,MEDIUM,MEDIUM,MEDIUM,5,COST_BASED,COST_BASED,false,false
1,baseline,1,2045,0.0,0.8558558558558559,ELECTRIC_HEAT_PUMP,SOCIAL_HOUSING,0,0,0,42,6854,0.0,0.0,0.0,1402.2105339947475,0.0,MEDIUM,MEDIUM,MEDIUM,5,COST_BASED,COST_BASED,false,false
1,baseline,1,2046,0.0,0.8558558558558559,ELECTRIC_HEAT_PUMP,SOCIAL_HOUSING,0,0,0,42,2587,0.0,0.0,0.0,1451.3138770776961,0.0,MEDIUM,MEDIUM,MEDIUM,5,COST_BASED,COST_BASED,false,false
1,baseline,1,2047,0.0,0.8558558558558559,ELECTRIC_HEAT_PUMP,SOCIAL_HOUSING,0,0,0,42,8009,0.0,0.0,0.0,1422.433262579598,0.0,MEDIUM,MEDIUM,MEDIUM,5,COST_BASED,COST_BASED,false,false
1,baseline,1,2048,0.0,0.8558558558558559,ELECTRIC_HEAT_PUMP,SOCIAL_HOUSING,0,0,0,42,4854,0.0,0.0,0.0,1208.9215080346107,0.0,MEDIUM,MEDIUM,MEDIUM,5,COST_BASED,COST_BASED,false,false
1,baseline,1,2049,0.0,0.8558558558558559,ELECTRIC_HEAT_PUMP,SOCIAL_HOUSING,0,0,0,42,9791,0.0,0.0,0.0,1232.330609743642,0.0,MEDIUM,MEDIUM,MEDIUM,5,COST_BASED,COST_BASED,false,false
1,baseline,1,2050,0.0,0.8558558558558559,ELECTRIC_HEAT_PUMP,SOCIAL_HOUSING,0,0,0,42,13288,0.0,0.0,0.0,1512.494807344973,0.0,MEDIUM,MEDIUM,MEDIUM,5,COST_BASED,COST_BASED,false,false
1,baseline,1,2024,0.0,0.0,ELECTRIC_HEAT_PUMP,PRIVATELY_RENTED,2068,2068,0,2068,0,0.0,0.0,0.0,0.0,0.0,MEDIUM,MEDIUM,MEDIUM,5,COST_BASED,COST_BASED,false,false
1,baseline,1,2025,0.0,0.38738738738738737,ELECTRIC_HEAT_PUMP,PRIVATELY_RENTED,1876,0,192,2068,3584,0.0,0.0,0.0,2252.005859375,0.0,MEDIUM,MEDIUM,MEDIUM,5,COST_BASED,COST_BASED,false,false
1,baseline,1,2026,0.0,0.38738738738738737,ELECTRIC_HEAT_PUMP,PRIVATELY_RENTED,1705,0,171,2068,3365,0.0,0.0,0.0,2221.690341753343,0.0,MEDIUM,MEDIUM,MEDIUM,5,COST_BASED,COST_BASED,false,false
1,baseline,1,2027,0.0,0.38738738738738737,ELECTRIC_HEAT_PUMP,PRIVATELY_RENTED,1616,0,89,2068,3447,0.0,0.0,0.0,2220.7771975630985,0.0,MEDIUM,MEDIUM,MEDIUM,5,COST_BASED,COST_BASED,false,false
1,baseline,1,2028,0.0,0.38738738738738737,ELECTRIC_HEAT_PUMP,PRIVATELY_RENTED,1276,0,340,2068,3681,0.0,0.0,0.0,2045.7286063569682,0.0,MEDIUM,MEDIUM,MEDIUM,5,COST_BASED,COST_BASED,false,false
1,baseline,1,2029,0.0,0.38738738738738737,ELECTRIC_HEAT_PUMP,PRIVATELY_RENTED,1144,0,132,2068,3521,0.0,0.0,0.0,2063.7443907980687,0.0,MEDIUM,MEDIUM,MEDIUM,5,COST_BASED,COST_BASED,false,false
1,baseline,1,2030,0.0,0.45045045045045046,ELECTRIC_HEAT_PUMP,PRIVATELY_RENTED,1039,0,105,2068,3798,0.0,0.0,0.0,1970.8509741969458,0.0,MEDIUM,MEDIUM,MEDIUM,5,COST_BASED,COST_BASED,false,false
1,baseline,1,2031,0.0,0.4774774774774775,ELECTRIC_HEAT_PUMP,PRIVATELY_RENTED,927,0,112,2068,3670,0.0,0.0,0.0,1996.1441416893733,0.0,MEDIUM,MEDIUM,MEDIUM,5,COST_BASED,COST_BASED,false,false
1,baseline,1,2032,0.0,0.5045045045045045,ELECTRIC_HEAT_PUMP,PRIVATELY_RENTED,812,0,115,2068,4114,0.0,0.0,0.0,1888.8911035488575,0.0,MEDIUM,MEDIUM,MEDIUM,5,COST_BASED,COST_BASED,false,false
1,baseline,1,2033,0.0,0.5135135135135135,ELECTRIC_HEAT_PUMP,PRIVATELY_RENTED,679,0,133,2068,3703,0.0,0.0,0.0,1932.1263840129625,0.0,MEDIUM,MEDIUM,MEDIUM,5,COST_BASED,COST_BASED,false,false
1,baseline,1,2034,0.0,0.5495495495495496,ELECTRIC_HEAT_PUMP,PRIVATELY_RENTED,546,0,133,2068,3457,0.0,0.0,0.0,1923.8796644489441,0.0,MEDIUM,MEDIUM,MEDIUM,5,COST_BASED,COST_BASED,false,false
1,baseline,1,2035,0.0,0.5945945945945946,ELECTRIC_HEAT_PUMP,PRIVATELY_RENTED,407,0,139,2068,3549,0.0,0.0,0.0,1891.1673710904481,0.0,MEDIUM,MEDIUM,MEDIUM,5,COST_BASED,COST_BASED,false,false
1,baseline,1,2036,0.0,0.6306306306306306,ELECTRIC_HEAT_PUMP,PRIVATELY_RENTED,276,0,131,2068,3336,0.0,0.0,0.0,1943.214928057554,0.0,MEDIUM,MEDIUM,MEDIUM,5,COST_BASED,COST_BASED,false,false
1,baseline,1,2037,0.0,0.6576576576576577,ELECTRIC_HEAT_PUMP,PRIVATELY_RENTED,189,0,87,2068,3586,0.0,0.0,0.0,1855.0580033463468,0.0,MEDIUM,MEDIUM,MEDIUM,5,COST_BASED,COST_BASED,false,false
1,baseline,1,2038,0.0,0.6666666666666666,ELECTRIC_HEAT_PUMP,PRIVATELY_RENTED,109,0,80,2068,3416,0.0,0.0,0.0,1836.8375292740047,0.0,MEDIUM,MEDIUM,MEDIUM,5,COST_BASED,COST_BASED,false,false
1,baseline,1,2039,0.0,0.7027027027027027,ELECTRIC_HEAT_PUMP,PRIVATELY_RENTED,0,0,109,2068,3512,0.0,0.0,0.0,1828.8974943052392,0.0,MEDIUM,MEDIUM,MEDIUM,5,COST_BASED,COST_BASED,false,false
1,baseline,1,2040,0.0,0.7297297297297297,ELECTRIC_HEAT_PUMP,PRIVATELY_RENTED,0,0,0,2068,3370,0.0,0.0,0.0,1809.3373887240357,0.0,MEDIUM,MEDIUM,MEDIUM,5,COST_BASED,COST_BASED,false,false
1,baseline,1,2041,0.0,0.7567567567567568,ELECTRIC_HEAT_PUMP,PRIVATELY_RENTED,0,0,0,2068,3312,0.0,0.0,0.0,1783.139190821256,0.0,MEDIUM,MEDIUM,MEDIUM,5,COST_BASED,COST_BASED,false,false
1,baseline,1,2042,0.0,0.8018018018018018,ELECTRIC_HEAT_PUMP,PRIVATELY_RENTED,1,1,0,2069,3538,0.0,0.0,0.0,1732.849632560769,0.0,MEDIUM,MEDIUM,MEDIUM,5,COST_BASED,COST_BASED,false,false
1,baseline,1,2043,0.0,0.8288288288288288,ELECTRIC_HEAT_PUMP,PRIVATELY_RENTED,2,1,0,2070,3833,0.0,0.0,0.0,1657.6929298199843,0.0,MEDIUM,MEDIUM,MEDIUM,5,COST_BASED,COST_BASED,false,false
1,baseline,1,2044,0.0,0.8558558558558559,ELECTRIC_HEAT_PUMP,PRIVATELY_RENTED,2,0,0,2070,3916,0.0,0.0,0.0,1666.4726762002042,0.0,MEDIUM,MEDIUM,MEDIUM,5,COST_BASED,COST_BASED,false,false
1,baseline,1,2045,0.0,0.8558558558558559,ELECTRIC_HEAT_PUMP,PRIVATELY_RENTED,2,0,0,2070,3514,0.0,0.0,0.0,1704.5640295959022,0.0,MEDIUM,MEDIUM,MEDIUM,5,COST_BASED,COST_BASED,false,false
1,baseline,1,2046,0.0,0.8558558558558559,ELECTRIC_HEAT_PUMP,PRIVATELY_RENTED,2,0,0,2070,3237,0.0,0.0,0.0,1704.8056842755639,0.0,MEDIUM,MEDIUM,MEDIUM,5,COST_BASED,COST_BASED,false,false
1,baseline,1,2047,0.0,0.8558558558558559,ELECTRIC_HEAT_PUMP,PRIVATELY_RENTED,2,0,0,2070,3377,0.0,0.0,0.0,1681.020136215576,0.0,MEDIUM,MEDIUM,MEDIUM,5,COST_BASED,COST_BASED,false,false
1,baseline,1,2048,0.0,0.8558558558558559,ELECTRIC_HEAT_PUMP,PRIVATELY_RENTED,2,0,0,2070,3264,0.0,0.0,0.0,1685.3731617647059,0.0,MEDIUM,MEDIUM,MEDIUM,5,COST_BASED,COST_BASED,false,false
1,baseline,1,2049,0.0,0.8558558558558559,ELECTRIC_HEAT_PUMP,PRIVATELY_RENTED,3,1,0,2071,3519,0.0,0.0,0.0,1646.8073316283035,0.0,MEDIUM,MEDIUM,MEDIUM,5,COST_BASED,COST_BASED,false,false
1,baseline,1,2050,0.0,0.8558558558558559,ELECTRIC_HEAT_PUMP,PRIVATELY_RENTED,4,1,0,2072,3557,0.0,0.0,0.0,1590.2324992971605,0.0,MEDIUM,MEDIUM,MEDIUM,5,COST_BASED,COST_BASED,false,false
1,baseline,1,2024,0.0,0.0,HYBRID_HEAT_PUMP,TOTAL,1904,1904,0,1904,0,0.0,0.0,0.0,0.0,0.0,MEDIUM,MEDIUM,MEDIUM,5,COST_BASED,COST_BASED,false,false
1,baseline,1,2025,0.0,0.38738738738738737,HYBRID_HEAT_PUMP,TOTAL,2575,810,139,2714,23085,0.7662482574619459,0.5773341090102035,0.017440320441051368,1733.438726445744,0.6700790190395554,MEDIUM,MEDIUM,MEDIUM,5,COST_BASED,COST_BASED,false,false
1,baseline,1,2026,0.0,0.38738738738738737,HYBRID_HEAT_PUMP,TOTAL,3152,713,136,3427,26853,0.7663945191113763,0.5821911247187198,0.020463928947882223,1698.6426470040592,0.6765720750632672,MEDIUM,MEDIUM,MEDIUM,5,COST_BASED,COST_BASED,false,false
1,baseline,1,2027,0.0,0.38738738738738737,HYBRID_HEAT_PUMP,TOTAL,4906,1868,114,5295,17907,0.7671167102545483,0.5893931198449297,0.02900702995358627,1673.0861674205619,0.6850587447153635,MEDIUM,MEDIUM,MEDIUM,5,COST_BASED,COST_BASED,false,false
1,baseline,1,2028,0.0,0.38738738738738737,HYBRID_HEAT_PUMP,TOTAL,6533,1753,126,7048,17017,0.7657948995299854,0.5980032772700848,0.041318583617736666,1605.6284303931363,0.6952265451181925,MEDIUM,MEDIUM,MEDIUM,5,COST_BASED,COST_BASED,false,false
1,baseline,1,2029,0.0,0.38738738738738737,HYBRID_HEAT_PUMP,TOTAL,7784,1372,121,8420,22422,0.7648145646224033,0.5770825511282898,0.04788953199137432,1624.922219248952,0.662447802538987,MEDIUM,MEDIUM,MEDIUM,5,COST_BASED,COST_BASED,false,false
1,baseline,1,2030,0.0,0.45045045045045046,HYBRID_HEAT_PUMP,TOTAL,11087,3416,113,11836,26674,0.765924477112822,0.6078065255590237,0.06291988717193357,1475.156706905601,0.7044986972673523,MEDIUM,MEDIUM,MEDIUM,5,COST_BASED,COST_BASED,false,false
1,baseline,1,2031,0.0,0.4774774774774775,HYBRID_HEAT_PUMP,TOTAL,13915,2951,123,14787,18957,0.7653553603244387,0.5916084911170242,0.08869698168386755,1552.0349738882735,0.673899651173466,MEDIUM,MEDIUM,MEDIUM,5,COST_BASED,COST_BASED,false,false
1,baseline,1,2032,0.0,0.5045045045045045,HYBRID_HEAT_PUMP,TOTAL,16722,2918,111,17705,24455,0.7664022227617351,0.5919354251500052,0.10747281264217336,1519.8006542629319,0.6694343788740268,MEDIUM,MEDIUM,MEDIUM,5,COST_BASED,COST_BASED,false,false
1,baseline,1,2033,0.0,0.5135135135135135,HYBRID_HEAT_PUMP,TOTAL,19885,3287,124,20992,22879,0.7664777123541402,0.5898842669608892,0.12731712502376638,1499.3973075746317,0.6613776910968638,MEDIUM,MEDIUM,MEDIUM,5,COST_BASED,COST_BASED,false,false
1,baseline,1,2034,0.0,0.5495495495495496,HYBRID_HEAT_PUMP,TOTAL,25166,5407,126,26399,19607,0.7668813724578374,0.6206298267157154,0.1613579569695317,1480.863773142245,0.6988849077167314,MEDIUM,MEDIUM,MEDIUM,5,COST_BASED,COST_BASED,false,false
1,baseline,1,2035,0.0,0.5945945945945946,HYBRID_HEAT_PUMP,TOTAL,29803,4759,122,31158,23798,0.7652568672379944,0.613603708840296,0.20190957952715072,1447.61652239684,0.6786139515691556,MEDIUM,MEDIUM,MEDIUM,5,COST_BASED,COST_BASED,false,false
1,baseline,1,2036,0.0,0.6306306306306306,HYBRID_HEAT_PUMP,TOTAL,34704,5030,129,36188,19497,0.7638792501143399,0.62330985960584,0.2340258657745208,1422.8294609427091,0.6854885104365478,MEDIUM,MEDIUM,MEDIUM,5,COST_BASED,COST_BASED,false,false
1,baseline,1,2037,0.0,0.6576576576576577,HYBRID_HEAT_PUMP,TOTAL,39774,5248,178,41436,21851,0.8029564896986784,0.6484571107381761,0.3221947624592356,1352.9844400713926,0.691397853067787,MEDIUM,MEDIUM,MEDIUM,5,COST_BASED,COST_BASED,false,false
1,baseline,1,2038,0.0,0.6666666666666666,HYBRID_HEAT_PUMP,TOTAL,43628,3965,111,45401,21914,0.8363813765544733,0.6528821494123787,0.4322805976044132,1393.6435611937575,0.6621577305788457,MEDIUM,MEDIUM,MEDIUM,5,COST_BASED,COST_BASED,false,false
1,baseline,1,2039,0.0,0.7027027027027027,HYBRID_HEAT_PUMP,TOTAL,47018,3521,131,48922,10882,0.8327113032196156,0.6630313861914686,0.441015882393186,1370.3168535195737,0.6761152828840062,MEDIUM,MEDIUM,MEDIUM,5,COST_BASED,COST_BASED,false,false
1,baseline,1,2040,0.0,0.7297297297297297,HYBRID_HEAT_PUMP,TOTAL,50552,4344,810,53266,13334,0.7561499787818579,0.6402499719765243,0.33558273121001553,1359.316409179541,0.6874417804668229,MEDIUM,MEDIUM,MEDIUM,5,COST_BASED,COST_BASED,false,false
1,baseline,1,2041,0.0,0.7567567567567568,HYBRID_HEAT_PUMP,TOTAL,54291,4452,713,57718,20054,0.7500277403062816,0.6407526525410543,0.3325563373455569,1352.527126757754,0.6904829593986215,MEDIUM,MEDIUM,MEDIUM,5,COST_BASED,COST_BASED,false,false
1,baseline,1,2042,0.0,0.8018018018018018,HYBRID_HEAT_PUMP,TOTAL,56183,3760,1868,61478,22299,0.7380939777626189,0.6538176699197231,0.3215897580176629,1162.720121978564,0.7158055709345145,MEDIUM,MEDIUM,MEDIUM,5,COST_BASED,COST_BASED,false,false
1,baseline,1,2043,0.0,0.8288288288288288,HYBRID_HEAT_PUMP,TOTAL,58311,3881,1753,65359,14297,0.7309355492085019,0.6666758186005907,0.30381395210563605,1236.9376092886619,0.7413263525723561,MEDIUM,MEDIUM,MEDIUM,5,COST_BASED,COST_BASED,false,false
1,baseline,1,2044,0.0,0.8558558558558559,HYBRID_HEAT_PUMP,TOTAL,60369,3430,1372,68789,19654,0.7244521898253757,0.6363228459266627,0.27201005598897554,1185.9266815915335,0.7053687074364076,MEDIUM,MEDIUM,MEDIUM,5,COST_BASED,COST_BASED,false,false
1,baseline,1,2045,0.0,0.8558558558558559,HYBRID_HEAT_PUMP,TOTAL,61868,4915,3416,73704,20537,0.7464470470305872,0.6697658785075207,0.3489600783131308,1215.001801626333,0.7307970364253535,MEDIUM,MEDIUM,MEDIUM,5,COST_BASED,COST_BASED,false,false
1,baseline,1,2046,0.0,0.8558558558558559,HYBRID_HEAT_PUMP,TOTAL,62958,4041,2951,77745,15347,0.7299874120349549,0.6718873311278397,0.29182790848663204,1214.3214960578614,0.7523771665613639,MEDIUM,MEDIUM,MEDIUM,5,COST_BASED,COST_BASED,false,false
1,baseline,1,2047,0.0,0.8558558558558559,HYBRID_HEAT_PUMP,TOTAL,64209,4169,2918,81914,21179,0.7300380255902335,0.6473324647039044,0.28815780259170126,1207.7432834411445,0.7164497400103745,MEDIUM,MEDIUM,MEDIUM,5,COST_BASED,COST_BASED,false,false
1,baseline,1,2048,0.0,0.8558558558558559,HYBRID_HEAT_PUMP,TOTAL,65364,4442,3287,86356,18252,0.7326296701744102,0.654515250509304,0.29824814435206604,1184.52580539119,0.7240534221323269,MEDIUM,MEDIUM,MEDIUM,5,COST_BASED,COST_BASED,false,false
1,baseline,1,2049,0.0,0.8558558558558559,HYBRID_HEAT_PUMP,TOTAL,66265,6308,5407,92664,25926,0.7529081920200219,0.6688559974577731,0.37178966896231364,1148.5030085628327,0.7221095309410686,MEDIUM,MEDIUM,MEDIUM,5,COST_BASED,COST_BASED,false,false
1,baseline,1,2050,0.0,0.8558558558558559,HYBRID_HEAT_PUMP,TOTAL,67228,5722,4759,98386,27973,0.7478336261605227,0.6689339404357574,0.35244275922224566,1192.22085582526,0.7283318143079371,MEDIUM,MEDIUM,MEDIUM,5,COST_BASED,COST_BASED,false,false
1,baseline,1,2024,0.0,0.0,HYBRID_HEAT_PUMP,PRIVATELY_OWNED,1544,1544,0,1544,0,0.0,0.0,0.0,0.0,0.0,MEDIUM,MEDIUM,MEDIUM,5,COST_BASED,COST_BASED,false,false
1,baseline,1,2025,0.0,0.38738738738738737,HYBRID_HEAT_PUMP,PRIVATELY_OWNED,1991,559,112,2103,11622,0.7662482574619459,0.5773341090102035,0.017440320441051368,1757.697040096369,0.6700790190395554,MEDIUM,MEDIUM,MEDIUM,5,COST_BASED,COST_BASED,false,false
1,baseline,1,2026,0.0,0.38738738738738737,HYBRID_HEAT_PUMP,PRIVATELY_OWNED,2288,407,110,2510,11090,0.7663945191113763,0.5821911247187198,0.020463928947882223,1751.7047790802526,0.6765720750632672,MEDIUM,MEDIUM,MEDIUM,5,COST_BASED,COST_BASED,false,false
1,baseline,1,2027,0.0,0.38738738738738737,HYBRID_HEAT_PUMP,PRIVATELY_OWNED,3723,1526,91,4036,11026,0.7671167102545483,0.5893931198449297,0.02900702995358627,1723.9977326319608,0.6850587447153635,MEDIUM,MEDIUM,MEDIUM,5,COST_BASED,COST_BASED,false,false
1,baseline,1,2028,0.0,0.38738738738738737,HYBRID_HEAT_PUMP,PRIVATELY_OWNED,4646,1015,92,5051,11421,0.7657948995299854,0.5980032772700848,0.041318583617736666,1672.9340688205937,0.6952265451181925,MEDIUM,MEDIUM,MEDIUM,5,COST_BASED,COST_BASED,false,false
1,baseline,1,2029,0.0,0.38738738738738737,HYBRID_HEAT_PUMP,PRIVATELY_OWNED,5249,702,99,5753,11452,0.7648145646224033,0.5770825511282898,0.04788953199137432,1668.205902899057,0.662447802538987,MEDIUM,MEDIUM,MEDIUM,5,COST_BASED,COST_BASED,false,false
1,baseline,1,2030,0.0,0.45045045045045046,HYBRID_HEAT_PUMP,PRIVATELY_OWNED,7884,2726,91,8479,12082,0.765924477112822,0.6078065255590237,0.06291988717193357,1626.3331402085748,0.7044986972673523,MEDIUM,MEDIUM,MEDIUM,5,COST_BASED,COST_BASED,false,false
1,baseline,1,2031,0.0,0.4774774774774775,HYBRID_HEAT_PUMP,PRIVATELY_OWNED,9947,2161,98,10640,12382,0.7653553603244387,0.5916084911170242,0.08869698168386755,1600.8690033920207,0.673899651173466,MEDIUM,MEDIUM,MEDIUM,5,COST_BASED,COST_BASED,false,false
1,baseline,1,2032,0.0,0.5045045045045045,HYBRID_HEAT_PUMP,PRIVATELY_OWNED,11821,1958,84,12598,12334,0.7664022227617351,0.5919354251500052,0.10747281264217336,1578.5027566077508,0.6694343788740268,MEDIUM,MEDIUM,MEDIUM,5,COST_BASED,COST_BASED,false,false
1,baseline,1,2033,0.0,0.5135135135135135,HYBRID_HEAT_PUMP,PRIVATELY_OWNED,14000,2277,98,14875,12322,0.7664777123541402,0.5898842669608892,0.12731712502376638,1567.7375426067197,0.6613776910968638,MEDIUM,MEDIUM,MEDIUM,5,COST_BASED,COST_BASED,false,false
1,baseline,1,2034,0.0,0.5495495495495496,HYBRID_HEAT_PUMP,PRIVATELY_OWNED,18210,4320,110,19195,13563,0.7668813724578374,0.6206298267157154,0.1613579569695317,1486.2479539924796,0.6988849077167314,MEDIUM,MEDIUM,MEDIUM,5,COST_BASED,COST_BASED,false,false
1,baseline,1,2035,0.0,0.5945945945945946,HYBRID_HEAT_PUMP,PRIVATELY_OWNED,21612,3502,100,22697,12240,0.7652568672379944,0.613603708840296,0.20190957952715072,1513.6718954248365,0.6786139515691556,MEDIUM,MEDIUM,MEDIUM,5,COST_BASED,COST_BASED,false,false
1,baseline,1,2036,0.0,0.6306306306306306,HYBRID_HEAT_PUMP,PRIVATELY_OWNED,25272,3774,114,26471,11307,0.7638792501143399,0.62330985960584,0.2340258657745208,1521.2785884850093,0.6854885104365478,MEDIUM,MEDIUM,MEDIUM,5,COST_BASED,COST_BASED,false,false
1,baseline,1,2037,0.0,0.6576576576576577,HYBRID_HEAT_PUMP,PRIVATELY_OWNED,29124,4004,152,30475,8503,0.8029564896986784,0.6484571107381761,0.3221947624592356,1415.6654122074563,0.691397853067787,MEDIUM,MEDIUM,MEDIUM,5,COST_BASED,COST_BASED,false,false
1,baseline,1,2038,0.0,0.6666666666666666,HYBRID_HEAT_PUMP,PRIVATELY_OWNED,31728,2691,87,33166,5210,0.8363813765544733,0.6528821494123787,0.4322805976044132,1451.4349328214971,0.6621577305788457,MEDIUM,MEDIUM,MEDIUM,5,COST_BASED,COST_BASED,false,false
1,baseline,1,2039,0.0,0.7027027027027027,HYBRID_HEAT_PUMP,PRIVATELY_OWNED,33850,2228,106,35394,3936,0.8327113032196156,0.6630313861914686,0.441015882393186,1451.2314532520325,0.6761152828840062,MEDIUM,MEDIUM,MEDIUM,5,COST_BASED,COST_BASED,false,false
1,baseline,1,2040,0.0,0.7297297297297297,HYBRID_HEAT_PUMP,PRIVATELY_OWNED,36329,3038,559,38432,8049,0.7561499787818579,0.6402499719765243,0.33558273121001553,1396.483041371599,0.6874417804668229,MEDIUM,MEDIUM,MEDIUM,5,COST_BASED,COST_BASED,false,false
1,baseline,1,2041,0.0,0.7567567567567568,HYBRID_HEAT_PUMP,PRIVATELY_OWNED,39085,3163,407,41595,9293,0.7500277403062816,0.6407526525410543,0.3325563373455569,1382.2089744969333,0.6904829593986215,MEDIUM,MEDIUM,MEDIUM,5,COST_BASED,COST_BASED,false,false
1,baseline,1,2042,0.0,0.8018018018018018,HYBRID_HEAT_PUMP,PRIVATELY_OWNED,40004,2445,1526,44040,7967,0.7380939777626189,0.6538176699197231,0.3215897580176629,1282.8009288314297,0.7158055709345145,MEDIUM,MEDIUM,MEDIUM,5,COST_BASED,COST_BASED,false,false
1,baseline,1,2043,0.0,0.8288288288288288,HYBRID_HEAT_PUMP,PRIVATELY_OWNED,41154,2165,1015,46205,7559,0.7309355492085019,0.6666758186005907,0.30381395210563605,1249.4316708559334,0.7413263525723561,MEDIUM,MEDIUM,MEDIUM,5,COST_BASED,COST_BASED,false,false
1,baseline,1,2044,0.0,0.8558558558558559,HYBRID_HEAT_PUMP,PRIVATELY_OWNED,42242,1790,702,47995,7731,0.7244521898253757,0.6363228459266627,0.27201005598897554,1239.314318975553,0.7053687074364076,MEDIUM,MEDIUM,MEDIUM,5,COST_BASED,COST_BASED,false,false
1,baseline,1,2045,0.0,0.8558558558558559,HYBRID_HEAT_PUMP,PRIVATELY_OWNED,42864,3348,2726,51343,10169,0.7464470470305872,0.6697658785075207,0.3489600783131308,1236.1487855246337,0.7307970364253535,MEDIUM,MEDIUM,MEDIUM,5,COST_BASED,COST_BASED,false,false
1,baseline,1,2046,0.0,0.8558558558558559,HYBRID_HEAT_PUMP,PRIVATELY_OWNED,43177,2474,2161,53817,9523,0.7299874120349549,0.6718873311278397,0.29182790848663204,1174.3808673737267,0.7523771665613639,MEDIUM,MEDIUM,MEDIUM,5,COST_BASED,COST_BASED,false,false
1,baseline,1,2047,0.0,0.8558558558558559,HYBRID_HEAT_PUMP,PRIVATELY_OWNED,43702,2483,1958,56300,9793,0.7300380255902335,0.6473324647039044,0.28815780259170126,1180.9884611457164,0.7164497400103745,MEDIUM,MEDIUM,MEDIUM,5,COST_BASED,COST_BASED,false,false
1,baseline,1,2048,0.0,0.8558558558558559,HYBRID_HEAT_PUMP,PRIVATELY_OWNED,44125,2700,2277,59000,10134,0.7326296701744102,0.654515250509304,0.29824814435206604,1169.8203078744818,0.7240534221323269,MEDIUM,MEDIUM,MEDIUM,5,COST_BASED,COST_BASED,false,false
1,baseline,1,2049,0.0,0.8558558558558559,HYBRID_HEAT_PUMP,PRIVATELY_OWNED,44320,4515,4320,63515,12616,0.7529081920200219,0.6688559974577731,0.37178966896231364,1100.2327996195309,0.7221095309410686,MEDIUM,MEDIUM,MEDIUM,5,COST_BASED,COST_BASED,false,false
1,baseline,1,2050,0.0,0.8558558558558559,HYBRID_HEAT_PUMP,PRIVATELY_OWNED,44573,3755,3502,67270,11128,0.7478336261605227,0.6689339404357574,0.35244275922224566,1135.72771387491,0.7283318143079371,MEDIUM,MEDIUM,MEDIUM,5,COST_BASED,COST_BASED,false,false
1,baseline,1,2024,0.0,0.0,HYBRID_HEAT_PUMP,SOCIAL_HOUSING,0,0,0,0,0,0.0,0.0,0.0,0.0,0.0,MEDIUM,MEDIUM,MEDIUM,5,COST_BASED,COST_BASED,false,false
1,baseline,1,2025,0.0,0.38738738738738737,HYBRID_HEAT_PUMP,SOCIAL_HOUSING,0,0,0,0,7879,0.0,0.0,0.0,1718.6002030714558,0.0,MEDIUM,MEDIUM,MEDIUM,5,COST_BASED,COST_BASED,false,false
1,baseline,1,2026,0.0,0.38738738738738737,HYBRID_HEAT_PUMP,SOCIAL_HOUSING,0,0,0,0,12398,0.0,0.0,0.0,1656.2865784804,0.0,MEDIUM,MEDIUM,MEDIUM,5,COST_BASED,COST_BASED,false,false
1,baseline,1,2027,0.0,0.38738738738738737,HYBRID_HEAT_PUMP,SOCIAL_HOUSING,0,0,0,0,3434,0.0,0.0,0.0,1501.2830518345952,0.0,MEDIUM,MEDIUM,MEDIUM,5,COST_BASED,COST_BASED,false,false
1,baseline,1,2028,0.0,0.38738738738738737,HYBRID_HEAT_PUMP,SOCIAL_HOUSING,0,0,0,0,1915,0.0,0.0,0.0,1267.9676240208878,0.0,MEDIUM,MEDIUM,MEDIUM,5,COST_BASED,COST_BASED,false,false
1,baseline,1,2029,0.0,0.38738738738738737,HYBRID_HEAT_PUMP,SOCIAL_HOUSING,0,0,0,0,7449,0.0,0.0,0.0,1575.0438985098672,0.0,MEDIUM,MEDIUM,MEDIUM,5,COST_BASED,COST_BASED,false,false
1,baseline,1,2030,0.0,0.45045045045045046,HYBRID_HEAT_PUMP,SOCIAL_HOUSING,0,0,0,0,10794,0.0,0.0,0.0,1284.5450250138965,0.0,MEDIUM,MEDIUM,MEDIUM,5,COST_BASED,COST_BASED,false,false
1,baseline,1,2031,0.0,0.4774774774774775,HYBRID_HEAT_PUMP,SOCIAL_HOUSING,0,0,0,0,2905,0.0,0.0,0.0,1349.7989672977624,0.0,MEDIUM,MEDIUM,MEDIUM,5,COST_BASED,COST_BASED,false,false
1,baseline,1,2032,0.0,0.5045045045045045,HYBRID_HEAT_PUMP,SOCIAL_HOUSING,0,0,0,0,8007,0.0,0.0,0.0,1445.0123641813414,0.0,MEDIUM,MEDIUM,MEDIUM,5,COST_BASED,COST_BASED,false,false
1,baseline,1,2033,0.0,0.5135135135135135,HYBRID_HEAT_PUMP,SOCIAL_HOUSING,0,0,0,0,6854,0.0,0.0,0.0,1366.6902538663553,0.0,MEDIUM,MEDIUM,MEDIUM,5,COST_BASED,COST_BASED,false,false
1,baseline,1,2034,0.0,0.5495495495495496,HYBRID_HEAT_PUMP,SOCIAL_HOUSING,0,0,0,0,2587,0.0,0.0,0.0,1424.1163509856976,0.0,MEDIUM,MEDIUM,MEDIUM,5,COST_BASED,COST_BASED,false,false
1,baseline,1,2035,0.0,0.5945945945945946,HYBRID_HEAT_PUMP,SOCIAL_HOUSING,0,0,0,0,8009,0.0,0.0,0.0,1332.3552253714572,0.0,MEDIUM,MEDIUM,MEDIUM,5,COST_BASED,COST_BASED,false,false
1,baseline,1,2036,0.0,0.6306306306306306,HYBRID_HEAT_PUMP,SOCIAL_HOUSING,0,0,0,0,4854,0.0,0.0,0.0,1136.3549649773383,0.0,MEDIUM,MEDIUM,MEDIUM,5,COST_BASED,COST_BASED,false,false
1,baseline,1,2037,0.0,0.6576576576576577,HYBRID_HEAT_PUMP,SOCIAL_HOUSING,0,0,0,0,9762,0.0,0.0,0.0,1261.1948371235403,0.0,MEDIUM,MEDIUM,MEDIUM,5,COST_BASED,COST_BASED,false,false
1,baseline,1,2038,0.0,0.6666666666666666,HYBRID_HEAT_PUMP,SOCIAL_HOUSING,0,0,0,0,13288,0.0,0.0,0.0,1357.7315623118602,0.0,MEDIUM,MEDIUM,MEDIUM,5,COST_BASED,COST_BASED,false,false
1,baseline,1,2039,0.0,0.7027027027027027,HYBRID_HEAT_PUMP,SOCIAL_HOUSING,0,0,0,0,3434,0.0,0.0,0.0,1221.794700058241,0.0,MEDIUM,MEDIUM,MEDIUM,5,COST_BASED,COST_BASED,false,false
1,baseline,1,2040,0.0,0.7297297297297297,HYBRID_HEAT_PUMP,SOCIAL_HOUSING,0,0,0,0,1915,0.0,0.0,0.0,1103.4496083550914,0.0,MEDIUM,MEDIUM,MEDIUM,5,COST_BASED,COST_BASED,false,false
1,baseline,1,2041,0.0,0.7567567567567568,HYBRID_HEAT_PUMP,SOCIAL_HOUSING,0,0,0,0,7449,0.0,0.0,0.0,1295.6128339374413,0.0,MEDIUM,MEDIUM,MEDIUM,5,COST_BASED,COST_BASED,false,false
1,baseline,1,2042,0.0,0.8018018018018018,HYBRID_HEAT_PUMP,SOCIAL_HOUSING,0,0,0,0,10794,0.0,0.0,0.0,1005.1312766351676,0.0,MEDIUM,MEDIUM,MEDIUM,5,COST_BASED,COST_BASED,false,false
1,baseline,1,2043,0.0,0.8288288288288288,HYBRID_HEAT_PUMP,SOCIAL_HOUSING,0,0,0,0,2905,0.0,0.0,0.0,1094.0943201376936,0.0,MEDIUM,MEDIUM,MEDIUM,5,COST_BASED,COST_BASED,false,false
1,baseline,1,2044,0.0,0.8558558558558559,HYBRID_HEAT_PUMP,SOCIAL_HOUSING,0,0,0,0,8007,0.0,0.0,0.0,1062.726614212564,0.0,MEDIUM,MEDIUM,MEDIUM,5,COST_BASED,COST_BASED,false,false
1,baseline,1,2045,0.0,0.8558558558558559,HYBRID_HEAT_PUMP,SOCIAL_HOUSING,0,0,0,0,6854,0.0,0.0,0.0,1110.3087248322147,0.0,MEDIUM,MEDIUM,MEDIUM,5,COST_BASED,COST_BASED,false,false
1,baseline,1,2046,0.0,0.8558558558558559,HYBRID_HEAT_PUMP,SOCIAL_HOUSING,0,0,0,0,2587,0.0,0.0,0.0,1196.1623502126015,0.0,MEDIUM,MEDIUM,MEDIUM,5,COST_BASED,COST_BASED,false,false
1,baseline,1,2047,0.0,0.8558558558558559,HYBRID_HEAT_PUMP,SOCIAL_HOUSING,0,0,0,0,8009,0.0,0.0,0.0,1188.182170058684,0.0,MEDIUM,MEDIUM,MEDIUM,5,COST_BASED,COST_BASED,false,false
1,baseline,1,2048,0.0,0.8558558558558559,HYBRID_HEAT_PUMP,SOCIAL_HOUSING,0,0,0,0,4854,0.0,0.0,0.0,1112.1155747836835,0.0,MEDIUM,MEDIUM,MEDIUM,5,COST_BASED,COST_BASED,false,false
1,baseline,1,2049,0.0,0.8558558558558559,HYBRID_HEAT_PUMP,SOCIAL_HOUSING,0,0,0,0,9791,0.0,0.0,0.0,1151.8057399652741,0.0,MEDIUM,MEDIUM,MEDIUM,5,COST_BASED,COST_BASED,false,false
1,baseline,1,2050,0.0,0.8558558558558559,HYBRID_HEAT_PUMP,SOCIAL_HOUSING,0,0,0,0,13288,0.0,0.0,0.0,1216.3943407585791,0.0,MEDIUM,MEDIUM,MEDIUM,5,COST_BASED,COST_BASED,false,false
1,baseline,1,2024,0.0,0.0,HYBRID_HEAT_PUMP,PRIVATELY_RENTED,360,360,0,360,0,0.0,0.0,0.0,0.0,0.0,MEDIUM,MEDIUM,MEDIUM,5,COST_BASED,COST_BASED,false,false
1,baseline,1,2025,0.0,0.38738738738738737,HYBRID_HEAT_PUMP,PRIVATELY_RENTED,584,251,27,611,3584,0.0,0.0,0.0,1687.3959263392858,0.0,MEDIUM,MEDIUM,MEDIUM,5,COST_BASED,COST_BASED,false,false
1,baseline,1,2026,0.0,0.38738738738738737,HYBRID_HEAT_PUMP,PRIVATELY_RENTED,864,306,26,917,3365,0.0,0.0,0.0,1679.822882615156,0.0,MEDIUM,MEDIUM,MEDIUM,5,COST_BASED,COST_BASED,false,false
1,baseline,1,2027,0.0,0.38738738738738737,HYBRID_HEAT_PUMP,PRIVATELY_RENTED,1183,342,23,1259,3447,0.0,0.0,0.0,1681.3893240498985,0.0,MEDIUM,MEDIUM,MEDIUM,5,COST_BASED,COST_BASED,false,false
1,baseline,1,2028,0.0,0.38738738738738737,HYBRID_HEAT_PUMP,PRIVATELY_RENTED,1887,738,34,1997,3681,0.0,0.0,0.0,1572.4642760119532,0.0,MEDIUM,MEDIUM,MEDIUM,5,COST_BASED,COST_BASED,false,false
1,baseline,1,2029,0.0,0.38738738738738737,HYBRID_HEAT_PUMP,PRIVATELY_RENTED,2535,670,22,2667,3521,0.0,0.0,0.0,1589.6648679352456,0.0,MEDIUM,MEDIUM,MEDIUM,5,COST_BASED,COST_BASED,false,false
1,baseline,1,2030,0.0,0.45045045045045046,HYBRID_HEAT_PUMP,PRIVATELY_RENTED,3203,690,22,3357,3798,0.0,0.0,0.0,1535.9647182727751,0.0,MEDIUM,MEDIUM,MEDIUM,5,COST_BASED,COST_BASED,false,false
1,baseline,1,2031,0.0,0.4774774774774775,HYBRID_HEAT_PUMP,PRIVATELY_RENTED,3968,790,25,4147,3670,0.0,0.0,0.0,1547.357220708447,0.0,MEDIUM,MEDIUM,MEDIUM,5,COST_BASED,COST_BASED,false,false
1,baseline,1,2032,0.0,0.5045045045045045,HYBRID_HEAT_PUMP,PRIVATELY_RENTED,4901,960,27,5107,4114,0.0,0.0,0.0,1489.3675255226058,0.0,MEDIUM,MEDIUM,MEDIUM,5,COST_BASED,COST_BASED,false,false
1,baseline,1,2033,0.0,0.5135135135135135,HYBRID_HEAT_PUMP,PRIVATELY_RENTED,5885,1010,26,6117,3703,0.0,0.0,0.0,1517.6219281663516,0.0,MEDIUM,MEDIUM,MEDIUM,5,COST_BASED,COST_BASED,false,false
1,baseline,1,2034,0.0,0.5495495495495496,HYBRID_HEAT_PUMP,PRIVATELY_RENTED,6956,1087,16,7204,3457,0.0,0.0,0.0,1502.2059589239225,0.0,MEDIUM,MEDIUM,MEDIUM,5,COST_BASED,COST_BASED,false,false
1,baseline,1,2035,0.0,0.5945945945945946,HYBRID_HEAT_PUMP,PRIVATELY_RENTED,8191,1257,22,8461,3549,0.0,0.0,0.0,1479.9101155255,0.0,MEDIUM,MEDIUM,MEDIUM,5,COST_BASED,COST_BASED,false,false
1,baseline,1,2036,0.0,0.6306306306306306,HYBRID_HEAT_PUMP,PRIVATELY_RENTED,9432,1256,15,9717,3336,0.0,0.0,0.0,1505.9778177458033,0.0,MEDIUM,MEDIUM,MEDIUM,5,COST_BASED,COST_BASED,false,false
1,baseline,1,2037,0.0,0.6576576576576577,HYBRID_HEAT_PUMP,PRIVATELY_RENTED,10650,1244,26,10961,3586,0.0,0.0,0.0,1454.2320133853875,0.0,MEDIUM,MEDIUM,MEDIUM,5,COST_BASED,COST_BASED,false,false
1,baseline,1,2038,0.0,0.6666666666666666,HYBRID_HEAT_PUMP,PRIVATELY_RENTED,11900,1274,24,12235,3416,0.0,0.0,0.0,1445.1967213114754,0.0,MEDIUM,MEDIUM,MEDIUM,5,COST_BASED,COST_BASED,false,false
1,baseline,1,2039,0.0,0.7027027027027027,HYBRID_HEAT_PUMP,PRIVATELY_RENTED,13168,1293,25,13528,3512,0.0,0.0,0.0,1424.8570615034168,0.0,MEDIUM,MEDIUM,MEDIUM,5,COST_BASED,COST_BASED,false,false
1,baseline,1,2040,0.0,0.7297297297297297,HYBRID_HEAT_PUMP,PRIVATELY_RENTED,14223,1306,251,14834,3370,0.0,0.0,0.0,1415.9427299703264,0.0,MEDIUM,MEDIUM,MEDIUM,5,COST_BASED,COST_BASED,false,false
1,baseline,1,2041,0.0,0.7567567567567568,HYBRID_HEAT_PUMP,PRIVATELY_RENTED,15206,1289,306,16123,3312,0.0,0.0,0.0,1397.2496980676328,0.0,MEDIUM,MEDIUM,MEDIUM,5,COST_BASED,COST_BASED,false,false
1,baseline,1,2042,0.0,0.8018018018018018,HYBRID_HEAT_PUMP,PRIVATELY_RENTED,16179,1315,342,17438,3538,0.0,0.0,0.0,1373.1017524024874,0.0,MEDIUM,MEDIUM,MEDIUM,5,COST_BASED,COST_BASED,false,false
1,baseline,1,2043,0.0,0.8288288288288288,HYBRID_HEAT_PUMP,PRIVATELY_RENTED,17157,1716,738,19154,3833,0.0,0.0,0.0,1320.5580485259588,0.0,MEDIUM,MEDIUM,MEDIUM,5,COST_BASED,COST_BASED,false,false
1,baseline,1,2044,0.0,0.8558558558558559,HYBRID_HEAT_PUMP,PRIVATELY_RENTED,18127,1640,670,20794,3916,0.0,0.0,0.0,1332.4341164453524,0.0,MEDIUM,MEDIUM,MEDIUM,5,COST_BASED,COST_BASED,false,false
1,baseline,1,2045,0.0,0.8558558558558559,HYBRID_HEAT_PUMP,PRIVATELY_RENTED,19004,1567,690,22361,3514,0.0,0.0,0.0,1358.0076835515083,0.0,MEDIUM,MEDIUM,MEDIUM,5,COST_BASED,COST_BASED,false,false
1,baseline,1,2046,0.0,0.8558558558558559,HYBRID_HEAT_PUMP,PRIVATELY_RENTED,19781,1567,790,23928,3237,0.0,0.0,0.0,1346.336422613531,0.0,MEDIUM,MEDIUM,MEDIUM,5,COST_BASED,COST_BASED,false,false
1,baseline,1,2047,0.0,0.8558558558558559,HYBRID_HEAT_PUMP,PRIVATELY_RENTED,20507,1686,960,25614,3377,0.0,0.0,0.0,1331.7216464317441,0.0,MEDIUM,MEDIUM,MEDIUM,5,COST_BASED,COST_BASED,false,false
1,baseline,1,2048,0.0,0.8558558558558559,HYBRID_HEAT_PUMP,PRIVATELY_RENTED,21239,1742,1010,27356,3264,0.0,0.0,0.0,1337.8667279411766,0.0,MEDIUM,MEDIUM,MEDIUM,5,COST_BASED,COST_BASED,false,false
1,baseline,1,2049,0.0,0.8558558558558559,HYBRID_HEAT_PUMP,PRIVATELY_RENTED,21945,1793,1087,29149,3519,0.0,0.0,0.0,1312.3677181017335,0.0,MEDIUM,MEDIUM,MEDIUM,5,COST_BASED,COST_BASED,false,false
1,baseline,1,2050,0.0,0.8558558558558559,HYBRID_HEAT_PUMP,PRIVATELY_RENTED,22655,1967,1257,31116,3557,0.0,0.0,0.0,1278.6527973010964,0.0,MEDIUM,MEDIUM,MEDIUM,5,COST_BASED,COST_BASED,false,false
