scenario,scenario_name,iteration,year,nbh_in_grid_congestion_perc,nbh_with_dh_perc,heating_system,ownership,installed_current,installed_annually,removed_annually,installed_cumulative,considered_annually,avg_att,avg_util,avg_sub_norm,avg_eac,avg_pbc,SLF,ELF,GRR,DHCT,DHES,SHAES,DHCO,GCHPB
1,baseline,1,2024,0.0023632197078201087,0.0,NATURAL_GAS_BOILER,TOTAL,6874894,6874894,0,6874894,0,0.0,0.0,0.0,0.0,0.0,MEDIUM,MEDIUM,MEDIUM,5,COST_BASED,COST_BASED,false,false
1,baseline,1,2025,0.005012890289315382,0.07526496705814953,NATURAL_GAS_BOILER,TOTAL,6770502,471435,575827,7346329,664664,0.2851806384457064,0.6181987306023372,0.9763142245078669,1650.458219491352,0.733963658228593,MEDIUM,MEDIUM,MEDIUM,5,COST_BASED,COST_BASED,false,false
1,baseline,1,2026,0.00794901174448582,0.07526496705814953,NATURAL_GAS_BOILER,TOTAL,6626585,415362,559279,7761691,648136,0.28578236646061894,0.611982006489056,0.8839348479261533,1655.9095452189047,0.7360355621278566,MEDIUM,MEDIUM,MEDIUM,5,COST_BASED,COST_BASED,false,false
1,baseline,1,2027,0.011314809510169006,0.07526496705814953,NATURAL_GAS_BOILER,TOTAL,6443289,397483,580779,8159174,675271,0.2856208828366264,0.6119713541592222,0.8703751203775029,1646.5075754771046,0.7377549204823686,MEDIUM,MEDIUM,MEDIUM,5,COST_BASED,COST_BASED,false,false
1,baseline,1,2028,0.014967058149527356,0.07526496705814953,NATURAL_GAS_BOILER,TOTAL,6207300,335489,571478,8494663,661186,0.28600583196083074,0.6034460833643106,0.840667725511983,1648.3820165581244,0.7285842013672464,MEDIUM,MEDIUM,MEDIUM,5,COST_BASED,COST_BASED,false,false
1,baseline,1,2029,0.019263821254654825,0.07526496705814953,NATURAL_GAS_BOILER,TOTAL,5939508,295267,563059,8789930,653888,0.28589174588700617,0.6050218195797822,0.8158670050380781,1655.8350099711265,0.7340764172682008,MEDIUM,MEDIUM,MEDIUM,5,COST_BASED,COST_BASED,false,false
1,baseline,1,2030,0.023990260670295045,0.37933256946433686,NATURAL_GAS_BOILER,TOTAL,5625207,259178,573479,9049108,665858,0.28558257228615436,0.6004159623182793,0.7748571772616696,1645.0496096765376,0.7323711532481483,MEDIUM,MEDIUM,MEDIUM,5,COST_BASED,COST_BASED,false,false
1,baseline,1,2031,0.029146376396448008,0.37933256946433686,NATURAL_GAS_BOILER,TOTAL,5289094,239991,576104,9289099,673852,0.2855447811273805,0.5968457480518858,0.7229840981919105,1646.913580430124,0.7335094145219504,MEDIUM,MEDIUM,MEDIUM,5,COST_BASED,COST_BASED,false,false
1,baseline,1,2032,0.03466055571469493,0.37933256946433686,NATURAL_GAS_BOILER,TOTAL,4936985,225359,577468,9514458,675057,0.2854549587937196,0.5916754134899117,0.6594173240772868,1641.5389470815057,0.73372221502679,MEDIUM,MEDIUM,MEDIUM,5,COST_BASED,COST_BASED,false,false
1,baseline,1,2033,0.04053279862503581,0.37933256946433686,NATURAL_GAS_BOILER,TOTAL,4571745,203293,568533,9717751,667821,0.28569656616260874,0.588233773455226,0.5844656459116452,1640.2530169012355,0.7378683129032848,MEDIUM,MEDIUM,MEDIUM,5,COST_BASED,COST_BASED,false,false
1,baseline,1,2034,0.04676310512747064,0.37933256946433686,NATURAL_GAS_BOILER,TOTAL,4176027,195317,591035,9913068,691930,0.28564743366937284,0.5808575013747687,0.5052084953013058,1623.1629196595031,0.7367233317321533,MEDIUM,MEDIUM,MEDIUM,5,COST_BASED,COST_BASED,false,false
1,baseline,1,2035,0.05327986250358063,0.37933256946433686,NATURAL_GAS_BOILER,TOTAL,3781998,198757,592786,10111825,701498,0.28569817285269905,0.5756955145868932,0.4159905119235632,1609.3573139196405,0.7401199146768108,MEDIUM,MEDIUM,MEDIUM,5,COST_BASED,COST_BASED,false,false
1,baseline,1,2036,0.05993984531652822,0.37933256946433686,NATURAL_GAS_BOILER,TOTAL,3419784,182853,545067,10294678,642525,0.28552621209429674,0.5642676181537122,0.3260767715332,1658.1808163106493,0.7342602777653368,MEDIUM,MEDIUM,MEDIUM,5,COST_BASED,COST_BASED,false,false
1,baseline,1,2037,0.06667144084789459,0.37933256946433686,NATURAL_GAS_BOILER,TOTAL,3188718,240369,471435,10535047,320941,0.3401452484373118,0.5718433211338821,0.3167715325674378,1634.3637179419272,0.7331322280205717,MEDIUM,MEDIUM,MEDIUM,5,COST_BASED,COST_BASED,false,false
1,baseline,1,2038,0.07354626181609854,0.37933256946433686,NATURAL_GAS_BOILER,TOTAL,2994911,221555,415362,10756602,277317,0.3527620729592581,0.5669019021979215,0.2655841860672444,1661.7301932445541,0.72896431179867,MEDIUM,MEDIUM,MEDIUM,5,COST_BASED,COST_BASED,false,false
1,baseline,1,2039,0.08056430822114008,0.37933256946433686,NATURAL_GAS_BOILER,TOTAL,2834727,237299,397483,10993901,226563,0.3702170272305314,0.5673968519937975,0.23549805192128806,1666.452787966261,0.7291037646929083,MEDIUM,MEDIUM,MEDIUM,5,COST_BASED,COST_BASED,false,false
1,baseline,1,2040,0.0876539673446004,0.37933256946433686,NATURAL_GAS_BOILER,TOTAL,2718806,219568,335489,11213469,317994,0.28769683074879826,0.5372617385380412,0.13094900422890202,1775.011751794059,0.7175997745912333,MEDIUM,MEDIUM,MEDIUM,5,COST_BASED,COST_BASED,false,false
1,baseline,1,2041,0.09481523918647952,0.37933256946433686,NATURAL_GAS_BOILER,TOTAL,2635062,211523,295267,11424992,326033,0.2811023737374179,0.5346558873472123,0.10094685535085,1751.689543696497,0.719089880667636,MEDIUM,MEDIUM,MEDIUM,5,COST_BASED,COST_BASED,false,false
1,baseline,1,2042,0.10197651102835864,0.37933256946433686,NATURAL_GAS_BOILER,TOTAL,2587863,211979,259178,11636971,321370,0.2664172033734579,0.5255396651204198,0.07855402780441395,1772.1895665432369,0.7118859433616053,MEDIUM,MEDIUM,MEDIUM,5,COST_BASED,COST_BASED,false,false
1,baseline,1,2043,0.10913778287023776,0.37933256946433686,NATURAL_GAS_BOILER,TOTAL,2559826,211954,239991,11848925,356262,0.26449897057350946,0.5155186700741236,0.06423696430204978,1769.852726364305,0.6991236419300656,MEDIUM,MEDIUM,MEDIUM,5,COST_BASED,COST_BASED,false,false
1,baseline,1,2044,0.11629905471211688,0.37933256946433686,NATURAL_GAS_BOILER,TOTAL,2547017,212550,225359,12061475,367556,0.2612156912594594,0.5164944141742013,0.05487422356711562,1780.3593085135326,0.7025784205005444,MEDIUM,MEDIUM,MEDIUM,5,COST_BASED,COST_BASED,false,false
1,baseline,1,2045,0.12346032655399598,0.37933256946433686,NATURAL_GAS_BOILER,TOTAL,2541744,198020,203293,12259495,389572,0.26467838921895664,0.5140337688493841,0.04967772915742042,1781.1050511843766,0.6986713398246881,MEDIUM,MEDIUM,MEDIUM,5,COST_BASED,COST_BASED,false,false
1,baseline,1,2046,0.13062159839587512,0.37933256946433686,NATURAL_GAS_BOILER,TOTAL,2541458,195031,195317,12454526,411541,0.26709531188727226,0.5159445393628563,0.04748025848191637,1761.5638125970438,0.7012079487622149,MEDIUM,MEDIUM,MEDIUM,5,COST_BASED,COST_BASED,false,false
1,baseline,1,2047,0.13778287023775423,0.37933256946433686,NATURAL_GAS_BOILER,TOTAL,2543875,201174,198757,12655700,430789,0.2732554655151295,0.5172766085268656,0.045244929058815685,1746.2447648384707,0.7019454302791291,MEDIUM,MEDIUM,MEDIUM,5,COST_BASED,COST_BASED,false,false
1,baseline,1,2048,0.14494414207963335,0.37933256946433686,NATURAL_GAS_BOILER,TOTAL,2542463,181441,182853,12837141,435809,0.2749774950119401,0.5200544767394921,0.03861271344404234,1746.6720214589418,0.7065107521757318,MEDIUM,MEDIUM,MEDIUM,5,COST_BASED,COST_BASED,false,false
1,baseline,1,2049,0.15210541392151247,0.37933256946433686,NATURAL_GAS_BOILER,TOTAL,2547343,245249,240369,13082390,476416,0.27819915759024305,0.5171234043246359,0.038226551163136085,1694.6669255440622,0.7013569981940041,MEDIUM,MEDIUM,MEDIUM,5,COST_BASED,COST_BASED,false,false
1,baseline,1,2050,0.0,0.37933256946433686,NATURAL_GAS_BOILER,TOTAL,2548462,222674,221555,13305064,478514,0.2793333341253265,0.522164089622755,0.03489410287604307,1689.8269141550718,0.7090510380432702,MEDIUM,MEDIUM,MEDIUM,5,COST_BASED,COST_BASED,false,false
1,baseline,1,2024,0.0023632197078201087,0.0,NATURAL_GAS_BOILER,PRIVATELY_OWNED,4614270,4614270,0,4614270,0,0.0,0.0,0.0,0.0,0.0,MEDIUM,MEDIUM,MEDIUM,5,COST_BASED,COST_BASED,false,false
1,baseline,1,2025,0.005012890289315382,0.07526496705814953,NATURAL_GAS_BOILER,PRIVATELY_OWNED,4493163,253794,374901,4868064,435285,0.2851806384457064,0.6181987306023372,0.9763142245078669,1766.9625555670423,0.733963658228593,MEDIUM,MEDIUM,MEDIUM,5,COST_BASED,COST_BASED,false,false
1,baseline,1,2026,0.00794901174448582,0.07526496705814953,NATURAL_GAS_BOILER,PRIVATELY_OWNED,4335625,215909,373447,5083973,433146,0.28578236646061894,0.611982006489056,0.8839348479261533,1765.306367829785,0.7360355621278566,MEDIUM,MEDIUM,MEDIUM,5,COST_BASED,COST_BASED,false,false
1,baseline,1,2027,0.011314809510169006,0.07526496705814953,NATURAL_GAS_BOILER,PRIVATELY_OWNED,4137457,180163,378331,5264136,439618,0.2856208828366264,0.6119713541592222,0.8703751203775029,1760.509988217043,0.7377549204823686,MEDIUM,MEDIUM,MEDIUM,5,COST_BASED,COST_BASED,false,false
1,baseline,1,2028,0.014967058149527356,0.07526496705814953,NATURAL_GAS_BOILER,PRIVATELY_OWNED,3894221,137989,381225,5402125,441939,0.28600583196083074,0.6034460833643106,0.840667725511983,1756.7405411154027,0.7285842013672464,MEDIUM,MEDIUM,MEDIUM,5,COST_BASED,COST_BASED,false,false
1,baseline,1,2029,0.019263821254654825,0.07526496705814953,NATURAL_GAS_BOILER,PRIVATELY_OWNED,3621263,110200,383158,5512325,443999,0.28589174588700617,0.6050218195797822,0.8158670050380781,1759.5255507332224,0.7340764172682008,MEDIUM,MEDIUM,MEDIUM,5,COST_BASED,COST_BASED,false,false
1,baseline,1,2030,0.023990260670295045,0.37933256946433686,NATURAL_GAS_BOILER,PRIVATELY_OWNED,3305483,68426,384206,5580751,447381,0.28558257228615436,0.6004159623182793,0.7748571772616696,1753.8910168290563,0.7323711532481483,MEDIUM,MEDIUM,MEDIUM,5,COST_BASED,COST_BASED,false,false
1,baseline,1,2031,0.029146376396448008,0.37933256946433686,NATURAL_GAS_BOILER,PRIVATELY_OWNED,2968548,52238,389173,5632989,455342,0.2855447811273805,0.5968457480518858,0.7229840981919105,1745.9618638298246,0.7335094145219504,MEDIUM,MEDIUM,MEDIUM,5,COST_BASED,COST_BASED,false,false
1,baseline,1,2032,0.03466055571469493,0.37933256946433686,NATURAL_GAS_BOILER,PRIVATELY_OWNED,2616805,34411,386154,5667400,450689,0.2854549587937196,0.5916754134899117,0.6594173240772868,1747.226874851616,0.73372221502679,MEDIUM,MEDIUM,MEDIUM,5,COST_BASED,COST_BASED,false,false
1,baseline,1,2033,0.04053279862503581,0.37933256946433686,NATURAL_GAS_BOILER,PRIVATELY_OWNED,2254471,24451,386785,5691851,453091,0.28569656616260874,0.588233773455226,0.5844656459116452,1738.8770114612737,0.7378683129032848,MEDIUM,MEDIUM,MEDIUM,5,COST_BASED,COST_BASED,false,false
1,baseline,1,2034,0.04676310512747064,0.37933256946433686,NATURAL_GAS_BOILER,PRIVATELY_OWNED,1867703,19689,406457,5711540,477625,0.28564743366937284,0.5808575013747687,0.5052084953013058,1701.224561109657,0.7367233317321533,MEDIUM,MEDIUM,MEDIUM,5,COST_BASED,COST_BASED,false,false
1,baseline,1,2035,0.05327986250358063,0.37933256946433686,NATURAL_GAS_BOILER,PRIVATELY_OWNED,1477843,17577,407437,5729117,479302,0.28569817285269905,0.5756955145868932,0.4159905119235632,1693.5564466661938,0.7401199146768108,MEDIUM,MEDIUM,MEDIUM,5,COST_BASED,COST_BASED,false,false
1,baseline,1,2036,0.05993984531652822,0.37933256946433686,NATURAL_GAS_BOILER,PRIVATELY_OWNED,1129049,14202,362996,5743319,431220,0.28552621209429674,0.5642676181537122,0.3260767715332,1761.3700663234545,0.7342602777653368,MEDIUM,MEDIUM,MEDIUM,5,COST_BASED,COST_BASED,false,false
1,baseline,1,2037,0.06667144084789459,0.37933256946433686,NATURAL_GAS_BOILER,PRIVATELY_OWNED,890174,14919,253794,5758238,306657,0.3401452484373118,0.5718433211338821,0.3167715325674378,1649.3309723893472,0.7331322280205717,MEDIUM,MEDIUM,MEDIUM,5,COST_BASED,COST_BASED,false,false
1,baseline,1,2038,0.07354626181609854,0.37933256946433686,NATURAL_GAS_BOILER,PRIVATELY_OWNED,688560,14295,215909,5772533,263497,0.3527620729592581,0.5669019021979215,0.2655841860672444,1677.6531649316692,0.72896431179867,MEDIUM,MEDIUM,MEDIUM,5,COST_BASED,COST_BASED,false,false
1,baseline,1,2039,0.08056430822114008,0.37933256946433686,NATURAL_GAS_BOILER,PRIVATELY_OWNED,522037,13640,180163,5786173,214983,0.3702170272305314,0.5673968519937975,0.23549805192128806,1681.1121670085543,0.7291037646929083,MEDIUM,MEDIUM,MEDIUM,5,COST_BASED,COST_BASED,false,false
1,baseline,1,2040,0.0876539673446004,0.37933256946433686,NATURAL_GAS_BOILER,PRIVATELY_OWNED,398168,14120,137989,5800293,308781,0.28769683074879826,0.5372617385380412,0.13094900422890202,1792.2822129599942,0.7175997745912333,MEDIUM,MEDIUM,MEDIUM,5,COST_BASED,COST_BASED,false,false
1,baseline,1,2041,0.09481523918647952,0.37933256946433686,NATURAL_GAS_BOILER,PRIVATELY_OWNED,301756,13788,110200,5814081,312152,0.2811023737374179,0.5346558873472123,0.10094685535085,1775.8764544196417,0.719089880667636,MEDIUM,MEDIUM,MEDIUM,5,COST_BASED,COST_BASED,false,false
1,baseline,1,2042,0.10197651102835864,0.37933256946433686,NATURAL_GAS_BOILER,PRIVATELY_OWNED,246844,13514,68426,5827595,312566,0.2664172033734579,0.5255396651204198,0.07855402780441395,1787.9353064632749,0.7118859433616053,MEDIUM,MEDIUM,MEDIUM,5,COST_BASED,COST_BASED,false,false
1,baseline,1,2043,0.10913778287023776,0.37933256946433686,NATURAL_GAS_BOILER,PRIVATELY_OWNED,207330,12724,52238,5840319,343582,0.26449897057350946,0.5155186700741236,0.06423696430204978,1793.46837436187,0.6991236419300656,MEDIUM,MEDIUM,MEDIUM,5,COST_BASED,COST_BASED,false,false
1,baseline,1,2044,0.11629905471211688,0.37933256946433686,NATURAL_GAS_BOILER,PRIVATELY_OWNED,185665,12746,34411,5853065,357614,0.2612156912594594,0.5164944141742013,0.05487422356711562,1794.689293484036,0.7025784205005444,MEDIUM,MEDIUM,MEDIUM,5,COST_BASED,COST_BASED,false,false
1,baseline,1,2045,0.12346032655399598,0.37933256946433686,NATURAL_GAS_BOILER,PRIVATELY_OWNED,172860,11646,24451,5864711,380969,0.26467838921895664,0.5140337688493841,0.04967772915742042,1795.4418128509144,0.6986713398246881,MEDIUM,MEDIUM,MEDIUM,5,COST_BASED,COST_BASED,false,false
1,baseline,1,2046,0.13062159839587512,0.37933256946433686,NATURAL_GAS_BOILER,PRIVATELY_OWNED,165354,12183,19689,5876894,403096,0.26709531188727226,0.5159445393628563,0.04748025848191637,1772.5494125468872,0.7012079487622149,MEDIUM,MEDIUM,MEDIUM,5,COST_BASED,COST_BASED,false,false
1,baseline,1,2047,0.13778287023775423,0.37933256946433686,NATURAL_GAS_BOILER,PRIVATELY_OWNED,159057,11280,17577,5888174,420912,0.2732554655151295,0.5172766085268656,0.045244929058815685,1762.1245771087542,0.7019454302791291,MEDIUM,MEDIUM,MEDIUM,5,COST_BASED,COST_BASED,false,false
1,baseline,1,2048,0.14494414207963335,0.37933256946433686,NATURAL_GAS_BOILER,PRIVATELY_OWNED,154319,9464,14202,5897638,431215,0.2749774950119401,0.5200544767394921,0.03861271344404234,1752.3249191238708,0.7065107521757318,MEDIUM,MEDIUM,MEDIUM,5,COST_BASED,COST_BASED,false,false
1,baseline,1,2049,0.15210541392151247,0.37933256946433686,NATURAL_GAS_BOILER,PRIVATELY_OWNED,148922,9522,14919,5907160,464866,0.27819915759024305,0.5171234043246359,0.038226551163136085,1709.396488450435,0.7013569981940041,MEDIUM,MEDIUM,MEDIUM,5,COST_BASED,COST_BASED,false,false
1,baseline,1,2050,0.0,0.37933256946433686,NATURAL_GAS_BOILER,PRIVATELY_OWNED,143812,9185,14295,5916345,471011,0.2793333341253265,0.522164089622755,0.03489410287604307,1696.99703828573,0.7090510380432702,MEDIUM,MEDIUM,MEDIUM,5,COST_BASED,COST_BASED,false,false
1,baseline,1,2024,0.0023632197078201087,0.0,NATURAL_GAS_BOILER,SOCIAL_HOUSING,1330736,1330736,0,1330736,0,0.0,0.0,0.0,0.0,0.0,MEDIUM,MEDIUM,MEDIUM,5,COST_BASED,COST_BASED,false,false
1,baseline,1,2025,0.005012890289315382,0.07526496705814953,NATURAL_GAS_BOILER,SOCIAL_HOUSING,1343362,133864,121238,1464600,133864,0.0,0.0,0.0,1404.4109768122871,0.0,MEDIUM,MEDIUM,MEDIUM,5,COST_BASED,COST_BASED,false,false
1,baseline,1,2026,0.00794901174448582,0.07526496705814953,NATURAL_GAS_BOILER,SOCIAL_HOUSING,1356488,120000,106874,1584600,120000,0.0,0.0,0.0,1405.9929416666666,0.0,MEDIUM,MEDIUM,MEDIUM,5,COST_BASED,COST_BASED,false,false
1,baseline,1,2027,0.011314809510169006,0.07526496705814953,NATURAL_GAS_BOILER,SOCIAL_HOUSING,1373801,142855,125542,1727455,142855,0.0,0.0,0.0,1408.2600259003884,0.0,MEDIUM,MEDIUM,MEDIUM,5,COST_BASED,COST_BASED,false,false
1,baseline,1,2028,0.014967058149527356,0.07526496705814953,NATURAL_GAS_BOILER,SOCIAL_HOUSING,1386919,123993,110875,1851448,123993,0.0,0.0,0.0,1401.1868492576193,0.0,MEDIUM,MEDIUM,MEDIUM,5,COST_BASED,COST_BASED,false,false
1,baseline,1,2029,0.019263821254654825,0.07526496705814953,NATURAL_GAS_BOILER,SOCIAL_HOUSING,1401688,116555,101786,1968003,116555,0.0,0.0,0.0,1402.854214748402,0.0,MEDIUM,MEDIUM,MEDIUM,5,COST_BASED,COST_BASED,false,false
1,baseline,1,2030,0.023990260670295045,0.37933256946433686,NATURAL_GAS_BOILER,SOCIAL_HOUSING,1415508,123957,110137,2091960,123957,0.0,0.0,0.0,1382.7411037698557,0.0,MEDIUM,MEDIUM,MEDIUM,5,COST_BASED,COST_BASED,false,false
1,baseline,1,2031,0.029146376396448008,0.37933256946433686,NATURAL_GAS_BOILER,SOCIAL_HOUSING,1431318,123706,107896,2215666,123706,0.0,0.0,0.0,1419.3444214508593,0.0,MEDIUM,MEDIUM,MEDIUM,5,COST_BASED,COST_BASED,false,false
1,baseline,1,2032,0.03466055571469493,0.37933256946433686,NATURAL_GAS_BOILER,SOCIAL_HOUSING,1447964,129054,112408,2344720,129054,0.0,0.0,0.0,1403.088195639035,0.0,MEDIUM,MEDIUM,MEDIUM,5,COST_BASED,COST_BASED,false,false
1,baseline,1,2033,0.04053279862503581,0.37933256946433686,NATURAL_GAS_BOILER,SOCIAL_HOUSING,1463530,119962,104396,2464682,119962,0.0,0.0,0.0,1413.0806422033645,0.0,MEDIUM,MEDIUM,MEDIUM,5,COST_BASED,COST_BASED,false,false
1,baseline,1,2034,0.04676310512747064,0.37933256946433686,NATURAL_GAS_BOILER,SOCIAL_HOUSING,1475839,121955,109646,2586637,121955,0.0,0.0,0.0,1429.8057972202862,0.0,MEDIUM,MEDIUM,MEDIUM,5,COST_BASED,COST_BASED,false,false
1,baseline,1,2035,0.05327986250358063,0.37933256946433686,NATURAL_GAS_BOILER,SOCIAL_HOUSING,1494506,129062,110395,2715699,129062,0.0,0.0,0.0,1397.299871379647,0.0,MEDIUM,MEDIUM,MEDIUM,5,COST_BASED,COST_BASED,false,false
1,baseline,1,2036,0.05993984531652822,0.37933256946433686,NATURAL_GAS_BOILER,SOCIAL_HOUSING,1506486,121523,109543,2837222,121523,0.0,0.0,0.0,1416.7032084461378,0.0,MEDIUM,MEDIUM,MEDIUM,5,COST_BASED,COST_BASED,false,false
1,baseline,1,2037,0.06667144084789459,0.37933256946433686,NATURAL_GAS_BOILER,SOCIAL_HOUSING,1511485,138863,133864,2976085,4999,0.0,0.0,0.0,1139.75375075015,0.0,MEDIUM,MEDIUM,MEDIUM,5,COST_BASED,COST_BASED,false,false
1,baseline,1,2038,0.07354626181609854,0.37933256946433686,NATURAL_GAS_BOILER,SOCIAL_HOUSING,1516301,124816,120000,3100901,4816,0.0,0.0,0.0,1285.017026578073,0.0,MEDIUM,MEDIUM,MEDIUM,5,COST_BASED,COST_BASED,false,false
1,baseline,1,2039,0.08056430822114008,0.37933256946433686,NATURAL_GAS_BOILER,SOCIAL_HOUSING,1519490,146044,142855,3246945,3189,0.0,0.0,0.0,1363.181875195986,0.0,MEDIUM,MEDIUM,MEDIUM,5,COST_BASED,COST_BASED,false,false
1,baseline,1,2040,0.0876539673446004,0.37933256946433686,NATURAL_GAS_BOILER,SOCIAL_HOUSING,1524829,129332,123993,3376277,5339,0.0,0.0,0.0,1144.4476493725417,0.0,MEDIUM,MEDIUM,MEDIUM,5,COST_BASED,COST_BASED,false,false
1,baseline,1,2041,0.09481523918647952,0.37933256946433686,NATURAL_GAS_BOILER,SOCIAL_HOUSING,1534434,126160,116555,3502437,9605,0.0,0.0,0.0,1210.6315460697554,0.0,MEDIUM,MEDIUM,MEDIUM,5,COST_BASED,COST_BASED,false,false
1,baseline,1,2042,0.10197651102835864,0.37933256946433686,NATURAL_GAS_BOILER,SOCIAL_HOUSING,1539936,129459,123957,3631896,5502,0.0,0.0,0.0,1192.8071610323518,0.0,MEDIUM,MEDIUM,MEDIUM,5,COST_BASED,COST_BASED,false,false
1,baseline,1,2043,0.10913778287023776,0.37933256946433686,NATURAL_GAS_BOILER,SOCIAL_HOUSING,1549213,132983,123706,3764879,9277,0.0,0.0,0.0,1088.246200280263,0.0,MEDIUM,MEDIUM,MEDIUM,5,COST_BASED,COST_BASED,false,false
1,baseline,1,2044,0.11629905471211688,0.37933256946433686,NATURAL_GAS_BOILER,SOCIAL_HOUSING,1556617,136458,129054,3901337,7404,0.0,0.0,0.0,1251.3037547271745,0.0,MEDIUM,MEDIUM,MEDIUM,5,COST_BASED,COST_BASED,false,false
1,baseline,1,2045,0.12346032655399598,0.37933256946433686,NATURAL_GAS_BOILER,SOCIAL_HOUSING,1562531,125876,119962,4027213,5914,0.0,0.0,0.0,1103.8276969901929,0.0,MEDIUM,MEDIUM,MEDIUM,5,COST_BASED,COST_BASED,false,false
1,baseline,1,2046,0.13062159839587512,0.37933256946433686,NATURAL_GAS_BOILER,SOCIAL_HOUSING,1567967,127391,121955,4154604,5436,0.0,0.0,0.0,1231.1918690213392,0.0,MEDIUM,MEDIUM,MEDIUM,5,COST_BASED,COST_BASED,false,false
1,baseline,1,2047,0.13778287023775423,0.37933256946433686,NATURAL_GAS_BOILER,SOCIAL_HOUSING,1574341,135436,129062,4290040,6374,0.0,0.0,0.0,994.9582679636021,0.0,MEDIUM,MEDIUM,MEDIUM,5,COST_BASED,COST_BASED,false,false
1,baseline,1,2048,0.14494414207963335,0.37933256946433686,NATURAL_GAS_BOILER,SOCIAL_HOUSING,1575526,122708,121523,4412748,1185,0.0,0.0,0.0,1206.5746835443038,0.0,MEDIUM,MEDIUM,MEDIUM,5,COST_BASED,COST_BASED,false,false
1,baseline,1,2049,0.15210541392151247,0.37933256946433686,NATURAL_GAS_BOILER,SOCIAL_HOUSING,1583760,147097,138863,4559845,8234,0.0,0.0,0.0,1053.9251882438668,0.0,MEDIUM,MEDIUM,MEDIUM,5,COST_BASED,COST_BASED,false,false
1,baseline,1,2050,0.0,0.37933256946433686,NATURAL_GAS_BOILER,SOCIAL_HOUSING,1587558,128614,124816,4688459,3798,0.0,0.0,0.0,1311.1553449183782,0.0,MEDIUM,MEDIUM,MEDIUM,5,COST_BASED,COST_BASED,false,false
1,baseline,1,2024,0.0023632197078201087,0.0,NATURAL_GAS_BOILER,PRIVATELY_RENTED,929888,929888,0,929888,0,0.0,0.0,0.0,0.0,0.0,MEDIUM,MEDIUM,MEDIUM,5,COST_BASED,COST_BASED,false,false
1,baseline,1,2025,0.005012890289315382,0.07526496705814953,NATURAL_GAS_BOILER,PRIVATELY_RENTED,933977,83777,79688,1013665,95515,0.0,0.0,0.0,1464.3542375543109,0.0,MEDIUM,MEDIUM,MEDIUM,5,COST_BASED,COST_BASED,false,false
1,baseline,1,2026,0.00794901174448582,0.07526496705814953,NATURAL_GAS_BOILER,PRIVATELY_RENTED,934472,79453,78958,1093118,94990,0.0,0.0,0.0,1472.7870723234025,0.0,MEDIUM,MEDIUM,MEDIUM,5,COST_BASED,COST_BASED,false,false
1,baseline,1,2027,0.011314809510169006,0.07526496705814953,NATURAL_GAS_BOILER,PRIVATELY_RENTED,932031,74465,76906,1167583,92798,0.0,0.0,0.0,1473.199325416496,0.0,MEDIUM,MEDIUM,MEDIUM,5,COST_BASED,COST_BASED,false,false
1,baseline,1,2028,0.014967058149527356,0.07526496705814953,NATURAL_GAS_BOILER,PRIVATELY_RENTED,926160,73507,79378,1241090,95254,0.0,0.0,0.0,1467.4196674155417,0.0,MEDIUM,MEDIUM,MEDIUM,5,COST_BASED,COST_BASED,false,false
1,baseline,1,2029,0.019263821254654825,0.07526496705814953,NATURAL_GAS_BOILER,PRIVATELY_RENTED,916557,68512,78115,1309602,93334,0.0,0.0,0.0,1478.4899929286219,0.0,MEDIUM,MEDIUM,MEDIUM,5,COST_BASED,COST_BASED,false,false
1,baseline,1,2030,0.023990260670295045,0.37933256946433686,NATURAL_GAS_BOILER,PRIVATELY_RENTED,904216,66795,79136,1376397,94520,0.0,0.0,0.0,1473.8836965721541,0.0,MEDIUM,MEDIUM,MEDIUM,5,COST_BASED,COST_BASED,false,false
1,baseline,1,2031,0.029146376396448008,0.37933256946433686,NATURAL_GAS_BOILER,PRIVATELY_RENTED,889228,64047,79035,1440444,94804,0.0,0.0,0.0,1468.132378380659,0.0,MEDIUM,MEDIUM,MEDIUM,5,COST_BASED,COST_BASED,false,false
1,baseline,1,2032,0.03466055571469493,0.37933256946433686,NATURAL_GAS_BOILER,PRIVATELY_RENTED,872216,61894,78906,1502338,95314,0.0,0.0,0.0,1464.6566086828798,0.0,MEDIUM,MEDIUM,MEDIUM,5,COST_BASED,COST_BASED,false,false
1,baseline,1,2033,0.04053279862503581,0.37933256946433686,NATURAL_GAS_BOILER,PRIVATELY_RENTED,853744,58880,77352,1561218,94768,0.0,0.0,0.0,1456.2922716528785,0.0,MEDIUM,MEDIUM,MEDIUM,5,COST_BASED,COST_BASED,false,false
1,baseline,1,2034,0.04676310512747064,0.37933256946433686,NATURAL_GAS_BOILER,PRIVATELY_RENTED,832485,53673,74932,1614891,92350,0.0,0.0,0.0,1474.7782566323767,0.0,MEDIUM,MEDIUM,MEDIUM,5,COST_BASED,COST_BASED,false,false
1,baseline,1,2035,0.05327986250358063,0.37933256946433686,NATURAL_GAS_BOILER,PRIVATELY_RENTED,809649,52118,74954,1667009,93134,0.0,0.0,0.0,1469.899596280628,0.0,MEDIUM,MEDIUM,MEDIUM,5,COST_BASED,COST_BASED,false,false
1,baseline,1,2036,0.05993984531652822,0.37933256946433686,NATURAL_GAS_BOILER,PRIVATELY_RENTED,784249,47128,72528,1714137,89782,0.0,0.0,0.0,1489.4144149161302,0.0,MEDIUM,MEDIUM,MEDIUM,5,COST_BASED,COST_BASED,false,false
1,baseline,1,2037,0.06667144084789459,0.37933256946433686,NATURAL_GAS_BOILER,PRIVATELY_RENTED,787059,86587,83777,1800724,9285,0.0,0.0,0.0,1406.3337641357027,0.0,MEDIUM,MEDIUM,MEDIUM,5,COST_BASED,COST_BASED,false,false
1,baseline,1,2038,0.07354626181609854,0.37933256946433686,NATURAL_GAS_BOILER,PRIVATELY_RENTED,790050,82444,79453,1883168,9004,0.0,0.0,0.0,1397.2472234562417,0.0,MEDIUM,MEDIUM,MEDIUM,5,COST_BASED,COST_BASED,false,false
1,baseline,1,2039,0.08056430822114008,0.37933256946433686,NATURAL_GAS_BOILER,PRIVATELY_RENTED,793200,77615,74465,1960783,8391,0.0,0.0,0.0,1406.1278751042785,0.0,MEDIUM,MEDIUM,MEDIUM,5,COST_BASED,COST_BASED,false,false
1,baseline,1,2040,0.0876539673446004,0.37933256946433686,NATURAL_GAS_BOILER,PRIVATELY_RENTED,795809,76116,73507,2036899,3874,0.0,0.0,0.0,1267.4721218378936,0.0,MEDIUM,MEDIUM,MEDIUM,5,COST_BASED,COST_BASED,false,false
1,baseline,1,2041,0.09481523918647952,0.37933256946433686,NATURAL_GAS_BOILER,PRIVATELY_RENTED,798872,71575,68512,2108474,4276,0.0,0.0,0.0,1201.3783910196446,0.0,MEDIUM,MEDIUM,MEDIUM,5,COST_BASED,COST_BASED,false,false
1,baseline,1,2042,0.10197651102835864,0.37933256946433686,NATURAL_GAS_BOILER,PRIVATELY_RENTED,801083,69006,66795,2177480,3302,0.0,0.0,0.0,1247.1075105996365,0.0,MEDIUM,MEDIUM,MEDIUM,5,COST_BASED,COST_BASED,false,false
1,baseline,1,2043,0.10913778287023776,0.37933256946433686,NATURAL_GAS_BOILER,PRIVATELY_RENTED,803283,66247,64047,2243727,3403,0.0,0.0,0.0,1243.6558918601233,0.0,MEDIUM,MEDIUM,MEDIUM,5,COST_BASED,COST_BASED,false,false
1,baseline,1,2044,0.11629905471211688,0.37933256946433686,NATURAL_GAS_BOILER,PRIVATELY_RENTED,804735,63346,61894,2307073,2538,0.0,0.0,0.0,1304.6004728132389,0.0,MEDIUM,MEDIUM,MEDIUM,5,COST_BASED,COST_BASED,false,false
1,baseline,1,2045,0.12346032655399598,0.37933256946433686,NATURAL_GAS_BOILER,PRIVATELY_RENTED,806353,60498,58880,2367571,2689,0.0,0.0,0.0,1239.4748977314987,0.0,MEDIUM,MEDIUM,MEDIUM,5,COST_BASED,COST_BASED,false,false
1,baseline,1,2046,0.13062159839587512,0.37933256946433686,NATURAL_GAS_BOILER,PRIVATELY_RENTED,808137,55457,53673,2423028,3009,0.0,0.0,0.0,1248.054503157195,0.0,MEDIUM,MEDIUM,MEDIUM,5,COST_BASED,COST_BASED,false,false
1,baseline,1,2047,0.13778287023775423,0.37933256946433686,NATURAL_GAS_BOILER,PRIVATELY_RENTED,810477,54458,52118,2477486,3503,0.0,0.0,0.0,1205.1932629174994,0.0,MEDIUM,MEDIUM,MEDIUM,5,COST_BASED,COST_BASED,false,false
1,baseline,1,2048,0.14494414207963335,0.37933256946433686,NATURAL_GAS_BOILER,PRIVATELY_RENTED,812618,49269,47128,2526755,3409,0.0,0.0,0.0,1219.3622763273688,0.0,MEDIUM,MEDIUM,MEDIUM,5,COST_BASED,COST_BASED,false,false
1,baseline,1,2049,0.15210541392151247,0.37933256946433686,NATURAL_GAS_BOILER,PRIVATELY_RENTED,814661,88630,86587,2615385,3316,0.0,0.0,0.0,1220.7810615199035,0.0,MEDIUM,MEDIUM,MEDIUM,5,COST_BASED,COST_BASED,false,false
1,baseline,1,2050,0.0,0.37933256946433686,NATURAL_GAS_BOILER,PRIVATELY_RENTED,817092,84875,82444,2700260,3705,0.0,0.0,0.0,1166.4766531713901,0.0,MEDIUM,MEDIUM,MEDIUM,5,COST_BASED,COST_BASED,false,false
1,baseline,1,2024,0.0023632197078201087,0.0,NATURAL_GAS_BLOCK,TOTAL,464485,464485,0,464485,0,0.0,0.0,0.0,0.0,0.0,MEDIUM,MEDIUM,MEDIUM,5,COST_BASED,COST_BASED,false,false
1,baseline,1,2025,0.005012890289315382,0.07526496705814953,NATURAL_GAS_BLOCK,TOTAL,424725,24,39784,464509,664664,0.2851806384457064,0.5223727200420762,0.06923127866633047,1650.458219491352,0.7036100106184464,MEDIUM,MEDIUM,MEDIUM,5,COST_BASED,COST_BASED,false,false
1,baseline,1,2026,0.00794901174448582,0.07526496705814953,NATURAL_GAS_BLOCK,TOTAL,388408,33,36350,464542,648136,0.28578236646061894,0.5233913547810051,0.06386009769125715,1656.13087531012,0.7056589283449867,MEDIUM,MEDIUM,MEDIUM,5,COST_BASED,COST_BASED,false,false
1,baseline,1,2027,0.011314809510169006,0.07526496705814953,NATURAL_GAS_BLOCK,TOTAL,349679,15,38744,464557,675271,0.2856208828366264,0.5239466419444888,0.05770383981257931,1646.9114474040794,0.7073017622310132,MEDIUM,MEDIUM,MEDIUM,5,COST_BASED,COST_BASED,false,false
1,baseline,1,2028,0.014967058149527356,0.07526496705814953,NATURAL_GAS_BLOCK,TOTAL,312649,13,37043,464570,661186,0.28600583196083074,0.5174453204613619,0.052262891203855626,1648.9508217052387,0.6981336613013189,MEDIUM,MEDIUM,MEDIUM,5,COST_BASED,COST_BASED,false,false
1,baseline,1,2029,0.019263821254654825,0.07526496705814953,NATURAL_GAS_BLOCK,TOTAL,275710,4,36943,464574,653888,0.28589174588700617,0.5205798912569454,0.0465069599420131,1656.539627581482,0.7035835304209349,MEDIUM,MEDIUM,MEDIUM,5,COST_BASED,COST_BASED,false,false
1,baseline,1,2030,0.023990260670295045,0.37933256946433686,NATURAL_GAS_BLOCK,TOTAL,240047,1,35664,464575,665858,0.28558257228615436,0.5190107389025578,0.04081341677536313,1645.8638748802298,0.7020187881853482,MEDIUM,MEDIUM,MEDIUM,5,COST_BASED,COST_BASED,false,false
1,baseline,1,2031,0.029146376396448008,0.37933256946433686,NATURAL_GAS_BLOCK,TOTAL,200464,0,39583,464575,673852,0.2855447811273805,0.5193131267865846,0.03487974477177934,1647.8262496809389,0.7032235268015541,MEDIUM,MEDIUM,MEDIUM,5,COST_BASED,COST_BASED,false,false
1,baseline,1,2032,0.03466055571469493,0.37933256946433686,NATURAL_GAS_BLOCK,TOTAL,160994,0,39470,464575,675057,0.2854549587937196,0.5189871807665678,0.029304823600376475,1642.5352525786711,0.703453928501372,MEDIUM,MEDIUM,MEDIUM,5,COST_BASED,COST_BASED,false,false
1,baseline,1,2033,0.04053279862503581,0.37933256946433686,NATURAL_GAS_BLOCK,TOTAL,121020,0,39974,464575,667821,0.28569656616260874,0.521403348205436,0.02326814441874762,1641.328676396819,0.7077723627151654,MEDIUM,MEDIUM,MEDIUM,5,COST_BASED,COST_BASED,false,false
1,baseline,1,2034,0.04676310512747064,0.37933256946433686,NATURAL_GAS_BLOCK,TOTAL,79102,0,41918,464575,691930,0.28564743366937284,0.5202692042776172,0.01675247522402017,1624.3011619672511,0.7068978885960868,MEDIUM,MEDIUM,MEDIUM,5,COST_BASED,COST_BASED,false,false
1,baseline,1,2035,0.05327986250358063,0.37933256946433686,NATURAL_GAS_BLOCK,TOTAL,34842,0,44260,464575,701498,0.28569817285269905,0.5220386776647562,0.009513702597276456,1610.553871857083,0.7104442604593239,MEDIUM,MEDIUM,MEDIUM,5,COST_BASED,COST_BASED,false,false
1,baseline,1,2036,0.05993984531652822,0.37933256946433686,NATURAL_GAS_BLOCK,TOTAL,90,0,34752,464575,642525,0.28552621209429674,0.5175398496199648,0.0028638685002601223,1659.4652768374772,0.7045702378438077,MEDIUM,MEDIUM,MEDIUM,5,COST_BASED,COST_BASED,false,false
1,baseline,1,2037,0.06667144084789459,0.37933256946433686,NATURAL_GAS_BLOCK,TOTAL,66,0,24,464575,320941,0.3401452484373118,0.5246945677406294,2.031248395665002E-5,1635.7096226409215,0.7020030004411543,MEDIUM,MEDIUM,MEDIUM,5,COST_BASED,COST_BASED,false,false
1,baseline,1,2038,0.07354626181609854,0.37933256946433686,NATURAL_GAS_BLOCK,TOTAL,33,0,33,464575,277317,0.3527620729592581,0.524264498838548,9.47850194196847E-6,1663.162701889895,0.6982050452052162,MEDIUM,MEDIUM,MEDIUM,5,COST_BASED,COST_BASED,false,false
1,baseline,1,2039,0.08056430822114008,0.37933256946433686,NATURAL_GAS_BLOCK,TOTAL,18,0,15,464575,226563,0.3702170272305314,0.5268047519642807,4.0818227880813775E-6,1667.9589915387774,0.6976523609109395,MEDIUM,MEDIUM,MEDIUM,5,COST_BASED,COST_BASED,false,false
1,baseline,1,2040,0.0876539673446004,0.37933256946433686,NATURAL_GAS_BLOCK,TOTAL,5,0,13,464575,317994,0.28769683074879826,0.5151562705686014,1.793364412930486E-6,1776.6199393699253,0.7008099739951456,MEDIUM,MEDIUM,MEDIUM,5,COST_BASED,COST_BASED,false,false
1,baseline,1,2041,0.09481523918647952,0.37933256946433686,NATURAL_GAS_BLOCK,TOTAL,1,0,4,464575,326033,0.2811023737374179,0.5173926547915265,4.350054555698367E-7,1753.3591967684254,0.7058133343772608,MEDIUM,MEDIUM,MEDIUM,5,COST_BASED,COST_BASED,false,false
1,baseline,1,2042,0.10197651102835864,0.37933256946433686,NATURAL_GAS_BLOCK,TOTAL,0,0,1,464575,321370,0.2664172033734579,0.5134920295192859,2.163560851217345E-7,1773.9322649905093,0.7036337163910664,MEDIUM,MEDIUM,MEDIUM,5,COST_BASED,COST_BASED,false,false
1,baseline,1,2043,0.10913778287023776,0.37933256946433686,NATURAL_GAS_BLOCK,TOTAL,0,0,0,464575,356262,0.26449897057350946,0.5063305548271664,0.0,1771.6595567307206,0.6933710895973839,MEDIUM,MEDIUM,MEDIUM,5,COST_BASED,COST_BASED,false,false
1,baseline,1,2044,0.11629905471211688,0.37933256946433686,NATURAL_GAS_BLOCK,TOTAL,0,0,0,464575,367556,0.2612156912594594,0.5095217034484593,0.0,1782.237280849721,0.6989786323578187,MEDIUM,MEDIUM,MEDIUM,5,COST_BASED,COST_BASED,false,false
1,baseline,1,2045,0.12346032655399598,0.37933256946433686,NATURAL_GAS_BLOCK,TOTAL,0,0,0,464575,389572,0.26467838921895664,0.5082496826528399,0.0,1783.0448158491884,0.6962049266745292,MEDIUM,MEDIUM,MEDIUM,5,COST_BASED,COST_BASED,false,false
1,baseline,1,2046,0.13062159839587512,0.37933256946433686,NATURAL_GAS_BLOCK,TOTAL,0,0,0,464575,411541,0.26709531188727226,0.5107763541026971,0.0,1763.5511066941083,0.6993907031822316,MEDIUM,MEDIUM,MEDIUM,5,COST_BASED,COST_BASED,false,false
1,baseline,1,2047,0.13778287023775423,0.37933256946433686,NATURAL_GAS_BLOCK,TOTAL,0,0,0,464575,430789,0.2732554655151295,0.5124184503411671,0.0,1748.2737627933861,0.7003138091329649,MEDIUM,MEDIUM,MEDIUM,5,COST_BASED,COST_BASED,false,false
1,baseline,1,2048,0.14494414207963335,0.37933256946433686,NATURAL_GAS_BLOCK,TOTAL,0,0,0,464575,435809,0.2749774950119401,0.5159764075567158,0.0,1748.757861815612,0.7052202375820841,MEDIUM,MEDIUM,MEDIUM,5,COST_BASED,COST_BASED,false,false
1,baseline,1,2049,0.15210541392151247,0.37933256946433686,NATURAL_GAS_BLOCK,TOTAL,0,0,0,464575,476416,0.27819915759024305,0.513096280099565,0.0,1696.760799385411,0.7000946307517846,MEDIUM,MEDIUM,MEDIUM,5,COST_BASED,COST_BASED,false,false
1,baseline,1,2050,0.0,0.37933256946433686,NATURAL_GAS_BLOCK,TOTAL,0,0,0,464575,478514,0.2793333341253265,0.5184979066269311,0.0,1691.980972343547,0.7079135264090893,MEDIUM,MEDIUM,MEDIUM,5,COST_BASED,COST_BASED,false,false
1,baseline,1,2024,0.0023632197078201087,0.0,NATURAL_GAS_BLOCK,PRIVATELY_OWNED,277669,277669,0,277669,0,0.0,0.0,0.0,0.0,0.0,MEDIUM,MEDIUM,MEDIUM,5,COST_BASED,COST_BASED,false,false
1,baseline,1,2025,0.005012890289315382,0.07526496705814953,NATURAL_GAS_BLOCK,PRIVATELY_OWNED,255125,24,22568,277693,435285,0.2851806384457064,0.5223727200420762,0.06923127866633047,1766.9625555670423,0.7036100106184464,MEDIUM,MEDIUM,MEDIUM,5,COST_BASED,COST_BASED,false,false
1,baseline,1,2026,0.00794901174448582,0.07526496705814953,NATURAL_GAS_BLOCK,PRIVATELY_OWNED,233090,33,22068,277726,433146,0.28578236646061894,0.5233913547810051,0.06386009769125715,1765.5359139874315,0.7056589283449867,MEDIUM,MEDIUM,MEDIUM,5,COST_BASED,COST_BASED,false,false
1,baseline,1,2027,0.011314809510169006,0.07526496705814953,NATURAL_GAS_BLOCK,PRIVATELY_OWNED,211565,15,21540,277741,439618,0.2856208828366264,0.5239466419444888,0.05770383981257931,1760.9289019102948,0.7073017622310132,MEDIUM,MEDIUM,MEDIUM,5,COST_BASED,COST_BASED,false,false
1,baseline,1,2028,0.014967058149527356,0.07526496705814953,NATURAL_GAS_BLOCK,PRIVATELY_OWNED,189598,13,21980,277754,441939,0.28600583196083074,0.5174453204613619,0.052262891203855626,1757.3298600033036,0.6981336613013189,MEDIUM,MEDIUM,MEDIUM,5,COST_BASED,COST_BASED,false,false
1,baseline,1,2029,0.019263821254654825,0.07526496705814953,NATURAL_GAS_BLOCK,PRIVATELY_OWNED,167723,4,21879,277758,443999,0.28589174588700617,0.5205798912569454,0.0465069599420131,1760.2540140856172,0.7035835304209349,MEDIUM,MEDIUM,MEDIUM,5,COST_BASED,COST_BASED,false,false
1,baseline,1,2030,0.023990260670295045,0.37933256946433686,NATURAL_GAS_BLOCK,PRIVATELY_OWNED,145773,1,21951,277759,447381,0.28558257228615436,0.5190107389025578,0.04081341677536313,1754.7341281815723,0.7020187881853482,MEDIUM,MEDIUM,MEDIUM,5,COST_BASED,COST_BASED,false,false
1,baseline,1,2031,0.029146376396448008,0.37933256946433686,NATURAL_GAS_BLOCK,PRIVATELY_OWNED,123628,0,22145,277759,455342,0.2855447811273805,0.5193131267865846,0.03487974477177934,1746.9037426813252,0.7032235268015541,MEDIUM,MEDIUM,MEDIUM,5,COST_BASED,COST_BASED,false,false
1,baseline,1,2032,0.03466055571469493,0.37933256946433686,NATURAL_GAS_BLOCK,PRIVATELY_OWNED,101222,0,22406,277759,450689,0.2854549587937196,0.5189871807665678,0.029304823600376475,1748.2569510238768,0.703453928501372,MEDIUM,MEDIUM,MEDIUM,5,COST_BASED,COST_BASED,false,false
1,baseline,1,2033,0.04053279862503581,0.37933256946433686,NATURAL_GAS_BLOCK,PRIVATELY_OWNED,77380,0,23842,277759,453091,0.28569656616260874,0.521403348205436,0.02326814441874762,1739.9869099143439,0.7077723627151654,MEDIUM,MEDIUM,MEDIUM,5,COST_BASED,COST_BASED,false,false
1,baseline,1,2034,0.04676310512747064,0.37933256946433686,NATURAL_GAS_BLOCK,PRIVATELY_OWNED,50003,0,27377,277759,477625,0.28564743366937284,0.5202692042776172,0.01675247522402017,1702.3902727034808,0.7068978885960868,MEDIUM,MEDIUM,MEDIUM,5,COST_BASED,COST_BASED,false,false
1,baseline,1,2035,0.05327986250358063,0.37933256946433686,NATURAL_GAS_BLOCK,PRIVATELY_OWNED,21804,0,28199,277759,479302,0.28569817285269905,0.5220386776647562,0.009513702597276456,1694.7844114983873,0.7104442604593239,MEDIUM,MEDIUM,MEDIUM,5,COST_BASED,COST_BASED,false,false
1,baseline,1,2036,0.05993984531652822,0.37933256946433686,NATURAL_GAS_BLOCK,PRIVATELY_OWNED,90,0,21714,277759,431220,0.28552621209429674,0.5175398496199648,0.0028638685002601223,1762.6965075831363,0.7045702378438077,MEDIUM,MEDIUM,MEDIUM,5,COST_BASED,COST_BASED,false,false
1,baseline,1,2037,0.06667144084789459,0.37933256946433686,NATURAL_GAS_BLOCK,PRIVATELY_OWNED,66,0,24,277759,306657,0.3401452484373118,0.5246945677406294,2.031248395665002E-5,1650.6848009339424,0.7020030004411543,MEDIUM,MEDIUM,MEDIUM,5,COST_BASED,COST_BASED,false,false
1,baseline,1,2038,0.07354626181609854,0.37933256946433686,NATURAL_GAS_BLOCK,PRIVATELY_OWNED,33,0,33,277759,263497,0.3527620729592581,0.524264498838548,9.47850194196847E-6,1679.0938720364938,0.6982050452052162,MEDIUM,MEDIUM,MEDIUM,5,COST_BASED,COST_BASED,false,false
1,baseline,1,2039,0.08056430822114008,0.37933256946433686,NATURAL_GAS_BLOCK,PRIVATELY_OWNED,18,0,15,277759,214983,0.3702170272305314,0.5268047519642807,4.0818227880813775E-6,1682.6261611383225,0.6976523609109395,MEDIUM,MEDIUM,MEDIUM,5,COST_BASED,COST_BASED,false,false
1,baseline,1,2040,0.0876539673446004,0.37933256946433686,NATURAL_GAS_BLOCK,PRIVATELY_OWNED,5,0,13,277759,308781,0.28769683074879826,0.5151562705686014,1.793364412930486E-6,1793.8995307353755,0.7008099739951456,MEDIUM,MEDIUM,MEDIUM,5,COST_BASED,COST_BASED,false,false
1,baseline,1,2041,0.09481523918647952,0.37933256946433686,NATURAL_GAS_BLOCK,PRIVATELY_OWNED,1,0,4,277759,312152,0.2811023737374179,0.5173926547915265,4.350054555698367E-7,1777.5593653092083,0.7058133343772608,MEDIUM,MEDIUM,MEDIUM,5,COST_BASED,COST_BASED,false,false
1,baseline,1,2042,0.10197651102835864,0.37933256946433686,NATURAL_GAS_BLOCK,PRIVATELY_OWNED,0,0,1,277759,312566,0.2664172033734579,0.5134920295192859,2.163560851217345E-7,1789.6870229007634,0.7036337163910664,MEDIUM,MEDIUM,MEDIUM,5,COST_BASED,COST_BASED,false,false
1,baseline,1,2043,0.10913778287023776,0.37933256946433686,NATURAL_GAS_BLOCK,PRIVATELY_OWNED,0,0,0,277759,343582,0.26449897057350946,0.5063305548271664,0.0,1795.2896950364104,0.6933710895973839,MEDIUM,MEDIUM,MEDIUM,5,COST_BASED,COST_BASED,false,false
1,baseline,1,2044,0.11629905471211688,0.37933256946433686,NATURAL_GAS_BLOCK,PRIVATELY_OWNED,0,0,0,277759,357614,0.2612156912594594,0.5095217034484593,0.0,1796.5759058649828,0.6989786323578187,MEDIUM,MEDIUM,MEDIUM,5,COST_BASED,COST_BASED,false,false
1,baseline,1,2045,0.12346032655399598,0.37933256946433686,NATURAL_GAS_BLOCK,PRIVATELY_OWNED,0,0,0,277759,380969,0.26467838921895664,0.5082496826528399,0.0,1797.390866448451,0.6962049266745292,MEDIUM,MEDIUM,MEDIUM,5,COST_BASED,COST_BASED,false,false
1,baseline,1,2046,0.13062159839587512,0.37933256946433686,NATURAL_GAS_BLOCK,PRIVATELY_OWNED,0,0,0,277759,403096,0.26709531188727226,0.5107763541026971,0.0,1774.5438133844048,0.6993907031822316,MEDIUM,MEDIUM,MEDIUM,5,COST_BASED,COST_BASED,false,false
1,baseline,1,2047,0.13778287023775423,0.37933256946433686,NATURAL_GAS_BLOCK,PRIVATELY_OWNED,0,0,0,277759,420912,0.2732554655151295,0.5124184503411671,0.0,1764.164832554073,0.7003138091329649,MEDIUM,MEDIUM,MEDIUM,5,COST_BASED,COST_BASED,false,false
1,baseline,1,2048,0.14494414207963335,0.37933256946433686,NATURAL_GAS_BLOCK,PRIVATELY_OWNED,0,0,0,277759,431215,0.2749774950119401,0.5159764075567158,0.0,1754.4147211947636,0.7052202375820841,MEDIUM,MEDIUM,MEDIUM,5,COST_BASED,COST_BASED,false,false
1,baseline,1,2049,0.15210541392151247,0.37933256946433686,NATURAL_GAS_BLOCK,PRIVATELY_OWNED,0,0,0,277759,464866,0.27819915759024305,0.513096280099565,0.0,1711.501596158893,0.7000946307517846,MEDIUM,MEDIUM,MEDIUM,5,COST_BASED,COST_BASED,false,false
1,baseline,1,2050,0.0,0.37933256946433686,NATURAL_GAS_BLOCK,PRIVATELY_OWNED,0,0,0,277759,471011,0.2793333341253265,0.5184979066269311,0.0,1699.1563105744876,0.7079135264090893,MEDIUM,MEDIUM,MEDIUM,5,COST_BASED,COST_BASED,false,false
1,baseline,1,2024,0.0023632197078201087,0.0,NATURAL_GAS_BLOCK,SOCIAL_HOUSING,97892,97892,0,97892,0,0.0,0.0,0.0,0.0,0.0,MEDIUM,MEDIUM,MEDIUM,5,COST_BASED,COST_BASED,false,false
1,baseline,1,2025,0.005012890289315382,0.07526496705814953,NATURAL_GAS_BLOCK,SOCIAL_HOUSING,88173,0,9719,97892,133864,0.0,0.0,0.0,1404.4109768122871,0.0,MEDIUM,MEDIUM,MEDIUM,5,COST_BASED,COST_BASED,false,false
1,baseline,1,2026,0.00794901174448582,0.07526496705814953,NATURAL_GAS_BLOCK,SOCIAL_HOUSING,81352,0,6821,97892,120000,0.0,0.0,0.0,1406.196375,0.0,MEDIUM,MEDIUM,MEDIUM,5,COST_BASED,COST_BASED,false,false
1,baseline,1,2027,0.011314809510169006,0.07526496705814953,NATURAL_GAS_BLOCK,SOCIAL_HOUSING,71348,0,10004,97892,142855,0.0,0.0,0.0,1408.6317804767073,0.0,MEDIUM,MEDIUM,MEDIUM,5,COST_BASED,COST_BASED,false,false
1,baseline,1,2028,0.014967058149527356,0.07526496705814953,NATURAL_GAS_BLOCK,SOCIAL_HOUSING,63577,0,7771,97892,123993,0.0,0.0,0.0,1401.7076528513705,0.0,MEDIUM,MEDIUM,MEDIUM,5,COST_BASED,COST_BASED,false,false
1,baseline,1,2029,0.019263821254654825,0.07526496705814953,NATURAL_GAS_BLOCK,SOCIAL_HOUSING,55509,0,8068,97892,116555,0.0,0.0,0.0,1403.4979794946591,0.0,MEDIUM,MEDIUM,MEDIUM,5,COST_BASED,COST_BASED,false,false
1,baseline,1,2030,0.023990260670295045,0.37933256946433686,NATURAL_GAS_BLOCK,SOCIAL_HOUSING,48880,0,6629,97892,123957,0.0,0.0,0.0,1383.4826189727082,0.0,MEDIUM,MEDIUM,MEDIUM,5,COST_BASED,COST_BASED,false,false
1,baseline,1,2031,0.029146376396448008,0.37933256946433686,NATURAL_GAS_BLOCK,SOCIAL_HOUSING,38523,0,10357,97892,123706,0.0,0.0,0.0,1420.1881315376781,0.0,MEDIUM,MEDIUM,MEDIUM,5,COST_BASED,COST_BASED,false,false
1,baseline,1,2032,0.03466055571469493,0.37933256946433686,NATURAL_GAS_BLOCK,SOCIAL_HOUSING,28896,0,9627,97892,129054,0.0,0.0,0.0,1404.0061447146156,0.0,MEDIUM,MEDIUM,MEDIUM,5,COST_BASED,COST_BASED,false,false
1,baseline,1,2033,0.04053279862503581,0.37933256946433686,NATURAL_GAS_BLOCK,SOCIAL_HOUSING,21030,0,7866,97892,119962,0.0,0.0,0.0,1414.077449525683,0.0,MEDIUM,MEDIUM,MEDIUM,5,COST_BASED,COST_BASED,false,false
1,baseline,1,2034,0.04676310512747064,0.37933256946433686,NATURAL_GAS_BLOCK,SOCIAL_HOUSING,14432,0,6598,97892,121955,0.0,0.0,0.0,1430.8738059120167,0.0,MEDIUM,MEDIUM,MEDIUM,5,COST_BASED,COST_BASED,false,false
1,baseline,1,2035,0.05327986250358063,0.37933256946433686,NATURAL_GAS_BLOCK,SOCIAL_HOUSING,6118,0,8314,97892,129062,0.0,0.0,0.0,1398.4133439742138,0.0,MEDIUM,MEDIUM,MEDIUM,5,COST_BASED,COST_BASED,false,false
1,baseline,1,2036,0.05993984531652822,0.37933256946433686,NATURAL_GAS_BLOCK,SOCIAL_HOUSING,0,0,6118,97892,121523,0.0,0.0,0.0,1417.8861120940069,0.0,MEDIUM,MEDIUM,MEDIUM,5,COST_BASED,COST_BASED,false,false
1,baseline,1,2037,0.06667144084789459,0.37933256946433686,NATURAL_GAS_BLOCK,SOCIAL_HOUSING,0,0,0,97892,4999,0.0,0.0,0.0,1140.8409681936387,0.0,MEDIUM,MEDIUM,MEDIUM,5,COST_BASED,COST_BASED,false,false
1,baseline,1,2038,0.07354626181609854,0.37933256946433686,NATURAL_GAS_BLOCK,SOCIAL_HOUSING,0,0,0,97892,4816,0.0,0.0,0.0,1286.2560215946844,0.0,MEDIUM,MEDIUM,MEDIUM,5,COST_BASED,COST_BASED,false,false
1,baseline,1,2039,0.08056430822114008,0.37933256946433686,NATURAL_GAS_BLOCK,SOCIAL_HOUSING,0,0,0,97892,3189,0.0,0.0,0.0,1364.52210724365,0.0,MEDIUM,MEDIUM,MEDIUM,5,COST_BASED,COST_BASED,false,false
1,baseline,1,2040,0.0876539673446004,0.37933256946433686,NATURAL_GAS_BLOCK,SOCIAL_HOUSING,0,0,0,97892,5339,0.0,0.0,0.0,1145.7139913841543,0.0,MEDIUM,MEDIUM,MEDIUM,5,COST_BASED,COST_BASED,false,false
1,baseline,1,2041,0.09481523918647952,0.37933256946433686,NATURAL_GAS_BLOCK,SOCIAL_HOUSING,0,0,0,97892,9605,0.0,0.0,0.0,1212.006246746486,0.0,MEDIUM,MEDIUM,MEDIUM,5,COST_BASED,COST_BASED,false,false
1,baseline,1,2042,0.10197651102835864,0.37933256946433686,NATURAL_GAS_BLOCK,SOCIAL_HOUSING,0,0,0,97892,5502,0.0,0.0,0.0,1194.2204652853509,0.0,MEDIUM,MEDIUM,MEDIUM,5,COST_BASED,COST_BASED,false,false
1,baseline,1,2043,0.10913778287023776,0.37933256946433686,NATURAL_GAS_BLOCK,SOCIAL_HOUSING,0,0,0,97892,9277,0.0,0.0,0.0,1089.6267112213,0.0,MEDIUM,MEDIUM,MEDIUM,5,COST_BASED,COST_BASED,false,false
1,baseline,1,2044,0.11629905471211688,0.37933256946433686,NATURAL_GAS_BLOCK,SOCIAL_HOUSING,0,0,0,97892,7404,0.0,0.0,0.0,1252.8641274986494,0.0,MEDIUM,MEDIUM,MEDIUM,5,COST_BASED,COST_BASED,false,false
1,baseline,1,2045,0.12346032655399598,0.37933256946433686,NATURAL_GAS_BLOCK,SOCIAL_HOUSING,0,0,0,97892,5914,0.0,0.0,0.0,1105.3238079134258,0.0,MEDIUM,MEDIUM,MEDIUM,5,COST_BASED,COST_BASED,false,false
1,baseline,1,2046,0.13062159839587512,0.37933256946433686,NATURAL_GAS_BLOCK,SOCIAL_HOUSING,0,0,0,97892,5436,0.0,0.0,0.0,1232.8313097866078,0.0,MEDIUM,MEDIUM,MEDIUM,5,COST_BASED,COST_BASED,false,false
1,baseline,1,2047,0.13778287023775423,0.37933256946433686,NATURAL_GAS_BLOCK,SOCIAL_HOUSING,0,0,0,97892,6374,0.0,0.0,0.0,996.4570128647631,0.0,MEDIUM,MEDIUM,MEDIUM,5,COST_BASED,COST_BASED,false,false
1,baseline,1,2048,0.14494414207963335,0.37933256946433686,NATURAL_GAS_BLOCK,SOCIAL_HOUSING,0,0,0,97892,1185,0.0,0.0,0.0,1208.2978902953587,0.0,MEDIUM,MEDIUM,MEDIUM,5,COST_BASED,COST_BASED,false,false
1,baseline,1,2049,0.15210541392151247,0.37933256946433686,NATURAL_GAS_BLOCK,SOCIAL_HOUSING,0,0,0,97892,8234,0.0,0.0,0.0,1055.5267184843333,0.0,MEDIUM,MEDIUM,MEDIUM,5,COST_BASED,COST_BASED,false,false
1,baseline,1,2050,0.0,0.37933256946433686,NATURAL_GAS_BLOCK,SOCIAL_HOUSING,0,0,0,97892,3798,0.0,0.0,0.0,1313.0484465508162,0.0,MEDIUM,MEDIUM,MEDIUM,5,COST_BASED,COST_BASED,false,false
1,baseline,1,2024,0.0023632197078201087,0.0,NATURAL_GAS_BLOCK,PRIVATELY_RENTED,88924,88924,0,88924,0,0.0,0.0,0.0,0.0,0.0,MEDIUM,MEDIUM,MEDIUM,5,COST_BASED,COST_BASED,false,false
1,baseline,1,2025,0.005012890289315382,0.07526496705814953,NATURAL_GAS_BLOCK,PRIVATELY_RENTED,81427,0,7497,88924,95515,0.0,0.0,0.0,1464.3542375543109,0.0,MEDIUM,MEDIUM,MEDIUM,5,COST_BASED,COST_BASED,false,false
1,baseline,1,2026,0.00794901174448582,0.07526496705814953,NATURAL_GAS_BLOCK,PRIVATELY_RENTED,73966,0,7461,88924,94990,0.0,0.0,0.0,1472.9935466891252,0.0,MEDIUM,MEDIUM,MEDIUM,5,COST_BASED,COST_BASED,false,false
1,baseline,1,2027,0.011314809510169006,0.07526496705814953,NATURAL_GAS_BLOCK,PRIVATELY_RENTED,66766,0,7200,88924,92798,0.0,0.0,0.0,1473.5813810642471,0.0,MEDIUM,MEDIUM,MEDIUM,5,COST_BASED,COST_BASED,false,false
1,baseline,1,2028,0.014967058149527356,0.07526496705814953,NATURAL_GAS_BLOCK,PRIVATELY_RENTED,59474,0,7292,88924,95254,0.0,0.0,0.0,1467.9557813845088,0.0,MEDIUM,MEDIUM,MEDIUM,5,COST_BASED,COST_BASED,false,false
1,baseline,1,2029,0.019263821254654825,0.07526496705814953,NATURAL_GAS_BLOCK,PRIVATELY_RENTED,52478,0,6996,88924,93334,0.0,0.0,0.0,1479.1571667345233,0.0,MEDIUM,MEDIUM,MEDIUM,5,COST_BASED,COST_BASED,false,false
1,baseline,1,2030,0.023990260670295045,0.37933256946433686,NATURAL_GAS_BLOCK,PRIVATELY_RENTED,45394,0,7084,88924,94520,0.0,0.0,0.0,1474.6568345323742,0.0,MEDIUM,MEDIUM,MEDIUM,5,COST_BASED,COST_BASED,false,false
1,baseline,1,2031,0.029146376396448008,0.37933256946433686,NATURAL_GAS_BLOCK,PRIVATELY_RENTED,38313,0,7081,88924,94804,0.0,0.0,0.0,1468.9947365090081,0.0,MEDIUM,MEDIUM,MEDIUM,5,COST_BASED,COST_BASED,false,false
1,baseline,1,2032,0.03466055571469493,0.37933256946433686,NATURAL_GAS_BLOCK,PRIVATELY_RENTED,30876,0,7437,88924,95314,0.0,0.0,0.0,1465.5993243385021,0.0,MEDIUM,MEDIUM,MEDIUM,5,COST_BASED,COST_BASED,false,false
1,baseline,1,2033,0.04053279862503581,0.37933256946433686,NATURAL_GAS_BLOCK,PRIVATELY_RENTED,22610,0,8266,88924,94768,0.0,0.0,0.0,1457.3040477798413,0.0,MEDIUM,MEDIUM,MEDIUM,5,COST_BASED,COST_BASED,false,false
1,baseline,1,2034,0.04676310512747064,0.37933256946433686,NATURAL_GAS_BLOCK,PRIVATELY_RENTED,14667,0,7943,88924,92350,0.0,0.0,0.0,1475.867179209529,0.0,MEDIUM,MEDIUM,MEDIUM,5,COST_BASED,COST_BASED,false,false
1,baseline,1,2035,0.05327986250358063,0.37933256946433686,NATURAL_GAS_BLOCK,PRIVATELY_RENTED,6920,0,7747,88924,93134,0.0,0.0,0.0,1471.0496596302103,0.0,MEDIUM,MEDIUM,MEDIUM,5,COST_BASED,COST_BASED,false,false
1,baseline,1,2036,0.05993984531652822,0.37933256946433686,NATURAL_GAS_BLOCK,PRIVATELY_RENTED,0,0,6920,88924,89782,0.0,0.0,0.0,1490.6347040609476,0.0,MEDIUM,MEDIUM,MEDIUM,5,COST_BASED,COST_BASED,false,false
1,baseline,1,2037,0.06667144084789459,0.37933256946433686,NATURAL_GAS_BLOCK,PRIVATELY_RENTED,0,0,0,88924,9285,0.0,0.0,0.0,1407.5572428648356,0.0,MEDIUM,MEDIUM,MEDIUM,5,COST_BASED,COST_BASED,false,false
1,baseline,1,2038,0.07354626181609854,0.37933256946433686,NATURAL_GAS_BLOCK,PRIVATELY_RENTED,0,0,0,88924,9004,0.0,0.0,0.0,1398.5433140826299,0.0,MEDIUM,MEDIUM,MEDIUM,5,COST_BASED,COST_BASED,false,false
1,baseline,1,2039,0.08056430822114008,0.37933256946433686,NATURAL_GAS_BLOCK,PRIVATELY_RENTED,0,0,0,88924,8391,0.0,0.0,0.0,1407.497556906209,0.0,MEDIUM,MEDIUM,MEDIUM,5,COST_BASED,COST_BASED,false,false
1,baseline,1,2040,0.0876539673446004,0.37933256946433686,NATURAL_GAS_BLOCK,PRIVATELY_RENTED,0,0,0,88924,3874,0.0,0.0,0.0,1268.8236964377904,0.0,MEDIUM,MEDIUM,MEDIUM,5,COST_BASED,COST_BASED,false,false
1,baseline,1,2041,0.09481523918647952,0.37933256946433686,NATURAL_GAS_BLOCK,PRIVATELY_RENTED,0,0,0,88924,4276,0.0,0.0,0.0,1202.7427502338635,0.0,MEDIUM,MEDIUM,MEDIUM,5,COST_BASED,COST_BASED,false,false
1,baseline,1,2042,0.10197651102835864,0.37933256946433686,NATURAL_GAS_BLOCK,PRIVATELY_RENTED,0,0,0,88924,3302,0.0,0.0,0.0,1248.545427013931,0.0,MEDIUM,MEDIUM,MEDIUM,5,COST_BASED,COST_BASED,false,false
1,baseline,1,2043,0.10913778287023776,0.37933256946433686,NATURAL_GAS_BLOCK,PRIVATELY_RENTED,0,0,0,88924,3403,0.0,0.0,0.0,1245.161915956509,0.0,MEDIUM,MEDIUM,MEDIUM,5,COST_BASED,COST_BASED,false,false
1,baseline,1,2044,0.11629905471211688,0.37933256946433686,NATURAL_GAS_BLOCK,PRIVATELY_RENTED,0,0,0,88924,2538,0.0,0.0,0.0,1306.187549251379,0.0,MEDIUM,MEDIUM,MEDIUM,5,COST_BASED,COST_BASED,false,false
1,baseline,1,2045,0.12346032655399598,0.37933256946433686,NATURAL_GAS_BLOCK,PRIVATELY_RENTED,0,0,0,88924,2689,0.0,0.0,0.0,1241.0743770918557,0.0,MEDIUM,MEDIUM,MEDIUM,5,COST_BASED,COST_BASED,false,false
1,baseline,1,2046,0.13062159839587512,0.37933256946433686,NATURAL_GAS_BLOCK,PRIVATELY_RENTED,0,0,0,88924,3009,0.0,0.0,0.0,1249.7181787969425,0.0,MEDIUM,MEDIUM,MEDIUM,5,COST_BASED,COST_BASED,false,false
1,baseline,1,2047,0.13778287023775423,0.37933256946433686,NATURAL_GAS_BLOCK,PRIVATELY_RENTED,0,0,0,88924,3503,0.0,0.0,0.0,1206.834427633457,0.0,MEDIUM,MEDIUM,MEDIUM,5,COST_BASED,COST_BASED,false,false
1,baseline,1,2048,0.14494414207963335,0.37933256946433686,NATURAL_GAS_BLOCK,PRIVATELY_RENTED,0,0,0,88924,3409,0.0,0.0,0.0,1221.0730419477852,0.0,MEDIUM,MEDIUM,MEDIUM,5,COST_BASED,COST_BASED,false,false
1,baseline,1,2049,0.15210541392151247,0.37933256946433686,NATURAL_GAS_BLOCK,PRIVATELY_RENTED,0,0,0,88924,3316,0.0,0.0,0.0,1222.5226176115802,0.0,MEDIUM,MEDIUM,MEDIUM,5,COST_BASED,COST_BASED,false,false
1,baseline,1,2050,0.0,0.37933256946433686,NATURAL_GAS_BLOCK,PRIVATELY_RENTED,0,0,0,88924,3705,0.0,0.0,0.0,1168.2353576248313,0.0,MEDIUM,MEDIUM,MEDIUM,5,COST_BASED,COST_BASED,false,false
1,baseline,1,2024,0.0023632197078201087,0.0,DISTRICT_HEATING,TOTAL,572834,572834,0,572834,0,0.0,0.0,0.0,0.0,0.0,MEDIUM,MEDIUM,MEDIUM,5,COST_BASED,COST_BASED,false,false
1,baseline,1,2025,0.005012890289315382,0.07526496705814953,DISTRICT_HEATING,TOTAL,577528,20148,15454,592982,664664,0.7653089160421803,0.6060584996429461,0.07786507880902392,1850.6594158853195,0.7080273856027368,MEDIUM,MEDIUM,MEDIUM,5,COST_BASED,COST_BASED,false,false
1,baseline,1,2026,0.00794901174448582,0.07526496705814953,DISTRICT_HEATING,TOTAL,584209,24028,17347,617010,648136,0.7655930709789139,0.6076159951451653,0.08027812799280169,1856.536479998025,0.7099909589739164,MEDIUM,MEDIUM,MEDIUM,5,COST_BASED,COST_BASED,false,false
1,baseline,1,2027,0.011314809510169006,0.07526496705814953,DISTRICT_HEATING,TOTAL,585817,23534,21926,640544,675271,0.7655925746222723,0.6093206387124052,0.08501729268490321,1845.1214238431683,0.7119556528274028,MEDIUM,MEDIUM,MEDIUM,5,COST_BASED,COST_BASED,false,false
1,baseline,1,2028,0.014967058149527356,0.07526496705814953,DISTRICT_HEATING,TOTAL,587124,20493,19186,661037,661186,0.7659062262282395,0.6035233241881675,0.08753032602059256,1846.8415317323718,0.7028671389726433,MEDIUM,MEDIUM,MEDIUM,5,COST_BASED,COST_BASED,false,false
1,baseline,1,2029,0.019263821254654825,0.07526496705814953,DISTRICT_HEATING,TOTAL,584611,17857,20370,678894,653888,0.7658483741127734,0.6071094751468797,0.08825964021831385,1854.8578135705197,0.7081696641648464,MEDIUM,MEDIUM,MEDIUM,5,COST_BASED,COST_BASED,false,false
1,baseline,1,2030,0.023990260670295045,0.37933256946433686,DISTRICT_HEATING,TOTAL,592042,30510,23079,709404,665858,0.7655410908110819,0.6064897129367566,0.09173275770039531,1842.056504540007,0.7068827019898488,MEDIUM,MEDIUM,MEDIUM,5,COST_BASED,COST_BASED,false,false
1,baseline,1,2031,0.029146376396448008,0.37933256946433686,DISTRICT_HEATING,TOTAL,597968,28479,22553,737883,673852,0.7654677348442152,0.6077104852099547,0.09673214733165618,1843.2340098419238,0.7081072756874296,MEDIUM,MEDIUM,MEDIUM,5,COST_BASED,COST_BASED,false,false
1,baseline,1,2032,0.03466055571469493,0.37933256946433686,DISTRICT_HEATING,TOTAL,599455,23162,21675,761045,675057,0.7654616228694443,0.6076977354039808,0.09710113256000927,1836.613715582536,0.708043555818612,MEDIUM,MEDIUM,MEDIUM,5,COST_BASED,COST_BASED,false,false
1,baseline,1,2033,0.04053279862503581,0.37933256946433686,DISTRICT_HEATING,TOTAL,599081,21192,21566,782237,667821,0.7656057841493707,0.6107397844683956,0.10104108995253744,1834.6214824032188,0.7120780944212282,MEDIUM,MEDIUM,MEDIUM,5,COST_BASED,COST_BASED,false,false
1,baseline,1,2034,0.04676310512747064,0.37933256946433686,DISTRICT_HEATING,TOTAL,598560,18848,19369,801085,691930,0.7654719719562347,0.6101655669672305,0.1045290841822226,1814.7096642723975,0.7108142219390152,MEDIUM,MEDIUM,MEDIUM,5,COST_BASED,COST_BASED,false,false
1,baseline,1,2035,0.05327986250358063,0.37933256946433686,DISTRICT_HEATING,TOTAL,590128,15752,24184,816837,701498,0.7655647859797421,0.6121791284917747,0.10259188672459209,1798.513897402416,0.7140535104021303,MEDIUM,MEDIUM,MEDIUM,5,COST_BASED,COST_BASED,false,false
1,baseline,1,2036,0.05993984531652822,0.37933256946433686,DISTRICT_HEATING,TOTAL,583173,12722,19677,829559,642525,0.765634822185021,0.6090599113513124,0.10525283676305702,1854.0910034629003,0.7090245568853305,MEDIUM,MEDIUM,MEDIUM,5,COST_BASED,COST_BASED,false,false
1,baseline,1,2037,0.06667144084789459,0.37933256946433686,DISTRICT_HEATING,TOTAL,572047,8290,19416,837849,320941,0.8100984854131988,0.6164283464521131,0.10653826997185656,1823.5790503550497,0.7088006145783952,MEDIUM,MEDIUM,MEDIUM,5,COST_BASED,COST_BASED,false,false
1,baseline,1,2038,0.07354626181609854,0.37933256946433686,DISTRICT_HEATING,TOTAL,559391,6339,18995,844188,277317,0.8184070887687749,0.6148497932008055,0.0990013947366104,1855.931302444495,0.7052977432669226,MEDIUM,MEDIUM,MEDIUM,5,COST_BASED,COST_BASED,false,false
1,baseline,1,2039,0.08056430822114008,0.37933256946433686,DISTRICT_HEATING,TOTAL,547712,4953,16632,849141,226563,0.8299669211005211,0.61652194286474,0.09806595202192464,1860.9510555562913,0.7050329400192145,MEDIUM,MEDIUM,MEDIUM,5,COST_BASED,COST_BASED,false,false
1,baseline,1,2040,0.0876539673446004,0.37933256946433686,DISTRICT_HEATING,TOTAL,534334,5291,18669,854432,317994,0.7606049532911283,0.6055534021703927,0.08559905141693182,1991.362374761788,0.7074789835043627,MEDIUM,MEDIUM,MEDIUM,5,COST_BASED,COST_BASED,false,false
1,baseline,1,2041,0.09481523918647952,0.37933256946433686,DISTRICT_HEATING,TOTAL,516293,4608,22649,859040,326033,0.7546314614960639,0.6077297153438128,0.08462481826897006,1963.427266565041,0.7123586053580861,MEDIUM,MEDIUM,MEDIUM,5,COST_BASED,COST_BASED,false,false
1,baseline,1,2042,0.10197651102835864,0.37933256946433686,DISTRICT_HEATING,TOTAL,501460,2198,17031,861238,321370,0.7411464464233506,0.6031122800892336,0.07424765862948955,1987.2749758844946,0.7101008511993664,MEDIUM,MEDIUM,MEDIUM,5,COST_BASED,COST_BASED,false,false
1,baseline,1,2043,0.10913778287023776,0.37933256946433686,DISTRICT_HEATING,TOTAL,482613,1727,20574,862965,356262,0.7413403310778808,0.5963204674632377,0.07265053353387324,1984.174714114893,0.7000643017336401,MEDIUM,MEDIUM,MEDIUM,5,COST_BASED,COST_BASED,false,false
1,baseline,1,2044,0.11629905471211688,0.37933256946433686,DISTRICT_HEATING,TOTAL,467229,1814,17198,864779,367556,0.7399913475936861,0.5995480387433264,0.07203248285577182,1995.8212381242586,0.7053201608595996,MEDIUM,MEDIUM,MEDIUM,5,COST_BASED,COST_BASED,false,false
1,baseline,1,2045,0.12346032655399598,0.37933256946433686,DISTRICT_HEATING,TOTAL,452250,1667,16646,866446,389572,0.7446542351384232,0.5979603991238056,0.0640415322930749,1996.6410470978408,0.7027718483644386,MEDIUM,MEDIUM,MEDIUM,5,COST_BASED,COST_BASED,false,false
1,baseline,1,2046,0.13062159839587512,0.37933256946433686,DISTRICT_HEATING,TOTAL,436912,1868,17206,868314,411541,0.7474547695929398,0.6004990225033376,0.06482755709340388,1973.653132980675,0.7057813967201026,MEDIUM,MEDIUM,MEDIUM,5,COST_BASED,COST_BASED,false,false
1,baseline,1,2047,0.13778287023775423,0.37933256946433686,DISTRICT_HEATING,TOTAL,419095,2241,20058,870555,430789,0.7536106617886188,0.6022601243385897,0.06584121756832455,1956.099345619317,0.7067573688647052,MEDIUM,MEDIUM,MEDIUM,5,COST_BASED,COST_BASED,false,false
1,baseline,1,2048,0.14494414207963335,0.37933256946433686,DISTRICT_HEATING,TOTAL,407100,2087,14082,872642,435809,0.7569886731034823,0.6058663447526056,0.06523227024171614,1956.4397362147179,0.7113983150728644,MEDIUM,MEDIUM,MEDIUM,5,COST_BASED,COST_BASED,false,false
1,baseline,1,2049,0.15210541392151247,0.37933256946433686,DISTRICT_HEATING,TOTAL,387047,2295,22348,874937,476416,0.7594640706703584,0.603123378556234,0.06809232724938105,1896.9716319351155,0.7063075092605443,MEDIUM,MEDIUM,MEDIUM,5,COST_BASED,COST_BASED,false,false
1,baseline,1,2050,0.0,0.37933256946433686,DISTRICT_HEATING,TOTAL,371277,2433,18203,877370,478514,0.7608343499858711,0.6081982836743733,0.06611516765180246,1891.2735573044886,0.7138244420586013,MEDIUM,MEDIUM,MEDIUM,5,COST_BASED,COST_BASED,false,false
1,baseline,1,2024,0.0023632197078201087,0.0,DISTRICT_HEATING,PRIVATELY_OWNED,317317,317317,0,317317,0,0.0,0.0,0.0,0.0,0.0,MEDIUM,MEDIUM,MEDIUM,5,COST_BASED,COST_BASED,false,false
1,baseline,1,2025,0.005012890289315382,0.07526496705814953,DISTRICT_HEATING,PRIVATELY_OWNED,327099,20144,10362,337461,435285,0.7653089160421803,0.6060584996429461,0.07786507880902392,1985.4582216249123,0.7080273856027368,MEDIUM,MEDIUM,MEDIUM,5,COST_BASED,COST_BASED,false,false
1,baseline,1,2026,0.00794901174448582,0.07526496705814953,DISTRICT_HEATING,PRIVATELY_OWNED,341233,24024,9890,361485,433146,0.7655930709789139,0.6076159951451653,0.08027812799280169,1983.082828884487,0.7099909589739164,MEDIUM,MEDIUM,MEDIUM,5,COST_BASED,COST_BASED,false,false
1,baseline,1,2027,0.011314809510169006,0.07526496705814953,DISTRICT_HEATING,PRIVATELY_OWNED,352374,23528,12387,385013,439618,0.7655925746222723,0.6093206387124052,0.08501729268490321,1977.0983490211956,0.7119556528274028,MEDIUM,MEDIUM,MEDIUM,5,COST_BASED,COST_BASED,false,false
1,baseline,1,2028,0.014967058149527356,0.07526496705814953,DISTRICT_HEATING,PRIVATELY_OWNED,361212,20487,11649,405500,441939,0.7659062262282395,0.6035233241881675,0.08753032602059256,1972.1170727181805,0.7028671389726433,MEDIUM,MEDIUM,MEDIUM,5,COST_BASED,COST_BASED,false,false
1,baseline,1,2029,0.019263821254654825,0.07526496705814953,DISTRICT_HEATING,PRIVATELY_OWNED,367600,17848,11460,423348,443999,0.7658483741127734,0.6071094751468797,0.08825964021831385,1974.8098171392278,0.7081696641648464,MEDIUM,MEDIUM,MEDIUM,5,COST_BASED,COST_BASED,false,false
1,baseline,1,2030,0.023990260670295045,0.37933256946433686,DISTRICT_HEATING,PRIVATELY_OWNED,384668,30479,13411,453827,447381,0.7655410908110819,0.6064897129367566,0.09173275770039531,1967.9010284299065,0.7068827019898488,MEDIUM,MEDIUM,MEDIUM,5,COST_BASED,COST_BASED,false,false
1,baseline,1,2031,0.029146376396448008,0.37933256946433686,DISTRICT_HEATING,PRIVATELY_OWNED,398518,28458,14608,482285,455342,0.7654677348442152,0.6077104852099547,0.09673214733165618,1957.874643674425,0.7081072756874296,MEDIUM,MEDIUM,MEDIUM,5,COST_BASED,COST_BASED,false,false
1,baseline,1,2032,0.03466055571469493,0.37933256946433686,DISTRICT_HEATING,PRIVATELY_OWNED,409638,23124,12004,505409,450689,0.7654616228694443,0.6076977354039808,0.09710113256000927,1958.9138607776094,0.708043555818612,MEDIUM,MEDIUM,MEDIUM,5,COST_BASED,COST_BASED,false,false
1,baseline,1,2033,0.04053279862503581,0.37933256946433686,DISTRICT_HEATING,PRIVATELY_OWNED,418948,21115,11805,526524,453091,0.7656057841493707,0.6107397844683956,0.10104108995253744,1948.8420427684505,0.7120780944212282,MEDIUM,MEDIUM,MEDIUM,5,COST_BASED,COST_BASED,false,false
1,baseline,1,2034,0.04676310512747064,0.37933256946433686,DISTRICT_HEATING,PRIVATELY_OWNED,426301,18787,11434,545311,477625,0.7654719719562347,0.6101655669672305,0.1045290841822226,1905.481905260403,0.7108142219390152,MEDIUM,MEDIUM,MEDIUM,5,COST_BASED,COST_BASED,false,false
1,baseline,1,2035,0.05327986250358063,0.37933256946433686,DISTRICT_HEATING,PRIVATELY_OWNED,431512,15709,10498,561020,479302,0.7655647859797421,0.6121791284917747,0.10259188672459209,1896.2401200078448,0.7140535104021303,MEDIUM,MEDIUM,MEDIUM,5,COST_BASED,COST_BASED,false,false
1,baseline,1,2036,0.05993984531652822,0.37933256946433686,DISTRICT_HEATING,PRIVATELY_OWNED,433701,12700,10511,573720,431220,0.765634822185021,0.6090599113513124,0.10525283676305702,1973.6581420156765,0.7090245568853305,MEDIUM,MEDIUM,MEDIUM,5,COST_BASED,COST_BASED,false,false
1,baseline,1,2037,0.06667144084789459,0.37933256946433686,DISTRICT_HEATING,PRIVATELY_OWNED,431131,8287,10857,582007,306657,0.8100984854131988,0.6164283464521131,0.10653826997185656,1840.6922718216117,0.7088006145783952,MEDIUM,MEDIUM,MEDIUM,5,COST_BASED,COST_BASED,false,false
1,baseline,1,2038,0.07354626181609854,0.37933256946433686,DISTRICT_HEATING,PRIVATELY_OWNED,426864,6338,10605,588345,263497,0.8184070887687749,0.6148497932008055,0.0990013947366104,1874.2348072274067,0.7052977432669226,MEDIUM,MEDIUM,MEDIUM,5,COST_BASED,COST_BASED,false,false
1,baseline,1,2039,0.08056430822114008,0.37933256946433686,DISTRICT_HEATING,PRIVATELY_OWNED,422191,4952,9625,593297,214983,0.8299669211005211,0.61652194286474,0.09806595202192464,1877.7848527557992,0.7050329400192145,MEDIUM,MEDIUM,MEDIUM,5,COST_BASED,COST_BASED,false,false
1,baseline,1,2040,0.0876539673446004,0.37933256946433686,DISTRICT_HEATING,PRIVATELY_OWNED,418024,5289,9456,598586,308781,0.7606049532911283,0.6055534021703927,0.08559905141693182,2011.264847901911,0.7074789835043627,MEDIUM,MEDIUM,MEDIUM,5,COST_BASED,COST_BASED,false,false
1,baseline,1,2041,0.09481523918647952,0.37933256946433686,DISTRICT_HEATING,PRIVATELY_OWNED,413857,4601,8768,603187,312152,0.7546314614960639,0.6077297153438128,0.08462481826897006,1991.3174991670724,0.7123586053580861,MEDIUM,MEDIUM,MEDIUM,5,COST_BASED,COST_BASED,false,false
1,baseline,1,2042,0.10197651102835864,0.37933256946433686,DISTRICT_HEATING,PRIVATELY_OWNED,407828,2198,8227,605385,312566,0.7411464464233506,0.6031122800892336,0.07424765862948955,2005.443445544301,0.7101008511993664,MEDIUM,MEDIUM,MEDIUM,5,COST_BASED,COST_BASED,false,false
1,baseline,1,2043,0.10913778287023776,0.37933256946433686,DISTRICT_HEATING,PRIVATELY_OWNED,401658,1724,7894,607109,343582,0.7413403310778808,0.5963204674632377,0.07265053353387324,2011.3178804477534,0.7000643017336401,MEDIUM,MEDIUM,MEDIUM,5,COST_BASED,COST_BASED,false,false
1,baseline,1,2044,0.11629905471211688,0.37933256946433686,DISTRICT_HEATING,PRIVATELY_OWNED,396215,1813,7256,608922,357614,0.7399913475936861,0.5995480387433264,0.07203248285577182,2012.3944224778672,0.7053201608595996,MEDIUM,MEDIUM,MEDIUM,5,COST_BASED,COST_BASED,false,false
1,baseline,1,2045,0.12346032655399598,0.37933256946433686,DISTRICT_HEATING,PRIVATELY_OWNED,389834,1662,8043,610584,380969,0.7446542351384232,0.5979603991238056,0.0640415322930749,2013.134218269728,0.7027718483644386,MEDIUM,MEDIUM,MEDIUM,5,COST_BASED,COST_BASED,false,false
1,baseline,1,2046,0.13062159839587512,0.37933256946433686,DISTRICT_HEATING,PRIVATELY_OWNED,382933,1860,8761,612444,403096,0.7474547695929398,0.6004990225033376,0.06482755709340388,1986.3223971460893,0.7057813967201026,MEDIUM,MEDIUM,MEDIUM,5,COST_BASED,COST_BASED,false,false
1,baseline,1,2047,0.13778287023775423,0.37933256946433686,DISTRICT_HEATING,PRIVATELY_OWNED,374986,2234,10181,614678,420912,0.7536106617886188,0.6022601243385897,0.06584121756832455,1974.3157976013988,0.7067573688647052,MEDIUM,MEDIUM,MEDIUM,5,COST_BASED,COST_BASED,false,false
1,baseline,1,2048,0.14494414207963335,0.37933256946433686,DISTRICT_HEATING,PRIVATELY_OWNED,367579,2081,9488,616759,431215,0.7569886731034823,0.6058663447526056,0.06523227024171614,1962.9507368713982,0.7113983150728644,MEDIUM,MEDIUM,MEDIUM,5,COST_BASED,COST_BASED,false,false
1,baseline,1,2049,0.15210541392151247,0.37933256946433686,DISTRICT_HEATING,PRIVATELY_OWNED,359074,2293,10798,619052,464866,0.7594640706703584,0.603123378556234,0.06809232724938105,1913.8531899515128,0.7063075092605443,MEDIUM,MEDIUM,MEDIUM,5,COST_BASED,COST_BASED,false,false
1,baseline,1,2050,0.0,0.37933256946433686,DISTRICT_HEATING,PRIVATELY_OWNED,350798,2424,10700,621476,471011,0.7608343499858711,0.6081982836743733,0.06611516765180246,1899.537577678653,0.7138244420586013,MEDIUM,MEDIUM,MEDIUM,5,COST_BASED,COST_BASED,false,false
1,baseline,1,2024,0.0023632197078201087,0.0,DISTRICT_HEATING,SOCIAL_HOUSING,163911,163911,0,163911,0,0.0,0.0,0.0,0.0,0.0,MEDIUM,MEDIUM,MEDIUM,5,COST_BASED,COST_BASED,false,false
1,baseline,1,2025,0.005012890289315382,0.07526496705814953,DISTRICT_HEATING,SOCIAL_HOUSING,161264,0,2647,163911,133864,0.0,0.0,0.0,1566.4305414450487,0.0,MEDIUM,MEDIUM,MEDIUM,5,COST_BASED,COST_BASED,false,false
1,baseline,1,2026,0.00794901174448582,0.07526496705814953,DISTRICT_HEATING,SOCIAL_HOUSING,156139,0,5125,163911,120000,0.0,0.0,0.0,1568.2209916666666,0.0,MEDIUM,MEDIUM,MEDIUM,5,COST_BASED,COST_BASED,false,false
1,baseline,1,2027,0.011314809510169006,0.07526496705814953,DISTRICT_HEATING,SOCIAL_HOUSING,149207,0,6932,163911,142855,0.0,0.0,0.0,1569.8576038640579,0.0,MEDIUM,MEDIUM,MEDIUM,5,COST_BASED,COST_BASED,false,false
1,baseline,1,2028,0.014967058149527356,0.07526496705814953,DISTRICT_HEATING,SOCIAL_HOUSING,144190,0,5017,163911,123993,0.0,0.0,0.0,1561.7482277225326,0.0,MEDIUM,MEDIUM,MEDIUM,5,COST_BASED,COST_BASED,false,false
1,baseline,1,2029,0.019263821254654825,0.07526496705814953,DISTRICT_HEATING,SOCIAL_HOUSING,137802,0,6388,163911,116555,0.0,0.0,0.0,1563.1608596799795,0.0,MEDIUM,MEDIUM,MEDIUM,5,COST_BASED,COST_BASED,false,false
1,baseline,1,2030,0.023990260670295045,0.37933256946433686,DISTRICT_HEATING,SOCIAL_HOUSING,130981,0,6821,163911,123957,0.0,0.0,0.0,1539.7827553103093,0.0,MEDIUM,MEDIUM,MEDIUM,5,COST_BASED,COST_BASED,false,false
1,baseline,1,2031,0.029146376396448008,0.37933256946433686,DISTRICT_HEATING,SOCIAL_HOUSING,125843,0,5138,163911,123706,0.0,0.0,0.0,1580.3431523127415,0.0,MEDIUM,MEDIUM,MEDIUM,5,COST_BASED,COST_BASED,false,false
1,baseline,1,2032,0.03466055571469493,0.37933256946433686,DISTRICT_HEATING,SOCIAL_HOUSING,119233,0,6610,163911,129054,0.0,0.0,0.0,1561.3228416011902,0.0,MEDIUM,MEDIUM,MEDIUM,5,COST_BASED,COST_BASED,false,false
1,baseline,1,2033,0.04053279862503581,0.37933256946433686,DISTRICT_HEATING,SOCIAL_HOUSING,112359,0,6874,163911,119962,0.0,0.0,0.0,1571.8477601240393,0.0,MEDIUM,MEDIUM,MEDIUM,5,COST_BASED,COST_BASED,false,false
1,baseline,1,2034,0.04676310512747064,0.37933256946433686,DISTRICT_HEATING,SOCIAL_HOUSING,107366,0,4993,163911,121955,0.0,0.0,0.0,1590.26470419417,0.0,MEDIUM,MEDIUM,MEDIUM,5,COST_BASED,COST_BASED,false,false
1,baseline,1,2035,0.05327986250358063,0.37933256946433686,DISTRICT_HEATING,SOCIAL_HOUSING,97155,0,10211,163911,129062,0.0,0.0,0.0,1553.145170538191,0.0,MEDIUM,MEDIUM,MEDIUM,5,COST_BASED,COST_BASED,false,false
1,baseline,1,2036,0.05993984531652822,0.37933256946433686,DISTRICT_HEATING,SOCIAL_HOUSING,91513,0,5642,163911,121523,0.0,0.0,0.0,1575.1624136994642,0.0,MEDIUM,MEDIUM,MEDIUM,5,COST_BASED,COST_BASED,false,false
1,baseline,1,2037,0.06667144084789459,0.37933256946433686,DISTRICT_HEATING,SOCIAL_HOUSING,86554,0,4959,163911,4999,0.0,0.0,0.0,1257.5949189837968,0.0,MEDIUM,MEDIUM,MEDIUM,5,COST_BASED,COST_BASED,false,false
1,baseline,1,2038,0.07354626181609854,0.37933256946433686,DISTRICT_HEATING,SOCIAL_HOUSING,82115,0,4439,163911,4816,0.0,0.0,0.0,1423.1198089700997,0.0,MEDIUM,MEDIUM,MEDIUM,5,COST_BASED,COST_BASED,false,false
1,baseline,1,2039,0.08056430822114008,0.37933256946433686,DISTRICT_HEATING,SOCIAL_HOUSING,79127,0,2988,163911,3189,0.0,0.0,0.0,1512.6829727187205,0.0,MEDIUM,MEDIUM,MEDIUM,5,COST_BASED,COST_BASED,false,false
1,baseline,1,2040,0.0876539673446004,0.37933256946433686,DISTRICT_HEATING,SOCIAL_HOUSING,73788,0,5339,163911,5339,0.0,0.0,0.0,1266.3051133171007,0.0,MEDIUM,MEDIUM,MEDIUM,5,COST_BASED,COST_BASED,false,false
1,baseline,1,2041,0.09481523918647952,0.37933256946433686,DISTRICT_HEATING,SOCIAL_HOUSING,64183,0,9605,163911,9605,0.0,0.0,0.0,1339.3478396668402,0.0,MEDIUM,MEDIUM,MEDIUM,5,COST_BASED,COST_BASED,false,false
1,baseline,1,2042,0.10197651102835864,0.37933256946433686,DISTRICT_HEATING,SOCIAL_HOUSING,58681,0,5502,163911,5502,0.0,0.0,0.0,1319.1455834242095,0.0,MEDIUM,MEDIUM,MEDIUM,5,COST_BASED,COST_BASED,false,false
1,baseline,1,2043,0.10913778287023776,0.37933256946433686,DISTRICT_HEATING,SOCIAL_HOUSING,49404,0,9277,163911,9277,0.0,0.0,0.0,1201.6978549099924,0.0,MEDIUM,MEDIUM,MEDIUM,5,COST_BASED,COST_BASED,false,false
1,baseline,1,2044,0.11629905471211688,0.37933256946433686,DISTRICT_HEATING,SOCIAL_HOUSING,42000,0,7404,163911,7404,0.0,0.0,0.0,1383.913019989195,0.0,MEDIUM,MEDIUM,MEDIUM,5,COST_BASED,COST_BASED,false,false
1,baseline,1,2045,0.12346032655399598,0.37933256946433686,DISTRICT_HEATING,SOCIAL_HOUSING,36086,0,5914,163911,5914,0.0,0.0,0.0,1218.0082854244167,0.0,MEDIUM,MEDIUM,MEDIUM,5,COST_BASED,COST_BASED,false,false
1,baseline,1,2046,0.13062159839587512,0.37933256946433686,DISTRICT_HEATING,SOCIAL_HOUSING,30650,0,5436,163911,5436,0.0,0.0,0.0,1362.3568800588669,0.0,MEDIUM,MEDIUM,MEDIUM,5,COST_BASED,COST_BASED,false,false
1,baseline,1,2047,0.13778287023775423,0.37933256946433686,DISTRICT_HEATING,SOCIAL_HOUSING,24276,0,6374,163911,6374,0.0,0.0,0.0,1094.9744273611548,0.0,MEDIUM,MEDIUM,MEDIUM,5,COST_BASED,COST_BASED,false,false
1,baseline,1,2048,0.14494414207963335,0.37933256946433686,DISTRICT_HEATING,SOCIAL_HOUSING,23091,0,1185,163911,1185,0.0,0.0,0.0,1333.4303797468353,0.0,MEDIUM,MEDIUM,MEDIUM,5,COST_BASED,COST_BASED,false,false
1,baseline,1,2049,0.15210541392151247,0.37933256946433686,DISTRICT_HEATING,SOCIAL_HOUSING,14857,0,8234,163911,8234,0.0,0.0,0.0,1163.4647801797425,0.0,MEDIUM,MEDIUM,MEDIUM,5,COST_BASED,COST_BASED,false,false
1,baseline,1,2050,0.0,0.37933256946433686,DISTRICT_HEATING,SOCIAL_HOUSING,11059,0,3798,163911,3798,0.0,0.0,0.0,1452.8649289099526,0.0,MEDIUM,MEDIUM,MEDIUM,5,COST_BASED,COST_BASED,false,false
1,baseline,1,2024,0.0023632197078201087,0.0,DISTRICT_HEATING,PRIVATELY_RENTED,91606,91606,0,91606,0,0.0,0.0,0.0,0.0,0.0,MEDIUM,MEDIUM,MEDIUM,5,COST_BASED,COST_BASED,false,false
1,baseline,1,2025,0.005012890289315382,0.07526496705814953,DISTRICT_HEATING,PRIVATELY_RENTED,89165,4,2445,91610,95515,0.0,0.0,0.0,1634.6945505941476,0.0,MEDIUM,MEDIUM,MEDIUM,5,COST_BASED,COST_BASED,false,false
1,baseline,1,2026,0.00794901174448582,0.07526496705814953,DISTRICT_HEATING,PRIVATELY_RENTED,86837,4,2332,91614,94990,0.0,0.0,0.0,1643.7226444888936,0.0,MEDIUM,MEDIUM,MEDIUM,5,COST_BASED,COST_BASED,false,false
1,baseline,1,2027,0.011314809510169006,0.07526496705814953,DISTRICT_HEATING,PRIVATELY_RENTED,84236,6,2607,91620,92798,0.0,0.0,0.0,1643.6448953641243,0.0,MEDIUM,MEDIUM,MEDIUM,5,COST_BASED,COST_BASED,false,false
1,baseline,1,2028,0.014967058149527356,0.07526496705814953,DISTRICT_HEATING,PRIVATELY_RENTED,81722,6,2520,91626,95254,0.0,0.0,0.0,1636.7236021584395,0.0,MEDIUM,MEDIUM,MEDIUM,5,COST_BASED,COST_BASED,false,false
1,baseline,1,2029,0.019263821254654825,0.07526496705814953,DISTRICT_HEATING,PRIVATELY_RENTED,79209,9,2522,91635,93334,0.0,0.0,0.0,1648.503953543189,0.0,MEDIUM,MEDIUM,MEDIUM,5,COST_BASED,COST_BASED,false,false
1,baseline,1,2030,0.023990260670295045,0.37933256946433686,DISTRICT_HEATING,PRIVATELY_RENTED,76393,31,2847,91666,94520,0.0,0.0,0.0,1642.8235188319932,0.0,MEDIUM,MEDIUM,MEDIUM,5,COST_BASED,COST_BASED,false,false
1,baseline,1,2031,0.029146376396448008,0.37933256946433686,DISTRICT_HEATING,PRIVATELY_RENTED,73607,21,2807,91687,94804,0.0,0.0,0.0,1635.6529049407197,0.0,MEDIUM,MEDIUM,MEDIUM,5,COST_BASED,COST_BASED,false,false
1,baseline,1,2032,0.03466055571469493,0.37933256946433686,DISTRICT_HEATING,PRIVATELY_RENTED,70584,38,3061,91725,95314,0.0,0.0,0.0,1631.0621524644857,0.0,MEDIUM,MEDIUM,MEDIUM,5,COST_BASED,COST_BASED,false,false
1,baseline,1,2033,0.04053279862503581,0.37933256946433686,DISTRICT_HEATING,PRIVATELY_RENTED,67774,77,2887,91802,94768,0.0,0.0,0.0,1621.1586400472734,0.0,MEDIUM,MEDIUM,MEDIUM,5,COST_BASED,COST_BASED,false,false
1,baseline,1,2034,0.04676310512747064,0.37933256946433686,DISTRICT_HEATING,PRIVATELY_RENTED,64893,61,2942,91863,92350,0.0,0.0,0.0,1641.6408337845155,0.0,MEDIUM,MEDIUM,MEDIUM,5,COST_BASED,COST_BASED,false,false
1,baseline,1,2035,0.05327986250358063,0.37933256946433686,DISTRICT_HEATING,PRIVATELY_RENTED,61461,43,3475,91906,93134,0.0,0.0,0.0,1635.6024437906672,0.0,MEDIUM,MEDIUM,MEDIUM,5,COST_BASED,COST_BASED,false,false
1,baseline,1,2036,0.05993984531652822,0.37933256946433686,DISTRICT_HEATING,PRIVATELY_RENTED,57959,22,3524,91928,89782,0.0,0.0,0.0,1657.353322492259,0.0,MEDIUM,MEDIUM,MEDIUM,5,COST_BASED,COST_BASED,false,false
1,baseline,1,2037,0.06667144084789459,0.37933256946433686,DISTRICT_HEATING,PRIVATELY_RENTED,54362,3,3600,91931,9285,0.0,0.0,0.0,1563.1014539579967,0.0,MEDIUM,MEDIUM,MEDIUM,5,COST_BASED,COST_BASED,false,false
1,baseline,1,2038,0.07354626181609854,0.37933256946433686,DISTRICT_HEATING,PRIVATELY_RENTED,50412,1,3951,91932,9004,0.0,0.0,0.0,1551.7888716126165,0.0,MEDIUM,MEDIUM,MEDIUM,5,COST_BASED,COST_BASED,false,false
1,baseline,1,2039,0.08056430822114008,0.37933256946433686,DISTRICT_HEATING,PRIVATELY_RENTED,46394,1,4019,91933,8391,0.0,0.0,0.0,1562.0172804194972,0.0,MEDIUM,MEDIUM,MEDIUM,5,COST_BASED,COST_BASED,false,false
1,baseline,1,2040,0.0876539673446004,0.37933256946433686,DISTRICT_HEATING,PRIVATELY_RENTED,42522,2,3874,91935,3874,0.0,0.0,0.0,1404.2625193598349,0.0,MEDIUM,MEDIUM,MEDIUM,5,COST_BASED,COST_BASED,false,false
1,baseline,1,2041,0.09481523918647952,0.37933256946433686,DISTRICT_HEATING,PRIVATELY_RENTED,38253,7,4276,91942,4276,0.0,0.0,0.0,1329.257717492984,0.0,MEDIUM,MEDIUM,MEDIUM,5,COST_BASED,COST_BASED,false,false
1,baseline,1,2042,0.10197651102835864,0.37933256946433686,DISTRICT_HEATING,PRIVATELY_RENTED,34951,0,3302,91942,3302,0.0,0.0,0.0,1380.7341005451242,0.0,MEDIUM,MEDIUM,MEDIUM,5,COST_BASED,COST_BASED,false,false
1,baseline,1,2043,0.10913778287023776,0.37933256946433686,DISTRICT_HEATING,PRIVATELY_RENTED,31551,3,3403,91945,3403,0.0,0.0,0.0,1376.8089920658242,0.0,MEDIUM,MEDIUM,MEDIUM,5,COST_BASED,COST_BASED,false,false
1,baseline,1,2044,0.11629905471211688,0.37933256946433686,DISTRICT_HEATING,PRIVATELY_RENTED,29014,1,2538,91946,2538,0.0,0.0,0.0,1445.6895193065407,0.0,MEDIUM,MEDIUM,MEDIUM,5,COST_BASED,COST_BASED,false,false
1,baseline,1,2045,0.12346032655399598,0.37933256946433686,DISTRICT_HEATING,PRIVATELY_RENTED,26330,5,2689,91951,2689,0.0,0.0,0.0,1372.4116772034213,0.0,MEDIUM,MEDIUM,MEDIUM,5,COST_BASED,COST_BASED,false,false
1,baseline,1,2046,0.13062159839587512,0.37933256946433686,DISTRICT_HEATING,PRIVATELY_RENTED,23329,8,3009,91959,3009,0.0,0.0,0.0,1380.7906281156531,0.0,MEDIUM,MEDIUM,MEDIUM,5,COST_BASED,COST_BASED,false,false
1,baseline,1,2047,0.13778287023775423,0.37933256946433686,DISTRICT_HEATING,PRIVATELY_RENTED,19833,7,3503,91966,3503,0.0,0.0,0.0,1334.1430202683414,0.0,MEDIUM,MEDIUM,MEDIUM,5,COST_BASED,COST_BASED,false,false
1,baseline,1,2048,0.14494414207963335,0.37933256946433686,DISTRICT_HEATING,PRIVATELY_RENTED,16430,6,3409,91972,3409,0.0,0.0,0.0,1349.406864183045,0.0,MEDIUM,MEDIUM,MEDIUM,5,COST_BASED,COST_BASED,false,false
1,baseline,1,2049,0.15210541392151247,0.37933256946433686,DISTRICT_HEATING,PRIVATELY_RENTED,13116,2,3316,91974,3316,0.0,0.0,0.0,1351.7463811821472,0.0,MEDIUM,MEDIUM,MEDIUM,5,COST_BASED,COST_BASED,false,false
1,baseline,1,2050,0.0,0.37933256946433686,DISTRICT_HEATING,PRIVATELY_RENTED,9420,9,3705,91983,3705,0.0,0.0,0.0,1290.0944669365722,0.0,MEDIUM,MEDIUM,MEDIUM,5,COST_BASED,COST_BASED,false,false
1,baseline,1,2024,0.0023632197078201087,0.0,ELECTRIC_HEAT_PUMP,TOTAL,399584,399584,0,399584,0,0.0,0.0,0.0,0.0,0.0,MEDIUM,MEDIUM,MEDIUM,5,COST_BASED,COST_BASED,false,false
1,baseline,1,2025,0.005012890289315382,0.07526496705814953,ELECTRIC_HEAT_PUMP,TOTAL,500535,124357,23406,523941,664664,0.7148193615542766,0.5871875569550707,0.09931181937172165,2452.0078235017995,0.6772485402010842,MEDIUM,MEDIUM,MEDIUM,5,COST_BASED,COST_BASED,false,false
1,baseline,1,2026,0.00794901174448582,0.07526496705814953,ELECTRIC_HEAT_PUMP,TOTAL,625101,149244,24678,673185,648136,0.7142176335393917,0.5909349136223728,0.13787654161495685,2378.8833454707037,0.6733788266446659,MEDIUM,MEDIUM,MEDIUM,5,COST_BASED,COST_BASED,false,false
1,baseline,1,2027,0.011314809510169006,0.07526496705814953,ELECTRIC_HEAT_PUMP,TOTAL,779134,177499,23466,850684,675271,0.7143791171634042,0.603553169112952,0.1799635276589404,2315.4696233067907,0.6817440924638313,MEDIUM,MEDIUM,MEDIUM,5,COST_BASED,COST_BASED,false,false
1,baseline,1,2028,0.014967058149527356,0.07526496705814953,ELECTRIC_HEAT_PUMP,TOTAL,966125,210439,23448,1061123,661186,0.7139941680391747,0.6125146024882128,0.22991462401863144,2254.774384212612,0.6827947057179339,MEDIUM,MEDIUM,MEDIUM,5,COST_BASED,COST_BASED,false,false
1,baseline,1,2029,0.019263821254654825,0.07526496705814953,ELECTRIC_HEAT_PUMP,TOTAL,1170721,227469,22873,1288592,653888,0.7141082541129837,0.6264254622581104,0.2885829558649886,2218.3909446266025,0.6889653908926336,MEDIUM,MEDIUM,MEDIUM,5,COST_BASED,COST_BASED,false,false
1,baseline,1,2030,0.023990260670295045,0.37933256946433686,ELECTRIC_HEAT_PUMP,TOTAL,1382757,235603,23567,1524195,665858,0.7144174277138292,0.6368289757799269,0.3478163346470467,2152.883155267339,0.6896850230796963,MEDIUM,MEDIUM,MEDIUM,5,COST_BASED,COST_BASED,false,false
1,baseline,1,2031,0.029146376396448008,0.37933256946433686,ELECTRIC_HEAT_PUMP,TOTAL,1603743,246100,25114,1770295,673852,0.7144552188726256,0.6484538398728077,0.4053054020588263,2116.2397573947987,0.6927406045764513,MEDIUM,MEDIUM,MEDIUM,5,COST_BASED,COST_BASED,false,false
1,baseline,1,2032,0.03466055571469493,0.37933256946433686,ELECTRIC_HEAT_PUMP,TOTAL,1823841,246192,26094,2016487,675057,0.7145450412062739,0.6591837574725277,0.4589271119479937,2092.259789914037,0.6954075979202651,MEDIUM,MEDIUM,MEDIUM,5,COST_BASED,COST_BASED,false,false
1,baseline,1,2033,0.04053279862503581,0.37933256946433686,ELECTRIC_HEAT_PUMP,TOTAL,2044119,247285,27007,2263772,667821,0.7143034338373948,0.6668198739720665,0.5043574103989772,2047.6667520188794,0.695564599899101,MEDIUM,MEDIUM,MEDIUM,5,COST_BASED,COST_BASED,false,false
1,baseline,1,2034,0.04676310512747064,0.37933256946433686,ELECTRIC_HEAT_PUMP,TOTAL,2276242,261069,28946,2524841,691930,0.7143525663306373,0.6755395829925511,0.5429057516828524,1994.1615972714003,0.6989947949853845,MEDIUM,MEDIUM,MEDIUM,5,COST_BASED,COST_BASED,false,false
1,baseline,1,2035,0.05327986250358063,0.37933256946433686,ELECTRIC_HEAT_PUMP,TOTAL,2508662,262199,29779,2787040,701498,0.7143018271473024,0.6844162050418887,0.573949968531717,1956.6147145109467,0.7045613586430355,MEDIUM,MEDIUM,MEDIUM,5,COST_BASED,COST_BASED,false,false
1,baseline,1,2036,0.05993984531652822,0.37933256946433686,ELECTRIC_HEAT_PUMP,TOTAL,2712572,236290,32380,3023330,642525,0.7144737879057077,0.6834198736973889,0.5937571677447685,2000.0080308159215,0.69807207163356,MEDIUM,MEDIUM,MEDIUM,5,COST_BASED,COST_BASED,false,false
1,baseline,1,2037,0.06667144084789459,0.37933256946433686,ELECTRIC_HEAT_PUMP,TOTAL,2801425,125707,36854,3149037,320941,0.6598547515627095,0.6621694964547853,0.4877375405859001,1970.5269286255107,0.7063561716450298,MEDIUM,MEDIUM,MEDIUM,5,COST_BASED,COST_BASED,false,false
1,baseline,1,2038,0.07354626181609854,0.37933256946433686,ELECTRIC_HEAT_PUMP,TOTAL,2866861,97109,31673,3246146,277317,0.6472379270407537,0.6530558915557273,0.45725773513766216,1997.8478023345124,0.7034599217889993,MEDIUM,MEDIUM,MEDIUM,5,COST_BASED,COST_BASED,false,false
1,baseline,1,2039,0.08056430822114008,0.37933256946433686,ELECTRIC_HEAT_PUMP,TOTAL,2913859,67297,20299,3313443,226563,0.6297829727694702,0.6411788053865526,0.4114928872472042,2017.4645153886556,0.7014492430756606,MEDIUM,MEDIUM,MEDIUM,5,COST_BASED,COST_BASED,false,false
1,baseline,1,2040,0.0876539673446004,0.37933256946433686,ELECTRIC_HEAT_PUMP,TOTAL,2951199,161697,124357,3475140,317994,0.7123031692511864,0.7040243630530781,0.590216083390742,1932.3879318477707,0.7304067314191693,MEDIUM,MEDIUM,MEDIUM,5,COST_BASED,COST_BASED,false,false
1,baseline,1,2041,0.09481523918647952,0.37933256946433686,ELECTRIC_HEAT_PUMP,TOTAL,2974277,172322,149244,3647462,326033,0.7188976262626096,0.7128798599266307,0.6131622500309099,1864.3402999082914,0.7363048208165586,MEDIUM,MEDIUM,MEDIUM,5,COST_BASED,COST_BASED,false,false
1,baseline,1,2042,0.10197651102835864,0.37933256946433686,ELECTRIC_HEAT_PUMP,TOTAL,2988736,191958,177499,3839420,321370,0.7335827966265372,0.7324307256695587,0.6646244317383903,1813.7185020381492,0.7490942814131307,MEDIUM,MEDIUM,MEDIUM,5,COST_BASED,COST_BASED,false,false
1,baseline,1,2043,0.10913778287023776,0.37933256946433686,ELECTRIC_HEAT_PUMP,TOTAL,2995190,216893,210439,4056313,356262,0.7355010294264982,0.7383516144213488,0.6772448997435735,1781.7145415452671,0.7543409393394512,MEDIUM,MEDIUM,MEDIUM,5,COST_BASED,COST_BASED,false,false
1,baseline,1,2044,0.11629905471211688,0.37933256946433686,ELECTRIC_HEAT_PUMP,TOTAL,2998087,230366,227469,4286679,367556,0.7387843087405281,0.7417690471621653,0.6857893288769022,1756.174463211048,0.7565101613389923,MEDIUM,MEDIUM,MEDIUM,5,COST_BASED,COST_BASED,false,false
1,baseline,1,2045,0.12346032655399598,0.37933256946433686,ELECTRIC_HEAT_PUMP,TOTAL,3001793,239309,235603,4525988,389572,0.7353216107810364,0.7360030793631909,0.6707965308347472,1741.8391696528497,0.7524750836407885,MEDIUM,MEDIUM,MEDIUM,5,COST_BASED,COST_BASED,false,false
1,baseline,1,2046,0.13062159839587512,0.37933256946433686,ELECTRIC_HEAT_PUMP,TOTAL,3004441,248748,246100,4774736,411541,0.7329046881127448,0.7403961386181597,0.6594147046265522,1703.8412964929375,0.7625143597423926,MEDIUM,MEDIUM,MEDIUM,5,COST_BASED,COST_BASED,false,false
1,baseline,1,2047,0.13778287023775423,0.37933256946433686,ELECTRIC_HEAT_PUMP,TOTAL,3008176,249927,246192,5024663,430789,0.7267445344848845,0.7344666808138317,0.6377712353359214,1679.3912681150168,0.7605710787656156,MEDIUM,MEDIUM,MEDIUM,5,COST_BASED,COST_BASED,false,false
1,baseline,1,2048,0.14494414207963335,0.37933256946433686,ELECTRIC_HEAT_PUMP,TOTAL,3012473,251582,247285,5276245,435809,0.725022504988064,0.7326141293329101,0.6288036361031206,1665.5431278381125,0.7604646587267606,MEDIUM,MEDIUM,MEDIUM,5,COST_BASED,COST_BASED,false,false
1,baseline,1,2049,0.15210541392151247,0.37933256946433686,ELECTRIC_HEAT_PUMP,TOTAL,3017831,266427,261069,5542672,476416,0.7218008424097642,0.7317467202658218,0.6199614369285339,1602.3139231260075,0.7621795105641984,MEDIUM,MEDIUM,MEDIUM,5,COST_BASED,COST_BASED,false,false
1,baseline,1,2050,0.0,0.37933256946433686,ELECTRIC_HEAT_PUMP,TOTAL,3023232,267600,262199,5810272,478514,0.7206666658746793,0.7333384669264522,0.6156370574315594,1583.375017240875,0.7659317695630712,MEDIUM,MEDIUM,MEDIUM,5,COST_BASED,COST_BASED,false,false
1,baseline,1,2024,0.0023632197078201087,0.0,ELECTRIC_HEAT_PUMP,PRIVATELY_OWNED,328775,328775,0,328775,0,0.0,0.0,0.0,0.0,0.0,MEDIUM,MEDIUM,MEDIUM,5,COST_BASED,COST_BASED,false,false
1,baseline,1,2025,0.005012890289315382,0.07526496705814953,ELECTRIC_HEAT_PUMP,PRIVATELY_OWNED,434261,124357,18871,453132,435285,0.7148193615542766,0.5871875569550707,0.09931181937172165,2598.9856140229963,0.6772485402010842,MEDIUM,MEDIUM,MEDIUM,5,COST_BASED,COST_BASED,false,false
1,baseline,1,2026,0.00794901174448582,0.07526496705814953,ELECTRIC_HEAT_PUMP,PRIVATELY_OWNED,564424,149244,19081,602376,433146,0.7142176335393917,0.5909349136223728,0.13787654161495685,2537.2837057250904,0.6733788266446659,MEDIUM,MEDIUM,MEDIUM,5,COST_BASED,COST_BASED,false,false
1,baseline,1,2027,0.011314809510169006,0.07526496705814953,ELECTRIC_HEAT_PUMP,PRIVATELY_OWNED,723146,177499,18777,779875,439618,0.7143791171634042,0.603553169112952,0.1799635276589404,2468.0985218985575,0.6817440924638313,MEDIUM,MEDIUM,MEDIUM,5,COST_BASED,COST_BASED,false,false
1,baseline,1,2028,0.014967058149527356,0.07526496705814953,ELECTRIC_HEAT_PUMP,PRIVATELY_OWNED,914909,210439,18676,990314,441939,0.7139941680391747,0.6125146024882128,0.22991462401863144,2407.5149398446392,0.6827947057179339,MEDIUM,MEDIUM,MEDIUM,5,COST_BASED,COST_BASED,false,false
1,baseline,1,2029,0.019263821254654825,0.07526496705814953,ELECTRIC_HEAT_PUMP,PRIVATELY_OWNED,1123883,227469,18495,1217783,443999,0.7141082541129837,0.6264254622581104,0.2885829558649886,2359.080889821824,0.6889653908926336,MEDIUM,MEDIUM,MEDIUM,5,COST_BASED,COST_BASED,false,false
1,baseline,1,2030,0.023990260670295045,0.37933256946433686,ELECTRIC_HEAT_PUMP,PRIVATELY_OWNED,1340182,235603,19304,1453386,447381,0.7144174277138292,0.6368289757799269,0.3478163346470467,2305.0306673729997,0.6896850230796963,MEDIUM,MEDIUM,MEDIUM,5,COST_BASED,COST_BASED,false,false
1,baseline,1,2031,0.029146376396448008,0.37933256946433686,ELECTRIC_HEAT_PUMP,PRIVATELY_OWNED,1565746,246098,20534,1699484,455342,0.7144552188726256,0.6484538398728077,0.4053054020588263,2251.1571478141705,0.6927406045764513,MEDIUM,MEDIUM,MEDIUM,5,COST_BASED,COST_BASED,false,false
1,baseline,1,2032,0.03466055571469493,0.37933256946433686,ELECTRIC_HEAT_PUMP,PRIVATELY_OWNED,1790522,246191,21415,1945675,450689,0.7145450412062739,0.6591837574725277,0.4589271119479937,2218.2424288145485,0.6954075979202651,MEDIUM,MEDIUM,MEDIUM,5,COST_BASED,COST_BASED,false,false
1,baseline,1,2033,0.04053279862503581,0.37933256946433686,ELECTRIC_HEAT_PUMP,PRIVATELY_OWNED,2016115,247278,21685,2192953,453091,0.7143034338373948,0.6668198739720665,0.5043574103989772,2173.565987847916,0.695564599899101,MEDIUM,MEDIUM,MEDIUM,5,COST_BASED,COST_BASED,false,false
1,baseline,1,2034,0.04676310512747064,0.37933256946433686,ELECTRIC_HEAT_PUMP,PRIVATELY_OWNED,2253967,261064,23212,2454017,477625,0.7143525663306373,0.6755395829925511,0.5429057516828524,2095.9157728343366,0.6989947949853845,MEDIUM,MEDIUM,MEDIUM,5,COST_BASED,COST_BASED,false,false
1,baseline,1,2035,0.05327986250358063,0.37933256946433686,ELECTRIC_HEAT_PUMP,PRIVATELY_OWNED,2491906,262197,24258,2716214,479302,0.7143018271473024,0.6844162050418887,0.573949968531717,2057.9065244876924,0.7045613586430355,MEDIUM,MEDIUM,MEDIUM,5,COST_BASED,COST_BASED,false,false
1,baseline,1,2036,0.05993984531652822,0.37933256946433686,ELECTRIC_HEAT_PUMP,PRIVATELY_OWNED,2701157,236276,27025,2952490,431220,0.7144737879057077,0.6834198736973889,0.5937571677447685,2118.213403830991,0.69807207163356,MEDIUM,MEDIUM,MEDIUM,5,COST_BASED,COST_BASED,false,false
1,baseline,1,2037,0.06667144084789459,0.37933256946433686,ELECTRIC_HEAT_PUMP,PRIVATELY_OWNED,2794269,125705,32593,3078195,306657,0.6598547515627095,0.6621694964547853,0.4877375405859001,1996.4940340510734,0.7063561716450298,MEDIUM,MEDIUM,MEDIUM,5,COST_BASED,COST_BASED,false,false
1,baseline,1,2038,0.07354626181609854,0.37933256946433686,ELECTRIC_HEAT_PUMP,PRIVATELY_OWNED,2863734,97109,27644,3175304,263497,0.6472379270407537,0.6530558915557273,0.45725773513766216,2025.9101280090476,0.7034599217889993,MEDIUM,MEDIUM,MEDIUM,5,COST_BASED,COST_BASED,false,false
1,baseline,1,2039,0.08056430822114008,0.37933256946433686,ELECTRIC_HEAT_PUMP,PRIVATELY_OWNED,2913825,67296,17205,3242600,214983,0.6297829727694702,0.6411788053865526,0.4114928872472042,2046.5763153365615,0.7014492430756606,MEDIUM,MEDIUM,MEDIUM,5,COST_BASED,COST_BASED,false,false
1,baseline,1,2040,0.0876539673446004,0.37933256946433686,ELECTRIC_HEAT_PUMP,PRIVATELY_OWNED,2951164,161696,124357,3404296,308781,0.7123031692511864,0.7040243630530781,0.590216083390742,1950.5775290578113,0.7304067314191693,MEDIUM,MEDIUM,MEDIUM,5,COST_BASED,COST_BASED,false,false
1,baseline,1,2041,0.09481523918647952,0.37933256946433686,ELECTRIC_HEAT_PUMP,PRIVATELY_OWNED,2974242,172322,149244,3576618,312152,0.7188976262626096,0.7128798599266307,0.6131622500309099,1885.6843140521285,0.7363048208165586,MEDIUM,MEDIUM,MEDIUM,5,COST_BASED,COST_BASED,false,false
1,baseline,1,2042,0.10197651102835864,0.37933256946433686,ELECTRIC_HEAT_PUMP,PRIVATELY_OWNED,2988701,191958,177499,3768576,312566,0.7335827966265372,0.7324307256695587,0.6646244317383903,1827.5272902363022,0.7490942814131307,MEDIUM,MEDIUM,MEDIUM,5,COST_BASED,COST_BASED,false,false
1,baseline,1,2043,0.10913778287023776,0.37933256946433686,ELECTRIC_HEAT_PUMP,PRIVATELY_OWNED,2995155,216893,210439,3985469,343582,0.7355010294264982,0.7383516144213488,0.6772448997435735,1802.0551251229692,0.7543409393394512,MEDIUM,MEDIUM,MEDIUM,5,COST_BASED,COST_BASED,false,false
1,baseline,1,2044,0.11629905471211688,0.37933256946433686,ELECTRIC_HEAT_PUMP,PRIVATELY_OWNED,2998051,230365,227469,4215834,357614,0.7387843087405281,0.7417690471621653,0.6857893288769022,1772.0137214985991,0.7565101613389923,MEDIUM,MEDIUM,MEDIUM,5,COST_BASED,COST_BASED,false,false
1,baseline,1,2045,0.12346032655399598,0.37933256946433686,ELECTRIC_HEAT_PUMP,PRIVATELY_OWNED,3001757,239309,235603,4455143,380969,0.7353216107810364,0.7360030793631909,0.6707965308347472,1751.742317616394,0.7524750836407885,MEDIUM,MEDIUM,MEDIUM,5,COST_BASED,COST_BASED,false,false
1,baseline,1,2046,0.13062159839587512,0.37933256946433686,ELECTRIC_HEAT_PUMP,PRIVATELY_OWNED,3004405,248746,246098,4703889,403096,0.7329046881127448,0.7403961386181597,0.6594147046265522,1710.6423829559212,0.7625143597423926,MEDIUM,MEDIUM,MEDIUM,5,COST_BASED,COST_BASED,false,false
1,baseline,1,2047,0.13778287023775423,0.37933256946433686,ELECTRIC_HEAT_PUMP,PRIVATELY_OWNED,3008139,249925,246191,4953814,420912,0.7267445344848845,0.7344666808138317,0.6377712353359214,1690.4411896073289,0.7605710787656156,MEDIUM,MEDIUM,MEDIUM,5,COST_BASED,COST_BASED,false,false
1,baseline,1,2048,0.14494414207963335,0.37933256946433686,ELECTRIC_HEAT_PUMP,PRIVATELY_OWNED,3012436,251575,247278,5205389,431215,0.725022504988064,0.7326141293329101,0.6288036361031206,1669.4880651183284,0.7604646587267606,MEDIUM,MEDIUM,MEDIUM,5,COST_BASED,COST_BASED,false,false
1,baseline,1,2049,0.15210541392151247,0.37933256946433686,ELECTRIC_HEAT_PUMP,PRIVATELY_OWNED,3017794,266422,261064,5471811,464866,0.7218008424097642,0.7317467202658218,0.6199614369285339,1611.5359565982455,0.7621795105641984,MEDIUM,MEDIUM,MEDIUM,5,COST_BASED,COST_BASED,false,false
1,baseline,1,2050,0.0,0.37933256946433686,ELECTRIC_HEAT_PUMP,PRIVATELY_OWNED,3023195,267598,262197,5739409,471011,0.7206666658746793,0.7333384669264522,0.6156370574315594,1588.4180921464679,0.7659317695630712,MEDIUM,MEDIUM,MEDIUM,5,COST_BASED,COST_BASED,false,false
1,baseline,1,2024,0.0023632197078201087,0.0,ELECTRIC_HEAT_PUMP,SOCIAL_HOUSING,4621,4621,0,4621,0,0.0,0.0,0.0,0.0,0.0,MEDIUM,MEDIUM,MEDIUM,5,COST_BASED,COST_BASED,false,false
1,baseline,1,2025,0.005012890289315382,0.07526496705814953,ELECTRIC_HEAT_PUMP,SOCIAL_HOUSING,4429,0,192,4621,133864,0.0,0.0,0.0,2163.68259576884,0.0,MEDIUM,MEDIUM,MEDIUM,5,COST_BASED,COST_BASED,false,false
1,baseline,1,2026,0.00794901174448582,0.07526496705814953,ELECTRIC_HEAT_PUMP,SOCIAL_HOUSING,3374,0,1055,4621,120000,0.0,0.0,0.0,1992.5744083333334,0.0,MEDIUM,MEDIUM,MEDIUM,5,COST_BASED,COST_BASED,false,false
1,baseline,1,2027,0.011314809510169006,0.07526496705814953,ELECTRIC_HEAT_PUMP,SOCIAL_HOUSING,3177,0,197,4621,142855,0.0,0.0,0.0,1984.603955059326,0.0,MEDIUM,MEDIUM,MEDIUM,5,COST_BASED,COST_BASED,false,false
1,baseline,1,2028,0.014967058149527356,0.07526496705814953,ELECTRIC_HEAT_PUMP,SOCIAL_HOUSING,2889,0,288,4621,123993,0.0,0.0,0.0,1872.5182147379287,0.0,MEDIUM,MEDIUM,MEDIUM,5,COST_BASED,COST_BASED,false,false
1,baseline,1,2029,0.019263821254654825,0.07526496705814953,ELECTRIC_HEAT_PUMP,SOCIAL_HOUSING,2684,0,205,4621,116555,0.0,0.0,0.0,1846.229951525031,0.0,MEDIUM,MEDIUM,MEDIUM,5,COST_BASED,COST_BASED,false,false
1,baseline,1,2030,0.023990260670295045,0.37933256946433686,ELECTRIC_HEAT_PUMP,SOCIAL_HOUSING,2422,0,262,4621,123957,0.0,0.0,0.0,1745.2186887388368,0.0,MEDIUM,MEDIUM,MEDIUM,5,COST_BASED,COST_BASED,false,false
1,baseline,1,2031,0.029146376396448008,0.37933256946433686,ELECTRIC_HEAT_PUMP,SOCIAL_HOUSING,2185,0,237,4621,123706,0.0,0.0,0.0,1765.4426381905485,0.0,MEDIUM,MEDIUM,MEDIUM,5,COST_BASED,COST_BASED,false,false
1,baseline,1,2032,0.03466055571469493,0.37933256946433686,ELECTRIC_HEAT_PUMP,SOCIAL_HOUSING,1852,0,333,4621,129054,0.0,0.0,0.0,1805.6830861499836,0.0,MEDIUM,MEDIUM,MEDIUM,5,COST_BASED,COST_BASED,false,false
1,baseline,1,2033,0.04053279862503581,0.37933256946433686,ELECTRIC_HEAT_PUMP,SOCIAL_HOUSING,1273,0,579,4621,119962,0.0,0.0,0.0,1728.8707674096797,0.0,MEDIUM,MEDIUM,MEDIUM,5,COST_BASED,COST_BASED,false,false
1,baseline,1,2034,0.04676310512747064,0.37933256946433686,ELECTRIC_HEAT_PUMP,SOCIAL_HOUSING,655,0,618,4621,121955,0.0,0.0,0.0,1710.397859866344,0.0,MEDIUM,MEDIUM,MEDIUM,5,COST_BASED,COST_BASED,false,false
1,baseline,1,2035,0.05327986250358063,0.37933256946433686,ELECTRIC_HEAT_PUMP,SOCIAL_HOUSING,554,0,101,4621,129062,0.0,0.0,0.0,1686.806217166943,0.0,MEDIUM,MEDIUM,MEDIUM,5,COST_BASED,COST_BASED,false,false
1,baseline,1,2036,0.05993984531652822,0.37933256946433686,ELECTRIC_HEAT_PUMP,SOCIAL_HOUSING,448,0,106,4621,121523,0.0,0.0,0.0,1719.3363972252166,0.0,MEDIUM,MEDIUM,MEDIUM,5,COST_BASED,COST_BASED,false,false
1,baseline,1,2037,0.06667144084789459,0.37933256946433686,ELECTRIC_HEAT_PUMP,SOCIAL_HOUSING,443,0,5,4621,4999,0.0,0.0,0.0,1286.0458091618323,0.0,MEDIUM,MEDIUM,MEDIUM,5,COST_BASED,COST_BASED,false,false
1,baseline,1,2038,0.07354626181609854,0.37933256946433686,ELECTRIC_HEAT_PUMP,SOCIAL_HOUSING,93,0,350,4621,4816,0.0,0.0,0.0,1447.1951827242524,0.0,MEDIUM,MEDIUM,MEDIUM,5,COST_BASED,COST_BASED,false,false
1,baseline,1,2039,0.08056430822114008,0.37933256946433686,ELECTRIC_HEAT_PUMP,SOCIAL_HOUSING,0,0,93,4621,3189,0.0,0.0,0.0,1421.9940420194418,0.0,MEDIUM,MEDIUM,MEDIUM,5,COST_BASED,COST_BASED,false,false
1,baseline,1,2040,0.0876539673446004,0.37933256946433686,ELECTRIC_HEAT_PUMP,SOCIAL_HOUSING,0,0,0,4621,5339,0.0,0.0,0.0,1229.517512642817,0.0,MEDIUM,MEDIUM,MEDIUM,5,COST_BASED,COST_BASED,false,false
1,baseline,1,2041,0.09481523918647952,0.37933256946433686,ELECTRIC_HEAT_PUMP,SOCIAL_HOUSING,0,0,0,4621,9605,0.0,0.0,0.0,1384.2437272254035,0.0,MEDIUM,MEDIUM,MEDIUM,5,COST_BASED,COST_BASED,false,false
1,baseline,1,2042,0.10197651102835864,0.37933256946433686,ELECTRIC_HEAT_PUMP,SOCIAL_HOUSING,0,0,0,4621,5502,0.0,0.0,0.0,1264.6735732460922,0.0,MEDIUM,MEDIUM,MEDIUM,5,COST_BASED,COST_BASED,false,false
1,baseline,1,2043,0.10913778287023776,0.37933256946433686,ELECTRIC_HEAT_PUMP,SOCIAL_HOUSING,0,0,0,4621,9277,0.0,0.0,0.0,1167.70410693112,0.0,MEDIUM,MEDIUM,MEDIUM,5,COST_BASED,COST_BASED,false,false
1,baseline,1,2044,0.11629905471211688,0.37933256946433686,ELECTRIC_HEAT_PUMP,SOCIAL_HOUSING,0,0,0,4621,7404,0.0,0.0,0.0,1091.860345759049,0.0,MEDIUM,MEDIUM,MEDIUM,5,COST_BASED,COST_BASED,false,false
1,baseline,1,2045,0.12346032655399598,0.37933256946433686,ELECTRIC_HEAT_PUMP,SOCIAL_HOUSING,0,0,0,4621,5914,0.0,0.0,0.0,1265.8314169766657,0.0,MEDIUM,MEDIUM,MEDIUM,5,COST_BASED,COST_BASED,false,false
1,baseline,1,2046,0.13062159839587512,0.37933256946433686,ELECTRIC_HEAT_PUMP,SOCIAL_HOUSING,0,0,0,4621,5436,0.0,0.0,0.0,1376.4766372332597,0.0,MEDIUM,MEDIUM,MEDIUM,5,COST_BASED,COST_BASED,false,false
1,baseline,1,2047,0.13778287023775423,0.37933256946433686,ELECTRIC_HEAT_PUMP,SOCIAL_HOUSING,0,0,0,4621,6374,0.0,0.0,0.0,1132.6542202698463,0.0,MEDIUM,MEDIUM,MEDIUM,5,COST_BASED,COST_BASED,false,false
1,baseline,1,2048,0.14494414207963335,0.37933256946433686,ELECTRIC_HEAT_PUMP,SOCIAL_HOUSING,0,0,0,4621,1185,0.0,0.0,0.0,1176.8050632911393,0.0,MEDIUM,MEDIUM,MEDIUM,5,COST_BASED,COST_BASED,false,false
1,baseline,1,2049,0.15210541392151247,0.37933256946433686,ELECTRIC_HEAT_PUMP,SOCIAL_HOUSING,0,0,0,4621,8234,0.0,0.0,0.0,1189.6355355841633,0.0,MEDIUM,MEDIUM,MEDIUM,5,COST_BASED,COST_BASED,false,false
1,baseline,1,2050,0.0,0.37933256946433686,ELECTRIC_HEAT_PUMP,SOCIAL_HOUSING,0,0,0,4621,3798,0.0,0.0,0.0,1260.7717219589258,0.0,MEDIUM,MEDIUM,MEDIUM,5,COST_BASED,COST_BASED,false,false
1,baseline,1,2024,0.0023632197078201087,0.0,ELECTRIC_HEAT_PUMP,PRIVATELY_RENTED,66188,66188,0,66188,0,0.0,0.0,0.0,0.0,0.0,MEDIUM,MEDIUM,MEDIUM,5,COST_BASED,COST_BASED,false,false
1,baseline,1,2025,0.005012890289315382,0.07526496705814953,ELECTRIC_HEAT_PUMP,PRIVATELY_RENTED,61845,0,4343,66188,95515,0.0,0.0,0.0,2186.2814008270952,0.0,MEDIUM,MEDIUM,MEDIUM,5,COST_BASED,COST_BASED,false,false
1,baseline,1,2026,0.00794901174448582,0.07526496705814953,ELECTRIC_HEAT_PUMP,PRIVATELY_RENTED,57303,0,4542,66188,94990,0.0,0.0,0.0,2144.612264448889,0.0,MEDIUM,MEDIUM,MEDIUM,5,COST_BASED,COST_BASED,false,false
1,baseline,1,2027,0.011314809510169006,0.07526496705814953,ELECTRIC_HEAT_PUMP,PRIVATELY_RENTED,52811,0,4492,66188,92798,0.0,0.0,0.0,2101.7516972348544,0.0,MEDIUM,MEDIUM,MEDIUM,5,COST_BASED,COST_BASED,false,false
1,baseline,1,2028,0.014967058149527356,0.07526496705814953,ELECTRIC_HEAT_PUMP,PRIVATELY_RENTED,48327,0,4484,66188,95254,0.0,0.0,0.0,2043.707980767212,0.0,MEDIUM,MEDIUM,MEDIUM,5,COST_BASED,COST_BASED,false,false
1,baseline,1,2029,0.019263821254654825,0.07526496705814953,ELECTRIC_HEAT_PUMP,PRIVATELY_RENTED,44154,0,4173,66188,93334,0.0,0.0,0.0,2013.8677223734117,0.0,MEDIUM,MEDIUM,MEDIUM,5,COST_BASED,COST_BASED,false,false
1,baseline,1,2030,0.023990260670295045,0.37933256946433686,ELECTRIC_HEAT_PUMP,PRIVATELY_RENTED,40153,0,4001,66188,94520,0.0,0.0,0.0,1967.3664198053323,0.0,MEDIUM,MEDIUM,MEDIUM,5,COST_BASED,COST_BASED,false,false
1,baseline,1,2031,0.029146376396448008,0.37933256946433686,ELECTRIC_HEAT_PUMP,PRIVATELY_RENTED,35812,2,4343,66190,94804,0.0,0.0,0.0,1925.9751487279018,0.0,MEDIUM,MEDIUM,MEDIUM,5,COST_BASED,COST_BASED,false,false
1,baseline,1,2032,0.03466055571469493,0.37933256946433686,ELECTRIC_HEAT_PUMP,PRIVATELY_RENTED,31467,1,4346,66191,95314,0.0,0.0,0.0,1884.5765574836855,0.0,MEDIUM,MEDIUM,MEDIUM,5,COST_BASED,COST_BASED,false,false
1,baseline,1,2033,0.04053279862503581,0.37933256946433686,ELECTRIC_HEAT_PUMP,PRIVATELY_RENTED,26731,7,4743,66198,94768,0.0,0.0,0.0,1849.28326017221,0.0,MEDIUM,MEDIUM,MEDIUM,5,COST_BASED,COST_BASED,false,false
1,baseline,1,2034,0.04676310512747064,0.37933256946433686,ELECTRIC_HEAT_PUMP,PRIVATELY_RENTED,21620,5,5116,66203,92350,0.0,0.0,0.0,1842.630124526259,0.0,MEDIUM,MEDIUM,MEDIUM,5,COST_BASED,COST_BASED,false,false
1,baseline,1,2035,0.05327986250358063,0.37933256946433686,ELECTRIC_HEAT_PUMP,PRIVATELY_RENTED,16202,2,5420,66205,93134,0.0,0.0,0.0,1809.2212511005648,0.0,MEDIUM,MEDIUM,MEDIUM,5,COST_BASED,COST_BASED,false,false
1,baseline,1,2036,0.05993984531652822,0.37933256946433686,ELECTRIC_HEAT_PUMP,PRIVATELY_RENTED,10967,14,5249,66219,89782,0.0,0.0,0.0,1812.1701343253658,0.0,MEDIUM,MEDIUM,MEDIUM,5,COST_BASED,COST_BASED,false,false
1,baseline,1,2037,0.06667144084789459,0.37933256946433686,ELECTRIC_HEAT_PUMP,PRIVATELY_RENTED,6713,2,4256,66221,9285,0.0,0.0,0.0,1481.4290791599353,0.0,MEDIUM,MEDIUM,MEDIUM,5,COST_BASED,COST_BASED,false,false
1,baseline,1,2038,0.07354626181609854,0.37933256946433686,ELECTRIC_HEAT_PUMP,PRIVATELY_RENTED,3034,0,3679,66221,9004,0.0,0.0,0.0,1471.1490448689472,0.0,MEDIUM,MEDIUM,MEDIUM,5,COST_BASED,COST_BASED,false,false
1,baseline,1,2039,0.08056430822114008,0.37933256946433686,ELECTRIC_HEAT_PUMP,PRIVATELY_RENTED,34,1,3001,66222,8391,0.0,0.0,0.0,1497.909426766774,0.0,MEDIUM,MEDIUM,MEDIUM,5,COST_BASED,COST_BASED,false,false
1,baseline,1,2040,0.0876539673446004,0.37933256946433686,ELECTRIC_HEAT_PUMP,PRIVATELY_RENTED,35,1,0,66223,3874,0.0,0.0,0.0,1451.2374806401651,0.0,MEDIUM,MEDIUM,MEDIUM,5,COST_BASED,COST_BASED,false,false
1,baseline,1,2041,0.09481523918647952,0.37933256946433686,ELECTRIC_HEAT_PUMP,PRIVATELY_RENTED,35,0,0,66223,4276,0.0,0.0,0.0,1384.6281571562208,0.0,MEDIUM,MEDIUM,MEDIUM,5,COST_BASED,COST_BASED,false,false
1,baseline,1,2042,0.10197651102835864,0.37933256946433686,ELECTRIC_HEAT_PUMP,PRIVATELY_RENTED,35,0,0,66223,3302,0.0,0.0,0.0,1421.4373107207753,0.0,MEDIUM,MEDIUM,MEDIUM,5,COST_BASED,COST_BASED,false,false
1,baseline,1,2043,0.10913778287023776,0.37933256946433686,ELECTRIC_HEAT_PUMP,PRIVATELY_RENTED,35,0,0,66223,3403,0.0,0.0,0.0,1401.9074346165148,0.0,MEDIUM,MEDIUM,MEDIUM,5,COST_BASED,COST_BASED,false,false
1,baseline,1,2044,0.11629905471211688,0.37933256946433686,ELECTRIC_HEAT_PUMP,PRIVATELY_RENTED,36,1,0,66224,2538,0.0,0.0,0.0,1462.3372734436564,0.0,MEDIUM,MEDIUM,MEDIUM,5,COST_BASED,COST_BASED,false,false
1,baseline,1,2045,0.12346032655399598,0.37933256946433686,ELECTRIC_HEAT_PUMP,PRIVATELY_RENTED,36,0,0,66224,2689,0.0,0.0,0.0,1385.6909631833396,0.0,MEDIUM,MEDIUM,MEDIUM,5,COST_BASED,COST_BASED,false,false
1,baseline,1,2046,0.13062159839587512,0.37933256946433686,ELECTRIC_HEAT_PUMP,PRIVATELY_RENTED,36,2,2,66226,3009,0.0,0.0,0.0,1384.1548687271518,0.0,MEDIUM,MEDIUM,MEDIUM,5,COST_BASED,COST_BASED,false,false
1,baseline,1,2047,0.13778287023775423,0.37933256946433686,ELECTRIC_HEAT_PUMP,PRIVATELY_RENTED,37,2,1,66228,3503,0.0,0.0,0.0,1346.4930059948615,0.0,MEDIUM,MEDIUM,MEDIUM,5,COST_BASED,COST_BASED,false,false
1,baseline,1,2048,0.14494414207963335,0.37933256946433686,ELECTRIC_HEAT_PUMP,PRIVATELY_RENTED,37,7,7,66235,3409,0.0,0.0,0.0,1336.4256380170139,0.0,MEDIUM,MEDIUM,MEDIUM,5,COST_BASED,COST_BASED,false,false
1,baseline,1,2049,0.15210541392151247,0.37933256946433686,ELECTRIC_HEAT_PUMP,PRIVATELY_RENTED,37,5,5,66240,3316,0.0,0.0,0.0,1334.2150180940894,0.0,MEDIUM,MEDIUM,MEDIUM,5,COST_BASED,COST_BASED,false,false
1,baseline,1,2050,0.0,0.37933256946433686,ELECTRIC_HEAT_PUMP,PRIVATELY_RENTED,37,2,2,66242,3705,0.0,0.0,0.0,1272.957624831309,0.0,MEDIUM,MEDIUM,MEDIUM,5,COST_BASED,COST_BASED,false,false
1,baseline,1,2024,0.0023632197078201087,0.0,HYBRID_HEAT_PUMP,TOTAL,156177,156177,0,156177,0,0.0,0.0,0.0,0.0,0.0,MEDIUM,MEDIUM,MEDIUM,5,COST_BASED,COST_BASED,false,false
1,baseline,1,2025,0.005012890289315382,0.07526496705814953,HYBRID_HEAT_PUMP,TOTAL,194684,48700,10193,204877,664664,0.7653089160421803,0.5983843702583503,0.038565877553589735,1844.886085300242,0.6966078569885564,MEDIUM,MEDIUM,MEDIUM,5,COST_BASED,COST_BASED,false,false
1,baseline,1,2026,0.00794901174448582,0.07526496705814953,HYBRID_HEAT_PUMP,TOTAL,243671,59469,10482,264346,648136,0.7655930709789139,0.5956392145451417,0.04798472583861406,1811.3615059185108,0.690064372613305,MEDIUM,MEDIUM,MEDIUM,5,COST_BASED,COST_BASED,false,false
1,baseline,1,2027,0.011314809510169006,0.07526496705814953,HYBRID_HEAT_PUMP,TOTAL,310055,76740,10356,341086,675271,0.7655925746222723,0.6024210707742116,0.05940862767274105,1778.0341892366175,0.6973813055875139,MEDIUM,MEDIUM,MEDIUM,5,COST_BASED,COST_BASED,false,false
1,baseline,1,2028,0.014967058149527356,0.07526496705814953,HYBRID_HEAT_PUMP,TOTAL,394776,94752,10031,435838,661186,0.7659062262282395,0.6006372572797208,0.0751394973448122,1753.8628177245132,0.6906944550263049,MEDIUM,MEDIUM,MEDIUM,5,COST_BASED,COST_BASED,false,false
1,baseline,1,2029,0.019263821254654825,0.07526496705814953,HYBRID_HEAT_PUMP,TOTAL,497424,113291,10643,549129,653888,0.7658483741127734,0.6081596440994997,0.09553668319407933,1738.3798096921796,0.6968932018224936,MEDIUM,MEDIUM,MEDIUM,5,COST_BASED,COST_BASED,false,false
1,baseline,1,2030,0.023990260670295045,0.37933256946433686,HYBRID_HEAT_PUMP,TOTAL,627921,140566,10069,689695,665858,0.7655410908110819,0.6161250804607706,0.12107942218324937,1705.2741290184995,0.702532492442598,MEDIUM,MEDIUM,MEDIUM,5,COST_BASED,COST_BASED,false,false
1,baseline,1,2031,0.029146376396448008,0.37933256946433686,HYBRID_HEAT_PUMP,TOTAL,776705,159282,10498,848977,673852,0.7654677348442152,0.6196285427841868,0.15329289757729017,1688.3542187305225,0.6997526560708398,MEDIUM,MEDIUM,MEDIUM,5,COST_BASED,COST_BASED,false,false
1,baseline,1,2032,0.03466055571469493,0.37933256946433686,HYBRID_HEAT_PUMP,TOTAL,946699,180344,10350,1029321,675057,0.7654616228694443,0.6272213106515425,0.1905821050062635,1669.8930386619204,0.7018210340083905,MEDIUM,MEDIUM,MEDIUM,5,COST_BASED,COST_BASED,false,false
1,baseline,1,2033,0.04053279862503581,0.37933256946433686,HYBRID_HEAT_PUMP,TOTAL,1132009,196051,10741,1225372,667821,0.7656057841493707,0.637291644834687,0.2319263734661584,1642.6733076677733,0.7065544278481558,MEDIUM,MEDIUM,MEDIUM,5,COST_BASED,COST_BASED,false,false
1,baseline,1,2034,0.04676310512747064,0.37933256946433686,HYBRID_HEAT_PUMP,TOTAL,1338043,216696,10662,1442068,691930,0.7654719719562347,0.6470328276947498,0.2752432044966317,1614.249376382004,0.7103704474289391,MEDIUM,MEDIUM,MEDIUM,5,COST_BASED,COST_BASED,false,false
1,baseline,1,2035,0.05327986250358063,0.37933256946433686,HYBRID_HEAT_PUMP,TOTAL,1552344,224790,10489,1666858,701498,0.7655647859797421,0.6551088392290981,0.3235487760796621,1587.9842223356304,0.7103848683288398,MEDIUM,MEDIUM,MEDIUM,5,COST_BASED,COST_BASED,false,false
1,baseline,1,2036,0.05993984531652822,0.37933256946433686,HYBRID_HEAT_PUMP,TOTAL,1752355,210660,10649,1877518,642525,0.765634822185021,0.663815769796864,0.361142711669261,1615.5704322788997,0.714029271231534,MEDIUM,MEDIUM,MEDIUM,5,COST_BASED,COST_BASED,false,false
1,baseline,1,2037,0.06667144084789459,0.37933256946433686,HYBRID_HEAT_PUMP,TOTAL,1905718,164216,10853,2041734,320941,0.8100984854131988,0.6922461702006395,0.4765159714899605,1578.8027051701092,0.7167156410752179,MEDIUM,MEDIUM,MEDIUM,5,COST_BASED,COST_BASED,false,false
1,baseline,1,2038,0.07354626181609854,0.37933256946433686,HYBRID_HEAT_PUMP,TOTAL,2046778,151767,10707,2193501,277317,0.8184070887687749,0.7005914165601272,0.5320560271258951,1600.183944727514,0.7132713458665397,MEDIUM,MEDIUM,MEDIUM,5,COST_BASED,COST_BASED,false,false
1,baseline,1,2039,0.08056430822114008,0.37933256946433686,HYBRID_HEAT_PUMP,TOTAL,2171658,134334,9454,2327835,226563,0.8299669211005211,0.71086335569717,0.5931010828662145,1614.743426773127,0.7105280325540887,MEDIUM,MEDIUM,MEDIUM,5,COST_BASED,COST_BASED,false,false
1,baseline,1,2040,0.0876539673446004,0.37933256946433686,HYBRID_HEAT_PUMP,TOTAL,2263630,140672,48700,2468507,317994,0.7606049532911283,0.6871149858090965,0.4559363561912366,1567.7441995760926,0.726537151343034,MEDIUM,MEDIUM,MEDIUM,5,COST_BASED,COST_BASED,false,false
1,baseline,1,2041,0.09481523918647952,0.37933256946433686,HYBRID_HEAT_PUMP,TOTAL,2342341,138180,59469,2606687,326033,0.7546314614960639,0.6882693426350233,0.4396782742063646,1514.8505212662521,0.733826580027007,MEDIUM,MEDIUM,MEDIUM,5,COST_BASED,COST_BASED,false,false
1,baseline,1,2042,0.10197651102835864,0.37933256946433686,HYBRID_HEAT_PUMP,TOTAL,2389915,124314,76740,2731001,321370,0.7411464464233506,0.6828609671286631,0.394233691797882,1480.746065283007,0.7404464161377925,MEDIUM,MEDIUM,MEDIUM,5,COST_BASED,COST_BASED,false,false
1,baseline,1,2043,0.10913778287023776,0.37933256946433686,HYBRID_HEAT_PUMP,TOTAL,2430345,135182,94752,2866183,356262,0.7413403310778808,0.6835297253272121,0.38362250546490245,1455.5079688543824,0.7440538788550817,MEDIUM,MEDIUM,MEDIUM,5,COST_BASED,COST_BASED,false,false
1,baseline,1,2044,0.11629905471211688,0.37933256946433686,HYBRID_HEAT_PUMP,TOTAL,2455641,138587,113291,3004770,367556,0.7399913475936861,0.6825375535549371,0.37465447456850803,1435.958613109295,0.7451448747918925,MEDIUM,MEDIUM,MEDIUM,5,COST_BASED,COST_BASED,false,false
1,baseline,1,2045,0.12346032655399598,0.37933256946433686,HYBRID_HEAT_PUMP,TOTAL,2472187,157112,140566,3161882,389572,0.7446542351384232,0.6925366833093919,0.3946137968526155,1427.2829181768711,0.7539880169662098,MEDIUM,MEDIUM,MEDIUM,5,COST_BASED,COST_BASED,false,false
1,baseline,1,2046,0.13062159839587512,0.37933256946433686,HYBRID_HEAT_PUMP,TOTAL,2485163,172258,159282,3334140,411541,0.7474547695929398,0.6950491529326028,0.4043034229245814,1402.4584597889395,0.7546341812695545,MEDIUM,MEDIUM,MEDIUM,5,COST_BASED,COST_BASED,false,false
1,baseline,1,2047,0.13778287023775423,0.37933256946433686,HYBRID_HEAT_PUMP,TOTAL,2496828,192009,180344,3526149,430789,0.7536106617886188,0.7032898515757093,0.4249950590614823,1384.9594720385153,0.7602833471510537,MEDIUM,MEDIUM,MEDIUM,5,COST_BASED,COST_BASED,false,false
1,baseline,1,2048,0.14494414207963335,0.37933256946433686,HYBRID_HEAT_PUMP,TOTAL,2505938,205161,196051,3731310,435809,0.7569886731034823,0.7058273383720949,0.43755816578890816,1375.710703542148,0.7601042978351039,MEDIUM,MEDIUM,MEDIUM,5,COST_BASED,COST_BASED,false,false
1,baseline,1,2049,0.15210541392151247,0.37933256946433686,HYBRID_HEAT_PUMP,TOTAL,2515753,226511,216696,3957821,476416,0.7594640706703584,0.7064363466110705,0.4432713150374266,1332.5819032106394,0.7589706734895895,MEDIUM,MEDIUM,MEDIUM,5,COST_BASED,COST_BASED,false,false
1,baseline,1,2050,0.0,0.37933256946433686,HYBRID_HEAT_PUMP,TOTAL,2525003,234040,224790,4191861,478514,0.7608343499858711,0.7070554117719596,0.4470435120036983,1320.2157199162407,0.7586136521603739,MEDIUM,MEDIUM,MEDIUM,5,COST_BASED,COST_BASED,false,false
1,baseline,1,2024,0.0023632197078201087,0.0,HYBRID_HEAT_PUMP,PRIVATELY_OWNED,132016,132016,0,132016,0,0.0,0.0,0.0,0.0,0.0,MEDIUM,MEDIUM,MEDIUM,5,COST_BASED,COST_BASED,false,false
1,baseline,1,2025,0.005012890289315382,0.07526496705814953,HYBRID_HEAT_PUMP,PRIVATELY_OWNED,160399,36966,8583,168982,435285,0.7653089160421803,0.5983843702583503,0.038565877553589735,1952.8403436828744,0.6966078569885564,MEDIUM,MEDIUM,MEDIUM,5,COST_BASED,COST_BASED,false,false
1,baseline,1,2026,0.00794901174448582,0.07526496705814953,HYBRID_HEAT_PUMP,PRIVATELY_OWNED,195675,43936,8660,212918,433146,0.7655930709789139,0.5956392145451417,0.04798472583861406,1923.9517091234827,0.690064372613305,MEDIUM,MEDIUM,MEDIUM,5,COST_BASED,COST_BASED,false,false
1,baseline,1,2027,0.011314809510169006,0.07526496705814953,HYBRID_HEAT_PUMP,PRIVATELY_OWNED,245505,58413,8583,271331,439618,0.7655925746222723,0.6024210707742116,0.05940862767274105,1893.0837067635994,0.6973813055875139,MEDIUM,MEDIUM,MEDIUM,5,COST_BASED,COST_BASED,false,false
1,baseline,1,2028,0.014967058149527356,0.07526496705814953,HYBRID_HEAT_PUMP,PRIVATELY_OWNED,310107,73011,8409,344342,441939,0.7659062262282395,0.6006372572797208,0.0751394973448122,1863.4438078558353,0.6906944550263049,MEDIUM,MEDIUM,MEDIUM,5,COST_BASED,COST_BASED,false,false
1,baseline,1,2029,0.019263821254654825,0.07526496705814953,HYBRID_HEAT_PUMP,PRIVATELY_OWNED,389578,88478,9007,432820,443999,0.7658483741127734,0.6081596440994997,0.09553668319407933,1842.1313606562178,0.6968932018224936,MEDIUM,MEDIUM,MEDIUM,5,COST_BASED,COST_BASED,false,false
1,baseline,1,2030,0.023990260670295045,0.37933256946433686,HYBRID_HEAT_PUMP,PRIVATELY_OWNED,493941,112872,8509,545692,447381,0.7655410908110819,0.6161250804607706,0.12107942218324937,1814.935117941978,0.702532492442598,MEDIUM,MEDIUM,MEDIUM,5,COST_BASED,COST_BASED,false,false
1,baseline,1,2031,0.029146376396448008,0.37933256946433686,HYBRID_HEAT_PUMP,PRIVATELY_OWNED,613607,128548,8882,674240,455342,0.7654677348442152,0.6196285427841868,0.15329289757729017,1785.4971977107318,0.6997526560708398,MEDIUM,MEDIUM,MEDIUM,5,COST_BASED,COST_BASED,false,false
1,baseline,1,2032,0.03466055571469493,0.37933256946433686,HYBRID_HEAT_PUMP,PRIVATELY_OWNED,751860,146963,8710,821203,450689,0.7654616228694443,0.6272213106515425,0.1905821050062635,1766.1795229082581,0.7018210340083905,MEDIUM,MEDIUM,MEDIUM,5,COST_BASED,COST_BASED,false,false
1,baseline,1,2033,0.04053279862503581,0.37933256946433686,HYBRID_HEAT_PUMP,PRIVATELY_OWNED,903133,160247,8974,981450,453091,0.7656057841493707,0.637291644834687,0.2319263734661584,1739.7685520127304,0.7065544278481558,MEDIUM,MEDIUM,MEDIUM,5,COST_BASED,COST_BASED,false,false
1,baseline,1,2034,0.04676310512747064,0.37933256946433686,HYBRID_HEAT_PUMP,PRIVATELY_OWNED,1072073,178085,9145,1159535,477625,0.7654719719562347,0.6470328276947498,0.2752432044966317,1691.2271489138968,0.7103704474289391,MEDIUM,MEDIUM,MEDIUM,5,COST_BASED,COST_BASED,false,false
1,baseline,1,2035,0.05327986250358063,0.37933256946433686,HYBRID_HEAT_PUMP,PRIVATELY_OWNED,1246982,183819,8910,1343354,479302,0.7655647859797421,0.6551088392290981,0.3235487760796621,1668.3668250914873,0.7103848683288398,MEDIUM,MEDIUM,MEDIUM,5,COST_BASED,COST_BASED,false,false
1,baseline,1,2036,0.05993984531652822,0.37933256946433686,HYBRID_HEAT_PUMP,PRIVATELY_OWNED,1406050,168042,8974,1511396,431220,0.765634822185021,0.663815769796864,0.361142711669261,1706.430610825101,0.714029271231534,MEDIUM,MEDIUM,MEDIUM,5,COST_BASED,COST_BASED,false,false
1,baseline,1,2037,0.06667144084789459,0.37933256946433686,HYBRID_HEAT_PUMP,PRIVATELY_OWNED,1554407,157746,9389,1669142,306657,0.8100984854131988,0.6922461702006395,0.4765159714899605,1596.7342601016771,0.7167156410752179,MEDIUM,MEDIUM,MEDIUM,5,COST_BASED,COST_BASED,false,false
1,baseline,1,2038,0.07354626181609854,0.37933256946433686,HYBRID_HEAT_PUMP,PRIVATELY_OWNED,1690856,145755,9306,1814897,263497,0.8184070887687749,0.7005914165601272,0.5320560271258951,1619.7831322557752,0.7132713458665397,MEDIUM,MEDIUM,MEDIUM,5,COST_BASED,COST_BASED,false,false
1,baseline,1,2039,0.08056430822114008,0.37933256946433686,HYBRID_HEAT_PUMP,PRIVATELY_OWNED,1811976,129095,7975,1943992,214983,0.8299669211005211,0.71086335569717,0.5931010828662145,1633.986040756711,0.7105280325540887,MEDIUM,MEDIUM,MEDIUM,5,COST_BASED,COST_BASED,false,false
1,baseline,1,2040,0.0876539673446004,0.37933256946433686,HYBRID_HEAT_PUMP,PRIVATELY_OWNED,1902686,127676,36966,2071668,308781,0.7606049532911283,0.6871149858090965,0.4559363561912366,1579.1270609266762,0.726537151343034,MEDIUM,MEDIUM,MEDIUM,5,COST_BASED,COST_BASED,false,false
1,baseline,1,2041,0.09481523918647952,0.37933256946433686,HYBRID_HEAT_PUMP,PRIVATELY_OWNED,1980191,121441,43936,2193109,312152,0.7546314614960639,0.6882693426350233,0.4396782742063646,1529.8098810835747,0.733826580027007,MEDIUM,MEDIUM,MEDIUM,5,COST_BASED,COST_BASED,false,false
1,baseline,1,2042,0.10197651102835864,0.37933256946433686,HYBRID_HEAT_PUMP,PRIVATELY_OWNED,2026674,104896,58413,2298005,312566,0.7411464464233506,0.6828609671286631,0.394233691797882,1488.806831197251,0.7404464161377925,MEDIUM,MEDIUM,MEDIUM,5,COST_BASED,COST_BASED,false,false
1,baseline,1,2043,0.10913778287023776,0.37933256946433686,HYBRID_HEAT_PUMP,PRIVATELY_OWNED,2065904,112241,73011,2410246,343582,0.7413403310778808,0.6835297253272121,0.38362250546490245,1467.9694017730847,0.7440538788550817,MEDIUM,MEDIUM,MEDIUM,5,COST_BASED,COST_BASED,false,false
1,baseline,1,2044,0.11629905471211688,0.37933256946433686,HYBRID_HEAT_PUMP,PRIVATELY_OWNED,2090116,112690,88478,2522936,357614,0.7399913475936861,0.6825375535549371,0.37465447456850803,1446.1551085807603,0.7451448747918925,MEDIUM,MEDIUM,MEDIUM,5,COST_BASED,COST_BASED,false,false
1,baseline,1,2045,0.12346032655399598,0.37933256946433686,HYBRID_HEAT_PUMP,PRIVATELY_OWNED,2105596,128352,112872,2651288,380969,0.7446542351384232,0.6925366833093919,0.3946137968526155,1433.584102643522,0.7539880169662098,MEDIUM,MEDIUM,MEDIUM,5,COST_BASED,COST_BASED,false,false
1,baseline,1,2046,0.13062159839587512,0.37933256946433686,HYBRID_HEAT_PUMP,PRIVATELY_OWNED,2117355,140307,128548,2791595,403096,0.7474547695929398,0.6950491529326028,0.4043034229245814,1405.627289777125,0.7546341812695545,MEDIUM,MEDIUM,MEDIUM,5,COST_BASED,COST_BASED,false,false
1,baseline,1,2047,0.13778287023775423,0.37933256946433686,HYBRID_HEAT_PUMP,PRIVATELY_OWNED,2127865,157473,146963,2949068,420912,0.7536106617886188,0.7032898515757093,0.4249950590614823,1391.901920116319,0.7602833471510537,MEDIUM,MEDIUM,MEDIUM,5,COST_BASED,COST_BASED,false,false
1,baseline,1,2048,0.14494414207963335,0.37933256946433686,HYBRID_HEAT_PUMP,PRIVATELY_OWNED,2135713,168095,160247,3117163,431215,0.7569886731034823,0.7058273383720949,0.43755816578890816,1377.9520610368377,0.7601042978351039,MEDIUM,MEDIUM,MEDIUM,5,COST_BASED,COST_BASED,false,false
1,baseline,1,2049,0.15210541392151247,0.37933256946433686,HYBRID_HEAT_PUMP,PRIVATELY_OWNED,2144257,186629,178085,3303792,464866,0.7594640706703584,0.7064363466110705,0.4432713150374266,1337.9024729707055,0.7589706734895895,MEDIUM,MEDIUM,MEDIUM,5,COST_BASED,COST_BASED,false,false
1,baseline,1,2050,0.0,0.37933256946433686,HYBRID_HEAT_PUMP,PRIVATELY_OWNED,2152242,191804,183819,3495596,471011,0.7608343499858711,0.7070554117719596,0.4470435120036983,1323.195965699315,0.7586136521603739,MEDIUM,MEDIUM,MEDIUM,5,COST_BASED,COST_BASED,false,false
1,baseline,1,2024,0.0023632197078201087,0.0,HYBRID_HEAT_PUMP,SOCIAL_HOUSING,1457,1457,0,1457,0,0.0,0.0,0.0,0.0,0.0,MEDIUM,MEDIUM,MEDIUM,5,COST_BASED,COST_BASED,false,false
1,baseline,1,2025,0.005012890289315382,0.07526496705814953,HYBRID_HEAT_PUMP,SOCIAL_HOUSING,1389,0,68,1457,133864,0.0,0.0,0.0,1634.3084623199666,0.0,MEDIUM,MEDIUM,MEDIUM,5,COST_BASED,COST_BASED,false,false
1,baseline,1,2026,0.00794901174448582,0.07526496705814953,HYBRID_HEAT_PUMP,SOCIAL_HOUSING,1264,0,125,1457,120000,0.0,0.0,0.0,1545.8813666666667,0.0,MEDIUM,MEDIUM,MEDIUM,5,COST_BASED,COST_BASED,false,false
1,baseline,1,2027,0.011314809510169006,0.07526496705814953,HYBRID_HEAT_PUMP,SOCIAL_HOUSING,1084,0,180,1457,142855,0.0,0.0,0.0,1531.537167057506,0.0,MEDIUM,MEDIUM,MEDIUM,5,COST_BASED,COST_BASED,false,false
1,baseline,1,2028,0.014967058149527356,0.07526496705814953,HYBRID_HEAT_PUMP,SOCIAL_HOUSING,1042,0,42,1457,123993,0.0,0.0,0.0,1492.7367190083312,0.0,MEDIUM,MEDIUM,MEDIUM,5,COST_BASED,COST_BASED,false,false
1,baseline,1,2029,0.019263821254654825,0.07526496705814953,HYBRID_HEAT_PUMP,SOCIAL_HOUSING,934,0,108,1457,116555,0.0,0.0,0.0,1474.0101754536486,0.0,MEDIUM,MEDIUM,MEDIUM,5,COST_BASED,COST_BASED,false,false
1,baseline,1,2030,0.023990260670295045,0.37933256946433686,HYBRID_HEAT_PUMP,SOCIAL_HOUSING,826,0,108,1457,123957,0.0,0.0,0.0,1426.378937857483,0.0,MEDIUM,MEDIUM,MEDIUM,5,COST_BASED,COST_BASED,false,false
1,baseline,1,2031,0.029146376396448008,0.37933256946433686,HYBRID_HEAT_PUMP,SOCIAL_HOUSING,748,0,78,1457,123706,0.0,0.0,0.0,1454.0367322522757,0.0,MEDIUM,MEDIUM,MEDIUM,5,COST_BASED,COST_BASED,false,false
1,baseline,1,2032,0.03466055571469493,0.37933256946433686,HYBRID_HEAT_PUMP,SOCIAL_HOUSING,672,0,76,1457,129054,0.0,0.0,0.0,1455.2077889875557,0.0,MEDIUM,MEDIUM,MEDIUM,5,COST_BASED,COST_BASED,false,false
1,baseline,1,2033,0.04053279862503581,0.37933256946433686,HYBRID_HEAT_PUMP,SOCIAL_HOUSING,425,0,247,1457,119962,0.0,0.0,0.0,1403.4606458711926,0.0,MEDIUM,MEDIUM,MEDIUM,5,COST_BASED,COST_BASED,false,false
1,baseline,1,2034,0.04676310512747064,0.37933256946433686,HYBRID_HEAT_PUMP,SOCIAL_HOUSING,325,0,100,1457,121955,0.0,0.0,0.0,1414.584420482965,0.0,MEDIUM,MEDIUM,MEDIUM,5,COST_BASED,COST_BASED,false,false
1,baseline,1,2035,0.05327986250358063,0.37933256946433686,HYBRID_HEAT_PUMP,SOCIAL_HOUSING,284,0,41,1457,129062,0.0,0.0,0.0,1382.8538531868405,0.0,MEDIUM,MEDIUM,MEDIUM,5,COST_BASED,COST_BASED,false,false
1,baseline,1,2036,0.05993984531652822,0.37933256946433686,HYBRID_HEAT_PUMP,SOCIAL_HOUSING,170,0,114,1457,121523,0.0,0.0,0.0,1406.1767484344527,0.0,MEDIUM,MEDIUM,MEDIUM,5,COST_BASED,COST_BASED,false,false
1,baseline,1,2037,0.06667144084789459,0.37933256946433686,HYBRID_HEAT_PUMP,SOCIAL_HOUSING,135,0,35,1457,4999,0.0,0.0,0.0,1140.8097619523905,0.0,MEDIUM,MEDIUM,MEDIUM,5,COST_BASED,COST_BASED,false,false
1,baseline,1,2038,0.07354626181609854,0.37933256946433686,HYBRID_HEAT_PUMP,SOCIAL_HOUSING,108,0,27,1457,4816,0.0,0.0,0.0,1233.1318521594685,0.0,MEDIUM,MEDIUM,MEDIUM,5,COST_BASED,COST_BASED,false,false
1,baseline,1,2039,0.08056430822114008,0.37933256946433686,HYBRID_HEAT_PUMP,SOCIAL_HOUSING,0,0,108,1457,3189,0.0,0.0,0.0,1291.5487613671999,0.0,MEDIUM,MEDIUM,MEDIUM,5,COST_BASED,COST_BASED,false,false
1,baseline,1,2040,0.0876539673446004,0.37933256946433686,HYBRID_HEAT_PUMP,SOCIAL_HOUSING,0,0,0,1457,5339,0.0,0.0,0.0,1125.022101517138,0.0,MEDIUM,MEDIUM,MEDIUM,5,COST_BASED,COST_BASED,false,false
1,baseline,1,2041,0.09481523918647952,0.37933256946433686,HYBRID_HEAT_PUMP,SOCIAL_HOUSING,0,0,0,1457,9605,0.0,0.0,0.0,1160.5085892764184,0.0,MEDIUM,MEDIUM,MEDIUM,5,COST_BASED,COST_BASED,false,false
1,baseline,1,2042,0.10197651102835864,0.37933256946433686,HYBRID_HEAT_PUMP,SOCIAL_HOUSING,0,0,0,1457,5502,0.0,0.0,0.0,1170.3456924754635,0.0,MEDIUM,MEDIUM,MEDIUM,5,COST_BASED,COST_BASED,false,false
1,baseline,1,2043,0.10913778287023776,0.37933256946433686,HYBRID_HEAT_PUMP,SOCIAL_HOUSING,0,0,0,1457,9277,0.0,0.0,0.0,1077.6338255901692,0.0,MEDIUM,MEDIUM,MEDIUM,5,COST_BASED,COST_BASED,false,false
1,baseline,1,2044,0.11629905471211688,0.37933256946433686,HYBRID_HEAT_PUMP,SOCIAL_HOUSING,0,0,0,1457,7404,0.0,0.0,0.0,1004.4686655861697,0.0,MEDIUM,MEDIUM,MEDIUM,5,COST_BASED,COST_BASED,false,false
1,baseline,1,2045,0.12346032655399598,0.37933256946433686,HYBRID_HEAT_PUMP,SOCIAL_HOUSING,0,0,0,1457,5914,0.0,0.0,0.0,1123.8226242813662,0.0,MEDIUM,MEDIUM,MEDIUM,5,COST_BASED,COST_BASED,false,false
1,baseline,1,2046,0.13062159839587512,0.37933256946433686,HYBRID_HEAT_PUMP,SOCIAL_HOUSING,0,0,0,1457,5436,0.0,0.0,0.0,1272.5042310522442,0.0,MEDIUM,MEDIUM,MEDIUM,5,COST_BASED,COST_BASED,false,false
1,baseline,1,2047,0.13778287023775423,0.37933256946433686,HYBRID_HEAT_PUMP,SOCIAL_HOUSING,0,0,0,1457,6374,0.0,0.0,0.0,1031.29871352369,0.0,MEDIUM,MEDIUM,MEDIUM,5,COST_BASED,COST_BASED,false,false
1,baseline,1,2048,0.14494414207963335,0.37933256946433686,HYBRID_HEAT_PUMP,SOCIAL_HOUSING,0,0,0,1457,1185,0.0,0.0,0.0,1100.1189873417723,0.0,MEDIUM,MEDIUM,MEDIUM,5,COST_BASED,COST_BASED,false,false
1,baseline,1,2049,0.15210541392151247,0.37933256946433686,HYBRID_HEAT_PUMP,SOCIAL_HOUSING,0,0,0,1457,8234,0.0,0.0,0.0,1090.6604323536556,0.0,MEDIUM,MEDIUM,MEDIUM,5,COST_BASED,COST_BASED,false,false
1,baseline,1,2050,0.0,0.37933256946433686,HYBRID_HEAT_PUMP,SOCIAL_HOUSING,0,0,0,1457,3798,0.0,0.0,0.0,1120.9307530279095,0.0,MEDIUM,MEDIUM,MEDIUM,5,COST_BASED,COST_BASED,false,false
1,baseline,1,2024,0.0023632197078201087,0.0,HYBRID_HEAT_PUMP,PRIVATELY_RENTED,22704,22704,0,22704,0,0.0,0.0,0.0,0.0,0.0,MEDIUM,MEDIUM,MEDIUM,5,COST_BASED,COST_BASED,false,false
1,baseline,1,2025,0.005012890289315382,0.07526496705814953,HYBRID_HEAT_PUMP,PRIVATELY_RENTED,32896,11734,1542,34438,95515,0.0,0.0,0.0,1648.0363084332305,0.0,MEDIUM,MEDIUM,MEDIUM,5,COST_BASED,COST_BASED,false,false
1,baseline,1,2026,0.00794901174448582,0.07526496705814953,HYBRID_HEAT_PUMP,PRIVATELY_RENTED,46732,15533,1697,49971,94990,0.0,0.0,0.0,1633.3387725023688,0.0,MEDIUM,MEDIUM,MEDIUM,5,COST_BASED,COST_BASED,false,false
1,baseline,1,2027,0.011314809510169006,0.07526496705814953,HYBRID_HEAT_PUMP,PRIVATELY_RENTED,63466,18327,1593,68298,92798,0.0,0.0,0.0,1612.46481605207,0.0,MEDIUM,MEDIUM,MEDIUM,5,COST_BASED,COST_BASED,false,false
1,baseline,1,2028,0.014967058149527356,0.07526496705814953,HYBRID_HEAT_PUMP,PRIVATELY_RENTED,83627,21741,1580,90039,95254,0.0,0.0,0.0,1585.362756419678,0.0,MEDIUM,MEDIUM,MEDIUM,5,COST_BASED,COST_BASED,false,false
1,baseline,1,2029,0.019263821254654825,0.07526496705814953,HYBRID_HEAT_PUMP,PRIVATELY_RENTED,106912,24813,1528,114852,93334,0.0,0.0,0.0,1574.9668823794116,0.0,MEDIUM,MEDIUM,MEDIUM,5,COST_BASED,COST_BASED,false,false
1,baseline,1,2030,0.023990260670295045,0.37933256946433686,HYBRID_HEAT_PUMP,PRIVATELY_RENTED,133154,27694,1452,142546,94520,0.0,0.0,0.0,1551.9813690224291,0.0,MEDIUM,MEDIUM,MEDIUM,5,COST_BASED,COST_BASED,false,false
1,baseline,1,2031,0.029146376396448008,0.37933256946433686,HYBRID_HEAT_PUMP,PRIVATELY_RENTED,162350,30734,1538,173280,94804,0.0,0.0,0.0,1527.5297877726678,0.0,MEDIUM,MEDIUM,MEDIUM,5,COST_BASED,COST_BASED,false,false
1,baseline,1,2032,0.03466055571469493,0.37933256946433686,HYBRID_HEAT_PUMP,PRIVATELY_RENTED,194167,33381,1564,206661,95314,0.0,0.0,0.0,1505.2869043372432,0.0,MEDIUM,MEDIUM,MEDIUM,5,COST_BASED,COST_BASED,false,false
1,baseline,1,2033,0.04053279862503581,0.37933256946433686,HYBRID_HEAT_PUMP,PRIVATELY_RENTED,228451,35804,1520,242465,94768,0.0,0.0,0.0,1481.2627891271316,0.0,MEDIUM,MEDIUM,MEDIUM,5,COST_BASED,COST_BASED,false,false
1,baseline,1,2034,0.04676310512747064,0.37933256946433686,HYBRID_HEAT_PUMP,PRIVATELY_RENTED,265645,38611,1417,281076,92350,0.0,0.0,0.0,1479.8003356794802,0.0,MEDIUM,MEDIUM,MEDIUM,5,COST_BASED,COST_BASED,false,false
1,baseline,1,2035,0.05327986250358063,0.37933256946433686,HYBRID_HEAT_PUMP,PRIVATELY_RENTED,305078,40971,1538,322047,93134,0.0,0.0,0.0,1458.5684712349948,0.0,MEDIUM,MEDIUM,MEDIUM,5,COST_BASED,COST_BASED,false,false
1,baseline,1,2036,0.05993984531652822,0.37933256946433686,HYBRID_HEAT_PUMP,PRIVATELY_RENTED,346135,42618,1561,364665,89782,0.0,0.0,0.0,1462.5934708516183,0.0,MEDIUM,MEDIUM,MEDIUM,5,COST_BASED,COST_BASED,false,false
1,baseline,1,2037,0.06667144084789459,0.37933256946433686,HYBRID_HEAT_PUMP,PRIVATELY_RENTED,351176,6470,1429,371135,9285,0.0,0.0,0.0,1222.3880452342487,0.0,MEDIUM,MEDIUM,MEDIUM,5,COST_BASED,COST_BASED,false,false
1,baseline,1,2038,0.07354626181609854,0.37933256946433686,HYBRID_HEAT_PUMP,PRIVATELY_RENTED,355814,6012,1374,377147,9004,0.0,0.0,0.0,1222.9511328298533,0.0,MEDIUM,MEDIUM,MEDIUM,5,COST_BASED,COST_BASED,false,false
1,baseline,1,2039,0.08056430822114008,0.37933256946433686,HYBRID_HEAT_PUMP,PRIVATELY_RENTED,359682,5239,1371,382386,8391,0.0,0.0,0.0,1244.565010129901,0.0,MEDIUM,MEDIUM,MEDIUM,5,COST_BASED,COST_BASED,false,false
1,baseline,1,2040,0.0876539673446004,0.37933256946433686,HYBRID_HEAT_PUMP,PRIVATELY_RENTED,360944,12996,11734,395382,3874,0.0,0.0,0.0,1270.6048012390295,0.0,MEDIUM,MEDIUM,MEDIUM,5,COST_BASED,COST_BASED,false,false
1,baseline,1,2041,0.09481523918647952,0.37933256946433686,HYBRID_HEAT_PUMP,PRIVATELY_RENTED,362150,16739,15533,412121,4276,0.0,0.0,0.0,1218.7467259120674,0.0,MEDIUM,MEDIUM,MEDIUM,5,COST_BASED,COST_BASED,false,false
1,baseline,1,2042,0.10197651102835864,0.37933256946433686,HYBRID_HEAT_PUMP,PRIVATELY_RENTED,363241,19418,18327,431539,3302,0.0,0.0,0.0,1234.9258025439128,0.0,MEDIUM,MEDIUM,MEDIUM,5,COST_BASED,COST_BASED,false,false
1,baseline,1,2043,0.10913778287023776,0.37933256946433686,HYBRID_HEAT_PUMP,PRIVATELY_RENTED,364441,22941,21741,454480,3403,0.0,0.0,0.0,1227.4781075521598,0.0,MEDIUM,MEDIUM,MEDIUM,5,COST_BASED,COST_BASED,false,false
1,baseline,1,2044,0.11629905471211688,0.37933256946433686,HYBRID_HEAT_PUMP,PRIVATELY_RENTED,365525,25897,24813,480377,2538,0.0,0.0,0.0,1258.0003940110323,0.0,MEDIUM,MEDIUM,MEDIUM,5,COST_BASED,COST_BASED,false,false
1,baseline,1,2045,0.12346032655399598,0.37933256946433686,HYBRID_HEAT_PUMP,PRIVATELY_RENTED,366591,28760,27694,509137,2689,0.0,0.0,0.0,1201.9605801413165,0.0,MEDIUM,MEDIUM,MEDIUM,5,COST_BASED,COST_BASED,false,false
1,baseline,1,2046,0.13062159839587512,0.37933256946433686,HYBRID_HEAT_PUMP,PRIVATELY_RENTED,367808,31951,30734,541088,3009,0.0,0.0,0.0,1212.7238285144567,0.0,MEDIUM,MEDIUM,MEDIUM,5,COST_BASED,COST_BASED,false,false
1,baseline,1,2047,0.13778287023775423,0.37933256946433686,HYBRID_HEAT_PUMP,PRIVATELY_RENTED,368963,34536,33381,575624,3503,0.0,0.0,0.0,1194.2868969454753,0.0,MEDIUM,MEDIUM,MEDIUM,5,COST_BASED,COST_BASED,false,false
1,baseline,1,2048,0.14494414207963335,0.37933256946433686,HYBRID_HEAT_PUMP,PRIVATELY_RENTED,370225,37066,35804,612690,3409,0.0,0.0,0.0,1187.9926664711058,0.0,MEDIUM,MEDIUM,MEDIUM,5,COST_BASED,COST_BASED,false,false
1,baseline,1,2049,0.15210541392151247,0.37933256946433686,HYBRID_HEAT_PUMP,PRIVATELY_RENTED,371496,39882,38611,652572,3316,0.0,0.0,0.0,1187.4158624849215,0.0,MEDIUM,MEDIUM,MEDIUM,5,COST_BASED,COST_BASED,false,false
1,baseline,1,2050,0.0,0.37933256946433686,HYBRID_HEAT_PUMP,PRIVATELY_RENTED,372761,42236,40971,694808,3705,0.0,0.0,0.0,1145.6288798920377,0.0,MEDIUM,MEDIUM,MEDIUM,5,COST_BASED,COST_BASED,false,false
