scenario,scenario_name,iteration,year,nbh_in_grid_congestion_perc,nbh_with_dh_perc,heating_system,ownership,installed_current,installed_annually,removed_annually,installed_cumulative,considered_annually,avg_att,avg_util,avg_sub_norm,avg_eac,avg_pbc,SLF,ELF,GRR,DHCT,DHES,SHAES,DHCO,GCHPB
1,baseline,1,2024,0.0,0.0,NATURAL_GAS_BOILER,TOTAL,498584,498584,0,498584,0,0.0,0.0,0.0,0.0,0.0,MEDIUM,MEDIUM,MEDIUM,5,COST_BASED,COST_BASED,false,false
1,baseline,1,2025,0.0,0.13800424628450106,NATURAL_GAS_BOILER,TOTAL,486266,29298,41616,527882,48750,0.2850920928385812,0.6045089546264161,0.949729776287508,1609.6094153846154,0.7167741866940359,MEDIUM,MEDIUM,MEDIUM,5,COST_BASED,COST_BASED,false,false
1,baseline,1,2026,0.0,0.13800424628450106,NATURAL_GAS_BOILER,TOTAL,469240,24176,41202,552058,48760,0.28665407129617637,0.5977569290127059,0.8472865521085606,1605.7149917965546,0.7190610566814509,MEDIUM,MEDIUM,MEDIUM,5,COST_BASED,COST_BASED,false,false
1,baseline,1,2027,0.0,0.13800424628450106,NATURAL_GAS_BOILER,TOTAL,451618,23007,40629,575065,49291,0.28376898464763395,0.5943567550970094,0.8294197750135659,1607.9726319206345,0.7169154146069115,MEDIUM,MEDIUM,MEDIUM,5,COST_BASED,COST_BASED,false,false
1,baseline,1,2028,0.0,0.13800424628450106,NATURAL_GAS_BOILER,TOTAL,430032,20541,42127,595606,50114,0.28573846821818916,0.5905990434445064,0.7856514197861485,1600.9791674981043,0.7162575206389417,MEDIUM,MEDIUM,MEDIUM,5,COST_BASED,COST_BASED,false,false
1,baseline,1,2029,0.0,0.13800424628450106,NATURAL_GAS_BOILER,TOTAL,405566,17872,42338,613478,50479,0.2852269225500867,0.587470201060688,0.7387015808031814,1601.635511796985,0.7175608733531219,MEDIUM,MEDIUM,MEDIUM,5,COST_BASED,COST_BASED,false,false
1,baseline,1,2030,0.0,0.5456475583864119,NATURAL_GAS_BOILER,TOTAL,379505,14503,40564,627981,48142,0.2852528493868362,0.5763553576256399,0.6837244716791047,1600.9551535042167,0.7077542651318629,MEDIUM,MEDIUM,MEDIUM,5,COST_BASED,COST_BASED,false,false
1,baseline,1,2031,0.0,0.5456475583864119,NATURAL_GAS_BOILER,TOTAL,353490,13345,39360,641326,48701,0.28631447313004577,0.5783715579575639,0.6263982939439243,1603.6630459333485,0.7176789319108356,MEDIUM,MEDIUM,MEDIUM,5,COST_BASED,COST_BASED,false,false
1,baseline,1,2032,0.0,0.5456475583864119,NATURAL_GAS_BOILER,TOTAL,327183,12230,38537,653556,47613,0.2843828102279543,0.5787111028287377,0.5544404281841762,1605.2945414067588,0.7276658981630906,MEDIUM,MEDIUM,MEDIUM,5,COST_BASED,COST_BASED,false,false
1,baseline,1,2033,0.0,0.5456475583864119,NATURAL_GAS_BOILER,TOTAL,300051,13297,40429,666853,49045,0.2852154411660377,0.575878152723153,0.4790365838084745,1604.0388418799062,0.732633795817157,MEDIUM,MEDIUM,MEDIUM,5,COST_BASED,COST_BASED,false,false
1,baseline,1,2034,0.0,0.5456475583864119,NATURAL_GAS_BOILER,TOTAL,270854,15793,44990,682646,53769,0.2849941485960254,0.5827911278565538,0.3887194068810131,1553.486711674013,0.7543482287757012,MEDIUM,MEDIUM,MEDIUM,5,COST_BASED,COST_BASED,false,false
1,baseline,1,2035,0.0,0.5456475583864119,NATURAL_GAS_BOILER,TOTAL,242842,17674,45686,700320,56507,0.2855308337915276,0.568320140799508,0.3005932756381937,1539.0810696019962,0.7435233432966085,MEDIUM,MEDIUM,MEDIUM,5,COST_BASED,COST_BASED,false,false
1,baseline,1,2036,0.0,0.5456475583864119,NATURAL_GAS_BOILER,TOTAL,215536,13800,41106,714120,50212,0.2844211191023548,0.5507358411478386,0.20942139858008924,1616.3712459173107,0.728820807123655,MEDIUM,MEDIUM,MEDIUM,5,COST_BASED,COST_BASED,false,false
1,baseline,1,2037,0.0,0.5456475583864119,NATURAL_GAS_BOILER,TOTAL,204928,18690,29298,732810,23232,0.34771353786087367,0.5436803042035425,0.20990467610135166,1419.6404097796144,0.7023539873274351,MEDIUM,MEDIUM,MEDIUM,5,COST_BASED,COST_BASED,false,false
1,baseline,1,2038,0.0,0.5456475583864119,NATURAL_GAS_BOILER,TOTAL,198538,17786,24176,750596,18476,0.36362939240735404,0.5552620249064725,0.18409563527128597,1420.4082052392293,0.7189737348489628,MEDIUM,MEDIUM,MEDIUM,5,COST_BASED,COST_BASED,false,false
1,baseline,1,2039,0.0,0.5456475583864119,NATURAL_GAS_BOILER,TOTAL,191930,16399,23007,766995,13724,0.3782151482285408,0.5550478896303758,0.1665648553476179,1500.9937336053629,0.7171974404699736,MEDIUM,MEDIUM,MEDIUM,5,COST_BASED,COST_BASED,false,false
1,baseline,1,2040,0.0,0.5456475583864119,NATURAL_GAS_BOILER,TOTAL,187625,16236,20541,783231,24860,0.2735317454496864,0.5111830618241651,0.0784888694956952,1732.261102172164,0.688580547686872,MEDIUM,MEDIUM,MEDIUM,5,COST_BASED,COST_BASED,false,false
1,baseline,1,2041,0.0,0.5456475583864119,NATURAL_GAS_BOILER,TOTAL,185043,15290,17872,798521,26427,0.26950607878915506,0.5123851558009243,0.06193889423816384,1739.0581602149316,0.6934588522243282,MEDIUM,MEDIUM,MEDIUM,5,COST_BASED,COST_BASED,false,false
1,baseline,1,2042,0.0,0.5456475583864119,NATURAL_GAS_BOILER,TOTAL,184865,14325,14503,812846,28096,0.26455462548209535,0.504992708505694,0.055513421612787696,1714.0324601366742,0.6844112286864155,MEDIUM,MEDIUM,MEDIUM,5,COST_BASED,COST_BASED,false,false
1,baseline,1,2043,0.0,0.5456475583864119,NATURAL_GAS_BOILER,TOTAL,185313,13793,13345,826639,30967,0.26749881530978387,0.5013825368678315,0.047988660881524196,1698.830690735299,0.6792005188641087,MEDIUM,MEDIUM,MEDIUM,5,COST_BASED,COST_BASED,false,false
1,baseline,1,2044,0.0,0.5456475583864119,NATURAL_GAS_BOILER,TOTAL,184819,11736,12230,838375,31261,0.2683370886072676,0.5073655094857829,0.041073064691847294,1714.6794728255654,0.6888298589903756,MEDIUM,MEDIUM,MEDIUM,5,COST_BASED,COST_BASED,false,false
1,baseline,1,2045,0.0,0.5456475583864119,NATURAL_GAS_BOILER,TOTAL,184761,13239,13297,851614,31529,0.26626466481111694,0.4984248438915136,0.04031240903871897,1689.8096355735988,0.6760320485046567,MEDIUM,MEDIUM,MEDIUM,5,COST_BASED,COST_BASED,false,false
1,baseline,1,2046,0.0,0.5456475583864119,NATURAL_GAS_BOILER,TOTAL,185623,16655,15793,868269,33705,0.26914268320374785,0.5084865519373997,0.038542764048057766,1661.0488651535381,0.69062631159915,MEDIUM,MEDIUM,MEDIUM,5,COST_BASED,COST_BASED,false,false
1,baseline,1,2047,0.0,0.5456475583864119,NATURAL_GAS_BOILER,TOTAL,187206,19257,17674,887526,35405,0.2742733087406716,0.5121337404410492,0.035489895303291906,1640.804349668126,0.6951960465634923,MEDIUM,MEDIUM,MEDIUM,5,COST_BASED,COST_BASED,false,false
1,baseline,1,2048,0.0,0.5456475583864119,NATURAL_GAS_BOILER,TOTAL,187053,13647,13800,901173,33914,0.2738002203792399,0.5172976914475848,0.02862132145559025,1669.8377366279412,0.7039188168946272,MEDIUM,MEDIUM,MEDIUM,5,COST_BASED,COST_BASED,false,false
1,baseline,1,2049,0.0,0.5456475583864119,NATURAL_GAS_BOILER,TOTAL,186912,18549,18690,919722,34864,0.27028223269278756,0.5296219093228122,0.0240849245484109,1634.4601594768242,0.723851690242473,MEDIUM,MEDIUM,MEDIUM,5,COST_BASED,COST_BASED,false,false
1,baseline,1,2050,0.0,0.5456475583864119,NATURAL_GAS_BOILER,TOTAL,187499,18373,17786,938095,37005,0.27482536491122606,0.5234378597264383,0.024809362939537987,1613.3578705580328,0.7133492779944083,MEDIUM,MEDIUM,MEDIUM,5,COST_BASED,COST_BASED,false,false
1,baseline,1,2024,0.0,0.0,NATURAL_GAS_BOILER,PRIVATELY_OWNED,347756,347756,0,347756,0,0.0,0.0,0.0,0.0,0.0,MEDIUM,MEDIUM,MEDIUM,5,COST_BASED,COST_BASED,false,false
1,baseline,1,2025,0.0,0.13800424628450106,NATURAL_GAS_BOILER,PRIVATELY_OWNED,334154,14452,28054,362208,33092,0.2850920928385812,0.6045089546264161,0.949729776287508,1701.2692795841895,0.7167741866940359,MEDIUM,MEDIUM,MEDIUM,5,COST_BASED,COST_BASED,false,false
1,baseline,1,2026,0.0,0.13800424628450106,NATURAL_GAS_BOILER,PRIVATELY_OWNED,316019,10174,28309,372382,33564,0.28665407129617637,0.5977569290127059,0.8472865521085606,1706.144887379335,0.7190610566814509,MEDIUM,MEDIUM,MEDIUM,5,COST_BASED,COST_BASED,false,false
1,baseline,1,2027,0.0,0.13800424628450106,NATURAL_GAS_BOILER,PRIVATELY_OWNED,296205,8797,28611,381179,33632,0.28376898464763395,0.5943567550970094,0.8294197750135659,1695.5369885823025,0.7169154146069115,MEDIUM,MEDIUM,MEDIUM,5,COST_BASED,COST_BASED,false,false
1,baseline,1,2028,0.0,0.13800424628450106,NATURAL_GAS_BOILER,PRIVATELY_OWNED,273327,6442,29320,387621,34355,0.28573846821818916,0.5905990434445064,0.7856514197861485,1688.096638043953,0.7162575206389417,MEDIUM,MEDIUM,MEDIUM,5,COST_BASED,COST_BASED,false,false
1,baseline,1,2029,0.0,0.13800424628450106,NATURAL_GAS_BOILER,PRIVATELY_OWNED,248045,4049,29331,391670,34672,0.2852269225500867,0.587470201060688,0.7387015808031814,1685.6521688970927,0.7175608733531219,MEDIUM,MEDIUM,MEDIUM,5,COST_BASED,COST_BASED,false,false
1,baseline,1,2030,0.0,0.5456475583864119,NATURAL_GAS_BOILER,PRIVATELY_OWNED,222117,2896,28824,394566,34406,0.2852528493868362,0.5763553576256399,0.6837244716791047,1681.174940417369,0.7077542651318629,MEDIUM,MEDIUM,MEDIUM,5,COST_BASED,COST_BASED,false,false
1,baseline,1,2031,0.0,0.5456475583864119,NATURAL_GAS_BOILER,PRIVATELY_OWNED,195440,2438,29115,397004,35359,0.28631447313004577,0.5783715579575639,0.6263982939439243,1675.655165587262,0.7176789319108356,MEDIUM,MEDIUM,MEDIUM,5,COST_BASED,COST_BASED,false,false
1,baseline,1,2032,0.0,0.5456475583864119,NATURAL_GAS_BOILER,PRIVATELY_OWNED,168292,1499,28647,398503,34365,0.2843828102279543,0.5787111028287377,0.5544404281841762,1687.583908045977,0.7276658981630906,MEDIUM,MEDIUM,MEDIUM,5,COST_BASED,COST_BASED,false,false
1,baseline,1,2033,0.0,0.5456475583864119,NATURAL_GAS_BOILER,PRIVATELY_OWNED,140579,1313,29026,399816,34324,0.2852154411660377,0.575878152723153,0.4790365838084745,1685.0405255797693,0.732633795817157,MEDIUM,MEDIUM,MEDIUM,5,COST_BASED,COST_BASED,false,false
1,baseline,1,2034,0.0,0.5456475583864119,NATURAL_GAS_BOILER,PRIVATELY_OWNED,111648,1271,30202,401087,36540,0.2849941485960254,0.5827911278565538,0.3887194068810131,1632.3778325123153,0.7543482287757012,MEDIUM,MEDIUM,MEDIUM,5,COST_BASED,COST_BASED,false,false
1,baseline,1,2035,0.0,0.5456475583864119,NATURAL_GAS_BOILER,PRIVATELY_OWNED,82420,1246,30474,402333,36959,0.2855308337915276,0.568320140799508,0.3005932756381937,1619.9199653670282,0.7435233432966085,MEDIUM,MEDIUM,MEDIUM,5,COST_BASED,COST_BASED,false,false
1,baseline,1,2036,0.0,0.5456475583864119,NATURAL_GAS_BOILER,PRIVATELY_OWNED,55591,1014,27843,403347,34135,0.2844211191023548,0.5507358411478386,0.20942139858008924,1692.1173282554562,0.728820807123655,MEDIUM,MEDIUM,MEDIUM,5,COST_BASED,COST_BASED,false,false
1,baseline,1,2037,0.0,0.5456475583864119,NATURAL_GAS_BOILER,PRIVATELY_OWNED,41957,818,14452,404165,19566,0.34771353786087367,0.5436803042035425,0.20990467610135166,1493.1224573239292,0.7023539873274351,MEDIUM,MEDIUM,MEDIUM,5,COST_BASED,COST_BASED,false,false
1,baseline,1,2038,0.0,0.5456475583864119,NATURAL_GAS_BOILER,PRIVATELY_OWNED,32735,952,10174,405117,14947,0.36362939240735404,0.5552620249064725,0.18409563527128597,1491.5142838027698,0.7189737348489628,MEDIUM,MEDIUM,MEDIUM,5,COST_BASED,COST_BASED,false,false
1,baseline,1,2039,0.0,0.5456475583864119,NATURAL_GAS_BOILER,PRIVATELY_OWNED,24773,835,8797,405952,11920,0.3782151482285408,0.5550478896303758,0.1665648553476179,1552.046644295302,0.7171974404699736,MEDIUM,MEDIUM,MEDIUM,5,COST_BASED,COST_BASED,false,false
1,baseline,1,2040,0.0,0.5456475583864119,NATURAL_GAS_BOILER,PRIVATELY_OWNED,19115,784,6442,406736,23376,0.2735317454496864,0.5111830618241651,0.0784888694956952,1780.06810403833,0.688580547686872,MEDIUM,MEDIUM,MEDIUM,5,COST_BASED,COST_BASED,false,false
1,baseline,1,2041,0.0,0.5456475583864119,NATURAL_GAS_BOILER,PRIVATELY_OWNED,15924,858,4049,407594,25633,0.26950607878915506,0.5123851558009243,0.06193889423816384,1755.8149260718606,0.6934588522243282,MEDIUM,MEDIUM,MEDIUM,5,COST_BASED,COST_BASED,false,false
1,baseline,1,2042,0.0,0.5456475583864119,NATURAL_GAS_BOILER,PRIVATELY_OWNED,14027,999,2896,408593,26231,0.26455462548209535,0.504992708505694,0.055513421612787696,1750.299226106515,0.6844112286864155,MEDIUM,MEDIUM,MEDIUM,5,COST_BASED,COST_BASED,false,false
1,baseline,1,2043,0.0,0.5456475583864119,NATURAL_GAS_BOILER,PRIVATELY_OWNED,12439,850,2438,409443,28799,0.26749881530978387,0.5013825368678315,0.047988660881524196,1736.5361644501545,0.6792005188641087,MEDIUM,MEDIUM,MEDIUM,5,COST_BASED,COST_BASED,false,false
1,baseline,1,2044,0.0,0.5456475583864119,NATURAL_GAS_BOILER,PRIVATELY_OWNED,11592,652,1499,410095,30768,0.2683370886072676,0.5073655094857829,0.041073064691847294,1721.7684607384294,0.6888298589903756,MEDIUM,MEDIUM,MEDIUM,5,COST_BASED,COST_BASED,false,false
1,baseline,1,2045,0.0,0.5456475583864119,NATURAL_GAS_BOILER,PRIVATELY_OWNED,10946,667,1313,410762,30816,0.26626466481111694,0.4984248438915136,0.04031240903871897,1700.2253050363447,0.6760320485046567,MEDIUM,MEDIUM,MEDIUM,5,COST_BASED,COST_BASED,false,false
1,baseline,1,2046,0.0,0.5456475583864119,NATURAL_GAS_BOILER,PRIVATELY_OWNED,10400,725,1271,411487,32150,0.26914268320374785,0.5084865519373997,0.038542764048057766,1685.7861586314152,0.69062631159915,MEDIUM,MEDIUM,MEDIUM,5,COST_BASED,COST_BASED,false,false
1,baseline,1,2047,0.0,0.5456475583864119,NATURAL_GAS_BOILER,PRIVATELY_OWNED,9795,641,1246,412128,33065,0.2742733087406716,0.5121337404410492,0.035489895303291906,1687.3027975200364,0.6951960465634923,MEDIUM,MEDIUM,MEDIUM,5,COST_BASED,COST_BASED,false,false
1,baseline,1,2048,0.0,0.5456475583864119,NATURAL_GAS_BOILER,PRIVATELY_OWNED,9181,400,1014,412528,33293,0.2738002203792399,0.5172976914475848,0.02862132145559025,1679.7709428408375,0.7039188168946272,MEDIUM,MEDIUM,MEDIUM,5,COST_BASED,COST_BASED,false,false
1,baseline,1,2049,0.0,0.5456475583864119,NATURAL_GAS_BOILER,PRIVATELY_OWNED,8813,450,818,412978,34453,0.27028223269278756,0.5296219093228122,0.0240849245484109,1638.0316373029925,0.723851690242473,MEDIUM,MEDIUM,MEDIUM,5,COST_BASED,COST_BASED,false,false
1,baseline,1,2050,0.0,0.5456475583864119,NATURAL_GAS_BOILER,PRIVATELY_OWNED,8275,414,952,413392,35715,0.27482536491122606,0.5234378597264383,0.024809362939537987,1623.0009799804004,0.7133492779944083,MEDIUM,MEDIUM,MEDIUM,5,COST_BASED,COST_BASED,false,false
1,baseline,1,2024,0.0,0.0,NATURAL_GAS_BOILER,SOCIAL_HOUSING,86168,86168,0,86168,0,0.0,0.0,0.0,0.0,0.0,MEDIUM,MEDIUM,MEDIUM,5,COST_BASED,COST_BASED,false,false
1,baseline,1,2025,0.0,0.13800424628450106,NATURAL_GAS_BOILER,SOCIAL_HOUSING,87043,8870,7995,95038,8870,0.0,0.0,0.0,1396.2331454340474,0.0,MEDIUM,MEDIUM,MEDIUM,5,COST_BASED,COST_BASED,false,false
1,baseline,1,2026,0.0,0.13800424628450106,NATURAL_GAS_BOILER,SOCIAL_HOUSING,88074,8446,7415,103484,8446,0.0,0.0,0.0,1326.1376983187308,0.0,MEDIUM,MEDIUM,MEDIUM,5,COST_BASED,COST_BASED,false,false
1,baseline,1,2027,0.0,0.13800424628450106,NATURAL_GAS_BOILER,SOCIAL_HOUSING,90511,8982,6545,112466,8982,0.0,0.0,0.0,1401.0997550656868,0.0,MEDIUM,MEDIUM,MEDIUM,5,COST_BASED,COST_BASED,false,false
1,baseline,1,2028,0.0,0.13800424628450106,NATURAL_GAS_BOILER,SOCIAL_HOUSING,92315,8992,7188,121458,8992,0.0,0.0,0.0,1391.9328291814948,0.0,MEDIUM,MEDIUM,MEDIUM,5,COST_BASED,COST_BASED,false,false
1,baseline,1,2029,0.0,0.13800424628450106,NATURAL_GAS_BOILER,SOCIAL_HOUSING,93855,9124,7584,130582,9124,0.0,0.0,0.0,1381.799539675581,0.0,MEDIUM,MEDIUM,MEDIUM,5,COST_BASED,COST_BASED,false,false
1,baseline,1,2030,0.0,0.5456475583864119,NATURAL_GAS_BOILER,SOCIAL_HOUSING,94606,7047,6296,137629,7047,0.0,0.0,0.0,1361.511281396339,0.0,MEDIUM,MEDIUM,MEDIUM,5,COST_BASED,COST_BASED,false,false
1,baseline,1,2031,0.0,0.5456475583864119,NATURAL_GAS_BOILER,SOCIAL_HOUSING,96324,6446,4728,144075,6446,0.0,0.0,0.0,1392.144896059572,0.0,MEDIUM,MEDIUM,MEDIUM,5,COST_BASED,COST_BASED,false,false
1,baseline,1,2032,0.0,0.5456475583864119,NATURAL_GAS_BOILER,SOCIAL_HOUSING,98383,6394,4335,150469,6394,0.0,0.0,0.0,1340.5312793243666,0.0,MEDIUM,MEDIUM,MEDIUM,5,COST_BASED,COST_BASED,false,false
1,baseline,1,2033,0.0,0.5456475583864119,NATURAL_GAS_BOILER,SOCIAL_HOUSING,100203,7959,6139,158428,7959,0.0,0.0,0.0,1401.3612262847091,0.0,MEDIUM,MEDIUM,MEDIUM,5,COST_BASED,COST_BASED,false,false
1,baseline,1,2034,0.0,0.5456475583864119,NATURAL_GAS_BOILER,SOCIAL_HOUSING,101317,10714,9600,169142,10714,0.0,0.0,0.0,1353.5060668284489,0.0,MEDIUM,MEDIUM,MEDIUM,5,COST_BASED,COST_BASED,false,false
1,baseline,1,2035,0.0,0.5456475583864119,NATURAL_GAS_BOILER,SOCIAL_HOUSING,104143,12958,10132,182100,12958,0.0,0.0,0.0,1354.5992437104492,0.0,MEDIUM,MEDIUM,MEDIUM,5,COST_BASED,COST_BASED,false,false
1,baseline,1,2036,0.0,0.5456475583864119,NATURAL_GAS_BOILER,SOCIAL_HOUSING,105391,9459,8211,191559,9459,0.0,0.0,0.0,1461.2782535151707,0.0,MEDIUM,MEDIUM,MEDIUM,5,COST_BASED,COST_BASED,false,false
1,baseline,1,2037,0.0,0.5456475583864119,NATURAL_GAS_BOILER,SOCIAL_HOUSING,108089,11568,8870,203127,2698,0.0,0.0,0.0,919.6393624907339,0.0,MEDIUM,MEDIUM,MEDIUM,5,COST_BASED,COST_BASED,false,false
1,baseline,1,2038,0.0,0.5456475583864119,NATURAL_GAS_BOILER,SOCIAL_HOUSING,110557,10914,8446,214041,2468,0.0,0.0,0.0,1069.2232576985414,0.0,MEDIUM,MEDIUM,MEDIUM,5,COST_BASED,COST_BASED,false,false
1,baseline,1,2039,0.0,0.5456475583864119,NATURAL_GAS_BOILER,SOCIAL_HOUSING,111361,9786,8982,223827,804,0.0,0.0,0.0,1088.460199004975,0.0,MEDIUM,MEDIUM,MEDIUM,5,COST_BASED,COST_BASED,false,false
1,baseline,1,2040,0.0,0.5456475583864119,NATURAL_GAS_BOILER,SOCIAL_HOUSING,112479,10110,8992,233937,1118,0.0,0.0,0.0,867.1198568872987,0.0,MEDIUM,MEDIUM,MEDIUM,5,COST_BASED,COST_BASED,false,false
1,baseline,1,2041,0.0,0.5456475583864119,NATURAL_GAS_BOILER,SOCIAL_HOUSING,112479,9124,9124,243061,0,0.0,0.0,0.0,0.0,0.0,MEDIUM,MEDIUM,MEDIUM,5,COST_BASED,COST_BASED,false,false
1,baseline,1,2042,0.0,0.5456475583864119,NATURAL_GAS_BOILER,SOCIAL_HOUSING,113750,8318,7047,251379,1271,0.0,0.0,0.0,1220.0841856805664,0.0,MEDIUM,MEDIUM,MEDIUM,5,COST_BASED,COST_BASED,false,false
1,baseline,1,2043,0.0,0.5456475583864119,NATURAL_GAS_BOILER,SOCIAL_HOUSING,115482,8178,6446,259557,1732,0.0,0.0,0.0,1199.737297921478,0.0,MEDIUM,MEDIUM,MEDIUM,5,COST_BASED,COST_BASED,false,false
1,baseline,1,2044,0.0,0.5456475583864119,NATURAL_GAS_BOILER,SOCIAL_HOUSING,115552,6464,6394,266021,70,0.0,0.0,0.0,1272.9142857142858,0.0,MEDIUM,MEDIUM,MEDIUM,5,COST_BASED,COST_BASED,false,false
1,baseline,1,2045,0.0,0.5456475583864119,NATURAL_GAS_BOILER,SOCIAL_HOUSING,115909,8316,7959,274337,357,0.0,0.0,0.0,1160.0812324929973,0.0,MEDIUM,MEDIUM,MEDIUM,5,COST_BASED,COST_BASED,false,false
1,baseline,1,2046,0.0,0.5456475583864119,NATURAL_GAS_BOILER,SOCIAL_HOUSING,116965,11770,10714,286107,1056,0.0,0.0,0.0,1120.4251893939395,0.0,MEDIUM,MEDIUM,MEDIUM,5,COST_BASED,COST_BASED,false,false
1,baseline,1,2047,0.0,0.5456475583864119,NATURAL_GAS_BOILER,SOCIAL_HOUSING,118941,14934,12958,301041,1976,0.0,0.0,0.0,932.3481781376519,0.0,MEDIUM,MEDIUM,MEDIUM,5,COST_BASED,COST_BASED,false,false
1,baseline,1,2048,0.0,0.5456475583864119,NATURAL_GAS_BOILER,SOCIAL_HOUSING,118941,9459,9459,310500,0,0.0,0.0,0.0,0.0,0.0,MEDIUM,MEDIUM,MEDIUM,5,COST_BASED,COST_BASED,false,false
1,baseline,1,2049,0.0,0.5456475583864119,NATURAL_GAS_BOILER,SOCIAL_HOUSING,118941,11568,11568,322068,0,0.0,0.0,0.0,0.0,0.0,MEDIUM,MEDIUM,MEDIUM,5,COST_BASED,COST_BASED,false,false
1,baseline,1,2050,0.0,0.5456475583864119,NATURAL_GAS_BOILER,SOCIAL_HOUSING,119821,11794,10914,333862,880,0.0,0.0,0.0,1414.3227272727272,0.0,MEDIUM,MEDIUM,MEDIUM,5,COST_BASED,COST_BASED,false,false
1,baseline,1,2024,0.0,0.0,NATURAL_GAS_BOILER,PRIVATELY_RENTED,64660,64660,0,64660,0,0.0,0.0,0.0,0.0,0.0,MEDIUM,MEDIUM,MEDIUM,5,COST_BASED,COST_BASED,false,false
1,baseline,1,2025,0.0,0.13800424628450106,NATURAL_GAS_BOILER,PRIVATELY_RENTED,65069,5976,5567,70636,6788,0.0,0.0,0.0,1441.5833824395993,0.0,MEDIUM,MEDIUM,MEDIUM,5,COST_BASED,COST_BASED,false,false
1,baseline,1,2026,0.0,0.13800424628450106,NATURAL_GAS_BOILER,PRIVATELY_RENTED,65147,5556,5478,76192,6750,0.0,0.0,0.0,1456.1565925925927,0.0,MEDIUM,MEDIUM,MEDIUM,5,COST_BASED,COST_BASED,false,false
1,baseline,1,2027,0.0,0.13800424628450106,NATURAL_GAS_BOILER,PRIVATELY_RENTED,64902,5228,5473,81420,6677,0.0,0.0,0.0,1445.200089860716,0.0,MEDIUM,MEDIUM,MEDIUM,5,COST_BASED,COST_BASED,false,false
1,baseline,1,2028,0.0,0.13800424628450106,NATURAL_GAS_BOILER,PRIVATELY_RENTED,64390,5107,5619,86527,6767,0.0,0.0,0.0,1436.4784985961282,0.0,MEDIUM,MEDIUM,MEDIUM,5,COST_BASED,COST_BASED,false,false
1,baseline,1,2029,0.0,0.13800424628450106,NATURAL_GAS_BOILER,PRIVATELY_RENTED,63666,4699,5423,91226,6683,0.0,0.0,0.0,1465.8817896154421,0.0,MEDIUM,MEDIUM,MEDIUM,5,COST_BASED,COST_BASED,false,false
1,baseline,1,2030,0.0,0.5456475583864119,NATURAL_GAS_BOILER,PRIVATELY_RENTED,62782,4560,5444,95786,6689,0.0,0.0,0.0,1440.590222753775,0.0,MEDIUM,MEDIUM,MEDIUM,5,COST_BASED,COST_BASED,false,false
1,baseline,1,2031,0.0,0.5456475583864119,NATURAL_GAS_BOILER,PRIVATELY_RENTED,61726,4461,5517,100247,6896,0.0,0.0,0.0,1432.2414443155453,0.0,MEDIUM,MEDIUM,MEDIUM,5,COST_BASED,COST_BASED,false,false
1,baseline,1,2032,0.0,0.5456475583864119,NATURAL_GAS_BOILER,PRIVATELY_RENTED,60508,4337,5555,104584,6854,0.0,0.0,0.0,1439.7010504814707,0.0,MEDIUM,MEDIUM,MEDIUM,5,COST_BASED,COST_BASED,false,false
1,baseline,1,2033,0.0,0.5456475583864119,NATURAL_GAS_BOILER,PRIVATELY_RENTED,59269,4025,5264,108609,6762,0.0,0.0,0.0,1431.4285714285713,0.0,MEDIUM,MEDIUM,MEDIUM,5,COST_BASED,COST_BASED,false,false
1,baseline,1,2034,0.0,0.5456475583864119,NATURAL_GAS_BOILER,PRIVATELY_RENTED,57889,3808,5188,112417,6515,0.0,0.0,0.0,1439.8890253261704,0.0,MEDIUM,MEDIUM,MEDIUM,5,COST_BASED,COST_BASED,false,false
1,baseline,1,2035,0.0,0.5456475583864119,NATURAL_GAS_BOILER,PRIVATELY_RENTED,56279,3470,5080,115887,6590,0.0,0.0,0.0,1448.45751138088,0.0,MEDIUM,MEDIUM,MEDIUM,5,COST_BASED,COST_BASED,false,false
1,baseline,1,2036,0.0,0.5456475583864119,NATURAL_GAS_BOILER,PRIVATELY_RENTED,54554,3327,5052,119214,6618,0.0,0.0,0.0,1447.3522212148685,0.0,MEDIUM,MEDIUM,MEDIUM,5,COST_BASED,COST_BASED,false,false
1,baseline,1,2037,0.0,0.5456475583864119,NATURAL_GAS_BOILER,PRIVATELY_RENTED,54882,6304,5976,125518,968,0.0,0.0,0.0,1327.9597107438017,0.0,MEDIUM,MEDIUM,MEDIUM,5,COST_BASED,COST_BASED,false,false
1,baseline,1,2038,0.0,0.5456475583864119,NATURAL_GAS_BOILER,PRIVATELY_RENTED,55246,5920,5556,131438,1061,0.0,0.0,0.0,1235.584354382658,0.0,MEDIUM,MEDIUM,MEDIUM,5,COST_BASED,COST_BASED,false,false
1,baseline,1,2039,0.0,0.5456475583864119,NATURAL_GAS_BOILER,PRIVATELY_RENTED,55796,5778,5228,137216,1000,0.0,0.0,0.0,1224.12,0.0,MEDIUM,MEDIUM,MEDIUM,5,COST_BASED,COST_BASED,false,false
1,baseline,1,2040,0.0,0.5456475583864119,NATURAL_GAS_BOILER,PRIVATELY_RENTED,56031,5342,5107,142558,366,0.0,0.0,0.0,1321.5819672131147,0.0,MEDIUM,MEDIUM,MEDIUM,5,COST_BASED,COST_BASED,false,false
1,baseline,1,2041,0.0,0.5456475583864119,NATURAL_GAS_BOILER,PRIVATELY_RENTED,56640,5308,4699,147866,794,0.0,0.0,0.0,1198.0931989924434,0.0,MEDIUM,MEDIUM,MEDIUM,5,COST_BASED,COST_BASED,false,false
1,baseline,1,2042,0.0,0.5456475583864119,NATURAL_GAS_BOILER,PRIVATELY_RENTED,57088,5008,4560,152874,594,0.0,0.0,0.0,1169.4107744107744,0.0,MEDIUM,MEDIUM,MEDIUM,5,COST_BASED,COST_BASED,false,false
1,baseline,1,2043,0.0,0.5456475583864119,NATURAL_GAS_BOILER,PRIVATELY_RENTED,57392,4765,4461,157639,436,0.0,0.0,0.0,1190.9174311926606,0.0,MEDIUM,MEDIUM,MEDIUM,5,COST_BASED,COST_BASED,false,false
1,baseline,1,2044,0.0,0.5456475583864119,NATURAL_GAS_BOILER,PRIVATELY_RENTED,57675,4620,4337,162259,423,0.0,0.0,0.0,1272.1489361702127,0.0,MEDIUM,MEDIUM,MEDIUM,5,COST_BASED,COST_BASED,false,false
1,baseline,1,2045,0.0,0.5456475583864119,NATURAL_GAS_BOILER,PRIVATELY_RENTED,57906,4256,4025,166515,356,0.0,0.0,0.0,1319.426966292135,0.0,MEDIUM,MEDIUM,MEDIUM,5,COST_BASED,COST_BASED,false,false
1,baseline,1,2046,0.0,0.5456475583864119,NATURAL_GAS_BOILER,PRIVATELY_RENTED,58258,4160,3808,170675,499,0.0,0.0,0.0,1211.3386773547095,0.0,MEDIUM,MEDIUM,MEDIUM,5,COST_BASED,COST_BASED,false,false
1,baseline,1,2047,0.0,0.5456475583864119,NATURAL_GAS_BOILER,PRIVATELY_RENTED,58470,3682,3470,174357,364,0.0,0.0,0.0,1262.8873626373627,0.0,MEDIUM,MEDIUM,MEDIUM,5,COST_BASED,COST_BASED,false,false
1,baseline,1,2048,0.0,0.5456475583864119,NATURAL_GAS_BOILER,PRIVATELY_RENTED,58931,3788,3327,178145,621,0.0,0.0,0.0,1137.2995169082126,0.0,MEDIUM,MEDIUM,MEDIUM,5,COST_BASED,COST_BASED,false,false
1,baseline,1,2049,0.0,0.5456475583864119,NATURAL_GAS_BOILER,PRIVATELY_RENTED,59158,6531,6304,184676,411,0.0,0.0,0.0,1335.0729927007299,0.0,MEDIUM,MEDIUM,MEDIUM,5,COST_BASED,COST_BASED,false,false
1,baseline,1,2050,0.0,0.5456475583864119,NATURAL_GAS_BOILER,PRIVATELY_RENTED,59403,6165,5920,190841,410,0.0,0.0,0.0,1200.5463414634146,0.0,MEDIUM,MEDIUM,MEDIUM,5,COST_BASED,COST_BASED,false,false
1,baseline,1,2024,0.0,0.0,NATURAL_GAS_BLOCK,TOTAL,33312,33312,0,33312,0,0.0,0.0,0.0,0.0,0.0,MEDIUM,MEDIUM,MEDIUM,5,COST_BASED,COST_BASED,false,false
1,baseline,1,2025,0.0,0.13800424628450106,NATURAL_GAS_BLOCK,TOTAL,30524,0,2788,33312,48750,0.2850920928385812,0.5110099308364772,0.06696547243527623,1609.6094153846154,0.6868711889906575,MEDIUM,MEDIUM,MEDIUM,5,COST_BASED,COST_BASED,false,false
1,baseline,1,2026,0.0,0.13800424628450106,NATURAL_GAS_BLOCK,TOTAL,28076,0,2448,33312,48760,0.28665407129617637,0.5123257747458277,0.06065169595354894,1605.9035274815421,0.6892436823004956,MEDIUM,MEDIUM,MEDIUM,5,COST_BASED,COST_BASED,false,false
1,baseline,1,2027,0.0,0.13800424628450106,NATURAL_GAS_BLOCK,TOTAL,25738,0,2338,33312,49291,0.28376898464763395,0.5097337397559288,0.05521208058591765,1608.3057556146152,0.686756853398739,MEDIUM,MEDIUM,MEDIUM,5,COST_BASED,COST_BASED,false,false
1,baseline,1,2028,0.0,0.13800424628450106,NATURAL_GAS_BLOCK,TOTAL,23636,0,2102,33312,50114,0.28573846821818916,0.5091295234176872,0.050265764570851676,1601.4481781538093,0.6859764475006269,MEDIUM,MEDIUM,MEDIUM,5,COST_BASED,COST_BASED,false,false
1,baseline,1,2029,0.0,0.13800424628450106,NATURAL_GAS_BLOCK,TOTAL,20561,0,3075,33312,50479,0.2852269225500867,0.5096004853905346,0.04371761945852135,1602.2196755086275,0.687629295015971,MEDIUM,MEDIUM,MEDIUM,5,COST_BASED,COST_BASED,false,false
1,baseline,1,2030,0.0,0.5456475583864119,NATURAL_GAS_BLOCK,TOTAL,18451,0,2110,33312,48142,0.2852528493868362,0.5027409163751332,0.03809395304793448,1601.6381745669062,0.6780364180849981,MEDIUM,MEDIUM,MEDIUM,5,COST_BASED,COST_BASED,false,false
1,baseline,1,2031,0.0,0.5456475583864119,NATURAL_GAS_BLOCK,TOTAL,15703,0,2748,33312,48701,0.28631447313004577,0.5094731956911964,0.0330496112661456,1604.4233999301862,0.6884999738460121,MEDIUM,MEDIUM,MEDIUM,5,COST_BASED,COST_BASED,false,false
1,baseline,1,2032,0.0,0.5456475583864119,NATURAL_GAS_BLOCK,TOTAL,13444,0,2259,33312,47613,0.2843828102279543,0.5151080271038553,0.02778595034648566,1606.1249448679982,0.6980930943054882,MEDIUM,MEDIUM,MEDIUM,5,COST_BASED,COST_BASED,false,false
1,baseline,1,2033,0.0,0.5456475583864119,NATURAL_GAS_BLOCK,TOTAL,9522,0,3922,33312,49045,0.2852154411660377,0.5179575176171525,0.02257388877113397,1604.9289835865022,0.7028106800378237,MEDIUM,MEDIUM,MEDIUM,5,COST_BASED,COST_BASED,false,false
1,baseline,1,2034,0.0,0.5456475583864119,NATURAL_GAS_BLOCK,TOTAL,5999,0,3523,33312,53769,0.2849941485960254,0.5324751014555024,0.015999605850835603,1554.4259145604344,0.7254641643028856,MEDIUM,MEDIUM,MEDIUM,5,COST_BASED,COST_BASED,false,false
1,baseline,1,2035,0.0,0.5456475583864119,NATURAL_GAS_BLOCK,TOTAL,2788,0,3211,33312,56507,0.2855308337915276,0.5248445207802749,0.008866690837693782,1540.0881660679208,0.7147757363678221,MEDIUM,MEDIUM,MEDIUM,5,COST_BASED,COST_BASED,false,false
1,baseline,1,2036,0.0,0.5456475583864119,NATURAL_GAS_BLOCK,TOTAL,0,0,2788,33312,50212,0.2844211191023548,0.5141952926573092,0.002606312995123904,1617.4933083725007,0.6998618700859747,MEDIUM,MEDIUM,MEDIUM,5,COST_BASED,COST_BASED,false,false
1,baseline,1,2037,0.0,0.5456475583864119,NATURAL_GAS_BLOCK,TOTAL,0,0,0,33312,23232,0.34771353786087367,0.5077280361960043,0.0,1420.7535726584022,0.6746636698287891,MEDIUM,MEDIUM,MEDIUM,5,COST_BASED,COST_BASED,false,false
1,baseline,1,2038,0.0,0.5456475583864119,NATURAL_GAS_BLOCK,TOTAL,0,0,0,33312,18476,0.36362939240735404,0.5229019454974041,0.0,1421.5892509201126,0.6934455701442643,MEDIUM,MEDIUM,MEDIUM,5,COST_BASED,COST_BASED,false,false
1,baseline,1,2039,0.0,0.5456475583864119,NATURAL_GAS_BLOCK,TOTAL,0,0,0,33312,13724,0.3782151482285408,0.5226948939425914,0.0,1502.2908044301953,0.6894885538567564,MEDIUM,MEDIUM,MEDIUM,5,COST_BASED,COST_BASED,false,false
1,baseline,1,2040,0.0,0.5456475583864119,NATURAL_GAS_BLOCK,TOTAL,0,0,0,33312,24860,0.2735317454496864,0.49773543603658665,0.0,1733.724255832663,0.6782202176924548,MEDIUM,MEDIUM,MEDIUM,5,COST_BASED,COST_BASED,false,false
1,baseline,1,2041,0.0,0.5456475583864119,NATURAL_GAS_BLOCK,TOTAL,0,0,0,33312,26427,0.26950607878915506,0.5032528271535133,0.0,1740.6042683619025,0.6875027210329793,MEDIUM,MEDIUM,MEDIUM,5,COST_BASED,COST_BASED,false,false
1,baseline,1,2042,0.0,0.5456475583864119,NATURAL_GAS_BLOCK,TOTAL,0,0,0,33312,28096,0.26455462548209535,0.4975808430959353,0.0,1715.631513382688,0.6802326082733784,MEDIUM,MEDIUM,MEDIUM,5,COST_BASED,COST_BASED,false,false
1,baseline,1,2043,0.0,0.5456475583864119,NATURAL_GAS_BLOCK,TOTAL,0,0,0,33312,30967,0.26749881530978387,0.49523776408337206,0.0,1700.4872283398456,0.675981942297607,MEDIUM,MEDIUM,MEDIUM,5,COST_BASED,COST_BASED,false,false
1,baseline,1,2044,0.0,0.5456475583864119,NATURAL_GAS_BLOCK,TOTAL,0,0,0,33312,31261,0.2683370886072676,0.502703763171148,0.0,1716.4046255717988,0.6869713726049007,MEDIUM,MEDIUM,MEDIUM,5,COST_BASED,COST_BASED,false,false
1,baseline,1,2045,0.0,0.5456475583864119,NATURAL_GAS_BLOCK,TOTAL,0,0,0,33312,31529,0.26626466481111694,0.4939643352272898,0.0,1691.5690951187796,0.6743803366381557,MEDIUM,MEDIUM,MEDIUM,5,COST_BASED,COST_BASED,false,false
1,baseline,1,2046,0.0,0.5456475583864119,NATURAL_GAS_BLOCK,TOTAL,0,0,0,33312,33705,0.26914268320374785,0.5042479328208402,0.0,1662.8401720812935,0.6890862284303282,MEDIUM,MEDIUM,MEDIUM,5,COST_BASED,COST_BASED,false,false
1,baseline,1,2047,0.0,0.5456475583864119,NATURAL_GAS_BLOCK,TOTAL,0,0,0,33312,35405,0.2742733087406716,0.5081955599500673,0.0,1642.644541731394,0.6937250127399355,MEDIUM,MEDIUM,MEDIUM,5,COST_BASED,COST_BASED,false,false
1,baseline,1,2048,0.0,0.5456475583864119,NATURAL_GAS_BLOCK,TOTAL,0,0,0,33312,33914,0.2738002203792399,0.5141547022790893,0.0,1671.7661732617798,0.7027819983238366,MEDIUM,MEDIUM,MEDIUM,5,COST_BASED,COST_BASED,false,false
1,baseline,1,2049,0.0,0.5456475583864119,NATURAL_GAS_BLOCK,TOTAL,0,0,0,33312,34864,0.27028223269278756,0.5269844502055544,0.0,1636.4192863698945,0.7229061171351254,MEDIUM,MEDIUM,MEDIUM,5,COST_BASED,COST_BASED,false,false
1,baseline,1,2050,0.0,0.5456475583864119,NATURAL_GAS_BLOCK,TOTAL,0,0,0,33312,37005,0.27482536491122606,0.5206594252742263,0.0,1615.3669774354817,0.7122827966835461,MEDIUM,MEDIUM,MEDIUM,5,COST_BASED,COST_BASED,false,false
1,baseline,1,2024,0.0,0.0,NATURAL_GAS_BLOCK,PRIVATELY_OWNED,20304,20304,0,20304,0,0.0,0.0,0.0,0.0,0.0,MEDIUM,MEDIUM,MEDIUM,5,COST_BASED,COST_BASED,false,false
1,baseline,1,2025,0.0,0.13800424628450106,NATURAL_GAS_BLOCK,PRIVATELY_OWNED,18638,0,1666,20304,33092,0.2850920928385812,0.5110099308364772,0.06696547243527623,1701.2692795841895,0.6868711889906575,MEDIUM,MEDIUM,MEDIUM,5,COST_BASED,COST_BASED,false,false
1,baseline,1,2026,0.0,0.13800424628450106,NATURAL_GAS_BLOCK,PRIVATELY_OWNED,17066,0,1572,20304,33564,0.28665407129617637,0.5123257747458277,0.06065169595354894,1706.339321892504,0.6892436823004956,MEDIUM,MEDIUM,MEDIUM,5,COST_BASED,COST_BASED,false,false
1,baseline,1,2027,0.0,0.13800424628450106,NATURAL_GAS_BLOCK,PRIVATELY_OWNED,15491,0,1575,20304,33632,0.28376898464763395,0.5097337397559288,0.05521208058591765,1695.880441246432,0.686756853398739,MEDIUM,MEDIUM,MEDIUM,5,COST_BASED,COST_BASED,false,false
1,baseline,1,2028,0.0,0.13800424628450106,NATURAL_GAS_BLOCK,PRIVATELY_OWNED,13888,0,1603,20304,34355,0.28573846821818916,0.5091295234176872,0.050265764570851676,1688.5794498617377,0.6859764475006269,MEDIUM,MEDIUM,MEDIUM,5,COST_BASED,COST_BASED,false,false
1,baseline,1,2029,0.0,0.13800424628450106,NATURAL_GAS_BLOCK,PRIVATELY_OWNED,12196,0,1692,20304,34672,0.2852269225500867,0.5096004853905346,0.04371761945852135,1686.2561144439317,0.687629295015971,MEDIUM,MEDIUM,MEDIUM,5,COST_BASED,COST_BASED,false,false
1,baseline,1,2030,0.0,0.5456475583864119,NATURAL_GAS_BLOCK,PRIVATELY_OWNED,10665,0,1531,20304,34406,0.2852528493868362,0.5027409163751332,0.03809395304793448,1681.8762715805383,0.6780364180849981,MEDIUM,MEDIUM,MEDIUM,5,COST_BASED,COST_BASED,false,false
1,baseline,1,2031,0.0,0.5456475583864119,NATURAL_GAS_BLOCK,PRIVATELY_OWNED,9012,0,1653,20304,35359,0.28631447313004577,0.5094731956911964,0.0330496112661456,1676.433637829124,0.6884999738460121,MEDIUM,MEDIUM,MEDIUM,5,COST_BASED,COST_BASED,false,false
1,baseline,1,2032,0.0,0.5456475583864119,NATURAL_GAS_BLOCK,PRIVATELY_OWNED,7477,0,1535,20304,34365,0.2843828102279543,0.5151080271038553,0.02778595034648566,1688.4372762985595,0.6980930943054882,MEDIUM,MEDIUM,MEDIUM,5,COST_BASED,COST_BASED,false,false
1,baseline,1,2033,0.0,0.5456475583864119,NATURAL_GAS_BLOCK,PRIVATELY_OWNED,5755,0,1722,20304,34324,0.2852154411660377,0.5179575176171525,0.02257388877113397,1685.9520452161753,0.7028106800378237,MEDIUM,MEDIUM,MEDIUM,5,COST_BASED,COST_BASED,false,false
1,baseline,1,2034,0.0,0.5456475583864119,NATURAL_GAS_BLOCK,PRIVATELY_OWNED,3700,0,2055,20304,36540,0.2849941485960254,0.5324751014555024,0.015999605850835603,1633.3418445539135,0.7254641643028856,MEDIUM,MEDIUM,MEDIUM,5,COST_BASED,COST_BASED,false,false
1,baseline,1,2035,0.0,0.5456475583864119,NATURAL_GAS_BLOCK,PRIVATELY_OWNED,1556,0,2144,20304,36959,0.2855308337915276,0.5248445207802749,0.008866690837693782,1620.9572499255933,0.7147757363678221,MEDIUM,MEDIUM,MEDIUM,5,COST_BASED,COST_BASED,false,false
1,baseline,1,2036,0.0,0.5456475583864119,NATURAL_GAS_BLOCK,PRIVATELY_OWNED,0,0,1556,20304,34135,0.2844211191023548,0.5141952926573092,0.002606312995123904,1693.2679654313754,0.6998618700859747,MEDIUM,MEDIUM,MEDIUM,5,COST_BASED,COST_BASED,false,false
1,baseline,1,2037,0.0,0.5456475583864119,NATURAL_GAS_BLOCK,PRIVATELY_OWNED,0,0,0,20304,19566,0.34771353786087367,0.5077280361960043,0.0,1494.2711847081673,0.6746636698287891,MEDIUM,MEDIUM,MEDIUM,5,COST_BASED,COST_BASED,false,false
1,baseline,1,2038,0.0,0.5456475583864119,NATURAL_GAS_BLOCK,PRIVATELY_OWNED,0,0,0,20304,14947,0.36362939240735404,0.5229019454974041,0.0,1492.7343279587876,0.6934455701442643,MEDIUM,MEDIUM,MEDIUM,5,COST_BASED,COST_BASED,false,false
1,baseline,1,2039,0.0,0.5456475583864119,NATURAL_GAS_BLOCK,PRIVATELY_OWNED,0,0,0,20304,11920,0.3782151482285408,0.5226948939425914,0.0,1553.3730704697987,0.6894885538567564,MEDIUM,MEDIUM,MEDIUM,5,COST_BASED,COST_BASED,false,false
1,baseline,1,2040,0.0,0.5456475583864119,NATURAL_GAS_BLOCK,PRIVATELY_OWNED,0,0,0,20304,23376,0.2735317454496864,0.49773543603658665,0.0,1781.5569387405887,0.6782202176924548,MEDIUM,MEDIUM,MEDIUM,5,COST_BASED,COST_BASED,false,false
1,baseline,1,2041,0.0,0.5456475583864119,NATURAL_GAS_BLOCK,PRIVATELY_OWNED,0,0,0,20304,25633,0.26950607878915506,0.5032528271535133,0.0,1757.3703429173331,0.6875027210329793,MEDIUM,MEDIUM,MEDIUM,5,COST_BASED,COST_BASED,false,false
1,baseline,1,2042,0.0,0.5456475583864119,NATURAL_GAS_BLOCK,PRIVATELY_OWNED,0,0,0,20304,26231,0.26455462548209535,0.4975808430959353,0.0,1751.9180740345394,0.6802326082733784,MEDIUM,MEDIUM,MEDIUM,5,COST_BASED,COST_BASED,false,false
1,baseline,1,2043,0.0,0.5456475583864119,NATURAL_GAS_BLOCK,PRIVATELY_OWNED,0,0,0,20304,28799,0.26749881530978387,0.49523776408337206,0.0,1738.214382443835,0.675981942297607,MEDIUM,MEDIUM,MEDIUM,5,COST_BASED,COST_BASED,false,false
1,baseline,1,2044,0.0,0.5456475583864119,NATURAL_GAS_BLOCK,PRIVATELY_OWNED,0,0,0,20304,30768,0.2683370886072676,0.502703763171148,0.0,1723.4977249089964,0.6869713726049007,MEDIUM,MEDIUM,MEDIUM,5,COST_BASED,COST_BASED,false,false
1,baseline,1,2045,0.0,0.5456475583864119,NATURAL_GAS_BLOCK,PRIVATELY_OWNED,0,0,0,20304,30816,0.26626466481111694,0.4939643352272898,0.0,1701.9919846832813,0.6743803366381557,MEDIUM,MEDIUM,MEDIUM,5,COST_BASED,COST_BASED,false,false
1,baseline,1,2046,0.0,0.5456475583864119,NATURAL_GAS_BLOCK,PRIVATELY_OWNED,0,0,0,20304,32150,0.26914268320374785,0.5042479328208402,0.0,1687.5935925349922,0.6890862284303282,MEDIUM,MEDIUM,MEDIUM,5,COST_BASED,COST_BASED,false,false
1,baseline,1,2047,0.0,0.5456475583864119,NATURAL_GAS_BLOCK,PRIVATELY_OWNED,0,0,0,20304,33065,0.2742733087406716,0.5081955599500673,0.0,1689.1739301376078,0.6937250127399355,MEDIUM,MEDIUM,MEDIUM,5,COST_BASED,COST_BASED,false,false
1,baseline,1,2048,0.0,0.5456475583864119,NATURAL_GAS_BLOCK,PRIVATELY_OWNED,0,0,0,20304,33293,0.2738002203792399,0.5141547022790893,0.0,1681.7069353918241,0.7027819983238366,MEDIUM,MEDIUM,MEDIUM,5,COST_BASED,COST_BASED,false,false
1,baseline,1,2049,0.0,0.5456475583864119,NATURAL_GAS_BLOCK,PRIVATELY_OWNED,0,0,0,20304,34453,0.27028223269278756,0.5269844502055544,0.0,1639.9929178881375,0.7229061171351254,MEDIUM,MEDIUM,MEDIUM,5,COST_BASED,COST_BASED,false,false
1,baseline,1,2050,0.0,0.5456475583864119,NATURAL_GAS_BLOCK,PRIVATELY_OWNED,0,0,0,20304,35715,0.27482536491122606,0.5206594252742263,0.0,1625.0163796724066,0.7122827966835461,MEDIUM,MEDIUM,MEDIUM,5,COST_BASED,COST_BASED,false,false
1,baseline,1,2024,0.0,0.0,NATURAL_GAS_BLOCK,SOCIAL_HOUSING,7714,7714,0,7714,0,0.0,0.0,0.0,0.0,0.0,MEDIUM,MEDIUM,MEDIUM,5,COST_BASED,COST_BASED,false,false
1,baseline,1,2025,0.0,0.13800424628450106,NATURAL_GAS_BLOCK,SOCIAL_HOUSING,7058,0,656,7714,8870,0.0,0.0,0.0,1396.2331454340474,0.0,MEDIUM,MEDIUM,MEDIUM,5,COST_BASED,COST_BASED,false,false
1,baseline,1,2026,0.0,0.13800424628450106,NATURAL_GAS_BLOCK,SOCIAL_HOUSING,6672,0,386,7714,8446,0.0,0.0,0.0,1326.3086668245323,0.0,MEDIUM,MEDIUM,MEDIUM,5,COST_BASED,COST_BASED,false,false
1,baseline,1,2027,0.0,0.13800424628450106,NATURAL_GAS_BLOCK,SOCIAL_HOUSING,6335,0,337,7714,8982,0.0,0.0,0.0,1401.4077042974839,0.0,MEDIUM,MEDIUM,MEDIUM,5,COST_BASED,COST_BASED,false,false
1,baseline,1,2028,0.0,0.13800424628450106,NATURAL_GAS_BLOCK,SOCIAL_HOUSING,6243,0,92,7714,8992,0.0,0.0,0.0,1392.3677713523132,0.0,MEDIUM,MEDIUM,MEDIUM,5,COST_BASED,COST_BASED,false,false
1,baseline,1,2029,0.0,0.13800424628450106,NATURAL_GAS_BLOCK,SOCIAL_HOUSING,5259,0,984,7714,9124,0.0,0.0,0.0,1382.3282551512496,0.0,MEDIUM,MEDIUM,MEDIUM,5,COST_BASED,COST_BASED,false,false
1,baseline,1,2030,0.0,0.5456475583864119,NATURAL_GAS_BLOCK,SOCIAL_HOUSING,5056,0,203,7714,7047,0.0,0.0,0.0,1362.134667234284,0.0,MEDIUM,MEDIUM,MEDIUM,5,COST_BASED,COST_BASED,false,false
1,baseline,1,2031,0.0,0.5456475583864119,NATURAL_GAS_BLOCK,SOCIAL_HOUSING,4370,0,686,7714,6446,0.0,0.0,0.0,1392.8544834005586,0.0,MEDIUM,MEDIUM,MEDIUM,5,COST_BASED,COST_BASED,false,false
1,baseline,1,2032,0.0,0.5456475583864119,NATURAL_GAS_BLOCK,SOCIAL_HOUSING,4130,0,240,7714,6394,0.0,0.0,0.0,1341.2852674382234,0.0,MEDIUM,MEDIUM,MEDIUM,5,COST_BASED,COST_BASED,false,false
1,baseline,1,2033,0.0,0.5456475583864119,NATURAL_GAS_BLOCK,SOCIAL_HOUSING,2506,0,1624,7714,7959,0.0,0.0,0.0,1402.2006533484107,0.0,MEDIUM,MEDIUM,MEDIUM,5,COST_BASED,COST_BASED,false,false
1,baseline,1,2034,0.0,0.5456475583864119,NATURAL_GAS_BLOCK,SOCIAL_HOUSING,1503,0,1003,7714,10714,0.0,0.0,0.0,1354.3795034534255,0.0,MEDIUM,MEDIUM,MEDIUM,5,COST_BASED,COST_BASED,false,false
1,baseline,1,2035,0.0,0.5456475583864119,NATURAL_GAS_BLOCK,SOCIAL_HOUSING,819,0,684,7714,12958,0.0,0.0,0.0,1355.5392035807995,0.0,MEDIUM,MEDIUM,MEDIUM,5,COST_BASED,COST_BASED,false,false
1,baseline,1,2036,0.0,0.5456475583864119,NATURAL_GAS_BLOCK,SOCIAL_HOUSING,0,0,819,7714,9459,0.0,0.0,0.0,1462.345491066709,0.0,MEDIUM,MEDIUM,MEDIUM,5,COST_BASED,COST_BASED,false,false
1,baseline,1,2037,0.0,0.5456475583864119,NATURAL_GAS_BLOCK,SOCIAL_HOUSING,0,0,0,7714,2698,0.0,0.0,0.0,920.5063009636768,0.0,MEDIUM,MEDIUM,MEDIUM,5,COST_BASED,COST_BASED,false,false
1,baseline,1,2038,0.0,0.5456475583864119,NATURAL_GAS_BLOCK,SOCIAL_HOUSING,0,0,0,7714,2468,0.0,0.0,0.0,1070.2228525121557,0.0,MEDIUM,MEDIUM,MEDIUM,5,COST_BASED,COST_BASED,false,false
1,baseline,1,2039,0.0,0.5456475583864119,NATURAL_GAS_BLOCK,SOCIAL_HOUSING,0,0,0,7714,804,0.0,0.0,0.0,1089.5323383084576,0.0,MEDIUM,MEDIUM,MEDIUM,5,COST_BASED,COST_BASED,false,false
1,baseline,1,2040,0.0,0.5456475583864119,NATURAL_GAS_BLOCK,SOCIAL_HOUSING,0,0,0,7714,1118,0.0,0.0,0.0,868.108228980322,0.0,MEDIUM,MEDIUM,MEDIUM,5,COST_BASED,COST_BASED,false,false
1,baseline,1,2041,0.0,0.5456475583864119,NATURAL_GAS_BLOCK,SOCIAL_HOUSING,0,0,0,7714,0,0.0,0.0,0.0,0.0,0.0,MEDIUM,MEDIUM,MEDIUM,5,COST_BASED,COST_BASED,false,false
1,baseline,1,2042,0.0,0.5456475583864119,NATURAL_GAS_BLOCK,SOCIAL_HOUSING,0,0,0,7714,1271,0.0,0.0,0.0,1221.4146341463415,0.0,MEDIUM,MEDIUM,MEDIUM,5,COST_BASED,COST_BASED,false,false
1,baseline,1,2043,0.0,0.5456475583864119,NATURAL_GAS_BLOCK,SOCIAL_HOUSING,0,0,0,7714,1732,0.0,0.0,0.0,1201.1177829099306,0.0,MEDIUM,MEDIUM,MEDIUM,5,COST_BASED,COST_BASED,false,false
1,baseline,1,2044,0.0,0.5456475583864119,NATURAL_GAS_BLOCK,SOCIAL_HOUSING,0,0,0,7714,70,0.0,0.0,0.0,1274.4142857142858,0.0,MEDIUM,MEDIUM,MEDIUM,5,COST_BASED,COST_BASED,false,false
1,baseline,1,2045,0.0,0.5456475583864119,NATURAL_GAS_BLOCK,SOCIAL_HOUSING,0,0,0,7714,357,0.0,0.0,0.0,1161.4901960784314,0.0,MEDIUM,MEDIUM,MEDIUM,5,COST_BASED,COST_BASED,false,false
1,baseline,1,2046,0.0,0.5456475583864119,NATURAL_GAS_BLOCK,SOCIAL_HOUSING,0,0,0,7714,1056,0.0,0.0,0.0,1121.8560606060605,0.0,MEDIUM,MEDIUM,MEDIUM,5,COST_BASED,COST_BASED,false,false
1,baseline,1,2047,0.0,0.5456475583864119,NATURAL_GAS_BLOCK,SOCIAL_HOUSING,0,0,0,7714,1976,0.0,0.0,0.0,933.7125506072874,0.0,MEDIUM,MEDIUM,MEDIUM,5,COST_BASED,COST_BASED,false,false
1,baseline,1,2048,0.0,0.5456475583864119,NATURAL_GAS_BLOCK,SOCIAL_HOUSING,0,0,0,7714,0,0.0,0.0,0.0,0.0,0.0,MEDIUM,MEDIUM,MEDIUM,5,COST_BASED,COST_BASED,false,false
1,baseline,1,2049,0.0,0.5456475583864119,NATURAL_GAS_BLOCK,SOCIAL_HOUSING,0,0,0,7714,0,0.0,0.0,0.0,0.0,0.0,MEDIUM,MEDIUM,MEDIUM,5,COST_BASED,COST_BASED,false,false
1,baseline,1,2050,0.0,0.5456475583864119,NATURAL_GAS_BLOCK,SOCIAL_HOUSING,0,0,0,7714,880,0.0,0.0,0.0,1416.2238636363636,0.0,MEDIUM,MEDIUM,MEDIUM,5,COST_BASED,COST_BASED,false,false
1,baseline,1,2024,0.0,0.0,NATURAL_GAS_BLOCK,PRIVATELY_RENTED,5294,5294,0,5294,0,0.0,0.0,0.0,0.0,0.0,MEDIUM,MEDIUM,MEDIUM,5,COST_BASED,COST_BASED,false,false
1,baseline,1,2025,0.0,0.13800424628450106,NATURAL_GAS_BLOCK,PRIVATELY_RENTED,4828,0,466,5294,6788,0.0,0.0,0.0,1441.5833824395993,0.0,MEDIUM,MEDIUM,MEDIUM,5,COST_BASED,COST_BASED,false,false
1,baseline,1,2026,0.0,0.13800424628450106,NATURAL_GAS_BLOCK,PRIVATELY_RENTED,4338,0,490,5294,6750,0.0,0.0,0.0,1456.3377777777778,0.0,MEDIUM,MEDIUM,MEDIUM,5,COST_BASED,COST_BASED,false,false
1,baseline,1,2027,0.0,0.13800424628450106,NATURAL_GAS_BLOCK,PRIVATELY_RENTED,3912,0,426,5294,6677,0.0,0.0,0.0,1445.5150516699116,0.0,MEDIUM,MEDIUM,MEDIUM,5,COST_BASED,COST_BASED,false,false
1,baseline,1,2028,0.0,0.13800424628450106,NATURAL_GAS_BLOCK,PRIVATELY_RENTED,3505,0,407,5294,6767,0.0,0.0,0.0,1436.922713166839,0.0,MEDIUM,MEDIUM,MEDIUM,5,COST_BASED,COST_BASED,false,false
1,baseline,1,2029,0.0,0.13800424628450106,NATURAL_GAS_BLOCK,PRIVATELY_RENTED,3106,0,399,5294,6683,0.0,0.0,0.0,1466.439024390244,0.0,MEDIUM,MEDIUM,MEDIUM,5,COST_BASED,COST_BASED,false,false
1,baseline,1,2030,0.0,0.5456475583864119,NATURAL_GAS_BLOCK,PRIVATELY_RENTED,2730,0,376,5294,6689,0.0,0.0,0.0,1441.2418896696067,0.0,MEDIUM,MEDIUM,MEDIUM,5,COST_BASED,COST_BASED,false,false
1,baseline,1,2031,0.0,0.5456475583864119,NATURAL_GAS_BLOCK,PRIVATELY_RENTED,2321,0,409,5294,6896,0.0,0.0,0.0,1432.9563515081206,0.0,MEDIUM,MEDIUM,MEDIUM,5,COST_BASED,COST_BASED,false,false
1,baseline,1,2032,0.0,0.5456475583864119,NATURAL_GAS_BLOCK,PRIVATELY_RENTED,1837,0,484,5294,6854,0.0,0.0,0.0,1440.4875984826378,0.0,MEDIUM,MEDIUM,MEDIUM,5,COST_BASED,COST_BASED,false,false
1,baseline,1,2033,0.0,0.5456475583864119,NATURAL_GAS_BLOCK,PRIVATELY_RENTED,1261,0,576,5294,6762,0.0,0.0,0.0,1432.2698905649215,0.0,MEDIUM,MEDIUM,MEDIUM,5,COST_BASED,COST_BASED,false,false
1,baseline,1,2034,0.0,0.5456475583864119,NATURAL_GAS_BLOCK,PRIVATELY_RENTED,796,0,465,5294,6515,0.0,0.0,0.0,1440.7972371450498,0.0,MEDIUM,MEDIUM,MEDIUM,5,COST_BASED,COST_BASED,false,false
1,baseline,1,2035,0.0,0.5456475583864119,NATURAL_GAS_BLOCK,PRIVATELY_RENTED,413,0,383,5294,6590,0.0,0.0,0.0,1449.4273141122912,0.0,MEDIUM,MEDIUM,MEDIUM,5,COST_BASED,COST_BASED,false,false
1,baseline,1,2036,0.0,0.5456475583864119,NATURAL_GAS_BLOCK,PRIVATELY_RENTED,0,0,413,5294,6618,0.0,0.0,0.0,1448.4052583862194,0.0,MEDIUM,MEDIUM,MEDIUM,5,COST_BASED,COST_BASED,false,false
1,baseline,1,2037,0.0,0.5456475583864119,NATURAL_GAS_BLOCK,PRIVATELY_RENTED,0,0,0,5294,968,0.0,0.0,0.0,1329.0402892561983,0.0,MEDIUM,MEDIUM,MEDIUM,5,COST_BASED,COST_BASED,false,false
1,baseline,1,2038,0.0,0.5456475583864119,NATURAL_GAS_BLOCK,PRIVATELY_RENTED,0,0,0,5294,1061,0.0,0.0,0.0,1236.6380772855796,0.0,MEDIUM,MEDIUM,MEDIUM,5,COST_BASED,COST_BASED,false,false
1,baseline,1,2039,0.0,0.5456475583864119,NATURAL_GAS_BLOCK,PRIVATELY_RENTED,0,0,0,5294,1000,0.0,0.0,0.0,1225.248,0.0,MEDIUM,MEDIUM,MEDIUM,5,COST_BASED,COST_BASED,false,false
1,baseline,1,2040,0.0,0.5456475583864119,NATURAL_GAS_BLOCK,PRIVATELY_RENTED,0,0,0,5294,366,0.0,0.0,0.0,1322.8551912568305,0.0,MEDIUM,MEDIUM,MEDIUM,5,COST_BASED,COST_BASED,false,false
1,baseline,1,2041,0.0,0.5456475583864119,NATURAL_GAS_BLOCK,PRIVATELY_RENTED,0,0,0,5294,794,0.0,0.0,0.0,1199.33879093199,0.0,MEDIUM,MEDIUM,MEDIUM,5,COST_BASED,COST_BASED,false,false
1,baseline,1,2042,0.0,0.5456475583864119,NATURAL_GAS_BLOCK,PRIVATELY_RENTED,0,0,0,5294,594,0.0,0.0,0.0,1170.7104377104376,0.0,MEDIUM,MEDIUM,MEDIUM,5,COST_BASED,COST_BASED,false,false
1,baseline,1,2043,0.0,0.5456475583864119,NATURAL_GAS_BLOCK,PRIVATELY_RENTED,0,0,0,5294,436,0.0,0.0,0.0,1192.2385321100917,0.0,MEDIUM,MEDIUM,MEDIUM,5,COST_BASED,COST_BASED,false,false
1,baseline,1,2044,0.0,0.5456475583864119,NATURAL_GAS_BLOCK,PRIVATELY_RENTED,0,0,0,5294,423,0.0,0.0,0.0,1273.612293144208,0.0,MEDIUM,MEDIUM,MEDIUM,5,COST_BASED,COST_BASED,false,false
1,baseline,1,2045,0.0,0.5456475583864119,NATURAL_GAS_BLOCK,PRIVATELY_RENTED,0,0,0,5294,356,0.0,0.0,0.0,1320.9129213483145,0.0,MEDIUM,MEDIUM,MEDIUM,5,COST_BASED,COST_BASED,false,false
1,baseline,1,2046,0.0,0.5456475583864119,NATURAL_GAS_BLOCK,PRIVATELY_RENTED,0,0,0,5294,499,0.0,0.0,0.0,1212.8537074148296,0.0,MEDIUM,MEDIUM,MEDIUM,5,COST_BASED,COST_BASED,false,false
1,baseline,1,2047,0.0,0.5456475583864119,NATURAL_GAS_BLOCK,PRIVATELY_RENTED,0,0,0,5294,364,0.0,0.0,0.0,1264.5,0.0,MEDIUM,MEDIUM,MEDIUM,5,COST_BASED,COST_BASED,false,false
1,baseline,1,2048,0.0,0.5456475583864119,NATURAL_GAS_BLOCK,PRIVATELY_RENTED,0,0,0,5294,621,0.0,0.0,0.0,1138.8228663446055,0.0,MEDIUM,MEDIUM,MEDIUM,5,COST_BASED,COST_BASED,false,false
1,baseline,1,2049,0.0,0.5456475583864119,NATURAL_GAS_BLOCK,PRIVATELY_RENTED,0,0,0,5294,411,0.0,0.0,0.0,1336.851581508516,0.0,MEDIUM,MEDIUM,MEDIUM,5,COST_BASED,COST_BASED,false,false
1,baseline,1,2050,0.0,0.5456475583864119,NATURAL_GAS_BLOCK,PRIVATELY_RENTED,0,0,0,5294,410,0.0,0.0,0.0,1202.239024390244,0.0,MEDIUM,MEDIUM,MEDIUM,5,COST_BASED,COST_BASED,false,false
1,baseline,1,2024,0.0,0.0,DISTRICT_HEATING,TOTAL,83607,83607,0,83607,0,0.0,0.0,0.0,0.0,0.0,MEDIUM,MEDIUM,MEDIUM,5,COST_BASED,COST_BASED,false,false
1,baseline,1,2025,0.0,0.13800424628450106,DISTRICT_HEATING,TOTAL,84662,2774,1719,86381,48750,0.7656310560253007,0.6002668694760795,0.13114539906879646,1801.5956512820512,0.6925993653241929,MEDIUM,MEDIUM,MEDIUM,5,COST_BASED,COST_BASED,false,false
1,baseline,1,2026,0.0,0.13800424628450106,DISTRICT_HEATING,TOTAL,85432,3076,2306,89457,48760,0.766585670115384,0.6031411935810824,0.14412191925166493,1797.4765381460213,0.6950501329363219,MEDIUM,MEDIUM,MEDIUM,5,COST_BASED,COST_BASED,false,false
1,baseline,1,2027,0.0,0.13800424628450106,DISTRICT_HEATING,TOTAL,84441,2687,3678,92144,49291,0.7646332958333965,0.6011936974834771,0.14407294334389525,1798.9157046925402,0.6926231043488732,MEDIUM,MEDIUM,MEDIUM,5,COST_BASED,COST_BASED,false,false
1,baseline,1,2028,0.0,0.13800424628450106,DISTRICT_HEATING,TOTAL,83536,2590,3495,94734,50114,0.7664110911437307,0.6014570212228948,0.14851820475493538,1790.627748732889,0.6920179834540403,MEDIUM,MEDIUM,MEDIUM,5,COST_BASED,COST_BASED,false,false
1,baseline,1,2029,0.0,0.13800424628450106,DISTRICT_HEATING,TOTAL,83348,2320,2508,97054,50479,0.7650481853675651,0.6027315093179286,0.15274603272514714,1791.0750212959845,0.6937419635443572,MEDIUM,MEDIUM,MEDIUM,5,COST_BASED,COST_BASED,false,false
1,baseline,1,2030,0.0,0.5456475583864119,DISTRICT_HEATING,TOTAL,83742,3204,2810,100258,48142,0.7645990592142741,0.5966497810253995,0.15397898722476874,1789.6618752856134,0.6845775333314291,MEDIUM,MEDIUM,MEDIUM,5,COST_BASED,COST_BASED,false,false
1,baseline,1,2031,0.0,0.5456475583864119,DISTRICT_HEATING,TOTAL,83368,3342,3716,103600,48701,0.765700002492478,0.6041413984679669,0.15705702148112108,1792.3451058499825,0.6951549693936973,MEDIUM,MEDIUM,MEDIUM,5,COST_BASED,COST_BASED,false,false
1,baseline,1,2032,0.0,0.5456475583864119,DISTRICT_HEATING,TOTAL,82271,2622,3719,106222,47613,0.7642928200800662,0.610113794160671,0.16235497315838385,1794.147942788734,0.7038031145762003,MEDIUM,MEDIUM,MEDIUM,5,COST_BASED,COST_BASED,false,false
1,baseline,1,2033,0.0,0.5456475583864119,DISTRICT_HEATING,TOTAL,82916,2322,1677,108544,49045,0.7652436097789532,0.6128724198060802,0.16120456834753807,1791.9663778162912,0.707847156220937,MEDIUM,MEDIUM,MEDIUM,5,COST_BASED,COST_BASED,false,false
1,baseline,1,2034,0.0,0.5456475583864119,DISTRICT_HEATING,TOTAL,83389,2880,2407,111424,53769,0.7653614938770804,0.6283948561022862,0.1706614607803461,1733.568915174171,0.7299192280866164,MEDIUM,MEDIUM,MEDIUM,5,COST_BASED,COST_BASED,false,false
1,baseline,1,2035,0.0,0.5456475583864119,DISTRICT_HEATING,TOTAL,81046,2138,4481,113562,56507,0.7650431044598213,0.620995457453916,0.1658658795679898,1717.1138619993983,0.7194991751199223,MEDIUM,MEDIUM,MEDIUM,5,COST_BASED,COST_BASED,false,false
1,baseline,1,2036,0.0,0.5456475583864119,DISTRICT_HEATING,TOTAL,80493,2132,2685,115694,50212,0.7650364885454078,0.6129016763955357,0.17693791011335672,1804.832769059189,0.705976153692775,MEDIUM,MEDIUM,MEDIUM,5,COST_BASED,COST_BASED,false,false
1,baseline,1,2037,0.0,0.5456475583864119,DISTRICT_HEATING,TOTAL,76469,707,4731,116401,23232,0.8129054178904764,0.604862458793771,0.16602318724312484,1576.5285812672175,0.6833144353126502,MEDIUM,MEDIUM,MEDIUM,5,COST_BASED,COST_BASED,false,false
1,baseline,1,2038,0.0,0.5456475583864119,DISTRICT_HEATING,TOTAL,73006,738,4201,117139,18476,0.8201094965994419,0.6182783686779894,0.16320759046123914,1579.7705672223426,0.7019892300594743,MEDIUM,MEDIUM,MEDIUM,5,COST_BASED,COST_BASED,false,false
1,baseline,1,2039,0.0,0.5456475583864119,DISTRICT_HEATING,TOTAL,71044,613,2575,117752,13724,0.8288615912126602,0.6175169186781052,0.16258167881805616,1671.2347712037306,0.6987372703617319,MEDIUM,MEDIUM,MEDIUM,5,COST_BASED,COST_BASED,false,false
1,baseline,1,2040,0.0,0.5456475583864119,DISTRICT_HEATING,TOTAL,68880,388,2552,118140,24860,0.748239583596374,0.5928925284053905,0.12703039865605187,1941.6523330651648,0.6864000968769806,MEDIUM,MEDIUM,MEDIUM,5,COST_BASED,COST_BASED,false,false
1,baseline,1,2041,0.0,0.5456475583864119,DISTRICT_HEATING,TOTAL,67296,479,2063,118619,26427,0.7457090828900123,0.5992049538759947,0.1334980073790459,1948.1848109887615,0.695692909169109,MEDIUM,MEDIUM,MEDIUM,5,COST_BASED,COST_BASED,false,false
1,baseline,1,2042,0.0,0.5456475583864119,DISTRICT_HEATING,TOTAL,64702,457,3051,119076,28096,0.7412368482339596,0.592965964625565,0.12648931726344168,1918.3962485763097,0.6883285702219267,MEDIUM,MEDIUM,MEDIUM,5,COST_BASED,COST_BASED,false,false
1,baseline,1,2043,0.0,0.5456475583864119,DISTRICT_HEATING,TOTAL,61800,303,3205,119379,30967,0.7463966048832639,0.5901913374958263,0.12035974373707134,1900.6066780766623,0.6836428870557784,MEDIUM,MEDIUM,MEDIUM,5,COST_BASED,COST_BASED,false,false
1,baseline,1,2044,0.0,0.5456475583864119,DISTRICT_HEATING,TOTAL,60647,305,1458,119684,31261,0.7493854035375151,0.5981300433049895,0.12140583207104876,1918.43846965868,0.6946729850642314,MEDIUM,MEDIUM,MEDIUM,5,COST_BASED,COST_BASED,false,false
1,baseline,1,2045,0.0,0.5456475583864119,DISTRICT_HEATING,TOTAL,59125,387,1909,120071,31529,0.747432738026981,0.588397969750796,0.10894761921311424,1889.201433600812,0.6821203177178047,MEDIUM,MEDIUM,MEDIUM,5,COST_BASED,COST_BASED,false,false
1,baseline,1,2046,0.0,0.5456475583864119,DISTRICT_HEATING,TOTAL,56716,445,2854,120516,33705,0.749944347644609,0.5982951707899389,0.10536446001768959,1856.6142115413143,0.6967861117715485,MEDIUM,MEDIUM,MEDIUM,5,COST_BASED,COST_BASED,false,false
1,baseline,1,2047,0.0,0.5456475583864119,DISTRICT_HEATING,TOTAL,53368,566,3914,121082,35405,0.7542790379343975,0.6025861966602252,0.1134763137602256,1833.9796921338793,0.7011249962867016,MEDIUM,MEDIUM,MEDIUM,5,COST_BASED,COST_BASED,false,false
1,baseline,1,2048,0.0,0.5456475583864119,DISTRICT_HEATING,TOTAL,51741,581,2208,121663,33914,0.7563552911545041,0.6087491923571043,0.11109842597932923,1866.9435631302706,0.7101476624996133,MEDIUM,MEDIUM,MEDIUM,5,COST_BASED,COST_BASED,false,false
1,baseline,1,2049,0.0,0.5456475583864119,DISTRICT_HEATING,TOTAL,50499,413,1655,122076,34864,0.7548401084267912,0.6201531757386679,0.10077760682999022,1825.8117542450666,0.7289225356475626,MEDIUM,MEDIUM,MEDIUM,5,COST_BASED,COST_BASED,false,false
1,baseline,1,2050,0.0,0.5456475583864119,DISTRICT_HEATING,TOTAL,48417,395,2477,122471,37005,0.757445323247529,0.6140285738784413,0.10440047166291111,1802.1744899337928,0.7186314710479155,MEDIUM,MEDIUM,MEDIUM,5,COST_BASED,COST_BASED,false,false
1,baseline,1,2024,0.0,0.0,DISTRICT_HEATING,PRIVATELY_OWNED,44704,44704,0,44704,0,0.0,0.0,0.0,0.0,0.0,MEDIUM,MEDIUM,MEDIUM,5,COST_BASED,COST_BASED,false,false
1,baseline,1,2025,0.0,0.13800424628450106,DISTRICT_HEATING,PRIVATELY_OWNED,46262,2774,1216,47478,33092,0.7656310560253007,0.6002668694760795,0.13114539906879646,1907.5767557113502,0.6925993653241929,MEDIUM,MEDIUM,MEDIUM,5,COST_BASED,COST_BASED,false,false
1,baseline,1,2026,0.0,0.13800424628450106,DISTRICT_HEATING,PRIVATELY_OWNED,47917,3075,1420,50553,33564,0.766585670115384,0.6031411935810824,0.14412191925166493,1913.0868490048863,0.6950501329363219,MEDIUM,MEDIUM,MEDIUM,5,COST_BASED,COST_BASED,false,false
1,baseline,1,2027,0.0,0.13800424628450106,DISTRICT_HEATING,PRIVATELY_OWNED,49316,2686,1287,53239,33632,0.7646332958333965,0.6011936974834771,0.14407294334389525,1899.6200939581352,0.6926231043488732,MEDIUM,MEDIUM,MEDIUM,5,COST_BASED,COST_BASED,false,false
1,baseline,1,2028,0.0,0.13800424628450106,DISTRICT_HEATING,PRIVATELY_OWNED,50425,2589,1480,55828,34355,0.7664110911437307,0.6014570212228948,0.14851820475493538,1891.1731043516227,0.6920179834540403,MEDIUM,MEDIUM,MEDIUM,5,COST_BASED,COST_BASED,false,false
1,baseline,1,2029,0.0,0.13800424628450106,DISTRICT_HEATING,PRIVATELY_OWNED,51117,2319,1627,58147,34672,0.7650481853675651,0.6027315093179286,0.15274603272514714,1887.8693181818182,0.6937419635443572,MEDIUM,MEDIUM,MEDIUM,5,COST_BASED,COST_BASED,false,false
1,baseline,1,2030,0.0,0.5456475583864119,DISTRICT_HEATING,PRIVATELY_OWNED,52448,3203,1872,61350,34406,0.7645990592142741,0.5966497810253995,0.15397898722476874,1881.9641341626461,0.6845775333314291,MEDIUM,MEDIUM,MEDIUM,5,COST_BASED,COST_BASED,false,false
1,baseline,1,2031,0.0,0.5456475583864119,DISTRICT_HEATING,PRIVATELY_OWNED,53519,3341,2270,64691,35359,0.765700002492478,0.6041413984679669,0.15705702148112108,1875.3387539240364,0.6951549693936973,MEDIUM,MEDIUM,MEDIUM,5,COST_BASED,COST_BASED,false,false
1,baseline,1,2032,0.0,0.5456475583864119,DISTRICT_HEATING,PRIVATELY_OWNED,54594,2621,1546,67312,34365,0.7642928200800662,0.610113794160671,0.16235497315838385,1888.993743634512,0.7038031145762003,MEDIUM,MEDIUM,MEDIUM,5,COST_BASED,COST_BASED,false,false
1,baseline,1,2033,0.0,0.5456475583864119,DISTRICT_HEATING,PRIVATELY_OWNED,55726,2319,1187,69631,34324,0.7652436097789532,0.6128724198060802,0.16120456834753807,1885.4113739657382,0.707847156220937,MEDIUM,MEDIUM,MEDIUM,5,COST_BASED,COST_BASED,false,false
1,baseline,1,2034,0.0,0.5456475583864119,DISTRICT_HEATING,PRIVATELY_OWNED,56701,2878,1903,72509,36540,0.7653614938770804,0.6283948561022862,0.1706614607803461,1824.6786535303777,0.7299192280866164,MEDIUM,MEDIUM,MEDIUM,5,COST_BASED,COST_BASED,false,false
1,baseline,1,2035,0.0,0.5456475583864119,DISTRICT_HEATING,PRIVATELY_OWNED,57006,2137,1832,74646,36959,0.7650431044598213,0.620995457453916,0.1658658795679898,1810.3098298114126,0.7194991751199223,MEDIUM,MEDIUM,MEDIUM,5,COST_BASED,COST_BASED,false,false
1,baseline,1,2036,0.0,0.5456475583864119,DISTRICT_HEATING,PRIVATELY_OWNED,57215,2129,1920,76775,34135,0.7650364885454078,0.6129016763955357,0.17693791011335672,1892.4271275816611,0.705976153692775,MEDIUM,MEDIUM,MEDIUM,5,COST_BASED,COST_BASED,false,false
1,baseline,1,2037,0.0,0.5456475583864119,DISTRICT_HEATING,PRIVATELY_OWNED,56324,707,1598,77482,19566,0.8129054178904764,0.604862458793771,0.16602318724312484,1659.8897066339568,0.6833144353126502,MEDIUM,MEDIUM,MEDIUM,5,COST_BASED,COST_BASED,false,false
1,baseline,1,2038,0.0,0.5456475583864119,DISTRICT_HEATING,PRIVATELY_OWNED,55722,738,1340,78220,14947,0.8201094965994419,0.6182783686779894,0.16320759046123914,1660.2296781962937,0.7019892300594743,MEDIUM,MEDIUM,MEDIUM,5,COST_BASED,COST_BASED,false,false
1,baseline,1,2039,0.0,0.5456475583864119,DISTRICT_HEATING,PRIVATELY_OWNED,55240,611,1093,78831,11920,0.8288615912126602,0.6175169186781052,0.16258167881805616,1728.9750838926175,0.6987372703617319,MEDIUM,MEDIUM,MEDIUM,5,COST_BASED,COST_BASED,false,false
1,baseline,1,2040,0.0,0.5456475583864119,DISTRICT_HEATING,PRIVATELY_OWNED,54560,388,1068,79219,23376,0.748239583596374,0.5928925284053905,0.12703039865605187,1996.2340006844627,0.6864000968769806,MEDIUM,MEDIUM,MEDIUM,5,COST_BASED,COST_BASED,false,false
1,baseline,1,2041,0.0,0.5456475583864119,DISTRICT_HEATING,PRIVATELY_OWNED,53770,479,1269,79698,25633,0.7457090828900123,0.5992049538759947,0.1334980073790459,1967.4975617368236,0.695692909169109,MEDIUM,MEDIUM,MEDIUM,5,COST_BASED,COST_BASED,false,false
1,baseline,1,2042,0.0,0.5456475583864119,DISTRICT_HEATING,PRIVATELY_OWNED,53040,456,1186,80154,26231,0.7412368482339596,0.592965964625565,0.12648931726344168,1960.0203194693302,0.6883285702219267,MEDIUM,MEDIUM,MEDIUM,5,COST_BASED,COST_BASED,false,false
1,baseline,1,2043,0.0,0.5456475583864119,DISTRICT_HEATING,PRIVATELY_OWNED,52305,302,1037,80456,28799,0.7463966048832639,0.5901913374958263,0.12035974373707134,1943.9466648147504,0.6836428870557784,MEDIUM,MEDIUM,MEDIUM,5,COST_BASED,COST_BASED,false,false
1,baseline,1,2044,0.0,0.5456475583864119,DISTRICT_HEATING,PRIVATELY_OWNED,51645,305,965,80761,30768,0.7493854035375151,0.5981300433049895,0.12140583207104876,1926.5777106084242,0.6946729850642314,MEDIUM,MEDIUM,MEDIUM,5,COST_BASED,COST_BASED,false,false
1,baseline,1,2045,0.0,0.5456475583864119,DISTRICT_HEATING,PRIVATELY_OWNED,50836,387,1196,81148,30816,0.747432738026981,0.588397969750796,0.10894761921311424,1901.1145833333333,0.6821203177178047,MEDIUM,MEDIUM,MEDIUM,5,COST_BASED,COST_BASED,false,false
1,baseline,1,2046,0.0,0.5456475583864119,DISTRICT_HEATING,PRIVATELY_OWNED,49982,445,1299,81593,32150,0.749944347644609,0.5982951707899389,0.10536446001768959,1884.9133748055988,0.6967861117715485,MEDIUM,MEDIUM,MEDIUM,5,COST_BASED,COST_BASED,false,false
1,baseline,1,2047,0.0,0.5456475583864119,DISTRICT_HEATING,PRIVATELY_OWNED,48974,566,1574,82159,33065,0.7542790379343975,0.6025861966602252,0.1134763137602256,1887.31634659005,0.7011249962867016,MEDIUM,MEDIUM,MEDIUM,5,COST_BASED,COST_BASED,false,false
1,baseline,1,2048,0.0,0.5456475583864119,DISTRICT_HEATING,PRIVATELY_OWNED,47967,580,1587,82739,33293,0.7563552911545041,0.6087491923571043,0.11109842597932923,1878.2709278226655,0.7101476624996133,MEDIUM,MEDIUM,MEDIUM,5,COST_BASED,COST_BASED,false,false
1,baseline,1,2049,0.0,0.5456475583864119,DISTRICT_HEATING,PRIVATELY_OWNED,47136,413,1244,83152,34453,0.7548401084267912,0.6201531757386679,0.10077760682999022,1829.9272342031172,0.7289225356475626,MEDIUM,MEDIUM,MEDIUM,5,COST_BASED,COST_BASED,false,false
1,baseline,1,2050,0.0,0.5456475583864119,DISTRICT_HEATING,PRIVATELY_OWNED,46344,395,1187,83547,35715,0.757445323247529,0.6140285738784413,0.10440047166291111,1813.3140137197256,0.7186314710479155,MEDIUM,MEDIUM,MEDIUM,5,COST_BASED,COST_BASED,false,false
1,baseline,1,2024,0.0,0.0,DISTRICT_HEATING,SOCIAL_HOUSING,26198,26198,0,26198,0,0.0,0.0,0.0,0.0,0.0,MEDIUM,MEDIUM,MEDIUM,5,COST_BASED,COST_BASED,false,false
1,baseline,1,2025,0.0,0.13800424628450106,DISTRICT_HEATING,SOCIAL_HOUSING,25979,0,219,26198,8870,0.0,0.0,0.0,1555.311048478016,0.0,MEDIUM,MEDIUM,MEDIUM,5,COST_BASED,COST_BASED,false,false
1,baseline,1,2026,0.0,0.13800424628450106,DISTRICT_HEATING,SOCIAL_HOUSING,25381,0,598,26198,8446,0.0,0.0,0.0,1476.9316836372248,0.0,MEDIUM,MEDIUM,MEDIUM,5,COST_BASED,COST_BASED,false,false
1,baseline,1,2027,0.0,0.13800424628450106,DISTRICT_HEATING,SOCIAL_HOUSING,23290,0,2091,26198,8982,0.0,0.0,0.0,1561.6367178802047,0.0,MEDIUM,MEDIUM,MEDIUM,5,COST_BASED,COST_BASED,false,false
1,baseline,1,2028,0.0,0.13800424628450106,DISTRICT_HEATING,SOCIAL_HOUSING,21581,0,1709,26198,8992,0.0,0.0,0.0,1550.209853202847,0.0,MEDIUM,MEDIUM,MEDIUM,5,COST_BASED,COST_BASED,false,false
1,baseline,1,2029,0.0,0.13800424628450106,DISTRICT_HEATING,SOCIAL_HOUSING,21038,0,543,26198,9124,0.0,0.0,0.0,1539.0408811924594,0.0,MEDIUM,MEDIUM,MEDIUM,5,COST_BASED,COST_BASED,false,false
1,baseline,1,2030,0.0,0.5456475583864119,DISTRICT_HEATING,SOCIAL_HOUSING,20511,0,527,26198,7047,0.0,0.0,0.0,1515.594863062296,0.0,MEDIUM,MEDIUM,MEDIUM,5,COST_BASED,COST_BASED,false,false
1,baseline,1,2031,0.0,0.5456475583864119,DISTRICT_HEATING,SOCIAL_HOUSING,19486,0,1025,26198,6446,0.0,0.0,0.0,1549.056624263109,0.0,MEDIUM,MEDIUM,MEDIUM,5,COST_BASED,COST_BASED,false,false
1,baseline,1,2032,0.0,0.5456475583864119,DISTRICT_HEATING,SOCIAL_HOUSING,17674,0,1812,26198,6394,0.0,0.0,0.0,1489.6352830778856,0.0,MEDIUM,MEDIUM,MEDIUM,5,COST_BASED,COST_BASED,false,false
1,baseline,1,2033,0.0,0.5456475583864119,DISTRICT_HEATING,SOCIAL_HOUSING,17478,0,196,26198,7959,0.0,0.0,0.0,1558.158939565272,0.0,MEDIUM,MEDIUM,MEDIUM,5,COST_BASED,COST_BASED,false,false
1,baseline,1,2034,0.0,0.5456475583864119,DISTRICT_HEATING,SOCIAL_HOUSING,17426,0,52,26198,10714,0.0,0.0,0.0,1503.458932238193,0.0,MEDIUM,MEDIUM,MEDIUM,5,COST_BASED,COST_BASED,false,false
1,baseline,1,2035,0.0,0.5456475583864119,DISTRICT_HEATING,SOCIAL_HOUSING,15284,0,2142,26198,12958,0.0,0.0,0.0,1504.9888871739465,0.0,MEDIUM,MEDIUM,MEDIUM,5,COST_BASED,COST_BASED,false,false
1,baseline,1,2036,0.0,0.5456475583864119,DISTRICT_HEATING,SOCIAL_HOUSING,15058,0,226,26198,9459,0.0,0.0,0.0,1625.5274341896607,0.0,MEDIUM,MEDIUM,MEDIUM,5,COST_BASED,COST_BASED,false,false
1,baseline,1,2037,0.0,0.5456475583864119,DISTRICT_HEATING,SOCIAL_HOUSING,12400,0,2658,26198,2698,0.0,0.0,0.0,1008.8124536693847,0.0,MEDIUM,MEDIUM,MEDIUM,5,COST_BASED,COST_BASED,false,false
1,baseline,1,2038,0.0,0.5456475583864119,DISTRICT_HEATING,SOCIAL_HOUSING,10045,0,2355,26198,2468,0.0,0.0,0.0,1183.592787682334,0.0,MEDIUM,MEDIUM,MEDIUM,5,COST_BASED,COST_BASED,false,false
1,baseline,1,2039,0.0,0.5456475583864119,DISTRICT_HEATING,SOCIAL_HOUSING,9247,0,798,26198,804,0.0,0.0,0.0,1203.339552238806,0.0,MEDIUM,MEDIUM,MEDIUM,5,COST_BASED,COST_BASED,false,false
1,baseline,1,2040,0.0,0.5456475583864119,DISTRICT_HEATING,SOCIAL_HOUSING,8129,0,1118,26198,1118,0.0,0.0,0.0,956.953488372093,0.0,MEDIUM,MEDIUM,MEDIUM,5,COST_BASED,COST_BASED,false,false
1,baseline,1,2041,0.0,0.5456475583864119,DISTRICT_HEATING,SOCIAL_HOUSING,8129,0,0,26198,0,0.0,0.0,0.0,0.0,0.0,MEDIUM,MEDIUM,MEDIUM,5,COST_BASED,COST_BASED,false,false
1,baseline,1,2042,0.0,0.5456475583864119,DISTRICT_HEATING,SOCIAL_HOUSING,6858,0,1271,26198,1271,0.0,0.0,0.0,1351.2391817466562,0.0,MEDIUM,MEDIUM,MEDIUM,5,COST_BASED,COST_BASED,false,false
1,baseline,1,2043,0.0,0.5456475583864119,DISTRICT_HEATING,SOCIAL_HOUSING,5126,0,1732,26198,1732,0.0,0.0,0.0,1326.8908775981524,0.0,MEDIUM,MEDIUM,MEDIUM,5,COST_BASED,COST_BASED,false,false
1,baseline,1,2044,0.0,0.5456475583864119,DISTRICT_HEATING,SOCIAL_HOUSING,5056,0,70,26198,70,0.0,0.0,0.0,1407.6142857142856,0.0,MEDIUM,MEDIUM,MEDIUM,5,COST_BASED,COST_BASED,false,false
1,baseline,1,2045,0.0,0.5456475583864119,DISTRICT_HEATING,SOCIAL_HOUSING,4699,0,357,26198,357,0.0,0.0,0.0,1284.1008403361345,0.0,MEDIUM,MEDIUM,MEDIUM,5,COST_BASED,COST_BASED,false,false
1,baseline,1,2046,0.0,0.5456475583864119,DISTRICT_HEATING,SOCIAL_HOUSING,3643,0,1056,26198,1056,0.0,0.0,0.0,1237.6941287878788,0.0,MEDIUM,MEDIUM,MEDIUM,5,COST_BASED,COST_BASED,false,false
1,baseline,1,2047,0.0,0.5456475583864119,DISTRICT_HEATING,SOCIAL_HOUSING,1667,0,1976,26198,1976,0.0,0.0,0.0,1021.9752024291498,0.0,MEDIUM,MEDIUM,MEDIUM,5,COST_BASED,COST_BASED,false,false
1,baseline,1,2048,0.0,0.5456475583864119,DISTRICT_HEATING,SOCIAL_HOUSING,1667,0,0,26198,0,0.0,0.0,0.0,0.0,0.0,MEDIUM,MEDIUM,MEDIUM,5,COST_BASED,COST_BASED,false,false
1,baseline,1,2049,0.0,0.5456475583864119,DISTRICT_HEATING,SOCIAL_HOUSING,1667,0,0,26198,0,0.0,0.0,0.0,0.0,0.0,MEDIUM,MEDIUM,MEDIUM,5,COST_BASED,COST_BASED,false,false
1,baseline,1,2050,0.0,0.5456475583864119,DISTRICT_HEATING,SOCIAL_HOUSING,787,0,880,26198,880,0.0,0.0,0.0,1569.3238636363637,0.0,MEDIUM,MEDIUM,MEDIUM,5,COST_BASED,COST_BASED,false,false
1,baseline,1,2024,0.0,0.0,DISTRICT_HEATING,PRIVATELY_RENTED,12705,12705,0,12705,0,0.0,0.0,0.0,0.0,0.0,MEDIUM,MEDIUM,MEDIUM,5,COST_BASED,COST_BASED,false,false
1,baseline,1,2025,0.0,0.13800424628450106,DISTRICT_HEATING,PRIVATELY_RENTED,12421,0,284,12705,6788,0.0,0.0,0.0,1606.7544195639364,0.0,MEDIUM,MEDIUM,MEDIUM,5,COST_BASED,COST_BASED,false,false
1,baseline,1,2026,0.0,0.13800424628450106,DISTRICT_HEATING,PRIVATELY_RENTED,12134,1,288,12706,6750,0.0,0.0,0.0,1623.6954074074074,0.0,MEDIUM,MEDIUM,MEDIUM,5,COST_BASED,COST_BASED,false,false
1,baseline,1,2027,0.0,0.13800424628450106,DISTRICT_HEATING,PRIVATELY_RENTED,11835,1,300,12707,6677,0.0,0.0,0.0,1610.8596675153512,0.0,MEDIUM,MEDIUM,MEDIUM,5,COST_BASED,COST_BASED,false,false
1,baseline,1,2028,0.0,0.13800424628450106,DISTRICT_HEATING,PRIVATELY_RENTED,11530,1,306,12708,6767,0.0,0.0,0.0,1599.6423821486626,0.0,MEDIUM,MEDIUM,MEDIUM,5,COST_BASED,COST_BASED,false,false
1,baseline,1,2029,0.0,0.13800424628450106,DISTRICT_HEATING,PRIVATELY_RENTED,11193,1,338,12709,6683,0.0,0.0,0.0,1632.9884782283405,0.0,MEDIUM,MEDIUM,MEDIUM,5,COST_BASED,COST_BASED,false,false
1,baseline,1,2030,0.0,0.5456475583864119,DISTRICT_HEATING,PRIVATELY_RENTED,10783,1,411,12710,6689,0.0,0.0,0.0,1603.6249065630138,0.0,MEDIUM,MEDIUM,MEDIUM,5,COST_BASED,COST_BASED,false,false
1,baseline,1,2031,0.0,0.5456475583864119,DISTRICT_HEATING,PRIVATELY_RENTED,10363,1,421,12711,6896,0.0,0.0,0.0,1594.2107018561485,0.0,MEDIUM,MEDIUM,MEDIUM,5,COST_BASED,COST_BASED,false,false
1,baseline,1,2032,0.0,0.5456475583864119,DISTRICT_HEATING,PRIVATELY_RENTED,10003,1,361,12712,6854,0.0,0.0,0.0,1602.679894951853,0.0,MEDIUM,MEDIUM,MEDIUM,5,COST_BASED,COST_BASED,false,false
1,baseline,1,2033,0.0,0.5456475583864119,DISTRICT_HEATING,PRIVATELY_RENTED,9712,3,294,12715,6762,0.0,0.0,0.0,1592.8340727595387,0.0,MEDIUM,MEDIUM,MEDIUM,5,COST_BASED,COST_BASED,false,false
1,baseline,1,2034,0.0,0.5456475583864119,DISTRICT_HEATING,PRIVATELY_RENTED,9262,2,452,12717,6515,0.0,0.0,0.0,1600.9900230237913,0.0,MEDIUM,MEDIUM,MEDIUM,5,COST_BASED,COST_BASED,false,false
1,baseline,1,2035,0.0,0.5456475583864119,DISTRICT_HEATING,PRIVATELY_RENTED,8756,1,507,12718,6590,0.0,0.0,0.0,1611.5426403641882,0.0,MEDIUM,MEDIUM,MEDIUM,5,COST_BASED,COST_BASED,false,false
1,baseline,1,2036,0.0,0.5456475583864119,DISTRICT_HEATING,PRIVATELY_RENTED,8220,3,539,12721,6618,0.0,0.0,0.0,1609.3077969174976,0.0,MEDIUM,MEDIUM,MEDIUM,5,COST_BASED,COST_BASED,false,false
1,baseline,1,2037,0.0,0.5456475583864119,DISTRICT_HEATING,PRIVATELY_RENTED,7745,0,475,12721,968,0.0,0.0,0.0,1473.8987603305786,0.0,MEDIUM,MEDIUM,MEDIUM,5,COST_BASED,COST_BASED,false,false
1,baseline,1,2038,0.0,0.5456475583864119,DISTRICT_HEATING,PRIVATELY_RENTED,7239,0,506,12721,1061,0.0,0.0,0.0,1367.8426013195099,0.0,MEDIUM,MEDIUM,MEDIUM,5,COST_BASED,COST_BASED,false,false
1,baseline,1,2039,0.0,0.5456475583864119,DISTRICT_HEATING,PRIVATELY_RENTED,6557,2,684,12723,1000,0.0,0.0,0.0,1359.158,0.0,MEDIUM,MEDIUM,MEDIUM,5,COST_BASED,COST_BASED,false,false
1,baseline,1,2040,0.0,0.5456475583864119,DISTRICT_HEATING,PRIVATELY_RENTED,6191,0,366,12723,366,0.0,0.0,0.0,1463.4890710382513,0.0,MEDIUM,MEDIUM,MEDIUM,5,COST_BASED,COST_BASED,false,false
1,baseline,1,2041,0.0,0.5456475583864119,DISTRICT_HEATING,PRIVATELY_RENTED,5397,0,794,12723,794,0.0,0.0,0.0,1324.7040302267003,0.0,MEDIUM,MEDIUM,MEDIUM,5,COST_BASED,COST_BASED,false,false
1,baseline,1,2042,0.0,0.5456475583864119,DISTRICT_HEATING,PRIVATELY_RENTED,4804,1,594,12724,594,0.0,0.0,0.0,1293.8434343434344,0.0,MEDIUM,MEDIUM,MEDIUM,5,COST_BASED,COST_BASED,false,false
1,baseline,1,2043,0.0,0.5456475583864119,DISTRICT_HEATING,PRIVATELY_RENTED,4369,1,436,12725,436,0.0,0.0,0.0,1316.954128440367,0.0,MEDIUM,MEDIUM,MEDIUM,5,COST_BASED,COST_BASED,false,false
1,baseline,1,2044,0.0,0.5456475583864119,DISTRICT_HEATING,PRIVATELY_RENTED,3946,0,423,12725,423,0.0,0.0,0.0,1410.9432624113474,0.0,MEDIUM,MEDIUM,MEDIUM,5,COST_BASED,COST_BASED,false,false
1,baseline,1,2045,0.0,0.5456475583864119,DISTRICT_HEATING,PRIVATELY_RENTED,3590,0,356,12725,356,0.0,0.0,0.0,1464.7780898876404,0.0,MEDIUM,MEDIUM,MEDIUM,5,COST_BASED,COST_BASED,false,false
1,baseline,1,2046,0.0,0.5456475583864119,DISTRICT_HEATING,PRIVATELY_RENTED,3091,0,499,12725,499,0.0,0.0,0.0,1343.1102204408817,0.0,MEDIUM,MEDIUM,MEDIUM,5,COST_BASED,COST_BASED,false,false
1,baseline,1,2047,0.0,0.5456475583864119,DISTRICT_HEATING,PRIVATELY_RENTED,2727,0,364,12725,364,0.0,0.0,0.0,1397.0137362637363,0.0,MEDIUM,MEDIUM,MEDIUM,5,COST_BASED,COST_BASED,false,false
1,baseline,1,2048,0.0,0.5456475583864119,DISTRICT_HEATING,PRIVATELY_RENTED,2107,1,621,12726,621,0.0,0.0,0.0,1259.6618357487923,0.0,MEDIUM,MEDIUM,MEDIUM,5,COST_BASED,COST_BASED,false,false
1,baseline,1,2049,0.0,0.5456475583864119,DISTRICT_HEATING,PRIVATELY_RENTED,1696,0,411,12726,411,0.0,0.0,0.0,1480.8223844282238,0.0,MEDIUM,MEDIUM,MEDIUM,5,COST_BASED,COST_BASED,false,false
1,baseline,1,2050,0.0,0.5456475583864119,DISTRICT_HEATING,PRIVATELY_RENTED,1286,0,410,12726,410,0.0,0.0,0.0,1331.590243902439,0.0,MEDIUM,MEDIUM,MEDIUM,5,COST_BASED,COST_BASED,false,false
1,baseline,1,2024,0.0,0.0,ELECTRIC_HEAT_PUMP,TOTAL,34016,34016,0,34016,0,0.0,0.0,0.0,0.0,0.0,MEDIUM,MEDIUM,MEDIUM,5,COST_BASED,COST_BASED,false,false
1,baseline,1,2025,0.0,0.13800424628450106,ELECTRIC_HEAT_PUMP,TOTAL,43041,10937,1912,44953,48750,0.7149079071614217,0.5860837717292623,0.10424076378695184,2386.0289641025643,0.67433848985681,MEDIUM,MEDIUM,MEDIUM,5,COST_BASED,COST_BASED,false,false
1,baseline,1,2026,0.0,0.13800424628450106,ELECTRIC_HEAT_PUMP,TOTAL,54696,13661,2006,58614,48760,0.7133459287038247,0.5976690668090275,0.15004845271309855,2310.2651763740773,0.6806550048593164,MEDIUM,MEDIUM,MEDIUM,5,COST_BASED,COST_BASED,false,false
1,baseline,1,2027,0.0,0.13800424628450106,ELECTRIC_HEAT_PUMP,TOTAL,67844,15070,1922,73684,49291,0.7162310153523708,0.6016972826764374,0.1988501242439282,2246.6043496784405,0.6737756391155922,MEDIUM,MEDIUM,MEDIUM,5,COST_BASED,COST_BASED,false,false
1,baseline,1,2028,0.0,0.13800424628450106,ELECTRIC_HEAT_PUMP,TOTAL,83326,17174,1692,90858,50114,0.7142615317818095,0.6150802928603568,0.2503683036548035,2187.953925050884,0.6814629804313828,MEDIUM,MEDIUM,MEDIUM,5,COST_BASED,COST_BASED,false,false
1,baseline,1,2029,0.0,0.13800424628450106,ELECTRIC_HEAT_PUMP,TOTAL,99703,18220,1843,109078,50479,0.7147730774499191,0.6263200258505868,0.31121546125459765,2149.5726341647023,0.6829829040997474,MEDIUM,MEDIUM,MEDIUM,5,COST_BASED,COST_BASED,false,false
1,baseline,1,2030,0.0,0.5456475583864119,ELECTRIC_HEAT_PUMP,TOTAL,116396,18677,1984,127755,48142,0.7147471506131651,0.6357254973748234,0.3707095382689544,2087.1689169540114,0.6822240738417052,MEDIUM,MEDIUM,MEDIUM,5,COST_BASED,COST_BASED,false,false
1,baseline,1,2031,0.0,0.5456475583864119,ELECTRIC_HEAT_PUMP,TOTAL,133134,18889,2151,146644,48701,0.7136855268699538,0.6403100994794341,0.4243669076210634,2061.1494219831216,0.6759520405963872,MEDIUM,MEDIUM,MEDIUM,5,COST_BASED,COST_BASED,false,false
1,baseline,1,2032,0.0,0.5456475583864119,ELECTRIC_HEAT_PUMP,TOTAL,149534,18755,2355,165399,47613,0.7156171897720439,0.6617110138465798,0.47446491588291345,2032.814987503413,0.69504599435612,MEDIUM,MEDIUM,MEDIUM,5,COST_BASED,COST_BASED,false,false
1,baseline,1,2033,0.0,0.5456475583864119,ELECTRIC_HEAT_PUMP,TOTAL,165981,18770,2323,184169,49045,0.714784558833963,0.6707931246815381,0.5146522320502803,2013.7411153022733,0.698830489301249,MEDIUM,MEDIUM,MEDIUM,5,COST_BASED,COST_BASED,false,false
1,baseline,1,2034,0.0,0.5456475583864119,ELECTRIC_HEAT_PUMP,TOTAL,183711,19832,2102,204001,53769,0.7150058514039707,0.6802048403363825,0.5482039842779333,1950.9853633134335,0.7045048015840929,MEDIUM,MEDIUM,MEDIUM,5,COST_BASED,COST_BASED,false,false
1,baseline,1,2035,0.0,0.5456475583864119,ELECTRIC_HEAT_PUMP,TOTAL,201496,20211,2426,224212,56507,0.714469166208471,0.6804964181186298,0.5789701610252254,1888.3720954925939,0.6973847953695239,MEDIUM,MEDIUM,MEDIUM,5,COST_BASED,COST_BASED,false,false
1,baseline,1,2036,0.0,0.5456475583864119,ELECTRIC_HEAT_PUMP,TOTAL,217386,18747,2857,242959,50212,0.715578880897646,0.683475066730438,0.5951316936388583,1953.4642914044452,0.6975349564615316,MEDIUM,MEDIUM,MEDIUM,5,COST_BASED,COST_BASED,false,false
1,baseline,1,2037,0.0,0.5456475583864119,ELECTRIC_HEAT_PUMP,TOTAL,221561,7500,3325,250459,23232,0.6522864621391273,0.6301756194245427,0.4700830680710649,1715.2006284435263,0.6646710465842666,MEDIUM,MEDIUM,MEDIUM,5,COST_BASED,COST_BASED,false,false
1,baseline,1,2038,0.0,0.5456475583864119,ELECTRIC_HEAT_PUMP,TOTAL,223302,5159,3418,255618,18476,0.6363706075926424,0.6308818898444033,0.43730840474856153,1695.2715955834597,0.6779030816813056,MEDIUM,MEDIUM,MEDIUM,5,COST_BASED,COST_BASED,false,false
1,baseline,1,2039,0.0,0.5456475583864119,ELECTRIC_HEAT_PUMP,TOTAL,225243,3641,1700,259259,13724,0.6217848517714577,0.6374695336046925,0.4014831818250989,1812.3588603905566,0.7003872920078943,MEDIUM,MEDIUM,MEDIUM,5,COST_BASED,COST_BASED,false,false
1,baseline,1,2040,0.0,0.5456475583864119,ELECTRIC_HEAT_PUMP,TOTAL,227864,13558,10937,272817,24860,0.7264682545503114,0.7173348011684172,0.6326869304248478,1843.1266291230893,0.7362134055088301,MEDIUM,MEDIUM,MEDIUM,5,COST_BASED,COST_BASED,false,false
1,baseline,1,2041,0.0,0.5456475583864119,ELECTRIC_HEAT_PUMP,TOTAL,229683,15480,13661,288297,26427,0.7304939212108499,0.7296418045862876,0.6494738022314037,1791.2380898323684,0.7494707760188594,MEDIUM,MEDIUM,MEDIUM,5,COST_BASED,COST_BASED,false,false
1,baseline,1,2042,0.0,0.5456475583864119,ELECTRIC_HEAT_PUMP,TOTAL,230926,16313,15070,304610,28096,0.7354453745179041,0.7306885464034021,0.6617296896209873,1733.0462343394076,0.7467390535703704,MEDIUM,MEDIUM,MEDIUM,5,COST_BASED,COST_BASED,false,false
1,baseline,1,2043,0.0,0.5456475583864119,ELECTRIC_HEAT_PUMP,TOTAL,231465,17713,17174,322323,30967,0.7325011846902107,0.7335896538624985,0.6545216914188255,1705.2821390512481,0.7536287617664875,MEDIUM,MEDIUM,MEDIUM,5,COST_BASED,COST_BASED,false,false
1,baseline,1,2044,0.0,0.5456475583864119,ELECTRIC_HEAT_PUMP,TOTAL,231961,18716,18220,341039,31261,0.7316629113927366,0.7249806974351378,0.6469177839800683,1677.2726720194491,0.7428258723095145,MEDIUM,MEDIUM,MEDIUM,5,COST_BASED,COST_BASED,false,false
1,baseline,1,2045,0.0,0.5456475583864119,ELECTRIC_HEAT_PUMP,TOTAL,232254,18970,18677,360009,31529,0.7337353351888858,0.7285130251499652,0.6508516031087702,1639.7018617780457,0.7466228031505321,MEDIUM,MEDIUM,MEDIUM,5,COST_BASED,COST_BASED,false,false
1,baseline,1,2046,0.0,0.5456475583864119,ELECTRIC_HEAT_PUMP,TOTAL,232842,19477,18889,379486,33705,0.7308573167962503,0.7262994419433714,0.6415881117691091,1592.7689363595905,0.7463378057737314,MEDIUM,MEDIUM,MEDIUM,5,COST_BASED,COST_BASED,false,false
1,baseline,1,2047,0.0,0.5456475583864119,ELECTRIC_HEAT_PUMP,TOTAL,233621,19534,18755,399020,35405,0.7257266912593298,0.7277568801473558,0.6276391655099816,1587.559158310973,0.7532938560287129,MEDIUM,MEDIUM,MEDIUM,5,COST_BASED,COST_BASED,false,false
1,baseline,1,2048,0.0,0.5456475583864119,ELECTRIC_HEAT_PUMP,TOTAL,234380,19529,18770,418549,33914,0.726199779620764,0.7324814493193802,0.6242368540383938,1594.6336026419767,0.7611130155642729,MEDIUM,MEDIUM,MEDIUM,5,COST_BASED,COST_BASED,false,false
1,baseline,1,2049,0.0,0.5456475583864119,ELECTRIC_HEAT_PUMP,TOTAL,235031,20483,19832,439032,34864,0.7297177673072109,0.7367230446971044,0.6329483922639465,1532.918053005966,0.7644180271529263,MEDIUM,MEDIUM,MEDIUM,5,COST_BASED,COST_BASED,false,false
1,baseline,1,2050,0.0,0.5456475583864119,ELECTRIC_HEAT_PUMP,TOTAL,235654,20834,20211,459866,37005,0.7251746350887731,0.725225182102981,0.6241927289235689,1503.1839751384948,0.750495932151382,MEDIUM,MEDIUM,MEDIUM,5,COST_BASED,COST_BASED,false,false
1,baseline,1,2024,0.0,0.0,ELECTRIC_HEAT_PUMP,PRIVATELY_OWNED,27641,27641,0,27641,0,0.0,0.0,0.0,0.0,0.0,MEDIUM,MEDIUM,MEDIUM,5,COST_BASED,COST_BASED,false,false
1,baseline,1,2025,0.0,0.13800424628450106,ELECTRIC_HEAT_PUMP,PRIVATELY_OWNED,37028,10937,1550,38578,33092,0.7149079071614217,0.5860837717292623,0.10424076378695184,2506.0188263024297,0.67433848985681,MEDIUM,MEDIUM,MEDIUM,5,COST_BASED,COST_BASED,false,false
1,baseline,1,2026,0.0,0.13800424628450106,ELECTRIC_HEAT_PUMP,PRIVATELY_OWNED,49075,13661,1614,52239,33564,0.7133459287038247,0.5976690668090275,0.15004845271309855,2448.0569360028603,0.6806550048593164,MEDIUM,MEDIUM,MEDIUM,5,COST_BASED,COST_BASED,false,false
1,baseline,1,2027,0.0,0.13800424628450106,ELECTRIC_HEAT_PUMP,PRIVATELY_OWNED,62597,15070,1548,67309,33632,0.7162310153523708,0.6016972826764374,0.1988501242439282,2367.5861084681255,0.6737756391155922,MEDIUM,MEDIUM,MEDIUM,5,COST_BASED,COST_BASED,false,false
1,baseline,1,2028,0.0,0.13800424628450106,ELECTRIC_HEAT_PUMP,PRIVATELY_OWNED,78410,17174,1361,84483,34355,0.7142615317818095,0.6150802928603568,0.2503683036548035,2315.166671517974,0.6814629804313828,MEDIUM,MEDIUM,MEDIUM,5,COST_BASED,COST_BASED,false,false
1,baseline,1,2029,0.0,0.13800424628450106,ELECTRIC_HEAT_PUMP,PRIVATELY_OWNED,95189,18220,1441,102703,34672,0.7147730774499191,0.6263200258505868,0.31121546125459765,2252.7301568989387,0.6829829040997474,MEDIUM,MEDIUM,MEDIUM,5,COST_BASED,COST_BASED,false,false
1,baseline,1,2030,0.0,0.5456475583864119,ELECTRIC_HEAT_PUMP,PRIVATELY_OWNED,112244,18677,1622,121380,34406,0.7147471506131651,0.6357254973748234,0.3707095382689544,2207.87859675638,0.6822240738417052,MEDIUM,MEDIUM,MEDIUM,5,COST_BASED,COST_BASED,false,false
1,baseline,1,2031,0.0,0.5456475583864119,ELECTRIC_HEAT_PUMP,PRIVATELY_OWNED,129417,18889,1716,140269,35359,0.7136855268699538,0.6403100994794341,0.4243669076210634,2151.2586328798893,0.6759520405963872,MEDIUM,MEDIUM,MEDIUM,5,COST_BASED,COST_BASED,false,false
1,baseline,1,2032,0.0,0.5456475583864119,ELECTRIC_HEAT_PUMP,PRIVATELY_OWNED,146186,18754,1985,159023,34365,0.7156171897720439,0.6617110138465798,0.47446491588291345,2139.6712061690673,0.69504599435612,MEDIUM,MEDIUM,MEDIUM,5,COST_BASED,COST_BASED,false,false
1,baseline,1,2033,0.0,0.5456475583864119,ELECTRIC_HEAT_PUMP,PRIVATELY_OWNED,163165,18769,1790,177792,34324,0.714784558833963,0.6707931246815381,0.5146522320502803,2109.7962067358117,0.698830489301249,MEDIUM,MEDIUM,MEDIUM,5,COST_BASED,COST_BASED,false,false
1,baseline,1,2034,0.0,0.5456475583864119,ELECTRIC_HEAT_PUMP,PRIVATELY_OWNED,181279,19832,1718,197624,36540,0.7150058514039707,0.6802048403363825,0.5482039842779333,2009.3066776135743,0.7045048015840929,MEDIUM,MEDIUM,MEDIUM,5,COST_BASED,COST_BASED,false,false
1,baseline,1,2035,0.0,0.5456475583864119,ELECTRIC_HEAT_PUMP,PRIVATELY_OWNED,199583,20210,1906,217834,36959,0.714469166208471,0.6804964181186298,0.5789701610252254,1967.671554966314,0.6973847953695239,MEDIUM,MEDIUM,MEDIUM,5,COST_BASED,COST_BASED,false,false
1,baseline,1,2036,0.0,0.5456475583864119,ELECTRIC_HEAT_PUMP,PRIVATELY_OWNED,216174,18747,2156,236581,34135,0.715578880897646,0.683475066730438,0.5951316936388583,2032.3536839021533,0.6975349564615316,MEDIUM,MEDIUM,MEDIUM,5,COST_BASED,COST_BASED,false,false
1,baseline,1,2037,0.0,0.5456475583864119,ELECTRIC_HEAT_PUMP,PRIVATELY_OWNED,220751,7500,2923,244081,19566,0.6522864621391273,0.6301756194245427,0.4700830680710649,1799.255954206276,0.6646710465842666,MEDIUM,MEDIUM,MEDIUM,5,COST_BASED,COST_BASED,false,false
1,baseline,1,2038,0.0,0.5456475583864119,ELECTRIC_HEAT_PUMP,PRIVATELY_OWNED,223067,5159,2843,249240,14947,0.6363706075926424,0.6308818898444033,0.43730840474856153,1786.7489797283736,0.6779030816813056,MEDIUM,MEDIUM,MEDIUM,5,COST_BASED,COST_BASED,false,false
1,baseline,1,2039,0.0,0.5456475583864119,ELECTRIC_HEAT_PUMP,PRIVATELY_OWNED,225240,3641,1468,252881,11920,0.6217848517714577,0.6374695336046925,0.4014831818250989,1887.409312080537,0.7003872920078943,MEDIUM,MEDIUM,MEDIUM,5,COST_BASED,COST_BASED,false,false
1,baseline,1,2040,0.0,0.5456475583864119,ELECTRIC_HEAT_PUMP,PRIVATELY_OWNED,227861,13558,10937,266439,23376,0.7264682545503114,0.7173348011684172,0.6326869304248478,1883.3104038329911,0.7362134055088301,MEDIUM,MEDIUM,MEDIUM,5,COST_BASED,COST_BASED,false,false
1,baseline,1,2041,0.0,0.5456475583864119,ELECTRIC_HEAT_PUMP,PRIVATELY_OWNED,229680,15480,13661,281919,25633,0.7304939212108499,0.7296418045862876,0.6494738022314037,1803.381539421839,0.7494707760188594,MEDIUM,MEDIUM,MEDIUM,5,COST_BASED,COST_BASED,false,false
1,baseline,1,2042,0.0,0.5456475583864119,ELECTRIC_HEAT_PUMP,PRIVATELY_OWNED,230923,16313,15070,298232,26231,0.7354453745179041,0.7306885464034021,0.6617296896209873,1760.3318592505052,0.7467390535703704,MEDIUM,MEDIUM,MEDIUM,5,COST_BASED,COST_BASED,false,false
1,baseline,1,2043,0.0,0.5456475583864119,ELECTRIC_HEAT_PUMP,PRIVATELY_OWNED,231462,17713,17174,315945,28799,0.7325011846902107,0.7335896538624985,0.6545216914188255,1729.7645404354319,0.7536287617664875,MEDIUM,MEDIUM,MEDIUM,5,COST_BASED,COST_BASED,false,false
1,baseline,1,2044,0.0,0.5456475583864119,ELECTRIC_HEAT_PUMP,PRIVATELY_OWNED,231958,18716,18220,334661,30768,0.7316629113927366,0.7249806974351378,0.6469177839800683,1681.4038936557463,0.7428258723095145,MEDIUM,MEDIUM,MEDIUM,5,COST_BASED,COST_BASED,false,false
1,baseline,1,2045,0.0,0.5456475583864119,ELECTRIC_HEAT_PUMP,PRIVATELY_OWNED,232251,18970,18677,353631,30816,0.7337353351888858,0.7285130251499652,0.6508516031087702,1645.4693341121495,0.7466228031505321,MEDIUM,MEDIUM,MEDIUM,5,COST_BASED,COST_BASED,false,false
1,baseline,1,2046,0.0,0.5456475583864119,ELECTRIC_HEAT_PUMP,PRIVATELY_OWNED,232839,19477,18889,373108,32150,0.7308573167962503,0.7262994419433714,0.6415881117691091,1609.8243856920685,0.7463378057737314,MEDIUM,MEDIUM,MEDIUM,5,COST_BASED,COST_BASED,false,false
1,baseline,1,2047,0.0,0.5456475583864119,ELECTRIC_HEAT_PUMP,PRIVATELY_OWNED,233618,19533,18754,392641,33065,0.7257266912593298,0.7277568801473558,0.6276391655099816,1621.0711326175715,0.7532938560287129,MEDIUM,MEDIUM,MEDIUM,5,COST_BASED,COST_BASED,false,false
1,baseline,1,2048,0.0,0.5456475583864119,ELECTRIC_HEAT_PUMP,PRIVATELY_OWNED,234377,19528,18769,412169,33293,0.726199779620764,0.7324814493193802,0.6242368540383938,1600.0448742979004,0.7611130155642729,MEDIUM,MEDIUM,MEDIUM,5,COST_BASED,COST_BASED,false,false
1,baseline,1,2049,0.0,0.5456475583864119,ELECTRIC_HEAT_PUMP,PRIVATELY_OWNED,235028,20483,19832,432652,34453,0.7297177673072109,0.7367230446971044,0.6329483922639465,1533.689548079993,0.7644180271529263,MEDIUM,MEDIUM,MEDIUM,5,COST_BASED,COST_BASED,false,false
1,baseline,1,2050,0.0,0.5456475583864119,ELECTRIC_HEAT_PUMP,PRIVATELY_OWNED,235651,20833,20210,453485,35715,0.7251746350887731,0.725225182102981,0.6241927289235689,1507.132829343413,0.750495932151382,MEDIUM,MEDIUM,MEDIUM,5,COST_BASED,COST_BASED,false,false
1,baseline,1,2024,0.0,0.0,ELECTRIC_HEAT_PUMP,SOCIAL_HOUSING,402,402,0,402,0,0.0,0.0,0.0,0.0,0.0,MEDIUM,MEDIUM,MEDIUM,5,COST_BASED,COST_BASED,false,false
1,baseline,1,2025,0.0,0.13800424628450106,ELECTRIC_HEAT_PUMP,SOCIAL_HOUSING,402,0,0,402,8870,0.0,0.0,0.0,2122.7180383314544,0.0,MEDIUM,MEDIUM,MEDIUM,5,COST_BASED,COST_BASED,false,false
1,baseline,1,2026,0.0,0.13800424628450106,ELECTRIC_HEAT_PUMP,SOCIAL_HOUSING,402,0,0,402,8446,0.0,0.0,0.0,1927.8739048070092,0.0,MEDIUM,MEDIUM,MEDIUM,5,COST_BASED,COST_BASED,false,false
1,baseline,1,2027,0.0,0.13800424628450106,ELECTRIC_HEAT_PUMP,SOCIAL_HOUSING,402,0,0,402,8982,0.0,0.0,0.0,1947.2965931863728,0.0,MEDIUM,MEDIUM,MEDIUM,5,COST_BASED,COST_BASED,false,false
1,baseline,1,2028,0.0,0.13800424628450106,ELECTRIC_HEAT_PUMP,SOCIAL_HOUSING,399,0,3,402,8992,0.0,0.0,0.0,1859.4971085409252,0.0,MEDIUM,MEDIUM,MEDIUM,5,COST_BASED,COST_BASED,false,false
1,baseline,1,2029,0.0,0.13800424628450106,ELECTRIC_HEAT_PUMP,SOCIAL_HOUSING,386,0,13,402,9124,0.0,0.0,0.0,1883.3901797457256,0.0,MEDIUM,MEDIUM,MEDIUM,5,COST_BASED,COST_BASED,false,false
1,baseline,1,2030,0.0,0.5456475583864119,ELECTRIC_HEAT_PUMP,SOCIAL_HOUSING,386,0,0,402,7047,0.0,0.0,0.0,1668.2239250744997,0.0,MEDIUM,MEDIUM,MEDIUM,5,COST_BASED,COST_BASED,false,false
1,baseline,1,2031,0.0,0.5456475583864119,ELECTRIC_HEAT_PUMP,SOCIAL_HOUSING,386,0,0,402,6446,0.0,0.0,0.0,1780.8053056158858,0.0,MEDIUM,MEDIUM,MEDIUM,5,COST_BASED,COST_BASED,false,false
1,baseline,1,2032,0.0,0.5456475583864119,ELECTRIC_HEAT_PUMP,SOCIAL_HOUSING,379,0,7,402,6394,0.0,0.0,0.0,1652.9361901782922,0.0,MEDIUM,MEDIUM,MEDIUM,5,COST_BASED,COST_BASED,false,false
1,baseline,1,2033,0.0,0.5456475583864119,ELECTRIC_HEAT_PUMP,SOCIAL_HOUSING,379,0,0,402,7959,0.0,0.0,0.0,1780.9153159944717,0.0,MEDIUM,MEDIUM,MEDIUM,5,COST_BASED,COST_BASED,false,false
1,baseline,1,2034,0.0,0.5456475583864119,ELECTRIC_HEAT_PUMP,SOCIAL_HOUSING,320,0,59,402,10714,0.0,0.0,0.0,1844.9512787007654,0.0,MEDIUM,MEDIUM,MEDIUM,5,COST_BASED,COST_BASED,false,false
1,baseline,1,2035,0.0,0.5456475583864119,ELECTRIC_HEAT_PUMP,SOCIAL_HOUSING,320,0,0,402,12958,0.0,0.0,0.0,1728.7780521685445,0.0,MEDIUM,MEDIUM,MEDIUM,5,COST_BASED,COST_BASED,false,false
1,baseline,1,2036,0.0,0.5456475583864119,ELECTRIC_HEAT_PUMP,SOCIAL_HOUSING,131,0,189,402,9459,0.0,0.0,0.0,1813.4227719632097,0.0,MEDIUM,MEDIUM,MEDIUM,5,COST_BASED,COST_BASED,false,false
1,baseline,1,2037,0.0,0.5456475583864119,ELECTRIC_HEAT_PUMP,SOCIAL_HOUSING,117,0,14,402,2698,0.0,0.0,0.0,1215.680133432172,0.0,MEDIUM,MEDIUM,MEDIUM,5,COST_BASED,COST_BASED,false,false
1,baseline,1,2038,0.0,0.5456475583864119,ELECTRIC_HEAT_PUMP,SOCIAL_HOUSING,4,0,113,402,2468,0.0,0.0,0.0,1305.169773095624,0.0,MEDIUM,MEDIUM,MEDIUM,5,COST_BASED,COST_BASED,false,false
1,baseline,1,2039,0.0,0.5456475583864119,ELECTRIC_HEAT_PUMP,SOCIAL_HOUSING,0,0,4,402,804,0.0,0.0,0.0,1250.547263681592,0.0,MEDIUM,MEDIUM,MEDIUM,5,COST_BASED,COST_BASED,false,false
1,baseline,1,2040,0.0,0.5456475583864119,ELECTRIC_HEAT_PUMP,SOCIAL_HOUSING,0,0,0,402,1118,0.0,0.0,0.0,1077.974060822898,0.0,MEDIUM,MEDIUM,MEDIUM,5,COST_BASED,COST_BASED,false,false
1,baseline,1,2041,0.0,0.5456475583864119,ELECTRIC_HEAT_PUMP,SOCIAL_HOUSING,0,0,0,402,0,0.0,0.0,0.0,0.0,0.0,MEDIUM,MEDIUM,MEDIUM,5,COST_BASED,COST_BASED,false,false
1,baseline,1,2042,0.0,0.5456475583864119,ELECTRIC_HEAT_PUMP,SOCIAL_HOUSING,0,0,0,402,1271,0.0,0.0,0.0,1340.5027537372148,0.0,MEDIUM,MEDIUM,MEDIUM,5,COST_BASED,COST_BASED,false,false
1,baseline,1,2043,0.0,0.5456475583864119,ELECTRIC_HEAT_PUMP,SOCIAL_HOUSING,0,0,0,402,1732,0.0,0.0,0.0,1383.1177829099306,0.0,MEDIUM,MEDIUM,MEDIUM,5,COST_BASED,COST_BASED,false,false
1,baseline,1,2044,0.0,0.5456475583864119,ELECTRIC_HEAT_PUMP,SOCIAL_HOUSING,0,0,0,402,70,0.0,0.0,0.0,994.7857142857143,0.0,MEDIUM,MEDIUM,MEDIUM,5,COST_BASED,COST_BASED,false,false
1,baseline,1,2045,0.0,0.5456475583864119,ELECTRIC_HEAT_PUMP,SOCIAL_HOUSING,0,0,0,402,357,0.0,0.0,0.0,1228.9635854341736,0.0,MEDIUM,MEDIUM,MEDIUM,5,COST_BASED,COST_BASED,false,false
1,baseline,1,2046,0.0,0.5456475583864119,ELECTRIC_HEAT_PUMP,SOCIAL_HOUSING,0,0,0,402,1056,0.0,0.0,0.0,1159.5123106060605,0.0,MEDIUM,MEDIUM,MEDIUM,5,COST_BASED,COST_BASED,false,false
1,baseline,1,2047,0.0,0.5456475583864119,ELECTRIC_HEAT_PUMP,SOCIAL_HOUSING,0,0,0,402,1976,0.0,0.0,0.0,1053.0804655870445,0.0,MEDIUM,MEDIUM,MEDIUM,5,COST_BASED,COST_BASED,false,false
1,baseline,1,2048,0.0,0.5456475583864119,ELECTRIC_HEAT_PUMP,SOCIAL_HOUSING,0,0,0,402,0,0.0,0.0,0.0,0.0,0.0,MEDIUM,MEDIUM,MEDIUM,5,COST_BASED,COST_BASED,false,false
1,baseline,1,2049,0.0,0.5456475583864119,ELECTRIC_HEAT_PUMP,SOCIAL_HOUSING,0,0,0,402,0,0.0,0.0,0.0,0.0,0.0,MEDIUM,MEDIUM,MEDIUM,5,COST_BASED,COST_BASED,false,false
1,baseline,1,2050,0.0,0.5456475583864119,ELECTRIC_HEAT_PUMP,SOCIAL_HOUSING,0,0,0,402,880,0.0,0.0,0.0,1431.7352272727273,0.0,MEDIUM,MEDIUM,MEDIUM,5,COST_BASED,COST_BASED,false,false
1,baseline,1,2024,0.0,0.0,ELECTRIC_HEAT_PUMP,PRIVATELY_RENTED,5973,5973,0,5973,0,0.0,0.0,0.0,0.0,0.0,MEDIUM,MEDIUM,MEDIUM,5,COST_BASED,COST_BASED,false,false
1,baseline,1,2025,0.0,0.13800424628450106,ELECTRIC_HEAT_PUMP,PRIVATELY_RENTED,5611,0,362,5973,6788,0.0,0.0,0.0,2145.1426045963467,0.0,MEDIUM,MEDIUM,MEDIUM,5,COST_BASED,COST_BASED,false,false
1,baseline,1,2026,0.0,0.13800424628450106,ELECTRIC_HEAT_PUMP,PRIVATELY_RENTED,5219,0,392,5973,6750,0.0,0.0,0.0,2103.573925925926,0.0,MEDIUM,MEDIUM,MEDIUM,5,COST_BASED,COST_BASED,false,false
1,baseline,1,2027,0.0,0.13800424628450106,ELECTRIC_HEAT_PUMP,PRIVATELY_RENTED,4845,0,374,5973,6677,0.0,0.0,0.0,2039.8533772652388,0.0,MEDIUM,MEDIUM,MEDIUM,5,COST_BASED,COST_BASED,false,false
1,baseline,1,2028,0.0,0.13800424628450106,ELECTRIC_HEAT_PUMP,PRIVATELY_RENTED,4517,0,328,5973,6767,0.0,0.0,0.0,1978.5686419388207,0.0,MEDIUM,MEDIUM,MEDIUM,5,COST_BASED,COST_BASED,false,false
1,baseline,1,2029,0.0,0.13800424628450106,ELECTRIC_HEAT_PUMP,PRIVATELY_RENTED,4128,0,389,5973,6683,0.0,0.0,0.0,1977.7891665419722,0.0,MEDIUM,MEDIUM,MEDIUM,5,COST_BASED,COST_BASED,false,false
1,baseline,1,2030,0.0,0.5456475583864119,ELECTRIC_HEAT_PUMP,PRIVATELY_RENTED,3766,0,362,5973,6689,0.0,0.0,0.0,1907.645537449544,0.0,MEDIUM,MEDIUM,MEDIUM,5,COST_BASED,COST_BASED,false,false
1,baseline,1,2031,0.0,0.5456475583864119,ELECTRIC_HEAT_PUMP,PRIVATELY_RENTED,3331,0,435,5973,6896,0.0,0.0,0.0,1861.1677784222738,0.0,MEDIUM,MEDIUM,MEDIUM,5,COST_BASED,COST_BASED,false,false
1,baseline,1,2032,0.0,0.5456475583864119,ELECTRIC_HEAT_PUMP,PRIVATELY_RENTED,2969,1,363,5974,6854,0.0,0.0,0.0,1851.4363875109425,0.0,MEDIUM,MEDIUM,MEDIUM,5,COST_BASED,COST_BASED,false,false
1,baseline,1,2033,0.0,0.5456475583864119,ELECTRIC_HEAT_PUMP,PRIVATELY_RENTED,2437,1,533,5975,6762,0.0,0.0,0.0,1800.2045252883763,0.0,MEDIUM,MEDIUM,MEDIUM,5,COST_BASED,COST_BASED,false,false
1,baseline,1,2034,0.0,0.5456475583864119,ELECTRIC_HEAT_PUMP,PRIVATELY_RENTED,2112,0,325,5975,6515,0.0,0.0,0.0,1798.2590943975442,0.0,MEDIUM,MEDIUM,MEDIUM,5,COST_BASED,COST_BASED,false,false
1,baseline,1,2035,0.0,0.5456475583864119,ELECTRIC_HEAT_PUMP,PRIVATELY_RENTED,1593,1,520,5976,6590,0.0,0.0,0.0,1757.4450682852807,0.0,MEDIUM,MEDIUM,MEDIUM,5,COST_BASED,COST_BASED,false,false
1,baseline,1,2036,0.0,0.5456475583864119,ELECTRIC_HEAT_PUMP,PRIVATELY_RENTED,1081,0,512,5976,6618,0.0,0.0,0.0,1746.7195527349652,0.0,MEDIUM,MEDIUM,MEDIUM,5,COST_BASED,COST_BASED,false,false
1,baseline,1,2037,0.0,0.5456475583864119,ELECTRIC_HEAT_PUMP,PRIVATELY_RENTED,693,0,388,5976,968,0.0,0.0,0.0,1408.4648760330579,0.0,MEDIUM,MEDIUM,MEDIUM,5,COST_BASED,COST_BASED,false,false
1,baseline,1,2038,0.0,0.5456475583864119,ELECTRIC_HEAT_PUMP,PRIVATELY_RENTED,231,0,462,5976,1061,0.0,0.0,0.0,1313.9886899151743,0.0,MEDIUM,MEDIUM,MEDIUM,5,COST_BASED,COST_BASED,false,false
1,baseline,1,2039,0.0,0.5456475583864119,ELECTRIC_HEAT_PUMP,PRIVATELY_RENTED,3,0,228,5976,1000,0.0,0.0,0.0,1369.454,0.0,MEDIUM,MEDIUM,MEDIUM,5,COST_BASED,COST_BASED,false,false
1,baseline,1,2040,0.0,0.5456475583864119,ELECTRIC_HEAT_PUMP,PRIVATELY_RENTED,3,0,0,5976,366,0.0,0.0,0.0,1613.9043715846994,0.0,MEDIUM,MEDIUM,MEDIUM,5,COST_BASED,COST_BASED,false,false
1,baseline,1,2041,0.0,0.5456475583864119,ELECTRIC_HEAT_PUMP,PRIVATELY_RENTED,3,0,0,5976,794,0.0,0.0,0.0,1399.206549118388,0.0,MEDIUM,MEDIUM,MEDIUM,5,COST_BASED,COST_BASED,false,false
1,baseline,1,2042,0.0,0.5456475583864119,ELECTRIC_HEAT_PUMP,PRIVATELY_RENTED,3,0,0,5976,594,0.0,0.0,0.0,1368.0521885521885,0.0,MEDIUM,MEDIUM,MEDIUM,5,COST_BASED,COST_BASED,false,false
1,baseline,1,2043,0.0,0.5456475583864119,ELECTRIC_HEAT_PUMP,PRIVATELY_RENTED,3,0,0,5976,436,0.0,0.0,0.0,1367.9426605504586,0.0,MEDIUM,MEDIUM,MEDIUM,5,COST_BASED,COST_BASED,false,false
1,baseline,1,2044,0.0,0.5456475583864119,ELECTRIC_HEAT_PUMP,PRIVATELY_RENTED,3,0,0,5976,423,0.0,0.0,0.0,1489.7186761229314,0.0,MEDIUM,MEDIUM,MEDIUM,5,COST_BASED,COST_BASED,false,false
1,baseline,1,2045,0.0,0.5456475583864119,ELECTRIC_HEAT_PUMP,PRIVATELY_RENTED,3,0,0,5976,356,0.0,0.0,0.0,1552.3511235955057,0.0,MEDIUM,MEDIUM,MEDIUM,5,COST_BASED,COST_BASED,false,false
1,baseline,1,2046,0.0,0.5456475583864119,ELECTRIC_HEAT_PUMP,PRIVATELY_RENTED,3,0,0,5976,499,0.0,0.0,0.0,1410.7775551102204,0.0,MEDIUM,MEDIUM,MEDIUM,5,COST_BASED,COST_BASED,false,false
1,baseline,1,2047,0.0,0.5456475583864119,ELECTRIC_HEAT_PUMP,PRIVATELY_RENTED,3,1,1,5977,364,0.0,0.0,0.0,1444.857142857143,0.0,MEDIUM,MEDIUM,MEDIUM,5,COST_BASED,COST_BASED,false,false
1,baseline,1,2048,0.0,0.5456475583864119,ELECTRIC_HEAT_PUMP,PRIVATELY_RENTED,3,1,1,5978,621,0.0,0.0,0.0,1304.524959742351,0.0,MEDIUM,MEDIUM,MEDIUM,5,COST_BASED,COST_BASED,false,false
1,baseline,1,2049,0.0,0.5456475583864119,ELECTRIC_HEAT_PUMP,PRIVATELY_RENTED,3,0,0,5978,411,0.0,0.0,0.0,1468.2457420924575,0.0,MEDIUM,MEDIUM,MEDIUM,5,COST_BASED,COST_BASED,false,false
1,baseline,1,2050,0.0,0.5456475583864119,ELECTRIC_HEAT_PUMP,PRIVATELY_RENTED,3,1,1,5979,410,0.0,0.0,0.0,1312.5536585365853,0.0,MEDIUM,MEDIUM,MEDIUM,5,COST_BASED,COST_BASED,false,false
1,baseline,1,2024,0.0,0.0,HYBRID_HEAT_PUMP,TOTAL,10772,10772,0,10772,0,0.0,0.0,0.0,0.0,0.0,MEDIUM,MEDIUM,MEDIUM,5,COST_BASED,COST_BASED,false,false
1,baseline,1,2025,0.0,0.13800424628450106,HYBRID_HEAT_PUMP,TOTAL,15798,5741,715,16513,48750,0.7656310560253007,0.5961307054721475,0.03812828902273113,1792.6667487179486,0.6932562219462078,MEDIUM,MEDIUM,MEDIUM,5,COST_BASED,COST_BASED,false,false
1,baseline,1,2026,0.0,0.13800424628450106,HYBRID_HEAT_PUMP,TOTAL,22847,7847,798,24360,48760,0.766585670115384,0.5998127931587938,0.05758908626626567,1755.2308654634946,0.6936755006427786,MEDIUM,MEDIUM,MEDIUM,5,COST_BASED,COST_BASED,false,false
1,baseline,1,2027,0.0,0.13800424628450106,HYBRID_HEAT_PUMP,TOTAL,30650,8527,724,32887,49291,0.7646332958333965,0.5981435023354958,0.08019960549841576,1715.1255807348198,0.6860070281702857,MEDIUM,MEDIUM,MEDIUM,5,COST_BASED,COST_BASED,false,false
1,baseline,1,2028,0.0,0.13800424628450106,HYBRID_HEAT_PUMP,TOTAL,39761,9809,698,42696,50114,0.7664110911437307,0.6002362045319062,0.1059759917157948,1694.9389990820928,0.6822575360829771,MEDIUM,MEDIUM,MEDIUM,5,COST_BASED,COST_BASED,false,false
1,baseline,1,2029,0.0,0.13800424628450106,HYBRID_HEAT_PUMP,TOTAL,51113,12067,715,54763,50479,0.7650481853675651,0.6094581708642547,0.13339484807899898,1673.6733295033578,0.6895764979347385,MEDIUM,MEDIUM,MEDIUM,5,COST_BASED,COST_BASED,false,false
1,baseline,1,2030,0.0,0.5456475583864119,HYBRID_HEAT_PUMP,TOTAL,62197,11758,674,66521,48142,0.7645990592142741,0.6023724556885595,0.16941489978327612,1649.0255078725438,0.6700551937834666,MEDIUM,MEDIUM,MEDIUM,5,COST_BASED,COST_BASED,false,false
1,baseline,1,2031,0.0,0.5456475583864119,HYBRID_HEAT_PUMP,TOTAL,74596,13125,726,79646,48701,0.765700002492478,0.608634624314333,0.2048060592783427,1629.0473706905402,0.670325421028795,MEDIUM,MEDIUM,MEDIUM,5,COST_BASED,COST_BASED,false,false
1,baseline,1,2032,0.0,0.5456475583864119,HYBRID_HEAT_PUMP,TOTAL,87859,14006,743,93652,47613,0.7642928200800662,0.6301660631313992,0.23895293520083902,1609.9320983764937,0.6944376558768711,MEDIUM,MEDIUM,MEDIUM,5,COST_BASED,COST_BASED,false,false
1,baseline,1,2033,0.0,0.5456475583864119,HYBRID_HEAT_PUMP,TOTAL,101821,14656,694,108308,49045,0.7652436097789532,0.6356143307578486,0.28169208547104796,1602.5175043327556,0.6916875723242738,MEDIUM,MEDIUM,MEDIUM,5,COST_BASED,COST_BASED,false,false
1,baseline,1,2034,0.0,0.5456475583864119,HYBRID_HEAT_PUMP,TOTAL,116338,15264,747,123572,53769,0.7653614938770804,0.64953912836997,0.3189059536391005,1559.9780728672656,0.7032418306759171,MEDIUM,MEDIUM,MEDIUM,5,COST_BASED,COST_BASED,false,false
1,baseline,1,2035,0.0,0.5456475583864119,HYBRID_HEAT_PUMP,TOTAL,132119,16484,703,140056,56507,0.7650431044598213,0.6585743534554928,0.355447122316958,1528.2001167996884,0.7077389734890397,MEDIUM,MEDIUM,MEDIUM,5,COST_BASED,COST_BASED,false,false
1,baseline,1,2036,0.0,0.5456475583864119,HYBRID_HEAT_PUMP,TOTAL,146876,15533,776,155589,50212,0.7650364885454078,0.6518050024159416,0.38492612095070894,1570.941846570541,0.6902168512498867,MEDIUM,MEDIUM,MEDIUM,5,COST_BASED,COST_BASED,false,false
1,baseline,1,2037,0.0,0.5456475583864119,HYBRID_HEAT_PUMP,TOTAL,157333,11181,724,166770,23232,0.8129054178904764,0.6950066164105757,0.5169711545556555,1378.1775568181818,0.7100407815043335,MEDIUM,MEDIUM,MEDIUM,5,COST_BASED,COST_BASED,false,false
1,baseline,1,2038,0.0,0.5456475583864119,HYBRID_HEAT_PUMP,TOTAL,165445,8795,683,175565,18476,0.8201094965994419,0.6970897963247882,0.5479748624497316,1366.31310889803,0.7036136047248869,MEDIUM,MEDIUM,MEDIUM,5,COST_BASED,COST_BASED,false,false
1,baseline,1,2039,0.0,0.5456475583864119,HYBRID_HEAT_PUMP,TOTAL,172074,7281,652,182846,13724,0.8288615912126602,0.6974653866402551,0.5868804840263202,1450.7137860682017,0.6922625611506452,MEDIUM,MEDIUM,MEDIUM,5,COST_BASED,COST_BASED,false,false
1,baseline,1,2040,0.0,0.5456475583864119,HYBRID_HEAT_PUMP,TOTAL,175922,9589,5741,192435,24860,0.748239583596374,0.6859202086887309,0.4122988356320801,1486.711705551086,0.7387457082259813,MEDIUM,MEDIUM,MEDIUM,5,COST_BASED,COST_BASED,false,false
1,baseline,1,2041,0.0,0.5456475583864119,HYBRID_HEAT_PUMP,TOTAL,178269,10194,7847,202629,26427,0.7457090828900123,0.6852917295151928,0.39032695275509205,1442.2416089605329,0.7439285853615051,MEDIUM,MEDIUM,MEDIUM,5,COST_BASED,COST_BASED,false,false
1,baseline,1,2042,0.0,0.5456475583864119,HYBRID_HEAT_PUMP,TOTAL,179798,10056,8527,212685,28096,0.7412368482339596,0.6623024351391352,0.37665775966923093,1403.4769006264237,0.7139800007329044,MEDIUM,MEDIUM,MEDIUM,5,COST_BASED,COST_BASED,false,false
1,baseline,1,2043,0.0,0.5456475583864119,HYBRID_HEAT_PUMP,TOTAL,181713,11724,9809,224409,30967,0.7463966048832639,0.6757860608826274,0.38796483543085875,1382.8605935350533,0.7300887312454136,MEDIUM,MEDIUM,MEDIUM,5,COST_BASED,COST_BASED,false,false
1,baseline,1,2044,0.0,0.5456475583864119,HYBRID_HEAT_PUMP,TOTAL,182864,13218,12067,237627,31261,0.7493854035375151,0.6915595533931196,0.39529463122400144,1360.050862096542,0.7511693213993035,MEDIUM,MEDIUM,MEDIUM,5,COST_BASED,COST_BASED,false,false
1,baseline,1,2045,0.0,0.5456475583864119,HYBRID_HEAT_PUMP,TOTAL,184151,13045,11758,250672,31529,0.747432738026981,0.678076909181031,0.3959657854278432,1336.3934155856514,0.7312657329078418,MEDIUM,MEDIUM,MEDIUM,5,COST_BASED,COST_BASED,false,false
1,baseline,1,2046,0.0,0.5456475583864119,HYBRID_HEAT_PUMP,TOTAL,185110,14084,13125,264756,33705,0.749944347644609,0.6799910020629449,0.4057189987581733,1311.3065717252632,0.731070666493736,MEDIUM,MEDIUM,MEDIUM,5,COST_BASED,COST_BASED,false,false
1,baseline,1,2047,0.0,0.5456475583864119,HYBRID_HEAT_PUMP,TOTAL,186096,14992,14006,279748,35405,0.7542790379343975,0.6865021337000289,0.41345917492291184,1307.0953255189945,0.7378186473357137,MEDIUM,MEDIUM,MEDIUM,5,COST_BASED,COST_BASED,false,false
1,baseline,1,2048,0.0,0.5456475583864119,HYBRID_HEAT_PUMP,TOTAL,187117,15677,14656,295425,33914,0.7563552911545041,0.696590752518874,0.4201013780618852,1309.9110102022764,0.7507719614742188,MEDIUM,MEDIUM,MEDIUM,5,COST_BASED,COST_BASED,false,false
1,baseline,1,2049,0.0,0.5456475583864119,HYBRID_HEAT_PUMP,TOTAL,187849,15996,15264,311421,34864,0.7548401084267912,0.6967317098932085,0.4208325542637016,1267.270565626434,0.7511793991672,MEDIUM,MEDIUM,MEDIUM,5,COST_BASED,COST_BASED,false,false
1,baseline,1,2050,0.0,0.5456475583864119,HYBRID_HEAT_PUMP,TOTAL,188721,17356,16484,328777,37005,0.757445323247529,0.6959867468935641,0.42326408798373,1247.7783002296987,0.7488027675325382,MEDIUM,MEDIUM,MEDIUM,5,COST_BASED,COST_BASED,false,false
1,baseline,1,2024,0.0,0.0,HYBRID_HEAT_PUMP,PRIVATELY_OWNED,9121,9121,0,9121,0,0.0,0.0,0.0,0.0,0.0,MEDIUM,MEDIUM,MEDIUM,5,COST_BASED,COST_BASED,false,false
1,baseline,1,2025,0.0,0.13800424628450106,HYBRID_HEAT_PUMP,PRIVATELY_OWNED,13444,4929,606,14050,33092,0.7656310560253007,0.5961307054721475,0.03812828902273113,1880.0953402635078,0.6932562219462078,MEDIUM,MEDIUM,MEDIUM,5,COST_BASED,COST_BASED,false,false
1,baseline,1,2026,0.0,0.13800424628450106,HYBRID_HEAT_PUMP,PRIVATELY_OWNED,19449,6654,649,20704,33564,0.766585670115384,0.5998127931587938,0.05758908626626567,1852.9064175902754,0.6936755006427786,MEDIUM,MEDIUM,MEDIUM,5,COST_BASED,COST_BASED,false,false
1,baseline,1,2027,0.0,0.13800424628450106,HYBRID_HEAT_PUMP,PRIVATELY_OWNED,25917,7079,611,27783,33632,0.7646332958333965,0.5981435023354958,0.08019960549841576,1805.481208372978,0.6860070281702857,MEDIUM,MEDIUM,MEDIUM,5,COST_BASED,COST_BASED,false,false
1,baseline,1,2028,0.0,0.13800424628450106,HYBRID_HEAT_PUMP,PRIVATELY_OWNED,33476,8150,591,35933,34355,0.7664110911437307,0.6002362045319062,0.1059759917157948,1782.5262407218745,0.6822575360829771,MEDIUM,MEDIUM,MEDIUM,5,COST_BASED,COST_BASED,false,false
1,baseline,1,2029,0.0,0.13800424628450106,HYBRID_HEAT_PUMP,PRIVATELY_OWNED,42979,10084,581,46017,34672,0.7650481853675651,0.6094581708642547,0.13339484807899898,1750.6097427318873,0.6895764979347385,MEDIUM,MEDIUM,MEDIUM,5,COST_BASED,COST_BASED,false,false
1,baseline,1,2030,0.0,0.5456475583864119,HYBRID_HEAT_PUMP,PRIVATELY_OWNED,52052,9630,557,55647,34406,0.7645990592142741,0.6023724556885595,0.16941489978327612,1727.6147764924722,0.6700551937834666,MEDIUM,MEDIUM,MEDIUM,5,COST_BASED,COST_BASED,false,false
1,baseline,1,2031,0.0,0.5456475583864119,HYBRID_HEAT_PUMP,PRIVATELY_OWNED,62138,10691,605,66338,35359,0.765700002492478,0.608634624314333,0.2048060592783427,1699.208065838966,0.670325421028795,MEDIUM,MEDIUM,MEDIUM,5,COST_BASED,COST_BASED,false,false
1,baseline,1,2032,0.0,0.5456475583864119,HYBRID_HEAT_PUMP,PRIVATELY_OWNED,72977,11491,652,77829,34365,0.7642928200800662,0.6301660631313992,0.23895293520083902,1690.2925360104757,0.6944376558768711,MEDIUM,MEDIUM,MEDIUM,5,COST_BASED,COST_BASED,false,false
1,baseline,1,2033,0.0,0.5456475583864119,HYBRID_HEAT_PUMP,PRIVATELY_OWNED,84301,11923,599,89752,34324,0.7652436097789532,0.6356143307578486,0.28169208547104796,1673.081284232607,0.6916875723242738,MEDIUM,MEDIUM,MEDIUM,5,COST_BASED,COST_BASED,false,false
1,baseline,1,2034,0.0,0.5456475583864119,HYBRID_HEAT_PUMP,PRIVATELY_OWNED,96198,12559,662,102311,36540,0.7653614938770804,0.64953912836997,0.3189059536391005,1612.2150246305418,0.7032418306759171,MEDIUM,MEDIUM,MEDIUM,5,COST_BASED,COST_BASED,false,false
1,baseline,1,2035,0.0,0.5456475583864119,HYBRID_HEAT_PUMP,PRIVATELY_OWNED,108961,13366,603,115677,36959,0.7650431044598213,0.6585743534554928,0.355447122316958,1587.4278254281771,0.7077389734890397,MEDIUM,MEDIUM,MEDIUM,5,COST_BASED,COST_BASED,false,false
1,baseline,1,2036,0.0,0.5456475583864119,HYBRID_HEAT_PUMP,PRIVATELY_OWNED,120546,12245,660,127922,34135,0.7650364885454078,0.6518050024159416,0.38492612095070894,1633.7719056686685,0.6902168512498867,MEDIUM,MEDIUM,MEDIUM,5,COST_BASED,COST_BASED,false,false
1,baseline,1,2037,0.0,0.5456475583864119,HYBRID_HEAT_PUMP,PRIVATELY_OWNED,130494,10541,593,138463,19566,0.8129054178904764,0.6950066164105757,0.5169711545556555,1434.712715935807,0.7100407815043335,MEDIUM,MEDIUM,MEDIUM,5,COST_BASED,COST_BASED,false,false
1,baseline,1,2038,0.0,0.5456475583864119,HYBRID_HEAT_PUMP,PRIVATELY_OWNED,138002,8098,590,146561,14947,0.8201094965994419,0.6970897963247882,0.5479748624497316,1423.0248210343213,0.7036136047248869,MEDIUM,MEDIUM,MEDIUM,5,COST_BASED,COST_BASED,false,false
1,baseline,1,2039,0.0,0.5456475583864119,HYBRID_HEAT_PUMP,PRIVATELY_OWNED,144273,6833,562,153394,11920,0.8288615912126602,0.6974653866402551,0.5868804840263202,1495.4476510067113,0.6922625611506452,MEDIUM,MEDIUM,MEDIUM,5,COST_BASED,COST_BASED,false,false
1,baseline,1,2040,0.0,0.5456475583864119,HYBRID_HEAT_PUMP,PRIVATELY_OWNED,147990,8646,4929,162040,23376,0.748239583596374,0.6859202086887309,0.4122988356320801,1513.1937885010268,0.7387457082259813,MEDIUM,MEDIUM,MEDIUM,5,COST_BASED,COST_BASED,false,false
1,baseline,1,2041,0.0,0.5456475583864119,HYBRID_HEAT_PUMP,PRIVATELY_OWNED,150152,8816,6654,170856,25633,0.7457090828900123,0.6852917295151928,0.39032695275509205,1448.6736238442631,0.7439285853615051,MEDIUM,MEDIUM,MEDIUM,5,COST_BASED,COST_BASED,false,false
1,baseline,1,2042,0.0,0.5456475583864119,HYBRID_HEAT_PUMP,PRIVATELY_OWNED,151536,8463,7079,179319,26231,0.7412368482339596,0.6623024351391352,0.37665775966923093,1418.859021768137,0.7139800007329044,MEDIUM,MEDIUM,MEDIUM,5,COST_BASED,COST_BASED,false,false
1,baseline,1,2043,0.0,0.5456475583864119,HYBRID_HEAT_PUMP,PRIVATELY_OWNED,153320,9934,8150,189253,28799,0.7463966048832639,0.6757860608826274,0.38796483543085875,1393.56793638668,0.7300887312454136,MEDIUM,MEDIUM,MEDIUM,5,COST_BASED,COST_BASED,false,false
1,baseline,1,2044,0.0,0.5456475583864119,HYBRID_HEAT_PUMP,PRIVATELY_OWNED,154331,11095,10084,200348,30768,0.7493854035375151,0.6915595533931196,0.39529463122400144,1362.2356669266771,0.7511693213993035,MEDIUM,MEDIUM,MEDIUM,5,COST_BASED,COST_BASED,false,false
1,baseline,1,2045,0.0,0.5456475583864119,HYBRID_HEAT_PUMP,PRIVATELY_OWNED,155493,10792,9630,211140,30816,0.747432738026981,0.678076909181031,0.3959657854278432,1338.885221962617,0.7312657329078418,MEDIUM,MEDIUM,MEDIUM,5,COST_BASED,COST_BASED,false,false
1,baseline,1,2046,0.0,0.5456475583864119,HYBRID_HEAT_PUMP,PRIVATELY_OWNED,156305,11503,10691,222643,32150,0.749944347644609,0.6799910020629449,0.4057189987581733,1320.0971695178848,0.731070666493736,MEDIUM,MEDIUM,MEDIUM,5,COST_BASED,COST_BASED,false,false
1,baseline,1,2047,0.0,0.5456475583864119,HYBRID_HEAT_PUMP,PRIVATELY_OWNED,157139,12325,11491,234968,33065,0.7542790379343975,0.6865021337000289,0.41345917492291184,1328.1477090579162,0.7378186473357137,MEDIUM,MEDIUM,MEDIUM,5,COST_BASED,COST_BASED,false,false
1,baseline,1,2048,0.0,0.5456475583864119,HYBRID_HEAT_PUMP,PRIVATELY_OWNED,158001,12785,11923,247753,33293,0.7563552911545041,0.696590752518874,0.4201013780618852,1312.9225963415734,0.7507719614742188,MEDIUM,MEDIUM,MEDIUM,5,COST_BASED,COST_BASED,false,false
1,baseline,1,2049,0.0,0.5456475583864119,HYBRID_HEAT_PUMP,PRIVATELY_OWNED,158549,13107,12559,260860,34453,0.7548401084267912,0.6967317098932085,0.4208325542637016,1267.1871244884335,0.7511793991672,MEDIUM,MEDIUM,MEDIUM,5,COST_BASED,COST_BASED,false,false
1,baseline,1,2050,0.0,0.5456475583864119,HYBRID_HEAT_PUMP,PRIVATELY_OWNED,159256,14073,13366,274933,35715,0.757445323247529,0.6959867468935641,0.42326408798373,1251.0881422371554,0.7488027675325382,MEDIUM,MEDIUM,MEDIUM,5,COST_BASED,COST_BASED,false,false
1,baseline,1,2024,0.0,0.0,HYBRID_HEAT_PUMP,SOCIAL_HOUSING,126,126,0,126,0,0.0,0.0,0.0,0.0,0.0,MEDIUM,MEDIUM,MEDIUM,5,COST_BASED,COST_BASED,false,false
1,baseline,1,2025,0.0,0.13800424628450106,HYBRID_HEAT_PUMP,SOCIAL_HOUSING,126,0,0,126,8870,0.0,0.0,0.0,1599.0871476888387,0.0,MEDIUM,MEDIUM,MEDIUM,5,COST_BASED,COST_BASED,false,false
1,baseline,1,2026,0.0,0.13800424628450106,HYBRID_HEAT_PUMP,SOCIAL_HOUSING,79,0,47,126,8446,0.0,0.0,0.0,1488.4629410371774,0.0,MEDIUM,MEDIUM,MEDIUM,5,COST_BASED,COST_BASED,false,false
1,baseline,1,2027,0.0,0.13800424628450106,HYBRID_HEAT_PUMP,SOCIAL_HOUSING,70,0,9,126,8982,0.0,0.0,0.0,1488.2146515252728,0.0,MEDIUM,MEDIUM,MEDIUM,5,COST_BASED,COST_BASED,false,false
1,baseline,1,2028,0.0,0.13800424628450106,HYBRID_HEAT_PUMP,SOCIAL_HOUSING,70,0,0,126,8992,0.0,0.0,0.0,1479.1687055160141,0.0,MEDIUM,MEDIUM,MEDIUM,5,COST_BASED,COST_BASED,false,false
1,baseline,1,2029,0.0,0.13800424628450106,HYBRID_HEAT_PUMP,SOCIAL_HOUSING,70,0,0,126,9124,0.0,0.0,0.0,1480.231367821131,0.0,MEDIUM,MEDIUM,MEDIUM,5,COST_BASED,COST_BASED,false,false
1,baseline,1,2030,0.0,0.5456475583864119,HYBRID_HEAT_PUMP,SOCIAL_HOUSING,49,0,21,126,7047,0.0,0.0,0.0,1407.8975450546332,0.0,MEDIUM,MEDIUM,MEDIUM,5,COST_BASED,COST_BASED,false,false
1,baseline,1,2031,0.0,0.5456475583864119,HYBRID_HEAT_PUMP,SOCIAL_HOUSING,42,0,7,126,6446,0.0,0.0,0.0,1412.5570896680113,0.0,MEDIUM,MEDIUM,MEDIUM,5,COST_BASED,COST_BASED,false,false
1,baseline,1,2032,0.0,0.5456475583864119,HYBRID_HEAT_PUMP,SOCIAL_HOUSING,42,0,0,126,6394,0.0,0.0,0.0,1330.9255552080076,0.0,MEDIUM,MEDIUM,MEDIUM,5,COST_BASED,COST_BASED,false,false
1,baseline,1,2033,0.0,0.5456475583864119,HYBRID_HEAT_PUMP,SOCIAL_HOUSING,42,0,0,126,7959,0.0,0.0,0.0,1438.2531725091092,0.0,MEDIUM,MEDIUM,MEDIUM,5,COST_BASED,COST_BASED,false,false
1,baseline,1,2034,0.0,0.5456475583864119,HYBRID_HEAT_PUMP,SOCIAL_HOUSING,42,0,0,126,10714,0.0,0.0,0.0,1454.9163711032295,0.0,MEDIUM,MEDIUM,MEDIUM,5,COST_BASED,COST_BASED,false,false
1,baseline,1,2035,0.0,0.5456475583864119,HYBRID_HEAT_PUMP,SOCIAL_HOUSING,42,0,0,126,12958,0.0,0.0,0.0,1414.9162679425838,0.0,MEDIUM,MEDIUM,MEDIUM,5,COST_BASED,COST_BASED,false,false
1,baseline,1,2036,0.0,0.5456475583864119,HYBRID_HEAT_PUMP,SOCIAL_HOUSING,28,0,14,126,9459,0.0,0.0,0.0,1457.779575007929,0.0,MEDIUM,MEDIUM,MEDIUM,5,COST_BASED,COST_BASED,false,false
1,baseline,1,2037,0.0,0.5456475583864119,HYBRID_HEAT_PUMP,SOCIAL_HOUSING,2,0,26,126,2698,0.0,0.0,0.0,1040.0752409191994,0.0,MEDIUM,MEDIUM,MEDIUM,5,COST_BASED,COST_BASED,false,false
1,baseline,1,2038,0.0,0.5456475583864119,HYBRID_HEAT_PUMP,SOCIAL_HOUSING,2,0,0,126,2468,0.0,0.0,0.0,1141.9262560777959,0.0,MEDIUM,MEDIUM,MEDIUM,5,COST_BASED,COST_BASED,false,false
1,baseline,1,2039,0.0,0.5456475583864119,HYBRID_HEAT_PUMP,SOCIAL_HOUSING,0,0,2,126,804,0.0,0.0,0.0,1159.995024875622,0.0,MEDIUM,MEDIUM,MEDIUM,5,COST_BASED,COST_BASED,false,false
1,baseline,1,2040,0.0,0.5456475583864119,HYBRID_HEAT_PUMP,SOCIAL_HOUSING,0,0,0,126,1118,0.0,0.0,0.0,981.783542039356,0.0,MEDIUM,MEDIUM,MEDIUM,5,COST_BASED,COST_BASED,false,false
1,baseline,1,2041,0.0,0.5456475583864119,HYBRID_HEAT_PUMP,SOCIAL_HOUSING,0,0,0,126,0,0.0,0.0,0.0,0.0,0.0,MEDIUM,MEDIUM,MEDIUM,5,COST_BASED,COST_BASED,false,false
1,baseline,1,2042,0.0,0.5456475583864119,HYBRID_HEAT_PUMP,SOCIAL_HOUSING,0,0,0,126,1271,0.0,0.0,0.0,1182.669551534225,0.0,MEDIUM,MEDIUM,MEDIUM,5,COST_BASED,COST_BASED,false,false
1,baseline,1,2043,0.0,0.5456475583864119,HYBRID_HEAT_PUMP,SOCIAL_HOUSING,0,0,0,126,1732,0.0,0.0,0.0,1254.487297921478,0.0,MEDIUM,MEDIUM,MEDIUM,5,COST_BASED,COST_BASED,false,false
1,baseline,1,2044,0.0,0.5456475583864119,HYBRID_HEAT_PUMP,SOCIAL_HOUSING,0,0,0,126,70,0.0,0.0,0.0,913.8714285714286,0.0,MEDIUM,MEDIUM,MEDIUM,5,COST_BASED,COST_BASED,false,false
1,baseline,1,2045,0.0,0.5456475583864119,HYBRID_HEAT_PUMP,SOCIAL_HOUSING,0,0,0,126,357,0.0,0.0,0.0,1150.9243697478992,0.0,MEDIUM,MEDIUM,MEDIUM,5,COST_BASED,COST_BASED,false,false
1,baseline,1,2046,0.0,0.5456475583864119,HYBRID_HEAT_PUMP,SOCIAL_HOUSING,0,0,0,126,1056,0.0,0.0,0.0,1085.128787878788,0.0,MEDIUM,MEDIUM,MEDIUM,5,COST_BASED,COST_BASED,false,false
1,baseline,1,2047,0.0,0.5456475583864119,HYBRID_HEAT_PUMP,SOCIAL_HOUSING,0,0,0,126,1976,0.0,0.0,0.0,968.6923076923077,0.0,MEDIUM,MEDIUM,MEDIUM,5,COST_BASED,COST_BASED,false,false
1,baseline,1,2048,0.0,0.5456475583864119,HYBRID_HEAT_PUMP,SOCIAL_HOUSING,0,0,0,126,0,0.0,0.0,0.0,0.0,0.0,MEDIUM,MEDIUM,MEDIUM,5,COST_BASED,COST_BASED,false,false
1,baseline,1,2049,0.0,0.5456475583864119,HYBRID_HEAT_PUMP,SOCIAL_HOUSING,0,0,0,126,0,0.0,0.0,0.0,0.0,0.0,MEDIUM,MEDIUM,MEDIUM,5,COST_BASED,COST_BASED,false,false
1,baseline,1,2050,0.0,0.5456475583864119,HYBRID_HEAT_PUMP,SOCIAL_HOUSING,0,0,0,126,880,0.0,0.0,0.0,1159.0363636363636,0.0,MEDIUM,MEDIUM,MEDIUM,5,COST_BASED,COST_BASED,false,false
1,baseline,1,2024,0.0,0.0,HYBRID_HEAT_PUMP,PRIVATELY_RENTED,1525,1525,0,1525,0,0.0,0.0,0.0,0.0,0.0,MEDIUM,MEDIUM,MEDIUM,5,COST_BASED,COST_BASED,false,false
1,baseline,1,2025,0.0,0.13800424628450106,HYBRID_HEAT_PUMP,PRIVATELY_RENTED,2228,812,109,2337,6788,0.0,0.0,0.0,1619.3998232174426,0.0,MEDIUM,MEDIUM,MEDIUM,5,COST_BASED,COST_BASED,false,false
1,baseline,1,2026,0.0,0.13800424628450106,HYBRID_HEAT_PUMP,PRIVATELY_RENTED,3319,1193,102,3530,6750,0.0,0.0,0.0,1603.3404444444445,0.0,MEDIUM,MEDIUM,MEDIUM,5,COST_BASED,COST_BASED,false,false
1,baseline,1,2027,0.0,0.13800424628450106,HYBRID_HEAT_PUMP,PRIVATELY_RENTED,4663,1448,104,4978,6677,0.0,0.0,0.0,1565.2489141830163,0.0,MEDIUM,MEDIUM,MEDIUM,5,COST_BASED,COST_BASED,false,false
1,baseline,1,2028,0.0,0.13800424628450106,HYBRID_HEAT_PUMP,PRIVATELY_RENTED,6215,1659,107,6637,6767,0.0,0.0,0.0,1536.9881779222699,0.0,MEDIUM,MEDIUM,MEDIUM,5,COST_BASED,COST_BASED,false,false
1,baseline,1,2029,0.0,0.13800424628450106,HYBRID_HEAT_PUMP,PRIVATELY_RENTED,8064,1983,134,8620,6683,0.0,0.0,0.0,1538.6179859344606,0.0,MEDIUM,MEDIUM,MEDIUM,5,COST_BASED,COST_BASED,false,false
1,baseline,1,2030,0.0,0.5456475583864119,HYBRID_HEAT_PUMP,PRIVATELY_RENTED,10096,2128,96,10748,6689,0.0,0.0,0.0,1498.821647480939,0.0,MEDIUM,MEDIUM,MEDIUM,5,COST_BASED,COST_BASED,false,false
1,baseline,1,2031,0.0,0.5456475583864119,HYBRID_HEAT_PUMP,PRIVATELY_RENTED,12416,2434,114,13182,6896,0.0,0.0,0.0,1471.6640081206497,0.0,MEDIUM,MEDIUM,MEDIUM,5,COST_BASED,COST_BASED,false,false
1,baseline,1,2032,0.0,0.5456475583864119,HYBRID_HEAT_PUMP,PRIVATELY_RENTED,14840,2515,91,15697,6854,0.0,0.0,0.0,1467.2973446162825,0.0,MEDIUM,MEDIUM,MEDIUM,5,COST_BASED,COST_BASED,false,false
1,baseline,1,2033,0.0,0.5456475583864119,HYBRID_HEAT_PUMP,PRIVATELY_RENTED,17478,2733,95,18430,6762,0.0,0.0,0.0,1437.6770186335405,0.0,MEDIUM,MEDIUM,MEDIUM,5,COST_BASED,COST_BASED,false,false
1,baseline,1,2034,0.0,0.5456475583864119,HYBRID_HEAT_PUMP,PRIVATELY_RENTED,20098,2705,85,21135,6515,0.0,0.0,0.0,1439.777436684574,0.0,MEDIUM,MEDIUM,MEDIUM,5,COST_BASED,COST_BASED,false,false
1,baseline,1,2035,0.0,0.5456475583864119,HYBRID_HEAT_PUMP,PRIVATELY_RENTED,23116,3118,100,24253,6590,0.0,0.0,0.0,1418.7820940819424,0.0,MEDIUM,MEDIUM,MEDIUM,5,COST_BASED,COST_BASED,false,false
1,baseline,1,2036,0.0,0.5456475583864119,HYBRID_HEAT_PUMP,PRIVATELY_RENTED,26302,3288,102,27541,6618,0.0,0.0,0.0,1408.611514052584,0.0,MEDIUM,MEDIUM,MEDIUM,5,COST_BASED,COST_BASED,false,false
1,baseline,1,2037,0.0,0.5456475583864119,HYBRID_HEAT_PUMP,PRIVATELY_RENTED,26837,640,105,28181,968,0.0,0.0,0.0,1177.7985537190082,0.0,MEDIUM,MEDIUM,MEDIUM,5,COST_BASED,COST_BASED,false,false
1,baseline,1,2038,0.0,0.5456475583864119,HYBRID_HEAT_PUMP,PRIVATELY_RENTED,27441,697,93,28878,1061,0.0,0.0,0.0,1089.3261074458057,0.0,MEDIUM,MEDIUM,MEDIUM,5,COST_BASED,COST_BASED,false,false
1,baseline,1,2039,0.0,0.5456475583864119,HYBRID_HEAT_PUMP,PRIVATELY_RENTED,27801,448,88,29326,1000,0.0,0.0,0.0,1151.224,0.0,MEDIUM,MEDIUM,MEDIUM,5,COST_BASED,COST_BASED,false,false
1,baseline,1,2040,0.0,0.5456475583864119,HYBRID_HEAT_PUMP,PRIVATELY_RENTED,27932,943,812,30269,366,0.0,0.0,0.0,1337.707650273224,0.0,MEDIUM,MEDIUM,MEDIUM,5,COST_BASED,COST_BASED,false,false
1,baseline,1,2041,0.0,0.5456475583864119,HYBRID_HEAT_PUMP,PRIVATELY_RENTED,28117,1378,1193,31647,794,0.0,0.0,0.0,1234.5944584382871,0.0,MEDIUM,MEDIUM,MEDIUM,5,COST_BASED,COST_BASED,false,false
1,baseline,1,2042,0.0,0.5456475583864119,HYBRID_HEAT_PUMP,PRIVATELY_RENTED,28262,1593,1448,33240,594,0.0,0.0,0.0,1196.671717171717,0.0,MEDIUM,MEDIUM,MEDIUM,5,COST_BASED,COST_BASED,false,false
1,baseline,1,2043,0.0,0.5456475583864119,HYBRID_HEAT_PUMP,PRIVATELY_RENTED,28393,1790,1659,35030,436,0.0,0.0,0.0,1185.5711009174313,0.0,MEDIUM,MEDIUM,MEDIUM,5,COST_BASED,COST_BASED,false,false
1,baseline,1,2044,0.0,0.5456475583864119,HYBRID_HEAT_PUMP,PRIVATELY_RENTED,28533,2123,1983,37153,423,0.0,0.0,0.0,1274.9692671394798,0.0,MEDIUM,MEDIUM,MEDIUM,5,COST_BASED,COST_BASED,false,false
1,baseline,1,2045,0.0,0.5456475583864119,HYBRID_HEAT_PUMP,PRIVATELY_RENTED,28658,2253,2128,39406,356,0.0,0.0,0.0,1306.688202247191,0.0,MEDIUM,MEDIUM,MEDIUM,5,COST_BASED,COST_BASED,false,false
1,baseline,1,2046,0.0,0.5456475583864119,HYBRID_HEAT_PUMP,PRIVATELY_RENTED,28805,2581,2434,41987,499,0.0,0.0,0.0,1223.5831663326653,0.0,MEDIUM,MEDIUM,MEDIUM,5,COST_BASED,COST_BASED,false,false
1,baseline,1,2047,0.0,0.5456475583864119,HYBRID_HEAT_PUMP,PRIVATELY_RENTED,28957,2667,2515,44654,364,0.0,0.0,0.0,1231.7857142857142,0.0,MEDIUM,MEDIUM,MEDIUM,5,COST_BASED,COST_BASED,false,false
1,baseline,1,2048,0.0,0.5456475583864119,HYBRID_HEAT_PUMP,PRIVATELY_RENTED,29116,2892,2733,47546,621,0.0,0.0,0.0,1148.4541062801932,0.0,MEDIUM,MEDIUM,MEDIUM,5,COST_BASED,COST_BASED,false,false
1,baseline,1,2049,0.0,0.5456475583864119,HYBRID_HEAT_PUMP,PRIVATELY_RENTED,29300,2889,2705,50435,411,0.0,0.0,0.0,1274.265206812652,0.0,MEDIUM,MEDIUM,MEDIUM,5,COST_BASED,COST_BASED,false,false
1,baseline,1,2050,0.0,0.5456475583864119,HYBRID_HEAT_PUMP,PRIVATELY_RENTED,29465,3283,3118,53718,410,0.0,0.0,0.0,1149.929268292683,0.0,MEDIUM,MEDIUM,MEDIUM,5,COST_BASED,COST_BASED,false,false
