scenario,scenario_name,iteration,year,nbh_in_grid_congestion_perc,nbh_with_dh_perc,heating_system,ownership,installed_current,installed_annually,removed_annually,installed_cumulative,avg_att,avg_util,avg_sub_norm,avg_eac,avg_pbc,SLF,ELF,GRR,DHCT,DHES,SHAES,DHCO,GCHPB
1,baseline,1,2024,0.0,0.0,NATURAL_GAS_BOILER,TOTAL,211360,211360,0,211360,0.0,0.0,0.0,0.0,0.0,MEDIUM,MEDIUM,MEDIUM,5,COST_BASED,COST_BASED,false,false
1,baseline,1,2025,0.0,0.38738738738738737,NATURAL_GAS_BOILER,TOTAL,199289,11248,23319,222608,0.009281907203709876,0.020201884529419872,0.022009533561364623,48.25210553465116,0.02384187697132318,MEDIUM,MEDIUM,MEDIUM,5,COST_BASED,COST_BASED,false,false
1,baseline,1,2026,0.0,0.38738738738738737,NATURAL_GAS_BOILER,TOTAL,191111,13882,22060,236490,0.002805305442043314,0.005989215687742898,0.005956173900465012,14.782901690562047,0.007050519102976082,MEDIUM,MEDIUM,MEDIUM,5,COST_BASED,COST_BASED,false,false
1,baseline,1,2027,0.0,0.38738738738738737,NATURAL_GAS_BOILER,TOTAL,183947,9090,16254,245580,0.004166333634751646,0.008961925629194093,0.007997462343532782,22.063005531819332,0.010560456294008307,MEDIUM,MEDIUM,MEDIUM,5,COST_BASED,COST_BASED,false,false
1,baseline,1,2028,0.0,0.38738738738738737,NATURAL_GAS_BOILER,TOTAL,175376,6817,15388,252397,0.005087834171073545,0.011103153265088874,0.008824403924316443,26.627824568262174,0.013108259629760702,MEDIUM,MEDIUM,MEDIUM,5,COST_BASED,COST_BASED,false,false
1,baseline,1,2029,0.0,0.38738738738738737,NATURAL_GAS_BOILER,TOTAL,167294,7106,15188,259503,0.00757398878759637,0.016425608196622032,0.011594522805417768,39.90804434010301,0.01937614799963063,MEDIUM,MEDIUM,MEDIUM,5,COST_BASED,COST_BASED,false,false
1,baseline,1,2030,0.0,0.8558558558558559,NATURAL_GAS_BOILER,TOTAL,160437,11667,18524,271170,0.00244428050857729,0.005270563670766611,0.0032359677093893938,12.781097422395135,0.006212658058162997,MEDIUM,MEDIUM,MEDIUM,5,COST_BASED,COST_BASED,false,false
1,baseline,1,2031,0.0,0.8558558558558559,NATURAL_GAS_BOILER,TOTAL,152454,8433,16416,279603,0.003067914672622166,0.006681002522871359,0.0034421102010151992,15.963195685222711,0.007885365139621018,MEDIUM,MEDIUM,MEDIUM,5,COST_BASED,COST_BASED,false,false
1,baseline,1,2032,0.0,0.8558558558558559,NATURAL_GAS_BOILER,TOTAL,145985,12098,18567,291701,0.002665827525570157,0.0057396855615510865,0.002430594438296314,13.726841620179549,0.006764304906878052,MEDIUM,MEDIUM,MEDIUM,5,COST_BASED,COST_BASED,false,false
1,baseline,1,2033,0.0,0.8558558558558559,NATURAL_GAS_BOILER,TOTAL,138084,5978,13879,297679,0.004855642766373528,0.010881934893039394,0.003480922023903288,25.29625091298971,0.01289069893526132,MEDIUM,MEDIUM,MEDIUM,5,COST_BASED,COST_BASED,false,false
1,baseline,1,2034,0.0,0.8558558558558559,NATURAL_GAS_BOILER,TOTAL,127595,11900,22389,309579,0.002713426866178127,0.006016586260072862,0.0013269117610597099,13.384499725650548,0.007117639391371086,MEDIUM,MEDIUM,MEDIUM,5,COST_BASED,COST_BASED,false,false
1,baseline,1,2035,0.0,0.8558558558558559,NATURAL_GAS_BOILER,TOTAL,118853,11154,19896,320733,0.0028367681320287607,0.006210349606261356,7.734144753273267E-4,14.60783464430612,0.007334876764339113,MEDIUM,MEDIUM,MEDIUM,5,COST_BASED,COST_BASED,false,false
1,baseline,1,2036,0.0,0.8558558558558559,NATURAL_GAS_BOILER,TOTAL,114290,4917,9480,325650,0.0032714557187370954,0.007030439530329977,3.422673507202012E-4,16.798126453716854,0.008283434134194325,MEDIUM,MEDIUM,MEDIUM,5,COST_BASED,COST_BASED,false,false
1,baseline,1,2037,0.0,0.8558558558558559,NATURAL_GAS_BOILER,TOTAL,114165,11123,11248,336773,0.005012439543708206,0.00862801102115903,5.726930647946938E-4,18.19604500457238,0.009833201513642672,MEDIUM,MEDIUM,MEDIUM,5,COST_BASED,COST_BASED,false,false
1,baseline,1,2038,0.0,0.8558558558558559,NATURAL_GAS_BOILER,TOTAL,115162,14879,13882,351652,0.001608841981130649,0.0027504009144032667,1.349733034756177E-4,6.87707279076203,0.00313092055882746,MEDIUM,MEDIUM,MEDIUM,5,COST_BASED,COST_BASED,false,false
1,baseline,1,2039,0.0,0.8558558558558559,NATURAL_GAS_BOILER,TOTAL,115303,9231,9090,360883,0.00316747013604302,0.005205306236318265,3.153766766021182E-4,12.763134139978117,0.005884584936410005,MEDIUM,MEDIUM,MEDIUM,5,COST_BASED,COST_BASED,false,false
1,baseline,1,2040,0.0,0.8558558558558559,NATURAL_GAS_BOILER,TOTAL,115403,6917,6817,367800,0.0030181854531351558,0.00694363053272214,6.619497389570115E-5,17.930726069485193,0.008252112225917822,MEDIUM,MEDIUM,MEDIUM,5,COST_BASED,COST_BASED,false,false
1,baseline,1,2041,0.0,0.8558558558558559,NATURAL_GAS_BOILER,TOTAL,115417,7120,7106,374920,0.003590754378546037,0.007796164409711175,1.1845051619379694E-4,20.8474229240492,0.009197967753432873,MEDIUM,MEDIUM,MEDIUM,5,COST_BASED,COST_BASED,false,false
1,baseline,1,2042,0.0,0.8558558558558559,NATURAL_GAS_BOILER,TOTAL,115465,11715,11667,386635,0.0020301604658397184,0.004436924315021496,5.125207007921644E-5,11.911305074817164,0.005239178931415476,MEDIUM,MEDIUM,MEDIUM,5,COST_BASED,COST_BASED,false,false
1,baseline,1,2043,0.0,0.8558558558558559,NATURAL_GAS_BOILER,TOTAL,115607,8575,8433,395210,0.0027489500665551334,0.0060440211187488945,6.976641816743894E-5,15.53931876453576,0.007142378136146772,MEDIUM,MEDIUM,MEDIUM,5,COST_BASED,COST_BASED,false,false
1,baseline,1,2044,0.0,0.8558558558558559,NATURAL_GAS_BOILER,TOTAL,115644,12135,12098,407345,0.002169815688315102,0.004855780079470013,5.362575549023709E-5,12.675141102236903,0.005751101543188294,MEDIUM,MEDIUM,MEDIUM,5,COST_BASED,COST_BASED,false,false
1,baseline,1,2045,0.0,0.8558558558558559,NATURAL_GAS_BOILER,TOTAL,115726,6060,5978,413405,0.003115301416400104,0.008626317031597247,1.1393415744276976E-4,23.447472862040303,0.010463322236662962,MEDIUM,MEDIUM,MEDIUM,5,COST_BASED,COST_BASED,false,false
1,baseline,1,2046,0.0,0.8558558558558559,NATURAL_GAS_BOILER,TOTAL,115764,11938,11900,425343,0.0017504599162565314,0.0050249346341750215,6.122784852299125E-5,13.364743948895422,0.006116426206814503,MEDIUM,MEDIUM,MEDIUM,5,COST_BASED,COST_BASED,false,false
1,baseline,1,2047,0.0,0.8558558558558559,NATURAL_GAS_BOILER,TOTAL,115852,11242,11154,436585,0.0017134047739139555,0.004739108531488518,5.5450415198323835E-5,12.460387723295371,0.005747676450680068,MEDIUM,MEDIUM,MEDIUM,5,COST_BASED,COST_BASED,false,false
1,baseline,1,2048,0.0,0.8558558558558559,NATURAL_GAS_BOILER,TOTAL,117872,6937,4917,443522,0.0016394549771482126,0.004867179536837902,4.315591291066667E-5,12.443269733323337,0.005943087723401138,MEDIUM,MEDIUM,MEDIUM,5,COST_BASED,COST_BASED,false,false
1,baseline,1,2049,0.0,0.8558558558558559,NATURAL_GAS_BOILER,TOTAL,117940,11191,11123,454713,0.00268278870637319,0.007535607691956232,9.726742829264293E-5,18.876791688588703,0.009153214020483896,MEDIUM,MEDIUM,MEDIUM,5,COST_BASED,COST_BASED,false,false
1,baseline,1,2050,0.0,0.8558558558558559,NATURAL_GAS_BOILER,TOTAL,118057,14996,14879,469709,9.991074024859404E-4,0.002733266128162559,3.123917256346286E-5,6.6495277845010445,0.0033113190367214398,MEDIUM,MEDIUM,MEDIUM,5,COST_BASED,COST_BASED,false,false
1,baseline,1,2024,0.0,0.0,NATURAL_GAS_BOILER,PRIVATELY_OWNED,111386,111386,0,111386,0.0,0.0,0.0,0.0,0.0,MEDIUM,MEDIUM,MEDIUM,5,COST_BASED,COST_BASED,false,false
1,baseline,1,2025,0.0,0.38738738738738737,NATURAL_GAS_BOILER,PRIVATELY_OWNED,97197,365,14554,111751,0.2860353211707635,0.6225501292792184,0.6782554342417241,1486.9580357637158,0.7347217319820359,MEDIUM,MEDIUM,MEDIUM,5,COST_BASED,COST_BASED,false,false
1,baseline,1,2026,0.0,0.38738738738738737,NATURAL_GAS_BOILER,PRIVATELY_OWNED,88512,137,8822,111888,0.2842573003390167,0.6068780450893936,0.6035299714325204,1497.928768382353,0.714418293339518,MEDIUM,MEDIUM,MEDIUM,5,COST_BASED,COST_BASED,false,false
1,baseline,1,2027,0.0,0.38738738738738737,NATURAL_GAS_BOILER,PRIVATELY_OWNED,79910,133,8735,112021,0.2847516747360336,0.6125105561607092,0.5465934789677669,1507.9151901070506,0.7217635166356053,MEDIUM,MEDIUM,MEDIUM,5,COST_BASED,COST_BASED,false,false
1,baseline,1,2028,0.0,0.38738738738738737,NATURAL_GAS_BOILER,PRIVATELY_OWNED,71222,122,8810,112143,0.28429316019842915,0.620411441050089,0.4930816520661081,1487.8842629659282,0.7324508680006452,MEDIUM,MEDIUM,MEDIUM,5,COST_BASED,COST_BASED,false,false
1,baseline,1,2029,0.0,0.38738738738738737,NATURAL_GAS_BOILER,PRIVATELY_OWNED,62530,189,8881,112332,0.2847659488077238,0.6175681050010379,0.43592951881110403,1500.4580057183703,0.7285021570654776,MEDIUM,MEDIUM,MEDIUM,5,COST_BASED,COST_BASED,false,false
1,baseline,1,2030,0.0,0.8558558558558559,NATURAL_GAS_BOILER,PRIVATELY_OWNED,53420,100,9210,112432,0.28517420693571244,0.6149166634683406,0.37754035265446056,1491.1706362708405,0.7248308156458769,MEDIUM,MEDIUM,MEDIUM,5,COST_BASED,COST_BASED,false,false
1,baseline,1,2031,0.0,0.8558558558558559,NATURAL_GAS_BOILER,PRIVATELY_OWNED,44441,91,9070,112523,0.2843046641123377,0.6191307063227931,0.31898148708968327,1479.314606741573,0.7307393870596048,MEDIUM,MEDIUM,MEDIUM,5,COST_BASED,COST_BASED,false,false
1,baseline,1,2032,0.0,0.8558558558558559,NATURAL_GAS_BOILER,PRIVATELY_OWNED,35661,113,8893,112636,0.2854086849942279,0.6145019108287172,0.2602241726947682,1469.6223886808157,0.7241996527735458,MEDIUM,MEDIUM,MEDIUM,5,COST_BASED,COST_BASED,false,false
1,baseline,1,2033,0.0,0.8558558558558559,NATURAL_GAS_BOILER,PRIVATELY_OWNED,26839,102,8924,112738,0.2845787495821662,0.6377667332410735,0.20400933194993978,1482.558705469142,0.7554960611273742,MEDIUM,MEDIUM,MEDIUM,5,COST_BASED,COST_BASED,false,false
1,baseline,1,2034,0.0,0.8558558558558559,NATURAL_GAS_BOILER,PRIVATELY_OWNED,16442,113,10510,112851,0.28575026289840455,0.6336051017244871,0.13973672527973935,1409.5181127012522,0.7495567146665126,MEDIUM,MEDIUM,MEDIUM,5,COST_BASED,COST_BASED,false,false
1,baseline,1,2035,0.0,0.8558558558558559,NATURAL_GAS_BOILER,PRIVATELY_OWNED,7516,112,9038,112963,0.28251171200579284,0.6184842813235639,0.07702379515893752,1454.7838180588435,0.7304751377628435,MEDIUM,MEDIUM,MEDIUM,5,COST_BASED,COST_BASED,false,false
1,baseline,1,2036,0.0,0.8558558558558559,NATURAL_GAS_BOILER,PRIVATELY_OWNED,1633,56,5939,113019,0.28724549587554105,0.6172976994755803,0.030052295776629094,1474.935495945103,0.7273151006755981,MEDIUM,MEDIUM,MEDIUM,5,COST_BASED,COST_BASED,false,false
1,baseline,1,2037,0.0,0.8558558558558559,NATURAL_GAS_BOILER,PRIVATELY_OWNED,1426,158,365,113177,0.35286939901687575,0.6074010543566576,0.04031686683361632,1280.9785353535353,0.6922449394699205,MEDIUM,MEDIUM,MEDIUM,5,COST_BASED,COST_BASED,false,false
1,baseline,1,2038,0.0,0.8558558558558559,NATURAL_GAS_BOILER,PRIVATELY_OWNED,1361,72,137,113249,0.3324716644061517,0.5683779889639751,0.027892608089079386,1421.1661951909477,0.647013430483247,MEDIUM,MEDIUM,MEDIUM,5,COST_BASED,COST_BASED,false,false
1,baseline,1,2039,0.0,0.8558558558558559,NATURAL_GAS_BOILER,PRIVATELY_OWNED,1311,83,133,113332,0.3522761063350978,0.5789178538247459,0.035075206044748834,1419.475798146241,0.6544651029879609,MEDIUM,MEDIUM,MEDIUM,5,COST_BASED,COST_BASED,false,false
1,baseline,1,2040,0.0,0.8558558558558559,NATURAL_GAS_BOILER,PRIVATELY_OWNED,1270,81,122,113413,0.25773813307822063,0.5929517579609758,0.0056527238819329,1531.1954595386305,0.7046896329218959,MEDIUM,MEDIUM,MEDIUM,5,COST_BASED,COST_BASED,false,false
1,baseline,1,2041,0.0,0.8558558558558559,NATURAL_GAS_BOILER,PRIVATELY_OWNED,1177,96,189,113509,0.2663142830754977,0.5782155270535788,0.00878507995103994,1546.1838668669825,0.6821826083796046,MEDIUM,MEDIUM,MEDIUM,5,COST_BASED,COST_BASED,false,false
1,baseline,1,2042,0.0,0.8558558558558559,NATURAL_GAS_BOILER,PRIVATELY_OWNED,1166,89,100,113598,0.2672284253630596,0.5840288578705262,0.006746269673910343,1567.8757185559898,0.6896290020396888,MEDIUM,MEDIUM,MEDIUM,5,COST_BASED,COST_BASED,false,false
1,baseline,1,2043,0.0,0.8558558558558559,NATURAL_GAS_BOILER,PRIVATELY_OWNED,1162,87,91,113685,0.27094536575529043,0.5957181734858824,0.006876402710181482,1531.6052690332663,0.7039757760627422,MEDIUM,MEDIUM,MEDIUM,5,COST_BASED,COST_BASED,false,false
1,baseline,1,2044,0.0,0.8558558558558559,NATURAL_GAS_BOILER,PRIVATELY_OWNED,1149,100,113,113785,0.2633071337770376,0.5892489126436861,0.00650748542874027,1538.1283727564482,0.6978961722658994,MEDIUM,MEDIUM,MEDIUM,5,COST_BASED,COST_BASED,false,false
1,baseline,1,2045,0.0,0.8558558558558559,NATURAL_GAS_BOILER,PRIVATELY_OWNED,1138,91,102,113876,0.2074585338833476,0.5744558374887837,0.007587263671463568,1561.4470938897168,0.6967882720239291,MEDIUM,MEDIUM,MEDIUM,5,COST_BASED,COST_BASED,false,false
1,baseline,1,2046,0.0,0.8558558558558559,NATURAL_GAS_BOILER,PRIVATELY_OWNED,1129,104,113,113980,0.20093260077183145,0.5768045159882828,0.0070282505352641305,1534.1183967491688,0.7020951543937648,MEDIUM,MEDIUM,MEDIUM,5,COST_BASED,COST_BASED,false,false
1,baseline,1,2047,0.0,0.8558558558558559,NATURAL_GAS_BOILER,PRIVATELY_OWNED,1110,93,112,114073,0.20711931686387836,0.5728715925913325,0.0067029415877371675,1506.233105218135,0.6947890178338207,MEDIUM,MEDIUM,MEDIUM,5,COST_BASED,COST_BASED,false,false
1,baseline,1,2048,0.0,0.8558558558558559,NATURAL_GAS_BOILER,PRIVATELY_OWNED,1111,57,56,114130,0.19952454695573948,0.5923442885446408,0.005252150313356047,1514.3677568432279,0.7232842024076087,MEDIUM,MEDIUM,MEDIUM,5,COST_BASED,COST_BASED,false,false
1,baseline,1,2049,0.0,0.8558558558558559,NATURAL_GAS_BOILER,PRIVATELY_OWNED,1098,145,158,114275,0.207055782158775,0.5815930046943599,0.007507033034641152,1456.8977640482494,0.7064387455395537,MEDIUM,MEDIUM,MEDIUM,5,COST_BASED,COST_BASED,false,false
1,baseline,1,2050,0.0,0.8558558558558559,NATURAL_GAS_BOILER,PRIVATELY_OWNED,1096,70,72,114345,0.21403735153827372,0.5855436979703676,0.006692323310881271,1424.5188379482524,0.7093791467810673,MEDIUM,MEDIUM,MEDIUM,5,COST_BASED,COST_BASED,false,false
1,baseline,1,2024,0.0,0.0,NATURAL_GAS_BOILER,SOCIAL_HOUSING,66125,66125,0,66125,0.0,0.0,0.0,0.0,0.0,MEDIUM,MEDIUM,MEDIUM,5,COST_BASED,COST_BASED,false,false
1,baseline,1,2025,0.0,0.38738738738738737,NATURAL_GAS_BOILER,SOCIAL_HOUSING,67539,5500,4086,71625,0.0,0.0,0.0,0.0,0.0,MEDIUM,MEDIUM,MEDIUM,5,COST_BASED,COST_BASED,false,false
1,baseline,1,2026,0.0,0.38738738738738737,NATURAL_GAS_BOILER,SOCIAL_HOUSING,67717,10798,10620,82423,0.0,0.0,0.0,0.0,0.0,MEDIUM,MEDIUM,MEDIUM,5,COST_BASED,COST_BASED,false,false
1,baseline,1,2027,0.0,0.38738738738738737,NATURAL_GAS_BOILER,SOCIAL_HOUSING,68924,6132,4925,88555,0.0,0.0,0.0,0.0,0.0,MEDIUM,MEDIUM,MEDIUM,5,COST_BASED,COST_BASED,false,false
1,baseline,1,2028,0.0,0.38738738738738737,NATURAL_GAS_BOILER,SOCIAL_HOUSING,68924,3989,3989,92544,0.0,0.0,0.0,0.0,0.0,MEDIUM,MEDIUM,MEDIUM,5,COST_BASED,COST_BASED,false,false
1,baseline,1,2029,0.0,0.38738738738738737,NATURAL_GAS_BOILER,SOCIAL_HOUSING,69460,4053,3517,96597,0.0,0.0,0.0,0.0,0.0,MEDIUM,MEDIUM,MEDIUM,5,COST_BASED,COST_BASED,false,false
1,baseline,1,2030,0.0,0.8558558558558559,NATURAL_GAS_BOILER,SOCIAL_HOUSING,71705,8580,6335,105177,0.0,0.0,0.0,0.0,0.0,MEDIUM,MEDIUM,MEDIUM,5,COST_BASED,COST_BASED,false,false
1,baseline,1,2031,0.0,0.8558558558558559,NATURAL_GAS_BOILER,SOCIAL_HOUSING,72776,5599,4528,110776,0.0,0.0,0.0,0.0,0.0,MEDIUM,MEDIUM,MEDIUM,5,COST_BASED,COST_BASED,false,false
1,baseline,1,2032,0.0,0.8558558558558559,NATURAL_GAS_BOILER,SOCIAL_HOUSING,75046,8872,6602,119648,0.0,0.0,0.0,0.0,0.0,MEDIUM,MEDIUM,MEDIUM,5,COST_BASED,COST_BASED,false,false
1,baseline,1,2033,0.0,0.8558558558558559,NATURAL_GAS_BOILER,SOCIAL_HOUSING,75991,3276,2331,122924,0.0,0.0,0.0,0.0,0.0,MEDIUM,MEDIUM,MEDIUM,5,COST_BASED,COST_BASED,false,false
1,baseline,1,2034,0.0,0.8558558558558559,NATURAL_GAS_BOILER,SOCIAL_HOUSING,76147,9286,9130,132210,0.0,0.0,0.0,0.0,0.0,MEDIUM,MEDIUM,MEDIUM,5,COST_BASED,COST_BASED,false,false
1,baseline,1,2035,0.0,0.8558558558558559,NATURAL_GAS_BOILER,SOCIAL_HOUSING,76527,8731,8351,140941,0.0,0.0,0.0,0.0,0.0,MEDIUM,MEDIUM,MEDIUM,5,COST_BASED,COST_BASED,false,false
1,baseline,1,2036,0.0,0.8558558558558559,NATURAL_GAS_BOILER,SOCIAL_HOUSING,78176,3360,1711,144301,0.0,0.0,0.0,0.0,0.0,MEDIUM,MEDIUM,MEDIUM,5,COST_BASED,COST_BASED,false,false
1,baseline,1,2037,0.0,0.8558558558558559,NATURAL_GAS_BOILER,SOCIAL_HOUSING,78176,5500,5500,149801,0.0,0.0,0.0,0.0,0.0,MEDIUM,MEDIUM,MEDIUM,5,COST_BASED,COST_BASED,false,false
1,baseline,1,2038,0.0,0.8558558558558559,NATURAL_GAS_BOILER,SOCIAL_HOUSING,79066,11688,10798,161489,0.0,0.0,0.0,0.0,0.0,MEDIUM,MEDIUM,MEDIUM,5,COST_BASED,COST_BASED,false,false
1,baseline,1,2039,0.0,0.8558558558558559,NATURAL_GAS_BOILER,SOCIAL_HOUSING,79066,6132,6132,167621,0.0,0.0,0.0,0.0,0.0,MEDIUM,MEDIUM,MEDIUM,5,COST_BASED,COST_BASED,false,false
1,baseline,1,2040,0.0,0.8558558558558559,NATURAL_GAS_BOILER,SOCIAL_HOUSING,79066,3989,3989,171610,0.0,0.0,0.0,0.0,0.0,MEDIUM,MEDIUM,MEDIUM,5,COST_BASED,COST_BASED,false,false
1,baseline,1,2041,0.0,0.8558558558558559,NATURAL_GAS_BOILER,SOCIAL_HOUSING,79066,4053,4053,175663,0.0,0.0,0.0,0.0,0.0,MEDIUM,MEDIUM,MEDIUM,5,COST_BASED,COST_BASED,false,false
1,baseline,1,2042,0.0,0.8558558558558559,NATURAL_GAS_BOILER,SOCIAL_HOUSING,79066,8580,8580,184243,0.0,0.0,0.0,0.0,0.0,MEDIUM,MEDIUM,MEDIUM,5,COST_BASED,COST_BASED,false,false
1,baseline,1,2043,0.0,0.8558558558558559,NATURAL_GAS_BOILER,SOCIAL_HOUSING,79066,5599,5599,189842,0.0,0.0,0.0,0.0,0.0,MEDIUM,MEDIUM,MEDIUM,5,COST_BASED,COST_BASED,false,false
1,baseline,1,2044,0.0,0.8558558558558559,NATURAL_GAS_BOILER,SOCIAL_HOUSING,79066,8872,8872,198714,0.0,0.0,0.0,0.0,0.0,MEDIUM,MEDIUM,MEDIUM,5,COST_BASED,COST_BASED,false,false
1,baseline,1,2045,0.0,0.8558558558558559,NATURAL_GAS_BOILER,SOCIAL_HOUSING,79066,3276,3276,201990,0.0,0.0,0.0,0.0,0.0,MEDIUM,MEDIUM,MEDIUM,5,COST_BASED,COST_BASED,false,false
1,baseline,1,2046,0.0,0.8558558558558559,NATURAL_GAS_BOILER,SOCIAL_HOUSING,79066,9286,9286,211276,0.0,0.0,0.0,0.0,0.0,MEDIUM,MEDIUM,MEDIUM,5,COST_BASED,COST_BASED,false,false
1,baseline,1,2047,0.0,0.8558558558558559,NATURAL_GAS_BOILER,SOCIAL_HOUSING,79066,8731,8731,220007,0.0,0.0,0.0,0.0,0.0,MEDIUM,MEDIUM,MEDIUM,5,COST_BASED,COST_BASED,false,false
1,baseline,1,2048,0.0,0.8558558558558559,NATURAL_GAS_BOILER,SOCIAL_HOUSING,80949,5243,3360,225250,0.0,0.0,0.0,0.0,0.0,MEDIUM,MEDIUM,MEDIUM,5,COST_BASED,COST_BASED,false,false
1,baseline,1,2049,0.0,0.8558558558558559,NATURAL_GAS_BOILER,SOCIAL_HOUSING,80978,5529,5500,230779,0.0,0.0,0.0,0.0,0.0,MEDIUM,MEDIUM,MEDIUM,5,COST_BASED,COST_BASED,false,false
1,baseline,1,2050,0.0,0.8558558558558559,NATURAL_GAS_BOILER,SOCIAL_HOUSING,80978,11688,11688,242467,0.0,0.0,0.0,0.0,0.0,MEDIUM,MEDIUM,MEDIUM,5,COST_BASED,COST_BASED,false,false
1,baseline,1,2024,0.0,0.0,NATURAL_GAS_BOILER,PRIVATELY_RENTED,33849,33849,0,33849,0.0,0.0,0.0,0.0,0.0,MEDIUM,MEDIUM,MEDIUM,5,COST_BASED,COST_BASED,false,false
1,baseline,1,2025,0.0,0.38738738738738737,NATURAL_GAS_BOILER,PRIVATELY_RENTED,34553,5383,4679,39232,0.0,0.0,0.0,0.0,0.0,MEDIUM,MEDIUM,MEDIUM,5,COST_BASED,COST_BASED,false,false
1,baseline,1,2026,0.0,0.38738738738738737,NATURAL_GAS_BOILER,PRIVATELY_RENTED,34882,2947,2618,42179,0.0,0.0,0.0,0.0,0.0,MEDIUM,MEDIUM,MEDIUM,5,COST_BASED,COST_BASED,false,false
1,baseline,1,2027,0.0,0.38738738738738737,NATURAL_GAS_BOILER,PRIVATELY_RENTED,35113,2825,2594,45004,0.0,0.0,0.0,0.0,0.0,MEDIUM,MEDIUM,MEDIUM,5,COST_BASED,COST_BASED,false,false
1,baseline,1,2028,0.0,0.38738738738738737,NATURAL_GAS_BOILER,PRIVATELY_RENTED,35230,2706,2589,47710,0.0,0.0,0.0,0.0,0.0,MEDIUM,MEDIUM,MEDIUM,5,COST_BASED,COST_BASED,false,false
1,baseline,1,2029,0.0,0.38738738738738737,NATURAL_GAS_BOILER,PRIVATELY_RENTED,35304,2864,2790,50574,0.0,0.0,0.0,0.0,0.0,MEDIUM,MEDIUM,MEDIUM,5,COST_BASED,COST_BASED,false,false
1,baseline,1,2030,0.0,0.8558558558558559,NATURAL_GAS_BOILER,PRIVATELY_RENTED,35312,2987,2979,53561,0.0,0.0,0.0,0.0,0.0,MEDIUM,MEDIUM,MEDIUM,5,COST_BASED,COST_BASED,false,false
1,baseline,1,2031,0.0,0.8558558558558559,NATURAL_GAS_BOILER,PRIVATELY_RENTED,35237,2743,2818,56304,0.0,0.0,0.0,0.0,0.0,MEDIUM,MEDIUM,MEDIUM,5,COST_BASED,COST_BASED,false,false
1,baseline,1,2032,0.0,0.8558558558558559,NATURAL_GAS_BOILER,PRIVATELY_RENTED,35278,3113,3072,59417,0.0,0.0,0.0,0.0,0.0,MEDIUM,MEDIUM,MEDIUM,5,COST_BASED,COST_BASED,false,false
1,baseline,1,2033,0.0,0.8558558558558559,NATURAL_GAS_BOILER,PRIVATELY_RENTED,35254,2600,2624,62017,0.0,0.0,0.0,0.0,0.0,MEDIUM,MEDIUM,MEDIUM,5,COST_BASED,COST_BASED,false,false
1,baseline,1,2034,0.0,0.8558558558558559,NATURAL_GAS_BOILER,PRIVATELY_RENTED,35006,2501,2749,64518,0.0,0.0,0.0,0.0,0.0,MEDIUM,MEDIUM,MEDIUM,5,COST_BASED,COST_BASED,false,false
1,baseline,1,2035,0.0,0.8558558558558559,NATURAL_GAS_BOILER,PRIVATELY_RENTED,34810,2311,2507,66829,0.0,0.0,0.0,0.0,0.0,MEDIUM,MEDIUM,MEDIUM,5,COST_BASED,COST_BASED,false,false
1,baseline,1,2036,0.0,0.8558558558558559,NATURAL_GAS_BOILER,PRIVATELY_RENTED,34481,1501,1830,68330,0.0,0.0,0.0,0.0,0.0,MEDIUM,MEDIUM,MEDIUM,5,COST_BASED,COST_BASED,false,false
1,baseline,1,2037,0.0,0.8558558558558559,NATURAL_GAS_BOILER,PRIVATELY_RENTED,34563,5465,5383,73795,0.0,0.0,0.0,0.0,0.0,MEDIUM,MEDIUM,MEDIUM,5,COST_BASED,COST_BASED,false,false
1,baseline,1,2038,0.0,0.8558558558558559,NATURAL_GAS_BOILER,PRIVATELY_RENTED,34735,3119,2947,76914,0.0,0.0,0.0,0.0,0.0,MEDIUM,MEDIUM,MEDIUM,5,COST_BASED,COST_BASED,false,false
1,baseline,1,2039,0.0,0.8558558558558559,NATURAL_GAS_BOILER,PRIVATELY_RENTED,34926,3016,2825,79930,0.0,0.0,0.0,0.0,0.0,MEDIUM,MEDIUM,MEDIUM,5,COST_BASED,COST_BASED,false,false
1,baseline,1,2040,0.0,0.8558558558558559,NATURAL_GAS_BOILER,PRIVATELY_RENTED,35067,2847,2706,82777,0.0,0.0,0.0,0.0,0.0,MEDIUM,MEDIUM,MEDIUM,5,COST_BASED,COST_BASED,false,false
1,baseline,1,2041,0.0,0.8558558558558559,NATURAL_GAS_BOILER,PRIVATELY_RENTED,35174,2971,2864,85748,0.0,0.0,0.0,0.0,0.0,MEDIUM,MEDIUM,MEDIUM,5,COST_BASED,COST_BASED,false,false
1,baseline,1,2042,0.0,0.8558558558558559,NATURAL_GAS_BOILER,PRIVATELY_RENTED,35233,3046,2987,88794,0.0,0.0,0.0,0.0,0.0,MEDIUM,MEDIUM,MEDIUM,5,COST_BASED,COST_BASED,false,false
1,baseline,1,2043,0.0,0.8558558558558559,NATURAL_GAS_BOILER,PRIVATELY_RENTED,35379,2889,2743,91683,0.0,0.0,0.0,0.0,0.0,MEDIUM,MEDIUM,MEDIUM,5,COST_BASED,COST_BASED,false,false
1,baseline,1,2044,0.0,0.8558558558558559,NATURAL_GAS_BOILER,PRIVATELY_RENTED,35429,3163,3113,94846,0.0,0.0,0.0,0.0,0.0,MEDIUM,MEDIUM,MEDIUM,5,COST_BASED,COST_BASED,false,false
1,baseline,1,2045,0.0,0.8558558558558559,NATURAL_GAS_BOILER,PRIVATELY_RENTED,35522,2693,2600,97539,0.0,0.0,0.0,0.0,0.0,MEDIUM,MEDIUM,MEDIUM,5,COST_BASED,COST_BASED,false,false
1,baseline,1,2046,0.0,0.8558558558558559,NATURAL_GAS_BOILER,PRIVATELY_RENTED,35569,2548,2501,100087,0.0,0.0,0.0,0.0,0.0,MEDIUM,MEDIUM,MEDIUM,5,COST_BASED,COST_BASED,false,false
1,baseline,1,2047,0.0,0.8558558558558559,NATURAL_GAS_BOILER,PRIVATELY_RENTED,35676,2418,2311,102505,0.0,0.0,0.0,0.0,0.0,MEDIUM,MEDIUM,MEDIUM,5,COST_BASED,COST_BASED,false,false
1,baseline,1,2048,0.0,0.8558558558558559,NATURAL_GAS_BOILER,PRIVATELY_RENTED,35812,1637,1501,104142,0.0,0.0,0.0,0.0,0.0,MEDIUM,MEDIUM,MEDIUM,5,COST_BASED,COST_BASED,false,false
1,baseline,1,2049,0.0,0.8558558558558559,NATURAL_GAS_BOILER,PRIVATELY_RENTED,35864,5517,5465,109659,0.0,0.0,0.0,0.0,0.0,MEDIUM,MEDIUM,MEDIUM,5,COST_BASED,COST_BASED,false,false
1,baseline,1,2050,0.0,0.8558558558558559,NATURAL_GAS_BOILER,PRIVATELY_RENTED,35983,3238,3119,112897,0.0,0.0,0.0,0.0,0.0,MEDIUM,MEDIUM,MEDIUM,5,COST_BASED,COST_BASED,false,false
1,baseline,1,2024,0.0,0.0,NATURAL_GAS_BLOCK,TOTAL,27212,27212,0,27212,0.0,0.0,0.0,0.0,0.0,MEDIUM,MEDIUM,MEDIUM,5,COST_BASED,COST_BASED,false,false
1,baseline,1,2025,0.0,0.38738738738738737,NATURAL_GAS_BLOCK,TOTAL,24080,42,3174,27254,0.28376675842436355,0.63060288124484,0.10285820762816471,1205.1056612422644,0.7462149221849982,MEDIUM,MEDIUM,MEDIUM,5,COST_BASED,COST_BASED,false,false
1,baseline,1,2026,0.0,0.38738738738738737,NATURAL_GAS_BLOCK,TOTAL,22222,15,1873,27269,0.28807209945242934,0.6192686582606878,0.09132454730390799,1218.0629343629344,0.7296675111967726,MEDIUM,MEDIUM,MEDIUM,5,COST_BASED,COST_BASED,false,false
1,baseline,1,2027,0.0,0.38738738738738737,NATURAL_GAS_BLOCK,TOTAL,20380,19,1861,27288,0.2864892292868746,0.6242983432034827,0.08222305700144757,1227.6096997690531,0.7369013811756836,MEDIUM,MEDIUM,MEDIUM,5,COST_BASED,COST_BASED,false,false
1,baseline,1,2028,0.0,0.38738738738738737,NATURAL_GAS_BLOCK,TOTAL,18647,14,1747,27302,0.2843439190384508,0.6290138976378022,0.0736225402378097,1223.132117603275,0.7439038905042507,MEDIUM,MEDIUM,MEDIUM,5,COST_BASED,COST_BASED,false,false
1,baseline,1,2029,0.0,0.38738738738738737,NATURAL_GAS_BLOCK,TOTAL,16457,21,2211,27323,0.2838054921782572,0.6270657615234366,0.06421507522332784,1217.6720282463712,0.7414858513051634,MEDIUM,MEDIUM,MEDIUM,5,COST_BASED,COST_BASED,false,false
1,baseline,1,2030,0.0,0.8558558558558559,NATURAL_GAS_BLOCK,TOTAL,13786,8,2679,27331,0.286258804662734,0.6246740764606169,0.05808589169831759,1216.1823662396382,0.7374791670599127,MEDIUM,MEDIUM,MEDIUM,5,COST_BASED,COST_BASED,false,false
1,baseline,1,2031,0.0,0.8558558558558559,NATURAL_GAS_BLOCK,TOTAL,11431,11,2366,27342,0.280465906507567,0.6256900223983763,0.04724345323540584,1233.1466264606106,0.740764727695312,MEDIUM,MEDIUM,MEDIUM,5,COST_BASED,COST_BASED,false,false
1,baseline,1,2032,0.0,0.8558558558558559,NATURAL_GAS_BLOCK,TOTAL,9019,11,2423,27353,0.28440221767593615,0.624822352478653,0.04073569655236971,1201.2793376529878,0.7382957307462246,MEDIUM,MEDIUM,MEDIUM,5,COST_BASED,COST_BASED,false,false
1,baseline,1,2033,0.0,0.8558558558558559,NATURAL_GAS_BLOCK,TOTAL,6941,14,2092,27367,0.2870102520694341,0.6440586179222819,0.032910389096096906,1212.820874471086,0.7630747398732319,MEDIUM,MEDIUM,MEDIUM,5,COST_BASED,COST_BASED,false,false
1,baseline,1,2034,0.0,0.8558558558558559,NATURAL_GAS_BLOCK,TOTAL,4741,15,2215,27382,0.2830726189791543,0.640318285930668,0.020898272116683346,1113.6293128029654,0.7594001749145058,MEDIUM,MEDIUM,MEDIUM,5,COST_BASED,COST_BASED,false,false
1,baseline,1,2035,0.0,0.8558558558558559,NATURAL_GAS_BLOCK,TOTAL,2950,9,1800,27391,0.2842747963602148,0.6289814360424314,0.011675502445137414,1158.4404609475032,0.7438836492698362,MEDIUM,MEDIUM,MEDIUM,5,COST_BASED,COST_BASED,false,false
1,baseline,1,2036,0.0,0.8558558558558559,NATURAL_GAS_BLOCK,TOTAL,182,3,2771,27394,0.29163438527959595,0.6328099261071334,0.0036397225523870217,1162.9283333333333,0.746535106382978,MEDIUM,MEDIUM,MEDIUM,5,COST_BASED,COST_BASED,false,false
1,baseline,1,2037,0.0,0.8558558558558559,NATURAL_GAS_BLOCK,TOTAL,157,17,42,27411,0.3657114008368964,0.6461830853551535,0.005753072149276518,898.6792079207921,0.7396736468612392,MEDIUM,MEDIUM,MEDIUM,5,COST_BASED,COST_BASED,false,false
1,baseline,1,2038,0.0,0.8558558558558559,NATURAL_GAS_BLOCK,TOTAL,151,9,15,27420,0.4007885652235444,0.6427954710472649,0.007304886503223356,964.0206185567009,0.7234644396551722,MEDIUM,MEDIUM,MEDIUM,5,COST_BASED,COST_BASED,false,false
1,baseline,1,2039,0.0,0.8558558558558559,NATURAL_GAS_BLOCK,TOTAL,140,8,19,27428,0.5177761717905228,0.6665774800380629,0.011099044722172938,1065.9878048780488,0.7161779161205766,MEDIUM,MEDIUM,MEDIUM,5,COST_BASED,COST_BASED,false,false
1,baseline,1,2040,0.0,0.8558558558558559,NATURAL_GAS_BLOCK,TOTAL,135,9,14,27437,0.24784346954434205,0.6136384849699781,6.69280453873385E-4,1212.1822020136408,0.7355701567785223,MEDIUM,MEDIUM,MEDIUM,5,COST_BASED,COST_BASED,false,false
1,baseline,1,2041,0.0,0.8558558558558559,NATURAL_GAS_BLOCK,TOTAL,123,9,21,27446,0.26363738103544027,0.6033137608819988,9.24196200989044E-4,1239.2395615866387,0.7165392208308505,MEDIUM,MEDIUM,MEDIUM,5,COST_BASED,COST_BASED,false,false
1,baseline,1,2042,0.0,0.8558558558558559,NATURAL_GAS_BLOCK,TOTAL,123,8,8,27454,0.26357260535744886,0.6093661106155751,9.417492771287944E-4,1250.618455158113,0.7246306123682831,MEDIUM,MEDIUM,MEDIUM,5,COST_BASED,COST_BASED,false,false
1,baseline,1,2043,0.0,0.8558558558558559,NATURAL_GAS_BLOCK,TOTAL,123,11,11,27465,0.264415771914742,0.6146492911356469,5.470748200568306E-4,1252.7093570308416,0.7313937975426149,MEDIUM,MEDIUM,MEDIUM,5,COST_BASED,COST_BASED,false,false
1,baseline,1,2044,0.0,0.8558558558558559,NATURAL_GAS_BLOCK,TOTAL,123,11,11,27476,0.25907873089870037,0.6121083200040643,7.149172749637659E-4,1219.4113475177305,0.7297848497058521,MEDIUM,MEDIUM,MEDIUM,5,COST_BASED,COST_BASED,false,false
1,baseline,1,2045,0.0,0.8558558558558559,NATURAL_GAS_BLOCK,TOTAL,121,12,14,27488,0.19077898618077313,0.598243087041994,6.351483328792609E-4,1195.1939978563773,0.7340644539957338,MEDIUM,MEDIUM,MEDIUM,5,COST_BASED,COST_BASED,false,false
1,baseline,1,2046,0.0,0.8558558558558559,NATURAL_GAS_BLOCK,TOTAL,119,13,15,27501,0.18806839260951913,0.5961522575872884,9.475395089316389E-4,1223.734022556391,0.7321802125798771,MEDIUM,MEDIUM,MEDIUM,5,COST_BASED,COST_BASED,false,false
1,baseline,1,2047,0.0,0.8558558558558559,NATURAL_GAS_BLOCK,TOTAL,118,8,9,27509,0.1940006528638341,0.5967554059398262,7.217447720762836E-4,1164.5243523316062,0.7310069902984905,MEDIUM,MEDIUM,MEDIUM,5,COST_BASED,COST_BASED,false,false
1,baseline,1,2048,0.0,0.8558558558558559,NATURAL_GAS_BLOCK,TOTAL,117,2,3,27511,0.18469115814359216,0.6062024836911191,3.8292778724460227E-4,1208.770593445527,0.7467062588736271,MEDIUM,MEDIUM,MEDIUM,5,COST_BASED,COST_BASED,false,false
1,baseline,1,2049,0.0,0.8558558558558559,NATURAL_GAS_BLOCK,TOTAL,117,17,17,27528,0.1906602533143426,0.6015376324214042,7.152374392342217E-4,1128.1702806122448,0.7384967587904242,MEDIUM,MEDIUM,MEDIUM,5,COST_BASED,COST_BASED,false,false
1,baseline,1,2050,0.0,0.8558558558558559,NATURAL_GAS_BLOCK,TOTAL,117,9,9,27537,0.20188193821126815,0.6043108084396978,7.440896592857128E-4,1122.7414122137404,0.7384537651825094,MEDIUM,MEDIUM,MEDIUM,5,COST_BASED,COST_BASED,false,false
1,baseline,1,2024,0.0,0.0,NATURAL_GAS_BLOCK,PRIVATELY_OWNED,16872,16872,0,16872,0.0,0.0,0.0,0.0,0.0,MEDIUM,MEDIUM,MEDIUM,5,COST_BASED,COST_BASED,false,false
1,baseline,1,2025,0.0,0.38738738738738737,NATURAL_GAS_BLOCK,PRIVATELY_OWNED,14677,42,2237,16914,0.28376675842436355,0.63060288124484,0.10285820762816472,1205.1056612422644,0.7462149221849982,MEDIUM,MEDIUM,MEDIUM,5,COST_BASED,COST_BASED,false,false
1,baseline,1,2026,0.0,0.38738738738738737,NATURAL_GAS_BLOCK,PRIVATELY_OWNED,13417,15,1275,16929,0.28807209945242934,0.6192686582606878,0.09132454730390799,1218.0629343629344,0.7296675111967726,MEDIUM,MEDIUM,MEDIUM,5,COST_BASED,COST_BASED,false,false
1,baseline,1,2027,0.0,0.38738738738738737,NATURAL_GAS_BLOCK,PRIVATELY_OWNED,12080,19,1356,16948,0.2864892292868746,0.6242983432034827,0.08222305700144757,1227.6096997690531,0.7369013811756836,MEDIUM,MEDIUM,MEDIUM,5,COST_BASED,COST_BASED,false,false
1,baseline,1,2028,0.0,0.38738738738738737,NATURAL_GAS_BLOCK,PRIVATELY_OWNED,10737,14,1357,16962,0.2843439190384508,0.6290138976378022,0.0736225402378097,1223.132117603275,0.7439038905042507,MEDIUM,MEDIUM,MEDIUM,5,COST_BASED,COST_BASED,false,false
1,baseline,1,2029,0.0,0.38738738738738737,NATURAL_GAS_BLOCK,PRIVATELY_OWNED,9473,21,1285,16983,0.2838054921782572,0.6270657615234366,0.06421507522332784,1217.6720282463712,0.7414858513051634,MEDIUM,MEDIUM,MEDIUM,5,COST_BASED,COST_BASED,false,false
1,baseline,1,2030,0.0,0.8558558558558559,NATURAL_GAS_BLOCK,PRIVATELY_OWNED,8144,8,1337,16991,0.286258804662734,0.6246740764606169,0.05808589169831759,1216.1823662396382,0.7374791670599127,MEDIUM,MEDIUM,MEDIUM,5,COST_BASED,COST_BASED,false,false
1,baseline,1,2031,0.0,0.8558558558558559,NATURAL_GAS_BLOCK,PRIVATELY_OWNED,6843,11,1312,17002,0.280465906507567,0.6256900223983763,0.04724345323540584,1233.1466264606106,0.7407647276953119,MEDIUM,MEDIUM,MEDIUM,5,COST_BASED,COST_BASED,false,false
1,baseline,1,2032,0.0,0.8558558558558559,NATURAL_GAS_BLOCK,PRIVATELY_OWNED,5501,11,1353,17013,0.28440221767593615,0.624822352478653,0.04073569655236971,1201.2793376529878,0.7382957307462246,MEDIUM,MEDIUM,MEDIUM,5,COST_BASED,COST_BASED,false,false
1,baseline,1,2033,0.0,0.8558558558558559,NATURAL_GAS_BLOCK,PRIVATELY_OWNED,4091,14,1424,17027,0.2870102520694341,0.6440586179222819,0.032910389096096906,1212.820874471086,0.763074739873232,MEDIUM,MEDIUM,MEDIUM,5,COST_BASED,COST_BASED,false,false
1,baseline,1,2034,0.0,0.8558558558558559,NATURAL_GAS_BLOCK,PRIVATELY_OWNED,2437,15,1669,17042,0.2830726189791543,0.640318285930668,0.020898272116683346,1113.6293128029654,0.7594001749145058,MEDIUM,MEDIUM,MEDIUM,5,COST_BASED,COST_BASED,false,false
1,baseline,1,2035,0.0,0.8558558558558559,NATURAL_GAS_BLOCK,PRIVATELY_OWNED,1022,9,1424,17051,0.2842747963602148,0.6289814360424314,0.011675502445137414,1158.4404609475032,0.7438836492698362,MEDIUM,MEDIUM,MEDIUM,5,COST_BASED,COST_BASED,false,false
1,baseline,1,2036,0.0,0.8558558558558559,NATURAL_GAS_BLOCK,PRIVATELY_OWNED,182,3,843,17054,0.29163438527959595,0.6328099261071334,0.0036397225523870217,1162.9283333333333,0.746535106382978,MEDIUM,MEDIUM,MEDIUM,5,COST_BASED,COST_BASED,false,false
1,baseline,1,2037,0.0,0.8558558558558559,NATURAL_GAS_BLOCK,PRIVATELY_OWNED,157,17,42,17071,0.3657114008368964,0.6461830853551535,0.005753072149276518,898.6792079207921,0.7396736468612392,MEDIUM,MEDIUM,MEDIUM,5,COST_BASED,COST_BASED,false,false
1,baseline,1,2038,0.0,0.8558558558558559,NATURAL_GAS_BLOCK,PRIVATELY_OWNED,151,9,15,17080,0.4007885652235444,0.6427954710472649,0.007304886503223356,964.020618556701,0.7234644396551722,MEDIUM,MEDIUM,MEDIUM,5,COST_BASED,COST_BASED,false,false
1,baseline,1,2039,0.0,0.8558558558558559,NATURAL_GAS_BLOCK,PRIVATELY_OWNED,140,8,19,17088,0.5177761717905228,0.6665774800380629,0.011099044722172938,1065.9878048780488,0.7161779161205766,MEDIUM,MEDIUM,MEDIUM,5,COST_BASED,COST_BASED,false,false
1,baseline,1,2040,0.0,0.8558558558558559,NATURAL_GAS_BLOCK,PRIVATELY_OWNED,135,9,14,17097,0.24784346954434208,0.6136384849699781,6.69280453873385E-4,1212.1822020136408,0.7355701567785223,MEDIUM,MEDIUM,MEDIUM,5,COST_BASED,COST_BASED,false,false
1,baseline,1,2041,0.0,0.8558558558558559,NATURAL_GAS_BLOCK,PRIVATELY_OWNED,123,9,21,17106,0.26363738103544027,0.6033137608819988,9.241962009890442E-4,1239.2395615866387,0.7165392208308505,MEDIUM,MEDIUM,MEDIUM,5,COST_BASED,COST_BASED,false,false
1,baseline,1,2042,0.0,0.8558558558558559,NATURAL_GAS_BLOCK,PRIVATELY_OWNED,123,8,8,17114,0.26357260535744886,0.6093661106155751,9.417492771287944E-4,1250.618455158113,0.7246306123682831,MEDIUM,MEDIUM,MEDIUM,5,COST_BASED,COST_BASED,false,false
1,baseline,1,2043,0.0,0.8558558558558559,NATURAL_GAS_BLOCK,PRIVATELY_OWNED,123,11,11,17125,0.264415771914742,0.6146492911356469,5.470748200568306E-4,1252.7093570308416,0.7313937975426149,MEDIUM,MEDIUM,MEDIUM,5,COST_BASED,COST_BASED,false,false
1,baseline,1,2044,0.0,0.8558558558558559,NATURAL_GAS_BLOCK,PRIVATELY_OWNED,123,11,11,17136,0.25907873089870037,0.6121083200040643,7.149172749637658E-4,1219.4113475177305,0.7297848497058521,MEDIUM,MEDIUM,MEDIUM,5,COST_BASED,COST_BASED,false,false
1,baseline,1,2045,0.0,0.8558558558558559,NATURAL_GAS_BLOCK,PRIVATELY_OWNED,121,12,14,17148,0.19077898618077313,0.598243087041994,6.351483328792609E-4,1195.1939978563773,0.7340644539957338,MEDIUM,MEDIUM,MEDIUM,5,COST_BASED,COST_BASED,false,false
1,baseline,1,2046,0.0,0.8558558558558559,NATURAL_GAS_BLOCK,PRIVATELY_OWNED,119,13,15,17161,0.18806839260951913,0.5961522575872884,9.475395089316389E-4,1223.734022556391,0.7321802125798771,MEDIUM,MEDIUM,MEDIUM,5,COST_BASED,COST_BASED,false,false
1,baseline,1,2047,0.0,0.8558558558558559,NATURAL_GAS_BLOCK,PRIVATELY_OWNED,118,8,9,17169,0.1940006528638341,0.5967554059398262,7.217447720762836E-4,1164.5243523316062,0.7310069902984905,MEDIUM,MEDIUM,MEDIUM,5,COST_BASED,COST_BASED,false,false
1,baseline,1,2048,0.0,0.8558558558558559,NATURAL_GAS_BLOCK,PRIVATELY_OWNED,117,2,3,17171,0.18469115814359216,0.6062024836911191,3.8292778724460227E-4,1208.770593445527,0.7467062588736271,MEDIUM,MEDIUM,MEDIUM,5,COST_BASED,COST_BASED,false,false
1,baseline,1,2049,0.0,0.8558558558558559,NATURAL_GAS_BLOCK,PRIVATELY_OWNED,117,17,17,17188,0.1906602533143426,0.6015376324214042,7.152374392342217E-4,1128.1702806122448,0.7384967587904242,MEDIUM,MEDIUM,MEDIUM,5,COST_BASED,COST_BASED,false,false
1,baseline,1,2050,0.0,0.8558558558558559,NATURAL_GAS_BLOCK,PRIVATELY_OWNED,117,9,9,17197,0.20188193821126815,0.6043108084396978,7.440896592857128E-4,1122.7414122137404,0.7384537651825094,MEDIUM,MEDIUM,MEDIUM,5,COST_BASED,COST_BASED,false,false
1,baseline,1,2024,0.0,0.0,NATURAL_GAS_BLOCK,SOCIAL_HOUSING,5461,5461,0,5461,0.0,0.0,0.0,0.0,0.0,MEDIUM,MEDIUM,MEDIUM,5,COST_BASED,COST_BASED,false,false
1,baseline,1,2025,0.0,0.38738738738738737,NATURAL_GAS_BLOCK,SOCIAL_HOUSING,5168,0,293,5461,0.0,0.0,0.0,0.0,0.0,MEDIUM,MEDIUM,MEDIUM,5,COST_BASED,COST_BASED,false,false
1,baseline,1,2026,0.0,0.38738738738738737,NATURAL_GAS_BLOCK,SOCIAL_HOUSING,4990,0,178,5461,0.0,0.0,0.0,0.0,0.0,MEDIUM,MEDIUM,MEDIUM,5,COST_BASED,COST_BASED,false,false
1,baseline,1,2027,0.0,0.38738738738738737,NATURAL_GAS_BLOCK,SOCIAL_HOUSING,4895,0,95,5461,0.0,0.0,0.0,0.0,0.0,MEDIUM,MEDIUM,MEDIUM,5,COST_BASED,COST_BASED,false,false
1,baseline,1,2028,0.0,0.38738738738738737,NATURAL_GAS_BLOCK,SOCIAL_HOUSING,4895,0,0,5461,0.0,0.0,0.0,0.0,0.0,MEDIUM,MEDIUM,MEDIUM,5,COST_BASED,COST_BASED,false,false
1,baseline,1,2029,0.0,0.38738738738738737,NATURAL_GAS_BLOCK,SOCIAL_HOUSING,4359,0,536,5461,0.0,0.0,0.0,0.0,0.0,MEDIUM,MEDIUM,MEDIUM,5,COST_BASED,COST_BASED,false,false
1,baseline,1,2030,0.0,0.8558558558558559,NATURAL_GAS_BLOCK,SOCIAL_HOUSING,3433,0,926,5461,0.0,0.0,0.0,0.0,0.0,MEDIUM,MEDIUM,MEDIUM,5,COST_BASED,COST_BASED,false,false
1,baseline,1,2031,0.0,0.8558558558558559,NATURAL_GAS_BLOCK,SOCIAL_HOUSING,2755,0,678,5461,0.0,0.0,0.0,0.0,0.0,MEDIUM,MEDIUM,MEDIUM,5,COST_BASED,COST_BASED,false,false
1,baseline,1,2032,0.0,0.8558558558558559,NATURAL_GAS_BLOCK,SOCIAL_HOUSING,2052,0,703,5461,0.0,0.0,0.0,0.0,0.0,MEDIUM,MEDIUM,MEDIUM,5,COST_BASED,COST_BASED,false,false
1,baseline,1,2033,0.0,0.8558558558558559,NATURAL_GAS_BLOCK,SOCIAL_HOUSING,1805,0,247,5461,0.0,0.0,0.0,0.0,0.0,MEDIUM,MEDIUM,MEDIUM,5,COST_BASED,COST_BASED,false,false
1,baseline,1,2034,0.0,0.8558558558558559,NATURAL_GAS_BLOCK,SOCIAL_HOUSING,1649,0,156,5461,0.0,0.0,0.0,0.0,0.0,MEDIUM,MEDIUM,MEDIUM,5,COST_BASED,COST_BASED,false,false
1,baseline,1,2035,0.0,0.8558558558558559,NATURAL_GAS_BLOCK,SOCIAL_HOUSING,1649,0,0,5461,0.0,0.0,0.0,0.0,0.0,MEDIUM,MEDIUM,MEDIUM,5,COST_BASED,COST_BASED,false,false
1,baseline,1,2036,0.0,0.8558558558558559,NATURAL_GAS_BLOCK,SOCIAL_HOUSING,0,0,1649,5461,0.0,0.0,0.0,0.0,0.0,MEDIUM,MEDIUM,MEDIUM,5,COST_BASED,COST_BASED,false,false
1,baseline,1,2037,0.0,0.8558558558558559,NATURAL_GAS_BLOCK,SOCIAL_HOUSING,0,0,0,5461,0.0,0.0,0.0,0.0,0.0,MEDIUM,MEDIUM,MEDIUM,5,COST_BASED,COST_BASED,false,false
1,baseline,1,2038,0.0,0.8558558558558559,NATURAL_GAS_BLOCK,SOCIAL_HOUSING,0,0,0,5461,0.0,0.0,0.0,0.0,0.0,MEDIUM,MEDIUM,MEDIUM,5,COST_BASED,COST_BASED,false,false
1,baseline,1,2039,0.0,0.8558558558558559,NATURAL_GAS_BLOCK,SOCIAL_HOUSING,0,0,0,5461,0.0,0.0,0.0,0.0,0.0,MEDIUM,MEDIUM,MEDIUM,5,COST_BASED,COST_BASED,false,false
1,baseline,1,2040,0.0,0.8558558558558559,NATURAL_GAS_BLOCK,SOCIAL_HOUSING,0,0,0,5461,0.0,0.0,0.0,0.0,0.0,MEDIUM,MEDIUM,MEDIUM,5,COST_BASED,COST_BASED,false,false
1,baseline,1,2041,0.0,0.8558558558558559,NATURAL_GAS_BLOCK,SOCIAL_HOUSING,0,0,0,5461,0.0,0.0,0.0,0.0,0.0,MEDIUM,MEDIUM,MEDIUM,5,COST_BASED,COST_BASED,false,false
1,baseline,1,2042,0.0,0.8558558558558559,NATURAL_GAS_BLOCK,SOCIAL_HOUSING,0,0,0,5461,0.0,0.0,0.0,0.0,0.0,MEDIUM,MEDIUM,MEDIUM,5,COST_BASED,COST_BASED,false,false
1,baseline,1,2043,0.0,0.8558558558558559,NATURAL_GAS_BLOCK,SOCIAL_HOUSING,0,0,0,5461,0.0,0.0,0.0,0.0,0.0,MEDIUM,MEDIUM,MEDIUM,5,COST_BASED,COST_BASED,false,false
1,baseline,1,2044,0.0,0.8558558558558559,NATURAL_GAS_BLOCK,SOCIAL_HOUSING,0,0,0,5461,0.0,0.0,0.0,0.0,0.0,MEDIUM,MEDIUM,MEDIUM,5,COST_BASED,COST_BASED,false,false
1,baseline,1,2045,0.0,0.8558558558558559,NATURAL_GAS_BLOCK,SOCIAL_HOUSING,0,0,0,5461,0.0,0.0,0.0,0.0,0.0,MEDIUM,MEDIUM,MEDIUM,5,COST_BASED,COST_BASED,false,false
1,baseline,1,2046,0.0,0.8558558558558559,NATURAL_GAS_BLOCK,SOCIAL_HOUSING,0,0,0,5461,0.0,0.0,0.0,0.0,0.0,MEDIUM,MEDIUM,MEDIUM,5,COST_BASED,COST_BASED,false,false
1,baseline,1,2047,0.0,0.8558558558558559,NATURAL_GAS_BLOCK,SOCIAL_HOUSING,0,0,0,5461,0.0,0.0,0.0,0.0,0.0,MEDIUM,MEDIUM,MEDIUM,5,COST_BASED,COST_BASED,false,false
1,baseline,1,2048,0.0,0.8558558558558559,NATURAL_GAS_BLOCK,SOCIAL_HOUSING,0,0,0,5461,0.0,0.0,0.0,0.0,0.0,MEDIUM,MEDIUM,MEDIUM,5,COST_BASED,COST_BASED,false,false
1,baseline,1,2049,0.0,0.8558558558558559,NATURAL_GAS_BLOCK,SOCIAL_HOUSING,0,0,0,5461,0.0,0.0,0.0,0.0,0.0,MEDIUM,MEDIUM,MEDIUM,5,COST_BASED,COST_BASED,false,false
1,baseline,1,2050,0.0,0.8558558558558559,NATURAL_GAS_BLOCK,SOCIAL_HOUSING,0,0,0,5461,0.0,0.0,0.0,0.0,0.0,MEDIUM,MEDIUM,MEDIUM,5,COST_BASED,COST_BASED,false,false
1,baseline,1,2024,0.0,0.0,NATURAL_GAS_BLOCK,PRIVATELY_RENTED,4879,4879,0,4879,0.0,0.0,0.0,0.0,0.0,MEDIUM,MEDIUM,MEDIUM,5,COST_BASED,COST_BASED,false,false
1,baseline,1,2025,0.0,0.38738738738738737,NATURAL_GAS_BLOCK,PRIVATELY_RENTED,4235,0,644,4879,0.0,0.0,0.0,0.0,0.0,MEDIUM,MEDIUM,MEDIUM,5,COST_BASED,COST_BASED,false,false
1,baseline,1,2026,0.0,0.38738738738738737,NATURAL_GAS_BLOCK,PRIVATELY_RENTED,3815,0,420,4879,0.0,0.0,0.0,0.0,0.0,MEDIUM,MEDIUM,MEDIUM,5,COST_BASED,COST_BASED,false,false
1,baseline,1,2027,0.0,0.38738738738738737,NATURAL_GAS_BLOCK,PRIVATELY_RENTED,3405,0,410,4879,0.0,0.0,0.0,0.0,0.0,MEDIUM,MEDIUM,MEDIUM,5,COST_BASED,COST_BASED,false,false
1,baseline,1,2028,0.0,0.38738738738738737,NATURAL_GAS_BLOCK,PRIVATELY_RENTED,3015,0,390,4879,0.0,0.0,0.0,0.0,0.0,MEDIUM,MEDIUM,MEDIUM,5,COST_BASED,COST_BASED,false,false
1,baseline,1,2029,0.0,0.38738738738738737,NATURAL_GAS_BLOCK,PRIVATELY_RENTED,2625,0,390,4879,0.0,0.0,0.0,0.0,0.0,MEDIUM,MEDIUM,MEDIUM,5,COST_BASED,COST_BASED,false,false
1,baseline,1,2030,0.0,0.8558558558558559,NATURAL_GAS_BLOCK,PRIVATELY_RENTED,2209,0,416,4879,0.0,0.0,0.0,0.0,0.0,MEDIUM,MEDIUM,MEDIUM,5,COST_BASED,COST_BASED,false,false
1,baseline,1,2031,0.0,0.8558558558558559,NATURAL_GAS_BLOCK,PRIVATELY_RENTED,1833,0,376,4879,0.0,0.0,0.0,0.0,0.0,MEDIUM,MEDIUM,MEDIUM,5,COST_BASED,COST_BASED,false,false
1,baseline,1,2032,0.0,0.8558558558558559,NATURAL_GAS_BLOCK,PRIVATELY_RENTED,1466,0,367,4879,0.0,0.0,0.0,0.0,0.0,MEDIUM,MEDIUM,MEDIUM,5,COST_BASED,COST_BASED,false,false
1,baseline,1,2033,0.0,0.8558558558558559,NATURAL_GAS_BLOCK,PRIVATELY_RENTED,1045,0,421,4879,0.0,0.0,0.0,0.0,0.0,MEDIUM,MEDIUM,MEDIUM,5,COST_BASED,COST_BASED,false,false
1,baseline,1,2034,0.0,0.8558558558558559,NATURAL_GAS_BLOCK,PRIVATELY_RENTED,655,0,390,4879,0.0,0.0,0.0,0.0,0.0,MEDIUM,MEDIUM,MEDIUM,5,COST_BASED,COST_BASED,false,false
1,baseline,1,2035,0.0,0.8558558558558559,NATURAL_GAS_BLOCK,PRIVATELY_RENTED,279,0,376,4879,0.0,0.0,0.0,0.0,0.0,MEDIUM,MEDIUM,MEDIUM,5,COST_BASED,COST_BASED,false,false
1,baseline,1,2036,0.0,0.8558558558558559,NATURAL_GAS_BLOCK,PRIVATELY_RENTED,0,0,279,4879,0.0,0.0,0.0,0.0,0.0,MEDIUM,MEDIUM,MEDIUM,5,COST_BASED,COST_BASED,false,false
1,baseline,1,2037,0.0,0.8558558558558559,NATURAL_GAS_BLOCK,PRIVATELY_RENTED,0,0,0,4879,0.0,0.0,0.0,0.0,0.0,MEDIUM,MEDIUM,MEDIUM,5,COST_BASED,COST_BASED,false,false
1,baseline,1,2038,0.0,0.8558558558558559,NATURAL_GAS_BLOCK,PRIVATELY_RENTED,0,0,0,4879,0.0,0.0,0.0,0.0,0.0,MEDIUM,MEDIUM,MEDIUM,5,COST_BASED,COST_BASED,false,false
1,baseline,1,2039,0.0,0.8558558558558559,NATURAL_GAS_BLOCK,PRIVATELY_RENTED,0,0,0,4879,0.0,0.0,0.0,0.0,0.0,MEDIUM,MEDIUM,MEDIUM,5,COST_BASED,COST_BASED,false,false
1,baseline,1,2040,0.0,0.8558558558558559,NATURAL_GAS_BLOCK,PRIVATELY_RENTED,0,0,0,4879,0.0,0.0,0.0,0.0,0.0,MEDIUM,MEDIUM,MEDIUM,5,COST_BASED,COST_BASED,false,false
1,baseline,1,2041,0.0,0.8558558558558559,NATURAL_GAS_BLOCK,PRIVATELY_RENTED,0,0,0,4879,0.0,0.0,0.0,0.0,0.0,MEDIUM,MEDIUM,MEDIUM,5,COST_BASED,COST_BASED,false,false
1,baseline,1,2042,0.0,0.8558558558558559,NATURAL_GAS_BLOCK,PRIVATELY_RENTED,0,0,0,4879,0.0,0.0,0.0,0.0,0.0,MEDIUM,MEDIUM,MEDIUM,5,COST_BASED,COST_BASED,false,false
1,baseline,1,2043,0.0,0.8558558558558559,NATURAL_GAS_BLOCK,PRIVATELY_RENTED,0,0,0,4879,0.0,0.0,0.0,0.0,0.0,MEDIUM,MEDIUM,MEDIUM,5,COST_BASED,COST_BASED,false,false
1,baseline,1,2044,0.0,0.8558558558558559,NATURAL_GAS_BLOCK,PRIVATELY_RENTED,0,0,0,4879,0.0,0.0,0.0,0.0,0.0,MEDIUM,MEDIUM,MEDIUM,5,COST_BASED,COST_BASED,false,false
1,baseline,1,2045,0.0,0.8558558558558559,NATURAL_GAS_BLOCK,PRIVATELY_RENTED,0,0,0,4879,0.0,0.0,0.0,0.0,0.0,MEDIUM,MEDIUM,MEDIUM,5,COST_BASED,COST_BASED,false,false
1,baseline,1,2046,0.0,0.8558558558558559,NATURAL_GAS_BLOCK,PRIVATELY_RENTED,0,0,0,4879,0.0,0.0,0.0,0.0,0.0,MEDIUM,MEDIUM,MEDIUM,5,COST_BASED,COST_BASED,false,false
1,baseline,1,2047,0.0,0.8558558558558559,NATURAL_GAS_BLOCK,PRIVATELY_RENTED,0,0,0,4879,0.0,0.0,0.0,0.0,0.0,MEDIUM,MEDIUM,MEDIUM,5,COST_BASED,COST_BASED,false,false
1,baseline,1,2048,0.0,0.8558558558558559,NATURAL_GAS_BLOCK,PRIVATELY_RENTED,0,0,0,4879,0.0,0.0,0.0,0.0,0.0,MEDIUM,MEDIUM,MEDIUM,5,COST_BASED,COST_BASED,false,false
1,baseline,1,2049,0.0,0.8558558558558559,NATURAL_GAS_BLOCK,PRIVATELY_RENTED,0,0,0,4879,0.0,0.0,0.0,0.0,0.0,MEDIUM,MEDIUM,MEDIUM,5,COST_BASED,COST_BASED,false,false
1,baseline,1,2050,0.0,0.8558558558558559,NATURAL_GAS_BLOCK,PRIVATELY_RENTED,0,0,0,4879,0.0,0.0,0.0,0.0,0.0,MEDIUM,MEDIUM,MEDIUM,5,COST_BASED,COST_BASED,false,false
1,baseline,1,2024,0.0,0.0,DISTRICT_HEATING,TOTAL,29834,29834,0,29834,0.0,0.0,0.0,0.0,0.0,MEDIUM,MEDIUM,MEDIUM,5,COST_BASED,COST_BASED,false,false
1,baseline,1,2025,0.0,0.38738738738738737,DISTRICT_HEATING,TOTAL,32823,4581,1592,34415,0.7653502963721172,0.73413859563067,0.11481982346969415,1503.4477128782548,0.72373469538352,MEDIUM,MEDIUM,MEDIUM,5,COST_BASED,COST_BASED,false,false
1,baseline,1,2026,0.0,0.38738738738738737,DISTRICT_HEATING,TOTAL,35034,2617,406,37032,0.76638140606331,0.7203448685860734,0.1356677956051868,1524.9664559741113,0.7049993560936575,MEDIUM,MEDIUM,MEDIUM,5,COST_BASED,COST_BASED,false,false
1,baseline,1,2027,0.0,0.38738738738738737,DISTRICT_HEATING,TOTAL,36025,2406,1415,39438,0.7648208229367093,0.7254353096828391,0.15073119241240845,1528.0828216698212,0.7123068052648804,MEDIUM,MEDIUM,MEDIUM,5,COST_BASED,COST_BASED,false,false
1,baseline,1,2028,0.0,0.38738738738738737,DISTRICT_HEATING,TOTAL,38152,2701,574,42139,0.7663839047521188,0.7330877661265723,0.1665059459880859,1525.2447202264316,0.7219890532513924,MEDIUM,MEDIUM,MEDIUM,5,COST_BASED,COST_BASED,false,false
1,baseline,1,2029,0.0,0.38738738738738737,DISTRICT_HEATING,TOTAL,40380,2951,723,45090,0.7645973235837829,0.7298269899983261,0.18025911068895956,1542.519998497577,0.7182368788031732,MEDIUM,MEDIUM,MEDIUM,5,COST_BASED,COST_BASED,false,false
1,baseline,1,2030,0.0,0.8558558558558559,DISTRICT_HEATING,TOTAL,45522,7354,2212,52444,0.7653606718906278,0.7199827646231601,0.20945481929634374,1628.4256176177178,0.7048567955340059,MEDIUM,MEDIUM,MEDIUM,5,COST_BASED,COST_BASED,false,false
1,baseline,1,2031,0.0,0.8558558558558559,DISTRICT_HEATING,TOTAL,50884,6957,1595,59401,0.7646890884558285,0.7256882976024839,0.24989063530632155,1615.2175737372552,0.7126880339847005,MEDIUM,MEDIUM,MEDIUM,5,COST_BASED,COST_BASED,false,false
1,baseline,1,2032,0.0,0.8558558558558559,DISTRICT_HEATING,TOTAL,55190,7610,3304,67011,0.7647327764407514,0.7214363622938759,0.2920390797573857,1606.501530827601,0.7070042242449223,MEDIUM,MEDIUM,MEDIUM,5,COST_BASED,COST_BASED,false,false
1,baseline,1,2033,0.0,0.8558558558558559,DISTRICT_HEATING,TOTAL,59908,6715,1997,73726,0.7624460106376436,0.7422694353007229,0.329558114673326,1607.2475418912647,0.7355439101884204,MEDIUM,MEDIUM,MEDIUM,5,COST_BASED,COST_BASED,false,false
1,baseline,1,2034,0.0,0.8558558558558559,DISTRICT_HEATING,TOTAL,66274,7090,724,80816,0.7658951202018912,0.7371157685559889,0.3698824485079897,1529.6626297431326,0.7275226513406895,MEDIUM,MEDIUM,MEDIUM,5,COST_BASED,COST_BASED,false,false
1,baseline,1,2035,0.0,0.8558558558558559,DISTRICT_HEATING,TOTAL,72726,7678,1226,88494,0.7624655530522861,0.7229561266202206,0.41191249456523227,1580.6387485479001,0.7097863178095372,MEDIUM,MEDIUM,MEDIUM,5,COST_BASED,COST_BASED,false,false
1,baseline,1,2036,0.0,0.8558558558558559,DISTRICT_HEATING,TOTAL,75628,3569,667,92063,0.764949167495543,0.7234447859130636,0.44741935189385407,1597.6167634487756,0.709609992052238,MEDIUM,MEDIUM,MEDIUM,5,COST_BASED,COST_BASED,false,false
1,baseline,1,2037,0.0,0.8558558558558559,DISTRICT_HEATING,TOTAL,75550,617,695,92680,0.7677358408474981,0.7184969105600891,0.4588077137550569,1374.2137245929962,0.7020839337976215,MEDIUM,MEDIUM,MEDIUM,5,COST_BASED,COST_BASED,false,false
1,baseline,1,2038,0.0,0.8558558558558559,DISTRICT_HEATING,TOTAL,74341,535,1744,93215,0.767289774665031,0.6936656049250257,0.46308856543045224,1540.4904692082112,0.6691242150116917,MEDIUM,MEDIUM,MEDIUM,5,COST_BASED,COST_BASED,false,false
1,baseline,1,2039,0.0,0.8558558558558559,DISTRICT_HEATING,TOTAL,74003,373,711,93588,0.7607581154489756,0.6941644279737545,0.45690560267997343,1540.237287106206,0.6719665321486806,MEDIUM,MEDIUM,MEDIUM,5,COST_BASED,COST_BASED,false,false
1,baseline,1,2040,0.0,0.8558558558558559,DISTRICT_HEATING,TOTAL,73747,374,630,93962,0.7415438024813298,0.7193788847045305,0.4317744321756836,1652.7371104855933,0.7119905787789256,MEDIUM,MEDIUM,MEDIUM,5,COST_BASED,COST_BASED,false,false
1,baseline,1,2041,0.0,0.8558558558558559,DISTRICT_HEATING,TOTAL,73591,338,494,94300,0.7349991062327675,0.6965117030408382,0.42721272609197286,1655.662490674911,0.6836825686435267,MEDIUM,MEDIUM,MEDIUM,5,COST_BASED,COST_BASED,false,false
1,baseline,1,2042,0.0,0.8558558558558559,DISTRICT_HEATING,TOTAL,73598,415,408,94715,0.746963027113371,0.7115938777797716,0.43455249061475204,1700.997061344435,0.6998041613352404,MEDIUM,MEDIUM,MEDIUM,5,COST_BASED,COST_BASED,false,false
1,baseline,1,2043,0.0,0.8558558558558559,DISTRICT_HEATING,TOTAL,73593,642,647,95357,0.7495877296325142,0.7211315353133781,0.4395547683087053,1652.3448767947216,0.7116461372069994,MEDIUM,MEDIUM,MEDIUM,5,COST_BASED,COST_BASED,false,false
1,baseline,1,2044,0.0,0.8558558558558559,DISTRICT_HEATING,TOTAL,73493,249,349,95606,0.7453504882077774,0.7165709793430092,0.435135631699705,1665.49949328604,0.7069778097214222,MEDIUM,MEDIUM,MEDIUM,5,COST_BASED,COST_BASED,false,false
1,baseline,1,2045,0.0,0.8558558558558559,DISTRICT_HEATING,TOTAL,73283,224,434,95830,0.6741245926360396,0.6986051379772293,0.3487115775131077,1652.1547169200207,0.7067653197576268,MEDIUM,MEDIUM,MEDIUM,5,COST_BASED,COST_BASED,false,false
1,baseline,1,2046,0.0,0.8558558558558559,DISTRICT_HEATING,TOTAL,73180,315,418,96145,0.6721055088998312,0.7012216515207843,0.3495665978403783,1639.8432788400437,0.7109270323944334,MEDIUM,MEDIUM,MEDIUM,5,COST_BASED,COST_BASED,false,false
1,baseline,1,2047,0.0,0.8558558558558559,DISTRICT_HEATING,TOTAL,72989,239,430,96384,0.6712325542234407,0.6934500784763837,0.34133816772200537,1594.6581752338432,0.7008559198940307,MEDIUM,MEDIUM,MEDIUM,5,COST_BASED,COST_BASED,false,false
1,baseline,1,2048,0.0,0.8558558558558559,DISTRICT_HEATING,TOTAL,70876,374,2487,96758,0.6772170429583874,0.7201318149900885,0.35511680237207166,1611.830581761006,0.7344367390006528,MEDIUM,MEDIUM,MEDIUM,5,COST_BASED,COST_BASED,false,false
1,baseline,1,2049,0.0,0.8558558558558559,DISTRICT_HEATING,TOTAL,70691,358,543,97116,0.6773320812947761,0.7055567271368568,0.3631030370455982,1553.8665528976196,0.71496494241755,MEDIUM,MEDIUM,MEDIUM,5,COST_BASED,COST_BASED,false,false
1,baseline,1,2050,0.0,0.8558558558558559,DISTRICT_HEATING,TOTAL,70481,256,466,97372,0.6856162438500051,0.7125719989162751,0.35377642076211374,1501.638270657457,0.7215572506050324,MEDIUM,MEDIUM,MEDIUM,5,COST_BASED,COST_BASED,false,false
1,baseline,1,2024,0.0,0.0,DISTRICT_HEATING,PRIVATELY_OWNED,15520,15520,0,15520,0.0,0.0,0.0,0.0,0.0,MEDIUM,MEDIUM,MEDIUM,5,COST_BASED,COST_BASED,false,false
1,baseline,1,2025,0.0,0.38738738738738737,DISTRICT_HEATING,PRIVATELY_OWNED,19770,4581,331,20101,0.7653502963721172,0.73413859563067,0.11481982346969415,1503.4477128782548,0.72373469538352,MEDIUM,MEDIUM,MEDIUM,5,COST_BASED,COST_BASED,false,false
1,baseline,1,2026,0.0,0.38738738738738737,DISTRICT_HEATING,PRIVATELY_OWNED,22098,2616,288,22717,0.7666743653163923,0.7206202297743708,0.13571965638332334,1525.549394221808,0.70526885126036,MEDIUM,MEDIUM,MEDIUM,5,COST_BASED,COST_BASED,false,false
1,baseline,1,2027,0.0,0.38738738738738737,DISTRICT_HEATING,PRIVATELY_OWNED,24251,2405,252,25122,0.7651388357528991,0.7257369459862415,0.15079386650488763,1528.7181991424488,0.712602982730687,MEDIUM,MEDIUM,MEDIUM,5,COST_BASED,COST_BASED,false,false
1,baseline,1,2028,0.0,0.38738738738738737,DISTRICT_HEATING,PRIVATELY_OWNED,26548,2701,404,27823,0.7663839047521188,0.7330877661265723,0.1665059459880859,1525.2447202264316,0.7219890532513924,MEDIUM,MEDIUM,MEDIUM,5,COST_BASED,COST_BASED,false,false
1,baseline,1,2029,0.0,0.38738738738738737,DISTRICT_HEATING,PRIVATELY_OWNED,28963,2949,534,30772,0.7651158704292109,0.7303219557426451,0.18038136169654787,1543.566129388386,0.7187239841804558,MEDIUM,MEDIUM,MEDIUM,5,COST_BASED,COST_BASED,false,false
1,baseline,1,2030,0.0,0.8558558558558559,DISTRICT_HEATING,PRIVATELY_OWNED,35626,7350,687,38122,0.7657771947052623,0.7203745919780571,0.20956880831364788,1629.311835640911,0.7052403910689904,MEDIUM,MEDIUM,MEDIUM,5,COST_BASED,COST_BASED,false,false
1,baseline,1,2031,0.0,0.8558558558558559,DISTRICT_HEATING,PRIVATELY_OWNED,41529,6955,1052,45077,0.7649089846710566,0.725896978637021,0.24996249458318895,1615.6820503939734,0.7128929766256739,MEDIUM,MEDIUM,MEDIUM,5,COST_BASED,COST_BASED,false,false
1,baseline,1,2032,0.0,0.8558558558558559,DISTRICT_HEATING,PRIVATELY_OWNED,47924,7607,1212,52684,0.7650343668613275,0.7217208777515965,0.2921542522615624,1607.1350926249563,0.7072830480483578,MEDIUM,MEDIUM,MEDIUM,5,COST_BASED,COST_BASED,false,false
1,baseline,1,2033,0.0,0.8558558558558559,DISTRICT_HEATING,PRIVATELY_OWNED,53656,6701,969,59385,0.7640389436549435,0.7438202146014556,0.3302466408045641,1610.6054684076769,0.7370806382502975,MEDIUM,MEDIUM,MEDIUM,5,COST_BASED,COST_BASED,false,false
1,baseline,1,2034,0.0,0.8558558558558559,DISTRICT_HEATING,PRIVATELY_OWNED,60137,7086,605,66471,0.7663274629172183,0.7375318655181995,0.37009124469681726,1530.526114151681,0.7279333330518613,MEDIUM,MEDIUM,MEDIUM,5,COST_BASED,COST_BASED,false,false
1,baseline,1,2035,0.0,0.8558558558558559,DISTRICT_HEATING,PRIVATELY_OWNED,67178,7670,629,74141,0.763260823511793,0.7237101877692378,0.4123421295008935,1582.2873939179633,0.7105266425217245,MEDIUM,MEDIUM,MEDIUM,5,COST_BASED,COST_BASED,false,false
1,baseline,1,2036,0.0,0.8558558558558559,DISTRICT_HEATING,PRIVATELY_OWNED,70242,3567,503,77708,0.7653780708695243,0.7238504179769342,0.447670217804644,1598.512539598733,0.7100078670127382,MEDIUM,MEDIUM,MEDIUM,5,COST_BASED,COST_BASED,false,false
1,baseline,1,2037,0.0,0.8558558558558559,DISTRICT_HEATING,PRIVATELY_OWNED,70275,616,583,78324,0.7689821652644584,0.7196633016486607,0.45955253147219177,1376.4445910290237,0.7032236804433968,MEDIUM,MEDIUM,MEDIUM,5,COST_BASED,COST_BASED,false,false
1,baseline,1,2038,0.0,0.8558558558558559,DISTRICT_HEATING,PRIVATELY_OWNED,70208,535,602,78859,0.767289774665031,0.6936656049250257,0.46308856543045224,1540.4904692082112,0.6691242150116917,MEDIUM,MEDIUM,MEDIUM,5,COST_BASED,COST_BASED,false,false
1,baseline,1,2039,0.0,0.8558558558558559,DISTRICT_HEATING,PRIVATELY_OWNED,70121,371,458,79230,0.7648592373651427,0.6979065542701091,0.45936870565938026,1548.5404530744336,0.6755889932384309,MEDIUM,MEDIUM,MEDIUM,5,COST_BASED,COST_BASED,false,false
1,baseline,1,2040,0.0,0.8558558558558559,DISTRICT_HEATING,PRIVATELY_OWNED,70050,373,444,79603,0.743531855571092,0.721307514422237,0.432932004379908,1657.1680410767076,0.7138994007059468,MEDIUM,MEDIUM,MEDIUM,5,COST_BASED,COST_BASED,false,false
1,baseline,1,2041,0.0,0.8558558558558559,DISTRICT_HEATING,PRIVATELY_OWNED,70053,334,331,79937,0.7438014907385492,0.7048531605622853,0.4323290461649306,1675.4907839764069,0.6918703838368624,MEDIUM,MEDIUM,MEDIUM,5,COST_BASED,COST_BASED,false,false
1,baseline,1,2042,0.0,0.8558558558558559,DISTRICT_HEATING,PRIVATELY_OWNED,70157,415,311,80352,0.746963027113371,0.7115938777797716,0.43455249061475204,1700.997061344435,0.6998041613352404,MEDIUM,MEDIUM,MEDIUM,5,COST_BASED,COST_BASED,false,false
1,baseline,1,2043,0.0,0.8558558558558559,DISTRICT_HEATING,PRIVATELY_OWNED,70345,640,452,80992,0.7519301912876158,0.7233850713612324,0.4409283769596701,1657.508454534705,0.7138700313857713,MEDIUM,MEDIUM,MEDIUM,5,COST_BASED,COST_BASED,false,false
1,baseline,1,2044,0.0,0.8558558558558559,DISTRICT_HEATING,PRIVATELY_OWNED,70338,249,256,81241,0.7453504882077774,0.7165709793430092,0.435135631699705,1665.49949328604,0.7069778097214222,MEDIUM,MEDIUM,MEDIUM,5,COST_BASED,COST_BASED,false,false
1,baseline,1,2045,0.0,0.8558558558558559,DISTRICT_HEATING,PRIVATELY_OWNED,70278,223,283,81464,0.6771475728720756,0.7017378964434949,0.3502753065602517,1659.5634824667472,0.7099346709673023,MEDIUM,MEDIUM,MEDIUM,5,COST_BASED,COST_BASED,false,false
1,baseline,1,2046,0.0,0.8558558558558559,DISTRICT_HEATING,PRIVATELY_OWNED,70264,314,328,81778,0.6742459723039709,0.7034548414937805,0.35067986726025213,1645.0657096643752,0.713191131223715,MEDIUM,MEDIUM,MEDIUM,5,COST_BASED,COST_BASED,false,false
1,baseline,1,2047,0.0,0.8558558558558559,DISTRICT_HEATING,PRIVATELY_OWNED,70230,237,271,82015,0.6768969639637229,0.6993019778728089,0.34421865858885775,1608.1152062484746,0.7067703158425035,MEDIUM,MEDIUM,MEDIUM,5,COST_BASED,COST_BASED,false,false
1,baseline,1,2048,0.0,0.8558558558558559,DISTRICT_HEATING,PRIVATELY_OWNED,70178,374,426,82389,0.6772170429583874,0.7201318149900884,0.35511680237207166,1611.8305817610062,0.7344367390006528,MEDIUM,MEDIUM,MEDIUM,5,COST_BASED,COST_BASED,false,false
1,baseline,1,2049,0.0,0.8558558558558559,DISTRICT_HEATING,PRIVATELY_OWNED,70114,357,421,82746,0.6792293700378987,0.7075330765125902,0.3641201323874626,1558.219120272683,0.7169676453374871,MEDIUM,MEDIUM,MEDIUM,5,COST_BASED,COST_BASED,false,false
1,baseline,1,2050,0.0,0.8558558558558559,DISTRICT_HEATING,PRIVATELY_OWNED,70082,256,288,83002,0.6856162438500051,0.7125719989162751,0.35377642076211374,1501.638270657457,0.7215572506050324,MEDIUM,MEDIUM,MEDIUM,5,COST_BASED,COST_BASED,false,false
1,baseline,1,2024,0.0,0.0,DISTRICT_HEATING,SOCIAL_HOUSING,9350,9350,0,9350,0.0,0.0,0.0,0.0,0.0,MEDIUM,MEDIUM,MEDIUM,5,COST_BASED,COST_BASED,false,false
1,baseline,1,2025,0.0,0.38738738738738737,DISTRICT_HEATING,SOCIAL_HOUSING,8229,0,1121,9350,0.0,0.0,0.0,0.0,0.0,MEDIUM,MEDIUM,MEDIUM,5,COST_BASED,COST_BASED,false,false
1,baseline,1,2026,0.0,0.38738738738738737,DISTRICT_HEATING,SOCIAL_HOUSING,8229,0,0,9350,0.0,0.0,0.0,0.0,0.0,MEDIUM,MEDIUM,MEDIUM,5,COST_BASED,COST_BASED,false,false
1,baseline,1,2027,0.0,0.38738738738738737,DISTRICT_HEATING,SOCIAL_HOUSING,7159,0,1070,9350,0.0,0.0,0.0,0.0,0.0,MEDIUM,MEDIUM,MEDIUM,5,COST_BASED,COST_BASED,false,false
1,baseline,1,2028,0.0,0.38738738738738737,DISTRICT_HEATING,SOCIAL_HOUSING,7159,0,0,9350,0.0,0.0,0.0,0.0,0.0,MEDIUM,MEDIUM,MEDIUM,5,COST_BASED,COST_BASED,false,false
1,baseline,1,2029,0.0,0.38738738738738737,DISTRICT_HEATING,SOCIAL_HOUSING,7159,0,0,9350,0.0,0.0,0.0,0.0,0.0,MEDIUM,MEDIUM,MEDIUM,5,COST_BASED,COST_BASED,false,false
1,baseline,1,2030,0.0,0.8558558558558559,DISTRICT_HEATING,SOCIAL_HOUSING,5840,0,1319,9350,0.0,0.0,0.0,0.0,0.0,MEDIUM,MEDIUM,MEDIUM,5,COST_BASED,COST_BASED,false,false
1,baseline,1,2031,0.0,0.8558558558558559,DISTRICT_HEATING,SOCIAL_HOUSING,5447,0,393,9350,0.0,0.0,0.0,0.0,0.0,MEDIUM,MEDIUM,MEDIUM,5,COST_BASED,COST_BASED,false,false
1,baseline,1,2032,0.0,0.8558558558558559,DISTRICT_HEATING,SOCIAL_HOUSING,3880,0,1567,9350,0.0,0.0,0.0,0.0,0.0,MEDIUM,MEDIUM,MEDIUM,5,COST_BASED,COST_BASED,false,false
1,baseline,1,2033,0.0,0.8558558558558559,DISTRICT_HEATING,SOCIAL_HOUSING,3182,0,698,9350,0.0,0.0,0.0,0.0,0.0,MEDIUM,MEDIUM,MEDIUM,5,COST_BASED,COST_BASED,false,false
1,baseline,1,2034,0.0,0.8558558558558559,DISTRICT_HEATING,SOCIAL_HOUSING,3182,0,0,9350,0.0,0.0,0.0,0.0,0.0,MEDIUM,MEDIUM,MEDIUM,5,COST_BASED,COST_BASED,false,false
1,baseline,1,2035,0.0,0.8558558558558559,DISTRICT_HEATING,SOCIAL_HOUSING,2802,0,380,9350,0.0,0.0,0.0,0.0,0.0,MEDIUM,MEDIUM,MEDIUM,5,COST_BASED,COST_BASED,false,false
1,baseline,1,2036,0.0,0.8558558558558559,DISTRICT_HEATING,SOCIAL_HOUSING,2802,0,0,9350,0.0,0.0,0.0,0.0,0.0,MEDIUM,MEDIUM,MEDIUM,5,COST_BASED,COST_BASED,false,false
1,baseline,1,2037,0.0,0.8558558558558559,DISTRICT_HEATING,SOCIAL_HOUSING,2802,0,0,9350,0.0,0.0,0.0,0.0,0.0,MEDIUM,MEDIUM,MEDIUM,5,COST_BASED,COST_BASED,false,false
1,baseline,1,2038,0.0,0.8558558558558559,DISTRICT_HEATING,SOCIAL_HOUSING,1912,0,890,9350,0.0,0.0,0.0,0.0,0.0,MEDIUM,MEDIUM,MEDIUM,5,COST_BASED,COST_BASED,false,false
1,baseline,1,2039,0.0,0.8558558558558559,DISTRICT_HEATING,SOCIAL_HOUSING,1912,0,0,9350,0.0,0.0,0.0,0.0,0.0,MEDIUM,MEDIUM,MEDIUM,5,COST_BASED,COST_BASED,false,false
1,baseline,1,2040,0.0,0.8558558558558559,DISTRICT_HEATING,SOCIAL_HOUSING,1912,0,0,9350,0.0,0.0,0.0,0.0,0.0,MEDIUM,MEDIUM,MEDIUM,5,COST_BASED,COST_BASED,false,false
1,baseline,1,2041,0.0,0.8558558558558559,DISTRICT_HEATING,SOCIAL_HOUSING,1912,0,0,9350,0.0,0.0,0.0,0.0,0.0,MEDIUM,MEDIUM,MEDIUM,5,COST_BASED,COST_BASED,false,false
1,baseline,1,2042,0.0,0.8558558558558559,DISTRICT_HEATING,SOCIAL_HOUSING,1912,0,0,9350,0.0,0.0,0.0,0.0,0.0,MEDIUM,MEDIUM,MEDIUM,5,COST_BASED,COST_BASED,false,false
1,baseline,1,2043,0.0,0.8558558558558559,DISTRICT_HEATING,SOCIAL_HOUSING,1912,0,0,9350,0.0,0.0,0.0,0.0,0.0,MEDIUM,MEDIUM,MEDIUM,5,COST_BASED,COST_BASED,false,false
1,baseline,1,2044,0.0,0.8558558558558559,DISTRICT_HEATING,SOCIAL_HOUSING,1912,0,0,9350,0.0,0.0,0.0,0.0,0.0,MEDIUM,MEDIUM,MEDIUM,5,COST_BASED,COST_BASED,false,false
1,baseline,1,2045,0.0,0.8558558558558559,DISTRICT_HEATING,SOCIAL_HOUSING,1912,0,0,9350,0.0,0.0,0.0,0.0,0.0,MEDIUM,MEDIUM,MEDIUM,5,COST_BASED,COST_BASED,false,false
1,baseline,1,2046,0.0,0.8558558558558559,DISTRICT_HEATING,SOCIAL_HOUSING,1912,0,0,9350,0.0,0.0,0.0,0.0,0.0,MEDIUM,MEDIUM,MEDIUM,5,COST_BASED,COST_BASED,false,false
1,baseline,1,2047,0.0,0.8558558558558559,DISTRICT_HEATING,SOCIAL_HOUSING,1912,0,0,9350,0.0,0.0,0.0,0.0,0.0,MEDIUM,MEDIUM,MEDIUM,5,COST_BASED,COST_BASED,false,false
1,baseline,1,2048,0.0,0.8558558558558559,DISTRICT_HEATING,SOCIAL_HOUSING,29,0,1883,9350,0.0,0.0,0.0,0.0,0.0,MEDIUM,MEDIUM,MEDIUM,5,COST_BASED,COST_BASED,false,false
1,baseline,1,2049,0.0,0.8558558558558559,DISTRICT_HEATING,SOCIAL_HOUSING,0,0,29,9350,0.0,0.0,0.0,0.0,0.0,MEDIUM,MEDIUM,MEDIUM,5,COST_BASED,COST_BASED,false,false
1,baseline,1,2050,0.0,0.8558558558558559,DISTRICT_HEATING,SOCIAL_HOUSING,0,0,0,9350,0.0,0.0,0.0,0.0,0.0,MEDIUM,MEDIUM,MEDIUM,5,COST_BASED,COST_BASED,false,false
1,baseline,1,2024,0.0,0.0,DISTRICT_HEATING,PRIVATELY_RENTED,4964,4964,0,4964,0.0,0.0,0.0,0.0,0.0,MEDIUM,MEDIUM,MEDIUM,5,COST_BASED,COST_BASED,false,false
1,baseline,1,2025,0.0,0.38738738738738737,DISTRICT_HEATING,PRIVATELY_RENTED,4824,0,140,4964,0.0,0.0,0.0,0.0,0.0,MEDIUM,MEDIUM,MEDIUM,5,COST_BASED,COST_BASED,false,false
1,baseline,1,2026,0.0,0.38738738738738737,DISTRICT_HEATING,PRIVATELY_RENTED,4707,1,118,4965,0.0,0.0,0.0,0.0,0.0,MEDIUM,MEDIUM,MEDIUM,5,COST_BASED,COST_BASED,false,false
1,baseline,1,2027,0.0,0.38738738738738737,DISTRICT_HEATING,PRIVATELY_RENTED,4615,1,93,4966,0.0,0.0,0.0,0.0,0.0,MEDIUM,MEDIUM,MEDIUM,5,COST_BASED,COST_BASED,false,false
1,baseline,1,2028,0.0,0.38738738738738737,DISTRICT_HEATING,PRIVATELY_RENTED,4445,0,170,4966,0.0,0.0,0.0,0.0,0.0,MEDIUM,MEDIUM,MEDIUM,5,COST_BASED,COST_BASED,false,false
1,baseline,1,2029,0.0,0.38738738738738737,DISTRICT_HEATING,PRIVATELY_RENTED,4258,2,189,4968,0.0,0.0,0.0,0.0,0.0,MEDIUM,MEDIUM,MEDIUM,5,COST_BASED,COST_BASED,false,false
1,baseline,1,2030,0.0,0.8558558558558559,DISTRICT_HEATING,PRIVATELY_RENTED,4056,4,206,4972,0.0,0.0,0.0,0.0,0.0,MEDIUM,MEDIUM,MEDIUM,5,COST_BASED,COST_BASED,false,false
1,baseline,1,2031,0.0,0.8558558558558559,DISTRICT_HEATING,PRIVATELY_RENTED,3908,2,150,4974,0.0,0.0,0.0,0.0,0.0,MEDIUM,MEDIUM,MEDIUM,5,COST_BASED,COST_BASED,false,false
1,baseline,1,2032,0.0,0.8558558558558559,DISTRICT_HEATING,PRIVATELY_RENTED,3386,3,525,4977,0.0,0.0,0.0,0.0,0.0,MEDIUM,MEDIUM,MEDIUM,5,COST_BASED,COST_BASED,false,false
1,baseline,1,2033,0.0,0.8558558558558559,DISTRICT_HEATING,PRIVATELY_RENTED,3070,14,330,4991,0.0,0.0,0.0,0.0,0.0,MEDIUM,MEDIUM,MEDIUM,5,COST_BASED,COST_BASED,false,false
1,baseline,1,2034,0.0,0.8558558558558559,DISTRICT_HEATING,PRIVATELY_RENTED,2955,4,119,4995,0.0,0.0,0.0,0.0,0.0,MEDIUM,MEDIUM,MEDIUM,5,COST_BASED,COST_BASED,false,false
1,baseline,1,2035,0.0,0.8558558558558559,DISTRICT_HEATING,PRIVATELY_RENTED,2746,8,217,5003,0.0,0.0,0.0,0.0,0.0,MEDIUM,MEDIUM,MEDIUM,5,COST_BASED,COST_BASED,false,false
1,baseline,1,2036,0.0,0.8558558558558559,DISTRICT_HEATING,PRIVATELY_RENTED,2584,2,164,5005,0.0,0.0,0.0,0.0,0.0,MEDIUM,MEDIUM,MEDIUM,5,COST_BASED,COST_BASED,false,false
1,baseline,1,2037,0.0,0.8558558558558559,DISTRICT_HEATING,PRIVATELY_RENTED,2473,1,112,5006,0.0,0.0,0.0,0.0,0.0,MEDIUM,MEDIUM,MEDIUM,5,COST_BASED,COST_BASED,false,false
1,baseline,1,2038,0.0,0.8558558558558559,DISTRICT_HEATING,PRIVATELY_RENTED,2221,0,252,5006,0.0,0.0,0.0,0.0,0.0,MEDIUM,MEDIUM,MEDIUM,5,COST_BASED,COST_BASED,false,false
1,baseline,1,2039,0.0,0.8558558558558559,DISTRICT_HEATING,PRIVATELY_RENTED,1970,2,253,5008,0.0,0.0,0.0,0.0,0.0,MEDIUM,MEDIUM,MEDIUM,5,COST_BASED,COST_BASED,false,false
1,baseline,1,2040,0.0,0.8558558558558559,DISTRICT_HEATING,PRIVATELY_RENTED,1785,1,186,5009,0.0,0.0,0.0,0.0,0.0,MEDIUM,MEDIUM,MEDIUM,5,COST_BASED,COST_BASED,false,false
1,baseline,1,2041,0.0,0.8558558558558559,DISTRICT_HEATING,PRIVATELY_RENTED,1626,4,163,5013,0.0,0.0,0.0,0.0,0.0,MEDIUM,MEDIUM,MEDIUM,5,COST_BASED,COST_BASED,false,false
1,baseline,1,2042,0.0,0.8558558558558559,DISTRICT_HEATING,PRIVATELY_RENTED,1529,0,97,5013,0.0,0.0,0.0,0.0,0.0,MEDIUM,MEDIUM,MEDIUM,5,COST_BASED,COST_BASED,false,false
1,baseline,1,2043,0.0,0.8558558558558559,DISTRICT_HEATING,PRIVATELY_RENTED,1336,2,195,5015,0.0,0.0,0.0,0.0,0.0,MEDIUM,MEDIUM,MEDIUM,5,COST_BASED,COST_BASED,false,false
1,baseline,1,2044,0.0,0.8558558558558559,DISTRICT_HEATING,PRIVATELY_RENTED,1243,0,93,5015,0.0,0.0,0.0,0.0,0.0,MEDIUM,MEDIUM,MEDIUM,5,COST_BASED,COST_BASED,false,false
1,baseline,1,2045,0.0,0.8558558558558559,DISTRICT_HEATING,PRIVATELY_RENTED,1093,1,151,5016,0.0,0.0,0.0,0.0,0.0,MEDIUM,MEDIUM,MEDIUM,5,COST_BASED,COST_BASED,false,false
1,baseline,1,2046,0.0,0.8558558558558559,DISTRICT_HEATING,PRIVATELY_RENTED,1004,1,90,5017,0.0,0.0,0.0,0.0,0.0,MEDIUM,MEDIUM,MEDIUM,5,COST_BASED,COST_BASED,false,false
1,baseline,1,2047,0.0,0.8558558558558559,DISTRICT_HEATING,PRIVATELY_RENTED,847,2,159,5019,0.0,0.0,0.0,0.0,0.0,MEDIUM,MEDIUM,MEDIUM,5,COST_BASED,COST_BASED,false,false
1,baseline,1,2048,0.0,0.8558558558558559,DISTRICT_HEATING,PRIVATELY_RENTED,669,0,178,5019,0.0,0.0,0.0,0.0,0.0,MEDIUM,MEDIUM,MEDIUM,5,COST_BASED,COST_BASED,false,false
1,baseline,1,2049,0.0,0.8558558558558559,DISTRICT_HEATING,PRIVATELY_RENTED,577,1,93,5020,0.0,0.0,0.0,0.0,0.0,MEDIUM,MEDIUM,MEDIUM,5,COST_BASED,COST_BASED,false,false
1,baseline,1,2050,0.0,0.8558558558558559,DISTRICT_HEATING,PRIVATELY_RENTED,399,0,178,5020,0.0,0.0,0.0,0.0,0.0,MEDIUM,MEDIUM,MEDIUM,5,COST_BASED,COST_BASED,false,false
1,baseline,1,2024,0.0,0.0,ELECTRIC_HEAT_PUMP,TOTAL,10467,10467,0,10467,0.0,0.0,0.0,0.0,0.0,MEDIUM,MEDIUM,MEDIUM,5,COST_BASED,COST_BASED,false,false
1,baseline,1,2025,0.0,0.38738738738738737,ELECTRIC_HEAT_PUMP,TOTAL,16663,7215,1019,17682,0.7139646788292422,0.6767146360735262,0.07485011392162794,2317.7208658583845,0.6642979551549549,MEDIUM,MEDIUM,MEDIUM,5,COST_BASED,COST_BASED,false,false
1,baseline,1,2026,0.0,0.38738738738738737,ELECTRIC_HEAT_PUMP,TOTAL,20362,4236,537,21918,0.7157426996609835,0.6704806062963248,0.10982417654895735,2269.0907169117645,0.6553932418414365,MEDIUM,MEDIUM,MEDIUM,5,COST_BASED,COST_BASED,false,false
1,baseline,1,2027,0.0,0.38738738738738737,ELECTRIC_HEAT_PUMP,TOTAL,23480,3670,552,25588,0.715248325263961,0.6699808983318472,0.13105598356685358,2256.339239571798,0.6548917560211442,MEDIUM,MEDIUM,MEDIUM,5,COST_BASED,COST_BASED,false,false
1,baseline,1,2028,0.0,0.38738738738738737,ELECTRIC_HEAT_PUMP,TOTAL,25252,2719,947,28307,0.7157068398015732,0.6606032400439171,0.14856509945278987,2174.976870385197,0.6422353734580333,MEDIUM,MEDIUM,MEDIUM,5,COST_BASED,COST_BASED,false,false
1,baseline,1,2029,0.0,0.38738738738738737,ELECTRIC_HEAT_PUMP,TOTAL,28537,3820,535,32127,0.7152340511922762,0.6670615027767789,0.16581944784888158,2172.618924231594,0.6510039866382803,MEDIUM,MEDIUM,MEDIUM,5,COST_BASED,COST_BASED,false,false
1,baseline,1,2030,0.0,0.8558558558558559,ELECTRIC_HEAT_PUMP,TOTAL,31223,3184,498,35311,0.714825793064288,0.6679571249193851,0.18678058847612183,2118.3413576046273,0.6523342355377583,MEDIUM,MEDIUM,MEDIUM,5,COST_BASED,COST_BASED,false,false
1,baseline,1,2031,0.0,0.8558558558558559,ELECTRIC_HEAT_PUMP,TOTAL,34670,4022,575,39333,0.7156953358876631,0.6861573616191097,0.20939292933234974,2072.55771951727,0.6763113701962626,MEDIUM,MEDIUM,MEDIUM,5,COST_BASED,COST_BASED,false,false
1,baseline,1,2032,0.0,0.8558558558558559,ELECTRIC_HEAT_PUMP,TOTAL,37360,3275,585,42608,0.7145913150057716,0.6680564237551202,0.22880873377349864,2033.6563462338743,0.6525447933382363,MEDIUM,MEDIUM,MEDIUM,5,COST_BASED,COST_BASED,false,false
1,baseline,1,2033,0.0,0.8558558558558559,ELECTRIC_HEAT_PUMP,TOTAL,40870,4161,651,46769,0.7154212504178296,0.7062412770355813,0.25021823486711425,2042.246195015889,0.7031812859081623,MEDIUM,MEDIUM,MEDIUM,5,COST_BASED,COST_BASED,false,false
1,baseline,1,2034,0.0,0.8558558558558559,ELECTRIC_HEAT_PUMP,TOTAL,45372,5143,641,51912,0.7142497371015939,0.7081670475694173,0.27759030130510254,1919.3548747763866,0.7061394843920238,MEDIUM,MEDIUM,MEDIUM,5,COST_BASED,COST_BASED,false,false
1,baseline,1,2035,0.0,0.8558558558558559,ELECTRIC_HEAT_PUMP,TOTAL,47563,2963,772,54875,0.7174882879942044,0.6629989787521063,0.3034852372982285,1970.6357795062563,0.6448358756714097,MEDIUM,MEDIUM,MEDIUM,5,COST_BASED,COST_BASED,false,false
1,baseline,1,2036,0.0,0.8558558558558559,ELECTRIC_HEAT_PUMP,TOTAL,49017,2220,766,57095,0.7127545041244581,0.6797061172255736,0.31030919469243645,1886.7172800998128,0.6686899882592778,MEDIUM,MEDIUM,MEDIUM,5,COST_BASED,COST_BASED,false,false
1,baseline,1,2037,0.0,0.8558558558558559,ELECTRIC_HEAT_PUMP,TOTAL,48589,961,1389,58056,0.6471306009831231,0.6980338282724456,0.2749653530963167,1423.3215488215487,0.71500157070222,MEDIUM,MEDIUM,MEDIUM,5,COST_BASED,COST_BASED,false,false
1,baseline,1,2038,0.0,0.8558558558558559,ELECTRIC_HEAT_PUMP,TOTAL,48440,497,646,58553,0.6675283355938482,0.658078302445475,0.28605391449851353,1627.9243281471004,0.654928291396019,MEDIUM,MEDIUM,MEDIUM,5,COST_BASED,COST_BASED,false,false
1,baseline,1,2039,0.0,0.8558558558558559,ELECTRIC_HEAT_PUMP,TOTAL,48372,286,354,58839,0.6477238936649021,0.6539545139673238,0.28038513054108805,1687.5468589083418,0.6560313874014637,MEDIUM,MEDIUM,MEDIUM,5,COST_BASED,COST_BASED,false,false
1,baseline,1,2040,0.0,0.8558558558558559,ELECTRIC_HEAT_PUMP,TOTAL,48290,7133,7215,65972,0.7422618669217792,0.7422090403307223,0.35631424952478935,1677.8422555840352,0.7421914314670336,MEDIUM,MEDIUM,MEDIUM,5,COST_BASED,COST_BASED,false,false
1,baseline,1,2041,0.0,0.8558558558558559,ELECTRIC_HEAT_PUMP,TOTAL,48322,4268,4236,70240,0.7336857169245035,0.7257954879788403,0.3527380080646137,1690.5814168496474,0.7231654116636217,MEDIUM,MEDIUM,MEDIUM,5,COST_BASED,COST_BASED,false,false
1,baseline,1,2042,0.0,0.8558558558558559,ELECTRIC_HEAT_PUMP,TOTAL,48429,3777,3670,74017,0.7327715746369341,0.7168516085550778,0.3487719319646651,1706.6864796504944,0.7115449531944608,MEDIUM,MEDIUM,MEDIUM,5,COST_BASED,COST_BASED,false,false
1,baseline,1,2043,0.0,0.8558558558558559,ELECTRIC_HEAT_PUMP,TOTAL,48831,3121,2719,77138,0.7290546342447138,0.7181077206852832,0.34379867517014934,1641.3911587407902,0.7144587494988085,MEDIUM,MEDIUM,MEDIUM,5,COST_BASED,COST_BASED,false,false
1,baseline,1,2044,0.0,0.8558558558558559,ELECTRIC_HEAT_PUMP,TOTAL,48862,3851,3820,80989,0.7366928662229617,0.7268950226519592,0.3555302322940364,1646.2657791513134,0.7236290747949583,MEDIUM,MEDIUM,MEDIUM,5,COST_BASED,COST_BASED,false,false
1,baseline,1,2045,0.0,0.8558558558558559,ELECTRIC_HEAT_PUMP,TOTAL,49009,3331,3184,84320,0.792541466116654,0.7683982446003771,0.47701852810180756,1548.3206301894827,0.7603505040949539,MEDIUM,MEDIUM,MEDIUM,5,COST_BASED,COST_BASED,false,false
1,baseline,1,2046,0.0,0.8558558558558559,ELECTRIC_HEAT_PUMP,TOTAL,48991,4004,4022,88324,0.7990673992281682,0.7464839341132476,0.4874373320829264,1529.7957148134467,0.7289561124082742,MEDIUM,MEDIUM,MEDIUM,5,COST_BASED,COST_BASED,false,false
1,baseline,1,2047,0.0,0.8558558558558559,ELECTRIC_HEAT_PUMP,TOTAL,49011,3295,3275,91619,0.7928806831361224,0.7456241677855301,0.4831182142629289,1467.995508982036,0.7298719960019979,MEDIUM,MEDIUM,MEDIUM,5,COST_BASED,COST_BASED,false,false
1,baseline,1,2048,0.0,0.8558558558558559,ELECTRIC_HEAT_PUMP,TOTAL,49062,4212,4161,95831,0.8004754530442599,0.7673365965301635,0.47865439517377906,1508.833629576964,0.7562903110254635,MEDIUM,MEDIUM,MEDIUM,5,COST_BASED,COST_BASED,false,false
1,baseline,1,2049,0.0,0.8558558558558559,ELECTRIC_HEAT_PUMP,TOTAL,49064,5145,5143,100976,0.7929442178412237,0.7593497716395707,0.4700211349902625,1427.9282141806414,0.7481516229056884,MEDIUM,MEDIUM,MEDIUM,5,COST_BASED,COST_BASED,false,false
1,baseline,1,2050,0.0,0.8558558558558559,ELECTRIC_HEAT_PUMP,TOTAL,49124,3023,2963,103999,0.7859626484617271,0.7526219446949773,0.4698992127230632,1319.6618247843849,0.741508376772726,MEDIUM,MEDIUM,MEDIUM,5,COST_BASED,COST_BASED,false,false
1,baseline,1,2024,0.0,0.0,ELECTRIC_HEAT_PUMP,PRIVATELY_OWNED,8330,8330,0,8330,0.0,0.0,0.0,0.0,0.0,MEDIUM,MEDIUM,MEDIUM,5,COST_BASED,COST_BASED,false,false
1,baseline,1,2025,0.0,0.38738738738738737,ELECTRIC_HEAT_PUMP,PRIVATELY_OWNED,14773,7215,772,15545,0.7139646788292422,0.6767146360735262,0.07485011392162794,2317.7208658583845,0.6642979551549549,MEDIUM,MEDIUM,MEDIUM,5,COST_BASED,COST_BASED,false,false
1,baseline,1,2026,0.0,0.38738738738738737,ELECTRIC_HEAT_PUMP,PRIVATELY_OWNED,18610,4236,399,19781,0.7157426996609835,0.6704806062963248,0.10982417654895735,2269.0907169117645,0.6553932418414365,MEDIUM,MEDIUM,MEDIUM,5,COST_BASED,COST_BASED,false,false
1,baseline,1,2027,0.0,0.38738738738738737,ELECTRIC_HEAT_PUMP,PRIVATELY_OWNED,21876,3670,404,23451,0.715248325263961,0.6699808983318472,0.13105598356685358,2256.339239571798,0.6548917560211444,MEDIUM,MEDIUM,MEDIUM,5,COST_BASED,COST_BASED,false,false
1,baseline,1,2028,0.0,0.38738738738738737,ELECTRIC_HEAT_PUMP,PRIVATELY_OWNED,24023,2719,572,26170,0.7157068398015732,0.6606032400439171,0.14856509945278987,2174.976870385197,0.6422353734580333,MEDIUM,MEDIUM,MEDIUM,5,COST_BASED,COST_BASED,false,false
1,baseline,1,2029,0.0,0.38738738738738737,ELECTRIC_HEAT_PUMP,PRIVATELY_OWNED,27441,3820,402,29990,0.7152340511922762,0.6670615027767789,0.16581944784888158,2172.618924231594,0.6510039866382803,MEDIUM,MEDIUM,MEDIUM,5,COST_BASED,COST_BASED,false,false
1,baseline,1,2030,0.0,0.8558558558558559,ELECTRIC_HEAT_PUMP,PRIVATELY_OWNED,30216,3184,409,33174,0.714825793064288,0.6679571249193851,0.18678058847612183,2118.3413576046273,0.6523342355377583,MEDIUM,MEDIUM,MEDIUM,5,COST_BASED,COST_BASED,false,false
1,baseline,1,2031,0.0,0.8558558558558559,ELECTRIC_HEAT_PUMP,PRIVATELY_OWNED,33761,4022,477,37196,0.7156953358876631,0.6861573616191097,0.20939292933234974,2072.55771951727,0.6763113701962626,MEDIUM,MEDIUM,MEDIUM,5,COST_BASED,COST_BASED,false,false
1,baseline,1,2032,0.0,0.8558558558558559,ELECTRIC_HEAT_PUMP,PRIVATELY_OWNED,36560,3275,476,40471,0.7145913150057716,0.6680564237551202,0.22880873377349864,2033.6563462338743,0.6525447933382363,MEDIUM,MEDIUM,MEDIUM,5,COST_BASED,COST_BASED,false,false
1,baseline,1,2033,0.0,0.8558558558558559,ELECTRIC_HEAT_PUMP,PRIVATELY_OWNED,40201,4161,520,44632,0.7154212504178296,0.7062412770355813,0.25021823486711425,2042.246195015889,0.7031812859081623,MEDIUM,MEDIUM,MEDIUM,5,COST_BASED,COST_BASED,false,false
1,baseline,1,2034,0.0,0.8558558558558559,ELECTRIC_HEAT_PUMP,PRIVATELY_OWNED,44810,5143,534,49775,0.7142497371015939,0.7081670475694173,0.27759030130510254,1919.3548747763864,0.7061394843920238,MEDIUM,MEDIUM,MEDIUM,5,COST_BASED,COST_BASED,false,false
1,baseline,1,2035,0.0,0.8558558558558559,ELECTRIC_HEAT_PUMP,PRIVATELY_OWNED,47148,2963,625,52738,0.7174882879942044,0.6629989787521063,0.3034852372982285,1970.6357795062563,0.6448358756714097,MEDIUM,MEDIUM,MEDIUM,5,COST_BASED,COST_BASED,false,false
1,baseline,1,2036,0.0,0.8558558558558559,ELECTRIC_HEAT_PUMP,PRIVATELY_OWNED,48752,2220,616,54958,0.7127545041244581,0.6797061172255736,0.31030919469243645,1886.7172800998128,0.6686899882592778,MEDIUM,MEDIUM,MEDIUM,5,COST_BASED,COST_BASED,false,false
1,baseline,1,2037,0.0,0.8558558558558559,ELECTRIC_HEAT_PUMP,PRIVATELY_OWNED,48444,961,1269,55919,0.6471306009831231,0.6980338282724456,0.2749653530963167,1423.3215488215487,0.71500157070222,MEDIUM,MEDIUM,MEDIUM,5,COST_BASED,COST_BASED,false,false
1,baseline,1,2038,0.0,0.8558558558558559,ELECTRIC_HEAT_PUMP,PRIVATELY_OWNED,48380,497,561,56416,0.6675283355938482,0.658078302445475,0.2860539144985135,1627.9243281471004,0.654928291396019,MEDIUM,MEDIUM,MEDIUM,5,COST_BASED,COST_BASED,false,false
1,baseline,1,2039,0.0,0.8558558558558559,ELECTRIC_HEAT_PUMP,PRIVATELY_OWNED,48372,286,294,56702,0.6477238936649021,0.6539545139673238,0.28038513054108805,1687.5468589083418,0.6560313874014637,MEDIUM,MEDIUM,MEDIUM,5,COST_BASED,COST_BASED,false,false
1,baseline,1,2040,0.0,0.8558558558558559,ELECTRIC_HEAT_PUMP,PRIVATELY_OWNED,48290,7133,7215,63835,0.7422618669217792,0.7422090403307223,0.35631424952478935,1677.8422555840352,0.7421914314670336,MEDIUM,MEDIUM,MEDIUM,5,COST_BASED,COST_BASED,false,false
1,baseline,1,2041,0.0,0.8558558558558559,ELECTRIC_HEAT_PUMP,PRIVATELY_OWNED,48322,4268,4236,68103,0.7336857169245035,0.7257954879788403,0.3527380080646137,1690.5814168496474,0.7231654116636217,MEDIUM,MEDIUM,MEDIUM,5,COST_BASED,COST_BASED,false,false
1,baseline,1,2042,0.0,0.8558558558558559,ELECTRIC_HEAT_PUMP,PRIVATELY_OWNED,48429,3777,3670,71880,0.7327715746369341,0.7168516085550778,0.3487719319646651,1706.6864796504944,0.7115449531944608,MEDIUM,MEDIUM,MEDIUM,5,COST_BASED,COST_BASED,false,false
1,baseline,1,2043,0.0,0.8558558558558559,ELECTRIC_HEAT_PUMP,PRIVATELY_OWNED,48831,3121,2719,75001,0.7290546342447138,0.7181077206852832,0.3437986751701494,1641.3911587407904,0.7144587494988085,MEDIUM,MEDIUM,MEDIUM,5,COST_BASED,COST_BASED,false,false
1,baseline,1,2044,0.0,0.8558558558558559,ELECTRIC_HEAT_PUMP,PRIVATELY_OWNED,48862,3851,3820,78852,0.7366928662229617,0.7268950226519592,0.35553023229403646,1646.2657791513134,0.7236290747949583,MEDIUM,MEDIUM,MEDIUM,5,COST_BASED,COST_BASED,false,false
1,baseline,1,2045,0.0,0.8558558558558559,ELECTRIC_HEAT_PUMP,PRIVATELY_OWNED,49009,3331,3184,82183,0.792541466116654,0.7683982446003771,0.47701852810180756,1548.3206301894827,0.7603505040949539,MEDIUM,MEDIUM,MEDIUM,5,COST_BASED,COST_BASED,false,false
1,baseline,1,2046,0.0,0.8558558558558559,ELECTRIC_HEAT_PUMP,PRIVATELY_OWNED,48991,4004,4022,86187,0.7990673992281682,0.7464839341132476,0.4874373320829264,1529.7957148134467,0.7289561124082742,MEDIUM,MEDIUM,MEDIUM,5,COST_BASED,COST_BASED,false,false
1,baseline,1,2047,0.0,0.8558558558558559,ELECTRIC_HEAT_PUMP,PRIVATELY_OWNED,49011,3295,3275,89482,0.7928806831361224,0.7456241677855301,0.4831182142629289,1467.995508982036,0.7298719960019979,MEDIUM,MEDIUM,MEDIUM,5,COST_BASED,COST_BASED,false,false
1,baseline,1,2048,0.0,0.8558558558558559,ELECTRIC_HEAT_PUMP,PRIVATELY_OWNED,49062,4212,4161,93694,0.8004754530442599,0.7673365965301635,0.47865439517377906,1508.833629576964,0.7562903110254635,MEDIUM,MEDIUM,MEDIUM,5,COST_BASED,COST_BASED,false,false
1,baseline,1,2049,0.0,0.8558558558558559,ELECTRIC_HEAT_PUMP,PRIVATELY_OWNED,49064,5145,5143,98839,0.7929442178412237,0.7593497716395707,0.47002113499026255,1427.9282141806414,0.7481516229056884,MEDIUM,MEDIUM,MEDIUM,5,COST_BASED,COST_BASED,false,false
1,baseline,1,2050,0.0,0.8558558558558559,ELECTRIC_HEAT_PUMP,PRIVATELY_OWNED,49124,3023,2963,101862,0.785962648461727,0.7526219446949775,0.4698992127230632,1319.6618247843849,0.741508376772726,MEDIUM,MEDIUM,MEDIUM,5,COST_BASED,COST_BASED,false,false
1,baseline,1,2024,0.0,0.0,ELECTRIC_HEAT_PUMP,SOCIAL_HOUSING,42,42,0,42,0.0,0.0,0.0,0.0,0.0,MEDIUM,MEDIUM,MEDIUM,5,COST_BASED,COST_BASED,false,false
1,baseline,1,2025,0.0,0.38738738738738737,ELECTRIC_HEAT_PUMP,SOCIAL_HOUSING,42,0,0,42,0.0,0.0,0.0,0.0,0.0,MEDIUM,MEDIUM,MEDIUM,5,COST_BASED,COST_BASED,false,false
1,baseline,1,2026,0.0,0.38738738738738737,ELECTRIC_HEAT_PUMP,SOCIAL_HOUSING,42,0,0,42,0.0,0.0,0.0,0.0,0.0,MEDIUM,MEDIUM,MEDIUM,5,COST_BASED,COST_BASED,false,false
1,baseline,1,2027,0.0,0.38738738738738737,ELECTRIC_HEAT_PUMP,SOCIAL_HOUSING,0,0,42,42,0.0,0.0,0.0,0.0,0.0,MEDIUM,MEDIUM,MEDIUM,5,COST_BASED,COST_BASED,false,false
1,baseline,1,2028,0.0,0.38738738738738737,ELECTRIC_HEAT_PUMP,SOCIAL_HOUSING,0,0,0,42,0.0,0.0,0.0,0.0,0.0,MEDIUM,MEDIUM,MEDIUM,5,COST_BASED,COST_BASED,false,false
1,baseline,1,2029,0.0,0.38738738738738737,ELECTRIC_HEAT_PUMP,SOCIAL_HOUSING,0,0,0,42,0.0,0.0,0.0,0.0,0.0,MEDIUM,MEDIUM,MEDIUM,5,COST_BASED,COST_BASED,false,false
1,baseline,1,2030,0.0,0.8558558558558559,ELECTRIC_HEAT_PUMP,SOCIAL_HOUSING,0,0,0,42,0.0,0.0,0.0,0.0,0.0,MEDIUM,MEDIUM,MEDIUM,5,COST_BASED,COST_BASED,false,false
1,baseline,1,2031,0.0,0.8558558558558559,ELECTRIC_HEAT_PUMP,SOCIAL_HOUSING,0,0,0,42,0.0,0.0,0.0,0.0,0.0,MEDIUM,MEDIUM,MEDIUM,5,COST_BASED,COST_BASED,false,false
1,baseline,1,2032,0.0,0.8558558558558559,ELECTRIC_HEAT_PUMP,SOCIAL_HOUSING,0,0,0,42,0.0,0.0,0.0,0.0,0.0,MEDIUM,MEDIUM,MEDIUM,5,COST_BASED,COST_BASED,false,false
1,baseline,1,2033,0.0,0.8558558558558559,ELECTRIC_HEAT_PUMP,SOCIAL_HOUSING,0,0,0,42,0.0,0.0,0.0,0.0,0.0,MEDIUM,MEDIUM,MEDIUM,5,COST_BASED,COST_BASED,false,false
1,baseline,1,2034,0.0,0.8558558558558559,ELECTRIC_HEAT_PUMP,SOCIAL_HOUSING,0,0,0,42,0.0,0.0,0.0,0.0,0.0,MEDIUM,MEDIUM,MEDIUM,5,COST_BASED,COST_BASED,false,false
1,baseline,1,2035,0.0,0.8558558558558559,ELECTRIC_HEAT_PUMP,SOCIAL_HOUSING,0,0,0,42,0.0,0.0,0.0,0.0,0.0,MEDIUM,MEDIUM,MEDIUM,5,COST_BASED,COST_BASED,false,false
1,baseline,1,2036,0.0,0.8558558558558559,ELECTRIC_HEAT_PUMP,SOCIAL_HOUSING,0,0,0,42,0.0,0.0,0.0,0.0,0.0,MEDIUM,MEDIUM,MEDIUM,5,COST_BASED,COST_BASED,false,false
1,baseline,1,2037,0.0,0.8558558558558559,ELECTRIC_HEAT_PUMP,SOCIAL_HOUSING,0,0,0,42,0.0,0.0,0.0,0.0,0.0,MEDIUM,MEDIUM,MEDIUM,5,COST_BASED,COST_BASED,false,false
1,baseline,1,2038,0.0,0.8558558558558559,ELECTRIC_HEAT_PUMP,SOCIAL_HOUSING,0,0,0,42,0.0,0.0,0.0,0.0,0.0,MEDIUM,MEDIUM,MEDIUM,5,COST_BASED,COST_BASED,false,false
1,baseline,1,2039,0.0,0.8558558558558559,ELECTRIC_HEAT_PUMP,SOCIAL_HOUSING,0,0,0,42,0.0,0.0,0.0,0.0,0.0,MEDIUM,MEDIUM,MEDIUM,5,COST_BASED,COST_BASED,false,false
1,baseline,1,2040,0.0,0.8558558558558559,ELECTRIC_HEAT_PUMP,SOCIAL_HOUSING,0,0,0,42,0.0,0.0,0.0,0.0,0.0,MEDIUM,MEDIUM,MEDIUM,5,COST_BASED,COST_BASED,false,false
1,baseline,1,2041,0.0,0.8558558558558559,ELECTRIC_HEAT_PUMP,SOCIAL_HOUSING,0,0,0,42,0.0,0.0,0.0,0.0,0.0,MEDIUM,MEDIUM,MEDIUM,5,COST_BASED,COST_BASED,false,false
1,baseline,1,2042,0.0,0.8558558558558559,ELECTRIC_HEAT_PUMP,SOCIAL_HOUSING,0,0,0,42,0.0,0.0,0.0,0.0,0.0,MEDIUM,MEDIUM,MEDIUM,5,COST_BASED,COST_BASED,false,false
1,baseline,1,2043,0.0,0.8558558558558559,ELECTRIC_HEAT_PUMP,SOCIAL_HOUSING,0,0,0,42,0.0,0.0,0.0,0.0,0.0,MEDIUM,MEDIUM,MEDIUM,5,COST_BASED,COST_BASED,false,false
1,baseline,1,2044,0.0,0.8558558558558559,ELECTRIC_HEAT_PUMP,SOCIAL_HOUSING,0,0,0,42,0.0,0.0,0.0,0.0,0.0,MEDIUM,MEDIUM,MEDIUM,5,COST_BASED,COST_BASED,false,false
1,baseline,1,2045,0.0,0.8558558558558559,ELECTRIC_HEAT_PUMP,SOCIAL_HOUSING,0,0,0,42,0.0,0.0,0.0,0.0,0.0,MEDIUM,MEDIUM,MEDIUM,5,COST_BASED,COST_BASED,false,false
1,baseline,1,2046,0.0,0.8558558558558559,ELECTRIC_HEAT_PUMP,SOCIAL_HOUSING,0,0,0,42,0.0,0.0,0.0,0.0,0.0,MEDIUM,MEDIUM,MEDIUM,5,COST_BASED,COST_BASED,false,false
1,baseline,1,2047,0.0,0.8558558558558559,ELECTRIC_HEAT_PUMP,SOCIAL_HOUSING,0,0,0,42,0.0,0.0,0.0,0.0,0.0,MEDIUM,MEDIUM,MEDIUM,5,COST_BASED,COST_BASED,false,false
1,baseline,1,2048,0.0,0.8558558558558559,ELECTRIC_HEAT_PUMP,SOCIAL_HOUSING,0,0,0,42,0.0,0.0,0.0,0.0,0.0,MEDIUM,MEDIUM,MEDIUM,5,COST_BASED,COST_BASED,false,false
1,baseline,1,2049,0.0,0.8558558558558559,ELECTRIC_HEAT_PUMP,SOCIAL_HOUSING,0,0,0,42,0.0,0.0,0.0,0.0,0.0,MEDIUM,MEDIUM,MEDIUM,5,COST_BASED,COST_BASED,false,false
1,baseline,1,2050,0.0,0.8558558558558559,ELECTRIC_HEAT_PUMP,SOCIAL_HOUSING,0,0,0,42,0.0,0.0,0.0,0.0,0.0,MEDIUM,MEDIUM,MEDIUM,5,COST_BASED,COST_BASED,false,false
1,baseline,1,2024,0.0,0.0,ELECTRIC_HEAT_PUMP,PRIVATELY_RENTED,2095,2095,0,2095,0.0,0.0,0.0,0.0,0.0,MEDIUM,MEDIUM,MEDIUM,5,COST_BASED,COST_BASED,false,false
1,baseline,1,2025,0.0,0.38738738738738737,ELECTRIC_HEAT_PUMP,PRIVATELY_RENTED,1848,0,247,2095,0.0,0.0,0.0,0.0,0.0,MEDIUM,MEDIUM,MEDIUM,5,COST_BASED,COST_BASED,false,false
1,baseline,1,2026,0.0,0.38738738738738737,ELECTRIC_HEAT_PUMP,PRIVATELY_RENTED,1710,0,138,2095,0.0,0.0,0.0,0.0,0.0,MEDIUM,MEDIUM,MEDIUM,5,COST_BASED,COST_BASED,false,false
1,baseline,1,2027,0.0,0.38738738738738737,ELECTRIC_HEAT_PUMP,PRIVATELY_RENTED,1604,0,106,2095,0.0,0.0,0.0,0.0,0.0,MEDIUM,MEDIUM,MEDIUM,5,COST_BASED,COST_BASED,false,false
1,baseline,1,2028,0.0,0.38738738738738737,ELECTRIC_HEAT_PUMP,PRIVATELY_RENTED,1229,0,375,2095,0.0,0.0,0.0,0.0,0.0,MEDIUM,MEDIUM,MEDIUM,5,COST_BASED,COST_BASED,false,false
1,baseline,1,2029,0.0,0.38738738738738737,ELECTRIC_HEAT_PUMP,PRIVATELY_RENTED,1096,0,133,2095,0.0,0.0,0.0,0.0,0.0,MEDIUM,MEDIUM,MEDIUM,5,COST_BASED,COST_BASED,false,false
1,baseline,1,2030,0.0,0.8558558558558559,ELECTRIC_HEAT_PUMP,PRIVATELY_RENTED,1007,0,89,2095,0.0,0.0,0.0,0.0,0.0,MEDIUM,MEDIUM,MEDIUM,5,COST_BASED,COST_BASED,false,false
1,baseline,1,2031,0.0,0.8558558558558559,ELECTRIC_HEAT_PUMP,PRIVATELY_RENTED,909,0,98,2095,0.0,0.0,0.0,0.0,0.0,MEDIUM,MEDIUM,MEDIUM,5,COST_BASED,COST_BASED,false,false
1,baseline,1,2032,0.0,0.8558558558558559,ELECTRIC_HEAT_PUMP,PRIVATELY_RENTED,800,0,109,2095,0.0,0.0,0.0,0.0,0.0,MEDIUM,MEDIUM,MEDIUM,5,COST_BASED,COST_BASED,false,false
1,baseline,1,2033,0.0,0.8558558558558559,ELECTRIC_HEAT_PUMP,PRIVATELY_RENTED,669,0,131,2095,0.0,0.0,0.0,0.0,0.0,MEDIUM,MEDIUM,MEDIUM,5,COST_BASED,COST_BASED,false,false
1,baseline,1,2034,0.0,0.8558558558558559,ELECTRIC_HEAT_PUMP,PRIVATELY_RENTED,562,0,107,2095,0.0,0.0,0.0,0.0,0.0,MEDIUM,MEDIUM,MEDIUM,5,COST_BASED,COST_BASED,false,false
1,baseline,1,2035,0.0,0.8558558558558559,ELECTRIC_HEAT_PUMP,PRIVATELY_RENTED,415,0,147,2095,0.0,0.0,0.0,0.0,0.0,MEDIUM,MEDIUM,MEDIUM,5,COST_BASED,COST_BASED,false,false
1,baseline,1,2036,0.0,0.8558558558558559,ELECTRIC_HEAT_PUMP,PRIVATELY_RENTED,265,0,150,2095,0.0,0.0,0.0,0.0,0.0,MEDIUM,MEDIUM,MEDIUM,5,COST_BASED,COST_BASED,false,false
1,baseline,1,2037,0.0,0.8558558558558559,ELECTRIC_HEAT_PUMP,PRIVATELY_RENTED,145,0,120,2095,0.0,0.0,0.0,0.0,0.0,MEDIUM,MEDIUM,MEDIUM,5,COST_BASED,COST_BASED,false,false
1,baseline,1,2038,0.0,0.8558558558558559,ELECTRIC_HEAT_PUMP,PRIVATELY_RENTED,60,0,85,2095,0.0,0.0,0.0,0.0,0.0,MEDIUM,MEDIUM,MEDIUM,5,COST_BASED,COST_BASED,false,false
1,baseline,1,2039,0.0,0.8558558558558559,ELECTRIC_HEAT_PUMP,PRIVATELY_RENTED,0,0,60,2095,0.0,0.0,0.0,0.0,0.0,MEDIUM,MEDIUM,MEDIUM,5,COST_BASED,COST_BASED,false,false
1,baseline,1,2040,0.0,0.8558558558558559,ELECTRIC_HEAT_PUMP,PRIVATELY_RENTED,0,0,0,2095,0.0,0.0,0.0,0.0,0.0,MEDIUM,MEDIUM,MEDIUM,5,COST_BASED,COST_BASED,false,false
1,baseline,1,2041,0.0,0.8558558558558559,ELECTRIC_HEAT_PUMP,PRIVATELY_RENTED,0,0,0,2095,0.0,0.0,0.0,0.0,0.0,MEDIUM,MEDIUM,MEDIUM,5,COST_BASED,COST_BASED,false,false
1,baseline,1,2042,0.0,0.8558558558558559,ELECTRIC_HEAT_PUMP,PRIVATELY_RENTED,0,0,0,2095,0.0,0.0,0.0,0.0,0.0,MEDIUM,MEDIUM,MEDIUM,5,COST_BASED,COST_BASED,false,false
1,baseline,1,2043,0.0,0.8558558558558559,ELECTRIC_HEAT_PUMP,PRIVATELY_RENTED,0,0,0,2095,0.0,0.0,0.0,0.0,0.0,MEDIUM,MEDIUM,MEDIUM,5,COST_BASED,COST_BASED,false,false
1,baseline,1,2044,0.0,0.8558558558558559,ELECTRIC_HEAT_PUMP,PRIVATELY_RENTED,0,0,0,2095,0.0,0.0,0.0,0.0,0.0,MEDIUM,MEDIUM,MEDIUM,5,COST_BASED,COST_BASED,false,false
1,baseline,1,2045,0.0,0.8558558558558559,ELECTRIC_HEAT_PUMP,PRIVATELY_RENTED,0,0,0,2095,0.0,0.0,0.0,0.0,0.0,MEDIUM,MEDIUM,MEDIUM,5,COST_BASED,COST_BASED,false,false
1,baseline,1,2046,0.0,0.8558558558558559,ELECTRIC_HEAT_PUMP,PRIVATELY_RENTED,0,0,0,2095,0.0,0.0,0.0,0.0,0.0,MEDIUM,MEDIUM,MEDIUM,5,COST_BASED,COST_BASED,false,false
1,baseline,1,2047,0.0,0.8558558558558559,ELECTRIC_HEAT_PUMP,PRIVATELY_RENTED,0,0,0,2095,0.0,0.0,0.0,0.0,0.0,MEDIUM,MEDIUM,MEDIUM,5,COST_BASED,COST_BASED,false,false
1,baseline,1,2048,0.0,0.8558558558558559,ELECTRIC_HEAT_PUMP,PRIVATELY_RENTED,0,0,0,2095,0.0,0.0,0.0,0.0,0.0,MEDIUM,MEDIUM,MEDIUM,5,COST_BASED,COST_BASED,false,false
1,baseline,1,2049,0.0,0.8558558558558559,ELECTRIC_HEAT_PUMP,PRIVATELY_RENTED,0,0,0,2095,0.0,0.0,0.0,0.0,0.0,MEDIUM,MEDIUM,MEDIUM,5,COST_BASED,COST_BASED,false,false
1,baseline,1,2050,0.0,0.8558558558558559,ELECTRIC_HEAT_PUMP,PRIVATELY_RENTED,0,0,0,2095,0.0,0.0,0.0,0.0,0.0,MEDIUM,MEDIUM,MEDIUM,5,COST_BASED,COST_BASED,false,false
1,baseline,1,2024,0.0,0.0,HYBRID_HEAT_PUMP,TOTAL,1904,1904,0,1904,0.0,0.0,0.0,0.0,0.0,MEDIUM,MEDIUM,MEDIUM,5,COST_BASED,COST_BASED,false,false
1,baseline,1,2025,0.0,0.38738738738738737,HYBRID_HEAT_PUMP,TOTAL,7922,6242,224,8146,0.7188379691740737,0.647564872997148,0.027019135775886983,1656.6840647431025,0.6238071742715036,MEDIUM,MEDIUM,MEDIUM,5,COST_BASED,COST_BASED,false,false
1,baseline,1,2026,0.0,0.38738738738738737,HYBRID_HEAT_PUMP,TOTAL,12048,4244,118,12390,0.6985933844414314,0.6302714235108998,0.05416642630705262,1569.9470782280869,0.607497436534055,MEDIUM,MEDIUM,MEDIUM,5,COST_BASED,COST_BASED,false,false
1,baseline,1,2027,0.0,0.38738738738738737,HYBRID_HEAT_PUMP,TOTAL,16945,5012,115,17402,0.7035471128864483,0.6460083129777442,0.08077703748367553,1575.2550466735133,0.6268287130081799,MEDIUM,MEDIUM,MEDIUM,5,COST_BASED,COST_BASED,false,false
1,baseline,1,2028,0.0,0.38738738738738737,HYBRID_HEAT_PUMP,TOTAL,23350,6526,121,23928,0.6663545527645807,0.622052931079279,0.10380655579987853,1443.5225013190652,0.6072857238508457,MEDIUM,MEDIUM,MEDIUM,5,COST_BASED,COST_BASED,false,false
1,baseline,1,2029,0.0,0.38738738738738737,HYBRID_HEAT_PUMP,TOTAL,28109,4869,110,28797,0.6618787396476665,0.6001035877357742,0.13136552196815915,1432.97043299273,0.5795118704318135,MEDIUM,MEDIUM,MEDIUM,5,COST_BASED,COST_BASED,false,false
1,baseline,1,2030,0.0,0.8558558558558559,HYBRID_HEAT_PUMP,TOTAL,29809,1834,134,30631,0.4652598327999008,0.42224707757224084,0.10248672681642355,989.583834311109,0.4079094924963559,MEDIUM,MEDIUM,MEDIUM,5,COST_BASED,COST_BASED,false,false
1,baseline,1,2031,0.0,0.8558558558558559,HYBRID_HEAT_PUMP,TOTAL,31338,1647,118,32278,0.4347050782568334,0.39535941275519965,0.0984761959638084,908.8461354090629,0.3822441909213224,MEDIUM,MEDIUM,MEDIUM,5,COST_BASED,COST_BASED,false,false
1,baseline,1,2032,0.0,0.8558558558558559,HYBRID_HEAT_PUMP,TOTAL,33223,1985,100,34263,0.3890400220583941,0.3473610904315004,0.09118424859123632,803.6621630183093,0.33346811322253456,MEDIUM,MEDIUM,MEDIUM,5,COST_BASED,COST_BASED,false,false
1,baseline,1,2033,0.0,0.8558558558558559,HYBRID_HEAT_PUMP,TOTAL,34974,1901,150,36164,0.3941660531463993,0.36442658116866544,0.0946333494370403,817.1413158398776,0.35451342384275414,MEDIUM,MEDIUM,MEDIUM,5,COST_BASED,COST_BASED,false,false
1,baseline,1,2034,0.0,0.8558558558558559,HYBRID_HEAT_PUMP,TOTAL,36795,1930,109,38094,0.4202225578193653,0.3882967681600989,0.10528054936069196,826.8361695570366,0.3776548382736767,MEDIUM,MEDIUM,MEDIUM,5,COST_BASED,COST_BASED,false,false
1,baseline,1,2035,0.0,0.8558558558558559,HYBRID_HEAT_PUMP,TOTAL,38685,2025,135,40119,0.4049836663233354,0.36156038692046194,0.10355258252925527,818.0916777514748,0.34708596045283474,MEDIUM,MEDIUM,MEDIUM,5,COST_BASED,COST_BASED,false,false
1,baseline,1,2036,0.0,0.8558558558558559,HYBRID_HEAT_PUMP,TOTAL,41660,3113,138,43232,0.5335725457442217,0.5018369180250241,0.1448025329961826,1036.675751517142,0.4912583754519583,MEDIUM,MEDIUM,MEDIUM,5,COST_BASED,COST_BASED,false,false
1,baseline,1,2037,0.0,0.8558558558558559,HYBRID_HEAT_PUMP,TOTAL,42316,790,134,44022,0.6082642563211437,0.5639411668026413,0.17347533084298541,901.2063419000128,0.5491668036298065,MEDIUM,MEDIUM,MEDIUM,5,COST_BASED,COST_BASED,false,false
1,baseline,1,2038,0.0,0.8558558558558559,HYBRID_HEAT_PUMP,TOTAL,42683,489,122,44511,0.4721074869743349,0.4136642523636719,0.1353431966489954,807.0838547044888,0.39418317416011694,MEDIUM,MEDIUM,MEDIUM,5,COST_BASED,COST_BASED,false,false
1,baseline,1,2039,0.0,0.8558558558558559,HYBRID_HEAT_PUMP,TOTAL,42959,352,76,44863,0.4852202274996627,0.43275649374575303,0.13955115917292915,845.1108364151297,0.4152685824944495,MEDIUM,MEDIUM,MEDIUM,5,COST_BASED,COST_BASED,false,false
1,baseline,1,2040,0.0,0.8558558558558559,HYBRID_HEAT_PUMP,TOTAL,43202,6485,6242,51348,0.695465459821582,0.7044454671764039,0.1898752971568224,1177.392830289994,0.7074388029613383,MEDIUM,MEDIUM,MEDIUM,5,COST_BASED,COST_BASED,false,false
1,baseline,1,2041,0.0,0.8558558558558559,HYBRID_HEAT_PUMP,TOTAL,43324,4366,4244,55714,0.6735155582886857,0.6685324231771781,0.18423959303860254,1152.795879763672,0.6668713781400053,MEDIUM,MEDIUM,MEDIUM,5,COST_BASED,COST_BASED,false,false
1,baseline,1,2042,0.0,0.8558558558558559,HYBRID_HEAT_PUMP,TOTAL,43162,4850,5012,60564,0.6804135576868366,0.6672218074666889,0.18846746447339613,1171.9501661479235,0.6628245573933053,MEDIUM,MEDIUM,MEDIUM,5,COST_BASED,COST_BASED,false,false
1,baseline,1,2043,0.0,0.8558558558558559,HYBRID_HEAT_PUMP,TOTAL,42623,5987,6526,66551,0.6408834239766966,0.6327541499245919,0.1764211427371418,1062.2361668447893,0.6300443919072231,MEDIUM,MEDIUM,MEDIUM,5,COST_BASED,COST_BASED,false,false
1,baseline,1,2044,0.0,0.8558558558558559,HYBRID_HEAT_PUMP,TOTAL,42655,4901,4869,71452,0.639682255839279,0.6371106360995187,0.17210977928399218,1069.3923112308116,0.6362534295195997,MEDIUM,MEDIUM,MEDIUM,5,COST_BASED,COST_BASED,false,false
1,baseline,1,2045,0.0,0.8558558558558559,HYBRID_HEAT_PUMP,TOTAL,42638,1817,1834,73269,0.3939456931944816,0.4095953082248421,0.0863564827432395,703.6565430293157,0.41481184656829484,MEDIUM,MEDIUM,MEDIUM,5,COST_BASED,COST_BASED,false,false
1,baseline,1,2046,0.0,0.8558558558558559,HYBRID_HEAT_PUMP,TOTAL,42723,1732,1647,75001,0.3855461757291047,0.4002677596870284,0.08244806698568972,683.8433991166517,0.40517495433966694,MEDIUM,MEDIUM,MEDIUM,5,COST_BASED,COST_BASED,false,false
1,baseline,1,2047,0.0,0.8558558558558559,HYBRID_HEAT_PUMP,TOTAL,42807,2069,1985,77070,0.3473404887310827,0.35824403760585716,0.07592006395613582,594.2371303791645,0.361878553897448,MEDIUM,MEDIUM,MEDIUM,5,COST_BASED,COST_BASED,false,false
1,baseline,1,2048,0.0,0.8558558558558559,HYBRID_HEAT_PUMP,TOTAL,42850,1944,1901,79014,0.34647647041651936,0.3609669352857572,0.07569302942163618,604.7633605877473,0.36579709024217005,MEDIUM,MEDIUM,MEDIUM,5,COST_BASED,COST_BASED,false,false
1,baseline,1,2049,0.0,0.8558558558558559,HYBRID_HEAT_PUMP,TOTAL,42965,2045,1930,81059,0.38068228601623716,0.39820631350535646,0.08305250589653321,632.1684702317883,0.4040476560017274,MEDIUM,MEDIUM,MEDIUM,5,COST_BASED,COST_BASED,false,false
1,baseline,1,2050,0.0,0.8558558558558559,HYBRID_HEAT_PUMP,TOTAL,42998,2058,2025,83117,0.3537240619629543,0.36124715775792693,0.0799015249375565,555.1763180079113,0.36375485635625276,MEDIUM,MEDIUM,MEDIUM,5,COST_BASED,COST_BASED,false,false
1,baseline,1,2024,0.0,0.0,HYBRID_HEAT_PUMP,PRIVATELY_OWNED,1568,1568,0,1568,0.0,0.0,0.0,0.0,0.0,MEDIUM,MEDIUM,MEDIUM,5,COST_BASED,COST_BASED,false,false
1,baseline,1,2025,0.0,0.38738738738738737,HYBRID_HEAT_PUMP,PRIVATELY_OWNED,7259,5860,169,7428,0.7656973726253529,0.6897781462880884,0.028780451452745145,1764.6795106017826,0.6644717375089975,MEDIUM,MEDIUM,MEDIUM,5,COST_BASED,COST_BASED,false,false
1,baseline,1,2026,0.0,0.38738738738738737,HYBRID_HEAT_PUMP,PRIVATELY_OWNED,11039,3876,96,11304,0.7649201041200813,0.6901114348246281,0.059309162344461125,1719.0029411764706,0.6651752117261428,MEDIUM,MEDIUM,MEDIUM,5,COST_BASED,COST_BASED,false,false
1,baseline,1,2027,0.0,0.38738738738738737,HYBRID_HEAT_PUMP,PRIVATELY_OWNED,15559,4609,89,15913,0.7650635994330395,0.7024937436850627,0.08783998955699321,1712.9916020671835,0.6816371251024078,MEDIUM,MEDIUM,MEDIUM,5,COST_BASED,COST_BASED,false,false
1,baseline,1,2028,0.0,0.38738738738738737,HYBRID_HEAT_PUMP,PRIVATELY_OWNED,21146,5685,98,21598,0.7649304857241255,0.7140751852635664,0.11916298736147886,1657.0673427630993,0.6971234184433807,MEDIUM,MEDIUM,MEDIUM,5,COST_BASED,COST_BASED,false,false
1,baseline,1,2029,0.0,0.38738738738738737,HYBRID_HEAT_PUMP,PRIVATELY_OWNED,25269,4213,90,25811,0.7649388994408944,0.6935448299751922,0.15182025313623712,1656.0961401000716,0.6697468068199621,MEDIUM,MEDIUM,MEDIUM,5,COST_BASED,COST_BASED,false,false
1,baseline,1,2030,0.0,0.8558558558558559,HYBRID_HEAT_PUMP,PRIVATELY_OWNED,26270,1114,113,26925,0.7659663674641095,0.6951536268110321,0.16872590393296302,1629.1712317114666,0.6715493799266756,MEDIUM,MEDIUM,MEDIUM,5,COST_BASED,COST_BASED,false,false
1,baseline,1,2031,0.0,0.8558558558558559,HYBRID_HEAT_PUMP,PRIVATELY_OWNED,27102,936,104,27861,0.7649137434711588,0.6956805051365532,0.17328022943631669,1599.219642114024,0.6726027590250192,MEDIUM,MEDIUM,MEDIUM,5,COST_BASED,COST_BASED,false,false
1,baseline,1,2032,0.0,0.8558558558558559,HYBRID_HEAT_PUMP,PRIVATELY_OWNED,28030,1009,81,28870,0.7653562376470885,0.6833615109083531,0.17938625713934994,1581.0400332917186,0.6560299353287722,MEDIUM,MEDIUM,MEDIUM,5,COST_BASED,COST_BASED,false,false
1,baseline,1,2033,0.0,0.8558558558558559,HYBRID_HEAT_PUMP,PRIVATELY_OWNED,28889,980,121,29850,0.764601701052352,0.7069131946955439,0.18356938497940165,1585.0873891955177,0.6876836925766078,MEDIUM,MEDIUM,MEDIUM,5,COST_BASED,COST_BASED,false,false
1,baseline,1,2034,0.0,0.8558558558558559,HYBRID_HEAT_PUMP,PRIVATELY_OWNED,29850,1059,98,30909,0.7658446993308546,0.7076607767223709,0.19187106729568978,1506.8874478234943,0.6882661358528763,MEDIUM,MEDIUM,MEDIUM,5,COST_BASED,COST_BASED,false,false
1,baseline,1,2035,0.0,0.8558558558558559,HYBRID_HEAT_PUMP,PRIVATELY_OWNED,30812,1074,112,31983,0.7635865216990262,0.6817130200315972,0.1952457910816964,1542.4912918498478,0.6544218528091158,MEDIUM,MEDIUM,MEDIUM,5,COST_BASED,COST_BASED,false,false
1,baseline,1,2036,0.0,0.8558558558558559,HYBRID_HEAT_PUMP,PRIVATELY_OWNED,32867,2169,114,34152,0.7657959128177788,0.7202481907846473,0.20782401347031648,1487.86150966937,0.7050656167736036,MEDIUM,MEDIUM,MEDIUM,5,COST_BASED,COST_BASED,false,false
1,baseline,1,2037,0.0,0.8558558558558559,HYBRID_HEAT_PUMP,PRIVATELY_OWNED,33374,624,117,34776,0.7700781450219607,0.713963977202062,0.21962421693262577,1140.9503367003367,0.6952592545954281,MEDIUM,MEDIUM,MEDIUM,5,COST_BASED,COST_BASED,false,false
1,baseline,1,2038,0.0,0.8558558558558559,HYBRID_HEAT_PUMP,PRIVATELY_OWNED,33576,301,99,35077,0.7669786084068099,0.6720326226107494,0.2198764889081686,1311.1760961810467,0.6403839606787282,MEDIUM,MEDIUM,MEDIUM,5,COST_BASED,COST_BASED,false,false
1,baseline,1,2039,0.0,0.8558558558558559,HYBRID_HEAT_PUMP,PRIVATELY_OWNED,33732,223,67,35300,0.7659081617931897,0.6830954520112335,0.22027806290973567,1333.9866117404738,0.6554912154172476,MEDIUM,MEDIUM,MEDIUM,5,COST_BASED,COST_BASED,false,false
1,baseline,1,2040,0.0,0.8558558558558559,HYBRID_HEAT_PUMP,PRIVATELY_OWNED,33931,6059,5860,41359,0.744362684757049,0.7539740641424294,0.20322516951014907,1260.1737092640058,0.7571778572708828,MEDIUM,MEDIUM,MEDIUM,5,COST_BASED,COST_BASED,false,false
1,baseline,1,2041,0.0,0.8558558558558559,HYBRID_HEAT_PUMP,PRIVATELY_OWNED,34001,3946,3876,45305,0.7452024651516477,0.7396889405959349,0.2038494838333854,1275.4958973766325,0.7378510990773602,MEDIUM,MEDIUM,MEDIUM,5,COST_BASED,COST_BASED,false,false
1,baseline,1,2042,0.0,0.8558558558558559,HYBRID_HEAT_PUMP,PRIVATELY_OWNED,33801,4409,4609,49714,0.7484703458337849,0.7339591213911185,0.2073184855286848,1289.1717636238216,0.729122046576895,MEDIUM,MEDIUM,MEDIUM,5,COST_BASED,COST_BASED,false,false
1,baseline,1,2043,0.0,0.8558558558558559,HYBRID_HEAT_PUMP,PRIVATELY_OWNED,33215,5099,5685,54813,0.7524944223079982,0.7429494205919851,0.20714520132717554,1247.2265014512168,0.7397677533533134,MEDIUM,MEDIUM,MEDIUM,5,COST_BASED,COST_BASED,false,false
1,baseline,1,2044,0.0,0.8558558558558559,HYBRID_HEAT_PUMP,PRIVATELY_OWNED,33204,4202,4213,59015,0.7460929880695635,0.7430935810384914,0.20074013047854491,1247.2850350647807,0.7420937786948021,MEDIUM,MEDIUM,MEDIUM,5,COST_BASED,COST_BASED,false,false
1,baseline,1,2045,0.0,0.8558558558558559,HYBRID_HEAT_PUMP,PRIVATELY_OWNED,33130,1040,1114,60055,0.6882685812830509,0.715610264465902,0.1508747395619867,1229.3691718117948,0.7247241588601844,MEDIUM,MEDIUM,MEDIUM,5,COST_BASED,COST_BASED,false,false
1,baseline,1,2046,0.0,0.8558558558558559,HYBRID_HEAT_PUMP,PRIVATELY_OWNED,33173,979,936,61034,0.6820898634962302,0.7081345860857335,0.1458631787734572,1209.823051348356,0.7168161602822299,MEDIUM,MEDIUM,MEDIUM,5,COST_BASED,COST_BASED,false,false
1,baseline,1,2047,0.0,0.8558558558558559,HYBRID_HEAT_PUMP,PRIVATELY_OWNED,33207,1043,1009,62077,0.6890196272143914,0.7106490065259046,0.1506026963808677,1178.7887082976904,0.717858799629741,MEDIUM,MEDIUM,MEDIUM,5,COST_BASED,COST_BASED,false,false
1,baseline,1,2048,0.0,0.8558558558558559,HYBRID_HEAT_PUMP,PRIVATELY_OWNED,33208,981,980,63058,0.6865955744033778,0.7153106240525097,0.1499971959181047,1198.4301457518663,0.7248823072688875,MEDIUM,MEDIUM,MEDIUM,5,COST_BASED,COST_BASED,false,false
1,baseline,1,2049,0.0,0.8558558558558559,HYBRID_HEAT_PUMP,PRIVATELY_OWNED,33283,1134,1059,64192,0.6865037697559127,0.7181057417270317,0.14977281707090864,1140.0216240070608,0.7286397323840674,MEDIUM,MEDIUM,MEDIUM,5,COST_BASED,COST_BASED,false,false
1,baseline,1,2050,0.0,0.8558558558558559,HYBRID_HEAT_PUMP,PRIVATELY_OWNED,33257,1048,1074,65240,0.6946222514501527,0.709395659032265,0.1569058571769955,1090.2221970040853,0.7143201282263055,MEDIUM,MEDIUM,MEDIUM,5,COST_BASED,COST_BASED,false,false
1,baseline,1,2024,0.0,0.0,HYBRID_HEAT_PUMP,SOCIAL_HOUSING,0,0,0,0,0.0,0.0,0.0,0.0,0.0,MEDIUM,MEDIUM,MEDIUM,5,COST_BASED,COST_BASED,false,false
1,baseline,1,2025,0.0,0.38738738738738737,HYBRID_HEAT_PUMP,SOCIAL_HOUSING,0,0,0,0,0.0,0.0,0.0,0.0,0.0,MEDIUM,MEDIUM,MEDIUM,5,COST_BASED,COST_BASED,false,false
1,baseline,1,2026,0.0,0.38738738738738737,HYBRID_HEAT_PUMP,SOCIAL_HOUSING,0,0,0,0,0.0,0.0,0.0,0.0,0.0,MEDIUM,MEDIUM,MEDIUM,5,COST_BASED,COST_BASED,false,false
1,baseline,1,2027,0.0,0.38738738738738737,HYBRID_HEAT_PUMP,SOCIAL_HOUSING,0,0,0,0,0.0,0.0,0.0,0.0,0.0,MEDIUM,MEDIUM,MEDIUM,5,COST_BASED,COST_BASED,false,false
1,baseline,1,2028,0.0,0.38738738738738737,HYBRID_HEAT_PUMP,SOCIAL_HOUSING,0,0,0,0,0.0,0.0,0.0,0.0,0.0,MEDIUM,MEDIUM,MEDIUM,5,COST_BASED,COST_BASED,false,false
1,baseline,1,2029,0.0,0.38738738738738737,HYBRID_HEAT_PUMP,SOCIAL_HOUSING,0,0,0,0,0.0,0.0,0.0,0.0,0.0,MEDIUM,MEDIUM,MEDIUM,5,COST_BASED,COST_BASED,false,false
1,baseline,1,2030,0.0,0.8558558558558559,HYBRID_HEAT_PUMP,SOCIAL_HOUSING,0,0,0,0,0.0,0.0,0.0,0.0,0.0,MEDIUM,MEDIUM,MEDIUM,5,COST_BASED,COST_BASED,false,false
1,baseline,1,2031,0.0,0.8558558558558559,HYBRID_HEAT_PUMP,SOCIAL_HOUSING,0,0,0,0,0.0,0.0,0.0,0.0,0.0,MEDIUM,MEDIUM,MEDIUM,5,COST_BASED,COST_BASED,false,false
1,baseline,1,2032,0.0,0.8558558558558559,HYBRID_HEAT_PUMP,SOCIAL_HOUSING,0,0,0,0,0.0,0.0,0.0,0.0,0.0,MEDIUM,MEDIUM,MEDIUM,5,COST_BASED,COST_BASED,false,false
1,baseline,1,2033,0.0,0.8558558558558559,HYBRID_HEAT_PUMP,SOCIAL_HOUSING,0,0,0,0,0.0,0.0,0.0,0.0,0.0,MEDIUM,MEDIUM,MEDIUM,5,COST_BASED,COST_BASED,false,false
1,baseline,1,2034,0.0,0.8558558558558559,HYBRID_HEAT_PUMP,SOCIAL_HOUSING,0,0,0,0,0.0,0.0,0.0,0.0,0.0,MEDIUM,MEDIUM,MEDIUM,5,COST_BASED,COST_BASED,false,false
1,baseline,1,2035,0.0,0.8558558558558559,HYBRID_HEAT_PUMP,SOCIAL_HOUSING,0,0,0,0,0.0,0.0,0.0,0.0,0.0,MEDIUM,MEDIUM,MEDIUM,5,COST_BASED,COST_BASED,false,false
1,baseline,1,2036,0.0,0.8558558558558559,HYBRID_HEAT_PUMP,SOCIAL_HOUSING,0,0,0,0,0.0,0.0,0.0,0.0,0.0,MEDIUM,MEDIUM,MEDIUM,5,COST_BASED,COST_BASED,false,false
1,baseline,1,2037,0.0,0.8558558558558559,HYBRID_HEAT_PUMP,SOCIAL_HOUSING,0,0,0,0,0.0,0.0,0.0,0.0,0.0,MEDIUM,MEDIUM,MEDIUM,5,COST_BASED,COST_BASED,false,false
1,baseline,1,2038,0.0,0.8558558558558559,HYBRID_HEAT_PUMP,SOCIAL_HOUSING,0,0,0,0,0.0,0.0,0.0,0.0,0.0,MEDIUM,MEDIUM,MEDIUM,5,COST_BASED,COST_BASED,false,false
1,baseline,1,2039,0.0,0.8558558558558559,HYBRID_HEAT_PUMP,SOCIAL_HOUSING,0,0,0,0,0.0,0.0,0.0,0.0,0.0,MEDIUM,MEDIUM,MEDIUM,5,COST_BASED,COST_BASED,false,false
1,baseline,1,2040,0.0,0.8558558558558559,HYBRID_HEAT_PUMP,SOCIAL_HOUSING,0,0,0,0,0.0,0.0,0.0,0.0,0.0,MEDIUM,MEDIUM,MEDIUM,5,COST_BASED,COST_BASED,false,false
1,baseline,1,2041,0.0,0.8558558558558559,HYBRID_HEAT_PUMP,SOCIAL_HOUSING,0,0,0,0,0.0,0.0,0.0,0.0,0.0,MEDIUM,MEDIUM,MEDIUM,5,COST_BASED,COST_BASED,false,false
1,baseline,1,2042,0.0,0.8558558558558559,HYBRID_HEAT_PUMP,SOCIAL_HOUSING,0,0,0,0,0.0,0.0,0.0,0.0,0.0,MEDIUM,MEDIUM,MEDIUM,5,COST_BASED,COST_BASED,false,false
1,baseline,1,2043,0.0,0.8558558558558559,HYBRID_HEAT_PUMP,SOCIAL_HOUSING,0,0,0,0,0.0,0.0,0.0,0.0,0.0,MEDIUM,MEDIUM,MEDIUM,5,COST_BASED,COST_BASED,false,false
1,baseline,1,2044,0.0,0.8558558558558559,HYBRID_HEAT_PUMP,SOCIAL_HOUSING,0,0,0,0,0.0,0.0,0.0,0.0,0.0,MEDIUM,MEDIUM,MEDIUM,5,COST_BASED,COST_BASED,false,false
1,baseline,1,2045,0.0,0.8558558558558559,HYBRID_HEAT_PUMP,SOCIAL_HOUSING,0,0,0,0,0.0,0.0,0.0,0.0,0.0,MEDIUM,MEDIUM,MEDIUM,5,COST_BASED,COST_BASED,false,false
1,baseline,1,2046,0.0,0.8558558558558559,HYBRID_HEAT_PUMP,SOCIAL_HOUSING,0,0,0,0,0.0,0.0,0.0,0.0,0.0,MEDIUM,MEDIUM,MEDIUM,5,COST_BASED,COST_BASED,false,false
1,baseline,1,2047,0.0,0.8558558558558559,HYBRID_HEAT_PUMP,SOCIAL_HOUSING,0,0,0,0,0.0,0.0,0.0,0.0,0.0,MEDIUM,MEDIUM,MEDIUM,5,COST_BASED,COST_BASED,false,false
1,baseline,1,2048,0.0,0.8558558558558559,HYBRID_HEAT_PUMP,SOCIAL_HOUSING,0,0,0,0,0.0,0.0,0.0,0.0,0.0,MEDIUM,MEDIUM,MEDIUM,5,COST_BASED,COST_BASED,false,false
1,baseline,1,2049,0.0,0.8558558558558559,HYBRID_HEAT_PUMP,SOCIAL_HOUSING,0,0,0,0,0.0,0.0,0.0,0.0,0.0,MEDIUM,MEDIUM,MEDIUM,5,COST_BASED,COST_BASED,false,false
1,baseline,1,2050,0.0,0.8558558558558559,HYBRID_HEAT_PUMP,SOCIAL_HOUSING,0,0,0,0,0.0,0.0,0.0,0.0,0.0,MEDIUM,MEDIUM,MEDIUM,5,COST_BASED,COST_BASED,false,false
1,baseline,1,2024,0.0,0.0,HYBRID_HEAT_PUMP,PRIVATELY_RENTED,336,336,0,336,0.0,0.0,0.0,0.0,0.0,MEDIUM,MEDIUM,MEDIUM,5,COST_BASED,COST_BASED,false,false
1,baseline,1,2025,0.0,0.38738738738738737,HYBRID_HEAT_PUMP,PRIVATELY_RENTED,663,382,55,718,0.0,0.0,0.0,0.0,0.0,MEDIUM,MEDIUM,MEDIUM,5,COST_BASED,COST_BASED,false,false
1,baseline,1,2026,0.0,0.38738738738738737,HYBRID_HEAT_PUMP,PRIVATELY_RENTED,1009,368,22,1086,0.0,0.0,0.0,0.0,0.0,MEDIUM,MEDIUM,MEDIUM,5,COST_BASED,COST_BASED,false,false
1,baseline,1,2027,0.0,0.38738738738738737,HYBRID_HEAT_PUMP,PRIVATELY_RENTED,1386,403,26,1489,0.0,0.0,0.0,0.0,0.0,MEDIUM,MEDIUM,MEDIUM,5,COST_BASED,COST_BASED,false,false
1,baseline,1,2028,0.0,0.38738738738738737,HYBRID_HEAT_PUMP,PRIVATELY_RENTED,2204,841,23,2330,0.0,0.0,0.0,0.0,0.0,MEDIUM,MEDIUM,MEDIUM,5,COST_BASED,COST_BASED,false,false
1,baseline,1,2029,0.0,0.38738738738738737,HYBRID_HEAT_PUMP,PRIVATELY_RENTED,2840,656,20,2986,0.0,0.0,0.0,0.0,0.0,MEDIUM,MEDIUM,MEDIUM,5,COST_BASED,COST_BASED,false,false
1,baseline,1,2030,0.0,0.8558558558558559,HYBRID_HEAT_PUMP,PRIVATELY_RENTED,3539,720,21,3706,0.0,0.0,0.0,0.0,0.0,MEDIUM,MEDIUM,MEDIUM,5,COST_BASED,COST_BASED,false,false
1,baseline,1,2031,0.0,0.8558558558558559,HYBRID_HEAT_PUMP,PRIVATELY_RENTED,4236,711,14,4417,0.0,0.0,0.0,0.0,0.0,MEDIUM,MEDIUM,MEDIUM,5,COST_BASED,COST_BASED,false,false
1,baseline,1,2032,0.0,0.8558558558558559,HYBRID_HEAT_PUMP,PRIVATELY_RENTED,5193,976,19,5393,0.0,0.0,0.0,0.0,0.0,MEDIUM,MEDIUM,MEDIUM,5,COST_BASED,COST_BASED,false,false
1,baseline,1,2033,0.0,0.8558558558558559,HYBRID_HEAT_PUMP,PRIVATELY_RENTED,6085,921,29,6314,0.0,0.0,0.0,0.0,0.0,MEDIUM,MEDIUM,MEDIUM,5,COST_BASED,COST_BASED,false,false
1,baseline,1,2034,0.0,0.8558558558558559,HYBRID_HEAT_PUMP,PRIVATELY_RENTED,6945,871,11,7185,0.0,0.0,0.0,0.0,0.0,MEDIUM,MEDIUM,MEDIUM,5,COST_BASED,COST_BASED,false,false
1,baseline,1,2035,0.0,0.8558558558558559,HYBRID_HEAT_PUMP,PRIVATELY_RENTED,7873,951,23,8136,0.0,0.0,0.0,0.0,0.0,MEDIUM,MEDIUM,MEDIUM,5,COST_BASED,COST_BASED,false,false
1,baseline,1,2036,0.0,0.8558558558558559,HYBRID_HEAT_PUMP,PRIVATELY_RENTED,8793,944,24,9080,0.0,0.0,0.0,0.0,0.0,MEDIUM,MEDIUM,MEDIUM,5,COST_BASED,COST_BASED,false,false
1,baseline,1,2037,0.0,0.8558558558558559,HYBRID_HEAT_PUMP,PRIVATELY_RENTED,8942,166,17,9246,0.0,0.0,0.0,0.0,0.0,MEDIUM,MEDIUM,MEDIUM,5,COST_BASED,COST_BASED,false,false
1,baseline,1,2038,0.0,0.8558558558558559,HYBRID_HEAT_PUMP,PRIVATELY_RENTED,9107,188,23,9434,0.0,0.0,0.0,0.0,0.0,MEDIUM,MEDIUM,MEDIUM,5,COST_BASED,COST_BASED,false,false
1,baseline,1,2039,0.0,0.8558558558558559,HYBRID_HEAT_PUMP,PRIVATELY_RENTED,9227,129,9,9563,0.0,0.0,0.0,0.0,0.0,MEDIUM,MEDIUM,MEDIUM,5,COST_BASED,COST_BASED,false,false
1,baseline,1,2040,0.0,0.8558558558558559,HYBRID_HEAT_PUMP,PRIVATELY_RENTED,9271,426,382,9989,0.0,0.0,0.0,0.0,0.0,MEDIUM,MEDIUM,MEDIUM,5,COST_BASED,COST_BASED,false,false
1,baseline,1,2041,0.0,0.8558558558558559,HYBRID_HEAT_PUMP,PRIVATELY_RENTED,9323,420,368,10409,0.0,0.0,0.0,0.0,0.0,MEDIUM,MEDIUM,MEDIUM,5,COST_BASED,COST_BASED,false,false
1,baseline,1,2042,0.0,0.8558558558558559,HYBRID_HEAT_PUMP,PRIVATELY_RENTED,9361,441,403,10850,0.0,0.0,0.0,0.0,0.0,MEDIUM,MEDIUM,MEDIUM,5,COST_BASED,COST_BASED,false,false
1,baseline,1,2043,0.0,0.8558558558558559,HYBRID_HEAT_PUMP,PRIVATELY_RENTED,9408,888,841,11738,0.0,0.0,0.0,0.0,0.0,MEDIUM,MEDIUM,MEDIUM,5,COST_BASED,COST_BASED,false,false
1,baseline,1,2044,0.0,0.8558558558558559,HYBRID_HEAT_PUMP,PRIVATELY_RENTED,9451,699,656,12437,0.0,0.0,0.0,0.0,0.0,MEDIUM,MEDIUM,MEDIUM,5,COST_BASED,COST_BASED,false,false
1,baseline,1,2045,0.0,0.8558558558558559,HYBRID_HEAT_PUMP,PRIVATELY_RENTED,9508,777,720,13214,0.0,0.0,0.0,0.0,0.0,MEDIUM,MEDIUM,MEDIUM,5,COST_BASED,COST_BASED,false,false
1,baseline,1,2046,0.0,0.8558558558558559,HYBRID_HEAT_PUMP,PRIVATELY_RENTED,9550,753,711,13967,0.0,0.0,0.0,0.0,0.0,MEDIUM,MEDIUM,MEDIUM,5,COST_BASED,COST_BASED,false,false
1,baseline,1,2047,0.0,0.8558558558558559,HYBRID_HEAT_PUMP,PRIVATELY_RENTED,9600,1026,976,14993,0.0,0.0,0.0,0.0,0.0,MEDIUM,MEDIUM,MEDIUM,5,COST_BASED,COST_BASED,false,false
1,baseline,1,2048,0.0,0.8558558558558559,HYBRID_HEAT_PUMP,PRIVATELY_RENTED,9642,963,921,15956,0.0,0.0,0.0,0.0,0.0,MEDIUM,MEDIUM,MEDIUM,5,COST_BASED,COST_BASED,false,false
1,baseline,1,2049,0.0,0.8558558558558559,HYBRID_HEAT_PUMP,PRIVATELY_RENTED,9682,911,871,16867,0.0,0.0,0.0,0.0,0.0,MEDIUM,MEDIUM,MEDIUM,5,COST_BASED,COST_BASED,false,false
1,baseline,1,2050,0.0,0.8558558558558559,HYBRID_HEAT_PUMP,PRIVATELY_RENTED,9741,1010,951,17877,0.0,0.0,0.0,0.0,0.0,MEDIUM,MEDIUM,MEDIUM,5,COST_BASED,COST_BASED,false,false
