scenario,scenario_name,iteration,year,nbh_in_grid_congestion_perc,nbh_with_dh_perc,heating_system,ownership,installed_current,installed_annually,removed_annually,installed_cumulative,considered_annually,avg_att,avg_util,avg_sub_norm,avg_eac,avg_pbc,SLF,ELF,GRR,DHCT,DHES,SHAES,DHCO,GCHPB
1,baseline,1,2024,0.0,0.0,NATURAL_GAS_BOILER,TOTAL,211360,211360,0,211360,0,0.0,0.0,0.0,0.0,0.0,MEDIUM,MEDIUM,MEDIUM,5,COST_BASED,COST_BASED,false,false
1,baseline,1,2025,0.0,0.38738738738738737,NATURAL_GAS_BOILER,TOTAL,209797,14457,16020,225817,19955,0.2875357693197224,0.6029508172365013,0.9438734407946241,1438.7211726384364,0.7145581034254879,MEDIUM,MEDIUM,MEDIUM,5,COST_BASED,COST_BASED,false,false
1,baseline,1,2026,0.0,0.38738738738738737,NATURAL_GAS_BOILER,TOTAL,207329,13192,15660,239009,19522,0.2875356980094075,0.5993760934793545,0.7971779803231964,1464.6926544411433,0.7275329681762788,MEDIUM,MEDIUM,MEDIUM,5,COST_BASED,COST_BASED,false,false
1,baseline,1,2027,0.0,0.38738738738738737,NATURAL_GAS_BOILER,TOTAL,205640,19083,20772,258092,25894,0.2863308511833964,0.6069502508428615,0.7821572192171178,1345.2057233335909,0.7410730110663002,MEDIUM,MEDIUM,MEDIUM,5,COST_BASED,COST_BASED,false,false
1,baseline,1,2028,0.0,0.38738738738738737,NATURAL_GAS_BOILER,TOTAL,199095,12429,18974,270521,22379,0.2852165008000657,0.5890574779601139,0.6987532140399502,1394.176549443675,0.7249379399851598,MEDIUM,MEDIUM,MEDIUM,5,COST_BASED,COST_BASED,false,false
1,baseline,1,2029,0.0,0.38738738738738737,NATURAL_GAS_BOILER,TOTAL,193613,10943,16425,281464,19619,0.2847008142513787,0.5913115377594842,0.7132801439317421,1431.6033946684336,0.7266320850849161,MEDIUM,MEDIUM,MEDIUM,5,COST_BASED,COST_BASED,false,false
1,baseline,1,2030,0.0,0.43243243243243246,NATURAL_GAS_BOILER,TOTAL,187247,13759,20125,295223,24954,0.28465400442589706,0.5802040507573715,0.677464247637849,1404.5765809088723,0.7144595440748521,MEDIUM,MEDIUM,MEDIUM,5,COST_BASED,COST_BASED,false,false
1,baseline,1,2031,0.0,0.4774774774774775,NATURAL_GAS_BOILER,TOTAL,180032,13357,20572,308580,24864,0.2868206810482034,0.5968563234308788,0.595179897174205,1418.6845238095239,0.7491818277374834,MEDIUM,MEDIUM,MEDIUM,5,COST_BASED,COST_BASED,false,false
1,baseline,1,2032,0.0,0.5135135135135135,NATURAL_GAS_BOILER,TOTAL,173238,7477,14271,316057,19982,0.2865011665313301,0.5758406543226571,0.5377891456936076,1410.8350515463917,0.7249120466394515,MEDIUM,MEDIUM,MEDIUM,5,COST_BASED,COST_BASED,false,false
1,baseline,1,2033,0.0,0.5405405405405406,NATURAL_GAS_BOILER,TOTAL,164422,9182,17998,325239,21933,0.28542200871383294,0.5745318893042742,0.5227115182247452,1441.6937491451238,0.7251033919998635,MEDIUM,MEDIUM,MEDIUM,5,COST_BASED,COST_BASED,false,false
1,baseline,1,2034,0.0,0.5675675675675675,NATURAL_GAS_BOILER,TOTAL,154367,13446,23501,338685,27736,0.283804002208926,0.5695384978271282,0.4285190022803896,1381.9959258725123,0.7297918709034152,MEDIUM,MEDIUM,MEDIUM,5,COST_BASED,COST_BASED,false,false
1,baseline,1,2035,0.0,0.6306306306306306,NATURAL_GAS_BOILER,TOTAL,145661,5380,14086,344065,18295,0.28763136082572777,0.5580401320765446,0.3270101161822188,1427.1427712489751,0.724276093385608,MEDIUM,MEDIUM,MEDIUM,5,COST_BASED,COST_BASED,false,false
1,baseline,1,2036,0.0,0.6396396396396397,NATURAL_GAS_BOILER,TOTAL,138889,6184,12956,350249,18428,0.2861911991023885,0.5663641844248044,0.30087414291459413,1425.9320056435859,0.7403892089972842,MEDIUM,MEDIUM,MEDIUM,5,COST_BASED,COST_BASED,false,false
1,baseline,1,2037,0.0,0.6756756756756757,NATURAL_GAS_BOILER,TOTAL,132287,7855,14457,358104,16705,0.34474548269150007,0.5632804518019965,0.286225463314035,1384.4709967075726,0.722956124115865,MEDIUM,MEDIUM,MEDIUM,5,COST_BASED,COST_BASED,false,false
1,baseline,1,2038,0.0,0.6936936936936937,NATURAL_GAS_BOILER,TOTAL,127428,8333,13192,366437,15757,0.3526732474614927,0.5596832904387365,0.23999513009541895,1424.153074823888,0.7213572325308056,MEDIUM,MEDIUM,MEDIUM,5,COST_BASED,COST_BASED,false,false
1,baseline,1,2039,0.0,0.6936936936936937,NATURAL_GAS_BOILER,TOTAL,122297,13952,19083,380389,20402,0.3641695396526461,0.5706045948291111,0.20106453048030934,1305.6095970983238,0.7397314410204677,MEDIUM,MEDIUM,MEDIUM,5,COST_BASED,COST_BASED,false,false
1,baseline,1,2040,0.0,0.7297297297297297,NATURAL_GAS_BOILER,TOTAL,119501,9633,12429,390022,17270,0.2583469611652196,0.5157005357016505,0.10930628891746094,1369.0228720324262,0.6953007771464857,MEDIUM,MEDIUM,MEDIUM,5,COST_BASED,COST_BASED,false,false
1,baseline,1,2041,0.0,0.7837837837837838,NATURAL_GAS_BOILER,TOTAL,115771,7213,10943,397235,15676,0.27744015771310737,0.529028754263655,0.10227565243790326,1430.3122607808114,0.711398635412469,MEDIUM,MEDIUM,MEDIUM,5,COST_BASED,COST_BASED,false,false
1,baseline,1,2042,0.0,0.8108108108108109,NATURAL_GAS_BOILER,TOTAL,114475,12463,13759,409698,19561,0.2545466654620567,0.5213393912406445,0.09498749263849102,1361.2920607330914,0.706498983915642,MEDIUM,MEDIUM,MEDIUM,5,COST_BASED,COST_BASED,false,false
1,baseline,1,2043,0.0,0.8468468468468469,NATURAL_GAS_BOILER,TOTAL,112584,11466,13357,421164,21979,0.28072263003079856,0.5200119683600036,0.06904847986622892,1427.7569498157332,0.7012062350490251,MEDIUM,MEDIUM,MEDIUM,5,COST_BASED,COST_BASED,false,false
1,baseline,1,2044,0.0,0.8648648648648649,NATURAL_GAS_BOILER,TOTAL,111072,5965,7477,427129,14526,0.25622061724259304,0.5185471958758967,0.07360450097236429,1393.0311166184772,0.7045650768816548,MEDIUM,MEDIUM,MEDIUM,5,COST_BASED,COST_BASED,false,false
1,baseline,1,2045,0.0,0.8648648648648649,NATURAL_GAS_BOILER,TOTAL,110071,8181,9182,435310,19165,0.2592672041563371,0.503979993051586,0.05986511060168257,1459.432715888338,0.6836700497130858,MEDIUM,MEDIUM,MEDIUM,5,COST_BASED,COST_BASED,false,false
1,baseline,1,2046,0.0,0.8648648648648649,NATURAL_GAS_BOILER,TOTAL,109316,12691,13446,448001,23195,0.2444679362523924,0.5232560571271411,0.055171941701205596,1404.7134296184522,0.7168706089149617,MEDIUM,MEDIUM,MEDIUM,5,COST_BASED,COST_BASED,false,false
1,baseline,1,2047,0.0,0.8648648648648649,NATURAL_GAS_BOILER,TOTAL,108664,4728,5380,452729,16331,0.2540013996928548,0.510286260607011,0.04739996854619935,1457.5281366725858,0.6960040449190252,MEDIUM,MEDIUM,MEDIUM,5,COST_BASED,COST_BASED,false,false
1,baseline,1,2048,0.0,0.8648648648648649,NATURAL_GAS_BOILER,TOTAL,108142,5662,6184,458391,18346,0.27062652642932217,0.5155866753879302,0.04997177594986087,1428.7257167774992,0.6994769094808269,MEDIUM,MEDIUM,MEDIUM,5,COST_BASED,COST_BASED,false,false
1,baseline,1,2049,0.0,0.8648648648648649,NATURAL_GAS_BOILER,TOTAL,109326,9039,7855,467430,23938,0.2784557711227681,0.5177821555388065,0.04886220080988894,1403.1751608321497,0.7009515154262893,MEDIUM,MEDIUM,MEDIUM,5,COST_BASED,COST_BASED,false,false
1,baseline,1,2050,0.0,0.8648648648648649,NATURAL_GAS_BOILER,TOTAL,108759,7766,8333,475196,21008,0.280373232340977,0.516239707062282,0.0472689130506475,1418.0196115765423,0.6983576383768458,MEDIUM,MEDIUM,MEDIUM,5,COST_BASED,COST_BASED,false,false
1,baseline,1,2024,0.0,0.0,NATURAL_GAS_BOILER,PRIVATELY_OWNED,111398,111398,0,111398,0,0.0,0.0,0.0,0.0,0.0,MEDIUM,MEDIUM,MEDIUM,5,COST_BASED,COST_BASED,false,false
1,baseline,1,2025,0.0,0.38738738738738737,NATURAL_GAS_BOILER,PRIVATELY_OWNED,108487,5985,8896,117383,11251,0.2875357693197224,0.6029508172365013,0.9438734407946241,1480.1641631854945,0.7145581034254879,MEDIUM,MEDIUM,MEDIUM,5,COST_BASED,COST_BASED,false,false
1,baseline,1,2026,0.0,0.38738738738738737,NATURAL_GAS_BOILER,PRIVATELY_OWNED,104600,5215,9102,122598,11246,0.2875356980094075,0.5993760934793545,0.7971779803231964,1513.0189400675795,0.7275329681762788,MEDIUM,MEDIUM,MEDIUM,5,COST_BASED,COST_BASED,false,false
1,baseline,1,2027,0.0,0.38738738738738737,NATURAL_GAS_BOILER,PRIVATELY_OWNED,100206,4623,9017,127221,11137,0.2863308511833964,0.6069502508428615,0.7821572192171178,1488.0645595761875,0.7410730110663002,MEDIUM,MEDIUM,MEDIUM,5,COST_BASED,COST_BASED,false,false
1,baseline,1,2028,0.0,0.38738738738738737,NATURAL_GAS_BOILER,PRIVATELY_OWNED,93460,2250,8996,129471,11431,0.2852165008000657,0.5890574779601139,0.6987532140399502,1485.4104627766599,0.7249379399851598,MEDIUM,MEDIUM,MEDIUM,5,COST_BASED,COST_BASED,false,false
1,baseline,1,2029,0.0,0.38738738738738737,NATURAL_GAS_BOILER,PRIVATELY_OWNED,87763,3289,8986,132760,11321,0.2847008142513787,0.5913115377594842,0.7132801439317421,1496.5892588993904,0.7266320850849161,MEDIUM,MEDIUM,MEDIUM,5,COST_BASED,COST_BASED,false,false
1,baseline,1,2030,0.0,0.43243243243243246,NATURAL_GAS_BOILER,PRIVATELY_OWNED,79844,1463,9382,134223,11975,0.28465400442589706,0.5802040507573715,0.677464247637849,1479.2313152400834,0.7144595440748521,MEDIUM,MEDIUM,MEDIUM,5,COST_BASED,COST_BASED,false,false
1,baseline,1,2031,0.0,0.4774774774774775,NATURAL_GAS_BOILER,PRIVATELY_OWNED,72029,1624,9439,135847,12388,0.2868206810482034,0.5968563234308788,0.595179897174205,1482.4293671294802,0.7491818277374834,MEDIUM,MEDIUM,MEDIUM,5,COST_BASED,COST_BASED,false,false
1,baseline,1,2032,0.0,0.5135135135135135,NATURAL_GAS_BOILER,PRIVATELY_OWNED,63622,1060,9467,136907,12605,0.2865011665313301,0.5758406543226571,0.5377891456936076,1480.0763189210631,0.7249120466394515,MEDIUM,MEDIUM,MEDIUM,5,COST_BASED,COST_BASED,false,false
1,baseline,1,2033,0.0,0.5405405405405406,NATURAL_GAS_BOILER,PRIVATELY_OWNED,54950,639,9311,137546,12330,0.28542200871383294,0.5745318893042742,0.5227115182247452,1478.638605028386,0.7251033919998635,MEDIUM,MEDIUM,MEDIUM,5,COST_BASED,COST_BASED,false,false
1,baseline,1,2034,0.0,0.5675675675675675,NATURAL_GAS_BOILER,PRIVATELY_OWNED,44775,474,10649,138020,13662,0.283804002208926,0.5695384978271282,0.4285190022803896,1416.9763577807057,0.7297918709034152,MEDIUM,MEDIUM,MEDIUM,5,COST_BASED,COST_BASED,false,false
1,baseline,1,2035,0.0,0.6306306306306306,NATURAL_GAS_BOILER,PRIVATELY_OWNED,35918,459,9316,138479,12141,0.28763136082572777,0.5580401320765446,0.3270101161822188,1444.9809735606623,0.724276093385608,MEDIUM,MEDIUM,MEDIUM,5,COST_BASED,COST_BASED,false,false
1,baseline,1,2036,0.0,0.6396396396396397,NATURAL_GAS_BOILER,PRIVATELY_OWNED,27504,423,8837,138902,11386,0.2861911991023885,0.5663641844248044,0.30087414291459413,1485.4571403477955,0.7403892089972842,MEDIUM,MEDIUM,MEDIUM,5,COST_BASED,COST_BASED,false,false
1,baseline,1,2037,0.0,0.6756756756756757,NATURAL_GAS_BOILER,PRIVATELY_OWNED,21999,480,5985,139382,7967,0.34474548269150007,0.5632804518019965,0.286225463314035,1391.4819882013305,0.722956124115865,MEDIUM,MEDIUM,MEDIUM,5,COST_BASED,COST_BASED,false,false
1,baseline,1,2038,0.0,0.6936936936936937,NATURAL_GAS_BOILER,PRIVATELY_OWNED,17226,442,5215,139824,6493,0.3526732474614927,0.5596832904387365,0.23999513009541895,1496.4584937625134,0.7213572325308056,MEDIUM,MEDIUM,MEDIUM,5,COST_BASED,COST_BASED,false,false
1,baseline,1,2039,0.0,0.6936936936936937,NATURAL_GAS_BOILER,PRIVATELY_OWNED,13041,438,4623,140262,5571,0.3641695396526461,0.5706045948291111,0.20106453048030934,1510.9827679052235,0.7397314410204677,MEDIUM,MEDIUM,MEDIUM,5,COST_BASED,COST_BASED,false,false
1,baseline,1,2040,0.0,0.7297297297297297,NATURAL_GAS_BOILER,PRIVATELY_OWNED,11199,408,2250,140670,6662,0.2583469611652196,0.5157005357016505,0.10930628891746094,1485.063944761333,0.6953007771464857,MEDIUM,MEDIUM,MEDIUM,5,COST_BASED,COST_BASED,false,false
1,baseline,1,2041,0.0,0.7837837837837838,NATURAL_GAS_BOILER,PRIVATELY_OWNED,8334,424,3289,141094,7550,0.27744015771310737,0.529028754263655,0.10227565243790326,1540.8329801324503,0.711398635412469,MEDIUM,MEDIUM,MEDIUM,5,COST_BASED,COST_BASED,false,false
1,baseline,1,2042,0.0,0.8108108108108109,NATURAL_GAS_BOILER,PRIVATELY_OWNED,7287,416,1463,141510,6176,0.2545466654620567,0.5213393912406445,0.09498749263849102,1455.542584196891,0.706498983915642,MEDIUM,MEDIUM,MEDIUM,5,COST_BASED,COST_BASED,false,false
1,baseline,1,2043,0.0,0.8468468468468469,NATURAL_GAS_BOILER,PRIVATELY_OWNED,6093,430,1624,141940,9300,0.28072263003079856,0.5200119683600036,0.06904847986622892,1550.4382795698925,0.7012062350490251,MEDIUM,MEDIUM,MEDIUM,5,COST_BASED,COST_BASED,false,false
1,baseline,1,2044,0.0,0.8648648648648649,NATURAL_GAS_BOILER,PRIVATELY_OWNED,5479,446,1060,142386,7360,0.25622061724259304,0.5185471958758967,0.07360450097236429,1501.0,0.7045650768816548,MEDIUM,MEDIUM,MEDIUM,5,COST_BASED,COST_BASED,false,false
1,baseline,1,2045,0.0,0.8648648648648649,NATURAL_GAS_BOILER,PRIVATELY_OWNED,5248,408,639,142794,9829,0.2592672041563371,0.503979993051586,0.05986511060168257,1523.9379387526706,0.6836700497130858,MEDIUM,MEDIUM,MEDIUM,5,COST_BASED,COST_BASED,false,false
1,baseline,1,2046,0.0,0.8648648648648649,NATURAL_GAS_BOILER,PRIVATELY_OWNED,5203,429,474,143223,9382,0.2444679362523924,0.5232560571271411,0.055171941701205596,1493.2104028991687,0.7168706089149617,MEDIUM,MEDIUM,MEDIUM,5,COST_BASED,COST_BASED,false,false
1,baseline,1,2047,0.0,0.8648648648648649,NATURAL_GAS_BOILER,PRIVATELY_OWNED,5149,405,459,143628,10316,0.2540013996928548,0.510286260607011,0.04739996854619935,1501.583753392788,0.6960040449190252,MEDIUM,MEDIUM,MEDIUM,5,COST_BASED,COST_BASED,false,false
1,baseline,1,2048,0.0,0.8648648648648649,NATURAL_GAS_BOILER,PRIVATELY_OWNED,5149,423,423,144051,11356,0.27062652642932217,0.5155866753879302,0.04997177594986087,1497.6714512152166,0.6994769094808269,MEDIUM,MEDIUM,MEDIUM,5,COST_BASED,COST_BASED,false,false
1,baseline,1,2049,0.0,0.8648648648648649,NATURAL_GAS_BOILER,PRIVATELY_OWNED,5076,407,480,144458,13471,0.2784557711227681,0.5177821555388065,0.04886220080988894,1425.4151881820205,0.7009515154262893,MEDIUM,MEDIUM,MEDIUM,5,COST_BASED,COST_BASED,false,false
1,baseline,1,2050,0.0,0.8648648648648649,NATURAL_GAS_BOILER,PRIVATELY_OWNED,5054,420,442,144878,11728,0.280373232340977,0.516239707062282,0.0472689130506475,1450.869287175989,0.6983576383768458,MEDIUM,MEDIUM,MEDIUM,5,COST_BASED,COST_BASED,false,false
1,baseline,1,2024,0.0,0.0,NATURAL_GAS_BOILER,SOCIAL_HOUSING,66125,66125,0,66125,0,0.0,0.0,0.0,0.0,0.0,MEDIUM,MEDIUM,MEDIUM,5,COST_BASED,COST_BASED,false,false
1,baseline,1,2025,0.0,0.38738738738738737,NATURAL_GAS_BOILER,SOCIAL_HOUSING,66959,5061,4227,71186,5061,0.0,0.0,0.0,1375.4125666864256,0.0,MEDIUM,MEDIUM,MEDIUM,5,COST_BASED,COST_BASED,false,false
1,baseline,1,2026,0.0,0.38738738738738737,NATURAL_GAS_BOILER,SOCIAL_HOUSING,67939,4866,3886,76052,4866,0.0,0.0,0.0,1396.081792026305,0.0,MEDIUM,MEDIUM,MEDIUM,5,COST_BASED,COST_BASED,false,false
1,baseline,1,2027,0.0,0.38738738738738737,NATURAL_GAS_BOILER,SOCIAL_HOUSING,70299,11395,9035,87447,11395,0.0,0.0,0.0,1181.8939885914874,0.0,MEDIUM,MEDIUM,MEDIUM,5,COST_BASED,COST_BASED,false,false
1,baseline,1,2028,0.0,0.38738738738738737,NATURAL_GAS_BOILER,SOCIAL_HOUSING,70299,7191,7191,94638,7191,0.0,0.0,0.0,1246.0499235155055,0.0,MEDIUM,MEDIUM,MEDIUM,5,COST_BASED,COST_BASED,false,false
1,baseline,1,2029,0.0,0.38738738738738737,NATURAL_GAS_BOILER,SOCIAL_HOUSING,70438,4804,4665,99442,4804,0.0,0.0,0.0,1306.1794338051623,0.0,MEDIUM,MEDIUM,MEDIUM,5,COST_BASED,COST_BASED,false,false
1,baseline,1,2030,0.0,0.43243243243243246,NATURAL_GAS_BOILER,SOCIAL_HOUSING,71886,9209,7761,108651,9209,0.0,0.0,0.0,1325.0516885655338,0.0,MEDIUM,MEDIUM,MEDIUM,5,COST_BASED,COST_BASED,false,false
1,baseline,1,2031,0.0,0.4774774774774775,NATURAL_GAS_BOILER,SOCIAL_HOUSING,72583,8919,8222,117570,8919,0.0,0.0,0.0,1340.6872967821505,0.0,MEDIUM,MEDIUM,MEDIUM,5,COST_BASED,COST_BASED,false,false
1,baseline,1,2032,0.0,0.5135135135135135,NATURAL_GAS_BOILER,SOCIAL_HOUSING,74150,3210,1643,120780,3210,0.0,0.0,0.0,1195.8003115264798,0.0,MEDIUM,MEDIUM,MEDIUM,5,COST_BASED,COST_BASED,false,false
1,baseline,1,2033,0.0,0.5405405405405406,NATURAL_GAS_BOILER,SOCIAL_HOUSING,74164,5947,5933,126727,5947,0.0,0.0,0.0,1394.5560786951405,0.0,MEDIUM,MEDIUM,MEDIUM,5,COST_BASED,COST_BASED,false,false
1,baseline,1,2034,0.0,0.5675675675675675,NATURAL_GAS_BOILER,SOCIAL_HOUSING,74714,10488,9938,137215,10488,0.0,0.0,0.0,1326.493230358505,0.0,MEDIUM,MEDIUM,MEDIUM,5,COST_BASED,COST_BASED,false,false
1,baseline,1,2035,0.0,0.6306306306306306,NATURAL_GAS_BOILER,SOCIAL_HOUSING,75275,2673,2112,139888,2673,0.0,0.0,0.0,1360.8600823045267,0.0,MEDIUM,MEDIUM,MEDIUM,5,COST_BASED,COST_BASED,false,false
1,baseline,1,2036,0.0,0.6396396396396397,NATURAL_GAS_BOILER,SOCIAL_HOUSING,77478,3715,1512,143603,3715,0.0,0.0,0.0,1239.0393001345894,0.0,MEDIUM,MEDIUM,MEDIUM,5,COST_BASED,COST_BASED,false,false
1,baseline,1,2037,0.0,0.6756756756756757,NATURAL_GAS_BOILER,SOCIAL_HOUSING,77478,5061,5061,148664,5061,0.0,0.0,0.0,1373.8869788579332,0.0,MEDIUM,MEDIUM,MEDIUM,5,COST_BASED,COST_BASED,false,false
1,baseline,1,2038,0.0,0.6936936936936937,NATURAL_GAS_BOILER,SOCIAL_HOUSING,78368,5756,4866,154420,5756,0.0,0.0,0.0,1369.2169909659485,0.0,MEDIUM,MEDIUM,MEDIUM,5,COST_BASED,COST_BASED,false,false
1,baseline,1,2039,0.0,0.6936936936936937,NATURAL_GAS_BOILER,SOCIAL_HOUSING,78368,11395,11395,165815,11395,0.0,0.0,0.0,1180.7222465993857,0.0,MEDIUM,MEDIUM,MEDIUM,5,COST_BASED,COST_BASED,false,false
1,baseline,1,2040,0.0,0.7297297297297297,NATURAL_GAS_BOILER,SOCIAL_HOUSING,78368,7191,7191,173006,7191,0.0,0.0,0.0,1244.9621749408984,0.0,MEDIUM,MEDIUM,MEDIUM,5,COST_BASED,COST_BASED,false,false
1,baseline,1,2041,0.0,0.7837837837837838,NATURAL_GAS_BOILER,SOCIAL_HOUSING,78368,4804,4804,177810,4804,0.0,0.0,0.0,1305.1055370524564,0.0,MEDIUM,MEDIUM,MEDIUM,5,COST_BASED,COST_BASED,false,false
1,baseline,1,2042,0.0,0.8108108108108109,NATURAL_GAS_BOILER,SOCIAL_HOUSING,79066,9907,9209,187717,9907,0.0,0.0,0.0,1311.472897950944,0.0,MEDIUM,MEDIUM,MEDIUM,5,COST_BASED,COST_BASED,false,false
1,baseline,1,2043,0.0,0.8468468468468469,NATURAL_GAS_BOILER,SOCIAL_HOUSING,79066,8919,8919,196636,8919,0.0,0.0,0.0,1339.7115147438053,0.0,MEDIUM,MEDIUM,MEDIUM,5,COST_BASED,COST_BASED,false,false
1,baseline,1,2044,0.0,0.8648648648648649,NATURAL_GAS_BOILER,SOCIAL_HOUSING,79066,3210,3210,199846,3210,0.0,0.0,0.0,1194.9299065420562,0.0,MEDIUM,MEDIUM,MEDIUM,5,COST_BASED,COST_BASED,false,false
1,baseline,1,2045,0.0,0.8648648648648649,NATURAL_GAS_BOILER,SOCIAL_HOUSING,79066,5947,5947,205793,5947,0.0,0.0,0.0,1393.6599966369597,0.0,MEDIUM,MEDIUM,MEDIUM,5,COST_BASED,COST_BASED,false,false
1,baseline,1,2046,0.0,0.8648648648648649,NATURAL_GAS_BOILER,SOCIAL_HOUSING,79066,10488,10488,216281,10488,0.0,0.0,0.0,1325.644355453852,0.0,MEDIUM,MEDIUM,MEDIUM,5,COST_BASED,COST_BASED,false,false
1,baseline,1,2047,0.0,0.8648648648648649,NATURAL_GAS_BOILER,SOCIAL_HOUSING,79066,2673,2673,218954,2673,0.0,0.0,0.0,1360.0209502431724,0.0,MEDIUM,MEDIUM,MEDIUM,5,COST_BASED,COST_BASED,false,false
1,baseline,1,2048,0.0,0.8648648648648649,NATURAL_GAS_BOILER,SOCIAL_HOUSING,79066,3715,3715,222669,3715,0.0,0.0,0.0,1238.250067294751,0.0,MEDIUM,MEDIUM,MEDIUM,5,COST_BASED,COST_BASED,false,false
1,baseline,1,2049,0.0,0.8648648648648649,NATURAL_GAS_BOILER,SOCIAL_HOUSING,80978,6973,5061,229642,6973,0.0,0.0,0.0,1362.8280510540658,0.0,MEDIUM,MEDIUM,MEDIUM,5,COST_BASED,COST_BASED,false,false
1,baseline,1,2050,0.0,0.8648648648648649,NATURAL_GAS_BOILER,SOCIAL_HOUSING,80978,5756,5756,235398,5756,0.0,0.0,0.0,1368.4247741487143,0.0,MEDIUM,MEDIUM,MEDIUM,5,COST_BASED,COST_BASED,false,false
1,baseline,1,2024,0.0,0.0,NATURAL_GAS_BOILER,PRIVATELY_RENTED,33837,33837,0,33837,0,0.0,0.0,0.0,0.0,0.0,MEDIUM,MEDIUM,MEDIUM,5,COST_BASED,COST_BASED,false,false
1,baseline,1,2025,0.0,0.38738738738738737,NATURAL_GAS_BOILER,PRIVATELY_RENTED,34351,3411,2897,37248,3643,0.0,0.0,0.0,1398.6799341202307,0.0,MEDIUM,MEDIUM,MEDIUM,5,COST_BASED,COST_BASED,false,false
1,baseline,1,2026,0.0,0.38738738738738737,NATURAL_GAS_BOILER,PRIVATELY_RENTED,34790,3111,2672,40359,3410,0.0,0.0,0.0,1403.2214076246335,0.0,MEDIUM,MEDIUM,MEDIUM,5,COST_BASED,COST_BASED,false,false
1,baseline,1,2027,0.0,0.38738738738738737,NATURAL_GAS_BOILER,PRIVATELY_RENTED,35135,3065,2720,43424,3362,0.0,0.0,0.0,1425.4907792980368,0.0,MEDIUM,MEDIUM,MEDIUM,5,COST_BASED,COST_BASED,false,false
1,baseline,1,2028,0.0,0.38738738738738737,NATURAL_GAS_BOILER,PRIVATELY_RENTED,35336,2988,2787,46412,3757,0.0,0.0,0.0,1400.107798775619,0.0,MEDIUM,MEDIUM,MEDIUM,5,COST_BASED,COST_BASED,false,false
1,baseline,1,2029,0.0,0.38738738738738737,NATURAL_GAS_BOILER,PRIVATELY_RENTED,35412,2850,2774,49262,3494,0.0,0.0,0.0,1393.4899828277046,0.0,MEDIUM,MEDIUM,MEDIUM,5,COST_BASED,COST_BASED,false,false
1,baseline,1,2030,0.0,0.43243243243243246,NATURAL_GAS_BOILER,PRIVATELY_RENTED,35517,3087,2982,52349,3770,0.0,0.0,0.0,1361.6997347480105,0.0,MEDIUM,MEDIUM,MEDIUM,5,COST_BASED,COST_BASED,false,false
1,baseline,1,2031,0.0,0.4774774774774775,NATURAL_GAS_BOILER,PRIVATELY_RENTED,35420,2814,2911,55163,3557,0.0,0.0,0.0,1392.253865617093,0.0,MEDIUM,MEDIUM,MEDIUM,5,COST_BASED,COST_BASED,false,false
1,baseline,1,2032,0.0,0.5135135135135135,NATURAL_GAS_BOILER,PRIVATELY_RENTED,35466,3207,3161,58370,4167,0.0,0.0,0.0,1367.0326373890089,0.0,MEDIUM,MEDIUM,MEDIUM,5,COST_BASED,COST_BASED,false,false
1,baseline,1,2033,0.0,0.5405405405405406,NATURAL_GAS_BOILER,PRIVATELY_RENTED,35308,2596,2754,60966,3656,0.0,0.0,0.0,1393.7718818380745,0.0,MEDIUM,MEDIUM,MEDIUM,5,COST_BASED,COST_BASED,false,false
1,baseline,1,2034,0.0,0.5675675675675675,NATURAL_GAS_BOILER,PRIVATELY_RENTED,34878,2484,2914,63450,3586,0.0,0.0,0.0,1411.0560513106525,0.0,MEDIUM,MEDIUM,MEDIUM,5,COST_BASED,COST_BASED,false,false
1,baseline,1,2035,0.0,0.6306306306306306,NATURAL_GAS_BOILER,PRIVATELY_RENTED,34468,2248,2658,65698,3481,0.0,0.0,0.0,1415.8241884515944,0.0,MEDIUM,MEDIUM,MEDIUM,5,COST_BASED,COST_BASED,false,false
1,baseline,1,2036,0.0,0.6396396396396397,NATURAL_GAS_BOILER,PRIVATELY_RENTED,33907,2046,2607,67744,3327,0.0,0.0,0.0,1430.907424105801,0.0,MEDIUM,MEDIUM,MEDIUM,5,COST_BASED,COST_BASED,false,false
1,baseline,1,2037,0.0,0.6756756756756757,NATURAL_GAS_BOILER,PRIVATELY_RENTED,32810,2314,3411,70058,3677,0.0,0.0,0.0,1383.8479738917597,0.0,MEDIUM,MEDIUM,MEDIUM,5,COST_BASED,COST_BASED,false,false
1,baseline,1,2038,0.0,0.6936936936936937,NATURAL_GAS_BOILER,PRIVATELY_RENTED,31834,2135,3111,72193,3508,0.0,0.0,0.0,1380.4623717217787,0.0,MEDIUM,MEDIUM,MEDIUM,5,COST_BASED,COST_BASED,false,false
1,baseline,1,2039,0.0,0.6936936936936937,NATURAL_GAS_BOILER,PRIVATELY_RENTED,30888,2119,3065,74312,3436,0.0,0.0,0.0,1386.7962747380675,0.0,MEDIUM,MEDIUM,MEDIUM,5,COST_BASED,COST_BASED,false,false
1,baseline,1,2040,0.0,0.7297297297297297,NATURAL_GAS_BOILER,PRIVATELY_RENTED,29934,2034,2988,76346,3417,0.0,0.0,0.0,1403.8647936786656,0.0,MEDIUM,MEDIUM,MEDIUM,5,COST_BASED,COST_BASED,false,false
1,baseline,1,2041,0.0,0.7837837837837838,NATURAL_GAS_BOILER,PRIVATELY_RENTED,29069,1985,2850,78331,3322,0.0,0.0,0.0,1360.1923540036123,0.0,MEDIUM,MEDIUM,MEDIUM,5,COST_BASED,COST_BASED,false,false
1,baseline,1,2042,0.0,0.8108108108108109,NATURAL_GAS_BOILER,PRIVATELY_RENTED,28122,2140,3087,80471,3478,0.0,0.0,0.0,1335.8369752731455,0.0,MEDIUM,MEDIUM,MEDIUM,5,COST_BASED,COST_BASED,false,false
1,baseline,1,2043,0.0,0.8468468468468469,NATURAL_GAS_BOILER,PRIVATELY_RENTED,27425,2117,2814,82588,3760,0.0,0.0,0.0,1333.166755319149,0.0,MEDIUM,MEDIUM,MEDIUM,5,COST_BASED,COST_BASED,false,false
1,baseline,1,2044,0.0,0.8648648648648649,NATURAL_GAS_BOILER,PRIVATELY_RENTED,26527,2309,3207,84897,3956,0.0,0.0,0.0,1352.9031850353892,0.0,MEDIUM,MEDIUM,MEDIUM,5,COST_BASED,COST_BASED,false,false
1,baseline,1,2045,0.0,0.8648648648648649,NATURAL_GAS_BOILER,PRIVATELY_RENTED,25757,1826,2596,86723,3389,0.0,0.0,0.0,1387.7680731779285,0.0,MEDIUM,MEDIUM,MEDIUM,5,COST_BASED,COST_BASED,false,false
1,baseline,1,2046,0.0,0.8648648648648649,NATURAL_GAS_BOILER,PRIVATELY_RENTED,25047,1774,2484,88497,3325,0.0,0.0,0.0,1404.4120300751879,0.0,MEDIUM,MEDIUM,MEDIUM,5,COST_BASED,COST_BASED,false,false
1,baseline,1,2047,0.0,0.8648648648648649,NATURAL_GAS_BOILER,PRIVATELY_RENTED,24449,1650,2248,90147,3342,0.0,0.0,0.0,1399.5266307600239,0.0,MEDIUM,MEDIUM,MEDIUM,5,COST_BASED,COST_BASED,false,false
1,baseline,1,2048,0.0,0.8648648648648649,NATURAL_GAS_BOILER,PRIVATELY_RENTED,23927,1524,2046,91671,3275,0.0,0.0,0.0,1405.723969465649,0.0,MEDIUM,MEDIUM,MEDIUM,5,COST_BASED,COST_BASED,false,false
1,baseline,1,2049,0.0,0.8648648648648649,NATURAL_GAS_BOILER,PRIVATELY_RENTED,23272,1659,2314,93330,3494,0.0,0.0,0.0,1397.9504865483686,0.0,MEDIUM,MEDIUM,MEDIUM,5,COST_BASED,COST_BASED,false,false
1,baseline,1,2050,0.0,0.8648648648648649,NATURAL_GAS_BOILER,PRIVATELY_RENTED,22727,1590,2135,94920,3524,0.0,0.0,0.0,1389.7014755959137,0.0,MEDIUM,MEDIUM,MEDIUM,5,COST_BASED,COST_BASED,false,false
1,baseline,1,2024,0.0,0.0,NATURAL_GAS_BLOCK,TOTAL,27212,27212,0,27212,0,0.0,0.0,0.0,0.0,0.0,MEDIUM,MEDIUM,MEDIUM,5,COST_BASED,COST_BASED,false,false
1,baseline,1,2025,0.0,0.38738738738738737,NATURAL_GAS_BLOCK,TOTAL,24468,1,2745,27213,19955,0.2875357693197224,0.5207692973076077,0.1555709460262105,1438.7211726384364,0.6898236353782072,MEDIUM,MEDIUM,MEDIUM,5,COST_BASED,COST_BASED,false,false
1,baseline,1,2026,0.0,0.38738738738738737,NATURAL_GAS_BLOCK,TOTAL,22130,3,2341,27216,19522,0.2875356980094075,0.5275571084998022,0.14272648592276302,1464.9004712631902,0.7016109275070025,MEDIUM,MEDIUM,MEDIUM,5,COST_BASED,COST_BASED,false,false
1,baseline,1,2027,0.0,0.38738738738738737,NATURAL_GAS_BLOCK,TOTAL,19058,1,3073,27217,25894,0.2863308511833964,0.5353704959416847,0.12931992633784367,1345.569205221287,0.7153080403244488,MEDIUM,MEDIUM,MEDIUM,5,COST_BASED,COST_BASED,false,false
1,baseline,1,2028,0.0,0.38738738738738737,NATURAL_GAS_BLOCK,TOTAL,17298,2,1762,27219,22379,0.2852165008000657,0.5240168557079793,0.11802923807548313,1394.7776040037536,0.699967503602519,MEDIUM,MEDIUM,MEDIUM,5,COST_BASED,COST_BASED,false,false
1,baseline,1,2029,0.0,0.38738738738738737,NATURAL_GAS_BLOCK,TOTAL,15497,1,1802,27220,19619,0.2847008142513787,0.5234998212227863,0.1031931008493363,1432.3613843722922,0.7011753906651639,MEDIUM,MEDIUM,MEDIUM,5,COST_BASED,COST_BASED,false,false
1,baseline,1,2030,0.0,0.43243243243243246,NATURAL_GAS_BLOCK,TOTAL,13529,1,1969,27221,24954,0.28465400442589706,0.5147430709454938,0.09098039191380665,1405.453835056504,0.6895785563225385,MEDIUM,MEDIUM,MEDIUM,5,COST_BASED,COST_BASED,false,false
1,baseline,1,2031,0.0,0.4774774774774775,NATURAL_GAS_BLOCK,TOTAL,11128,0,2401,27221,24864,0.2868206810482034,0.537293158464218,0.07717251243119898,1419.7182271557272,0.7245880033803724,MEDIUM,MEDIUM,MEDIUM,5,COST_BASED,COST_BASED,false,false
1,baseline,1,2032,0.0,0.5135135135135135,NATURAL_GAS_BLOCK,TOTAL,9420,1,1709,27222,19982,0.2865011665313301,0.5203162539259927,0.06455651366360302,1411.9949454509058,0.7007795250482068,MEDIUM,MEDIUM,MEDIUM,5,COST_BASED,COST_BASED,false,false
1,baseline,1,2033,0.0,0.5405405405405406,NATURAL_GAS_BLOCK,TOTAL,7589,0,1831,27222,21933,0.28542200871383294,0.5192114541973227,0.05116797878494204,1442.9373546710435,0.7010656817694096,MEDIUM,MEDIUM,MEDIUM,5,COST_BASED,COST_BASED,false,false
1,baseline,1,2034,0.0,0.5675675675675675,NATURAL_GAS_BLOCK,TOTAL,4907,0,2682,27222,27736,0.283804002208926,0.5204110162277035,0.035385935565142815,1383.289551485434,0.7052422818436783,MEDIUM,MEDIUM,MEDIUM,5,COST_BASED,COST_BASED,false,false
1,baseline,1,2035,0.0,0.6306306306306306,NATURAL_GAS_BLOCK,TOTAL,2813,0,2094,27222,18295,0.28763136082572777,0.5163141666764318,0.020059735555151757,1428.5946980049193,0.7000559428638249,MEDIUM,MEDIUM,MEDIUM,5,COST_BASED,COST_BASED,false,false
1,baseline,1,2036,0.0,0.6396396396396397,NATURAL_GAS_BLOCK,TOTAL,10,0,2803,27222,18428,0.2861911991023885,0.5252883851401555,0.006548994957981453,1427.434339049273,0.7155661535648877,MEDIUM,MEDIUM,MEDIUM,5,COST_BASED,COST_BASED,false,false
1,baseline,1,2037,0.0,0.6756756756756757,NATURAL_GAS_BLOCK,TOTAL,9,0,1,27222,16705,0.34474548269150007,0.52063032568006,7.136237850822669E-5,1386.0056270577672,0.6947501975499017,MEDIUM,MEDIUM,MEDIUM,5,COST_BASED,COST_BASED,false,false
1,baseline,1,2038,0.0,0.6936936936936937,NATURAL_GAS_BLOCK,TOTAL,6,0,3,27222,15757,0.3526732474614927,0.5195849951299236,3.596254394543044E-5,1425.776226439043,0.6912046855115241,MEDIUM,MEDIUM,MEDIUM,5,COST_BASED,COST_BASED,false,false
1,baseline,1,2039,0.0,0.6936936936936937,NATURAL_GAS_BLOCK,TOTAL,5,0,1,27222,20402,0.3641695396526461,0.5331259435688053,3.408287299904523E-5,1307.211645917067,0.708642270080919,MEDIUM,MEDIUM,MEDIUM,5,COST_BASED,COST_BASED,false,false
1,baseline,1,2040,0.0,0.7297297297297297,NATURAL_GAS_BLOCK,TOTAL,3,0,2,27222,17270,0.2583469611652196,0.4981122903617404,2.4452049981304633E-5,1370.772785176607,0.6825786387450581,MEDIUM,MEDIUM,MEDIUM,5,COST_BASED,COST_BASED,false,false
1,baseline,1,2041,0.0,0.7837837837837838,NATURAL_GAS_BLOCK,TOTAL,2,0,1,27222,15676,0.27744015771310737,0.5096354416904035,1.4361941308838735E-5,1432.1921408522583,0.6950913278646673,MEDIUM,MEDIUM,MEDIUM,5,COST_BASED,COST_BASED,false,false
1,baseline,1,2042,0.0,0.8108108108108109,NATURAL_GAS_BLOCK,TOTAL,1,0,1,27222,19561,0.2545466654620567,0.5074670878164699,2.781890386147346E-5,1363.180818976535,0.6975604879962053,MEDIUM,MEDIUM,MEDIUM,5,COST_BASED,COST_BASED,false,false
1,baseline,1,2043,0.0,0.8468468468468469,NATURAL_GAS_BLOCK,TOTAL,1,0,0,27222,21979,0.28072263003079856,0.509843494452393,6.164003955379332E-6,1429.794940625142,0.6945838136703938,MEDIUM,MEDIUM,MEDIUM,5,COST_BASED,COST_BASED,false,false
1,baseline,1,2044,0.0,0.8648648648648649,NATURAL_GAS_BLOCK,TOTAL,0,0,1,27222,14526,0.25622061724259304,0.5087634833752883,9.204892270323137E-6,1395.1132452154757,0.6990889201407539,MEDIUM,MEDIUM,MEDIUM,5,COST_BASED,COST_BASED,false,false
1,baseline,1,2045,0.0,0.8648648648648649,NATURAL_GAS_BLOCK,TOTAL,0,0,0,27222,19165,0.2592672041563371,0.49730407225046724,0.0,1461.6151839290374,0.6811393073366175,MEDIUM,MEDIUM,MEDIUM,5,COST_BASED,COST_BASED,false,false
1,baseline,1,2046,0.0,0.8648648648648649,NATURAL_GAS_BLOCK,TOTAL,0,0,0,27222,23195,0.2444679362523924,0.5173888562186227,0.0,1406.9037723647339,0.7149663002648333,MEDIUM,MEDIUM,MEDIUM,5,COST_BASED,COST_BASED,false,false
1,baseline,1,2047,0.0,0.8648648648648649,NATURAL_GAS_BLOCK,TOTAL,0,0,0,27222,16331,0.2540013996928548,0.5052107022589283,0.0,1459.8688996387239,0.6943157034651795,MEDIUM,MEDIUM,MEDIUM,5,COST_BASED,COST_BASED,false,false
1,baseline,1,2048,0.0,0.8648648648648649,NATURAL_GAS_BLOCK,TOTAL,0,0,0,27222,18346,0.27062652642932217,0.5104888873445336,0.0,1431.0696609615175,0.6980766994094754,MEDIUM,MEDIUM,MEDIUM,5,COST_BASED,COST_BASED,false,false
1,baseline,1,2049,0.0,0.8648648648648649,NATURAL_GAS_BLOCK,TOTAL,0,0,0,27222,23938,0.2784557711227681,0.5127526353713943,0.0,1405.5296599548835,0.6995150102763944,MEDIUM,MEDIUM,MEDIUM,5,COST_BASED,COST_BASED,false,false
1,baseline,1,2050,0.0,0.8648648648648649,NATURAL_GAS_BLOCK,TOTAL,0,0,0,27222,21008,0.280373232340977,0.5113387020775847,0.0,1420.4501618431075,0.6969147450311323,MEDIUM,MEDIUM,MEDIUM,5,COST_BASED,COST_BASED,false,false
1,baseline,1,2024,0.0,0.0,NATURAL_GAS_BLOCK,PRIVATELY_OWNED,16875,16875,0,16875,0,0.0,0.0,0.0,0.0,0.0,MEDIUM,MEDIUM,MEDIUM,5,COST_BASED,COST_BASED,false,false
1,baseline,1,2025,0.0,0.38738738738738737,NATURAL_GAS_BLOCK,PRIVATELY_OWNED,15401,1,1475,16876,11251,0.2875357693197224,0.5207692973076077,0.1555709460262105,1480.1641631854945,0.6898236353782072,MEDIUM,MEDIUM,MEDIUM,5,COST_BASED,COST_BASED,false,false
1,baseline,1,2026,0.0,0.38738738738738737,NATURAL_GAS_BLOCK,PRIVATELY_OWNED,14075,3,1329,16879,11246,0.2875356980094075,0.5275571084998022,0.14272648592276302,1513.231282233683,0.7016109275070025,MEDIUM,MEDIUM,MEDIUM,5,COST_BASED,COST_BASED,false,false
1,baseline,1,2027,0.0,0.38738738738738737,NATURAL_GAS_BLOCK,PRIVATELY_OWNED,12727,1,1349,16880,11137,0.2863308511833964,0.5353704959416847,0.12931992633784367,1488.4449133518901,0.7153080403244488,MEDIUM,MEDIUM,MEDIUM,5,COST_BASED,COST_BASED,false,false
1,baseline,1,2028,0.0,0.38738738738738737,NATURAL_GAS_BLOCK,PRIVATELY_OWNED,11356,2,1373,16882,11431,0.2852165008000657,0.5240168557079793,0.11802923807548313,1486.0329804916455,0.699967503602519,MEDIUM,MEDIUM,MEDIUM,5,COST_BASED,COST_BASED,false,false
1,baseline,1,2029,0.0,0.38738738738738737,NATURAL_GAS_BLOCK,PRIVATELY_OWNED,10063,1,1294,16883,11321,0.2847008142513787,0.5234998212227863,0.1031931008493363,1497.3633954597651,0.7011753906651639,MEDIUM,MEDIUM,MEDIUM,5,COST_BASED,COST_BASED,false,false
1,baseline,1,2030,0.0,0.43243243243243246,NATURAL_GAS_BLOCK,PRIVATELY_OWNED,8631,1,1433,16884,11975,0.28465400442589706,0.5147430709454938,0.09098039191380665,1480.1295198329854,0.6895785563225385,MEDIUM,MEDIUM,MEDIUM,5,COST_BASED,COST_BASED,false,false
1,baseline,1,2031,0.0,0.4774774774774775,NATURAL_GAS_BLOCK,PRIVATELY_OWNED,7315,0,1316,16884,12388,0.2868206810482034,0.537293158464218,0.07717251243119898,1483.4834517274783,0.7245880033803724,MEDIUM,MEDIUM,MEDIUM,5,COST_BASED,COST_BASED,false,false
1,baseline,1,2032,0.0,0.5135135135135135,NATURAL_GAS_BLOCK,PRIVATELY_OWNED,5954,1,1362,16885,12605,0.2865011665313301,0.5203162539259927,0.06455651366360302,1481.2718762395875,0.7007795250482068,MEDIUM,MEDIUM,MEDIUM,5,COST_BASED,COST_BASED,false,false
1,baseline,1,2033,0.0,0.5405405405405406,NATURAL_GAS_BLOCK,PRIVATELY_OWNED,4544,0,1410,16885,12330,0.28542200871383294,0.5192114541973227,0.05116797878494204,1479.8998377939984,0.7010656817694096,MEDIUM,MEDIUM,MEDIUM,5,COST_BASED,COST_BASED,false,false
1,baseline,1,2034,0.0,0.5675675675675675,NATURAL_GAS_BLOCK,PRIVATELY_OWNED,2804,0,1740,16885,13662,0.283804002208926,0.5204110162277035,0.035385935565142815,1418.29007465964,0.7052422818436783,MEDIUM,MEDIUM,MEDIUM,5,COST_BASED,COST_BASED,false,false
1,baseline,1,2035,0.0,0.6306306306306306,NATURAL_GAS_BLOCK,PRIVATELY_OWNED,1320,0,1484,16885,12141,0.28763136082572777,0.5163141666764318,0.020059735555151757,1446.443044230294,0.7000559428638249,MEDIUM,MEDIUM,MEDIUM,5,COST_BASED,COST_BASED,false,false
1,baseline,1,2036,0.0,0.6396396396396397,NATURAL_GAS_BLOCK,PRIVATELY_OWNED,10,0,1310,16885,11386,0.2861911991023885,0.5252883851401555,0.006548994957981453,1486.9913051115404,0.7155661535648877,MEDIUM,MEDIUM,MEDIUM,5,COST_BASED,COST_BASED,false,false
1,baseline,1,2037,0.0,0.6756756756756757,NATURAL_GAS_BLOCK,PRIVATELY_OWNED,9,0,1,16885,7967,0.34474548269150007,0.52063032568006,7.136237850822669E-5,1393.0223421614157,0.6947501975499017,MEDIUM,MEDIUM,MEDIUM,5,COST_BASED,COST_BASED,false,false
1,baseline,1,2038,0.0,0.6936936936936937,NATURAL_GAS_BLOCK,PRIVATELY_OWNED,6,0,3,16885,6493,0.3526732474614927,0.5195849951299236,3.596254394543044E-5,1498.1229015863237,0.6912046855115241,MEDIUM,MEDIUM,MEDIUM,5,COST_BASED,COST_BASED,false,false
1,baseline,1,2039,0.0,0.6936936936936937,NATURAL_GAS_BLOCK,PRIVATELY_OWNED,5,0,1,16885,5571,0.3641695396526461,0.5331259435688053,3.408287299904523E-5,1512.722491473703,0.708642270080919,MEDIUM,MEDIUM,MEDIUM,5,COST_BASED,COST_BASED,false,false
1,baseline,1,2040,0.0,0.7297297297297297,NATURAL_GAS_BLOCK,PRIVATELY_OWNED,3,0,2,16885,6662,0.2583469611652196,0.4981122903617404,2.4452049981304633E-5,1486.8959771840289,0.6825786387450581,MEDIUM,MEDIUM,MEDIUM,5,COST_BASED,COST_BASED,false,false
1,baseline,1,2041,0.0,0.7837837837837838,NATURAL_GAS_BLOCK,PRIVATELY_OWNED,2,0,1,16885,7550,0.27744015771310737,0.5096354416904035,1.4361941308838735E-5,1542.7866225165562,0.6950913278646673,MEDIUM,MEDIUM,MEDIUM,5,COST_BASED,COST_BASED,false,false
1,baseline,1,2042,0.0,0.8108108108108109,NATURAL_GAS_BLOCK,PRIVATELY_OWNED,1,0,1,16885,6176,0.2545466654620567,0.5074670878164699,2.781890386147346E-5,1457.5006476683939,0.6975604879962053,MEDIUM,MEDIUM,MEDIUM,5,COST_BASED,COST_BASED,false,false
1,baseline,1,2043,0.0,0.8468468468468469,NATURAL_GAS_BLOCK,PRIVATELY_OWNED,1,0,0,16885,9300,0.28072263003079856,0.509843494452393,6.164003955379332E-6,1552.5578494623655,0.6945838136703938,MEDIUM,MEDIUM,MEDIUM,5,COST_BASED,COST_BASED,false,false
1,baseline,1,2044,0.0,0.8648648648648649,NATURAL_GAS_BLOCK,PRIVATELY_OWNED,0,0,1,16885,7360,0.25622061724259304,0.5087634833752883,9.204892270323137E-6,1503.165625,0.6990889201407539,MEDIUM,MEDIUM,MEDIUM,5,COST_BASED,COST_BASED,false,false
1,baseline,1,2045,0.0,0.8648648648648649,NATURAL_GAS_BLOCK,PRIVATELY_OWNED,0,0,0,16885,9829,0.2592672041563371,0.49730407225046724,0.0,1526.1776376030116,0.6811393073366175,MEDIUM,MEDIUM,MEDIUM,5,COST_BASED,COST_BASED,false,false
1,baseline,1,2046,0.0,0.8648648648648649,NATURAL_GAS_BLOCK,PRIVATELY_OWNED,0,0,0,16885,9382,0.2444679362523924,0.5173888562186227,0.0,1495.4842251119164,0.7149663002648333,MEDIUM,MEDIUM,MEDIUM,5,COST_BASED,COST_BASED,false,false
1,baseline,1,2047,0.0,0.8648648648648649,NATURAL_GAS_BLOCK,PRIVATELY_OWNED,0,0,0,16885,10316,0.2540013996928548,0.5052107022589283,0.0,1503.96597518418,0.6943157034651795,MEDIUM,MEDIUM,MEDIUM,5,COST_BASED,COST_BASED,false,false
1,baseline,1,2048,0.0,0.8648648648648649,NATURAL_GAS_BLOCK,PRIVATELY_OWNED,0,0,0,16885,11356,0.27062652642932217,0.5104888873445336,0.0,1500.0698309263826,0.6980766994094754,MEDIUM,MEDIUM,MEDIUM,5,COST_BASED,COST_BASED,false,false
1,baseline,1,2049,0.0,0.8648648648648649,NATURAL_GAS_BLOCK,PRIVATELY_OWNED,0,0,0,16885,13471,0.2784557711227681,0.5127526353713943,0.0,1427.7767055155518,0.6995150102763944,MEDIUM,MEDIUM,MEDIUM,5,COST_BASED,COST_BASED,false,false
1,baseline,1,2050,0.0,0.8648648648648649,NATURAL_GAS_BLOCK,PRIVATELY_OWNED,0,0,0,16885,11728,0.280373232340977,0.5113387020775847,0.0,1453.3298942701228,0.6969147450311323,MEDIUM,MEDIUM,MEDIUM,5,COST_BASED,COST_BASED,false,false
1,baseline,1,2024,0.0,0.0,NATURAL_GAS_BLOCK,SOCIAL_HOUSING,5461,5461,0,5461,0,0.0,0.0,0.0,0.0,0.0,MEDIUM,MEDIUM,MEDIUM,5,COST_BASED,COST_BASED,false,false
1,baseline,1,2025,0.0,0.38738738738738737,NATURAL_GAS_BLOCK,SOCIAL_HOUSING,4627,0,834,5461,5061,0.0,0.0,0.0,1375.4125666864256,0.0,MEDIUM,MEDIUM,MEDIUM,5,COST_BASED,COST_BASED,false,false
1,baseline,1,2026,0.0,0.38738738738738737,NATURAL_GAS_BLOCK,SOCIAL_HOUSING,4040,0,587,5461,4866,0.0,0.0,0.0,1396.2842170160295,0.0,MEDIUM,MEDIUM,MEDIUM,5,COST_BASED,COST_BASED,false,false
1,baseline,1,2027,0.0,0.38738738738738737,NATURAL_GAS_BLOCK,SOCIAL_HOUSING,2750,0,1290,5461,11395,0.0,0.0,0.0,1182.234137779728,0.0,MEDIUM,MEDIUM,MEDIUM,5,COST_BASED,COST_BASED,false,false
1,baseline,1,2028,0.0,0.38738738738738737,NATURAL_GAS_BLOCK,SOCIAL_HOUSING,2750,0,0,5461,7191,0.0,0.0,0.0,1246.6141009595328,0.0,MEDIUM,MEDIUM,MEDIUM,5,COST_BASED,COST_BASED,false,false
1,baseline,1,2029,0.0,0.38738738738738737,NATURAL_GAS_BLOCK,SOCIAL_HOUSING,2611,0,139,5461,4804,0.0,0.0,0.0,1306.9052872606162,0.0,MEDIUM,MEDIUM,MEDIUM,5,COST_BASED,COST_BASED,false,false
1,baseline,1,2030,0.0,0.43243243243243246,NATURAL_GAS_BLOCK,SOCIAL_HOUSING,2524,0,87,5461,9209,0.0,0.0,0.0,1325.9055272016506,0.0,MEDIUM,MEDIUM,MEDIUM,5,COST_BASED,COST_BASED,false,false
1,baseline,1,2031,0.0,0.4774774774774775,NATURAL_GAS_BLOCK,SOCIAL_HOUSING,1827,0,697,5461,8919,0.0,0.0,0.0,1341.6958179168068,0.0,MEDIUM,MEDIUM,MEDIUM,5,COST_BASED,COST_BASED,false,false
1,baseline,1,2032,0.0,0.5135135135135135,NATURAL_GAS_BLOCK,SOCIAL_HOUSING,1827,0,0,5461,3210,0.0,0.0,0.0,1196.848909657321,0.0,MEDIUM,MEDIUM,MEDIUM,5,COST_BASED,COST_BASED,false,false
1,baseline,1,2033,0.0,0.5405405405405406,NATURAL_GAS_BLOCK,SOCIAL_HOUSING,1813,0,14,5461,5947,0.0,0.0,0.0,1395.7773667395325,0.0,MEDIUM,MEDIUM,MEDIUM,5,COST_BASED,COST_BASED,false,false
1,baseline,1,2034,0.0,0.5675675675675675,NATURAL_GAS_BLOCK,SOCIAL_HOUSING,1263,0,550,5461,10488,0.0,0.0,0.0,1327.7547673531656,0.0,MEDIUM,MEDIUM,MEDIUM,5,COST_BASED,COST_BASED,false,false
1,baseline,1,2035,0.0,0.6306306306306306,NATURAL_GAS_BLOCK,SOCIAL_HOUSING,1082,0,181,5461,2673,0.0,0.0,0.0,1362.2768424990647,0.0,MEDIUM,MEDIUM,MEDIUM,5,COST_BASED,COST_BASED,false,false
1,baseline,1,2036,0.0,0.6396396396396397,NATURAL_GAS_BLOCK,SOCIAL_HOUSING,0,0,1082,5461,3715,0.0,0.0,0.0,1240.436608344549,0.0,MEDIUM,MEDIUM,MEDIUM,5,COST_BASED,COST_BASED,false,false
1,baseline,1,2037,0.0,0.6756756756756757,NATURAL_GAS_BLOCK,SOCIAL_HOUSING,0,0,0,5461,5061,0.0,0.0,0.0,1375.4113811499703,0.0,MEDIUM,MEDIUM,MEDIUM,5,COST_BASED,COST_BASED,false,false
1,baseline,1,2038,0.0,0.6936936936936937,NATURAL_GAS_BLOCK,SOCIAL_HOUSING,0,0,0,5461,5756,0.0,0.0,0.0,1370.808895066018,0.0,MEDIUM,MEDIUM,MEDIUM,5,COST_BASED,COST_BASED,false,false
1,baseline,1,2039,0.0,0.6936936936936937,NATURAL_GAS_BLOCK,SOCIAL_HOUSING,0,0,0,5461,11395,0.0,0.0,0.0,1182.2336989907853,0.0,MEDIUM,MEDIUM,MEDIUM,5,COST_BASED,COST_BASED,false,false
1,baseline,1,2040,0.0,0.7297297297297297,NATURAL_GAS_BLOCK,SOCIAL_HOUSING,0,0,0,5461,7191,0.0,0.0,0.0,1246.613683771381,0.0,MEDIUM,MEDIUM,MEDIUM,5,COST_BASED,COST_BASED,false,false
1,baseline,1,2041,0.0,0.7837837837837838,NATURAL_GAS_BLOCK,SOCIAL_HOUSING,0,0,0,5461,4804,0.0,0.0,0.0,1306.9048709408826,0.0,MEDIUM,MEDIUM,MEDIUM,5,COST_BASED,COST_BASED,false,false
1,baseline,1,2042,0.0,0.8108108108108109,NATURAL_GAS_BLOCK,SOCIAL_HOUSING,0,0,0,5461,9907,0.0,0.0,0.0,1313.3256283435953,0.0,MEDIUM,MEDIUM,MEDIUM,5,COST_BASED,COST_BASED,false,false
1,baseline,1,2043,0.0,0.8468468468468469,NATURAL_GAS_BLOCK,SOCIAL_HOUSING,0,0,0,5461,8919,0.0,0.0,0.0,1341.695705796614,0.0,MEDIUM,MEDIUM,MEDIUM,5,COST_BASED,COST_BASED,false,false
1,baseline,1,2044,0.0,0.8648648648648649,NATURAL_GAS_BLOCK,SOCIAL_HOUSING,0,0,0,5461,3210,0.0,0.0,0.0,1196.848598130841,0.0,MEDIUM,MEDIUM,MEDIUM,5,COST_BASED,COST_BASED,false,false
1,baseline,1,2045,0.0,0.8648648648648649,NATURAL_GAS_BLOCK,SOCIAL_HOUSING,0,0,0,5461,5947,0.0,0.0,0.0,1395.7773667395325,0.0,MEDIUM,MEDIUM,MEDIUM,5,COST_BASED,COST_BASED,false,false
1,baseline,1,2046,0.0,0.8648648648648649,NATURAL_GAS_BLOCK,SOCIAL_HOUSING,0,0,0,5461,10488,0.0,0.0,0.0,1327.7547673531656,0.0,MEDIUM,MEDIUM,MEDIUM,5,COST_BASED,COST_BASED,false,false
1,baseline,1,2047,0.0,0.8648648648648649,NATURAL_GAS_BLOCK,SOCIAL_HOUSING,0,0,0,5461,2673,0.0,0.0,0.0,1362.2768424990647,0.0,MEDIUM,MEDIUM,MEDIUM,5,COST_BASED,COST_BASED,false,false
1,baseline,1,2048,0.0,0.8648648648648649,NATURAL_GAS_BLOCK,SOCIAL_HOUSING,0,0,0,5461,3715,0.0,0.0,0.0,1240.436608344549,0.0,MEDIUM,MEDIUM,MEDIUM,5,COST_BASED,COST_BASED,false,false
1,baseline,1,2049,0.0,0.8648648648648649,NATURAL_GAS_BLOCK,SOCIAL_HOUSING,0,0,0,5461,6973,0.0,0.0,0.0,1365.1617668148574,0.0,MEDIUM,MEDIUM,MEDIUM,5,COST_BASED,COST_BASED,false,false
1,baseline,1,2050,0.0,0.8648648648648649,NATURAL_GAS_BLOCK,SOCIAL_HOUSING,0,0,0,5461,5756,0.0,0.0,0.0,1370.808895066018,0.0,MEDIUM,MEDIUM,MEDIUM,5,COST_BASED,COST_BASED,false,false
1,baseline,1,2024,0.0,0.0,NATURAL_GAS_BLOCK,PRIVATELY_RENTED,4876,4876,0,4876,0,0.0,0.0,0.0,0.0,0.0,MEDIUM,MEDIUM,MEDIUM,5,COST_BASED,COST_BASED,false,false
1,baseline,1,2025,0.0,0.38738738738738737,NATURAL_GAS_BLOCK,PRIVATELY_RENTED,4440,0,436,4876,3643,0.0,0.0,0.0,1398.6799341202307,0.0,MEDIUM,MEDIUM,MEDIUM,5,COST_BASED,COST_BASED,false,false
1,baseline,1,2026,0.0,0.38738738738738737,NATURAL_GAS_BLOCK,PRIVATELY_RENTED,4015,0,425,4876,3410,0.0,0.0,0.0,1403.4219941348974,0.0,MEDIUM,MEDIUM,MEDIUM,5,COST_BASED,COST_BASED,false,false
1,baseline,1,2027,0.0,0.38738738738738737,NATURAL_GAS_BLOCK,PRIVATELY_RENTED,3581,0,434,4876,3362,0.0,0.0,0.0,1425.8774538964901,0.0,MEDIUM,MEDIUM,MEDIUM,5,COST_BASED,COST_BASED,false,false
1,baseline,1,2028,0.0,0.38738738738738737,NATURAL_GAS_BLOCK,PRIVATELY_RENTED,3192,0,389,4876,3757,0.0,0.0,0.0,1400.7141336172479,0.0,MEDIUM,MEDIUM,MEDIUM,5,COST_BASED,COST_BASED,false,false
1,baseline,1,2029,0.0,0.38738738738738737,NATURAL_GAS_BLOCK,PRIVATELY_RENTED,2823,0,369,4876,3494,0.0,0.0,0.0,1394.2398397252432,0.0,MEDIUM,MEDIUM,MEDIUM,5,COST_BASED,COST_BASED,false,false
1,baseline,1,2030,0.0,0.43243243243243246,NATURAL_GAS_BLOCK,PRIVATELY_RENTED,2374,0,449,4876,3770,0.0,0.0,0.0,1362.5676392572943,0.0,MEDIUM,MEDIUM,MEDIUM,5,COST_BASED,COST_BASED,false,false
1,baseline,1,2031,0.0,0.4774774774774775,NATURAL_GAS_BLOCK,PRIVATELY_RENTED,1986,0,388,4876,3557,0.0,0.0,0.0,1393.279730109643,0.0,MEDIUM,MEDIUM,MEDIUM,5,COST_BASED,COST_BASED,false,false
1,baseline,1,2032,0.0,0.5135135135135135,NATURAL_GAS_BLOCK,PRIVATELY_RENTED,1639,0,347,4876,4167,0.0,0.0,0.0,1368.1703863690905,0.0,MEDIUM,MEDIUM,MEDIUM,5,COST_BASED,COST_BASED,false,false
1,baseline,1,2033,0.0,0.5405405405405406,NATURAL_GAS_BLOCK,PRIVATELY_RENTED,1232,0,407,4876,3656,0.0,0.0,0.0,1394.992341356674,0.0,MEDIUM,MEDIUM,MEDIUM,5,COST_BASED,COST_BASED,false,false
1,baseline,1,2034,0.0,0.5675675675675675,NATURAL_GAS_BLOCK,PRIVATELY_RENTED,840,0,392,4876,3586,0.0,0.0,0.0,1412.366982710541,0.0,MEDIUM,MEDIUM,MEDIUM,5,COST_BASED,COST_BASED,false,false
1,baseline,1,2035,0.0,0.6306306306306306,NATURAL_GAS_BLOCK,PRIVATELY_RENTED,411,0,429,4876,3481,0.0,0.0,0.0,1417.267739155415,0.0,MEDIUM,MEDIUM,MEDIUM,5,COST_BASED,COST_BASED,false,false
1,baseline,1,2036,0.0,0.6396396396396397,NATURAL_GAS_BLOCK,PRIVATELY_RENTED,0,0,411,4876,3327,0.0,0.0,0.0,1432.4180943793208,0.0,MEDIUM,MEDIUM,MEDIUM,5,COST_BASED,COST_BASED,false,false
1,baseline,1,2037,0.0,0.6756756756756757,NATURAL_GAS_BLOCK,PRIVATELY_RENTED,0,0,0,4876,3677,0.0,0.0,0.0,1385.3842806635844,0.0,MEDIUM,MEDIUM,MEDIUM,5,COST_BASED,COST_BASED,false,false
1,baseline,1,2038,0.0,0.6936936936936937,NATURAL_GAS_BLOCK,PRIVATELY_RENTED,0,0,0,4876,3508,0.0,0.0,0.0,1382.060433295325,0.0,MEDIUM,MEDIUM,MEDIUM,5,COST_BASED,COST_BASED,false,false
1,baseline,1,2039,0.0,0.6936936936936937,NATURAL_GAS_BLOCK,PRIVATELY_RENTED,0,0,0,4876,3436,0.0,0.0,0.0,1388.475552968568,0.0,MEDIUM,MEDIUM,MEDIUM,5,COST_BASED,COST_BASED,false,false
1,baseline,1,2040,0.0,0.7297297297297297,NATURAL_GAS_BLOCK,PRIVATELY_RENTED,0,0,0,4876,3417,0.0,0.0,0.0,1405.6616915422885,0.0,MEDIUM,MEDIUM,MEDIUM,5,COST_BASED,COST_BASED,false,false
1,baseline,1,2041,0.0,0.7837837837837838,NATURAL_GAS_BLOCK,PRIVATELY_RENTED,0,0,0,4876,3322,0.0,0.0,0.0,1362.0210716435881,0.0,MEDIUM,MEDIUM,MEDIUM,5,COST_BASED,COST_BASED,false,false
1,baseline,1,2042,0.0,0.8108108108108109,NATURAL_GAS_BLOCK,PRIVATELY_RENTED,0,0,0,4876,3478,0.0,0.0,0.0,1337.7052903967797,0.0,MEDIUM,MEDIUM,MEDIUM,5,COST_BASED,COST_BASED,false,false
1,baseline,1,2043,0.0,0.8468468468468469,NATURAL_GAS_BLOCK,PRIVATELY_RENTED,0,0,0,4876,3760,0.0,0.0,0.0,1335.130585106383,0.0,MEDIUM,MEDIUM,MEDIUM,5,COST_BASED,COST_BASED,false,false
1,baseline,1,2044,0.0,0.8648648648648649,NATURAL_GAS_BLOCK,PRIVATELY_RENTED,0,0,0,4876,3956,0.0,0.0,0.0,1354.9625884732052,0.0,MEDIUM,MEDIUM,MEDIUM,5,COST_BASED,COST_BASED,false,false
1,baseline,1,2045,0.0,0.8648648648648649,NATURAL_GAS_BLOCK,PRIVATELY_RENTED,0,0,0,4876,3389,0.0,0.0,0.0,1389.8987902036,0.0,MEDIUM,MEDIUM,MEDIUM,5,COST_BASED,COST_BASED,false,false
1,baseline,1,2046,0.0,0.8648648648648649,NATURAL_GAS_BLOCK,PRIVATELY_RENTED,0,0,0,4876,3325,0.0,0.0,0.0,1406.618947368421,0.0,MEDIUM,MEDIUM,MEDIUM,5,COST_BASED,COST_BASED,false,false
1,baseline,1,2047,0.0,0.8648648648648649,NATURAL_GAS_BLOCK,PRIVATELY_RENTED,0,0,0,4876,3342,0.0,0.0,0.0,1401.8073010173548,0.0,MEDIUM,MEDIUM,MEDIUM,5,COST_BASED,COST_BASED,false,false
1,baseline,1,2048,0.0,0.8648648648648649,NATURAL_GAS_BLOCK,PRIVATELY_RENTED,0,0,0,4876,3275,0.0,0.0,0.0,1408.057709923664,0.0,MEDIUM,MEDIUM,MEDIUM,5,COST_BASED,COST_BASED,false,false
1,baseline,1,2049,0.0,0.8648648648648649,NATURAL_GAS_BLOCK,PRIVATELY_RENTED,0,0,0,4876,3494,0.0,0.0,0.0,1400.3194046937608,0.0,MEDIUM,MEDIUM,MEDIUM,5,COST_BASED,COST_BASED,false,false
1,baseline,1,2050,0.0,0.8648648648648649,NATURAL_GAS_BLOCK,PRIVATELY_RENTED,0,0,0,4876,3524,0.0,0.0,0.0,1392.1078320090805,0.0,MEDIUM,MEDIUM,MEDIUM,5,COST_BASED,COST_BASED,false,false
1,baseline,1,2024,0.0,0.0,DISTRICT_HEATING,TOTAL,29834,29834,0,29834,0,0.0,0.0,0.0,0.0,0.0,MEDIUM,MEDIUM,MEDIUM,5,COST_BASED,COST_BASED,false,false
1,baseline,1,2025,0.0,0.38738738738738737,DISTRICT_HEATING,TOTAL,30724,1295,405,31129,19955,0.7673443124121279,0.6018154497645322,0.15645498567871338,1605.4138812327737,0.6913302233339256,MEDIUM,MEDIUM,MEDIUM,5,COST_BASED,COST_BASED,false,false
1,baseline,1,2026,0.0,0.38738738738738737,DISTRICT_HEATING,TOTAL,32042,2114,796,33243,19522,0.7670029177758728,0.6110392516224404,0.17145172113070298,1634.8734760782706,0.7033766828483538,MEDIUM,MEDIUM,MEDIUM,5,COST_BASED,COST_BASED,false,false
1,baseline,1,2027,0.0,0.38738738738738737,DISTRICT_HEATING,TOTAL,32710,2097,1429,35340,25894,0.7662684217945058,0.6213067618684399,0.19155824852479858,1497.6903143585387,0.7164482562884329,MEDIUM,MEDIUM,MEDIUM,5,COST_BASED,COST_BASED,false,false
1,baseline,1,2028,0.0,0.38738738738738737,DISTRICT_HEATING,TOTAL,34119,1995,586,37335,22379,0.7650880664348934,0.6128230870568114,0.20932253772263806,1553.5302292327628,0.7017972967611671,MEDIUM,MEDIUM,MEDIUM,5,COST_BASED,COST_BASED,false,false
1,baseline,1,2029,0.0,0.38738738738738737,DISTRICT_HEATING,TOTAL,35426,2017,710,39352,19619,0.7646631810058604,0.6150639581399251,0.22104010571979915,1594.1502115296396,0.7038001287434527,MEDIUM,MEDIUM,MEDIUM,5,COST_BASED,COST_BASED,false,false
1,baseline,1,2030,0.0,0.43243243243243246,DISTRICT_HEATING,TOTAL,34773,1575,2228,40927,24954,0.76520369074996,0.6088765057289101,0.2354775360605273,1562.365312174401,0.6925791438983081,MEDIUM,MEDIUM,MEDIUM,5,COST_BASED,COST_BASED,false,false
1,baseline,1,2031,0.0,0.4774774774774775,DISTRICT_HEATING,TOTAL,35732,2176,1217,43103,24864,0.7658264206806387,0.6337075999562097,0.2443425294565159,1576.796854890605,0.7285619785820886,MEDIUM,MEDIUM,MEDIUM,5,COST_BASED,COST_BASED,false,false
1,baseline,1,2032,0.0,0.5135135135135135,DISTRICT_HEATING,TOTAL,34433,1953,3252,45056,19982,0.7654855004655454,0.6191608007174193,0.25528901578494445,1568.0189670703633,0.7054586989866239,MEDIUM,MEDIUM,MEDIUM,5,COST_BASED,COST_BASED,false,false
1,baseline,1,2033,0.0,0.5405405405405406,DISTRICT_HEATING,TOTAL,34303,1153,1283,46209,21933,0.7643709742794579,0.6189092238795106,0.25885898640906924,1603.3020562622532,0.7049137189482693,MEDIUM,MEDIUM,MEDIUM,5,COST_BASED,COST_BASED,false,false
1,baseline,1,2034,0.0,0.5675675675675675,DISTRICT_HEATING,TOTAL,34195,633,741,46842,27736,0.7648348399314814,0.6199774242696071,0.25649997978963823,1535.0260672050765,0.7066949289478338,MEDIUM,MEDIUM,MEDIUM,5,COST_BASED,COST_BASED,false,false
1,baseline,1,2035,0.0,0.6306306306306306,DISTRICT_HEATING,TOTAL,33713,700,1182,47542,18295,0.7673882098711918,0.6176554599899249,0.25830499137636753,1585.0843946433451,0.7023480135950422,MEDIUM,MEDIUM,MEDIUM,5,COST_BASED,COST_BASED,false,false
1,baseline,1,2036,0.0,0.6396396396396397,DISTRICT_HEATING,TOTAL,32294,335,1754,47877,18428,0.7661980200326592,0.6272301574802532,0.25362826752996215,1583.7264488821359,0.7175921977709662,MEDIUM,MEDIUM,MEDIUM,5,COST_BASED,COST_BASED,false,false
1,baseline,1,2037,0.0,0.6756756756756757,DISTRICT_HEATING,TOTAL,31811,217,700,48094,16705,0.8131653133425784,0.6267396202007388,0.2760781362197276,1535.2759652798563,0.7023083349379964,MEDIUM,MEDIUM,MEDIUM,5,COST_BASED,COST_BASED,false,false
1,baseline,1,2038,0.0,0.6936936936936937,DISTRICT_HEATING,TOTAL,30275,233,1769,48327,15757,0.8160261234743258,0.6255873513620479,0.27352796214883895,1581.1297201243892,0.700183500905884,MEDIUM,MEDIUM,MEDIUM,5,COST_BASED,COST_BASED,false,false
1,baseline,1,2039,0.0,0.6936936936936937,DISTRICT_HEATING,TOTAL,29792,210,693,48537,20402,0.8244547802909016,0.6379934612948731,0.2752017255017454,1446.8087442407607,0.7164762811818667,MEDIUM,MEDIUM,MEDIUM,5,COST_BASED,COST_BASED,false,false
1,baseline,1,2040,0.0,0.7297297297297297,DISTRICT_HEATING,TOTAL,29188,33,637,48570,17270,0.7279153530183706,0.5978542796961352,0.19749416662611394,1520.7206716850028,0.6901158104613494,MEDIUM,MEDIUM,MEDIUM,5,COST_BASED,COST_BASED,false,false
1,baseline,1,2041,0.0,0.7837837837837838,DISTRICT_HEATING,TOTAL,28716,47,519,48617,15676,0.7485547309318629,0.6103507442598524,0.2093115133387319,1590.1065960704261,0.7022234944894692,MEDIUM,MEDIUM,MEDIUM,5,COST_BASED,COST_BASED,false,false
1,baseline,1,2042,0.0,0.8108108108108109,DISTRICT_HEATING,TOTAL,27667,39,1088,48656,19561,0.7222503032632835,0.6054214896314165,0.18604866426274894,1510.3409334901078,0.7043135755984605,MEDIUM,MEDIUM,MEDIUM,5,COST_BASED,COST_BASED,false,false
1,baseline,1,2043,0.0,0.8468468468468469,DISTRICT_HEATING,TOTAL,27012,14,669,48670,21979,0.7541628155441142,0.610983706927135,0.20723187732831247,1585.885618089995,0.7020308718386317,MEDIUM,MEDIUM,MEDIUM,5,COST_BASED,COST_BASED,false,false
1,baseline,1,2044,0.0,0.8648648648648649,DISTRICT_HEATING,TOTAL,26633,11,390,48681,14526,0.7273861408233564,0.6067117241934599,0.17969311339918267,1547.1241911056038,0.7057594119094462,MEDIUM,MEDIUM,MEDIUM,5,COST_BASED,COST_BASED,false,false
1,baseline,1,2045,0.0,0.8648648648648649,DISTRICT_HEATING,TOTAL,26272,3,364,48684,19165,0.7372291351251414,0.5969424251533608,0.1860846199830988,1623.265223062875,0.6878457764508698,MEDIUM,MEDIUM,MEDIUM,5,COST_BASED,COST_BASED,false,false
1,baseline,1,2046,0.0,0.8648648648648649,DISTRICT_HEATING,TOTAL,25860,6,418,48690,23195,0.7241886565244838,0.6160016172223499,0.17707730157795842,1560.6144858805776,0.7208205990051648,MEDIUM,MEDIUM,MEDIUM,5,COST_BASED,COST_BASED,false,false
1,baseline,1,2047,0.0,0.8648648648648649,DISTRICT_HEATING,TOTAL,25472,12,400,48702,16331,0.735031362348926,0.6048241568314152,0.18273920864528798,1619.5738166676872,0.7006359935792301,MEDIUM,MEDIUM,MEDIUM,5,COST_BASED,COST_BASED,false,false
1,baseline,1,2048,0.0,0.8648648648648649,DISTRICT_HEATING,TOTAL,24918,10,564,48712,18346,0.7510977088209811,0.6111490370484864,0.1935380445829223,1587.7866019840837,0.704756872794629,MEDIUM,MEDIUM,MEDIUM,5,COST_BASED,COST_BASED,false,false
1,baseline,1,2049,0.0,0.8648648648648649,DISTRICT_HEATING,TOTAL,22495,3,2426,48715,23938,0.7592064629031285,0.6133213170657688,0.19892996135249028,1558.4578912189825,0.7053141147038037,MEDIUM,MEDIUM,MEDIUM,5,COST_BASED,COST_BASED,false,false
1,baseline,1,2050,0.0,0.8648648648648649,DISTRICT_HEATING,TOTAL,22048,13,460,48728,21008,0.7597084065164097,0.6117682585265867,0.19728465826618685,1575.237004950495,0.703064703877507,MEDIUM,MEDIUM,MEDIUM,5,COST_BASED,COST_BASED,false,false
1,baseline,1,2024,0.0,0.0,DISTRICT_HEATING,PRIVATELY_OWNED,15578,15578,0,15578,0,0.0,0.0,0.0,0.0,0.0,MEDIUM,MEDIUM,MEDIUM,5,COST_BASED,COST_BASED,false,false
1,baseline,1,2025,0.0,0.38738738738738737,DISTRICT_HEATING,PRIVATELY_OWNED,16577,1294,295,16872,11251,0.7673443124121279,0.6018154497645322,0.15645498567871338,1653.2981957159363,0.6913302233339256,MEDIUM,MEDIUM,MEDIUM,5,COST_BASED,COST_BASED,false,false
1,baseline,1,2026,0.0,0.38738738738738737,DISTRICT_HEATING,PRIVATELY_OWNED,18432,2114,259,18986,11246,0.7670029177758728,0.6110392516224404,0.17145172113070298,1691.0111150631335,0.7033766828483538,MEDIUM,MEDIUM,MEDIUM,5,COST_BASED,COST_BASED,false,false
1,baseline,1,2027,0.0,0.38738738738738737,DISTRICT_HEATING,PRIVATELY_OWNED,20261,2097,268,21083,11137,0.7662684217945058,0.6213067618684399,0.19155824852479858,1660.3246834874742,0.7164482562884329,MEDIUM,MEDIUM,MEDIUM,5,COST_BASED,COST_BASED,false,false
1,baseline,1,2028,0.0,0.38738738738738737,DISTRICT_HEATING,PRIVATELY_OWNED,21830,1994,425,23077,11431,0.7650880664348934,0.6128230870568114,0.20932253772263806,1656.9259032455602,0.7017972967611671,MEDIUM,MEDIUM,MEDIUM,5,COST_BASED,COST_BASED,false,false
1,baseline,1,2029,0.0,0.38738738738738737,DISTRICT_HEATING,PRIVATELY_OWNED,23325,2017,522,25094,11321,0.7646631810058604,0.6150639581399251,0.22104010571979915,1668.7706916350146,0.7038001287434527,MEDIUM,MEDIUM,MEDIUM,5,COST_BASED,COST_BASED,false,false
1,baseline,1,2030,0.0,0.43243243243243246,DISTRICT_HEATING,PRIVATELY_OWNED,24219,1574,680,26668,11975,0.76520369074996,0.6088765057289101,0.2354775360605273,1647.9950730688936,0.6925791438983081,MEDIUM,MEDIUM,MEDIUM,5,COST_BASED,COST_BASED,false,false
1,baseline,1,2031,0.0,0.4774774774774775,DISTRICT_HEATING,PRIVATELY_OWNED,25311,2174,1082,28842,12388,0.7658264206806387,0.6337075999562097,0.2443425294565159,1650.9203261220537,0.7285619785820886,MEDIUM,MEDIUM,MEDIUM,5,COST_BASED,COST_BASED,false,false
1,baseline,1,2032,0.0,0.5135135135135135,DISTRICT_HEATING,PRIVATELY_OWNED,26083,1952,1180,30794,12605,0.7654855004655454,0.6191608007174193,0.25528901578494445,1646.9474811582704,0.7054586989866239,MEDIUM,MEDIUM,MEDIUM,5,COST_BASED,COST_BASED,false,false
1,baseline,1,2033,0.0,0.5405405405405406,DISTRICT_HEATING,PRIVATELY_OWNED,26261,1150,972,31944,12330,0.7643709742794579,0.6189092238795106,0.25885898640906924,1645.2109489051095,0.7049137189482693,MEDIUM,MEDIUM,MEDIUM,5,COST_BASED,COST_BASED,false,false
1,baseline,1,2034,0.0,0.5675675675675675,DISTRICT_HEATING,PRIVATELY_OWNED,26276,632,617,32576,13662,0.7648348399314814,0.6199774242696071,0.25649997978963823,1575.2474015517494,0.7066949289478338,MEDIUM,MEDIUM,MEDIUM,5,COST_BASED,COST_BASED,false,false
1,baseline,1,2035,0.0,0.6306306306306306,DISTRICT_HEATING,PRIVATELY_OWNED,26383,698,591,33274,12141,0.7673882098711918,0.6176554599899249,0.25830499137636753,1605.9008318919364,0.7023480135950422,MEDIUM,MEDIUM,MEDIUM,5,COST_BASED,COST_BASED,false,false
1,baseline,1,2036,0.0,0.6396396396396397,DISTRICT_HEATING,PRIVATELY_OWNED,26246,335,472,33609,11386,0.7661980200326592,0.6272301574802532,0.25362826752996215,1651.9101528192516,0.7175921977709662,MEDIUM,MEDIUM,MEDIUM,5,COST_BASED,COST_BASED,false,false
1,baseline,1,2037,0.0,0.6756756756756757,DISTRICT_HEATING,PRIVATELY_OWNED,25889,215,572,33824,7967,0.8131653133425784,0.6267396202007388,0.2760781362197276,1543.341282791515,0.7023083349379964,MEDIUM,MEDIUM,MEDIUM,5,COST_BASED,COST_BASED,false,false
1,baseline,1,2038,0.0,0.6936936936936937,DISTRICT_HEATING,PRIVATELY_OWNED,25516,232,605,34056,6493,0.8160261234743258,0.6255873513620479,0.27352796214883895,1664.6764207608194,0.700183500905884,MEDIUM,MEDIUM,MEDIUM,5,COST_BASED,COST_BASED,false,false
1,baseline,1,2039,0.0,0.6936936936936937,DISTRICT_HEATING,PRIVATELY_OWNED,25285,207,438,34263,5571,0.8244547802909016,0.6379934612948731,0.2752017255017454,1680.6494345718902,0.7164762811818667,MEDIUM,MEDIUM,MEDIUM,5,COST_BASED,COST_BASED,false,false
1,baseline,1,2040,0.0,0.7297297297297297,DISTRICT_HEATING,PRIVATELY_OWNED,24878,32,439,34295,6662,0.7279153530183706,0.5978542796961352,0.19749416662611394,1653.1876313419393,0.6901158104613494,MEDIUM,MEDIUM,MEDIUM,5,COST_BASED,COST_BASED,false,false
1,baseline,1,2041,0.0,0.7837837837837838,DISTRICT_HEATING,PRIVATELY_OWNED,24577,45,346,34340,7550,0.7485547309318629,0.6103507442598524,0.2093115133387319,1717.6573509933776,0.7022234944894692,MEDIUM,MEDIUM,MEDIUM,5,COST_BASED,COST_BASED,false,false
1,baseline,1,2042,0.0,0.8108108108108109,DISTRICT_HEATING,PRIVATELY_OWNED,24319,38,296,34378,6176,0.7222503032632835,0.6054214896314165,0.18604866426274894,1618.5927784974094,0.7043135755984605,MEDIUM,MEDIUM,MEDIUM,5,COST_BASED,COST_BASED,false,false
1,baseline,1,2043,0.0,0.8468468468468469,DISTRICT_HEATING,PRIVATELY_OWNED,23839,11,491,34389,9300,0.7541628155441142,0.610983706927135,0.20723187732831247,1728.2749462365591,0.7020308718386317,MEDIUM,MEDIUM,MEDIUM,5,COST_BASED,COST_BASED,false,false
1,baseline,1,2044,0.0,0.8648648648648649,DISTRICT_HEATING,PRIVATELY_OWNED,23562,8,285,34397,7360,0.7273861408233564,0.6067117241934599,0.17969311339918267,1671.0853260869565,0.7057594119094462,MEDIUM,MEDIUM,MEDIUM,5,COST_BASED,COST_BASED,false,false
1,baseline,1,2045,0.0,0.8648648648648649,DISTRICT_HEATING,PRIVATELY_OWNED,23311,2,253,34399,9829,0.7372291351251414,0.5969424251533608,0.1860846199830988,1696.8616339403804,0.6878457764508698,MEDIUM,MEDIUM,MEDIUM,5,COST_BASED,COST_BASED,false,false
1,baseline,1,2046,0.0,0.8648648648648649,DISTRICT_HEATING,PRIVATELY_OWNED,22999,6,318,34405,9382,0.7241886565244838,0.6160016172223499,0.17707730157795842,1661.723193348966,0.7208205990051648,MEDIUM,MEDIUM,MEDIUM,5,COST_BASED,COST_BASED,false,false
1,baseline,1,2047,0.0,0.8648648648648649,DISTRICT_HEATING,PRIVATELY_OWNED,22744,10,265,34415,10316,0.735031362348926,0.6048241568314152,0.18273920864528798,1670.3742729740209,0.7006359935792301,MEDIUM,MEDIUM,MEDIUM,5,COST_BASED,COST_BASED,false,false
1,baseline,1,2048,0.0,0.8648648648648649,DISTRICT_HEATING,PRIVATELY_OWNED,22362,10,392,34425,11356,0.7510977088209811,0.6111490370484864,0.1935380445829223,1666.9889926030291,0.704756872794629,MEDIUM,MEDIUM,MEDIUM,5,COST_BASED,COST_BASED,false,false
1,baseline,1,2049,0.0,0.8648648648648649,DISTRICT_HEATING,PRIVATELY_OWNED,21930,3,435,34428,13471,0.7592064629031285,0.6133213170657688,0.19892996135249028,1585.1865488827852,0.7053141147038037,MEDIUM,MEDIUM,MEDIUM,5,COST_BASED,COST_BASED,false,false
1,baseline,1,2050,0.0,0.8648648648648649,DISTRICT_HEATING,PRIVATELY_OWNED,21640,12,302,34440,11728,0.7597084065164097,0.6117682585265867,0.19728465826618685,1613.2714017735334,0.703064703877507,MEDIUM,MEDIUM,MEDIUM,5,COST_BASED,COST_BASED,false,false
1,baseline,1,2024,0.0,0.0,DISTRICT_HEATING,SOCIAL_HOUSING,9350,9350,0,9350,0,0.0,0.0,0.0,0.0,0.0,MEDIUM,MEDIUM,MEDIUM,5,COST_BASED,COST_BASED,false,false
1,baseline,1,2025,0.0,0.38738738738738737,DISTRICT_HEATING,SOCIAL_HOUSING,9350,0,0,9350,5061,0.0,0.0,0.0,1532.7599288678127,0.0,MEDIUM,MEDIUM,MEDIUM,5,COST_BASED,COST_BASED,false,false
1,baseline,1,2026,0.0,0.38738738738738737,DISTRICT_HEATING,SOCIAL_HOUSING,8957,0,393,9350,4866,0.0,0.0,0.0,1555.0156185778874,0.0,MEDIUM,MEDIUM,MEDIUM,5,COST_BASED,COST_BASED,false,false
1,baseline,1,2027,0.0,0.38738738738738737,DISTRICT_HEATING,SOCIAL_HOUSING,7887,0,1070,9350,11395,0.0,0.0,0.0,1312.2027204914436,0.0,MEDIUM,MEDIUM,MEDIUM,5,COST_BASED,COST_BASED,false,false
1,baseline,1,2028,0.0,0.38738738738738737,DISTRICT_HEATING,SOCIAL_HOUSING,7887,0,0,9350,7191,0.0,0.0,0.0,1386.4187178417467,0.0,MEDIUM,MEDIUM,MEDIUM,5,COST_BASED,COST_BASED,false,false
1,baseline,1,2029,0.0,0.38738738738738737,DISTRICT_HEATING,SOCIAL_HOUSING,7887,0,0,9350,4804,0.0,0.0,0.0,1450.2926727726895,0.0,MEDIUM,MEDIUM,MEDIUM,5,COST_BASED,COST_BASED,false,false
1,baseline,1,2030,0.0,0.43243243243243246,DISTRICT_HEATING,SOCIAL_HOUSING,6568,0,1319,9350,9209,0.0,0.0,0.0,1471.0963188185472,0.0,MEDIUM,MEDIUM,MEDIUM,5,COST_BASED,COST_BASED,false,false
1,baseline,1,2031,0.0,0.4774774774774775,DISTRICT_HEATING,SOCIAL_HOUSING,6568,0,0,9350,8919,0.0,0.0,0.0,1486.0272452068618,0.0,MEDIUM,MEDIUM,MEDIUM,5,COST_BASED,COST_BASED,false,false
1,baseline,1,2032,0.0,0.5135135135135135,DISTRICT_HEATING,SOCIAL_HOUSING,5001,0,1567,9350,3210,0.0,0.0,0.0,1323.2445482866044,0.0,MEDIUM,MEDIUM,MEDIUM,5,COST_BASED,COST_BASED,false,false
1,baseline,1,2033,0.0,0.5405405405405406,DISTRICT_HEATING,SOCIAL_HOUSING,5001,0,0,9350,5947,0.0,0.0,0.0,1550.6034975617958,0.0,MEDIUM,MEDIUM,MEDIUM,5,COST_BASED,COST_BASED,false,false
1,baseline,1,2034,0.0,0.5675675675675675,DISTRICT_HEATING,SOCIAL_HOUSING,5001,0,0,9350,10488,0.0,0.0,0.0,1472.0492944317316,0.0,MEDIUM,MEDIUM,MEDIUM,5,COST_BASED,COST_BASED,false,false
1,baseline,1,2035,0.0,0.6306306306306306,DISTRICT_HEATING,SOCIAL_HOUSING,4621,0,380,9350,2673,0.0,0.0,0.0,1507.8009726898615,0.0,MEDIUM,MEDIUM,MEDIUM,5,COST_BASED,COST_BASED,false,false
1,baseline,1,2036,0.0,0.6396396396396397,DISTRICT_HEATING,SOCIAL_HOUSING,3500,0,1121,9350,3715,0.0,0.0,0.0,1370.521399730821,0.0,MEDIUM,MEDIUM,MEDIUM,5,COST_BASED,COST_BASED,false,false
1,baseline,1,2037,0.0,0.6756756756756757,DISTRICT_HEATING,SOCIAL_HOUSING,3500,0,0,9350,5061,0.0,0.0,0.0,1523.5398142659553,0.0,MEDIUM,MEDIUM,MEDIUM,5,COST_BASED,COST_BASED,false,false
1,baseline,1,2038,0.0,0.6936936936936937,DISTRICT_HEATING,SOCIAL_HOUSING,2610,0,890,9350,5756,0.0,0.0,0.0,1517.6051077136901,0.0,MEDIUM,MEDIUM,MEDIUM,5,COST_BASED,COST_BASED,false,false
1,baseline,1,2039,0.0,0.6936936936936937,DISTRICT_HEATING,SOCIAL_HOUSING,2610,0,0,9350,11395,0.0,0.0,0.0,1304.9471698113207,0.0,MEDIUM,MEDIUM,MEDIUM,5,COST_BASED,COST_BASED,false,false
1,baseline,1,2040,0.0,0.7297297297297297,DISTRICT_HEATING,SOCIAL_HOUSING,2610,0,0,9350,7191,0.0,0.0,0.0,1380.288833263802,0.0,MEDIUM,MEDIUM,MEDIUM,5,COST_BASED,COST_BASED,false,false
1,baseline,1,2041,0.0,0.7837837837837838,DISTRICT_HEATING,SOCIAL_HOUSING,2610,0,0,9350,4804,0.0,0.0,0.0,1445.214404662781,0.0,MEDIUM,MEDIUM,MEDIUM,5,COST_BASED,COST_BASED,false,false
1,baseline,1,2042,0.0,0.8108108108108109,DISTRICT_HEATING,SOCIAL_HOUSING,1912,0,698,9350,9907,0.0,0.0,0.0,1452.8096295548603,0.0,MEDIUM,MEDIUM,MEDIUM,5,COST_BASED,COST_BASED,false,false
1,baseline,1,2043,0.0,0.8468468468468469,DISTRICT_HEATING,SOCIAL_HOUSING,1912,0,0,9350,8919,0.0,0.0,0.0,1482.704451171656,0.0,MEDIUM,MEDIUM,MEDIUM,5,COST_BASED,COST_BASED,false,false
1,baseline,1,2044,0.0,0.8648648648648649,DISTRICT_HEATING,SOCIAL_HOUSING,1912,0,0,9350,3210,0.0,0.0,0.0,1320.9242990654207,0.0,MEDIUM,MEDIUM,MEDIUM,5,COST_BASED,COST_BASED,false,false
1,baseline,1,2045,0.0,0.8648648648648649,DISTRICT_HEATING,SOCIAL_HOUSING,1912,0,0,9350,5947,0.0,0.0,0.0,1549.1161930385067,0.0,MEDIUM,MEDIUM,MEDIUM,5,COST_BASED,COST_BASED,false,false
1,baseline,1,2046,0.0,0.8648648648648649,DISTRICT_HEATING,SOCIAL_HOUSING,1912,0,0,9350,10488,0.0,0.0,0.0,1471.0498665141113,0.0,MEDIUM,MEDIUM,MEDIUM,5,COST_BASED,COST_BASED,false,false
1,baseline,1,2047,0.0,0.8648648648648649,DISTRICT_HEATING,SOCIAL_HOUSING,1912,0,0,9350,2673,0.0,0.0,0.0,1507.053872053872,0.0,MEDIUM,MEDIUM,MEDIUM,5,COST_BASED,COST_BASED,false,false
1,baseline,1,2048,0.0,0.8648648648648649,DISTRICT_HEATING,SOCIAL_HOUSING,1912,0,0,9350,3715,0.0,0.0,0.0,1370.0586810228801,0.0,MEDIUM,MEDIUM,MEDIUM,5,COST_BASED,COST_BASED,false,false
1,baseline,1,2049,0.0,0.8648648648648649,DISTRICT_HEATING,SOCIAL_HOUSING,0,0,1912,9350,6973,0.0,0.0,0.0,1510.6234045604474,0.0,MEDIUM,MEDIUM,MEDIUM,5,COST_BASED,COST_BASED,false,false
1,baseline,1,2050,0.0,0.8648648648648649,DISTRICT_HEATING,SOCIAL_HOUSING,0,0,0,9350,5756,0.0,0.0,0.0,1517.3589298123698,0.0,MEDIUM,MEDIUM,MEDIUM,5,COST_BASED,COST_BASED,false,false
1,baseline,1,2024,0.0,0.0,DISTRICT_HEATING,PRIVATELY_RENTED,4906,4906,0,4906,0,0.0,0.0,0.0,0.0,0.0,MEDIUM,MEDIUM,MEDIUM,5,COST_BASED,COST_BASED,false,false
1,baseline,1,2025,0.0,0.38738738738738737,DISTRICT_HEATING,PRIVATELY_RENTED,4797,1,110,4907,3643,0.0,0.0,0.0,1558.4622563821026,0.0,MEDIUM,MEDIUM,MEDIUM,5,COST_BASED,COST_BASED,false,false
1,baseline,1,2026,0.0,0.38738738738738737,DISTRICT_HEATING,PRIVATELY_RENTED,4653,0,144,4907,3410,0.0,0.0,0.0,1563.6900293255133,0.0,MEDIUM,MEDIUM,MEDIUM,5,COST_BASED,COST_BASED,false,false
1,baseline,1,2027,0.0,0.38738738738738737,DISTRICT_HEATING,PRIVATELY_RENTED,4562,0,91,4907,3362,0.0,0.0,0.0,1587.628494943486,0.0,MEDIUM,MEDIUM,MEDIUM,5,COST_BASED,COST_BASED,false,false
1,baseline,1,2028,0.0,0.38738738738738737,DISTRICT_HEATING,PRIVATELY_RENTED,4402,1,161,4908,3757,0.0,0.0,0.0,1558.795847750865,0.0,MEDIUM,MEDIUM,MEDIUM,5,COST_BASED,COST_BASED,false,false
1,baseline,1,2029,0.0,0.38738738738738737,DISTRICT_HEATING,PRIVATELY_RENTED,4214,0,188,4908,3494,0.0,0.0,0.0,1550.164281625644,0.0,MEDIUM,MEDIUM,MEDIUM,5,COST_BASED,COST_BASED,false,false
1,baseline,1,2030,0.0,0.43243243243243246,DISTRICT_HEATING,PRIVATELY_RENTED,3986,1,229,4909,3770,0.0,0.0,0.0,1513.3148541114058,0.0,MEDIUM,MEDIUM,MEDIUM,5,COST_BASED,COST_BASED,false,false
1,baseline,1,2031,0.0,0.4774774774774775,DISTRICT_HEATING,PRIVATELY_RENTED,3853,2,135,4911,3557,0.0,0.0,0.0,1546.2465560865899,0.0,MEDIUM,MEDIUM,MEDIUM,5,COST_BASED,COST_BASED,false,false
1,baseline,1,2032,0.0,0.5135135135135135,DISTRICT_HEATING,PRIVATELY_RENTED,3349,1,505,4912,4167,0.0,0.0,0.0,1517.822654187665,0.0,MEDIUM,MEDIUM,MEDIUM,5,COST_BASED,COST_BASED,false,false
1,baseline,1,2033,0.0,0.5405405405405406,DISTRICT_HEATING,PRIVATELY_RENTED,3041,3,311,4915,3656,0.0,0.0,0.0,1547.6843544857768,0.0,MEDIUM,MEDIUM,MEDIUM,5,COST_BASED,COST_BASED,false,false
1,baseline,1,2034,0.0,0.5675675675675675,DISTRICT_HEATING,PRIVATELY_RENTED,2918,1,124,4916,3586,0.0,0.0,0.0,1565.978806469604,0.0,MEDIUM,MEDIUM,MEDIUM,5,COST_BASED,COST_BASED,false,false
1,baseline,1,2035,0.0,0.6306306306306306,DISTRICT_HEATING,PRIVATELY_RENTED,2709,2,211,4918,3481,0.0,0.0,0.0,1571.8256248204539,0.0,MEDIUM,MEDIUM,MEDIUM,5,COST_BASED,COST_BASED,false,false
1,baseline,1,2036,0.0,0.6396396396396397,DISTRICT_HEATING,PRIVATELY_RENTED,2548,0,161,4918,3327,0.0,0.0,0.0,1588.4505560565074,0.0,MEDIUM,MEDIUM,MEDIUM,5,COST_BASED,COST_BASED,false,false
1,baseline,1,2037,0.0,0.6756756756756757,DISTRICT_HEATING,PRIVATELY_RENTED,2422,2,128,4920,3677,0.0,0.0,0.0,1533.9543105792766,0.0,MEDIUM,MEDIUM,MEDIUM,5,COST_BASED,COST_BASED,false,false
1,baseline,1,2038,0.0,0.6936936936936937,DISTRICT_HEATING,PRIVATELY_RENTED,2149,1,274,4921,3508,0.0,0.0,0.0,1530.724629418472,0.0,MEDIUM,MEDIUM,MEDIUM,5,COST_BASED,COST_BASED,false,false
1,baseline,1,2039,0.0,0.6936936936936937,DISTRICT_HEATING,PRIVATELY_RENTED,1897,3,255,4924,3436,0.0,0.0,0.0,1538.1318393480792,0.0,MEDIUM,MEDIUM,MEDIUM,5,COST_BASED,COST_BASED,false,false
1,baseline,1,2040,0.0,0.7297297297297297,DISTRICT_HEATING,PRIVATELY_RENTED,1700,1,198,4925,3417,0.0,0.0,0.0,1557.990342405619,0.0,MEDIUM,MEDIUM,MEDIUM,5,COST_BASED,COST_BASED,false,false
1,baseline,1,2041,0.0,0.7837837837837838,DISTRICT_HEATING,PRIVATELY_RENTED,1529,2,173,4927,3322,0.0,0.0,0.0,1509.7495484647802,0.0,MEDIUM,MEDIUM,MEDIUM,5,COST_BASED,COST_BASED,false,false
1,baseline,1,2042,0.0,0.8108108108108109,DISTRICT_HEATING,PRIVATELY_RENTED,1436,1,94,4928,3478,0.0,0.0,0.0,1481.9910868315123,0.0,MEDIUM,MEDIUM,MEDIUM,5,COST_BASED,COST_BASED,false,false
1,baseline,1,2043,0.0,0.8468468468468469,DISTRICT_HEATING,PRIVATELY_RENTED,1261,3,178,4931,3760,0.0,0.0,0.0,1478.452659574468,0.0,MEDIUM,MEDIUM,MEDIUM,5,COST_BASED,COST_BASED,false,false
1,baseline,1,2044,0.0,0.8648648648648649,DISTRICT_HEATING,PRIVATELY_RENTED,1159,3,105,4934,3956,0.0,0.0,0.0,1500.0432254802831,0.0,MEDIUM,MEDIUM,MEDIUM,5,COST_BASED,COST_BASED,false,false
1,baseline,1,2045,0.0,0.8648648648648649,DISTRICT_HEATING,PRIVATELY_RENTED,1049,1,111,4935,3389,0.0,0.0,0.0,1539.932428444969,0.0,MEDIUM,MEDIUM,MEDIUM,5,COST_BASED,COST_BASED,false,false
1,baseline,1,2046,0.0,0.8648648648648649,DISTRICT_HEATING,PRIVATELY_RENTED,949,0,100,4935,3325,0.0,0.0,0.0,1557.8330827067668,0.0,MEDIUM,MEDIUM,MEDIUM,5,COST_BASED,COST_BASED,false,false
1,baseline,1,2047,0.0,0.8648648648648649,DISTRICT_HEATING,PRIVATELY_RENTED,816,2,135,4937,3342,0.0,0.0,0.0,1552.7600239377618,0.0,MEDIUM,MEDIUM,MEDIUM,5,COST_BASED,COST_BASED,false,false
1,baseline,1,2048,0.0,0.8648648648648649,DISTRICT_HEATING,PRIVATELY_RENTED,644,0,172,4937,3275,0.0,0.0,0.0,1560.1337404580152,0.0,MEDIUM,MEDIUM,MEDIUM,5,COST_BASED,COST_BASED,false,false
1,baseline,1,2049,0.0,0.8648648648648649,DISTRICT_HEATING,PRIVATELY_RENTED,565,0,79,4937,3494,0.0,0.0,0.0,1550.870062965083,0.0,MEDIUM,MEDIUM,MEDIUM,5,COST_BASED,COST_BASED,false,false
1,baseline,1,2050,0.0,0.8648648648648649,DISTRICT_HEATING,PRIVATELY_RENTED,408,1,158,4938,3524,0.0,0.0,0.0,1543.193530079455,0.0,MEDIUM,MEDIUM,MEDIUM,5,COST_BASED,COST_BASED,false,false
1,baseline,1,2024,0.0,0.0,ELECTRIC_HEAT_PUMP,TOTAL,10467,10467,0,10467,0,0.0,0.0,0.0,0.0,0.0,MEDIUM,MEDIUM,MEDIUM,5,COST_BASED,COST_BASED,false,false
1,baseline,1,2025,0.0,0.38738738738738737,ELECTRIC_HEAT_PUMP,TOTAL,13515,3704,656,14171,19955,0.7124642306802813,0.577279499771406,0.09522582099503527,2285.8183412678527,0.6639967367382833,MEDIUM,MEDIUM,MEDIUM,5,COST_BASED,COST_BASED,false,false
1,baseline,1,2026,0.0,0.38738738738738737,ELECTRIC_HEAT_PUMP,TOTAL,16325,3425,615,17596,19522,0.7124643019905915,0.5708987715137295,0.13037511941848004,2256.7395758631287,0.6456383019183262,MEDIUM,MEDIUM,MEDIUM,5,COST_BASED,COST_BASED,false,false
1,baseline,1,2027,0.0,0.38738738738738737,ELECTRIC_HEAT_PUMP,TOTAL,19763,3944,506,21540,25894,0.713669148816604,0.5863434102198017,0.16324699284924324,2033.5640688962694,0.6602860799132337,MEDIUM,MEDIUM,MEDIUM,5,COST_BASED,COST_BASED,false,false
1,baseline,1,2028,0.0,0.38738738738738737,ELECTRIC_HEAT_PUMP,TOTAL,23078,4246,931,25786,22379,0.7147834991999353,0.5854786417048337,0.20295936065132497,2034.9631350819966,0.6487822475944311,MEDIUM,MEDIUM,MEDIUM,5,COST_BASED,COST_BASED,false,false
1,baseline,1,2029,0.0,0.38738738738738737,ELECTRIC_HEAT_PUMP,TOTAL,27146,4628,560,30414,19619,0.715299185748623,0.5876170368229277,0.2436351308480718,2087.8339874611347,0.6416919760852224,MEDIUM,MEDIUM,MEDIUM,5,COST_BASED,COST_BASED,false,false
1,baseline,1,2030,0.0,0.43243243243243246,ELECTRIC_HEAT_PUMP,TOTAL,33191,6557,512,36971,24954,0.7153459955741058,0.6258968449622571,0.2963794878257696,1951.972629638535,0.6859138965934155,MEDIUM,MEDIUM,MEDIUM,5,COST_BASED,COST_BASED,false,false
1,baseline,1,2031,0.0,0.4774774774774775,ELECTRIC_HEAT_PUMP,TOTAL,39456,6792,527,43763,24864,0.7131793189517892,0.6492131882374796,0.36366347186349207,2005.8039736164735,0.7046090846523974,MEDIUM,MEDIUM,MEDIUM,5,COST_BASED,COST_BASED,false,false
1,baseline,1,2032,0.0,0.5135135135135135,ELECTRIC_HEAT_PUMP,TOTAL,45811,6984,629,50747,19982,0.713498833468668,0.6455745535167824,0.4280691426208529,1874.7423180862777,0.6829698362527895,MEDIUM,MEDIUM,MEDIUM,5,COST_BASED,COST_BASED,false,false
1,baseline,1,2033,0.0,0.5405405405405406,ELECTRIC_HEAT_PUMP,TOTAL,51770,6646,687,57393,21933,0.7145779912861663,0.6360697885670674,0.4856075606811219,2000.5538685998267,0.6540582948587809,MEDIUM,MEDIUM,MEDIUM,5,COST_BASED,COST_BASED,false,false
1,baseline,1,2034,0.0,0.5675675675675675,ELECTRIC_HEAT_PUMP,TOTAL,58683,7578,665,64971,27736,0.7161959977910769,0.6759833317413875,0.534661799186351,1858.2125396596482,0.7012605483677294,MEDIUM,MEDIUM,MEDIUM,5,COST_BASED,COST_BASED,false,false
1,baseline,1,2035,0.0,0.6306306306306306,ELECTRIC_HEAT_PUMP,TOTAL,64458,6593,818,71564,18295,0.7123686391742781,0.6602442230582674,0.5674144214128819,1880.8191309100848,0.6704205694406088,MEDIUM,MEDIUM,MEDIUM,5,COST_BASED,COST_BASED,false,false
1,baseline,1,2036,0.0,0.6396396396396397,ELECTRIC_HEAT_PUMP,TOTAL,69866,6206,798,77770,18428,0.7138088008976101,0.6634215924054713,0.595602243131734,1825.9609290210549,0.6677796276008692,MEDIUM,MEDIUM,MEDIUM,5,COST_BASED,COST_BASED,false,false
1,baseline,1,2037,0.0,0.6756756756756757,ELECTRIC_HEAT_PUMP,TOTAL,71578,3092,1380,80862,16705,0.655254517308501,0.6331687376784867,0.47632878226133885,1802.7058365758755,0.6668572816252694,MEDIUM,MEDIUM,MEDIUM,5,COST_BASED,COST_BASED,false,false
1,baseline,1,2038,0.0,0.6936936936936937,ELECTRIC_HEAT_PUMP,TOTAL,73377,2472,673,83334,15757,0.6473267525385084,0.6116446143422889,0.4660911223772413,1729.3663133845275,0.6391124527844951,MEDIUM,MEDIUM,MEDIUM,5,COST_BASED,COST_BASED,false,false
1,baseline,1,2039,0.0,0.6936936936936937,ELECTRIC_HEAT_PUMP,TOTAL,74740,1873,510,85207,20402,0.6358304603473561,0.6165141576521259,0.4340631845172557,1617.4487795314185,0.6572978252620366,MEDIUM,MEDIUM,MEDIUM,5,COST_BASED,COST_BASED,false,false
1,baseline,1,2040,0.0,0.7297297297297297,ELECTRIC_HEAT_PUMP,TOTAL,75364,4328,3704,89535,17270,0.7416530388347801,0.6984883682714611,0.7003397826312275,1506.7587724377534,0.6872343470406911,MEDIUM,MEDIUM,MEDIUM,5,COST_BASED,COST_BASED,false,false
1,baseline,1,2041,0.0,0.7837837837837838,ELECTRIC_HEAT_PUMP,TOTAL,76331,4392,3425,93927,15676,0.72255984228689,0.6825981718536857,0.6422610035723416,1646.572020923705,0.6826920463157251,MEDIUM,MEDIUM,MEDIUM,5,COST_BASED,COST_BASED,false,false
1,baseline,1,2042,0.0,0.8108108108108109,ELECTRIC_HEAT_PUMP,TOTAL,76469,4082,3944,98009,19561,0.7454533345379434,0.7208765449674415,0.7073781118716096,1457.7148407545626,0.7181069558487736,MEDIUM,MEDIUM,MEDIUM,5,COST_BASED,COST_BASED,false,false
1,baseline,1,2043,0.0,0.8468468468468469,ELECTRIC_HEAT_PUMP,TOTAL,77494,5271,4246,103280,21979,0.7192773699692012,0.7015534266722651,0.625829688835196,1567.5088038582282,0.7160533753073002,MEDIUM,MEDIUM,MEDIUM,5,COST_BASED,COST_BASED,false,false
1,baseline,1,2044,0.0,0.8648648648648649,ELECTRIC_HEAT_PUMP,TOTAL,77740,4874,4628,108154,14526,0.7437793827574065,0.7222231287260351,0.7074699222167886,1530.0100509431365,0.7205223668455039,MEDIUM,MEDIUM,MEDIUM,5,COST_BASED,COST_BASED,false,false
1,baseline,1,2045,0.0,0.8648648648648649,ELECTRIC_HEAT_PUMP,TOTAL,77664,6481,6557,114635,19165,0.7407327958436641,0.7467619099607353,0.7016864814845634,1501.8048004174277,0.7595380456090455,MEDIUM,MEDIUM,MEDIUM,5,COST_BASED,COST_BASED,false,false
1,baseline,1,2046,0.0,0.8648648648648649,ELECTRIC_HEAT_PUMP,TOTAL,77574,6702,6792,121337,23195,0.7555320637476002,0.7673254509065893,0.7449837829596476,1561.6844578572968,0.775859214683067,MEDIUM,MEDIUM,MEDIUM,5,COST_BASED,COST_BASED,false,false
1,baseline,1,2047,0.0,0.8648648648648649,ELECTRIC_HEAT_PUMP,TOTAL,77541,6951,6984,128288,16331,0.7459986003071432,0.7255116436494966,0.7071529218503733,1502.9659543200048,0.7249795849348644,MEDIUM,MEDIUM,MEDIUM,5,COST_BASED,COST_BASED,false,false
1,baseline,1,2048,0.0,0.8648648648648649,ELECTRIC_HEAT_PUMP,TOTAL,77802,6907,6646,135195,18346,0.7293734735706772,0.71658623220671,0.6474369926891077,1466.3919655510738,0.7306767317451224,MEDIUM,MEDIUM,MEDIUM,5,COST_BASED,COST_BASED,false,false
1,baseline,1,2049,0.0,0.8648648648648649,ELECTRIC_HEAT_PUMP,TOTAL,77990,7766,7578,142961,23938,0.7215442288772341,0.7160619704920463,0.6185061415999785,1429.7091235692205,0.7390803631187579,MEDIUM,MEDIUM,MEDIUM,5,COST_BASED,COST_BASED,false,false
1,baseline,1,2050,0.0,0.8648648648648649,ELECTRIC_HEAT_PUMP,TOTAL,78133,6736,6593,149697,21008,0.7196267676590267,0.7021693079888164,0.614202356716577,1398.0914413556743,0.7197966808893264,MEDIUM,MEDIUM,MEDIUM,5,COST_BASED,COST_BASED,false,false
1,baseline,1,2024,0.0,0.0,ELECTRIC_HEAT_PUMP,PRIVATELY_OWNED,8282,8282,0,8282,0,0.0,0.0,0.0,0.0,0.0,MEDIUM,MEDIUM,MEDIUM,5,COST_BASED,COST_BASED,false,false
1,baseline,1,2025,0.0,0.38738738738738737,ELECTRIC_HEAT_PUMP,PRIVATELY_OWNED,11509,3704,477,11986,11251,0.7124642306802813,0.577279499771406,0.09522582099503527,2312.551328770776,0.6639967367382833,MEDIUM,MEDIUM,MEDIUM,5,COST_BASED,COST_BASED,false,false
1,baseline,1,2026,0.0,0.38738738738738737,ELECTRIC_HEAT_PUMP,PRIVATELY_OWNED,14462,3425,472,15411,11246,0.7124643019905915,0.5708987715137295,0.13037511941848004,2295.977592032723,0.6456383019183262,MEDIUM,MEDIUM,MEDIUM,5,COST_BASED,COST_BASED,false,false
1,baseline,1,2027,0.0,0.38738738738738737,ELECTRIC_HEAT_PUMP,PRIVATELY_OWNED,17999,3944,407,19355,11137,0.713669148816604,0.5863434102198017,0.16324699284924324,2225.240729101194,0.6602860799132337,MEDIUM,MEDIUM,MEDIUM,5,COST_BASED,COST_BASED,false,false
1,baseline,1,2028,0.0,0.38738738738738737,ELECTRIC_HEAT_PUMP,PRIVATELY_OWNED,21706,4246,539,23601,11431,0.7147834991999353,0.5854786417048337,0.20295936065132497,2164.9324643513255,0.6487822475944311,MEDIUM,MEDIUM,MEDIUM,5,COST_BASED,COST_BASED,false,false
1,baseline,1,2029,0.0,0.38738738738738737,ELECTRIC_HEAT_PUMP,PRIVATELY_OWNED,25908,4628,426,28229,11321,0.715299185748623,0.5876170368229277,0.2436351308480718,2127.4801695963256,0.6416919760852224,MEDIUM,MEDIUM,MEDIUM,5,COST_BASED,COST_BASED,false,false
1,baseline,1,2030,0.0,0.43243243243243246,ELECTRIC_HEAT_PUMP,PRIVATELY_OWNED,32075,6557,390,34786,11975,0.7153459955741058,0.6258968449622571,0.2963794878257696,2069.10630480167,0.6859138965934155,MEDIUM,MEDIUM,MEDIUM,5,COST_BASED,COST_BASED,false,false
1,baseline,1,2031,0.0,0.4774774774774775,ELECTRIC_HEAT_PUMP,PRIVATELY_OWNED,38444,6792,423,41578,12388,0.7131793189517892,0.6492131882374796,0.36366347186349207,2035.632063287052,0.7046090846523974,MEDIUM,MEDIUM,MEDIUM,5,COST_BASED,COST_BASED,false,false
1,baseline,1,2032,0.0,0.5135135135135135,ELECTRIC_HEAT_PUMP,PRIVATELY_OWNED,44925,6984,503,48562,12605,0.713498833468668,0.6455745535167824,0.4280691426208529,1987.3001190003968,0.6829698362527895,MEDIUM,MEDIUM,MEDIUM,5,COST_BASED,COST_BASED,false,false
1,baseline,1,2033,0.0,0.5405405405405406,ELECTRIC_HEAT_PUMP,PRIVATELY_OWNED,51046,6646,525,55208,12330,0.7145779912861663,0.6360697885670674,0.4856075606811219,1963.3841849148419,0.6540582948587809,MEDIUM,MEDIUM,MEDIUM,5,COST_BASED,COST_BASED,false,false
1,baseline,1,2034,0.0,0.5675675675675675,ELECTRIC_HEAT_PUMP,PRIVATELY_OWNED,58083,7578,541,62786,13662,0.7161959977910769,0.6759833317413875,0.534661799186351,1856.3833260137608,0.7012605483677294,MEDIUM,MEDIUM,MEDIUM,5,COST_BASED,COST_BASED,false,false
1,baseline,1,2035,0.0,0.6306306306306306,ELECTRIC_HEAT_PUMP,PRIVATELY_OWNED,64020,6593,656,69379,12141,0.7123686391742781,0.6602442230582674,0.5674144214128819,1870.1513878593196,0.6704205694406088,MEDIUM,MEDIUM,MEDIUM,5,COST_BASED,COST_BASED,false,false
1,baseline,1,2036,0.0,0.6396396396396397,ELECTRIC_HEAT_PUMP,PRIVATELY_OWNED,69557,6206,669,75585,11386,0.7138088008976101,0.6634215924054713,0.595602243131734,1919.136834709292,0.6677796276008692,MEDIUM,MEDIUM,MEDIUM,5,COST_BASED,COST_BASED,false,false
1,baseline,1,2037,0.0,0.6756756756756757,ELECTRIC_HEAT_PUMP,PRIVATELY_OWNED,71376,3092,1273,78677,7967,0.655254517308501,0.6331687376784867,0.47632878226133885,1758.442952177733,0.6668572816252694,MEDIUM,MEDIUM,MEDIUM,5,COST_BASED,COST_BASED,false,false
1,baseline,1,2038,0.0,0.6936936936936937,ELECTRIC_HEAT_PUMP,PRIVATELY_OWNED,73282,2472,566,81149,6493,0.6473267525385084,0.6116446143422889,0.4660911223772413,1927.7391036500846,0.6391124527844951,MEDIUM,MEDIUM,MEDIUM,5,COST_BASED,COST_BASED,false,false
1,baseline,1,2039,0.0,0.6936936936936937,ELECTRIC_HEAT_PUMP,PRIVATELY_OWNED,74740,1873,415,83022,5571,0.6358304603473561,0.6165141576521259,0.4340631845172557,1952.8865553760545,0.6572978252620366,MEDIUM,MEDIUM,MEDIUM,5,COST_BASED,COST_BASED,false,false
1,baseline,1,2040,0.0,0.7297297297297297,ELECTRIC_HEAT_PUMP,PRIVATELY_OWNED,75364,4328,3704,87350,6662,0.7416530388347801,0.6984883682714611,0.7003397826312275,1670.4163914740318,0.6872343470406911,MEDIUM,MEDIUM,MEDIUM,5,COST_BASED,COST_BASED,false,false
1,baseline,1,2041,0.0,0.7837837837837838,ELECTRIC_HEAT_PUMP,PRIVATELY_OWNED,76331,4392,3425,91742,7550,0.72255984228689,0.6825981718536857,0.6422610035723416,1765.1944370860926,0.6826920463157251,MEDIUM,MEDIUM,MEDIUM,5,COST_BASED,COST_BASED,false,false
1,baseline,1,2042,0.0,0.8108108108108109,ELECTRIC_HEAT_PUMP,PRIVATELY_OWNED,76469,4082,3944,95824,6176,0.7454533345379434,0.7208765449674415,0.7073781118716096,1563.3916774611398,0.7181069558487736,MEDIUM,MEDIUM,MEDIUM,5,COST_BASED,COST_BASED,false,false
1,baseline,1,2043,0.0,0.8468468468468469,ELECTRIC_HEAT_PUMP,PRIVATELY_OWNED,77494,5271,4246,101095,9300,0.7192773699692012,0.7015534266722651,0.625829688835196,1662.5066666666667,0.7160533753073002,MEDIUM,MEDIUM,MEDIUM,5,COST_BASED,COST_BASED,false,false
1,baseline,1,2044,0.0,0.8648648648648649,ELECTRIC_HEAT_PUMP,PRIVATELY_OWNED,77740,4874,4628,105969,7360,0.7437793827574065,0.7222231287260351,0.7074699222167886,1534.6008152173913,0.7205223668455039,MEDIUM,MEDIUM,MEDIUM,5,COST_BASED,COST_BASED,false,false
1,baseline,1,2045,0.0,0.8648648648648649,ELECTRIC_HEAT_PUMP,PRIVATELY_OWNED,77664,6481,6557,112450,9829,0.7407327958436641,0.7467619099607353,0.7016864814845634,1551.5549903347237,0.7595380456090455,MEDIUM,MEDIUM,MEDIUM,5,COST_BASED,COST_BASED,false,false
1,baseline,1,2046,0.0,0.8648648648648649,ELECTRIC_HEAT_PUMP,PRIVATELY_OWNED,77573,6701,6792,119151,9382,0.7555320637476002,0.7673254509065893,0.7449837829596476,1495.6513536559369,0.775859214683067,MEDIUM,MEDIUM,MEDIUM,5,COST_BASED,COST_BASED,false,false
1,baseline,1,2047,0.0,0.8648648648648649,ELECTRIC_HEAT_PUMP,PRIVATELY_OWNED,77540,6951,6984,126102,10316,0.7459986003071432,0.7255116436494966,0.7071529218503733,1486.48332687088,0.7249795849348644,MEDIUM,MEDIUM,MEDIUM,5,COST_BASED,COST_BASED,false,false
1,baseline,1,2048,0.0,0.8648648648648649,ELECTRIC_HEAT_PUMP,PRIVATELY_OWNED,77801,6907,6646,133009,11356,0.7293734735706772,0.71658623220671,0.6474369926891077,1484.9407361747094,0.7306767317451224,MEDIUM,MEDIUM,MEDIUM,5,COST_BASED,COST_BASED,false,false
1,baseline,1,2049,0.0,0.8648648648648649,ELECTRIC_HEAT_PUMP,PRIVATELY_OWNED,77989,7766,7578,140775,13471,0.7215442288772341,0.7160619704920463,0.6185061415999785,1381.3664167470863,0.7390803631187579,MEDIUM,MEDIUM,MEDIUM,5,COST_BASED,COST_BASED,false,false
1,baseline,1,2050,0.0,0.8648648648648649,ELECTRIC_HEAT_PUMP,PRIVATELY_OWNED,78132,6736,6593,147511,11728,0.7196267676590267,0.7021693079888164,0.614202356716577,1405.0342769440656,0.7197966808893264,MEDIUM,MEDIUM,MEDIUM,5,COST_BASED,COST_BASED,false,false
1,baseline,1,2024,0.0,0.0,ELECTRIC_HEAT_PUMP,SOCIAL_HOUSING,42,42,0,42,0,0.0,0.0,0.0,0.0,0.0,MEDIUM,MEDIUM,MEDIUM,5,COST_BASED,COST_BASED,false,false
1,baseline,1,2025,0.0,0.38738738738738737,ELECTRIC_HEAT_PUMP,SOCIAL_HOUSING,42,0,0,42,5061,0.0,0.0,0.0,2247.6961074886385,0.0,MEDIUM,MEDIUM,MEDIUM,5,COST_BASED,COST_BASED,false,false
1,baseline,1,2026,0.0,0.38738738738738737,ELECTRIC_HEAT_PUMP,SOCIAL_HOUSING,42,0,0,42,4866,0.0,0.0,0.0,2199.431771475545,0.0,MEDIUM,MEDIUM,MEDIUM,5,COST_BASED,COST_BASED,false,false
1,baseline,1,2027,0.0,0.38738738738738737,ELECTRIC_HEAT_PUMP,SOCIAL_HOUSING,42,0,0,42,11395,0.0,0.0,0.0,1791.8743308468627,0.0,MEDIUM,MEDIUM,MEDIUM,5,COST_BASED,COST_BASED,false,false
1,baseline,1,2028,0.0,0.38738738738738737,ELECTRIC_HEAT_PUMP,SOCIAL_HOUSING,42,0,0,42,7191,0.0,0.0,0.0,1814.9058545403977,0.0,MEDIUM,MEDIUM,MEDIUM,5,COST_BASED,COST_BASED,false,false
1,baseline,1,2029,0.0,0.38738738738738737,ELECTRIC_HEAT_PUMP,SOCIAL_HOUSING,42,0,0,42,4804,0.0,0.0,0.0,2005.8397169025811,0.0,MEDIUM,MEDIUM,MEDIUM,5,COST_BASED,COST_BASED,false,false
1,baseline,1,2030,0.0,0.43243243243243246,ELECTRIC_HEAT_PUMP,SOCIAL_HOUSING,0,0,42,42,9209,0.0,0.0,0.0,1794.1818872841786,0.0,MEDIUM,MEDIUM,MEDIUM,5,COST_BASED,COST_BASED,false,false
1,baseline,1,2031,0.0,0.4774774774774775,ELECTRIC_HEAT_PUMP,SOCIAL_HOUSING,0,0,0,42,8919,0.0,0.0,0.0,1964.4188810404753,0.0,MEDIUM,MEDIUM,MEDIUM,5,COST_BASED,COST_BASED,false,false
1,baseline,1,2032,0.0,0.5135135135135135,ELECTRIC_HEAT_PUMP,SOCIAL_HOUSING,0,0,0,42,3210,0.0,0.0,0.0,1393.0018691588784,0.0,MEDIUM,MEDIUM,MEDIUM,5,COST_BASED,COST_BASED,false,false
1,baseline,1,2033,0.0,0.5405405405405406,ELECTRIC_HEAT_PUMP,SOCIAL_HOUSING,0,0,0,42,5947,0.0,0.0,0.0,2118.8200773499243,0.0,MEDIUM,MEDIUM,MEDIUM,5,COST_BASED,COST_BASED,false,false
1,baseline,1,2034,0.0,0.5675675675675675,ELECTRIC_HEAT_PUMP,SOCIAL_HOUSING,0,0,0,42,10488,0.0,0.0,0.0,1831.8058733791,0.0,MEDIUM,MEDIUM,MEDIUM,5,COST_BASED,COST_BASED,false,false
1,baseline,1,2035,0.0,0.6306306306306306,ELECTRIC_HEAT_PUMP,SOCIAL_HOUSING,0,0,0,42,2673,0.0,0.0,0.0,1879.2326973438085,0.0,MEDIUM,MEDIUM,MEDIUM,5,COST_BASED,COST_BASED,false,false
1,baseline,1,2036,0.0,0.6396396396396397,ELECTRIC_HEAT_PUMP,SOCIAL_HOUSING,0,0,0,42,3715,0.0,0.0,0.0,1456.8239569313594,0.0,MEDIUM,MEDIUM,MEDIUM,5,COST_BASED,COST_BASED,false,false
1,baseline,1,2037,0.0,0.6756756756756757,ELECTRIC_HEAT_PUMP,SOCIAL_HOUSING,0,0,0,42,5061,0.0,0.0,0.0,1837.282750444576,0.0,MEDIUM,MEDIUM,MEDIUM,5,COST_BASED,COST_BASED,false,false
1,baseline,1,2038,0.0,0.6936936936936937,ELECTRIC_HEAT_PUMP,SOCIAL_HOUSING,0,0,0,42,5756,0.0,0.0,0.0,1450.2135163307853,0.0,MEDIUM,MEDIUM,MEDIUM,5,COST_BASED,COST_BASED,false,false
1,baseline,1,2039,0.0,0.6936936936936937,ELECTRIC_HEAT_PUMP,SOCIAL_HOUSING,0,0,0,42,11395,0.0,0.0,0.0,1387.2720491443615,0.0,MEDIUM,MEDIUM,MEDIUM,5,COST_BASED,COST_BASED,false,false
1,baseline,1,2040,0.0,0.7297297297297297,ELECTRIC_HEAT_PUMP,SOCIAL_HOUSING,0,0,0,42,7191,0.0,0.0,0.0,1201.1777221526909,0.0,MEDIUM,MEDIUM,MEDIUM,5,COST_BASED,COST_BASED,false,false
1,baseline,1,2041,0.0,0.7837837837837838,ELECTRIC_HEAT_PUMP,SOCIAL_HOUSING,0,0,0,42,4804,0.0,0.0,0.0,1375.1490424646129,0.0,MEDIUM,MEDIUM,MEDIUM,5,COST_BASED,COST_BASED,false,false
1,baseline,1,2042,0.0,0.8108108108108109,ELECTRIC_HEAT_PUMP,SOCIAL_HOUSING,0,0,0,42,9907,0.0,0.0,0.0,1301.4658322398304,0.0,MEDIUM,MEDIUM,MEDIUM,5,COST_BASED,COST_BASED,false,false
1,baseline,1,2043,0.0,0.8468468468468469,ELECTRIC_HEAT_PUMP,SOCIAL_HOUSING,0,0,0,42,8919,0.0,0.0,0.0,1429.055611615652,0.0,MEDIUM,MEDIUM,MEDIUM,5,COST_BASED,COST_BASED,false,false
1,baseline,1,2044,0.0,0.8648648648648649,ELECTRIC_HEAT_PUMP,SOCIAL_HOUSING,0,0,0,42,3210,0.0,0.0,0.0,1326.3411214953271,0.0,MEDIUM,MEDIUM,MEDIUM,5,COST_BASED,COST_BASED,false,false
1,baseline,1,2045,0.0,0.8648648648648649,ELECTRIC_HEAT_PUMP,SOCIAL_HOUSING,0,0,0,42,5947,0.0,0.0,0.0,1294.2434841096351,0.0,MEDIUM,MEDIUM,MEDIUM,5,COST_BASED,COST_BASED,false,false
1,baseline,1,2046,0.0,0.8648648648648649,ELECTRIC_HEAT_PUMP,SOCIAL_HOUSING,0,0,0,42,10488,0.0,0.0,0.0,1565.1610411899314,0.0,MEDIUM,MEDIUM,MEDIUM,5,COST_BASED,COST_BASED,false,false
1,baseline,1,2047,0.0,0.8648648648648649,ELECTRIC_HEAT_PUMP,SOCIAL_HOUSING,0,0,0,42,2673,0.0,0.0,0.0,1357.5993265993266,0.0,MEDIUM,MEDIUM,MEDIUM,5,COST_BASED,COST_BASED,false,false
1,baseline,1,2048,0.0,0.8648648648648649,ELECTRIC_HEAT_PUMP,SOCIAL_HOUSING,0,0,0,42,3715,0.0,0.0,0.0,1240.6586810228803,0.0,MEDIUM,MEDIUM,MEDIUM,5,COST_BASED,COST_BASED,false,false
1,baseline,1,2049,0.0,0.8648648648648649,ELECTRIC_HEAT_PUMP,SOCIAL_HOUSING,0,0,0,42,6973,0.0,0.0,0.0,1411.9189731822744,0.0,MEDIUM,MEDIUM,MEDIUM,5,COST_BASED,COST_BASED,false,false
1,baseline,1,2050,0.0,0.8648648648648649,ELECTRIC_HEAT_PUMP,SOCIAL_HOUSING,0,0,0,42,5756,0.0,0.0,0.0,1264.437804030577,0.0,MEDIUM,MEDIUM,MEDIUM,5,COST_BASED,COST_BASED,false,false
1,baseline,1,2024,0.0,0.0,ELECTRIC_HEAT_PUMP,PRIVATELY_RENTED,2143,2143,0,2143,0,0.0,0.0,0.0,0.0,0.0,MEDIUM,MEDIUM,MEDIUM,5,COST_BASED,COST_BASED,false,false
1,baseline,1,2025,0.0,0.38738738738738737,ELECTRIC_HEAT_PUMP,PRIVATELY_RENTED,1964,0,179,2143,3643,0.0,0.0,0.0,2256.2174032390885,0.0,MEDIUM,MEDIUM,MEDIUM,5,COST_BASED,COST_BASED,false,false
1,baseline,1,2026,0.0,0.38738738738738737,ELECTRIC_HEAT_PUMP,PRIVATELY_RENTED,1821,0,143,2143,3410,0.0,0.0,0.0,2209.1117302052785,0.0,MEDIUM,MEDIUM,MEDIUM,5,COST_BASED,COST_BASED,false,false
1,baseline,1,2027,0.0,0.38738738738738737,ELECTRIC_HEAT_PUMP,PRIVATELY_RENTED,1722,0,99,2143,3362,0.0,0.0,0.0,2217.785246876859,0.0,MEDIUM,MEDIUM,MEDIUM,5,COST_BASED,COST_BASED,false,false
1,baseline,1,2028,0.0,0.38738738738738737,ELECTRIC_HEAT_PUMP,PRIVATELY_RENTED,1330,0,392,2143,3757,0.0,0.0,0.0,2060.715730636146,0.0,MEDIUM,MEDIUM,MEDIUM,5,COST_BASED,COST_BASED,false,false
1,baseline,1,2029,0.0,0.38738738738738737,ELECTRIC_HEAT_PUMP,PRIVATELY_RENTED,1196,0,134,2143,3494,0.0,0.0,0.0,2072.1116199198627,0.0,MEDIUM,MEDIUM,MEDIUM,5,COST_BASED,COST_BASED,false,false
1,baseline,1,2030,0.0,0.43243243243243246,ELECTRIC_HEAT_PUMP,PRIVATELY_RENTED,1116,0,80,2143,3770,0.0,0.0,0.0,1965.3464190981433,0.0,MEDIUM,MEDIUM,MEDIUM,5,COST_BASED,COST_BASED,false,false
1,baseline,1,2031,0.0,0.4774774774774775,ELECTRIC_HEAT_PUMP,PRIVATELY_RENTED,1012,0,104,2143,3557,0.0,0.0,0.0,2005.6924374472871,0.0,MEDIUM,MEDIUM,MEDIUM,5,COST_BASED,COST_BASED,false,false
1,baseline,1,2032,0.0,0.5135135135135135,ELECTRIC_HEAT_PUMP,PRIVATELY_RENTED,886,0,126,2143,4167,0.0,0.0,0.0,1905.3628509719222,0.0,MEDIUM,MEDIUM,MEDIUM,5,COST_BASED,COST_BASED,false,false
1,baseline,1,2033,0.0,0.5405405405405406,ELECTRIC_HEAT_PUMP,PRIVATELY_RENTED,724,0,162,2143,3656,0.0,0.0,0.0,1933.5333698030634,0.0,MEDIUM,MEDIUM,MEDIUM,5,COST_BASED,COST_BASED,false,false
1,baseline,1,2034,0.0,0.5675675675675675,ELECTRIC_HEAT_PUMP,PRIVATELY_RENTED,600,0,124,2143,3586,0.0,0.0,0.0,1942.4132738427218,0.0,MEDIUM,MEDIUM,MEDIUM,5,COST_BASED,COST_BASED,false,false
1,baseline,1,2035,0.0,0.6306306306306306,ELECTRIC_HEAT_PUMP,PRIVATELY_RENTED,438,0,162,2143,3481,0.0,0.0,0.0,1919.2441827061189,0.0,MEDIUM,MEDIUM,MEDIUM,5,COST_BASED,COST_BASED,false,false
1,baseline,1,2036,0.0,0.6396396396396397,ELECTRIC_HEAT_PUMP,PRIVATELY_RENTED,309,0,129,2143,3327,0.0,0.0,0.0,1919.2711151187257,0.0,MEDIUM,MEDIUM,MEDIUM,5,COST_BASED,COST_BASED,false,false
1,baseline,1,2037,0.0,0.6756756756756757,ELECTRIC_HEAT_PUMP,PRIVATELY_RENTED,202,0,107,2143,3677,0.0,0.0,0.0,1851.0193092194725,0.0,MEDIUM,MEDIUM,MEDIUM,5,COST_BASED,COST_BASED,false,false
1,baseline,1,2038,0.0,0.6936936936936937,ELECTRIC_HEAT_PUMP,PRIVATELY_RENTED,95,0,107,2143,3508,0.0,0.0,0.0,1820.2354618015963,0.0,MEDIUM,MEDIUM,MEDIUM,5,COST_BASED,COST_BASED,false,false
1,baseline,1,2039,0.0,0.6936936936936937,ELECTRIC_HEAT_PUMP,PRIVATELY_RENTED,0,0,95,2143,3436,0.0,0.0,0.0,1836.930733410943,0.0,MEDIUM,MEDIUM,MEDIUM,5,COST_BASED,COST_BASED,false,false
1,baseline,1,2040,0.0,0.7297297297297297,ELECTRIC_HEAT_PUMP,PRIVATELY_RENTED,0,0,0,2143,3417,0.0,0.0,0.0,1830.7699736611062,0.0,MEDIUM,MEDIUM,MEDIUM,5,COST_BASED,COST_BASED,false,false
1,baseline,1,2041,0.0,0.7837837837837838,ELECTRIC_HEAT_PUMP,PRIVATELY_RENTED,0,0,0,2143,3322,0.0,0.0,0.0,1769.4849488260083,0.0,MEDIUM,MEDIUM,MEDIUM,5,COST_BASED,COST_BASED,false,false
1,baseline,1,2042,0.0,0.8108108108108109,ELECTRIC_HEAT_PUMP,PRIVATELY_RENTED,0,0,0,2143,3478,0.0,0.0,0.0,1715.132547441058,0.0,MEDIUM,MEDIUM,MEDIUM,5,COST_BASED,COST_BASED,false,false
1,baseline,1,2043,0.0,0.8468468468468469,ELECTRIC_HEAT_PUMP,PRIVATELY_RENTED,0,0,0,2143,3760,0.0,0.0,0.0,1660.9619680851065,0.0,MEDIUM,MEDIUM,MEDIUM,5,COST_BASED,COST_BASED,false,false
1,baseline,1,2044,0.0,0.8648648648648649,ELECTRIC_HEAT_PUMP,PRIVATELY_RENTED,0,0,0,2143,3956,0.0,0.0,0.0,1686.7312942366027,0.0,MEDIUM,MEDIUM,MEDIUM,5,COST_BASED,COST_BASED,false,false
1,baseline,1,2045,0.0,0.8648648648648649,ELECTRIC_HEAT_PUMP,PRIVATELY_RENTED,0,0,0,2143,3389,0.0,0.0,0.0,1721.7435821776335,0.0,MEDIUM,MEDIUM,MEDIUM,5,COST_BASED,COST_BASED,false,false
1,baseline,1,2046,0.0,0.8648648648648649,ELECTRIC_HEAT_PUMP,PRIVATELY_RENTED,1,1,0,2144,3325,0.0,0.0,0.0,1737.0409022556391,0.0,MEDIUM,MEDIUM,MEDIUM,5,COST_BASED,COST_BASED,false,false
1,baseline,1,2047,0.0,0.8648648648648649,ELECTRIC_HEAT_PUMP,PRIVATELY_RENTED,1,0,0,2144,3342,0.0,0.0,0.0,1670.1113105924596,0.0,MEDIUM,MEDIUM,MEDIUM,5,COST_BASED,COST_BASED,false,false
1,baseline,1,2048,0.0,0.8648648648648649,ELECTRIC_HEAT_PUMP,PRIVATELY_RENTED,1,0,0,2144,3275,0.0,0.0,0.0,1658.1352671755726,0.0,MEDIUM,MEDIUM,MEDIUM,5,COST_BASED,COST_BASED,false,false
1,baseline,1,2049,0.0,0.8648648648648649,ELECTRIC_HEAT_PUMP,PRIVATELY_RENTED,1,0,0,2144,3494,0.0,0.0,0.0,1651.5967372638809,0.0,MEDIUM,MEDIUM,MEDIUM,5,COST_BASED,COST_BASED,false,false
1,baseline,1,2050,0.0,0.8648648648648649,ELECTRIC_HEAT_PUMP,PRIVATELY_RENTED,1,0,0,2144,3524,0.0,0.0,0.0,1593.2914301929625,0.0,MEDIUM,MEDIUM,MEDIUM,5,COST_BASED,COST_BASED,false,false
1,baseline,1,2024,0.0,0.0,HYBRID_HEAT_PUMP,TOTAL,1904,1904,0,1904,0,0.0,0.0,0.0,0.0,0.0,MEDIUM,MEDIUM,MEDIUM,5,COST_BASED,COST_BASED,false,false
1,baseline,1,2025,0.0,0.38738738738738737,HYBRID_HEAT_PUMP,TOTAL,2273,498,129,2402,19955,0.7673443124121279,0.5668591187042312,0.015554137163481948,1727.5137559508894,0.6545640656624426,MEDIUM,MEDIUM,MEDIUM,5,COST_BASED,COST_BASED,false,false
1,baseline,1,2026,0.0,0.38738738738738737,HYBRID_HEAT_PUMP,TOTAL,2951,788,110,3190,19522,0.7670029177758728,0.5722320537348409,0.018256044629169195,1701.2267185739165,0.6620333400009993,MEDIUM,MEDIUM,MEDIUM,5,COST_BASED,COST_BASED,false,false
1,baseline,1,2027,0.0,0.38738738738738737,HYBRID_HEAT_PUMP,TOTAL,3606,769,114,3959,25894,0.7662684217945058,0.5799013947764193,0.02188908129652232,1547.9713060940758,0.6728127163918693,MEDIUM,MEDIUM,MEDIUM,5,COST_BASED,COST_BASED,false,false
1,baseline,1,2028,0.0,0.38738738738738737,HYBRID_HEAT_PUMP,TOTAL,7187,3707,126,7666,22379,0.7650880664348934,0.6005918653645783,0.036221828627563527,1576.4578399392287,0.7005603242812459,MEDIUM,MEDIUM,MEDIUM,5,COST_BASED,COST_BASED,false,false
1,baseline,1,2029,0.0,0.38738738738738737,HYBRID_HEAT_PUMP,TOTAL,9095,2030,122,9696,19619,0.7646631810058604,0.5847552981909613,0.05973270473756863,1612.2253427799583,0.6710339758505843,MEDIUM,MEDIUM,MEDIUM,5,COST_BASED,COST_BASED,false,false
1,baseline,1,2030,0.0,0.43243243243243246,HYBRID_HEAT_PUMP,TOTAL,12037,3062,120,12758,24954,0.76520369074996,0.5955022417315209,0.0756216465984304,1526.5717319868559,0.6830470282601847,MEDIUM,MEDIUM,MEDIUM,5,COST_BASED,COST_BASED,false,false
1,baseline,1,2031,0.0,0.4774774774774775,HYBRID_HEAT_PUMP,TOTAL,14429,2539,147,15297,24864,0.7658264206806387,0.6028172035439758,0.09748624346895697,1554.3504263191762,0.6883976392785661,MEDIUM,MEDIUM,MEDIUM,5,COST_BASED,COST_BASED,false,false
1,baseline,1,2032,0.0,0.5135135135135135,HYBRID_HEAT_PUMP,TOTAL,17875,3567,121,18864,19982,0.7654855004655454,0.5989927207105356,0.11669361890308697,1510.1913722350116,0.6779443012236422,MEDIUM,MEDIUM,MEDIUM,5,COST_BASED,COST_BASED,false,false
1,baseline,1,2033,0.0,0.5405405405405406,HYBRID_HEAT_PUMP,TOTAL,22693,4952,134,23816,21933,0.7643709742794579,0.6219508323966823,0.1478025199152505,1568.6149637532485,0.7048828750463465,MEDIUM,MEDIUM,MEDIUM,5,COST_BASED,COST_BASED,false,false
1,baseline,1,2034,0.0,0.5675675675675675,HYBRID_HEAT_PUMP,TOTAL,28625,6079,147,29895,27736,0.7648348399314814,0.6328098268526519,0.19699255066833446,1477.440582636285,0.7087578926290246,MEDIUM,MEDIUM,MEDIUM,5,COST_BASED,COST_BASED,false,false
1,baseline,1,2035,0.0,0.6306306306306306,HYBRID_HEAT_PUMP,TOTAL,34132,5622,115,35517,18295,0.7673882098711918,0.6206872750441015,0.2503826650240913,1475.9220005465975,0.6765881938423471,MEDIUM,MEDIUM,MEDIUM,5,COST_BASED,COST_BASED,false,false
1,baseline,1,2036,0.0,0.6396396396396397,HYBRID_HEAT_PUMP,TOTAL,39718,5703,117,41220,18428,0.7661980200326592,0.6393134818299797,0.2877355386680283,1454.5964293466463,0.6954868330698337,MEDIUM,MEDIUM,MEDIUM,5,COST_BASED,COST_BASED,false,false
1,baseline,1,2037,0.0,0.6756756756756757,HYBRID_HEAT_PUMP,TOTAL,45092,5541,167,46761,16705,0.8131653133425784,0.6581369111819199,0.4101113971376908,1390.0810535767735,0.6813861891528163,MEDIUM,MEDIUM,MEDIUM,5,COST_BASED,COST_BASED,false,false
1,baseline,1,2038,0.0,0.6936936936936937,HYBRID_HEAT_PUMP,TOTAL,49691,4719,120,51480,15757,0.8160261234743258,0.6502827060412844,0.4498148745835423,1390.3514628419116,0.6589638095474548,MEDIUM,MEDIUM,MEDIUM,5,COST_BASED,COST_BASED,false,false
1,baseline,1,2039,0.0,0.6936936936936937,HYBRID_HEAT_PUMP,TOTAL,53943,4367,115,55847,20402,0.8244547802909016,0.6566054726265294,0.5092533676017831,1249.5831781197921,0.6514811719666201,MEDIUM,MEDIUM,MEDIUM,5,COST_BASED,COST_BASED,false,false
1,baseline,1,2040,0.0,0.7297297297297297,HYBRID_HEAT_PUMP,TOTAL,56721,3276,498,59123,17270,0.7279153530183706,0.6382543367712341,0.30765390223072325,1232.499478865084,0.6984891913445779,MEDIUM,MEDIUM,MEDIUM,5,COST_BASED,COST_BASED,false,false
1,baseline,1,2041,0.0,0.7837837837837838,HYBRID_HEAT_PUMP,TOTAL,59957,4024,788,63147,15676,0.7485547309318629,0.6499040833637632,0.3754666024495774,1313.5378285276856,0.6938507917002791,MEDIUM,MEDIUM,MEDIUM,5,COST_BASED,COST_BASED,false,false
1,baseline,1,2042,0.0,0.8108108108108109,HYBRID_HEAT_PUMP,TOTAL,62165,2977,769,66124,19561,0.7222503032632835,0.6419808754508576,0.31502359696150073,1194.3550431982005,0.7036528381200874,MEDIUM,MEDIUM,MEDIUM,5,COST_BASED,COST_BASED,false,false
1,baseline,1,2043,0.0,0.8468468468468469,HYBRID_HEAT_PUMP,TOTAL,63686,5228,3707,71352,21979,0.7541628155441142,0.696274290440897,0.4105320183011551,1249.953865053005,0.7532377272000307,MEDIUM,MEDIUM,MEDIUM,5,COST_BASED,COST_BASED,false,false
1,baseline,1,2044,0.0,0.8648648648648649,HYBRID_HEAT_PUMP,TOTAL,65332,3676,2030,75028,14526,0.7273861408233564,0.6648873414482076,0.3219897715848926,1252.800151452568,0.7349870340702512,MEDIUM,MEDIUM,MEDIUM,5,COST_BASED,COST_BASED,false,false
1,baseline,1,2045,0.0,0.8648648648648649,HYBRID_HEAT_PUMP,TOTAL,66770,4500,3062,79528,19165,0.7372291351251414,0.6845793388332732,0.3388729381777063,1205.5369684320376,0.7578434899241978,MEDIUM,MEDIUM,MEDIUM,5,COST_BASED,COST_BASED,false,false
1,baseline,1,2046,0.0,0.8648648648648649,HYBRID_HEAT_PUMP,TOTAL,68027,3796,2539,83324,23195,0.7241886565244838,0.6643435091071037,0.2936573391801772,1231.7542573830567,0.7420537647344905,MEDIUM,MEDIUM,MEDIUM,5,COST_BASED,COST_BASED,false,false
1,baseline,1,2047,0.0,0.8648648648648649,HYBRID_HEAT_PUMP,TOTAL,69100,4640,3567,87964,16331,0.735031362348926,0.659372021123871,0.332129630006444,1206.8219949788745,0.7222677835969661,MEDIUM,MEDIUM,MEDIUM,5,COST_BASED,COST_BASED,false,false
1,baseline,1,2048,0.0,0.8648648648648649,HYBRID_HEAT_PUMP,TOTAL,69915,5767,4952,93731,18346,0.7510977088209811,0.673404387703588,0.387799373778275,1195.0392456121226,0.7253823109055693,MEDIUM,MEDIUM,MEDIUM,5,COST_BASED,COST_BASED,false,false
1,baseline,1,2049,0.0,0.8648648648648649,HYBRID_HEAT_PUMP,TOTAL,70966,7130,6079,100861,23938,0.7592064629031285,0.7072010120908758,0.41069505363261793,1147.626576990559,0.7683261390023742,MEDIUM,MEDIUM,MEDIUM,5,COST_BASED,COST_BASED,false,false
1,baseline,1,2050,0.0,0.8648648648648649,HYBRID_HEAT_PUMP,TOTAL,71837,6493,5622,107354,21008,0.7597084065164097,0.6864049819944694,0.4050599711157199,1142.6595582635186,0.7384153785836711,MEDIUM,MEDIUM,MEDIUM,5,COST_BASED,COST_BASED,false,false
1,baseline,1,2024,0.0,0.0,HYBRID_HEAT_PUMP,PRIVATELY_OWNED,1543,1543,0,1543,0,0.0,0.0,0.0,0.0,0.0,MEDIUM,MEDIUM,MEDIUM,5,COST_BASED,COST_BASED,false,false
1,baseline,1,2025,0.0,0.38738738738738737,HYBRID_HEAT_PUMP,PRIVATELY_OWNED,1702,267,108,1810,11251,0.7673443124121279,0.5668591187042312,0.015554137163481948,1759.9406274997777,0.6545640656624426,MEDIUM,MEDIUM,MEDIUM,5,COST_BASED,COST_BASED,false,false
1,baseline,1,2026,0.0,0.38738738738738737,HYBRID_HEAT_PUMP,PRIVATELY_OWNED,2107,489,84,2299,11246,0.7670029177758728,0.5722320537348409,0.018256044629169195,1766.3019740352124,0.6620333400009993,MEDIUM,MEDIUM,MEDIUM,5,COST_BASED,COST_BASED,false,false
1,baseline,1,2027,0.0,0.38738738738738737,HYBRID_HEAT_PUMP,PRIVATELY_OWNED,2483,472,96,2771,11137,0.7662684217945058,0.5799013947764193,0.02188908129652232,1716.2264523659871,0.6728127163918693,MEDIUM,MEDIUM,MEDIUM,5,COST_BASED,COST_BASED,false,false
1,baseline,1,2028,0.0,0.38738738738738737,HYBRID_HEAT_PUMP,PRIVATELY_OWNED,5324,2939,98,5710,11431,0.7650880664348934,0.6005918653645783,0.036221828627563527,1688.1631528300236,0.7005603242812459,MEDIUM,MEDIUM,MEDIUM,5,COST_BASED,COST_BASED,false,false
1,baseline,1,2029,0.0,0.38738738738738737,HYBRID_HEAT_PUMP,PRIVATELY_OWNED,6617,1386,93,7096,11321,0.7646631810058604,0.5847552981909613,0.05973270473756863,1657.3327444572035,0.6710339758505843,MEDIUM,MEDIUM,MEDIUM,5,COST_BASED,COST_BASED,false,false
1,baseline,1,2030,0.0,0.43243243243243246,HYBRID_HEAT_PUMP,PRIVATELY_OWNED,8907,2380,90,9476,11975,0.76520369074996,0.5955022417315209,0.0756216465984304,1617.234655532359,0.6830470282601847,MEDIUM,MEDIUM,MEDIUM,5,COST_BASED,COST_BASED,false,false
1,baseline,1,2031,0.0,0.4774774774774775,HYBRID_HEAT_PUMP,PRIVATELY_OWNED,10577,1798,128,11274,12388,0.7658264206806387,0.6028172035439758,0.09748624346895697,1607.850661930901,0.6883976392785661,MEDIUM,MEDIUM,MEDIUM,5,COST_BASED,COST_BASED,false,false
1,baseline,1,2032,0.0,0.5135135135135135,HYBRID_HEAT_PUMP,PRIVATELY_OWNED,13092,2608,93,13882,12605,0.7654855004655454,0.5989927207105356,0.11669361890308697,1577.1117810392702,0.6779443012236422,MEDIUM,MEDIUM,MEDIUM,5,COST_BASED,COST_BASED,false,false
1,baseline,1,2033,0.0,0.5405405405405406,HYBRID_HEAT_PUMP,PRIVATELY_OWNED,16875,3895,112,17777,12330,0.7643709742794579,0.6219508323966823,0.1478025199152505,1561.734387672344,0.7048828750463465,MEDIUM,MEDIUM,MEDIUM,5,COST_BASED,COST_BASED,false,false
1,baseline,1,2034,0.0,0.5675675675675675,HYBRID_HEAT_PUMP,PRIVATELY_OWNED,21738,4978,115,22755,13662,0.7648348399314814,0.6328098268526519,0.19699255066833446,1489.5737080954473,0.7087578926290246,MEDIUM,MEDIUM,MEDIUM,5,COST_BASED,COST_BASED,false,false
1,baseline,1,2035,0.0,0.6306306306306306,HYBRID_HEAT_PUMP,PRIVATELY_OWNED,26035,4391,94,27146,12141,0.7673882098711918,0.6206872750441015,0.2503826650240913,1487.6503582900914,0.6765881938423471,MEDIUM,MEDIUM,MEDIUM,5,COST_BASED,COST_BASED,false,false
1,baseline,1,2036,0.0,0.6396396396396397,HYBRID_HEAT_PUMP,PRIVATELY_OWNED,30359,4422,98,31568,11386,0.7661980200326592,0.6393134818299797,0.2877355386680283,1518.5214298261021,0.6954868330698337,MEDIUM,MEDIUM,MEDIUM,5,COST_BASED,COST_BASED,false,false
1,baseline,1,2037,0.0,0.6756756756756757,HYBRID_HEAT_PUMP,PRIVATELY_OWNED,34403,4180,136,35748,7967,0.8131653133425784,0.6581369111819199,0.4101113971376908,1386.2156395129912,0.6813861891528163,MEDIUM,MEDIUM,MEDIUM,5,COST_BASED,COST_BASED,false,false
1,baseline,1,2038,0.0,0.6936936936936937,HYBRID_HEAT_PUMP,PRIVATELY_OWNED,37646,3347,104,39095,6493,0.8160261234743258,0.6502827060412844,0.4498148745835423,1518.195441244417,0.6589638095474548,MEDIUM,MEDIUM,MEDIUM,5,COST_BASED,COST_BASED,false,false
1,baseline,1,2039,0.0,0.6936936936936937,HYBRID_HEAT_PUMP,PRIVATELY_OWNED,40605,3053,94,42148,5571,0.8244547802909016,0.6566054726265294,0.5092533676017831,1530.8204990127447,0.6514811719666201,MEDIUM,MEDIUM,MEDIUM,5,COST_BASED,COST_BASED,false,false
1,baseline,1,2040,0.0,0.7297297297297297,HYBRID_HEAT_PUMP,PRIVATELY_OWNED,42232,1894,267,44042,6662,0.7279153530183706,0.6382543367712341,0.30765390223072325,1314.8802161513058,0.6984891913445779,MEDIUM,MEDIUM,MEDIUM,5,COST_BASED,COST_BASED,false,false
1,baseline,1,2041,0.0,0.7837837837837838,HYBRID_HEAT_PUMP,PRIVATELY_OWNED,44432,2689,489,46731,7550,0.7485547309318629,0.6499040833637632,0.3754666024495774,1389.3992052980132,0.6938507917002791,MEDIUM,MEDIUM,MEDIUM,5,COST_BASED,COST_BASED,false,false
1,baseline,1,2042,0.0,0.8108108108108109,HYBRID_HEAT_PUMP,PRIVATELY_OWNED,45600,1640,472,48371,6176,0.7222503032632835,0.6419808754508576,0.31502359696150073,1229.4308613989638,0.7036528381200874,MEDIUM,MEDIUM,MEDIUM,5,COST_BASED,COST_BASED,false,false
1,baseline,1,2043,0.0,0.8468468468468469,HYBRID_HEAT_PUMP,PRIVATELY_OWNED,46249,3588,2939,51959,9300,0.7541628155441142,0.696274290440897,0.4105320183011551,1302.1995698924732,0.7532377272000307,MEDIUM,MEDIUM,MEDIUM,5,COST_BASED,COST_BASED,false,false
1,baseline,1,2044,0.0,0.8648648648648649,HYBRID_HEAT_PUMP,PRIVATELY_OWNED,46895,2032,1386,53991,7360,0.7273861408233564,0.6648873414482076,0.3219897715848926,1218.5176630434783,0.7349870340702512,MEDIUM,MEDIUM,MEDIUM,5,COST_BASED,COST_BASED,false,false
1,baseline,1,2045,0.0,0.8648648648648649,HYBRID_HEAT_PUMP,PRIVATELY_OWNED,47453,2938,2380,56929,9829,0.7372291351251414,0.6845793388332732,0.3388729381777063,1213.7171634957779,0.7578434899241978,MEDIUM,MEDIUM,MEDIUM,5,COST_BASED,COST_BASED,false,false
1,baseline,1,2046,0.0,0.8648648648648649,HYBRID_HEAT_PUMP,PRIVATELY_OWNED,47901,2246,1798,59175,9382,0.7241886565244838,0.6643435091071037,0.2936573391801772,1176.540289916862,0.7420537647344905,MEDIUM,MEDIUM,MEDIUM,5,COST_BASED,COST_BASED,false,false
1,baseline,1,2047,0.0,0.8648648648648649,HYBRID_HEAT_PUMP,PRIVATELY_OWNED,48243,2950,2608,62125,10316,0.735031362348926,0.659372021123871,0.332129630006444,1172.6214618069018,0.7222677835969661,MEDIUM,MEDIUM,MEDIUM,5,COST_BASED,COST_BASED,false,false
1,baseline,1,2048,0.0,0.8648648648648649,HYBRID_HEAT_PUMP,PRIVATELY_OWNED,48364,4016,3895,66141,11356,0.7510977088209811,0.673404387703588,0.387799373778275,1173.927263120817,0.7253823109055693,MEDIUM,MEDIUM,MEDIUM,5,COST_BASED,COST_BASED,false,false
1,baseline,1,2049,0.0,0.8648648648648649,HYBRID_HEAT_PUMP,PRIVATELY_OWNED,48681,5295,4978,71436,13471,0.7592064629031285,0.7072010120908758,0.41069505363261793,1099.7786355875585,0.7683261390023742,MEDIUM,MEDIUM,MEDIUM,5,COST_BASED,COST_BASED,false,false
1,baseline,1,2050,0.0,0.8648648648648649,HYBRID_HEAT_PUMP,PRIVATELY_OWNED,48850,4560,4391,75996,11728,0.7597084065164097,0.6864049819944694,0.4050599711157199,1113.800733287858,0.7384153785836711,MEDIUM,MEDIUM,MEDIUM,5,COST_BASED,COST_BASED,false,false
1,baseline,1,2024,0.0,0.0,HYBRID_HEAT_PUMP,SOCIAL_HOUSING,0,0,0,0,0,0.0,0.0,0.0,0.0,0.0,MEDIUM,MEDIUM,MEDIUM,5,COST_BASED,COST_BASED,false,false
1,baseline,1,2025,0.0,0.38738738738738737,HYBRID_HEAT_PUMP,SOCIAL_HOUSING,0,0,0,0,5061,0.0,0.0,0.0,1680.512744516894,0.0,MEDIUM,MEDIUM,MEDIUM,5,COST_BASED,COST_BASED,false,false
1,baseline,1,2026,0.0,0.38738738738738737,HYBRID_HEAT_PUMP,SOCIAL_HOUSING,0,0,0,0,4866,0.0,0.0,0.0,1573.055487053021,0.0,MEDIUM,MEDIUM,MEDIUM,5,COST_BASED,COST_BASED,false,false
1,baseline,1,2027,0.0,0.38738738738738737,HYBRID_HEAT_PUMP,SOCIAL_HOUSING,0,0,0,0,11395,0.0,0.0,0.0,1342.4062308029838,0.0,MEDIUM,MEDIUM,MEDIUM,5,COST_BASED,COST_BASED,false,false
1,baseline,1,2028,0.0,0.38738738738738737,HYBRID_HEAT_PUMP,SOCIAL_HOUSING,0,0,0,0,7191,0.0,0.0,0.0,1391.1735502711722,0.0,MEDIUM,MEDIUM,MEDIUM,5,COST_BASED,COST_BASED,false,false
1,baseline,1,2029,0.0,0.38738738738738737,HYBRID_HEAT_PUMP,SOCIAL_HOUSING,0,0,0,0,4804,0.0,0.0,0.0,1528.5884679433805,0.0,MEDIUM,MEDIUM,MEDIUM,5,COST_BASED,COST_BASED,false,false
1,baseline,1,2030,0.0,0.43243243243243246,HYBRID_HEAT_PUMP,SOCIAL_HOUSING,0,0,0,0,9209,0.0,0.0,0.0,1410.8601368226734,0.0,MEDIUM,MEDIUM,MEDIUM,5,COST_BASED,COST_BASED,false,false
1,baseline,1,2031,0.0,0.4774774774774775,HYBRID_HEAT_PUMP,SOCIAL_HOUSING,0,0,0,0,8919,0.0,0.0,0.0,1481.2759277945959,0.0,MEDIUM,MEDIUM,MEDIUM,5,COST_BASED,COST_BASED,false,false
1,baseline,1,2032,0.0,0.5135135135135135,HYBRID_HEAT_PUMP,SOCIAL_HOUSING,0,0,0,0,3210,0.0,0.0,0.0,1265.920249221184,0.0,MEDIUM,MEDIUM,MEDIUM,5,COST_BASED,COST_BASED,false,false
1,baseline,1,2033,0.0,0.5405405405405406,HYBRID_HEAT_PUMP,SOCIAL_HOUSING,0,0,0,0,5947,0.0,0.0,0.0,1622.4151673112494,0.0,MEDIUM,MEDIUM,MEDIUM,5,COST_BASED,COST_BASED,false,false
1,baseline,1,2034,0.0,0.5675675675675675,HYBRID_HEAT_PUMP,SOCIAL_HOUSING,0,0,0,0,10488,0.0,0.0,0.0,1451.1196605644545,0.0,MEDIUM,MEDIUM,MEDIUM,5,COST_BASED,COST_BASED,false,false
1,baseline,1,2035,0.0,0.6306306306306306,HYBRID_HEAT_PUMP,SOCIAL_HOUSING,0,0,0,0,2673,0.0,0.0,0.0,1410.3857089412645,0.0,MEDIUM,MEDIUM,MEDIUM,5,COST_BASED,COST_BASED,false,false
1,baseline,1,2036,0.0,0.6396396396396397,HYBRID_HEAT_PUMP,SOCIAL_HOUSING,0,0,0,0,3715,0.0,0.0,0.0,1225.6374158815613,0.0,MEDIUM,MEDIUM,MEDIUM,5,COST_BASED,COST_BASED,false,false
1,baseline,1,2037,0.0,0.6756756756756757,HYBRID_HEAT_PUMP,SOCIAL_HOUSING,0,0,0,0,5061,0.0,0.0,0.0,1357.8273068563526,0.0,MEDIUM,MEDIUM,MEDIUM,5,COST_BASED,COST_BASED,false,false
1,baseline,1,2038,0.0,0.6936936936936937,HYBRID_HEAT_PUMP,SOCIAL_HOUSING,0,0,0,0,5756,0.0,0.0,0.0,1226.4181723419042,0.0,MEDIUM,MEDIUM,MEDIUM,5,COST_BASED,COST_BASED,false,false
1,baseline,1,2039,0.0,0.6936936936936937,HYBRID_HEAT_PUMP,SOCIAL_HOUSING,0,0,0,0,11395,0.0,0.0,0.0,1056.5940324703818,0.0,MEDIUM,MEDIUM,MEDIUM,5,COST_BASED,COST_BASED,false,false
1,baseline,1,2040,0.0,0.7297297297297297,HYBRID_HEAT_PUMP,SOCIAL_HOUSING,0,0,0,0,7191,0.0,0.0,0.0,1062.087748574607,0.0,MEDIUM,MEDIUM,MEDIUM,5,COST_BASED,COST_BASED,false,false
1,baseline,1,2041,0.0,0.7837837837837838,HYBRID_HEAT_PUMP,SOCIAL_HOUSING,0,0,0,0,4804,0.0,0.0,0.0,1147.8572023313905,0.0,MEDIUM,MEDIUM,MEDIUM,5,COST_BASED,COST_BASED,false,false
1,baseline,1,2042,0.0,0.8108108108108109,HYBRID_HEAT_PUMP,SOCIAL_HOUSING,0,0,0,0,9907,0.0,0.0,0.0,1116.5894821843142,0.0,MEDIUM,MEDIUM,MEDIUM,5,COST_BASED,COST_BASED,false,false
1,baseline,1,2043,0.0,0.8468468468468469,HYBRID_HEAT_PUMP,SOCIAL_HOUSING,0,0,0,0,8919,0.0,0.0,0.0,1167.960533692118,0.0,MEDIUM,MEDIUM,MEDIUM,5,COST_BASED,COST_BASED,false,false
1,baseline,1,2044,0.0,0.8648648648648649,HYBRID_HEAT_PUMP,SOCIAL_HOUSING,0,0,0,0,3210,0.0,0.0,0.0,1224.8753894080996,0.0,MEDIUM,MEDIUM,MEDIUM,5,COST_BASED,COST_BASED,false,false
1,baseline,1,2045,0.0,0.8648648648648649,HYBRID_HEAT_PUMP,SOCIAL_HOUSING,0,0,0,0,5947,0.0,0.0,0.0,1105.2633260467462,0.0,MEDIUM,MEDIUM,MEDIUM,5,COST_BASED,COST_BASED,false,false
1,baseline,1,2046,0.0,0.8648648648648649,HYBRID_HEAT_PUMP,SOCIAL_HOUSING,0,0,0,0,10488,0.0,0.0,0.0,1239.2750762776507,0.0,MEDIUM,MEDIUM,MEDIUM,5,COST_BASED,COST_BASED,false,false
1,baseline,1,2047,0.0,0.8648648648648649,HYBRID_HEAT_PUMP,SOCIAL_HOUSING,0,0,0,0,2673,0.0,0.0,0.0,1196.9569771791994,0.0,MEDIUM,MEDIUM,MEDIUM,5,COST_BASED,COST_BASED,false,false
1,baseline,1,2048,0.0,0.8648648648648649,HYBRID_HEAT_PUMP,SOCIAL_HOUSING,0,0,0,0,3715,0.0,0.0,0.0,1157.7467025572005,0.0,MEDIUM,MEDIUM,MEDIUM,5,COST_BASED,COST_BASED,false,false
1,baseline,1,2049,0.0,0.8648648648648649,HYBRID_HEAT_PUMP,SOCIAL_HOUSING,0,0,0,0,6973,0.0,0.0,0.0,1158.8997562024954,0.0,MEDIUM,MEDIUM,MEDIUM,5,COST_BASED,COST_BASED,false,false
1,baseline,1,2050,0.0,0.8648648648648649,HYBRID_HEAT_PUMP,SOCIAL_HOUSING,0,0,0,0,5756,0.0,0.0,0.0,1122.4982626824183,0.0,MEDIUM,MEDIUM,MEDIUM,5,COST_BASED,COST_BASED,false,false
1,baseline,1,2024,0.0,0.0,HYBRID_HEAT_PUMP,PRIVATELY_RENTED,361,361,0,361,0,0.0,0.0,0.0,0.0,0.0,MEDIUM,MEDIUM,MEDIUM,5,COST_BASED,COST_BASED,false,false
1,baseline,1,2025,0.0,0.38738738738738737,HYBRID_HEAT_PUMP,PRIVATELY_RENTED,571,231,21,592,3643,0.0,0.0,0.0,1692.6626406807577,0.0,MEDIUM,MEDIUM,MEDIUM,5,COST_BASED,COST_BASED,false,false
1,baseline,1,2026,0.0,0.38738738738738737,HYBRID_HEAT_PUMP,PRIVATELY_RENTED,844,299,26,891,3410,0.0,0.0,0.0,1669.5096774193548,0.0,MEDIUM,MEDIUM,MEDIUM,5,COST_BASED,COST_BASED,false,false
1,baseline,1,2027,0.0,0.38738738738738737,HYBRID_HEAT_PUMP,PRIVATELY_RENTED,1123,297,18,1188,3362,0.0,0.0,0.0,1687.3396787626414,0.0,MEDIUM,MEDIUM,MEDIUM,5,COST_BASED,COST_BASED,false,false
1,baseline,1,2028,0.0,0.38738738738738737,HYBRID_HEAT_PUMP,PRIVATELY_RENTED,1863,768,28,1956,3757,0.0,0.0,0.0,1591.2238488155442,0.0,MEDIUM,MEDIUM,MEDIUM,5,COST_BASED,COST_BASED,false,false
1,baseline,1,2029,0.0,0.38738738738738737,HYBRID_HEAT_PUMP,PRIVATELY_RENTED,2478,644,29,2600,3494,0.0,0.0,0.0,1581.066399542072,0.0,MEDIUM,MEDIUM,MEDIUM,5,COST_BASED,COST_BASED,false,false
1,baseline,1,2030,0.0,0.43243243243243246,HYBRID_HEAT_PUMP,PRIVATELY_RENTED,3130,682,30,3282,3770,0.0,0.0,0.0,1521.2400530503978,0.0,MEDIUM,MEDIUM,MEDIUM,5,COST_BASED,COST_BASED,false,false
1,baseline,1,2031,0.0,0.4774774774774775,HYBRID_HEAT_PUMP,PRIVATELY_RENTED,3852,741,19,4023,3557,0.0,0.0,0.0,1551.255271296036,0.0,MEDIUM,MEDIUM,MEDIUM,5,COST_BASED,COST_BASED,false,false
1,baseline,1,2032,0.0,0.5135135135135135,HYBRID_HEAT_PUMP,PRIVATELY_RENTED,4783,959,28,4982,4167,0.0,0.0,0.0,1495.9313654907608,0.0,MEDIUM,MEDIUM,MEDIUM,5,COST_BASED,COST_BASED,false,false
1,baseline,1,2033,0.0,0.5405405405405406,HYBRID_HEAT_PUMP,PRIVATELY_RENTED,5818,1057,22,6039,3656,0.0,0.0,0.0,1504.3063457330416,0.0,MEDIUM,MEDIUM,MEDIUM,5,COST_BASED,COST_BASED,false,false
1,baseline,1,2034,0.0,0.5675675675675675,HYBRID_HEAT_PUMP,PRIVATELY_RENTED,6887,1101,32,7140,3586,0.0,0.0,0.0,1508.196597880647,0.0,MEDIUM,MEDIUM,MEDIUM,5,COST_BASED,COST_BASED,false,false
1,baseline,1,2035,0.0,0.6306306306306306,HYBRID_HEAT_PUMP,PRIVATELY_RENTED,8097,1231,21,8371,3481,0.0,0.0,0.0,1485.340132145935,0.0,MEDIUM,MEDIUM,MEDIUM,5,COST_BASED,COST_BASED,false,false
1,baseline,1,2036,0.0,0.6396396396396397,HYBRID_HEAT_PUMP,PRIVATELY_RENTED,9359,1281,19,9652,3327,0.0,0.0,0.0,1491.4863240156296,0.0,MEDIUM,MEDIUM,MEDIUM,5,COST_BASED,COST_BASED,false,false
1,baseline,1,2037,0.0,0.6756756756756757,HYBRID_HEAT_PUMP,PRIVATELY_RENTED,10689,1361,31,11013,3677,0.0,0.0,0.0,1442.8501495784608,0.0,MEDIUM,MEDIUM,MEDIUM,5,COST_BASED,COST_BASED,false,false
1,baseline,1,2038,0.0,0.6936936936936937,HYBRID_HEAT_PUMP,PRIVATELY_RENTED,12045,1372,16,12385,3508,0.0,0.0,0.0,1422.7086659064994,0.0,MEDIUM,MEDIUM,MEDIUM,5,COST_BASED,COST_BASED,false,false
1,baseline,1,2039,0.0,0.6936936936936937,HYBRID_HEAT_PUMP,PRIVATELY_RENTED,13338,1314,21,13699,3436,0.0,0.0,0.0,1433.61641443539,0.0,MEDIUM,MEDIUM,MEDIUM,5,COST_BASED,COST_BASED,false,false
1,baseline,1,2040,0.0,0.7297297297297297,HYBRID_HEAT_PUMP,PRIVATELY_RENTED,14489,1382,231,15081,3417,0.0,0.0,0.0,1430.5124378109454,0.0,MEDIUM,MEDIUM,MEDIUM,5,COST_BASED,COST_BASED,false,false
1,baseline,1,2041,0.0,0.7837837837837838,HYBRID_HEAT_PUMP,PRIVATELY_RENTED,15525,1335,299,16416,3322,0.0,0.0,0.0,1380.7191450933174,0.0,MEDIUM,MEDIUM,MEDIUM,5,COST_BASED,COST_BASED,false,false
1,baseline,1,2042,0.0,0.8108108108108109,HYBRID_HEAT_PUMP,PRIVATELY_RENTED,16565,1337,297,17753,3478,0.0,0.0,0.0,1353.58309373203,0.0,MEDIUM,MEDIUM,MEDIUM,5,COST_BASED,COST_BASED,false,false
1,baseline,1,2043,0.0,0.8468468468468469,HYBRID_HEAT_PUMP,PRIVATELY_RENTED,17437,1640,768,19393,3760,0.0,0.0,0.0,1315.223404255319,0.0,MEDIUM,MEDIUM,MEDIUM,5,COST_BASED,COST_BASED,false,false
1,baseline,1,2044,0.0,0.8648648648648649,HYBRID_HEAT_PUMP,PRIVATELY_RENTED,18437,1644,644,21037,3956,0.0,0.0,0.0,1339.2403943377149,0.0,MEDIUM,MEDIUM,MEDIUM,5,COST_BASED,COST_BASED,false,false
1,baseline,1,2045,0.0,0.8648648648648649,HYBRID_HEAT_PUMP,PRIVATELY_RENTED,19317,1562,682,22599,3389,0.0,0.0,0.0,1357.771909117734,0.0,MEDIUM,MEDIUM,MEDIUM,5,COST_BASED,COST_BASED,false,false
1,baseline,1,2046,0.0,0.8648648648648649,HYBRID_HEAT_PUMP,PRIVATELY_RENTED,20126,1550,741,24149,3325,0.0,0.0,0.0,1363.8261654135338,0.0,MEDIUM,MEDIUM,MEDIUM,5,COST_BASED,COST_BASED,false,false
1,baseline,1,2047,0.0,0.8648648648648649,HYBRID_HEAT_PUMP,PRIVATELY_RENTED,20857,1690,959,25839,3342,0.0,0.0,0.0,1320.281567923399,0.0,MEDIUM,MEDIUM,MEDIUM,5,COST_BASED,COST_BASED,false,false
1,baseline,1,2048,0.0,0.8648648648648649,HYBRID_HEAT_PUMP,PRIVATELY_RENTED,21551,1751,1057,27590,3275,0.0,0.0,0.0,1310.5474809160305,0.0,MEDIUM,MEDIUM,MEDIUM,5,COST_BASED,COST_BASED,false,false
1,baseline,1,2049,0.0,0.8648648648648649,HYBRID_HEAT_PUMP,PRIVATELY_RENTED,22285,1835,1101,29425,3494,0.0,0.0,0.0,1309.6047510017172,0.0,MEDIUM,MEDIUM,MEDIUM,5,COST_BASED,COST_BASED,false,false
1,baseline,1,2050,0.0,0.8648648648648649,HYBRID_HEAT_PUMP,PRIVATELY_RENTED,22987,1933,1231,31358,3524,0.0,0.0,0.0,1271.633654937571,0.0,MEDIUM,MEDIUM,MEDIUM,5,COST_BASED,COST_BASED,false,false
