scenario,scenario_name,iteration,year,nbh_in_grid_congestion_perc,nbh_with_dh_perc,heating_system,ownership,installed_current,installed_annually,removed_annually,installed_cumulative,considered_annually,avg_att,avg_util,avg_sub_norm,avg_eac,avg_pbc,SLF,ELF,GRR,DHCT,DHES,SHAES,DHCO,GCHPB
1,baseline,1,2024,0.0,0.0,NATURAL_GAS_BOILER,TOTAL,498584,498584,0,498584,0,0.0,0.0,0.0,0.0,0.0,MEDIUM,MEDIUM,MEDIUM,5,COST_BASED,COST_BASED,false,false
1,baseline,1,2025,0.0,0.13800424628450106,NATURAL_GAS_BOILER,TOTAL,490153,31470,39901,530054,47725,0.2859292478452699,0.6007637931853406,0.9501753132670974,1616.1827344159246,0.7108914636582991,MEDIUM,MEDIUM,MEDIUM,5,COST_BASED,COST_BASED,false,false
1,baseline,1,2026,0.0,0.13800424628450106,NATURAL_GAS_BOILER,TOTAL,477474,29406,42085,559460,49476,0.28558276450215175,0.5892467257193019,0.8580267382450871,1602.9424367370038,0.7052210551727675,MEDIUM,MEDIUM,MEDIUM,5,COST_BASED,COST_BASED,false,false
1,baseline,1,2027,0.0,0.13800424628450106,NATURAL_GAS_BOILER,TOTAL,462489,25678,40663,585138,48867,0.2858191165306368,0.5785900695016553,0.8375706042717872,1610.653488038963,0.6917339995858625,MEDIUM,MEDIUM,MEDIUM,5,COST_BASED,COST_BASED,false,false
1,baseline,1,2028,0.0,0.13800424628450106,NATURAL_GAS_BOILER,TOTAL,443790,24851,43550,609989,51022,0.2853376269014977,0.5779493718333367,0.8206187065754464,1604.958018109835,0.693012312702691,MEDIUM,MEDIUM,MEDIUM,5,COST_BASED,COST_BASED,false,false
1,baseline,1,2029,0.0,0.13800424628450106,NATURAL_GAS_BOILER,TOTAL,424914,25393,44269,635382,51261,0.2851485426298154,0.5875894798401009,0.7876318732668024,1595.149138721445,0.7116430999443525,MEDIUM,MEDIUM,MEDIUM,5,COST_BASED,COST_BASED,false,false
1,baseline,1,2030,0.0,0.1592356687898089,NATURAL_GAS_BOILER,TOTAL,405145,21782,41551,657164,50693,0.28634787179108334,0.577244990224099,0.745943173255589,1595.2351409464818,0.7010376207314291,MEDIUM,MEDIUM,MEDIUM,5,COST_BASED,COST_BASED,false,false
1,baseline,1,2031,0.0,0.18471337579617833,NATURAL_GAS_BOILER,TOTAL,380760,17109,41494,674273,50958,0.2862167541524653,0.5722023454436971,0.7116632802314663,1593.6239452097807,0.6977914195984882,MEDIUM,MEDIUM,MEDIUM,5,COST_BASED,COST_BASED,false,false
1,baseline,1,2032,0.0,0.21019108280254778,NATURAL_GAS_BOILER,TOTAL,357262,16494,39992,690767,49826,0.2852400624175154,0.5695939139312866,0.6755624432518031,1594.4927547866575,0.698635549886067,MEDIUM,MEDIUM,MEDIUM,5,COST_BASED,COST_BASED,false,false
1,baseline,1,2033,0.0,0.23354564755838642,NATURAL_GAS_BOILER,TOTAL,330485,13830,40607,704597,47836,0.28581769153814585,0.5635155227373284,0.6185915140947009,1611.2601179028347,0.6964949219596259,MEDIUM,MEDIUM,MEDIUM,5,COST_BASED,COST_BASED,false,false
1,baseline,1,2034,0.0,0.2526539278131635,NATURAL_GAS_BOILER,TOTAL,302086,13767,42166,718364,51673,0.28490712903733983,0.5693191270474752,0.5535651077190049,1569.0001935246646,0.7135562698470012,MEDIUM,MEDIUM,MEDIUM,5,COST_BASED,COST_BASED,false,false
1,baseline,1,2035,0.0,0.2781316348195329,NATURAL_GAS_BOILER,TOTAL,269536,10252,42802,728616,52383,0.28572276196214647,0.5534126194702073,0.47825467497353474,1558.1128992230304,0.698906404343074,MEDIUM,MEDIUM,MEDIUM,5,COST_BASED,COST_BASED,false,false
1,baseline,1,2036,0.0,0.31104033970276007,NATURAL_GAS_BOILER,TOTAL,240572,10540,39504,739156,47994,0.2862842339654111,0.5400425228287777,0.4064142218371267,1598.9552444055507,0.6876909480221673,MEDIUM,MEDIUM,MEDIUM,5,COST_BASED,COST_BASED,false,false
1,baseline,1,2037,0.0,0.34076433121019106,NATURAL_GAS_BOILER,TOTAL,219634,10532,31470,749688,41588,0.3194318370324038,0.5566924812961997,0.37727031312111287,1488.6076752909494,0.70802197354606,MEDIUM,MEDIUM,MEDIUM,5,COST_BASED,COST_BASED,false,false
1,baseline,1,2038,0.0,0.35881104033970274,NATURAL_GAS_BOILER,TOTAL,199144,8916,29406,758604,37020,0.3277358100846505,0.543044204370441,0.3377033348471958,1496.8987034035656,0.6904194371785983,MEDIUM,MEDIUM,MEDIUM,5,COST_BASED,COST_BASED,false,false
1,baseline,1,2039,0.0,0.3842887473460722,NATURAL_GAS_BOILER,TOTAL,182220,8754,25678,767358,32094,0.342205523141939,0.5483026394917411,0.31422001834183694,1492.3842151180907,0.6976250761594035,MEDIUM,MEDIUM,MEDIUM,5,COST_BASED,COST_BASED,false,false
1,baseline,1,2040,0.0,0.4118895966029724,NATURAL_GAS_BOILER,TOTAL,166252,8883,24851,776241,42102,0.29176802125025975,0.5147442065039989,0.218382840930934,1561.639019524013,0.6718764493270614,MEDIUM,MEDIUM,MEDIUM,5,COST_BASED,COST_BASED,false,false
1,baseline,1,2041,0.0,0.45116772823779194,NATURAL_GAS_BOILER,TOTAL,148578,7719,25393,783960,44585,0.29062010500166274,0.519078689926481,0.17376945279210979,1601.1407648312213,0.6842418270402938,MEDIUM,MEDIUM,MEDIUM,5,COST_BASED,COST_BASED,false,false
1,baseline,1,2042,0.0,0.4872611464968153,NATURAL_GAS_BOILER,TOTAL,136120,9324,21782,793284,46135,0.2854484846031575,0.5034167510254142,0.13660407690205298,1567.3910480112713,0.6666874957745728,MEDIUM,MEDIUM,MEDIUM,5,COST_BASED,COST_BASED,false,false
1,baseline,1,2043,0.0,0.5084925690021231,NATURAL_GAS_BOILER,TOTAL,124298,5287,17109,798571,42552,0.27895367228064655,0.49803883645441127,0.10470890276848561,1603.048246850912,0.6642312237653912,MEDIUM,MEDIUM,MEDIUM,5,COST_BASED,COST_BASED,false,false
1,baseline,1,2044,0.0,0.5424628450106157,NATURAL_GAS_BOILER,TOTAL,114659,6855,16494,805426,41072,0.2750737468686986,0.5079863481929497,0.0902157796561293,1570.6070802493182,0.6819341131152334,MEDIUM,MEDIUM,MEDIUM,5,COST_BASED,COST_BASED,false,false
1,baseline,1,2045,0.0,0.5424628450106157,NATURAL_GAS_BOILER,TOTAL,105690,4861,13830,810287,41657,0.27198389765747427,0.4965052811899303,0.06958153505122769,1602.8407710588856,0.6680642554891202,MEDIUM,MEDIUM,MEDIUM,5,COST_BASED,COST_BASED,false,false
1,baseline,1,2046,0.0,0.5424628450106157,NATURAL_GAS_BOILER,TOTAL,100101,8178,13767,818465,47601,0.27661502001522015,0.49316823427589385,0.05825297400236748,1580.38410957753,0.6633169746597385,MEDIUM,MEDIUM,MEDIUM,5,COST_BASED,COST_BASED,false,false
1,baseline,1,2047,0.0,0.5424628450106157,NATURAL_GAS_BOILER,TOTAL,96036,6187,10252,824652,44348,0.2704899600199582,0.4883047069094622,0.046563262794271705,1568.8204428610084,0.6590141625099155,MEDIUM,MEDIUM,MEDIUM,5,COST_BASED,COST_BASED,false,false
1,baseline,1,2048,0.0,0.5424628450106157,NATURAL_GAS_BOILER,TOTAL,91525,6029,10540,830681,44419,0.2714523654166972,0.48622658354722237,0.037194559238453155,1593.7708638195368,0.6568274640618483,MEDIUM,MEDIUM,MEDIUM,5,COST_BASED,COST_BASED,false,false
1,baseline,1,2049,0.0,0.5424628450106157,NATURAL_GAS_BOILER,TOTAL,88893,7900,10532,838581,46742,0.26928389850749107,0.4962563329256926,0.0342216033885569,1542.0884857301785,0.6727858243380961,MEDIUM,MEDIUM,MEDIUM,5,COST_BASED,COST_BASED,false,false
1,baseline,1,2050,0.0,0.5424628450106157,NATURAL_GAS_BOILER,TOTAL,85821,5844,8916,844425,49568,0.2728113958288442,0.48657834049920473,0.02896693502038342,1563.0876371852808,0.6580437949140474,MEDIUM,MEDIUM,MEDIUM,5,COST_BASED,COST_BASED,false,false
1,baseline,1,2024,0.0,0.0,NATURAL_GAS_BOILER,PRIVATELY_OWNED,347663,347663,0,347663,0,0.0,0.0,0.0,0.0,0.0,MEDIUM,MEDIUM,MEDIUM,5,COST_BASED,COST_BASED,false,false
1,baseline,1,2025,0.0,0.13800424628450106,NATURAL_GAS_BOILER,PRIVATELY_OWNED,338138,18793,28318,366456,33388,0.2859292478452699,0.6007637931853406,0.9501753132670974,1703.1457110339045,0.7108914636582991,MEDIUM,MEDIUM,MEDIUM,5,COST_BASED,COST_BASED,false,false
1,baseline,1,2026,0.0,0.13800424628450106,NATURAL_GAS_BOILER,PRIVATELY_OWNED,325563,15431,28006,381887,33135,0.28558276450215175,0.5892467257193019,0.8580267382450871,1700.4778331069865,0.7052210551727675,MEDIUM,MEDIUM,MEDIUM,5,COST_BASED,COST_BASED,false,false
1,baseline,1,2027,0.0,0.13800424628450106,NATURAL_GAS_BOILER,PRIVATELY_OWNED,310439,13750,28874,395637,33878,0.2858191165306368,0.5785900695016553,0.8375706042717872,1700.6857842847867,0.6917339995858625,MEDIUM,MEDIUM,MEDIUM,5,COST_BASED,COST_BASED,false,false
1,baseline,1,2028,0.0,0.13800424628450106,NATURAL_GAS_BOILER,PRIVATELY_OWNED,293758,12350,29031,407987,34046,0.2853376269014977,0.5779493718333367,0.8206187065754464,1685.7473124596136,0.693012312702691,MEDIUM,MEDIUM,MEDIUM,5,COST_BASED,COST_BASED,false,false
1,baseline,1,2029,0.0,0.13800424628450106,NATURAL_GAS_BOILER,PRIVATELY_OWNED,277707,13091,29142,421078,34457,0.2851485426298154,0.5875894798401009,0.7876318732668024,1685.6000522390225,0.7116430999443525,MEDIUM,MEDIUM,MEDIUM,5,COST_BASED,COST_BASED,false,false
1,baseline,1,2030,0.0,0.1592356687898089,NATURAL_GAS_BOILER,PRIVATELY_OWNED,258670,10054,29091,431132,34755,0.28634787179108334,0.577244990224099,0.745943173255589,1689.2400805639477,0.7010376207314291,MEDIUM,MEDIUM,MEDIUM,5,COST_BASED,COST_BASED,false,false
1,baseline,1,2031,0.0,0.18471337579617833,NATURAL_GAS_BOILER,PRIVATELY_OWNED,237096,7663,29237,438795,35537,0.2862167541524653,0.5722023454436971,0.7116632802314663,1673.6701184680755,0.6977914195984882,MEDIUM,MEDIUM,MEDIUM,5,COST_BASED,COST_BASED,false,false
1,baseline,1,2032,0.0,0.21019108280254778,NATURAL_GAS_BOILER,PRIVATELY_OWNED,214613,6360,28843,445155,34558,0.2852400624175154,0.5695939139312866,0.6755624432518031,1681.392499565947,0.698635549886067,MEDIUM,MEDIUM,MEDIUM,5,COST_BASED,COST_BASED,false,false
1,baseline,1,2033,0.0,0.23354564755838642,NATURAL_GAS_BOILER,PRIVATELY_OWNED,190421,4585,28777,449740,33908,0.28581769153814585,0.5635155227373284,0.6185915140947009,1688.6924324643153,0.6964949219596259,MEDIUM,MEDIUM,MEDIUM,5,COST_BASED,COST_BASED,false,false
1,baseline,1,2034,0.0,0.2526539278131635,NATURAL_GAS_BOILER,PRIVATELY_OWNED,165062,4585,29944,454325,36438,0.28490712903733983,0.5693191270474752,0.5535651077190049,1633.945002469949,0.7135562698470012,MEDIUM,MEDIUM,MEDIUM,5,COST_BASED,COST_BASED,false,false
1,baseline,1,2035,0.0,0.2781316348195329,NATURAL_GAS_BOILER,PRIVATELY_OWNED,137098,2928,30892,457253,37370,0.28572276196214647,0.5534126194702073,0.47825467497353474,1625.7706181428953,0.698906404343074,MEDIUM,MEDIUM,MEDIUM,5,COST_BASED,COST_BASED,false,false
1,baseline,1,2036,0.0,0.31104033970276007,NATURAL_GAS_BOILER,PRIVATELY_OWNED,111555,1965,27508,459218,33799,0.2862842339654111,0.5400425228287777,0.4064142218371267,1685.9474244800142,0.6876909480221673,MEDIUM,MEDIUM,MEDIUM,5,COST_BASED,COST_BASED,false,false
1,baseline,1,2037,0.0,0.34076433121019106,NATURAL_GAS_BOILER,PRIVATELY_OWNED,94471,1709,18793,460927,24252,0.3194318370324038,0.5566924812961997,0.37727031312111287,1622.8618670625103,0.70802197354606,MEDIUM,MEDIUM,MEDIUM,5,COST_BASED,COST_BASED,false,false
1,baseline,1,2038,0.0,0.35881104033970274,NATURAL_GAS_BOILER,PRIVATELY_OWNED,80242,1202,15431,462129,20394,0.3277358100846505,0.543044204370441,0.3377033348471958,1611.2899382171227,0.6904194371785983,MEDIUM,MEDIUM,MEDIUM,5,COST_BASED,COST_BASED,false,false
1,baseline,1,2039,0.0,0.3842887473460722,NATURAL_GAS_BOILER,PRIVATELY_OWNED,67607,1115,13750,463244,16958,0.342205523141939,0.5483026394917411,0.31422001834183694,1639.5204033494515,0.6976250761594035,MEDIUM,MEDIUM,MEDIUM,5,COST_BASED,COST_BASED,false,false
1,baseline,1,2040,0.0,0.4118895966029724,NATURAL_GAS_BOILER,PRIVATELY_OWNED,56265,1008,12350,464252,25239,0.29176802125025975,0.5147442065039989,0.218382840930934,1697.1117318435754,0.6718764493270614,MEDIUM,MEDIUM,MEDIUM,5,COST_BASED,COST_BASED,false,false
1,baseline,1,2041,0.0,0.45116772823779194,NATURAL_GAS_BOILER,PRIVATELY_OWNED,44066,892,13091,465144,29220,0.29062010500166274,0.519078689926481,0.17376945279210979,1716.9162217659139,0.6842418270402938,MEDIUM,MEDIUM,MEDIUM,5,COST_BASED,COST_BASED,false,false
1,baseline,1,2042,0.0,0.4872611464968153,NATURAL_GAS_BOILER,PRIVATELY_OWNED,34842,830,10054,465974,28706,0.2854484846031575,0.5034167510254142,0.13660407690205298,1717.72775726329,0.6666874957745728,MEDIUM,MEDIUM,MEDIUM,5,COST_BASED,COST_BASED,false,false
1,baseline,1,2043,0.0,0.5084925690021231,NATURAL_GAS_BOILER,PRIVATELY_OWNED,27835,656,7663,466630,27832,0.27895367228064655,0.49803883645441127,0.10470890276848561,1702.75373670595,0.6642312237653912,MEDIUM,MEDIUM,MEDIUM,5,COST_BASED,COST_BASED,false,false
1,baseline,1,2044,0.0,0.5424628450106157,NATURAL_GAS_BOILER,PRIVATELY_OWNED,22259,784,6360,467414,25842,0.2750737468686986,0.5079863481929497,0.0902157796561293,1678.2199520160977,0.6819341131152334,MEDIUM,MEDIUM,MEDIUM,5,COST_BASED,COST_BASED,false,false
1,baseline,1,2045,0.0,0.5424628450106157,NATURAL_GAS_BOILER,PRIVATELY_OWNED,18351,677,4585,468091,27443,0.27198389765747427,0.4965052811899303,0.06958153505122769,1692.8371533724446,0.6680642554891202,MEDIUM,MEDIUM,MEDIUM,5,COST_BASED,COST_BASED,false,false
1,baseline,1,2046,0.0,0.5424628450106157,NATURAL_GAS_BOILER,PRIVATELY_OWNED,14460,694,4585,468785,30705,0.27661502001522015,0.49316823427589385,0.05825297400236748,1689.2352059925095,0.6633169746597385,MEDIUM,MEDIUM,MEDIUM,5,COST_BASED,COST_BASED,false,false
1,baseline,1,2047,0.0,0.5424628450106157,NATURAL_GAS_BOILER,PRIVATELY_OWNED,12067,535,2928,469320,29912,0.2704899600199582,0.4883047069094622,0.046563262794271705,1674.4133792457876,0.6590141625099155,MEDIUM,MEDIUM,MEDIUM,5,COST_BASED,COST_BASED,false,false
1,baseline,1,2048,0.0,0.5424628450106157,NATURAL_GAS_BOILER,PRIVATELY_OWNED,10561,459,1965,469779,30527,0.2714523654166972,0.48622658354722237,0.037194559238453155,1694.8111180266649,0.6568274640618483,MEDIUM,MEDIUM,MEDIUM,5,COST_BASED,COST_BASED,false,false
1,baseline,1,2049,0.0,0.5424628450106157,NATURAL_GAS_BOILER,PRIVATELY_OWNED,9383,531,1709,470310,31521,0.26928389850749107,0.4962563329256926,0.0342216033885569,1647.294977951207,0.6727858243380961,MEDIUM,MEDIUM,MEDIUM,5,COST_BASED,COST_BASED,false,false
1,baseline,1,2050,0.0,0.5424628450106157,NATURAL_GAS_BOILER,PRIVATELY_OWNED,8566,385,1202,470695,34228,0.2728113958288442,0.48657834049920473,0.02896693502038342,1643.958162907561,0.6580437949140474,MEDIUM,MEDIUM,MEDIUM,5,COST_BASED,COST_BASED,false,false
1,baseline,1,2024,0.0,0.0,NATURAL_GAS_BOILER,SOCIAL_HOUSING,86168,86168,0,86168,0,0.0,0.0,0.0,0.0,0.0,MEDIUM,MEDIUM,MEDIUM,5,COST_BASED,COST_BASED,false,false
1,baseline,1,2025,0.0,0.13800424628450106,NATURAL_GAS_BOILER,SOCIAL_HOUSING,87545,7471,6094,93639,7612,0.0,0.0,0.0,1393.1238833420914,0.0,MEDIUM,MEDIUM,MEDIUM,5,COST_BASED,COST_BASED,false,false
1,baseline,1,2026,0.0,0.13800424628450106,NATURAL_GAS_BOILER,SOCIAL_HOUSING,87910,8911,8546,102550,9578,0.0,0.0,0.0,1381.2484861140113,0.0,MEDIUM,MEDIUM,MEDIUM,5,COST_BASED,COST_BASED,false,false
1,baseline,1,2027,0.0,0.13800424628450106,NATURAL_GAS_BOILER,SOCIAL_HOUSING,88818,7114,6206,109664,8171,0.0,0.0,0.0,1377.688532615347,0.0,MEDIUM,MEDIUM,MEDIUM,5,COST_BASED,COST_BASED,false,false
1,baseline,1,2028,0.0,0.13800424628450106,NATURAL_GAS_BOILER,SOCIAL_HOUSING,87862,7795,8751,117459,10074,0.0,0.0,0.0,1447.0327575938059,0.0,MEDIUM,MEDIUM,MEDIUM,5,COST_BASED,COST_BASED,false,false
1,baseline,1,2029,0.0,0.13800424628450106,NATURAL_GAS_BOILER,SOCIAL_HOUSING,86301,8147,9708,125606,10149,0.0,0.0,0.0,1379.9653167799784,0.0,MEDIUM,MEDIUM,MEDIUM,5,COST_BASED,COST_BASED,false,false
1,baseline,1,2030,0.0,0.1592356687898089,NATURAL_GAS_BOILER,SOCIAL_HOUSING,86878,7549,6972,133155,9189,0.0,0.0,0.0,1352.6840787898575,0.0,MEDIUM,MEDIUM,MEDIUM,5,COST_BASED,COST_BASED,false,false
1,baseline,1,2031,0.0,0.18471337579617833,NATURAL_GAS_BOILER,SOCIAL_HOUSING,85617,5481,6742,138636,8575,0.0,0.0,0.0,1385.3477551020408,0.0,MEDIUM,MEDIUM,MEDIUM,5,COST_BASED,COST_BASED,false,false
1,baseline,1,2032,0.0,0.21019108280254778,NATURAL_GAS_BOILER,SOCIAL_HOUSING,86277,6381,5721,145017,8518,0.0,0.0,0.0,1365.8052359708852,0.0,MEDIUM,MEDIUM,MEDIUM,5,COST_BASED,COST_BASED,false,false
1,baseline,1,2033,0.0,0.23354564755838642,NATURAL_GAS_BOILER,SOCIAL_HOUSING,85626,5858,6509,150875,7124,0.0,0.0,0.0,1422.7651600224592,0.0,MEDIUM,MEDIUM,MEDIUM,5,COST_BASED,COST_BASED,false,false
1,baseline,1,2034,0.0,0.2526539278131635,NATURAL_GAS_BOILER,SOCIAL_HOUSING,84477,5925,7074,156800,8711,0.0,0.0,0.0,1381.3244174032832,0.0,MEDIUM,MEDIUM,MEDIUM,5,COST_BASED,COST_BASED,false,false
1,baseline,1,2035,0.0,0.2781316348195329,NATURAL_GAS_BOILER,SOCIAL_HOUSING,81910,4246,6813,161046,8356,0.0,0.0,0.0,1347.4352561033988,0.0,MEDIUM,MEDIUM,MEDIUM,5,COST_BASED,COST_BASED,false,false
1,baseline,1,2036,0.0,0.31104033970276007,NATURAL_GAS_BOILER,SOCIAL_HOUSING,80547,5669,7032,166715,7726,0.0,0.0,0.0,1334.5995340409008,0.0,MEDIUM,MEDIUM,MEDIUM,5,COST_BASED,COST_BASED,false,false
1,baseline,1,2037,0.0,0.34076433121019106,NATURAL_GAS_BOILER,SOCIAL_HOUSING,78741,5665,7471,172380,10733,0.0,0.0,0.0,1258.6425044256032,0.0,MEDIUM,MEDIUM,MEDIUM,5,COST_BASED,COST_BASED,false,false
1,baseline,1,2038,0.0,0.35881104033970274,NATURAL_GAS_BOILER,SOCIAL_HOUSING,74429,4599,8911,176979,10126,0.0,0.0,0.0,1363.0357495555995,0.0,MEDIUM,MEDIUM,MEDIUM,5,COST_BASED,COST_BASED,false,false
1,baseline,1,2039,0.0,0.3842887473460722,NATURAL_GAS_BOILER,SOCIAL_HOUSING,71687,4372,7114,181351,9004,0.0,0.0,0.0,1319.3733896046201,0.0,MEDIUM,MEDIUM,MEDIUM,5,COST_BASED,COST_BASED,false,false
1,baseline,1,2040,0.0,0.4118895966029724,NATURAL_GAS_BOILER,SOCIAL_HOUSING,68785,4893,7795,186244,10468,0.0,0.0,0.0,1329.5198700802446,0.0,MEDIUM,MEDIUM,MEDIUM,5,COST_BASED,COST_BASED,false,false
1,baseline,1,2041,0.0,0.45116772823779194,NATURAL_GAS_BOILER,SOCIAL_HOUSING,64533,3895,8147,190139,8814,0.0,0.0,0.0,1365.7913546630361,0.0,MEDIUM,MEDIUM,MEDIUM,5,COST_BASED,COST_BASED,false,false
1,baseline,1,2042,0.0,0.4872611464968153,NATURAL_GAS_BOILER,SOCIAL_HOUSING,62539,5555,7549,195694,10641,0.0,0.0,0.0,1264.6793534442252,0.0,MEDIUM,MEDIUM,MEDIUM,5,COST_BASED,COST_BASED,false,false
1,baseline,1,2043,0.0,0.5084925690021231,NATURAL_GAS_BOILER,SOCIAL_HOUSING,59014,1956,5481,197650,8167,0.0,0.0,0.0,1405.4774090853434,0.0,MEDIUM,MEDIUM,MEDIUM,5,COST_BASED,COST_BASED,false,false
1,baseline,1,2044,0.0,0.5424628450106157,NATURAL_GAS_BOILER,SOCIAL_HOUSING,56208,3575,6381,201225,8549,0.0,0.0,0.0,1364.9383553632003,0.0,MEDIUM,MEDIUM,MEDIUM,5,COST_BASED,COST_BASED,false,false
1,baseline,1,2045,0.0,0.5424628450106157,NATURAL_GAS_BOILER,SOCIAL_HOUSING,52281,1931,5858,203156,7801,0.0,0.0,0.0,1431.6690167927188,0.0,MEDIUM,MEDIUM,MEDIUM,5,COST_BASED,COST_BASED,false,false
1,baseline,1,2046,0.0,0.5424628450106157,NATURAL_GAS_BOILER,SOCIAL_HOUSING,51532,5176,5925,208332,10225,0.0,0.0,0.0,1352.119413202934,0.0,MEDIUM,MEDIUM,MEDIUM,5,COST_BASED,COST_BASED,false,false
1,baseline,1,2047,0.0,0.5424628450106157,NATURAL_GAS_BOILER,SOCIAL_HOUSING,50882,3596,4246,211928,8085,0.0,0.0,0.0,1265.4467532467534,0.0,MEDIUM,MEDIUM,MEDIUM,5,COST_BASED,COST_BASED,false,false
1,baseline,1,2048,0.0,0.5424628450106157,NATURAL_GAS_BOILER,SOCIAL_HOUSING,48749,3536,5669,215464,7193,0.0,0.0,0.0,1323.284304184624,0.0,MEDIUM,MEDIUM,MEDIUM,5,COST_BASED,COST_BASED,false,false
1,baseline,1,2049,0.0,0.5424628450106157,NATURAL_GAS_BOILER,SOCIAL_HOUSING,48209,5125,5665,220589,8451,0.0,0.0,0.0,1243.2702638740977,0.0,MEDIUM,MEDIUM,MEDIUM,5,COST_BASED,COST_BASED,false,false
1,baseline,1,2050,0.0,0.5424628450106157,NATURAL_GAS_BOILER,SOCIAL_HOUSING,46841,3231,4599,223820,8242,0.0,0.0,0.0,1356.5759524387286,0.0,MEDIUM,MEDIUM,MEDIUM,5,COST_BASED,COST_BASED,false,false
1,baseline,1,2024,0.0,0.0,NATURAL_GAS_BOILER,PRIVATELY_RENTED,64753,64753,0,64753,0,0.0,0.0,0.0,0.0,0.0,MEDIUM,MEDIUM,MEDIUM,5,COST_BASED,COST_BASED,false,false
1,baseline,1,2025,0.0,0.13800424628450106,NATURAL_GAS_BOILER,PRIVATELY_RENTED,64470,5206,5489,69959,6725,0.0,0.0,0.0,1436.9119702602231,0.0,MEDIUM,MEDIUM,MEDIUM,5,COST_BASED,COST_BASED,false,false
1,baseline,1,2026,0.0,0.13800424628450106,NATURAL_GAS_BOILER,PRIVATELY_RENTED,64001,5064,5533,75023,6763,0.0,0.0,0.0,1439.0431761052787,0.0,MEDIUM,MEDIUM,MEDIUM,5,COST_BASED,COST_BASED,false,false
1,baseline,1,2027,0.0,0.13800424628450106,NATURAL_GAS_BOILER,PRIVATELY_RENTED,63232,4814,5583,79837,6818,0.0,0.0,0.0,1442.4872396597243,0.0,MEDIUM,MEDIUM,MEDIUM,5,COST_BASED,COST_BASED,false,false
1,baseline,1,2028,0.0,0.13800424628450106,NATURAL_GAS_BOILER,PRIVATELY_RENTED,62170,4706,5768,84543,6902,0.0,0.0,0.0,1436.9468270066648,0.0,MEDIUM,MEDIUM,MEDIUM,5,COST_BASED,COST_BASED,false,false
1,baseline,1,2029,0.0,0.13800424628450106,NATURAL_GAS_BOILER,PRIVATELY_RENTED,60906,4155,5419,88698,6655,0.0,0.0,0.0,1454.9888805409466,0.0,MEDIUM,MEDIUM,MEDIUM,5,COST_BASED,COST_BASED,false,false
1,baseline,1,2030,0.0,0.1592356687898089,NATURAL_GAS_BOILER,PRIVATELY_RENTED,59597,4179,5488,92877,6749,0.0,0.0,0.0,1441.3842050674175,0.0,MEDIUM,MEDIUM,MEDIUM,5,COST_BASED,COST_BASED,false,false
1,baseline,1,2031,0.0,0.18471337579617833,NATURAL_GAS_BOILER,PRIVATELY_RENTED,58047,3965,5515,96842,6846,0.0,0.0,0.0,1438.9887525562372,0.0,MEDIUM,MEDIUM,MEDIUM,5,COST_BASED,COST_BASED,false,false
1,baseline,1,2032,0.0,0.21019108280254778,NATURAL_GAS_BOILER,PRIVATELY_RENTED,56372,3753,5428,100595,6750,0.0,0.0,0.0,1438.1785185185186,0.0,MEDIUM,MEDIUM,MEDIUM,5,COST_BASED,COST_BASED,false,false
1,baseline,1,2033,0.0,0.23354564755838642,NATURAL_GAS_BOILER,PRIVATELY_RENTED,54438,3387,5321,103982,6804,0.0,0.0,0.0,1422.733245149912,0.0,MEDIUM,MEDIUM,MEDIUM,5,COST_BASED,COST_BASED,false,false
1,baseline,1,2034,0.0,0.2526539278131635,NATURAL_GAS_BOILER,PRIVATELY_RENTED,52547,3257,5148,107239,6524,0.0,0.0,0.0,1456.8580625383202,0.0,MEDIUM,MEDIUM,MEDIUM,5,COST_BASED,COST_BASED,false,false
1,baseline,1,2035,0.0,0.2781316348195329,NATURAL_GAS_BOILER,PRIVATELY_RENTED,50528,3078,5097,110317,6657,0.0,0.0,0.0,1442.753642782034,0.0,MEDIUM,MEDIUM,MEDIUM,5,COST_BASED,COST_BASED,false,false
1,baseline,1,2036,0.0,0.31104033970276007,NATURAL_GAS_BOILER,PRIVATELY_RENTED,48470,2906,4964,113223,6469,0.0,0.0,0.0,1460.1646313185963,0.0,MEDIUM,MEDIUM,MEDIUM,5,COST_BASED,COST_BASED,false,false
1,baseline,1,2037,0.0,0.34076433121019106,NATURAL_GAS_BOILER,PRIVATELY_RENTED,46422,3158,5206,116381,6603,0.0,0.0,0.0,1369.3109192791155,0.0,MEDIUM,MEDIUM,MEDIUM,5,COST_BASED,COST_BASED,false,false
1,baseline,1,2038,0.0,0.35881104033970274,NATURAL_GAS_BOILER,PRIVATELY_RENTED,44473,3115,5064,119496,6500,0.0,0.0,0.0,1346.5296923076924,0.0,MEDIUM,MEDIUM,MEDIUM,5,COST_BASED,COST_BASED,false,false
1,baseline,1,2039,0.0,0.3842887473460722,NATURAL_GAS_BOILER,PRIVATELY_RENTED,42926,3267,4814,122763,6132,0.0,0.0,0.0,1339.5228310502282,0.0,MEDIUM,MEDIUM,MEDIUM,5,COST_BASED,COST_BASED,false,false
1,baseline,1,2040,0.0,0.4118895966029724,NATURAL_GAS_BOILER,PRIVATELY_RENTED,41202,2982,4706,125745,6395,0.0,0.0,0.0,1406.928694292416,0.0,MEDIUM,MEDIUM,MEDIUM,5,COST_BASED,COST_BASED,false,false
1,baseline,1,2041,0.0,0.45116772823779194,NATURAL_GAS_BOILER,PRIVATELY_RENTED,39979,2932,4155,128677,6551,0.0,0.0,0.0,1401.386658525416,0.0,MEDIUM,MEDIUM,MEDIUM,5,COST_BASED,COST_BASED,false,false
1,baseline,1,2042,0.0,0.4872611464968153,NATURAL_GAS_BOILER,PRIVATELY_RENTED,38739,2939,4179,131616,6788,0.0,0.0,0.0,1406.163818503241,0.0,MEDIUM,MEDIUM,MEDIUM,5,COST_BASED,COST_BASED,false,false
1,baseline,1,2043,0.0,0.5084925690021231,NATURAL_GAS_BOILER,PRIVATELY_RENTED,37449,2675,3965,134291,6553,0.0,0.0,0.0,1425.8100106821303,0.0,MEDIUM,MEDIUM,MEDIUM,5,COST_BASED,COST_BASED,false,false
1,baseline,1,2044,0.0,0.5424628450106157,NATURAL_GAS_BOILER,PRIVATELY_RENTED,36192,2496,3753,136787,6681,0.0,0.0,0.0,1417.5356982487651,0.0,MEDIUM,MEDIUM,MEDIUM,5,COST_BASED,COST_BASED,false,false
1,baseline,1,2045,0.0,0.5424628450106157,NATURAL_GAS_BOILER,PRIVATELY_RENTED,35058,2253,3387,139040,6413,0.0,0.0,0.0,1425.9407453609856,0.0,MEDIUM,MEDIUM,MEDIUM,5,COST_BASED,COST_BASED,false,false
1,baseline,1,2046,0.0,0.5424628450106157,NATURAL_GAS_BOILER,PRIVATELY_RENTED,34109,2308,3257,141348,6671,0.0,0.0,0.0,1429.2423924449108,0.0,MEDIUM,MEDIUM,MEDIUM,5,COST_BASED,COST_BASED,false,false
1,baseline,1,2047,0.0,0.5424628450106157,NATURAL_GAS_BOILER,PRIVATELY_RENTED,33087,2056,3078,143404,6351,0.0,0.0,0.0,1457.7009919697684,0.0,MEDIUM,MEDIUM,MEDIUM,5,COST_BASED,COST_BASED,false,false
1,baseline,1,2048,0.0,0.5424628450106157,NATURAL_GAS_BOILER,PRIVATELY_RENTED,32215,2034,2906,145438,6699,0.0,0.0,0.0,1423.768472906404,0.0,MEDIUM,MEDIUM,MEDIUM,5,COST_BASED,COST_BASED,false,false
1,baseline,1,2049,0.0,0.5424628450106157,NATURAL_GAS_BOILER,PRIVATELY_RENTED,31301,2244,3158,147682,6770,0.0,0.0,0.0,1425.264106351551,0.0,MEDIUM,MEDIUM,MEDIUM,5,COST_BASED,COST_BASED,false,false
1,baseline,1,2050,0.0,0.5424628450106157,NATURAL_GAS_BOILER,PRIVATELY_RENTED,30414,2228,3115,149910,7098,0.0,0.0,0.0,1412.9091293322062,0.0,MEDIUM,MEDIUM,MEDIUM,5,COST_BASED,COST_BASED,false,false
1,baseline,1,2024,0.0,0.0,NATURAL_GAS_BLOCK,TOTAL,33312,33312,0,33312,0,0.0,0.0,0.0,0.0,0.0,MEDIUM,MEDIUM,MEDIUM,5,COST_BASED,COST_BASED,false,false
1,baseline,1,2025,0.0,0.13800424628450106,NATURAL_GAS_BLOCK,TOTAL,31401,612,2523,33924,47725,0.2859292478452699,0.5005146179191424,0.06644961644629366,1616.1827344159246,0.6709834128616032,MEDIUM,MEDIUM,MEDIUM,5,COST_BASED,COST_BASED,false,false
1,baseline,1,2026,0.0,0.13800424628450106,NATURAL_GAS_BLOCK,TOTAL,29462,546,2485,34470,49476,0.28558276450215175,0.49632252364799745,0.06165839990210772,1603.0833131215134,0.6653807943586968,MEDIUM,MEDIUM,MEDIUM,5,COST_BASED,COST_BASED,false,false
1,baseline,1,2027,0.0,0.13800424628450106,NATURAL_GAS_BLOCK,TOTAL,26928,475,3009,34945,48867,0.2858191165306368,0.4865832838814755,0.05603397773028906,1610.914420774756,0.651415899473275,MEDIUM,MEDIUM,MEDIUM,5,COST_BASED,COST_BASED,false,false
1,baseline,1,2028,0.0,0.13800424628450106,NATURAL_GAS_BLOCK,TOTAL,24855,400,2473,35345,51022,0.2853376269014977,0.4869732759373546,0.05134873140744879,1605.3275449805967,0.6527069157547273,MEDIUM,MEDIUM,MEDIUM,5,COST_BASED,COST_BASED,false,false
1,baseline,1,2029,0.0,0.13800424628450106,NATURAL_GAS_BLOCK,TOTAL,22855,418,2418,35763,51261,0.2851485426298154,0.49916727041688436,0.04647988434542261,1595.6175259944207,0.6716537844247017,MEDIUM,MEDIUM,MEDIUM,5,COST_BASED,COST_BASED,false,false
1,baseline,1,2030,0.0,0.1592356687898089,NATURAL_GAS_BLOCK,TOTAL,20973,423,2305,36186,50693,0.28634787179108334,0.4920952425394429,0.041097864926696544,1595.7957311660386,0.6614186627455596,MEDIUM,MEDIUM,MEDIUM,5,COST_BASED,COST_BASED,false,false
1,baseline,1,2031,0.0,0.18471337579617833,NATURAL_GAS_BLOCK,TOTAL,17999,361,3335,36547,50958,0.2862167541524653,0.48999034584067275,0.03609430321679712,1594.2593312139409,0.6589195423207955,MEDIUM,MEDIUM,MEDIUM,5,COST_BASED,COST_BASED,false,false
1,baseline,1,2032,0.0,0.21019108280254778,NATURAL_GAS_BLOCK,TOTAL,15258,426,3167,36973,49826,0.2852400624175154,0.48966126530792436,0.030692340909251707,1595.177858949143,0.6593453397438492,MEDIUM,MEDIUM,MEDIUM,5,COST_BASED,COST_BASED,false,false
1,baseline,1,2033,0.0,0.23354564755838642,NATURAL_GAS_BLOCK,TOTAL,12955,514,2817,37487,47836,0.28581769153814585,0.48739376769100107,0.024962804240141797,1611.9926415252112,0.6565158781219409,MEDIUM,MEDIUM,MEDIUM,5,COST_BASED,COST_BASED,false,false
1,baseline,1,2034,0.0,0.2526539278131635,NATURAL_GAS_BLOCK,TOTAL,10129,409,3235,37896,51673,0.28490712903733983,0.49938455747884025,0.019130888325156817,1569.7395351537552,0.6754586929182801,MEDIUM,MEDIUM,MEDIUM,5,COST_BASED,COST_BASED,false,false
1,baseline,1,2035,0.0,0.2781316348195329,NATURAL_GAS_BLOCK,TOTAL,7401,387,3115,38283,52383,0.28572276196214647,0.48879731977880686,0.011419965713624572,1558.8758566710574,0.6603377934634643,MEDIUM,MEDIUM,MEDIUM,5,COST_BASED,COST_BASED,false,false
1,baseline,1,2036,0.0,0.31104033970276007,NATURAL_GAS_BLOCK,TOTAL,5245,274,2430,38557,47994,0.2862842339654111,0.4809770961289486,0.005484672049234027,1599.739488269367,0.649209001695922,MEDIUM,MEDIUM,MEDIUM,5,COST_BASED,COST_BASED,false,false
1,baseline,1,2037,0.0,0.34076433121019106,NATURAL_GAS_BLOCK,TOTAL,4975,342,612,38899,41588,0.3194318370324038,0.49986257031523235,0.0032509761737596577,1489.3883812638262,0.6695295241930281,MEDIUM,MEDIUM,MEDIUM,5,COST_BASED,COST_BASED,false,false
1,baseline,1,2038,0.0,0.35881104033970274,NATURAL_GAS_BLOCK,TOTAL,4779,350,546,39249,37020,0.3277358100846505,0.49009253859045204,0.002833995572439257,1497.693922204214,0.652850605917956,MEDIUM,MEDIUM,MEDIUM,5,COST_BASED,COST_BASED,false,false
1,baseline,1,2039,0.0,0.3842887473460722,NATURAL_GAS_BLOCK,TOTAL,4602,298,475,39547,32094,0.342205523141939,0.4955468415150955,0.0023984739509878964,1493.189973203714,0.6574690722432829,MEDIUM,MEDIUM,MEDIUM,5,COST_BASED,COST_BASED,false,false
1,baseline,1,2040,0.0,0.4118895966029724,NATURAL_GAS_BLOCK,TOTAL,4464,262,400,39809,42102,0.29176802125025975,0.4804535416586288,0.0017431069640534214,1562.4767469478884,0.6475204188048868,MEDIUM,MEDIUM,MEDIUM,5,COST_BASED,COST_BASED,false,false
1,baseline,1,2041,0.0,0.45116772823779194,NATURAL_GAS_BLOCK,TOTAL,4302,256,418,40065,44585,0.29062010500166274,0.4898402899331129,0.0013999132021494303,1602.0042839520017,0.6619304194989805,MEDIUM,MEDIUM,MEDIUM,5,COST_BASED,COST_BASED,false,false
1,baseline,1,2042,0.0,0.4872611464968153,NATURAL_GAS_BLOCK,TOTAL,4158,279,423,40344,46135,0.2854484846031575,0.48051964070334746,0.0012279113508664658,1568.2582854665654,0.6492638509853715,MEDIUM,MEDIUM,MEDIUM,5,COST_BASED,COST_BASED,false,false
1,baseline,1,2043,0.0,0.5084925690021231,NATURAL_GAS_BLOCK,TOTAL,4054,257,361,40601,42552,0.27895367228064655,0.4802568366942014,0.0010576170120665947,1603.9444209437863,0.6505146348446295,MEDIUM,MEDIUM,MEDIUM,5,COST_BASED,COST_BASED,false,false
1,baseline,1,2044,0.0,0.5424628450106157,NATURAL_GAS_BLOCK,TOTAL,3988,360,426,40961,41072,0.2750737468686986,0.49237641948151406,7.776804526905504E-4,1571.4927201012856,0.6696989824485173,MEDIUM,MEDIUM,MEDIUM,5,COST_BASED,COST_BASED,false,false
1,baseline,1,2045,0.0,0.5424628450106157,NATURAL_GAS_BLOCK,TOTAL,3850,376,514,41337,41657,0.27198389765747427,0.4852654990044054,6.764801489375803E-4,1603.7384353169934,0.6598177140736196,MEDIUM,MEDIUM,MEDIUM,5,COST_BASED,COST_BASED,false,false
1,baseline,1,2046,0.0,0.5424628450106157,NATURAL_GAS_BLOCK,TOTAL,3745,304,409,41641,47601,0.27661502001522015,0.48341349641543,5.041472172947118E-4,1581.2618642465495,0.6559034712171778,MEDIUM,MEDIUM,MEDIUM,5,COST_BASED,COST_BASED,false,false
1,baseline,1,2047,0.0,0.5424628450106157,NATURAL_GAS_BLOCK,TOTAL,3606,248,387,41889,44348,0.2704899600199582,0.481243816326429,3.381716316775432E-4,1569.6999639217102,0.6542009630306894,MEDIUM,MEDIUM,MEDIUM,5,COST_BASED,COST_BASED,false,false
1,baseline,1,2048,0.0,0.5424628450106157,NATURAL_GAS_BLOCK,TOTAL,3597,265,274,42154,44419,0.2714523654166972,0.4810244330140843,2.765274144048655E-4,1594.6650082172043,0.6536389922401513,MEDIUM,MEDIUM,MEDIUM,5,COST_BASED,COST_BASED,false,false
1,baseline,1,2049,0.0,0.5424628450106157,NATURAL_GAS_BLOCK,TOTAL,3542,287,342,42441,46742,0.26928389850749107,0.4916299996276838,2.511786422854049E-4,1542.971866843524,0.67009262748437,MEDIUM,MEDIUM,MEDIUM,5,COST_BASED,COST_BASED,false,false
1,baseline,1,2050,0.0,0.5424628450106157,NATURAL_GAS_BLOCK,TOTAL,3482,290,350,42731,49568,0.2728113958288442,0.48297902587973607,1.7363406608911233E-4,1563.9829527114268,0.6562439856041593,MEDIUM,MEDIUM,MEDIUM,5,COST_BASED,COST_BASED,false,false
1,baseline,1,2024,0.0,0.0,NATURAL_GAS_BLOCK,PRIVATELY_OWNED,20300,20300,0,20300,0,0.0,0.0,0.0,0.0,0.0,MEDIUM,MEDIUM,MEDIUM,5,COST_BASED,COST_BASED,false,false
1,baseline,1,2025,0.0,0.13800424628450106,NATURAL_GAS_BLOCK,PRIVATELY_OWNED,18773,142,1669,20442,33388,0.2859292478452699,0.5005146179191424,0.06644961644629366,1703.1457110339045,0.6709834128616032,MEDIUM,MEDIUM,MEDIUM,5,COST_BASED,COST_BASED,false,false
1,baseline,1,2026,0.0,0.13800424628450106,NATURAL_GAS_BLOCK,PRIVATELY_OWNED,17290,127,1610,20569,33135,0.28558276450215175,0.49632252364799745,0.06165839990210772,1700.6236306020824,0.6653807943586968,MEDIUM,MEDIUM,MEDIUM,5,COST_BASED,COST_BASED,false,false
1,baseline,1,2027,0.0,0.13800424628450106,NATURAL_GAS_BLOCK,PRIVATELY_OWNED,15847,127,1570,20696,33878,0.2858191165306368,0.4865832838814755,0.05603397773028906,1700.9539524174982,0.651415899473275,MEDIUM,MEDIUM,MEDIUM,5,COST_BASED,COST_BASED,false,false
1,baseline,1,2028,0.0,0.13800424628450106,NATURAL_GAS_BLOCK,PRIVATELY_OWNED,14333,81,1595,20777,34046,0.2853376269014977,0.4869732759373546,0.05134873140744879,1686.125477295424,0.6527069157547273,MEDIUM,MEDIUM,MEDIUM,5,COST_BASED,COST_BASED,false,false
1,baseline,1,2029,0.0,0.13800424628450106,NATURAL_GAS_BLOCK,PRIVATELY_OWNED,12843,79,1569,20856,34457,0.2851485426298154,0.49916727041688436,0.04647988434542261,1686.082421568912,0.6716537844247017,MEDIUM,MEDIUM,MEDIUM,5,COST_BASED,COST_BASED,false,false
1,baseline,1,2030,0.0,0.1592356687898089,NATURAL_GAS_BLOCK,PRIVATELY_OWNED,11392,81,1532,20937,34755,0.28634787179108334,0.4920952425394429,0.041097864926696544,1689.8208890807077,0.6614186627455596,MEDIUM,MEDIUM,MEDIUM,5,COST_BASED,COST_BASED,false,false
1,baseline,1,2031,0.0,0.18471337579617833,NATURAL_GAS_BLOCK,PRIVATELY_OWNED,9817,57,1632,20994,35537,0.2862167541524653,0.48999034584067275,0.03609430321679712,1674.323071728058,0.6589195423207955,MEDIUM,MEDIUM,MEDIUM,5,COST_BASED,COST_BASED,false,false
1,baseline,1,2032,0.0,0.21019108280254778,NATURAL_GAS_BLOCK,PRIVATELY_OWNED,8199,55,1673,21049,34558,0.2852400624175154,0.48966126530792436,0.030692340909251707,1682.0971410382544,0.6593453397438492,MEDIUM,MEDIUM,MEDIUM,5,COST_BASED,COST_BASED,false,false
1,baseline,1,2033,0.0,0.23354564755838642,NATURAL_GAS_BLOCK,PRIVATELY_OWNED,6593,56,1662,21105,33908,0.28581769153814585,0.48739376769100107,0.024962804240141797,1689.4426683968386,0.6565158781219409,MEDIUM,MEDIUM,MEDIUM,5,COST_BASED,COST_BASED,false,false
1,baseline,1,2034,0.0,0.2526539278131635,NATURAL_GAS_BLOCK,PRIVATELY_OWNED,4450,63,2206,21168,36438,0.28490712903733983,0.49938455747884025,0.019130888325156817,1634.699928645919,0.6754586929182801,MEDIUM,MEDIUM,MEDIUM,5,COST_BASED,COST_BASED,false,false
1,baseline,1,2035,0.0,0.2781316348195329,NATURAL_GAS_BLOCK,PRIVATELY_OWNED,2398,45,2097,21213,37370,0.28572276196214647,0.48879731977880686,0.011419965713624572,1626.5516992239764,0.6603377934634643,MEDIUM,MEDIUM,MEDIUM,5,COST_BASED,COST_BASED,false,false
1,baseline,1,2036,0.0,0.31104033970276007,NATURAL_GAS_BLOCK,PRIVATELY_OWNED,928,15,1485,21228,33799,0.2862842339654111,0.4809770961289486,0.005484672049234027,1686.755051924613,0.649209001695922,MEDIUM,MEDIUM,MEDIUM,5,COST_BASED,COST_BASED,false,false
1,baseline,1,2037,0.0,0.34076433121019106,NATURAL_GAS_BLOCK,PRIVATELY_OWNED,794,8,142,21236,24252,0.3194318370324038,0.49986257031523235,0.0032509761737596577,1623.6785832096323,0.6695295241930281,MEDIUM,MEDIUM,MEDIUM,5,COST_BASED,COST_BASED,false,false
1,baseline,1,2038,0.0,0.35881104033970274,NATURAL_GAS_BLOCK,PRIVATELY_OWNED,672,5,127,21241,20394,0.3277358100846505,0.49009253859045204,0.002833995572439257,1612.1175836030204,0.652850605917956,MEDIUM,MEDIUM,MEDIUM,5,COST_BASED,COST_BASED,false,false
1,baseline,1,2039,0.0,0.3842887473460722,NATURAL_GAS_BLOCK,PRIVATELY_OWNED,554,9,127,21250,16958,0.342205523141939,0.4955468415150955,0.0023984739509878964,1640.3746904116051,0.6574690722432829,MEDIUM,MEDIUM,MEDIUM,5,COST_BASED,COST_BASED,false,false
1,baseline,1,2040,0.0,0.4118895966029724,NATURAL_GAS_BLOCK,PRIVATELY_OWNED,481,8,81,21258,25239,0.29176802125025975,0.4804535416586288,0.0017431069640534214,1697.9924719679861,0.6475204188048868,MEDIUM,MEDIUM,MEDIUM,5,COST_BASED,COST_BASED,false,false
1,baseline,1,2041,0.0,0.45116772823779194,NATURAL_GAS_BLOCK,PRIVATELY_OWNED,405,3,79,21261,29220,0.29062010500166274,0.4898402899331129,0.0013999132021494303,1717.8137234770704,0.6619304194989805,MEDIUM,MEDIUM,MEDIUM,5,COST_BASED,COST_BASED,false,false
1,baseline,1,2042,0.0,0.4872611464968153,NATURAL_GAS_BLOCK,PRIVATELY_OWNED,334,10,81,21271,28706,0.2854484846031575,0.48051964070334746,0.0012279113508664658,1718.6409113077405,0.6492638509853715,MEDIUM,MEDIUM,MEDIUM,5,COST_BASED,COST_BASED,false,false
1,baseline,1,2043,0.0,0.5084925690021231,NATURAL_GAS_BLOCK,PRIVATELY_OWNED,282,5,57,21276,27832,0.27895367228064655,0.4802568366942014,0.0010576170120665947,1703.680655360736,0.6505146348446295,MEDIUM,MEDIUM,MEDIUM,5,COST_BASED,COST_BASED,false,false
1,baseline,1,2044,0.0,0.5424628450106157,NATURAL_GAS_BLOCK,PRIVATELY_OWNED,238,11,55,21287,25842,0.2750737468686986,0.49237641948151406,7.776804526905504E-4,1679.1405077006423,0.6696989824485173,MEDIUM,MEDIUM,MEDIUM,5,COST_BASED,COST_BASED,false,false
1,baseline,1,2045,0.0,0.5424628450106157,NATURAL_GAS_BLOCK,PRIVATELY_OWNED,185,3,56,21290,27443,0.27198389765747427,0.4852654990044054,6.764801489375803E-4,1693.7623802062458,0.6598177140736196,MEDIUM,MEDIUM,MEDIUM,5,COST_BASED,COST_BASED,false,false
1,baseline,1,2046,0.0,0.5424628450106157,NATURAL_GAS_BLOCK,PRIVATELY_OWNED,128,6,63,21296,30705,0.27661502001522015,0.48341349641543,5.041472172947118E-4,1690.1479889268849,0.6559034712171778,MEDIUM,MEDIUM,MEDIUM,5,COST_BASED,COST_BASED,false,false
1,baseline,1,2047,0.0,0.5424628450106157,NATURAL_GAS_BLOCK,PRIVATELY_OWNED,91,8,45,21304,29912,0.2704899600199582,0.481243816326429,3.381716316775432E-4,1675.327226531158,0.6542009630306894,MEDIUM,MEDIUM,MEDIUM,5,COST_BASED,COST_BASED,false,false
1,baseline,1,2048,0.0,0.5424628450106157,NATURAL_GAS_BLOCK,PRIVATELY_OWNED,78,2,15,21306,30527,0.2714523654166972,0.4810244330140843,2.765274144048655E-4,1695.735414551053,0.6536389922401513,MEDIUM,MEDIUM,MEDIUM,5,COST_BASED,COST_BASED,false,false
1,baseline,1,2049,0.0,0.5424628450106157,NATURAL_GAS_BLOCK,PRIVATELY_OWNED,73,3,8,21309,31521,0.26928389850749107,0.4916299996276838,2.511786422854049E-4,1648.2104945909077,0.67009262748437,MEDIUM,MEDIUM,MEDIUM,5,COST_BASED,COST_BASED,false,false
1,baseline,1,2050,0.0,0.5424628450106157,NATURAL_GAS_BLOCK,PRIVATELY_OWNED,70,2,5,21311,34228,0.2728113958288442,0.48297902587973607,1.7363406608911233E-4,1644.8778193292042,0.6562439856041593,MEDIUM,MEDIUM,MEDIUM,5,COST_BASED,COST_BASED,false,false
1,baseline,1,2024,0.0,0.0,NATURAL_GAS_BLOCK,SOCIAL_HOUSING,7714,7714,0,7714,0,0.0,0.0,0.0,0.0,0.0,MEDIUM,MEDIUM,MEDIUM,5,COST_BASED,COST_BASED,false,false
1,baseline,1,2025,0.0,0.13800424628450106,NATURAL_GAS_BLOCK,SOCIAL_HOUSING,7333,0,381,7714,7612,0.0,0.0,0.0,1393.1238833420914,0.0,MEDIUM,MEDIUM,MEDIUM,5,COST_BASED,COST_BASED,false,false
1,baseline,1,2026,0.0,0.13800424628450106,NATURAL_GAS_BLOCK,SOCIAL_HOUSING,6941,0,392,7714,9578,0.0,0.0,0.0,1381.3761745667155,0.0,MEDIUM,MEDIUM,MEDIUM,5,COST_BASED,COST_BASED,false,false
1,baseline,1,2027,0.0,0.13800424628450106,NATURAL_GAS_BLOCK,SOCIAL_HOUSING,5910,0,1031,7714,8171,0.0,0.0,0.0,1377.9288948721087,0.0,MEDIUM,MEDIUM,MEDIUM,5,COST_BASED,COST_BASED,false,false
1,baseline,1,2028,0.0,0.13800424628450106,NATURAL_GAS_BLOCK,SOCIAL_HOUSING,5422,0,488,7714,10074,0.0,0.0,0.0,1447.3847528290648,0.0,MEDIUM,MEDIUM,MEDIUM,5,COST_BASED,COST_BASED,false,false
1,baseline,1,2029,0.0,0.13800424628450106,NATURAL_GAS_BLOCK,SOCIAL_HOUSING,4981,0,441,7714,10149,0.0,0.0,0.0,1380.3969849246232,0.0,MEDIUM,MEDIUM,MEDIUM,5,COST_BASED,COST_BASED,false,false
1,baseline,1,2030,0.0,0.1592356687898089,NATURAL_GAS_BLOCK,SOCIAL_HOUSING,4622,0,359,7714,9189,0.0,0.0,0.0,1353.1857655892916,0.0,MEDIUM,MEDIUM,MEDIUM,5,COST_BASED,COST_BASED,false,false
1,baseline,1,2031,0.0,0.18471337579617833,NATURAL_GAS_BLOCK,SOCIAL_HOUSING,3298,0,1324,7714,8575,0.0,0.0,0.0,1385.9303790087463,0.0,MEDIUM,MEDIUM,MEDIUM,5,COST_BASED,COST_BASED,false,false
1,baseline,1,2032,0.0,0.21019108280254778,NATURAL_GAS_BLOCK,SOCIAL_HOUSING,2291,0,1007,7714,8518,0.0,0.0,0.0,1366.4404789856774,0.0,MEDIUM,MEDIUM,MEDIUM,5,COST_BASED,COST_BASED,false,false
1,baseline,1,2033,0.0,0.23354564755838642,NATURAL_GAS_BLOCK,SOCIAL_HOUSING,1717,0,574,7714,7124,0.0,0.0,0.0,1423.4483436271757,0.0,MEDIUM,MEDIUM,MEDIUM,5,COST_BASED,COST_BASED,false,false
1,baseline,1,2034,0.0,0.2526539278131635,NATURAL_GAS_BLOCK,SOCIAL_HOUSING,1152,0,565,7714,8711,0.0,0.0,0.0,1382.0188267707497,0.0,MEDIUM,MEDIUM,MEDIUM,5,COST_BASED,COST_BASED,false,false
1,baseline,1,2035,0.0,0.2781316348195329,NATURAL_GAS_BLOCK,SOCIAL_HOUSING,564,12,600,7726,8356,0.0,0.0,0.0,1348.1359502154141,0.0,MEDIUM,MEDIUM,MEDIUM,5,COST_BASED,COST_BASED,false,false
1,baseline,1,2036,0.0,0.31104033970276007,NATURAL_GAS_BLOCK,SOCIAL_HOUSING,12,0,552,7726,7726,0.0,0.0,0.0,1335.3106393994306,0.0,MEDIUM,MEDIUM,MEDIUM,5,COST_BASED,COST_BASED,false,false
1,baseline,1,2037,0.0,0.34076433121019106,NATURAL_GAS_BLOCK,SOCIAL_HOUSING,12,0,0,7726,10733,0.0,0.0,0.0,1259.3611292276157,0.0,MEDIUM,MEDIUM,MEDIUM,5,COST_BASED,COST_BASED,false,false
1,baseline,1,2038,0.0,0.35881104033970274,NATURAL_GAS_BLOCK,SOCIAL_HOUSING,12,0,0,7726,10126,0.0,0.0,0.0,1363.7918230298242,0.0,MEDIUM,MEDIUM,MEDIUM,5,COST_BASED,COST_BASED,false,false
1,baseline,1,2039,0.0,0.3842887473460722,NATURAL_GAS_BLOCK,SOCIAL_HOUSING,12,0,0,7726,9004,0.0,0.0,0.0,1320.1252776543759,0.0,MEDIUM,MEDIUM,MEDIUM,5,COST_BASED,COST_BASED,false,false
1,baseline,1,2040,0.0,0.4118895966029724,NATURAL_GAS_BLOCK,SOCIAL_HOUSING,12,0,0,7726,10468,0.0,0.0,0.0,1330.2827665265572,0.0,MEDIUM,MEDIUM,MEDIUM,5,COST_BASED,COST_BASED,false,false
1,baseline,1,2041,0.0,0.45116772823779194,NATURAL_GAS_BLOCK,SOCIAL_HOUSING,12,0,0,7726,8814,0.0,0.0,0.0,1366.5805536646244,0.0,MEDIUM,MEDIUM,MEDIUM,5,COST_BASED,COST_BASED,false,false
1,baseline,1,2042,0.0,0.4872611464968153,NATURAL_GAS_BLOCK,SOCIAL_HOUSING,12,0,0,7726,10641,0.0,0.0,0.0,1265.4525890423831,0.0,MEDIUM,MEDIUM,MEDIUM,5,COST_BASED,COST_BASED,false,false
1,baseline,1,2043,0.0,0.5084925690021231,NATURAL_GAS_BLOCK,SOCIAL_HOUSING,12,0,0,7726,8167,0.0,0.0,0.0,1406.3176196889922,0.0,MEDIUM,MEDIUM,MEDIUM,5,COST_BASED,COST_BASED,false,false
1,baseline,1,2044,0.0,0.5424628450106157,NATURAL_GAS_BLOCK,SOCIAL_HOUSING,12,0,0,7726,8549,0.0,0.0,0.0,1365.757866417125,0.0,MEDIUM,MEDIUM,MEDIUM,5,COST_BASED,COST_BASED,false,false
1,baseline,1,2045,0.0,0.5424628450106157,NATURAL_GAS_BLOCK,SOCIAL_HOUSING,12,0,0,7726,7801,0.0,0.0,0.0,1432.5144212280477,0.0,MEDIUM,MEDIUM,MEDIUM,5,COST_BASED,COST_BASED,false,false
1,baseline,1,2046,0.0,0.5424628450106157,NATURAL_GAS_BLOCK,SOCIAL_HOUSING,12,0,0,7726,10225,0.0,0.0,0.0,1352.922151589242,0.0,MEDIUM,MEDIUM,MEDIUM,5,COST_BASED,COST_BASED,false,false
1,baseline,1,2047,0.0,0.5424628450106157,NATURAL_GAS_BLOCK,SOCIAL_HOUSING,0,0,12,7726,8085,0.0,0.0,0.0,1266.222510822511,0.0,MEDIUM,MEDIUM,MEDIUM,5,COST_BASED,COST_BASED,false,false
1,baseline,1,2048,0.0,0.5424628450106157,NATURAL_GAS_BLOCK,SOCIAL_HOUSING,0,0,0,7726,7193,0.0,0.0,0.0,1324.0852217433617,0.0,MEDIUM,MEDIUM,MEDIUM,5,COST_BASED,COST_BASED,false,false
1,baseline,1,2049,0.0,0.5424628450106157,NATURAL_GAS_BLOCK,SOCIAL_HOUSING,0,0,0,7726,8451,0.0,0.0,0.0,1244.0557330493432,0.0,MEDIUM,MEDIUM,MEDIUM,5,COST_BASED,COST_BASED,false,false
1,baseline,1,2050,0.0,0.5424628450106157,NATURAL_GAS_BLOCK,SOCIAL_HOUSING,0,0,0,7726,8242,0.0,0.0,0.0,1357.4091239990294,0.0,MEDIUM,MEDIUM,MEDIUM,5,COST_BASED,COST_BASED,false,false
1,baseline,1,2024,0.0,0.0,NATURAL_GAS_BLOCK,PRIVATELY_RENTED,5298,5298,0,5298,0,0.0,0.0,0.0,0.0,0.0,MEDIUM,MEDIUM,MEDIUM,5,COST_BASED,COST_BASED,false,false
1,baseline,1,2025,0.0,0.13800424628450106,NATURAL_GAS_BLOCK,PRIVATELY_RENTED,5295,470,473,5768,6725,0.0,0.0,0.0,1436.9119702602231,0.0,MEDIUM,MEDIUM,MEDIUM,5,COST_BASED,COST_BASED,false,false
1,baseline,1,2026,0.0,0.13800424628450106,NATURAL_GAS_BLOCK,PRIVATELY_RENTED,5231,419,483,6187,6763,0.0,0.0,0.0,1439.1786189560846,0.0,MEDIUM,MEDIUM,MEDIUM,5,COST_BASED,COST_BASED,false,false
1,baseline,1,2027,0.0,0.13800424628450106,NATURAL_GAS_BLOCK,PRIVATELY_RENTED,5171,348,408,6535,6818,0.0,0.0,0.0,1442.7368729832795,0.0,MEDIUM,MEDIUM,MEDIUM,5,COST_BASED,COST_BASED,false,false
1,baseline,1,2028,0.0,0.13800424628450106,NATURAL_GAS_BLOCK,PRIVATELY_RENTED,5100,319,390,6854,6902,0.0,0.0,0.0,1437.2993335265141,0.0,MEDIUM,MEDIUM,MEDIUM,5,COST_BASED,COST_BASED,false,false
1,baseline,1,2029,0.0,0.13800424628450106,NATURAL_GAS_BLOCK,PRIVATELY_RENTED,5031,339,408,7193,6655,0.0,0.0,0.0,1455.440871525169,0.0,MEDIUM,MEDIUM,MEDIUM,5,COST_BASED,COST_BASED,false,false
1,baseline,1,2030,0.0,0.1592356687898089,NATURAL_GAS_BLOCK,PRIVATELY_RENTED,4959,342,414,7535,6749,0.0,0.0,0.0,1441.9208771669878,0.0,MEDIUM,MEDIUM,MEDIUM,5,COST_BASED,COST_BASED,false,false
1,baseline,1,2031,0.0,0.18471337579617833,NATURAL_GAS_BLOCK,PRIVATELY_RENTED,4884,304,379,7839,6846,0.0,0.0,0.0,1439.5990359333919,0.0,MEDIUM,MEDIUM,MEDIUM,5,COST_BASED,COST_BASED,false,false
1,baseline,1,2032,0.0,0.21019108280254778,NATURAL_GAS_BLOCK,PRIVATELY_RENTED,4768,371,487,8210,6750,0.0,0.0,0.0,1438.8265185185185,0.0,MEDIUM,MEDIUM,MEDIUM,5,COST_BASED,COST_BASED,false,false
1,baseline,1,2033,0.0,0.23354564755838642,NATURAL_GAS_BLOCK,PRIVATELY_RENTED,4645,458,581,8668,6804,0.0,0.0,0.0,1423.4291593180483,0.0,MEDIUM,MEDIUM,MEDIUM,5,COST_BASED,COST_BASED,false,false
1,baseline,1,2034,0.0,0.2526539278131635,NATURAL_GAS_BLOCK,PRIVATELY_RENTED,4527,346,464,9014,6524,0.0,0.0,0.0,1457.5703556100552,0.0,MEDIUM,MEDIUM,MEDIUM,5,COST_BASED,COST_BASED,false,false
1,baseline,1,2035,0.0,0.2781316348195329,NATURAL_GAS_BLOCK,PRIVATELY_RENTED,4439,330,418,9344,6657,0.0,0.0,0.0,1443.4930148715637,0.0,MEDIUM,MEDIUM,MEDIUM,5,COST_BASED,COST_BASED,false,false
1,baseline,1,2036,0.0,0.31104033970276007,NATURAL_GAS_BLOCK,PRIVATELY_RENTED,4305,259,393,9603,6469,0.0,0.0,0.0,1460.9140516308548,0.0,MEDIUM,MEDIUM,MEDIUM,5,COST_BASED,COST_BASED,false,false
1,baseline,1,2037,0.0,0.34076433121019106,NATURAL_GAS_BLOCK,PRIVATELY_RENTED,4169,334,470,9937,6603,0.0,0.0,0.0,1370.0602756322883,0.0,MEDIUM,MEDIUM,MEDIUM,5,COST_BASED,COST_BASED,false,false
1,baseline,1,2038,0.0,0.35881104033970274,NATURAL_GAS_BLOCK,PRIVATELY_RENTED,4095,345,419,10282,6500,0.0,0.0,0.0,1347.284153846154,0.0,MEDIUM,MEDIUM,MEDIUM,5,COST_BASED,COST_BASED,false,false
1,baseline,1,2039,0.0,0.3842887473460722,NATURAL_GAS_BLOCK,PRIVATELY_RENTED,4036,289,348,10571,6132,0.0,0.0,0.0,1340.2734833659492,0.0,MEDIUM,MEDIUM,MEDIUM,5,COST_BASED,COST_BASED,false,false
1,baseline,1,2040,0.0,0.4118895966029724,NATURAL_GAS_BLOCK,PRIVATELY_RENTED,3971,254,319,10825,6395,0.0,0.0,0.0,1407.719155590305,0.0,MEDIUM,MEDIUM,MEDIUM,5,COST_BASED,COST_BASED,false,false
1,baseline,1,2041,0.0,0.45116772823779194,NATURAL_GAS_BLOCK,PRIVATELY_RENTED,3885,253,339,11078,6551,0.0,0.0,0.0,1402.1985956342544,0.0,MEDIUM,MEDIUM,MEDIUM,5,COST_BASED,COST_BASED,false,false
1,baseline,1,2042,0.0,0.4872611464968153,NATURAL_GAS_BLOCK,PRIVATELY_RENTED,3812,269,342,11347,6788,0.0,0.0,0.0,1406.984236888627,0.0,MEDIUM,MEDIUM,MEDIUM,5,COST_BASED,COST_BASED,false,false
1,baseline,1,2043,0.0,0.5084925690021231,NATURAL_GAS_BLOCK,PRIVATELY_RENTED,3760,252,304,11599,6553,0.0,0.0,0.0,1426.6453532733099,0.0,MEDIUM,MEDIUM,MEDIUM,5,COST_BASED,COST_BASED,false,false
1,baseline,1,2044,0.0,0.5424628450106157,NATURAL_GAS_BLOCK,PRIVATELY_RENTED,3738,349,371,11948,6681,0.0,0.0,0.0,1418.3709025594972,0.0,MEDIUM,MEDIUM,MEDIUM,5,COST_BASED,COST_BASED,false,false
1,baseline,1,2045,0.0,0.5424628450106157,NATURAL_GAS_BLOCK,PRIVATELY_RENTED,3653,373,458,12321,6413,0.0,0.0,0.0,1426.7840324341182,0.0,MEDIUM,MEDIUM,MEDIUM,5,COST_BASED,COST_BASED,false,false
1,baseline,1,2046,0.0,0.5424628450106157,NATURAL_GAS_BLOCK,PRIVATELY_RENTED,3605,298,346,12619,6671,0.0,0.0,0.0,1430.0739019637235,0.0,MEDIUM,MEDIUM,MEDIUM,5,COST_BASED,COST_BASED,false,false
1,baseline,1,2047,0.0,0.5424628450106157,NATURAL_GAS_BLOCK,PRIVATELY_RENTED,3515,240,330,12859,6351,0.0,0.0,0.0,1458.550936860337,0.0,MEDIUM,MEDIUM,MEDIUM,5,COST_BASED,COST_BASED,false,false
1,baseline,1,2048,0.0,0.5424628450106157,NATURAL_GAS_BLOCK,PRIVATELY_RENTED,3519,263,259,13122,6699,0.0,0.0,0.0,1424.6253172115241,0.0,MEDIUM,MEDIUM,MEDIUM,5,COST_BASED,COST_BASED,false,false
1,baseline,1,2049,0.0,0.5424628450106157,NATURAL_GAS_BLOCK,PRIVATELY_RENTED,3469,284,334,13406,6770,0.0,0.0,0.0,1426.1200886262925,0.0,MEDIUM,MEDIUM,MEDIUM,5,COST_BASED,COST_BASED,false,false
1,baseline,1,2050,0.0,0.5424628450106157,NATURAL_GAS_BLOCK,PRIVATELY_RENTED,3412,288,345,13694,7098,0.0,0.0,0.0,1413.7592279515356,0.0,MEDIUM,MEDIUM,MEDIUM,5,COST_BASED,COST_BASED,false,false
1,baseline,1,2024,0.0,0.0,DISTRICT_HEATING,TOTAL,83607,83607,0,83607,0,0.0,0.0,0.0,0.0,0.0,MEDIUM,MEDIUM,MEDIUM,5,COST_BASED,COST_BASED,false,false
1,baseline,1,2025,0.0,0.13800424628450106,DISTRICT_HEATING,TOTAL,83771,2768,2604,86375,47725,0.7654505730432001,0.58866465030606,0.13465035743376033,1809.5422943949711,0.6748030375190678,MEDIUM,MEDIUM,MEDIUM,5,COST_BASED,COST_BASED,false,false
1,baseline,1,2026,0.0,0.13800424628450106,DISTRICT_HEATING,TOTAL,84426,2839,2184,89214,49476,0.7656570773264292,0.5856653976101206,0.14043084959454327,1793.995876788746,0.6695299708842507,MEDIUM,MEDIUM,MEDIUM,5,COST_BASED,COST_BASED,false,false
1,baseline,1,2027,0.0,0.13800424628450106,DISTRICT_HEATING,TOTAL,84598,2703,2531,91917,48867,0.7656127371388435,0.577091107723868,0.14537362743801263,1802.5790615343687,0.6560617738713392,MEDIUM,MEDIUM,MEDIUM,5,COST_BASED,COST_BASED,false,false
1,baseline,1,2028,0.0,0.13800424628450106,DISTRICT_HEATING,TOTAL,84747,2571,2422,94488,51022,0.7654407977394208,0.5778863253665825,0.146968559122752,1795.3708988279566,0.6570982187246691,MEDIUM,MEDIUM,MEDIUM,5,COST_BASED,COST_BASED,false,false
1,baseline,1,2029,0.0,0.13800424628450106,DISTRICT_HEATING,TOTAL,85622,2876,2001,97364,51261,0.7652649467045269,0.5907875030732591,0.1512695533299419,1783.9469967421626,0.6759563237675089,MEDIUM,MEDIUM,MEDIUM,5,COST_BASED,COST_BASED,false,false
1,baseline,1,2030,0.0,0.1592356687898089,DISTRICT_HEATING,TOTAL,84445,3016,4193,100380,50693,0.766366436792935,0.5850813890129173,0.155181812564904,1783.2863117195668,0.6666327477505376,MEDIUM,MEDIUM,MEDIUM,5,COST_BASED,COST_BASED,false,false
1,baseline,1,2031,0.0,0.18471337579617833,DISTRICT_HEATING,TOTAL,84318,3026,3153,103406,50958,0.766858931735024,0.5837549637970759,0.15681180967113215,1780.874798853958,0.664316236552972,MEDIUM,MEDIUM,MEDIUM,5,COST_BASED,COST_BASED,false,false
1,baseline,1,2032,0.0,0.21019108280254778,DISTRICT_HEATING,TOTAL,83412,2788,3694,106194,49826,0.7649559136674594,0.5834159779389726,0.16131405473838328,1781.6689479388272,0.6637207316492884,MEDIUM,MEDIUM,MEDIUM,5,COST_BASED,COST_BASED,false,false
1,baseline,1,2033,0.0,0.23354564755838642,DISTRICT_HEATING,TOTAL,84207,2260,1465,108454,47836,0.7653840038403152,0.5812553454355299,0.16025278658005182,1800.3932394012877,0.6605054188706995,MEDIUM,MEDIUM,MEDIUM,5,COST_BASED,COST_BASED,false,false
1,baseline,1,2034,0.0,0.2526539278131635,DISTRICT_HEATING,TOTAL,84173,3314,3348,111768,51673,0.7652468739959171,0.5946046970290351,0.17301867132275117,1751.891432663093,0.6789679931292327,MEDIUM,MEDIUM,MEDIUM,5,COST_BASED,COST_BASED,false,false
1,baseline,1,2035,0.0,0.2781316348195329,DISTRICT_HEATING,TOTAL,84342,3464,3295,115232,52383,0.7654529230789309,0.5846716173416557,0.1704543780801806,1739.2649523700438,0.664337397982722,MEDIUM,MEDIUM,MEDIUM,5,COST_BASED,COST_BASED,false,false
1,baseline,1,2036,0.0,0.31104033970276007,DISTRICT_HEATING,TOTAL,84090,2374,2626,117606,47994,0.7663317512996982,0.5795472464008857,0.18337588389179077,1785.0122515314415,0.6548159462899364,MEDIUM,MEDIUM,MEDIUM,5,COST_BASED,COST_BASED,false,false
1,baseline,1,2037,0.0,0.34076433121019106,DISTRICT_HEATING,TOTAL,80425,1663,5328,119269,41588,0.7906369402766634,0.5970781669667038,0.17081498085326763,1657.8936712513225,0.6766061427742365,MEDIUM,MEDIUM,MEDIUM,5,COST_BASED,COST_BASED,false,false
1,baseline,1,2038,0.0,0.35881104033970274,DISTRICT_HEATING,TOTAL,78647,1278,3056,120547,37020,0.7961022289809834,0.586863151458856,0.1662300085273049,1667.0008373851972,0.6604904188771229,MEDIUM,MEDIUM,MEDIUM,5,COST_BASED,COST_BASED,false,false
1,baseline,1,2039,0.0,0.3842887473460722,DISTRICT_HEATING,TOTAL,76021,1019,3645,121566,32094,0.8055790521690601,0.5914106978367907,0.1648323735038645,1661.7044307347169,0.6651172370249385,MEDIUM,MEDIUM,MEDIUM,5,COST_BASED,COST_BASED,false,false
1,baseline,1,2040,0.0,0.4118895966029724,DISTRICT_HEATING,TOTAL,73047,1002,3976,122568,42102,0.767823307804994,0.5769258451563036,0.15245520097735935,1742.1273098665147,0.6543760406610407,MEDIUM,MEDIUM,MEDIUM,5,COST_BASED,COST_BASED,false,false
1,baseline,1,2041,0.0,0.45116772823779194,DISTRICT_HEATING,TOTAL,72085,1127,2089,123695,44585,0.7683107028603632,0.5865858638491567,0.1546005896052705,1787.4938207917462,0.6684760463579905,MEDIUM,MEDIUM,MEDIUM,5,COST_BASED,COST_BASED,false,false
1,baseline,1,2042,0.0,0.4872611464968153,DISTRICT_HEATING,TOTAL,69265,1099,3919,124794,46135,0.7637183253613181,0.5778293207096994,0.1564079051768857,1748.966511325458,0.6562634115771142,MEDIUM,MEDIUM,MEDIUM,5,COST_BASED,COST_BASED,false,false
1,baseline,1,2043,0.0,0.5084925690021231,DISTRICT_HEATING,TOTAL,68151,768,1882,125562,42552,0.7575116484566846,0.5767581787907192,0.14972663886750667,1788.6514147396126,0.6570435262134697,MEDIUM,MEDIUM,MEDIUM,5,COST_BASED,COST_BASED,false,false
1,baseline,1,2044,0.0,0.5424628450106157,DISTRICT_HEATING,TOTAL,67526,953,1578,126515,41072,0.7522289680965198,0.5883998797080905,0.1507390410093758,1750.9928418387221,0.6757001974118315,MEDIUM,MEDIUM,MEDIUM,5,COST_BASED,COST_BASED,false,false
1,baseline,1,2045,0.0,0.5424628450106157,DISTRICT_HEATING,TOTAL,66536,851,1841,127366,41657,0.7505755368379985,0.5818736801785442,0.1492153173620696,1787.7784526010034,0.6665147213880627,MEDIUM,MEDIUM,MEDIUM,5,COST_BASED,COST_BASED,false,false
1,baseline,1,2046,0.0,0.5424628450106157,DISTRICT_HEATING,TOTAL,64525,952,2963,128318,47601,0.7556900296555688,0.5801197448976965,0.1508205566335535,1762.3224091930842,0.6624045403534636,MEDIUM,MEDIUM,MEDIUM,5,COST_BASED,COST_BASED,false,false
1,baseline,1,2047,0.0,0.5424628450106157,DISTRICT_HEATING,TOTAL,61855,921,3591,129239,44348,0.7499135892535183,0.5786453287759659,0.15468757611496475,1749.3225624605393,0.6611536488362002,MEDIUM,MEDIUM,MEDIUM,5,COST_BASED,COST_BASED,false,false
1,baseline,1,2048,0.0,0.5424628450106157,DISTRICT_HEATING,TOTAL,60440,958,2373,130197,44419,0.7525159462330412,0.5785308933992884,0.15088650325149466,1777.4731533803101,0.660806540634237,MEDIUM,MEDIUM,MEDIUM,5,COST_BASED,COST_BASED,false,false
1,baseline,1,2049,0.0,0.5424628450106157,DISTRICT_HEATING,TOTAL,59510,755,1685,130952,46742,0.7502728499435477,0.5878138752938705,0.1445445767494798,1718.52963073895,0.6760845283612424,MEDIUM,MEDIUM,MEDIUM,5,COST_BASED,COST_BASED,false,false
1,baseline,1,2050,0.0,0.5424628450106157,DISTRICT_HEATING,TOTAL,58161,673,2022,131625,49568,0.7550669207215422,0.5792104381005222,0.141585286353292,1742.5610676242736,0.6623507661762332,MEDIUM,MEDIUM,MEDIUM,5,COST_BASED,COST_BASED,false,false
1,baseline,1,2024,0.0,0.0,DISTRICT_HEATING,PRIVATELY_OWNED,44809,44809,0,44809,0,0.0,0.0,0.0,0.0,0.0,MEDIUM,MEDIUM,MEDIUM,5,COST_BASED,COST_BASED,false,false
1,baseline,1,2025,0.0,0.13800424628450106,DISTRICT_HEATING,PRIVATELY_OWNED,46273,2740,1276,47549,33388,0.7654505730432001,0.58866465030606,0.13465035743376033,1909.8385348029233,0.6748030375190678,MEDIUM,MEDIUM,MEDIUM,5,COST_BASED,COST_BASED,false,false
1,baseline,1,2026,0.0,0.13800424628450106,DISTRICT_HEATING,PRIVATELY_OWNED,47664,2818,1427,50367,33135,0.7656570773264292,0.5856653976101206,0.14043084959454327,1906.2914742719179,0.6695299708842507,MEDIUM,MEDIUM,MEDIUM,5,COST_BASED,COST_BASED,false,false
1,baseline,1,2027,0.0,0.13800424628450106,DISTRICT_HEATING,PRIVATELY_OWNED,49039,2675,1300,53042,33878,0.7656127371388435,0.577091107723868,0.14537362743801263,1906.3420213708011,0.6560617738713392,MEDIUM,MEDIUM,MEDIUM,5,COST_BASED,COST_BASED,false,false
1,baseline,1,2028,0.0,0.13800424628450106,DISTRICT_HEATING,PRIVATELY_OWNED,50176,2547,1410,55589,34046,0.7654407977394208,0.5778863253665825,0.146968559122752,1888.5215003230924,0.6570982187246691,MEDIUM,MEDIUM,MEDIUM,5,COST_BASED,COST_BASED,false,false
1,baseline,1,2029,0.0,0.13800424628450106,DISTRICT_HEATING,PRIVATELY_OWNED,51377,2855,1654,58444,34457,0.7652649467045269,0.5907875030732591,0.1512695533299419,1888.051977827437,0.6759563237675089,MEDIUM,MEDIUM,MEDIUM,5,COST_BASED,COST_BASED,false,false
1,baseline,1,2030,0.0,0.1592356687898089,DISTRICT_HEATING,PRIVATELY_OWNED,52426,2998,1949,61442,34755,0.766366436792935,0.5850813890129173,0.155181812564904,1891.1852107610416,0.6666327477505376,MEDIUM,MEDIUM,MEDIUM,5,COST_BASED,COST_BASED,false,false
1,baseline,1,2031,0.0,0.18471337579617833,DISTRICT_HEATING,PRIVATELY_OWNED,53183,2997,2240,64439,35537,0.766858931735024,0.5837549637970759,0.15681180967113215,1872.9809494329854,0.664316236552972,MEDIUM,MEDIUM,MEDIUM,5,COST_BASED,COST_BASED,false,false
1,baseline,1,2032,0.0,0.21019108280254778,DISTRICT_HEATING,PRIVATELY_OWNED,54405,2761,1539,67200,34558,0.7649559136674594,0.5834159779389726,0.16131405473838328,1882.0681173679031,0.6637207316492884,MEDIUM,MEDIUM,MEDIUM,5,COST_BASED,COST_BASED,false,false
1,baseline,1,2033,0.0,0.23354564755838642,DISTRICT_HEATING,PRIVATELY_OWNED,55493,2235,1147,69435,33908,0.7653840038403152,0.5812553454355299,0.16025278658005182,1889.7321576029256,0.6605054188706995,MEDIUM,MEDIUM,MEDIUM,5,COST_BASED,COST_BASED,false,false
1,baseline,1,2034,0.0,0.2526539278131635,DISTRICT_HEATING,PRIVATELY_OWNED,56891,3279,1881,72714,36438,0.7652468739959171,0.5946046970290351,0.17301867132275117,1827.1411713046818,0.6789679931292327,MEDIUM,MEDIUM,MEDIUM,5,COST_BASED,COST_BASED,false,false
1,baseline,1,2035,0.0,0.2781316348195329,DISTRICT_HEATING,PRIVATELY_OWNED,57593,2572,1870,75286,37370,0.7654529230789309,0.5846716173416557,0.1704543780801806,1817.2333154937116,0.664337397982722,MEDIUM,MEDIUM,MEDIUM,5,COST_BASED,COST_BASED,false,false
1,baseline,1,2036,0.0,0.31104033970276007,DISTRICT_HEATING,PRIVATELY_OWNED,57968,2340,1965,77626,33799,0.7663317512996982,0.5795472464008857,0.18337588389179077,1885.3734725879465,0.6548159462899364,MEDIUM,MEDIUM,MEDIUM,5,COST_BASED,COST_BASED,false,false
1,baseline,1,2037,0.0,0.34076433121019106,DISTRICT_HEATING,PRIVATELY_OWNED,57964,1625,1629,79251,24252,0.7906369402766634,0.5970781669667038,0.17081498085326763,1811.945695200396,0.6766061427742365,MEDIUM,MEDIUM,MEDIUM,5,COST_BASED,COST_BASED,false,false
1,baseline,1,2038,0.0,0.35881104033970274,DISTRICT_HEATING,PRIVATELY_OWNED,57799,1229,1394,80480,20394,0.7961022289809834,0.586863151458856,0.1662300085273049,1798.3590271648525,0.6604904188771229,MEDIUM,MEDIUM,MEDIUM,5,COST_BASED,COST_BASED,false,false
1,baseline,1,2039,0.0,0.3842887473460722,DISTRICT_HEATING,PRIVATELY_OWNED,57657,963,1105,81443,16958,0.8055790521690601,0.5914106978367907,0.1648323735038645,1830.0990682863546,0.6651172370249385,MEDIUM,MEDIUM,MEDIUM,5,COST_BASED,COST_BASED,false,false
1,baseline,1,2040,0.0,0.4118895966029724,DISTRICT_HEATING,PRIVATELY_OWNED,57507,945,1095,82388,25239,0.767823307804994,0.5769258451563036,0.15245520097735935,1897.8088276080668,0.6543760406610407,MEDIUM,MEDIUM,MEDIUM,5,COST_BASED,COST_BASED,false,false
1,baseline,1,2041,0.0,0.45116772823779194,DISTRICT_HEATING,PRIVATELY_OWNED,57281,1065,1291,83453,29220,0.7683107028603632,0.5865858638491567,0.1546005896052705,1920.717864476386,0.6684760463579905,MEDIUM,MEDIUM,MEDIUM,5,COST_BASED,COST_BASED,false,false
1,baseline,1,2042,0.0,0.4872611464968153,DISTRICT_HEATING,PRIVATELY_OWNED,57089,1053,1245,84506,28706,0.7637183253613181,0.5778293207096994,0.1564079051768857,1921.5854176827145,0.6562634115771142,MEDIUM,MEDIUM,MEDIUM,5,COST_BASED,COST_BASED,false,false
1,baseline,1,2043,0.0,0.5084925690021231,DISTRICT_HEATING,PRIVATELY_OWNED,56764,719,1044,85225,27832,0.7575116484566846,0.5767581787907192,0.14972663886750667,1903.6269042828399,0.6570435262134697,MEDIUM,MEDIUM,MEDIUM,5,COST_BASED,COST_BASED,false,false
1,baseline,1,2044,0.0,0.5424628450106157,DISTRICT_HEATING,PRIVATELY_OWNED,56676,907,995,86132,25842,0.7522289680965198,0.5883998797080905,0.1507390410093758,1875.1906973144494,0.6757001974118315,MEDIUM,MEDIUM,MEDIUM,5,COST_BASED,COST_BASED,false,false
1,baseline,1,2045,0.0,0.5424628450106157,DISTRICT_HEATING,PRIVATELY_OWNED,56282,786,1180,86918,27443,0.7505755368379985,0.5818736801785442,0.1492153173620696,1891.4665670662828,0.6665147213880627,MEDIUM,MEDIUM,MEDIUM,5,COST_BASED,COST_BASED,false,false
1,baseline,1,2046,0.0,0.5424628450106157,DISTRICT_HEATING,PRIVATELY_OWNED,55938,893,1237,87811,30705,0.7556900296555688,0.5801197448976965,0.1508205566335535,1887.6958150138414,0.6624045403534636,MEDIUM,MEDIUM,MEDIUM,5,COST_BASED,COST_BASED,false,false
1,baseline,1,2047,0.0,0.5424628450106157,DISTRICT_HEATING,PRIVATELY_OWNED,55247,866,1557,88677,29912,0.7499135892535183,0.5786453287759659,0.15468757611496475,1871.1458611928324,0.6611536488362002,MEDIUM,MEDIUM,MEDIUM,5,COST_BASED,COST_BASED,false,false
1,baseline,1,2048,0.0,0.5424628450106157,DISTRICT_HEATING,PRIVATELY_OWNED,54641,909,1515,89586,30527,0.7525159462330412,0.5785308933992884,0.15088650325149466,1894.0902152193141,0.660806540634237,MEDIUM,MEDIUM,MEDIUM,5,COST_BASED,COST_BASED,false,false
1,baseline,1,2049,0.0,0.5424628450106157,DISTRICT_HEATING,PRIVATELY_OWNED,54052,704,1293,90290,31521,0.7502728499435477,0.5878138752938705,0.1445445767494798,1839.696837029282,0.6760845283612424,MEDIUM,MEDIUM,MEDIUM,5,COST_BASED,COST_BASED,false,false
1,baseline,1,2050,0.0,0.5424628450106157,DISTRICT_HEATING,PRIVATELY_OWNED,53479,623,1196,90913,34228,0.7550669207215422,0.5792104381005222,0.141585286353292,1835.7935608273929,0.6623507661762332,MEDIUM,MEDIUM,MEDIUM,5,COST_BASED,COST_BASED,false,false
1,baseline,1,2024,0.0,0.0,DISTRICT_HEATING,SOCIAL_HOUSING,26198,26198,0,26198,0,0.0,0.0,0.0,0.0,0.0,MEDIUM,MEDIUM,MEDIUM,5,COST_BASED,COST_BASED,false,false
1,baseline,1,2025,0.0,0.13800424628450106,DISTRICT_HEATING,SOCIAL_HOUSING,25130,0,1068,26198,7612,0.0,0.0,0.0,1552.820809248555,0.0,MEDIUM,MEDIUM,MEDIUM,5,COST_BASED,COST_BASED,false,false
1,baseline,1,2026,0.0,0.13800424628450106,DISTRICT_HEATING,SOCIAL_HOUSING,24657,0,473,26198,9578,0.0,0.0,0.0,1539.3229275422843,0.0,MEDIUM,MEDIUM,MEDIUM,5,COST_BASED,COST_BASED,false,false
1,baseline,1,2027,0.0,0.13800424628450106,DISTRICT_HEATING,SOCIAL_HOUSING,23730,0,927,26198,8171,0.0,0.0,0.0,1535.0320646187738,0.0,MEDIUM,MEDIUM,MEDIUM,5,COST_BASED,COST_BASED,false,false
1,baseline,1,2028,0.0,0.13800424628450106,DISTRICT_HEATING,SOCIAL_HOUSING,23031,0,699,26198,10074,0.0,0.0,0.0,1613.2789358745285,0.0,MEDIUM,MEDIUM,MEDIUM,5,COST_BASED,COST_BASED,false,false
1,baseline,1,2029,0.0,0.13800424628450106,DISTRICT_HEATING,SOCIAL_HOUSING,23031,0,0,26198,10149,0.0,0.0,0.0,1537.566164154104,0.0,MEDIUM,MEDIUM,MEDIUM,5,COST_BASED,COST_BASED,false,false
1,baseline,1,2030,0.0,0.1592356687898089,DISTRICT_HEATING,SOCIAL_HOUSING,21179,0,1852,26198,9189,0.0,0.0,0.0,1505.8317553596692,0.0,MEDIUM,MEDIUM,MEDIUM,5,COST_BASED,COST_BASED,false,false
1,baseline,1,2031,0.0,0.18471337579617833,DISTRICT_HEATING,SOCIAL_HOUSING,20670,0,509,26198,8575,0.0,0.0,0.0,1541.6520116618076,0.0,MEDIUM,MEDIUM,MEDIUM,5,COST_BASED,COST_BASED,false,false
1,baseline,1,2032,0.0,0.21019108280254778,DISTRICT_HEATING,SOCIAL_HOUSING,18880,0,1790,26198,8518,0.0,0.0,0.0,1517.34139469359,0.0,MEDIUM,MEDIUM,MEDIUM,5,COST_BASED,COST_BASED,false,false
1,baseline,1,2033,0.0,0.23354564755838642,DISTRICT_HEATING,SOCIAL_HOUSING,18848,0,32,26198,7124,0.0,0.0,0.0,1583.53523301516,0.0,MEDIUM,MEDIUM,MEDIUM,5,COST_BASED,COST_BASED,false,false
1,baseline,1,2034,0.0,0.2526539278131635,DISTRICT_HEATING,SOCIAL_HOUSING,17835,0,1013,26198,8711,0.0,0.0,0.0,1535.2594420847204,0.0,MEDIUM,MEDIUM,MEDIUM,5,COST_BASED,COST_BASED,false,false
1,baseline,1,2035,0.0,0.2781316348195329,DISTRICT_HEATING,SOCIAL_HOUSING,17774,867,928,27065,8356,0.0,0.0,0.0,1498.1499521302057,0.0,MEDIUM,MEDIUM,MEDIUM,5,COST_BASED,COST_BASED,false,false
1,baseline,1,2036,0.0,0.31104033970276007,DISTRICT_HEATING,SOCIAL_HOUSING,17635,0,139,27065,7726,0.0,0.0,0.0,1480.8728967123998,0.0,MEDIUM,MEDIUM,MEDIUM,5,COST_BASED,COST_BASED,false,false
1,baseline,1,2037,0.0,0.34076433121019106,DISTRICT_HEATING,SOCIAL_HOUSING,14395,0,3240,27065,10733,0.0,0.0,0.0,1394.7708003354142,0.0,MEDIUM,MEDIUM,MEDIUM,5,COST_BASED,COST_BASED,false,false
1,baseline,1,2038,0.0,0.35881104033970274,DISTRICT_HEATING,SOCIAL_HOUSING,13215,0,1180,27065,10126,0.0,0.0,0.0,1513.339423266838,0.0,MEDIUM,MEDIUM,MEDIUM,5,COST_BASED,COST_BASED,false,false
1,baseline,1,2039,0.0,0.3842887473460722,DISTRICT_HEATING,SOCIAL_HOUSING,11325,0,1890,27065,9004,0.0,0.0,0.0,1463.8585073300756,0.0,MEDIUM,MEDIUM,MEDIUM,5,COST_BASED,COST_BASED,false,false
1,baseline,1,2040,0.0,0.4118895966029724,DISTRICT_HEATING,SOCIAL_HOUSING,8793,0,2532,27065,10468,0.0,0.0,0.0,1475.6980320978219,0.0,MEDIUM,MEDIUM,MEDIUM,5,COST_BASED,COST_BASED,false,false
1,baseline,1,2041,0.0,0.45116772823779194,DISTRICT_HEATING,SOCIAL_HOUSING,8793,0,0,27065,8814,0.0,0.0,0.0,1517.6285454958022,0.0,MEDIUM,MEDIUM,MEDIUM,5,COST_BASED,COST_BASED,false,false
1,baseline,1,2042,0.0,0.4872611464968153,DISTRICT_HEATING,SOCIAL_HOUSING,6758,0,2035,27065,10641,0.0,0.0,0.0,1402.5708110140024,0.0,MEDIUM,MEDIUM,MEDIUM,5,COST_BASED,COST_BASED,false,false
1,baseline,1,2043,0.0,0.5084925690021231,DISTRICT_HEATING,SOCIAL_HOUSING,6351,0,407,27065,8167,0.0,0.0,0.0,1560.772743969634,0.0,MEDIUM,MEDIUM,MEDIUM,5,COST_BASED,COST_BASED,false,false
1,baseline,1,2044,0.0,0.5424628450106157,DISTRICT_HEATING,SOCIAL_HOUSING,6185,0,166,27065,8549,0.0,0.0,0.0,1513.5431044566617,0.0,MEDIUM,MEDIUM,MEDIUM,5,COST_BASED,COST_BASED,false,false
1,baseline,1,2045,0.0,0.5424628450106157,DISTRICT_HEATING,SOCIAL_HOUSING,5882,0,303,27065,7801,0.0,0.0,0.0,1590.7237533649532,0.0,MEDIUM,MEDIUM,MEDIUM,5,COST_BASED,COST_BASED,false,false
1,baseline,1,2046,0.0,0.5424628450106157,DISTRICT_HEATING,SOCIAL_HOUSING,4676,0,1206,27065,10225,0.0,0.0,0.0,1500.126943765281,0.0,MEDIUM,MEDIUM,MEDIUM,5,COST_BASED,COST_BASED,false,false
1,baseline,1,2047,0.0,0.5424628450106157,DISTRICT_HEATING,SOCIAL_HOUSING,2986,0,1690,27065,8085,0.0,0.0,0.0,1400.7730364873223,0.0,MEDIUM,MEDIUM,MEDIUM,5,COST_BASED,COST_BASED,false,false
1,baseline,1,2048,0.0,0.5424628450106157,DISTRICT_HEATING,SOCIAL_HOUSING,2728,0,258,27065,7193,0.0,0.0,0.0,1466.0650632559432,0.0,MEDIUM,MEDIUM,MEDIUM,5,COST_BASED,COST_BASED,false,false
1,baseline,1,2049,0.0,0.5424628450106157,DISTRICT_HEATING,SOCIAL_HOUSING,2728,0,0,27065,8451,0.0,0.0,0.0,1375.5890427168383,0.0,MEDIUM,MEDIUM,MEDIUM,5,COST_BASED,COST_BASED,false,false
1,baseline,1,2050,0.0,0.5424628450106157,DISTRICT_HEATING,SOCIAL_HOUSING,2316,0,412,27065,8242,0.0,0.0,0.0,1505.1880611502063,0.0,MEDIUM,MEDIUM,MEDIUM,5,COST_BASED,COST_BASED,false,false
1,baseline,1,2024,0.0,0.0,DISTRICT_HEATING,PRIVATELY_RENTED,12600,12600,0,12600,0,0.0,0.0,0.0,0.0,0.0,MEDIUM,MEDIUM,MEDIUM,5,COST_BASED,COST_BASED,false,false
1,baseline,1,2025,0.0,0.13800424628450106,DISTRICT_HEATING,PRIVATELY_RENTED,12368,28,260,12628,6725,0.0,0.0,0.0,1602.1776951672862,0.0,MEDIUM,MEDIUM,MEDIUM,5,COST_BASED,COST_BASED,false,false
1,baseline,1,2026,0.0,0.13800424628450106,DISTRICT_HEATING,PRIVATELY_RENTED,12105,21,284,12649,6763,0.0,0.0,0.0,1604.4857311843857,0.0,MEDIUM,MEDIUM,MEDIUM,5,COST_BASED,COST_BASED,false,false
1,baseline,1,2027,0.0,0.13800424628450106,DISTRICT_HEATING,PRIVATELY_RENTED,11829,28,304,12677,6818,0.0,0.0,0.0,1607.6311234966265,0.0,MEDIUM,MEDIUM,MEDIUM,5,COST_BASED,COST_BASED,false,false
1,baseline,1,2028,0.0,0.13800424628450106,DISTRICT_HEATING,PRIVATELY_RENTED,11540,24,313,12701,6902,0.0,0.0,0.0,1601.6573456968995,0.0,MEDIUM,MEDIUM,MEDIUM,5,COST_BASED,COST_BASED,false,false
1,baseline,1,2029,0.0,0.13800424628450106,DISTRICT_HEATING,PRIVATELY_RENTED,11214,21,347,12722,6655,0.0,0.0,0.0,1620.6673178061608,0.0,MEDIUM,MEDIUM,MEDIUM,5,COST_BASED,COST_BASED,false,false
1,baseline,1,2030,0.0,0.1592356687898089,DISTRICT_HEATING,PRIVATELY_RENTED,10840,18,392,12740,6749,0.0,0.0,0.0,1605.4086531337975,0.0,MEDIUM,MEDIUM,MEDIUM,5,COST_BASED,COST_BASED,false,false
1,baseline,1,2031,0.0,0.18471337579617833,DISTRICT_HEATING,PRIVATELY_RENTED,10465,29,404,12769,6846,0.0,0.0,0.0,1602.3996494303242,0.0,MEDIUM,MEDIUM,MEDIUM,5,COST_BASED,COST_BASED,false,false
1,baseline,1,2032,0.0,0.21019108280254778,DISTRICT_HEATING,PRIVATELY_RENTED,10127,27,365,12796,6750,0.0,0.0,0.0,1601.2167407407408,0.0,MEDIUM,MEDIUM,MEDIUM,5,COST_BASED,COST_BASED,false,false
1,baseline,1,2033,0.0,0.23354564755838642,DISTRICT_HEATING,PRIVATELY_RENTED,9866,25,286,12821,6804,0.0,0.0,0.0,1582.2263374485597,0.0,MEDIUM,MEDIUM,MEDIUM,5,COST_BASED,COST_BASED,false,false
1,baseline,1,2034,0.0,0.2526539278131635,DISTRICT_HEATING,PRIVATELY_RENTED,9447,35,454,12856,6524,0.0,0.0,0.0,1620.8569895769467,0.0,MEDIUM,MEDIUM,MEDIUM,5,COST_BASED,COST_BASED,false,false
1,baseline,1,2035,0.0,0.2781316348195329,DISTRICT_HEATING,PRIVATELY_RENTED,8975,25,497,12881,6657,0.0,0.0,0.0,1604.231035000751,0.0,MEDIUM,MEDIUM,MEDIUM,5,COST_BASED,COST_BASED,false,false
1,baseline,1,2036,0.0,0.31104033970276007,DISTRICT_HEATING,PRIVATELY_RENTED,8487,34,522,12915,6469,0.0,0.0,0.0,1623.88560828567,0.0,MEDIUM,MEDIUM,MEDIUM,5,COST_BASED,COST_BASED,false,false
1,baseline,1,2037,0.0,0.34076433121019106,DISTRICT_HEATING,PRIVATELY_RENTED,8066,38,459,12953,6603,0.0,0.0,0.0,1519.7788883840678,0.0,MEDIUM,MEDIUM,MEDIUM,5,COST_BASED,COST_BASED,false,false
1,baseline,1,2038,0.0,0.35881104033970274,DISTRICT_HEATING,PRIVATELY_RENTED,7633,49,482,13002,6500,0.0,0.0,0.0,1494.2403076923076,0.0,MEDIUM,MEDIUM,MEDIUM,5,COST_BASED,COST_BASED,false,false
1,baseline,1,2039,0.0,0.3842887473460722,DISTRICT_HEATING,PRIVATELY_RENTED,7039,56,650,13058,6132,0.0,0.0,0.0,1486.5198956294846,0.0,MEDIUM,MEDIUM,MEDIUM,5,COST_BASED,COST_BASED,false,false
1,baseline,1,2040,0.0,0.4118895966029724,DISTRICT_HEATING,PRIVATELY_RENTED,6747,57,349,13115,6395,0.0,0.0,0.0,1563.8217357310398,0.0,MEDIUM,MEDIUM,MEDIUM,5,COST_BASED,COST_BASED,false,false
1,baseline,1,2041,0.0,0.45116772823779194,DISTRICT_HEATING,PRIVATELY_RENTED,6011,62,798,13177,6551,0.0,0.0,0.0,1556.351396733323,0.0,MEDIUM,MEDIUM,MEDIUM,5,COST_BASED,COST_BASED,false,false
1,baseline,1,2042,0.0,0.4872611464968153,DISTRICT_HEATING,PRIVATELY_RENTED,5418,46,639,13223,6788,0.0,0.0,0.0,1561.989245727755,0.0,MEDIUM,MEDIUM,MEDIUM,5,COST_BASED,COST_BASED,false,false
1,baseline,1,2043,0.0,0.5084925690021231,DISTRICT_HEATING,PRIVATELY_RENTED,5036,49,431,13272,6553,0.0,0.0,0.0,1584.3308408362582,0.0,MEDIUM,MEDIUM,MEDIUM,5,COST_BASED,COST_BASED,false,false
1,baseline,1,2044,0.0,0.5424628450106157,DISTRICT_HEATING,PRIVATELY_RENTED,4665,46,417,13318,6681,0.0,0.0,0.0,1574.4379583894627,0.0,MEDIUM,MEDIUM,MEDIUM,5,COST_BASED,COST_BASED,false,false
1,baseline,1,2045,0.0,0.5424628450106157,DISTRICT_HEATING,PRIVATELY_RENTED,4372,65,358,13383,6413,0.0,0.0,0.0,1583.772649306097,0.0,MEDIUM,MEDIUM,MEDIUM,5,COST_BASED,COST_BASED,false,false
1,baseline,1,2046,0.0,0.5424628450106157,DISTRICT_HEATING,PRIVATELY_RENTED,3911,59,520,13442,6671,0.0,0.0,0.0,1587.1400089941537,0.0,MEDIUM,MEDIUM,MEDIUM,5,COST_BASED,COST_BASED,false,false
1,baseline,1,2047,0.0,0.5424628450106157,DISTRICT_HEATING,PRIVATELY_RENTED,3622,55,344,13497,6351,0.0,0.0,0.0,1619.2712958589198,0.0,MEDIUM,MEDIUM,MEDIUM,5,COST_BASED,COST_BASED,false,false
1,baseline,1,2048,0.0,0.5424628450106157,DISTRICT_HEATING,PRIVATELY_RENTED,3071,49,600,13546,6699,0.0,0.0,0.0,1580.4272279444692,0.0,MEDIUM,MEDIUM,MEDIUM,5,COST_BASED,COST_BASED,false,false
1,baseline,1,2049,0.0,0.5424628450106157,DISTRICT_HEATING,PRIVATELY_RENTED,2730,51,392,13597,6770,0.0,0.0,0.0,1582.470457902511,0.0,MEDIUM,MEDIUM,MEDIUM,5,COST_BASED,COST_BASED,false,false
1,baseline,1,2050,0.0,0.5424628450106157,DISTRICT_HEATING,PRIVATELY_RENTED,2366,50,414,13647,7098,0.0,0.0,0.0,1568.6059453367145,0.0,MEDIUM,MEDIUM,MEDIUM,5,COST_BASED,COST_BASED,false,false
1,baseline,1,2024,0.0,0.0,ELECTRIC_HEAT_PUMP,TOTAL,34016,34016,0,34016,0,0.0,0.0,0.0,0.0,0.0,MEDIUM,MEDIUM,MEDIUM,5,COST_BASED,COST_BASED,false,false
1,baseline,1,2025,0.0,0.13800424628450106,ELECTRIC_HEAT_PUMP,TOTAL,39569,7558,2005,41574,47725,0.7140707521547298,0.5564587644217062,0.09914668144297392,2391.961005762179,0.6313837882331242,MEDIUM,MEDIUM,MEDIUM,5,COST_BASED,COST_BASED,false,false
1,baseline,1,2026,0.0,0.13800424628450106,ELECTRIC_HEAT_PUMP,TOTAL,46526,8932,1975,50506,49476,0.7144172354978461,0.5593957019138841,0.12724145621327373,2309.5501253132834,0.6286788799430522,MEDIUM,MEDIUM,MEDIUM,5,COST_BASED,COST_BASED,false,false
1,baseline,1,2027,0.0,0.13800424628450106,ELECTRIC_HEAT_PUMP,TOTAL,55869,11287,1944,61793,48867,0.7141808834693631,0.5627649074671841,0.15932113017921348,2258.7313933738515,0.6257718577886371,MEDIUM,MEDIUM,MEDIUM,5,COST_BASED,COST_BASED,false,false
1,baseline,1,2028,0.0,0.13800424628450106,ELECTRIC_HEAT_PUMP,TOTAL,66539,12543,1873,74336,51022,0.714662373098503,0.571559975606426,0.19689138677104742,2216.109364587825,0.6294515234422471,MEDIUM,MEDIUM,MEDIUM,5,COST_BASED,COST_BASED,false,false
1,baseline,1,2029,0.0,0.13800424628450106,ELECTRIC_HEAT_PUMP,TOTAL,77009,12334,1864,86670,51261,0.7148514573701861,0.5757490745623584,0.2368707021336387,2143.9206999473286,0.6256930719675828,MEDIUM,MEDIUM,MEDIUM,5,COST_BASED,COST_BASED,false,false
1,baseline,1,2030,0.0,0.1592356687898089,ELECTRIC_HEAT_PUMP,TOTAL,89608,14553,1954,101223,50693,0.7136521282089162,0.5883062229956851,0.277011244176889,2117.6704081431362,0.6347934913970722,MEDIUM,MEDIUM,MEDIUM,5,COST_BASED,COST_BASED,false,false
1,baseline,1,2031,0.0,0.18471337579617833,ELECTRIC_HEAT_PUMP,TOTAL,102995,15629,2242,116852,50958,0.7137832458475359,0.5971843046342296,0.3264437681621968,2058.432670041995,0.6357197034489123,MEDIUM,MEDIUM,MEDIUM,5,COST_BASED,COST_BASED,false,false
1,baseline,1,2032,0.0,0.21019108280254778,ELECTRIC_HEAT_PUMP,TOTAL,117076,16328,2247,133180,49826,0.714759937582486,0.6076980368266326,0.3739047221945347,2034.7738329386264,0.6393808902956952,MEDIUM,MEDIUM,MEDIUM,5,COST_BASED,COST_BASED,false,false
1,baseline,1,2033,0.0,0.23354564755838642,ELECTRIC_HEAT_PUMP,TOTAL,131600,16787,2263,149967,47836,0.7141823084618493,0.6170258717106644,0.41871075324190654,2059.8675265490424,0.6423155421400613,MEDIUM,MEDIUM,MEDIUM,5,COST_BASED,COST_BASED,false,false
1,baseline,1,2034,0.0,0.2526539278131635,ELECTRIC_HEAT_PUMP,TOTAL,147248,17786,2138,167753,51673,0.71509287096266,0.6218571957079547,0.46114881108800393,1957.3102780949432,0.6387253730492497,MEDIUM,MEDIUM,MEDIUM,5,COST_BASED,COST_BASED,false,false
1,baseline,1,2035,0.0,0.2781316348195329,ELECTRIC_HEAT_PUMP,TOTAL,163927,19127,2448,186880,52383,0.7142772380378529,0.6292451463885589,0.5065342413649295,1896.1404845083327,0.6386648497321438,MEDIUM,MEDIUM,MEDIUM,5,COST_BASED,COST_BASED,false,false
1,baseline,1,2036,0.0,0.31104033970276007,ELECTRIC_HEAT_PUMP,TOTAL,178877,17627,2677,204507,47994,0.7137157660345922,0.6343655980687155,0.5333965957651297,1946.13520440055,0.6397703066531469,MEDIUM,MEDIUM,MEDIUM,5,COST_BASED,COST_BASED,false,false
1,baseline,1,2037,0.0,0.34076433121019106,ELECTRIC_HEAT_PUMP,TOTAL,186524,11065,3418,215572,41588,0.6805681629675934,0.6381881962011156,0.49479597830498057,1754.195945945946,0.6634412589835335,MEDIUM,MEDIUM,MEDIUM,5,COST_BASED,COST_BASED,false,false
1,baseline,1,2038,0.0,0.35881104033970274,ELECTRIC_HEAT_PUMP,TOTAL,192142,8927,3309,224499,37020,0.67226418991535,0.6304326445058793,0.4872044207486479,1772.2558616963804,0.6557818140928267,MEDIUM,MEDIUM,MEDIUM,5,COST_BASED,COST_BASED,false,false
1,baseline,1,2039,0.0,0.3842887473460722,ELECTRIC_HEAT_PUMP,TOTAL,197366,6883,1659,231382,32094,0.6577944768580598,0.6234656055116292,0.468171747342938,1779.4794977254317,0.6537068522171898,MEDIUM,MEDIUM,MEDIUM,5,COST_BASED,COST_BASED,false,false
1,baseline,1,2040,0.0,0.4118895966029724,ELECTRIC_HEAT_PUMP,TOTAL,203239,13431,7558,244813,42102,0.708231978749743,0.6570563404587061,0.5725432705768002,1758.5310199040425,0.6653906983564272,MEDIUM,MEDIUM,MEDIUM,5,COST_BASED,COST_BASED,false,false
1,baseline,1,2041,0.0,0.45116772823779194,ELECTRIC_HEAT_PUMP,TOTAL,209881,15574,8932,260387,44585,0.7093798949983394,0.6696585758315665,0.5789976250125041,1768.3904452170013,0.6823934837446518,MEDIUM,MEDIUM,MEDIUM,5,COST_BASED,COST_BASED,false,false
1,baseline,1,2042,0.0,0.4872611464968153,ELECTRIC_HEAT_PUMP,TOTAL,214315,15721,11287,276108,46135,0.7145515153968396,0.6786114783092886,0.5917032477947566,1693.0413568873958,0.6913535266660301,MEDIUM,MEDIUM,MEDIUM,5,COST_BASED,COST_BASED,false,false
1,baseline,1,2043,0.0,0.5084925690021231,ELECTRIC_HEAT_PUMP,TOTAL,218005,16233,12543,292341,42552,0.7210463277193551,0.6877142573098511,0.6127967644480975,1684.9303205489753,0.6981106129229188,MEDIUM,MEDIUM,MEDIUM,5,COST_BASED,COST_BASED,false,false
1,baseline,1,2044,0.0,0.5424628450106157,ELECTRIC_HEAT_PUMP,TOTAL,220735,15064,12334,307405,41072,0.7249262531313055,0.6896370311617177,0.6226812080911792,1620.5113459291001,0.6975536814369588,MEDIUM,MEDIUM,MEDIUM,5,COST_BASED,COST_BASED,false,false
1,baseline,1,2045,0.0,0.5424628450106157,ELECTRIC_HEAT_PUMP,TOTAL,222757,16575,14553,323980,41657,0.7280161023425264,0.6981131904408249,0.6326628482467097,1630.8032023429435,0.7070000480139208,MEDIUM,MEDIUM,MEDIUM,5,COST_BASED,COST_BASED,false,false
1,baseline,1,2046,0.0,0.5424628450106157,ELECTRIC_HEAT_PUMP,TOTAL,225018,17890,15629,341870,47601,0.7233849799847811,0.6937155149214645,0.6164474576990671,1605.322304153274,0.705615162961234,MEDIUM,MEDIUM,MEDIUM,5,COST_BASED,COST_BASED,false,false
1,baseline,1,2047,0.0,0.5424628450106157,ELECTRIC_HEAT_PUMP,TOTAL,226341,17651,16328,359521,44348,0.729510039980047,0.6893616032852017,0.6289657320564687,1564.313655632723,0.69442346191867,MEDIUM,MEDIUM,MEDIUM,5,COST_BASED,COST_BASED,false,false
1,baseline,1,2048,0.0,0.5424628450106157,ELECTRIC_HEAT_PUMP,TOTAL,227665,18111,16787,377632,44419,0.7285476345833002,0.6878944902071612,0.6249603052876681,1570.8687273464059,0.6934647503430144,MEDIUM,MEDIUM,MEDIUM,5,COST_BASED,COST_BASED,false,false
1,baseline,1,2049,0.0,0.5424628450106157,ELECTRIC_HEAT_PUMP,TOTAL,228927,19048,17786,396680,46742,0.7307161014925099,0.7024708397590878,0.6323637008082897,1515.712293012708,0.7129363090634416,MEDIUM,MEDIUM,MEDIUM,5,COST_BASED,COST_BASED,false,false
1,baseline,1,2050,0.0,0.5424628450106157,ELECTRIC_HEAT_PUMP,TOTAL,230426,20626,19127,417306,49568,0.7271886041711577,0.7014160616262309,0.6207704713302237,1505.4028405422853,0.7151343235640012,MEDIUM,MEDIUM,MEDIUM,5,COST_BASED,COST_BASED,false,false
1,baseline,1,2024,0.0,0.0,ELECTRIC_HEAT_PUMP,PRIVATELY_OWNED,27601,27601,0,27601,0,0.0,0.0,0.0,0.0,0.0,MEDIUM,MEDIUM,MEDIUM,5,COST_BASED,COST_BASED,false,false
1,baseline,1,2025,0.0,0.13800424628450106,ELECTRIC_HEAT_PUMP,PRIVATELY_OWNED,33623,7557,1535,35158,33388,0.7140707521547298,0.5564587644217062,0.09914668144297392,2504.6947406253744,0.6313837882331242,MEDIUM,MEDIUM,MEDIUM,5,COST_BASED,COST_BASED,false,false
1,baseline,1,2026,0.0,0.13800424628450106,ELECTRIC_HEAT_PUMP,PRIVATELY_OWNED,41053,8931,1501,44089,33135,0.7144172354978461,0.5593957019138841,0.12724145621327373,2452.6357326090238,0.6286788799430522,MEDIUM,MEDIUM,MEDIUM,5,COST_BASED,COST_BASED,false,false
1,baseline,1,2027,0.0,0.13800424628450106,ELECTRIC_HEAT_PUMP,PRIVATELY_OWNED,50806,11283,1530,55372,33878,0.7141808834693631,0.5627649074671841,0.15932113017921348,2394.173918176988,0.6257718577886371,MEDIUM,MEDIUM,MEDIUM,5,COST_BASED,COST_BASED,false,false
1,baseline,1,2028,0.0,0.13800424628450106,ELECTRIC_HEAT_PUMP,PRIVATELY_OWNED,61906,12539,1439,67911,34046,0.714662373098503,0.571559975606426,0.19689138677104742,2325.5497562121836,0.6294515234422471,MEDIUM,MEDIUM,MEDIUM,5,COST_BASED,COST_BASED,false,false
1,baseline,1,2029,0.0,0.13800424628450106,ELECTRIC_HEAT_PUMP,PRIVATELY_OWNED,72741,12328,1493,80239,34457,0.7148514573701861,0.5757490745623584,0.2368707021336387,2273.326987259483,0.6256930719675828,MEDIUM,MEDIUM,MEDIUM,5,COST_BASED,COST_BASED,false,false
1,baseline,1,2030,0.0,0.1592356687898089,ELECTRIC_HEAT_PUMP,PRIVATELY_OWNED,85702,14544,1583,94783,34755,0.7136521282089162,0.5883062229956851,0.277011244176889,2239.3620773989355,0.6347934913970722,MEDIUM,MEDIUM,MEDIUM,5,COST_BASED,COST_BASED,false,false
1,baseline,1,2031,0.0,0.18471337579617833,ELECTRIC_HEAT_PUMP,PRIVATELY_OWNED,99518,15615,1799,110398,35537,0.7137832458475359,0.5971843046342296,0.3264437681621968,2173.3109435236515,0.6357197034489123,MEDIUM,MEDIUM,MEDIUM,5,COST_BASED,COST_BASED,false,false
1,baseline,1,2032,0.0,0.21019108280254778,ELECTRIC_HEAT_PUMP,PRIVATELY_OWNED,113941,16310,1887,126708,34558,0.714759937582486,0.6076980368266326,0.3739047221945347,2157.334481162104,0.6393808902956952,MEDIUM,MEDIUM,MEDIUM,5,COST_BASED,COST_BASED,false,false
1,baseline,1,2033,0.0,0.23354564755838642,ELECTRIC_HEAT_PUMP,PRIVATELY_OWNED,128954,16758,1745,143466,33908,0.7141823084618493,0.6170258717106644,0.41871075324190654,2141.338769611891,0.6423155421400613,MEDIUM,MEDIUM,MEDIUM,5,COST_BASED,COST_BASED,false,false
1,baseline,1,2034,0.0,0.2526539278131635,ELECTRIC_HEAT_PUMP,PRIVATELY_OWNED,144975,17747,1726,161213,36438,0.71509287096266,0.6218571957079547,0.46114881108800393,2036.4385806026676,0.6387253730492497,MEDIUM,MEDIUM,MEDIUM,5,COST_BASED,COST_BASED,false,false
1,baseline,1,2035,0.0,0.2781316348195329,ELECTRIC_HEAT_PUMP,PRIVATELY_OWNED,162150,19064,1889,180277,37370,0.7142772380378529,0.6292451463885589,0.5065342413649295,1991.195531174739,0.6386648497321438,MEDIUM,MEDIUM,MEDIUM,5,COST_BASED,COST_BASED,false,false
1,baseline,1,2036,0.0,0.31104033970276007,ELECTRIC_HEAT_PUMP,PRIVATELY_OWNED,177555,17579,2174,197856,33799,0.7137157660345922,0.6343655980687155,0.5333965957651297,2038.5092458356755,0.6397703066531469,MEDIUM,MEDIUM,MEDIUM,5,COST_BASED,COST_BASED,false,false
1,baseline,1,2037,0.0,0.34076433121019106,ELECTRIC_HEAT_PUMP,PRIVATELY_OWNED,185529,10993,3019,208849,24252,0.6805681629675934,0.6381881962011156,0.49479597830498057,1930.9278822365166,0.6634412589835335,MEDIUM,MEDIUM,MEDIUM,5,COST_BASED,COST_BASED,false,false
1,baseline,1,2038,0.0,0.35881104033970274,ELECTRIC_HEAT_PUMP,PRIVATELY_OWNED,191514,8850,2865,217699,20394,0.67226418991535,0.6304326445058793,0.4872044207486479,1911.0797783661862,0.6557818140928267,MEDIUM,MEDIUM,MEDIUM,5,COST_BASED,COST_BASED,false,false
1,baseline,1,2039,0.0,0.3842887473460722,ELECTRIC_HEAT_PUMP,PRIVATELY_OWNED,196929,6831,1416,224530,16958,0.6577944768580598,0.6234656055116292,0.468171747342938,1964.2510319613161,0.6537068522171898,MEDIUM,MEDIUM,MEDIUM,5,COST_BASED,COST_BASED,false,false
1,baseline,1,2040,0.0,0.4118895966029724,ELECTRIC_HEAT_PUMP,PRIVATELY_OWNED,202398,13026,7557,237556,25239,0.708231978749743,0.6570563404587061,0.5725432705768002,1874.056856452316,0.6653906983564272,MEDIUM,MEDIUM,MEDIUM,5,COST_BASED,COST_BASED,false,false
1,baseline,1,2041,0.0,0.45116772823779194,ELECTRIC_HEAT_PUMP,PRIVATELY_OWNED,208631,15164,8931,252720,29220,0.7093798949983394,0.6696585758315665,0.5789976250125041,1874.383641341547,0.6823934837446518,MEDIUM,MEDIUM,MEDIUM,5,COST_BASED,COST_BASED,false,false
1,baseline,1,2042,0.0,0.4872611464968153,ELECTRIC_HEAT_PUMP,PRIVATELY_OWNED,212799,15451,11283,268171,28706,0.7145515153968396,0.6786114783092886,0.5917032477947566,1827.941858844841,0.6913535266660301,MEDIUM,MEDIUM,MEDIUM,5,COST_BASED,COST_BASED,false,false
1,baseline,1,2043,0.0,0.5084925690021231,ELECTRIC_HEAT_PUMP,PRIVATELY_OWNED,215874,15614,12539,283785,27832,0.7210463277193551,0.6877142573098511,0.6127967644480975,1765.1167720609371,0.6981106129229188,MEDIUM,MEDIUM,MEDIUM,5,COST_BASED,COST_BASED,false,false
1,baseline,1,2044,0.0,0.5424628450106157,ELECTRIC_HEAT_PUMP,PRIVATELY_OWNED,218447,14901,12328,298686,25842,0.7249262531313055,0.6896370311617177,0.6226812080911792,1712.7123674638185,0.6975536814369588,MEDIUM,MEDIUM,MEDIUM,5,COST_BASED,COST_BASED,false,false
1,baseline,1,2045,0.0,0.5424628450106157,ELECTRIC_HEAT_PUMP,PRIVATELY_OWNED,220159,16256,14544,314942,27443,0.7280161023425264,0.6981131904408249,0.6326628482467097,1690.3368800787086,0.7070000480139208,MEDIUM,MEDIUM,MEDIUM,5,COST_BASED,COST_BASED,false,false
1,baseline,1,2046,0.0,0.5424628450106157,ELECTRIC_HEAT_PUMP,PRIVATELY_OWNED,222252,17708,15615,332650,30705,0.7233849799847811,0.6937155149214645,0.6164474576990671,1667.6527927047712,0.705615162961234,MEDIUM,MEDIUM,MEDIUM,5,COST_BASED,COST_BASED,false,false
1,baseline,1,2047,0.0,0.5424628450106157,ELECTRIC_HEAT_PUMP,PRIVATELY_OWNED,223441,17499,16310,350149,29912,0.729510039980047,0.6893616032852017,0.6289657320564687,1630.5353369884997,0.69442346191867,MEDIUM,MEDIUM,MEDIUM,5,COST_BASED,COST_BASED,false,false
1,baseline,1,2048,0.0,0.5424628450106157,ELECTRIC_HEAT_PUMP,PRIVATELY_OWNED,224611,17928,16758,368077,30527,0.7285476345833002,0.6878944902071612,0.6249603052876681,1640.5161660169686,0.6934647503430144,MEDIUM,MEDIUM,MEDIUM,5,COST_BASED,COST_BASED,false,false
1,baseline,1,2049,0.0,0.5424628450106157,ELECTRIC_HEAT_PUMP,PRIVATELY_OWNED,225712,18848,17747,386925,31521,0.7307161014925099,0.7024708397590878,0.6323637008082897,1556.8563497350972,0.7129363090634416,MEDIUM,MEDIUM,MEDIUM,5,COST_BASED,COST_BASED,false,false
1,baseline,1,2050,0.0,0.5424628450106157,ELECTRIC_HEAT_PUMP,PRIVATELY_OWNED,226715,20067,19064,406992,34228,0.7271886041711577,0.7014160616262309,0.6207704713302237,1538.9021269136379,0.7151343235640012,MEDIUM,MEDIUM,MEDIUM,5,COST_BASED,COST_BASED,false,false
1,baseline,1,2024,0.0,0.0,ELECTRIC_HEAT_PUMP,SOCIAL_HOUSING,402,402,0,402,0,0.0,0.0,0.0,0.0,0.0,MEDIUM,MEDIUM,MEDIUM,5,COST_BASED,COST_BASED,false,false
1,baseline,1,2025,0.0,0.13800424628450106,ELECTRIC_HEAT_PUMP,SOCIAL_HOUSING,333,0,69,402,7612,0.0,0.0,0.0,2133.1466106148187,0.0,MEDIUM,MEDIUM,MEDIUM,5,COST_BASED,COST_BASED,false,false
1,baseline,1,2026,0.0,0.13800424628450106,ELECTRIC_HEAT_PUMP,SOCIAL_HOUSING,213,0,120,402,9578,0.0,0.0,0.0,1966.2937982877427,0.0,MEDIUM,MEDIUM,MEDIUM,5,COST_BASED,COST_BASED,false,false
1,baseline,1,2027,0.0,0.13800424628450106,ELECTRIC_HEAT_PUMP,SOCIAL_HOUSING,213,0,0,402,8171,0.0,0.0,0.0,1869.1278913229714,0.0,MEDIUM,MEDIUM,MEDIUM,5,COST_BASED,COST_BASED,false,false
1,baseline,1,2028,0.0,0.13800424628450106,ELECTRIC_HEAT_PUMP,SOCIAL_HOUSING,103,0,110,402,10074,0.0,0.0,0.0,1992.813182449871,0.0,MEDIUM,MEDIUM,MEDIUM,5,COST_BASED,COST_BASED,false,false
1,baseline,1,2029,0.0,0.13800424628450106,ELECTRIC_HEAT_PUMP,SOCIAL_HOUSING,103,0,0,402,10149,0.0,0.0,0.0,1812.318060892699,0.0,MEDIUM,MEDIUM,MEDIUM,5,COST_BASED,COST_BASED,false,false
1,baseline,1,2030,0.0,0.1592356687898089,ELECTRIC_HEAT_PUMP,SOCIAL_HOUSING,99,0,4,402,9189,0.0,0.0,0.0,1788.7890956578517,0.0,MEDIUM,MEDIUM,MEDIUM,5,COST_BASED,COST_BASED,false,false
1,baseline,1,2031,0.0,0.18471337579617833,ELECTRIC_HEAT_PUMP,SOCIAL_HOUSING,99,0,0,402,8575,0.0,0.0,0.0,1715.9565014577258,0.0,MEDIUM,MEDIUM,MEDIUM,5,COST_BASED,COST_BASED,false,false
1,baseline,1,2032,0.0,0.21019108280254778,ELECTRIC_HEAT_PUMP,SOCIAL_HOUSING,99,0,0,402,8518,0.0,0.0,0.0,1668.743836581357,0.0,MEDIUM,MEDIUM,MEDIUM,5,COST_BASED,COST_BASED,false,false
1,baseline,1,2033,0.0,0.23354564755838642,ELECTRIC_HEAT_PUMP,SOCIAL_HOUSING,99,0,0,402,7124,0.0,0.0,0.0,1914.4936833239753,0.0,MEDIUM,MEDIUM,MEDIUM,5,COST_BASED,COST_BASED,false,false
1,baseline,1,2034,0.0,0.2526539278131635,ELECTRIC_HEAT_PUMP,SOCIAL_HOUSING,40,0,59,402,8711,0.0,0.0,0.0,1717.7074962690851,0.0,MEDIUM,MEDIUM,MEDIUM,5,COST_BASED,COST_BASED,false,false
1,baseline,1,2035,0.0,0.2781316348195329,ELECTRIC_HEAT_PUMP,SOCIAL_HOUSING,40,13,13,415,8356,0.0,0.0,0.0,1566.801460028722,0.0,MEDIUM,MEDIUM,MEDIUM,5,COST_BASED,COST_BASED,false,false
1,baseline,1,2036,0.0,0.31104033970276007,ELECTRIC_HEAT_PUMP,SOCIAL_HOUSING,37,0,3,415,7726,0.0,0.0,0.0,1682.2091638622833,0.0,MEDIUM,MEDIUM,MEDIUM,5,COST_BASED,COST_BASED,false,false
1,baseline,1,2037,0.0,0.34076433121019106,ELECTRIC_HEAT_PUMP,SOCIAL_HOUSING,27,0,10,415,10733,0.0,0.0,0.0,1410.7175999254634,0.0,MEDIUM,MEDIUM,MEDIUM,5,COST_BASED,COST_BASED,false,false
1,baseline,1,2038,0.0,0.35881104033970274,ELECTRIC_HEAT_PUMP,SOCIAL_HOUSING,13,0,14,415,10126,0.0,0.0,0.0,1570.2655540193562,0.0,MEDIUM,MEDIUM,MEDIUM,5,COST_BASED,COST_BASED,false,false
1,baseline,1,2039,0.0,0.3842887473460722,ELECTRIC_HEAT_PUMP,SOCIAL_HOUSING,13,0,0,415,9004,0.0,0.0,0.0,1514.0398711683697,0.0,MEDIUM,MEDIUM,MEDIUM,5,COST_BASED,COST_BASED,false,false
1,baseline,1,2040,0.0,0.4118895966029724,ELECTRIC_HEAT_PUMP,SOCIAL_HOUSING,348,335,0,750,10468,0.0,0.0,0.0,1535.380015284677,0.0,MEDIUM,MEDIUM,MEDIUM,5,COST_BASED,COST_BASED,false,false
1,baseline,1,2041,0.0,0.45116772823779194,ELECTRIC_HEAT_PUMP,SOCIAL_HOUSING,672,324,0,1074,8814,0.0,0.0,0.0,1518.2449512139779,0.0,MEDIUM,MEDIUM,MEDIUM,5,COST_BASED,COST_BASED,false,false
1,baseline,1,2042,0.0,0.4872611464968153,ELECTRIC_HEAT_PUMP,SOCIAL_HOUSING,848,176,0,1250,10641,0.0,0.0,0.0,1382.1169063057982,0.0,MEDIUM,MEDIUM,MEDIUM,5,COST_BASED,COST_BASED,false,false
1,baseline,1,2043,0.0,0.5084925690021231,ELECTRIC_HEAT_PUMP,SOCIAL_HOUSING,1367,519,0,1769,8167,0.0,0.0,0.0,1473.9240847312356,0.0,MEDIUM,MEDIUM,MEDIUM,5,COST_BASED,COST_BASED,false,false
1,baseline,1,2044,0.0,0.5424628450106157,ELECTRIC_HEAT_PUMP,SOCIAL_HOUSING,1404,37,0,1806,8549,0.0,0.0,0.0,1379.7537723710375,0.0,MEDIUM,MEDIUM,MEDIUM,5,COST_BASED,COST_BASED,false,false
1,baseline,1,2045,0.0,0.5424628450106157,ELECTRIC_HEAT_PUMP,SOCIAL_HOUSING,1595,191,0,1997,7801,0.0,0.0,0.0,1468.695295474939,0.0,MEDIUM,MEDIUM,MEDIUM,5,COST_BASED,COST_BASED,false,false
1,baseline,1,2046,0.0,0.5424628450106157,ELECTRIC_HEAT_PUMP,SOCIAL_HOUSING,1626,31,0,2028,10225,0.0,0.0,0.0,1449.9680195599021,0.0,MEDIUM,MEDIUM,MEDIUM,5,COST_BASED,COST_BASED,false,false
1,baseline,1,2047,0.0,0.5424628450106157,ELECTRIC_HEAT_PUMP,SOCIAL_HOUSING,1626,0,0,2028,8085,0.0,0.0,0.0,1319.3487940630798,0.0,MEDIUM,MEDIUM,MEDIUM,5,COST_BASED,COST_BASED,false,false
1,baseline,1,2048,0.0,0.5424628450106157,ELECTRIC_HEAT_PUMP,SOCIAL_HOUSING,1626,0,0,2028,7193,0.0,0.0,0.0,1343.6392325872375,0.0,MEDIUM,MEDIUM,MEDIUM,5,COST_BASED,COST_BASED,false,false
1,baseline,1,2049,0.0,0.5424628450106157,ELECTRIC_HEAT_PUMP,SOCIAL_HOUSING,1626,0,0,2028,8451,0.0,0.0,0.0,1376.306472606792,0.0,MEDIUM,MEDIUM,MEDIUM,5,COST_BASED,COST_BASED,false,false
1,baseline,1,2050,0.0,0.5424628450106157,ELECTRIC_HEAT_PUMP,SOCIAL_HOUSING,1898,285,13,2313,8242,0.0,0.0,0.0,1394.9483135161367,0.0,MEDIUM,MEDIUM,MEDIUM,5,COST_BASED,COST_BASED,false,false
1,baseline,1,2024,0.0,0.0,ELECTRIC_HEAT_PUMP,PRIVATELY_RENTED,6013,6013,0,6013,0,0.0,0.0,0.0,0.0,0.0,MEDIUM,MEDIUM,MEDIUM,5,COST_BASED,COST_BASED,false,false
1,baseline,1,2025,0.0,0.13800424628450106,ELECTRIC_HEAT_PUMP,PRIVATELY_RENTED,5613,1,401,6014,6725,0.0,0.0,0.0,2125.2162081784386,0.0,MEDIUM,MEDIUM,MEDIUM,5,COST_BASED,COST_BASED,false,false
1,baseline,1,2026,0.0,0.13800424628450106,ELECTRIC_HEAT_PUMP,PRIVATELY_RENTED,5260,1,354,6015,6763,0.0,0.0,0.0,2094.6406920005916,0.0,MEDIUM,MEDIUM,MEDIUM,5,COST_BASED,COST_BASED,false,false
1,baseline,1,2027,0.0,0.13800424628450106,ELECTRIC_HEAT_PUMP,PRIVATELY_RENTED,4850,4,414,6019,6818,0.0,0.0,0.0,2052.6487239659723,0.0,MEDIUM,MEDIUM,MEDIUM,5,COST_BASED,COST_BASED,false,false
1,baseline,1,2028,0.0,0.13800424628450106,ELECTRIC_HEAT_PUMP,PRIVATELY_RENTED,4530,4,324,6023,6902,0.0,0.0,0.0,2002.1827006664735,0.0,MEDIUM,MEDIUM,MEDIUM,5,COST_BASED,COST_BASED,false,false
1,baseline,1,2029,0.0,0.13800424628450106,ELECTRIC_HEAT_PUMP,PRIVATELY_RENTED,4165,6,371,6029,6655,0.0,0.0,0.0,1979.6055597295267,0.0,MEDIUM,MEDIUM,MEDIUM,5,COST_BASED,COST_BASED,false,false
1,baseline,1,2030,0.0,0.1592356687898089,ELECTRIC_HEAT_PUMP,PRIVATELY_RENTED,3807,9,367,6038,6749,0.0,0.0,0.0,1938.7841161653578,0.0,MEDIUM,MEDIUM,MEDIUM,5,COST_BASED,COST_BASED,false,false
1,baseline,1,2031,0.0,0.18471337579617833,ELECTRIC_HEAT_PUMP,PRIVATELY_RENTED,3378,14,443,6052,6846,0.0,0.0,0.0,1891.0800467426234,0.0,MEDIUM,MEDIUM,MEDIUM,5,COST_BASED,COST_BASED,false,false
1,baseline,1,2032,0.0,0.21019108280254778,ELECTRIC_HEAT_PUMP,PRIVATELY_RENTED,3036,18,360,6070,6750,0.0,0.0,0.0,1869.2023703703703,0.0,MEDIUM,MEDIUM,MEDIUM,5,COST_BASED,COST_BASED,false,false
1,baseline,1,2033,0.0,0.23354564755838642,ELECTRIC_HEAT_PUMP,PRIVATELY_RENTED,2547,29,518,6099,6804,0.0,0.0,0.0,1806.0633450911228,0.0,MEDIUM,MEDIUM,MEDIUM,5,COST_BASED,COST_BASED,false,false
1,baseline,1,2034,0.0,0.2526539278131635,ELECTRIC_HEAT_PUMP,PRIVATELY_RENTED,2233,39,353,6138,6524,0.0,0.0,0.0,1835.2843347639484,0.0,MEDIUM,MEDIUM,MEDIUM,5,COST_BASED,COST_BASED,false,false
1,baseline,1,2035,0.0,0.2781316348195329,ELECTRIC_HEAT_PUMP,PRIVATELY_RENTED,1737,50,546,6188,6657,0.0,0.0,0.0,1775.9286465374794,0.0,MEDIUM,MEDIUM,MEDIUM,5,COST_BASED,COST_BASED,false,false
1,baseline,1,2036,0.0,0.31104033970276007,ELECTRIC_HEAT_PUMP,PRIVATELY_RENTED,1285,48,500,6236,6469,0.0,0.0,0.0,1778.7124748801978,0.0,MEDIUM,MEDIUM,MEDIUM,5,COST_BASED,COST_BASED,false,false
1,baseline,1,2037,0.0,0.34076433121019106,ELECTRIC_HEAT_PUMP,PRIVATELY_RENTED,968,72,389,6308,6603,0.0,0.0,0.0,1663.3963349992428,0.0,MEDIUM,MEDIUM,MEDIUM,5,COST_BASED,COST_BASED,false,false
1,baseline,1,2038,0.0,0.35881104033970274,ELECTRIC_HEAT_PUMP,PRIVATELY_RENTED,615,77,430,6385,6500,0.0,0.0,0.0,1651.3603076923077,0.0,MEDIUM,MEDIUM,MEDIUM,5,COST_BASED,COST_BASED,false,false
1,baseline,1,2039,0.0,0.3842887473460722,ELECTRIC_HEAT_PUMP,PRIVATELY_RENTED,424,52,243,6437,6132,0.0,0.0,0.0,1658.2568493150684,0.0,MEDIUM,MEDIUM,MEDIUM,5,COST_BASED,COST_BASED,false,false
1,baseline,1,2040,0.0,0.4118895966029724,ELECTRIC_HEAT_PUMP,PRIVATELY_RENTED,493,70,1,6507,6395,0.0,0.0,0.0,1667.8645817044567,0.0,MEDIUM,MEDIUM,MEDIUM,5,COST_BASED,COST_BASED,false,false
1,baseline,1,2041,0.0,0.45116772823779194,ELECTRIC_HEAT_PUMP,PRIVATELY_RENTED,578,86,1,6593,6551,0.0,0.0,0.0,1632.176308960464,0.0,MEDIUM,MEDIUM,MEDIUM,5,COST_BASED,COST_BASED,false,false
1,baseline,1,2042,0.0,0.4872611464968153,ELECTRIC_HEAT_PUMP,PRIVATELY_RENTED,668,94,4,6687,6788,0.0,0.0,0.0,1609.9672952268709,0.0,MEDIUM,MEDIUM,MEDIUM,5,COST_BASED,COST_BASED,false,false
1,baseline,1,2043,0.0,0.5084925690021231,ELECTRIC_HEAT_PUMP,PRIVATELY_RENTED,764,100,4,6787,6553,0.0,0.0,0.0,1607.3381657256218,0.0,MEDIUM,MEDIUM,MEDIUM,5,COST_BASED,COST_BASED,false,false
1,baseline,1,2044,0.0,0.5424628450106157,ELECTRIC_HEAT_PUMP,PRIVATELY_RENTED,884,126,6,6913,6681,0.0,0.0,0.0,1571.9524023349798,0.0,MEDIUM,MEDIUM,MEDIUM,5,COST_BASED,COST_BASED,false,false
1,baseline,1,2045,0.0,0.5424628450106157,ELECTRIC_HEAT_PUMP,PRIVATELY_RENTED,1003,128,9,7041,6413,0.0,0.0,0.0,1573.2359270232341,0.0,MEDIUM,MEDIUM,MEDIUM,5,COST_BASED,COST_BASED,false,false
1,baseline,1,2046,0.0,0.5424628450106157,ELECTRIC_HEAT_PUMP,PRIVATELY_RENTED,1140,151,14,7192,6671,0.0,0.0,0.0,1556.5499925048719,0.0,MEDIUM,MEDIUM,MEDIUM,5,COST_BASED,COST_BASED,false,false
1,baseline,1,2047,0.0,0.5424628450106157,ELECTRIC_HEAT_PUMP,PRIVATELY_RENTED,1274,152,18,7344,6351,0.0,0.0,0.0,1564.2692489371752,0.0,MEDIUM,MEDIUM,MEDIUM,5,COST_BASED,COST_BASED,false,false
1,baseline,1,2048,0.0,0.5424628450106157,ELECTRIC_HEAT_PUMP,PRIVATELY_RENTED,1428,183,29,7527,6699,0.0,0.0,0.0,1497.4748469920883,0.0,MEDIUM,MEDIUM,MEDIUM,5,COST_BASED,COST_BASED,false,false
1,baseline,1,2049,0.0,0.5424628450106157,ELECTRIC_HEAT_PUMP,PRIVATELY_RENTED,1589,200,39,7727,6770,0.0,0.0,0.0,1498.166765140325,0.0,MEDIUM,MEDIUM,MEDIUM,5,COST_BASED,COST_BASED,false,false
1,baseline,1,2050,0.0,0.5424628450106157,ELECTRIC_HEAT_PUMP,PRIVATELY_RENTED,1813,274,50,8001,7098,0.0,0.0,0.0,1472.1191885038038,0.0,MEDIUM,MEDIUM,MEDIUM,5,COST_BASED,COST_BASED,false,false
1,baseline,1,2024,0.0,0.0,HYBRID_HEAT_PUMP,TOTAL,10772,10772,0,10772,0,0.0,0.0,0.0,0.0,0.0,MEDIUM,MEDIUM,MEDIUM,5,COST_BASED,COST_BASED,false,false
1,baseline,1,2025,0.0,0.13800424628450106,HYBRID_HEAT_PUMP,TOTAL,15397,5317,692,16089,47725,0.7654505730432001,0.5545357164685698,0.036638523037848404,1799.3191618648507,0.6312813006825897,MEDIUM,MEDIUM,MEDIUM,5,COST_BASED,COST_BASED,false,false
1,baseline,1,2026,0.0,0.13800424628450106,HYBRID_HEAT_PUMP,TOTAL,22403,7753,747,23842,49476,0.7656570773264292,0.56218790516393,0.053489569082198596,1747.0453755356132,0.6384951961437401,MEDIUM,MEDIUM,MEDIUM,5,COST_BASED,COST_BASED,false,false
1,baseline,1,2027,0.0,0.13800424628450106,HYBRID_HEAT_PUMP,TOTAL,30407,8724,720,32566,48867,0.7656127371388435,0.5564933297360021,0.0730870837433294,1721.8907647287535,0.6250650393834611,MEDIUM,MEDIUM,MEDIUM,5,COST_BASED,COST_BASED,false,false
1,baseline,1,2028,0.0,0.13800424628450106,HYBRID_HEAT_PUMP,TOTAL,40360,10657,704,43223,51022,0.7654407977394208,0.5627810007847784,0.09391747724265982,1698.5021951315118,0.629331932431648,MEDIUM,MEDIUM,MEDIUM,5,COST_BASED,COST_BASED,false,false
1,baseline,1,2029,0.0,0.13800424628450106,HYBRID_HEAT_PUMP,TOTAL,49891,10240,709,53463,51261,0.7652649467045269,0.5671213694225603,0.11483366138512095,1663.1247537113986,0.6306574021114268,MEDIUM,MEDIUM,MEDIUM,5,COST_BASED,COST_BASED,false,false
1,baseline,1,2030,0.0,0.1592356687898089,HYBRID_HEAT_PUMP,TOTAL,60120,10919,690,64382,50693,0.766366436792935,0.5708463012466493,0.1350505147226232,1650.0195293235752,0.6309152139910909,MEDIUM,MEDIUM,MEDIUM,5,COST_BASED,COST_BASED,false,false
1,baseline,1,2031,0.0,0.18471337579617833,HYBRID_HEAT_PUMP,TOTAL,74219,14833,734,79215,50958,0.766858931735024,0.5847061874346898,0.1626080104745299,1612.9106519094155,0.6446925455996317,MEDIUM,MEDIUM,MEDIUM,5,COST_BASED,COST_BASED,false,false
1,baseline,1,2032,0.0,0.21019108280254778,HYBRID_HEAT_PUMP,TOTAL,87283,13790,726,93005,49826,0.7649559136674594,0.588781616198885,0.19348677073870163,1603.797174166098,0.6435617531967888,MEDIUM,MEDIUM,MEDIUM,5,COST_BASED,COST_BASED,false,false
1,baseline,1,2033,0.0,0.23354564755838642,HYBRID_HEAT_PUMP,TOTAL,101044,14445,684,107450,47836,0.7653840038403152,0.5981704170787385,0.2246312855612877,1617.8858600217409,0.6497518032676984,MEDIUM,MEDIUM,MEDIUM,5,COST_BASED,COST_BASED,false,false
1,baseline,1,2034,0.0,0.2526539278131635,HYBRID_HEAT_PUMP,TOTAL,116655,16397,786,123847,51673,0.7652468739959171,0.6028154598124377,0.25649551709499935,1555.4058212219147,0.6487875919459274,MEDIUM,MEDIUM,MEDIUM,5,COST_BASED,COST_BASED,false,false
1,baseline,1,2035,0.0,0.2781316348195329,HYBRID_HEAT_PUMP,TOTAL,135085,19153,723,143000,52383,0.7654529230789309,0.6111685103857648,0.29390364869720903,1529.4500124086057,0.6519136226346101,MEDIUM,MEDIUM,MEDIUM,5,COST_BASED,COST_BASED,false,false
1,baseline,1,2036,0.0,0.31104033970276007,HYBRID_HEAT_PUMP,TOTAL,151507,17179,757,160179,47994,0.7663317512996982,0.6121098704722693,0.3310603808934328,1552.8811309747052,0.6438167726601227,MEDIUM,MEDIUM,MEDIUM,5,COST_BASED,COST_BASED,false,false
1,baseline,1,2037,0.0,0.34076433121019106,HYBRID_HEAT_PUMP,TOTAL,168733,17986,760,178165,41588,0.7906369402766634,0.6342074185753217,0.3930183114751228,1415.2476435510243,0.655397314925048,MEDIUM,MEDIUM,MEDIUM,5,COST_BASED,COST_BASED,false,false
1,baseline,1,2038,0.0,0.35881104033970274,HYBRID_HEAT_PUMP,TOTAL,185579,17549,703,195714,37020,0.7961022289809834,0.6375766118334035,0.4270223426914109,1428.8325769854132,0.650583774832007,MEDIUM,MEDIUM,MEDIUM,5,COST_BASED,COST_BASED,false,false
1,baseline,1,2039,0.0,0.3842887473460722,HYBRID_HEAT_PUMP,TOTAL,200082,15140,637,210854,32094,0.8055790521690601,0.6422781141165173,0.46118359103211043,1431.437620739079,0.6467265103744855,MEDIUM,MEDIUM,MEDIUM,5,COST_BASED,COST_BASED,false,false
1,baseline,1,2040,0.0,0.4118895966029724,HYBRID_HEAT_PUMP,TOTAL,213289,18524,5317,229378,42102,0.767823307804994,0.6390198950948457,0.42522619802563333,1408.0943898152107,0.6602674661846122,MEDIUM,MEDIUM,MEDIUM,5,COST_BASED,COST_BASED,false,false
1,baseline,1,2041,0.0,0.45116772823779194,HYBRID_HEAT_PUMP,TOTAL,225445,19909,7753,249287,44585,0.7683107028603632,0.6562655346438913,0.436878763032511,1421.1844117976898,0.6831009354926281,MEDIUM,MEDIUM,MEDIUM,5,COST_BASED,COST_BASED,false,false
1,baseline,1,2042,0.0,0.4872611464968153,HYBRID_HEAT_PUMP,TOTAL,236433,19712,8724,268999,46135,0.7637183253613181,0.648987697791992,0.42947912769032115,1378.629695458979,0.6751821834250815,MEDIUM,MEDIUM,MEDIUM,5,COST_BASED,COST_BASED,false,false
1,baseline,1,2043,0.0,0.5084925690021231,HYBRID_HEAT_PUMP,TOTAL,245783,20007,10657,289006,42552,0.7575116484566846,0.6589398828079673,0.4160025479642929,1361.1189133295732,0.6950312751067105,MEDIUM,MEDIUM,MEDIUM,5,COST_BASED,COST_BASED,false,false
1,baseline,1,2044,0.0,0.5424628450106157,HYBRID_HEAT_PUMP,TOTAL,253383,17840,10240,306846,41072,0.7522289680965198,0.6491818659433934,0.4011598373232187,1330.8665027269185,0.685425597560154,MEDIUM,MEDIUM,MEDIUM,5,COST_BASED,COST_BASED,false,false
1,baseline,1,2045,0.0,0.5424628450106157,HYBRID_HEAT_PUMP,TOTAL,261458,18994,10919,325840,41657,0.7505755368379985,0.6512651127377631,0.39669892060532463,1326.5409895095663,0.690079054745828,MEDIUM,MEDIUM,MEDIUM,5,COST_BASED,COST_BASED,false,false
1,baseline,1,2046,0.0,0.5424628450106157,HYBRID_HEAT_PUMP,TOTAL,266902,20277,14833,346117,47601,0.7556900296555688,0.6527520820033359,0.4096197231941724,1312.9145816264365,0.6878006847925618,MEDIUM,MEDIUM,MEDIUM,5,COST_BASED,COST_BASED,false,false
1,baseline,1,2047,0.0,0.5424628450106157,HYBRID_HEAT_PUMP,TOTAL,272453,19341,13790,365458,44348,0.7499135892535183,0.6629699562549755,0.38999775813718796,1287.1366465229548,0.7094770975347949,MEDIUM,MEDIUM,MEDIUM,5,COST_BASED,COST_BASED,false,false
1,baseline,1,2048,0.0,0.5424628450106157,HYBRID_HEAT_PUMP,TOTAL,277064,19056,14445,384514,44419,0.7525159462330412,0.6545239326273562,0.3994324906616792,1290.658299376393,0.69379878971736,MEDIUM,MEDIUM,MEDIUM,5,COST_BASED,COST_BASED,false,false
1,baseline,1,2049,0.0,0.5424628450106157,HYBRID_HEAT_PUMP,TOTAL,279419,18752,16397,403266,46742,0.7502728499435477,0.660366751602223,0.394828927590903,1249.1954986949638,0.704274683019716,MEDIUM,MEDIUM,MEDIUM,5,COST_BASED,COST_BASED,false,false
1,baseline,1,2050,0.0,0.5424628450106157,HYBRID_HEAT_PUMP,TOTAL,282401,22135,19153,425401,49568,0.7550669207215422,0.6638114340064171,0.4085296571767618,1249.276811652679,0.7048180065350585,MEDIUM,MEDIUM,MEDIUM,5,COST_BASED,COST_BASED,false,false
1,baseline,1,2024,0.0,0.0,HYBRID_HEAT_PUMP,PRIVATELY_OWNED,9153,9153,0,9153,0,0.0,0.0,0.0,0.0,0.0,MEDIUM,MEDIUM,MEDIUM,5,COST_BASED,COST_BASED,false,false
1,baseline,1,2025,0.0,0.13800424628450106,HYBRID_HEAT_PUMP,PRIVATELY_OWNED,12719,4156,590,13309,33388,0.7654505730432001,0.5545357164685698,0.036638523037848404,1878.228285611597,0.6312813006825897,MEDIUM,MEDIUM,MEDIUM,5,COST_BASED,COST_BASED,false,false
1,baseline,1,2026,0.0,0.13800424628450106,HYBRID_HEAT_PUMP,PRIVATELY_OWNED,17956,5828,591,19137,33135,0.7656570773264292,0.56218790516393,0.053489569082198596,1847.7990644333786,0.6384951961437401,MEDIUM,MEDIUM,MEDIUM,5,COST_BASED,COST_BASED,false,false
1,baseline,1,2027,0.0,0.13800424628450106,HYBRID_HEAT_PUMP,PRIVATELY_OWNED,23395,6043,604,25180,33878,0.7656127371388435,0.5564933297360021,0.0730870837433294,1817.4978747269615,0.6250650393834611,MEDIUM,MEDIUM,MEDIUM,5,COST_BASED,COST_BASED,false,false
1,baseline,1,2028,0.0,0.13800424628450106,HYBRID_HEAT_PUMP,PRIVATELY_OWNED,29353,6529,571,31709,34046,0.7654407977394208,0.5627810007847784,0.09391747724265982,1778.3325500793044,0.629331932431648,MEDIUM,MEDIUM,MEDIUM,5,COST_BASED,COST_BASED,false,false
1,baseline,1,2029,0.0,0.13800424628450106,HYBRID_HEAT_PUMP,PRIVATELY_OWNED,34858,6104,599,37813,34457,0.7652649467045269,0.5671213694225603,0.11483366138512095,1749.9366166526395,0.6306574021114268,MEDIUM,MEDIUM,MEDIUM,5,COST_BASED,COST_BASED,false,false
1,baseline,1,2030,0.0,0.1592356687898089,HYBRID_HEAT_PUMP,PRIVATELY_OWNED,41336,7078,600,44891,34755,0.766366436792935,0.5708463012466493,0.1350505147226232,1735.3592864336067,0.6309152139910909,MEDIUM,MEDIUM,MEDIUM,5,COST_BASED,COST_BASED,false,false
1,baseline,1,2031,0.0,0.18471337579617833,HYBRID_HEAT_PUMP,PRIVATELY_OWNED,49912,9205,629,54096,35537,0.766858931735024,0.5847061874346898,0.1626080104745299,1696.035821819512,0.6446925455996317,MEDIUM,MEDIUM,MEDIUM,5,COST_BASED,COST_BASED,false,false
1,baseline,1,2032,0.0,0.21019108280254778,HYBRID_HEAT_PUMP,PRIVATELY_OWNED,58368,9072,616,63168,34558,0.7649559136674594,0.588781616198885,0.19348677073870163,1689.5794895537936,0.6435617531967888,MEDIUM,MEDIUM,MEDIUM,5,COST_BASED,COST_BASED,false,false
1,baseline,1,2033,0.0,0.23354564755838642,HYBRID_HEAT_PUMP,PRIVATELY_OWNED,68065,10274,577,73442,33908,0.7653840038403152,0.5981704170787385,0.2246312855612877,1680.0678306004484,0.6497518032676984,MEDIUM,MEDIUM,MEDIUM,5,COST_BASED,COST_BASED,false,false
1,baseline,1,2034,0.0,0.2526539278131635,HYBRID_HEAT_PUMP,PRIVATELY_OWNED,78148,10764,681,84206,36438,0.7652468739959171,0.6028154598124377,0.25649551709499935,1616.85891102695,0.6487875919459274,MEDIUM,MEDIUM,MEDIUM,5,COST_BASED,COST_BASED,false,false
1,baseline,1,2035,0.0,0.2781316348195329,HYBRID_HEAT_PUMP,PRIVATELY_OWNED,90287,12761,622,96967,37370,0.7654529230789309,0.6111685103857648,0.29390364869720903,1593.4050575327803,0.6519136226346101,MEDIUM,MEDIUM,MEDIUM,5,COST_BASED,COST_BASED,false,false
1,baseline,1,2036,0.0,0.31104033970276007,HYBRID_HEAT_PUMP,PRIVATELY_OWNED,101520,11900,667,108867,33799,0.7663317512996982,0.6121098704722693,0.3310603808934328,1624.4052782626704,0.6438167726601227,MEDIUM,MEDIUM,MEDIUM,5,COST_BASED,COST_BASED,false,false
1,baseline,1,2037,0.0,0.34076433121019106,HYBRID_HEAT_PUMP,PRIVATELY_OWNED,110768,9917,669,118784,24252,0.7906369402766634,0.6342074185753217,0.3930183114751228,1539.331931387102,0.655397314925048,MEDIUM,MEDIUM,MEDIUM,5,COST_BASED,COST_BASED,false,false
1,baseline,1,2038,0.0,0.35881104033970274,HYBRID_HEAT_PUMP,PRIVATELY_OWNED,119299,9108,577,127892,20394,0.7961022289809834,0.6375766118334035,0.4270223426914109,1520.7901833872709,0.650583774832007,MEDIUM,MEDIUM,MEDIUM,5,COST_BASED,COST_BASED,false,false
1,baseline,1,2039,0.0,0.3842887473460722,HYBRID_HEAT_PUMP,PRIVATELY_OWNED,126779,8040,560,135932,16958,0.8055790521690601,0.6422781141165173,0.46118359103211043,1558.0335534850808,0.6467265103744855,MEDIUM,MEDIUM,MEDIUM,5,COST_BASED,COST_BASED,false,false
1,baseline,1,2040,0.0,0.4118895966029724,HYBRID_HEAT_PUMP,PRIVATELY_OWNED,132875,10252,4156,146184,25239,0.767823307804994,0.6390198950948457,0.42522619802563333,1491.5733190696938,0.6602674661846122,MEDIUM,MEDIUM,MEDIUM,5,COST_BASED,COST_BASED,false,false
1,baseline,1,2041,0.0,0.45116772823779194,HYBRID_HEAT_PUMP,PRIVATELY_OWNED,139143,12096,5828,158280,29220,0.7683107028603632,0.6562655346438913,0.436878763032511,1493.07446954141,0.6831009354926281,MEDIUM,MEDIUM,MEDIUM,5,COST_BASED,COST_BASED,false,false
1,baseline,1,2042,0.0,0.4872611464968153,HYBRID_HEAT_PUMP,PRIVATELY_OWNED,144462,11362,6043,169642,28706,0.7637183253613181,0.648987697791992,0.42947912769032115,1462.3214310597089,0.6751821834250815,MEDIUM,MEDIUM,MEDIUM,5,COST_BASED,COST_BASED,false,false
1,baseline,1,2043,0.0,0.5084925690021231,HYBRID_HEAT_PUMP,PRIVATELY_OWNED,148771,10838,6529,180480,27832,0.7575116484566846,0.6589398828079673,0.4160025479642929,1414.0871299223916,0.6950312751067105,MEDIUM,MEDIUM,MEDIUM,5,COST_BASED,COST_BASED,false,false
1,baseline,1,2044,0.0,0.5424628450106157,HYBRID_HEAT_PUMP,PRIVATELY_OWNED,151906,9239,6104,189719,25842,0.7522289680965198,0.6491818659433934,0.4011598373232187,1379.3669994582463,0.685425597560154,MEDIUM,MEDIUM,MEDIUM,5,COST_BASED,COST_BASED,false,false
1,baseline,1,2045,0.0,0.5424628450106157,HYBRID_HEAT_PUMP,PRIVATELY_OWNED,154549,9721,7078,199440,27443,0.7505755368379985,0.6512651127377631,0.39669892060532463,1366.3013518930147,0.690079054745828,MEDIUM,MEDIUM,MEDIUM,5,COST_BASED,COST_BASED,false,false
1,baseline,1,2046,0.0,0.5424628450106157,HYBRID_HEAT_PUMP,PRIVATELY_OWNED,156748,11404,9205,210844,30705,0.7556900296555688,0.6527520820033359,0.4096197231941724,1353.3803289366554,0.6878006847925618,MEDIUM,MEDIUM,MEDIUM,5,COST_BASED,COST_BASED,false,false
1,baseline,1,2047,0.0,0.5424628450106157,HYBRID_HEAT_PUMP,PRIVATELY_OWNED,158680,11004,9072,221848,29912,0.7499135892535183,0.6629699562549755,0.38999775813718796,1326.3391949719175,0.7094770975347949,MEDIUM,MEDIUM,MEDIUM,5,COST_BASED,COST_BASED,false,false
1,baseline,1,2048,0.0,0.5424628450106157,HYBRID_HEAT_PUMP,PRIVATELY_OWNED,159635,11229,10274,233077,30527,0.7525159462330412,0.6545239326273562,0.3994324906616792,1332.0337733809415,0.69379878971736,MEDIUM,MEDIUM,MEDIUM,5,COST_BASED,COST_BASED,false,false
1,baseline,1,2049,0.0,0.5424628450106157,HYBRID_HEAT_PUMP,PRIVATELY_OWNED,160306,11435,10764,244512,31521,0.7502728499435477,0.660366751602223,0.394828927590903,1275.3204530313124,0.704274683019716,MEDIUM,MEDIUM,MEDIUM,5,COST_BASED,COST_BASED,false,false
1,baseline,1,2050,0.0,0.5424628450106157,HYBRID_HEAT_PUMP,PRIVATELY_OWNED,160696,13151,12761,257663,34228,0.7550669207215422,0.6638114340064171,0.4085296571767618,1265.7496786256866,0.7048180065350585,MEDIUM,MEDIUM,MEDIUM,5,COST_BASED,COST_BASED,false,false
1,baseline,1,2024,0.0,0.0,HYBRID_HEAT_PUMP,SOCIAL_HOUSING,126,126,0,126,0,0.0,0.0,0.0,0.0,0.0,MEDIUM,MEDIUM,MEDIUM,5,COST_BASED,COST_BASED,false,false
1,baseline,1,2025,0.0,0.13800424628450106,HYBRID_HEAT_PUMP,SOCIAL_HOUSING,267,141,0,267,7612,0.0,0.0,0.0,1622.9918549658435,0.0,MEDIUM,MEDIUM,MEDIUM,5,COST_BASED,COST_BASED,false,false
1,baseline,1,2026,0.0,0.13800424628450106,HYBRID_HEAT_PUMP,SOCIAL_HOUSING,887,667,47,934,9578,0.0,0.0,0.0,1511.1367717686364,0.0,MEDIUM,MEDIUM,MEDIUM,5,COST_BASED,COST_BASED,false,false
1,baseline,1,2027,0.0,0.13800424628450106,HYBRID_HEAT_PUMP,SOCIAL_HOUSING,1937,1057,7,1991,8171,0.0,0.0,0.0,1460.0023252967812,0.0,MEDIUM,MEDIUM,MEDIUM,5,COST_BASED,COST_BASED,false,false
1,baseline,1,2028,0.0,0.13800424628450106,HYBRID_HEAT_PUMP,SOCIAL_HOUSING,4190,2279,26,4270,10074,0.0,0.0,0.0,1536.435080405003,0.0,MEDIUM,MEDIUM,MEDIUM,5,COST_BASED,COST_BASED,false,false
1,baseline,1,2029,0.0,0.13800424628450106,HYBRID_HEAT_PUMP,SOCIAL_HOUSING,6192,2002,0,6272,10149,0.0,0.0,0.0,1457.0022662331264,0.0,MEDIUM,MEDIUM,MEDIUM,5,COST_BASED,COST_BASED,false,false
1,baseline,1,2030,0.0,0.1592356687898089,HYBRID_HEAT_PUMP,SOCIAL_HOUSING,7830,1640,2,7912,9189,0.0,0.0,0.0,1434.5904886277071,0.0,MEDIUM,MEDIUM,MEDIUM,5,COST_BASED,COST_BASED,false,false
1,baseline,1,2031,0.0,0.18471337579617833,HYBRID_HEAT_PUMP,SOCIAL_HOUSING,10924,3094,0,11006,8575,0.0,0.0,0.0,1376.2413994169096,0.0,MEDIUM,MEDIUM,MEDIUM,5,COST_BASED,COST_BASED,false,false
1,baseline,1,2032,0.0,0.21019108280254778,HYBRID_HEAT_PUMP,SOCIAL_HOUSING,13061,2137,0,13143,8518,0.0,0.0,0.0,1362.706503874149,0.0,MEDIUM,MEDIUM,MEDIUM,5,COST_BASED,COST_BASED,false,false
1,baseline,1,2033,0.0,0.23354564755838642,HYBRID_HEAT_PUMP,SOCIAL_HOUSING,14318,1266,9,14409,7124,0.0,0.0,0.0,1505.8653846153845,0.0,MEDIUM,MEDIUM,MEDIUM,5,COST_BASED,COST_BASED,false,false
1,baseline,1,2034,0.0,0.2526539278131635,HYBRID_HEAT_PUMP,SOCIAL_HOUSING,17104,2786,0,17195,8711,0.0,0.0,0.0,1372.7329812880266,0.0,MEDIUM,MEDIUM,MEDIUM,5,COST_BASED,COST_BASED,false,false
1,baseline,1,2035,0.0,0.2781316348195329,HYBRID_HEAT_PUMP,SOCIAL_HOUSING,20320,3218,2,20413,8356,0.0,0.0,0.0,1332.706318812829,0.0,MEDIUM,MEDIUM,MEDIUM,5,COST_BASED,COST_BASED,false,false
1,baseline,1,2036,0.0,0.31104033970276007,HYBRID_HEAT_PUMP,SOCIAL_HOUSING,22377,2057,0,22470,7726,0.0,0.0,0.0,1351.0745534558632,0.0,MEDIUM,MEDIUM,MEDIUM,5,COST_BASED,COST_BASED,false,false
1,baseline,1,2037,0.0,0.34076433121019106,HYBRID_HEAT_PUMP,SOCIAL_HOUSING,27433,5068,12,27538,10733,0.0,0.0,0.0,1178.1181403149167,0.0,MEDIUM,MEDIUM,MEDIUM,5,COST_BASED,COST_BASED,false,false
1,baseline,1,2038,0.0,0.35881104033970274,HYBRID_HEAT_PUMP,SOCIAL_HOUSING,32939,5527,21,33065,10126,0.0,0.0,0.0,1309.463262887616,0.0,MEDIUM,MEDIUM,MEDIUM,5,COST_BASED,COST_BASED,false,false
1,baseline,1,2039,0.0,0.3842887473460722,HYBRID_HEAT_PUMP,SOCIAL_HOUSING,37571,4632,0,37697,9004,0.0,0.0,0.0,1259.7652154597956,0.0,MEDIUM,MEDIUM,MEDIUM,5,COST_BASED,COST_BASED,false,false
1,baseline,1,2040,0.0,0.4118895966029724,HYBRID_HEAT_PUMP,SOCIAL_HOUSING,42670,5240,141,42937,10468,0.0,0.0,0.0,1243.048815437524,0.0,MEDIUM,MEDIUM,MEDIUM,5,COST_BASED,COST_BASED,false,false
1,baseline,1,2041,0.0,0.45116772823779194,HYBRID_HEAT_PUMP,SOCIAL_HOUSING,46598,4595,667,47532,8814,0.0,0.0,0.0,1253.5636487406398,0.0,MEDIUM,MEDIUM,MEDIUM,5,COST_BASED,COST_BASED,false,false
1,baseline,1,2042,0.0,0.4872611464968153,HYBRID_HEAT_PUMP,SOCIAL_HOUSING,50451,4910,1057,52442,10641,0.0,0.0,0.0,1194.8539610938822,0.0,MEDIUM,MEDIUM,MEDIUM,5,COST_BASED,COST_BASED,false,false
1,baseline,1,2043,0.0,0.5084925690021231,HYBRID_HEAT_PUMP,SOCIAL_HOUSING,53864,5692,2279,58134,8167,0.0,0.0,0.0,1217.351046896045,0.0,MEDIUM,MEDIUM,MEDIUM,5,COST_BASED,COST_BASED,false,false
1,baseline,1,2044,0.0,0.5424628450106157,HYBRID_HEAT_PUMP,SOCIAL_HOUSING,56799,4937,2002,63071,8549,0.0,0.0,0.0,1214.7157562287987,0.0,MEDIUM,MEDIUM,MEDIUM,5,COST_BASED,COST_BASED,false,false
1,baseline,1,2045,0.0,0.5424628450106157,HYBRID_HEAT_PUMP,SOCIAL_HOUSING,60838,5679,1640,68750,7801,0.0,0.0,0.0,1217.902320215357,0.0,MEDIUM,MEDIUM,MEDIUM,5,COST_BASED,COST_BASED,false,false
1,baseline,1,2046,0.0,0.5424628450106157,HYBRID_HEAT_PUMP,SOCIAL_HOUSING,62762,5018,3094,73768,10225,0.0,0.0,0.0,1213.1746699266503,0.0,MEDIUM,MEDIUM,MEDIUM,5,COST_BASED,COST_BASED,false,false
1,baseline,1,2047,0.0,0.5424628450106157,HYBRID_HEAT_PUMP,SOCIAL_HOUSING,65114,4489,2137,78257,8085,0.0,0.0,0.0,1140.8987012987013,0.0,MEDIUM,MEDIUM,MEDIUM,5,COST_BASED,COST_BASED,false,false
1,baseline,1,2048,0.0,0.5424628450106157,HYBRID_HEAT_PUMP,SOCIAL_HOUSING,67505,3657,1266,81914,7193,0.0,0.0,0.0,1161.6794105380231,0.0,MEDIUM,MEDIUM,MEDIUM,5,COST_BASED,COST_BASED,false,false
1,baseline,1,2049,0.0,0.5424628450106157,HYBRID_HEAT_PUMP,SOCIAL_HOUSING,68045,3326,2786,85240,8451,0.0,0.0,0.0,1151.2139391787955,0.0,MEDIUM,MEDIUM,MEDIUM,5,COST_BASED,COST_BASED,false,false
1,baseline,1,2050,0.0,0.5424628450106157,HYBRID_HEAT_PUMP,SOCIAL_HOUSING,69553,4726,3218,89966,8242,0.0,0.0,0.0,1197.3669012375638,0.0,MEDIUM,MEDIUM,MEDIUM,5,COST_BASED,COST_BASED,false,false
1,baseline,1,2024,0.0,0.0,HYBRID_HEAT_PUMP,PRIVATELY_RENTED,1493,1493,0,1493,0,0.0,0.0,0.0,0.0,0.0,MEDIUM,MEDIUM,MEDIUM,5,COST_BASED,COST_BASED,false,false
1,baseline,1,2025,0.0,0.13800424628450106,HYBRID_HEAT_PUMP,PRIVATELY_RENTED,2411,1020,102,2513,6725,0.0,0.0,0.0,1607.1385873605948,0.0,MEDIUM,MEDIUM,MEDIUM,5,COST_BASED,COST_BASED,false,false
1,baseline,1,2026,0.0,0.13800424628450106,HYBRID_HEAT_PUMP,PRIVATELY_RENTED,3560,1258,109,3771,6763,0.0,0.0,0.0,1587.5095371876387,0.0,MEDIUM,MEDIUM,MEDIUM,5,COST_BASED,COST_BASED,false,false
1,baseline,1,2027,0.0,0.13800424628450106,HYBRID_HEAT_PUMP,PRIVATELY_RENTED,5075,1624,109,5395,6818,0.0,0.0,0.0,1560.6870049867996,0.0,MEDIUM,MEDIUM,MEDIUM,5,COST_BASED,COST_BASED,false,false
1,baseline,1,2028,0.0,0.13800424628450106,HYBRID_HEAT_PUMP,PRIVATELY_RENTED,6817,1849,107,7244,6902,0.0,0.0,0.0,1541.2665893943783,0.0,MEDIUM,MEDIUM,MEDIUM,5,COST_BASED,COST_BASED,false,false
1,baseline,1,2029,0.0,0.13800424628450106,HYBRID_HEAT_PUMP,PRIVATELY_RENTED,8841,2134,110,9378,6655,0.0,0.0,0.0,1527.9873779113448,0.0,MEDIUM,MEDIUM,MEDIUM,5,COST_BASED,COST_BASED,false,false
1,baseline,1,2030,0.0,0.1592356687898089,HYBRID_HEAT_PUMP,PRIVATELY_RENTED,10954,2201,88,11579,6749,0.0,0.0,0.0,1503.863683508668,0.0,MEDIUM,MEDIUM,MEDIUM,5,COST_BASED,COST_BASED,false,false
1,baseline,1,2031,0.0,0.18471337579617833,HYBRID_HEAT_PUMP,PRIVATELY_RENTED,13383,2534,105,14113,6846,0.0,0.0,0.0,1477.85655857435,0.0,MEDIUM,MEDIUM,MEDIUM,5,COST_BASED,COST_BASED,false,false
1,baseline,1,2032,0.0,0.21019108280254778,HYBRID_HEAT_PUMP,PRIVATELY_RENTED,15854,2581,110,16694,6750,0.0,0.0,0.0,1468.8557037037037,0.0,MEDIUM,MEDIUM,MEDIUM,5,COST_BASED,COST_BASED,false,false
1,baseline,1,2033,0.0,0.23354564755838642,HYBRID_HEAT_PUMP,PRIVATELY_RENTED,18661,2905,98,19599,6804,0.0,0.0,0.0,1425.288506760729,0.0,MEDIUM,MEDIUM,MEDIUM,5,COST_BASED,COST_BASED,false,false
1,baseline,1,2034,0.0,0.2526539278131635,HYBRID_HEAT_PUMP,PRIVATELY_RENTED,21403,2847,105,22446,6524,0.0,0.0,0.0,1456.085683629675,0.0,MEDIUM,MEDIUM,MEDIUM,5,COST_BASED,COST_BASED,false,false
1,baseline,1,2035,0.0,0.2781316348195329,HYBRID_HEAT_PUMP,PRIVATELY_RENTED,24478,3174,99,25620,6657,0.0,0.0,0.0,1417.3860597866908,0.0,MEDIUM,MEDIUM,MEDIUM,5,COST_BASED,COST_BASED,false,false
1,baseline,1,2036,0.0,0.31104033970276007,HYBRID_HEAT_PUMP,PRIVATELY_RENTED,27610,3222,90,28842,6469,0.0,0.0,0.0,1420.2042046684187,0.0,MEDIUM,MEDIUM,MEDIUM,5,COST_BASED,COST_BASED,false,false
1,baseline,1,2037,0.0,0.34076433121019106,HYBRID_HEAT_PUMP,PRIVATELY_RENTED,30532,3001,79,31843,6603,0.0,0.0,0.0,1344.949114039073,0.0,MEDIUM,MEDIUM,MEDIUM,5,COST_BASED,COST_BASED,false,false
1,baseline,1,2038,0.0,0.35881104033970274,HYBRID_HEAT_PUMP,PRIVATELY_RENTED,33341,2914,105,34757,6500,0.0,0.0,0.0,1326.2710769230769,0.0,MEDIUM,MEDIUM,MEDIUM,5,COST_BASED,COST_BASED,false,false
1,baseline,1,2039,0.0,0.3842887473460722,HYBRID_HEAT_PUMP,PRIVATELY_RENTED,35732,2468,77,37225,6132,0.0,0.0,0.0,1333.4148727984345,0.0,MEDIUM,MEDIUM,MEDIUM,5,COST_BASED,COST_BASED,false,false
1,baseline,1,2040,0.0,0.4118895966029724,HYBRID_HEAT_PUMP,PRIVATELY_RENTED,37744,3032,1020,40257,6395,0.0,0.0,0.0,1348.7937451133698,0.0,MEDIUM,MEDIUM,MEDIUM,5,COST_BASED,COST_BASED,false,false
1,baseline,1,2041,0.0,0.45116772823779194,HYBRID_HEAT_PUMP,PRIVATELY_RENTED,39704,3218,1258,43475,6551,0.0,0.0,0.0,1326.051137230957,0.0,MEDIUM,MEDIUM,MEDIUM,5,COST_BASED,COST_BASED,false,false
1,baseline,1,2042,0.0,0.4872611464968153,HYBRID_HEAT_PUMP,PRIVATELY_RENTED,41520,3440,1624,46915,6788,0.0,0.0,0.0,1312.7933117265763,0.0,MEDIUM,MEDIUM,MEDIUM,5,COST_BASED,COST_BASED,false,false
1,baseline,1,2043,0.0,0.5084925690021231,HYBRID_HEAT_PUMP,PRIVATELY_RENTED,43148,3477,1849,50392,6553,0.0,0.0,0.0,1315.3293148176408,0.0,MEDIUM,MEDIUM,MEDIUM,5,COST_BASED,COST_BASED,false,false
1,baseline,1,2044,0.0,0.5424628450106157,HYBRID_HEAT_PUMP,PRIVATELY_RENTED,44678,3664,2134,54056,6681,0.0,0.0,0.0,1291.89372848376,0.0,MEDIUM,MEDIUM,MEDIUM,5,COST_BASED,COST_BASED,false,false
1,baseline,1,2045,0.0,0.5424628450106157,HYBRID_HEAT_PUMP,PRIVATELY_RENTED,46071,3594,2201,57650,6413,0.0,0.0,0.0,1288.5473257445813,0.0,MEDIUM,MEDIUM,MEDIUM,5,COST_BASED,COST_BASED,false,false
1,baseline,1,2046,0.0,0.5424628450106157,HYBRID_HEAT_PUMP,PRIVATELY_RENTED,47392,3855,2534,61505,6671,0.0,0.0,0.0,1279.5372507869884,0.0,MEDIUM,MEDIUM,MEDIUM,5,COST_BASED,COST_BASED,false,false
1,baseline,1,2047,0.0,0.5424628450106157,HYBRID_HEAT_PUMP,PRIVATELY_RENTED,48659,3848,2581,65353,6351,0.0,0.0,0.0,1288.6650921114785,0.0,MEDIUM,MEDIUM,MEDIUM,5,COST_BASED,COST_BASED,false,false
1,baseline,1,2048,0.0,0.5424628450106157,HYBRID_HEAT_PUMP,PRIVATELY_RENTED,49924,4170,2905,69523,6699,0.0,0.0,0.0,1240.6024779817883,0.0,MEDIUM,MEDIUM,MEDIUM,5,COST_BASED,COST_BASED,false,false
1,baseline,1,2049,0.0,0.5424628450106157,HYBRID_HEAT_PUMP,PRIVATELY_RENTED,51068,3991,2847,73514,6770,0.0,0.0,0.0,1249.8686853766617,0.0,MEDIUM,MEDIUM,MEDIUM,5,COST_BASED,COST_BASED,false,false
1,baseline,1,2050,0.0,0.5424628450106157,HYBRID_HEAT_PUMP,PRIVATELY_RENTED,52152,4258,3174,77772,7098,0.0,0.0,0.0,1230.117638771485,0.0,MEDIUM,MEDIUM,MEDIUM,5,COST_BASED,COST_BASED,false,false
