scenario,scenario_name,iteration,year,heating_system,ownership,installed_current,installed_annually,removed_annually,installed_cumulative,avg_att,avg_util,avg_sub_norm,avg_eac,avg_pbc,SLF,ELF,GRR,DHCT,DHES,SHAES,DHCO,GCHPB
1,baseline,1,2024,NATURAL_GAS_BOILER,TOTAL,6874894,6874894,0,6874894,0.0,0.0,0.0,0.0,0.0,MEDIUM,MEDIUM,MEDIUM,5,COST_BASED,COST_BASED,false,false
1,baseline,1,2025,NATURAL_GAS_BOILER,TOTAL,4819335,9910,2065469,6884804,0.28565979099023664,0.6247945821081408,0.7668784875028787,1771.7141513339138,0.7378395124807687,MEDIUM,MEDIUM,MEDIUM,5,COST_BASED,COST_BASED,false,false
1,baseline,1,2026,NATURAL_GAS_BOILER,TOTAL,4384453,5748,440630,6890552,0.2858386466335868,0.6259506536255971,0.6807141159598389,1768.0666201024412,0.739321322622955,MEDIUM,MEDIUM,MEDIUM,5,COST_BASED,COST_BASED,false,false
1,baseline,1,2027,NATURAL_GAS_BOILER,TOTAL,3951358,5789,438884,6896341,0.28572879101705034,0.6212951528599182,0.6165816764661991,1761.6922331299327,0.7331506068075772,MEDIUM,MEDIUM,MEDIUM,5,COST_BASED,COST_BASED,false,false
1,baseline,1,2028,NATURAL_GAS_BOILER,TOTAL,3512044,6071,445385,6902412,0.28529646374649736,0.6239663173504549,0.5525941771540379,1755.9666619789764,0.7368562685517757,MEDIUM,MEDIUM,MEDIUM,5,COST_BASED,COST_BASED,false,false
1,baseline,1,2029,NATURAL_GAS_BOILER,TOTAL,3070810,5610,446844,6908022,0.28556560386265967,0.6218089910539041,0.4883614006133717,1761.9437794376563,0.7338901201176564,MEDIUM,MEDIUM,MEDIUM,5,COST_BASED,COST_BASED,false,false
1,baseline,1,2030,NATURAL_GAS_BOILER,TOTAL,2628702,6740,448848,6914762,0.28558876131924366,0.6235199526587708,0.4229732594214161,1754.6309215276701,0.7361636831052837,MEDIUM,MEDIUM,MEDIUM,5,COST_BASED,COST_BASED,false,false
1,baseline,1,2031,NATURAL_GAS_BOILER,TOTAL,2183095,5535,451142,6920297,0.2854680972455102,0.6226775326858486,0.35757036996598807,1745.1802350002415,0.7350806778328002,MEDIUM,MEDIUM,MEDIUM,5,COST_BASED,COST_BASED,false,false
1,baseline,1,2032,NATURAL_GAS_BOILER,TOTAL,1736860,5436,451671,6925733,0.28485950882618655,0.6205980665941998,0.2924076733752343,1745.4301754917055,0.7325109191835527,MEDIUM,MEDIUM,MEDIUM,5,COST_BASED,COST_BASED,false,false
1,baseline,1,2033,NATURAL_GAS_BOILER,TOTAL,1292737,5505,449628,6931238,0.28524012148084943,0.6259522039393935,0.22713182737772145,1736.3408068604178,0.7395228980922841,MEDIUM,MEDIUM,MEDIUM,5,COST_BASED,COST_BASED,false,false
1,baseline,1,2034,NATURAL_GAS_BOILER,TOTAL,833446,6449,465740,6937687,0.28531276283784013,0.6284680711571043,0.159927484024095,1696.3477749289507,0.7428531739302408,MEDIUM,MEDIUM,MEDIUM,5,COST_BASED,COST_BASED,false,false
1,baseline,1,2035,NATURAL_GAS_BOILER,TOTAL,372704,5952,466694,6943639,0.2849106156576699,0.6244542437995702,0.09138684424834632,1686.9854554399385,0.7376354531801574,MEDIUM,MEDIUM,MEDIUM,5,COST_BASED,COST_BASED,false,false
1,baseline,1,2036,NATURAL_GAS_BOILER,TOTAL,72334,3427,303797,6947066,0.2828470286737184,0.6132448792092308,0.03476235980009048,1722.4172911002258,0.7233774960543927,MEDIUM,MEDIUM,MEDIUM,5,COST_BASED,COST_BASED,false,false
1,baseline,1,2037,NATURAL_GAS_BOILER,TOTAL,69591,7329,10072,6954395,0.356097752890878,0.6188245518072454,0.012140433467194315,1532.0211743744107,0.7064001514460322,MEDIUM,MEDIUM,MEDIUM,5,COST_BASED,COST_BASED,false,false
1,baseline,1,2038,NATURAL_GAS_BOILER,TOTAL,68480,4637,5748,6959032,0.33291071686753376,0.6115424499700661,0.011615823854802365,1569.8162400108613,0.7044196943375809,MEDIUM,MEDIUM,MEDIUM,5,COST_BASED,COST_BASED,false,false
1,baseline,1,2039,NATURAL_GAS_BOILER,TOTAL,66987,4296,5789,6963328,0.36427732854374206,0.6180917125557938,0.011226933381636476,1660.271881949341,0.7026965072264708,MEDIUM,MEDIUM,MEDIUM,5,COST_BASED,COST_BASED,false,false
1,baseline,1,2040,NATURAL_GAS_BOILER,TOTAL,65858,4942,6071,6968270,0.27787216609540993,0.5950452553031869,0.011829697934631638,1790.309183455665,0.700769618371878,MEDIUM,MEDIUM,MEDIUM,5,COST_BASED,COST_BASED,false,false
1,baseline,1,2041,NATURAL_GAS_BOILER,TOTAL,64894,4646,5610,6972916,0.2806512403447226,0.60182355120674,0.01159315299385035,1784.764235087881,0.7088809881607194,MEDIUM,MEDIUM,MEDIUM,5,COST_BASED,COST_BASED,false,false
1,baseline,1,2042,NATURAL_GAS_BOILER,TOTAL,63429,5275,6740,6978191,0.28078613057345486,0.5941439154296833,0.01140304130203605,1776.594525904049,0.6985965103817555,MEDIUM,MEDIUM,MEDIUM,5,COST_BASED,COST_BASED,false,false
1,baseline,1,2043,NATURAL_GAS_BOILER,TOTAL,62630,4736,5535,6982927,0.279537724591021,0.5983993147897015,0.011165477215374883,1773.0622100925684,0.7046865115225971,MEDIUM,MEDIUM,MEDIUM,5,COST_BASED,COST_BASED,false,false
1,baseline,1,2044,NATURAL_GAS_BOILER,TOTAL,61699,4505,5436,6987432,0.2795263608088294,0.5939845484553545,0.010988376513709472,1775.9486148413419,0.698803944337493,MEDIUM,MEDIUM,MEDIUM,5,COST_BASED,COST_BASED,false,false
1,baseline,1,2045,NATURAL_GAS_BOILER,TOTAL,60937,4743,5505,6992175,0.27910103894343385,0.6009947889128517,0.010851350789205558,1772.6834094716771,0.708292705569333,MEDIUM,MEDIUM,MEDIUM,5,COST_BASED,COST_BASED,false,false
1,baseline,1,2046,NATURAL_GAS_BOILER,TOTAL,59661,5173,6449,6997348,0.2806892227885363,0.5958384392687566,0.010683755851852529,1760.7703660282123,0.7008881780954959,MEDIUM,MEDIUM,MEDIUM,5,COST_BASED,COST_BASED,false,false
1,baseline,1,2047,NATURAL_GAS_BOILER,TOTAL,58691,4982,5952,7002330,0.28014366817873393,0.5937261007730215,0.010498904102203567,1759.4462760812123,0.6982535783044352,MEDIUM,MEDIUM,MEDIUM,5,COST_BASED,COST_BASED,false,false
1,baseline,1,2048,NATURAL_GAS_BOILER,TOTAL,58074,2810,3427,7005140,0.2757429741811552,0.5872866888174734,0.010238332281749902,1738.6683761550653,0.6911345936962312,MEDIUM,MEDIUM,MEDIUM,5,COST_BASED,COST_BASED,false,false
1,baseline,1,2049,NATURAL_GAS_BOILER,TOTAL,57005,6260,7329,7011400,0.2801147084849722,0.6008886734002199,0.010167753104074433,1709.2029821521332,0.7078133283717757,MEDIUM,MEDIUM,MEDIUM,5,COST_BASED,COST_BASED,false,false
1,baseline,1,2050,NATURAL_GAS_BOILER,TOTAL,56313,3945,4637,7015345,0.27750565271284294,0.5961918682572296,0.009914233913131622,1696.4596998022396,0.7024206067720652,MEDIUM,MEDIUM,MEDIUM,5,COST_BASED,COST_BASED,false,false
1,baseline,1,2024,NATURAL_GAS_BOILER,PRIVATELY_OWNED,4614376,4614376,0,4614376,0.0,0.0,0.0,0.0,0.0,MEDIUM,MEDIUM,MEDIUM,5,COST_BASED,COST_BASED,false,false
1,baseline,1,2025,NATURAL_GAS_BOILER,PRIVATELY_OWNED,4014089,9910,610197,4624286,0.28565979099023664,0.6247945821081408,0.7668784875028787,1771.7141513339138,0.7378395124807687,MEDIUM,MEDIUM,MEDIUM,5,COST_BASED,COST_BASED,false,false
1,baseline,1,2026,NATURAL_GAS_BOILER,PRIVATELY_OWNED,3657435,5748,362402,4630034,0.2858386466335868,0.6259506536255971,0.6807141159598389,1768.0666201024412,0.739321322622955,MEDIUM,MEDIUM,MEDIUM,5,COST_BASED,COST_BASED,false,false
1,baseline,1,2027,NATURAL_GAS_BOILER,PRIVATELY_OWNED,3299731,5786,363490,4635820,0.2858769393704985,0.6216172899941352,0.616901369696306,1762.6056580693364,0.7335307402020506,MEDIUM,MEDIUM,MEDIUM,5,COST_BASED,COST_BASED,false,false
1,baseline,1,2028,NATURAL_GAS_BOILER,PRIVATELY_OWNED,2936512,6067,369286,4641887,0.28548456096999925,0.6243777011100399,0.55295850494514,1757.1243785848633,0.7373420811567216,MEDIUM,MEDIUM,MEDIUM,5,COST_BASED,COST_BASED,false,false
1,baseline,1,2029,NATURAL_GAS_BOILER,PRIVATELY_OWNED,2571314,5609,370807,4647496,0.285616515897579,0.6219198502072387,0.48844846807648695,1762.257907406891,0.7340209616437962,MEDIUM,MEDIUM,MEDIUM,5,COST_BASED,COST_BASED,false,false
1,baseline,1,2030,NATURAL_GAS_BOILER,PRIVATELY_OWNED,2205559,6726,372481,4654222,0.2861832071501193,0.6248177937734337,0.42385366763311694,1758.2831417033149,0.7376959893145424,MEDIUM,MEDIUM,MEDIUM,5,COST_BASED,COST_BASED,false,false
1,baseline,1,2031,NATURAL_GAS_BOILER,PRIVATELY_OWNED,1836315,5529,374773,4659751,0.2857778835691624,0.6233532543708034,0.35795840075271185,1747.0740822438663,0.7358783779715227,MEDIUM,MEDIUM,MEDIUM,5,COST_BASED,COST_BASED,false,false
1,baseline,1,2032,NATURAL_GAS_BOILER,PRIVATELY_OWNED,1466907,5421,374829,4665172,0.2856477199740177,0.62231527209114,0.2932167704238653,1750.2598107310298,0.7345377894635293,MEDIUM,MEDIUM,MEDIUM,5,COST_BASED,COST_BASED,false,false
1,baseline,1,2033,NATURAL_GAS_BOILER,PRIVATELY_OWNED,1097802,5493,374598,4670665,0.2858632566451986,0.6273196582352742,0.22762801924528608,1740.1340145215001,0.7411384587653421,MEDIUM,MEDIUM,MEDIUM,5,COST_BASED,COST_BASED,false,false
1,baseline,1,2034,NATURAL_GAS_BOILER,PRIVATELY_OWNED,711317,6434,392919,4677099,0.2859779309203032,0.6299332593864106,0.1603003333029824,1700.3025801238425,0.7445850355418282,MEDIUM,MEDIUM,MEDIUM,5,COST_BASED,COST_BASED,false,false
1,baseline,1,2035,NATURAL_GAS_BOILER,PRIVATELY_OWNED,322660,5930,394587,4683029,0.2859676196280694,0.6267709374527894,0.09172588481722721,1693.2440861346568,0.7403720433943166,MEDIUM,MEDIUM,MEDIUM,5,COST_BASED,COST_BASED,false,false
1,baseline,1,2036,NATURAL_GAS_BOILER,PRIVATELY_OWNED,72211,3396,253845,4686425,0.285428965625687,0.6188428153857579,0.035079684050326874,1738.1401815666884,0.7299807653057727,MEDIUM,MEDIUM,MEDIUM,5,COST_BASED,COST_BASED,false,false
1,baseline,1,2037,NATURAL_GAS_BOILER,PRIVATELY_OWNED,69432,7293,10072,4693718,0.357855536944638,0.6218792184554095,0.012200361563289065,1539.583598929118,0.709887112292331,MEDIUM,MEDIUM,MEDIUM,5,COST_BASED,COST_BASED,false,false
1,baseline,1,2038,NATURAL_GAS_BOILER,PRIVATELY_OWNED,68291,4607,5748,4698325,0.3350785748024211,0.6155247103345337,0.011691464123012496,1580.038616221047,0.7090067555119085,MEDIUM,MEDIUM,MEDIUM,5,COST_BASED,COST_BASED,false,false
1,baseline,1,2039,NATURAL_GAS_BOILER,PRIVATELY_OWNED,66798,4293,5786,4702618,0.36453188991938407,0.6185236424737224,0.011234778897626438,1661.432099896196,0.7031875599918282,MEDIUM,MEDIUM,MEDIUM,5,COST_BASED,COST_BASED,false,false
1,baseline,1,2040,NATURAL_GAS_BOILER,PRIVATELY_OWNED,65669,4938,6067,4707556,0.2780972549298331,0.5955272684707067,0.01183928051700072,1791.7594136569253,0.7013372729837628,MEDIUM,MEDIUM,MEDIUM,5,COST_BASED,COST_BASED,false,false
1,baseline,1,2041,NATURAL_GAS_BOILER,PRIVATELY_OWNED,64704,4644,5609,4712200,0.28077210651196843,0.6020827344759936,0.01159814573846441,1785.5328674027335,0.7091862771306422,MEDIUM,MEDIUM,MEDIUM,5,COST_BASED,COST_BASED,false,false
1,baseline,1,2042,NATURAL_GAS_BOILER,PRIVATELY_OWNED,63238,5260,6726,4717460,0.281586851478132,0.5958382421847109,0.011435559480654023,1781.6608601033952,0.7005887057535666,MEDIUM,MEDIUM,MEDIUM,5,COST_BASED,COST_BASED,false,false
1,baseline,1,2043,NATURAL_GAS_BOILER,PRIVATELY_OWNED,62439,4730,5529,4722190,0.2798923178991703,0.5991583836879549,0.011179640611419756,1775.3113376317979,0.7055804056175518,MEDIUM,MEDIUM,MEDIUM,5,COST_BASED,COST_BASED,false,false
1,baseline,1,2044,NATURAL_GAS_BOILER,PRIVATELY_OWNED,61508,4490,5421,4726680,0.2804601905219992,0.5959689066350494,0.011025086012084894,1781.881628031235,0.7011384786726963,MEDIUM,MEDIUM,MEDIUM,5,COST_BASED,COST_BASED,false,false
1,baseline,1,2045,NATURAL_GAS_BOILER,PRIVATELY_OWNED,60746,4731,5493,4731411,0.2798089680212866,0.6025191891383758,0.010878874824181348,1777.179752932607,0.7100892628440808,MEDIUM,MEDIUM,MEDIUM,5,COST_BASED,COST_BASED,false,false
1,baseline,1,2046,NATURAL_GAS_BOILER,PRIVATELY_OWNED,59470,5158,6434,4736569,0.2815054962165759,0.5975711993674443,0.010714825324085525,1765.8908692252699,0.7029264337510663,MEDIUM,MEDIUM,MEDIUM,5,COST_BASED,COST_BASED,false,false
1,baseline,1,2047,NATURAL_GAS_BOILER,PRIVATELY_OWNED,58500,4960,5930,4741529,0.28138624090049447,0.5963595633167728,0.010545471822011728,1767.2502716606045,0.70135067078885,MEDIUM,MEDIUM,MEDIUM,5,COST_BASED,COST_BASED,false,false
1,baseline,1,2048,NATURAL_GAS_BOILER,PRIVATELY_OWNED,57883,2779,3396,4744308,0.2788189123602181,0.593837925720439,0.010352541817818361,1758.0633814306348,0.6988442635071643,MEDIUM,MEDIUM,MEDIUM,5,COST_BASED,COST_BASED,false,false
1,baseline,1,2049,NATURAL_GAS_BOILER,PRIVATELY_OWNED,56813,6223,7293,4750531,0.28178018240654445,0.6044613683891011,0.010228207364857135,1719.36536530168,0.7120217637164254,MEDIUM,MEDIUM,MEDIUM,5,COST_BASED,COST_BASED,false,false
1,baseline,1,2050,NATURAL_GAS_BOILER,PRIVATELY_OWNED,56121,3915,4607,4754446,0.27963213281025934,0.6007603883205034,0.009990205054228417,1709.4593909884636,0.7078031401572918,MEDIUM,MEDIUM,MEDIUM,5,COST_BASED,COST_BASED,false,false
1,baseline,1,2024,NATURAL_GAS_BOILER,SOCIAL_HOUSING,1330736,1330736,0,1330736,0.0,0.0,0.0,0.0,0.0,MEDIUM,MEDIUM,MEDIUM,5,COST_BASED,COST_BASED,false,false
1,baseline,1,2025,NATURAL_GAS_BOILER,SOCIAL_HOUSING,3342,0,1327394,1330736,0.0,0.0,0.0,0.0,0.0,MEDIUM,MEDIUM,MEDIUM,5,COST_BASED,COST_BASED,false,false
1,baseline,1,2026,NATURAL_GAS_BOILER,SOCIAL_HOUSING,1031,0,2311,1330736,0.0,0.0,0.0,0.0,0.0,MEDIUM,MEDIUM,MEDIUM,5,COST_BASED,COST_BASED,false,false
1,baseline,1,2027,NATURAL_GAS_BOILER,SOCIAL_HOUSING,425,0,606,1330736,0.0,0.0,0.0,0.0,0.0,MEDIUM,MEDIUM,MEDIUM,5,COST_BASED,COST_BASED,false,false
1,baseline,1,2028,NATURAL_GAS_BOILER,SOCIAL_HOUSING,244,0,181,1330736,0.0,0.0,0.0,0.0,0.0,MEDIUM,MEDIUM,MEDIUM,5,COST_BASED,COST_BASED,false,false
1,baseline,1,2029,NATURAL_GAS_BOILER,SOCIAL_HOUSING,161,0,83,1330736,0.0,0.0,0.0,0.0,0.0,MEDIUM,MEDIUM,MEDIUM,5,COST_BASED,COST_BASED,false,false
1,baseline,1,2030,NATURAL_GAS_BOILER,SOCIAL_HOUSING,98,0,63,1330736,0.0,0.0,0.0,0.0,0.0,MEDIUM,MEDIUM,MEDIUM,5,COST_BASED,COST_BASED,false,false
1,baseline,1,2031,NATURAL_GAS_BOILER,SOCIAL_HOUSING,79,0,19,1330736,0.0,0.0,0.0,0.0,0.0,MEDIUM,MEDIUM,MEDIUM,5,COST_BASED,COST_BASED,false,false
1,baseline,1,2032,NATURAL_GAS_BOILER,SOCIAL_HOUSING,66,0,13,1330736,0.0,0.0,0.0,0.0,0.0,MEDIUM,MEDIUM,MEDIUM,5,COST_BASED,COST_BASED,false,false
1,baseline,1,2033,NATURAL_GAS_BOILER,SOCIAL_HOUSING,46,0,20,1330736,0.0,0.0,0.0,0.0,0.0,MEDIUM,MEDIUM,MEDIUM,5,COST_BASED,COST_BASED,false,false
1,baseline,1,2034,NATURAL_GAS_BOILER,SOCIAL_HOUSING,34,0,12,1330736,0.0,0.0,0.0,0.0,0.0,MEDIUM,MEDIUM,MEDIUM,5,COST_BASED,COST_BASED,false,false
1,baseline,1,2035,NATURAL_GAS_BOILER,SOCIAL_HOUSING,15,0,19,1330736,0.0,0.0,0.0,0.0,0.0,MEDIUM,MEDIUM,MEDIUM,5,COST_BASED,COST_BASED,false,false
1,baseline,1,2036,NATURAL_GAS_BOILER,SOCIAL_HOUSING,0,0,15,1330736,0.0,0.0,0.0,0.0,0.0,MEDIUM,MEDIUM,MEDIUM,5,COST_BASED,COST_BASED,false,false
1,baseline,1,2037,NATURAL_GAS_BOILER,SOCIAL_HOUSING,0,0,0,1330736,0.0,0.0,0.0,0.0,0.0,MEDIUM,MEDIUM,MEDIUM,5,COST_BASED,COST_BASED,false,false
1,baseline,1,2038,NATURAL_GAS_BOILER,SOCIAL_HOUSING,0,0,0,1330736,0.0,0.0,0.0,0.0,0.0,MEDIUM,MEDIUM,MEDIUM,5,COST_BASED,COST_BASED,false,false
1,baseline,1,2039,NATURAL_GAS_BOILER,SOCIAL_HOUSING,0,0,0,1330736,0.0,0.0,0.0,0.0,0.0,MEDIUM,MEDIUM,MEDIUM,5,COST_BASED,COST_BASED,false,false
1,baseline,1,2040,NATURAL_GAS_BOILER,SOCIAL_HOUSING,0,0,0,1330736,0.0,0.0,0.0,0.0,0.0,MEDIUM,MEDIUM,MEDIUM,5,COST_BASED,COST_BASED,false,false
1,baseline,1,2041,NATURAL_GAS_BOILER,SOCIAL_HOUSING,0,0,0,1330736,0.0,0.0,0.0,0.0,0.0,MEDIUM,MEDIUM,MEDIUM,5,COST_BASED,COST_BASED,false,false
1,baseline,1,2042,NATURAL_GAS_BOILER,SOCIAL_HOUSING,0,0,0,1330736,0.0,0.0,0.0,0.0,0.0,MEDIUM,MEDIUM,MEDIUM,5,COST_BASED,COST_BASED,false,false
1,baseline,1,2043,NATURAL_GAS_BOILER,SOCIAL_HOUSING,0,0,0,1330736,0.0,0.0,0.0,0.0,0.0,MEDIUM,MEDIUM,MEDIUM,5,COST_BASED,COST_BASED,false,false
1,baseline,1,2044,NATURAL_GAS_BOILER,SOCIAL_HOUSING,0,0,0,1330736,0.0,0.0,0.0,0.0,0.0,MEDIUM,MEDIUM,MEDIUM,5,COST_BASED,COST_BASED,false,false
1,baseline,1,2045,NATURAL_GAS_BOILER,SOCIAL_HOUSING,0,0,0,1330736,0.0,0.0,0.0,0.0,0.0,MEDIUM,MEDIUM,MEDIUM,5,COST_BASED,COST_BASED,false,false
1,baseline,1,2046,NATURAL_GAS_BOILER,SOCIAL_HOUSING,0,0,0,1330736,0.0,0.0,0.0,0.0,0.0,MEDIUM,MEDIUM,MEDIUM,5,COST_BASED,COST_BASED,false,false
1,baseline,1,2047,NATURAL_GAS_BOILER,SOCIAL_HOUSING,0,0,0,1330736,0.0,0.0,0.0,0.0,0.0,MEDIUM,MEDIUM,MEDIUM,5,COST_BASED,COST_BASED,false,false
1,baseline,1,2048,NATURAL_GAS_BOILER,SOCIAL_HOUSING,0,0,0,1330736,0.0,0.0,0.0,0.0,0.0,MEDIUM,MEDIUM,MEDIUM,5,COST_BASED,COST_BASED,false,false
1,baseline,1,2049,NATURAL_GAS_BOILER,SOCIAL_HOUSING,0,0,0,1330736,0.0,0.0,0.0,0.0,0.0,MEDIUM,MEDIUM,MEDIUM,5,COST_BASED,COST_BASED,false,false
1,baseline,1,2050,NATURAL_GAS_BOILER,SOCIAL_HOUSING,0,0,0,1330736,0.0,0.0,0.0,0.0,0.0,MEDIUM,MEDIUM,MEDIUM,5,COST_BASED,COST_BASED,false,false
1,baseline,1,2024,NATURAL_GAS_BOILER,PRIVATELY_RENTED,929782,929782,0,929782,0.0,0.0,0.0,0.0,0.0,MEDIUM,MEDIUM,MEDIUM,5,COST_BASED,COST_BASED,false,false
1,baseline,1,2025,NATURAL_GAS_BOILER,PRIVATELY_RENTED,801904,0,127878,929782,0.0,0.0,0.0,0.0,0.0,MEDIUM,MEDIUM,MEDIUM,5,COST_BASED,COST_BASED,false,false
1,baseline,1,2026,NATURAL_GAS_BOILER,PRIVATELY_RENTED,725987,0,75917,929782,0.0,0.0,0.0,0.0,0.0,MEDIUM,MEDIUM,MEDIUM,5,COST_BASED,COST_BASED,false,false
1,baseline,1,2027,NATURAL_GAS_BOILER,PRIVATELY_RENTED,651202,3,74788,929785,0.0,0.0,0.0,0.0,0.0,MEDIUM,MEDIUM,MEDIUM,5,COST_BASED,COST_BASED,false,false
1,baseline,1,2028,NATURAL_GAS_BOILER,PRIVATELY_RENTED,575288,4,75918,929789,0.0,0.0,0.0,0.0,0.0,MEDIUM,MEDIUM,MEDIUM,5,COST_BASED,COST_BASED,false,false
1,baseline,1,2029,NATURAL_GAS_BOILER,PRIVATELY_RENTED,499335,1,75954,929790,0.0,0.0,0.0,0.0,0.0,MEDIUM,MEDIUM,MEDIUM,5,COST_BASED,COST_BASED,false,false
1,baseline,1,2030,NATURAL_GAS_BOILER,PRIVATELY_RENTED,423045,14,76304,929804,0.0,0.0,0.0,0.0,0.0,MEDIUM,MEDIUM,MEDIUM,5,COST_BASED,COST_BASED,false,false
1,baseline,1,2031,NATURAL_GAS_BOILER,PRIVATELY_RENTED,346701,6,76350,929810,0.0,0.0,0.0,0.0,0.0,MEDIUM,MEDIUM,MEDIUM,5,COST_BASED,COST_BASED,false,false
1,baseline,1,2032,NATURAL_GAS_BOILER,PRIVATELY_RENTED,269887,15,76829,929825,0.0,0.0,0.0,0.0,0.0,MEDIUM,MEDIUM,MEDIUM,5,COST_BASED,COST_BASED,false,false
1,baseline,1,2033,NATURAL_GAS_BOILER,PRIVATELY_RENTED,194889,12,75010,929837,0.0,0.0,0.0,0.0,0.0,MEDIUM,MEDIUM,MEDIUM,5,COST_BASED,COST_BASED,false,false
1,baseline,1,2034,NATURAL_GAS_BOILER,PRIVATELY_RENTED,122095,15,72809,929852,0.0,0.0,0.0,0.0,0.0,MEDIUM,MEDIUM,MEDIUM,5,COST_BASED,COST_BASED,false,false
1,baseline,1,2035,NATURAL_GAS_BOILER,PRIVATELY_RENTED,50029,22,72088,929874,0.0,0.0,0.0,0.0,0.0,MEDIUM,MEDIUM,MEDIUM,5,COST_BASED,COST_BASED,false,false
1,baseline,1,2036,NATURAL_GAS_BOILER,PRIVATELY_RENTED,123,31,49937,929905,0.0,0.0,0.0,0.0,0.0,MEDIUM,MEDIUM,MEDIUM,5,COST_BASED,COST_BASED,false,false
1,baseline,1,2037,NATURAL_GAS_BOILER,PRIVATELY_RENTED,159,36,0,929941,0.0,0.0,0.0,0.0,0.0,MEDIUM,MEDIUM,MEDIUM,5,COST_BASED,COST_BASED,false,false
1,baseline,1,2038,NATURAL_GAS_BOILER,PRIVATELY_RENTED,189,30,0,929971,0.0,0.0,0.0,0.0,0.0,MEDIUM,MEDIUM,MEDIUM,5,COST_BASED,COST_BASED,false,false
1,baseline,1,2039,NATURAL_GAS_BOILER,PRIVATELY_RENTED,189,3,3,929974,0.0,0.0,0.0,0.0,0.0,MEDIUM,MEDIUM,MEDIUM,5,COST_BASED,COST_BASED,false,false
1,baseline,1,2040,NATURAL_GAS_BOILER,PRIVATELY_RENTED,189,4,4,929978,0.0,0.0,0.0,0.0,0.0,MEDIUM,MEDIUM,MEDIUM,5,COST_BASED,COST_BASED,false,false
1,baseline,1,2041,NATURAL_GAS_BOILER,PRIVATELY_RENTED,190,2,1,929980,0.0,0.0,0.0,0.0,0.0,MEDIUM,MEDIUM,MEDIUM,5,COST_BASED,COST_BASED,false,false
1,baseline,1,2042,NATURAL_GAS_BOILER,PRIVATELY_RENTED,191,15,14,929995,0.0,0.0,0.0,0.0,0.0,MEDIUM,MEDIUM,MEDIUM,5,COST_BASED,COST_BASED,false,false
1,baseline,1,2043,NATURAL_GAS_BOILER,PRIVATELY_RENTED,191,6,6,930001,0.0,0.0,0.0,0.0,0.0,MEDIUM,MEDIUM,MEDIUM,5,COST_BASED,COST_BASED,false,false
1,baseline,1,2044,NATURAL_GAS_BOILER,PRIVATELY_RENTED,191,15,15,930016,0.0,0.0,0.0,0.0,0.0,MEDIUM,MEDIUM,MEDIUM,5,COST_BASED,COST_BASED,false,false
1,baseline,1,2045,NATURAL_GAS_BOILER,PRIVATELY_RENTED,191,12,12,930028,0.0,0.0,0.0,0.0,0.0,MEDIUM,MEDIUM,MEDIUM,5,COST_BASED,COST_BASED,false,false
1,baseline,1,2046,NATURAL_GAS_BOILER,PRIVATELY_RENTED,191,15,15,930043,0.0,0.0,0.0,0.0,0.0,MEDIUM,MEDIUM,MEDIUM,5,COST_BASED,COST_BASED,false,false
1,baseline,1,2047,NATURAL_GAS_BOILER,PRIVATELY_RENTED,191,22,22,930065,0.0,0.0,0.0,0.0,0.0,MEDIUM,MEDIUM,MEDIUM,5,COST_BASED,COST_BASED,false,false
1,baseline,1,2048,NATURAL_GAS_BOILER,PRIVATELY_RENTED,191,31,31,930096,0.0,0.0,0.0,0.0,0.0,MEDIUM,MEDIUM,MEDIUM,5,COST_BASED,COST_BASED,false,false
1,baseline,1,2049,NATURAL_GAS_BOILER,PRIVATELY_RENTED,192,37,36,930133,0.0,0.0,0.0,0.0,0.0,MEDIUM,MEDIUM,MEDIUM,5,COST_BASED,COST_BASED,false,false
1,baseline,1,2050,NATURAL_GAS_BOILER,PRIVATELY_RENTED,192,30,30,930163,0.0,0.0,0.0,0.0,0.0,MEDIUM,MEDIUM,MEDIUM,5,COST_BASED,COST_BASED,false,false
1,baseline,1,2024,NATURAL_GAS_BLOCK,TOTAL,464485,464485,0,464485,0.0,0.0,0.0,0.0,0.0,MEDIUM,MEDIUM,MEDIUM,5,COST_BASED,COST_BASED,false,false
1,baseline,1,2025,NATURAL_GAS_BLOCK,TOTAL,318859,449,146075,464934,0.28582672186589186,0.646907716294653,0.06386107133313738,1121.1780969825509,0.7672680477709108,MEDIUM,MEDIUM,MEDIUM,5,COST_BASED,COST_BASED,false,false
1,baseline,1,2026,NATURAL_GAS_BLOCK,TOTAL,290420,271,28710,465205,0.28656616873706653,0.6479835754655844,0.05837889979976714,1130.8245011449133,0.7684560443750783,MEDIUM,MEDIUM,MEDIUM,5,COST_BASED,COST_BASED,false,false
1,baseline,1,2027,NATURAL_GAS_BLOCK,TOTAL,262671,250,27999,465455,0.28531980329036244,0.6444434131112797,0.05292507636947773,1135.5874300949408,0.7641512830515965,MEDIUM,MEDIUM,MEDIUM,5,COST_BASED,COST_BASED,false,false
1,baseline,1,2028,NATURAL_GAS_BLOCK,TOTAL,234386,267,28552,465722,0.28604871585225394,0.6470750181326739,0.04740374919100877,1131.0198716486952,0.767417118892819,MEDIUM,MEDIUM,MEDIUM,5,COST_BASED,COST_BASED,false,false
1,baseline,1,2029,NATURAL_GAS_BLOCK,TOTAL,206462,247,28171,465969,0.2878093201429743,0.6460357106428055,0.04199862696161148,1134.3020169676163,0.7654445074760731,MEDIUM,MEDIUM,MEDIUM,5,COST_BASED,COST_BASED,false,false
1,baseline,1,2030,NATURAL_GAS_BLOCK,TOTAL,179022,266,27706,466235,0.28654213830677655,0.6478414431318649,0.036528681929821026,1131.0590302871033,0.7682745447402205,MEDIUM,MEDIUM,MEDIUM,5,COST_BASED,COST_BASED,false,false
1,baseline,1,2031,NATURAL_GAS_BLOCK,TOTAL,150926,247,28343,466482,0.2855979466978589,0.6466629693252952,0.03117322230054432,1120.8176472457965,0.7670179768677647,MEDIUM,MEDIUM,MEDIUM,5,COST_BASED,COST_BASED,false,false
1,baseline,1,2032,NATURAL_GAS_BLOCK,TOTAL,122551,236,28611,466718,0.2864052858474791,0.6455159179115015,0.025671861392486055,1120.7325920125293,0.7652194619328392,MEDIUM,MEDIUM,MEDIUM,5,COST_BASED,COST_BASED,false,false
1,baseline,1,2033,NATURAL_GAS_BLOCK,TOTAL,91333,270,31488,466988,0.2850942170899768,0.6501145685301553,0.02018540526619677,1076.445163260773,0.7717880190102154,MEDIUM,MEDIUM,MEDIUM,5,COST_BASED,COST_BASED,false,false
1,baseline,1,2034,NATURAL_GAS_BLOCK,TOTAL,57525,342,34150,467330,0.2861478213934332,0.6533009143250905,0.013512538751014927,1008.800449059781,0.7756852786356435,MEDIUM,MEDIUM,MEDIUM,5,COST_BASED,COST_BASED,false,false
1,baseline,1,2035,NATURAL_GAS_BLOCK,TOTAL,22687,374,35212,467704,0.28524231690266705,0.6516545569929101,0.00796826941217535,988.3533485448942,0.7737919703563226,MEDIUM,MEDIUM,MEDIUM,5,COST_BASED,COST_BASED,false,false
1,baseline,1,2036,NATURAL_GAS_BLOCK,TOTAL,3385,166,19468,467870,0.2861893310395869,0.645980658755457,0.0024860795132670695,1081.0882115135835,0.76591110132742,MEDIUM,MEDIUM,MEDIUM,5,COST_BASED,COST_BASED,false,false
1,baseline,1,2037,NATURAL_GAS_BLOCK,TOTAL,3305,369,449,468239,0.33972658850366816,0.6593415396199479,8.124583970877294E-4,864.0014235796558,0.7658798566587143,MEDIUM,MEDIUM,MEDIUM,5,COST_BASED,COST_BASED,false,false
1,baseline,1,2038,NATURAL_GAS_BLOCK,TOTAL,3260,226,271,468465,0.3280953274581309,0.6559105672270402,7.946437416951578E-4,885.6854188573432,0.7651823138166757,MEDIUM,MEDIUM,MEDIUM,5,COST_BASED,COST_BASED,false,false
1,baseline,1,2039,NATURAL_GAS_BLOCK,TOTAL,3209,199,250,468664,0.4073433519201549,0.6698415462262357,4.160552435372051E-4,1008.6163553760726,0.7573409443282615,MEDIUM,MEDIUM,MEDIUM,5,COST_BASED,COST_BASED,false,false
1,baseline,1,2040,NATURAL_GAS_BLOCK,TOTAL,3163,221,267,468885,0.26890814473471686,0.632034541765268,7.515527986217393E-4,1121.271983033841,0.753076674108836,MEDIUM,MEDIUM,MEDIUM,5,COST_BASED,COST_BASED,false,false
1,baseline,1,2041,NATURAL_GAS_BLOCK,TOTAL,3130,214,247,469099,0.2734820026341046,0.6360021923686894,9.047785160893602E-4,1129.8431148228653,0.7568422556135527,MEDIUM,MEDIUM,MEDIUM,5,COST_BASED,COST_BASED,false,false
1,baseline,1,2042,NATURAL_GAS_BLOCK,TOTAL,3077,213,266,469312,0.27237981006437706,0.6298808005264659,7.545806961518224E-4,1137.7948201875972,0.749047797347165,MEDIUM,MEDIUM,MEDIUM,5,COST_BASED,COST_BASED,false,false
1,baseline,1,2043,NATURAL_GAS_BLOCK,TOTAL,3043,213,247,469525,0.2723003984565685,0.6335106430001074,7.516800218798582E-4,1131.9779394867867,0.7539140578479586,MEDIUM,MEDIUM,MEDIUM,5,COST_BASED,COST_BASED,false,false
1,baseline,1,2044,NATURAL_GAS_BLOCK,TOTAL,3010,203,236,469728,0.2749269652905312,0.6318587236059886,7.920275822079177E-4,1135.682625274429,0.7508359763778018,MEDIUM,MEDIUM,MEDIUM,5,COST_BASED,COST_BASED,false,false
1,baseline,1,2045,NATURAL_GAS_BLOCK,TOTAL,2982,242,270,469970,0.27450488147684826,0.6361051661062459,7.195061923236674E-4,1130.9641743948898,0.7566385943160472,MEDIUM,MEDIUM,MEDIUM,5,COST_BASED,COST_BASED,false,false
1,baseline,1,2046,NATURAL_GAS_BLOCK,TOTAL,2942,302,342,470272,0.2774011013411348,0.6336352824965249,7.085834134393211E-4,1119.3693426921109,0.752380009548329,MEDIUM,MEDIUM,MEDIUM,5,COST_BASED,COST_BASED,false,false
1,baseline,1,2047,NATURAL_GAS_BLOCK,TOTAL,2908,340,374,470612,0.27900723492372426,0.6325015632622986,8.131182061525959E-4,1123.0149486593375,0.750333006041815,MEDIUM,MEDIUM,MEDIUM,5,COST_BASED,COST_BASED,false,false
1,baseline,1,2048,NATURAL_GAS_BLOCK,TOTAL,2889,147,166,470759,0.26912070570697794,0.6309985508607758,7.064738367639431E-4,1081.9073774208175,0.7516244992453721,MEDIUM,MEDIUM,MEDIUM,5,COST_BASED,COST_BASED,false,false
1,baseline,1,2049,NATURAL_GAS_BLOCK,TOTAL,2844,324,369,471083,0.2704868387951446,0.638403867230275,6.95076240823366E-4,1023.5418335961125,0.761042876708647,MEDIUM,MEDIUM,MEDIUM,5,COST_BASED,COST_BASED,false,false
1,baseline,1,2050,NATURAL_GAS_BLOCK,TOTAL,2810,192,226,471275,0.2683764845522397,0.637105219305477,7.1609184308485E-4,989.1026484769544,0.7600147975565585,MEDIUM,MEDIUM,MEDIUM,5,COST_BASED,COST_BASED,false,false
1,baseline,1,2024,NATURAL_GAS_BLOCK,PRIVATELY_OWNED,277331,277331,0,277331,0.0,0.0,0.0,0.0,0.0,MEDIUM,MEDIUM,MEDIUM,5,COST_BASED,COST_BASED,false,false
1,baseline,1,2025,NATURAL_GAS_BLOCK,PRIVATELY_OWNED,241684,449,36096,277780,0.28582672186589186,0.646907716294653,0.06386107133313738,1121.1780969825509,0.7672680477709108,MEDIUM,MEDIUM,MEDIUM,5,COST_BASED,COST_BASED,false,false
1,baseline,1,2026,NATURAL_GAS_BLOCK,PRIVATELY_OWNED,220685,271,21270,278051,0.28656616873706653,0.6479835754655844,0.05837889979976714,1130.8245011449133,0.7684560443750783,MEDIUM,MEDIUM,MEDIUM,5,COST_BASED,COST_BASED,false,false
1,baseline,1,2027,NATURAL_GAS_BLOCK,PRIVATELY_OWNED,199960,250,20975,278301,0.28531980329036244,0.6444434131112797,0.05292507636947773,1135.5874300949408,0.7641512830515964,MEDIUM,MEDIUM,MEDIUM,5,COST_BASED,COST_BASED,false,false
1,baseline,1,2028,NATURAL_GAS_BLOCK,PRIVATELY_OWNED,178675,267,21552,278568,0.28604871585225394,0.6470750181326739,0.04740374919100877,1131.0198716486952,0.767417118892819,MEDIUM,MEDIUM,MEDIUM,5,COST_BASED,COST_BASED,false,false
1,baseline,1,2029,NATURAL_GAS_BLOCK,PRIVATELY_OWNED,157684,247,21238,278815,0.2878093201429743,0.6460357106428055,0.04199862696161148,1134.3020169676163,0.7654445074760731,MEDIUM,MEDIUM,MEDIUM,5,COST_BASED,COST_BASED,false,false
1,baseline,1,2030,NATURAL_GAS_BLOCK,PRIVATELY_OWNED,136925,266,21025,279081,0.28654213830677655,0.6478414431318649,0.036528681929821026,1131.0590302871033,0.7682745447402205,MEDIUM,MEDIUM,MEDIUM,5,COST_BASED,COST_BASED,false,false
1,baseline,1,2031,NATURAL_GAS_BLOCK,PRIVATELY_OWNED,115720,247,21452,279328,0.2855979466978589,0.6466629693252952,0.03117322230054432,1120.8176472457965,0.7670179768677647,MEDIUM,MEDIUM,MEDIUM,5,COST_BASED,COST_BASED,false,false
1,baseline,1,2032,NATURAL_GAS_BLOCK,PRIVATELY_OWNED,94471,236,21485,279564,0.2864052858474791,0.6455159179115015,0.025671861392486055,1120.7325920125293,0.7652194619328392,MEDIUM,MEDIUM,MEDIUM,5,COST_BASED,COST_BASED,false,false
1,baseline,1,2033,NATURAL_GAS_BLOCK,PRIVATELY_OWNED,71416,270,23325,279834,0.2850942170899768,0.6501145685301553,0.02018540526619677,1076.445163260773,0.7717880190102154,MEDIUM,MEDIUM,MEDIUM,5,COST_BASED,COST_BASED,false,false
1,baseline,1,2034,NATURAL_GAS_BLOCK,PRIVATELY_OWNED,45190,342,26568,280176,0.2861478213934332,0.6533009143250905,0.013512538751014927,1008.800449059781,0.7756852786356434,MEDIUM,MEDIUM,MEDIUM,5,COST_BASED,COST_BASED,false,false
1,baseline,1,2035,NATURAL_GAS_BLOCK,PRIVATELY_OWNED,17871,374,27693,280550,0.28524231690266705,0.6516545569929101,0.00796826941217535,988.3533485448942,0.7737919703563226,MEDIUM,MEDIUM,MEDIUM,5,COST_BASED,COST_BASED,false,false
1,baseline,1,2036,NATURAL_GAS_BLOCK,PRIVATELY_OWNED,3385,166,14652,280716,0.2861893310395869,0.645980658755457,0.0024860795132670695,1081.0882115135835,0.76591110132742,MEDIUM,MEDIUM,MEDIUM,5,COST_BASED,COST_BASED,false,false
1,baseline,1,2037,NATURAL_GAS_BLOCK,PRIVATELY_OWNED,3305,369,449,281085,0.33972658850366816,0.6593415396199479,8.124583970877294E-4,864.0014235796558,0.7658798566587143,MEDIUM,MEDIUM,MEDIUM,5,COST_BASED,COST_BASED,false,false
1,baseline,1,2038,NATURAL_GAS_BLOCK,PRIVATELY_OWNED,3260,226,271,281311,0.32809532745813097,0.6559105672270402,7.946437416951578E-4,885.6854188573432,0.7651823138166757,MEDIUM,MEDIUM,MEDIUM,5,COST_BASED,COST_BASED,false,false
1,baseline,1,2039,NATURAL_GAS_BLOCK,PRIVATELY_OWNED,3209,199,250,281510,0.4073433519201549,0.6698415462262357,4.1605524353720513E-4,1008.6163553760726,0.7573409443282615,MEDIUM,MEDIUM,MEDIUM,5,COST_BASED,COST_BASED,false,false
1,baseline,1,2040,NATURAL_GAS_BLOCK,PRIVATELY_OWNED,3163,221,267,281731,0.26890814473471686,0.6320345417652679,7.515527986217393E-4,1121.271983033841,0.753076674108836,MEDIUM,MEDIUM,MEDIUM,5,COST_BASED,COST_BASED,false,false
1,baseline,1,2041,NATURAL_GAS_BLOCK,PRIVATELY_OWNED,3130,214,247,281945,0.2734820026341046,0.6360021923686894,9.047785160893602E-4,1129.8431148228653,0.7568422556135527,MEDIUM,MEDIUM,MEDIUM,5,COST_BASED,COST_BASED,false,false
1,baseline,1,2042,NATURAL_GAS_BLOCK,PRIVATELY_OWNED,3077,213,266,282158,0.27237981006437706,0.629880800526466,7.545806961518224E-4,1137.7948201875972,0.749047797347165,MEDIUM,MEDIUM,MEDIUM,5,COST_BASED,COST_BASED,false,false
1,baseline,1,2043,NATURAL_GAS_BLOCK,PRIVATELY_OWNED,3043,213,247,282371,0.2723003984565685,0.6335106430001073,7.516800218798581E-4,1131.9779394867867,0.7539140578479586,MEDIUM,MEDIUM,MEDIUM,5,COST_BASED,COST_BASED,false,false
1,baseline,1,2044,NATURAL_GAS_BLOCK,PRIVATELY_OWNED,3010,203,236,282574,0.2749269652905312,0.6318587236059885,7.920275822079177E-4,1135.682625274429,0.7508359763778016,MEDIUM,MEDIUM,MEDIUM,5,COST_BASED,COST_BASED,false,false
1,baseline,1,2045,NATURAL_GAS_BLOCK,PRIVATELY_OWNED,2982,242,270,282816,0.27450488147684826,0.6361051661062459,7.195061923236674E-4,1130.9641743948898,0.7566385943160471,MEDIUM,MEDIUM,MEDIUM,5,COST_BASED,COST_BASED,false,false
1,baseline,1,2046,NATURAL_GAS_BLOCK,PRIVATELY_OWNED,2942,302,342,283118,0.2774011013411348,0.6336352824965249,7.085834134393211E-4,1119.3693426921109,0.752380009548329,MEDIUM,MEDIUM,MEDIUM,5,COST_BASED,COST_BASED,false,false
1,baseline,1,2047,NATURAL_GAS_BLOCK,PRIVATELY_OWNED,2908,340,374,283458,0.27900723492372426,0.6325015632622986,8.131182061525959E-4,1123.0149486593375,0.750333006041815,MEDIUM,MEDIUM,MEDIUM,5,COST_BASED,COST_BASED,false,false
1,baseline,1,2048,NATURAL_GAS_BLOCK,PRIVATELY_OWNED,2889,147,166,283605,0.26912070570697794,0.6309985508607758,7.064738367639431E-4,1081.9073774208175,0.7516244992453721,MEDIUM,MEDIUM,MEDIUM,5,COST_BASED,COST_BASED,false,false
1,baseline,1,2049,NATURAL_GAS_BLOCK,PRIVATELY_OWNED,2844,324,369,283929,0.2704868387951446,0.638403867230275,6.95076240823366E-4,1023.5418335961126,0.761042876708647,MEDIUM,MEDIUM,MEDIUM,5,COST_BASED,COST_BASED,false,false
1,baseline,1,2050,NATURAL_GAS_BLOCK,PRIVATELY_OWNED,2810,192,226,284121,0.2683764845522397,0.637105219305477,7.1609184308485E-4,989.1026484769544,0.7600147975565585,MEDIUM,MEDIUM,MEDIUM,5,COST_BASED,COST_BASED,false,false
1,baseline,1,2024,NATURAL_GAS_BLOCK,SOCIAL_HOUSING,97892,97892,0,97892,0.0,0.0,0.0,0.0,0.0,MEDIUM,MEDIUM,MEDIUM,5,COST_BASED,COST_BASED,false,false
1,baseline,1,2025,NATURAL_GAS_BLOCK,SOCIAL_HOUSING,125,0,97767,97892,0.0,0.0,0.0,0.0,0.0,MEDIUM,MEDIUM,MEDIUM,5,COST_BASED,COST_BASED,false,false
1,baseline,1,2026,NATURAL_GAS_BLOCK,SOCIAL_HOUSING,39,0,86,97892,0.0,0.0,0.0,0.0,0.0,MEDIUM,MEDIUM,MEDIUM,5,COST_BASED,COST_BASED,false,false
1,baseline,1,2027,NATURAL_GAS_BLOCK,SOCIAL_HOUSING,20,0,19,97892,0.0,0.0,0.0,0.0,0.0,MEDIUM,MEDIUM,MEDIUM,5,COST_BASED,COST_BASED,false,false
1,baseline,1,2028,NATURAL_GAS_BLOCK,SOCIAL_HOUSING,8,0,12,97892,0.0,0.0,0.0,0.0,0.0,MEDIUM,MEDIUM,MEDIUM,5,COST_BASED,COST_BASED,false,false
1,baseline,1,2029,NATURAL_GAS_BLOCK,SOCIAL_HOUSING,4,0,4,97892,0.0,0.0,0.0,0.0,0.0,MEDIUM,MEDIUM,MEDIUM,5,COST_BASED,COST_BASED,false,false
1,baseline,1,2030,NATURAL_GAS_BLOCK,SOCIAL_HOUSING,3,0,1,97892,0.0,0.0,0.0,0.0,0.0,MEDIUM,MEDIUM,MEDIUM,5,COST_BASED,COST_BASED,false,false
1,baseline,1,2031,NATURAL_GAS_BLOCK,SOCIAL_HOUSING,3,0,0,97892,0.0,0.0,0.0,0.0,0.0,MEDIUM,MEDIUM,MEDIUM,5,COST_BASED,COST_BASED,false,false
1,baseline,1,2032,NATURAL_GAS_BLOCK,SOCIAL_HOUSING,3,0,0,97892,0.0,0.0,0.0,0.0,0.0,MEDIUM,MEDIUM,MEDIUM,5,COST_BASED,COST_BASED,false,false
1,baseline,1,2033,NATURAL_GAS_BLOCK,SOCIAL_HOUSING,1,0,2,97892,0.0,0.0,0.0,0.0,0.0,MEDIUM,MEDIUM,MEDIUM,5,COST_BASED,COST_BASED,false,false
1,baseline,1,2034,NATURAL_GAS_BLOCK,SOCIAL_HOUSING,1,0,0,97892,0.0,0.0,0.0,0.0,0.0,MEDIUM,MEDIUM,MEDIUM,5,COST_BASED,COST_BASED,false,false
1,baseline,1,2035,NATURAL_GAS_BLOCK,SOCIAL_HOUSING,1,0,0,97892,0.0,0.0,0.0,0.0,0.0,MEDIUM,MEDIUM,MEDIUM,5,COST_BASED,COST_BASED,false,false
1,baseline,1,2036,NATURAL_GAS_BLOCK,SOCIAL_HOUSING,0,0,1,97892,0.0,0.0,0.0,0.0,0.0,MEDIUM,MEDIUM,MEDIUM,5,COST_BASED,COST_BASED,false,false
1,baseline,1,2037,NATURAL_GAS_BLOCK,SOCIAL_HOUSING,0,0,0,97892,0.0,0.0,0.0,0.0,0.0,MEDIUM,MEDIUM,MEDIUM,5,COST_BASED,COST_BASED,false,false
1,baseline,1,2038,NATURAL_GAS_BLOCK,SOCIAL_HOUSING,0,0,0,97892,0.0,0.0,0.0,0.0,0.0,MEDIUM,MEDIUM,MEDIUM,5,COST_BASED,COST_BASED,false,false
1,baseline,1,2039,NATURAL_GAS_BLOCK,SOCIAL_HOUSING,0,0,0,97892,0.0,0.0,0.0,0.0,0.0,MEDIUM,MEDIUM,MEDIUM,5,COST_BASED,COST_BASED,false,false
1,baseline,1,2040,NATURAL_GAS_BLOCK,SOCIAL_HOUSING,0,0,0,97892,0.0,0.0,0.0,0.0,0.0,MEDIUM,MEDIUM,MEDIUM,5,COST_BASED,COST_BASED,false,false
1,baseline,1,2041,NATURAL_GAS_BLOCK,SOCIAL_HOUSING,0,0,0,97892,0.0,0.0,0.0,0.0,0.0,MEDIUM,MEDIUM,MEDIUM,5,COST_BASED,COST_BASED,false,false
1,baseline,1,2042,NATURAL_GAS_BLOCK,SOCIAL_HOUSING,0,0,0,97892,0.0,0.0,0.0,0.0,0.0,MEDIUM,MEDIUM,MEDIUM,5,COST_BASED,COST_BASED,false,false
1,baseline,1,2043,NATURAL_GAS_BLOCK,SOCIAL_HOUSING,0,0,0,97892,0.0,0.0,0.0,0.0,0.0,MEDIUM,MEDIUM,MEDIUM,5,COST_BASED,COST_BASED,false,false
1,baseline,1,2044,NATURAL_GAS_BLOCK,SOCIAL_HOUSING,0,0,0,97892,0.0,0.0,0.0,0.0,0.0,MEDIUM,MEDIUM,MEDIUM,5,COST_BASED,COST_BASED,false,false
1,baseline,1,2045,NATURAL_GAS_BLOCK,SOCIAL_HOUSING,0,0,0,97892,0.0,0.0,0.0,0.0,0.0,MEDIUM,MEDIUM,MEDIUM,5,COST_BASED,COST_BASED,false,false
1,baseline,1,2046,NATURAL_GAS_BLOCK,SOCIAL_HOUSING,0,0,0,97892,0.0,0.0,0.0,0.0,0.0,MEDIUM,MEDIUM,MEDIUM,5,COST_BASED,COST_BASED,false,false
1,baseline,1,2047,NATURAL_GAS_BLOCK,SOCIAL_HOUSING,0,0,0,97892,0.0,0.0,0.0,0.0,0.0,MEDIUM,MEDIUM,MEDIUM,5,COST_BASED,COST_BASED,false,false
1,baseline,1,2048,NATURAL_GAS_BLOCK,SOCIAL_HOUSING,0,0,0,97892,0.0,0.0,0.0,0.0,0.0,MEDIUM,MEDIUM,MEDIUM,5,COST_BASED,COST_BASED,false,false
1,baseline,1,2049,NATURAL_GAS_BLOCK,SOCIAL_HOUSING,0,0,0,97892,0.0,0.0,0.0,0.0,0.0,MEDIUM,MEDIUM,MEDIUM,5,COST_BASED,COST_BASED,false,false
1,baseline,1,2050,NATURAL_GAS_BLOCK,SOCIAL_HOUSING,0,0,0,97892,0.0,0.0,0.0,0.0,0.0,MEDIUM,MEDIUM,MEDIUM,5,COST_BASED,COST_BASED,false,false
1,baseline,1,2024,NATURAL_GAS_BLOCK,PRIVATELY_RENTED,89262,89262,0,89262,0.0,0.0,0.0,0.0,0.0,MEDIUM,MEDIUM,MEDIUM,5,COST_BASED,COST_BASED,false,false
1,baseline,1,2025,NATURAL_GAS_BLOCK,PRIVATELY_RENTED,77050,0,12212,89262,0.0,0.0,0.0,0.0,0.0,MEDIUM,MEDIUM,MEDIUM,5,COST_BASED,COST_BASED,false,false
1,baseline,1,2026,NATURAL_GAS_BLOCK,PRIVATELY_RENTED,69696,0,7354,89262,0.0,0.0,0.0,0.0,0.0,MEDIUM,MEDIUM,MEDIUM,5,COST_BASED,COST_BASED,false,false
1,baseline,1,2027,NATURAL_GAS_BLOCK,PRIVATELY_RENTED,62691,0,7005,89262,0.0,0.0,0.0,0.0,0.0,MEDIUM,MEDIUM,MEDIUM,5,COST_BASED,COST_BASED,false,false
1,baseline,1,2028,NATURAL_GAS_BLOCK,PRIVATELY_RENTED,55703,0,6988,89262,0.0,0.0,0.0,0.0,0.0,MEDIUM,MEDIUM,MEDIUM,5,COST_BASED,COST_BASED,false,false
1,baseline,1,2029,NATURAL_GAS_BLOCK,PRIVATELY_RENTED,48774,0,6929,89262,0.0,0.0,0.0,0.0,0.0,MEDIUM,MEDIUM,MEDIUM,5,COST_BASED,COST_BASED,false,false
1,baseline,1,2030,NATURAL_GAS_BLOCK,PRIVATELY_RENTED,42094,0,6680,89262,0.0,0.0,0.0,0.0,0.0,MEDIUM,MEDIUM,MEDIUM,5,COST_BASED,COST_BASED,false,false
1,baseline,1,2031,NATURAL_GAS_BLOCK,PRIVATELY_RENTED,35203,0,6891,89262,0.0,0.0,0.0,0.0,0.0,MEDIUM,MEDIUM,MEDIUM,5,COST_BASED,COST_BASED,false,false
1,baseline,1,2032,NATURAL_GAS_BLOCK,PRIVATELY_RENTED,28077,0,7126,89262,0.0,0.0,0.0,0.0,0.0,MEDIUM,MEDIUM,MEDIUM,5,COST_BASED,COST_BASED,false,false
1,baseline,1,2033,NATURAL_GAS_BLOCK,PRIVATELY_RENTED,19916,0,8161,89262,0.0,0.0,0.0,0.0,0.0,MEDIUM,MEDIUM,MEDIUM,5,COST_BASED,COST_BASED,false,false
1,baseline,1,2034,NATURAL_GAS_BLOCK,PRIVATELY_RENTED,12334,0,7582,89262,0.0,0.0,0.0,0.0,0.0,MEDIUM,MEDIUM,MEDIUM,5,COST_BASED,COST_BASED,false,false
1,baseline,1,2035,NATURAL_GAS_BLOCK,PRIVATELY_RENTED,4815,0,7519,89262,0.0,0.0,0.0,0.0,0.0,MEDIUM,MEDIUM,MEDIUM,5,COST_BASED,COST_BASED,false,false
1,baseline,1,2036,NATURAL_GAS_BLOCK,PRIVATELY_RENTED,0,0,4815,89262,0.0,0.0,0.0,0.0,0.0,MEDIUM,MEDIUM,MEDIUM,5,COST_BASED,COST_BASED,false,false
1,baseline,1,2037,NATURAL_GAS_BLOCK,PRIVATELY_RENTED,0,0,0,89262,0.0,0.0,0.0,0.0,0.0,MEDIUM,MEDIUM,MEDIUM,5,COST_BASED,COST_BASED,false,false
1,baseline,1,2038,NATURAL_GAS_BLOCK,PRIVATELY_RENTED,0,0,0,89262,0.0,0.0,0.0,0.0,0.0,MEDIUM,MEDIUM,MEDIUM,5,COST_BASED,COST_BASED,false,false
1,baseline,1,2039,NATURAL_GAS_BLOCK,PRIVATELY_RENTED,0,0,0,89262,0.0,0.0,0.0,0.0,0.0,MEDIUM,MEDIUM,MEDIUM,5,COST_BASED,COST_BASED,false,false
1,baseline,1,2040,NATURAL_GAS_BLOCK,PRIVATELY_RENTED,0,0,0,89262,0.0,0.0,0.0,0.0,0.0,MEDIUM,MEDIUM,MEDIUM,5,COST_BASED,COST_BASED,false,false
1,baseline,1,2041,NATURAL_GAS_BLOCK,PRIVATELY_RENTED,0,0,0,89262,0.0,0.0,0.0,0.0,0.0,MEDIUM,MEDIUM,MEDIUM,5,COST_BASED,COST_BASED,false,false
1,baseline,1,2042,NATURAL_GAS_BLOCK,PRIVATELY_RENTED,0,0,0,89262,0.0,0.0,0.0,0.0,0.0,MEDIUM,MEDIUM,MEDIUM,5,COST_BASED,COST_BASED,false,false
1,baseline,1,2043,NATURAL_GAS_BLOCK,PRIVATELY_RENTED,0,0,0,89262,0.0,0.0,0.0,0.0,0.0,MEDIUM,MEDIUM,MEDIUM,5,COST_BASED,COST_BASED,false,false
1,baseline,1,2044,NATURAL_GAS_BLOCK,PRIVATELY_RENTED,0,0,0,89262,0.0,0.0,0.0,0.0,0.0,MEDIUM,MEDIUM,MEDIUM,5,COST_BASED,COST_BASED,false,false
1,baseline,1,2045,NATURAL_GAS_BLOCK,PRIVATELY_RENTED,0,0,0,89262,0.0,0.0,0.0,0.0,0.0,MEDIUM,MEDIUM,MEDIUM,5,COST_BASED,COST_BASED,false,false
1,baseline,1,2046,NATURAL_GAS_BLOCK,PRIVATELY_RENTED,0,0,0,89262,0.0,0.0,0.0,0.0,0.0,MEDIUM,MEDIUM,MEDIUM,5,COST_BASED,COST_BASED,false,false
1,baseline,1,2047,NATURAL_GAS_BLOCK,PRIVATELY_RENTED,0,0,0,89262,0.0,0.0,0.0,0.0,0.0,MEDIUM,MEDIUM,MEDIUM,5,COST_BASED,COST_BASED,false,false
1,baseline,1,2048,NATURAL_GAS_BLOCK,PRIVATELY_RENTED,0,0,0,89262,0.0,0.0,0.0,0.0,0.0,MEDIUM,MEDIUM,MEDIUM,5,COST_BASED,COST_BASED,false,false
1,baseline,1,2049,NATURAL_GAS_BLOCK,PRIVATELY_RENTED,0,0,0,89262,0.0,0.0,0.0,0.0,0.0,MEDIUM,MEDIUM,MEDIUM,5,COST_BASED,COST_BASED,false,false
1,baseline,1,2050,NATURAL_GAS_BLOCK,PRIVATELY_RENTED,0,0,0,89262,0.0,0.0,0.0,0.0,0.0,MEDIUM,MEDIUM,MEDIUM,5,COST_BASED,COST_BASED,false,false
1,baseline,1,2024,DISTRICT_HEATING,TOTAL,572834,572834,0,572834,0.0,0.0,0.0,0.0,0.0,MEDIUM,MEDIUM,MEDIUM,5,COST_BASED,COST_BASED,false,false
1,baseline,1,2025,DISTRICT_HEATING,TOTAL,450869,55955,177920,628789,0.6560090937445389,0.6360437994282586,0.1271795777605799,1445.2250016270752,0.6293887013228362,MEDIUM,MEDIUM,MEDIUM,5,COST_BASED,COST_BASED,false,false
1,baseline,1,2026,DISTRICT_HEATING,TOTAL,479579,41227,12517,670016,0.5674307104575834,0.5522001018937982,0.1223000370930416,1246.1774518819898,0.5471232323725501,MEDIUM,MEDIUM,MEDIUM,5,COST_BASED,COST_BASED,false,false
1,baseline,1,2027,DISTRICT_HEATING,TOTAL,508812,44484,15251,714500,0.5351149341250828,0.5191891039065886,0.12366991735707664,1165.5589889435023,0.5138804938337638,MEDIUM,MEDIUM,MEDIUM,5,COST_BASED,COST_BASED,false,false
1,baseline,1,2028,DISTRICT_HEATING,TOTAL,542137,47571,14246,762071,0.5081932149673403,0.4944347166420796,0.12121515480339679,1102.0256123670908,0.48984855053365584,MEDIUM,MEDIUM,MEDIUM,5,COST_BASED,COST_BASED,false,false
1,baseline,1,2029,DISTRICT_HEATING,TOTAL,576749,48449,13837,810520,0.4685194533642551,0.45404920305688823,0.1152586757165871,1025.0794519125932,0.4492257862877713,MEDIUM,MEDIUM,MEDIUM,5,COST_BASED,COST_BASED,false,false
1,baseline,1,2030,DISTRICT_HEATING,TOTAL,613925,53647,16471,864167,0.473335929152978,0.46075595252691903,0.12078068364886098,1025.0382126529214,0.45656262698489086,MEDIUM,MEDIUM,MEDIUM,5,COST_BASED,COST_BASED,false,false
1,baseline,1,2031,DISTRICT_HEATING,TOTAL,650910,54520,17535,918687,0.44168443764333837,0.42987928901678535,0.11624290230554868,949.6616264019173,0.42594423947460386,MEDIUM,MEDIUM,MEDIUM,5,COST_BASED,COST_BASED,false,false
1,baseline,1,2032,DISTRICT_HEATING,TOTAL,690580,54778,15108,973465,0.4177344412304722,0.4055890375080022,0.11103091181533611,887.1841973275033,0.4015405696005039,MEDIUM,MEDIUM,MEDIUM,5,COST_BASED,COST_BASED,false,false
1,baseline,1,2033,DISTRICT_HEATING,TOTAL,732685,56817,14712,1030282,0.408192978313214,0.39815256777419333,0.11368525943719653,867.9391361978408,0.3948057642611819,MEDIUM,MEDIUM,MEDIUM,5,COST_BASED,COST_BASED,false,false
1,baseline,1,2034,DISTRICT_HEATING,TOTAL,781025,62740,14400,1093022,0.42159141842401876,0.4127367233614864,0.12317316838147661,854.8246620869294,0.4097851583406424,MEDIUM,MEDIUM,MEDIUM,5,COST_BASED,COST_BASED,false,false
1,baseline,1,2035,DISTRICT_HEATING,TOTAL,826387,59563,14201,1152585,0.38664190557248723,0.3764530271494783,0.11477488694895878,795.235290549956,0.37305673434180986,MEDIUM,MEDIUM,MEDIUM,5,COST_BASED,COST_BASED,false,false
1,baseline,1,2036,DISTRICT_HEATING,TOTAL,858995,46837,14229,1199422,0.31514977589479753,0.3058640249614701,0.09791581526082892,667.8343710544469,0.30276877465036595,MEDIUM,MEDIUM,MEDIUM,5,COST_BASED,COST_BASED,false,false
1,baseline,1,2037,DISTRICT_HEATING,TOTAL,856473,12101,14623,1211523,0.44799549927989996,0.4387334893479759,0.15466752025087457,892.9953409906458,0.4356461527040013,MEDIUM,MEDIUM,MEDIUM,5,COST_BASED,COST_BASED,false,false
1,baseline,1,2038,DISTRICT_HEATING,TOTAL,854022,12266,14717,1223789,0.45636816204606556,0.4471865539740176,0.15371027561408135,942.7283655538866,0.44412601795000073,MEDIUM,MEDIUM,MEDIUM,5,COST_BASED,COST_BASED,false,false
1,baseline,1,2039,DISTRICT_HEATING,TOTAL,850464,10319,13877,1234108,0.49946732932925336,0.49004776761134183,0.1659703381058765,1076.2433854017004,0.48690791370537173,MEDIUM,MEDIUM,MEDIUM,5,COST_BASED,COST_BASED,false,false
1,baseline,1,2040,DISTRICT_HEATING,TOTAL,845181,8053,13336,1242161,0.5695568651277635,0.5942840880941422,0.1945425376323856,1434.7039865577974,0.6025264957495908,MEDIUM,MEDIUM,MEDIUM,5,COST_BASED,COST_BASED,false,false
1,baseline,1,2041,DISTRICT_HEATING,TOTAL,839797,7759,13143,1249920,0.5617882151740013,0.5864038265362346,0.19375151187920706,1384.2873394839166,0.5946090303236452,MEDIUM,MEDIUM,MEDIUM,5,COST_BASED,COST_BASED,false,false
1,baseline,1,2042,DISTRICT_HEATING,TOTAL,835095,7025,11727,1256945,0.5755087689785278,0.5951153790389031,0.1973334188316658,1413.4466816772606,0.6016509157256953,MEDIUM,MEDIUM,MEDIUM,5,COST_BASED,COST_BASED,false,false
1,baseline,1,2043,DISTRICT_HEATING,TOTAL,830710,7307,11692,1264252,0.5826282662740495,0.6061836385621546,0.196847146235846,1418.30735019185,0.6140354293248551,MEDIUM,MEDIUM,MEDIUM,5,COST_BASED,COST_BASED,false,false
1,baseline,1,2044,DISTRICT_HEATING,TOTAL,826661,6104,10153,1270356,0.5738416077768024,0.5896757207175233,0.19192173519064598,1430.324576582774,0.5949537583644297,MEDIUM,MEDIUM,MEDIUM,5,COST_BASED,COST_BASED,false,false
1,baseline,1,2045,DISTRICT_HEATING,TOTAL,822902,6999,10758,1277355,0.591437140529112,0.617886367218986,0.19865414718323324,1436.8378052516134,0.626702776115605,MEDIUM,MEDIUM,MEDIUM,5,COST_BASED,COST_BASED,false,false
1,baseline,1,2046,DISTRICT_HEATING,TOTAL,818258,7351,11995,1284706,0.5817114000261224,0.5983815916624152,0.18903697760854135,1407.9707844683676,0.6039383222078442,MEDIUM,MEDIUM,MEDIUM,5,COST_BASED,COST_BASED,false,false
1,baseline,1,2047,DISTRICT_HEATING,TOTAL,812878,8493,13873,1293199,0.5956264132219332,0.6096769071672495,0.19174126073705552,1405.7557735035282,0.6143604051490269,MEDIUM,MEDIUM,MEDIUM,5,COST_BASED,COST_BASED,false,false
1,baseline,1,2048,DISTRICT_HEATING,TOTAL,807779,7916,13015,1301115,0.5817504096802664,0.5946776338771028,0.18640028747398252,1372.3585899767284,0.5989867086093837,MEDIUM,MEDIUM,MEDIUM,5,COST_BASED,COST_BASED,false,false
1,baseline,1,2049,DISTRICT_HEATING,TOTAL,802731,9210,14258,1310325,0.6038565317783927,0.6274870828737321,0.1937397354639015,1360.274099680347,0.6353639332388447,MEDIUM,MEDIUM,MEDIUM,5,COST_BASED,COST_BASED,false,false
1,baseline,1,2050,DISTRICT_HEATING,TOTAL,797226,9050,14555,1319375,0.5949226184643268,0.6121212100663554,0.18571118101646752,1353.7940656963128,0.6178540739337006,MEDIUM,MEDIUM,MEDIUM,5,COST_BASED,COST_BASED,false,false
1,baseline,1,2024,DISTRICT_HEATING,PRIVATELY_OWNED,317448,317448,0,317448,0.0,0.0,0.0,0.0,0.0,MEDIUM,MEDIUM,MEDIUM,5,COST_BASED,COST_BASED,false,false
1,baseline,1,2025,DISTRICT_HEATING,PRIVATELY_OWNED,353947,48005,11506,365453,0.7646492832095755,0.7413775814396044,0.14824150137679926,1684.565461223685,0.7336203475162858,MEDIUM,MEDIUM,MEDIUM,5,COST_BASED,COST_BASED,false,false
1,baseline,1,2026,DISTRICT_HEATING,PRIVATELY_OWNED,374566,30577,9958,396030,0.765067400334722,0.7445319554166733,0.16489726360450097,1680.2223177139285,0.7376868071106755,MEDIUM,MEDIUM,MEDIUM,5,COST_BASED,COST_BASED,false,false
1,baseline,1,2027,DISTRICT_HEATING,PRIVATELY_OWNED,393063,31110,12613,427140,0.7651575933661261,0.7423853454895754,0.17683486350730301,1666.6257172665623,0.7347945961974011,MEDIUM,MEDIUM,MEDIUM,5,COST_BASED,COST_BASED,false,false
1,baseline,1,2028,DISTRICT_HEATING,PRIVATELY_OWNED,412945,31589,11707,458729,0.76530625943244,0.7445868468574621,0.1825422181503811,1659.5796133437234,0.7376803759991307,MEDIUM,MEDIUM,MEDIUM,5,COST_BASED,COST_BASED,false,false
1,baseline,1,2029,DISTRICT_HEATING,PRIVATELY_OWNED,431108,29650,11487,488379,0.7655750082983068,0.7419301800641881,0.1883361746979065,1675.010939821694,0.734048570652824,MEDIUM,MEDIUM,MEDIUM,5,COST_BASED,COST_BASED,false,false
1,baseline,1,2030,DISTRICT_HEATING,PRIVATELY_OWNED,450649,33131,13590,521510,0.7664438921635269,0.7460739061667812,0.1955727667655804,1659.781624285149,0.7392839108345187,MEDIUM,MEDIUM,MEDIUM,5,COST_BASED,COST_BASED,false,false
1,baseline,1,2031,DISTRICT_HEATING,PRIVATELY_OWNED,467399,31456,14706,552966,0.7655339375735888,0.7450730810400286,0.2014739011221552,1645.967442504849,0.7382527955288467,MEDIUM,MEDIUM,MEDIUM,5,COST_BASED,COST_BASED,false,false
1,baseline,1,2032,DISTRICT_HEATING,PRIVATELY_OWNED,485162,29868,12105,582834,0.7661261959864338,0.7438514897754568,0.20363101939937328,1627.0984318068158,0.7364265877051159,MEDIUM,MEDIUM,MEDIUM,5,COST_BASED,COST_BASED,false,false
1,baseline,1,2033,DISTRICT_HEATING,PRIVATELY_OWNED,503623,30281,11820,613115,0.7659027260929916,0.7470636519014017,0.21331050445636524,1628.535976399482,0.7407839605041965,MEDIUM,MEDIUM,MEDIUM,5,COST_BASED,COST_BASED,false,false
1,baseline,1,2034,DISTRICT_HEATING,PRIVATELY_OWNED,526791,34537,11369,647652,0.7658640180653484,0.7497785570171022,0.22375668367993293,1552.8766047813635,0.7444167366676869,MEDIUM,MEDIUM,MEDIUM,5,COST_BASED,COST_BASED,false,false
1,baseline,1,2035,DISTRICT_HEATING,PRIVATELY_OWNED,546206,30074,10659,677726,0.7657628457010726,0.7455832831051531,0.22731717069032492,1575.001649631809,0.738856762239849,MEDIUM,MEDIUM,MEDIUM,5,COST_BASED,COST_BASED,false,false
1,baseline,1,2036,DISTRICT_HEATING,PRIVATELY_OWNED,554837,19285,10654,697011,0.7653964248682723,0.7428443524563326,0.23780570595651773,1621.952732023704,0.7353269949856982,MEDIUM,MEDIUM,MEDIUM,5,COST_BASED,COST_BASED,false,false
1,baseline,1,2037,DISTRICT_HEATING,PRIVATELY_OWNED,551029,7096,10904,704107,0.7639787960521519,0.7481840409526292,0.2637586897626597,1522.849016534358,0.7429191225861218,MEDIUM,MEDIUM,MEDIUM,5,COST_BASED,COST_BASED,false,false
1,baseline,1,2038,DISTRICT_HEATING,PRIVATELY_OWNED,547696,7313,10646,711420,0.7654603959602133,0.7500602038896895,0.25781625060608804,1581.2260538607923,0.7449268065328468,MEDIUM,MEDIUM,MEDIUM,5,COST_BASED,COST_BASED,false,false
1,baseline,1,2039,DISTRICT_HEATING,PRIVATELY_OWNED,544669,6749,9776,718169,0.763669191191075,0.7492669897735126,0.2537632121669195,1645.5408940524737,0.744466255967659,MEDIUM,MEDIUM,MEDIUM,5,COST_BASED,COST_BASED,false,false
1,baseline,1,2040,DISTRICT_HEATING,PRIVATELY_OWNED,541733,6634,9570,724803,0.6913839968154777,0.7214003258097871,0.23615481693602672,1741.584444339756,0.7314057688078769,MEDIUM,MEDIUM,MEDIUM,5,COST_BASED,COST_BASED,false,false
1,baseline,1,2041,DISTRICT_HEATING,PRIVATELY_OWNED,539083,6224,8874,731027,0.7003397753109056,0.7310262355550521,0.24153566527486625,1725.6885390513673,0.7412550556364337,MEDIUM,MEDIUM,MEDIUM,5,COST_BASED,COST_BASED,false,false
1,baseline,1,2042,DISTRICT_HEATING,PRIVATELY_OWNED,536448,5773,8408,736800,0.7003203017623693,0.7241790295770474,0.24012944176207385,1719.9831870401447,0.7321319388486073,MEDIUM,MEDIUM,MEDIUM,5,COST_BASED,COST_BASED,false,false
1,baseline,1,2043,DISTRICT_HEATING,PRIVATELY_OWNED,534182,6081,8347,742881,0.7000928698675349,0.7283972779104857,0.23653380982491806,1704.254531796061,0.7378320805914679,MEDIUM,MEDIUM,MEDIUM,5,COST_BASED,COST_BASED,false,false
1,baseline,1,2044,DISTRICT_HEATING,PRIVATELY_OWNED,531663,4976,7495,747857,0.7039246732053058,0.7233481911695663,0.2354281092451172,1754.5621413708304,0.7298226971576525,MEDIUM,MEDIUM,MEDIUM,5,COST_BASED,COST_BASED,false,false
1,baseline,1,2045,DISTRICT_HEATING,PRIVATELY_OWNED,529559,5916,8020,753773,0.699707327005283,0.7309984253153623,0.23502034755501175,1699.8694724401694,0.7414287914187153,MEDIUM,MEDIUM,MEDIUM,5,COST_BASED,COST_BASED,false,false
1,baseline,1,2046,DISTRICT_HEATING,PRIVATELY_OWNED,526673,6052,8938,759825,0.706569811895576,0.7268180899389316,0.22961183450105543,1710.1773358603716,0.733567515953381,MEDIUM,MEDIUM,MEDIUM,5,COST_BASED,COST_BASED,false,false
1,baseline,1,2047,DISTRICT_HEATING,PRIVATELY_OWNED,523516,7101,10258,766926,0.7123863015763805,0.7291910959824602,0.2293280562512058,1681.3242901514527,0.7347926941178263,MEDIUM,MEDIUM,MEDIUM,5,COST_BASED,COST_BASED,false,false
1,baseline,1,2048,DISTRICT_HEATING,PRIVATELY_OWNED,520338,6474,9652,773400,0.7113278101682095,0.7271344068228524,0.2279185473654689,1678.033765563142,0.7324032723744024,MEDIUM,MEDIUM,MEDIUM,5,COST_BASED,COST_BASED,false,false
1,baseline,1,2049,DISTRICT_HEATING,PRIVATELY_OWNED,517281,7850,10907,781250,0.7084737143540123,0.7361982207983532,0.22730483613025895,1595.939421408407,0.7454397229464662,MEDIUM,MEDIUM,MEDIUM,5,COST_BASED,COST_BASED,false,false
1,baseline,1,2050,DISTRICT_HEATING,PRIVATELY_OWNED,514089,7562,10754,788812,0.7119875293708222,0.732570345292319,0.2222541904521332,1620.1846461983114,0.7394312839328208,MEDIUM,MEDIUM,MEDIUM,5,COST_BASED,COST_BASED,false,false
1,baseline,1,2024,DISTRICT_HEATING,SOCIAL_HOUSING,163911,163911,0,163911,0.0,0.0,0.0,0.0,0.0,MEDIUM,MEDIUM,MEDIUM,5,COST_BASED,COST_BASED,false,false
1,baseline,1,2025,DISTRICT_HEATING,SOCIAL_HOUSING,160,0,163751,163911,0.0,0.0,0.0,0.0,0.0,MEDIUM,MEDIUM,MEDIUM,5,COST_BASED,COST_BASED,false,false
1,baseline,1,2026,DISTRICT_HEATING,SOCIAL_HOUSING,47,0,113,163911,0.0,0.0,0.0,0.0,0.0,MEDIUM,MEDIUM,MEDIUM,5,COST_BASED,COST_BASED,false,false
1,baseline,1,2027,DISTRICT_HEATING,SOCIAL_HOUSING,23,0,24,163911,0.0,0.0,0.0,0.0,0.0,MEDIUM,MEDIUM,MEDIUM,5,COST_BASED,COST_BASED,false,false
1,baseline,1,2028,DISTRICT_HEATING,SOCIAL_HOUSING,4,0,19,163911,0.0,0.0,0.0,0.0,0.0,MEDIUM,MEDIUM,MEDIUM,5,COST_BASED,COST_BASED,false,false
1,baseline,1,2029,DISTRICT_HEATING,SOCIAL_HOUSING,1,0,3,163911,0.0,0.0,0.0,0.0,0.0,MEDIUM,MEDIUM,MEDIUM,5,COST_BASED,COST_BASED,false,false
1,baseline,1,2030,DISTRICT_HEATING,SOCIAL_HOUSING,1,0,0,163911,0.0,0.0,0.0,0.0,0.0,MEDIUM,MEDIUM,MEDIUM,5,COST_BASED,COST_BASED,false,false
1,baseline,1,2031,DISTRICT_HEATING,SOCIAL_HOUSING,1,0,0,163911,0.0,0.0,0.0,0.0,0.0,MEDIUM,MEDIUM,MEDIUM,5,COST_BASED,COST_BASED,false,false
1,baseline,1,2032,DISTRICT_HEATING,SOCIAL_HOUSING,1,0,0,163911,0.0,0.0,0.0,0.0,0.0,MEDIUM,MEDIUM,MEDIUM,5,COST_BASED,COST_BASED,false,false
1,baseline,1,2033,DISTRICT_HEATING,SOCIAL_HOUSING,1,0,0,163911,0.0,0.0,0.0,0.0,0.0,MEDIUM,MEDIUM,MEDIUM,5,COST_BASED,COST_BASED,false,false
1,baseline,1,2034,DISTRICT_HEATING,SOCIAL_HOUSING,1,0,0,163911,0.0,0.0,0.0,0.0,0.0,MEDIUM,MEDIUM,MEDIUM,5,COST_BASED,COST_BASED,false,false
1,baseline,1,2035,DISTRICT_HEATING,SOCIAL_HOUSING,0,0,1,163911,0.0,0.0,0.0,0.0,0.0,MEDIUM,MEDIUM,MEDIUM,5,COST_BASED,COST_BASED,false,false
1,baseline,1,2036,DISTRICT_HEATING,SOCIAL_HOUSING,0,0,0,163911,0.0,0.0,0.0,0.0,0.0,MEDIUM,MEDIUM,MEDIUM,5,COST_BASED,COST_BASED,false,false
1,baseline,1,2037,DISTRICT_HEATING,SOCIAL_HOUSING,0,0,0,163911,0.0,0.0,0.0,0.0,0.0,MEDIUM,MEDIUM,MEDIUM,5,COST_BASED,COST_BASED,false,false
1,baseline,1,2038,DISTRICT_HEATING,SOCIAL_HOUSING,0,0,0,163911,0.0,0.0,0.0,0.0,0.0,MEDIUM,MEDIUM,MEDIUM,5,COST_BASED,COST_BASED,false,false
1,baseline,1,2039,DISTRICT_HEATING,SOCIAL_HOUSING,0,0,0,163911,0.0,0.0,0.0,0.0,0.0,MEDIUM,MEDIUM,MEDIUM,5,COST_BASED,COST_BASED,false,false
1,baseline,1,2040,DISTRICT_HEATING,SOCIAL_HOUSING,0,0,0,163911,0.0,0.0,0.0,0.0,0.0,MEDIUM,MEDIUM,MEDIUM,5,COST_BASED,COST_BASED,false,false
1,baseline,1,2041,DISTRICT_HEATING,SOCIAL_HOUSING,0,0,0,163911,0.0,0.0,0.0,0.0,0.0,MEDIUM,MEDIUM,MEDIUM,5,COST_BASED,COST_BASED,false,false
1,baseline,1,2042,DISTRICT_HEATING,SOCIAL_HOUSING,0,0,0,163911,0.0,0.0,0.0,0.0,0.0,MEDIUM,MEDIUM,MEDIUM,5,COST_BASED,COST_BASED,false,false
1,baseline,1,2043,DISTRICT_HEATING,SOCIAL_HOUSING,0,0,0,163911,0.0,0.0,0.0,0.0,0.0,MEDIUM,MEDIUM,MEDIUM,5,COST_BASED,COST_BASED,false,false
1,baseline,1,2044,DISTRICT_HEATING,SOCIAL_HOUSING,0,0,0,163911,0.0,0.0,0.0,0.0,0.0,MEDIUM,MEDIUM,MEDIUM,5,COST_BASED,COST_BASED,false,false
1,baseline,1,2045,DISTRICT_HEATING,SOCIAL_HOUSING,0,0,0,163911,0.0,0.0,0.0,0.0,0.0,MEDIUM,MEDIUM,MEDIUM,5,COST_BASED,COST_BASED,false,false
1,baseline,1,2046,DISTRICT_HEATING,SOCIAL_HOUSING,0,0,0,163911,0.0,0.0,0.0,0.0,0.0,MEDIUM,MEDIUM,MEDIUM,5,COST_BASED,COST_BASED,false,false
1,baseline,1,2047,DISTRICT_HEATING,SOCIAL_HOUSING,0,0,0,163911,0.0,0.0,0.0,0.0,0.0,MEDIUM,MEDIUM,MEDIUM,5,COST_BASED,COST_BASED,false,false
1,baseline,1,2048,DISTRICT_HEATING,SOCIAL_HOUSING,0,0,0,163911,0.0,0.0,0.0,0.0,0.0,MEDIUM,MEDIUM,MEDIUM,5,COST_BASED,COST_BASED,false,false
1,baseline,1,2049,DISTRICT_HEATING,SOCIAL_HOUSING,0,0,0,163911,0.0,0.0,0.0,0.0,0.0,MEDIUM,MEDIUM,MEDIUM,5,COST_BASED,COST_BASED,false,false
1,baseline,1,2050,DISTRICT_HEATING,SOCIAL_HOUSING,0,0,0,163911,0.0,0.0,0.0,0.0,0.0,MEDIUM,MEDIUM,MEDIUM,5,COST_BASED,COST_BASED,false,false
1,baseline,1,2024,DISTRICT_HEATING,PRIVATELY_RENTED,91475,91475,0,91475,0.0,0.0,0.0,0.0,0.0,MEDIUM,MEDIUM,MEDIUM,5,COST_BASED,COST_BASED,false,false
1,baseline,1,2025,DISTRICT_HEATING,PRIVATELY_RENTED,96762,7950,2663,99425,0.0,0.0,0.0,0.0,0.0,MEDIUM,MEDIUM,MEDIUM,5,COST_BASED,COST_BASED,false,false
1,baseline,1,2026,DISTRICT_HEATING,PRIVATELY_RENTED,104966,10650,2446,110075,0.0,0.0,0.0,0.0,0.0,MEDIUM,MEDIUM,MEDIUM,5,COST_BASED,COST_BASED,false,false
1,baseline,1,2027,DISTRICT_HEATING,PRIVATELY_RENTED,115726,13374,2614,123449,0.0,0.0,0.0,0.0,0.0,MEDIUM,MEDIUM,MEDIUM,5,COST_BASED,COST_BASED,false,false
1,baseline,1,2028,DISTRICT_HEATING,PRIVATELY_RENTED,129188,15982,2520,139431,0.0,0.0,0.0,0.0,0.0,MEDIUM,MEDIUM,MEDIUM,5,COST_BASED,COST_BASED,false,false
1,baseline,1,2029,DISTRICT_HEATING,PRIVATELY_RENTED,145640,18799,2347,158230,0.0,0.0,0.0,0.0,0.0,MEDIUM,MEDIUM,MEDIUM,5,COST_BASED,COST_BASED,false,false
1,baseline,1,2030,DISTRICT_HEATING,PRIVATELY_RENTED,163275,20516,2881,178746,0.0,0.0,0.0,0.0,0.0,MEDIUM,MEDIUM,MEDIUM,5,COST_BASED,COST_BASED,false,false
1,baseline,1,2031,DISTRICT_HEATING,PRIVATELY_RENTED,183510,23064,2829,201810,0.0,0.0,0.0,0.0,0.0,MEDIUM,MEDIUM,MEDIUM,5,COST_BASED,COST_BASED,false,false
1,baseline,1,2032,DISTRICT_HEATING,PRIVATELY_RENTED,205417,24910,3003,226720,0.0,0.0,0.0,0.0,0.0,MEDIUM,MEDIUM,MEDIUM,5,COST_BASED,COST_BASED,false,false
1,baseline,1,2033,DISTRICT_HEATING,PRIVATELY_RENTED,229061,26536,2892,253256,0.0,0.0,0.0,0.0,0.0,MEDIUM,MEDIUM,MEDIUM,5,COST_BASED,COST_BASED,false,false
1,baseline,1,2034,DISTRICT_HEATING,PRIVATELY_RENTED,254233,28203,3031,281459,0.0,0.0,0.0,0.0,0.0,MEDIUM,MEDIUM,MEDIUM,5,COST_BASED,COST_BASED,false,false
1,baseline,1,2035,DISTRICT_HEATING,PRIVATELY_RENTED,280181,29489,3541,310948,0.0,0.0,0.0,0.0,0.0,MEDIUM,MEDIUM,MEDIUM,5,COST_BASED,COST_BASED,false,false
1,baseline,1,2036,DISTRICT_HEATING,PRIVATELY_RENTED,304158,27552,3575,338500,0.0,0.0,0.0,0.0,0.0,MEDIUM,MEDIUM,MEDIUM,5,COST_BASED,COST_BASED,false,false
1,baseline,1,2037,DISTRICT_HEATING,PRIVATELY_RENTED,305444,5005,3719,343505,0.0,0.0,0.0,0.0,0.0,MEDIUM,MEDIUM,MEDIUM,5,COST_BASED,COST_BASED,false,false
1,baseline,1,2038,DISTRICT_HEATING,PRIVATELY_RENTED,306326,4953,4071,348458,0.0,0.0,0.0,0.0,0.0,MEDIUM,MEDIUM,MEDIUM,5,COST_BASED,COST_BASED,false,false
1,baseline,1,2039,DISTRICT_HEATING,PRIVATELY_RENTED,305795,3570,4101,352028,0.0,0.0,0.0,0.0,0.0,MEDIUM,MEDIUM,MEDIUM,5,COST_BASED,COST_BASED,false,false
1,baseline,1,2040,DISTRICT_HEATING,PRIVATELY_RENTED,303448,1419,3766,353447,0.0,0.0,0.0,0.0,0.0,MEDIUM,MEDIUM,MEDIUM,5,COST_BASED,COST_BASED,false,false
1,baseline,1,2041,DISTRICT_HEATING,PRIVATELY_RENTED,300714,1535,4269,354982,0.0,0.0,0.0,0.0,0.0,MEDIUM,MEDIUM,MEDIUM,5,COST_BASED,COST_BASED,false,false
1,baseline,1,2042,DISTRICT_HEATING,PRIVATELY_RENTED,298647,1252,3319,356234,0.0,0.0,0.0,0.0,0.0,MEDIUM,MEDIUM,MEDIUM,5,COST_BASED,COST_BASED,false,false
1,baseline,1,2043,DISTRICT_HEATING,PRIVATELY_RENTED,296528,1226,3345,357460,0.0,0.0,0.0,0.0,0.0,MEDIUM,MEDIUM,MEDIUM,5,COST_BASED,COST_BASED,false,false
1,baseline,1,2044,DISTRICT_HEATING,PRIVATELY_RENTED,294998,1128,2658,358588,0.0,0.0,0.0,0.0,0.0,MEDIUM,MEDIUM,MEDIUM,5,COST_BASED,COST_BASED,false,false
1,baseline,1,2045,DISTRICT_HEATING,PRIVATELY_RENTED,293343,1083,2738,359671,0.0,0.0,0.0,0.0,0.0,MEDIUM,MEDIUM,MEDIUM,5,COST_BASED,COST_BASED,false,false
1,baseline,1,2046,DISTRICT_HEATING,PRIVATELY_RENTED,291585,1299,3057,360970,0.0,0.0,0.0,0.0,0.0,MEDIUM,MEDIUM,MEDIUM,5,COST_BASED,COST_BASED,false,false
1,baseline,1,2047,DISTRICT_HEATING,PRIVATELY_RENTED,289362,1392,3615,362362,0.0,0.0,0.0,0.0,0.0,MEDIUM,MEDIUM,MEDIUM,5,COST_BASED,COST_BASED,false,false
1,baseline,1,2048,DISTRICT_HEATING,PRIVATELY_RENTED,287441,1442,3363,363804,0.0,0.0,0.0,0.0,0.0,MEDIUM,MEDIUM,MEDIUM,5,COST_BASED,COST_BASED,false,false
1,baseline,1,2049,DISTRICT_HEATING,PRIVATELY_RENTED,285450,1360,3351,365164,0.0,0.0,0.0,0.0,0.0,MEDIUM,MEDIUM,MEDIUM,5,COST_BASED,COST_BASED,false,false
1,baseline,1,2050,DISTRICT_HEATING,PRIVATELY_RENTED,283137,1488,3801,366652,0.0,0.0,0.0,0.0,0.0,MEDIUM,MEDIUM,MEDIUM,5,COST_BASED,COST_BASED,false,false
1,baseline,1,2024,ELECTRIC_HEAT_PUMP,TOTAL,399584,399584,0,399584,0.0,0.0,0.0,0.0,0.0,MEDIUM,MEDIUM,MEDIUM,5,COST_BASED,COST_BASED,false,false
1,baseline,1,2025,ELECTRIC_HEAT_PUMP,TOTAL,770479,410888,39993,810472,0.46527523991075104,0.4469933706249158,0.051228618112463396,1694.248357048467,0.44089941419632334,MEDIUM,MEDIUM,MEDIUM,5,COST_BASED,COST_BASED,false,false
1,baseline,1,2026,ELECTRIC_HEAT_PUMP,TOTAL,986282,238873,23070,1049345,0.4726524589960388,0.4552168266608448,0.07428998771879959,1659.6972272978755,0.4494049492158047,MEDIUM,MEDIUM,MEDIUM,5,COST_BASED,COST_BASED,false,false
1,baseline,1,2027,ELECTRIC_HEAT_PUMP,TOTAL,1207520,244379,23141,1293724,0.48997902516602454,0.47249195810295724,0.0945323844949656,1679.8532348989888,0.466662935748595,MEDIUM,MEDIUM,MEDIUM,5,COST_BASED,COST_BASED,false,false
1,baseline,1,2028,ELECTRIC_HEAT_PUMP,TOTAL,1427332,242486,22674,1536210,0.49327395412494796,0.475835018085152,0.11341702386348056,1655.8964639217777,0.4700220394052323,MEDIUM,MEDIUM,MEDIUM,5,COST_BASED,COST_BASED,false,false
1,baseline,1,2029,ELECTRIC_HEAT_PUMP,TOTAL,1649520,244450,22262,1780660,0.504571874948616,0.489069580840148,0.13493399815896998,1672.6845228114555,0.4839021494706467,MEDIUM,MEDIUM,MEDIUM,5,COST_BASED,COST_BASED,false,false
1,baseline,1,2030,ELECTRIC_HEAT_PUMP,TOTAL,1871863,244993,22650,2025653,0.5083249185264573,0.49162467645482344,0.15551025084208583,1659.0678447264947,0.48605792909762063,MEDIUM,MEDIUM,MEDIUM,5,COST_BASED,COST_BASED,false,false
1,baseline,1,2031,ELECTRIC_HEAT_PUMP,TOTAL,2095360,247796,24299,2273449,0.5164531834420111,0.5037135613749927,0.17822777576595358,1650.0682567041144,0.49946702068596155,MEDIUM,MEDIUM,MEDIUM,5,COST_BASED,COST_BASED,false,false
1,baseline,1,2032,ELECTRIC_HEAT_PUMP,TOTAL,2312856,242411,24915,2515860,0.5154890481058341,0.5016257096017616,0.1982641310518814,1634.1615410042596,0.4970045967670486,MEDIUM,MEDIUM,MEDIUM,5,COST_BASED,COST_BASED,false,false
1,baseline,1,2033,ELECTRIC_HEAT_PUMP,TOTAL,2521728,234956,26084,2750816,0.514995094331734,0.5022841501872807,0.21713452854441032,1604.7710106385337,0.49804716880578953,MEDIUM,MEDIUM,MEDIUM,5,COST_BASED,COST_BASED,false,false
1,baseline,1,2034,ELECTRIC_HEAT_PUMP,TOTAL,2740626,246963,28065,2997779,0.5365277527534825,0.5249141269639807,0.24685919813264826,1616.216901355803,0.5210429183674625,MEDIUM,MEDIUM,MEDIUM,5,COST_BASED,COST_BASED,false,false
1,baseline,1,2035,ELECTRIC_HEAT_PUMP,TOTAL,2969589,258260,29297,3256039,0.5476699688806566,0.5397205962228698,0.2752699343424995,1628.5116365755152,0.5370708053369547,MEDIUM,MEDIUM,MEDIUM,5,COST_BASED,COST_BASED,false,false
1,baseline,1,2036,ELECTRIC_HEAT_PUMP,TOTAL,3114407,176607,31789,3432646,0.5633801085250244,0.558408164638536,0.30254337180331364,1613.9840625547808,0.5567508500096926,MEDIUM,MEDIUM,MEDIUM,5,COST_BASED,COST_BASED,false,false
1,baseline,1,2037,ELECTRIC_HEAT_PUMP,TOTAL,3107064,28651,35994,3461297,0.5515077589753722,0.6196954444859504,0.33163445761560856,1410.0961384448315,0.6424246729894764,MEDIUM,MEDIUM,MEDIUM,5,COST_BASED,COST_BASED,false,false
1,baseline,1,2038,ELECTRIC_HEAT_PUMP,TOTAL,3100608,25129,31585,3486426,0.5532059467788503,0.6009063242933008,0.31956251115548157,1396.4999743440478,0.6168064501314479,MEDIUM,MEDIUM,MEDIUM,5,COST_BASED,COST_BASED,false,false
1,baseline,1,2039,ELECTRIC_HEAT_PUMP,TOTAL,3099343,12501,13766,3498927,0.45826293995494355,0.49697535036717166,0.27436467541103476,1296.405326592008,0.5098794871712385,MEDIUM,MEDIUM,MEDIUM,5,COST_BASED,COST_BASED,false,false
1,baseline,1,2040,ELECTRIC_HEAT_PUMP,TOTAL,3108311,419856,410888,3918783,0.4715452582141187,0.4860926079589625,0.257038489721063,1194.3800137464816,0.4909417245405501,MEDIUM,MEDIUM,MEDIUM,5,COST_BASED,COST_BASED,false,false
1,baseline,1,2041,ELECTRIC_HEAT_PUMP,TOTAL,3114019,244581,238873,4163364,0.47364806577872115,0.48847310292846047,0.2593603043417103,1200.8853936141106,0.4934147819783717,MEDIUM,MEDIUM,MEDIUM,5,COST_BASED,COST_BASED,false,false
1,baseline,1,2042,ELECTRIC_HEAT_PUMP,TOTAL,3118455,248815,244379,4412179,0.4909861506735643,0.5041970948173932,0.2692773740890805,1233.5570671889482,0.5086007428653542,MEDIUM,MEDIUM,MEDIUM,5,COST_BASED,COST_BASED,false,false
1,baseline,1,2043,ELECTRIC_HEAT_PUMP,TOTAL,3125286,249317,242486,4661496,0.49713502944249416,0.512301990066006,0.2724695860887304,1230.7388669952702,0.5173576436072287,MEDIUM,MEDIUM,MEDIUM,5,COST_BASED,COST_BASED,false,false
1,baseline,1,2044,ELECTRIC_HEAT_PUMP,TOTAL,3129607,248771,244450,4910267,0.5074619649931026,0.5238416338496753,0.27868121009053376,1252.351884684034,0.5293015234685382,MEDIUM,MEDIUM,MEDIUM,5,COST_BASED,COST_BASED,false,false
1,baseline,1,2045,ELECTRIC_HEAT_PUMP,TOTAL,3133764,249150,244993,5159417,0.5115394194508306,0.5275103429000619,0.2810595626101225,1249.7562232225457,0.532833984049833,MEDIUM,MEDIUM,MEDIUM,5,COST_BASED,COST_BASED,false,false
1,baseline,1,2046,ELECTRIC_HEAT_PUMP,TOTAL,3137662,251694,247796,5411111,0.5176081289781252,0.5353398809137211,0.2850235310435636,1250.5750956781408,0.5412504648922443,MEDIUM,MEDIUM,MEDIUM,5,COST_BASED,COST_BASED,false,false
1,baseline,1,2047,ELECTRIC_HEAT_PUMP,TOTAL,3142581,247330,242411,5658441,0.5160868837587356,0.5317824901137802,0.28462286200791476,1242.6821224119396,0.5370143588988221,MEDIUM,MEDIUM,MEDIUM,5,COST_BASED,COST_BASED,false,false
1,baseline,1,2048,ELECTRIC_HEAT_PUMP,TOTAL,3148566,240941,234956,5899382,0.519323656279663,0.534991180456706,0.2858207862552937,1228.8493213334234,0.5402136885156799,MEDIUM,MEDIUM,MEDIUM,5,COST_BASED,COST_BASED,false,false
1,baseline,1,2049,ELECTRIC_HEAT_PUMP,TOTAL,3154246,252643,246963,6152025,0.5380557879548498,0.5591552402186372,0.2977547213799327,1239.4804498230253,0.5661883909732245,MEDIUM,MEDIUM,MEDIUM,5,COST_BASED,COST_BASED,false,false
1,baseline,1,2050,ELECTRIC_HEAT_PUMP,TOTAL,3159610,263624,258260,6415649,0.5496294463873358,0.5707144663031567,0.303766178210524,1246.9815401028786,0.5777428062751173,MEDIUM,MEDIUM,MEDIUM,5,COST_BASED,COST_BASED,false,false
1,baseline,1,2024,ELECTRIC_HEAT_PUMP,PRIVATELY_OWNED,328611,328611,0,328611,0.0,0.0,0.0,0.0,0.0,MEDIUM,MEDIUM,MEDIUM,5,COST_BASED,COST_BASED,false,false
1,baseline,1,2025,ELECTRIC_HEAT_PUMP,PRIVATELY_OWNED,567119,267626,29118,596237,0.7143402090097699,0.6862719319846741,0.07865164236282671,2601.1909116861984,0.6769158396430052,MEDIUM,MEDIUM,MEDIUM,5,COST_BASED,COST_BASED,false,false
1,baseline,1,2026,ELECTRIC_HEAT_PUMP,PRIVATELY_OWNED,706624,158093,18588,754330,0.7141613533664412,0.6878167220240996,0.11224957611249589,2507.744528703519,0.6790351782433562,MEDIUM,MEDIUM,MEDIUM,5,COST_BASED,COST_BASED,false,false
1,baseline,1,2027,ELECTRIC_HEAT_PUMP,PRIVATELY_OWNED,855601,167675,18698,922005,0.7141230606294791,0.6886364230162074,0.13777682773517338,2448.3128295296256,0.6801408771451075,MEDIUM,MEDIUM,MEDIUM,5,COST_BASED,COST_BASED,false,false
1,baseline,1,2028,ELECTRIC_HEAT_PUMP,PRIVATELY_OWNED,1004706,167403,18298,1089408,0.7145154390300181,0.6892548532308033,0.16428642526454093,2398.5932746159638,0.6808346579644161,MEDIUM,MEDIUM,MEDIUM,5,COST_BASED,COST_BASED,false,false
1,baseline,1,2029,ELECTRIC_HEAT_PUMP,PRIVATELY_OWNED,1159252,172656,18110,1262064,0.7143834841024301,0.6924350097093306,0.191042395572469,2368.2219650707784,0.6851188515782805,MEDIUM,MEDIUM,MEDIUM,5,COST_BASED,COST_BASED,false,false
1,baseline,1,2030,ELECTRIC_HEAT_PUMP,PRIVATELY_OWNED,1315077,174465,18640,1436529,0.7138167928498689,0.6903654277860691,0.2183757365921826,2329.7510015365724,0.6825483060981479,MEDIUM,MEDIUM,MEDIUM,5,COST_BASED,COST_BASED,false,false
1,baseline,1,2031,ELECTRIC_HEAT_PUMP,PRIVATELY_OWNED,1474294,179181,19964,1615710,0.7142221164308524,0.6966040241681746,0.24647775112149295,2281.940126119693,0.6907313267472474,MEDIUM,MEDIUM,MEDIUM,5,COST_BASED,COST_BASED,false,false
1,baseline,1,2032,ELECTRIC_HEAT_PUMP,PRIVATELY_OWNED,1628543,174928,20679,1790638,0.7143522800259726,0.6951408001593378,0.27474964712577526,2264.5816182451267,0.6887369735370954,MEDIUM,MEDIUM,MEDIUM,5,COST_BASED,COST_BASED,false,false
1,baseline,1,2033,ELECTRIC_HEAT_PUMP,PRIVATELY_OWNED,1776616,169437,21364,1960075,0.7141367433547978,0.6965106487449773,0.3010975187750047,2225.3142913034776,0.6906352838750278,MEDIUM,MEDIUM,MEDIUM,5,COST_BASED,COST_BASED,false,false
1,baseline,1,2034,ELECTRIC_HEAT_PUMP,PRIVATELY_OWNED,1939080,185572,23108,2145647,0.7140220690797011,0.6985664191656368,0.328525252454213,2150.8943946798718,0.6934145358609255,MEDIUM,MEDIUM,MEDIUM,5,COST_BASED,COST_BASED,false,false
1,baseline,1,2035,ELECTRIC_HEAT_PUMP,PRIVATELY_OWNED,2113149,198088,24019,2343735,0.7140323803719477,0.7036682746078428,0.35888702618681556,2123.1948187774756,0.7002135726864924,MEDIUM,MEDIUM,MEDIUM,5,COST_BASED,COST_BASED,false,false
1,baseline,1,2036,ELECTRIC_HEAT_PUMP,PRIVATELY_OWNED,2225853,139240,26536,2482975,0.7145710343743105,0.7082647998586465,0.383735113933265,2047.119242571188,0.7061627216867407,MEDIUM,MEDIUM,MEDIUM,5,COST_BASED,COST_BASED,false,false
1,baseline,1,2037,ELECTRIC_HEAT_PUMP,PRIVATELY_OWNED,2218475,24607,31985,2507582,0.642144463055366,0.7215383500616476,0.3861364183014915,1641.836244263131,0.7480029790637415,MEDIUM,MEDIUM,MEDIUM,5,COST_BASED,COST_BASED,false,false
1,baseline,1,2038,ELECTRIC_HEAT_PUMP,PRIVATELY_OWNED,2211556,20907,27826,2528489,0.6649214251975764,0.7222545091675686,0.38409558247601744,1678.511879049676,0.7413655371575621,MEDIUM,MEDIUM,MEDIUM,5,COST_BASED,COST_BASED,false,false
1,baseline,1,2039,ELECTRIC_HEAT_PUMP,PRIVATELY_OWNED,2208893,9015,11678,2537504,0.6354681100806155,0.6891501780299515,0.3804584367513417,1797.7108139463883,0.7070442006797174,MEDIUM,MEDIUM,MEDIUM,5,COST_BASED,COST_BASED,false,false
1,baseline,1,2040,ELECTRIC_HEAT_PUMP,PRIVATELY_OWNED,2215516,274249,267626,2811753,0.7219027450701626,0.7441737180708704,0.39350791485229347,1828.5121005055362,0.7515973757377317,MEDIUM,MEDIUM,MEDIUM,5,COST_BASED,COST_BASED,false,false
1,baseline,1,2041,ELECTRIC_HEAT_PUMP,PRIVATELY_OWNED,2218492,161069,158093,2972822,0.7192278934880417,0.7417395028673786,0.39383495642364363,1823.527497256038,0.7492433726604879,MEDIUM,MEDIUM,MEDIUM,5,COST_BASED,COST_BASED,false,false
1,baseline,1,2042,ELECTRIC_HEAT_PUMP,PRIVATELY_OWNED,2220865,170048,167675,3142870,0.7184131485218462,0.7377434615343296,0.39400786739023436,1804.9462603066083,0.7441868992051839,MEDIUM,MEDIUM,MEDIUM,5,COST_BASED,COST_BASED,false,false
1,baseline,1,2043,ELECTRIC_HEAT_PUMP,PRIVATELY_OWNED,2225581,172119,167403,3314989,0.720107682100839,0.7420772561848861,0.3946763564445761,1782.7440439617926,0.7494004475463105,MEDIUM,MEDIUM,MEDIUM,5,COST_BASED,COST_BASED,false,false
1,baseline,1,2044,ELECTRIC_HEAT_PUMP,PRIVATELY_OWNED,2228373,175448,172656,3490437,0.719539809478017,0.7427648482423145,0.3951472990027369,1775.733155719825,0.750506527830421,MEDIUM,MEDIUM,MEDIUM,5,COST_BASED,COST_BASED,false,false
1,baseline,1,2045,ELECTRIC_HEAT_PUMP,PRIVATELY_OWNED,2230875,176967,174465,3667404,0.720191031978699,0.742676329109667,0.3957008370165738,1759.518797379722,0.7501714281533614,MEDIUM,MEDIUM,MEDIUM,5,COST_BASED,COST_BASED,false,false
1,baseline,1,2046,ELECTRIC_HEAT_PUMP,PRIVATELY_OWNED,2233016,181322,179181,3848726,0.7184945037834364,0.7431080397673647,0.3956426281558702,1735.9297169213553,0.7513125517619954,MEDIUM,MEDIUM,MEDIUM,5,COST_BASED,COST_BASED,false,false
1,baseline,1,2047,ELECTRIC_HEAT_PUMP,PRIVATELY_OWNED,2235713,177625,174928,4026351,0.7186137590994965,0.740468758788691,0.3963168048440116,1730.345217937481,0.7477537586851268,MEDIUM,MEDIUM,MEDIUM,5,COST_BASED,COST_BASED,false,false
1,baseline,1,2048,ELECTRIC_HEAT_PUMP,PRIVATELY_OWNED,2239778,173502,169437,4199853,0.7211810876397868,0.7429384676281495,0.39691730389930213,1706.4943593237906,0.7501909276242142,MEDIUM,MEDIUM,MEDIUM,5,COST_BASED,COST_BASED,false,false
1,baseline,1,2049,ELECTRIC_HEAT_PUMP,PRIVATELY_OWNED,2243474,189268,185572,4389121,0.7182198175934501,0.7463842665139229,0.39745570341309855,1654.5113769080804,0.7557724161540691,MEDIUM,MEDIUM,MEDIUM,5,COST_BASED,COST_BASED,false,false
1,baseline,1,2050,ELECTRIC_HEAT_PUMP,PRIVATELY_OWNED,2246527,201141,198088,4590262,0.7203678671897575,0.7480027963702248,0.39812894916785324,1634.3473559745714,0.7572144394304072,MEDIUM,MEDIUM,MEDIUM,5,COST_BASED,COST_BASED,false,false
1,baseline,1,2024,ELECTRIC_HEAT_PUMP,SOCIAL_HOUSING,4621,4621,0,4621,0.0,0.0,0.0,0.0,0.0,MEDIUM,MEDIUM,MEDIUM,5,COST_BASED,COST_BASED,false,false
1,baseline,1,2025,ELECTRIC_HEAT_PUMP,SOCIAL_HOUSING,185,0,4436,4621,0.0,0.0,0.0,0.0,0.0,MEDIUM,MEDIUM,MEDIUM,5,COST_BASED,COST_BASED,false,false
1,baseline,1,2026,ELECTRIC_HEAT_PUMP,SOCIAL_HOUSING,64,0,121,4621,0.0,0.0,0.0,0.0,0.0,MEDIUM,MEDIUM,MEDIUM,5,COST_BASED,COST_BASED,false,false
1,baseline,1,2027,ELECTRIC_HEAT_PUMP,SOCIAL_HOUSING,23,0,41,4621,0.0,0.0,0.0,0.0,0.0,MEDIUM,MEDIUM,MEDIUM,5,COST_BASED,COST_BASED,false,false
1,baseline,1,2028,ELECTRIC_HEAT_PUMP,SOCIAL_HOUSING,12,0,11,4621,0.0,0.0,0.0,0.0,0.0,MEDIUM,MEDIUM,MEDIUM,5,COST_BASED,COST_BASED,false,false
1,baseline,1,2029,ELECTRIC_HEAT_PUMP,SOCIAL_HOUSING,4,0,8,4621,0.0,0.0,0.0,0.0,0.0,MEDIUM,MEDIUM,MEDIUM,5,COST_BASED,COST_BASED,false,false
1,baseline,1,2030,ELECTRIC_HEAT_PUMP,SOCIAL_HOUSING,4,0,0,4621,0.0,0.0,0.0,0.0,0.0,MEDIUM,MEDIUM,MEDIUM,5,COST_BASED,COST_BASED,false,false
1,baseline,1,2031,ELECTRIC_HEAT_PUMP,SOCIAL_HOUSING,3,0,1,4621,0.0,0.0,0.0,0.0,0.0,MEDIUM,MEDIUM,MEDIUM,5,COST_BASED,COST_BASED,false,false
1,baseline,1,2032,ELECTRIC_HEAT_PUMP,SOCIAL_HOUSING,2,0,1,4621,0.0,0.0,0.0,0.0,0.0,MEDIUM,MEDIUM,MEDIUM,5,COST_BASED,COST_BASED,false,false
1,baseline,1,2033,ELECTRIC_HEAT_PUMP,SOCIAL_HOUSING,2,0,0,4621,0.0,0.0,0.0,0.0,0.0,MEDIUM,MEDIUM,MEDIUM,5,COST_BASED,COST_BASED,false,false
1,baseline,1,2034,ELECTRIC_HEAT_PUMP,SOCIAL_HOUSING,2,0,0,4621,0.0,0.0,0.0,0.0,0.0,MEDIUM,MEDIUM,MEDIUM,5,COST_BASED,COST_BASED,false,false
1,baseline,1,2035,ELECTRIC_HEAT_PUMP,SOCIAL_HOUSING,2,0,0,4621,0.0,0.0,0.0,0.0,0.0,MEDIUM,MEDIUM,MEDIUM,5,COST_BASED,COST_BASED,false,false
1,baseline,1,2036,ELECTRIC_HEAT_PUMP,SOCIAL_HOUSING,1,0,1,4621,0.0,0.0,0.0,0.0,0.0,MEDIUM,MEDIUM,MEDIUM,5,COST_BASED,COST_BASED,false,false
1,baseline,1,2037,ELECTRIC_HEAT_PUMP,SOCIAL_HOUSING,1,0,0,4621,0.0,0.0,0.0,0.0,0.0,MEDIUM,MEDIUM,MEDIUM,5,COST_BASED,COST_BASED,false,false
1,baseline,1,2038,ELECTRIC_HEAT_PUMP,SOCIAL_HOUSING,1,0,0,4621,0.0,0.0,0.0,0.0,0.0,MEDIUM,MEDIUM,MEDIUM,5,COST_BASED,COST_BASED,false,false
1,baseline,1,2039,ELECTRIC_HEAT_PUMP,SOCIAL_HOUSING,0,0,1,4621,0.0,0.0,0.0,0.0,0.0,MEDIUM,MEDIUM,MEDIUM,5,COST_BASED,COST_BASED,false,false
1,baseline,1,2040,ELECTRIC_HEAT_PUMP,SOCIAL_HOUSING,0,0,0,4621,0.0,0.0,0.0,0.0,0.0,MEDIUM,MEDIUM,MEDIUM,5,COST_BASED,COST_BASED,false,false
1,baseline,1,2041,ELECTRIC_HEAT_PUMP,SOCIAL_HOUSING,0,0,0,4621,0.0,0.0,0.0,0.0,0.0,MEDIUM,MEDIUM,MEDIUM,5,COST_BASED,COST_BASED,false,false
1,baseline,1,2042,ELECTRIC_HEAT_PUMP,SOCIAL_HOUSING,0,0,0,4621,0.0,0.0,0.0,0.0,0.0,MEDIUM,MEDIUM,MEDIUM,5,COST_BASED,COST_BASED,false,false
1,baseline,1,2043,ELECTRIC_HEAT_PUMP,SOCIAL_HOUSING,0,0,0,4621,0.0,0.0,0.0,0.0,0.0,MEDIUM,MEDIUM,MEDIUM,5,COST_BASED,COST_BASED,false,false
1,baseline,1,2044,ELECTRIC_HEAT_PUMP,SOCIAL_HOUSING,0,0,0,4621,0.0,0.0,0.0,0.0,0.0,MEDIUM,MEDIUM,MEDIUM,5,COST_BASED,COST_BASED,false,false
1,baseline,1,2045,ELECTRIC_HEAT_PUMP,SOCIAL_HOUSING,0,0,0,4621,0.0,0.0,0.0,0.0,0.0,MEDIUM,MEDIUM,MEDIUM,5,COST_BASED,COST_BASED,false,false
1,baseline,1,2046,ELECTRIC_HEAT_PUMP,SOCIAL_HOUSING,0,0,0,4621,0.0,0.0,0.0,0.0,0.0,MEDIUM,MEDIUM,MEDIUM,5,COST_BASED,COST_BASED,false,false
1,baseline,1,2047,ELECTRIC_HEAT_PUMP,SOCIAL_HOUSING,0,0,0,4621,0.0,0.0,0.0,0.0,0.0,MEDIUM,MEDIUM,MEDIUM,5,COST_BASED,COST_BASED,false,false
1,baseline,1,2048,ELECTRIC_HEAT_PUMP,SOCIAL_HOUSING,0,0,0,4621,0.0,0.0,0.0,0.0,0.0,MEDIUM,MEDIUM,MEDIUM,5,COST_BASED,COST_BASED,false,false
1,baseline,1,2049,ELECTRIC_HEAT_PUMP,SOCIAL_HOUSING,0,0,0,4621,0.0,0.0,0.0,0.0,0.0,MEDIUM,MEDIUM,MEDIUM,5,COST_BASED,COST_BASED,false,false
1,baseline,1,2050,ELECTRIC_HEAT_PUMP,SOCIAL_HOUSING,0,0,0,4621,0.0,0.0,0.0,0.0,0.0,MEDIUM,MEDIUM,MEDIUM,5,COST_BASED,COST_BASED,false,false
1,baseline,1,2024,ELECTRIC_HEAT_PUMP,PRIVATELY_RENTED,66352,66352,0,66352,0.0,0.0,0.0,0.0,0.0,MEDIUM,MEDIUM,MEDIUM,5,COST_BASED,COST_BASED,false,false
1,baseline,1,2025,ELECTRIC_HEAT_PUMP,PRIVATELY_RENTED,203175,143262,6439,209614,0.0,0.0,0.0,0.0,0.0,MEDIUM,MEDIUM,MEDIUM,5,COST_BASED,COST_BASED,false,false
1,baseline,1,2026,ELECTRIC_HEAT_PUMP,PRIVATELY_RENTED,279594,80780,4361,290394,0.0,0.0,0.0,0.0,0.0,MEDIUM,MEDIUM,MEDIUM,5,COST_BASED,COST_BASED,false,false
1,baseline,1,2027,ELECTRIC_HEAT_PUMP,PRIVATELY_RENTED,351896,76704,4402,367098,0.0,0.0,0.0,0.0,0.0,MEDIUM,MEDIUM,MEDIUM,5,COST_BASED,COST_BASED,false,false
1,baseline,1,2028,ELECTRIC_HEAT_PUMP,PRIVATELY_RENTED,422614,75083,4365,442181,0.0,0.0,0.0,0.0,0.0,MEDIUM,MEDIUM,MEDIUM,5,COST_BASED,COST_BASED,false,false
1,baseline,1,2029,ELECTRIC_HEAT_PUMP,PRIVATELY_RENTED,490264,71794,4144,513975,0.0,0.0,0.0,0.0,0.0,MEDIUM,MEDIUM,MEDIUM,5,COST_BASED,COST_BASED,false,false
1,baseline,1,2030,ELECTRIC_HEAT_PUMP,PRIVATELY_RENTED,556782,70528,4010,584503,0.0,0.0,0.0,0.0,0.0,MEDIUM,MEDIUM,MEDIUM,5,COST_BASED,COST_BASED,false,false
1,baseline,1,2031,ELECTRIC_HEAT_PUMP,PRIVATELY_RENTED,621063,68615,4334,653118,0.0,0.0,0.0,0.0,0.0,MEDIUM,MEDIUM,MEDIUM,5,COST_BASED,COST_BASED,false,false
1,baseline,1,2032,ELECTRIC_HEAT_PUMP,PRIVATELY_RENTED,684311,67483,4235,720601,0.0,0.0,0.0,0.0,0.0,MEDIUM,MEDIUM,MEDIUM,5,COST_BASED,COST_BASED,false,false
1,baseline,1,2033,ELECTRIC_HEAT_PUMP,PRIVATELY_RENTED,745110,65519,4720,786120,0.0,0.0,0.0,0.0,0.0,MEDIUM,MEDIUM,MEDIUM,5,COST_BASED,COST_BASED,false,false
1,baseline,1,2034,ELECTRIC_HEAT_PUMP,PRIVATELY_RENTED,801544,61391,4957,847511,0.0,0.0,0.0,0.0,0.0,MEDIUM,MEDIUM,MEDIUM,5,COST_BASED,COST_BASED,false,false
1,baseline,1,2035,ELECTRIC_HEAT_PUMP,PRIVATELY_RENTED,856438,60172,5278,907683,0.0,0.0,0.0,0.0,0.0,MEDIUM,MEDIUM,MEDIUM,5,COST_BASED,COST_BASED,false,false
1,baseline,1,2036,ELECTRIC_HEAT_PUMP,PRIVATELY_RENTED,888553,37367,5252,945050,0.0,0.0,0.0,0.0,0.0,MEDIUM,MEDIUM,MEDIUM,5,COST_BASED,COST_BASED,false,false
1,baseline,1,2037,ELECTRIC_HEAT_PUMP,PRIVATELY_RENTED,888588,4044,4009,949094,0.0,0.0,0.0,0.0,0.0,MEDIUM,MEDIUM,MEDIUM,5,COST_BASED,COST_BASED,false,false
1,baseline,1,2038,ELECTRIC_HEAT_PUMP,PRIVATELY_RENTED,889051,4222,3759,953316,0.0,0.0,0.0,0.0,0.0,MEDIUM,MEDIUM,MEDIUM,5,COST_BASED,COST_BASED,false,false
1,baseline,1,2039,ELECTRIC_HEAT_PUMP,PRIVATELY_RENTED,890450,3486,2087,956802,0.0,0.0,0.0,0.0,0.0,MEDIUM,MEDIUM,MEDIUM,5,COST_BASED,COST_BASED,false,false
1,baseline,1,2040,ELECTRIC_HEAT_PUMP,PRIVATELY_RENTED,892795,145607,143262,1102409,0.0,0.0,0.0,0.0,0.0,MEDIUM,MEDIUM,MEDIUM,5,COST_BASED,COST_BASED,false,false
1,baseline,1,2041,ELECTRIC_HEAT_PUMP,PRIVATELY_RENTED,895527,83512,80780,1185921,0.0,0.0,0.0,0.0,0.0,MEDIUM,MEDIUM,MEDIUM,5,COST_BASED,COST_BASED,false,false
1,baseline,1,2042,ELECTRIC_HEAT_PUMP,PRIVATELY_RENTED,897590,78767,76704,1264688,0.0,0.0,0.0,0.0,0.0,MEDIUM,MEDIUM,MEDIUM,5,COST_BASED,COST_BASED,false,false
1,baseline,1,2043,ELECTRIC_HEAT_PUMP,PRIVATELY_RENTED,899705,77198,75083,1341886,0.0,0.0,0.0,0.0,0.0,MEDIUM,MEDIUM,MEDIUM,5,COST_BASED,COST_BASED,false,false
1,baseline,1,2044,ELECTRIC_HEAT_PUMP,PRIVATELY_RENTED,901234,73323,71794,1415209,0.0,0.0,0.0,0.0,0.0,MEDIUM,MEDIUM,MEDIUM,5,COST_BASED,COST_BASED,false,false
1,baseline,1,2045,ELECTRIC_HEAT_PUMP,PRIVATELY_RENTED,902889,72183,70528,1487392,0.0,0.0,0.0,0.0,0.0,MEDIUM,MEDIUM,MEDIUM,5,COST_BASED,COST_BASED,false,false
1,baseline,1,2046,ELECTRIC_HEAT_PUMP,PRIVATELY_RENTED,904646,70372,68615,1557764,0.0,0.0,0.0,0.0,0.0,MEDIUM,MEDIUM,MEDIUM,5,COST_BASED,COST_BASED,false,false
1,baseline,1,2047,ELECTRIC_HEAT_PUMP,PRIVATELY_RENTED,906868,69705,67483,1627469,0.0,0.0,0.0,0.0,0.0,MEDIUM,MEDIUM,MEDIUM,5,COST_BASED,COST_BASED,false,false
1,baseline,1,2048,ELECTRIC_HEAT_PUMP,PRIVATELY_RENTED,908788,67439,65519,1694908,0.0,0.0,0.0,0.0,0.0,MEDIUM,MEDIUM,MEDIUM,5,COST_BASED,COST_BASED,false,false
1,baseline,1,2049,ELECTRIC_HEAT_PUMP,PRIVATELY_RENTED,910772,63375,61391,1758283,0.0,0.0,0.0,0.0,0.0,MEDIUM,MEDIUM,MEDIUM,5,COST_BASED,COST_BASED,false,false
1,baseline,1,2050,ELECTRIC_HEAT_PUMP,PRIVATELY_RENTED,913083,62483,60172,1820766,0.0,0.0,0.0,0.0,0.0,MEDIUM,MEDIUM,MEDIUM,5,COST_BASED,COST_BASED,false,false
1,baseline,1,2024,HYBRID_HEAT_PUMP,TOTAL,156177,156177,0,156177,0.0,0.0,0.0,0.0,0.0,MEDIUM,MEDIUM,MEDIUM,5,COST_BASED,COST_BASED,false,false
1,baseline,1,2025,HYBRID_HEAT_PUMP,TOTAL,2108432,1969538,17283,2125715,0.1456031139308206,0.13580510482854385,0.010633021555610949,372.1497846266391,0.13253910179441827,MEDIUM,MEDIUM,MEDIUM,5,COST_BASED,COST_BASED,false,false
1,baseline,1,2026,HYBRID_HEAT_PUMP,TOTAL,2327240,1823809,1605001,3949524,0.09498786415399119,0.08890171028563516,0.013323704932519592,230.45210835719206,0.08687299232950452,MEDIUM,MEDIUM,MEDIUM,5,COST_BASED,COST_BASED,false,false
1,baseline,1,2027,HYBRID_HEAT_PUMP,TOTAL,2537613,1817768,1607395,5767292,0.0924580188501431,0.08611103702167512,0.017531750771361522,219.9689819307838,0.0839953764121886,MEDIUM,MEDIUM,MEDIUM,5,COST_BASED,COST_BASED,false,false
1,baseline,1,2028,HYBRID_HEAT_PUMP,TOTAL,2752075,1822287,1607825,7589579,0.09398285327008556,0.08777286185606628,0.02249344062724335,220.3279418472258,0.08570286471805902,MEDIUM,MEDIUM,MEDIUM,5,COST_BASED,COST_BASED,false,false
1,baseline,1,2029,HYBRID_HEAT_PUMP,TOTAL,2964433,1820879,1608521,9410458,0.09341598791998085,0.08736441758136564,0.02705093573625783,217.432188806051,0.08534722746849273,MEDIUM,MEDIUM,MEDIUM,5,COST_BASED,COST_BASED,false,false
1,baseline,1,2030,HYBRID_HEAT_PUMP,TOTAL,3174462,1818196,1608167,11228654,0.09246472680247529,0.08607370571634278,0.03131000431333566,212.6666340881039,0.08394336535429743,MEDIUM,MEDIUM,MEDIUM,5,COST_BASED,COST_BASED,false,false
1,baseline,1,2031,HYBRID_HEAT_PUMP,TOTAL,3387683,1822103,1608882,13050757,0.0938435056516148,0.08809023205197328,0.03639434151226365,212.60310398144796,0.08617247418542297,MEDIUM,MEDIUM,MEDIUM,5,COST_BASED,COST_BASED,false,false
1,baseline,1,2032,HYBRID_HEAT_PUMP,TOTAL,3605127,1826010,1608566,14876767,0.09527904047809543,0.08949077583823765,0.041837449530175645,214.8027648818845,0.0875613542916212,MEDIUM,MEDIUM,MEDIUM,5,COST_BASED,COST_BASED,false,false
1,baseline,1,2033,HYBRID_HEAT_PUMP,TOTAL,3829491,1832934,1608570,16709701,0.09782631659868794,0.09240774860286384,0.04795784977410132,217.6399433359338,0.09060155927092334,MEDIUM,MEDIUM,MEDIUM,5,COST_BASED,COST_BASED,false,false
1,baseline,1,2034,HYBRID_HEAT_PUMP,TOTAL,4055352,1834765,1608904,18544466,0.09849550372021305,0.0928213507542464,0.05328090891026926,213.13830725166213,0.09092996643225651,MEDIUM,MEDIUM,MEDIUM,5,COST_BASED,COST_BASED,false,false
1,baseline,1,2035,HYBRID_HEAT_PUMP,TOTAL,4276607,1830006,1608751,20374472,0.09674277919649435,0.09124733215931752,0.057516119438892184,207.31686648219414,0.08941551648026207,MEDIUM,MEDIUM,MEDIUM,5,COST_BASED,COST_BASED,false,false
1,baseline,1,2036,HYBRID_HEAT_PUMP,TOTAL,4418853,1751129,1608883,22125601,0.06661422673843935,0.0629341985713214,0.04230515391255839,139.5605165703392,0.06170752251561467,MEDIUM,MEDIUM,MEDIUM,5,COST_BASED,COST_BASED,false,false
1,baseline,1,2037,HYBRID_HEAT_PUMP,TOTAL,4431541,1622016,1609328,23747617,0.011056514076574826,0.01075810783106201,0.0067681536140865774,18.426862010075816,0.010658639082557743,MEDIUM,MEDIUM,MEDIUM,5,COST_BASED,COST_BASED,false,false
1,baseline,1,2038,HYBRID_HEAT_PUMP,TOTAL,4441604,1619281,1609218,25366898,0.009774209359698869,0.00951258726207699,0.00604271844274727,16.57667347157935,0.009425379896203078,MEDIUM,MEDIUM,MEDIUM,5,COST_BASED,COST_BASED,false,false
1,baseline,1,2039,HYBRID_HEAT_PUMP,TOTAL,4447971,1611122,1604755,26978020,0.005946858514763016,0.005738768187011161,0.003629861083698505,10.941486703685282,0.005669404744427208,MEDIUM,MEDIUM,MEDIUM,5,COST_BASED,COST_BASED,false,false
1,baseline,1,2040,HYBRID_HEAT_PUMP,TOTAL,4445461,1971088,1973598,28949108,0.14362894915783664,0.14403156440547477,0.09702656250953196,260.90760972344117,0.14416576948803808,MEDIUM,MEDIUM,MEDIUM,5,COST_BASED,COST_BASED,false,false
1,baseline,1,2041,HYBRID_HEAT_PUMP,TOTAL,4446134,1825734,1825061,30774842,0.09457936911370088,0.09552688621755158,0.06368883148274863,171.63154633459195,0.09584272525216751,MEDIUM,MEDIUM,MEDIUM,5,COST_BASED,COST_BASED,false,false
1,baseline,1,2042,HYBRID_HEAT_PUMP,TOTAL,4447918,1820078,1818294,32594920,0.0925080507527356,0.09270170405424487,0.06227069982704402,166.95944906296543,0.092766255154749,MEDIUM,MEDIUM,MEDIUM,5,COST_BASED,COST_BASED,false,false
1,baseline,1,2043,HYBRID_HEAT_PUMP,TOTAL,4446305,1820973,1822586,34415893,0.09276044122942124,0.09257095462424128,0.06251705494016511,166.12871192256685,0.09250779242251218,MEDIUM,MEDIUM,MEDIUM,5,COST_BASED,COST_BASED,false,false
1,baseline,1,2044,HYBRID_HEAT_PUMP,TOTAL,4446997,1821758,1821066,36237651,0.09307059707363727,0.0933869836441501,0.06268903322015348,166.7456730190289,0.09349244583432394,MEDIUM,MEDIUM,MEDIUM,5,COST_BASED,COST_BASED,false,false
1,baseline,1,2045,HYBRID_HEAT_PUMP,TOTAL,4447389,1818710,1818318,38056361,0.09197237639758601,0.09225353828915256,0.062020241233684055,163.89963789547974,0.09234725891967255,MEDIUM,MEDIUM,MEDIUM,5,COST_BASED,COST_BASED,false,false
1,baseline,1,2046,HYBRID_HEAT_PUMP,TOTAL,4449451,1824263,1822201,39880624,0.09399421069527103,0.09467545431578851,0.06323955257807269,165.98473616844163,0.09490253552261321,MEDIUM,MEDIUM,MEDIUM,5,COST_BASED,COST_BASED,false,false
1,baseline,1,2047,HYBRID_HEAT_PUMP,TOTAL,4450916,1827557,1826092,41708181,0.09522738644651518,0.09577335975810396,0.06411122189103825,168.10349421568782,0.09595535086196275,MEDIUM,MEDIUM,MEDIUM,5,COST_BASED,COST_BASED,false,false
1,baseline,1,2048,HYBRID_HEAT_PUMP,TOTAL,4450666,1832741,1832991,43540922,0.0971404943058518,0.09760459026952467,0.065368154770767,169.5363015459648,0.09775928892408059,MEDIUM,MEDIUM,MEDIUM,5,COST_BASED,COST_BASED,false,false
1,baseline,1,2049,HYBRID_HEAT_PUMP,TOTAL,4451148,1835291,1834809,45376213,0.09799533999982796,0.09875121607588666,0.0658713061765159,166.83407544045502,0.09900317476791294,MEDIUM,MEDIUM,MEDIUM,5,COST_BASED,COST_BASED,false,false
1,baseline,1,2050,HYBRID_HEAT_PUMP,TOTAL,4452015,1830897,1830030,47207110,0.09644283620823269,0.09696539277269683,0.06482994406367931,162.4584233851361,0.09713957829418247,MEDIUM,MEDIUM,MEDIUM,5,COST_BASED,COST_BASED,false,false
1,baseline,1,2024,HYBRID_HEAT_PUMP,PRIVATELY_OWNED,132281,132281,0,132281,0.0,0.0,0.0,0.0,0.0,MEDIUM,MEDIUM,MEDIUM,5,COST_BASED,COST_BASED,false,false
1,baseline,1,2025,HYBRID_HEAT_PUMP,PRIVATELY_OWNED,493208,374580,13653,506861,0.7655797581426679,0.7140619214955434,0.05590832401248032,1956.7599511826083,0.6968893092796599,MEDIUM,MEDIUM,MEDIUM,5,COST_BASED,COST_BASED,false,false
1,baseline,1,2026,HYBRID_HEAT_PUMP,PRIVATELY_OWNED,710737,226235,8706,733096,0.7657511947082746,0.716687247041059,0.1074099629556595,1857.8055088329484,0.7003325978185573,MEDIUM,MEDIUM,MEDIUM,5,COST_BASED,COST_BASED,false,false
1,baseline,1,2027,HYBRID_HEAT_PUMP,PRIVATELY_OWNED,921692,219458,8503,952554,0.7658286688532061,0.7132566939679407,0.14521528281564713,1822.000457246293,0.6957327023395422,MEDIUM,MEDIUM,MEDIUM,5,COST_BASED,COST_BASED,false,false
1,baseline,1,2028,HYBRID_HEAT_PUMP,PRIVATELY_OWNED,1137209,223735,8218,1176289,0.7654758161976641,0.7148963957946028,0.18320559787381233,1794.5370378570879,0.6980365889935755,MEDIUM,MEDIUM,MEDIUM,5,COST_BASED,COST_BASED,false,false
1,baseline,1,2029,HYBRID_HEAT_PUMP,PRIVATELY_OWNED,1350689,222194,8714,1398483,0.7655436720512111,0.7159510757317457,0.22168231731055485,1781.8559750532118,0.6994202102919141,MEDIUM,MEDIUM,MEDIUM,5,COST_BASED,COST_BASED,false,false
1,baseline,1,2030,HYBRID_HEAT_PUMP,PRIVATELY_OWNED,1561837,219495,8347,1617978,0.765935426380343,0.712995136283886,0.2593577284334023,1761.6329457730435,0.6953483729183907,MEDIUM,MEDIUM,MEDIUM,5,COST_BASED,COST_BASED,false,false
1,baseline,1,2031,HYBRID_HEAT_PUMP,PRIVATELY_OWNED,1776319,223328,8846,1841306,0.765656492595305,0.7187163100578371,0.2969365187191939,1734.6000213762193,0.7030695825453224,MEDIUM,MEDIUM,MEDIUM,5,COST_BASED,COST_BASED,false,false
1,baseline,1,2032,HYBRID_HEAT_PUMP,PRIVATELY_OWNED,1994964,227231,8586,2068537,0.7656546892959457,0.7191406612142723,0.33620237210854165,1726.1377043711902,0.7036359851870705,MEDIUM,MEDIUM,MEDIUM,5,COST_BASED,COST_BASED,false,false
1,baseline,1,2033,HYBRID_HEAT_PUMP,PRIVATELY_OWNED,2220590,234143,8517,2302680,0.7658105593099067,0.723392560433759,0.3754268691263144,1703.743660491693,0.7092532274750498,MEDIUM,MEDIUM,MEDIUM,5,COST_BASED,COST_BASED,false,false
1,baseline,1,2034,HYBRID_HEAT_PUMP,PRIVATELY_OWNED,2447669,235961,8882,2538641,0.7658727623769042,0.7217521777607948,0.41429705263475813,1657.3022927712457,0.7070453162220838,MEDIUM,MEDIUM,MEDIUM,5,COST_BASED,COST_BASED,false,false
1,baseline,1,2035,HYBRID_HEAT_PUMP,PRIVATELY_OWNED,2670161,231177,8685,2769818,0.7658195511935004,0.722317381640665,0.4552998078091217,1641.1282677931376,0.7078166584564142,MEDIUM,MEDIUM,MEDIUM,5,COST_BASED,COST_BASED,false,false
1,baseline,1,2036,HYBRID_HEAT_PUMP,PRIVATELY_OWNED,2813761,152398,8798,2922216,0.7654306766116128,0.7231453182456429,0.48610731023861503,1603.6199150992893,0.709050198790311,MEDIUM,MEDIUM,MEDIUM,5,COST_BASED,COST_BASED,false,false
1,baseline,1,2037,HYBRID_HEAT_PUMP,PRIVATELY_OWNED,2827806,23387,9342,2945603,0.7668295521627226,0.7461334515631709,0.4694083658659193,1278.0033783783783,0.7392347513633206,MEDIUM,MEDIUM,MEDIUM,5,COST_BASED,COST_BASED,false,false
1,baseline,1,2038,HYBRID_HEAT_PUMP,PRIVATELY_OWNED,2839244,20655,9217,2966258,0.7662644156951123,0.7457541425477264,0.4737283545238558,1299.554219110747,0.7389173848319349,MEDIUM,MEDIUM,MEDIUM,5,COST_BASED,COST_BASED,false,false
1,baseline,1,2039,HYBRID_HEAT_PUMP,PRIVATELY_OWNED,2846478,12498,5264,2978756,0.7666118246136998,0.7397868202107374,0.4679267921979919,1410.4712706844966,0.7308451520764163,MEDIUM,MEDIUM,MEDIUM,5,COST_BASED,COST_BASED,false,false
1,baseline,1,2040,HYBRID_HEAT_PUMP,PRIVATELY_OWNED,2843966,372071,374583,3350827,0.7608905239527454,0.7630234235424381,0.5140091354708868,1382.1874282987876,0.7637343900724269,MEDIUM,MEDIUM,MEDIUM,5,COST_BASED,COST_BASED,false,false
1,baseline,1,2041,HYBRID_HEAT_PUMP,PRIVATELY_OWNED,2844638,226907,226235,3577734,0.761002392563621,0.7686262833738727,0.5124516434412539,1380.977887926066,0.7711675803106154,MEDIUM,MEDIUM,MEDIUM,5,COST_BASED,COST_BASED,false,false
1,baseline,1,2042,HYBRID_HEAT_PUMP,PRIVATELY_OWNED,2846419,221239,219458,3798973,0.7610406302593011,0.7626337676071664,0.5122854957751871,1373.533690405507,0.7631648133897967,MEDIUM,MEDIUM,MEDIUM,5,COST_BASED,COST_BASED,false,false
1,baseline,1,2043,HYBRID_HEAT_PUMP,PRIVATELY_OWNED,2844802,222118,223735,4021091,0.7604708260783137,0.758917372545082,0.5125287868860573,1361.9603045938297,0.7583995547006515,MEDIUM,MEDIUM,MEDIUM,5,COST_BASED,COST_BASED,false,false
1,baseline,1,2044,HYBRID_HEAT_PUMP,PRIVATELY_OWNED,2845493,222885,222194,4243976,0.7607156371387724,0.7633016333517267,0.5123909091283863,1362.9013338169912,0.7641636320894017,MEDIUM,MEDIUM,MEDIUM,5,COST_BASED,COST_BASED,false,false
1,baseline,1,2045,HYBRID_HEAT_PUMP,PRIVATELY_OWNED,2845885,219887,219495,4463863,0.7607138242736208,0.7630393457633451,0.5129763602855718,1355.6322585550213,0.763814519593235,MEDIUM,MEDIUM,MEDIUM,5,COST_BASED,COST_BASED,false,false
1,baseline,1,2046,HYBRID_HEAT_PUMP,PRIVATELY_OWNED,2847946,225389,223328,4689252,0.7607743092412993,0.7662881876066858,0.5118509594733222,1343.454262438938,0.7681261470616976,MEDIUM,MEDIUM,MEDIUM,5,COST_BASED,COST_BASED,false,false
1,baseline,1,2047,HYBRID_HEAT_PUMP,PRIVATELY_OWNED,2849410,228695,227231,4917947,0.7609850529833795,0.7653480576288996,0.5123282640439021,1343.3556377635705,0.7668023925107066,MEDIUM,MEDIUM,MEDIUM,5,COST_BASED,COST_BASED,false,false
1,baseline,1,2048,HYBRID_HEAT_PUMP,PRIVATELY_OWNED,2849159,233892,234143,5151839,0.7611776660792209,0.7648142492054406,0.5122146005110491,1328.4598482703686,0.7660264435808338,MEDIUM,MEDIUM,MEDIUM,5,COST_BASED,COST_BASED,false,false
1,baseline,1,2049,HYBRID_HEAT_PUMP,PRIVATELY_OWNED,2849635,236437,235961,5388276,0.7606676008561445,0.7665349251730064,0.511311746401807,1295.013374172351,0.7684906999453458,MEDIUM,MEDIUM,MEDIUM,5,COST_BASED,COST_BASED,false,false
1,baseline,1,2050,HYBRID_HEAT_PUMP,PRIVATELY_OWNED,2850500,232042,231177,5620318,0.7609695636356547,0.7650927277447718,0.5115321799344872,1281.8569052179153,0.766467115781125,MEDIUM,MEDIUM,MEDIUM,5,COST_BASED,COST_BASED,false,false
1,baseline,1,2024,HYBRID_HEAT_PUMP,SOCIAL_HOUSING,1457,1457,0,1457,0.0,0.0,0.0,0.0,0.0,MEDIUM,MEDIUM,MEDIUM,5,COST_BASED,COST_BASED,false,false
1,baseline,1,2025,HYBRID_HEAT_PUMP,SOCIAL_HOUSING,1594805,1594560,1212,1596017,0.0,0.0,0.0,0.0,0.0,MEDIUM,MEDIUM,MEDIUM,5,COST_BASED,COST_BASED,false,false
1,baseline,1,2026,HYBRID_HEAT_PUMP,SOCIAL_HOUSING,1597436,1597365,1594734,3193382,0.0,0.0,0.0,0.0,0.0,MEDIUM,MEDIUM,MEDIUM,5,COST_BASED,COST_BASED,false,false
1,baseline,1,2027,HYBRID_HEAT_PUMP,SOCIAL_HOUSING,1598126,1598091,1597401,4791473,0.0,0.0,0.0,0.0,0.0,MEDIUM,MEDIUM,MEDIUM,5,COST_BASED,COST_BASED,false,false
1,baseline,1,2028,HYBRID_HEAT_PUMP,SOCIAL_HOUSING,1598349,1598318,1598095,6389791,0.0,0.0,0.0,0.0,0.0,MEDIUM,MEDIUM,MEDIUM,5,COST_BASED,COST_BASED,false,false
1,baseline,1,2029,HYBRID_HEAT_PUMP,SOCIAL_HOUSING,1598447,1598430,1598332,7988221,0.0,0.0,0.0,0.0,0.0,MEDIUM,MEDIUM,MEDIUM,5,COST_BASED,COST_BASED,false,false
1,baseline,1,2030,HYBRID_HEAT_PUMP,SOCIAL_HOUSING,1598511,1598495,1598431,9586716,0.0,0.0,0.0,0.0,0.0,MEDIUM,MEDIUM,MEDIUM,5,COST_BASED,COST_BASED,false,false
1,baseline,1,2031,HYBRID_HEAT_PUMP,SOCIAL_HOUSING,1598531,1598519,1598499,11185235,0.0,0.0,0.0,0.0,0.0,MEDIUM,MEDIUM,MEDIUM,5,COST_BASED,COST_BASED,false,false
1,baseline,1,2032,HYBRID_HEAT_PUMP,SOCIAL_HOUSING,1598545,1598535,1598521,12783770,0.0,0.0,0.0,0.0,0.0,MEDIUM,MEDIUM,MEDIUM,5,COST_BASED,COST_BASED,false,false
1,baseline,1,2033,HYBRID_HEAT_PUMP,SOCIAL_HOUSING,1598567,1598560,1598538,14382330,0.0,0.0,0.0,0.0,0.0,MEDIUM,MEDIUM,MEDIUM,5,COST_BASED,COST_BASED,false,false
1,baseline,1,2034,HYBRID_HEAT_PUMP,SOCIAL_HOUSING,1598579,1598573,1598561,15980903,0.0,0.0,0.0,0.0,0.0,MEDIUM,MEDIUM,MEDIUM,5,COST_BASED,COST_BASED,false,false
1,baseline,1,2035,HYBRID_HEAT_PUMP,SOCIAL_HOUSING,1598599,1598593,1598573,17579496,0.0,0.0,0.0,0.0,0.0,MEDIUM,MEDIUM,MEDIUM,5,COST_BASED,COST_BASED,false,false
1,baseline,1,2036,HYBRID_HEAT_PUMP,SOCIAL_HOUSING,1598616,1598611,1598594,19178107,0.0,0.0,0.0,0.0,0.0,MEDIUM,MEDIUM,MEDIUM,5,COST_BASED,COST_BASED,false,false
1,baseline,1,2037,HYBRID_HEAT_PUMP,SOCIAL_HOUSING,1598616,1598612,1598612,20776719,0.0,0.0,0.0,0.0,0.0,MEDIUM,MEDIUM,MEDIUM,5,COST_BASED,COST_BASED,false,false
1,baseline,1,2038,HYBRID_HEAT_PUMP,SOCIAL_HOUSING,1598616,1598613,1598613,22375332,0.0,0.0,0.0,0.0,0.0,MEDIUM,MEDIUM,MEDIUM,5,COST_BASED,COST_BASED,false,false
1,baseline,1,2039,HYBRID_HEAT_PUMP,SOCIAL_HOUSING,1598617,1598617,1598616,23973949,0.0,0.0,0.0,0.0,0.0,MEDIUM,MEDIUM,MEDIUM,5,COST_BASED,COST_BASED,false,false
1,baseline,1,2040,HYBRID_HEAT_PUMP,SOCIAL_HOUSING,1598617,1598617,1598617,25572566,0.0,0.0,0.0,0.0,0.0,MEDIUM,MEDIUM,MEDIUM,5,COST_BASED,COST_BASED,false,false
1,baseline,1,2041,HYBRID_HEAT_PUMP,SOCIAL_HOUSING,1598617,1598617,1598617,27171183,0.0,0.0,0.0,0.0,0.0,MEDIUM,MEDIUM,MEDIUM,5,COST_BASED,COST_BASED,false,false
1,baseline,1,2042,HYBRID_HEAT_PUMP,SOCIAL_HOUSING,1598617,1598617,1598617,28769800,0.0,0.0,0.0,0.0,0.0,MEDIUM,MEDIUM,MEDIUM,5,COST_BASED,COST_BASED,false,false
1,baseline,1,2043,HYBRID_HEAT_PUMP,SOCIAL_HOUSING,1598617,1598617,1598617,30368417,0.0,0.0,0.0,0.0,0.0,MEDIUM,MEDIUM,MEDIUM,5,COST_BASED,COST_BASED,false,false
1,baseline,1,2044,HYBRID_HEAT_PUMP,SOCIAL_HOUSING,1598617,1598617,1598617,31967034,0.0,0.0,0.0,0.0,0.0,MEDIUM,MEDIUM,MEDIUM,5,COST_BASED,COST_BASED,false,false
1,baseline,1,2045,HYBRID_HEAT_PUMP,SOCIAL_HOUSING,1598617,1598617,1598617,33565651,0.0,0.0,0.0,0.0,0.0,MEDIUM,MEDIUM,MEDIUM,5,COST_BASED,COST_BASED,false,false
1,baseline,1,2046,HYBRID_HEAT_PUMP,SOCIAL_HOUSING,1598617,1598617,1598617,35164268,0.0,0.0,0.0,0.0,0.0,MEDIUM,MEDIUM,MEDIUM,5,COST_BASED,COST_BASED,false,false
1,baseline,1,2047,HYBRID_HEAT_PUMP,SOCIAL_HOUSING,1598617,1598617,1598617,36762885,0.0,0.0,0.0,0.0,0.0,MEDIUM,MEDIUM,MEDIUM,5,COST_BASED,COST_BASED,false,false
1,baseline,1,2048,HYBRID_HEAT_PUMP,SOCIAL_HOUSING,1598617,1598617,1598617,38361502,0.0,0.0,0.0,0.0,0.0,MEDIUM,MEDIUM,MEDIUM,5,COST_BASED,COST_BASED,false,false
1,baseline,1,2049,HYBRID_HEAT_PUMP,SOCIAL_HOUSING,1598617,1598617,1598617,39960119,0.0,0.0,0.0,0.0,0.0,MEDIUM,MEDIUM,MEDIUM,5,COST_BASED,COST_BASED,false,false
1,baseline,1,2050,HYBRID_HEAT_PUMP,SOCIAL_HOUSING,1598617,1598617,1598617,41558736,0.0,0.0,0.0,0.0,0.0,MEDIUM,MEDIUM,MEDIUM,5,COST_BASED,COST_BASED,false,false
1,baseline,1,2024,HYBRID_HEAT_PUMP,PRIVATELY_RENTED,22439,22439,0,22439,0.0,0.0,0.0,0.0,0.0,MEDIUM,MEDIUM,MEDIUM,5,COST_BASED,COST_BASED,false,false
1,baseline,1,2025,HYBRID_HEAT_PUMP,PRIVATELY_RENTED,20419,398,2418,22837,0.0,0.0,0.0,0.0,0.0,MEDIUM,MEDIUM,MEDIUM,5,COST_BASED,COST_BASED,false,false
1,baseline,1,2026,HYBRID_HEAT_PUMP,PRIVATELY_RENTED,19067,209,1561,23046,0.0,0.0,0.0,0.0,0.0,MEDIUM,MEDIUM,MEDIUM,5,COST_BASED,COST_BASED,false,false
1,baseline,1,2027,HYBRID_HEAT_PUMP,PRIVATELY_RENTED,17795,219,1491,23265,0.0,0.0,0.0,0.0,0.0,MEDIUM,MEDIUM,MEDIUM,5,COST_BASED,COST_BASED,false,false
1,baseline,1,2028,HYBRID_HEAT_PUMP,PRIVATELY_RENTED,16517,234,1512,23499,0.0,0.0,0.0,0.0,0.0,MEDIUM,MEDIUM,MEDIUM,5,COST_BASED,COST_BASED,false,false
1,baseline,1,2029,HYBRID_HEAT_PUMP,PRIVATELY_RENTED,15297,255,1475,23754,0.0,0.0,0.0,0.0,0.0,MEDIUM,MEDIUM,MEDIUM,5,COST_BASED,COST_BASED,false,false
1,baseline,1,2030,HYBRID_HEAT_PUMP,PRIVATELY_RENTED,14114,206,1389,23960,0.0,0.0,0.0,0.0,0.0,MEDIUM,MEDIUM,MEDIUM,5,COST_BASED,COST_BASED,false,false
1,baseline,1,2031,HYBRID_HEAT_PUMP,PRIVATELY_RENTED,12833,256,1537,24216,0.0,0.0,0.0,0.0,0.0,MEDIUM,MEDIUM,MEDIUM,5,COST_BASED,COST_BASED,false,false
1,baseline,1,2032,HYBRID_HEAT_PUMP,PRIVATELY_RENTED,11618,244,1459,24460,0.0,0.0,0.0,0.0,0.0,MEDIUM,MEDIUM,MEDIUM,5,COST_BASED,COST_BASED,false,false
1,baseline,1,2033,HYBRID_HEAT_PUMP,PRIVATELY_RENTED,10334,231,1515,24691,0.0,0.0,0.0,0.0,0.0,MEDIUM,MEDIUM,MEDIUM,5,COST_BASED,COST_BASED,false,false
1,baseline,1,2034,HYBRID_HEAT_PUMP,PRIVATELY_RENTED,9104,231,1461,24922,0.0,0.0,0.0,0.0,0.0,MEDIUM,MEDIUM,MEDIUM,5,COST_BASED,COST_BASED,false,false
1,baseline,1,2035,HYBRID_HEAT_PUMP,PRIVATELY_RENTED,7847,236,1493,25158,0.0,0.0,0.0,0.0,0.0,MEDIUM,MEDIUM,MEDIUM,5,COST_BASED,COST_BASED,false,false
1,baseline,1,2036,HYBRID_HEAT_PUMP,PRIVATELY_RENTED,6476,120,1491,25278,0.0,0.0,0.0,0.0,0.0,MEDIUM,MEDIUM,MEDIUM,5,COST_BASED,COST_BASED,false,false
1,baseline,1,2037,HYBRID_HEAT_PUMP,PRIVATELY_RENTED,5119,17,1374,25295,0.0,0.0,0.0,0.0,0.0,MEDIUM,MEDIUM,MEDIUM,5,COST_BASED,COST_BASED,false,false
1,baseline,1,2038,HYBRID_HEAT_PUMP,PRIVATELY_RENTED,3744,13,1388,25308,0.0,0.0,0.0,0.0,0.0,MEDIUM,MEDIUM,MEDIUM,5,COST_BASED,COST_BASED,false,false
1,baseline,1,2039,HYBRID_HEAT_PUMP,PRIVATELY_RENTED,2876,7,875,25315,0.0,0.0,0.0,0.0,0.0,MEDIUM,MEDIUM,MEDIUM,5,COST_BASED,COST_BASED,false,false
1,baseline,1,2040,HYBRID_HEAT_PUMP,PRIVATELY_RENTED,2878,400,398,25715,0.0,0.0,0.0,0.0,0.0,MEDIUM,MEDIUM,MEDIUM,5,COST_BASED,COST_BASED,false,false
1,baseline,1,2041,HYBRID_HEAT_PUMP,PRIVATELY_RENTED,2879,210,209,25925,0.0,0.0,0.0,0.0,0.0,MEDIUM,MEDIUM,MEDIUM,5,COST_BASED,COST_BASED,false,false
1,baseline,1,2042,HYBRID_HEAT_PUMP,PRIVATELY_RENTED,2882,222,219,26147,0.0,0.0,0.0,0.0,0.0,MEDIUM,MEDIUM,MEDIUM,5,COST_BASED,COST_BASED,false,false
1,baseline,1,2043,HYBRID_HEAT_PUMP,PRIVATELY_RENTED,2886,238,234,26385,0.0,0.0,0.0,0.0,0.0,MEDIUM,MEDIUM,MEDIUM,5,COST_BASED,COST_BASED,false,false
1,baseline,1,2044,HYBRID_HEAT_PUMP,PRIVATELY_RENTED,2887,256,255,26641,0.0,0.0,0.0,0.0,0.0,MEDIUM,MEDIUM,MEDIUM,5,COST_BASED,COST_BASED,false,false
1,baseline,1,2045,HYBRID_HEAT_PUMP,PRIVATELY_RENTED,2887,206,206,26847,0.0,0.0,0.0,0.0,0.0,MEDIUM,MEDIUM,MEDIUM,5,COST_BASED,COST_BASED,false,false
1,baseline,1,2046,HYBRID_HEAT_PUMP,PRIVATELY_RENTED,2888,257,256,27104,0.0,0.0,0.0,0.0,0.0,MEDIUM,MEDIUM,MEDIUM,5,COST_BASED,COST_BASED,false,false
1,baseline,1,2047,HYBRID_HEAT_PUMP,PRIVATELY_RENTED,2889,245,244,27349,0.0,0.0,0.0,0.0,0.0,MEDIUM,MEDIUM,MEDIUM,5,COST_BASED,COST_BASED,false,false
1,baseline,1,2048,HYBRID_HEAT_PUMP,PRIVATELY_RENTED,2890,232,231,27581,0.0,0.0,0.0,0.0,0.0,MEDIUM,MEDIUM,MEDIUM,5,COST_BASED,COST_BASED,false,false
1,baseline,1,2049,HYBRID_HEAT_PUMP,PRIVATELY_RENTED,2896,237,231,27818,0.0,0.0,0.0,0.0,0.0,MEDIUM,MEDIUM,MEDIUM,5,COST_BASED,COST_BASED,false,false
1,baseline,1,2050,HYBRID_HEAT_PUMP,PRIVATELY_RENTED,2898,238,236,28056,0.0,0.0,0.0,0.0,0.0,MEDIUM,MEDIUM,MEDIUM,5,COST_BASED,COST_BASED,false,false
2,social_learning_factor_low,1,2024,NATURAL_GAS_BOILER,TOTAL,6874452,6874452,0,6874452,0.0,0.0,0.0,0.0,0.0,LOW,MEDIUM,MEDIUM,5,COST_BASED,COST_BASED,false,false
2,social_learning_factor_low,1,2025,NATURAL_GAS_BOILER,TOTAL,4821461,10711,2063702,6885163,0.2855741076904057,0.6242370056721935,0.7670528494123674,1771.5797986833916,0.7371246383327564,LOW,MEDIUM,MEDIUM,5,COST_BASED,COST_BASED,false,false
2,social_learning_factor_low,1,2026,NATURAL_GAS_BOILER,TOTAL,4386924,5738,440275,6890901,0.2856357441885534,0.6267406882143417,0.6813106609694449,1768.468176722199,0.7404423362229241,LOW,MEDIUM,MEDIUM,5,COST_BASED,COST_BASED,false,false
2,social_learning_factor_low,1,2027,NATURAL_GAS_BOILER,TOTAL,3953203,5833,439554,6896734,0.28598229224055316,0.6221310245044683,0.6169182982056745,1760.3956291784955,0.7341806019257702,LOW,MEDIUM,MEDIUM,5,COST_BASED,COST_BASED,false,false
2,social_learning_factor_low,1,2028,NATURAL_GAS_BOILER,TOTAL,3513346,6375,446232,6903109,0.2852613795710575,0.6286062058112428,0.5526312824939763,1756.5137656451654,0.74305448122461,LOW,MEDIUM,MEDIUM,5,COST_BASED,COST_BASED,false,false
2,social_learning_factor_low,1,2029,NATURAL_GAS_BOILER,TOTAL,3072633,5605,446318,6908714,0.2853204345071105,0.6231773751615247,0.4882041815702658,1758.3207488696169,0.7357963553796208,LOW,MEDIUM,MEDIUM,5,COST_BASED,COST_BASED,false,false
2,social_learning_factor_low,1,2030,NATURAL_GAS_BOILER,TOTAL,2629383,5768,449018,6914482,0.28549079516726167,0.6243479007003733,0.4233020465885326,1754.616374877103,0.7373002692114634,LOW,MEDIUM,MEDIUM,5,COST_BASED,COST_BASED,false,false
2,social_learning_factor_low,1,2031,NATURAL_GAS_BOILER,TOTAL,2181591,5384,453176,6919866,0.28534584896576737,0.6212191124198265,0.3576239549087137,1747.3673881587429,0.7331768669045196,LOW,MEDIUM,MEDIUM,5,COST_BASED,COST_BASED,false,false
2,social_learning_factor_low,1,2032,NATURAL_GAS_BOILER,TOTAL,1737269,5613,449935,6925479,0.2846891241727488,0.6276288180461077,0.29216347944225063,1744.3486068516183,0.7419420493372058,LOW,MEDIUM,MEDIUM,5,COST_BASED,COST_BASED,false,false
2,social_learning_factor_low,1,2033,NATURAL_GAS_BOILER,TOTAL,1294096,5293,448466,6930772,0.28501475400474663,0.6223053240004068,0.2269204080660021,1739.003172762642,0.7347355139989811,LOW,MEDIUM,MEDIUM,5,COST_BASED,COST_BASED,false,false
2,social_learning_factor_low,1,2034,NATURAL_GAS_BOILER,TOTAL,834493,6301,465904,6937073,0.2852748235305271,0.6207174649320484,0.16011063280270196,1697.9138313244678,0.7325316787325562,LOW,MEDIUM,MEDIUM,5,COST_BASED,COST_BASED,false,false
2,social_learning_factor_low,1,2035,NATURAL_GAS_BOILER,TOTAL,372410,5960,468043,6943033,0.28476122639212836,0.6222433550904317,0.09146071460181915,1688.1555106305702,0.7347373979898589,LOW,MEDIUM,MEDIUM,5,COST_BASED,COST_BASED,false,false
2,social_learning_factor_low,1,2036,NATURAL_GAS_BOILER,TOTAL,72970,4228,303668,6947261,0.28350962048261014,0.6222112960307133,0.034793246315493485,1722.5992219721734,0.7351118545467606,LOW,MEDIUM,MEDIUM,5,COST_BASED,COST_BASED,false,false
2,social_learning_factor_low,1,2037,NATURAL_GAS_BOILER,TOTAL,70420,8322,10872,6955583,0.3602372516800427,0.6273044430027823,0.012172138661008766,1536.1196680997548,0.7163268401103658,LOW,MEDIUM,MEDIUM,5,COST_BASED,COST_BASED,false,false
2,social_learning_factor_low,1,2038,NATURAL_GAS_BOILER,TOTAL,68979,4297,5738,6959880,0.33353980682014145,0.6076962790163041,0.011763758149185701,1566.876974279397,0.6990817697483533,LOW,MEDIUM,MEDIUM,5,COST_BASED,COST_BASED,false,false
2,social_learning_factor_low,1,2039,NATURAL_GAS_BOILER,TOTAL,68109,4963,5833,6964843,0.36770842657909925,0.6281963806435065,0.01149466393680215,1651.894249526959,0.7150256986649731,LOW,MEDIUM,MEDIUM,5,COST_BASED,COST_BASED,false,false
2,social_learning_factor_low,1,2040,NATURAL_GAS_BOILER,TOTAL,66902,5168,6375,6970011,0.2773176923655424,0.5979539155470529,0.011985843653208896,1788.7156562999953,0.7048326566075565,LOW,MEDIUM,MEDIUM,5,COST_BASED,COST_BASED,false,false
2,social_learning_factor_low,1,2041,NATURAL_GAS_BOILER,TOTAL,66038,4741,5605,6974752,0.28017313482999634,0.6004956448751506,0.011839537932436504,1783.0549100183011,0.7072698148902254,LOW,MEDIUM,MEDIUM,5,COST_BASED,COST_BASED,false,false
2,social_learning_factor_low,1,2042,NATURAL_GAS_BOILER,TOTAL,65045,4775,5768,6979527,0.2803072492179156,0.5969621954742602,0.011629092599220318,1778.388794676244,0.7025138442263565,LOW,MEDIUM,MEDIUM,5,COST_BASED,COST_BASED,false,false
2,social_learning_factor_low,1,2043,NATURAL_GAS_BOILER,TOTAL,64383,4722,5384,6984249,0.27899724672249165,0.6020724887628282,0.011493971847019007,1774.403423169557,0.7097642361096218,LOW,MEDIUM,MEDIUM,5,COST_BASED,COST_BASED,false,false
2,social_learning_factor_low,1,2044,NATURAL_GAS_BOILER,TOTAL,63331,4561,5613,6988810,0.2800205913349004,0.5972582567782716,0.011306829966054525,1775.4575051526697,0.7030041452594271,LOW,MEDIUM,MEDIUM,5,COST_BASED,COST_BASED,false,false
2,social_learning_factor_low,1,2045,NATURAL_GAS_BOILER,TOTAL,62505,4467,5293,6993277,0.2791579753005069,0.5970675151550455,0.011123648442911058,1770.706638327423,0.7030373617732302,LOW,MEDIUM,MEDIUM,5,COST_BASED,COST_BASED,false,false
2,social_learning_factor_low,1,2046,NATURAL_GAS_BOILER,TOTAL,61091,4887,6301,6998164,0.28081315644734695,0.5930065213768402,0.01089307268410196,1764.5007432687491,0.6970709763533919,LOW,MEDIUM,MEDIUM,5,COST_BASED,COST_BASED,false,false
2,social_learning_factor_low,1,2047,NATURAL_GAS_BOILER,TOTAL,60240,5109,5960,7003273,0.28006375903607517,0.6012691917348444,0.010744534181073582,1757.8410392639785,0.7083376693010903,LOW,MEDIUM,MEDIUM,5,COST_BASED,COST_BASED,false,false
2,social_learning_factor_low,1,2048,NATURAL_GAS_BOILER,TOTAL,59057,3045,4228,7006318,0.2765423138217467,0.5907448407294592,0.010498250425098648,1742.3776095076564,0.6954790163653539,LOW,MEDIUM,MEDIUM,5,COST_BASED,COST_BASED,false,false
2,social_learning_factor_low,1,2049,NATURAL_GAS_BOILER,TOTAL,57389,6654,8322,7012972,0.2805916377270889,0.5909210583865777,0.010221509676545091,1709.5450198272313,0.6943641986064503,LOW,MEDIUM,MEDIUM,5,COST_BASED,COST_BASED,false,false
2,social_learning_factor_low,1,2050,NATURAL_GAS_BOILER,TOTAL,56731,3639,4297,7016611,0.2766783523586586,0.5930051999877777,0.010082540104466397,1695.6758191956928,0.6984474825307758,LOW,MEDIUM,MEDIUM,5,COST_BASED,COST_BASED,false,false
2,social_learning_factor_low,1,2024,NATURAL_GAS_BOILER,PRIVATELY_OWNED,4615742,4615742,0,4615742,0.0,0.0,0.0,0.0,0.0,LOW,MEDIUM,MEDIUM,5,COST_BASED,COST_BASED,false,false
2,social_learning_factor_low,1,2025,NATURAL_GAS_BOILER,PRIVATELY_OWNED,4016049,10711,610404,4626453,0.2855741076904057,0.6242370056721935,0.7670528494123674,1771.5797986833916,0.7371246383327564,LOW,MEDIUM,MEDIUM,5,COST_BASED,COST_BASED,false,false
2,social_learning_factor_low,1,2026,NATURAL_GAS_BOILER,PRIVATELY_OWNED,3659776,5738,362011,4632191,0.2856357441885534,0.6267406882143417,0.6813106609694449,1768.468176722199,0.7404423362229241,LOW,MEDIUM,MEDIUM,5,COST_BASED,COST_BASED,false,false
2,social_learning_factor_low,1,2027,NATURAL_GAS_BOILER,PRIVATELY_OWNED,3301186,5831,364421,4638022,0.2860803825483016,0.6223444119249809,0.6171298976905675,1760.999434916509,0.7344324217172041,LOW,MEDIUM,MEDIUM,5,COST_BASED,COST_BASED,false,false
2,social_learning_factor_low,1,2028,NATURAL_GAS_BOILER,PRIVATELY_OWNED,2937563,6371,369994,4644393,0.2854404794797507,0.6290008730256903,0.5529782492385966,1757.6165838938832,0.7435210042076422,LOW,MEDIUM,MEDIUM,5,COST_BASED,COST_BASED,false,false
2,social_learning_factor_low,1,2029,NATURAL_GAS_BOILER,PRIVATELY_OWNED,2572417,5597,370743,4649990,0.2857282536023502,0.6240681057317038,0.4889019899412792,1760.833982028623,0.7368480564414462,LOW,MEDIUM,MEDIUM,5,COST_BASED,COST_BASED,false,false
2,social_learning_factor_low,1,2030,NATURAL_GAS_BOILER,PRIVATELY_OWNED,2205430,5761,372748,4655751,0.2858376855623616,0.6251065251240675,0.4238163868638528,1756.748351031267,0.7381961383113559,LOW,MEDIUM,MEDIUM,5,COST_BASED,COST_BASED,false,false
2,social_learning_factor_low,1,2031,NATURAL_GAS_BOILER,PRIVATELY_OWNED,1834317,5378,376491,4661129,0.28566419688205497,0.6219121794846311,0.3580229403548744,1749.316849729764,0.7339948403521631,LOW,MEDIUM,MEDIUM,5,COST_BASED,COST_BASED,false,false
2,social_learning_factor_low,1,2032,NATURAL_GAS_BOILER,PRIVATELY_OWNED,1466892,5598,373023,4666727,0.28545195676699514,0.6293105672906042,0.29294633978373574,1749.0226384884124,0.7439301041317855,LOW,MEDIUM,MEDIUM,5,COST_BASED,COST_BASED,false,false
2,social_learning_factor_low,1,2033,NATURAL_GAS_BOILER,PRIVATELY_OWNED,1098787,5280,373385,4672007,0.2857164948763492,0.6238375151390442,0.22747911361616463,1743.284809362247,0.7365445218932968,LOW,MEDIUM,MEDIUM,5,COST_BASED,COST_BASED,false,false
2,social_learning_factor_low,1,2034,NATURAL_GAS_BOILER,PRIVATELY_OWNED,711372,6290,393705,4678297,0.28577371431889526,0.6218029803715162,0.1603906354991773,1700.8831559897412,0.7338127357223906,LOW,MEDIUM,MEDIUM,5,COST_BASED,COST_BASED,false,false
2,social_learning_factor_low,1,2035,NATURAL_GAS_BOILER,PRIVATELY_OWNED,321907,5939,395404,4684236,0.28576812751255853,0.6244435757432183,0.09178411500704532,1694.124742104428,0.7373353918200976,LOW,MEDIUM,MEDIUM,5,COST_BASED,COST_BASED,false,false
2,social_learning_factor_low,1,2036,NATURAL_GAS_BOILER,PRIVATELY_OWNED,72849,4194,253252,4688430,0.2858079817359265,0.62725545055266,0.035075308875037306,1736.564022531795,0.7410712734915842,LOW,MEDIUM,MEDIUM,5,COST_BASED,COST_BASED,false,false
2,social_learning_factor_low,1,2037,NATURAL_GAS_BOILER,PRIVATELY_OWNED,70254,8277,10872,4696707,0.36219577243944856,0.6307149419680023,0.012238315565653612,1544.4711704634722,0.7202213318108571,LOW,MEDIUM,MEDIUM,5,COST_BASED,COST_BASED,false,false
2,social_learning_factor_low,1,2038,NATURAL_GAS_BOILER,PRIVATELY_OWNED,68781,4265,5738,4700972,0.3360423329205505,0.6122557821648438,0.011852020812907609,1578.6331438402274,0.7043269319129366,LOW,MEDIUM,MEDIUM,5,COST_BASED,COST_BASED,false,false
2,social_learning_factor_low,1,2039,NATURAL_GAS_BOILER,PRIVATELY_OWNED,67910,4960,5831,4705932,0.36793083086936884,0.6285763381317989,0.011501616354505861,1652.8933791133663,0.7154581738859399,LOW,MEDIUM,MEDIUM,5,COST_BASED,COST_BASED,false,false
2,social_learning_factor_low,1,2040,NATURAL_GAS_BOILER,PRIVATELY_OWNED,66701,5162,6371,4711094,0.2776400298615116,0.5986489414078205,0.01199977528085695,1790.794752374734,0.7056519119232568,LOW,MEDIUM,MEDIUM,5,COST_BASED,COST_BASED,false,false
2,social_learning_factor_low,1,2041,NATURAL_GAS_BOILER,PRIVATELY_OWNED,65837,4733,5597,4715827,0.2806467002385406,0.6015106385702703,0.01185954982837132,1786.0687361920063,0.7084652846808702,LOW,MEDIUM,MEDIUM,5,COST_BASED,COST_BASED,false,false
2,social_learning_factor_low,1,2042,NATURAL_GAS_BOILER,PRIVATELY_OWNED,64844,4768,5761,4720595,0.2807187741223882,0.5978386080934548,0.011646165512012798,1780.9996842657438,0.7035452194171251,LOW,MEDIUM,MEDIUM,5,COST_BASED,COST_BASED,false,false
2,social_learning_factor_low,1,2043,NATURAL_GAS_BOILER,PRIVATELY_OWNED,64182,4716,5378,4725311,0.27935220505165514,0.6028384842956053,0.011508595220870176,1776.6609338860576,0.7106672440436035,LOW,MEDIUM,MEDIUM,5,COST_BASED,COST_BASED,false,false
2,social_learning_factor_low,1,2044,NATURAL_GAS_BOILER,PRIVATELY_OWNED,63130,4546,5598,4729857,0.2809445484114564,0.5992289725397485,0.011344138027975076,1781.315811922861,0.7053237805825444,LOW,MEDIUM,MEDIUM,5,COST_BASED,COST_BASED,false,false
2,social_learning_factor_low,1,2045,NATURAL_GAS_BOILER,PRIVATELY_OWNED,62304,4454,5280,4734311,0.2799727605898887,0.5988101908840566,0.011156115310840525,1775.8748436031879,0.7050893343154512,LOW,MEDIUM,MEDIUM,5,COST_BASED,COST_BASED,false,false
2,social_learning_factor_low,1,2046,NATURAL_GAS_BOILER,PRIVATELY_OWNED,60889,4875,6290,4739186,0.2815043888324481,0.5944662297371525,0.01091988640147821,1768.8441297137183,0.6987868433721078,LOW,MEDIUM,MEDIUM,5,COST_BASED,COST_BASED,false,false
2,social_learning_factor_low,1,2047,NATURAL_GAS_BOILER,PRIVATELY_OWNED,60038,5088,5939,4744274,0.2812196825698326,0.603750845238467,0.010788880725453013,1765.0962794024501,0.7112612327946679,LOW,MEDIUM,MEDIUM,5,COST_BASED,COST_BASED,false,false
2,social_learning_factor_low,1,2048,NATURAL_GAS_BOILER,PRIVATELY_OWNED,58854,3010,4194,4747284,0.27975792212199957,0.5976139667844529,0.010620323104460259,1762.6378142693732,0.7035659816719279,LOW,MEDIUM,MEDIUM,5,COST_BASED,COST_BASED,false,false
2,social_learning_factor_low,1,2049,NATURAL_GAS_BOILER,PRIVATELY_OWNED,57186,6609,8277,4753893,0.2825021572758435,0.5949445789838536,0.010291106882694967,1721.1851357134813,0.6990920528865668,LOW,MEDIUM,MEDIUM,5,COST_BASED,COST_BASED,false,false
2,social_learning_factor_low,1,2050,NATURAL_GAS_BOILER,PRIVATELY_OWNED,56528,3607,4265,4757500,0.2791329426762292,0.5982661277392634,0.010171988755240705,1710.7192420441158,0.7046438560935662,LOW,MEDIUM,MEDIUM,5,COST_BASED,COST_BASED,false,false
2,social_learning_factor_low,1,2024,NATURAL_GAS_BOILER,SOCIAL_HOUSING,1329352,1329352,0,1329352,0.0,0.0,0.0,0.0,0.0,LOW,MEDIUM,MEDIUM,5,COST_BASED,COST_BASED,false,false
2,social_learning_factor_low,1,2025,NATURAL_GAS_BOILER,SOCIAL_HOUSING,3277,0,1326075,1329352,0.0,0.0,0.0,0.0,0.0,LOW,MEDIUM,MEDIUM,5,COST_BASED,COST_BASED,false,false
2,social_learning_factor_low,1,2026,NATURAL_GAS_BOILER,SOCIAL_HOUSING,996,0,2281,1329352,0.0,0.0,0.0,0.0,0.0,LOW,MEDIUM,MEDIUM,5,COST_BASED,COST_BASED,false,false
2,social_learning_factor_low,1,2027,NATURAL_GAS_BOILER,SOCIAL_HOUSING,448,0,548,1329352,0.0,0.0,0.0,0.0,0.0,LOW,MEDIUM,MEDIUM,5,COST_BASED,COST_BASED,false,false
2,social_learning_factor_low,1,2028,NATURAL_GAS_BOILER,SOCIAL_HOUSING,255,0,193,1329352,0.0,0.0,0.0,0.0,0.0,LOW,MEDIUM,MEDIUM,5,COST_BASED,COST_BASED,false,false
2,social_learning_factor_low,1,2029,NATURAL_GAS_BOILER,SOCIAL_HOUSING,190,0,65,1329352,0.0,0.0,0.0,0.0,0.0,LOW,MEDIUM,MEDIUM,5,COST_BASED,COST_BASED,false,false
2,social_learning_factor_low,1,2030,NATURAL_GAS_BOILER,SOCIAL_HOUSING,108,0,82,1329352,0.0,0.0,0.0,0.0,0.0,LOW,MEDIUM,MEDIUM,5,COST_BASED,COST_BASED,false,false
2,social_learning_factor_low,1,2031,NATURAL_GAS_BOILER,SOCIAL_HOUSING,98,0,10,1329352,0.0,0.0,0.0,0.0,0.0,LOW,MEDIUM,MEDIUM,5,COST_BASED,COST_BASED,false,false
2,social_learning_factor_low,1,2032,NATURAL_GAS_BOILER,SOCIAL_HOUSING,71,0,27,1329352,0.0,0.0,0.0,0.0,0.0,LOW,MEDIUM,MEDIUM,5,COST_BASED,COST_BASED,false,false
2,social_learning_factor_low,1,2033,NATURAL_GAS_BOILER,SOCIAL_HOUSING,53,0,18,1329352,0.0,0.0,0.0,0.0,0.0,LOW,MEDIUM,MEDIUM,5,COST_BASED,COST_BASED,false,false
2,social_learning_factor_low,1,2034,NATURAL_GAS_BOILER,SOCIAL_HOUSING,36,0,17,1329352,0.0,0.0,0.0,0.0,0.0,LOW,MEDIUM,MEDIUM,5,COST_BASED,COST_BASED,false,false
2,social_learning_factor_low,1,2035,NATURAL_GAS_BOILER,SOCIAL_HOUSING,16,0,20,1329352,0.0,0.0,0.0,0.0,0.0,LOW,MEDIUM,MEDIUM,5,COST_BASED,COST_BASED,false,false
2,social_learning_factor_low,1,2036,NATURAL_GAS_BOILER,SOCIAL_HOUSING,0,0,16,1329352,0.0,0.0,0.0,0.0,0.0,LOW,MEDIUM,MEDIUM,5,COST_BASED,COST_BASED,false,false
2,social_learning_factor_low,1,2037,NATURAL_GAS_BOILER,SOCIAL_HOUSING,0,0,0,1329352,0.0,0.0,0.0,0.0,0.0,LOW,MEDIUM,MEDIUM,5,COST_BASED,COST_BASED,false,false
2,social_learning_factor_low,1,2038,NATURAL_GAS_BOILER,SOCIAL_HOUSING,0,0,0,1329352,0.0,0.0,0.0,0.0,0.0,LOW,MEDIUM,MEDIUM,5,COST_BASED,COST_BASED,false,false
2,social_learning_factor_low,1,2039,NATURAL_GAS_BOILER,SOCIAL_HOUSING,0,0,0,1329352,0.0,0.0,0.0,0.0,0.0,LOW,MEDIUM,MEDIUM,5,COST_BASED,COST_BASED,false,false
2,social_learning_factor_low,1,2040,NATURAL_GAS_BOILER,SOCIAL_HOUSING,0,0,0,1329352,0.0,0.0,0.0,0.0,0.0,LOW,MEDIUM,MEDIUM,5,COST_BASED,COST_BASED,false,false
2,social_learning_factor_low,1,2041,NATURAL_GAS_BOILER,SOCIAL_HOUSING,0,0,0,1329352,0.0,0.0,0.0,0.0,0.0,LOW,MEDIUM,MEDIUM,5,COST_BASED,COST_BASED,false,false
2,social_learning_factor_low,1,2042,NATURAL_GAS_BOILER,SOCIAL_HOUSING,0,0,0,1329352,0.0,0.0,0.0,0.0,0.0,LOW,MEDIUM,MEDIUM,5,COST_BASED,COST_BASED,false,false
2,social_learning_factor_low,1,2043,NATURAL_GAS_BOILER,SOCIAL_HOUSING,0,0,0,1329352,0.0,0.0,0.0,0.0,0.0,LOW,MEDIUM,MEDIUM,5,COST_BASED,COST_BASED,false,false
2,social_learning_factor_low,1,2044,NATURAL_GAS_BOILER,SOCIAL_HOUSING,0,0,0,1329352,0.0,0.0,0.0,0.0,0.0,LOW,MEDIUM,MEDIUM,5,COST_BASED,COST_BASED,false,false
2,social_learning_factor_low,1,2045,NATURAL_GAS_BOILER,SOCIAL_HOUSING,0,0,0,1329352,0.0,0.0,0.0,0.0,0.0,LOW,MEDIUM,MEDIUM,5,COST_BASED,COST_BASED,false,false
2,social_learning_factor_low,1,2046,NATURAL_GAS_BOILER,SOCIAL_HOUSING,0,0,0,1329352,0.0,0.0,0.0,0.0,0.0,LOW,MEDIUM,MEDIUM,5,COST_BASED,COST_BASED,false,false
2,social_learning_factor_low,1,2047,NATURAL_GAS_BOILER,SOCIAL_HOUSING,0,0,0,1329352,0.0,0.0,0.0,0.0,0.0,LOW,MEDIUM,MEDIUM,5,COST_BASED,COST_BASED,false,false
2,social_learning_factor_low,1,2048,NATURAL_GAS_BOILER,SOCIAL_HOUSING,0,0,0,1329352,0.0,0.0,0.0,0.0,0.0,LOW,MEDIUM,MEDIUM,5,COST_BASED,COST_BASED,false,false
2,social_learning_factor_low,1,2049,NATURAL_GAS_BOILER,SOCIAL_HOUSING,0,0,0,1329352,0.0,0.0,0.0,0.0,0.0,LOW,MEDIUM,MEDIUM,5,COST_BASED,COST_BASED,false,false
2,social_learning_factor_low,1,2050,NATURAL_GAS_BOILER,SOCIAL_HOUSING,0,0,0,1329352,0.0,0.0,0.0,0.0,0.0,LOW,MEDIUM,MEDIUM,5,COST_BASED,COST_BASED,false,false
2,social_learning_factor_low,1,2024,NATURAL_GAS_BOILER,PRIVATELY_RENTED,929358,929358,0,929358,0.0,0.0,0.0,0.0,0.0,LOW,MEDIUM,MEDIUM,5,COST_BASED,COST_BASED,false,false
2,social_learning_factor_low,1,2025,NATURAL_GAS_BOILER,PRIVATELY_RENTED,802135,0,127223,929358,0.0,0.0,0.0,0.0,0.0,LOW,MEDIUM,MEDIUM,5,COST_BASED,COST_BASED,false,false
2,social_learning_factor_low,1,2026,NATURAL_GAS_BOILER,PRIVATELY_RENTED,726152,0,75983,929358,0.0,0.0,0.0,0.0,0.0,LOW,MEDIUM,MEDIUM,5,COST_BASED,COST_BASED,false,false
2,social_learning_factor_low,1,2027,NATURAL_GAS_BOILER,PRIVATELY_RENTED,651569,2,74585,929360,0.0,0.0,0.0,0.0,0.0,LOW,MEDIUM,MEDIUM,5,COST_BASED,COST_BASED,false,false
2,social_learning_factor_low,1,2028,NATURAL_GAS_BOILER,PRIVATELY_RENTED,575528,4,76045,929364,0.0,0.0,0.0,0.0,0.0,LOW,MEDIUM,MEDIUM,5,COST_BASED,COST_BASED,false,false
2,social_learning_factor_low,1,2029,NATURAL_GAS_BOILER,PRIVATELY_RENTED,500026,8,75510,929372,0.0,0.0,0.0,0.0,0.0,LOW,MEDIUM,MEDIUM,5,COST_BASED,COST_BASED,false,false
2,social_learning_factor_low,1,2030,NATURAL_GAS_BOILER,PRIVATELY_RENTED,423845,7,76188,929379,0.0,0.0,0.0,0.0,0.0,LOW,MEDIUM,MEDIUM,5,COST_BASED,COST_BASED,false,false
2,social_learning_factor_low,1,2031,NATURAL_GAS_BOILER,PRIVATELY_RENTED,347176,6,76675,929385,0.0,0.0,0.0,0.0,0.0,LOW,MEDIUM,MEDIUM,5,COST_BASED,COST_BASED,false,false
2,social_learning_factor_low,1,2032,NATURAL_GAS_BOILER,PRIVATELY_RENTED,270306,15,76885,929400,0.0,0.0,0.0,0.0,0.0,LOW,MEDIUM,MEDIUM,5,COST_BASED,COST_BASED,false,false
2,social_learning_factor_low,1,2033,NATURAL_GAS_BOILER,PRIVATELY_RENTED,195256,13,75063,929413,0.0,0.0,0.0,0.0,0.0,LOW,MEDIUM,MEDIUM,5,COST_BASED,COST_BASED,false,false
2,social_learning_factor_low,1,2034,NATURAL_GAS_BOILER,PRIVATELY_RENTED,123085,11,72182,929424,0.0,0.0,0.0,0.0,0.0,LOW,MEDIUM,MEDIUM,5,COST_BASED,COST_BASED,false,false
2,social_learning_factor_low,1,2035,NATURAL_GAS_BOILER,PRIVATELY_RENTED,50487,21,72619,929445,0.0,0.0,0.0,0.0,0.0,LOW,MEDIUM,MEDIUM,5,COST_BASED,COST_BASED,false,false
2,social_learning_factor_low,1,2036,NATURAL_GAS_BOILER,PRIVATELY_RENTED,121,34,50400,929479,0.0,0.0,0.0,0.0,0.0,LOW,MEDIUM,MEDIUM,5,COST_BASED,COST_BASED,false,false
2,social_learning_factor_low,1,2037,NATURAL_GAS_BOILER,PRIVATELY_RENTED,166,45,0,929524,0.0,0.0,0.0,0.0,0.0,LOW,MEDIUM,MEDIUM,5,COST_BASED,COST_BASED,false,false
2,social_learning_factor_low,1,2038,NATURAL_GAS_BOILER,PRIVATELY_RENTED,198,32,0,929556,0.0,0.0,0.0,0.0,0.0,LOW,MEDIUM,MEDIUM,5,COST_BASED,COST_BASED,false,false
2,social_learning_factor_low,1,2039,NATURAL_GAS_BOILER,PRIVATELY_RENTED,199,3,2,929559,0.0,0.0,0.0,0.0,0.0,LOW,MEDIUM,MEDIUM,5,COST_BASED,COST_BASED,false,false
2,social_learning_factor_low,1,2040,NATURAL_GAS_BOILER,PRIVATELY_RENTED,201,6,4,929565,0.0,0.0,0.0,0.0,0.0,LOW,MEDIUM,MEDIUM,5,COST_BASED,COST_BASED,false,false
2,social_learning_factor_low,1,2041,NATURAL_GAS_BOILER,PRIVATELY_RENTED,201,8,8,929573,0.0,0.0,0.0,0.0,0.0,LOW,MEDIUM,MEDIUM,5,COST_BASED,COST_BASED,false,false
2,social_learning_factor_low,1,2042,NATURAL_GAS_BOILER,PRIVATELY_RENTED,201,7,7,929580,0.0,0.0,0.0,0.0,0.0,LOW,MEDIUM,MEDIUM,5,COST_BASED,COST_BASED,false,false
2,social_learning_factor_low,1,2043,NATURAL_GAS_BOILER,PRIVATELY_RENTED,201,6,6,929586,0.0,0.0,0.0,0.0,0.0,LOW,MEDIUM,MEDIUM,5,COST_BASED,COST_BASED,false,false
2,social_learning_factor_low,1,2044,NATURAL_GAS_BOILER,PRIVATELY_RENTED,201,15,15,929601,0.0,0.0,0.0,0.0,0.0,LOW,MEDIUM,MEDIUM,5,COST_BASED,COST_BASED,false,false
2,social_learning_factor_low,1,2045,NATURAL_GAS_BOILER,PRIVATELY_RENTED,201,13,13,929614,0.0,0.0,0.0,0.0,0.0,LOW,MEDIUM,MEDIUM,5,COST_BASED,COST_BASED,false,false
2,social_learning_factor_low,1,2046,NATURAL_GAS_BOILER,PRIVATELY_RENTED,202,12,11,929626,0.0,0.0,0.0,0.0,0.0,LOW,MEDIUM,MEDIUM,5,COST_BASED,COST_BASED,false,false
2,social_learning_factor_low,1,2047,NATURAL_GAS_BOILER,PRIVATELY_RENTED,202,21,21,929647,0.0,0.0,0.0,0.0,0.0,LOW,MEDIUM,MEDIUM,5,COST_BASED,COST_BASED,false,false
2,social_learning_factor_low,1,2048,NATURAL_GAS_BOILER,PRIVATELY_RENTED,203,35,34,929682,0.0,0.0,0.0,0.0,0.0,LOW,MEDIUM,MEDIUM,5,COST_BASED,COST_BASED,false,false
2,social_learning_factor_low,1,2049,NATURAL_GAS_BOILER,PRIVATELY_RENTED,203,45,45,929727,0.0,0.0,0.0,0.0,0.0,LOW,MEDIUM,MEDIUM,5,COST_BASED,COST_BASED,false,false
2,social_learning_factor_low,1,2050,NATURAL_GAS_BOILER,PRIVATELY_RENTED,203,32,32,929759,0.0,0.0,0.0,0.0,0.0,LOW,MEDIUM,MEDIUM,5,COST_BASED,COST_BASED,false,false
2,social_learning_factor_low,1,2024,NATURAL_GAS_BLOCK,TOTAL,464450,464450,0,464450,0.0,0.0,0.0,0.0,0.0,LOW,MEDIUM,MEDIUM,5,COST_BASED,COST_BASED,false,false
2,social_learning_factor_low,1,2025,NATURAL_GAS_BLOCK,TOTAL,318531,497,146416,464947,0.28532834556248454,0.64700250582958,0.06385166483109536,1120.5508645421417,0.7675605592519414,LOW,MEDIUM,MEDIUM,5,COST_BASED,COST_BASED,false,false
2,social_learning_factor_low,1,2026,NATURAL_GAS_BLOCK,TOTAL,290248,282,28565,465229,0.28682649698590784,0.6492683442585924,0.057247354431842756,1130.9877442970128,0.7700822933494836,LOW,MEDIUM,MEDIUM,5,COST_BASED,COST_BASED,false,false
2,social_learning_factor_low,1,2027,NATURAL_GAS_BLOCK,TOTAL,262696,293,27845,465522,0.28640547996825627,0.6461754231856612,0.052745365981265974,1133.584649451301,0.7660987375914583,LOW,MEDIUM,MEDIUM,5,COST_BASED,COST_BASED,false,false
2,social_learning_factor_low,1,2028,NATURAL_GAS_BLOCK,TOTAL,234602,274,28368,465796,0.2852385394064056,0.6491288193164342,0.04738833832676165,1132.3786167615947,0.770425579286439,LOW,MEDIUM,MEDIUM,5,COST_BASED,COST_BASED,false,false
2,social_learning_factor_low,1,2029,NATURAL_GAS_BLOCK,TOTAL,206807,234,28029,466030,0.2855890408287321,0.6468478105042448,0.04227972706616147,1133.812903438282,0.7672674003960807,LOW,MEDIUM,MEDIUM,5,COST_BASED,COST_BASED,false,false
2,social_learning_factor_low,1,2030,NATURAL_GAS_BLOCK,TOTAL,178938,255,28124,466285,0.2873294539396381,0.6476788531874537,0.037115945811879,1131.5017909475741,0.7677953196033839,LOW,MEDIUM,MEDIUM,5,COST_BASED,COST_BASED,false,false
2,social_learning_factor_low,1,2031,NATURAL_GAS_BLOCK,TOTAL,150756,254,28436,466539,0.2856640983926315,0.6466863598099116,0.031022625975288917,1116.2838282793439,0.7670271136156764,LOW,MEDIUM,MEDIUM,5,COST_BASED,COST_BASED,false,false
2,social_learning_factor_low,1,2032,NATURAL_GAS_BLOCK,TOTAL,122393,244,28607,466783,0.28646581592230247,0.6496645537127147,0.02613963699100562,1117.315933633473,0.7707307996428523,LOW,MEDIUM,MEDIUM,5,COST_BASED,COST_BASED,false,false
2,social_learning_factor_low,1,2033,NATURAL_GAS_BLOCK,TOTAL,91032,259,31620,467042,0.2857332050584296,0.6486282763917132,0.02028063984316715,1078.3849136608362,0.7695933001694685,LOW,MEDIUM,MEDIUM,5,COST_BASED,COST_BASED,false,false
2,social_learning_factor_low,1,2034,NATURAL_GAS_BLOCK,TOTAL,57510,338,33860,467380,0.28545479708719596,0.6487784118471539,0.013522297271322214,1009.2624013528748,0.769886283433806,LOW,MEDIUM,MEDIUM,5,COST_BASED,COST_BASED,false,false
2,social_learning_factor_low,1,2035,NATURAL_GAS_BLOCK,TOTAL,22717,359,35152,467739,0.28561817658147276,0.6508146851822143,0.007776543398508187,990.3871725855697,0.7725468547158065,LOW,MEDIUM,MEDIUM,5,COST_BASED,COST_BASED,false,false
2,social_learning_factor_low,1,2036,NATURAL_GAS_BLOCK,TOTAL,3461,172,19428,467911,0.28641123747247305,0.6502588750286703,0.0026032097458831296,1075.1841175987518,0.7715414208807374,LOW,MEDIUM,MEDIUM,5,COST_BASED,COST_BASED,false,false
2,social_learning_factor_low,1,2037,NATURAL_GAS_BLOCK,TOTAL,3359,395,497,468306,0.3454603709821311,0.6638264050534393,7.957207630960325E-4,870.8983568972105,0.7699484164105439,LOW,MEDIUM,MEDIUM,5,COST_BASED,COST_BASED,false,false
2,social_learning_factor_low,1,2038,NATURAL_GAS_BLOCK,TOTAL,3310,233,282,468539,0.3286649732566628,0.6544766152838645,9.353426775307118E-4,885.5067764625151,0.7630804959595994,LOW,MEDIUM,MEDIUM,5,COST_BASED,COST_BASED,false,false
2,social_learning_factor_low,1,2039,NATURAL_GAS_BLOCK,TOTAL,3271,254,293,468793,0.421871704915133,0.6790730846626424,7.125658632412405E-4,990.6339370829361,0.7648068779118143,LOW,MEDIUM,MEDIUM,5,COST_BASED,COST_BASED,false,false
2,social_learning_factor_low,1,2040,NATURAL_GAS_BLOCK,TOTAL,3224,227,274,469020,0.26797008535393363,0.6330383837315594,8.339483606068994E-4,1120.8393624107123,0.7547278165241028,LOW,MEDIUM,MEDIUM,5,COST_BASED,COST_BASED,false,false
2,social_learning_factor_low,1,2041,NATURAL_GAS_BLOCK,TOTAL,3189,199,234,469219,0.2727256068693464,0.6354085438629875,8.362428925934495E-4,1129.1992100621214,0.7563028561942033,LOW,MEDIUM,MEDIUM,5,COST_BASED,COST_BASED,false,false
2,social_learning_factor_low,1,2042,NATURAL_GAS_BLOCK,TOTAL,3156,222,255,469441,0.272414796215881,0.6333650039931704,7.525494637521464E-4,1135.4599961663791,0.7536817399189462,LOW,MEDIUM,MEDIUM,5,COST_BASED,COST_BASED,false,false
2,social_learning_factor_low,1,2043,NATURAL_GAS_BLOCK,TOTAL,3108,206,254,469647,0.2719409481123274,0.6349301932661309,7.466591698533681E-4,1133.180121594582,0.7559266083173992,LOW,MEDIUM,MEDIUM,5,COST_BASED,COST_BASED,false,false
2,social_learning_factor_low,1,2044,NATURAL_GAS_BLOCK,TOTAL,3079,215,244,469862,0.2735344153931342,0.6339682528209426,7.61891948596279E-4,1137.9681051377627,0.7541128652968743,LOW,MEDIUM,MEDIUM,5,COST_BASED,COST_BASED,false,false
2,social_learning_factor_low,1,2045,NATURAL_GAS_BLOCK,TOTAL,3051,231,259,470093,0.27491088442970585,0.6332777634327487,7.334667939057785E-4,1132.3099176674975,0.752733389767094,LOW,MEDIUM,MEDIUM,5,COST_BASED,COST_BASED,false,false
2,social_learning_factor_low,1,2046,NATURAL_GAS_BLOCK,TOTAL,3014,301,338,470394,0.2773461571143465,0.631816291971318,6.813006397199779E-4,1116.778844064605,0.7499730035903064,LOW,MEDIUM,MEDIUM,5,COST_BASED,COST_BASED,false,false
2,social_learning_factor_low,1,2047,NATURAL_GAS_BLOCK,TOTAL,2978,323,359,470717,0.27954339523912636,0.6370670585587861,7.119886212654432E-4,1117.412974915652,0.7562416129986713,LOW,MEDIUM,MEDIUM,5,COST_BASED,COST_BASED,false,false
2,social_learning_factor_low,1,2048,NATURAL_GAS_BLOCK,TOTAL,2953,147,172,470864,0.2701118645134764,0.6331289962314747,7.707353191708836E-4,1085.6255487983349,0.7541347068041342,LOW,MEDIUM,MEDIUM,5,COST_BASED,COST_BASED,false,false
2,social_learning_factor_low,1,2049,NATURAL_GAS_BLOCK,TOTAL,2896,338,395,471202,0.2702656574595783,0.6332294069232115,6.991707620790001E-4,1024.8303405572756,0.7542173234111,LOW,MEDIUM,MEDIUM,5,COST_BASED,COST_BASED,false,false
2,social_learning_factor_low,1,2050,NATURAL_GAS_BLOCK,TOTAL,2863,200,233,471402,0.2688870503817927,0.6362187322005478,7.084776095436938E-4,991.9285697911652,0.7586626261401274,LOW,MEDIUM,MEDIUM,5,COST_BASED,COST_BASED,false,false
2,social_learning_factor_low,1,2024,NATURAL_GAS_BLOCK,PRIVATELY_OWNED,276616,276616,0,276616,0.0,0.0,0.0,0.0,0.0,LOW,MEDIUM,MEDIUM,5,COST_BASED,COST_BASED,false,false
2,social_learning_factor_low,1,2025,NATURAL_GAS_BLOCK,PRIVATELY_OWNED,241183,497,35930,277113,0.28532834556248454,0.64700250582958,0.06385166483109536,1120.5508645421417,0.7675605592519414,LOW,MEDIUM,MEDIUM,5,COST_BASED,COST_BASED,false,false
2,social_learning_factor_low,1,2026,NATURAL_GAS_BLOCK,PRIVATELY_OWNED,220224,282,21241,277395,0.28682649698590784,0.6492683442585924,0.057247354431842756,1130.9877442970128,0.7700822933494836,LOW,MEDIUM,MEDIUM,5,COST_BASED,COST_BASED,false,false
2,social_learning_factor_low,1,2027,NATURAL_GAS_BLOCK,PRIVATELY_OWNED,199660,293,20857,277688,0.28640547996825627,0.6461754231856612,0.052745365981265974,1133.584649451301,0.7660987375914583,LOW,MEDIUM,MEDIUM,5,COST_BASED,COST_BASED,false,false
2,social_learning_factor_low,1,2028,NATURAL_GAS_BLOCK,PRIVATELY_OWNED,178758,274,21176,277962,0.2852385394064056,0.6491288193164342,0.04738833832676165,1132.3786167615947,0.770425579286439,LOW,MEDIUM,MEDIUM,5,COST_BASED,COST_BASED,false,false
2,social_learning_factor_low,1,2029,NATURAL_GAS_BLOCK,PRIVATELY_OWNED,157835,234,21157,278196,0.2855890408287321,0.6468478105042448,0.042279727066161475,1133.812903438282,0.7672674003960807,LOW,MEDIUM,MEDIUM,5,COST_BASED,COST_BASED,false,false
2,social_learning_factor_low,1,2030,NATURAL_GAS_BLOCK,PRIVATELY_OWNED,136811,255,21279,278451,0.2873294539396381,0.6476788531874537,0.037115945811879,1131.5017909475741,0.7677953196033839,LOW,MEDIUM,MEDIUM,5,COST_BASED,COST_BASED,false,false
2,social_learning_factor_low,1,2031,NATURAL_GAS_BLOCK,PRIVATELY_OWNED,115452,254,21613,278705,0.2856640983926315,0.6466863598099116,0.031022625975288917,1116.2838282793439,0.7670271136156764,LOW,MEDIUM,MEDIUM,5,COST_BASED,COST_BASED,false,false
2,social_learning_factor_low,1,2032,NATURAL_GAS_BLOCK,PRIVATELY_OWNED,94262,244,21434,278949,0.28646581592230247,0.6496645537127147,0.02613963699100562,1117.315933633473,0.7707307996428523,LOW,MEDIUM,MEDIUM,5,COST_BASED,COST_BASED,false,false
2,social_learning_factor_low,1,2033,NATURAL_GAS_BLOCK,PRIVATELY_OWNED,71070,259,23451,279208,0.2857332050584296,0.6486282763917132,0.02028063984316715,1078.3849136608362,0.7695933001694685,LOW,MEDIUM,MEDIUM,5,COST_BASED,COST_BASED,false,false
2,social_learning_factor_low,1,2034,NATURAL_GAS_BLOCK,PRIVATELY_OWNED,45204,338,26204,279546,0.28545479708719596,0.6487784118471539,0.013522297271322214,1009.2624013528748,0.7698862834338059,LOW,MEDIUM,MEDIUM,5,COST_BASED,COST_BASED,false,false
2,social_learning_factor_low,1,2035,NATURAL_GAS_BLOCK,PRIVATELY_OWNED,17852,359,27711,279905,0.28561817658147276,0.6508146851822143,0.007776543398508187,990.3871725855697,0.7725468547158065,LOW,MEDIUM,MEDIUM,5,COST_BASED,COST_BASED,false,false
2,social_learning_factor_low,1,2036,NATURAL_GAS_BLOCK,PRIVATELY_OWNED,3461,172,14563,280077,0.28641123747247305,0.6502588750286703,0.0026032097458831296,1075.1841175987518,0.7715414208807374,LOW,MEDIUM,MEDIUM,5,COST_BASED,COST_BASED,false,false
2,social_learning_factor_low,1,2037,NATURAL_GAS_BLOCK,PRIVATELY_OWNED,3359,395,497,280472,0.34546037098213117,0.6638264050534393,7.957207630960325E-4,870.8983568972105,0.7699484164105439,LOW,MEDIUM,MEDIUM,5,COST_BASED,COST_BASED,false,false
2,social_learning_factor_low,1,2038,NATURAL_GAS_BLOCK,PRIVATELY_OWNED,3310,233,282,280705,0.3286649732566628,0.6544766152838645,9.353426775307117E-4,885.5067764625151,0.7630804959595994,LOW,MEDIUM,MEDIUM,5,COST_BASED,COST_BASED,false,false
2,social_learning_factor_low,1,2039,NATURAL_GAS_BLOCK,PRIVATELY_OWNED,3271,254,293,280959,0.421871704915133,0.6790730846626424,7.125658632412405E-4,990.6339370829361,0.7648068779118143,LOW,MEDIUM,MEDIUM,5,COST_BASED,COST_BASED,false,false
2,social_learning_factor_low,1,2040,NATURAL_GAS_BLOCK,PRIVATELY_OWNED,3224,227,274,281186,0.26797008535393363,0.6330383837315594,8.339483606068994E-4,1120.8393624107123,0.7547278165241028,LOW,MEDIUM,MEDIUM,5,COST_BASED,COST_BASED,false,false
2,social_learning_factor_low,1,2041,NATURAL_GAS_BLOCK,PRIVATELY_OWNED,3189,199,234,281385,0.2727256068693464,0.6354085438629875,8.362428925934495E-4,1129.1992100621214,0.7563028561942033,LOW,MEDIUM,MEDIUM,5,COST_BASED,COST_BASED,false,false
2,social_learning_factor_low,1,2042,NATURAL_GAS_BLOCK,PRIVATELY_OWNED,3156,222,255,281607,0.272414796215881,0.6333650039931704,7.525494637521464E-4,1135.4599961663791,0.7536817399189462,LOW,MEDIUM,MEDIUM,5,COST_BASED,COST_BASED,false,false
2,social_learning_factor_low,1,2043,NATURAL_GAS_BLOCK,PRIVATELY_OWNED,3108,206,254,281813,0.2719409481123274,0.6349301932661309,7.466591698533681E-4,1133.180121594582,0.7559266083173992,LOW,MEDIUM,MEDIUM,5,COST_BASED,COST_BASED,false,false
2,social_learning_factor_low,1,2044,NATURAL_GAS_BLOCK,PRIVATELY_OWNED,3079,215,244,282028,0.2735344153931342,0.6339682528209426,7.61891948596279E-4,1137.9681051377627,0.7541128652968743,LOW,MEDIUM,MEDIUM,5,COST_BASED,COST_BASED,false,false
2,social_learning_factor_low,1,2045,NATURAL_GAS_BLOCK,PRIVATELY_OWNED,3051,231,259,282259,0.27491088442970585,0.6332777634327487,7.334667939057785E-4,1132.3099176674975,0.752733389767094,LOW,MEDIUM,MEDIUM,5,COST_BASED,COST_BASED,false,false
2,social_learning_factor_low,1,2046,NATURAL_GAS_BLOCK,PRIVATELY_OWNED,3014,301,338,282560,0.2773461571143465,0.631816291971318,6.813006397199779E-4,1116.778844064605,0.7499730035903064,LOW,MEDIUM,MEDIUM,5,COST_BASED,COST_BASED,false,false
2,social_learning_factor_low,1,2047,NATURAL_GAS_BLOCK,PRIVATELY_OWNED,2978,323,359,282883,0.27954339523912636,0.6370670585587861,7.119886212654432E-4,1117.412974915652,0.7562416129986713,LOW,MEDIUM,MEDIUM,5,COST_BASED,COST_BASED,false,false
2,social_learning_factor_low,1,2048,NATURAL_GAS_BLOCK,PRIVATELY_OWNED,2953,147,172,283030,0.2701118645134764,0.6331289962314747,7.707353191708836E-4,1085.6255487983349,0.7541347068041342,LOW,MEDIUM,MEDIUM,5,COST_BASED,COST_BASED,false,false
2,social_learning_factor_low,1,2049,NATURAL_GAS_BLOCK,PRIVATELY_OWNED,2896,338,395,283368,0.2702656574595783,0.6332294069232115,6.991707620790001E-4,1024.8303405572756,0.7542173234111,LOW,MEDIUM,MEDIUM,5,COST_BASED,COST_BASED,false,false
2,social_learning_factor_low,1,2050,NATURAL_GAS_BLOCK,PRIVATELY_OWNED,2863,200,233,283568,0.2688870503817927,0.6362187322005478,7.084776095436938E-4,991.9285697911652,0.7586626261401274,LOW,MEDIUM,MEDIUM,5,COST_BASED,COST_BASED,false,false
2,social_learning_factor_low,1,2024,NATURAL_GAS_BLOCK,SOCIAL_HOUSING,98410,98410,0,98410,0.0,0.0,0.0,0.0,0.0,LOW,MEDIUM,MEDIUM,5,COST_BASED,COST_BASED,false,false
2,social_learning_factor_low,1,2025,NATURAL_GAS_BLOCK,SOCIAL_HOUSING,125,0,98285,98410,0.0,0.0,0.0,0.0,0.0,LOW,MEDIUM,MEDIUM,5,COST_BASED,COST_BASED,false,false
2,social_learning_factor_low,1,2026,NATURAL_GAS_BLOCK,SOCIAL_HOUSING,35,0,90,98410,0.0,0.0,0.0,0.0,0.0,LOW,MEDIUM,MEDIUM,5,COST_BASED,COST_BASED,false,false
2,social_learning_factor_low,1,2027,NATURAL_GAS_BLOCK,SOCIAL_HOUSING,13,0,22,98410,0.0,0.0,0.0,0.0,0.0,LOW,MEDIUM,MEDIUM,5,COST_BASED,COST_BASED,false,false
2,social_learning_factor_low,1,2028,NATURAL_GAS_BLOCK,SOCIAL_HOUSING,9,0,4,98410,0.0,0.0,0.0,0.0,0.0,LOW,MEDIUM,MEDIUM,5,COST_BASED,COST_BASED,false,false
2,social_learning_factor_low,1,2029,NATURAL_GAS_BLOCK,SOCIAL_HOUSING,7,0,2,98410,0.0,0.0,0.0,0.0,0.0,LOW,MEDIUM,MEDIUM,5,COST_BASED,COST_BASED,false,false
2,social_learning_factor_low,1,2030,NATURAL_GAS_BLOCK,SOCIAL_HOUSING,5,0,2,98410,0.0,0.0,0.0,0.0,0.0,LOW,MEDIUM,MEDIUM,5,COST_BASED,COST_BASED,false,false
2,social_learning_factor_low,1,2031,NATURAL_GAS_BLOCK,SOCIAL_HOUSING,2,0,3,98410,0.0,0.0,0.0,0.0,0.0,LOW,MEDIUM,MEDIUM,5,COST_BASED,COST_BASED,false,false
2,social_learning_factor_low,1,2032,NATURAL_GAS_BLOCK,SOCIAL_HOUSING,2,0,0,98410,0.0,0.0,0.0,0.0,0.0,LOW,MEDIUM,MEDIUM,5,COST_BASED,COST_BASED,false,false
2,social_learning_factor_low,1,2033,NATURAL_GAS_BLOCK,SOCIAL_HOUSING,1,0,1,98410,0.0,0.0,0.0,0.0,0.0,LOW,MEDIUM,MEDIUM,5,COST_BASED,COST_BASED,false,false
2,social_learning_factor_low,1,2034,NATURAL_GAS_BLOCK,SOCIAL_HOUSING,1,0,0,98410,0.0,0.0,0.0,0.0,0.0,LOW,MEDIUM,MEDIUM,5,COST_BASED,COST_BASED,false,false
2,social_learning_factor_low,1,2035,NATURAL_GAS_BLOCK,SOCIAL_HOUSING,1,0,0,98410,0.0,0.0,0.0,0.0,0.0,LOW,MEDIUM,MEDIUM,5,COST_BASED,COST_BASED,false,false
2,social_learning_factor_low,1,2036,NATURAL_GAS_BLOCK,SOCIAL_HOUSING,0,0,1,98410,0.0,0.0,0.0,0.0,0.0,LOW,MEDIUM,MEDIUM,5,COST_BASED,COST_BASED,false,false
2,social_learning_factor_low,1,2037,NATURAL_GAS_BLOCK,SOCIAL_HOUSING,0,0,0,98410,0.0,0.0,0.0,0.0,0.0,LOW,MEDIUM,MEDIUM,5,COST_BASED,COST_BASED,false,false
2,social_learning_factor_low,1,2038,NATURAL_GAS_BLOCK,SOCIAL_HOUSING,0,0,0,98410,0.0,0.0,0.0,0.0,0.0,LOW,MEDIUM,MEDIUM,5,COST_BASED,COST_BASED,false,false
2,social_learning_factor_low,1,2039,NATURAL_GAS_BLOCK,SOCIAL_HOUSING,0,0,0,98410,0.0,0.0,0.0,0.0,0.0,LOW,MEDIUM,MEDIUM,5,COST_BASED,COST_BASED,false,false
2,social_learning_factor_low,1,2040,NATURAL_GAS_BLOCK,SOCIAL_HOUSING,0,0,0,98410,0.0,0.0,0.0,0.0,0.0,LOW,MEDIUM,MEDIUM,5,COST_BASED,COST_BASED,false,false
2,social_learning_factor_low,1,2041,NATURAL_GAS_BLOCK,SOCIAL_HOUSING,0,0,0,98410,0.0,0.0,0.0,0.0,0.0,LOW,MEDIUM,MEDIUM,5,COST_BASED,COST_BASED,false,false
2,social_learning_factor_low,1,2042,NATURAL_GAS_BLOCK,SOCIAL_HOUSING,0,0,0,98410,0.0,0.0,0.0,0.0,0.0,LOW,MEDIUM,MEDIUM,5,COST_BASED,COST_BASED,false,false
2,social_learning_factor_low,1,2043,NATURAL_GAS_BLOCK,SOCIAL_HOUSING,0,0,0,98410,0.0,0.0,0.0,0.0,0.0,LOW,MEDIUM,MEDIUM,5,COST_BASED,COST_BASED,false,false
2,social_learning_factor_low,1,2044,NATURAL_GAS_BLOCK,SOCIAL_HOUSING,0,0,0,98410,0.0,0.0,0.0,0.0,0.0,LOW,MEDIUM,MEDIUM,5,COST_BASED,COST_BASED,false,false
2,social_learning_factor_low,1,2045,NATURAL_GAS_BLOCK,SOCIAL_HOUSING,0,0,0,98410,0.0,0.0,0.0,0.0,0.0,LOW,MEDIUM,MEDIUM,5,COST_BASED,COST_BASED,false,false
2,social_learning_factor_low,1,2046,NATURAL_GAS_BLOCK,SOCIAL_HOUSING,0,0,0,98410,0.0,0.0,0.0,0.0,0.0,LOW,MEDIUM,MEDIUM,5,COST_BASED,COST_BASED,false,false
2,social_learning_factor_low,1,2047,NATURAL_GAS_BLOCK,SOCIAL_HOUSING,0,0,0,98410,0.0,0.0,0.0,0.0,0.0,LOW,MEDIUM,MEDIUM,5,COST_BASED,COST_BASED,false,false
2,social_learning_factor_low,1,2048,NATURAL_GAS_BLOCK,SOCIAL_HOUSING,0,0,0,98410,0.0,0.0,0.0,0.0,0.0,LOW,MEDIUM,MEDIUM,5,COST_BASED,COST_BASED,false,false
2,social_learning_factor_low,1,2049,NATURAL_GAS_BLOCK,SOCIAL_HOUSING,0,0,0,98410,0.0,0.0,0.0,0.0,0.0,LOW,MEDIUM,MEDIUM,5,COST_BASED,COST_BASED,false,false
2,social_learning_factor_low,1,2050,NATURAL_GAS_BLOCK,SOCIAL_HOUSING,0,0,0,98410,0.0,0.0,0.0,0.0,0.0,LOW,MEDIUM,MEDIUM,5,COST_BASED,COST_BASED,false,false
2,social_learning_factor_low,1,2024,NATURAL_GAS_BLOCK,PRIVATELY_RENTED,89424,89424,0,89424,0.0,0.0,0.0,0.0,0.0,LOW,MEDIUM,MEDIUM,5,COST_BASED,COST_BASED,false,false
2,social_learning_factor_low,1,2025,NATURAL_GAS_BLOCK,PRIVATELY_RENTED,77223,0,12201,89424,0.0,0.0,0.0,0.0,0.0,LOW,MEDIUM,MEDIUM,5,COST_BASED,COST_BASED,false,false
2,social_learning_factor_low,1,2026,NATURAL_GAS_BLOCK,PRIVATELY_RENTED,69989,0,7234,89424,0.0,0.0,0.0,0.0,0.0,LOW,MEDIUM,MEDIUM,5,COST_BASED,COST_BASED,false,false
2,social_learning_factor_low,1,2027,NATURAL_GAS_BLOCK,PRIVATELY_RENTED,63023,0,6966,89424,0.0,0.0,0.0,0.0,0.0,LOW,MEDIUM,MEDIUM,5,COST_BASED,COST_BASED,false,false
2,social_learning_factor_low,1,2028,NATURAL_GAS_BLOCK,PRIVATELY_RENTED,55835,0,7188,89424,0.0,0.0,0.0,0.0,0.0,LOW,MEDIUM,MEDIUM,5,COST_BASED,COST_BASED,false,false
2,social_learning_factor_low,1,2029,NATURAL_GAS_BLOCK,PRIVATELY_RENTED,48965,0,6870,89424,0.0,0.0,0.0,0.0,0.0,LOW,MEDIUM,MEDIUM,5,COST_BASED,COST_BASED,false,false
2,social_learning_factor_low,1,2030,NATURAL_GAS_BLOCK,PRIVATELY_RENTED,42122,0,6843,89424,0.0,0.0,0.0,0.0,0.0,LOW,MEDIUM,MEDIUM,5,COST_BASED,COST_BASED,false,false
2,social_learning_factor_low,1,2031,NATURAL_GAS_BLOCK,PRIVATELY_RENTED,35302,0,6820,89424,0.0,0.0,0.0,0.0,0.0,LOW,MEDIUM,MEDIUM,5,COST_BASED,COST_BASED,false,false
2,social_learning_factor_low,1,2032,NATURAL_GAS_BLOCK,PRIVATELY_RENTED,28129,0,7173,89424,0.0,0.0,0.0,0.0,0.0,LOW,MEDIUM,MEDIUM,5,COST_BASED,COST_BASED,false,false
2,social_learning_factor_low,1,2033,NATURAL_GAS_BLOCK,PRIVATELY_RENTED,19961,0,8168,89424,0.0,0.0,0.0,0.0,0.0,LOW,MEDIUM,MEDIUM,5,COST_BASED,COST_BASED,false,false
2,social_learning_factor_low,1,2034,NATURAL_GAS_BLOCK,PRIVATELY_RENTED,12305,0,7656,89424,0.0,0.0,0.0,0.0,0.0,LOW,MEDIUM,MEDIUM,5,COST_BASED,COST_BASED,false,false
2,social_learning_factor_low,1,2035,NATURAL_GAS_BLOCK,PRIVATELY_RENTED,4864,0,7441,89424,0.0,0.0,0.0,0.0,0.0,LOW,MEDIUM,MEDIUM,5,COST_BASED,COST_BASED,false,false
2,social_learning_factor_low,1,2036,NATURAL_GAS_BLOCK,PRIVATELY_RENTED,0,0,4864,89424,0.0,0.0,0.0,0.0,0.0,LOW,MEDIUM,MEDIUM,5,COST_BASED,COST_BASED,false,false
2,social_learning_factor_low,1,2037,NATURAL_GAS_BLOCK,PRIVATELY_RENTED,0,0,0,89424,0.0,0.0,0.0,0.0,0.0,LOW,MEDIUM,MEDIUM,5,COST_BASED,COST_BASED,false,false
2,social_learning_factor_low,1,2038,NATURAL_GAS_BLOCK,PRIVATELY_RENTED,0,0,0,89424,0.0,0.0,0.0,0.0,0.0,LOW,MEDIUM,MEDIUM,5,COST_BASED,COST_BASED,false,false
2,social_learning_factor_low,1,2039,NATURAL_GAS_BLOCK,PRIVATELY_RENTED,0,0,0,89424,0.0,0.0,0.0,0.0,0.0,LOW,MEDIUM,MEDIUM,5,COST_BASED,COST_BASED,false,false
2,social_learning_factor_low,1,2040,NATURAL_GAS_BLOCK,PRIVATELY_RENTED,0,0,0,89424,0.0,0.0,0.0,0.0,0.0,LOW,MEDIUM,MEDIUM,5,COST_BASED,COST_BASED,false,false
2,social_learning_factor_low,1,2041,NATURAL_GAS_BLOCK,PRIVATELY_RENTED,0,0,0,89424,0.0,0.0,0.0,0.0,0.0,LOW,MEDIUM,MEDIUM,5,COST_BASED,COST_BASED,false,false
2,social_learning_factor_low,1,2042,NATURAL_GAS_BLOCK,PRIVATELY_RENTED,0,0,0,89424,0.0,0.0,0.0,0.0,0.0,LOW,MEDIUM,MEDIUM,5,COST_BASED,COST_BASED,false,false
2,social_learning_factor_low,1,2043,NATURAL_GAS_BLOCK,PRIVATELY_RENTED,0,0,0,89424,0.0,0.0,0.0,0.0,0.0,LOW,MEDIUM,MEDIUM,5,COST_BASED,COST_BASED,false,false
2,social_learning_factor_low,1,2044,NATURAL_GAS_BLOCK,PRIVATELY_RENTED,0,0,0,89424,0.0,0.0,0.0,0.0,0.0,LOW,MEDIUM,MEDIUM,5,COST_BASED,COST_BASED,false,false
2,social_learning_factor_low,1,2045,NATURAL_GAS_BLOCK,PRIVATELY_RENTED,0,0,0,89424,0.0,0.0,0.0,0.0,0.0,LOW,MEDIUM,MEDIUM,5,COST_BASED,COST_BASED,false,false
2,social_learning_factor_low,1,2046,NATURAL_GAS_BLOCK,PRIVATELY_RENTED,0,0,0,89424,0.0,0.0,0.0,0.0,0.0,LOW,MEDIUM,MEDIUM,5,COST_BASED,COST_BASED,false,false
2,social_learning_factor_low,1,2047,NATURAL_GAS_BLOCK,PRIVATELY_RENTED,0,0,0,89424,0.0,0.0,0.0,0.0,0.0,LOW,MEDIUM,MEDIUM,5,COST_BASED,COST_BASED,false,false
2,social_learning_factor_low,1,2048,NATURAL_GAS_BLOCK,PRIVATELY_RENTED,0,0,0,89424,0.0,0.0,0.0,0.0,0.0,LOW,MEDIUM,MEDIUM,5,COST_BASED,COST_BASED,false,false
2,social_learning_factor_low,1,2049,NATURAL_GAS_BLOCK,PRIVATELY_RENTED,0,0,0,89424,0.0,0.0,0.0,0.0,0.0,LOW,MEDIUM,MEDIUM,5,COST_BASED,COST_BASED,false,false
2,social_learning_factor_low,1,2050,NATURAL_GAS_BLOCK,PRIVATELY_RENTED,0,0,0,89424,0.0,0.0,0.0,0.0,0.0,LOW,MEDIUM,MEDIUM,5,COST_BASED,COST_BASED,false,false
2,social_learning_factor_low,1,2024,DISTRICT_HEATING,TOTAL,572757,572757,0,572757,0.0,0.0,0.0,0.0,0.0,LOW,MEDIUM,MEDIUM,5,COST_BASED,COST_BASED,false,false
2,social_learning_factor_low,1,2025,DISTRICT_HEATING,TOTAL,451753,56649,177653,629406,0.6578097984436867,0.6373575207576972,0.12827163338967934,1445.9405079333733,0.6305400948623708,LOW,MEDIUM,MEDIUM,5,COST_BASED,COST_BASED,false,false
2,social_learning_factor_low,1,2026,DISTRICT_HEATING,TOTAL,480569,41216,12400,670622,0.563186471435628,0.5486383850907828,0.12150801877028362,1239.529138331831,0.543789022975831,LOW,MEDIUM,MEDIUM,5,COST_BASED,COST_BASED,false,false
2,social_learning_factor_low,1,2027,DISTRICT_HEATING,TOTAL,509653,44127,15043,714749,0.5363252966981435,0.5206889557161467,0.1238070052773874,1164.138565593284,0.5154768420554783,LOW,MEDIUM,MEDIUM,5,COST_BASED,COST_BASED,false,false
2,social_learning_factor_low,1,2028,DISTRICT_HEATING,TOTAL,544510,49214,14357,763963,0.5103851907202654,0.49901583113879355,0.12245595008346494,1107.4354913408524,0.4952260446116488,LOW,MEDIUM,MEDIUM,5,COST_BASED,COST_BASED,false,false
2,social_learning_factor_low,1,2029,DISTRICT_HEATING,TOTAL,578701,48140,13949,812103,0.4774869257122516,0.46408080872727625,0.11769887182610246,1043.8949760269263,0.4596121030656165,LOW,MEDIUM,MEDIUM,5,COST_BASED,COST_BASED,false,false
2,social_learning_factor_low,1,2030,DISTRICT_HEATING,TOTAL,614184,51798,16315,863901,0.46467011412704834,0.45197702177325555,0.11819220686430436,1005.1275812710828,0.4477459909886484,LOW,MEDIUM,MEDIUM,5,COST_BASED,COST_BASED,false,false
2,social_learning_factor_low,1,2031,DISTRICT_HEATING,TOTAL,651295,54725,17614,918626,0.4423262960327063,0.42987660750115175,0.1158948990818787,950.1784527853099,0.4257267113239885,LOW,MEDIUM,MEDIUM,5,COST_BASED,COST_BASED,false,false
2,social_learning_factor_low,1,2032,DISTRICT_HEATING,TOTAL,692731,56614,15178,975240,0.4239489974335861,0.41500717537209353,0.11359521684283784,899.1881880287177,0.41202656801825754,LOW,MEDIUM,MEDIUM,5,COST_BASED,COST_BASED,false,false
2,social_learning_factor_low,1,2033,DISTRICT_HEATING,TOTAL,734416,56401,14716,1031641,0.4009024078277592,0.38992712354876974,0.1127551407816655,855.3160128995654,0.3862686954557783,LOW,MEDIUM,MEDIUM,5,COST_BASED,COST_BASED,false,false
2,social_learning_factor_low,1,2034,DISTRICT_HEATING,TOTAL,780049,60144,14511,1091785,0.41406555773108944,0.4025219057800766,0.12144222433101047,839.8864670083237,0.3986740217963966,LOW,MEDIUM,MEDIUM,5,COST_BASED,COST_BASED,false,false
2,social_learning_factor_low,1,2035,DISTRICT_HEATING,TOTAL,826014,59985,14020,1151770,0.38897434368334943,0.37769461305929336,0.11511743714990479,800.3182950791249,0.373934702851267,LOW,MEDIUM,MEDIUM,5,COST_BASED,COST_BASED,false,false
2,social_learning_factor_low,1,2036,DISTRICT_HEATING,TOTAL,860721,48872,14165,1200642,0.3320530508591481,0.32508326831281453,0.10390360787976095,703.6184260025044,0.32276000746403316,LOW,MEDIUM,MEDIUM,5,COST_BASED,COST_BASED,false,false
2,social_learning_factor_low,1,2037,DISTRICT_HEATING,TOTAL,858529,12420,14612,1213062,0.45876915558602777,0.45275557695126706,0.15793617944165272,910.2259472360597,0.45075105073968413,LOW,MEDIUM,MEDIUM,5,COST_BASED,COST_BASED,false,false
2,social_learning_factor_low,1,2038,DISTRICT_HEATING,TOTAL,855459,11670,14740,1224732,0.4484028038354757,0.43893905172412556,0.15204304555402118,917.9212584840099,0.43578446768701,LOW,MEDIUM,MEDIUM,5,COST_BASED,COST_BASED,false,false
2,social_learning_factor_low,1,2039,DISTRICT_HEATING,TOTAL,852434,10834,13859,1235566,0.5008459259597391,0.4950082835906743,0.16684703756007802,1076.8537147829452,0.4930624028009822,LOW,MEDIUM,MEDIUM,5,COST_BASED,COST_BASED,false,false
2,social_learning_factor_low,1,2040,DISTRICT_HEATING,TOTAL,847233,8227,13428,1243793,0.5713026490094762,0.5998813100545635,0.19771284154971946,1429.9138145913632,0.6094075304029238,LOW,MEDIUM,MEDIUM,5,COST_BASED,COST_BASED,false,false
2,social_learning_factor_low,1,2041,DISTRICT_HEATING,TOTAL,842098,7832,12967,1251625,0.5701147497143371,0.5937319304654424,0.1966893916320617,1411.1460165851747,0.6016043240491472,LOW,MEDIUM,MEDIUM,5,COST_BASED,COST_BASED,false,false
2,social_learning_factor_low,1,2042,DISTRICT_HEATING,TOTAL,837383,7154,11869,1258779,0.5789659191549595,0.59962650831613,0.1984008976558884,1423.6436009198947,0.606513371369845,LOW,MEDIUM,MEDIUM,5,COST_BASED,COST_BASED,false,false
2,social_learning_factor_low,1,2043,DISTRICT_HEATING,TOTAL,833167,7234,11450,1266013,0.5764021257088771,0.6041192526398723,0.19488329901682555,1403.6176045487077,0.6133582949502069,LOW,MEDIUM,MEDIUM,5,COST_BASED,COST_BASED,false,false
2,social_learning_factor_low,1,2044,DISTRICT_HEATING,TOTAL,829282,6335,10220,1272348,0.5752349879916444,0.5931170662906466,0.19199821192268837,1433.7839886118195,0.5990777590569806,LOW,MEDIUM,MEDIUM,5,COST_BASED,COST_BASED,false,false
2,social_learning_factor_low,1,2045,DISTRICT_HEATING,TOTAL,824953,6499,10828,1278847,0.5877795444245876,0.608065979690961,0.1949224668391141,1441.7302562032519,0.6148281247797561,LOW,MEDIUM,MEDIUM,5,COST_BASED,COST_BASED,false,false
2,social_learning_factor_low,1,2046,DISTRICT_HEATING,TOTAL,820049,7103,12007,1285950,0.581083649401684,0.5942814541810884,0.1883394502505869,1410.1543999806117,0.5986807224409015,LOW,MEDIUM,MEDIUM,5,COST_BASED,COST_BASED,false,false
2,social_learning_factor_low,1,2047,DISTRICT_HEATING,TOTAL,815096,8851,13804,1294801,0.5979587962054784,0.619029719130916,0.19383508676762118,1394.0276846350869,0.6260533601060576,LOW,MEDIUM,MEDIUM,5,COST_BASED,COST_BASED,false,false
2,social_learning_factor_low,1,2048,DISTRICT_HEATING,TOTAL,810037,8205,13264,1303006,0.5824413019382564,0.5959937334523977,0.187075510427709,1385.4957470910579,0.6005112106237652,LOW,MEDIUM,MEDIUM,5,COST_BASED,COST_BASED,false,false
2,social_learning_factor_low,1,2049,DISTRICT_HEATING,TOTAL,804547,8760,14250,1311766,0.5934914638755802,0.6093503463331056,0.19052967424147663,1352.9868862302628,0.6146366404856166,LOW,MEDIUM,MEDIUM,5,COST_BASED,COST_BASED,false,false
2,social_learning_factor_low,1,2050,DISTRICT_HEATING,TOTAL,798895,8968,14620,1320734,0.5904298654363664,0.6059363154020633,0.1828964852002097,1346.3997883597594,0.6111051320572969,LOW,MEDIUM,MEDIUM,5,COST_BASED,COST_BASED,false,false
2,social_learning_factor_low,1,2024,DISTRICT_HEATING,PRIVATELY_OWNED,318002,318002,0,318002,0.0,0.0,0.0,0.0,0.0,LOW,MEDIUM,MEDIUM,5,COST_BASED,COST_BASED,false,false
2,social_learning_factor_low,1,2025,DISTRICT_HEATING,PRIVATELY_OWNED,354978,48687,11711,366689,0.7653843381608315,0.7415874092345554,0.14924845975089746,1682.401541148924,0.7336550995924671,LOW,MEDIUM,MEDIUM,5,COST_BASED,COST_BASED,false,false
2,social_learning_factor_low,1,2026,DISTRICT_HEATING,PRIVATELY_OWNED,375499,30343,9822,397032,0.7649966584283309,0.745235463859925,0.16504875924055004,1683.6974908705383,0.738648399003785,LOW,MEDIUM,MEDIUM,5,COST_BASED,COST_BASED,false,false
2,social_learning_factor_low,1,2027,DISTRICT_HEATING,PRIVATELY_OWNED,394032,30893,12360,427925,0.7660773109571418,0.7437426455470949,0.17684367726913133,1662.8343794365987,0.7362977570770755,LOW,MEDIUM,MEDIUM,5,COST_BASED,COST_BASED,false,false
2,social_learning_factor_low,1,2028,DISTRICT_HEATING,PRIVATELY_OWNED,415023,32828,11837,460753,0.7651424630226376,0.7480981209231323,0.18357947871961872,1660.2086715867158,0.7424166735566493,LOW,MEDIUM,MEDIUM,5,COST_BASED,COST_BASED,false,false
2,social_learning_factor_low,1,2029,DISTRICT_HEATING,PRIVATELY_OWNED,433507,30036,11552,490789,0.7652890066516111,0.7438024414745998,0.18864108701919605,1673.09575662326,0.7366402530822606,LOW,MEDIUM,MEDIUM,5,COST_BASED,COST_BASED,false,false
2,social_learning_factor_low,1,2030,DISTRICT_HEATING,PRIVATELY_OWNED,451367,31379,13519,522168,0.7670410966427499,0.7460883321269349,0.19510245486335567,1659.1860306153653,0.7391040772883142,LOW,MEDIUM,MEDIUM,5,COST_BASED,COST_BASED,false,false
2,social_learning_factor_low,1,2031,DISTRICT_HEATING,PRIVATELY_OWNED,468225,31603,14745,553771,0.7659496424513448,0.7443912712559102,0.20068817366249445,1645.3664471308446,0.7372051475241359,LOW,MEDIUM,MEDIUM,5,COST_BASED,COST_BASED,false,false
2,social_learning_factor_low,1,2032,DISTRICT_HEATING,PRIVATELY_OWNED,487460,31359,12124,585130,0.7653767193056235,0.7492335924779394,0.2050792310450085,1623.3502368397533,0.7438525502020354,LOW,MEDIUM,MEDIUM,5,COST_BASED,COST_BASED,false,false
2,social_learning_factor_low,1,2033,DISTRICT_HEATING,PRIVATELY_OWNED,505107,29550,11903,614680,0.7651877057155143,0.7442395835964184,0.21521159713119176,1632.5102688172044,0.7372568762233961,LOW,MEDIUM,MEDIUM,5,COST_BASED,COST_BASED,false,false
2,social_learning_factor_low,1,2034,DISTRICT_HEATING,PRIVATELY_OWNED,526063,32565,11609,647245,0.7647338831315413,0.7434140181555943,0.22429053094316886,1551.1786172807806,0.7363073964969286,LOW,MEDIUM,MEDIUM,5,COST_BASED,COST_BASED,false,false
2,social_learning_factor_low,1,2035,DISTRICT_HEATING,PRIVATELY_OWNED,545914,30452,10601,677697,0.7662099699804845,0.7439909156824416,0.2267607863994824,1576.48407100753,0.7365845642497456,LOW,MEDIUM,MEDIUM,5,COST_BASED,COST_BASED,false,false
2,social_learning_factor_low,1,2036,DISTRICT_HEATING,PRIVATELY_OWNED,556616,21218,10516,698915,0.7648268781972045,0.7487731873401768,0.2393240232019831,1620.6635741160524,0.7434219570544929,LOW,MEDIUM,MEDIUM,5,COST_BASED,COST_BASED,false,false
2,social_learning_factor_low,1,2037,DISTRICT_HEATING,PRIVATELY_OWNED,553163,7447,10900,706362,0.7651286306403203,0.7550992702745719,0.26340369929707624,1518.0618053809403,0.7517561501526624,LOW,MEDIUM,MEDIUM,5,COST_BASED,COST_BASED,false,false
2,social_learning_factor_low,1,2038,DISTRICT_HEATING,PRIVATELY_OWNED,549284,6851,10730,713213,0.7638097680280254,0.7476892035645227,0.2589902702693661,1563.5879559930515,0.7423156820766905,LOW,MEDIUM,MEDIUM,5,COST_BASED,COST_BASED,false,false
2,social_learning_factor_low,1,2039,DISTRICT_HEATING,PRIVATELY_OWNED,546663,7086,9707,720299,0.7657585043533465,0.7568331561418805,0.2550974886996733,1646.4342571208622,0.753858040071386,LOW,MEDIUM,MEDIUM,5,COST_BASED,COST_BASED,false,false
2,social_learning_factor_low,1,2040,DISTRICT_HEATING,PRIVATELY_OWNED,543798,6814,9679,727113,0.6897720712358322,0.7242770087788221,0.23871199698114792,1726.4310174116738,0.7357786546264828,LOW,MEDIUM,MEDIUM,5,COST_BASED,COST_BASED,false,false
2,social_learning_factor_low,1,2041,DISTRICT_HEATING,PRIVATELY_OWNED,541431,6368,8735,733481,0.7011838441838393,0.7302306029216936,0.2419081839293824,1735.5677766795052,0.7399128558343154,LOW,MEDIUM,MEDIUM,5,COST_BASED,COST_BASED,false,false
2,social_learning_factor_low,1,2042,DISTRICT_HEATING,PRIVATELY_OWNED,538808,5899,8522,739380,0.7021397161611427,0.7271958027620942,0.2406102766282803,1726.520820644334,0.7355478316290678,LOW,MEDIUM,MEDIUM,5,COST_BASED,COST_BASED,false,false
2,social_learning_factor_low,1,2043,DISTRICT_HEATING,PRIVATELY_OWNED,536617,5979,8170,745359,0.6973896934902185,0.7309246819864252,0.2357895609780425,1698.2387943310505,0.7421030114851642,LOW,MEDIUM,MEDIUM,5,COST_BASED,COST_BASED,false,false
2,social_learning_factor_low,1,2044,DISTRICT_HEATING,PRIVATELY_OWNED,534175,5171,7613,750530,0.7047212626043449,0.726628624047814,0.23521730275193015,1756.5309549131457,0.7339310778623036,LOW,MEDIUM,MEDIUM,5,COST_BASED,COST_BASED,false,false
2,social_learning_factor_low,1,2045,DISTRICT_HEATING,PRIVATELY_OWNED,531455,5436,8156,755966,0.702718774690102,0.7269721858005069,0.2330392038240255,1723.6580086580086,0.7350566561706465,LOW,MEDIUM,MEDIUM,5,COST_BASED,COST_BASED,false,false
2,social_learning_factor_low,1,2046,DISTRICT_HEATING,PRIVATELY_OWNED,528357,5829,8927,761795,0.7080866635272193,0.7241690116740901,0.22950336509348407,1718.361074465995,0.7295297943897279,LOW,MEDIUM,MEDIUM,5,COST_BASED,COST_BASED,false,false
2,social_learning_factor_low,1,2047,DISTRICT_HEATING,PRIVATELY_OWNED,525608,7444,10193,769239,0.7109797562083141,0.736033321336343,0.23047210545139912,1657.514647596071,0.7443845097123476,LOW,MEDIUM,MEDIUM,5,COST_BASED,COST_BASED,false,false
2,social_learning_factor_low,1,2048,DISTRICT_HEATING,PRIVATELY_OWNED,522582,6702,9728,775941,0.7130604121759764,0.7296521311514359,0.2290293290151227,1696.2089831217743,0.7351827041432399,LOW,MEDIUM,MEDIUM,5,COST_BASED,COST_BASED,false,false
2,social_learning_factor_low,1,2049,DISTRICT_HEATING,PRIVATELY_OWNED,519053,7341,10870,783282,0.7082121268968917,0.7271364982806164,0.22735866317331907,1614.5164314639833,0.7334446220751943,LOW,MEDIUM,MEDIUM,5,COST_BASED,COST_BASED,false,false
2,social_learning_factor_low,1,2050,DISTRICT_HEATING,PRIVATELY_OWNED,515682,7435,10806,790717,0.7121688007038781,0.7308724783491195,0.22060735430739484,1624.0098590464454,0.7371070375642016,LOW,MEDIUM,MEDIUM,5,COST_BASED,COST_BASED,false,false
2,social_learning_factor_low,1,2024,DISTRICT_HEATING,SOCIAL_HOUSING,163562,163562,0,163562,0.0,0.0,0.0,0.0,0.0,LOW,MEDIUM,MEDIUM,5,COST_BASED,COST_BASED,false,false
2,social_learning_factor_low,1,2025,DISTRICT_HEATING,SOCIAL_HOUSING,223,0,163339,163562,0.0,0.0,0.0,0.0,0.0,LOW,MEDIUM,MEDIUM,5,COST_BASED,COST_BASED,false,false
2,social_learning_factor_low,1,2026,DISTRICT_HEATING,SOCIAL_HOUSING,16,0,207,163562,0.0,0.0,0.0,0.0,0.0,LOW,MEDIUM,MEDIUM,5,COST_BASED,COST_BASED,false,false
2,social_learning_factor_low,1,2027,DISTRICT_HEATING,SOCIAL_HOUSING,2,0,14,163562,0.0,0.0,0.0,0.0,0.0,LOW,MEDIUM,MEDIUM,5,COST_BASED,COST_BASED,false,false
2,social_learning_factor_low,1,2028,DISTRICT_HEATING,SOCIAL_HOUSING,2,0,0,163562,0.0,0.0,0.0,0.0,0.0,LOW,MEDIUM,MEDIUM,5,COST_BASED,COST_BASED,false,false
2,social_learning_factor_low,1,2029,DISTRICT_HEATING,SOCIAL_HOUSING,2,0,0,163562,0.0,0.0,0.0,0.0,0.0,LOW,MEDIUM,MEDIUM,5,COST_BASED,COST_BASED,false,false
2,social_learning_factor_low,1,2030,DISTRICT_HEATING,SOCIAL_HOUSING,2,0,0,163562,0.0,0.0,0.0,0.0,0.0,LOW,MEDIUM,MEDIUM,5,COST_BASED,COST_BASED,false,false
2,social_learning_factor_low,1,2031,DISTRICT_HEATING,SOCIAL_HOUSING,2,0,0,163562,0.0,0.0,0.0,0.0,0.0,LOW,MEDIUM,MEDIUM,5,COST_BASED,COST_BASED,false,false
2,social_learning_factor_low,1,2032,DISTRICT_HEATING,SOCIAL_HOUSING,2,0,0,163562,0.0,0.0,0.0,0.0,0.0,LOW,MEDIUM,MEDIUM,5,COST_BASED,COST_BASED,false,false
2,social_learning_factor_low,1,2033,DISTRICT_HEATING,SOCIAL_HOUSING,2,0,0,163562,0.0,0.0,0.0,0.0,0.0,LOW,MEDIUM,MEDIUM,5,COST_BASED,COST_BASED,false,false
2,social_learning_factor_low,1,2034,DISTRICT_HEATING,SOCIAL_HOUSING,2,0,0,163562,0.0,0.0,0.0,0.0,0.0,LOW,MEDIUM,MEDIUM,5,COST_BASED,COST_BASED,false,false
2,social_learning_factor_low,1,2035,DISTRICT_HEATING,SOCIAL_HOUSING,2,0,0,163562,0.0,0.0,0.0,0.0,0.0,LOW,MEDIUM,MEDIUM,5,COST_BASED,COST_BASED,false,false
2,social_learning_factor_low,1,2036,DISTRICT_HEATING,SOCIAL_HOUSING,2,0,0,163562,0.0,0.0,0.0,0.0,0.0,LOW,MEDIUM,MEDIUM,5,COST_BASED,COST_BASED,false,false
2,social_learning_factor_low,1,2037,DISTRICT_HEATING,SOCIAL_HOUSING,2,0,0,163562,0.0,0.0,0.0,0.0,0.0,LOW,MEDIUM,MEDIUM,5,COST_BASED,COST_BASED,false,false
2,social_learning_factor_low,1,2038,DISTRICT_HEATING,SOCIAL_HOUSING,1,0,1,163562,0.0,0.0,0.0,0.0,0.0,LOW,MEDIUM,MEDIUM,5,COST_BASED,COST_BASED,false,false
2,social_learning_factor_low,1,2039,DISTRICT_HEATING,SOCIAL_HOUSING,0,0,1,163562,0.0,0.0,0.0,0.0,0.0,LOW,MEDIUM,MEDIUM,5,COST_BASED,COST_BASED,false,false
2,social_learning_factor_low,1,2040,DISTRICT_HEATING,SOCIAL_HOUSING,0,0,0,163562,0.0,0.0,0.0,0.0,0.0,LOW,MEDIUM,MEDIUM,5,COST_BASED,COST_BASED,false,false
2,social_learning_factor_low,1,2041,DISTRICT_HEATING,SOCIAL_HOUSING,0,0,0,163562,0.0,0.0,0.0,0.0,0.0,LOW,MEDIUM,MEDIUM,5,COST_BASED,COST_BASED,false,false
2,social_learning_factor_low,1,2042,DISTRICT_HEATING,SOCIAL_HOUSING,0,0,0,163562,0.0,0.0,0.0,0.0,0.0,LOW,MEDIUM,MEDIUM,5,COST_BASED,COST_BASED,false,false
2,social_learning_factor_low,1,2043,DISTRICT_HEATING,SOCIAL_HOUSING,0,0,0,163562,0.0,0.0,0.0,0.0,0.0,LOW,MEDIUM,MEDIUM,5,COST_BASED,COST_BASED,false,false
2,social_learning_factor_low,1,2044,DISTRICT_HEATING,SOCIAL_HOUSING,0,0,0,163562,0.0,0.0,0.0,0.0,0.0,LOW,MEDIUM,MEDIUM,5,COST_BASED,COST_BASED,false,false
2,social_learning_factor_low,1,2045,DISTRICT_HEATING,SOCIAL_HOUSING,0,0,0,163562,0.0,0.0,0.0,0.0,0.0,LOW,MEDIUM,MEDIUM,5,COST_BASED,COST_BASED,false,false
2,social_learning_factor_low,1,2046,DISTRICT_HEATING,SOCIAL_HOUSING,0,0,0,163562,0.0,0.0,0.0,0.0,0.0,LOW,MEDIUM,MEDIUM,5,COST_BASED,COST_BASED,false,false
2,social_learning_factor_low,1,2047,DISTRICT_HEATING,SOCIAL_HOUSING,0,0,0,163562,0.0,0.0,0.0,0.0,0.0,LOW,MEDIUM,MEDIUM,5,COST_BASED,COST_BASED,false,false
2,social_learning_factor_low,1,2048,DISTRICT_HEATING,SOCIAL_HOUSING,0,0,0,163562,0.0,0.0,0.0,0.0,0.0,LOW,MEDIUM,MEDIUM,5,COST_BASED,COST_BASED,false,false
2,social_learning_factor_low,1,2049,DISTRICT_HEATING,SOCIAL_HOUSING,0,0,0,163562,0.0,0.0,0.0,0.0,0.0,LOW,MEDIUM,MEDIUM,5,COST_BASED,COST_BASED,false,false
2,social_learning_factor_low,1,2050,DISTRICT_HEATING,SOCIAL_HOUSING,0,0,0,163562,0.0,0.0,0.0,0.0,0.0,LOW,MEDIUM,MEDIUM,5,COST_BASED,COST_BASED,false,false
2,social_learning_factor_low,1,2024,DISTRICT_HEATING,PRIVATELY_RENTED,91193,91193,0,91193,0.0,0.0,0.0,0.0,0.0,LOW,MEDIUM,MEDIUM,5,COST_BASED,COST_BASED,false,false
2,social_learning_factor_low,1,2025,DISTRICT_HEATING,PRIVATELY_RENTED,96552,7962,2603,99155,0.0,0.0,0.0,0.0,0.0,LOW,MEDIUM,MEDIUM,5,COST_BASED,COST_BASED,false,false
2,social_learning_factor_low,1,2026,DISTRICT_HEATING,PRIVATELY_RENTED,105054,10873,2371,110028,0.0,0.0,0.0,0.0,0.0,LOW,MEDIUM,MEDIUM,5,COST_BASED,COST_BASED,false,false
2,social_learning_factor_low,1,2027,DISTRICT_HEATING,PRIVATELY_RENTED,115619,13234,2669,123262,0.0,0.0,0.0,0.0,0.0,LOW,MEDIUM,MEDIUM,5,COST_BASED,COST_BASED,false,false
2,social_learning_factor_low,1,2028,DISTRICT_HEATING,PRIVATELY_RENTED,129485,16386,2520,139648,0.0,0.0,0.0,0.0,0.0,LOW,MEDIUM,MEDIUM,5,COST_BASED,COST_BASED,false,false
2,social_learning_factor_low,1,2029,DISTRICT_HEATING,PRIVATELY_RENTED,145192,18104,2397,157752,0.0,0.0,0.0,0.0,0.0,LOW,MEDIUM,MEDIUM,5,COST_BASED,COST_BASED,false,false
2,social_learning_factor_low,1,2030,DISTRICT_HEATING,PRIVATELY_RENTED,162815,20419,2796,178171,0.0,0.0,0.0,0.0,0.0,LOW,MEDIUM,MEDIUM,5,COST_BASED,COST_BASED,false,false
2,social_learning_factor_low,1,2031,DISTRICT_HEATING,PRIVATELY_RENTED,183068,23122,2869,201293,0.0,0.0,0.0,0.0,0.0,LOW,MEDIUM,MEDIUM,5,COST_BASED,COST_BASED,false,false
2,social_learning_factor_low,1,2032,DISTRICT_HEATING,PRIVATELY_RENTED,205269,25255,3054,226548,0.0,0.0,0.0,0.0,0.0,LOW,MEDIUM,MEDIUM,5,COST_BASED,COST_BASED,false,false
2,social_learning_factor_low,1,2033,DISTRICT_HEATING,PRIVATELY_RENTED,229307,26851,2813,253399,0.0,0.0,0.0,0.0,0.0,LOW,MEDIUM,MEDIUM,5,COST_BASED,COST_BASED,false,false
2,social_learning_factor_low,1,2034,DISTRICT_HEATING,PRIVATELY_RENTED,253984,27579,2902,280978,0.0,0.0,0.0,0.0,0.0,LOW,MEDIUM,MEDIUM,5,COST_BASED,COST_BASED,false,false
2,social_learning_factor_low,1,2035,DISTRICT_HEATING,PRIVATELY_RENTED,280098,29533,3419,310511,0.0,0.0,0.0,0.0,0.0,LOW,MEDIUM,MEDIUM,5,COST_BASED,COST_BASED,false,false
2,social_learning_factor_low,1,2036,DISTRICT_HEATING,PRIVATELY_RENTED,304103,27654,3649,338165,0.0,0.0,0.0,0.0,0.0,LOW,MEDIUM,MEDIUM,5,COST_BASED,COST_BASED,false,false
2,social_learning_factor_low,1,2037,DISTRICT_HEATING,PRIVATELY_RENTED,305364,4973,3712,343138,0.0,0.0,0.0,0.0,0.0,LOW,MEDIUM,MEDIUM,5,COST_BASED,COST_BASED,false,false
2,social_learning_factor_low,1,2038,DISTRICT_HEATING,PRIVATELY_RENTED,306174,4819,4009,347957,0.0,0.0,0.0,0.0,0.0,LOW,MEDIUM,MEDIUM,5,COST_BASED,COST_BASED,false,false
2,social_learning_factor_low,1,2039,DISTRICT_HEATING,PRIVATELY_RENTED,305771,3748,4151,351705,0.0,0.0,0.0,0.0,0.0,LOW,MEDIUM,MEDIUM,5,COST_BASED,COST_BASED,false,false
2,social_learning_factor_low,1,2040,DISTRICT_HEATING,PRIVATELY_RENTED,303435,1413,3749,353118,0.0,0.0,0.0,0.0,0.0,LOW,MEDIUM,MEDIUM,5,COST_BASED,COST_BASED,false,false
2,social_learning_factor_low,1,2041,DISTRICT_HEATING,PRIVATELY_RENTED,300667,1464,4232,354582,0.0,0.0,0.0,0.0,0.0,LOW,MEDIUM,MEDIUM,5,COST_BASED,COST_BASED,false,false
2,social_learning_factor_low,1,2042,DISTRICT_HEATING,PRIVATELY_RENTED,298575,1255,3347,355837,0.0,0.0,0.0,0.0,0.0,LOW,MEDIUM,MEDIUM,5,COST_BASED,COST_BASED,false,false
2,social_learning_factor_low,1,2043,DISTRICT_HEATING,PRIVATELY_RENTED,296550,1255,3280,357092,0.0,0.0,0.0,0.0,0.0,LOW,MEDIUM,MEDIUM,5,COST_BASED,COST_BASED,false,false
2,social_learning_factor_low,1,2044,DISTRICT_HEATING,PRIVATELY_RENTED,295107,1164,2607,358256,0.0,0.0,0.0,0.0,0.0,LOW,MEDIUM,MEDIUM,5,COST_BASED,COST_BASED,false,false
2,social_learning_factor_low,1,2045,DISTRICT_HEATING,PRIVATELY_RENTED,293498,1063,2672,359319,0.0,0.0,0.0,0.0,0.0,LOW,MEDIUM,MEDIUM,5,COST_BASED,COST_BASED,false,false
2,social_learning_factor_low,1,2046,DISTRICT_HEATING,PRIVATELY_RENTED,291692,1274,3080,360593,0.0,0.0,0.0,0.0,0.0,LOW,MEDIUM,MEDIUM,5,COST_BASED,COST_BASED,false,false
2,social_learning_factor_low,1,2047,DISTRICT_HEATING,PRIVATELY_RENTED,289488,1407,3611,362000,0.0,0.0,0.0,0.0,0.0,LOW,MEDIUM,MEDIUM,5,COST_BASED,COST_BASED,false,false
2,social_learning_factor_low,1,2048,DISTRICT_HEATING,PRIVATELY_RENTED,287455,1503,3536,363503,0.0,0.0,0.0,0.0,0.0,LOW,MEDIUM,MEDIUM,5,COST_BASED,COST_BASED,false,false
2,social_learning_factor_low,1,2049,DISTRICT_HEATING,PRIVATELY_RENTED,285494,1419,3380,364922,0.0,0.0,0.0,0.0,0.0,LOW,MEDIUM,MEDIUM,5,COST_BASED,COST_BASED,false,false
2,social_learning_factor_low,1,2050,DISTRICT_HEATING,PRIVATELY_RENTED,283213,1533,3814,366455,0.0,0.0,0.0,0.0,0.0,LOW,MEDIUM,MEDIUM,5,COST_BASED,COST_BASED,false,false
2,social_learning_factor_low,1,2024,ELECTRIC_HEAT_PUMP,TOTAL,400155,400155,0,400155,0.0,0.0,0.0,0.0,0.0,LOW,MEDIUM,MEDIUM,5,COST_BASED,COST_BASED,false,false
2,social_learning_factor_low,1,2025,ELECTRIC_HEAT_PUMP,TOTAL,779598,420015,40572,820170,0.472096181228644,0.45331517215549405,0.05251248983151331,1719.0751749985777,0.44705483579779126,LOW,MEDIUM,MEDIUM,5,COST_BASED,COST_BASED,false,false
2,social_learning_factor_low,1,2026,ELECTRIC_HEAT_PUMP,TOTAL,992997,236467,23068,1056637,0.4711897292536526,0.45385452631325723,0.07504727312626383,1653.1099123882045,0.448076125333119,LOW,MEDIUM,MEDIUM,5,COST_BASED,COST_BASED,false,false
2,social_learning_factor_low,1,2027,ELECTRIC_HEAT_PUMP,TOTAL,1217134,247266,23129,1303903,0.4923864329142712,0.47661058620590535,0.09607854340955488,1687.9744107352371,0.4713519706364677,LOW,MEDIUM,MEDIUM,5,COST_BASED,COST_BASED,false,false
2,social_learning_factor_low,1,2028,ELECTRIC_HEAT_PUMP,TOTAL,1432481,238097,22750,1542000,0.48923784808782866,0.4725148659816016,0.11342536401675919,1644.19142901951,0.46694053861283863,LOW,MEDIUM,MEDIUM,5,COST_BASED,COST_BASED,false,false
2,social_learning_factor_low,1,2029,ELECTRIC_HEAT_PUMP,TOTAL,1644953,234981,22509,1776981,0.49518232898365494,0.4783351196039167,0.13272184410415713,1640.5615794366586,0.4727193831440072,LOW,MEDIUM,MEDIUM,5,COST_BASED,COST_BASED,false,false
2,social_learning_factor_low,1,2030,ELECTRIC_HEAT_PUMP,TOTAL,1870447,248038,22544,2025019,0.5110027465217447,0.4981145423516486,0.15621881221645975,1666.6253465501616,0.4938184742949391,LOW,MEDIUM,MEDIUM,5,COST_BASED,COST_BASED,false,false
2,social_learning_factor_low,1,2031,ELECTRIC_HEAT_PUMP,TOTAL,2089923,243842,24366,2268861,0.5126571176173068,0.4983578559313023,0.17667488003205217,1639.6493312201899,0.49359143536931577,LOW,MEDIUM,MEDIUM,5,COST_BASED,COST_BASED,false,false
2,social_learning_factor_low,1,2032,ELECTRIC_HEAT_PUMP,TOTAL,2298206,233461,25178,2502322,0.5078178697473503,0.49446514007027886,0.19378431961141993,1607.8679540181258,0.49001423017790197,LOW,MEDIUM,MEDIUM,5,COST_BASED,COST_BASED,false,false
2,social_learning_factor_low,1,2033,ELECTRIC_HEAT_PUMP,TOTAL,2509357,237400,26249,2739722,0.5178886377544798,0.5044723230943744,0.21672438243819678,1618.3432767976199,0.5000002182076392,LOW,MEDIUM,MEDIUM,5,COST_BASED,COST_BASED,false,false
2,social_learning_factor_low,1,2034,ELECTRIC_HEAT_PUMP,TOTAL,2743799,262566,28124,3002288,0.5475963351849927,0.5363158883171916,0.25120660620528,1649.1058830303634,0.5325557393612939,LOW,MEDIUM,MEDIUM,5,COST_BASED,COST_BASED,false,false
2,social_learning_factor_low,1,2035,ELECTRIC_HEAT_PUMP,TOTAL,2974738,259913,28974,3262201,0.5484141579074322,0.5386304632088776,0.27603330261375836,1630.0703645524868,0.5353692316427037,LOW,MEDIUM,MEDIUM,5,COST_BASED,COST_BASED,false,false
2,social_learning_factor_low,1,2036,ELECTRIC_HEAT_PUMP,TOTAL,3118995,175621,31364,3437822,0.560589962007402,0.5556621831506114,0.3020462240191578,1606.2808900272012,0.5540195901983564,LOW,MEDIUM,MEDIUM,5,COST_BASED,COST_BASED,false,false
2,social_learning_factor_low,1,2037,ELECTRIC_HEAT_PUMP,TOTAL,3111748,28861,36108,3466683,0.5456948751308909,0.6186255037866137,0.33055641381785184,1411.9152867732664,0.6429357133385301,LOW,MEDIUM,MEDIUM,5,COST_BASED,COST_BASED,false,false
2,social_learning_factor_low,1,2038,ELECTRIC_HEAT_PUMP,TOTAL,3106048,25513,31213,3492196,0.5562171135691221,0.60747284260451,0.3222763995722137,1402.1354547420128,0.6245580856163103,LOW,MEDIUM,MEDIUM,5,COST_BASED,COST_BASED,false,false
2,social_learning_factor_low,1,2039,ELECTRIC_HEAT_PUMP,TOTAL,3106742,14700,14006,3506896,0.4834254196282808,0.5403702723867537,0.29133441429983714,1360.1226010905107,0.5593518899729135,LOW,MEDIUM,MEDIUM,5,COST_BASED,COST_BASED,false,false
2,social_learning_factor_low,1,2040,ELECTRIC_HEAT_PUMP,TOTAL,3112492,425766,420016,3932662,0.47669046229602613,0.4905490771551354,0.26014782997896496,1205.1312436649148,0.49516861544150187,LOW,MEDIUM,MEDIUM,5,COST_BASED,COST_BASED,false,false
2,social_learning_factor_low,1,2041,ELECTRIC_HEAT_PUMP,TOTAL,3118848,242823,236467,4175485,0.472698922959682,0.4864136948316278,0.25931412665994713,1197.504478533911,0.49098528545562803,LOW,MEDIUM,MEDIUM,5,COST_BASED,COST_BASED,false,false
2,social_learning_factor_low,1,2042,ELECTRIC_HEAT_PUMP,TOTAL,3124490,252908,247266,4428393,0.495119445067125,0.5126397045462352,0.27179529094538457,1242.1260229488576,0.5184797910392421,LOW,MEDIUM,MEDIUM,5,COST_BASED,COST_BASED,false,false
2,social_learning_factor_low,1,2043,ELECTRIC_HEAT_PUMP,TOTAL,3130182,243789,238097,4672182,0.49272599543442075,0.506272615280095,0.27060458339708837,1220.9537997205055,0.5107881552286543,LOW,MEDIUM,MEDIUM,5,COST_BASED,COST_BASED,false,false
2,social_learning_factor_low,1,2044,ELECTRIC_HEAT_PUMP,TOTAL,3134084,238883,234981,4911065,0.4977578383413047,0.5129544718448386,0.2742859063758265,1229.3830918573506,0.5180200163460278,LOW,MEDIUM,MEDIUM,5,COST_BASED,COST_BASED,false,false
2,social_learning_factor_low,1,2045,ELECTRIC_HEAT_PUMP,TOTAL,3138343,252297,248038,5163362,0.5140707445389523,0.5327638849519161,0.28328090107621956,1257.049523692559,0.5389949317562314,LOW,MEDIUM,MEDIUM,5,COST_BASED,COST_BASED,false,false
2,social_learning_factor_low,1,2046,ELECTRIC_HEAT_PUMP,TOTAL,3142984,248483,243842,5411845,0.5142207072645116,0.5316159671814666,0.28411468599999834,1244.5753863124276,0.5374143871532203,LOW,MEDIUM,MEDIUM,5,COST_BASED,COST_BASED,false,false
2,social_learning_factor_low,1,2047,ELECTRIC_HEAT_PUMP,TOTAL,3147684,238161,233461,5650006,0.5082868561196606,0.5235368346630501,0.2808722519613436,1221.99832145085,0.528620160844189,LOW,MEDIUM,MEDIUM,5,COST_BASED,COST_BASED,false,false
2,social_learning_factor_low,1,2048,ELECTRIC_HEAT_PUMP,TOTAL,3153263,242979,237400,5892985,0.5207355647571925,0.5379343959860958,0.2875942445503025,1239.345558126308,0.5436673397290538,LOW,MEDIUM,MEDIUM,5,COST_BASED,COST_BASED,false,false
2,social_learning_factor_low,1,2049,ELECTRIC_HEAT_PUMP,TOTAL,3157980,267283,262566,6160268,0.5477946493997381,0.5688425426790481,0.3039182814754128,1265.4772322380643,0.5758585071054569,LOW,MEDIUM,MEDIUM,5,COST_BASED,COST_BASED,false,false
2,social_learning_factor_low,1,2050,ELECTRIC_HEAT_PUMP,TOTAL,3163542,265475,259913,6425743,0.5508268802951698,0.5720548308892697,0.30480027267039544,1248.541533699314,0.5791308144206061,LOW,MEDIUM,MEDIUM,5,COST_BASED,COST_BASED,false,false
2,social_learning_factor_low,1,2024,ELECTRIC_HEAT_PUMP,PRIVATELY_OWNED,328229,328229,0,328229,0.0,0.0,0.0,0.0,0.0,LOW,MEDIUM,MEDIUM,5,COST_BASED,COST_BASED,false,false
2,social_learning_factor_low,1,2025,ELECTRIC_HEAT_PUMP,PRIVATELY_OWNED,576756,277548,29021,605777,0.7144258923096146,0.6860044822261008,0.07946745577911953,2601.486444243978,0.6765306788649506,LOW,MEDIUM,MEDIUM,5,COST_BASED,COST_BASED,false,false
2,social_learning_factor_low,1,2026,ELECTRIC_HEAT_PUMP,PRIVATELY_OWNED,714141,155972,18587,761749,0.7143642558114499,0.6880825935021478,0.11377813668061079,2506.2571593151433,0.6793220393990373,LOW,MEDIUM,MEDIUM,5,COST_BASED,COST_BASED,false,false
2,social_learning_factor_low,1,2027,ELECTRIC_HEAT_PUMP,PRIVATELY_OWNED,865988,170538,18691,932287,0.7139196174517127,0.6910459440640173,0.1393059442159929,2447.4233346518613,0.6834213862681445,LOW,MEDIUM,MEDIUM,5,COST_BASED,COST_BASED,false,false
2,social_learning_factor_low,1,2028,ELECTRIC_HEAT_PUMP,PRIVATELY_OWNED,1010731,163018,18275,1095305,0.7145595205202354,0.6901346602560539,0.16566415301560755,2401.434483770248,0.6819930401679632,LOW,MEDIUM,MEDIUM,5,COST_BASED,COST_BASED,false,false
2,social_learning_factor_low,1,2029,ELECTRIC_HEAT_PUMP,PRIVATELY_OWNED,1155287,162905,18349,1258210,0.7142717463976441,0.6899706254543934,0.19144355083907152,2366.4147846757646,0.6818702518066477,LOW,MEDIUM,MEDIUM,5,COST_BASED,COST_BASED,false,false
2,social_learning_factor_low,1,2030,ELECTRIC_HEAT_PUMP,PRIVATELY_OWNED,1314203,177478,18562,1435688,0.7141623144376233,0.6961501417404874,0.21832678835994454,2329.2262573818107,0.6901460841747602,LOW,MEDIUM,MEDIUM,5,COST_BASED,COST_BASED,false,false
2,social_learning_factor_low,1,2031,ELECTRIC_HEAT_PUMP,PRIVATELY_OWNED,1469202,174998,19999,1610686,0.7143358031179746,0.6944112293054813,0.24617856259371915,2284.6853805380265,0.6877697047013377,LOW,MEDIUM,MEDIUM,5,COST_BASED,COST_BASED,false,false
2,social_learning_factor_low,1,2032,ELECTRIC_HEAT_PUMP,PRIVATELY_OWNED,1614361,165917,20758,1776603,0.7145480432329788,0.695759482548186,0.2726729692605442,2262.4231417698347,0.6894966289865606,LOW,MEDIUM,MEDIUM,5,COST_BASED,COST_BASED,false,false
2,social_learning_factor_low,1,2033,ELECTRIC_HEAT_PUMP,PRIVATELY_OWNED,1765049,172126,21438,1948729,0.7142835051236508,0.6957794261332075,0.29891107903993536,2232.054970845514,0.6896113998030138,LOW,MEDIUM,MEDIUM,5,COST_BASED,COST_BASED,false,false
2,social_learning_factor_low,1,2034,ELECTRIC_HEAT_PUMP,PRIVATELY_OWNED,1943071,201309,23287,2150038,0.714226285681131,0.699513273285803,0.32764711843432504,2150.9179186412453,0.6946089358207407,LOW,MEDIUM,MEDIUM,5,COST_BASED,COST_BASED,false,false
2,social_learning_factor_low,1,2035,ELECTRIC_HEAT_PUMP,PRIVATELY_OWNED,2118905,199571,23737,2349609,0.7142318724874578,0.701489993957083,0.3594943342582328,2122.936091225331,0.697242701113639,LOW,MEDIUM,MEDIUM,5,COST_BASED,COST_BASED,false,false
2,social_learning_factor_low,1,2036,ELECTRIC_HEAT_PUMP,PRIVATELY_OWNED,2230622,137850,26133,2487459,0.7141920182640693,0.7079140244257782,0.38480710851264793,2046.403019132877,0.7058213598130254,LOW,MEDIUM,MEDIUM,5,COST_BASED,COST_BASED,false,false
2,social_learning_factor_low,1,2037,ELECTRIC_HEAT_PUMP,PRIVATELY_OWNED,2223346,24693,31969,2512152,0.6378042275605492,0.723045019430019,0.38635194829291786,1650.2363864886097,0.7514586167198524,LOW,MEDIUM,MEDIUM,5,COST_BASED,COST_BASED,false,false
2,social_learning_factor_low,1,2038,ELECTRIC_HEAT_PUMP,PRIVATELY_OWNED,2217111,21373,27608,2533525,0.6639576670794466,0.7251417504968354,0.3847020905949511,1673.7323659211609,0.7455364449693036,LOW,MEDIUM,MEDIUM,5,COST_BASED,COST_BASED,false,false
2,social_learning_factor_low,1,2039,ELECTRIC_HEAT_PUMP,PRIVATELY_OWNED,2216540,11243,11814,2544768,0.6320691691306348,0.7065234371684852,0.3809139811622882,1778.3333839749628,0.7313415265144382,LOW,MEDIUM,MEDIUM,5,COST_BASED,COST_BASED,false,false
2,social_learning_factor_low,1,2040,ELECTRIC_HEAT_PUMP,PRIVATELY_OWNED,2219957,280966,277549,2825734,0.7223599701384861,0.7433608279437134,0.39421887694177943,1826.2135243774553,0.7503611138787842,LOW,MEDIUM,MEDIUM,5,COST_BASED,COST_BASED,false,false
2,social_learning_factor_low,1,2041,ELECTRIC_HEAT_PUMP,PRIVATELY_OWNED,2223548,159563,155972,2985297,0.7193532997614664,0.7402244418825189,0.3946242811801504,1822.3625150632656,0.7471814892562308,LOW,MEDIUM,MEDIUM,5,COST_BASED,COST_BASED,false,false
2,social_learning_factor_low,1,2042,ELECTRIC_HEAT_PUMP,PRIVATELY_OWNED,2227100,174090,170538,3159387,0.7192812258776291,0.7447336572886395,0.39484866128103463,1804.4896789703582,0.7532178010922663,LOW,MEDIUM,MEDIUM,5,COST_BASED,COST_BASED,false,false
2,social_learning_factor_low,1,2043,ELECTRIC_HEAT_PUMP,PRIVATELY_OWNED,2230767,166685,163018,3326072,0.7206477949483276,0.740460716960249,0.3957789890019665,1785.7342045178768,0.7470650242975576,LOW,MEDIUM,MEDIUM,5,COST_BASED,COST_BASED,false,false
2,social_learning_factor_low,1,2044,ELECTRIC_HEAT_PUMP,PRIVATELY_OWNED,2233226,165364,162905,3491436,0.7190554515885313,0.741008339769905,0.39623037766851654,1775.9531768230054,0.7483259691637125,LOW,MEDIUM,MEDIUM,5,COST_BASED,COST_BASED,false,false
2,social_learning_factor_low,1,2045,ELECTRIC_HEAT_PUMP,PRIVATELY_OWNED,2235878,180130,177478,3671566,0.7200272394101151,0.7462095702088135,0.3967741159097705,1760.6718685341784,0.7549370138083713,LOW,MEDIUM,MEDIUM,5,COST_BASED,COST_BASED,false,false
2,social_learning_factor_low,1,2046,ELECTRIC_HEAT_PUMP,PRIVATELY_OWNED,2238717,177837,174998,3849403,0.7184956111675729,0.7428011627116539,0.39697964721254625,1738.9847203735496,0.7509030132255585,LOW,MEDIUM,MEDIUM,5,COST_BASED,COST_BASED,false,false
2,social_learning_factor_low,1,2047,ELECTRIC_HEAT_PUMP,PRIVATELY_OWNED,2241216,168416,165917,4017819,0.7187803174301401,0.7403456683461588,0.3971880130116233,1728.0563737118555,0.7475341186515111,LOW,MEDIUM,MEDIUM,5,COST_BASED,COST_BASED,false,false
2,social_learning_factor_low,1,2048,ELECTRIC_HEAT_PUMP,PRIVATELY_OWNED,2244764,175674,172126,4193493,0.7202420778779892,0.7440302014088914,0.39777862373821943,1714.1691107845907,0.7519595759191785,LOW,MEDIUM,MEDIUM,5,COST_BASED,COST_BASED,false,false
2,social_learning_factor_low,1,2049,ELECTRIC_HEAT_PUMP,PRIVATELY_OWNED,2247520,204065,201309,4397558,0.717497842724182,0.7450662354391199,0.3980701738543736,1657.5137875886924,0.7542556996773961,LOW,MEDIUM,MEDIUM,5,COST_BASED,COST_BASED,false,false
2,social_learning_factor_low,1,2050,ELECTRIC_HEAT_PUMP,PRIVATELY_OWNED,2250803,202854,199571,4600412,0.7208670573237905,0.7486480731478249,0.39889207206746347,1633.966121736941,0.7579084117557967,LOW,MEDIUM,MEDIUM,5,COST_BASED,COST_BASED,false,false
2,social_learning_factor_low,1,2024,ELECTRIC_HEAT_PUMP,SOCIAL_HOUSING,5290,5290,0,5290,0.0,0.0,0.0,0.0,0.0,LOW,MEDIUM,MEDIUM,5,COST_BASED,COST_BASED,false,false
2,social_learning_factor_low,1,2025,ELECTRIC_HEAT_PUMP,SOCIAL_HOUSING,161,0,5129,5290,0.0,0.0,0.0,0.0,0.0,LOW,MEDIUM,MEDIUM,5,COST_BASED,COST_BASED,false,false
2,social_learning_factor_low,1,2026,ELECTRIC_HEAT_PUMP,SOCIAL_HOUSING,61,0,100,5290,0.0,0.0,0.0,0.0,0.0,LOW,MEDIUM,MEDIUM,5,COST_BASED,COST_BASED,false,false
2,social_learning_factor_low,1,2027,ELECTRIC_HEAT_PUMP,SOCIAL_HOUSING,30,0,31,5290,0.0,0.0,0.0,0.0,0.0,LOW,MEDIUM,MEDIUM,5,COST_BASED,COST_BASED,false,false
2,social_learning_factor_low,1,2028,ELECTRIC_HEAT_PUMP,SOCIAL_HOUSING,11,0,19,5290,0.0,0.0,0.0,0.0,0.0,LOW,MEDIUM,MEDIUM,5,COST_BASED,COST_BASED,false,false
2,social_learning_factor_low,1,2029,ELECTRIC_HEAT_PUMP,SOCIAL_HOUSING,8,0,3,5290,0.0,0.0,0.0,0.0,0.0,LOW,MEDIUM,MEDIUM,5,COST_BASED,COST_BASED,false,false
2,social_learning_factor_low,1,2030,ELECTRIC_HEAT_PUMP,SOCIAL_HOUSING,6,0,2,5290,0.0,0.0,0.0,0.0,0.0,LOW,MEDIUM,MEDIUM,5,COST_BASED,COST_BASED,false,false
2,social_learning_factor_low,1,2031,ELECTRIC_HEAT_PUMP,SOCIAL_HOUSING,1,0,5,5290,0.0,0.0,0.0,0.0,0.0,LOW,MEDIUM,MEDIUM,5,COST_BASED,COST_BASED,false,false
2,social_learning_factor_low,1,2032,ELECTRIC_HEAT_PUMP,SOCIAL_HOUSING,1,0,0,5290,0.0,0.0,0.0,0.0,0.0,LOW,MEDIUM,MEDIUM,5,COST_BASED,COST_BASED,false,false
2,social_learning_factor_low,1,2033,ELECTRIC_HEAT_PUMP,SOCIAL_HOUSING,1,0,0,5290,0.0,0.0,0.0,0.0,0.0,LOW,MEDIUM,MEDIUM,5,COST_BASED,COST_BASED,false,false
2,social_learning_factor_low,1,2034,ELECTRIC_HEAT_PUMP,SOCIAL_HOUSING,1,0,0,5290,0.0,0.0,0.0,0.0,0.0,LOW,MEDIUM,MEDIUM,5,COST_BASED,COST_BASED,false,false
2,social_learning_factor_low,1,2035,ELECTRIC_HEAT_PUMP,SOCIAL_HOUSING,1,0,0,5290,0.0,0.0,0.0,0.0,0.0,LOW,MEDIUM,MEDIUM,5,COST_BASED,COST_BASED,false,false
2,social_learning_factor_low,1,2036,ELECTRIC_HEAT_PUMP,SOCIAL_HOUSING,1,0,0,5290,0.0,0.0,0.0,0.0,0.0,LOW,MEDIUM,MEDIUM,5,COST_BASED,COST_BASED,false,false
2,social_learning_factor_low,1,2037,ELECTRIC_HEAT_PUMP,SOCIAL_HOUSING,1,0,0,5290,0.0,0.0,0.0,0.0,0.0,LOW,MEDIUM,MEDIUM,5,COST_BASED,COST_BASED,false,false
2,social_learning_factor_low,1,2038,ELECTRIC_HEAT_PUMP,SOCIAL_HOUSING,0,0,1,5290,0.0,0.0,0.0,0.0,0.0,LOW,MEDIUM,MEDIUM,5,COST_BASED,COST_BASED,false,false
2,social_learning_factor_low,1,2039,ELECTRIC_HEAT_PUMP,SOCIAL_HOUSING,0,0,0,5290,0.0,0.0,0.0,0.0,0.0,LOW,MEDIUM,MEDIUM,5,COST_BASED,COST_BASED,false,false
2,social_learning_factor_low,1,2040,ELECTRIC_HEAT_PUMP,SOCIAL_HOUSING,0,0,0,5290,0.0,0.0,0.0,0.0,0.0,LOW,MEDIUM,MEDIUM,5,COST_BASED,COST_BASED,false,false
2,social_learning_factor_low,1,2041,ELECTRIC_HEAT_PUMP,SOCIAL_HOUSING,0,0,0,5290,0.0,0.0,0.0,0.0,0.0,LOW,MEDIUM,MEDIUM,5,COST_BASED,COST_BASED,false,false
2,social_learning_factor_low,1,2042,ELECTRIC_HEAT_PUMP,SOCIAL_HOUSING,0,0,0,5290,0.0,0.0,0.0,0.0,0.0,LOW,MEDIUM,MEDIUM,5,COST_BASED,COST_BASED,false,false
2,social_learning_factor_low,1,2043,ELECTRIC_HEAT_PUMP,SOCIAL_HOUSING,0,0,0,5290,0.0,0.0,0.0,0.0,0.0,LOW,MEDIUM,MEDIUM,5,COST_BASED,COST_BASED,false,false
2,social_learning_factor_low,1,2044,ELECTRIC_HEAT_PUMP,SOCIAL_HOUSING,0,0,0,5290,0.0,0.0,0.0,0.0,0.0,LOW,MEDIUM,MEDIUM,5,COST_BASED,COST_BASED,false,false
2,social_learning_factor_low,1,2045,ELECTRIC_HEAT_PUMP,SOCIAL_HOUSING,0,0,0,5290,0.0,0.0,0.0,0.0,0.0,LOW,MEDIUM,MEDIUM,5,COST_BASED,COST_BASED,false,false
2,social_learning_factor_low,1,2046,ELECTRIC_HEAT_PUMP,SOCIAL_HOUSING,0,0,0,5290,0.0,0.0,0.0,0.0,0.0,LOW,MEDIUM,MEDIUM,5,COST_BASED,COST_BASED,false,false
2,social_learning_factor_low,1,2047,ELECTRIC_HEAT_PUMP,SOCIAL_HOUSING,0,0,0,5290,0.0,0.0,0.0,0.0,0.0,LOW,MEDIUM,MEDIUM,5,COST_BASED,COST_BASED,false,false
2,social_learning_factor_low,1,2048,ELECTRIC_HEAT_PUMP,SOCIAL_HOUSING,0,0,0,5290,0.0,0.0,0.0,0.0,0.0,LOW,MEDIUM,MEDIUM,5,COST_BASED,COST_BASED,false,false
2,social_learning_factor_low,1,2049,ELECTRIC_HEAT_PUMP,SOCIAL_HOUSING,0,0,0,5290,0.0,0.0,0.0,0.0,0.0,LOW,MEDIUM,MEDIUM,5,COST_BASED,COST_BASED,false,false
2,social_learning_factor_low,1,2050,ELECTRIC_HEAT_PUMP,SOCIAL_HOUSING,0,0,0,5290,0.0,0.0,0.0,0.0,0.0,LOW,MEDIUM,MEDIUM,5,COST_BASED,COST_BASED,false,false
2,social_learning_factor_low,1,2024,ELECTRIC_HEAT_PUMP,PRIVATELY_RENTED,66636,66636,0,66636,0.0,0.0,0.0,0.0,0.0,LOW,MEDIUM,MEDIUM,5,COST_BASED,COST_BASED,false,false
2,social_learning_factor_low,1,2025,ELECTRIC_HEAT_PUMP,PRIVATELY_RENTED,202681,142467,6422,209103,0.0,0.0,0.0,0.0,0.0,LOW,MEDIUM,MEDIUM,5,COST_BASED,COST_BASED,false,false
2,social_learning_factor_low,1,2026,ELECTRIC_HEAT_PUMP,PRIVATELY_RENTED,278795,80495,4381,289598,0.0,0.0,0.0,0.0,0.0,LOW,MEDIUM,MEDIUM,5,COST_BASED,COST_BASED,false,false
2,social_learning_factor_low,1,2027,ELECTRIC_HEAT_PUMP,PRIVATELY_RENTED,351116,76728,4407,366326,0.0,0.0,0.0,0.0,0.0,LOW,MEDIUM,MEDIUM,5,COST_BASED,COST_BASED,false,false
2,social_learning_factor_low,1,2028,ELECTRIC_HEAT_PUMP,PRIVATELY_RENTED,421739,75079,4456,441405,0.0,0.0,0.0,0.0,0.0,LOW,MEDIUM,MEDIUM,5,COST_BASED,COST_BASED,false,false
2,social_learning_factor_low,1,2029,ELECTRIC_HEAT_PUMP,PRIVATELY_RENTED,489658,72076,4157,513481,0.0,0.0,0.0,0.0,0.0,LOW,MEDIUM,MEDIUM,5,COST_BASED,COST_BASED,false,false
2,social_learning_factor_low,1,2030,ELECTRIC_HEAT_PUMP,PRIVATELY_RENTED,556238,70560,3980,584041,0.0,0.0,0.0,0.0,0.0,LOW,MEDIUM,MEDIUM,5,COST_BASED,COST_BASED,false,false
2,social_learning_factor_low,1,2031,ELECTRIC_HEAT_PUMP,PRIVATELY_RENTED,620720,68844,4362,652885,0.0,0.0,0.0,0.0,0.0,LOW,MEDIUM,MEDIUM,5,COST_BASED,COST_BASED,false,false
2,social_learning_factor_low,1,2032,ELECTRIC_HEAT_PUMP,PRIVATELY_RENTED,683844,67544,4420,720429,0.0,0.0,0.0,0.0,0.0,LOW,MEDIUM,MEDIUM,5,COST_BASED,COST_BASED,false,false
2,social_learning_factor_low,1,2033,ELECTRIC_HEAT_PUMP,PRIVATELY_RENTED,744307,65274,4811,785703,0.0,0.0,0.0,0.0,0.0,LOW,MEDIUM,MEDIUM,5,COST_BASED,COST_BASED,false,false
2,social_learning_factor_low,1,2034,ELECTRIC_HEAT_PUMP,PRIVATELY_RENTED,800727,61257,4837,846960,0.0,0.0,0.0,0.0,0.0,LOW,MEDIUM,MEDIUM,5,COST_BASED,COST_BASED,false,false
2,social_learning_factor_low,1,2035,ELECTRIC_HEAT_PUMP,PRIVATELY_RENTED,855832,60342,5237,907302,0.0,0.0,0.0,0.0,0.0,LOW,MEDIUM,MEDIUM,5,COST_BASED,COST_BASED,false,false
2,social_learning_factor_low,1,2036,ELECTRIC_HEAT_PUMP,PRIVATELY_RENTED,888372,37771,5231,945073,0.0,0.0,0.0,0.0,0.0,LOW,MEDIUM,MEDIUM,5,COST_BASED,COST_BASED,false,false
2,social_learning_factor_low,1,2037,ELECTRIC_HEAT_PUMP,PRIVATELY_RENTED,888401,4168,4139,949241,0.0,0.0,0.0,0.0,0.0,LOW,MEDIUM,MEDIUM,5,COST_BASED,COST_BASED,false,false
2,social_learning_factor_low,1,2038,ELECTRIC_HEAT_PUMP,PRIVATELY_RENTED,888937,4140,3604,953381,0.0,0.0,0.0,0.0,0.0,LOW,MEDIUM,MEDIUM,5,COST_BASED,COST_BASED,false,false
2,social_learning_factor_low,1,2039,ELECTRIC_HEAT_PUMP,PRIVATELY_RENTED,890202,3457,2192,956838,0.0,0.0,0.0,0.0,0.0,LOW,MEDIUM,MEDIUM,5,COST_BASED,COST_BASED,false,false
2,social_learning_factor_low,1,2040,ELECTRIC_HEAT_PUMP,PRIVATELY_RENTED,892535,144800,142467,1101638,0.0,0.0,0.0,0.0,0.0,LOW,MEDIUM,MEDIUM,5,COST_BASED,COST_BASED,false,false
2,social_learning_factor_low,1,2041,ELECTRIC_HEAT_PUMP,PRIVATELY_RENTED,895300,83260,80495,1184898,0.0,0.0,0.0,0.0,0.0,LOW,MEDIUM,MEDIUM,5,COST_BASED,COST_BASED,false,false
2,social_learning_factor_low,1,2042,ELECTRIC_HEAT_PUMP,PRIVATELY_RENTED,897390,78818,76728,1263716,0.0,0.0,0.0,0.0,0.0,LOW,MEDIUM,MEDIUM,5,COST_BASED,COST_BASED,false,false
2,social_learning_factor_low,1,2043,ELECTRIC_HEAT_PUMP,PRIVATELY_RENTED,899415,77104,75079,1340820,0.0,0.0,0.0,0.0,0.0,LOW,MEDIUM,MEDIUM,5,COST_BASED,COST_BASED,false,false
2,social_learning_factor_low,1,2044,ELECTRIC_HEAT_PUMP,PRIVATELY_RENTED,900858,73519,72076,1414339,0.0,0.0,0.0,0.0,0.0,LOW,MEDIUM,MEDIUM,5,COST_BASED,COST_BASED,false,false
2,social_learning_factor_low,1,2045,ELECTRIC_HEAT_PUMP,PRIVATELY_RENTED,902465,72167,70560,1486506,0.0,0.0,0.0,0.0,0.0,LOW,MEDIUM,MEDIUM,5,COST_BASED,COST_BASED,false,false
2,social_learning_factor_low,1,2046,ELECTRIC_HEAT_PUMP,PRIVATELY_RENTED,904267,70646,68844,1557152,0.0,0.0,0.0,0.0,0.0,LOW,MEDIUM,MEDIUM,5,COST_BASED,COST_BASED,false,false
2,social_learning_factor_low,1,2047,ELECTRIC_HEAT_PUMP,PRIVATELY_RENTED,906468,69745,67544,1626897,0.0,0.0,0.0,0.0,0.0,LOW,MEDIUM,MEDIUM,5,COST_BASED,COST_BASED,false,false
2,social_learning_factor_low,1,2048,ELECTRIC_HEAT_PUMP,PRIVATELY_RENTED,908499,67305,65274,1694202,0.0,0.0,0.0,0.0,0.0,LOW,MEDIUM,MEDIUM,5,COST_BASED,COST_BASED,false,false
2,social_learning_factor_low,1,2049,ELECTRIC_HEAT_PUMP,PRIVATELY_RENTED,910460,63218,61257,1757420,0.0,0.0,0.0,0.0,0.0,LOW,MEDIUM,MEDIUM,5,COST_BASED,COST_BASED,false,false
2,social_learning_factor_low,1,2050,ELECTRIC_HEAT_PUMP,PRIVATELY_RENTED,912739,62621,60342,1820041,0.0,0.0,0.0,0.0,0.0,LOW,MEDIUM,MEDIUM,5,COST_BASED,COST_BASED,false,false
2,social_learning_factor_low,1,2024,HYBRID_HEAT_PUMP,TOTAL,156160,156160,0,156160,0.0,0.0,0.0,0.0,0.0,LOW,MEDIUM,MEDIUM,5,COST_BASED,COST_BASED,false,false
2,social_learning_factor_low,1,2025,HYBRID_HEAT_PUMP,TOTAL,2096631,1957971,17500,2114131,0.14198570726901,0.13180686887218288,0.010152735774586578,362.7517088584936,0.12841392273988986,LOW,MEDIUM,MEDIUM,5,COST_BASED,COST_BASED,false,false
2,social_learning_factor_low,1,2026,HYBRID_HEAT_PUMP,TOTAL,2317236,1825277,1604672,3939408,0.09554192217216698,0.08958492564563629,0.013159469965126357,231.86242639133602,0.08759926013678684,LOW,MEDIUM,MEDIUM,5,COST_BASED,COST_BASED,false,false
2,social_learning_factor_low,1,2027,HYBRID_HEAT_PUMP,TOTAL,2525288,1815323,1607271,5754731,0.09161496315722958,0.08544456814681843,0.017151244746489585,217.84822249027596,0.08338776981000877,LOW,MEDIUM,MEDIUM,5,COST_BASED,COST_BASED,false,false
2,social_learning_factor_low,1,2028,HYBRID_HEAT_PUMP,TOTAL,2743035,1825409,1607662,7580140,0.09516211989567486,0.08927280501542187,0.022554628492907007,223.53399415844655,0.08730970005533886,LOW,MEDIUM,MEDIUM,5,COST_BASED,COST_BASED,false,false
2,social_learning_factor_low,1,2029,HYBRID_HEAT_PUMP,TOTAL,2964880,1830048,1608203,9410188,0.09688409565515342,0.09090506144454667,0.02791037077102005,225.31629413295175,0.08891205004101865,LOW,MEDIUM,MEDIUM,5,COST_BASED,COST_BASED,false,false
2,social_learning_factor_low,1,2030,HYBRID_HEAT_PUMP,TOTAL,3175022,1818193,1608051,11228381,0.0925028157517615,0.08673959927435791,0.031325905658533305,212.7263165619878,0.08481852711522343,LOW,MEDIUM,MEDIUM,5,COST_BASED,COST_BASED,false,false
2,social_learning_factor_low,1,2031,HYBRID_HEAT_PUMP,TOTAL,3394409,1827993,1608606,13056374,0.09607769839400525,0.09022007130419266,0.03734831730436108,218.01135965883057,0.08826752894092328,LOW,MEDIUM,MEDIUM,5,COST_BASED,COST_BASED,false,false
2,social_learning_factor_low,1,2032,HYBRID_HEAT_PUMP,TOTAL,3617375,1831416,1608450,14887790,0.09731916311854717,0.0919753477617662,0.04298773370862458,219.12833624415455,0.09019407597616956,LOW,MEDIUM,MEDIUM,5,COST_BASED,COST_BASED,false,false
2,social_learning_factor_low,1,2033,HYBRID_HEAT_PUMP,TOTAL,3839073,1830280,1608582,16718070,0.09691886327077398,0.09129765935645935,0.04773480606539886,216.0786243308588,0.08942392471835399,LOW,MEDIUM,MEDIUM,5,COST_BASED,COST_BASED,false,false
2,social_learning_factor_low,1,2034,HYBRID_HEAT_PUMP,TOTAL,4052123,1821722,1608672,18539792,0.09375464405783986,0.08767487171170137,0.05079858405010349,203.0119917714387,0.08564828092965152,LOW,MEDIUM,MEDIUM,5,COST_BASED,COST_BASED,false,false
2,social_learning_factor_low,1,2035,HYBRID_HEAT_PUMP,TOTAL,4272095,1828644,1608672,20368436,0.09628704687050606,0.09047986457100454,0.05719545813002039,206.4571238715271,0.08854413713783928,LOW,MEDIUM,MEDIUM,5,COST_BASED,COST_BASED,false,false
2,social_learning_factor_low,1,2036,HYBRID_HEAT_PUMP,TOTAL,4411827,1748477,1608745,22116913,0.06563370022639879,0.06195704531163845,0.0415731368752961,137.37311436467377,0.06073149367338454,LOW,MEDIUM,MEDIUM,5,COST_BASED,COST_BASED,false,false
2,social_learning_factor_low,1,2037,HYBRID_HEAT_PUMP,TOTAL,4423918,1621310,1609219,23738223,0.010821463456133256,0.0105339466435738,0.00661029402119516,18.12760809947585,0.010438107706053846,LOW,MEDIUM,MEDIUM,5,COST_BASED,COST_BASED,false,false
2,social_learning_factor_low,1,2038,HYBRID_HEAT_PUMP,TOTAL,4434178,1619226,1608966,25357449,0.009830678173867782,0.009569366893890735,0.0060478442955604625,16.631334194732858,0.009482263133898553,LOW,MEDIUM,MEDIUM,5,COST_BASED,COST_BASED,false,false
2,social_learning_factor_low,1,2039,HYBRID_HEAT_PUMP,TOTAL,4437418,1607835,1604595,26965284,0.0044747987876351016,0.004275615011524264,0.0027187730282569687,8.156241192001323,0.004209220419487339,LOW,MEDIUM,MEDIUM,5,COST_BASED,COST_BASED,false,false
2,social_learning_factor_low,1,2040,HYBRID_HEAT_PUMP,TOTAL,4438123,1962708,1962003,28927992,0.14101716759335345,0.1418515484341549,0.09508555987942811,255.8413994800976,0.14212967538109364,LOW,MEDIUM,MEDIUM,5,COST_BASED,COST_BASED,false,false
2,social_learning_factor_low,1,2041,HYBRID_HEAT_PUMP,TOTAL,4437801,1826153,1826475,30754145,0.09477840365395422,0.09538192169892779,0.06367471744268895,171.941579619521,0.09558309438058943,LOW,MEDIUM,MEDIUM,5,COST_BASED,COST_BASED,false,false
2,social_learning_factor_low,1,2042,HYBRID_HEAT_PUMP,TOTAL,4437900,1815948,1815849,32570093,0.09102965603994423,0.09124125954392782,0.06110983603904375,164.1079989935443,0.0913117940452592,LOW,MEDIUM,MEDIUM,5,COST_BASED,COST_BASED,false,false
2,social_learning_factor_low,1,2043,HYBRID_HEAT_PUMP,TOTAL,4437134,1824941,1825707,34395034,0.09423755894733098,0.09448261586920872,0.06339598838232037,169.04117840749274,0.09456430150984005,LOW,MEDIUM,MEDIUM,5,COST_BASED,COST_BASED,false,false
2,social_learning_factor_low,1,2044,HYBRID_HEAT_PUMP,TOTAL,4438198,1831330,1830266,36226364,0.0966806145552931,0.09768261650551788,0.06490630032252316,173.1343009839986,0.0980166171555978,LOW,MEDIUM,MEDIUM,5,COST_BASED,COST_BASED,false,false
2,social_learning_factor_low,1,2045,HYBRID_HEAT_PUMP,TOTAL,4439122,1819247,1818323,38045611,0.09220860429890322,0.09281897679616918,0.061955845327676035,164.26674046160826,0.09302243429525361,LOW,MEDIUM,MEDIUM,5,COST_BASED,COST_BASED,false,false
2,social_learning_factor_low,1,2046,HYBRID_HEAT_PUMP,TOTAL,4440836,1829816,1828102,39875427,0.09608445645382377,0.09683553314583095,0.06448334307456885,170.00455479648113,0.0970858920431625,LOW,MEDIUM,MEDIUM,5,COST_BASED,COST_BASED,false,false
2,social_learning_factor_low,1,2047,HYBRID_HEAT_PUMP,TOTAL,4441976,1832634,1831494,41708061,0.09715337932381013,0.09824071698748686,0.06529254484149405,171.20407105877612,0.0986031628753769,LOW,MEDIUM,MEDIUM,5,COST_BASED,COST_BASED,false,false
2,social_learning_factor_low,1,2048,HYBRID_HEAT_PUMP,TOTAL,4442664,1831027,1830339,43539088,0.0966111042683969,0.09721732757344044,0.06476260180722705,169.18886525475753,0.09741940200845721,LOW,MEDIUM,MEDIUM,5,COST_BASED,COST_BASED,false,false
2,social_learning_factor_low,1,2049,HYBRID_HEAT_PUMP,TOTAL,4445162,1824262,1821764,45363350,0.0940326699580042,0.09420445902621011,0.0630230512875595,160.45613255687363,0.09426172204894641,LOW,MEDIUM,MEDIUM,5,COST_BASED,COST_BASED,false,false
2,social_learning_factor_low,1,2050,HYBRID_HEAT_PUMP,TOTAL,4445943,1829446,1828665,47192796,0.095951282158102,0.09636843173401488,0.06439773990424338,161.72342892102535,0.09650748159265377,LOW,MEDIUM,MEDIUM,5,COST_BASED,COST_BASED,false,false
2,social_learning_factor_low,1,2024,HYBRID_HEAT_PUMP,PRIVATELY_OWNED,131910,131910,0,131910,0.0,0.0,0.0,0.0,0.0,LOW,MEDIUM,MEDIUM,5,COST_BASED,COST_BASED,false,false
2,social_learning_factor_low,1,2025,HYBRID_HEAT_PUMP,PRIVATELY_OWNED,481533,363145,13522,495055,0.7655451603277226,0.7106638583831163,0.054740564285073616,1955.8504898742199,0.6923700910681543,LOW,MEDIUM,MEDIUM,5,COST_BASED,COST_BASED,false,false
2,social_learning_factor_low,1,2026,HYBRID_HEAT_PUMP,PRIVATELY_OWNED,700859,227782,8456,722837,0.7656025194117464,0.717867541454944,0.10545028957308279,1857.9745285241968,0.7019558821359628,LOW,MEDIUM,MEDIUM,5,COST_BASED,COST_BASED,false,false
2,social_learning_factor_low,1,2027,HYBRID_HEAT_PUMP,PRIVATELY_OWNED,909633,217161,8387,939998,0.7658407806349735,0.7142603404017612,0.14337311518611404,1821.067727610921,0.6970668603239741,LOW,MEDIUM,MEDIUM,5,COST_BASED,COST_BASED,false,false
2,social_learning_factor_low,1,2028,HYBRID_HEAT_PUMP,PRIVATELY_OWNED,1128424,226998,8207,1166996,0.7652481084266995,0.7178890639142028,0.18137350039475628,1797.5531270882375,0.7021027157433812,LOW,MEDIUM,MEDIUM,5,COST_BASED,COST_BASED,false,false
2,social_learning_factor_low,1,2029,HYBRID_HEAT_PUMP,PRIVATELY_OWNED,1351453,231579,8550,1398575,0.7656244542273791,0.7183752666971952,0.22056109668304857,1780.5571033876997,0.7026255375205269,LOW,MEDIUM,MEDIUM,5,COST_BASED,COST_BASED,false,false
2,social_learning_factor_low,1,2030,HYBRID_HEAT_PUMP,PRIVATELY_OWNED,1562688,219641,8406,1618216,0.7657403311774327,0.7180322991765774,0.2593165319180192,1760.953099324763,0.7021296218429595,LOW,MEDIUM,MEDIUM,5,COST_BASED,COST_BASED,false,false
2,social_learning_factor_low,1,2031,HYBRID_HEAT_PUMP,PRIVATELY_OWNED,1783303,229418,8803,1847634,0.7655430703796251,0.718869743453282,0.29758982553309204,1737.1053682658933,0.7033119678111794,LOW,MEDIUM,MEDIUM,5,COST_BASED,COST_BASED,false,false
2,social_learning_factor_low,1,2032,HYBRID_HEAT_PUMP,PRIVATELY_OWNED,2007524,232821,8600,2080455,0.7655317709395509,0.7234962632084856,0.3381500093106481,1723.7068007221194,0.7094844272981069,LOW,MEDIUM,MEDIUM,5,COST_BASED,COST_BASED,false,false
2,social_learning_factor_low,1,2033,HYBRID_HEAT_PUMP,PRIVATELY_OWNED,2230486,231654,8692,2312109,0.7657483016361997,0.7213356124519344,0.37714894128907,1707.2201841551807,0.7065313827238422,LOW,MEDIUM,MEDIUM,5,COST_BASED,COST_BASED,false,false
2,social_learning_factor_low,1,2034,HYBRID_HEAT_PUMP,PRIVATELY_OWNED,2444789,223099,8796,2535208,0.7655565362567117,0.7159119612565903,0.4147974582267184,1657.7008936563984,0.699363769589853,LOW,MEDIUM,MEDIUM,5,COST_BASED,COST_BASED,false,false
2,social_learning_factor_low,1,2035,HYBRID_HEAT_PUMP,PRIVATELY_OWNED,2665921,229953,8821,2765161,0.7656987755648749,0.71951860366501,0.45483264552631625,1641.798892925619,0.7041252130317368,LOW,MEDIUM,MEDIUM,5,COST_BASED,COST_BASED,false,false
2,social_learning_factor_low,1,2036,HYBRID_HEAT_PUMP,PRIVATELY_OWNED,2806951,149901,8871,2915062,0.7655653749524892,0.7226800936308475,0.4849178700896398,1602.349089632502,0.7083849998569615,LOW,MEDIUM,MEDIUM,5,COST_BASED,COST_BASED,false,false
2,social_learning_factor_low,1,2037,HYBRID_HEAT_PUMP,PRIVATELY_OWNED,2820377,22838,9412,2937900,0.7682348242430778,0.7478234973593414,0.4692764602637677,1286.9109505106048,0.7410197217314196,LOW,MEDIUM,MEDIUM,5,COST_BASED,COST_BASED,false,false
2,social_learning_factor_low,1,2038,HYBRID_HEAT_PUMP,PRIVATELY_OWNED,2832013,20754,9118,2958654,0.7669889995547478,0.746601507089097,0.4718524972209302,1297.575828409006,0.7398056762672265,LOW,MEDIUM,MEDIUM,5,COST_BASED,COST_BASED,false,false
2,social_learning_factor_low,1,2039,HYBRID_HEAT_PUMP,PRIVATELY_OWNED,2836115,9368,5266,2968022,0.7680121806914265,0.7338261594848543,0.4666245123705747,1399.8601683327763,0.722430819082667,LOW,MEDIUM,MEDIUM,5,COST_BASED,COST_BASED,false,false
2,social_learning_factor_low,1,2040,HYBRID_HEAT_PUMP,PRIVATELY_OWNED,2836819,363852,363148,3331874,0.7606816039840801,0.7651824613417084,0.5129151112535663,1380.072011396896,0.7666827471276111,LOW,MEDIUM,MEDIUM,5,COST_BASED,COST_BASED,false,false
2,social_learning_factor_low,1,2041,HYBRID_HEAT_PUMP,PRIVATELY_OWNED,2836494,227457,227782,3559331,0.7609344454902661,0.765779828522587,0.5112165212858639,1380.4439144406508,0.7673949562000576,LOW,MEDIUM,MEDIUM,5,COST_BASED,COST_BASED,false,false
2,social_learning_factor_low,1,2042,HYBRID_HEAT_PUMP,PRIVATELY_OWNED,2836591,217258,217161,3776589,0.7608701259627937,0.7626388109357384,0.5107857226681154,1371.6944487951134,0.763228372593416,LOW,MEDIUM,MEDIUM,5,COST_BASED,COST_BASED,false,false
2,social_learning_factor_low,1,2043,HYBRID_HEAT_PUMP,PRIVATELY_OWNED,2835825,226232,226998,4002821,0.7601841696263179,0.762160965234669,0.5113951095973165,1363.6009811350657,0.762819897104163,LOW,MEDIUM,MEDIUM,5,COST_BASED,COST_BASED,false,false
2,social_learning_factor_low,1,2044,HYBRID_HEAT_PUMP,PRIVATELY_OWNED,2836889,232643,231579,4235464,0.7610549634140933,0.7689425690222791,0.510932437123173,1362.8866521710354,0.7715717708917136,LOW,MEDIUM,MEDIUM,5,COST_BASED,COST_BASED,false,false
2,social_learning_factor_low,1,2045,HYBRID_HEAT_PUMP,PRIVATELY_OWNED,2837811,220563,219641,4456027,0.7605547020350956,0.7655891744286231,0.511023996521804,1354.9043800844177,0.7672673318930974,LOW,MEDIUM,MEDIUM,5,COST_BASED,COST_BASED,false,false
2,social_learning_factor_low,1,2046,HYBRID_HEAT_PUMP,PRIVATELY_OWNED,2839522,231129,229418,4687156,0.7606872169676241,0.7666333861989271,0.5105056176046072,1345.9023075402824,0.7686154426093282,LOW,MEDIUM,MEDIUM,5,COST_BASED,COST_BASED,false,false
2,social_learning_factor_low,1,2047,HYBRID_HEAT_PUMP,PRIVATELY_OWNED,2840659,233958,232821,4921114,0.7610194400863037,0.7695367464914471,0.5114479420368041,1341.0714810381742,0.7723758486264778,LOW,MEDIUM,MEDIUM,5,COST_BASED,COST_BASED,false,false
2,social_learning_factor_low,1,2048,HYBRID_HEAT_PUMP,PRIVATELY_OWNED,2841346,232341,231654,5153455,0.7613703152489228,0.7661478243392855,0.5103794530422161,1333.3392745181561,0.7677403273694241,LOW,MEDIUM,MEDIUM,5,COST_BASED,COST_BASED,false,false
2,social_learning_factor_low,1,2049,HYBRID_HEAT_PUMP,PRIVATELY_OWNED,2843844,225597,223099,5379052,0.7603834561759627,0.7617726070473991,0.5096280428726706,1297.508500957315,0.762235657337886,LOW,MEDIUM,MEDIUM,5,COST_BASED,COST_BASED,false,false
2,social_learning_factor_low,1,2050,HYBRID_HEAT_PUMP,PRIVATELY_OWNED,2844623,230732,229953,5609784,0.7607860606201613,0.7640935889346367,0.5106018570326545,1282.285422680227,0.765196098372805,LOW,MEDIUM,MEDIUM,5,COST_BASED,COST_BASED,false,false
2,social_learning_factor_low,1,2024,HYBRID_HEAT_PUMP,SOCIAL_HOUSING,1845,1845,0,1845,0.0,0.0,0.0,0.0,0.0,LOW,MEDIUM,MEDIUM,5,COST_BASED,COST_BASED,false,false
2,social_learning_factor_low,1,2025,HYBRID_HEAT_PUMP,SOCIAL_HOUSING,1594673,1594430,1602,1596275,0.0,0.0,0.0,0.0,0.0,LOW,MEDIUM,MEDIUM,5,COST_BASED,COST_BASED,false,false
2,social_learning_factor_low,1,2026,HYBRID_HEAT_PUMP,SOCIAL_HOUSING,1597351,1597261,1594583,3193536,0.0,0.0,0.0,0.0,0.0,LOW,MEDIUM,MEDIUM,5,COST_BASED,COST_BASED,false,false
2,social_learning_factor_low,1,2027,HYBRID_HEAT_PUMP,SOCIAL_HOUSING,1597966,1597933,1597318,4791469,0.0,0.0,0.0,0.0,0.0,LOW,MEDIUM,MEDIUM,5,COST_BASED,COST_BASED,false,false
2,social_learning_factor_low,1,2028,HYBRID_HEAT_PUMP,SOCIAL_HOUSING,1598182,1598161,1597945,6389630,0.0,0.0,0.0,0.0,0.0,LOW,MEDIUM,MEDIUM,5,COST_BASED,COST_BASED,false,false
2,social_learning_factor_low,1,2029,HYBRID_HEAT_PUMP,SOCIAL_HOUSING,1598252,1598241,1598171,7987871,0.0,0.0,0.0,0.0,0.0,LOW,MEDIUM,MEDIUM,5,COST_BASED,COST_BASED,false,false
2,social_learning_factor_low,1,2030,HYBRID_HEAT_PUMP,SOCIAL_HOUSING,1598338,1598329,1598243,9586200,0.0,0.0,0.0,0.0,0.0,LOW,MEDIUM,MEDIUM,5,COST_BASED,COST_BASED,false,false
2,social_learning_factor_low,1,2031,HYBRID_HEAT_PUMP,SOCIAL_HOUSING,1598356,1598350,1598332,11184550,0.0,0.0,0.0,0.0,0.0,LOW,MEDIUM,MEDIUM,5,COST_BASED,COST_BASED,false,false
2,social_learning_factor_low,1,2032,HYBRID_HEAT_PUMP,SOCIAL_HOUSING,1598383,1598381,1598354,12782931,0.0,0.0,0.0,0.0,0.0,LOW,MEDIUM,MEDIUM,5,COST_BASED,COST_BASED,false,false
2,social_learning_factor_low,1,2033,HYBRID_HEAT_PUMP,SOCIAL_HOUSING,1598402,1598400,1598381,14381331,0.0,0.0,0.0,0.0,0.0,LOW,MEDIUM,MEDIUM,5,COST_BASED,COST_BASED,false,false
2,social_learning_factor_low,1,2034,HYBRID_HEAT_PUMP,SOCIAL_HOUSING,1598419,1598417,1598400,15979748,0.0,0.0,0.0,0.0,0.0,LOW,MEDIUM,MEDIUM,5,COST_BASED,COST_BASED,false,false
2,social_learning_factor_low,1,2035,HYBRID_HEAT_PUMP,SOCIAL_HOUSING,1598439,1598438,1598418,17578186,0.0,0.0,0.0,0.0,0.0,LOW,MEDIUM,MEDIUM,5,COST_BASED,COST_BASED,false,false
2,social_learning_factor_low,1,2036,HYBRID_HEAT_PUMP,SOCIAL_HOUSING,1598456,1598455,1598438,19176641,0.0,0.0,0.0,0.0,0.0,LOW,MEDIUM,MEDIUM,5,COST_BASED,COST_BASED,false,false
2,social_learning_factor_low,1,2037,HYBRID_HEAT_PUMP,SOCIAL_HOUSING,1598456,1598455,1598455,20775096,0.0,0.0,0.0,0.0,0.0,LOW,MEDIUM,MEDIUM,5,COST_BASED,COST_BASED,false,false
2,social_learning_factor_low,1,2038,HYBRID_HEAT_PUMP,SOCIAL_HOUSING,1598458,1598458,1598456,22373554,0.0,0.0,0.0,0.0,0.0,LOW,MEDIUM,MEDIUM,5,COST_BASED,COST_BASED,false,false
2,social_learning_factor_low,1,2039,HYBRID_HEAT_PUMP,SOCIAL_HOUSING,1598459,1598459,1598458,23972013,0.0,0.0,0.0,0.0,0.0,LOW,MEDIUM,MEDIUM,5,COST_BASED,COST_BASED,false,false
2,social_learning_factor_low,1,2040,HYBRID_HEAT_PUMP,SOCIAL_HOUSING,1598459,1598459,1598459,25570472,0.0,0.0,0.0,0.0,0.0,LOW,MEDIUM,MEDIUM,5,COST_BASED,COST_BASED,false,false
2,social_learning_factor_low,1,2041,HYBRID_HEAT_PUMP,SOCIAL_HOUSING,1598459,1598459,1598459,27168931,0.0,0.0,0.0,0.0,0.0,LOW,MEDIUM,MEDIUM,5,COST_BASED,COST_BASED,false,false
2,social_learning_factor_low,1,2042,HYBRID_HEAT_PUMP,SOCIAL_HOUSING,1598459,1598459,1598459,28767390,0.0,0.0,0.0,0.0,0.0,LOW,MEDIUM,MEDIUM,5,COST_BASED,COST_BASED,false,false
2,social_learning_factor_low,1,2043,HYBRID_HEAT_PUMP,SOCIAL_HOUSING,1598459,1598459,1598459,30365849,0.0,0.0,0.0,0.0,0.0,LOW,MEDIUM,MEDIUM,5,COST_BASED,COST_BASED,false,false
2,social_learning_factor_low,1,2044,HYBRID_HEAT_PUMP,SOCIAL_HOUSING,1598459,1598459,1598459,31964308,0.0,0.0,0.0,0.0,0.0,LOW,MEDIUM,MEDIUM,5,COST_BASED,COST_BASED,false,false
2,social_learning_factor_low,1,2045,HYBRID_HEAT_PUMP,SOCIAL_HOUSING,1598459,1598459,1598459,33562767,0.0,0.0,0.0,0.0,0.0,LOW,MEDIUM,MEDIUM,5,COST_BASED,COST_BASED,false,false
2,social_learning_factor_low,1,2046,HYBRID_HEAT_PUMP,SOCIAL_HOUSING,1598459,1598459,1598459,35161226,0.0,0.0,0.0,0.0,0.0,LOW,MEDIUM,MEDIUM,5,COST_BASED,COST_BASED,false,false
2,social_learning_factor_low,1,2047,HYBRID_HEAT_PUMP,SOCIAL_HOUSING,1598459,1598459,1598459,36759685,0.0,0.0,0.0,0.0,0.0,LOW,MEDIUM,MEDIUM,5,COST_BASED,COST_BASED,false,false
2,social_learning_factor_low,1,2048,HYBRID_HEAT_PUMP,SOCIAL_HOUSING,1598459,1598459,1598459,38358144,0.0,0.0,0.0,0.0,0.0,LOW,MEDIUM,MEDIUM,5,COST_BASED,COST_BASED,false,false
2,social_learning_factor_low,1,2049,HYBRID_HEAT_PUMP,SOCIAL_HOUSING,1598459,1598459,1598459,39956603,0.0,0.0,0.0,0.0,0.0,LOW,MEDIUM,MEDIUM,5,COST_BASED,COST_BASED,false,false
2,social_learning_factor_low,1,2050,HYBRID_HEAT_PUMP,SOCIAL_HOUSING,1598459,1598459,1598459,41555062,0.0,0.0,0.0,0.0,0.0,LOW,MEDIUM,MEDIUM,5,COST_BASED,COST_BASED,false,false
2,social_learning_factor_low,1,2024,HYBRID_HEAT_PUMP,PRIVATELY_RENTED,22405,22405,0,22405,0.0,0.0,0.0,0.0,0.0,LOW,MEDIUM,MEDIUM,5,COST_BASED,COST_BASED,false,false
2,social_learning_factor_low,1,2025,HYBRID_HEAT_PUMP,PRIVATELY_RENTED,20425,396,2376,22801,0.0,0.0,0.0,0.0,0.0,LOW,MEDIUM,MEDIUM,5,COST_BASED,COST_BASED,false,false
2,social_learning_factor_low,1,2026,HYBRID_HEAT_PUMP,PRIVATELY_RENTED,19026,234,1633,23035,0.0,0.0,0.0,0.0,0.0,LOW,MEDIUM,MEDIUM,5,COST_BASED,COST_BASED,false,false
2,social_learning_factor_low,1,2027,HYBRID_HEAT_PUMP,PRIVATELY_RENTED,17689,229,1566,23264,0.0,0.0,0.0,0.0,0.0,LOW,MEDIUM,MEDIUM,5,COST_BASED,COST_BASED,false,false
2,social_learning_factor_low,1,2028,HYBRID_HEAT_PUMP,PRIVATELY_RENTED,16429,250,1510,23514,0.0,0.0,0.0,0.0,0.0,LOW,MEDIUM,MEDIUM,5,COST_BASED,COST_BASED,false,false
2,social_learning_factor_low,1,2029,HYBRID_HEAT_PUMP,PRIVATELY_RENTED,15175,228,1482,23742,0.0,0.0,0.0,0.0,0.0,LOW,MEDIUM,MEDIUM,5,COST_BASED,COST_BASED,false,false
2,social_learning_factor_low,1,2030,HYBRID_HEAT_PUMP,PRIVATELY_RENTED,13996,223,1402,23965,0.0,0.0,0.0,0.0,0.0,LOW,MEDIUM,MEDIUM,5,COST_BASED,COST_BASED,false,false
2,social_learning_factor_low,1,2031,HYBRID_HEAT_PUMP,PRIVATELY_RENTED,12750,225,1471,24190,0.0,0.0,0.0,0.0,0.0,LOW,MEDIUM,MEDIUM,5,COST_BASED,COST_BASED,false,false
2,social_learning_factor_low,1,2032,HYBRID_HEAT_PUMP,PRIVATELY_RENTED,11468,214,1496,24404,0.0,0.0,0.0,0.0,0.0,LOW,MEDIUM,MEDIUM,5,COST_BASED,COST_BASED,false,false
2,social_learning_factor_low,1,2033,HYBRID_HEAT_PUMP,PRIVATELY_RENTED,10185,226,1509,24630,0.0,0.0,0.0,0.0,0.0,LOW,MEDIUM,MEDIUM,5,COST_BASED,COST_BASED,false,false
2,social_learning_factor_low,1,2034,HYBRID_HEAT_PUMP,PRIVATELY_RENTED,8915,206,1476,24836,0.0,0.0,0.0,0.0,0.0,LOW,MEDIUM,MEDIUM,5,COST_BASED,COST_BASED,false,false
2,social_learning_factor_low,1,2035,HYBRID_HEAT_PUMP,PRIVATELY_RENTED,7735,253,1433,25089,0.0,0.0,0.0,0.0,0.0,LOW,MEDIUM,MEDIUM,5,COST_BASED,COST_BASED,false,false
2,social_learning_factor_low,1,2036,HYBRID_HEAT_PUMP,PRIVATELY_RENTED,6420,121,1436,25210,0.0,0.0,0.0,0.0,0.0,LOW,MEDIUM,MEDIUM,5,COST_BASED,COST_BASED,false,false
2,social_learning_factor_low,1,2037,HYBRID_HEAT_PUMP,PRIVATELY_RENTED,5085,17,1352,25227,0.0,0.0,0.0,0.0,0.0,LOW,MEDIUM,MEDIUM,5,COST_BASED,COST_BASED,false,false
2,social_learning_factor_low,1,2038,HYBRID_HEAT_PUMP,PRIVATELY_RENTED,3707,14,1392,25241,0.0,0.0,0.0,0.0,0.0,LOW,MEDIUM,MEDIUM,5,COST_BASED,COST_BASED,false,false
2,social_learning_factor_low,1,2039,HYBRID_HEAT_PUMP,PRIVATELY_RENTED,2844,8,871,25249,0.0,0.0,0.0,0.0,0.0,LOW,MEDIUM,MEDIUM,5,COST_BASED,COST_BASED,false,false
2,social_learning_factor_low,1,2040,HYBRID_HEAT_PUMP,PRIVATELY_RENTED,2845,397,396,25646,0.0,0.0,0.0,0.0,0.0,LOW,MEDIUM,MEDIUM,5,COST_BASED,COST_BASED,false,false
2,social_learning_factor_low,1,2041,HYBRID_HEAT_PUMP,PRIVATELY_RENTED,2848,237,234,25883,0.0,0.0,0.0,0.0,0.0,LOW,MEDIUM,MEDIUM,5,COST_BASED,COST_BASED,false,false
2,social_learning_factor_low,1,2042,HYBRID_HEAT_PUMP,PRIVATELY_RENTED,2850,231,229,26114,0.0,0.0,0.0,0.0,0.0,LOW,MEDIUM,MEDIUM,5,COST_BASED,COST_BASED,false,false
2,social_learning_factor_low,1,2043,HYBRID_HEAT_PUMP,PRIVATELY_RENTED,2850,250,250,26364,0.0,0.0,0.0,0.0,0.0,LOW,MEDIUM,MEDIUM,5,COST_BASED,COST_BASED,false,false
2,social_learning_factor_low,1,2044,HYBRID_HEAT_PUMP,PRIVATELY_RENTED,2850,228,228,26592,0.0,0.0,0.0,0.0,0.0,LOW,MEDIUM,MEDIUM,5,COST_BASED,COST_BASED,false,false
2,social_learning_factor_low,1,2045,HYBRID_HEAT_PUMP,PRIVATELY_RENTED,2852,225,223,26817,0.0,0.0,0.0,0.0,0.0,LOW,MEDIUM,MEDIUM,5,COST_BASED,COST_BASED,false,false
2,social_learning_factor_low,1,2046,HYBRID_HEAT_PUMP,PRIVATELY_RENTED,2855,228,225,27045,0.0,0.0,0.0,0.0,0.0,LOW,MEDIUM,MEDIUM,5,COST_BASED,COST_BASED,false,false
2,social_learning_factor_low,1,2047,HYBRID_HEAT_PUMP,PRIVATELY_RENTED,2858,217,214,27262,0.0,0.0,0.0,0.0,0.0,LOW,MEDIUM,MEDIUM,5,COST_BASED,COST_BASED,false,false
2,social_learning_factor_low,1,2048,HYBRID_HEAT_PUMP,PRIVATELY_RENTED,2859,227,226,27489,0.0,0.0,0.0,0.0,0.0,LOW,MEDIUM,MEDIUM,5,COST_BASED,COST_BASED,false,false
2,social_learning_factor_low,1,2049,HYBRID_HEAT_PUMP,PRIVATELY_RENTED,2859,206,206,27695,0.0,0.0,0.0,0.0,0.0,LOW,MEDIUM,MEDIUM,5,COST_BASED,COST_BASED,false,false
2,social_learning_factor_low,1,2050,HYBRID_HEAT_PUMP,PRIVATELY_RENTED,2861,255,253,27950,0.0,0.0,0.0,0.0,0.0,LOW,MEDIUM,MEDIUM,5,COST_BASED,COST_BASED,false,false
3,social_learning_factor_high,1,2024,NATURAL_GAS_BOILER,TOTAL,6875115,6875115,0,6875115,0.0,0.0,0.0,0.0,0.0,HIGH,MEDIUM,MEDIUM,5,COST_BASED,COST_BASED,false,false
3,social_learning_factor_high,1,2025,NATURAL_GAS_BOILER,TOTAL,4820203,10056,2064968,6885171,0.2855481617383832,0.6215365168971482,0.7671115819911644,1770.2578715091365,0.733532635283408,HIGH,MEDIUM,MEDIUM,5,COST_BASED,COST_BASED,false,false
3,social_learning_factor_high,1,2026,NATURAL_GAS_BOILER,TOTAL,4386630,6318,439891,6891489,0.2855886630368518,0.6230884461852582,0.681115821911284,1767.9952976824295,0.7355883739013441,HIGH,MEDIUM,MEDIUM,5,COST_BASED,COST_BASED,false,false
3,social_learning_factor_high,1,2027,NATURAL_GAS_BOILER,TOTAL,3953386,6767,440011,6898256,0.28611677819285775,0.6350801655978209,0.6172990286960983,1763.0278605743404,0.7514012947328064,HIGH,MEDIUM,MEDIUM,5,COST_BASED,COST_BASED,false,false
3,social_learning_factor_high,1,2028,NATURAL_GAS_BOILER,TOTAL,3512721,5420,446085,6903676,0.2855031037592531,0.6223645716463692,0.5530941291833039,1756.377614868983,0.7346517276088288,HIGH,MEDIUM,MEDIUM,5,COST_BASED,COST_BASED,false,false
3,social_learning_factor_high,1,2029,NATURAL_GAS_BOILER,TOTAL,3072126,5226,445821,6908902,0.2854832723498983,0.6199651166676271,0.4883766401964819,1758.91774702851,0.7314590647736045,HIGH,MEDIUM,MEDIUM,5,COST_BASED,COST_BASED,false,false
3,social_learning_factor_high,1,2030,NATURAL_GAS_BOILER,TOTAL,2629368,6154,448912,6915056,0.28545905552001016,0.6219301191536939,0.42359061941786097,1754.7818687507677,0.7340871403649197,HIGH,MEDIUM,MEDIUM,5,COST_BASED,COST_BASED,false,false
3,social_learning_factor_high,1,2031,NATURAL_GAS_BOILER,TOTAL,2183408,5591,451551,6920647,0.28553263198692025,0.6193983779049225,0.3580051769288855,1747.2020020605319,0.730686959877575,HIGH,MEDIUM,MEDIUM,5,COST_BASED,COST_BASED,false,false
3,social_learning_factor_high,1,2032,NATURAL_GAS_BOILER,TOTAL,1738754,5556,450210,6926203,0.285076085706947,0.6226218467600286,0.29317884800684596,1745.5913102215804,0.7351371004443767,HIGH,MEDIUM,MEDIUM,5,COST_BASED,COST_BASED,false,false
3,social_learning_factor_high,1,2033,NATURAL_GAS_BOILER,TOTAL,1293927,5361,450188,6931564,0.2846785730332576,0.621912417590829,0.22686766002984404,1734.7553486080149,0.7343236991099907,HIGH,MEDIUM,MEDIUM,5,COST_BASED,COST_BASED,false,false
3,social_learning_factor_high,1,2034,NATURAL_GAS_BOILER,TOTAL,834514,5809,465222,6937373,0.2847623549077901,0.620710210564519,0.15996822380382167,1693.19087596772,0.7326928291167593,HIGH,MEDIUM,MEDIUM,5,COST_BASED,COST_BASED,false,false
3,social_learning_factor_high,1,2035,NATURAL_GAS_BOILER,TOTAL,372235,5621,467900,6942994,0.2848955494324121,0.6247428718248584,0.09150021061002363,1687.6801673733746,0.7380253126223789,HIGH,MEDIUM,MEDIUM,5,COST_BASED,COST_BASED,false,false
3,social_learning_factor_high,1,2036,NATURAL_GAS_BOILER,TOTAL,71419,3379,304195,6946373,0.28216422397786206,0.6127210654434085,0.03447765661998064,1718.2882419014952,0.7229066792652413,HIGH,MEDIUM,MEDIUM,5,COST_BASED,COST_BASED,false,false
3,social_learning_factor_high,1,2037,NATURAL_GAS_BOILER,TOTAL,68145,6943,10217,6953316,0.35711600003526744,0.6245909243900961,0.011830759314498417,1534.0817888950644,0.7137492325083731,HIGH,MEDIUM,MEDIUM,5,COST_BASED,COST_BASED,false,false
3,social_learning_factor_high,1,2038,NATURAL_GAS_BOILER,TOTAL,67100,5273,6318,6958589,0.3364208844327925,0.6219882232888918,0.011350368833821208,1576.596124346427,0.7171773362409213,HIGH,MEDIUM,MEDIUM,5,COST_BASED,COST_BASED,false,false
3,social_learning_factor_high,1,2039,NATURAL_GAS_BOILER,TOTAL,63752,3419,6767,6962008,0.3739139937099587,0.6118326701813018,0.010947020955444291,1658.6425974843353,0.6911388956717462,HIGH,MEDIUM,MEDIUM,5,COST_BASED,COST_BASED,false,false
3,social_learning_factor_high,1,2040,NATURAL_GAS_BOILER,TOTAL,62806,4474,5420,6966482,0.27710244465287853,0.5949241694432807,0.011250380649564878,1789.265208934408,0.7008647443733735,HIGH,MEDIUM,MEDIUM,5,COST_BASED,COST_BASED,false,false
3,social_learning_factor_high,1,2041,NATURAL_GAS_BOILER,TOTAL,61951,4371,5226,6970853,0.27909886773300063,0.5960223364114579,0.011065002480866622,1782.797100607291,0.7016634926376663,HIGH,MEDIUM,MEDIUM,5,COST_BASED,COST_BASED,false,false
3,social_learning_factor_high,1,2042,NATURAL_GAS_BOILER,TOTAL,60918,5121,6154,6975974,0.2802728075933925,0.6088216061947351,0.010871199115188891,1779.3454236418322,0.718337872395184,HIGH,MEDIUM,MEDIUM,5,COST_BASED,COST_BASED,false,false
3,social_learning_factor_high,1,2043,NATURAL_GAS_BOILER,TOTAL,59992,4665,5591,6980639,0.2806829835738436,0.5966634222923576,0.010760024870940943,1775.6105578851075,0.7019902351986035,HIGH,MEDIUM,MEDIUM,5,COST_BASED,COST_BASED,false,false
3,social_learning_factor_high,1,2044,NATURAL_GAS_BOILER,TOTAL,58812,4376,5556,6985015,0.28047874045261034,0.5930358286796721,0.010491845525512166,1777.1605533896486,0.6972215247553445,HIGH,MEDIUM,MEDIUM,5,COST_BASED,COST_BASED,false,false
3,social_learning_factor_high,1,2045,NATURAL_GAS_BOILER,TOTAL,58030,4579,5361,6989594,0.27806895308384133,0.5933826993103472,0.010338155689246729,1765.7008774570477,0.6984872813858259,HIGH,MEDIUM,MEDIUM,5,COST_BASED,COST_BASED,false,false
3,social_learning_factor_high,1,2046,NATURAL_GAS_BOILER,TOTAL,57068,4847,5809,6994441,0.2795440363525796,0.5905449480623978,0.010168431519615238,1759.9624334472428,0.6942119186323574,HIGH,MEDIUM,MEDIUM,5,COST_BASED,COST_BASED,false,false
3,social_learning_factor_high,1,2047,NATURAL_GAS_BOILER,TOTAL,56354,4907,5621,6999348,0.27996372498930505,0.5954659610360882,0.010054918750135219,1758.3601692351558,0.7006333730516819,HIGH,MEDIUM,MEDIUM,5,COST_BASED,COST_BASED,false,false
3,social_learning_factor_high,1,2048,NATURAL_GAS_BOILER,TOTAL,55777,2802,3379,7002150,0.27482476100553704,0.5896017364225488,0.009826418495144852,1736.0326575509393,0.6945273948948458,HIGH,MEDIUM,MEDIUM,5,COST_BASED,COST_BASED,false,false
3,social_learning_factor_high,1,2049,NATURAL_GAS_BOILER,TOTAL,54620,5786,6943,7007936,0.2802701162489436,0.5943849537340233,0.009674324647099292,1709.3572660121101,0.699089899562335,HIGH,MEDIUM,MEDIUM,5,COST_BASED,COST_BASED,false,false
3,social_learning_factor_high,1,2050,NATURAL_GAS_BOILER,TOTAL,53613,4266,5273,7012202,0.2779913110025718,0.5959248209883081,0.009507782356829331,1696.2725972773624,0.7019026576502024,HIGH,MEDIUM,MEDIUM,5,COST_BASED,COST_BASED,false,false
3,social_learning_factor_high,1,2024,NATURAL_GAS_BOILER,PRIVATELY_OWNED,4615958,4615958,0,4615958,0.0,0.0,0.0,0.0,0.0,HIGH,MEDIUM,MEDIUM,5,COST_BASED,COST_BASED,false,false
3,social_learning_factor_high,1,2025,NATURAL_GAS_BOILER,PRIVATELY_OWNED,4015350,10056,610664,4626014,0.2855481617383832,0.6215365168971482,0.7671115819911644,1770.2578715091367,0.733532635283408,HIGH,MEDIUM,MEDIUM,5,COST_BASED,COST_BASED,false,false
3,social_learning_factor_high,1,2026,NATURAL_GAS_BOILER,PRIVATELY_OWNED,3660231,6318,361437,4632332,0.2855886630368518,0.6230884461852582,0.681115821911284,1767.9952976824293,0.7355883739013441,HIGH,MEDIUM,MEDIUM,5,COST_BASED,COST_BASED,false,false
3,social_learning_factor_high,1,2027,NATURAL_GAS_BOILER,PRIVATELY_OWNED,3302222,6766,364775,4639098,0.28615906562682064,0.6351740290571171,0.617390264142255,1763.2884322356726,0.751512350200547,HIGH,MEDIUM,MEDIUM,5,COST_BASED,COST_BASED,false,false
3,social_learning_factor_high,1,2028,NATURAL_GAS_BOILER,PRIVATELY_OWNED,2937565,5417,370074,4644515,0.2856612188250234,0.6227092446600186,0.5534004393896081,1757.350317997026,0.7350585866051047,HIGH,MEDIUM,MEDIUM,5,COST_BASED,COST_BASED,false,false
3,social_learning_factor_high,1,2029,NATURAL_GAS_BOILER,PRIVATELY_OWNED,2572520,5223,370268,4649738,0.2856472489566472,0.6203212138052879,0.4886571552109544,1759.9280386695373,0.7318792020882361,HIGH,MEDIUM,MEDIUM,5,COST_BASED,COST_BASED,false,false
3,social_learning_factor_high,1,2030,NATURAL_GAS_BOILER,PRIVATELY_OWNED,2206047,6150,372623,4655888,0.28564471994636464,0.6223346265482654,0.42386612551179126,1755.9231902914187,0.7345645954155636,HIGH,MEDIUM,MEDIUM,5,COST_BASED,COST_BASED,false,false
3,social_learning_factor_high,1,2031,NATURAL_GAS_BOILER,PRIVATELY_OWNED,1836724,5586,374909,4661474,0.28578821078390104,0.6199527982217009,0.3583256255297885,1748.7659136270022,0.7313409940342861,HIGH,MEDIUM,MEDIUM,5,COST_BASED,COST_BASED,false,false
3,social_learning_factor_high,1,2032,NATURAL_GAS_BOILER,PRIVATELY_OWNED,1468660,5547,373611,4667021,0.28553862127056023,0.6236320498645609,0.29365453029133515,1748.4235297622322,0.736329859395882,HIGH,MEDIUM,MEDIUM,5,COST_BASED,COST_BASED,false,false
3,social_learning_factor_high,1,2033,NATURAL_GAS_BOILER,PRIVATELY_OWNED,1098973,5339,375026,4672360,0.285851625778478,0.6244750834808831,0.22780249586439294,1741.903619383324,0.7373495693816559,HIGH,MEDIUM,MEDIUM,5,COST_BASED,COST_BASED,false,false
3,social_learning_factor_high,1,2034,NATURAL_GAS_BOILER,PRIVATELY_OWNED,711487,5789,393275,4678149,0.28574615989969815,0.6228546576557766,0.16052088652209365,1699.040559422437,0.7352241569078001,HIGH,MEDIUM,MEDIUM,5,COST_BASED,COST_BASED,false,false
3,social_learning_factor_high,1,2035,NATURAL_GAS_BOILER,PRIVATELY_OWNED,321675,5606,395418,4683755,0.28565784576517805,0.6264144992021993,0.09174503814465623,1692.1959009642771,0.7400000503479114,HIGH,MEDIUM,MEDIUM,5,COST_BASED,COST_BASED,false,false
3,social_learning_factor_high,1,2036,NATURAL_GAS_BOILER,PRIVATELY_OWNED,71299,3341,253717,4687096,0.28537351476240524,0.6196900569090924,0.03486979997573019,1737.8317777267744,0.7311289042913051,HIGH,MEDIUM,MEDIUM,5,COST_BASED,COST_BASED,false,false
3,social_learning_factor_high,1,2037,NATURAL_GAS_BOILER,PRIVATELY_OWNED,67992,6910,10217,4694006,0.35882147442038526,0.6275737754038259,0.011887259322802098,1541.4080839795126,0.7171578757316402,HIGH,MEDIUM,MEDIUM,5,COST_BASED,COST_BASED,false,false
3,social_learning_factor_high,1,2038,NATURAL_GAS_BOILER,PRIVATELY_OWNED,66914,5240,6318,4699246,0.33853956557521275,0.6259053246951005,0.011421850164263211,1586.5250694043339,0.7216939110683928,HIGH,MEDIUM,MEDIUM,5,COST_BASED,COST_BASED,false,false
3,social_learning_factor_high,1,2039,NATURAL_GAS_BOILER,PRIVATELY_OWNED,63560,3412,6766,4702658,0.374681109171849,0.6130878954718262,0.010969479673699892,1662.0454398590102,0.692556824238482,HIGH,MEDIUM,MEDIUM,5,COST_BASED,COST_BASED,false,false
3,social_learning_factor_high,1,2040,NATURAL_GAS_BOILER,PRIVATELY_OWNED,62614,4471,5417,4707129,0.27728837785215354,0.5953233581053988,0.011257929551812406,1790.465789481669,0.7013350181897725,HIGH,MEDIUM,MEDIUM,5,COST_BASED,COST_BASED,false,false
3,social_learning_factor_high,1,2041,NATURAL_GAS_BOILER,PRIVATELY_OWNED,61759,4368,5223,4711497,0.27929055651578427,0.5964316924117404,0.011072602070482601,1784.0215491654005,0.7021454043771153,HIGH,MEDIUM,MEDIUM,5,COST_BASED,COST_BASED,false,false
3,social_learning_factor_high,1,2042,NATURAL_GAS_BOILER,PRIVATELY_OWNED,60724,5115,6150,4716612,0.28060157335010033,0.6095357664366058,0.010883951254913453,1781.4326323499165,0.7191804974654422,HIGH,MEDIUM,MEDIUM,5,COST_BASED,COST_BASED,false,false
3,social_learning_factor_high,1,2043,NATURAL_GAS_BOILER,PRIVATELY_OWNED,59798,4660,5586,4721272,0.2809841455733863,0.5973036190973923,0.010771569962004185,1777.5157194279027,0.7027434436054689,HIGH,MEDIUM,MEDIUM,5,COST_BASED,COST_BASED,false,false
3,social_learning_factor_high,1,2044,NATURAL_GAS_BOILER,PRIVATELY_OWNED,58618,4367,5547,4725639,0.28105678228088454,0.5942580229682265,0.010513468289361401,1780.823123799657,0.698658436530659,HIGH,MEDIUM,MEDIUM,5,COST_BASED,COST_BASED,false,false
3,social_learning_factor_high,1,2045,NATURAL_GAS_BOILER,PRIVATELY_OWNED,57835,4556,5339,4730195,0.2794727252350548,0.5963782660540122,0.010390345676264437,1774.6146439586964,0.7020134463269747,HIGH,MEDIUM,MEDIUM,5,COST_BASED,COST_BASED,false,false
3,social_learning_factor_high,1,2046,NATURAL_GAS_BOILER,PRIVATELY_OWNED,56872,4826,5789,4735021,0.2807604525903343,0.5931146629213515,0.010212678735096367,1767.6207863486916,0.6972327330317108,HIGH,MEDIUM,MEDIUM,5,COST_BASED,COST_BASED,false,false
3,social_learning_factor_high,1,2047,NATURAL_GAS_BOILER,PRIVATELY_OWNED,56158,4892,5606,4739913,0.28082215832430907,0.5972917969754875,0.010085749449491725,1763.7517069576675,0.7027816765258796,HIGH,MEDIUM,MEDIUM,5,COST_BASED,COST_BASED,false,false
3,social_learning_factor_high,1,2048,NATURAL_GAS_BOILER,PRIVATELY_OWNED,55580,2763,3341,4742676,0.2787039378709789,0.5979240193470798,0.009965119299093694,1760.5369187324402,0.7043307131724061,HIGH,MEDIUM,MEDIUM,5,COST_BASED,COST_BASED,false,false
3,social_learning_factor_high,1,2049,NATURAL_GAS_BOILER,PRIVATELY_OWNED,54423,5753,6910,4748429,0.2818777842197789,0.5977944276560158,0.009729817905113246,1719.1623746125622,0.7030999754680463,HIGH,MEDIUM,MEDIUM,5,COST_BASED,COST_BASED,false,false
3,social_learning_factor_high,1,2050,NATURAL_GAS_BOILER,PRIVATELY_OWNED,53416,4233,5240,4752662,0.28015850052846003,0.6005705850073524,0.009581903976903833,1709.4965509060307,0.7073746131669651,HIGH,MEDIUM,MEDIUM,5,COST_BASED,COST_BASED,false,false
3,social_learning_factor_high,1,2024,NATURAL_GAS_BOILER,SOCIAL_HOUSING,1330215,1330215,0,1330215,0.0,0.0,0.0,0.0,0.0,HIGH,MEDIUM,MEDIUM,5,COST_BASED,COST_BASED,false,false
3,social_learning_factor_high,1,2025,NATURAL_GAS_BOILER,SOCIAL_HOUSING,3278,0,1326937,1330215,0.0,0.0,0.0,0.0,0.0,HIGH,MEDIUM,MEDIUM,5,COST_BASED,COST_BASED,false,false
3,social_learning_factor_high,1,2026,NATURAL_GAS_BOILER,SOCIAL_HOUSING,960,0,2318,1330215,0.0,0.0,0.0,0.0,0.0,HIGH,MEDIUM,MEDIUM,5,COST_BASED,COST_BASED,false,false
3,social_learning_factor_high,1,2027,NATURAL_GAS_BOILER,SOCIAL_HOUSING,442,0,518,1330215,0.0,0.0,0.0,0.0,0.0,HIGH,MEDIUM,MEDIUM,5,COST_BASED,COST_BASED,false,false
3,social_learning_factor_high,1,2028,NATURAL_GAS_BOILER,SOCIAL_HOUSING,257,0,185,1330215,0.0,0.0,0.0,0.0,0.0,HIGH,MEDIUM,MEDIUM,5,COST_BASED,COST_BASED,false,false
3,social_learning_factor_high,1,2029,NATURAL_GAS_BOILER,SOCIAL_HOUSING,170,0,87,1330215,0.0,0.0,0.0,0.0,0.0,HIGH,MEDIUM,MEDIUM,5,COST_BASED,COST_BASED,false,false
3,social_learning_factor_high,1,2030,NATURAL_GAS_BOILER,SOCIAL_HOUSING,113,0,57,1330215,0.0,0.0,0.0,0.0,0.0,HIGH,MEDIUM,MEDIUM,5,COST_BASED,COST_BASED,false,false
3,social_learning_factor_high,1,2031,NATURAL_GAS_BOILER,SOCIAL_HOUSING,98,0,15,1330215,0.0,0.0,0.0,0.0,0.0,HIGH,MEDIUM,MEDIUM,5,COST_BASED,COST_BASED,false,false
3,social_learning_factor_high,1,2032,NATURAL_GAS_BOILER,SOCIAL_HOUSING,72,0,26,1330215,0.0,0.0,0.0,0.0,0.0,HIGH,MEDIUM,MEDIUM,5,COST_BASED,COST_BASED,false,false
3,social_learning_factor_high,1,2033,NATURAL_GAS_BOILER,SOCIAL_HOUSING,57,0,15,1330215,0.0,0.0,0.0,0.0,0.0,HIGH,MEDIUM,MEDIUM,5,COST_BASED,COST_BASED,false,false
3,social_learning_factor_high,1,2034,NATURAL_GAS_BOILER,SOCIAL_HOUSING,35,0,22,1330215,0.0,0.0,0.0,0.0,0.0,HIGH,MEDIUM,MEDIUM,5,COST_BASED,COST_BASED,false,false
3,social_learning_factor_high,1,2035,NATURAL_GAS_BOILER,SOCIAL_HOUSING,17,0,18,1330215,0.0,0.0,0.0,0.0,0.0,HIGH,MEDIUM,MEDIUM,5,COST_BASED,COST_BASED,false,false
3,social_learning_factor_high,1,2036,NATURAL_GAS_BOILER,SOCIAL_HOUSING,0,0,17,1330215,0.0,0.0,0.0,0.0,0.0,HIGH,MEDIUM,MEDIUM,5,COST_BASED,COST_BASED,false,false
3,social_learning_factor_high,1,2037,NATURAL_GAS_BOILER,SOCIAL_HOUSING,0,0,0,1330215,0.0,0.0,0.0,0.0,0.0,HIGH,MEDIUM,MEDIUM,5,COST_BASED,COST_BASED,false,false
3,social_learning_factor_high,1,2038,NATURAL_GAS_BOILER,SOCIAL_HOUSING,0,0,0,1330215,0.0,0.0,0.0,0.0,0.0,HIGH,MEDIUM,MEDIUM,5,COST_BASED,COST_BASED,false,false
3,social_learning_factor_high,1,2039,NATURAL_GAS_BOILER,SOCIAL_HOUSING,0,0,0,1330215,0.0,0.0,0.0,0.0,0.0,HIGH,MEDIUM,MEDIUM,5,COST_BASED,COST_BASED,false,false
3,social_learning_factor_high,1,2040,NATURAL_GAS_BOILER,SOCIAL_HOUSING,0,0,0,1330215,0.0,0.0,0.0,0.0,0.0,HIGH,MEDIUM,MEDIUM,5,COST_BASED,COST_BASED,false,false
3,social_learning_factor_high,1,2041,NATURAL_GAS_BOILER,SOCIAL_HOUSING,0,0,0,1330215,0.0,0.0,0.0,0.0,0.0,HIGH,MEDIUM,MEDIUM,5,COST_BASED,COST_BASED,false,false
3,social_learning_factor_high,1,2042,NATURAL_GAS_BOILER,SOCIAL_HOUSING,0,0,0,1330215,0.0,0.0,0.0,0.0,0.0,HIGH,MEDIUM,MEDIUM,5,COST_BASED,COST_BASED,false,false
3,social_learning_factor_high,1,2043,NATURAL_GAS_BOILER,SOCIAL_HOUSING,0,0,0,1330215,0.0,0.0,0.0,0.0,0.0,HIGH,MEDIUM,MEDIUM,5,COST_BASED,COST_BASED,false,false
3,social_learning_factor_high,1,2044,NATURAL_GAS_BOILER,SOCIAL_HOUSING,0,0,0,1330215,0.0,0.0,0.0,0.0,0.0,HIGH,MEDIUM,MEDIUM,5,COST_BASED,COST_BASED,false,false
3,social_learning_factor_high,1,2045,NATURAL_GAS_BOILER,SOCIAL_HOUSING,0,0,0,1330215,0.0,0.0,0.0,0.0,0.0,HIGH,MEDIUM,MEDIUM,5,COST_BASED,COST_BASED,false,false
3,social_learning_factor_high,1,2046,NATURAL_GAS_BOILER,SOCIAL_HOUSING,0,0,0,1330215,0.0,0.0,0.0,0.0,0.0,HIGH,MEDIUM,MEDIUM,5,COST_BASED,COST_BASED,false,false
3,social_learning_factor_high,1,2047,NATURAL_GAS_BOILER,SOCIAL_HOUSING,0,0,0,1330215,0.0,0.0,0.0,0.0,0.0,HIGH,MEDIUM,MEDIUM,5,COST_BASED,COST_BASED,false,false
3,social_learning_factor_high,1,2048,NATURAL_GAS_BOILER,SOCIAL_HOUSING,0,0,0,1330215,0.0,0.0,0.0,0.0,0.0,HIGH,MEDIUM,MEDIUM,5,COST_BASED,COST_BASED,false,false
3,social_learning_factor_high,1,2049,NATURAL_GAS_BOILER,SOCIAL_HOUSING,0,0,0,1330215,0.0,0.0,0.0,0.0,0.0,HIGH,MEDIUM,MEDIUM,5,COST_BASED,COST_BASED,false,false
3,social_learning_factor_high,1,2050,NATURAL_GAS_BOILER,SOCIAL_HOUSING,0,0,0,1330215,0.0,0.0,0.0,0.0,0.0,HIGH,MEDIUM,MEDIUM,5,COST_BASED,COST_BASED,false,false
3,social_learning_factor_high,1,2024,NATURAL_GAS_BOILER,PRIVATELY_RENTED,928942,928942,0,928942,0.0,0.0,0.0,0.0,0.0,HIGH,MEDIUM,MEDIUM,5,COST_BASED,COST_BASED,false,false
3,social_learning_factor_high,1,2025,NATURAL_GAS_BOILER,PRIVATELY_RENTED,801575,0,127367,928942,0.0,0.0,0.0,0.0,0.0,HIGH,MEDIUM,MEDIUM,5,COST_BASED,COST_BASED,false,false
3,social_learning_factor_high,1,2026,NATURAL_GAS_BOILER,PRIVATELY_RENTED,725439,0,76136,928942,0.0,0.0,0.0,0.0,0.0,HIGH,MEDIUM,MEDIUM,5,COST_BASED,COST_BASED,false,false
3,social_learning_factor_high,1,2027,NATURAL_GAS_BOILER,PRIVATELY_RENTED,650722,1,74718,928943,0.0,0.0,0.0,0.0,0.0,HIGH,MEDIUM,MEDIUM,5,COST_BASED,COST_BASED,false,false
3,social_learning_factor_high,1,2028,NATURAL_GAS_BOILER,PRIVATELY_RENTED,574899,3,75826,928946,0.0,0.0,0.0,0.0,0.0,HIGH,MEDIUM,MEDIUM,5,COST_BASED,COST_BASED,false,false
3,social_learning_factor_high,1,2029,NATURAL_GAS_BOILER,PRIVATELY_RENTED,499436,3,75466,928949,0.0,0.0,0.0,0.0,0.0,HIGH,MEDIUM,MEDIUM,5,COST_BASED,COST_BASED,false,false
3,social_learning_factor_high,1,2030,NATURAL_GAS_BOILER,PRIVATELY_RENTED,423208,4,76232,928953,0.0,0.0,0.0,0.0,0.0,HIGH,MEDIUM,MEDIUM,5,COST_BASED,COST_BASED,false,false
3,social_learning_factor_high,1,2031,NATURAL_GAS_BOILER,PRIVATELY_RENTED,346586,5,76627,928958,0.0,0.0,0.0,0.0,0.0,HIGH,MEDIUM,MEDIUM,5,COST_BASED,COST_BASED,false,false
3,social_learning_factor_high,1,2032,NATURAL_GAS_BOILER,PRIVATELY_RENTED,270022,9,76573,928967,0.0,0.0,0.0,0.0,0.0,HIGH,MEDIUM,MEDIUM,5,COST_BASED,COST_BASED,false,false
3,social_learning_factor_high,1,2033,NATURAL_GAS_BOILER,PRIVATELY_RENTED,194897,22,75147,928989,0.0,0.0,0.0,0.0,0.0,HIGH,MEDIUM,MEDIUM,5,COST_BASED,COST_BASED,false,false
3,social_learning_factor_high,1,2034,NATURAL_GAS_BOILER,PRIVATELY_RENTED,122992,20,71925,929009,0.0,0.0,0.0,0.0,0.0,HIGH,MEDIUM,MEDIUM,5,COST_BASED,COST_BASED,false,false
3,social_learning_factor_high,1,2035,NATURAL_GAS_BOILER,PRIVATELY_RENTED,50543,15,72464,929024,0.0,0.0,0.0,0.0,0.0,HIGH,MEDIUM,MEDIUM,5,COST_BASED,COST_BASED,false,false
3,social_learning_factor_high,1,2036,NATURAL_GAS_BOILER,PRIVATELY_RENTED,120,38,50461,929062,0.0,0.0,0.0,0.0,0.0,HIGH,MEDIUM,MEDIUM,5,COST_BASED,COST_BASED,false,false
3,social_learning_factor_high,1,2037,NATURAL_GAS_BOILER,PRIVATELY_RENTED,153,33,0,929095,0.0,0.0,0.0,0.0,0.0,HIGH,MEDIUM,MEDIUM,5,COST_BASED,COST_BASED,false,false
3,social_learning_factor_high,1,2038,NATURAL_GAS_BOILER,PRIVATELY_RENTED,186,33,0,929128,0.0,0.0,0.0,0.0,0.0,HIGH,MEDIUM,MEDIUM,5,COST_BASED,COST_BASED,false,false
3,social_learning_factor_high,1,2039,NATURAL_GAS_BOILER,PRIVATELY_RENTED,192,7,1,929135,0.0,0.0,0.0,0.0,0.0,HIGH,MEDIUM,MEDIUM,5,COST_BASED,COST_BASED,false,false
3,social_learning_factor_high,1,2040,NATURAL_GAS_BOILER,PRIVATELY_RENTED,192,3,3,929138,0.0,0.0,0.0,0.0,0.0,HIGH,MEDIUM,MEDIUM,5,COST_BASED,COST_BASED,false,false
3,social_learning_factor_high,1,2041,NATURAL_GAS_BOILER,PRIVATELY_RENTED,192,3,3,929141,0.0,0.0,0.0,0.0,0.0,HIGH,MEDIUM,MEDIUM,5,COST_BASED,COST_BASED,false,false
3,social_learning_factor_high,1,2042,NATURAL_GAS_BOILER,PRIVATELY_RENTED,194,6,4,929147,0.0,0.0,0.0,0.0,0.0,HIGH,MEDIUM,MEDIUM,5,COST_BASED,COST_BASED,false,false
3,social_learning_factor_high,1,2043,NATURAL_GAS_BOILER,PRIVATELY_RENTED,194,5,5,929152,0.0,0.0,0.0,0.0,0.0,HIGH,MEDIUM,MEDIUM,5,COST_BASED,COST_BASED,false,false
3,social_learning_factor_high,1,2044,NATURAL_GAS_BOILER,PRIVATELY_RENTED,194,9,9,929161,0.0,0.0,0.0,0.0,0.0,HIGH,MEDIUM,MEDIUM,5,COST_BASED,COST_BASED,false,false
3,social_learning_factor_high,1,2045,NATURAL_GAS_BOILER,PRIVATELY_RENTED,195,23,22,929184,0.0,0.0,0.0,0.0,0.0,HIGH,MEDIUM,MEDIUM,5,COST_BASED,COST_BASED,false,false
3,social_learning_factor_high,1,2046,NATURAL_GAS_BOILER,PRIVATELY_RENTED,196,21,20,929205,0.0,0.0,0.0,0.0,0.0,HIGH,MEDIUM,MEDIUM,5,COST_BASED,COST_BASED,false,false
3,social_learning_factor_high,1,2047,NATURAL_GAS_BOILER,PRIVATELY_RENTED,196,15,15,929220,0.0,0.0,0.0,0.0,0.0,HIGH,MEDIUM,MEDIUM,5,COST_BASED,COST_BASED,false,false
3,social_learning_factor_high,1,2048,NATURAL_GAS_BOILER,PRIVATELY_RENTED,197,39,38,929259,0.0,0.0,0.0,0.0,0.0,HIGH,MEDIUM,MEDIUM,5,COST_BASED,COST_BASED,false,false
3,social_learning_factor_high,1,2049,NATURAL_GAS_BOILER,PRIVATELY_RENTED,197,33,33,929292,0.0,0.0,0.0,0.0,0.0,HIGH,MEDIUM,MEDIUM,5,COST_BASED,COST_BASED,false,false
3,social_learning_factor_high,1,2050,NATURAL_GAS_BOILER,PRIVATELY_RENTED,197,33,33,929325,0.0,0.0,0.0,0.0,0.0,HIGH,MEDIUM,MEDIUM,5,COST_BASED,COST_BASED,false,false
3,social_learning_factor_high,1,2024,NATURAL_GAS_BLOCK,TOTAL,464461,464461,0,464461,0.0,0.0,0.0,0.0,0.0,HIGH,MEDIUM,MEDIUM,5,COST_BASED,COST_BASED,false,false
3,social_learning_factor_high,1,2025,NATURAL_GAS_BLOCK,TOTAL,318514,465,146412,464926,0.285931521021859,0.6452206039897781,0.06392307804695906,1121.1483394691697,0.7649836316457448,HIGH,MEDIUM,MEDIUM,5,COST_BASED,COST_BASED,false,false
3,social_learning_factor_high,1,2026,NATURAL_GAS_BLOCK,TOTAL,290114,240,28640,465166,0.2846825695980035,0.6464117647652585,0.05807568624726327,1128.4382209188661,0.7669881631543396,HIGH,MEDIUM,MEDIUM,5,COST_BASED,COST_BASED,false,false
3,social_learning_factor_high,1,2027,NATURAL_GAS_BLOCK,TOTAL,262484,269,27899,465435,0.28559662068336444,0.6529022173173636,0.05276488065236564,1136.4327283487867,0.7753374161953679,HIGH,MEDIUM,MEDIUM,5,COST_BASED,COST_BASED,false,false
3,social_learning_factor_high,1,2028,NATURAL_GAS_BLOCK,TOTAL,234294,226,28416,465661,0.28523663642921376,0.645824270980093,0.04697506489607502,1130.9439152062946,0.7660201491637253,HIGH,MEDIUM,MEDIUM,5,COST_BASED,COST_BASED,false,false
3,social_learning_factor_high,1,2029,NATURAL_GAS_BLOCK,TOTAL,206107,252,28439,465913,0.28643278067269434,0.6446630936746892,0.04205712707456808,1134.4780800103995,0.7640731980086791,HIGH,MEDIUM,MEDIUM,5,COST_BASED,COST_BASED,false,false
3,social_learning_factor_high,1,2030,NATURAL_GAS_BLOCK,TOTAL,178197,271,28181,466184,0.28550932179541233,0.6452390818946685,0.03716879002261788,1134.2780321863142,0.7651490019277487,HIGH,MEDIUM,MEDIUM,5,COST_BASED,COST_BASED,false,false
3,social_learning_factor_high,1,2031,NATURAL_GAS_BLOCK,TOTAL,150315,233,28115,466417,0.28592804895295904,0.644780356070417,0.03141380200404977,1120.1793306339364,0.7643977917762445,HIGH,MEDIUM,MEDIUM,5,COST_BASED,COST_BASED,false,false
3,social_learning_factor_high,1,2032,NATURAL_GAS_BLOCK,TOTAL,122064,288,28539,466705,0.285322418233753,0.6461683800692926,0.025821291488061913,1116.4244299879997,0.7664503673478124,HIGH,MEDIUM,MEDIUM,5,COST_BASED,COST_BASED,false,false
3,social_learning_factor_high,1,2033,NATURAL_GAS_BLOCK,TOTAL,90939,253,31378,466958,0.2852919883608428,0.6485406787222809,0.020368256864700854,1075.553788716814,0.7696235755094284,HIGH,MEDIUM,MEDIUM,5,COST_BASED,COST_BASED,false,false
3,social_learning_factor_high,1,2034,NATURAL_GAS_BLOCK,TOTAL,57197,362,34104,467320,0.28610400679101183,0.6496960610968495,0.013521058858154411,1009.8766254701775,0.7708934125321272,HIGH,MEDIUM,MEDIUM,5,COST_BASED,COST_BASED,false,false
3,social_learning_factor_high,1,2035,NATURAL_GAS_BLOCK,TOTAL,22475,327,35049,467647,0.2841113336796007,0.6476602302957247,0.007723051180845703,981.63899429582,0.7688431958344357,HIGH,MEDIUM,MEDIUM,5,COST_BASED,COST_BASED,false,false
3,social_learning_factor_high,1,2036,NATURAL_GAS_BLOCK,TOTAL,3338,152,19289,467799,0.2853902569938613,0.6459304923632823,0.0027075957605470734,1076.0377249224405,0.7661105708197593,HIGH,MEDIUM,MEDIUM,5,COST_BASED,COST_BASED,false,false
3,social_learning_factor_high,1,2037,NATURAL_GAS_BLOCK,TOTAL,3255,382,465,468181,0.3451715390518812,0.662322140153716,7.323024636351541E-4,869.2069930069929,0.7680390071876622,HIGH,MEDIUM,MEDIUM,5,COST_BASED,COST_BASED,false,false
3,social_learning_factor_high,1,2038,NATURAL_GAS_BLOCK,TOTAL,3211,196,240,468377,0.3284192629231432,0.6603672760334783,8.276249035922217E-4,885.1620337790289,0.7710166137369281,HIGH,MEDIUM,MEDIUM,5,COST_BASED,COST_BASED,false,false
3,social_learning_factor_high,1,2039,NATURAL_GAS_BLOCK,TOTAL,3124,182,269,468559,0.4121096493044994,0.6662616578831514,7.14815788649545E-4,1012.8911404335531,0.750978994076035,HIGH,MEDIUM,MEDIUM,5,COST_BASED,COST_BASED,false,false
3,social_learning_factor_high,1,2040,NATURAL_GAS_BLOCK,TOTAL,3095,197,226,468756,0.26652376185269305,0.6301142123646568,7.529537174724735E-4,1123.4134740296738,0.7513110292019812,HIGH,MEDIUM,MEDIUM,5,COST_BASED,COST_BASED,false,false
3,social_learning_factor_high,1,2041,NATURAL_GAS_BLOCK,TOTAL,3048,205,252,468961,0.27105802298956183,0.6314111194613952,7.412155380914032E-4,1129.117495451789,0.7515288182853427,HIGH,MEDIUM,MEDIUM,5,COST_BASED,COST_BASED,false,false
3,social_learning_factor_high,1,2042,NATURAL_GAS_BLOCK,TOTAL,3018,241,271,469202,0.27237956155079074,0.6386652071397372,7.413407960647758E-4,1137.2037914691944,0.7607604223360557,HIGH,MEDIUM,MEDIUM,5,COST_BASED,COST_BASED,false,false
3,social_learning_factor_high,1,2043,NATURAL_GAS_BLOCK,TOTAL,2991,206,233,469408,0.2726677698837384,0.6320628009908098,7.503956574282624E-4,1133.9610741844297,0.7518611446931645,HIGH,MEDIUM,MEDIUM,5,COST_BASED,COST_BASED,false,false
3,social_learning_factor_high,1,2044,NATURAL_GAS_BLOCK,TOTAL,2935,232,288,469640,0.2747094652494337,0.6304170417164754,7.693145522755485E-4,1137.9178831428464,0.7489862338721586,HIGH,MEDIUM,MEDIUM,5,COST_BASED,COST_BASED,false,false
3,social_learning_factor_high,1,2045,NATURAL_GAS_BLOCK,TOTAL,2907,225,253,469865,0.2741148584185627,0.6315283646795196,7.551670331472464E-4,1136.0780871670702,0.7506662000998385,HIGH,MEDIUM,MEDIUM,5,COST_BASED,COST_BASED,false,false
3,social_learning_factor_high,1,2046,NATURAL_GAS_BLOCK,TOTAL,2860,315,362,470180,0.27739546583119246,0.630814683664357,7.164891002430599E-4,1120.3912472647703,0.7486210896087444,HIGH,MEDIUM,MEDIUM,5,COST_BASED,COST_BASED,false,false
3,social_learning_factor_high,1,2047,NATURAL_GAS_BLOCK,TOTAL,2837,304,327,470484,0.2750919558070311,0.628245523269916,7.094995679789392E-4,1111.319084368585,0.7459633790908811,HIGH,MEDIUM,MEDIUM,5,COST_BASED,COST_BASED,false,false
3,social_learning_factor_high,1,2048,NATURAL_GAS_BLOCK,TOTAL,2819,134,152,470618,0.26850211250005757,0.6329030231657382,7.186493161708453E-4,1081.9532881421273,0.7543699933876453,HIGH,MEDIUM,MEDIUM,5,COST_BASED,COST_BASED,false,false
3,social_learning_factor_high,1,2049,NATURAL_GAS_BLOCK,TOTAL,2763,326,382,470944,0.2709383530820311,0.6355367604281842,6.457049947159876E-4,1023.9024359007198,0.7570695628769077,HIGH,MEDIUM,MEDIUM,5,COST_BASED,COST_BASED,false,false
3,social_learning_factor_high,1,2050,NATURAL_GAS_BLOCK,TOTAL,2721,154,196,471098,0.2690937019457171,0.6370420488790892,7.167479400827007E-4,988.9201039821482,0.7596914978568825,HIGH,MEDIUM,MEDIUM,5,COST_BASED,COST_BASED,false,false
3,social_learning_factor_high,1,2024,NATURAL_GAS_BLOCK,PRIVATELY_OWNED,277196,277196,0,277196,0.0,0.0,0.0,0.0,0.0,HIGH,MEDIUM,MEDIUM,5,COST_BASED,COST_BASED,false,false
3,social_learning_factor_high,1,2025,NATURAL_GAS_BLOCK,PRIVATELY_OWNED,241580,465,36081,277661,0.285931521021859,0.6452206039897781,0.06392307804695906,1121.1483394691697,0.7649836316457448,HIGH,MEDIUM,MEDIUM,5,COST_BASED,COST_BASED,false,false
3,social_learning_factor_high,1,2026,NATURAL_GAS_BLOCK,PRIVATELY_OWNED,220566,240,21254,277901,0.2846825695980035,0.6464117647652585,0.05807568624726327,1128.4382209188661,0.7669881631543396,HIGH,MEDIUM,MEDIUM,5,COST_BASED,COST_BASED,false,false
3,social_learning_factor_high,1,2027,NATURAL_GAS_BLOCK,PRIVATELY_OWNED,199804,269,21031,278170,0.28559662068336444,0.6529022173173636,0.05276488065236564,1136.4327283487867,0.7753374161953679,HIGH,MEDIUM,MEDIUM,5,COST_BASED,COST_BASED,false,false
3,social_learning_factor_high,1,2028,NATURAL_GAS_BLOCK,PRIVATELY_OWNED,178619,226,21411,278396,0.28523663642921376,0.645824270980093,0.04697506489607502,1130.9439152062946,0.7660201491637253,HIGH,MEDIUM,MEDIUM,5,COST_BASED,COST_BASED,false,false
3,social_learning_factor_high,1,2029,NATURAL_GAS_BLOCK,PRIVATELY_OWNED,157379,252,21492,278648,0.28643278067269434,0.6446630936746892,0.04205712707456808,1134.4780800103995,0.7640731980086791,HIGH,MEDIUM,MEDIUM,5,COST_BASED,COST_BASED,false,false
3,social_learning_factor_high,1,2030,NATURAL_GAS_BLOCK,PRIVATELY_OWNED,136357,271,21293,278919,0.28550932179541233,0.6452390818946685,0.03716879002261788,1134.2780321863142,0.7651490019277487,HIGH,MEDIUM,MEDIUM,5,COST_BASED,COST_BASED,false,false
3,social_learning_factor_high,1,2031,NATURAL_GAS_BLOCK,PRIVATELY_OWNED,115204,233,21386,279152,0.28592804895295904,0.644780356070417,0.03141380200404977,1120.1793306339364,0.7643977917762445,HIGH,MEDIUM,MEDIUM,5,COST_BASED,COST_BASED,false,false
3,social_learning_factor_high,1,2032,NATURAL_GAS_BLOCK,PRIVATELY_OWNED,94092,288,21400,279440,0.285322418233753,0.6461683800692926,0.025821291488061913,1116.4244299879997,0.7664503673478124,HIGH,MEDIUM,MEDIUM,5,COST_BASED,COST_BASED,false,false
3,social_learning_factor_high,1,2033,NATURAL_GAS_BLOCK,PRIVATELY_OWNED,71025,253,23320,279693,0.2852919883608428,0.6485406787222809,0.020368256864700854,1075.553788716814,0.7696235755094284,HIGH,MEDIUM,MEDIUM,5,COST_BASED,COST_BASED,false,false
3,social_learning_factor_high,1,2034,NATURAL_GAS_BLOCK,PRIVATELY_OWNED,44866,362,26521,280055,0.28610400679101183,0.6496960610968495,0.013521058858154411,1009.8766254701774,0.7708934125321272,HIGH,MEDIUM,MEDIUM,5,COST_BASED,COST_BASED,false,false
3,social_learning_factor_high,1,2035,NATURAL_GAS_BLOCK,PRIVATELY_OWNED,17618,325,27573,280380,0.285859711117629,0.6516458317129292,0.007770577649650907,987.6798496453328,0.7735745385780322,HIGH,MEDIUM,MEDIUM,5,COST_BASED,COST_BASED,false,false
3,social_learning_factor_high,1,2036,NATURAL_GAS_BLOCK,PRIVATELY_OWNED,3336,152,14434,280532,0.2853902569938613,0.6459304923632823,0.0027075957605470734,1076.0377249224405,0.7661105708197593,HIGH,MEDIUM,MEDIUM,5,COST_BASED,COST_BASED,false,false
3,social_learning_factor_high,1,2037,NATURAL_GAS_BLOCK,PRIVATELY_OWNED,3253,382,465,280914,0.3451715390518812,0.662322140153716,7.323024636351541E-4,869.206993006993,0.7680390071876622,HIGH,MEDIUM,MEDIUM,5,COST_BASED,COST_BASED,false,false
3,social_learning_factor_high,1,2038,NATURAL_GAS_BLOCK,PRIVATELY_OWNED,3209,196,240,281110,0.3284192629231432,0.6603672760334783,8.276249035922216E-4,885.1620337790289,0.7710166137369281,HIGH,MEDIUM,MEDIUM,5,COST_BASED,COST_BASED,false,false
3,social_learning_factor_high,1,2039,NATURAL_GAS_BLOCK,PRIVATELY_OWNED,3122,182,269,281292,0.41210964930449934,0.6662616578831514,7.14815788649545E-4,1012.8911404335532,0.7509789940760351,HIGH,MEDIUM,MEDIUM,5,COST_BASED,COST_BASED,false,false
3,social_learning_factor_high,1,2040,NATURAL_GAS_BLOCK,PRIVATELY_OWNED,3093,197,226,281489,0.26652376185269305,0.6301142123646568,7.529537174724736E-4,1123.4134740296738,0.7513110292019812,HIGH,MEDIUM,MEDIUM,5,COST_BASED,COST_BASED,false,false
3,social_learning_factor_high,1,2041,NATURAL_GAS_BLOCK,PRIVATELY_OWNED,3046,205,252,281694,0.27105802298956183,0.631411119461395,7.412155380914032E-4,1129.117495451789,0.7515288182853427,HIGH,MEDIUM,MEDIUM,5,COST_BASED,COST_BASED,false,false
3,social_learning_factor_high,1,2042,NATURAL_GAS_BLOCK,PRIVATELY_OWNED,3016,241,271,281935,0.27237956155079074,0.6386652071397372,7.413407960647757E-4,1137.2037914691944,0.7607604223360557,HIGH,MEDIUM,MEDIUM,5,COST_BASED,COST_BASED,false,false
3,social_learning_factor_high,1,2043,NATURAL_GAS_BLOCK,PRIVATELY_OWNED,2989,206,233,282141,0.2726677698837384,0.6320628009908098,7.503956574282625E-4,1133.9610741844297,0.7518611446931645,HIGH,MEDIUM,MEDIUM,5,COST_BASED,COST_BASED,false,false
3,social_learning_factor_high,1,2044,NATURAL_GAS_BLOCK,PRIVATELY_OWNED,2933,232,288,282373,0.2747094652494337,0.6304170417164754,7.693145522755485E-4,1137.9178831428464,0.7489862338721586,HIGH,MEDIUM,MEDIUM,5,COST_BASED,COST_BASED,false,false
3,social_learning_factor_high,1,2045,NATURAL_GAS_BLOCK,PRIVATELY_OWNED,2905,225,253,282598,0.2741148584185627,0.6315283646795196,7.551670331472464E-4,1136.0780871670702,0.7506662000998386,HIGH,MEDIUM,MEDIUM,5,COST_BASED,COST_BASED,false,false
3,social_learning_factor_high,1,2046,NATURAL_GAS_BLOCK,PRIVATELY_OWNED,2858,315,362,282913,0.27739546583119246,0.630814683664357,7.164891002430599E-4,1120.3912472647703,0.7486210896087444,HIGH,MEDIUM,MEDIUM,5,COST_BASED,COST_BASED,false,false
3,social_learning_factor_high,1,2047,NATURAL_GAS_BLOCK,PRIVATELY_OWNED,2835,302,325,283215,0.27691375683886577,0.632406089649187,7.141982406145614E-4,1118.6788134041385,0.7509035339192975,HIGH,MEDIUM,MEDIUM,5,COST_BASED,COST_BASED,false,false
3,social_learning_factor_high,1,2048,NATURAL_GAS_BLOCK,PRIVATELY_OWNED,2817,134,152,283349,0.26850211250005757,0.6329030231657382,7.186493161708453E-4,1081.9532881421273,0.7543699933876453,HIGH,MEDIUM,MEDIUM,5,COST_BASED,COST_BASED,false,false
3,social_learning_factor_high,1,2049,NATURAL_GAS_BLOCK,PRIVATELY_OWNED,2761,326,382,283675,0.2709383530820311,0.6355367604281842,6.457049947159876E-4,1023.9024359007198,0.7570695628769077,HIGH,MEDIUM,MEDIUM,5,COST_BASED,COST_BASED,false,false
3,social_learning_factor_high,1,2050,NATURAL_GAS_BLOCK,PRIVATELY_OWNED,2719,154,196,283829,0.2690937019457171,0.6370420488790892,7.167479400827007E-4,988.9201039821482,0.7596914978568825,HIGH,MEDIUM,MEDIUM,5,COST_BASED,COST_BASED,false,false
3,social_learning_factor_high,1,2024,NATURAL_GAS_BLOCK,SOCIAL_HOUSING,98293,98293,0,98293,0.0,0.0,0.0,0.0,0.0,HIGH,MEDIUM,MEDIUM,5,COST_BASED,COST_BASED,false,false
3,social_learning_factor_high,1,2025,NATURAL_GAS_BLOCK,SOCIAL_HOUSING,89,0,98204,98293,0.0,0.0,0.0,0.0,0.0,HIGH,MEDIUM,MEDIUM,5,COST_BASED,COST_BASED,false,false
3,social_learning_factor_high,1,2026,NATURAL_GAS_BLOCK,SOCIAL_HOUSING,27,0,62,98293,0.0,0.0,0.0,0.0,0.0,HIGH,MEDIUM,MEDIUM,5,COST_BASED,COST_BASED,false,false
3,social_learning_factor_high,1,2027,NATURAL_GAS_BLOCK,SOCIAL_HOUSING,9,0,18,98293,0.0,0.0,0.0,0.0,0.0,HIGH,MEDIUM,MEDIUM,5,COST_BASED,COST_BASED,false,false
3,social_learning_factor_high,1,2028,NATURAL_GAS_BLOCK,SOCIAL_HOUSING,4,0,5,98293,0.0,0.0,0.0,0.0,0.0,HIGH,MEDIUM,MEDIUM,5,COST_BASED,COST_BASED,false,false
3,social_learning_factor_high,1,2029,NATURAL_GAS_BLOCK,SOCIAL_HOUSING,3,0,1,98293,0.0,0.0,0.0,0.0,0.0,HIGH,MEDIUM,MEDIUM,5,COST_BASED,COST_BASED,false,false
3,social_learning_factor_high,1,2030,NATURAL_GAS_BLOCK,SOCIAL_HOUSING,3,0,0,98293,0.0,0.0,0.0,0.0,0.0,HIGH,MEDIUM,MEDIUM,5,COST_BASED,COST_BASED,false,false
3,social_learning_factor_high,1,2031,NATURAL_GAS_BLOCK,SOCIAL_HOUSING,1,0,2,98293,0.0,0.0,0.0,0.0,0.0,HIGH,MEDIUM,MEDIUM,5,COST_BASED,COST_BASED,false,false
3,social_learning_factor_high,1,2032,NATURAL_GAS_BLOCK,SOCIAL_HOUSING,0,0,1,98293,0.0,0.0,0.0,0.0,0.0,HIGH,MEDIUM,MEDIUM,5,COST_BASED,COST_BASED,false,false
3,social_learning_factor_high,1,2033,NATURAL_GAS_BLOCK,SOCIAL_HOUSING,0,0,0,98293,0.0,0.0,0.0,0.0,0.0,HIGH,MEDIUM,MEDIUM,5,COST_BASED,COST_BASED,false,false
3,social_learning_factor_high,1,2034,NATURAL_GAS_BLOCK,SOCIAL_HOUSING,0,0,0,98293,0.0,0.0,0.0,0.0,0.0,HIGH,MEDIUM,MEDIUM,5,COST_BASED,COST_BASED,false,false
3,social_learning_factor_high,1,2035,NATURAL_GAS_BLOCK,SOCIAL_HOUSING,0,0,0,98293,0.0,0.0,0.0,0.0,0.0,HIGH,MEDIUM,MEDIUM,5,COST_BASED,COST_BASED,false,false
3,social_learning_factor_high,1,2036,NATURAL_GAS_BLOCK,SOCIAL_HOUSING,0,0,0,98293,0.0,0.0,0.0,0.0,0.0,HIGH,MEDIUM,MEDIUM,5,COST_BASED,COST_BASED,false,false
3,social_learning_factor_high,1,2037,NATURAL_GAS_BLOCK,SOCIAL_HOUSING,0,0,0,98293,0.0,0.0,0.0,0.0,0.0,HIGH,MEDIUM,MEDIUM,5,COST_BASED,COST_BASED,false,false
3,social_learning_factor_high,1,2038,NATURAL_GAS_BLOCK,SOCIAL_HOUSING,0,0,0,98293,0.0,0.0,0.0,0.0,0.0,HIGH,MEDIUM,MEDIUM,5,COST_BASED,COST_BASED,false,false
3,social_learning_factor_high,1,2039,NATURAL_GAS_BLOCK,SOCIAL_HOUSING,0,0,0,98293,0.0,0.0,0.0,0.0,0.0,HIGH,MEDIUM,MEDIUM,5,COST_BASED,COST_BASED,false,false
3,social_learning_factor_high,1,2040,NATURAL_GAS_BLOCK,SOCIAL_HOUSING,0,0,0,98293,0.0,0.0,0.0,0.0,0.0,HIGH,MEDIUM,MEDIUM,5,COST_BASED,COST_BASED,false,false
3,social_learning_factor_high,1,2041,NATURAL_GAS_BLOCK,SOCIAL_HOUSING,0,0,0,98293,0.0,0.0,0.0,0.0,0.0,HIGH,MEDIUM,MEDIUM,5,COST_BASED,COST_BASED,false,false
3,social_learning_factor_high,1,2042,NATURAL_GAS_BLOCK,SOCIAL_HOUSING,0,0,0,98293,0.0,0.0,0.0,0.0,0.0,HIGH,MEDIUM,MEDIUM,5,COST_BASED,COST_BASED,false,false
3,social_learning_factor_high,1,2043,NATURAL_GAS_BLOCK,SOCIAL_HOUSING,0,0,0,98293,0.0,0.0,0.0,0.0,0.0,HIGH,MEDIUM,MEDIUM,5,COST_BASED,COST_BASED,false,false
3,social_learning_factor_high,1,2044,NATURAL_GAS_BLOCK,SOCIAL_HOUSING,0,0,0,98293,0.0,0.0,0.0,0.0,0.0,HIGH,MEDIUM,MEDIUM,5,COST_BASED,COST_BASED,false,false
3,social_learning_factor_high,1,2045,NATURAL_GAS_BLOCK,SOCIAL_HOUSING,0,0,0,98293,0.0,0.0,0.0,0.0,0.0,HIGH,MEDIUM,MEDIUM,5,COST_BASED,COST_BASED,false,false
3,social_learning_factor_high,1,2046,NATURAL_GAS_BLOCK,SOCIAL_HOUSING,0,0,0,98293,0.0,0.0,0.0,0.0,0.0,HIGH,MEDIUM,MEDIUM,5,COST_BASED,COST_BASED,false,false
3,social_learning_factor_high,1,2047,NATURAL_GAS_BLOCK,SOCIAL_HOUSING,0,0,0,98293,0.0,0.0,0.0,0.0,0.0,HIGH,MEDIUM,MEDIUM,5,COST_BASED,COST_BASED,false,false
3,social_learning_factor_high,1,2048,NATURAL_GAS_BLOCK,SOCIAL_HOUSING,0,0,0,98293,0.0,0.0,0.0,0.0,0.0,HIGH,MEDIUM,MEDIUM,5,COST_BASED,COST_BASED,false,false
3,social_learning_factor_high,1,2049,NATURAL_GAS_BLOCK,SOCIAL_HOUSING,0,0,0,98293,0.0,0.0,0.0,0.0,0.0,HIGH,MEDIUM,MEDIUM,5,COST_BASED,COST_BASED,false,false
3,social_learning_factor_high,1,2050,NATURAL_GAS_BLOCK,SOCIAL_HOUSING,0,0,0,98293,0.0,0.0,0.0,0.0,0.0,HIGH,MEDIUM,MEDIUM,5,COST_BASED,COST_BASED,false,false
3,social_learning_factor_high,1,2024,NATURAL_GAS_BLOCK,PRIVATELY_RENTED,88972,88972,0,88972,0.0,0.0,0.0,0.0,0.0,HIGH,MEDIUM,MEDIUM,5,COST_BASED,COST_BASED,false,false
3,social_learning_factor_high,1,2025,NATURAL_GAS_BLOCK,PRIVATELY_RENTED,76845,0,12127,88972,0.0,0.0,0.0,0.0,0.0,HIGH,MEDIUM,MEDIUM,5,COST_BASED,COST_BASED,false,false
3,social_learning_factor_high,1,2026,NATURAL_GAS_BLOCK,PRIVATELY_RENTED,69521,0,7324,88972,0.0,0.0,0.0,0.0,0.0,HIGH,MEDIUM,MEDIUM,5,COST_BASED,COST_BASED,false,false
3,social_learning_factor_high,1,2027,NATURAL_GAS_BLOCK,PRIVATELY_RENTED,62671,0,6850,88972,0.0,0.0,0.0,0.0,0.0,HIGH,MEDIUM,MEDIUM,5,COST_BASED,COST_BASED,false,false
3,social_learning_factor_high,1,2028,NATURAL_GAS_BLOCK,PRIVATELY_RENTED,55671,0,7000,88972,0.0,0.0,0.0,0.0,0.0,HIGH,MEDIUM,MEDIUM,5,COST_BASED,COST_BASED,false,false
3,social_learning_factor_high,1,2029,NATURAL_GAS_BLOCK,PRIVATELY_RENTED,48725,0,6946,88972,0.0,0.0,0.0,0.0,0.0,HIGH,MEDIUM,MEDIUM,5,COST_BASED,COST_BASED,false,false
3,social_learning_factor_high,1,2030,NATURAL_GAS_BLOCK,PRIVATELY_RENTED,41837,0,6888,88972,0.0,0.0,0.0,0.0,0.0,HIGH,MEDIUM,MEDIUM,5,COST_BASED,COST_BASED,false,false
3,social_learning_factor_high,1,2031,NATURAL_GAS_BLOCK,PRIVATELY_RENTED,35110,0,6727,88972,0.0,0.0,0.0,0.0,0.0,HIGH,MEDIUM,MEDIUM,5,COST_BASED,COST_BASED,false,false
3,social_learning_factor_high,1,2032,NATURAL_GAS_BLOCK,PRIVATELY_RENTED,27972,0,7138,88972,0.0,0.0,0.0,0.0,0.0,HIGH,MEDIUM,MEDIUM,5,COST_BASED,COST_BASED,false,false
3,social_learning_factor_high,1,2033,NATURAL_GAS_BLOCK,PRIVATELY_RENTED,19914,0,8058,88972,0.0,0.0,0.0,0.0,0.0,HIGH,MEDIUM,MEDIUM,5,COST_BASED,COST_BASED,false,false
3,social_learning_factor_high,1,2034,NATURAL_GAS_BLOCK,PRIVATELY_RENTED,12331,0,7583,88972,0.0,0.0,0.0,0.0,0.0,HIGH,MEDIUM,MEDIUM,5,COST_BASED,COST_BASED,false,false
3,social_learning_factor_high,1,2035,NATURAL_GAS_BLOCK,PRIVATELY_RENTED,4857,2,7476,88974,0.0,0.0,0.0,0.0,0.0,HIGH,MEDIUM,MEDIUM,5,COST_BASED,COST_BASED,false,false
3,social_learning_factor_high,1,2036,NATURAL_GAS_BLOCK,PRIVATELY_RENTED,2,0,4855,88974,0.0,0.0,0.0,0.0,0.0,HIGH,MEDIUM,MEDIUM,5,COST_BASED,COST_BASED,false,false
3,social_learning_factor_high,1,2037,NATURAL_GAS_BLOCK,PRIVATELY_RENTED,2,0,0,88974,0.0,0.0,0.0,0.0,0.0,HIGH,MEDIUM,MEDIUM,5,COST_BASED,COST_BASED,false,false
3,social_learning_factor_high,1,2038,NATURAL_GAS_BLOCK,PRIVATELY_RENTED,2,0,0,88974,0.0,0.0,0.0,0.0,0.0,HIGH,MEDIUM,MEDIUM,5,COST_BASED,COST_BASED,false,false
3,social_learning_factor_high,1,2039,NATURAL_GAS_BLOCK,PRIVATELY_RENTED,2,0,0,88974,0.0,0.0,0.0,0.0,0.0,HIGH,MEDIUM,MEDIUM,5,COST_BASED,COST_BASED,false,false
3,social_learning_factor_high,1,2040,NATURAL_GAS_BLOCK,PRIVATELY_RENTED,2,0,0,88974,0.0,0.0,0.0,0.0,0.0,HIGH,MEDIUM,MEDIUM,5,COST_BASED,COST_BASED,false,false
3,social_learning_factor_high,1,2041,NATURAL_GAS_BLOCK,PRIVATELY_RENTED,2,0,0,88974,0.0,0.0,0.0,0.0,0.0,HIGH,MEDIUM,MEDIUM,5,COST_BASED,COST_BASED,false,false
3,social_learning_factor_high,1,2042,NATURAL_GAS_BLOCK,PRIVATELY_RENTED,2,0,0,88974,0.0,0.0,0.0,0.0,0.0,HIGH,MEDIUM,MEDIUM,5,COST_BASED,COST_BASED,false,false
3,social_learning_factor_high,1,2043,NATURAL_GAS_BLOCK,PRIVATELY_RENTED,2,0,0,88974,0.0,0.0,0.0,0.0,0.0,HIGH,MEDIUM,MEDIUM,5,COST_BASED,COST_BASED,false,false
3,social_learning_factor_high,1,2044,NATURAL_GAS_BLOCK,PRIVATELY_RENTED,2,0,0,88974,0.0,0.0,0.0,0.0,0.0,HIGH,MEDIUM,MEDIUM,5,COST_BASED,COST_BASED,false,false
3,social_learning_factor_high,1,2045,NATURAL_GAS_BLOCK,PRIVATELY_RENTED,2,0,0,88974,0.0,0.0,0.0,0.0,0.0,HIGH,MEDIUM,MEDIUM,5,COST_BASED,COST_BASED,false,false
3,social_learning_factor_high,1,2046,NATURAL_GAS_BLOCK,PRIVATELY_RENTED,2,0,0,88974,0.0,0.0,0.0,0.0,0.0,HIGH,MEDIUM,MEDIUM,5,COST_BASED,COST_BASED,false,false
3,social_learning_factor_high,1,2047,NATURAL_GAS_BLOCK,PRIVATELY_RENTED,2,2,2,88976,0.0,0.0,0.0,0.0,0.0,HIGH,MEDIUM,MEDIUM,5,COST_BASED,COST_BASED,false,false
3,social_learning_factor_high,1,2048,NATURAL_GAS_BLOCK,PRIVATELY_RENTED,2,0,0,88976,0.0,0.0,0.0,0.0,0.0,HIGH,MEDIUM,MEDIUM,5,COST_BASED,COST_BASED,false,false
3,social_learning_factor_high,1,2049,NATURAL_GAS_BLOCK,PRIVATELY_RENTED,2,0,0,88976,0.0,0.0,0.0,0.0,0.0,HIGH,MEDIUM,MEDIUM,5,COST_BASED,COST_BASED,false,false
3,social_learning_factor_high,1,2050,NATURAL_GAS_BLOCK,PRIVATELY_RENTED,2,0,0,88976,0.0,0.0,0.0,0.0,0.0,HIGH,MEDIUM,MEDIUM,5,COST_BASED,COST_BASED,false,false
3,social_learning_factor_high,1,2024,DISTRICT_HEATING,TOTAL,572764,572764,0,572764,0.0,0.0,0.0,0.0,0.0,HIGH,MEDIUM,MEDIUM,5,COST_BASED,COST_BASED,false,false
3,social_learning_factor_high,1,2025,DISTRICT_HEATING,TOTAL,449746,54740,177758,627504,0.657246777622532,0.6347057357112441,0.1273046795544128,1441.2260318620988,0.6271920550741498,HIGH,MEDIUM,MEDIUM,5,COST_BASED,COST_BASED,false,false
3,social_learning_factor_high,1,2026,DISTRICT_HEATING,TOTAL,478147,40929,12528,668433,0.5625790654440462,0.54586453844666,0.12136098059784636,1228.5551088400205,0.5402930294475337,HIGH,MEDIUM,MEDIUM,5,COST_BASED,COST_BASED,false,false
3,social_learning_factor_high,1,2027,DISTRICT_HEATING,TOTAL,510894,47957,15210,716390,0.5489367914641002,0.5400211496588636,0.1262073692414163,1200.0732248544266,0.5370492690571136,HIGH,MEDIUM,MEDIUM,5,COST_BASED,COST_BASED,false,false
3,social_learning_factor_high,1,2028,DISTRICT_HEATING,TOTAL,543568,46926,14252,763316,0.4957559889709473,0.481473770046806,0.11882430098980044,1075.8824361656416,0.47671303040543644,HIGH,MEDIUM,MEDIUM,5,COST_BASED,COST_BASED,false,false
3,social_learning_factor_high,1,2029,DISTRICT_HEATING,TOTAL,576540,47041,14069,810357,0.4674124574827237,0.4522823444601548,0.11468065936214494,1018.3444875753015,0.4472389734526227,HIGH,MEDIUM,MEDIUM,5,COST_BASED,COST_BASED,false,false
3,social_learning_factor_high,1,2030,DISTRICT_HEATING,TOTAL,612379,52171,16332,862528,0.4598778457920035,0.4464072432799802,0.11653389690671986,997.5090003603224,0.4419170424426364,HIGH,MEDIUM,MEDIUM,5,COST_BASED,COST_BASED,false,false
3,social_learning_factor_high,1,2031,DISTRICT_HEATING,TOTAL,649422,54760,17717,917288,0.44038166800532164,0.4272579032873396,0.11512319628613746,946.8712968966878,0.42288331504801996,HIGH,MEDIUM,MEDIUM,5,COST_BASED,COST_BASED,false,false
3,social_learning_factor_high,1,2032,DISTRICT_HEATING,TOTAL,689417,55033,15038,972321,0.41817866804573406,0.4068330359205031,0.11042212237854555,892.2006516771927,0.40305115854542195,HIGH,MEDIUM,MEDIUM,5,COST_BASED,COST_BASED,false,false
3,social_learning_factor_high,1,2033,DISTRICT_HEATING,TOTAL,730864,56069,14622,1028390,0.3988719037900074,0.38800747913751965,0.11027146889088119,850.3455945505115,0.38438600425336134,HIGH,MEDIUM,MEDIUM,5,COST_BASED,COST_BASED,false,false
3,social_learning_factor_high,1,2034,DISTRICT_HEATING,TOTAL,776928,60442,14378,1088832,0.41296481094884807,0.40172932794350374,0.11974626373130169,835.0285274341603,0.39798416694172023,HIGH,MEDIUM,MEDIUM,5,COST_BASED,COST_BASED,false,false
3,social_learning_factor_high,1,2035,DISTRICT_HEATING,TOTAL,822015,59178,14091,1148010,0.3862391542336009,0.3757693348485775,0.11345356595275533,793.4389461257956,0.372279395053572,HIGH,MEDIUM,MEDIUM,5,COST_BASED,COST_BASED,false,false
3,social_learning_factor_high,1,2036,DISTRICT_HEATING,TOTAL,855974,48120,14161,1196130,0.32556831710409856,0.31614804080378117,0.10093120181839996,692.5693431124314,0.3130079487036726,HIGH,MEDIUM,MEDIUM,5,COST_BASED,COST_BASED,false,false
3,social_learning_factor_high,1,2037,DISTRICT_HEATING,TOTAL,853554,12367,14787,1208497,0.45214171577832396,0.4455946284922214,0.15462561800607016,899.6387393903353,0.4434122660635212,HIGH,MEDIUM,MEDIUM,5,COST_BASED,COST_BASED,false,false
3,social_learning_factor_high,1,2038,DISTRICT_HEATING,TOTAL,851518,12549,14585,1221046,0.4661150930154302,0.46201357762582856,0.15739015816492866,960.6848877724225,0.46064640582929,HIGH,MEDIUM,MEDIUM,5,COST_BASED,COST_BASED,false,false
3,social_learning_factor_high,1,2039,DISTRICT_HEATING,TOTAL,846994,9474,13998,1230520,0.47935305311340926,0.4650178251205134,0.1602080665099462,1032.7262976889936,0.46023941578955185,HIGH,MEDIUM,MEDIUM,5,COST_BASED,COST_BASED,false,false
3,social_learning_factor_high,1,2040,DISTRICT_HEATING,TOTAL,841575,8022,13441,1238542,0.5710688373910776,0.594283768503795,0.19304246986027662,1439.9793469860472,0.6020220788747066,HIGH,MEDIUM,MEDIUM,5,COST_BASED,COST_BASED,false,false
3,social_learning_factor_high,1,2041,DISTRICT_HEATING,TOTAL,835979,7649,13245,1246191,0.5560935604984489,0.5785600487636794,0.1923114195347425,1358.4232565950817,0.5860488781854303,HIGH,MEDIUM,MEDIUM,5,COST_BASED,COST_BASED,false,false
3,social_learning_factor_high,1,2042,DISTRICT_HEATING,TOTAL,831888,7564,11655,1253755,0.5822677840466851,0.61666529185252,0.2001969482836017,1409.5229864401083,0.6281311277877956,HIGH,MEDIUM,MEDIUM,5,COST_BASED,COST_BASED,false,false
3,social_learning_factor_high,1,2043,DISTRICT_HEATING,TOTAL,827367,6856,11377,1260611,0.5712703146539111,0.5888617041812594,0.18867977764571991,1407.912148500486,0.594725500690368,HIGH,MEDIUM,MEDIUM,5,COST_BASED,COST_BASED,false,false
3,social_learning_factor_high,1,2044,DISTRICT_HEATING,TOTAL,823238,5995,10124,1266606,0.5686021139732566,0.580681635885582,0.1857152458637262,1417.8017884005783,0.5847081431896988,HIGH,MEDIUM,MEDIUM,5,COST_BASED,COST_BASED,false,false
3,social_learning_factor_high,1,2045,DISTRICT_HEATING,TOTAL,819108,6578,10708,1273184,0.5879124863336728,0.6085448605062003,0.19367713930843172,1442.3025617685116,0.6154223185637008,HIGH,MEDIUM,MEDIUM,5,COST_BASED,COST_BASED,false,false
3,social_learning_factor_high,1,2046,DISTRICT_HEATING,TOTAL,814302,7138,11944,1280322,0.5743202289820715,0.5885942789485719,0.1850669142953173,1395.6423678794756,0.5933522956040699,HIGH,MEDIUM,MEDIUM,5,COST_BASED,COST_BASED,false,false
3,social_learning_factor_high,1,2047,DISTRICT_HEATING,TOTAL,809009,8557,13850,1288879,0.59603051207448,0.6120354308143123,0.19000208501325389,1401.8247492699727,0.6173704037275871,HIGH,MEDIUM,MEDIUM,5,COST_BASED,COST_BASED,false,false
3,social_learning_factor_high,1,2048,DISTRICT_HEATING,TOTAL,804007,8077,13079,1296956,0.5815696073295767,0.5963429702180983,0.18393643488400893,1388.2550290239772,0.6012674245142671,HIGH,MEDIUM,MEDIUM,5,COST_BASED,COST_BASED,false,false
3,social_learning_factor_high,1,2049,DISTRICT_HEATING,TOTAL,798571,8868,14304,1305824,0.5907283947067188,0.6073174035291429,0.1860527417158242,1343.8734836066515,0.6128470731366139,HIGH,MEDIUM,MEDIUM,5,COST_BASED,COST_BASED,false,false
3,social_learning_factor_high,1,2050,DISTRICT_HEATING,TOTAL,793079,9184,14676,1315008,0.5908661992323464,0.6063764514199343,0.1816492188208622,1345.179549759268,0.6115465354824752,HIGH,MEDIUM,MEDIUM,5,COST_BASED,COST_BASED,false,false
3,social_learning_factor_high,1,2024,DISTRICT_HEATING,PRIVATELY_OWNED,317368,317368,0,317368,0.0,0.0,0.0,0.0,0.0,HIGH,MEDIUM,MEDIUM,5,COST_BASED,COST_BASED,false,false
3,social_learning_factor_high,1,2025,DISTRICT_HEATING,PRIVATELY_OWNED,352786,46992,11574,364360,0.7656130534358487,0.7393554641818502,0.14829456415578304,1678.8541237685413,0.7306029344305193,HIGH,MEDIUM,MEDIUM,5,COST_BASED,COST_BASED,false,false
3,social_learning_factor_high,1,2026,DISTRICT_HEATING,PRIVATELY_OWNED,372975,30069,9880,394429,0.7657653586603933,0.743014057470596,0.16519284229236933,1672.2715105162524,0.7354302904073332,HIGH,MEDIUM,MEDIUM,5,COST_BASED,COST_BASED,false,false
3,social_learning_factor_high,1,2027,DISTRICT_HEATING,PRIVATELY_OWNED,394791,34383,12567,428812,0.7656505164832579,0.7532150851929769,0.17603253953147197,1673.8478796016561,0.7490699414295436,HIGH,MEDIUM,MEDIUM,5,COST_BASED,COST_BASED,false,false
3,social_learning_factor_high,1,2028,DISTRICT_HEATING,PRIVATELY_OWNED,413414,30404,11781,459216,0.7651573983176777,0.7431140025396796,0.1833952489227528,1660.5334561080417,0.7357662039470303,HIGH,MEDIUM,MEDIUM,5,COST_BASED,COST_BASED,false,false
3,social_learning_factor_high,1,2029,DISTRICT_HEATING,PRIVATELY_OWNED,430491,28712,11635,487928,0.7657965106033995,0.7410077238001582,0.18788983341650392,1668.4293340773809,0.7327447948657294,HIGH,MEDIUM,MEDIUM,5,COST_BASED,COST_BASED,false,false
3,social_learning_factor_high,1,2030,DISTRICT_HEATING,PRIVATELY_OWNED,448387,31331,13435,519259,0.7657683154963013,0.7433376620331252,0.1940471078331519,1661.0080130796457,0.7358607775453955,HIGH,MEDIUM,MEDIUM,5,COST_BASED,COST_BASED,false,false
3,social_learning_factor_high,1,2031,DISTRICT_HEATING,PRIVATELY_OWNED,465054,31514,14847,550773,0.7652249838158093,0.7424205998608464,0.2000427184308208,1645.3218321400846,0.734819138542539,HIGH,MEDIUM,MEDIUM,5,COST_BASED,COST_BASED,false,false
3,social_learning_factor_high,1,2032,DISTRICT_HEATING,PRIVATELY_OWNED,483159,30082,11977,580855,0.7650298064809814,0.7442737339875356,0.20200986173986096,1632.2212108154692,0.7373550431563795,HIGH,MEDIUM,MEDIUM,5,COST_BASED,COST_BASED,false,false
3,social_learning_factor_high,1,2033,DISTRICT_HEATING,PRIVATELY_OWNED,500601,29222,11780,610077,0.7653257399767958,0.7444798900746558,0.21158069226072196,1631.5798761499086,0.7375312734406172,HIGH,MEDIUM,MEDIUM,5,COST_BASED,COST_BASED,false,false
3,social_learning_factor_high,1,2034,DISTRICT_HEATING,PRIVATELY_OWNED,521797,32612,11416,642689,0.765375294473515,0.7445518226285187,0.22193375666770931,1547.614198919892,0.7376106653468495,HIGH,MEDIUM,MEDIUM,5,COST_BASED,COST_BASED,false,false
3,social_learning_factor_high,1,2035,DISTRICT_HEATING,PRIVATELY_OWNED,540958,29831,10670,672520,0.7662116814466841,0.7454419126971648,0.22506637812852923,1574.0045574681485,0.7385186564473295,HIGH,MEDIUM,MEDIUM,5,COST_BASED,COST_BASED,false,false
3,social_learning_factor_high,1,2036,DISTRICT_HEATING,PRIVATELY_OWNED,550793,20481,10646,693001,0.764921020411563,0.7427881316087082,0.23713731905187274,1627.1879688770177,0.7354105020077499,HIGH,MEDIUM,MEDIUM,5,COST_BASED,COST_BASED,false,false
3,social_learning_factor_high,1,2037,DISTRICT_HEATING,PRIVATELY_OWNED,547080,7321,11034,700322,0.7637804396982013,0.7527207718294362,0.26120134105737874,1519.7148326786337,0.7490342158731821,HIGH,MEDIUM,MEDIUM,5,COST_BASED,COST_BASED,false,false
3,social_learning_factor_high,1,2038,DISTRICT_HEATING,PRIVATELY_OWNED,544253,7645,10472,707967,0.7651116157293176,0.758379121730088,0.2583504375162446,1576.9306287319987,0.7561349570636704,HIGH,MEDIUM,MEDIUM,5,COST_BASED,COST_BASED,false,false
3,social_learning_factor_high,1,2039,DISTRICT_HEATING,PRIVATELY_OWNED,540359,5938,9832,713905,0.7648014188609699,0.7419297533162249,0.25560983868562315,1647.701068424642,0.734305864801316,HIGH,MEDIUM,MEDIUM,5,COST_BASED,COST_BASED,false,false
3,social_learning_factor_high,1,2040,DISTRICT_HEATING,PRIVATELY_OWNED,537247,6613,9725,720518,0.6927437189703953,0.7209049434352705,0.23417309741707834,1746.788798052634,0.7302920182569026,HIGH,MEDIUM,MEDIUM,5,COST_BASED,COST_BASED,false,false
3,social_learning_factor_high,1,2041,DISTRICT_HEATING,PRIVATELY_OWNED,534422,6090,8915,726608,0.6984498594831914,0.7266676211811796,0.24154187980644426,1706.1706879631822,0.7360735417471849,HIGH,MEDIUM,MEDIUM,5,COST_BASED,COST_BASED,false,false
3,social_learning_factor_high,1,2042,DISTRICT_HEATING,PRIVATELY_OWNED,532342,6327,8407,732935,0.696107715904714,0.7372303252050673,0.2393377140536057,1685.1006589905135,0.7509378616385152,HIGH,MEDIUM,MEDIUM,5,COST_BASED,COST_BASED,false,false
3,social_learning_factor_high,1,2043,DISTRICT_HEATING,PRIVATELY_OWNED,529845,5563,8060,738498,0.7040498431183201,0.7257299737312087,0.23253434397610204,1735.151121718377,0.7329566839354957,HIGH,MEDIUM,MEDIUM,5,COST_BASED,COST_BASED,false,false
3,social_learning_factor_high,1,2044,DISTRICT_HEATING,PRIVATELY_OWNED,527164,4823,7504,743321,0.70677372450128,0.7217885977885267,0.23084447417645423,1762.3308566165183,0.7267935555509525,HIGH,MEDIUM,MEDIUM,5,COST_BASED,COST_BASED,false,false
3,social_learning_factor_high,1,2045,DISTRICT_HEATING,PRIVATELY_OWNED,524649,5525,8040,748846,0.6999616896113845,0.724526351567382,0.23058972350603874,1717.1884617761573,0.7327145722193708,HIGH,MEDIUM,MEDIUM,5,COST_BASED,COST_BASED,false,false
3,social_learning_factor_high,1,2046,DISTRICT_HEATING,PRIVATELY_OWNED,521586,5814,8877,754660,0.7051079797856942,0.722632604598367,0.22721149539731247,1713.4666704375124,0.7284741462025888,HIGH,MEDIUM,MEDIUM,5,COST_BASED,COST_BASED,false,false
3,social_learning_factor_high,1,2047,DISTRICT_HEATING,PRIVATELY_OWNED,518490,7175,10271,761835,0.7108338803932162,0.7299215583941562,0.22659900229385554,1671.8347567251787,0.7362841177277998,HIGH,MEDIUM,MEDIUM,5,COST_BASED,COST_BASED,false,false
3,social_learning_factor_high,1,2048,DISTRICT_HEATING,PRIVATELY_OWNED,515502,6605,9593,768440,0.7111790641031024,0.7292448403408902,0.2249287788884391,1697.6435835619475,0.7352667657534799,HIGH,MEDIUM,MEDIUM,5,COST_BASED,COST_BASED,false,false
3,social_learning_factor_high,1,2049,DISTRICT_HEATING,PRIVATELY_OWNED,512127,7376,10751,775816,0.7102195504689781,0.7301641451323806,0.22368705443816825,1615.7090635335933,0.7368123433535103,HIGH,MEDIUM,MEDIUM,5,COST_BASED,COST_BASED,false,false
3,social_learning_factor_high,1,2050,DISTRICT_HEATING,PRIVATELY_OWNED,508876,7603,10854,783419,0.7137334175654174,0.7324689372406521,0.21942212622001822,1624.9018788621752,0.7387141104657441,HIGH,MEDIUM,MEDIUM,5,COST_BASED,COST_BASED,false,false
3,social_learning_factor_high,1,2024,DISTRICT_HEATING,SOCIAL_HOUSING,163747,163747,0,163747,0.0,0.0,0.0,0.0,0.0,HIGH,MEDIUM,MEDIUM,5,COST_BASED,COST_BASED,false,false
3,social_learning_factor_high,1,2025,DISTRICT_HEATING,SOCIAL_HOUSING,283,0,163464,163747,0.0,0.0,0.0,0.0,0.0,HIGH,MEDIUM,MEDIUM,5,COST_BASED,COST_BASED,false,false
3,social_learning_factor_high,1,2026,DISTRICT_HEATING,SOCIAL_HOUSING,49,0,234,163747,0.0,0.0,0.0,0.0,0.0,HIGH,MEDIUM,MEDIUM,5,COST_BASED,COST_BASED,false,false
3,social_learning_factor_high,1,2027,DISTRICT_HEATING,SOCIAL_HOUSING,28,0,21,163747,0.0,0.0,0.0,0.0,0.0,HIGH,MEDIUM,MEDIUM,5,COST_BASED,COST_BASED,false,false
3,social_learning_factor_high,1,2028,DISTRICT_HEATING,SOCIAL_HOUSING,16,0,12,163747,0.0,0.0,0.0,0.0,0.0,HIGH,MEDIUM,MEDIUM,5,COST_BASED,COST_BASED,false,false
3,social_learning_factor_high,1,2029,DISTRICT_HEATING,SOCIAL_HOUSING,1,0,15,163747,0.0,0.0,0.0,0.0,0.0,HIGH,MEDIUM,MEDIUM,5,COST_BASED,COST_BASED,false,false
3,social_learning_factor_high,1,2030,DISTRICT_HEATING,SOCIAL_HOUSING,1,0,0,163747,0.0,0.0,0.0,0.0,0.0,HIGH,MEDIUM,MEDIUM,5,COST_BASED,COST_BASED,false,false
3,social_learning_factor_high,1,2031,DISTRICT_HEATING,SOCIAL_HOUSING,1,0,0,163747,0.0,0.0,0.0,0.0,0.0,HIGH,MEDIUM,MEDIUM,5,COST_BASED,COST_BASED,false,false
3,social_learning_factor_high,1,2032,DISTRICT_HEATING,SOCIAL_HOUSING,1,0,0,163747,0.0,0.0,0.0,0.0,0.0,HIGH,MEDIUM,MEDIUM,5,COST_BASED,COST_BASED,false,false
3,social_learning_factor_high,1,2033,DISTRICT_HEATING,SOCIAL_HOUSING,1,0,0,163747,0.0,0.0,0.0,0.0,0.0,HIGH,MEDIUM,MEDIUM,5,COST_BASED,COST_BASED,false,false
3,social_learning_factor_high,1,2034,DISTRICT_HEATING,SOCIAL_HOUSING,1,0,0,163747,0.0,0.0,0.0,0.0,0.0,HIGH,MEDIUM,MEDIUM,5,COST_BASED,COST_BASED,false,false
3,social_learning_factor_high,1,2035,DISTRICT_HEATING,SOCIAL_HOUSING,1,0,0,163747,0.0,0.0,0.0,0.0,0.0,HIGH,MEDIUM,MEDIUM,5,COST_BASED,COST_BASED,false,false
3,social_learning_factor_high,1,2036,DISTRICT_HEATING,SOCIAL_HOUSING,1,0,0,163747,0.0,0.0,0.0,0.0,0.0,HIGH,MEDIUM,MEDIUM,5,COST_BASED,COST_BASED,false,false
3,social_learning_factor_high,1,2037,DISTRICT_HEATING,SOCIAL_HOUSING,1,0,0,163747,0.0,0.0,0.0,0.0,0.0,HIGH,MEDIUM,MEDIUM,5,COST_BASED,COST_BASED,false,false
3,social_learning_factor_high,1,2038,DISTRICT_HEATING,SOCIAL_HOUSING,1,0,0,163747,0.0,0.0,0.0,0.0,0.0,HIGH,MEDIUM,MEDIUM,5,COST_BASED,COST_BASED,false,false
3,social_learning_factor_high,1,2039,DISTRICT_HEATING,SOCIAL_HOUSING,1,0,0,163747,0.0,0.0,0.0,0.0,0.0,HIGH,MEDIUM,MEDIUM,5,COST_BASED,COST_BASED,false,false
3,social_learning_factor_high,1,2040,DISTRICT_HEATING,SOCIAL_HOUSING,1,0,0,163747,0.0,0.0,0.0,0.0,0.0,HIGH,MEDIUM,MEDIUM,5,COST_BASED,COST_BASED,false,false
3,social_learning_factor_high,1,2041,DISTRICT_HEATING,SOCIAL_HOUSING,1,0,0,163747,0.0,0.0,0.0,0.0,0.0,HIGH,MEDIUM,MEDIUM,5,COST_BASED,COST_BASED,false,false
3,social_learning_factor_high,1,2042,DISTRICT_HEATING,SOCIAL_HOUSING,1,0,0,163747,0.0,0.0,0.0,0.0,0.0,HIGH,MEDIUM,MEDIUM,5,COST_BASED,COST_BASED,false,false
3,social_learning_factor_high,1,2043,DISTRICT_HEATING,SOCIAL_HOUSING,1,0,0,163747,0.0,0.0,0.0,0.0,0.0,HIGH,MEDIUM,MEDIUM,5,COST_BASED,COST_BASED,false,false
3,social_learning_factor_high,1,2044,DISTRICT_HEATING,SOCIAL_HOUSING,1,0,0,163747,0.0,0.0,0.0,0.0,0.0,HIGH,MEDIUM,MEDIUM,5,COST_BASED,COST_BASED,false,false
3,social_learning_factor_high,1,2045,DISTRICT_HEATING,SOCIAL_HOUSING,1,0,0,163747,0.0,0.0,0.0,0.0,0.0,HIGH,MEDIUM,MEDIUM,5,COST_BASED,COST_BASED,false,false
3,social_learning_factor_high,1,2046,DISTRICT_HEATING,SOCIAL_HOUSING,1,0,0,163747,0.0,0.0,0.0,0.0,0.0,HIGH,MEDIUM,MEDIUM,5,COST_BASED,COST_BASED,false,false
3,social_learning_factor_high,1,2047,DISTRICT_HEATING,SOCIAL_HOUSING,1,0,0,163747,0.0,0.0,0.0,0.0,0.0,HIGH,MEDIUM,MEDIUM,5,COST_BASED,COST_BASED,false,false
3,social_learning_factor_high,1,2048,DISTRICT_HEATING,SOCIAL_HOUSING,1,0,0,163747,0.0,0.0,0.0,0.0,0.0,HIGH,MEDIUM,MEDIUM,5,COST_BASED,COST_BASED,false,false
3,social_learning_factor_high,1,2049,DISTRICT_HEATING,SOCIAL_HOUSING,1,0,0,163747,0.0,0.0,0.0,0.0,0.0,HIGH,MEDIUM,MEDIUM,5,COST_BASED,COST_BASED,false,false
3,social_learning_factor_high,1,2050,DISTRICT_HEATING,SOCIAL_HOUSING,1,0,0,163747,0.0,0.0,0.0,0.0,0.0,HIGH,MEDIUM,MEDIUM,5,COST_BASED,COST_BASED,false,false
3,social_learning_factor_high,1,2024,DISTRICT_HEATING,PRIVATELY_RENTED,91649,91649,0,91649,0.0,0.0,0.0,0.0,0.0,HIGH,MEDIUM,MEDIUM,5,COST_BASED,COST_BASED,false,false
3,social_learning_factor_high,1,2025,DISTRICT_HEATING,PRIVATELY_RENTED,96677,7748,2720,99397,0.0,0.0,0.0,0.0,0.0,HIGH,MEDIUM,MEDIUM,5,COST_BASED,COST_BASED,false,false
3,social_learning_factor_high,1,2026,DISTRICT_HEATING,PRIVATELY_RENTED,105123,10860,2414,110257,0.0,0.0,0.0,0.0,0.0,HIGH,MEDIUM,MEDIUM,5,COST_BASED,COST_BASED,false,false
3,social_learning_factor_high,1,2027,DISTRICT_HEATING,PRIVATELY_RENTED,116075,13574,2622,123831,0.0,0.0,0.0,0.0,0.0,HIGH,MEDIUM,MEDIUM,5,COST_BASED,COST_BASED,false,false
3,social_learning_factor_high,1,2028,DISTRICT_HEATING,PRIVATELY_RENTED,130138,16522,2459,140353,0.0,0.0,0.0,0.0,0.0,HIGH,MEDIUM,MEDIUM,5,COST_BASED,COST_BASED,false,false
3,social_learning_factor_high,1,2029,DISTRICT_HEATING,PRIVATELY_RENTED,146048,18329,2419,158682,0.0,0.0,0.0,0.0,0.0,HIGH,MEDIUM,MEDIUM,5,COST_BASED,COST_BASED,false,false
3,social_learning_factor_high,1,2030,DISTRICT_HEATING,PRIVATELY_RENTED,163991,20840,2897,179522,0.0,0.0,0.0,0.0,0.0,HIGH,MEDIUM,MEDIUM,5,COST_BASED,COST_BASED,false,false
3,social_learning_factor_high,1,2031,DISTRICT_HEATING,PRIVATELY_RENTED,184367,23246,2870,202768,0.0,0.0,0.0,0.0,0.0,HIGH,MEDIUM,MEDIUM,5,COST_BASED,COST_BASED,false,false
3,social_learning_factor_high,1,2032,DISTRICT_HEATING,PRIVATELY_RENTED,206257,24951,3061,227719,0.0,0.0,0.0,0.0,0.0,HIGH,MEDIUM,MEDIUM,5,COST_BASED,COST_BASED,false,false
3,social_learning_factor_high,1,2033,DISTRICT_HEATING,PRIVATELY_RENTED,230262,26847,2842,254566,0.0,0.0,0.0,0.0,0.0,HIGH,MEDIUM,MEDIUM,5,COST_BASED,COST_BASED,false,false
3,social_learning_factor_high,1,2034,DISTRICT_HEATING,PRIVATELY_RENTED,255130,27830,2962,282396,0.0,0.0,0.0,0.0,0.0,HIGH,MEDIUM,MEDIUM,5,COST_BASED,COST_BASED,false,false
3,social_learning_factor_high,1,2035,DISTRICT_HEATING,PRIVATELY_RENTED,281056,29347,3421,311743,0.0,0.0,0.0,0.0,0.0,HIGH,MEDIUM,MEDIUM,5,COST_BASED,COST_BASED,false,false
3,social_learning_factor_high,1,2036,DISTRICT_HEATING,PRIVATELY_RENTED,305180,27639,3515,339382,0.0,0.0,0.0,0.0,0.0,HIGH,MEDIUM,MEDIUM,5,COST_BASED,COST_BASED,false,false
3,social_learning_factor_high,1,2037,DISTRICT_HEATING,PRIVATELY_RENTED,306473,5046,3753,344428,0.0,0.0,0.0,0.0,0.0,HIGH,MEDIUM,MEDIUM,5,COST_BASED,COST_BASED,false,false
3,social_learning_factor_high,1,2038,DISTRICT_HEATING,PRIVATELY_RENTED,307264,4904,4113,349332,0.0,0.0,0.0,0.0,0.0,HIGH,MEDIUM,MEDIUM,5,COST_BASED,COST_BASED,false,false
3,social_learning_factor_high,1,2039,DISTRICT_HEATING,PRIVATELY_RENTED,306634,3536,4166,352868,0.0,0.0,0.0,0.0,0.0,HIGH,MEDIUM,MEDIUM,5,COST_BASED,COST_BASED,false,false
3,social_learning_factor_high,1,2040,DISTRICT_HEATING,PRIVATELY_RENTED,304327,1409,3716,354277,0.0,0.0,0.0,0.0,0.0,HIGH,MEDIUM,MEDIUM,5,COST_BASED,COST_BASED,false,false
3,social_learning_factor_high,1,2041,DISTRICT_HEATING,PRIVATELY_RENTED,301556,1559,4330,355836,0.0,0.0,0.0,0.0,0.0,HIGH,MEDIUM,MEDIUM,5,COST_BASED,COST_BASED,false,false
3,social_learning_factor_high,1,2042,DISTRICT_HEATING,PRIVATELY_RENTED,299545,1237,3248,357073,0.0,0.0,0.0,0.0,0.0,HIGH,MEDIUM,MEDIUM,5,COST_BASED,COST_BASED,false,false
3,social_learning_factor_high,1,2043,DISTRICT_HEATING,PRIVATELY_RENTED,297521,1293,3317,358366,0.0,0.0,0.0,0.0,0.0,HIGH,MEDIUM,MEDIUM,5,COST_BASED,COST_BASED,false,false
3,social_learning_factor_high,1,2044,DISTRICT_HEATING,PRIVATELY_RENTED,296073,1172,2620,359538,0.0,0.0,0.0,0.0,0.0,HIGH,MEDIUM,MEDIUM,5,COST_BASED,COST_BASED,false,false
3,social_learning_factor_high,1,2045,DISTRICT_HEATING,PRIVATELY_RENTED,294458,1053,2668,360591,0.0,0.0,0.0,0.0,0.0,HIGH,MEDIUM,MEDIUM,5,COST_BASED,COST_BASED,false,false
3,social_learning_factor_high,1,2046,DISTRICT_HEATING,PRIVATELY_RENTED,292715,1324,3067,361915,0.0,0.0,0.0,0.0,0.0,HIGH,MEDIUM,MEDIUM,5,COST_BASED,COST_BASED,false,false
3,social_learning_factor_high,1,2047,DISTRICT_HEATING,PRIVATELY_RENTED,290518,1382,3579,363297,0.0,0.0,0.0,0.0,0.0,HIGH,MEDIUM,MEDIUM,5,COST_BASED,COST_BASED,false,false
3,social_learning_factor_high,1,2048,DISTRICT_HEATING,PRIVATELY_RENTED,288504,1472,3486,364769,0.0,0.0,0.0,0.0,0.0,HIGH,MEDIUM,MEDIUM,5,COST_BASED,COST_BASED,false,false
3,social_learning_factor_high,1,2049,DISTRICT_HEATING,PRIVATELY_RENTED,286443,1492,3553,366261,0.0,0.0,0.0,0.0,0.0,HIGH,MEDIUM,MEDIUM,5,COST_BASED,COST_BASED,false,false
3,social_learning_factor_high,1,2050,DISTRICT_HEATING,PRIVATELY_RENTED,284202,1581,3822,367842,0.0,0.0,0.0,0.0,0.0,HIGH,MEDIUM,MEDIUM,5,COST_BASED,COST_BASED,false,false
3,social_learning_factor_high,1,2024,ELECTRIC_HEAT_PUMP,TOTAL,399464,399464,0,399464,0.0,0.0,0.0,0.0,0.0,HIGH,MEDIUM,MEDIUM,5,COST_BASED,COST_BASED,false,false
3,social_learning_factor_high,1,2025,ELECTRIC_HEAT_PUMP,TOTAL,784597,425039,39906,824503,0.47433063997313946,0.4565071898272526,0.05306948607405101,1726.0817782720856,0.45056603977864396,HIGH,MEDIUM,MEDIUM,5,COST_BASED,COST_BASED,false,false
3,social_learning_factor_high,1,2026,ELECTRIC_HEAT_PUMP,TOTAL,1017272,255896,23221,1080399,0.4886353997403997,0.4722250582841968,0.07949359646249829,1713.3455176055681,0.46675494446545956,HIGH,MEDIUM,MEDIUM,5,COST_BASED,COST_BASED,false,false
3,social_learning_factor_high,1,2027,ELECTRIC_HEAT_PUMP,TOTAL,1223543,229536,23265,1309935,0.4761240910822957,0.45963399401566163,0.09473344924630171,1631.7104786250625,0.4541372949934625,HIGH,MEDIUM,MEDIUM,5,COST_BASED,COST_BASED,false,false
3,social_learning_factor_high,1,2028,ELECTRIC_HEAT_PUMP,TOTAL,1435134,234446,22855,1544381,0.4870109439558135,0.4690975002120513,0.11342779078718666,1635.6467250940027,0.46312635229746546,HIGH,MEDIUM,MEDIUM,5,COST_BASED,COST_BASED,false,false
3,social_learning_factor_high,1,2029,ELECTRIC_HEAT_PUMP,TOTAL,1654994,242056,22196,1786437,0.5024958214933797,0.48689658387178153,0.13553180409244614,1663.6785028223912,0.4816968379979174,HIGH,MEDIUM,MEDIUM,5,COST_BASED,COST_BASED,false,false
3,social_learning_factor_high,1,2030,ELECTRIC_HEAT_PUMP,TOTAL,1888150,255734,22578,2042171,0.5176529639329179,0.5038103889193782,0.1598305524484836,1685.9561586889645,0.4991961972481975,HIGH,MEDIUM,MEDIUM,5,COST_BASED,COST_BASED,false,false
3,social_learning_factor_high,1,2031,ELECTRIC_HEAT_PUMP,TOTAL,2112674,248905,24381,2291076,0.5177343225400752,0.5032450414959776,0.1811365118690084,1655.7509686819983,0.49841528114791583,HIGH,MEDIUM,MEDIUM,5,COST_BASED,COST_BASED,false,false
3,social_learning_factor_high,1,2032,ELECTRIC_HEAT_PUMP,TOTAL,2329262,241644,25056,2532720,0.5153001395875072,0.501238508294914,0.20029471917988595,1630.1594172460823,0.49655129786406366,HIGH,MEDIUM,MEDIUM,5,COST_BASED,COST_BASED,false,false
3,social_learning_factor_high,1,2033,ELECTRIC_HEAT_PUMP,TOTAL,2543629,240519,26152,2773239,0.5208298740248036,0.5086880571393047,0.22236772743300975,1623.696226258864,0.5046407848441123,HIGH,MEDIUM,MEDIUM,5,COST_BASED,COST_BASED,false,false
3,social_learning_factor_high,1,2034,ELECTRIC_HEAT_PUMP,TOTAL,2770325,254683,27987,3027922,0.5438703523863047,0.5323158711311985,0.25380675582619083,1636.3588897238997,0.5284643773794884,HIGH,MEDIUM,MEDIUM,5,COST_BASED,COST_BASED,false,false
3,social_learning_factor_high,1,2035,ELECTRIC_HEAT_PUMP,TOTAL,2997081,256038,29282,3283960,0.5453611386998719,0.5373949554806883,0.27797403566899065,1619.6058898183664,0.534739561074311,HIGH,MEDIUM,MEDIUM,5,COST_BASED,COST_BASED,false,false
3,social_learning_factor_high,1,2036,ELECTRIC_HEAT_PUMP,TOTAL,3129164,163395,31312,3447355,0.5496931679096805,0.5382439349329938,0.2982241905765675,1574.0534388621822,0.5344275239407639,HIGH,MEDIUM,MEDIUM,5,COST_BASED,COST_BASED,false,false
3,social_learning_factor_high,1,2037,ELECTRIC_HEAT_PUMP,TOTAL,3120349,27290,36105,3474645,0.5432043793111249,0.6104308996271218,0.32872167685989595,1393.3211394397597,0.6328397397324577,HIGH,MEDIUM,MEDIUM,5,COST_BASED,COST_BASED,false,false
3,social_learning_factor_high,1,2038,ELECTRIC_HEAT_PUMP,TOTAL,3115214,26049,31184,3500694,0.5552925939575948,0.6102684575535485,0.32454730106467405,1417.5058539780443,0.6285937454188654,HIGH,MEDIUM,MEDIUM,5,COST_BASED,COST_BASED,false,false
3,social_learning_factor_high,1,2039,ELECTRIC_HEAT_PUMP,TOTAL,3115276,14046,13984,3514740,0.4677203664417308,0.520198251204403,0.28751649038741023,1344.212619539094,0.5376908794586248,HIGH,MEDIUM,MEDIUM,5,COST_BASED,COST_BASED,false,false
3,social_learning_factor_high,1,2040,ELECTRIC_HEAT_PUMP,TOTAL,3120989,430752,425039,3945492,0.4791719391913895,0.49339644685929146,0.2627292859195419,1210.6782305173997,0.49813794941526496,HIGH,MEDIUM,MEDIUM,5,COST_BASED,COST_BASED,false,false
3,social_learning_factor_high,1,2041,ELECTRIC_HEAT_PUMP,TOTAL,3126370,261277,255896,4206769,0.4899904009664678,0.5058692324867261,0.2692291374175774,1237.1841825653125,0.5111621763268005,HIGH,MEDIUM,MEDIUM,5,COST_BASED,COST_BASED,false,false
3,social_learning_factor_high,1,2042,ELECTRIC_HEAT_PUMP,TOTAL,3131406,234572,229536,4441341,0.4788220143751009,0.49382784235514093,0.26413992903143496,1200.7962220881534,0.49882978501511127,HIGH,MEDIUM,MEDIUM,5,COST_BASED,COST_BASED,false,false
3,social_learning_factor_high,1,2043,ELECTRIC_HEAT_PUMP,TOTAL,3137335,240375,234446,4681716,0.4897952452094879,0.5036148815969458,0.27050644790196293,1215.4952187304095,0.508221427059466,HIGH,MEDIUM,MEDIUM,5,COST_BASED,COST_BASED,false,false
3,social_learning_factor_high,1,2044,ELECTRIC_HEAT_PUMP,TOTAL,3140828,245549,242056,4927265,0.5045183715594513,0.5195718814766629,0.2791118981900689,1246.213904166562,0.5245897181157542,HIGH,MEDIUM,MEDIUM,5,COST_BASED,COST_BASED,false,false
3,social_learning_factor_high,1,2045,ELECTRIC_HEAT_PUMP,TOTAL,3144691,259597,255734,5186862,0.5206064009719436,0.5383163361476718,0.2874838031431715,1269.2514801203645,0.544219647872897,HIGH,MEDIUM,MEDIUM,5,COST_BASED,COST_BASED,false,false
3,social_learning_factor_high,1,2046,ELECTRIC_HEAT_PUMP,TOTAL,3149302,253516,248905,5440378,0.5200497186665741,0.5372850299008154,0.28801061262052097,1256.5872975768095,0.5430301336455743,HIGH,MEDIUM,MEDIUM,5,COST_BASED,COST_BASED,false,false
3,social_learning_factor_high,1,2047,ELECTRIC_HEAT_PUMP,TOTAL,3155302,247644,241644,5688022,0.5171933104767713,0.5343895965043121,0.2867137275507032,1240.0850043302703,0.5401216918468402,HIGH,MEDIUM,MEDIUM,5,COST_BASED,COST_BASED,false,false
3,social_learning_factor_high,1,2048,ELECTRIC_HEAT_PUMP,TOTAL,3160617,245834,240519,5933856,0.5243725018979225,0.5417421139176684,0.2902371926772837,1241.6003996447416,0.547531984590949,HIGH,MEDIUM,MEDIUM,5,COST_BASED,COST_BASED,false,false
3,social_learning_factor_high,1,2049,ELECTRIC_HEAT_PUMP,TOTAL,3164389,258455,254683,6192311,0.5436034160929852,0.5626258966877272,0.30247900891160756,1252.260448348531,0.5689667235526366,HIGH,MEDIUM,MEDIUM,5,COST_BASED,COST_BASED,false,false
3,social_learning_factor_high,1,2050,ELECTRIC_HEAT_PUMP,TOTAL,3170117,261766,256038,6454077,0.5471285985760549,0.5686174756561622,0.3041656689157409,1242.3388736830177,0.5757804346828811,HIGH,MEDIUM,MEDIUM,5,COST_BASED,COST_BASED,false,false
3,social_learning_factor_high,1,2024,ELECTRIC_HEAT_PUMP,PRIVATELY_OWNED,328544,328544,0,328544,0.0,0.0,0.0,0.0,0.0,HIGH,MEDIUM,MEDIUM,5,COST_BASED,COST_BASED,false,false
3,social_learning_factor_high,1,2025,ELECTRIC_HEAT_PUMP,PRIVATELY_OWNED,581402,282187,29329,610731,0.7144518382616606,0.687605592947179,0.07993494133829186,2599.8790623061623,0.6786568445090492,HIGH,MEDIUM,MEDIUM,5,COST_BASED,COST_BASED,false,false
3,social_learning_factor_high,1,2026,ELECTRIC_HEAT_PUMP,PRIVATELY_OWNED,737830,175025,18597,785756,0.7144113369631157,0.6904185317222844,0.11622393006923276,2505.0036541819422,0.6824209299753363,HIGH,MEDIUM,MEDIUM,5,COST_BASED,COST_BASED,false,false
3,social_learning_factor_high,1,2027,ELECTRIC_HEAT_PUMP,PRIVATELY_OWNED,872242,153098,18686,938854,0.7138409343731846,0.689117744519059,0.1420314896745817,2446.382685741697,0.6808766812343688,HIGH,MEDIUM,MEDIUM,5,COST_BASED,COST_BASED,false,false
3,social_learning_factor_high,1,2028,ELECTRIC_HEAT_PUMP,PRIVATELY_OWNED,1013772,159837,18307,1098691,0.7143387811749761,0.6880636682039489,0.166373817319474,2399.1368213329115,0.6793052972136088,HIGH,MEDIUM,MEDIUM,5,COST_BASED,COST_BASED,false,false
3,social_learning_factor_high,1,2029,ELECTRIC_HEAT_PUMP,PRIVATELY_OWNED,1165878,170269,18163,1268960,0.7143527510433579,0.6921767292088868,0.19267327799776318,2365.1008914081644,0.6847847219307325,HIGH,MEDIUM,MEDIUM,5,COST_BASED,COST_BASED,false,false
3,social_learning_factor_high,1,2030,ELECTRIC_HEAT_PUMP,PRIVATELY_OWNED,1332573,185316,18621,1454276,0.7143552800536427,0.695252681905007,0.2205643684293882,2326.60057569861,0.688885149188794,HIGH,MEDIUM,MEDIUM,5,COST_BASED,COST_BASED,false,false
3,social_learning_factor_high,1,2031,ELECTRIC_HEAT_PUMP,PRIVATELY_OWNED,1492890,180432,20115,1634708,0.7142117892160893,0.694223901822051,0.24987687043736995,2284.099798593336,0.6875612726906646,HIGH,MEDIUM,MEDIUM,5,COST_BASED,COST_BASED,false,false
3,social_learning_factor_high,1,2032,ELECTRIC_HEAT_PUMP,PRIVATELY_OWNED,1646425,174284,20749,1808992,0.7144613787294508,0.6949649887449003,0.2777077478225446,2260.2088672569616,0.6884661920834029,HIGH,MEDIUM,MEDIUM,5,COST_BASED,COST_BASED,false,false
3,social_learning_factor_high,1,2033,ELECTRIC_HEAT_PUMP,PRIVATELY_OWNED,1800427,175411,21409,1984403,0.714148374221524,0.6974998307693839,0.30490484310824334,2226.370026073369,0.6919503162853017,HIGH,MEDIUM,MEDIUM,5,COST_BASED,COST_BASED,false,false
3,social_learning_factor_high,1,2034,ELECTRIC_HEAT_PUMP,PRIVATELY_OWNED,1971346,193929,23010,2178332,0.7142538401002493,0.6990795755524292,0.3333192353597541,2148.996751963615,0.6940214873698118,HIGH,MEDIUM,MEDIUM,5,COST_BASED,COST_BASED,false,false
3,social_learning_factor_high,1,2035,ELECTRIC_HEAT_PUMP,PRIVATELY_OWNED,2142855,195471,23962,2373803,0.7143421542348369,0.7039076364850257,0.36410473238801166,2121.4433487183005,0.700429463901778,HIGH,MEDIUM,MEDIUM,5,COST_BASED,COST_BASED,false,false
3,social_learning_factor_high,1,2036,ELECTRIC_HEAT_PUMP,PRIVATELY_OWNED,2242428,125684,26111,2499487,0.7146264852375979,0.699741954014644,0.38770521004470143,2046.3421091219748,0.6947804436069914,HIGH,MEDIUM,MEDIUM,5,COST_BASED,COST_BASED,false,false
3,social_learning_factor_high,1,2037,ELECTRIC_HEAT_PUMP,PRIVATELY_OWNED,2233570,23120,31978,2522607,0.6411785255796106,0.7205302444128094,0.38801101044578545,1644.6251684823114,0.7469808173572132,HIGH,MEDIUM,MEDIUM,5,COST_BASED,COST_BASED,false,false
3,social_learning_factor_high,1,2038,ELECTRIC_HEAT_PUMP,PRIVATELY_OWNED,2227840,21868,27598,2544475,0.6614604344247935,0.726947276880025,0.38659834669076704,1688.5224981833765,0.7487762243651008,HIGH,MEDIUM,MEDIUM,5,COST_BASED,COST_BASED,false,false
3,social_learning_factor_high,1,2039,ELECTRIC_HEAT_PUMP,PRIVATELY_OWNED,2226437,10506,11909,2554981,0.6253188908281507,0.6954792153452355,0.3843952621341675,1797.1454839183434,0.7188659901842608,HIGH,MEDIUM,MEDIUM,5,COST_BASED,COST_BASED,false,false
3,social_learning_factor_high,1,2040,ELECTRIC_HEAT_PUMP,PRIVATELY_OWNED,2229847,285597,282187,2840578,0.7227116221478846,0.7441657520125684,0.39626174423545946,1826.0068178301276,0.751317128634139,HIGH,MEDIUM,MEDIUM,5,COST_BASED,COST_BASED,false,false
3,social_learning_factor_high,1,2041,ELECTRIC_HEAT_PUMP,PRIVATELY_OWNED,2232457,177635,175025,3018213,0.7207094434841996,0.7440650516870795,0.3959995571652679,1819.7301864391432,0.7518502544213553,HIGH,MEDIUM,MEDIUM,5,COST_BASED,COST_BASED,false,false
3,social_learning_factor_high,1,2042,ELECTRIC_HEAT_PUMP,PRIVATELY_OWNED,2235487,156128,153098,3174341,0.7193984266499037,0.7419436913105281,0.3968527838232845,1804.1169515247893,0.7494587795306715,HIGH,MEDIUM,MEDIUM,5,COST_BASED,COST_BASED,false,false
3,social_learning_factor_high,1,2043,ELECTRIC_HEAT_PUMP,PRIVATELY_OWNED,2239394,163744,159837,3338085,0.719015854426609,0.7393029800411974,0.3971014963261819,1784.3381327091201,0.7460653552461107,HIGH,MEDIUM,MEDIUM,5,COST_BASED,COST_BASED,false,false
3,social_learning_factor_high,1,2044,ELECTRIC_HEAT_PUMP,PRIVATELY_OWNED,2241439,172314,170269,3510399,0.7189432177191157,0.7403946047605714,0.39773696558998817,1775.8660233886692,0.7475450671077527,HIGH,MEDIUM,MEDIUM,5,COST_BASED,COST_BASED,false,false
3,social_learning_factor_high,1,2045,ELECTRIC_HEAT_PUMP,PRIVATELY_OWNED,2243691,187568,185316,3697967,0.7205272747649579,0.7450380977295016,0.3978820099620292,1756.6635912565375,0.7532083720509918,HIGH,MEDIUM,MEDIUM,5,COST_BASED,COST_BASED,false,false
3,social_learning_factor_high,1,2046,ELECTRIC_HEAT_PUMP,PRIVATELY_OWNED,2246565,183306,180432,3881273,0.7192395474096603,0.7430763403289314,0.39832465096125597,1737.8862957703645,0.7510219379687049,HIGH,MEDIUM,MEDIUM,5,COST_BASED,COST_BASED,false,false
3,social_learning_factor_high,1,2047,ELECTRIC_HEAT_PUMP,PRIVATELY_OWNED,2250373,178092,174284,4059365,0.7191778416757044,0.7430899604514176,0.3986868267275696,1724.3874559910914,0.7510606667100088,HIGH,MEDIUM,MEDIUM,5,COST_BASED,COST_BASED,false,false
3,social_learning_factor_high,1,2048,ELECTRIC_HEAT_PUMP,PRIVATELY_OWNED,2253680,178718,175411,4238083,0.7212960621290183,0.7451886817938657,0.39923326147689303,1707.8726969094628,0.7531528883488589,HIGH,MEDIUM,MEDIUM,5,COST_BASED,COST_BASED,false,false
3,social_learning_factor_high,1,2049,ELECTRIC_HEAT_PUMP,PRIVATELY_OWNED,2255396,195645,193929,4433728,0.7181222157801759,0.743251686107115,0.39958706968360824,1654.2869696538098,0.7516281762160888,HIGH,MEDIUM,MEDIUM,5,COST_BASED,COST_BASED,false,false
3,social_learning_factor_high,1,2050,ELECTRIC_HEAT_PUMP,PRIVATELY_OWNED,2258885,198960,195471,4632688,0.7198414994715499,0.7481138024357205,0.4001820993636803,1634.5098392064174,0.757537903423799,HIGH,MEDIUM,MEDIUM,5,COST_BASED,COST_BASED,false,false
3,social_learning_factor_high,1,2024,ELECTRIC_HEAT_PUMP,SOCIAL_HOUSING,4503,4503,0,4503,0.0,0.0,0.0,0.0,0.0,HIGH,MEDIUM,MEDIUM,5,COST_BASED,COST_BASED,false,false
3,social_learning_factor_high,1,2025,ELECTRIC_HEAT_PUMP,SOCIAL_HOUSING,268,0,4235,4503,0.0,0.0,0.0,0.0,0.0,HIGH,MEDIUM,MEDIUM,5,COST_BASED,COST_BASED,false,false
3,social_learning_factor_high,1,2026,ELECTRIC_HEAT_PUMP,SOCIAL_HOUSING,108,0,160,4503,0.0,0.0,0.0,0.0,0.0,HIGH,MEDIUM,MEDIUM,5,COST_BASED,COST_BASED,false,false
3,social_learning_factor_high,1,2027,ELECTRIC_HEAT_PUMP,SOCIAL_HOUSING,52,0,56,4503,0.0,0.0,0.0,0.0,0.0,HIGH,MEDIUM,MEDIUM,5,COST_BASED,COST_BASED,false,false
3,social_learning_factor_high,1,2028,ELECTRIC_HEAT_PUMP,SOCIAL_HOUSING,25,0,27,4503,0.0,0.0,0.0,0.0,0.0,HIGH,MEDIUM,MEDIUM,5,COST_BASED,COST_BASED,false,false
3,social_learning_factor_high,1,2029,ELECTRIC_HEAT_PUMP,SOCIAL_HOUSING,15,0,10,4503,0.0,0.0,0.0,0.0,0.0,HIGH,MEDIUM,MEDIUM,5,COST_BASED,COST_BASED,false,false
3,social_learning_factor_high,1,2030,ELECTRIC_HEAT_PUMP,SOCIAL_HOUSING,10,0,5,4503,0.0,0.0,0.0,0.0,0.0,HIGH,MEDIUM,MEDIUM,5,COST_BASED,COST_BASED,false,false
3,social_learning_factor_high,1,2031,ELECTRIC_HEAT_PUMP,SOCIAL_HOUSING,8,0,2,4503,0.0,0.0,0.0,0.0,0.0,HIGH,MEDIUM,MEDIUM,5,COST_BASED,COST_BASED,false,false
3,social_learning_factor_high,1,2032,ELECTRIC_HEAT_PUMP,SOCIAL_HOUSING,6,0,2,4503,0.0,0.0,0.0,0.0,0.0,HIGH,MEDIUM,MEDIUM,5,COST_BASED,COST_BASED,false,false
3,social_learning_factor_high,1,2033,ELECTRIC_HEAT_PUMP,SOCIAL_HOUSING,5,0,1,4503,0.0,0.0,0.0,0.0,0.0,HIGH,MEDIUM,MEDIUM,5,COST_BASED,COST_BASED,false,false
3,social_learning_factor_high,1,2034,ELECTRIC_HEAT_PUMP,SOCIAL_HOUSING,3,0,2,4503,0.0,0.0,0.0,0.0,0.0,HIGH,MEDIUM,MEDIUM,5,COST_BASED,COST_BASED,false,false
3,social_learning_factor_high,1,2035,ELECTRIC_HEAT_PUMP,SOCIAL_HOUSING,3,0,0,4503,0.0,0.0,0.0,0.0,0.0,HIGH,MEDIUM,MEDIUM,5,COST_BASED,COST_BASED,false,false
3,social_learning_factor_high,1,2036,ELECTRIC_HEAT_PUMP,SOCIAL_HOUSING,2,0,1,4503,0.0,0.0,0.0,0.0,0.0,HIGH,MEDIUM,MEDIUM,5,COST_BASED,COST_BASED,false,false
3,social_learning_factor_high,1,2037,ELECTRIC_HEAT_PUMP,SOCIAL_HOUSING,2,0,0,4503,0.0,0.0,0.0,0.0,0.0,HIGH,MEDIUM,MEDIUM,5,COST_BASED,COST_BASED,false,false
3,social_learning_factor_high,1,2038,ELECTRIC_HEAT_PUMP,SOCIAL_HOUSING,2,0,0,4503,0.0,0.0,0.0,0.0,0.0,HIGH,MEDIUM,MEDIUM,5,COST_BASED,COST_BASED,false,false
3,social_learning_factor_high,1,2039,ELECTRIC_HEAT_PUMP,SOCIAL_HOUSING,0,0,2,4503,0.0,0.0,0.0,0.0,0.0,HIGH,MEDIUM,MEDIUM,5,COST_BASED,COST_BASED,false,false
3,social_learning_factor_high,1,2040,ELECTRIC_HEAT_PUMP,SOCIAL_HOUSING,0,0,0,4503,0.0,0.0,0.0,0.0,0.0,HIGH,MEDIUM,MEDIUM,5,COST_BASED,COST_BASED,false,false
3,social_learning_factor_high,1,2041,ELECTRIC_HEAT_PUMP,SOCIAL_HOUSING,0,0,0,4503,0.0,0.0,0.0,0.0,0.0,HIGH,MEDIUM,MEDIUM,5,COST_BASED,COST_BASED,false,false
3,social_learning_factor_high,1,2042,ELECTRIC_HEAT_PUMP,SOCIAL_HOUSING,0,0,0,4503,0.0,0.0,0.0,0.0,0.0,HIGH,MEDIUM,MEDIUM,5,COST_BASED,COST_BASED,false,false
3,social_learning_factor_high,1,2043,ELECTRIC_HEAT_PUMP,SOCIAL_HOUSING,0,0,0,4503,0.0,0.0,0.0,0.0,0.0,HIGH,MEDIUM,MEDIUM,5,COST_BASED,COST_BASED,false,false
3,social_learning_factor_high,1,2044,ELECTRIC_HEAT_PUMP,SOCIAL_HOUSING,0,0,0,4503,0.0,0.0,0.0,0.0,0.0,HIGH,MEDIUM,MEDIUM,5,COST_BASED,COST_BASED,false,false
3,social_learning_factor_high,1,2045,ELECTRIC_HEAT_PUMP,SOCIAL_HOUSING,0,0,0,4503,0.0,0.0,0.0,0.0,0.0,HIGH,MEDIUM,MEDIUM,5,COST_BASED,COST_BASED,false,false
3,social_learning_factor_high,1,2046,ELECTRIC_HEAT_PUMP,SOCIAL_HOUSING,0,0,0,4503,0.0,0.0,0.0,0.0,0.0,HIGH,MEDIUM,MEDIUM,5,COST_BASED,COST_BASED,false,false
3,social_learning_factor_high,1,2047,ELECTRIC_HEAT_PUMP,SOCIAL_HOUSING,0,0,0,4503,0.0,0.0,0.0,0.0,0.0,HIGH,MEDIUM,MEDIUM,5,COST_BASED,COST_BASED,false,false
3,social_learning_factor_high,1,2048,ELECTRIC_HEAT_PUMP,SOCIAL_HOUSING,0,0,0,4503,0.0,0.0,0.0,0.0,0.0,HIGH,MEDIUM,MEDIUM,5,COST_BASED,COST_BASED,false,false
3,social_learning_factor_high,1,2049,ELECTRIC_HEAT_PUMP,SOCIAL_HOUSING,0,0,0,4503,0.0,0.0,0.0,0.0,0.0,HIGH,MEDIUM,MEDIUM,5,COST_BASED,COST_BASED,false,false
3,social_learning_factor_high,1,2050,ELECTRIC_HEAT_PUMP,SOCIAL_HOUSING,0,0,0,4503,0.0,0.0,0.0,0.0,0.0,HIGH,MEDIUM,MEDIUM,5,COST_BASED,COST_BASED,false,false
3,social_learning_factor_high,1,2024,ELECTRIC_HEAT_PUMP,PRIVATELY_RENTED,66417,66417,0,66417,0.0,0.0,0.0,0.0,0.0,HIGH,MEDIUM,MEDIUM,5,COST_BASED,COST_BASED,false,false
3,social_learning_factor_high,1,2025,ELECTRIC_HEAT_PUMP,PRIVATELY_RENTED,202927,142852,6342,209269,0.0,0.0,0.0,0.0,0.0,HIGH,MEDIUM,MEDIUM,5,COST_BASED,COST_BASED,false,false
3,social_learning_factor_high,1,2026,ELECTRIC_HEAT_PUMP,PRIVATELY_RENTED,279334,80871,4464,290140,0.0,0.0,0.0,0.0,0.0,HIGH,MEDIUM,MEDIUM,5,COST_BASED,COST_BASED,false,false
3,social_learning_factor_high,1,2027,ELECTRIC_HEAT_PUMP,PRIVATELY_RENTED,351249,76438,4523,366578,0.0,0.0,0.0,0.0,0.0,HIGH,MEDIUM,MEDIUM,5,COST_BASED,COST_BASED,false,false
3,social_learning_factor_high,1,2028,ELECTRIC_HEAT_PUMP,PRIVATELY_RENTED,421337,74609,4521,441187,0.0,0.0,0.0,0.0,0.0,HIGH,MEDIUM,MEDIUM,5,COST_BASED,COST_BASED,false,false
3,social_learning_factor_high,1,2029,ELECTRIC_HEAT_PUMP,PRIVATELY_RENTED,489101,71787,4023,512974,0.0,0.0,0.0,0.0,0.0,HIGH,MEDIUM,MEDIUM,5,COST_BASED,COST_BASED,false,false
3,social_learning_factor_high,1,2030,ELECTRIC_HEAT_PUMP,PRIVATELY_RENTED,555567,70418,3952,583392,0.0,0.0,0.0,0.0,0.0,HIGH,MEDIUM,MEDIUM,5,COST_BASED,COST_BASED,false,false
3,social_learning_factor_high,1,2031,ELECTRIC_HEAT_PUMP,PRIVATELY_RENTED,619776,68473,4264,651865,0.0,0.0,0.0,0.0,0.0,HIGH,MEDIUM,MEDIUM,5,COST_BASED,COST_BASED,false,false
3,social_learning_factor_high,1,2032,ELECTRIC_HEAT_PUMP,PRIVATELY_RENTED,682831,67360,4305,719225,0.0,0.0,0.0,0.0,0.0,HIGH,MEDIUM,MEDIUM,5,COST_BASED,COST_BASED,false,false
3,social_learning_factor_high,1,2033,ELECTRIC_HEAT_PUMP,PRIVATELY_RENTED,743197,65108,4742,784333,0.0,0.0,0.0,0.0,0.0,HIGH,MEDIUM,MEDIUM,5,COST_BASED,COST_BASED,false,false
3,social_learning_factor_high,1,2034,ELECTRIC_HEAT_PUMP,PRIVATELY_RENTED,798976,60754,4975,845087,0.0,0.0,0.0,0.0,0.0,HIGH,MEDIUM,MEDIUM,5,COST_BASED,COST_BASED,false,false
3,social_learning_factor_high,1,2035,ELECTRIC_HEAT_PUMP,PRIVATELY_RENTED,854223,60567,5320,905654,0.0,0.0,0.0,0.0,0.0,HIGH,MEDIUM,MEDIUM,5,COST_BASED,COST_BASED,false,false
3,social_learning_factor_high,1,2036,ELECTRIC_HEAT_PUMP,PRIVATELY_RENTED,886734,37711,5200,943365,0.0,0.0,0.0,0.0,0.0,HIGH,MEDIUM,MEDIUM,5,COST_BASED,COST_BASED,false,false
3,social_learning_factor_high,1,2037,ELECTRIC_HEAT_PUMP,PRIVATELY_RENTED,886777,4170,4127,947535,0.0,0.0,0.0,0.0,0.0,HIGH,MEDIUM,MEDIUM,5,COST_BASED,COST_BASED,false,false
3,social_learning_factor_high,1,2038,ELECTRIC_HEAT_PUMP,PRIVATELY_RENTED,887372,4181,3586,951716,0.0,0.0,0.0,0.0,0.0,HIGH,MEDIUM,MEDIUM,5,COST_BASED,COST_BASED,false,false
3,social_learning_factor_high,1,2039,ELECTRIC_HEAT_PUMP,PRIVATELY_RENTED,888839,3540,2073,955256,0.0,0.0,0.0,0.0,0.0,HIGH,MEDIUM,MEDIUM,5,COST_BASED,COST_BASED,false,false
3,social_learning_factor_high,1,2040,ELECTRIC_HEAT_PUMP,PRIVATELY_RENTED,891142,145155,142852,1100411,0.0,0.0,0.0,0.0,0.0,HIGH,MEDIUM,MEDIUM,5,COST_BASED,COST_BASED,false,false
3,social_learning_factor_high,1,2041,ELECTRIC_HEAT_PUMP,PRIVATELY_RENTED,893913,83642,80871,1184053,0.0,0.0,0.0,0.0,0.0,HIGH,MEDIUM,MEDIUM,5,COST_BASED,COST_BASED,false,false
3,social_learning_factor_high,1,2042,ELECTRIC_HEAT_PUMP,PRIVATELY_RENTED,895919,78444,76438,1262497,0.0,0.0,0.0,0.0,0.0,HIGH,MEDIUM,MEDIUM,5,COST_BASED,COST_BASED,false,false
3,social_learning_factor_high,1,2043,ELECTRIC_HEAT_PUMP,PRIVATELY_RENTED,897941,76631,74609,1339128,0.0,0.0,0.0,0.0,0.0,HIGH,MEDIUM,MEDIUM,5,COST_BASED,COST_BASED,false,false
3,social_learning_factor_high,1,2044,ELECTRIC_HEAT_PUMP,PRIVATELY_RENTED,899389,73235,71787,1412363,0.0,0.0,0.0,0.0,0.0,HIGH,MEDIUM,MEDIUM,5,COST_BASED,COST_BASED,false,false
3,social_learning_factor_high,1,2045,ELECTRIC_HEAT_PUMP,PRIVATELY_RENTED,901000,72029,70418,1484392,0.0,0.0,0.0,0.0,0.0,HIGH,MEDIUM,MEDIUM,5,COST_BASED,COST_BASED,false,false
3,social_learning_factor_high,1,2046,ELECTRIC_HEAT_PUMP,PRIVATELY_RENTED,902737,70210,68473,1554602,0.0,0.0,0.0,0.0,0.0,HIGH,MEDIUM,MEDIUM,5,COST_BASED,COST_BASED,false,false
3,social_learning_factor_high,1,2047,ELECTRIC_HEAT_PUMP,PRIVATELY_RENTED,904929,69552,67360,1624154,0.0,0.0,0.0,0.0,0.0,HIGH,MEDIUM,MEDIUM,5,COST_BASED,COST_BASED,false,false
3,social_learning_factor_high,1,2048,ELECTRIC_HEAT_PUMP,PRIVATELY_RENTED,906937,67116,65108,1691270,0.0,0.0,0.0,0.0,0.0,HIGH,MEDIUM,MEDIUM,5,COST_BASED,COST_BASED,false,false
3,social_learning_factor_high,1,2049,ELECTRIC_HEAT_PUMP,PRIVATELY_RENTED,908993,62810,60754,1754080,0.0,0.0,0.0,0.0,0.0,HIGH,MEDIUM,MEDIUM,5,COST_BASED,COST_BASED,false,false
3,social_learning_factor_high,1,2050,ELECTRIC_HEAT_PUMP,PRIVATELY_RENTED,911232,62806,60567,1816886,0.0,0.0,0.0,0.0,0.0,HIGH,MEDIUM,MEDIUM,5,COST_BASED,COST_BASED,false,false
3,social_learning_factor_high,1,2024,HYBRID_HEAT_PUMP,TOTAL,156170,156170,0,156170,0.0,0.0,0.0,0.0,0.0,HIGH,MEDIUM,MEDIUM,5,COST_BASED,COST_BASED,false,false
3,social_learning_factor_high,1,2025,HYBRID_HEAT_PUMP,TOTAL,2094914,1956734,17990,2112904,0.14144881864980835,0.13142110014220984,0.010084604560086636,361.2809235589038,0.12807852730634534,HIGH,MEDIUM,MEDIUM,5,COST_BASED,COST_BASED,false,false
3,social_learning_factor_high,1,2026,HYBRID_HEAT_PUMP,TOTAL,2295811,1806055,1605158,3918959,0.08824460276364739,0.08185248984796512,0.011905804078530636,214.0721405102966,0.07972178554273865,HIGH,MEDIUM,MEDIUM,5,COST_BASED,COST_BASED,false,false
3,social_learning_factor_high,1,2027,HYBRID_HEAT_PUMP,TOTAL,2517667,1829314,1607458,5748273,0.09661586711159138,0.09090428074538248,0.01775967533730624,230.09097142139106,0.08900041862331205,HIGH,MEDIUM,MEDIUM,5,COST_BASED,COST_BASED,false,false
3,social_learning_factor_high,1,2028,HYBRID_HEAT_PUMP,TOTAL,2742257,1832660,1608070,7580933,0.09768403242894992,0.09158630588421644,0.02305914703750738,229.16226479778283,0.08955373036930886,HIGH,MEDIUM,MEDIUM,5,COST_BASED,COST_BASED,false,false
3,social_learning_factor_high,1,2029,HYBRID_HEAT_PUMP,TOTAL,2958207,1824611,1608661,9405544,0.09465622541904595,0.08870616564312765,0.027210382672414525,220.03473869570357,0.08672281238449218,HIGH,MEDIUM,MEDIUM,5,COST_BASED,COST_BASED,false,false
3,social_learning_factor_high,1,2030,HYBRID_HEAT_PUMP,TOTAL,3159880,1810181,1608508,11215725,0.08932037712282716,0.08320888063855687,0.03001211469529858,205.28770093407704,0.08117171514379447,HIGH,MEDIUM,MEDIUM,5,COST_BASED,COST_BASED,false,false
3,social_learning_factor_high,1,2031,HYBRID_HEAT_PUMP,TOTAL,3372155,1821184,1608909,13036909,0.09339525605422805,0.08729515213308055,0.035870499743203964,211.8444896113937,0.08526178415937023,HIGH,MEDIUM,MEDIUM,5,COST_BASED,COST_BASED,false,false
3,social_learning_factor_high,1,2032,HYBRID_HEAT_PUMP,TOTAL,3588477,1825262,1608940,14862171,0.09485355548058014,0.089097905045495,0.0413053363868017,213.518780897265,0.08717935490046588,HIGH,MEDIUM,MEDIUM,5,COST_BASED,COST_BASED,false,false
3,social_learning_factor_high,1,2033,HYBRID_HEAT_PUMP,TOTAL,3808615,1829164,1609026,16691335,0.0962964366894834,0.09082572191427765,0.046754166153638824,214.5134857929619,0.08900215032254231,HIGH,MEDIUM,MEDIUM,5,COST_BASED,COST_BASED,false,false
3,social_learning_factor_high,1,2034,HYBRID_HEAT_PUMP,TOTAL,4029010,1829463,1609068,18520798,0.09640633260448249,0.09051356336291698,0.05163204675998419,208.527474160229,0.08854930694904223,HIGH,MEDIUM,MEDIUM,5,COST_BASED,COST_BASED,false,false
3,social_learning_factor_high,1,2035,HYBRID_HEAT_PUMP,TOTAL,4254168,1834157,1608999,20354955,0.09811028591695764,0.09276494533103909,0.057790219679670976,210.11480733776392,0.09098316513573529,HIGH,MEDIUM,MEDIUM,5,COST_BASED,COST_BASED,false,false
3,social_learning_factor_high,1,2036,HYBRID_HEAT_PUMP,TOTAL,4408079,1763096,1609185,22118051,0.07121709417400841,0.0673038228148789,0.04493644302167127,149.2214728955349,0.06599939902850298,HIGH,MEDIUM,MEDIUM,5,COST_BASED,COST_BASED,false,false
3,social_learning_factor_high,1,2037,HYBRID_HEAT_PUMP,TOTAL,4422671,1624263,1609671,23742314,0.011963499555691301,0.011737544811886593,0.007295374530772091,19.982417328337995,0.011662226563951578,HIGH,MEDIUM,MEDIUM,5,COST_BASED,COST_BASED,false,false
3,social_learning_factor_high,1,2038,HYBRID_HEAT_PUMP,TOTAL,4430931,1617662,1609402,25359976,0.008881187103864534,0.008619451433198094,0.005465443874930251,15.168420043243177,0.008532206209642798,HIGH,MEDIUM,MEDIUM,5,COST_BASED,COST_BASED,false,false
3,social_learning_factor_high,1,2039,HYBRID_HEAT_PUMP,TOTAL,4438828,1612941,1605044,26972917,0.006668554089768314,0.006437751935676897,0.004049618754261508,12.278274891784266,0.006360817884313132,HIGH,MEDIUM,MEDIUM,5,COST_BASED,COST_BASED,false,false
3,social_learning_factor_high,1,2040,HYBRID_HEAT_PUMP,TOTAL,4439509,1961588,1960907,28934505,0.1404523872019892,0.14126332307170036,0.09462550499974466,254.86037486842966,0.14153363502827943,HIGH,MEDIUM,MEDIUM,5,COST_BASED,COST_BASED,false,false
3,social_learning_factor_high,1,2041,HYBRID_HEAT_PUMP,TOTAL,4440626,1808424,1807307,30742929,0.08800001964899044,0.08816584940529873,0.059167391113674035,159.46024154366955,0.08822112599073818,HIGH,MEDIUM,MEDIUM,5,COST_BASED,COST_BASED,false,false
3,social_learning_factor_high,1,2042,HYBRID_HEAT_PUMP,TOTAL,4440744,1830025,1829907,32572954,0.09601320825899742,0.09721100605231751,0.06462489059977886,173.20067457317685,0.09761027198342169,HIGH,MEDIUM,MEDIUM,5,COST_BASED,COST_BASED,false,false
3,social_learning_factor_high,1,2043,HYBRID_HEAT_PUMP,TOTAL,4440289,1832541,1832996,34405495,0.09690445583240265,0.09735713144378921,0.06513538902898751,173.6709545022667,0.09750802331425057,HIGH,MEDIUM,MEDIUM,5,COST_BASED,COST_BASED,false,false
3,social_learning_factor_high,1,2044,HYBRID_HEAT_PUMP,TOTAL,4442161,1826695,1824823,36232190,0.09475200780305144,0.09545818946183803,0.06363760219776053,169.62347584185807,0.09569358334810087,HIGH,MEDIUM,MEDIUM,5,COST_BASED,COST_BASED,false,false
3,social_learning_factor_high,1,2045,HYBRID_HEAT_PUMP,TOTAL,4443238,1811402,1810325,38043592,0.08908740832357417,0.08918158645454123,0.05990553964948406,158.62321724335456,0.08921297916485806,HIGH,MEDIUM,MEDIUM,5,COST_BASED,COST_BASED,false,false
3,social_learning_factor_high,1,2046,HYBRID_HEAT_PUMP,TOTAL,4444442,1822507,1821303,39866099,0.09321467781723417,0.09346751724766299,0.0626063503399926,164.77499300882207,0.09355179705780285,HIGH,MEDIUM,MEDIUM,5,COST_BASED,COST_BASED,false,false
3,social_learning_factor_high,1,2047,HYBRID_HEAT_PUMP,TOTAL,4444472,1825378,1825348,41691477,0.09427632328781366,0.09454633262046803,0.06336531185487614,165.9652755626409,0.09463633573135287,HIGH,MEDIUM,MEDIUM,5,COST_BASED,COST_BASED,false,false
3,social_learning_factor_high,1,2048,HYBRID_HEAT_PUMP,TOTAL,4444754,1829515,1829233,43520992,0.0958070377241915,0.09648261367275501,0.0642912372188851,167.58555558682482,0.09670780565560656,HIGH,MEDIUM,MEDIUM,5,COST_BASED,COST_BASED,false,false
3,social_learning_factor_high,1,2049,HYBRID_HEAT_PUMP,TOTAL,4447631,1832384,1829507,45353376,0.09679313873603175,0.0977173904967971,0.06491203148580632,164.78296080766665,0.09802547441704694,HIGH,MEDIUM,MEDIUM,5,COST_BASED,COST_BASED,false,false
3,social_learning_factor_high,1,2050,HYBRID_HEAT_PUMP,TOTAL,4448444,1834993,1834180,47188369,0.09780147409029183,0.09831111452738102,0.06562201780226153,164.84794866987068,0.09848099467305323,HIGH,MEDIUM,MEDIUM,5,COST_BASED,COST_BASED,false,false
3,social_learning_factor_high,1,2024,HYBRID_HEAT_PUMP,PRIVATELY_OWNED,131466,131466,0,131466,0.0,0.0,0.0,0.0,0.0,HIGH,MEDIUM,MEDIUM,5,COST_BASED,COST_BASED,false,false
3,social_learning_factor_high,1,2025,HYBRID_HEAT_PUMP,PRIVATELY_OWNED,479414,361595,13647,493061,0.7654356744753498,0.7111717113501758,0.05457179612349884,1955.0344077741893,0.6930837236417935,HIGH,MEDIUM,MEDIUM,5,COST_BASED,COST_BASED,false,false
3,social_learning_factor_high,1,2026,HYBRID_HEAT_PUMP,PRIVATELY_OWNED,678930,208141,8625,701202,0.765705007875907,0.710240166773325,0.10330755105938112,1857.5199491177796,0.691751886405806,HIGH,MEDIUM,MEDIUM,5,COST_BASED,COST_BASED,false,false
3,social_learning_factor_high,1,2027,HYBRID_HEAT_PUMP,PRIVATELY_OWNED,901473,230752,8209,931954,0.7659338091517026,0.7206545270570076,0.1407919442951265,1824.07361710733,0.7055614330254363,HIGH,MEDIUM,MEDIUM,5,COST_BASED,COST_BASED,false,false
3,social_learning_factor_high,1,2028,HYBRID_HEAT_PUMP,PRIVATELY_OWNED,1127162,233837,8148,1165791,0.7655829439790939,0.717792989739725,0.1807223681870631,1796.0225122812244,0.7018630049932969,HIGH,MEDIUM,MEDIUM,5,COST_BASED,COST_BASED,false,false
3,social_learning_factor_high,1,2029,HYBRID_HEAT_PUMP,PRIVATELY_OWNED,1344264,225650,8548,1391441,0.7653923780991395,0.717280060271539,0.2200237692811741,1779.2058701808392,0.7012426209957042,HIGH,MEDIUM,MEDIUM,5,COST_BASED,COST_BASED,false,false
3,social_learning_factor_high,1,2030,HYBRID_HEAT_PUMP,PRIVATELY_OWNED,1547168,211187,8283,1602628,0.7656060722514946,0.713221622368723,0.25724765156591206,1759.615391878044,0.6957601390744176,HIGH,MEDIUM,MEDIUM,5,COST_BASED,COST_BASED,false,false
3,social_learning_factor_high,1,2031,HYBRID_HEAT_PUMP,PRIVATELY_OWNED,1760660,222141,8649,1824769,0.7656846147350703,0.7156739833814206,0.29407799642716637,1736.769866744259,0.6990037729302493,HIGH,MEDIUM,MEDIUM,5,COST_BASED,COST_BASED,false,false
3,social_learning_factor_high,1,2032,HYBRID_HEAT_PUMP,PRIVATELY_OWNED,1978196,226191,8655,2050960,0.7654265217607892,0.7189809513161457,0.33331591842313113,1723.0027589873325,0.7034990945012586,HIGH,MEDIUM,MEDIUM,5,COST_BASED,COST_BASED,false,false
3,social_learning_factor_high,1,2033,HYBRID_HEAT_PUMP,PRIVATELY_OWNED,2199506,230071,8761,2281031,0.7655983384289294,0.7221037888286996,0.37171585109924593,1705.4750304340716,0.7076056056286224,HIGH,MEDIUM,MEDIUM,5,COST_BASED,COST_BASED,false,false
3,social_learning_factor_high,1,2034,HYBRID_HEAT_PUMP,PRIVATELY_OWNED,2421036,230357,8827,2511388,0.7656455782354968,0.7188460310327542,0.41005447701463793,1656.0959660856627,0.7032461819650179,HIGH,MEDIUM,MEDIUM,5,COST_BASED,COST_BASED,false,false
3,social_learning_factor_high,1,2035,HYBRID_HEAT_PUMP,PRIVATELY_OWNED,2647426,235023,8633,2746411,0.7656683290000947,0.7239524379892295,0.4510040972883772,1639.7694892934353,0.7100471409856263,HIGH,MEDIUM,MEDIUM,5,COST_BASED,COST_BASED,false,false
3,social_learning_factor_high,1,2036,HYBRID_HEAT_PUMP,PRIVATELY_OWNED,2802676,164046,8796,2910457,0.7654107620412417,0.7233526010364272,0.48295760302437446,1603.7683453191544,0.7093332140348285,HIGH,MEDIUM,MEDIUM,5,COST_BASED,COST_BASED,false,false
3,social_learning_factor_high,1,2037,HYBRID_HEAT_PUMP,PRIVATELY_OWNED,2818637,25330,9369,2935787,0.767148427904691,0.7526592873584427,0.46780919547869987,1281.3541696398838,0.7478295738430194,HIGH,MEDIUM,MEDIUM,5,COST_BASED,COST_BASED,false,false
3,social_learning_factor_high,1,2038,HYBRID_HEAT_PUMP,PRIVATELY_OWNED,2828316,18722,9043,2954509,0.7673730847565275,0.7447579876257929,0.47223805520817325,1310.6172793501146,0.737219621915564,HIGH,MEDIUM,MEDIUM,5,COST_BASED,COST_BASED,false,false
3,social_learning_factor_high,1,2039,HYBRID_HEAT_PUMP,PRIVATELY_OWNED,2837054,14007,5269,2968516,0.7679006426861564,0.7413231987493847,0.46632370408490836,1413.8739903069468,0.7324640507704653,HIGH,MEDIUM,MEDIUM,5,COST_BASED,COST_BASED,false,false
3,social_learning_factor_high,1,2040,HYBRID_HEAT_PUMP,PRIVATELY_OWNED,2837731,362276,361599,3330792,0.7604967409013448,0.7648876529981853,0.5123614456973112,1379.9728743207202,0.7663512903638459,HIGH,MEDIUM,MEDIUM,5,COST_BASED,COST_BASED,false,false
3,social_learning_factor_high,1,2041,HYBRID_HEAT_PUMP,PRIVATELY_OWNED,2838848,209258,208141,3540050,0.760503051418373,0.7619361651402955,0.5113292209012552,1378.0678772298745,0.7624138697142986,HIGH,MEDIUM,MEDIUM,5,COST_BASED,COST_BASED,false,false
3,social_learning_factor_high,1,2042,HYBRID_HEAT_PUMP,PRIVATELY_OWNED,2838963,230867,230752,3770917,0.7610727017900859,0.7705673454884949,0.5122653537311972,1372.9184529871225,0.773732226721278,HIGH,MEDIUM,MEDIUM,5,COST_BASED,COST_BASED,false,false
3,social_learning_factor_high,1,2043,HYBRID_HEAT_PUMP,PRIVATELY_OWNED,2838506,233380,233837,4004297,0.7609109109416702,0.7644653998334602,0.5114545845683854,1363.695023714707,0.7656502294640503,HIGH,MEDIUM,MEDIUM,5,COST_BASED,COST_BASED,false,false
3,social_learning_factor_high,1,2044,HYBRID_HEAT_PUMP,PRIVATELY_OWNED,2840378,227522,225650,4231819,0.7607309134668079,0.7664006003770721,0.5109241732519851,1361.8478881292485,0.768290496013832,HIGH,MEDIUM,MEDIUM,5,COST_BASED,COST_BASED,false,false
3,social_learning_factor_high,1,2045,HYBRID_HEAT_PUMP,PRIVATELY_OWNED,2841452,212261,211187,4444080,0.7602579353349834,0.7610616366969386,0.5112244563634145,1353.6655954746607,0.7613295371508766,HIGH,MEDIUM,MEDIUM,5,COST_BASED,COST_BASED,false,false
3,social_learning_factor_high,1,2046,HYBRID_HEAT_PUMP,PRIVATELY_OWNED,2842651,223340,222141,4667420,0.7606537244768244,0.7627169537766927,0.5108825635313373,1344.6027499934148,0.7634046968766236,HIGH,MEDIUM,MEDIUM,5,COST_BASED,COST_BASED,false,false
3,social_learning_factor_high,1,2047,HYBRID_HEAT_PUMP,PRIVATELY_OWNED,2842676,226216,226191,4893636,0.7607327795136627,0.7629115338706577,0.511306212748126,1339.2039589418182,0.7636377853229896,HIGH,MEDIUM,MEDIUM,5,COST_BASED,COST_BASED,false,false
3,social_learning_factor_high,1,2048,HYBRID_HEAT_PUMP,PRIVATELY_OWNED,2842953,230348,230071,5123984,0.7609374191309419,0.7663031107433552,0.5106264558863485,1331.0308217541713,0.7680916746141362,HIGH,MEDIUM,MEDIUM,5,COST_BASED,COST_BASED,false,false
3,social_learning_factor_high,1,2049,HYBRID_HEAT_PUMP,PRIVATELY_OWNED,2845825,233229,230357,5357213,0.7604637447730977,0.7677252094211401,0.5099870423578875,1294.631717567693,0.7701456976371126,HIGH,MEDIUM,MEDIUM,5,COST_BASED,COST_BASED,false,false
3,social_learning_factor_high,1,2050,HYBRID_HEAT_PUMP,PRIVATELY_OWNED,2846636,235834,235023,5593047,0.7609802672446164,0.7649457117291929,0.5105961961083868,1282.6599721565678,0.7662675265571969,HIGH,MEDIUM,MEDIUM,5,COST_BASED,COST_BASED,false,false
3,social_learning_factor_high,1,2024,HYBRID_HEAT_PUMP,SOCIAL_HOUSING,2170,2170,0,2170,0.0,0.0,0.0,0.0,0.0,HIGH,MEDIUM,MEDIUM,5,COST_BASED,COST_BASED,false,false
3,social_learning_factor_high,1,2025,HYBRID_HEAT_PUMP,SOCIAL_HOUSING,1595010,1594758,1918,1596928,0.0,0.0,0.0,0.0,0.0,HIGH,MEDIUM,MEDIUM,5,COST_BASED,COST_BASED,false,false
3,social_learning_factor_high,1,2026,HYBRID_HEAT_PUMP,SOCIAL_HOUSING,1597784,1597675,1594901,3194603,0.0,0.0,0.0,0.0,0.0,HIGH,MEDIUM,MEDIUM,5,COST_BASED,COST_BASED,false,false
3,social_learning_factor_high,1,2027,HYBRID_HEAT_PUMP,SOCIAL_HOUSING,1598397,1598334,1597721,4792937,0.0,0.0,0.0,0.0,0.0,HIGH,MEDIUM,MEDIUM,5,COST_BASED,COST_BASED,false,false
3,social_learning_factor_high,1,2028,HYBRID_HEAT_PUMP,SOCIAL_HOUSING,1598626,1598591,1598362,6391528,0.0,0.0,0.0,0.0,0.0,HIGH,MEDIUM,MEDIUM,5,COST_BASED,COST_BASED,false,false
3,social_learning_factor_high,1,2029,HYBRID_HEAT_PUMP,SOCIAL_HOUSING,1598739,1598715,1598602,7990243,0.0,0.0,0.0,0.0,0.0,HIGH,MEDIUM,MEDIUM,5,COST_BASED,COST_BASED,false,false
3,social_learning_factor_high,1,2030,HYBRID_HEAT_PUMP,SOCIAL_HOUSING,1598801,1598783,1598721,9589026,0.0,0.0,0.0,0.0,0.0,HIGH,MEDIUM,MEDIUM,5,COST_BASED,COST_BASED,false,false
3,social_learning_factor_high,1,2031,HYBRID_HEAT_PUMP,SOCIAL_HOUSING,1598820,1598808,1598789,11187834,0.0,0.0,0.0,0.0,0.0,HIGH,MEDIUM,MEDIUM,5,COST_BASED,COST_BASED,false,false
3,social_learning_factor_high,1,2032,HYBRID_HEAT_PUMP,SOCIAL_HOUSING,1598849,1598841,1598812,12786675,0.0,0.0,0.0,0.0,0.0,HIGH,MEDIUM,MEDIUM,5,COST_BASED,COST_BASED,false,false
3,social_learning_factor_high,1,2033,HYBRID_HEAT_PUMP,SOCIAL_HOUSING,1598865,1598858,1598842,14385533,0.0,0.0,0.0,0.0,0.0,HIGH,MEDIUM,MEDIUM,5,COST_BASED,COST_BASED,false,false
3,social_learning_factor_high,1,2034,HYBRID_HEAT_PUMP,SOCIAL_HOUSING,1598889,1598883,1598859,15984416,0.0,0.0,0.0,0.0,0.0,HIGH,MEDIUM,MEDIUM,5,COST_BASED,COST_BASED,false,false
3,social_learning_factor_high,1,2035,HYBRID_HEAT_PUMP,SOCIAL_HOUSING,1598907,1598904,1598886,17583320,0.0,0.0,0.0,0.0,0.0,HIGH,MEDIUM,MEDIUM,5,COST_BASED,COST_BASED,false,false
3,social_learning_factor_high,1,2036,HYBRID_HEAT_PUMP,SOCIAL_HOUSING,1598925,1598924,1598906,19182244,0.0,0.0,0.0,0.0,0.0,HIGH,MEDIUM,MEDIUM,5,COST_BASED,COST_BASED,false,false
3,social_learning_factor_high,1,2037,HYBRID_HEAT_PUMP,SOCIAL_HOUSING,1598925,1598924,1598924,20781168,0.0,0.0,0.0,0.0,0.0,HIGH,MEDIUM,MEDIUM,5,COST_BASED,COST_BASED,false,false
3,social_learning_factor_high,1,2038,HYBRID_HEAT_PUMP,SOCIAL_HOUSING,1598925,1598925,1598925,22380093,0.0,0.0,0.0,0.0,0.0,HIGH,MEDIUM,MEDIUM,5,COST_BASED,COST_BASED,false,false
3,social_learning_factor_high,1,2039,HYBRID_HEAT_PUMP,SOCIAL_HOUSING,1598927,1598927,1598925,23979020,0.0,0.0,0.0,0.0,0.0,HIGH,MEDIUM,MEDIUM,5,COST_BASED,COST_BASED,false,false
3,social_learning_factor_high,1,2040,HYBRID_HEAT_PUMP,SOCIAL_HOUSING,1598927,1598927,1598927,25577947,0.0,0.0,0.0,0.0,0.0,HIGH,MEDIUM,MEDIUM,5,COST_BASED,COST_BASED,false,false
3,social_learning_factor_high,1,2041,HYBRID_HEAT_PUMP,SOCIAL_HOUSING,1598927,1598927,1598927,27176874,0.0,0.0,0.0,0.0,0.0,HIGH,MEDIUM,MEDIUM,5,COST_BASED,COST_BASED,false,false
3,social_learning_factor_high,1,2042,HYBRID_HEAT_PUMP,SOCIAL_HOUSING,1598927,1598927,1598927,28775801,0.0,0.0,0.0,0.0,0.0,HIGH,MEDIUM,MEDIUM,5,COST_BASED,COST_BASED,false,false
3,social_learning_factor_high,1,2043,HYBRID_HEAT_PUMP,SOCIAL_HOUSING,1598927,1598927,1598927,30374728,0.0,0.0,0.0,0.0,0.0,HIGH,MEDIUM,MEDIUM,5,COST_BASED,COST_BASED,false,false
3,social_learning_factor_high,1,2044,HYBRID_HEAT_PUMP,SOCIAL_HOUSING,1598927,1598927,1598927,31973655,0.0,0.0,0.0,0.0,0.0,HIGH,MEDIUM,MEDIUM,5,COST_BASED,COST_BASED,false,false
3,social_learning_factor_high,1,2045,HYBRID_HEAT_PUMP,SOCIAL_HOUSING,1598927,1598927,1598927,33572582,0.0,0.0,0.0,0.0,0.0,HIGH,MEDIUM,MEDIUM,5,COST_BASED,COST_BASED,false,false
3,social_learning_factor_high,1,2046,HYBRID_HEAT_PUMP,SOCIAL_HOUSING,1598927,1598927,1598927,35171509,0.0,0.0,0.0,0.0,0.0,HIGH,MEDIUM,MEDIUM,5,COST_BASED,COST_BASED,false,false
3,social_learning_factor_high,1,2047,HYBRID_HEAT_PUMP,SOCIAL_HOUSING,1598927,1598927,1598927,36770436,0.0,0.0,0.0,0.0,0.0,HIGH,MEDIUM,MEDIUM,5,COST_BASED,COST_BASED,false,false
3,social_learning_factor_high,1,2048,HYBRID_HEAT_PUMP,SOCIAL_HOUSING,1598927,1598927,1598927,38369363,0.0,0.0,0.0,0.0,0.0,HIGH,MEDIUM,MEDIUM,5,COST_BASED,COST_BASED,false,false
3,social_learning_factor_high,1,2049,HYBRID_HEAT_PUMP,SOCIAL_HOUSING,1598927,1598927,1598927,39968290,0.0,0.0,0.0,0.0,0.0,HIGH,MEDIUM,MEDIUM,5,COST_BASED,COST_BASED,false,false
3,social_learning_factor_high,1,2050,HYBRID_HEAT_PUMP,SOCIAL_HOUSING,1598927,1598927,1598927,41567217,0.0,0.0,0.0,0.0,0.0,HIGH,MEDIUM,MEDIUM,5,COST_BASED,COST_BASED,false,false
3,social_learning_factor_high,1,2024,HYBRID_HEAT_PUMP,PRIVATELY_RENTED,22534,22534,0,22534,0.0,0.0,0.0,0.0,0.0,HIGH,MEDIUM,MEDIUM,5,COST_BASED,COST_BASED,false,false
3,social_learning_factor_high,1,2025,HYBRID_HEAT_PUMP,PRIVATELY_RENTED,20490,381,2425,22915,0.0,0.0,0.0,0.0,0.0,HIGH,MEDIUM,MEDIUM,5,COST_BASED,COST_BASED,false,false
3,social_learning_factor_high,1,2026,HYBRID_HEAT_PUMP,PRIVATELY_RENTED,19097,239,1632,23154,0.0,0.0,0.0,0.0,0.0,HIGH,MEDIUM,MEDIUM,5,COST_BASED,COST_BASED,false,false
3,social_learning_factor_high,1,2027,HYBRID_HEAT_PUMP,PRIVATELY_RENTED,17797,228,1528,23382,0.0,0.0,0.0,0.0,0.0,HIGH,MEDIUM,MEDIUM,5,COST_BASED,COST_BASED,false,false
3,social_learning_factor_high,1,2028,HYBRID_HEAT_PUMP,PRIVATELY_RENTED,16469,232,1560,23614,0.0,0.0,0.0,0.0,0.0,HIGH,MEDIUM,MEDIUM,5,COST_BASED,COST_BASED,false,false
3,social_learning_factor_high,1,2029,HYBRID_HEAT_PUMP,PRIVATELY_RENTED,15204,246,1511,23860,0.0,0.0,0.0,0.0,0.0,HIGH,MEDIUM,MEDIUM,5,COST_BASED,COST_BASED,false,false
3,social_learning_factor_high,1,2030,HYBRID_HEAT_PUMP,PRIVATELY_RENTED,13911,211,1504,24071,0.0,0.0,0.0,0.0,0.0,HIGH,MEDIUM,MEDIUM,5,COST_BASED,COST_BASED,false,false
3,social_learning_factor_high,1,2031,HYBRID_HEAT_PUMP,PRIVATELY_RENTED,12675,235,1471,24306,0.0,0.0,0.0,0.0,0.0,HIGH,MEDIUM,MEDIUM,5,COST_BASED,COST_BASED,false,false
3,social_learning_factor_high,1,2032,HYBRID_HEAT_PUMP,PRIVATELY_RENTED,11432,230,1473,24536,0.0,0.0,0.0,0.0,0.0,HIGH,MEDIUM,MEDIUM,5,COST_BASED,COST_BASED,false,false
3,social_learning_factor_high,1,2033,HYBRID_HEAT_PUMP,PRIVATELY_RENTED,10244,235,1423,24771,0.0,0.0,0.0,0.0,0.0,HIGH,MEDIUM,MEDIUM,5,COST_BASED,COST_BASED,false,false
3,social_learning_factor_high,1,2034,HYBRID_HEAT_PUMP,PRIVATELY_RENTED,9085,223,1382,24994,0.0,0.0,0.0,0.0,0.0,HIGH,MEDIUM,MEDIUM,5,COST_BASED,COST_BASED,false,false
3,social_learning_factor_high,1,2035,HYBRID_HEAT_PUMP,PRIVATELY_RENTED,7835,230,1480,25224,0.0,0.0,0.0,0.0,0.0,HIGH,MEDIUM,MEDIUM,5,COST_BASED,COST_BASED,false,false
3,social_learning_factor_high,1,2036,HYBRID_HEAT_PUMP,PRIVATELY_RENTED,6478,126,1483,25350,0.0,0.0,0.0,0.0,0.0,HIGH,MEDIUM,MEDIUM,5,COST_BASED,COST_BASED,false,false
3,social_learning_factor_high,1,2037,HYBRID_HEAT_PUMP,PRIVATELY_RENTED,5109,9,1378,25359,0.0,0.0,0.0,0.0,0.0,HIGH,MEDIUM,MEDIUM,5,COST_BASED,COST_BASED,false,false
3,social_learning_factor_high,1,2038,HYBRID_HEAT_PUMP,PRIVATELY_RENTED,3690,15,1434,25374,0.0,0.0,0.0,0.0,0.0,HIGH,MEDIUM,MEDIUM,5,COST_BASED,COST_BASED,false,false
3,social_learning_factor_high,1,2039,HYBRID_HEAT_PUMP,PRIVATELY_RENTED,2847,7,850,25381,0.0,0.0,0.0,0.0,0.0,HIGH,MEDIUM,MEDIUM,5,COST_BASED,COST_BASED,false,false
3,social_learning_factor_high,1,2040,HYBRID_HEAT_PUMP,PRIVATELY_RENTED,2851,385,381,25766,0.0,0.0,0.0,0.0,0.0,HIGH,MEDIUM,MEDIUM,5,COST_BASED,COST_BASED,false,false
3,social_learning_factor_high,1,2041,HYBRID_HEAT_PUMP,PRIVATELY_RENTED,2851,239,239,26005,0.0,0.0,0.0,0.0,0.0,HIGH,MEDIUM,MEDIUM,5,COST_BASED,COST_BASED,false,false
3,social_learning_factor_high,1,2042,HYBRID_HEAT_PUMP,PRIVATELY_RENTED,2854,231,228,26236,0.0,0.0,0.0,0.0,0.0,HIGH,MEDIUM,MEDIUM,5,COST_BASED,COST_BASED,false,false
3,social_learning_factor_high,1,2043,HYBRID_HEAT_PUMP,PRIVATELY_RENTED,2856,234,232,26470,0.0,0.0,0.0,0.0,0.0,HIGH,MEDIUM,MEDIUM,5,COST_BASED,COST_BASED,false,false
3,social_learning_factor_high,1,2044,HYBRID_HEAT_PUMP,PRIVATELY_RENTED,2856,246,246,26716,0.0,0.0,0.0,0.0,0.0,HIGH,MEDIUM,MEDIUM,5,COST_BASED,COST_BASED,false,false
3,social_learning_factor_high,1,2045,HYBRID_HEAT_PUMP,PRIVATELY_RENTED,2859,214,211,26930,0.0,0.0,0.0,0.0,0.0,HIGH,MEDIUM,MEDIUM,5,COST_BASED,COST_BASED,false,false
3,social_learning_factor_high,1,2046,HYBRID_HEAT_PUMP,PRIVATELY_RENTED,2864,240,235,27170,0.0,0.0,0.0,0.0,0.0,HIGH,MEDIUM,MEDIUM,5,COST_BASED,COST_BASED,false,false
3,social_learning_factor_high,1,2047,HYBRID_HEAT_PUMP,PRIVATELY_RENTED,2869,235,230,27405,0.0,0.0,0.0,0.0,0.0,HIGH,MEDIUM,MEDIUM,5,COST_BASED,COST_BASED,false,false
3,social_learning_factor_high,1,2048,HYBRID_HEAT_PUMP,PRIVATELY_RENTED,2874,240,235,27645,0.0,0.0,0.0,0.0,0.0,HIGH,MEDIUM,MEDIUM,5,COST_BASED,COST_BASED,false,false
3,social_learning_factor_high,1,2049,HYBRID_HEAT_PUMP,PRIVATELY_RENTED,2879,228,223,27873,0.0,0.0,0.0,0.0,0.0,HIGH,MEDIUM,MEDIUM,5,COST_BASED,COST_BASED,false,false
3,social_learning_factor_high,1,2050,HYBRID_HEAT_PUMP,PRIVATELY_RENTED,2881,232,230,28105,0.0,0.0,0.0,0.0,0.0,HIGH,MEDIUM,MEDIUM,5,COST_BASED,COST_BASED,false,false
4,economic_learning_factor_low,1,2024,NATURAL_GAS_BOILER,TOTAL,6875456,6875456,0,6875456,0.0,0.0,0.0,0.0,0.0,MEDIUM,LOW,MEDIUM,5,COST_BASED,COST_BASED,false,false
4,economic_learning_factor_low,1,2025,NATURAL_GAS_BOILER,TOTAL,4822105,9608,2062959,6885064,0.28561215935173734,0.6226755088582326,0.7674711865688953,1771.0650418681614,0.7350299586937904,MEDIUM,LOW,MEDIUM,5,COST_BASED,COST_BASED,false,false
4,economic_learning_factor_low,1,2026,NATURAL_GAS_BOILER,TOTAL,4387692,6457,440870,6891521,0.28548956872695735,0.6270273225864806,0.6817334375893508,1767.7508383260572,0.7408732405397648,MEDIUM,LOW,MEDIUM,5,COST_BASED,COST_BASED,false,false
4,economic_learning_factor_low,1,2027,NATURAL_GAS_BOILER,TOTAL,3953437,5849,440104,6897370,0.2856430313698182,0.6212905981890485,0.6169175018965872,1761.2101849780404,0.7331731204621003,MEDIUM,LOW,MEDIUM,5,COST_BASED,COST_BASED,false,false
4,economic_learning_factor_low,1,2028,NATURAL_GAS_BOILER,TOTAL,3513127,5809,446119,6903179,0.2857830200109684,0.623656566246863,0.5534243182698101,1758.2768788096594,0.7362810816588116,MEDIUM,LOW,MEDIUM,5,COST_BASED,COST_BASED,false,false
4,economic_learning_factor_low,1,2029,NATURAL_GAS_BOILER,TOTAL,3071872,5177,446432,6908356,0.28600698455934276,0.6188464772304046,0.48896410751482305,1761.9364383447064,0.7297929747874394,MEDIUM,LOW,MEDIUM,5,COST_BASED,COST_BASED,false,false
4,economic_learning_factor_low,1,2030,NATURAL_GAS_BOILER,TOTAL,2628994,5851,448729,6914207,0.2863105276046312,0.6222713025456691,0.4237035844552276,1754.464127713768,0.7342582275259958,MEDIUM,LOW,MEDIUM,5,COST_BASED,COST_BASED,false,false
4,economic_learning_factor_low,1,2031,NATURAL_GAS_BOILER,TOTAL,2182722,5743,452015,6919950,0.28560502928119635,0.6217153378835529,0.3580822454663716,1748.4859306941705,0.7337521074177511,MEDIUM,LOW,MEDIUM,5,COST_BASED,COST_BASED,false,false
4,economic_learning_factor_low,1,2032,NATURAL_GAS_BOILER,TOTAL,1737309,5820,451233,6925770,0.28543772579387255,0.619066409838208,0.29326429485307665,1747.6351861129604,0.7302759711863076,MEDIUM,LOW,MEDIUM,5,COST_BASED,COST_BASED,false,false
4,economic_learning_factor_low,1,2033,NATURAL_GAS_BOILER,TOTAL,1293363,6262,450208,6932032,0.2858690067080915,0.6254587391861238,0.22732827025051222,1740.6048905639811,0.7386553166788095,MEDIUM,LOW,MEDIUM,5,COST_BASED,COST_BASED,false,false
4,economic_learning_factor_low,1,2034,NATURAL_GAS_BOILER,TOTAL,833359,6443,466447,6938475,0.2859593154577894,0.6338187582285161,0.1606602031511233,1700.275480936034,0.7497719058188307,MEDIUM,LOW,MEDIUM,5,COST_BASED,COST_BASED,false,false
4,economic_learning_factor_low,1,2035,NATURAL_GAS_BOILER,TOTAL,372001,5638,466996,6944113,0.28604719148499996,0.6230605240949113,0.09174333266790986,1693.371839836329,0.735398301631541,MEDIUM,LOW,MEDIUM,5,COST_BASED,COST_BASED,false,false
4,economic_learning_factor_low,1,2036,NATURAL_GAS_BOILER,TOTAL,72847,4029,303183,6948142,0.2854315510935981,0.6206590324515991,0.035038299210263385,1737.7484471255848,0.7324015262376009,MEDIUM,LOW,MEDIUM,5,COST_BASED,COST_BASED,false,false
4,economic_learning_factor_low,1,2037,NATURAL_GAS_BOILER,TOTAL,70445,7367,9769,6955509,0.3567422152337814,0.631441969580948,0.012342493988054141,1532.341104883907,0.7230085543633219,MEDIUM,LOW,MEDIUM,5,COST_BASED,COST_BASED,false,false
4,economic_learning_factor_low,1,2038,NATURAL_GAS_BOILER,TOTAL,68324,4336,6457,6959845,0.3398027845969876,0.6130895523381793,0.011782237045020148,1586.4769786839665,0.7041851415852426,MEDIUM,LOW,MEDIUM,5,COST_BASED,COST_BASED,false,false
4,economic_learning_factor_low,1,2039,NATURAL_GAS_BOILER,TOTAL,66716,4241,5849,6964086,0.36799735871260125,0.6155868701894203,0.011343210156685254,1652.5266492050923,0.6981167073483603,MEDIUM,LOW,MEDIUM,5,COST_BASED,COST_BASED,false,false
4,economic_learning_factor_low,1,2040,NATURAL_GAS_BOILER,TOTAL,65695,4788,5809,6968874,0.2779960487848498,0.5940110707913451,0.011829050452324678,1791.5515336084138,0.6993494114601733,MEDIUM,LOW,MEDIUM,5,COST_BASED,COST_BASED,false,false
4,economic_learning_factor_low,1,2041,NATURAL_GAS_BOILER,TOTAL,64954,4436,5177,6973310,0.2792511849812803,0.6014949982449986,0.011741009564466174,1783.2881239268722,0.7089096026662434,MEDIUM,LOW,MEDIUM,5,COST_BASED,COST_BASED,false,false
4,economic_learning_factor_low,1,2042,NATURAL_GAS_BOILER,TOTAL,63821,4718,5851,6978028,0.2804623619198737,0.5950946213394057,0.011455350568291224,1780.992728313058,0.699972041145958,MEDIUM,LOW,MEDIUM,5,COST_BASED,COST_BASED,false,false
4,economic_learning_factor_low,1,2043,NATURAL_GAS_BOILER,TOTAL,62796,4718,5743,6982746,0.2807490438927282,0.5990455707443968,0.011257253531998175,1777.976086360707,0.7051444130283208,MEDIUM,LOW,MEDIUM,5,COST_BASED,COST_BASED,false,false
4,economic_learning_factor_low,1,2044,NATURAL_GAS_BOILER,TOTAL,61882,4906,5820,6987652,0.2817430571004931,0.5961614996711908,0.011061942127989603,1781.8201798299147,0.7009676471947834,MEDIUM,LOW,MEDIUM,5,COST_BASED,COST_BASED,false,false
4,economic_learning_factor_low,1,2045,NATURAL_GAS_BOILER,TOTAL,60542,4922,6262,6992574,0.28158376597974444,0.5960241173699281,0.01089160863248296,1774.5423120881258,0.7008375678333038,MEDIUM,LOW,MEDIUM,5,COST_BASED,COST_BASED,false,false
4,economic_learning_factor_low,1,2046,NATURAL_GAS_BOILER,TOTAL,59384,5285,6443,6997859,0.28119916954517715,0.5966780937512894,0.010659083706563564,1766.68145072565,0.7018377351533343,MEDIUM,LOW,MEDIUM,5,COST_BASED,COST_BASED,false,false
4,economic_learning_factor_low,1,2047,NATURAL_GAS_BOILER,TOTAL,58531,4785,5638,7002644,0.28028328325655893,0.5931977121076631,0.010501581452652002,1762.420937296958,0.6975025217246957,MEDIUM,LOW,MEDIUM,5,COST_BASED,COST_BASED,false,false
4,economic_learning_factor_low,1,2048,NATURAL_GAS_BOILER,TOTAL,57706,3204,4029,7005848,0.27835422831511963,0.5991916156579534,0.01029799420302676,1758.3147104971474,0.706137411438889,MEDIUM,LOW,MEDIUM,5,COST_BASED,COST_BASED,false,false
4,economic_learning_factor_low,1,2049,NATURAL_GAS_BOILER,TOTAL,56657,6318,7367,7012166,0.28189637113655985,0.6084013869087999,0.010233129791052304,1720.1558394359542,0.7172363921661546,MEDIUM,LOW,MEDIUM,5,COST_BASED,COST_BASED,false,false
4,economic_learning_factor_low,1,2050,NATURAL_GAS_BOILER,TOTAL,55955,3634,4336,7015800,0.27997869402833125,0.5968665793493083,0.010006837861677723,1712.0216905901116,0.7024958744562949,MEDIUM,LOW,MEDIUM,5,COST_BASED,COST_BASED,false,false
4,economic_learning_factor_low,1,2024,NATURAL_GAS_BOILER,PRIVATELY_OWNED,4616465,4616465,0,4616465,0.0,0.0,0.0,0.0,0.0,MEDIUM,LOW,MEDIUM,5,COST_BASED,COST_BASED,false,false
4,economic_learning_factor_low,1,2025,NATURAL_GAS_BOILER,PRIVATELY_OWNED,4016037,9608,610036,4626073,0.28561215935173734,0.6226755088582326,0.7674711865688953,1771.0650418681616,0.7350299586937904,MEDIUM,LOW,MEDIUM,5,COST_BASED,COST_BASED,false,false
4,economic_learning_factor_low,1,2026,NATURAL_GAS_BOILER,PRIVATELY_OWNED,3660111,6457,362383,4632530,0.28548956872695735,0.6270273225864806,0.6817334375893508,1767.7508383260572,0.7408732405397648,MEDIUM,LOW,MEDIUM,5,COST_BASED,COST_BASED,false,false
4,economic_learning_factor_low,1,2027,NATURAL_GAS_BOILER,PRIVATELY_OWNED,3301344,5849,364616,4638379,0.2856430313698182,0.6212905981890485,0.6169175018965872,1761.2101849780404,0.7331731204621003,MEDIUM,LOW,MEDIUM,5,COST_BASED,COST_BASED,false,false
4,economic_learning_factor_low,1,2028,NATURAL_GAS_BOILER,PRIVATELY_OWNED,2938010,5809,369143,4644188,0.2857830200109684,0.623656566246863,0.5534243182698101,1758.2768788096594,0.7362810816588117,MEDIUM,LOW,MEDIUM,5,COST_BASED,COST_BASED,false,false
4,economic_learning_factor_low,1,2029,NATURAL_GAS_BOILER,PRIVATELY_OWNED,2572491,5177,370696,4649365,0.28600698455934276,0.6188464772304046,0.48896410751482305,1761.9364383447064,0.7297929747874394,MEDIUM,LOW,MEDIUM,5,COST_BASED,COST_BASED,false,false
4,economic_learning_factor_low,1,2030,NATURAL_GAS_BOILER,PRIVATELY_OWNED,2205727,5851,372615,4655216,0.2863105276046312,0.6222713025456691,0.4237035844552276,1754.4641277137678,0.7342582275259958,MEDIUM,LOW,MEDIUM,5,COST_BASED,COST_BASED,false,false
4,economic_learning_factor_low,1,2031,NATURAL_GAS_BOILER,PRIVATELY_OWNED,1835753,5743,375717,4660959,0.28560502928119635,0.6217153378835529,0.3580822454663715,1748.4859306941705,0.7337521074177511,MEDIUM,LOW,MEDIUM,5,COST_BASED,COST_BASED,false,false
4,economic_learning_factor_low,1,2032,NATURAL_GAS_BOILER,PRIVATELY_OWNED,1467274,5820,374299,4666779,0.28543772579387255,0.619066409838208,0.29326429485307665,1747.6351861129604,0.7302759711863076,MEDIUM,LOW,MEDIUM,5,COST_BASED,COST_BASED,false,false
4,economic_learning_factor_low,1,2033,NATURAL_GAS_BOILER,PRIVATELY_OWNED,1098337,6262,375199,4673041,0.2858690067080915,0.6254587391861238,0.22732827025051222,1740.6048905639814,0.7386553166788095,MEDIUM,LOW,MEDIUM,5,COST_BASED,COST_BASED,false,false
4,economic_learning_factor_low,1,2034,NATURAL_GAS_BOILER,PRIVATELY_OWNED,710888,6443,393892,4679484,0.2859593154577894,0.6338187582285161,0.1606602031511233,1700.275480936034,0.7497719058188307,MEDIUM,LOW,MEDIUM,5,COST_BASED,COST_BASED,false,false
4,economic_learning_factor_low,1,2035,NATURAL_GAS_BOILER,PRIVATELY_OWNED,321808,5638,394718,4685122,0.28604719148499996,0.6230605240949113,0.09174333266790985,1693.3718398363292,0.735398301631541,MEDIUM,LOW,MEDIUM,5,COST_BASED,COST_BASED,false,false
4,economic_learning_factor_low,1,2036,NATURAL_GAS_BOILER,PRIVATELY_OWNED,72847,4029,252990,4689151,0.2854315510935981,0.6206590324515993,0.035038299210263385,1737.7484471255848,0.7324015262376009,MEDIUM,LOW,MEDIUM,5,COST_BASED,COST_BASED,false,false
4,economic_learning_factor_low,1,2037,NATURAL_GAS_BOILER,PRIVATELY_OWNED,70445,7367,9769,4696518,0.3567422152337814,0.631441969580948,0.012342493988054141,1532.341104883907,0.7230085543633219,MEDIUM,LOW,MEDIUM,5,COST_BASED,COST_BASED,false,false
4,economic_learning_factor_low,1,2038,NATURAL_GAS_BOILER,PRIVATELY_OWNED,68324,4336,6457,4700854,0.3398027845969876,0.6130895523381793,0.011782237045020148,1586.4769786839665,0.7041851415852426,MEDIUM,LOW,MEDIUM,5,COST_BASED,COST_BASED,false,false
4,economic_learning_factor_low,1,2039,NATURAL_GAS_BOILER,PRIVATELY_OWNED,66716,4241,5849,4705095,0.36799735871260125,0.6155868701894203,0.011343210156685254,1652.5266492050923,0.6981167073483603,MEDIUM,LOW,MEDIUM,5,COST_BASED,COST_BASED,false,false
4,economic_learning_factor_low,1,2040,NATURAL_GAS_BOILER,PRIVATELY_OWNED,65695,4788,5809,4709883,0.2779960487848498,0.5940110707913451,0.011829050452324678,1791.5515336084136,0.6993494114601733,MEDIUM,LOW,MEDIUM,5,COST_BASED,COST_BASED,false,false
4,economic_learning_factor_low,1,2041,NATURAL_GAS_BOILER,PRIVATELY_OWNED,64954,4436,5177,4714319,0.2792511849812803,0.6014949982449986,0.011741009564466174,1783.2881239268722,0.7089096026662434,MEDIUM,LOW,MEDIUM,5,COST_BASED,COST_BASED,false,false
4,economic_learning_factor_low,1,2042,NATURAL_GAS_BOILER,PRIVATELY_OWNED,63821,4718,5851,4719037,0.2804623619198737,0.5950946213394057,0.011455350568291224,1780.9927283130583,0.699972041145958,MEDIUM,LOW,MEDIUM,5,COST_BASED,COST_BASED,false,false
4,economic_learning_factor_low,1,2043,NATURAL_GAS_BOILER,PRIVATELY_OWNED,62796,4718,5743,4723755,0.2807490438927282,0.5990455707443968,0.011257253531998175,1777.976086360707,0.7051444130283208,MEDIUM,LOW,MEDIUM,5,COST_BASED,COST_BASED,false,false
4,economic_learning_factor_low,1,2044,NATURAL_GAS_BOILER,PRIVATELY_OWNED,61882,4906,5820,4728661,0.2817430571004931,0.5961614996711908,0.011061942127989603,1781.8201798299144,0.7009676471947834,MEDIUM,LOW,MEDIUM,5,COST_BASED,COST_BASED,false,false
4,economic_learning_factor_low,1,2045,NATURAL_GAS_BOILER,PRIVATELY_OWNED,60542,4922,6262,4733583,0.28158376597974444,0.5960241173699281,0.01089160863248296,1774.5423120881258,0.7008375678333038,MEDIUM,LOW,MEDIUM,5,COST_BASED,COST_BASED,false,false
4,economic_learning_factor_low,1,2046,NATURAL_GAS_BOILER,PRIVATELY_OWNED,59384,5285,6443,4738868,0.28119916954517715,0.5966780937512894,0.010659083706563564,1766.68145072565,0.7018377351533343,MEDIUM,LOW,MEDIUM,5,COST_BASED,COST_BASED,false,false
4,economic_learning_factor_low,1,2047,NATURAL_GAS_BOILER,PRIVATELY_OWNED,58531,4785,5638,4743653,0.28028328325655893,0.5931977121076631,0.010501581452652002,1762.4209372969578,0.6975025217246957,MEDIUM,LOW,MEDIUM,5,COST_BASED,COST_BASED,false,false
4,economic_learning_factor_low,1,2048,NATURAL_GAS_BOILER,PRIVATELY_OWNED,57706,3204,4029,4746857,0.27835422831511963,0.5991916156579534,0.01029799420302676,1758.3147104971474,0.7061374114388889,MEDIUM,LOW,MEDIUM,5,COST_BASED,COST_BASED,false,false
4,economic_learning_factor_low,1,2049,NATURAL_GAS_BOILER,PRIVATELY_OWNED,56657,6318,7367,4753175,0.28189637113655985,0.6084013869087999,0.010233129791052306,1720.1558394359542,0.7172363921661548,MEDIUM,LOW,MEDIUM,5,COST_BASED,COST_BASED,false,false
4,economic_learning_factor_low,1,2050,NATURAL_GAS_BOILER,PRIVATELY_OWNED,55955,3634,4336,4756809,0.27997869402833125,0.5968665793493083,0.010006837861677723,1712.0216905901116,0.7024958744562949,MEDIUM,LOW,MEDIUM,5,COST_BASED,COST_BASED,false,false
4,economic_learning_factor_low,1,2024,NATURAL_GAS_BOILER,SOCIAL_HOUSING,1329090,1329090,0,1329090,0.0,0.0,0.0,0.0,0.0,MEDIUM,LOW,MEDIUM,5,COST_BASED,COST_BASED,false,false
4,economic_learning_factor_low,1,2025,NATURAL_GAS_BOILER,SOCIAL_HOUSING,3409,0,1325681,1329090,0.0,0.0,0.0,0.0,0.0,MEDIUM,LOW,MEDIUM,5,COST_BASED,COST_BASED,false,false
4,economic_learning_factor_low,1,2026,NATURAL_GAS_BOILER,SOCIAL_HOUSING,969,0,2440,1329090,0.0,0.0,0.0,0.0,0.0,MEDIUM,LOW,MEDIUM,5,COST_BASED,COST_BASED,false,false
4,economic_learning_factor_low,1,2027,NATURAL_GAS_BOILER,SOCIAL_HOUSING,507,0,462,1329090,0.0,0.0,0.0,0.0,0.0,MEDIUM,LOW,MEDIUM,5,COST_BASED,COST_BASED,false,false
4,economic_learning_factor_low,1,2028,NATURAL_GAS_BOILER,SOCIAL_HOUSING,282,0,225,1329090,0.0,0.0,0.0,0.0,0.0,MEDIUM,LOW,MEDIUM,5,COST_BASED,COST_BASED,false,false
4,economic_learning_factor_low,1,2029,NATURAL_GAS_BOILER,SOCIAL_HOUSING,192,0,90,1329090,0.0,0.0,0.0,0.0,0.0,MEDIUM,LOW,MEDIUM,5,COST_BASED,COST_BASED,false,false
4,economic_learning_factor_low,1,2030,NATURAL_GAS_BOILER,SOCIAL_HOUSING,119,0,73,1329090,0.0,0.0,0.0,0.0,0.0,MEDIUM,LOW,MEDIUM,5,COST_BASED,COST_BASED,false,false
4,economic_learning_factor_low,1,2031,NATURAL_GAS_BOILER,SOCIAL_HOUSING,101,0,18,1329090,0.0,0.0,0.0,0.0,0.0,MEDIUM,LOW,MEDIUM,5,COST_BASED,COST_BASED,false,false
4,economic_learning_factor_low,1,2032,NATURAL_GAS_BOILER,SOCIAL_HOUSING,85,0,16,1329090,0.0,0.0,0.0,0.0,0.0,MEDIUM,LOW,MEDIUM,5,COST_BASED,COST_BASED,false,false
4,economic_learning_factor_low,1,2033,NATURAL_GAS_BOILER,SOCIAL_HOUSING,60,0,25,1329090,0.0,0.0,0.0,0.0,0.0,MEDIUM,LOW,MEDIUM,5,COST_BASED,COST_BASED,false,false
4,economic_learning_factor_low,1,2034,NATURAL_GAS_BOILER,SOCIAL_HOUSING,42,0,18,1329090,0.0,0.0,0.0,0.0,0.0,MEDIUM,LOW,MEDIUM,5,COST_BASED,COST_BASED,false,false
4,economic_learning_factor_low,1,2035,NATURAL_GAS_BOILER,SOCIAL_HOUSING,16,0,26,1329090,0.0,0.0,0.0,0.0,0.0,MEDIUM,LOW,MEDIUM,5,COST_BASED,COST_BASED,false,false
4,economic_learning_factor_low,1,2036,NATURAL_GAS_BOILER,SOCIAL_HOUSING,0,0,16,1329090,0.0,0.0,0.0,0.0,0.0,MEDIUM,LOW,MEDIUM,5,COST_BASED,COST_BASED,false,false
4,economic_learning_factor_low,1,2037,NATURAL_GAS_BOILER,SOCIAL_HOUSING,0,0,0,1329090,0.0,0.0,0.0,0.0,0.0,MEDIUM,LOW,MEDIUM,5,COST_BASED,COST_BASED,false,false
4,economic_learning_factor_low,1,2038,NATURAL_GAS_BOILER,SOCIAL_HOUSING,0,0,0,1329090,0.0,0.0,0.0,0.0,0.0,MEDIUM,LOW,MEDIUM,5,COST_BASED,COST_BASED,false,false
4,economic_learning_factor_low,1,2039,NATURAL_GAS_BOILER,SOCIAL_HOUSING,0,0,0,1329090,0.0,0.0,0.0,0.0,0.0,MEDIUM,LOW,MEDIUM,5,COST_BASED,COST_BASED,false,false
4,economic_learning_factor_low,1,2040,NATURAL_GAS_BOILER,SOCIAL_HOUSING,0,0,0,1329090,0.0,0.0,0.0,0.0,0.0,MEDIUM,LOW,MEDIUM,5,COST_BASED,COST_BASED,false,false
4,economic_learning_factor_low,1,2041,NATURAL_GAS_BOILER,SOCIAL_HOUSING,0,0,0,1329090,0.0,0.0,0.0,0.0,0.0,MEDIUM,LOW,MEDIUM,5,COST_BASED,COST_BASED,false,false
4,economic_learning_factor_low,1,2042,NATURAL_GAS_BOILER,SOCIAL_HOUSING,0,0,0,1329090,0.0,0.0,0.0,0.0,0.0,MEDIUM,LOW,MEDIUM,5,COST_BASED,COST_BASED,false,false
4,economic_learning_factor_low,1,2043,NATURAL_GAS_BOILER,SOCIAL_HOUSING,0,0,0,1329090,0.0,0.0,0.0,0.0,0.0,MEDIUM,LOW,MEDIUM,5,COST_BASED,COST_BASED,false,false
4,economic_learning_factor_low,1,2044,NATURAL_GAS_BOILER,SOCIAL_HOUSING,0,0,0,1329090,0.0,0.0,0.0,0.0,0.0,MEDIUM,LOW,MEDIUM,5,COST_BASED,COST_BASED,false,false
4,economic_learning_factor_low,1,2045,NATURAL_GAS_BOILER,SOCIAL_HOUSING,0,0,0,1329090,0.0,0.0,0.0,0.0,0.0,MEDIUM,LOW,MEDIUM,5,COST_BASED,COST_BASED,false,false
4,economic_learning_factor_low,1,2046,NATURAL_GAS_BOILER,SOCIAL_HOUSING,0,0,0,1329090,0.0,0.0,0.0,0.0,0.0,MEDIUM,LOW,MEDIUM,5,COST_BASED,COST_BASED,false,false
4,economic_learning_factor_low,1,2047,NATURAL_GAS_BOILER,SOCIAL_HOUSING,0,0,0,1329090,0.0,0.0,0.0,0.0,0.0,MEDIUM,LOW,MEDIUM,5,COST_BASED,COST_BASED,false,false
4,economic_learning_factor_low,1,2048,NATURAL_GAS_BOILER,SOCIAL_HOUSING,0,0,0,1329090,0.0,0.0,0.0,0.0,0.0,MEDIUM,LOW,MEDIUM,5,COST_BASED,COST_BASED,false,false
4,economic_learning_factor_low,1,2049,NATURAL_GAS_BOILER,SOCIAL_HOUSING,0,0,0,1329090,0.0,0.0,0.0,0.0,0.0,MEDIUM,LOW,MEDIUM,5,COST_BASED,COST_BASED,false,false
4,economic_learning_factor_low,1,2050,NATURAL_GAS_BOILER,SOCIAL_HOUSING,0,0,0,1329090,0.0,0.0,0.0,0.0,0.0,MEDIUM,LOW,MEDIUM,5,COST_BASED,COST_BASED,false,false
4,economic_learning_factor_low,1,2024,NATURAL_GAS_BOILER,PRIVATELY_RENTED,929901,929901,0,929901,0.0,0.0,0.0,0.0,0.0,MEDIUM,LOW,MEDIUM,5,COST_BASED,COST_BASED,false,false
4,economic_learning_factor_low,1,2025,NATURAL_GAS_BOILER,PRIVATELY_RENTED,802659,0,127242,929901,0.0,0.0,0.0,0.0,0.0,MEDIUM,LOW,MEDIUM,5,COST_BASED,COST_BASED,false,false
4,economic_learning_factor_low,1,2026,NATURAL_GAS_BOILER,PRIVATELY_RENTED,726612,0,76047,929901,0.0,0.0,0.0,0.0,0.0,MEDIUM,LOW,MEDIUM,5,COST_BASED,COST_BASED,false,false
4,economic_learning_factor_low,1,2027,NATURAL_GAS_BOILER,PRIVATELY_RENTED,651586,0,75026,929901,0.0,0.0,0.0,0.0,0.0,MEDIUM,LOW,MEDIUM,5,COST_BASED,COST_BASED,false,false
4,economic_learning_factor_low,1,2028,NATURAL_GAS_BOILER,PRIVATELY_RENTED,574835,0,76751,929901,0.0,0.0,0.0,0.0,0.0,MEDIUM,LOW,MEDIUM,5,COST_BASED,COST_BASED,false,false
4,economic_learning_factor_low,1,2029,NATURAL_GAS_BOILER,PRIVATELY_RENTED,499189,0,75646,929901,0.0,0.0,0.0,0.0,0.0,MEDIUM,LOW,MEDIUM,5,COST_BASED,COST_BASED,false,false
4,economic_learning_factor_low,1,2030,NATURAL_GAS_BOILER,PRIVATELY_RENTED,423148,0,76041,929901,0.0,0.0,0.0,0.0,0.0,MEDIUM,LOW,MEDIUM,5,COST_BASED,COST_BASED,false,false
4,economic_learning_factor_low,1,2031,NATURAL_GAS_BOILER,PRIVATELY_RENTED,346868,0,76280,929901,0.0,0.0,0.0,0.0,0.0,MEDIUM,LOW,MEDIUM,5,COST_BASED,COST_BASED,false,false
4,economic_learning_factor_low,1,2032,NATURAL_GAS_BOILER,PRIVATELY_RENTED,269950,0,76918,929901,0.0,0.0,0.0,0.0,0.0,MEDIUM,LOW,MEDIUM,5,COST_BASED,COST_BASED,false,false
4,economic_learning_factor_low,1,2033,NATURAL_GAS_BOILER,PRIVATELY_RENTED,194966,0,74984,929901,0.0,0.0,0.0,0.0,0.0,MEDIUM,LOW,MEDIUM,5,COST_BASED,COST_BASED,false,false
4,economic_learning_factor_low,1,2034,NATURAL_GAS_BOILER,PRIVATELY_RENTED,122429,0,72537,929901,0.0,0.0,0.0,0.0,0.0,MEDIUM,LOW,MEDIUM,5,COST_BASED,COST_BASED,false,false
4,economic_learning_factor_low,1,2035,NATURAL_GAS_BOILER,PRIVATELY_RENTED,50177,0,72252,929901,0.0,0.0,0.0,0.0,0.0,MEDIUM,LOW,MEDIUM,5,COST_BASED,COST_BASED,false,false
4,economic_learning_factor_low,1,2036,NATURAL_GAS_BOILER,PRIVATELY_RENTED,0,0,50177,929901,0.0,0.0,0.0,0.0,0.0,MEDIUM,LOW,MEDIUM,5,COST_BASED,COST_BASED,false,false
4,economic_learning_factor_low,1,2037,NATURAL_GAS_BOILER,PRIVATELY_RENTED,0,0,0,929901,0.0,0.0,0.0,0.0,0.0,MEDIUM,LOW,MEDIUM,5,COST_BASED,COST_BASED,false,false
4,economic_learning_factor_low,1,2038,NATURAL_GAS_BOILER,PRIVATELY_RENTED,0,0,0,929901,0.0,0.0,0.0,0.0,0.0,MEDIUM,LOW,MEDIUM,5,COST_BASED,COST_BASED,false,false
4,economic_learning_factor_low,1,2039,NATURAL_GAS_BOILER,PRIVATELY_RENTED,0,0,0,929901,0.0,0.0,0.0,0.0,0.0,MEDIUM,LOW,MEDIUM,5,COST_BASED,COST_BASED,false,false
4,economic_learning_factor_low,1,2040,NATURAL_GAS_BOILER,PRIVATELY_RENTED,0,0,0,929901,0.0,0.0,0.0,0.0,0.0,MEDIUM,LOW,MEDIUM,5,COST_BASED,COST_BASED,false,false
4,economic_learning_factor_low,1,2041,NATURAL_GAS_BOILER,PRIVATELY_RENTED,0,0,0,929901,0.0,0.0,0.0,0.0,0.0,MEDIUM,LOW,MEDIUM,5,COST_BASED,COST_BASED,false,false
4,economic_learning_factor_low,1,2042,NATURAL_GAS_BOILER,PRIVATELY_RENTED,0,0,0,929901,0.0,0.0,0.0,0.0,0.0,MEDIUM,LOW,MEDIUM,5,COST_BASED,COST_BASED,false,false
4,economic_learning_factor_low,1,2043,NATURAL_GAS_BOILER,PRIVATELY_RENTED,0,0,0,929901,0.0,0.0,0.0,0.0,0.0,MEDIUM,LOW,MEDIUM,5,COST_BASED,COST_BASED,false,false
4,economic_learning_factor_low,1,2044,NATURAL_GAS_BOILER,PRIVATELY_RENTED,0,0,0,929901,0.0,0.0,0.0,0.0,0.0,MEDIUM,LOW,MEDIUM,5,COST_BASED,COST_BASED,false,false
4,economic_learning_factor_low,1,2045,NATURAL_GAS_BOILER,PRIVATELY_RENTED,0,0,0,929901,0.0,0.0,0.0,0.0,0.0,MEDIUM,LOW,MEDIUM,5,COST_BASED,COST_BASED,false,false
4,economic_learning_factor_low,1,2046,NATURAL_GAS_BOILER,PRIVATELY_RENTED,0,0,0,929901,0.0,0.0,0.0,0.0,0.0,MEDIUM,LOW,MEDIUM,5,COST_BASED,COST_BASED,false,false
4,economic_learning_factor_low,1,2047,NATURAL_GAS_BOILER,PRIVATELY_RENTED,0,0,0,929901,0.0,0.0,0.0,0.0,0.0,MEDIUM,LOW,MEDIUM,5,COST_BASED,COST_BASED,false,false
4,economic_learning_factor_low,1,2048,NATURAL_GAS_BOILER,PRIVATELY_RENTED,0,0,0,929901,0.0,0.0,0.0,0.0,0.0,MEDIUM,LOW,MEDIUM,5,COST_BASED,COST_BASED,false,false
4,economic_learning_factor_low,1,2049,NATURAL_GAS_BOILER,PRIVATELY_RENTED,0,0,0,929901,0.0,0.0,0.0,0.0,0.0,MEDIUM,LOW,MEDIUM,5,COST_BASED,COST_BASED,false,false
4,economic_learning_factor_low,1,2050,NATURAL_GAS_BOILER,PRIVATELY_RENTED,0,0,0,929901,0.0,0.0,0.0,0.0,0.0,MEDIUM,LOW,MEDIUM,5,COST_BASED,COST_BASED,false,false
4,economic_learning_factor_low,1,2024,NATURAL_GAS_BLOCK,TOTAL,464346,464346,0,464346,0.0,0.0,0.0,0.0,0.0,MEDIUM,LOW,MEDIUM,5,COST_BASED,COST_BASED,false,false
4,economic_learning_factor_low,1,2025,NATURAL_GAS_BLOCK,TOTAL,317835,431,146942,464777,0.28534051564327373,0.6457878469962247,0.06361374155329731,1121.7670845127375,0.7659369574472075,MEDIUM,LOW,MEDIUM,5,COST_BASED,COST_BASED,false,false
4,economic_learning_factor_low,1,2026,NATURAL_GAS_BLOCK,TOTAL,289258,280,28857,465057,0.2850250794001722,0.648469838985096,0.05778626937092988,1128.4844463284205,0.769618092180052,MEDIUM,LOW,MEDIUM,5,COST_BASED,COST_BASED,false,false
4,economic_learning_factor_low,1,2027,NATURAL_GAS_BLOCK,TOTAL,261993,283,27548,465340,0.2864071782824197,0.6456511755051165,0.052809614776257056,1130.2847433258178,0.7653991745793551,MEDIUM,LOW,MEDIUM,5,COST_BASED,COST_BASED,false,false
4,economic_learning_factor_low,1,2028,NATURAL_GAS_BLOCK,TOTAL,233941,256,28308,465596,0.28710571827134684,0.6465670038980124,0.046682182044448996,1132.9628903057055,0.7663874324402338,MEDIUM,LOW,MEDIUM,5,COST_BASED,COST_BASED,false,false
4,economic_learning_factor_low,1,2029,NATURAL_GAS_BLOCK,TOTAL,205764,202,28379,465798,0.2871576705412253,0.6429650961122838,0.04217470633952727,1139.598525976376,0.7615675713026364,MEDIUM,LOW,MEDIUM,5,COST_BASED,COST_BASED,false,false
4,economic_learning_factor_low,1,2030,NATURAL_GAS_BLOCK,TOTAL,178012,237,27989,466035,0.28589452924471886,0.6456829323149029,0.03683992726816075,1129.622219322852,0.7656124000049663,MEDIUM,LOW,MEDIUM,5,COST_BASED,COST_BASED,false,false
4,economic_learning_factor_low,1,2031,NATURAL_GAS_BLOCK,TOTAL,150217,247,28042,466282,0.28680822599397804,0.6453845605358465,0.031006868590144548,1118.3920997657783,0.7649100053831327,MEDIUM,LOW,MEDIUM,5,COST_BASED,COST_BASED,false,false
4,economic_learning_factor_low,1,2032,NATURAL_GAS_BLOCK,TOTAL,122044,276,28449,466558,0.2857269994264462,0.6435374922005125,0.025839719336983688,1118.9272092733393,0.7628076564585464,MEDIUM,LOW,MEDIUM,5,COST_BASED,COST_BASED,false,false
4,economic_learning_factor_low,1,2033,NATURAL_GAS_BLOCK,TOTAL,90914,313,31443,466871,0.28714337109761345,0.6493819616853302,0.020029077075245837,1079.3640903229348,0.770128158547902,MEDIUM,LOW,MEDIUM,5,COST_BASED,COST_BASED,false,false
4,economic_learning_factor_low,1,2034,NATURAL_GAS_BLOCK,TOTAL,57019,378,34273,467249,0.2868533215610157,0.6555043086424411,0.01370766724256972,1007.3943567276827,0.7783879710029455,MEDIUM,LOW,MEDIUM,5,COST_BASED,COST_BASED,false,false
4,economic_learning_factor_low,1,2035,NATURAL_GAS_BLOCK,TOTAL,22174,381,35226,467630,0.2857371385127312,0.6508126658020763,0.007857607237122585,990.7546095280409,0.7725045082318621,MEDIUM,LOW,MEDIUM,5,COST_BASED,COST_BASED,false,false
4,economic_learning_factor_low,1,2036,NATURAL_GAS_BLOCK,TOTAL,3464,180,18890,467810,0.2843342293524178,0.6461002804018632,0.002550427059485243,1079.064103090245,0.7666889640850166,MEDIUM,LOW,MEDIUM,5,COST_BASED,COST_BASED,false,false
4,economic_learning_factor_low,1,2037,NATURAL_GAS_BLOCK,TOTAL,3389,356,431,468166,0.3408033919125758,0.6631127878003269,8.151668504718914E-4,870.4006506180872,0.7705492530962449,MEDIUM,LOW,MEDIUM,5,COST_BASED,COST_BASED,false,false
4,economic_learning_factor_low,1,2038,NATURAL_GAS_BLOCK,TOTAL,3321,212,280,468378,0.33364989939589484,0.656373715126807,7.732244512593191E-4,886.8760736196319,0.7639483203704449,MEDIUM,LOW,MEDIUM,5,COST_BASED,COST_BASED,false,false
4,economic_learning_factor_low,1,2039,NATURAL_GAS_BLOCK,TOTAL,3262,224,283,468602,0.4184791451809856,0.6711014325848526,9.15123213252429E-4,1012.5558766859345,0.7553088617194744,MEDIUM,LOW,MEDIUM,5,COST_BASED,COST_BASED,false,false
4,economic_learning_factor_low,1,2040,NATURAL_GAS_BLOCK,TOTAL,3225,219,256,468821,0.2680081335065435,0.6305477775503904,8.028489950369672E-4,1123.0274592774592,0.7513943255650795,MEDIUM,LOW,MEDIUM,5,COST_BASED,COST_BASED,false,false
4,economic_learning_factor_low,1,2041,NATURAL_GAS_BLOCK,TOTAL,3199,176,202,468997,0.27128675088653753,0.6347079334403272,8.14686424551864E-4,1125.0812566885797,0.7558483276249188,MEDIUM,LOW,MEDIUM,5,COST_BASED,COST_BASED,false,false
4,economic_learning_factor_low,1,2042,NATURAL_GAS_BLOCK,TOTAL,3165,203,237,469200,0.27234067010522156,0.6309433041344381,8.024005922764364E-4,1132.963825779418,0.7504775154775117,MEDIUM,LOW,MEDIUM,5,COST_BASED,COST_BASED,false,false
4,economic_learning_factor_low,1,2043,NATURAL_GAS_BLOCK,TOTAL,3116,198,247,469398,0.2749506858234357,0.6340242291972172,7.731863367118271E-4,1134.1125665479337,0.7537154103218091,MEDIUM,LOW,MEDIUM,5,COST_BASED,COST_BASED,false,false
4,economic_learning_factor_low,1,2044,NATURAL_GAS_BLOCK,TOTAL,3088,248,276,469646,0.2765851347694148,0.6327049246833154,7.735102077390972E-4,1141.4027935929553,0.7514115213212834,MEDIUM,LOW,MEDIUM,5,COST_BASED,COST_BASED,false,false
4,economic_learning_factor_low,1,2045,NATURAL_GAS_BLOCK,TOTAL,3041,266,313,469912,0.274819279746812,0.63164758211304,7.33178621713224E-4,1131.2119676223617,0.7505903495684462,MEDIUM,LOW,MEDIUM,5,COST_BASED,COST_BASED,false,false
4,economic_learning_factor_low,1,2046,NATURAL_GAS_BLOCK,TOTAL,3005,342,378,470254,0.2795474279580999,0.6336521159729023,8.058288501901548E-4,1116.2281135298178,0.7516870119778375,MEDIUM,LOW,MEDIUM,5,COST_BASED,COST_BASED,false,false
4,economic_learning_factor_low,1,2047,NATURAL_GAS_BLOCK,TOTAL,2964,340,381,470594,0.27767949375067713,0.6307568910792823,7.819973395722037E-4,1118.8185663160177,0.7484493568554776,MEDIUM,LOW,MEDIUM,5,COST_BASED,COST_BASED,false,false
4,economic_learning_factor_low,1,2048,NATURAL_GAS_BLOCK,TOTAL,2931,147,180,470741,0.2701271910259879,0.6340362165552303,7.243892547337963E-4,1086.7955268485491,0.755339225064983,MEDIUM,LOW,MEDIUM,5,COST_BASED,COST_BASED,false,false
4,economic_learning_factor_low,1,2049,NATURAL_GAS_BLOCK,TOTAL,2894,319,356,471060,0.27150588717564905,0.6406568362924607,7.205442714087166E-4,1022.4377159007641,0.7637071526647782,MEDIUM,LOW,MEDIUM,5,COST_BASED,COST_BASED,false,false
4,economic_learning_factor_low,1,2050,NATURAL_GAS_BLOCK,TOTAL,2866,184,212,471244,0.2688470748839521,0.6361086611326593,7.701529361819334E-4,992.832666651252,0.7585291898822316,MEDIUM,LOW,MEDIUM,5,COST_BASED,COST_BASED,false,false
4,economic_learning_factor_low,1,2024,NATURAL_GAS_BLOCK,PRIVATELY_OWNED,276317,276317,0,276317,0.0,0.0,0.0,0.0,0.0,MEDIUM,LOW,MEDIUM,5,COST_BASED,COST_BASED,false,false
4,economic_learning_factor_low,1,2025,NATURAL_GAS_BLOCK,PRIVATELY_OWNED,240710,431,36038,276748,0.28534051564327373,0.6457878469962246,0.06361374155329731,1121.7670845127375,0.7659369574472075,MEDIUM,LOW,MEDIUM,5,COST_BASED,COST_BASED,false,false
4,economic_learning_factor_low,1,2026,NATURAL_GAS_BLOCK,PRIVATELY_OWNED,219609,280,21381,277028,0.2850250794001722,0.648469838985096,0.05778626937092988,1128.4844463284205,0.769618092180052,MEDIUM,LOW,MEDIUM,5,COST_BASED,COST_BASED,false,false
4,economic_learning_factor_low,1,2027,NATURAL_GAS_BLOCK,PRIVATELY_OWNED,199199,283,20693,277311,0.2864071782824197,0.6456511755051165,0.052809614776257056,1130.2847433258178,0.7653991745793551,MEDIUM,LOW,MEDIUM,5,COST_BASED,COST_BASED,false,false
4,economic_learning_factor_low,1,2028,NATURAL_GAS_BLOCK,PRIVATELY_OWNED,178235,256,21220,277567,0.28710571827134684,0.6465670038980124,0.046682182044448996,1132.9628903057055,0.7663874324402338,MEDIUM,LOW,MEDIUM,5,COST_BASED,COST_BASED,false,false
4,economic_learning_factor_low,1,2029,NATURAL_GAS_BLOCK,PRIVATELY_OWNED,157042,202,21395,277769,0.2871576705412253,0.6429650961122838,0.04217470633952727,1139.598525976376,0.7615675713026364,MEDIUM,LOW,MEDIUM,5,COST_BASED,COST_BASED,false,false
4,economic_learning_factor_low,1,2030,NATURAL_GAS_BLOCK,PRIVATELY_OWNED,136232,237,21047,278006,0.28589452924471886,0.6456829323149029,0.03683992726816075,1129.622219322852,0.7656124000049663,MEDIUM,LOW,MEDIUM,5,COST_BASED,COST_BASED,false,false
4,economic_learning_factor_low,1,2031,NATURAL_GAS_BLOCK,PRIVATELY_OWNED,115234,247,21245,278253,0.28680822599397804,0.6453845605358465,0.031006868590144548,1118.3920997657783,0.7649100053831327,MEDIUM,LOW,MEDIUM,5,COST_BASED,COST_BASED,false,false
4,economic_learning_factor_low,1,2032,NATURAL_GAS_BLOCK,PRIVATELY_OWNED,94268,276,21242,278529,0.2857269994264462,0.6435374922005125,0.025839719336983688,1118.9272092733393,0.7628076564585464,MEDIUM,LOW,MEDIUM,5,COST_BASED,COST_BASED,false,false
4,economic_learning_factor_low,1,2033,NATURAL_GAS_BLOCK,PRIVATELY_OWNED,71245,313,23336,278842,0.28714337109761345,0.6493819616853302,0.020029077075245837,1079.3640903229348,0.770128158547902,MEDIUM,LOW,MEDIUM,5,COST_BASED,COST_BASED,false,false
4,economic_learning_factor_low,1,2034,NATURAL_GAS_BLOCK,PRIVATELY_OWNED,44917,378,26706,279220,0.2868533215610157,0.6555043086424411,0.013707667242569721,1007.3943567276829,0.7783879710029455,MEDIUM,LOW,MEDIUM,5,COST_BASED,COST_BASED,false,false
4,economic_learning_factor_low,1,2035,NATURAL_GAS_BLOCK,PRIVATELY_OWNED,17489,381,27809,279601,0.2857371385127312,0.6508126658020763,0.007857607237122585,990.7546095280409,0.7725045082318621,MEDIUM,LOW,MEDIUM,5,COST_BASED,COST_BASED,false,false
4,economic_learning_factor_low,1,2036,NATURAL_GAS_BLOCK,PRIVATELY_OWNED,3464,180,14205,279781,0.2843342293524178,0.6461002804018632,0.002550427059485243,1079.064103090245,0.7666889640850165,MEDIUM,LOW,MEDIUM,5,COST_BASED,COST_BASED,false,false
4,economic_learning_factor_low,1,2037,NATURAL_GAS_BLOCK,PRIVATELY_OWNED,3389,356,431,280137,0.3408033919125758,0.6631127878003269,8.151668504718914E-4,870.4006506180872,0.7705492530962449,MEDIUM,LOW,MEDIUM,5,COST_BASED,COST_BASED,false,false
4,economic_learning_factor_low,1,2038,NATURAL_GAS_BLOCK,PRIVATELY_OWNED,3321,212,280,280349,0.3336498993958949,0.656373715126807,7.732244512593191E-4,886.8760736196319,0.7639483203704448,MEDIUM,LOW,MEDIUM,5,COST_BASED,COST_BASED,false,false
4,economic_learning_factor_low,1,2039,NATURAL_GAS_BLOCK,PRIVATELY_OWNED,3262,224,283,280573,0.4184791451809856,0.6711014325848526,9.15123213252429E-4,1012.5558766859344,0.7553088617194744,MEDIUM,LOW,MEDIUM,5,COST_BASED,COST_BASED,false,false
4,economic_learning_factor_low,1,2040,NATURAL_GAS_BLOCK,PRIVATELY_OWNED,3225,219,256,280792,0.2680081335065435,0.6305477775503904,8.028489950369672E-4,1123.0274592774592,0.7513943255650795,MEDIUM,LOW,MEDIUM,5,COST_BASED,COST_BASED,false,false
4,economic_learning_factor_low,1,2041,NATURAL_GAS_BLOCK,PRIVATELY_OWNED,3199,176,202,280968,0.27128675088653753,0.6347079334403272,8.14686424551864E-4,1125.0812566885797,0.7558483276249188,MEDIUM,LOW,MEDIUM,5,COST_BASED,COST_BASED,false,false
4,economic_learning_factor_low,1,2042,NATURAL_GAS_BLOCK,PRIVATELY_OWNED,3165,203,237,281171,0.27234067010522156,0.630943304134438,8.024005922764365E-4,1132.963825779418,0.7504775154775118,MEDIUM,LOW,MEDIUM,5,COST_BASED,COST_BASED,false,false
4,economic_learning_factor_low,1,2043,NATURAL_GAS_BLOCK,PRIVATELY_OWNED,3116,198,247,281369,0.2749506858234357,0.6340242291972172,7.731863367118272E-4,1134.1125665479337,0.753715410321809,MEDIUM,LOW,MEDIUM,5,COST_BASED,COST_BASED,false,false
4,economic_learning_factor_low,1,2044,NATURAL_GAS_BLOCK,PRIVATELY_OWNED,3088,248,276,281617,0.2765851347694148,0.6327049246833154,7.735102077390972E-4,1141.4027935929553,0.7514115213212834,MEDIUM,LOW,MEDIUM,5,COST_BASED,COST_BASED,false,false
4,economic_learning_factor_low,1,2045,NATURAL_GAS_BLOCK,PRIVATELY_OWNED,3041,266,313,281883,0.274819279746812,0.63164758211304,7.33178621713224E-4,1131.2119676223617,0.7505903495684462,MEDIUM,LOW,MEDIUM,5,COST_BASED,COST_BASED,false,false
4,economic_learning_factor_low,1,2046,NATURAL_GAS_BLOCK,PRIVATELY_OWNED,3005,342,378,282225,0.2795474279580999,0.6336521159729023,8.058288501901548E-4,1116.2281135298178,0.7516870119778375,MEDIUM,LOW,MEDIUM,5,COST_BASED,COST_BASED,false,false
4,economic_learning_factor_low,1,2047,NATURAL_GAS_BLOCK,PRIVATELY_OWNED,2964,340,381,282565,0.27767949375067713,0.6307568910792823,7.819973395722037E-4,1118.8185663160177,0.7484493568554776,MEDIUM,LOW,MEDIUM,5,COST_BASED,COST_BASED,false,false
4,economic_learning_factor_low,1,2048,NATURAL_GAS_BLOCK,PRIVATELY_OWNED,2931,147,180,282712,0.2701271910259879,0.6340362165552303,7.243892547337963E-4,1086.7955268485491,0.755339225064983,MEDIUM,LOW,MEDIUM,5,COST_BASED,COST_BASED,false,false
4,economic_learning_factor_low,1,2049,NATURAL_GAS_BLOCK,PRIVATELY_OWNED,2894,319,356,283031,0.27150588717564905,0.6406568362924607,7.205442714087166E-4,1022.4377159007641,0.7637071526647782,MEDIUM,LOW,MEDIUM,5,COST_BASED,COST_BASED,false,false
4,economic_learning_factor_low,1,2050,NATURAL_GAS_BLOCK,PRIVATELY_OWNED,2866,184,212,283215,0.2688470748839521,0.6361086611326593,7.701529361819334E-4,992.832666651252,0.7585291898822316,MEDIUM,LOW,MEDIUM,5,COST_BASED,COST_BASED,false,false
4,economic_learning_factor_low,1,2024,NATURAL_GAS_BLOCK,SOCIAL_HOUSING,98962,98962,0,98962,0.0,0.0,0.0,0.0,0.0,MEDIUM,LOW,MEDIUM,5,COST_BASED,COST_BASED,false,false
4,economic_learning_factor_low,1,2025,NATURAL_GAS_BLOCK,SOCIAL_HOUSING,129,0,98833,98962,0.0,0.0,0.0,0.0,0.0,MEDIUM,LOW,MEDIUM,5,COST_BASED,COST_BASED,false,false
4,economic_learning_factor_low,1,2026,NATURAL_GAS_BLOCK,SOCIAL_HOUSING,28,0,101,98962,0.0,0.0,0.0,0.0,0.0,MEDIUM,LOW,MEDIUM,5,COST_BASED,COST_BASED,false,false
4,economic_learning_factor_low,1,2027,NATURAL_GAS_BLOCK,SOCIAL_HOUSING,19,0,9,98962,0.0,0.0,0.0,0.0,0.0,MEDIUM,LOW,MEDIUM,5,COST_BASED,COST_BASED,false,false
4,economic_learning_factor_low,1,2028,NATURAL_GAS_BLOCK,SOCIAL_HOUSING,6,0,13,98962,0.0,0.0,0.0,0.0,0.0,MEDIUM,LOW,MEDIUM,5,COST_BASED,COST_BASED,false,false
4,economic_learning_factor_low,1,2029,NATURAL_GAS_BLOCK,SOCIAL_HOUSING,4,0,2,98962,0.0,0.0,0.0,0.0,0.0,MEDIUM,LOW,MEDIUM,5,COST_BASED,COST_BASED,false,false
4,economic_learning_factor_low,1,2030,NATURAL_GAS_BLOCK,SOCIAL_HOUSING,3,0,1,98962,0.0,0.0,0.0,0.0,0.0,MEDIUM,LOW,MEDIUM,5,COST_BASED,COST_BASED,false,false
4,economic_learning_factor_low,1,2031,NATURAL_GAS_BLOCK,SOCIAL_HOUSING,3,0,0,98962,0.0,0.0,0.0,0.0,0.0,MEDIUM,LOW,MEDIUM,5,COST_BASED,COST_BASED,false,false
4,economic_learning_factor_low,1,2032,NATURAL_GAS_BLOCK,SOCIAL_HOUSING,3,0,0,98962,0.0,0.0,0.0,0.0,0.0,MEDIUM,LOW,MEDIUM,5,COST_BASED,COST_BASED,false,false
4,economic_learning_factor_low,1,2033,NATURAL_GAS_BLOCK,SOCIAL_HOUSING,2,0,1,98962,0.0,0.0,0.0,0.0,0.0,MEDIUM,LOW,MEDIUM,5,COST_BASED,COST_BASED,false,false
4,economic_learning_factor_low,1,2034,NATURAL_GAS_BLOCK,SOCIAL_HOUSING,1,0,1,98962,0.0,0.0,0.0,0.0,0.0,MEDIUM,LOW,MEDIUM,5,COST_BASED,COST_BASED,false,false
4,economic_learning_factor_low,1,2035,NATURAL_GAS_BLOCK,SOCIAL_HOUSING,1,0,0,98962,0.0,0.0,0.0,0.0,0.0,MEDIUM,LOW,MEDIUM,5,COST_BASED,COST_BASED,false,false
4,economic_learning_factor_low,1,2036,NATURAL_GAS_BLOCK,SOCIAL_HOUSING,0,0,1,98962,0.0,0.0,0.0,0.0,0.0,MEDIUM,LOW,MEDIUM,5,COST_BASED,COST_BASED,false,false
4,economic_learning_factor_low,1,2037,NATURAL_GAS_BLOCK,SOCIAL_HOUSING,0,0,0,98962,0.0,0.0,0.0,0.0,0.0,MEDIUM,LOW,MEDIUM,5,COST_BASED,COST_BASED,false,false
4,economic_learning_factor_low,1,2038,NATURAL_GAS_BLOCK,SOCIAL_HOUSING,0,0,0,98962,0.0,0.0,0.0,0.0,0.0,MEDIUM,LOW,MEDIUM,5,COST_BASED,COST_BASED,false,false
4,economic_learning_factor_low,1,2039,NATURAL_GAS_BLOCK,SOCIAL_HOUSING,0,0,0,98962,0.0,0.0,0.0,0.0,0.0,MEDIUM,LOW,MEDIUM,5,COST_BASED,COST_BASED,false,false
4,economic_learning_factor_low,1,2040,NATURAL_GAS_BLOCK,SOCIAL_HOUSING,0,0,0,98962,0.0,0.0,0.0,0.0,0.0,MEDIUM,LOW,MEDIUM,5,COST_BASED,COST_BASED,false,false
4,economic_learning_factor_low,1,2041,NATURAL_GAS_BLOCK,SOCIAL_HOUSING,0,0,0,98962,0.0,0.0,0.0,0.0,0.0,MEDIUM,LOW,MEDIUM,5,COST_BASED,COST_BASED,false,false
4,economic_learning_factor_low,1,2042,NATURAL_GAS_BLOCK,SOCIAL_HOUSING,0,0,0,98962,0.0,0.0,0.0,0.0,0.0,MEDIUM,LOW,MEDIUM,5,COST_BASED,COST_BASED,false,false
4,economic_learning_factor_low,1,2043,NATURAL_GAS_BLOCK,SOCIAL_HOUSING,0,0,0,98962,0.0,0.0,0.0,0.0,0.0,MEDIUM,LOW,MEDIUM,5,COST_BASED,COST_BASED,false,false
4,economic_learning_factor_low,1,2044,NATURAL_GAS_BLOCK,SOCIAL_HOUSING,0,0,0,98962,0.0,0.0,0.0,0.0,0.0,MEDIUM,LOW,MEDIUM,5,COST_BASED,COST_BASED,false,false
4,economic_learning_factor_low,1,2045,NATURAL_GAS_BLOCK,SOCIAL_HOUSING,0,0,0,98962,0.0,0.0,0.0,0.0,0.0,MEDIUM,LOW,MEDIUM,5,COST_BASED,COST_BASED,false,false
4,economic_learning_factor_low,1,2046,NATURAL_GAS_BLOCK,SOCIAL_HOUSING,0,0,0,98962,0.0,0.0,0.0,0.0,0.0,MEDIUM,LOW,MEDIUM,5,COST_BASED,COST_BASED,false,false
4,economic_learning_factor_low,1,2047,NATURAL_GAS_BLOCK,SOCIAL_HOUSING,0,0,0,98962,0.0,0.0,0.0,0.0,0.0,MEDIUM,LOW,MEDIUM,5,COST_BASED,COST_BASED,false,false
4,economic_learning_factor_low,1,2048,NATURAL_GAS_BLOCK,SOCIAL_HOUSING,0,0,0,98962,0.0,0.0,0.0,0.0,0.0,MEDIUM,LOW,MEDIUM,5,COST_BASED,COST_BASED,false,false
4,economic_learning_factor_low,1,2049,NATURAL_GAS_BLOCK,SOCIAL_HOUSING,0,0,0,98962,0.0,0.0,0.0,0.0,0.0,MEDIUM,LOW,MEDIUM,5,COST_BASED,COST_BASED,false,false
4,economic_learning_factor_low,1,2050,NATURAL_GAS_BLOCK,SOCIAL_HOUSING,0,0,0,98962,0.0,0.0,0.0,0.0,0.0,MEDIUM,LOW,MEDIUM,5,COST_BASED,COST_BASED,false,false
4,economic_learning_factor_low,1,2024,NATURAL_GAS_BLOCK,PRIVATELY_RENTED,89067,89067,0,89067,0.0,0.0,0.0,0.0,0.0,MEDIUM,LOW,MEDIUM,5,COST_BASED,COST_BASED,false,false
4,economic_learning_factor_low,1,2025,NATURAL_GAS_BLOCK,PRIVATELY_RENTED,76996,0,12071,89067,0.0,0.0,0.0,0.0,0.0,MEDIUM,LOW,MEDIUM,5,COST_BASED,COST_BASED,false,false
4,economic_learning_factor_low,1,2026,NATURAL_GAS_BLOCK,PRIVATELY_RENTED,69621,0,7375,89067,0.0,0.0,0.0,0.0,0.0,MEDIUM,LOW,MEDIUM,5,COST_BASED,COST_BASED,false,false
4,economic_learning_factor_low,1,2027,NATURAL_GAS_BLOCK,PRIVATELY_RENTED,62775,0,6846,89067,0.0,0.0,0.0,0.0,0.0,MEDIUM,LOW,MEDIUM,5,COST_BASED,COST_BASED,false,false
4,economic_learning_factor_low,1,2028,NATURAL_GAS_BLOCK,PRIVATELY_RENTED,55700,0,7075,89067,0.0,0.0,0.0,0.0,0.0,MEDIUM,LOW,MEDIUM,5,COST_BASED,COST_BASED,false,false
4,economic_learning_factor_low,1,2029,NATURAL_GAS_BLOCK,PRIVATELY_RENTED,48718,0,6982,89067,0.0,0.0,0.0,0.0,0.0,MEDIUM,LOW,MEDIUM,5,COST_BASED,COST_BASED,false,false
4,economic_learning_factor_low,1,2030,NATURAL_GAS_BLOCK,PRIVATELY_RENTED,41777,0,6941,89067,0.0,0.0,0.0,0.0,0.0,MEDIUM,LOW,MEDIUM,5,COST_BASED,COST_BASED,false,false
4,economic_learning_factor_low,1,2031,NATURAL_GAS_BLOCK,PRIVATELY_RENTED,34980,0,6797,89067,0.0,0.0,0.0,0.0,0.0,MEDIUM,LOW,MEDIUM,5,COST_BASED,COST_BASED,false,false
4,economic_learning_factor_low,1,2032,NATURAL_GAS_BLOCK,PRIVATELY_RENTED,27773,0,7207,89067,0.0,0.0,0.0,0.0,0.0,MEDIUM,LOW,MEDIUM,5,COST_BASED,COST_BASED,false,false
4,economic_learning_factor_low,1,2033,NATURAL_GAS_BLOCK,PRIVATELY_RENTED,19667,0,8106,89067,0.0,0.0,0.0,0.0,0.0,MEDIUM,LOW,MEDIUM,5,COST_BASED,COST_BASED,false,false
4,economic_learning_factor_low,1,2034,NATURAL_GAS_BLOCK,PRIVATELY_RENTED,12101,0,7566,89067,0.0,0.0,0.0,0.0,0.0,MEDIUM,LOW,MEDIUM,5,COST_BASED,COST_BASED,false,false
4,economic_learning_factor_low,1,2035,NATURAL_GAS_BLOCK,PRIVATELY_RENTED,4684,0,7417,89067,0.0,0.0,0.0,0.0,0.0,MEDIUM,LOW,MEDIUM,5,COST_BASED,COST_BASED,false,false
4,economic_learning_factor_low,1,2036,NATURAL_GAS_BLOCK,PRIVATELY_RENTED,0,0,4684,89067,0.0,0.0,0.0,0.0,0.0,MEDIUM,LOW,MEDIUM,5,COST_BASED,COST_BASED,false,false
4,economic_learning_factor_low,1,2037,NATURAL_GAS_BLOCK,PRIVATELY_RENTED,0,0,0,89067,0.0,0.0,0.0,0.0,0.0,MEDIUM,LOW,MEDIUM,5,COST_BASED,COST_BASED,false,false
4,economic_learning_factor_low,1,2038,NATURAL_GAS_BLOCK,PRIVATELY_RENTED,0,0,0,89067,0.0,0.0,0.0,0.0,0.0,MEDIUM,LOW,MEDIUM,5,COST_BASED,COST_BASED,false,false
4,economic_learning_factor_low,1,2039,NATURAL_GAS_BLOCK,PRIVATELY_RENTED,0,0,0,89067,0.0,0.0,0.0,0.0,0.0,MEDIUM,LOW,MEDIUM,5,COST_BASED,COST_BASED,false,false
4,economic_learning_factor_low,1,2040,NATURAL_GAS_BLOCK,PRIVATELY_RENTED,0,0,0,89067,0.0,0.0,0.0,0.0,0.0,MEDIUM,LOW,MEDIUM,5,COST_BASED,COST_BASED,false,false
4,economic_learning_factor_low,1,2041,NATURAL_GAS_BLOCK,PRIVATELY_RENTED,0,0,0,89067,0.0,0.0,0.0,0.0,0.0,MEDIUM,LOW,MEDIUM,5,COST_BASED,COST_BASED,false,false
4,economic_learning_factor_low,1,2042,NATURAL_GAS_BLOCK,PRIVATELY_RENTED,0,0,0,89067,0.0,0.0,0.0,0.0,0.0,MEDIUM,LOW,MEDIUM,5,COST_BASED,COST_BASED,false,false
4,economic_learning_factor_low,1,2043,NATURAL_GAS_BLOCK,PRIVATELY_RENTED,0,0,0,89067,0.0,0.0,0.0,0.0,0.0,MEDIUM,LOW,MEDIUM,5,COST_BASED,COST_BASED,false,false
4,economic_learning_factor_low,1,2044,NATURAL_GAS_BLOCK,PRIVATELY_RENTED,0,0,0,89067,0.0,0.0,0.0,0.0,0.0,MEDIUM,LOW,MEDIUM,5,COST_BASED,COST_BASED,false,false
4,economic_learning_factor_low,1,2045,NATURAL_GAS_BLOCK,PRIVATELY_RENTED,0,0,0,89067,0.0,0.0,0.0,0.0,0.0,MEDIUM,LOW,MEDIUM,5,COST_BASED,COST_BASED,false,false
4,economic_learning_factor_low,1,2046,NATURAL_GAS_BLOCK,PRIVATELY_RENTED,0,0,0,89067,0.0,0.0,0.0,0.0,0.0,MEDIUM,LOW,MEDIUM,5,COST_BASED,COST_BASED,false,false
4,economic_learning_factor_low,1,2047,NATURAL_GAS_BLOCK,PRIVATELY_RENTED,0,0,0,89067,0.0,0.0,0.0,0.0,0.0,MEDIUM,LOW,MEDIUM,5,COST_BASED,COST_BASED,false,false
4,economic_learning_factor_low,1,2048,NATURAL_GAS_BLOCK,PRIVATELY_RENTED,0,0,0,89067,0.0,0.0,0.0,0.0,0.0,MEDIUM,LOW,MEDIUM,5,COST_BASED,COST_BASED,false,false
4,economic_learning_factor_low,1,2049,NATURAL_GAS_BLOCK,PRIVATELY_RENTED,0,0,0,89067,0.0,0.0,0.0,0.0,0.0,MEDIUM,LOW,MEDIUM,5,COST_BASED,COST_BASED,false,false
4,economic_learning_factor_low,1,2050,NATURAL_GAS_BLOCK,PRIVATELY_RENTED,0,0,0,89067,0.0,0.0,0.0,0.0,0.0,MEDIUM,LOW,MEDIUM,5,COST_BASED,COST_BASED,false,false
4,economic_learning_factor_low,1,2024,DISTRICT_HEATING,TOTAL,572762,572762,0,572762,0.0,0.0,0.0,0.0,0.0,MEDIUM,LOW,MEDIUM,5,COST_BASED,COST_BASED,false,false
4,economic_learning_factor_low,1,2025,DISTRICT_HEATING,TOTAL,448615,54633,178780,627395,0.6566349593227085,0.6344314583873778,0.12740159881152413,1443.6924237475066,0.627030291408924,MEDIUM,LOW,MEDIUM,5,COST_BASED,COST_BASED,false,false
4,economic_learning_factor_low,1,2026,DISTRICT_HEATING,TOTAL,475320,39150,12445,666545,0.6183708634318079,0.6021647300321294,0.13272356189666876,1359.4543068768162,0.5967626855655689,MEDIUM,LOW,MEDIUM,5,COST_BASED,COST_BASED,false,false
4,economic_learning_factor_low,1,2027,DISTRICT_HEATING,TOTAL,500689,40351,14982,706896,0.5888924818669655,0.5712759670329406,0.1351367625407103,1283.5050983810113,0.5654037954215896,MEDIUM,LOW,MEDIUM,5,COST_BASED,COST_BASED,false,false
4,economic_learning_factor_low,1,2028,DISTRICT_HEATING,TOTAL,528911,42533,14311,749429,0.567876093701786,0.551352954429732,0.13526543238138466,1236.189902665825,0.5458452413390468,MEDIUM,LOW,MEDIUM,5,COST_BASED,COST_BASED,false,false
4,economic_learning_factor_low,1,2029,DISTRICT_HEATING,TOTAL,555447,40458,13922,789887,0.5332844471593066,0.5142087136842386,0.1296392707050099,1168.662751106364,0.5078501358592213,MEDIUM,LOW,MEDIUM,5,COST_BASED,COST_BASED,false,false
4,economic_learning_factor_low,1,2030,DISTRICT_HEATING,TOTAL,584086,44926,16287,834813,0.5368324563201264,0.5211521058272987,0.13538368438165677,1162.1852106007022,0.5159253223296966,MEDIUM,LOW,MEDIUM,5,COST_BASED,COST_BASED,false,false
4,economic_learning_factor_low,1,2031,DISTRICT_HEATING,TOTAL,613685,47231,17632,882044,0.5176197398963089,0.5026119783725561,0.13555451155425002,1118.3852933988346,0.49760939119797853,MEDIUM,LOW,MEDIUM,5,COST_BASED,COST_BASED,false,false
4,economic_learning_factor_low,1,2032,DISTRICT_HEATING,TOTAL,645543,47044,15186,929088,0.49111944993871864,0.4755857861615176,0.1295955959648031,1048.0760647367913,0.4704078982357882,MEDIUM,LOW,MEDIUM,5,COST_BASED,COST_BASED,false,false
4,economic_learning_factor_low,1,2033,DISTRICT_HEATING,TOTAL,680030,49187,14700,978275,0.48333325249820436,0.4706511648287515,0.13423682608239615,1032.4787226731871,0.4664238022722654,MEDIUM,LOW,MEDIUM,5,COST_BASED,COST_BASED,false,false
4,economic_learning_factor_low,1,2034,DISTRICT_HEATING,TOTAL,720507,55169,14692,1033444,0.49388227274122654,0.4855588669494779,0.1432816111374637,1007.4736043489771,0.48278439835222636,MEDIUM,LOW,MEDIUM,5,COST_BASED,COST_BASED,false,false
4,economic_learning_factor_low,1,2035,DISTRICT_HEATING,TOTAL,756909,50380,13978,1083824,0.4473317559395631,0.43428167146992874,0.13190528037116062,925.3767025385786,0.42993164331337314,MEDIUM,LOW,MEDIUM,5,COST_BASED,COST_BASED,false,false
4,economic_learning_factor_low,1,2036,DISTRICT_HEATING,TOTAL,784487,41642,14064,1125466,0.38613994465675533,0.3752011863777275,0.12050402724915919,823.2082075959082,0.37155493361805425,MEDIUM,LOW,MEDIUM,5,COST_BASED,COST_BASED,false,false
4,economic_learning_factor_low,1,2037,DISTRICT_HEATING,TOTAL,781553,11790,14724,1137256,0.49653803696745835,0.49167143725645573,0.17055266194574273,989.1770405085784,0.4900492373527877,MEDIUM,LOW,MEDIUM,5,COST_BASED,COST_BASED,false,false
4,economic_learning_factor_low,1,2038,DISTRICT_HEATING,TOTAL,777549,10600,14604,1147856,0.49221018429789304,0.48077203836098237,0.1657982599841578,1019.9359838716081,0.47695932304867666,MEDIUM,LOW,MEDIUM,5,COST_BASED,COST_BASED,false,false
4,economic_learning_factor_low,1,2039,DISTRICT_HEATING,TOTAL,772912,9053,13690,1156909,0.5284540738625882,0.5145458764800841,0.175502011938786,1144.7364825168781,0.5099098106859178,MEDIUM,LOW,MEDIUM,5,COST_BASED,COST_BASED,false,false
4,economic_learning_factor_low,1,2040,DISTRICT_HEATING,TOTAL,767081,7441,13272,1164350,0.6225554815849745,0.6449717393509475,0.21101487235385916,1584.4102525402197,0.652443825272823,MEDIUM,LOW,MEDIUM,5,COST_BASED,COST_BASED,false,false
4,economic_learning_factor_low,1,2041,DISTRICT_HEATING,TOTAL,761302,7324,13103,1171674,0.6230807479556566,0.6528171960143001,0.2170608474012011,1524.5578085263965,0.662729345367174,MEDIUM,LOW,MEDIUM,5,COST_BASED,COST_BASED,false,false
4,economic_learning_factor_low,1,2042,DISTRICT_HEATING,TOTAL,756083,6411,11630,1178085,0.6204789726509911,0.6414067446384845,0.2116223363034782,1539.8622621404083,0.6483826686343166,MEDIUM,LOW,MEDIUM,5,COST_BASED,COST_BASED,false,false
4,economic_learning_factor_low,1,2043,DISTRICT_HEATING,TOTAL,750935,6240,11388,1184325,0.6224022892514166,0.6443475081046267,0.20902514914620965,1537.3922500194071,0.6516625810556829,MEDIUM,LOW,MEDIUM,5,COST_BASED,COST_BASED,false,false
4,economic_learning_factor_low,1,2044,DISTRICT_HEATING,TOTAL,746746,5897,10086,1190222,0.6304477558516182,0.6440027154967862,0.20885725406022257,1580.4388879365222,0.6485210353785151,MEDIUM,LOW,MEDIUM,5,COST_BASED,COST_BASED,false,false
4,economic_learning_factor_low,1,2045,DISTRICT_HEATING,TOTAL,741998,5975,10723,1196197,0.6189645162270762,0.6386066979580141,0.2049519253451197,1525.629805440378,0.6451540918683282,MEDIUM,LOW,MEDIUM,5,COST_BASED,COST_BASED,false,false
4,economic_learning_factor_low,1,2046,DISTRICT_HEATING,TOTAL,737012,6662,11648,1202859,0.6267940336890705,0.6449714760894739,0.2041807791579717,1523.347357245778,0.651030623556273,MEDIUM,LOW,MEDIUM,5,COST_BASED,COST_BASED,false,false
4,economic_learning_factor_low,1,2047,DISTRICT_HEATING,TOTAL,730818,7559,13753,1210418,0.6415156286756403,0.6576973636457812,0.20745259354734882,1515.8619808562612,0.6630912753024999,MEDIUM,LOW,MEDIUM,5,COST_BASED,COST_BASED,false,false
4,economic_learning_factor_low,1,2048,DISTRICT_HEATING,TOTAL,725216,7708,13310,1218126,0.6353560359082487,0.6567691939780889,0.2059251056921905,1501.648224166434,0.6639069133346988,MEDIUM,LOW,MEDIUM,5,COST_BASED,COST_BASED,false,false
4,economic_learning_factor_low,1,2049,DISTRICT_HEATING,TOTAL,719859,8913,14270,1227039,0.6487470321339331,0.6774161570055727,0.20653307211404595,1472.5236292257498,0.6869725319627801,MEDIUM,LOW,MEDIUM,5,COST_BASED,COST_BASED,false,false
4,economic_learning_factor_low,1,2050,DISTRICT_HEATING,TOTAL,713426,8158,14591,1235197,0.6515306504165617,0.6643199651366927,0.2005884886757594,1507.5764329913159,0.6685830700434117,MEDIUM,LOW,MEDIUM,5,COST_BASED,COST_BASED,false,false
4,economic_learning_factor_low,1,2024,DISTRICT_HEATING,PRIVATELY_OWNED,316923,316923,0,316923,0.0,0.0,0.0,0.0,0.0,MEDIUM,LOW,MEDIUM,5,COST_BASED,COST_BASED,false,false
4,economic_learning_factor_low,1,2025,DISTRICT_HEATING,PRIVATELY_OWNED,352069,46827,11681,363750,0.7660951530671949,0.7401903574023023,0.14863927964358165,1684.3540732183894,0.7315554255139928,MEDIUM,LOW,MEDIUM,5,COST_BASED,COST_BASED,false,false
4,economic_learning_factor_low,1,2026,DISTRICT_HEATING,PRIVATELY_OWNED,373812,31624,9881,395374,0.7655331173588186,0.7454701865911292,0.16430962080238368,1682.982422028439,0.738782543001898,MEDIUM,LOW,MEDIUM,5,COST_BASED,COST_BASED,false,false
4,economic_learning_factor_low,1,2027,DISTRICT_HEATING,PRIVATELY_OWNED,392449,31038,12401,426412,0.7655905836656333,0.7426882062551127,0.17568475756428253,1668.6227922150972,0.7350540804515935,MEDIUM,LOW,MEDIUM,5,COST_BASED,COST_BASED,false,false
4,economic_learning_factor_low,1,2028,DISTRICT_HEATING,PRIVATELY_OWNED,412299,31528,11678,457940,0.766095974797579,0.7438053543123506,0.1824804819676933,1667.6879323168464,0.7363751474839404,MEDIUM,LOW,MEDIUM,5,COST_BASED,COST_BASED,false,false
4,economic_learning_factor_low,1,2029,DISTRICT_HEATING,PRIVATELY_OWNED,428886,28139,11552,486079,0.7667515605803769,0.7393246433148629,0.18639417229408617,1680.2927461623115,0.7301823375596993,MEDIUM,LOW,MEDIUM,5,COST_BASED,COST_BASED,false,false
4,economic_learning_factor_low,1,2030,DISTRICT_HEATING,PRIVATELY_OWNED,446980,31476,13382,517555,0.7662261701816622,0.7438454538822347,0.19323444543557988,1658.798219959561,0.7363852151157692,MEDIUM,LOW,MEDIUM,5,COST_BASED,COST_BASED,false,false
4,economic_learning_factor_low,1,2031,DISTRICT_HEATING,PRIVATELY_OWNED,464075,31932,14837,549487,0.765617497652592,0.7434193395501126,0.20050028608351445,1654.2169545446686,0.7360199535159628,MEDIUM,LOW,MEDIUM,5,COST_BASED,COST_BASED,false,false
4,economic_learning_factor_low,1,2032,DISTRICT_HEATING,PRIVATELY_OWNED,482149,30192,12118,579679,0.7652432234670469,0.7410392727935358,0.20193081665898904,1633.0713563022525,0.7329712892357055,MEDIUM,LOW,MEDIUM,5,COST_BASED,COST_BASED,false,false
4,economic_learning_factor_low,1,2033,DISTRICT_HEATING,PRIVATELY_OWNED,501350,31052,11851,610731,0.7656097092177373,0.7455210242313475,0.21263386463077483,1635.467310708684,0.7388247959025479,MEDIUM,LOW,MEDIUM,5,COST_BASED,COST_BASED,false,false
4,economic_learning_factor_low,1,2034,DISTRICT_HEATING,PRIVATELY_OWNED,525300,35587,11637,646318,0.7656445079624786,0.7527410889014456,0.2221233373097686,1561.8431246895977,0.7484399492144316,MEDIUM,LOW,MEDIUM,5,COST_BASED,COST_BASED,false,false
4,economic_learning_factor_low,1,2035,DISTRICT_HEATING,PRIVATELY_OWNED,544188,29445,10557,675763,0.7653786335281096,0.7430501140653765,0.22568816522666232,1583.307124261966,0.7356072742444468,MEDIUM,LOW,MEDIUM,5,COST_BASED,COST_BASED,false,false
4,economic_learning_factor_low,1,2036,DISTRICT_HEATING,PRIVATELY_OWNED,554634,20997,10551,696760,0.7658065235698722,0.7441123876335347,0.23898788887505298,1632.6159061155788,0.7368810089880943,MEDIUM,LOW,MEDIUM,5,COST_BASED,COST_BASED,false,false
4,economic_learning_factor_low,1,2037,DISTRICT_HEATING,PRIVATELY_OWNED,551249,7660,11045,704420,0.7642537148624458,0.756763217396033,0.2625086010888129,1522.506175926389,0.7542663849072281,MEDIUM,LOW,MEDIUM,5,COST_BASED,COST_BASED,false,false
4,economic_learning_factor_low,1,2038,DISTRICT_HEATING,PRIVATELY_OWNED,547490,6816,10575,711236,0.7654677161909722,0.7476795197515277,0.25784353812090266,1586.1680500350712,0.7417501209383762,MEDIUM,LOW,MEDIUM,5,COST_BASED,COST_BASED,false,false
4,economic_learning_factor_low,1,2039,DISTRICT_HEATING,PRIVATELY_OWNED,544110,6243,9623,717479,0.7663134279477833,0.7461450936687811,0.2544961899858769,1659.9870857320677,0.7394223155757831,MEDIUM,LOW,MEDIUM,5,COST_BASED,COST_BASED,false,false
4,economic_learning_factor_low,1,2040,DISTRICT_HEATING,PRIVATELY_OWNED,541303,6666,9473,724145,0.6949347942504943,0.7199572025968198,0.2355478045582157,1768.6163650092672,0.7282980053787993,MEDIUM,LOW,MEDIUM,5,COST_BASED,COST_BASED,false,false
4,economic_learning_factor_low,1,2041,DISTRICT_HEATING,PRIVATELY_OWNED,539015,6536,8824,730681,0.6982012542881317,0.731522818789586,0.24323036205116233,1708.3631257110353,0.7426300069567292,MEDIUM,LOW,MEDIUM,5,COST_BASED,COST_BASED,false,false
4,economic_learning_factor_low,1,2042,DISTRICT_HEATING,PRIVATELY_OWNED,536287,5679,8407,736360,0.7004561883545525,0.7240814650250614,0.2388995946542699,1738.3442441595628,0.7319565572485656,MEDIUM,LOW,MEDIUM,5,COST_BASED,COST_BASED,false,false
4,economic_learning_factor_low,1,2043,DISTRICT_HEATING,PRIVATELY_OWNED,533725,5524,8086,741884,0.7030757213846559,0.7278653965555523,0.23611819889072197,1736.6632223246017,0.736128621612502,MEDIUM,LOW,MEDIUM,5,COST_BASED,COST_BASED,false,false
4,economic_learning_factor_low,1,2044,DISTRICT_HEATING,PRIVATELY_OWNED,531450,5245,7520,747129,0.7088180011929442,0.7240579624946708,0.23482006238191278,1776.9014532243416,0.7291379495952534,MEDIUM,LOW,MEDIUM,5,COST_BASED,COST_BASED,false,false
4,economic_learning_factor_low,1,2045,DISTRICT_HEATING,PRIVATELY_OWNED,528720,5268,7998,752397,0.7020335961383409,0.7243118869208683,0.23245781206095106,1730.3792876815223,0.7317379838483791,MEDIUM,LOW,MEDIUM,5,COST_BASED,COST_BASED,false,false
4,economic_learning_factor_low,1,2046,DISTRICT_HEATING,PRIVATELY_OWNED,525998,5918,8640,758315,0.7055934187963142,0.7260560955910909,0.22985000857560112,1714.8597657944194,0.732876987856014,MEDIUM,LOW,MEDIUM,5,COST_BASED,COST_BASED,false,false
4,economic_learning_factor_low,1,2047,DISTRICT_HEATING,PRIVATELY_OWNED,522604,6841,10235,765156,0.7088461682735221,0.7267262639670312,0.22922586677743165,1674.9599054659375,0.7326862958648731,MEDIUM,LOW,MEDIUM,5,COST_BASED,COST_BASED,false,false
4,economic_learning_factor_low,1,2048,DISTRICT_HEATING,PRIVATELY_OWNED,519727,6919,9796,772075,0.7078081116896634,0.7316630939706763,0.2294075321109126,1672.8869073384699,0.73961475473101,MEDIUM,LOW,MEDIUM,5,COST_BASED,COST_BASED,false,false
4,economic_learning_factor_low,1,2049,DISTRICT_HEATING,PRIVATELY_OWNED,517004,8167,10890,780242,0.7080056688392,0.7392935236183016,0.22539846599148913,1607.028665028665,0.7497228085446624,MEDIUM,LOW,MEDIUM,5,COST_BASED,COST_BASED,false,false
4,economic_learning_factor_low,1,2050,DISTRICT_HEATING,PRIVATELY_OWNED,513670,7428,10762,787670,0.7155609916664392,0.7296071991902449,0.22030168155854135,1655.7362062928319,0.7342892683648562,MEDIUM,LOW,MEDIUM,5,COST_BASED,COST_BASED,false,false
4,economic_learning_factor_low,1,2024,DISTRICT_HEATING,SOCIAL_HOUSING,164636,164636,0,164636,0.0,0.0,0.0,0.0,0.0,MEDIUM,LOW,MEDIUM,5,COST_BASED,COST_BASED,false,false
4,economic_learning_factor_low,1,2025,DISTRICT_HEATING,SOCIAL_HOUSING,220,0,164416,164636,0.0,0.0,0.0,0.0,0.0,MEDIUM,LOW,MEDIUM,5,COST_BASED,COST_BASED,false,false
4,economic_learning_factor_low,1,2026,DISTRICT_HEATING,SOCIAL_HOUSING,34,0,186,164636,0.0,0.0,0.0,0.0,0.0,MEDIUM,LOW,MEDIUM,5,COST_BASED,COST_BASED,false,false
4,economic_learning_factor_low,1,2027,DISTRICT_HEATING,SOCIAL_HOUSING,11,0,23,164636,0.0,0.0,0.0,0.0,0.0,MEDIUM,LOW,MEDIUM,5,COST_BASED,COST_BASED,false,false
4,economic_learning_factor_low,1,2028,DISTRICT_HEATING,SOCIAL_HOUSING,6,0,5,164636,0.0,0.0,0.0,0.0,0.0,MEDIUM,LOW,MEDIUM,5,COST_BASED,COST_BASED,false,false
4,economic_learning_factor_low,1,2029,DISTRICT_HEATING,SOCIAL_HOUSING,0,0,6,164636,0.0,0.0,0.0,0.0,0.0,MEDIUM,LOW,MEDIUM,5,COST_BASED,COST_BASED,false,false
4,economic_learning_factor_low,1,2030,DISTRICT_HEATING,SOCIAL_HOUSING,0,0,0,164636,0.0,0.0,0.0,0.0,0.0,MEDIUM,LOW,MEDIUM,5,COST_BASED,COST_BASED,false,false
4,economic_learning_factor_low,1,2031,DISTRICT_HEATING,SOCIAL_HOUSING,0,0,0,164636,0.0,0.0,0.0,0.0,0.0,MEDIUM,LOW,MEDIUM,5,COST_BASED,COST_BASED,false,false
4,economic_learning_factor_low,1,2032,DISTRICT_HEATING,SOCIAL_HOUSING,0,0,0,164636,0.0,0.0,0.0,0.0,0.0,MEDIUM,LOW,MEDIUM,5,COST_BASED,COST_BASED,false,false
4,economic_learning_factor_low,1,2033,DISTRICT_HEATING,SOCIAL_HOUSING,0,0,0,164636,0.0,0.0,0.0,0.0,0.0,MEDIUM,LOW,MEDIUM,5,COST_BASED,COST_BASED,false,false
4,economic_learning_factor_low,1,2034,DISTRICT_HEATING,SOCIAL_HOUSING,0,0,0,164636,0.0,0.0,0.0,0.0,0.0,MEDIUM,LOW,MEDIUM,5,COST_BASED,COST_BASED,false,false
4,economic_learning_factor_low,1,2035,DISTRICT_HEATING,SOCIAL_HOUSING,0,0,0,164636,0.0,0.0,0.0,0.0,0.0,MEDIUM,LOW,MEDIUM,5,COST_BASED,COST_BASED,false,false
4,economic_learning_factor_low,1,2036,DISTRICT_HEATING,SOCIAL_HOUSING,0,0,0,164636,0.0,0.0,0.0,0.0,0.0,MEDIUM,LOW,MEDIUM,5,COST_BASED,COST_BASED,false,false
4,economic_learning_factor_low,1,2037,DISTRICT_HEATING,SOCIAL_HOUSING,0,0,0,164636,0.0,0.0,0.0,0.0,0.0,MEDIUM,LOW,MEDIUM,5,COST_BASED,COST_BASED,false,false
4,economic_learning_factor_low,1,2038,DISTRICT_HEATING,SOCIAL_HOUSING,0,0,0,164636,0.0,0.0,0.0,0.0,0.0,MEDIUM,LOW,MEDIUM,5,COST_BASED,COST_BASED,false,false
4,economic_learning_factor_low,1,2039,DISTRICT_HEATING,SOCIAL_HOUSING,0,0,0,164636,0.0,0.0,0.0,0.0,0.0,MEDIUM,LOW,MEDIUM,5,COST_BASED,COST_BASED,false,false
4,economic_learning_factor_low,1,2040,DISTRICT_HEATING,SOCIAL_HOUSING,0,0,0,164636,0.0,0.0,0.0,0.0,0.0,MEDIUM,LOW,MEDIUM,5,COST_BASED,COST_BASED,false,false
4,economic_learning_factor_low,1,2041,DISTRICT_HEATING,SOCIAL_HOUSING,0,0,0,164636,0.0,0.0,0.0,0.0,0.0,MEDIUM,LOW,MEDIUM,5,COST_BASED,COST_BASED,false,false
4,economic_learning_factor_low,1,2042,DISTRICT_HEATING,SOCIAL_HOUSING,0,0,0,164636,0.0,0.0,0.0,0.0,0.0,MEDIUM,LOW,MEDIUM,5,COST_BASED,COST_BASED,false,false
4,economic_learning_factor_low,1,2043,DISTRICT_HEATING,SOCIAL_HOUSING,0,0,0,164636,0.0,0.0,0.0,0.0,0.0,MEDIUM,LOW,MEDIUM,5,COST_BASED,COST_BASED,false,false
4,economic_learning_factor_low,1,2044,DISTRICT_HEATING,SOCIAL_HOUSING,0,0,0,164636,0.0,0.0,0.0,0.0,0.0,MEDIUM,LOW,MEDIUM,5,COST_BASED,COST_BASED,false,false
4,economic_learning_factor_low,1,2045,DISTRICT_HEATING,SOCIAL_HOUSING,0,0,0,164636,0.0,0.0,0.0,0.0,0.0,MEDIUM,LOW,MEDIUM,5,COST_BASED,COST_BASED,false,false
4,economic_learning_factor_low,1,2046,DISTRICT_HEATING,SOCIAL_HOUSING,0,0,0,164636,0.0,0.0,0.0,0.0,0.0,MEDIUM,LOW,MEDIUM,5,COST_BASED,COST_BASED,false,false
4,economic_learning_factor_low,1,2047,DISTRICT_HEATING,SOCIAL_HOUSING,0,0,0,164636,0.0,0.0,0.0,0.0,0.0,MEDIUM,LOW,MEDIUM,5,COST_BASED,COST_BASED,false,false
4,economic_learning_factor_low,1,2048,DISTRICT_HEATING,SOCIAL_HOUSING,0,0,0,164636,0.0,0.0,0.0,0.0,0.0,MEDIUM,LOW,MEDIUM,5,COST_BASED,COST_BASED,false,false
4,economic_learning_factor_low,1,2049,DISTRICT_HEATING,SOCIAL_HOUSING,0,0,0,164636,0.0,0.0,0.0,0.0,0.0,MEDIUM,LOW,MEDIUM,5,COST_BASED,COST_BASED,false,false
4,economic_learning_factor_low,1,2050,DISTRICT_HEATING,SOCIAL_HOUSING,0,0,0,164636,0.0,0.0,0.0,0.0,0.0,MEDIUM,LOW,MEDIUM,5,COST_BASED,COST_BASED,false,false
4,economic_learning_factor_low,1,2024,DISTRICT_HEATING,PRIVATELY_RENTED,91203,91203,0,91203,0.0,0.0,0.0,0.0,0.0,MEDIUM,LOW,MEDIUM,5,COST_BASED,COST_BASED,false,false
4,economic_learning_factor_low,1,2025,DISTRICT_HEATING,PRIVATELY_RENTED,96326,7806,2683,99009,0.0,0.0,0.0,0.0,0.0,MEDIUM,LOW,MEDIUM,5,COST_BASED,COST_BASED,false,false
4,economic_learning_factor_low,1,2026,DISTRICT_HEATING,PRIVATELY_RENTED,101474,7526,2378,106535,0.0,0.0,0.0,0.0,0.0,MEDIUM,LOW,MEDIUM,5,COST_BASED,COST_BASED,false,false
4,economic_learning_factor_low,1,2027,DISTRICT_HEATING,PRIVATELY_RENTED,108229,9313,2558,115848,0.0,0.0,0.0,0.0,0.0,MEDIUM,LOW,MEDIUM,5,COST_BASED,COST_BASED,false,false
4,economic_learning_factor_low,1,2028,DISTRICT_HEATING,PRIVATELY_RENTED,116606,11005,2628,126853,0.0,0.0,0.0,0.0,0.0,MEDIUM,LOW,MEDIUM,5,COST_BASED,COST_BASED,false,false
4,economic_learning_factor_low,1,2029,DISTRICT_HEATING,PRIVATELY_RENTED,126561,12319,2364,139172,0.0,0.0,0.0,0.0,0.0,MEDIUM,LOW,MEDIUM,5,COST_BASED,COST_BASED,false,false
4,economic_learning_factor_low,1,2030,DISTRICT_HEATING,PRIVATELY_RENTED,137106,13450,2905,152622,0.0,0.0,0.0,0.0,0.0,MEDIUM,LOW,MEDIUM,5,COST_BASED,COST_BASED,false,false
4,economic_learning_factor_low,1,2031,DISTRICT_HEATING,PRIVATELY_RENTED,149610,15299,2795,167921,0.0,0.0,0.0,0.0,0.0,MEDIUM,LOW,MEDIUM,5,COST_BASED,COST_BASED,false,false
4,economic_learning_factor_low,1,2032,DISTRICT_HEATING,PRIVATELY_RENTED,163394,16852,3068,184773,0.0,0.0,0.0,0.0,0.0,MEDIUM,LOW,MEDIUM,5,COST_BASED,COST_BASED,false,false
4,economic_learning_factor_low,1,2033,DISTRICT_HEATING,PRIVATELY_RENTED,178680,18135,2849,202908,0.0,0.0,0.0,0.0,0.0,MEDIUM,LOW,MEDIUM,5,COST_BASED,COST_BASED,false,false
4,economic_learning_factor_low,1,2034,DISTRICT_HEATING,PRIVATELY_RENTED,195207,19582,3055,222490,0.0,0.0,0.0,0.0,0.0,MEDIUM,LOW,MEDIUM,5,COST_BASED,COST_BASED,false,false
4,economic_learning_factor_low,1,2035,DISTRICT_HEATING,PRIVATELY_RENTED,212721,20935,3421,243425,0.0,0.0,0.0,0.0,0.0,MEDIUM,LOW,MEDIUM,5,COST_BASED,COST_BASED,false,false
4,economic_learning_factor_low,1,2036,DISTRICT_HEATING,PRIVATELY_RENTED,229853,20645,3513,264070,0.0,0.0,0.0,0.0,0.0,MEDIUM,LOW,MEDIUM,5,COST_BASED,COST_BASED,false,false
4,economic_learning_factor_low,1,2037,DISTRICT_HEATING,PRIVATELY_RENTED,230304,4130,3679,268200,0.0,0.0,0.0,0.0,0.0,MEDIUM,LOW,MEDIUM,5,COST_BASED,COST_BASED,false,false
4,economic_learning_factor_low,1,2038,DISTRICT_HEATING,PRIVATELY_RENTED,230059,3784,4029,271984,0.0,0.0,0.0,0.0,0.0,MEDIUM,LOW,MEDIUM,5,COST_BASED,COST_BASED,false,false
4,economic_learning_factor_low,1,2039,DISTRICT_HEATING,PRIVATELY_RENTED,228802,2810,4067,274794,0.0,0.0,0.0,0.0,0.0,MEDIUM,LOW,MEDIUM,5,COST_BASED,COST_BASED,false,false
4,economic_learning_factor_low,1,2040,DISTRICT_HEATING,PRIVATELY_RENTED,225778,775,3799,275569,0.0,0.0,0.0,0.0,0.0,MEDIUM,LOW,MEDIUM,5,COST_BASED,COST_BASED,false,false
4,economic_learning_factor_low,1,2041,DISTRICT_HEATING,PRIVATELY_RENTED,222287,788,4279,276357,0.0,0.0,0.0,0.0,0.0,MEDIUM,LOW,MEDIUM,5,COST_BASED,COST_BASED,false,false
4,economic_learning_factor_low,1,2042,DISTRICT_HEATING,PRIVATELY_RENTED,219796,732,3223,277089,0.0,0.0,0.0,0.0,0.0,MEDIUM,LOW,MEDIUM,5,COST_BASED,COST_BASED,false,false
4,economic_learning_factor_low,1,2043,DISTRICT_HEATING,PRIVATELY_RENTED,217210,716,3302,277805,0.0,0.0,0.0,0.0,0.0,MEDIUM,LOW,MEDIUM,5,COST_BASED,COST_BASED,false,false
4,economic_learning_factor_low,1,2044,DISTRICT_HEATING,PRIVATELY_RENTED,215296,652,2566,278457,0.0,0.0,0.0,0.0,0.0,MEDIUM,LOW,MEDIUM,5,COST_BASED,COST_BASED,false,false
4,economic_learning_factor_low,1,2045,DISTRICT_HEATING,PRIVATELY_RENTED,213278,707,2725,279164,0.0,0.0,0.0,0.0,0.0,MEDIUM,LOW,MEDIUM,5,COST_BASED,COST_BASED,false,false
4,economic_learning_factor_low,1,2046,DISTRICT_HEATING,PRIVATELY_RENTED,211014,744,3008,279908,0.0,0.0,0.0,0.0,0.0,MEDIUM,LOW,MEDIUM,5,COST_BASED,COST_BASED,false,false
4,economic_learning_factor_low,1,2047,DISTRICT_HEATING,PRIVATELY_RENTED,208214,718,3518,280626,0.0,0.0,0.0,0.0,0.0,MEDIUM,LOW,MEDIUM,5,COST_BASED,COST_BASED,false,false
4,economic_learning_factor_low,1,2048,DISTRICT_HEATING,PRIVATELY_RENTED,205489,789,3514,281415,0.0,0.0,0.0,0.0,0.0,MEDIUM,LOW,MEDIUM,5,COST_BASED,COST_BASED,false,false
4,economic_learning_factor_low,1,2049,DISTRICT_HEATING,PRIVATELY_RENTED,202855,746,3380,282161,0.0,0.0,0.0,0.0,0.0,MEDIUM,LOW,MEDIUM,5,COST_BASED,COST_BASED,false,false
4,economic_learning_factor_low,1,2050,DISTRICT_HEATING,PRIVATELY_RENTED,199756,730,3829,282891,0.0,0.0,0.0,0.0,0.0,MEDIUM,LOW,MEDIUM,5,COST_BASED,COST_BASED,false,false
4,economic_learning_factor_low,1,2024,ELECTRIC_HEAT_PUMP,TOTAL,399156,399156,0,399156,0.0,0.0,0.0,0.0,0.0,MEDIUM,LOW,MEDIUM,5,COST_BASED,COST_BASED,false,false
4,economic_learning_factor_low,1,2025,ELECTRIC_HEAT_PUMP,TOTAL,776799,417823,40180,816979,0.4706117077974953,0.4532421377092329,0.05215528808137494,1712.296170946188,0.44745228101316215,MEDIUM,LOW,MEDIUM,5,COST_BASED,COST_BASED,false,false
4,economic_learning_factor_low,1,2026,ELECTRIC_HEAT_PUMP,TOTAL,998344,244786,23241,1061765,0.469224936713841,0.4505404012771199,0.0745697797759711,1685.2798445496924,0.4443122227982405,MEDIUM,LOW,MEDIUM,5,COST_BASED,COST_BASED,false,false
4,economic_learning_factor_low,1,2027,ELECTRIC_HEAT_PUMP,TOTAL,1222693,247564,23215,1309329,0.48080387252591256,0.4627624948749001,0.09392382560511646,1702.1726634646259,0.45674870232458326,MEDIUM,LOW,MEDIUM,5,COST_BASED,COST_BASED,false,false
4,economic_learning_factor_low,1,2028,ELECTRIC_HEAT_PUMP,TOTAL,1440617,240651,22727,1549980,0.4733756457493671,0.4549057145507713,0.10922588587582663,1656.4884432989434,0.44874907081788007,MEDIUM,LOW,MEDIUM,5,COST_BASED,COST_BASED,false,false
4,economic_learning_factor_low,1,2029,ELECTRIC_HEAT_PUMP,TOTAL,1666959,248659,22317,1798639,0.48990810832687604,0.4747681479891029,0.13116748465392974,1699.7701345994833,0.46972149454314394,MEDIUM,LOW,MEDIUM,5,COST_BASED,COST_BASED,false,false
4,economic_learning_factor_low,1,2030,ELECTRIC_HEAT_PUMP,TOTAL,1896225,251974,22708,2050613,0.4936833218865324,0.47896141459949004,0.1510685152952956,1690.2982775117507,0.4740541121704653,MEDIUM,LOW,MEDIUM,5,COST_BASED,COST_BASED,false,false
4,economic_learning_factor_low,1,2031,ELECTRIC_HEAT_PUMP,TOTAL,2128379,256429,24275,2307042,0.5025216961744448,0.48874678832392565,0.17333495139149052,1697.270352274332,0.4841551523737748,MEDIUM,LOW,MEDIUM,5,COST_BASED,COST_BASED,false,false
4,economic_learning_factor_low,1,2032,ELECTRIC_HEAT_PUMP,TOTAL,2363941,260855,25293,2567897,0.5063310122557858,0.4915405880595596,0.19488148232780908,1697.8153228410247,0.48661044666082415,MEDIUM,LOW,MEDIUM,5,COST_BASED,COST_BASED,false,false
4,economic_learning_factor_low,1,2033,ELECTRIC_HEAT_PUMP,TOTAL,2592678,254748,26011,2822645,0.5072794699668233,0.4944964673979233,0.21589872854823372,1682.2124194473654,0.490235466541615,MEDIUM,LOW,MEDIUM,5,COST_BASED,COST_BASED,false,false
4,economic_learning_factor_low,1,2034,ELECTRIC_HEAT_PUMP,TOTAL,2813613,248953,28018,3071598,0.5133917902990524,0.5027134526351421,0.23822336503725125,1651.787290692737,0.499154006747152,MEDIUM,LOW,MEDIUM,5,COST_BASED,COST_BASED,false,false
4,economic_learning_factor_low,1,2035,ELECTRIC_HEAT_PUMP,TOTAL,3043820,258847,28640,3330445,0.524880688417457,0.5144158810990513,0.26513222377177076,1671.5328775134558,0.5109276119928989,MEDIUM,LOW,MEDIUM,5,COST_BASED,COST_BASED,false,false
4,economic_learning_factor_low,1,2036,ELECTRIC_HEAT_PUMP,TOTAL,3194800,182501,31521,3512946,0.5414245681655184,0.5325430521871982,0.29167804477298953,1670.2559118048534,0.5295825468610723,MEDIUM,LOW,MEDIUM,5,COST_BASED,COST_BASED,false,false
4,economic_learning_factor_low,1,2037,ELECTRIC_HEAT_PUMP,TOTAL,3186196,27322,35926,3540268,0.5271879187645561,0.5904206705037709,0.3165351640433872,1461.5196929375725,0.6114982544168411,MEDIUM,LOW,MEDIUM,5,COST_BASED,COST_BASED,false,false
4,economic_learning_factor_low,1,2038,ELECTRIC_HEAT_PUMP,TOTAL,3181710,26656,31142,3566924,0.5310357328727482,0.5822887504432492,0.3099045184645986,1484.9778144689294,0.59937308963342,MEDIUM,LOW,MEDIUM,5,COST_BASED,COST_BASED,false,false
4,economic_learning_factor_low,1,2039,ELECTRIC_HEAT_PUMP,TOTAL,3182438,14670,13942,3581594,0.4511904336879934,0.49918004525154536,0.27220796908069156,1381.8499431109929,0.5151765824393982,MEDIUM,LOW,MEDIUM,5,COST_BASED,COST_BASED,false,false
4,economic_learning_factor_low,1,2040,ELECTRIC_HEAT_PUMP,TOTAL,3190399,425784,417823,4007378,0.47511103534003263,0.48780054360436226,0.25947737518274555,1309.8823600175108,0.49203037969252794,MEDIUM,LOW,MEDIUM,5,COST_BASED,COST_BASED,false,false
4,economic_learning_factor_low,1,2041,ELECTRIC_HEAT_PUMP,TOTAL,3196809,251196,244786,4258574,0.4696189431827867,0.48174155117065814,0.2572269719598505,1295.3090029552536,0.48578242049995124,MEDIUM,LOW,MEDIUM,5,COST_BASED,COST_BASED,false,false
4,economic_learning_factor_low,1,2042,ELECTRIC_HEAT_PUMP,TOTAL,3201452,252207,247564,4510781,0.4815176560519259,0.4939376885162175,0.2641808840848256,1323.5044447016421,0.49807769933766644,MEDIUM,LOW,MEDIUM,5,COST_BASED,COST_BASED,false,false
4,economic_learning_factor_low,1,2043,ELECTRIC_HEAT_PUMP,TOTAL,3206754,245953,240651,4756734,0.47438401177771006,0.48766887547675547,0.26062777036047374,1294.8083784748608,0.49209716337642573,MEDIUM,LOW,MEDIUM,5,COST_BASED,COST_BASED,false,false
4,economic_learning_factor_low,1,2044,ELECTRIC_HEAT_PUMP,TOTAL,3213298,255203,248659,5011937,0.49323295275971185,0.5091984112005307,0.27187856990361187,1344.8416279739818,0.5145202306808246,MEDIUM,LOW,MEDIUM,5,COST_BASED,COST_BASED,false,false
4,economic_learning_factor_low,1,2045,ELECTRIC_HEAT_PUMP,TOTAL,3217929,256605,251974,5268542,0.49530558494751104,0.5118890245352249,0.2733665794219772,1338.7297457600323,0.517416837731112,MEDIUM,LOW,MEDIUM,5,COST_BASED,COST_BASED,false,false
4,economic_learning_factor_low,1,2046,ELECTRIC_HEAT_PUMP,TOTAL,3222900,261400,256429,5529942,0.5034603108153916,0.5211460012106807,0.27782735758689725,1346.8407079788158,0.5270412313424417,MEDIUM,LOW,MEDIUM,5,COST_BASED,COST_BASED,false,false
4,economic_learning_factor_low,1,2047,ELECTRIC_HEAT_PUMP,TOTAL,3227948,265903,260855,5795845,0.5063863190162499,0.5224923662479894,0.27931143522166235,1345.5918362935213,0.5278610486585713,MEDIUM,LOW,MEDIUM,5,COST_BASED,COST_BASED,false,false
4,economic_learning_factor_low,1,2048,ELECTRIC_HEAT_PUMP,TOTAL,3233713,260513,254748,6056358,0.5097002592415207,0.5256792067008899,0.2806528370014319,1339.8382708806218,0.5310055225206676,MEDIUM,LOW,MEDIUM,5,COST_BASED,COST_BASED,false,false
4,economic_learning_factor_low,1,2049,ELECTRIC_HEAT_PUMP,TOTAL,3239711,254951,248953,6311309,0.5136441742262922,0.5327561258521611,0.28463555731378465,1321.6783213648437,0.539126776394098,MEDIUM,LOW,MEDIUM,5,COST_BASED,COST_BASED,false,false
4,economic_learning_factor_low,1,2050,ELECTRIC_HEAT_PUMP,TOTAL,3246600,265736,258847,6577045,0.5258938769156171,0.545163986400264,0.29122452224827455,1335.416219914429,0.5515873562284753,MEDIUM,LOW,MEDIUM,5,COST_BASED,COST_BASED,false,false
4,economic_learning_factor_low,1,2024,ELECTRIC_HEAT_PUMP,PRIVATELY_OWNED,328414,328414,0,328414,0.0,0.0,0.0,0.0,0.0,MEDIUM,LOW,MEDIUM,5,COST_BASED,COST_BASED,false,false
4,economic_learning_factor_low,1,2025,ELECTRIC_HEAT_PUMP,PRIVATELY_OWNED,574181,275246,29479,603660,0.714387840648267,0.6880208602634909,0.07917164620748103,2599.2629249226115,0.6792318668019243,MEDIUM,LOW,MEDIUM,5,COST_BASED,COST_BASED,false,false
4,economic_learning_factor_low,1,2026,ELECTRIC_HEAT_PUMP,PRIVATELY_OWNED,716245,160753,18689,764413,0.7145104312730356,0.6860586282496817,0.11355083956281288,2566.2532707193086,0.6765746939086057,MEDIUM,LOW,MEDIUM,5,COST_BASED,COST_BASED,false,false
4,economic_learning_factor_low,1,2027,ELECTRIC_HEAT_PUMP,PRIVATELY_OWNED,864225,166625,18645,931038,0.7143569686301876,0.6875518936606738,0.13954783473131313,2529.012292620895,0.6786168686708665,MEDIUM,LOW,MEDIUM,5,COST_BASED,COST_BASED,false,false
4,economic_learning_factor_low,1,2028,ELECTRIC_HEAT_PUMP,PRIVATELY_OWNED,1005429,159501,18297,1090539,0.7142169799890341,0.6863500235883014,0.16479720291348365,2499.26709154384,0.6770610381213513,MEDIUM,LOW,MEDIUM,5,COST_BASED,COST_BASED,false,false
4,economic_learning_factor_low,1,2029,ELECTRIC_HEAT_PUMP,PRIVATELY_OWNED,1157820,170618,18227,1261157,0.7139930154406491,0.6919280082454509,0.19116374337151718,2477.2482498878953,0.6845730058470011,MEDIUM,LOW,MEDIUM,5,COST_BASED,COST_BASED,false,false
4,economic_learning_factor_low,1,2030,ELECTRIC_HEAT_PUMP,PRIVATELY_OWNED,1313388,174299,18731,1435456,0.7136894723953501,0.6924068610966896,0.2183910296273462,2443.5666193021525,0.6853126573304541,MEDIUM,LOW,MEDIUM,5,COST_BASED,COST_BASED,false,false
4,economic_learning_factor_low,1,2031,ELECTRIC_HEAT_PUMP,PRIVATELY_OWNED,1473714,180378,20052,1615834,0.7143949707188055,0.6948122841095695,0.24641646015793792,2412.8737382793615,0.6882847219065225,MEDIUM,LOW,MEDIUM,5,COST_BASED,COST_BASED,false,false
4,economic_learning_factor_low,1,2032,ELECTRIC_HEAT_PUMP,PRIVATELY_OWNED,1637599,184839,20954,1800673,0.7145622742061091,0.6936892111420014,0.2750275054107663,2396.0507038000396,0.686731523453975,MEDIUM,LOW,MEDIUM,5,COST_BASED,COST_BASED,false,false
4,economic_learning_factor_low,1,2033,ELECTRIC_HEAT_PUMP,PRIVATELY_OWNED,1797249,180959,21309,1981632,0.7141309932918964,0.696135511782703,0.30393497587964924,2368.16212196894,0.6901370179462936,MEDIUM,LOW,MEDIUM,5,COST_BASED,COST_BASED,false,false
4,economic_learning_factor_low,1,2034,ELECTRIC_HEAT_PUMP,PRIVATELY_OWNED,1953331,178996,22914,2160628,0.7140406845422242,0.6991889325676358,0.33132819390443813,2297.3552558706842,0.6942383485760784,MEDIUM,LOW,MEDIUM,5,COST_BASED,COST_BASED,false,false
4,economic_learning_factor_low,1,2035,ELECTRIC_HEAT_PUMP,PRIVATELY_OWNED,2120137,190298,23492,2350926,0.7139528085150317,0.6997183763089794,0.36063795061772347,2273.651172086546,0.6949735655736051,MEDIUM,LOW,MEDIUM,5,COST_BASED,COST_BASED,false,false
4,economic_learning_factor_low,1,2036,ELECTRIC_HEAT_PUMP,PRIVATELY_OWNED,2232065,138280,26352,2489206,0.7145684489063876,0.7028466847498978,0.3849546922846063,2204.392350016615,0.6989394300310425,MEDIUM,LOW,MEDIUM,5,COST_BASED,COST_BASED,false,false
4,economic_learning_factor_low,1,2037,ELECTRIC_HEAT_PUMP,PRIVATELY_OWNED,2222595,22392,31862,2511598,0.6432577847662202,0.7204123597491975,0.3862260518039222,1783.2994395516414,0.7461305514101882,MEDIUM,LOW,MEDIUM,5,COST_BASED,COST_BASED,false,false
4,economic_learning_factor_low,1,2038,ELECTRIC_HEAT_PUMP,PRIVATELY_OWNED,2216484,21441,27552,2533039,0.6601972154030118,0.7239162787097269,0.3852812296157987,1846.1624281742354,0.7451559664786364,MEDIUM,LOW,MEDIUM,5,COST_BASED,COST_BASED,false,false
4,economic_learning_factor_low,1,2039,ELECTRIC_HEAT_PUMP,PRIVATELY_OWNED,2215098,10473,11859,2543512,0.6320026412873926,0.6992238388083807,0.3812938896604359,1935.6190838764694,0.721630904648713,MEDIUM,LOW,MEDIUM,5,COST_BASED,COST_BASED,false,false
4,economic_learning_factor_low,1,2040,ELECTRIC_HEAT_PUMP,PRIVATELY_OWNED,2220037,280185,275246,2823697,0.722003951215163,0.7412876016133618,0.3943155940354056,1990.566771160825,0.7477154850795129,MEDIUM,LOW,MEDIUM,5,COST_BASED,COST_BASED,false,false
4,economic_learning_factor_low,1,2041,ELECTRIC_HEAT_PUMP,PRIVATELY_OWNED,2222956,163672,160753,2987369,0.720748815018716,0.7393540171065585,0.39477972071231854,1987.9786420789621,0.7455557511358434,MEDIUM,LOW,MEDIUM,5,COST_BASED,COST_BASED,false,false
4,economic_learning_factor_low,1,2042,ELECTRIC_HEAT_PUMP,PRIVATELY_OWNED,2225109,168778,166625,3156147,0.7195376380801294,0.7380970423136289,0.39476867975910135,1977.7286464163992,0.7442835103914897,MEDIUM,LOW,MEDIUM,5,COST_BASED,COST_BASED,false,false
4,economic_learning_factor_low,1,2043,ELECTRIC_HEAT_PUMP,PRIVATELY_OWNED,2227827,162219,159501,3318366,0.719250956107257,0.7393931840914717,0.3951582860421381,1963.160943607268,0.7461072600861923,MEDIUM,LOW,MEDIUM,5,COST_BASED,COST_BASED,false,false
4,economic_learning_factor_low,1,2044,ELECTRIC_HEAT_PUMP,PRIVATELY_OWNED,2232459,175250,170618,3493616,0.7182569428994964,0.7415062033301514,0.39591570142716953,1958.3886903500375,0.749255956807067,MEDIUM,LOW,MEDIUM,5,COST_BASED,COST_BASED,false,false
4,economic_learning_factor_low,1,2045,ELECTRIC_HEAT_PUMP,PRIVATELY_OWNED,2235074,176914,174299,3670530,0.7184162340202362,0.7424696922847337,0.3965046921813788,1941.7612309413223,0.7504875117062075,MEDIUM,LOW,MEDIUM,5,COST_BASED,COST_BASED,false,false
4,economic_learning_factor_low,1,2046,ELECTRIC_HEAT_PUMP,PRIVATELY_OWNED,2237785,183089,180378,3853619,0.7188008304548243,0.7440510610493908,0.39665993737043154,1922.912687630947,0.7524678045809101,MEDIUM,LOW,MEDIUM,5,COST_BASED,COST_BASED,false,false
4,economic_learning_factor_low,1,2047,ELECTRIC_HEAT_PUMP,PRIVATELY_OWNED,2240033,187087,184839,4040706,0.7197167167434289,0.74260791857499,0.3969797396919384,1912.4626833823631,0.7502383191855131,MEDIUM,LOW,MEDIUM,5,COST_BASED,COST_BASED,false,false
4,economic_learning_factor_low,1,2048,ELECTRIC_HEAT_PUMP,PRIVATELY_OWNED,2243075,184001,180959,4224707,0.7216457716848619,0.7442691462289276,0.3973549737542406,1896.974948298778,0.7518102710769325,MEDIUM,LOW,MEDIUM,5,COST_BASED,COST_BASED,false,false
4,economic_learning_factor_low,1,2049,ELECTRIC_HEAT_PUMP,PRIVATELY_OWNED,2246440,182361,178996,4407068,0.7181036288634489,0.7448232190113804,0.39793662007066594,1847.7811029238067,0.7537297490606637,MEDIUM,LOW,MEDIUM,5,COST_BASED,COST_BASED,false,false
4,economic_learning_factor_low,1,2050,ELECTRIC_HEAT_PUMP,PRIVATELY_OWNED,2250232,194090,190298,4601158,0.7200213059717059,0.7464047456853034,0.39872656831453185,1828.3691308938157,0.75519922558983,MEDIUM,LOW,MEDIUM,5,COST_BASED,COST_BASED,false,false
4,economic_learning_factor_low,1,2024,ELECTRIC_HEAT_PUMP,SOCIAL_HOUSING,4619,4619,0,4619,0.0,0.0,0.0,0.0,0.0,MEDIUM,LOW,MEDIUM,5,COST_BASED,COST_BASED,false,false
4,economic_learning_factor_low,1,2025,ELECTRIC_HEAT_PUMP,SOCIAL_HOUSING,240,0,4379,4619,0.0,0.0,0.0,0.0,0.0,MEDIUM,LOW,MEDIUM,5,COST_BASED,COST_BASED,false,false
4,economic_learning_factor_low,1,2026,ELECTRIC_HEAT_PUMP,SOCIAL_HOUSING,66,0,174,4619,0.0,0.0,0.0,0.0,0.0,MEDIUM,LOW,MEDIUM,5,COST_BASED,COST_BASED,false,false
4,economic_learning_factor_low,1,2027,ELECTRIC_HEAT_PUMP,SOCIAL_HOUSING,24,0,42,4619,0.0,0.0,0.0,0.0,0.0,MEDIUM,LOW,MEDIUM,5,COST_BASED,COST_BASED,false,false
4,economic_learning_factor_low,1,2028,ELECTRIC_HEAT_PUMP,SOCIAL_HOUSING,13,0,11,4619,0.0,0.0,0.0,0.0,0.0,MEDIUM,LOW,MEDIUM,5,COST_BASED,COST_BASED,false,false
4,economic_learning_factor_low,1,2029,ELECTRIC_HEAT_PUMP,SOCIAL_HOUSING,4,0,9,4619,0.0,0.0,0.0,0.0,0.0,MEDIUM,LOW,MEDIUM,5,COST_BASED,COST_BASED,false,false
4,economic_learning_factor_low,1,2030,ELECTRIC_HEAT_PUMP,SOCIAL_HOUSING,2,0,2,4619,0.0,0.0,0.0,0.0,0.0,MEDIUM,LOW,MEDIUM,5,COST_BASED,COST_BASED,false,false
4,economic_learning_factor_low,1,2031,ELECTRIC_HEAT_PUMP,SOCIAL_HOUSING,2,0,0,4619,0.0,0.0,0.0,0.0,0.0,MEDIUM,LOW,MEDIUM,5,COST_BASED,COST_BASED,false,false
4,economic_learning_factor_low,1,2032,ELECTRIC_HEAT_PUMP,SOCIAL_HOUSING,1,0,1,4619,0.0,0.0,0.0,0.0,0.0,MEDIUM,LOW,MEDIUM,5,COST_BASED,COST_BASED,false,false
4,economic_learning_factor_low,1,2033,ELECTRIC_HEAT_PUMP,SOCIAL_HOUSING,1,0,0,4619,0.0,0.0,0.0,0.0,0.0,MEDIUM,LOW,MEDIUM,5,COST_BASED,COST_BASED,false,false
4,economic_learning_factor_low,1,2034,ELECTRIC_HEAT_PUMP,SOCIAL_HOUSING,1,0,0,4619,0.0,0.0,0.0,0.0,0.0,MEDIUM,LOW,MEDIUM,5,COST_BASED,COST_BASED,false,false
4,economic_learning_factor_low,1,2035,ELECTRIC_HEAT_PUMP,SOCIAL_HOUSING,0,0,1,4619,0.0,0.0,0.0,0.0,0.0,MEDIUM,LOW,MEDIUM,5,COST_BASED,COST_BASED,false,false
4,economic_learning_factor_low,1,2036,ELECTRIC_HEAT_PUMP,SOCIAL_HOUSING,0,0,0,4619,0.0,0.0,0.0,0.0,0.0,MEDIUM,LOW,MEDIUM,5,COST_BASED,COST_BASED,false,false
4,economic_learning_factor_low,1,2037,ELECTRIC_HEAT_PUMP,SOCIAL_HOUSING,0,0,0,4619,0.0,0.0,0.0,0.0,0.0,MEDIUM,LOW,MEDIUM,5,COST_BASED,COST_BASED,false,false
4,economic_learning_factor_low,1,2038,ELECTRIC_HEAT_PUMP,SOCIAL_HOUSING,0,0,0,4619,0.0,0.0,0.0,0.0,0.0,MEDIUM,LOW,MEDIUM,5,COST_BASED,COST_BASED,false,false
4,economic_learning_factor_low,1,2039,ELECTRIC_HEAT_PUMP,SOCIAL_HOUSING,0,0,0,4619,0.0,0.0,0.0,0.0,0.0,MEDIUM,LOW,MEDIUM,5,COST_BASED,COST_BASED,false,false
4,economic_learning_factor_low,1,2040,ELECTRIC_HEAT_PUMP,SOCIAL_HOUSING,0,0,0,4619,0.0,0.0,0.0,0.0,0.0,MEDIUM,LOW,MEDIUM,5,COST_BASED,COST_BASED,false,false
4,economic_learning_factor_low,1,2041,ELECTRIC_HEAT_PUMP,SOCIAL_HOUSING,0,0,0,4619,0.0,0.0,0.0,0.0,0.0,MEDIUM,LOW,MEDIUM,5,COST_BASED,COST_BASED,false,false
4,economic_learning_factor_low,1,2042,ELECTRIC_HEAT_PUMP,SOCIAL_HOUSING,0,0,0,4619,0.0,0.0,0.0,0.0,0.0,MEDIUM,LOW,MEDIUM,5,COST_BASED,COST_BASED,false,false
4,economic_learning_factor_low,1,2043,ELECTRIC_HEAT_PUMP,SOCIAL_HOUSING,0,0,0,4619,0.0,0.0,0.0,0.0,0.0,MEDIUM,LOW,MEDIUM,5,COST_BASED,COST_BASED,false,false
4,economic_learning_factor_low,1,2044,ELECTRIC_HEAT_PUMP,SOCIAL_HOUSING,0,0,0,4619,0.0,0.0,0.0,0.0,0.0,MEDIUM,LOW,MEDIUM,5,COST_BASED,COST_BASED,false,false
4,economic_learning_factor_low,1,2045,ELECTRIC_HEAT_PUMP,SOCIAL_HOUSING,0,0,0,4619,0.0,0.0,0.0,0.0,0.0,MEDIUM,LOW,MEDIUM,5,COST_BASED,COST_BASED,false,false
4,economic_learning_factor_low,1,2046,ELECTRIC_HEAT_PUMP,SOCIAL_HOUSING,0,0,0,4619,0.0,0.0,0.0,0.0,0.0,MEDIUM,LOW,MEDIUM,5,COST_BASED,COST_BASED,false,false
4,economic_learning_factor_low,1,2047,ELECTRIC_HEAT_PUMP,SOCIAL_HOUSING,0,0,0,4619,0.0,0.0,0.0,0.0,0.0,MEDIUM,LOW,MEDIUM,5,COST_BASED,COST_BASED,false,false
4,economic_learning_factor_low,1,2048,ELECTRIC_HEAT_PUMP,SOCIAL_HOUSING,0,0,0,4619,0.0,0.0,0.0,0.0,0.0,MEDIUM,LOW,MEDIUM,5,COST_BASED,COST_BASED,false,false
4,economic_learning_factor_low,1,2049,ELECTRIC_HEAT_PUMP,SOCIAL_HOUSING,0,0,0,4619,0.0,0.0,0.0,0.0,0.0,MEDIUM,LOW,MEDIUM,5,COST_BASED,COST_BASED,false,false
4,economic_learning_factor_low,1,2050,ELECTRIC_HEAT_PUMP,SOCIAL_HOUSING,0,0,0,4619,0.0,0.0,0.0,0.0,0.0,MEDIUM,LOW,MEDIUM,5,COST_BASED,COST_BASED,false,false
4,economic_learning_factor_low,1,2024,ELECTRIC_HEAT_PUMP,PRIVATELY_RENTED,66123,66123,0,66123,0.0,0.0,0.0,0.0,0.0,MEDIUM,LOW,MEDIUM,5,COST_BASED,COST_BASED,false,false
4,economic_learning_factor_low,1,2025,ELECTRIC_HEAT_PUMP,PRIVATELY_RENTED,202378,142577,6322,208700,0.0,0.0,0.0,0.0,0.0,MEDIUM,LOW,MEDIUM,5,COST_BASED,COST_BASED,false,false
4,economic_learning_factor_low,1,2026,ELECTRIC_HEAT_PUMP,PRIVATELY_RENTED,282033,84033,4378,292733,0.0,0.0,0.0,0.0,0.0,MEDIUM,LOW,MEDIUM,5,COST_BASED,COST_BASED,false,false
4,economic_learning_factor_low,1,2027,ELECTRIC_HEAT_PUMP,PRIVATELY_RENTED,358444,80939,4528,373672,0.0,0.0,0.0,0.0,0.0,MEDIUM,LOW,MEDIUM,5,COST_BASED,COST_BASED,false,false
4,economic_learning_factor_low,1,2028,ELECTRIC_HEAT_PUMP,PRIVATELY_RENTED,435175,81150,4419,454822,0.0,0.0,0.0,0.0,0.0,MEDIUM,LOW,MEDIUM,5,COST_BASED,COST_BASED,false,false
4,economic_learning_factor_low,1,2029,ELECTRIC_HEAT_PUMP,PRIVATELY_RENTED,509135,78041,4081,532863,0.0,0.0,0.0,0.0,0.0,MEDIUM,LOW,MEDIUM,5,COST_BASED,COST_BASED,false,false
4,economic_learning_factor_low,1,2030,ELECTRIC_HEAT_PUMP,PRIVATELY_RENTED,582835,77675,3975,610538,0.0,0.0,0.0,0.0,0.0,MEDIUM,LOW,MEDIUM,5,COST_BASED,COST_BASED,false,false
4,economic_learning_factor_low,1,2031,ELECTRIC_HEAT_PUMP,PRIVATELY_RENTED,654663,76051,4223,686589,0.0,0.0,0.0,0.0,0.0,MEDIUM,LOW,MEDIUM,5,COST_BASED,COST_BASED,false,false
4,economic_learning_factor_low,1,2032,ELECTRIC_HEAT_PUMP,PRIVATELY_RENTED,726341,76016,4338,762605,0.0,0.0,0.0,0.0,0.0,MEDIUM,LOW,MEDIUM,5,COST_BASED,COST_BASED,false,false
4,economic_learning_factor_low,1,2033,ELECTRIC_HEAT_PUMP,PRIVATELY_RENTED,795428,73789,4702,836394,0.0,0.0,0.0,0.0,0.0,MEDIUM,LOW,MEDIUM,5,COST_BASED,COST_BASED,false,false
4,economic_learning_factor_low,1,2034,ELECTRIC_HEAT_PUMP,PRIVATELY_RENTED,860281,69957,5104,906351,0.0,0.0,0.0,0.0,0.0,MEDIUM,LOW,MEDIUM,5,COST_BASED,COST_BASED,false,false
4,economic_learning_factor_low,1,2035,ELECTRIC_HEAT_PUMP,PRIVATELY_RENTED,923683,68549,5147,974900,0.0,0.0,0.0,0.0,0.0,MEDIUM,LOW,MEDIUM,5,COST_BASED,COST_BASED,false,false
4,economic_learning_factor_low,1,2036,ELECTRIC_HEAT_PUMP,PRIVATELY_RENTED,962735,44221,5169,1019121,0.0,0.0,0.0,0.0,0.0,MEDIUM,LOW,MEDIUM,5,COST_BASED,COST_BASED,false,false
4,economic_learning_factor_low,1,2037,ELECTRIC_HEAT_PUMP,PRIVATELY_RENTED,963601,4930,4064,1024051,0.0,0.0,0.0,0.0,0.0,MEDIUM,LOW,MEDIUM,5,COST_BASED,COST_BASED,false,false
4,economic_learning_factor_low,1,2038,ELECTRIC_HEAT_PUMP,PRIVATELY_RENTED,965226,5215,3590,1029266,0.0,0.0,0.0,0.0,0.0,MEDIUM,LOW,MEDIUM,5,COST_BASED,COST_BASED,false,false
4,economic_learning_factor_low,1,2039,ELECTRIC_HEAT_PUMP,PRIVATELY_RENTED,967340,4197,2083,1033463,0.0,0.0,0.0,0.0,0.0,MEDIUM,LOW,MEDIUM,5,COST_BASED,COST_BASED,false,false
4,economic_learning_factor_low,1,2040,ELECTRIC_HEAT_PUMP,PRIVATELY_RENTED,970362,145599,142577,1179062,0.0,0.0,0.0,0.0,0.0,MEDIUM,LOW,MEDIUM,5,COST_BASED,COST_BASED,false,false
4,economic_learning_factor_low,1,2041,ELECTRIC_HEAT_PUMP,PRIVATELY_RENTED,973853,87524,84033,1266586,0.0,0.0,0.0,0.0,0.0,MEDIUM,LOW,MEDIUM,5,COST_BASED,COST_BASED,false,false
4,economic_learning_factor_low,1,2042,ELECTRIC_HEAT_PUMP,PRIVATELY_RENTED,976343,83429,80939,1350015,0.0,0.0,0.0,0.0,0.0,MEDIUM,LOW,MEDIUM,5,COST_BASED,COST_BASED,false,false
4,economic_learning_factor_low,1,2043,ELECTRIC_HEAT_PUMP,PRIVATELY_RENTED,978927,83734,81150,1433749,0.0,0.0,0.0,0.0,0.0,MEDIUM,LOW,MEDIUM,5,COST_BASED,COST_BASED,false,false
4,economic_learning_factor_low,1,2044,ELECTRIC_HEAT_PUMP,PRIVATELY_RENTED,980839,79953,78041,1513702,0.0,0.0,0.0,0.0,0.0,MEDIUM,LOW,MEDIUM,5,COST_BASED,COST_BASED,false,false
4,economic_learning_factor_low,1,2045,ELECTRIC_HEAT_PUMP,PRIVATELY_RENTED,982855,79691,77675,1593393,0.0,0.0,0.0,0.0,0.0,MEDIUM,LOW,MEDIUM,5,COST_BASED,COST_BASED,false,false
4,economic_learning_factor_low,1,2046,ELECTRIC_HEAT_PUMP,PRIVATELY_RENTED,985115,78311,76051,1671704,0.0,0.0,0.0,0.0,0.0,MEDIUM,LOW,MEDIUM,5,COST_BASED,COST_BASED,false,false
4,economic_learning_factor_low,1,2047,ELECTRIC_HEAT_PUMP,PRIVATELY_RENTED,987915,78816,76016,1750520,0.0,0.0,0.0,0.0,0.0,MEDIUM,LOW,MEDIUM,5,COST_BASED,COST_BASED,false,false
4,economic_learning_factor_low,1,2048,ELECTRIC_HEAT_PUMP,PRIVATELY_RENTED,990638,76512,73789,1827032,0.0,0.0,0.0,0.0,0.0,MEDIUM,LOW,MEDIUM,5,COST_BASED,COST_BASED,false,false
4,economic_learning_factor_low,1,2049,ELECTRIC_HEAT_PUMP,PRIVATELY_RENTED,993271,72590,69957,1899622,0.0,0.0,0.0,0.0,0.0,MEDIUM,LOW,MEDIUM,5,COST_BASED,COST_BASED,false,false
4,economic_learning_factor_low,1,2050,ELECTRIC_HEAT_PUMP,PRIVATELY_RENTED,996368,71646,68549,1971268,0.0,0.0,0.0,0.0,0.0,MEDIUM,LOW,MEDIUM,5,COST_BASED,COST_BASED,false,false
4,economic_learning_factor_low,1,2024,HYBRID_HEAT_PUMP,TOTAL,156254,156254,0,156254,0.0,0.0,0.0,0.0,0.0,MEDIUM,LOW,MEDIUM,5,COST_BASED,COST_BASED,false,false
4,economic_learning_factor_low,1,2025,HYBRID_HEAT_PUMP,TOTAL,2102620,1964262,17896,2120516,0.14377338410620427,0.13403126994243655,0.010373333813926872,367.284211187482,0.13078389855450875,MEDIUM,LOW,MEDIUM,5,COST_BASED,COST_BASED,false,false
4,economic_learning_factor_low,1,2026,HYBRID_HEAT_PUMP,TOTAL,2317360,1819923,1605183,3940439,0.09323004503281983,0.08689990294356344,0.012879988742477245,233.94989782828296,0.08478985558047851,MEDIUM,LOW,MEDIUM,5,COST_BASED,COST_BASED,false,false
4,economic_learning_factor_low,1,2027,HYBRID_HEAT_PUMP,TOTAL,2529162,1819684,1607882,5760123,0.09291951973041382,0.08647818782195861,0.017431147880575537,230.45135752764227,0.08433107718580699,MEDIUM,LOW,MEDIUM,5,COST_BASED,COST_BASED,false,false
4,economic_learning_factor_low,1,2028,HYBRID_HEAT_PUMP,TOTAL,2751378,1830541,1608325,7590664,0.09679569864095994,0.09050314587255139,0.02306894362734012,237.862036910269,0.08840562828308642,MEDIUM,LOW,MEDIUM,5,COST_BASED,COST_BASED,false,false
4,economic_learning_factor_low,1,2029,HYBRID_HEAT_PUMP,TOTAL,2967932,1825500,1608946,9416164,0.09492149953605072,0.0888611573630377,0.027469792412986704,231.84175688556175,0.0868410433053468,MEDIUM,LOW,MEDIUM,5,COST_BASED,COST_BASED,false,false
4,economic_learning_factor_low,1,2030,HYBRID_HEAT_PUMP,TOTAL,3180657,1821634,1608909,11237798,0.09351385490903052,0.08735663186927539,0.03174905304942196,226.00313137509758,0.08530422418936898,MEDIUM,LOW,MEDIUM,5,COST_BASED,COST_BASED,false,false
4,economic_learning_factor_low,1,2031,HYBRID_HEAT_PUMP,TOTAL,3392971,1821581,1609267,13059379,0.09338783778065032,0.08741179158186096,0.0363124356603742,223.7704259714236,0.08541977618226605,MEDIUM,LOW,MEDIUM,5,COST_BASED,COST_BASED,false,false
4,economic_learning_factor_low,1,2032,HYBRID_HEAT_PUMP,TOTAL,3599137,1815313,1609147,14874692,0.09107838618510605,0.08480089540120758,0.03999640776018069,216.90477043743476,0.0827083984732415,MEDIUM,LOW,MEDIUM,5,COST_BASED,COST_BASED,false,false
4,economic_learning_factor_low,1,2033,HYBRID_HEAT_PUMP,TOTAL,3810989,1821197,1609345,16695889,0.09326882393257326,0.08738904687417574,0.04542987669213944,220.02525650417297,0.08542912118804452,MEDIUM,LOW,MEDIUM,5,COST_BASED,COST_BASED,false,false
4,economic_learning_factor_low,1,2034,HYBRID_HEAT_PUMP,TOTAL,4043476,1842011,1609524,18537900,0.10086105568560103,0.09557684416015057,0.054225368041706,231.94997023299885,0.093815440318336,MEDIUM,LOW,MEDIUM,5,COST_BASED,COST_BASED,false,false
4,economic_learning_factor_low,1,2035,HYBRID_HEAT_PUMP,TOTAL,4273070,1838966,1609372,20376866,0.09975387151863958,0.09407148653578794,0.05914352510271568,227.4702741747561,0.09217735820817106,MEDIUM,LOW,MEDIUM,5,COST_BASED,COST_BASED,false,false
4,economic_learning_factor_low,1,2036,HYBRID_HEAT_PUMP,TOTAL,4412376,1748817,1609511,22125683,0.06542311875211748,0.06131937308601157,0.04145299648655123,146.21607291772824,0.059951457863977375,MEDIUM,LOW,MEDIUM,5,COST_BASED,COST_BASED,false,false
4,economic_learning_factor_low,1,2037,HYBRID_HEAT_PUMP,TOTAL,4426391,1623898,1609883,23749581,0.011653397219952366,0.011455480680516869,0.007114867706403537,20.872318597067128,0.011389508500705057,MEDIUM,LOW,MEDIUM,5,COST_BASED,COST_BASED,false,false
4,economic_learning_factor_low,1,2038,HYBRID_HEAT_PUMP,TOTAL,4437070,1620363,1609684,25369944,0.010019419817931701,0.009737042645538692,0.006176467389152406,18.505540998477294,0.009642916921407797,MEDIUM,LOW,MEDIUM,5,COST_BASED,COST_BASED,false,false
4,economic_learning_factor_low,1,2039,HYBRID_HEAT_PUMP,TOTAL,4442646,1610871,1605295,26980815,0.005556578979620708,0.005338792936186465,0.0033814773608077282,10.9123399589606,0.005266197588375088,MEDIUM,LOW,MEDIUM,5,COST_BASED,COST_BASED,false,false
4,economic_learning_factor_low,1,2040,HYBRID_HEAT_PUMP,TOTAL,4441574,1967432,1968504,28948247,0.14222935230537595,0.14219947678411207,0.09591865016619003,279.3862278651756,0.1421895182770303,MEDIUM,LOW,MEDIUM,5,COST_BASED,COST_BASED,false,false
4,economic_learning_factor_low,1,2041,HYBRID_HEAT_PUMP,TOTAL,4441710,1821247,1821111,30769494,0.09261053567075322,0.09301285961173555,0.06235677905902943,181.62278095748914,0.0931469675920665,MEDIUM,LOW,MEDIUM,5,COST_BASED,COST_BASED,false,false
4,economic_learning_factor_low,1,2042,HYBRID_HEAT_PUMP,TOTAL,4443453,1822027,1820284,32591521,0.09292211861600722,0.09331846117206948,0.06250522913091915,181.62499347118995,0.09345057535741577,MEDIUM,LOW,MEDIUM,5,COST_BASED,COST_BASED,false,false
4,economic_learning_factor_low,1,2043,HYBRID_HEAT_PUMP,TOTAL,4444373,1831796,1830876,34423317,0.09650863044588734,0.09739712593519807,0.06497043044990329,187.8021493044658,0.09769329109829832,MEDIUM,LOW,MEDIUM,5,COST_BASED,COST_BASED,false,false
4,economic_learning_factor_low,1,2044,HYBRID_HEAT_PUMP,TOTAL,4442960,1824302,1825715,36247619,0.09382616140420287,0.0933920798238042,0.06299813674205655,182.47984503524182,0.09324738596367178,MEDIUM,LOW,MEDIUM,5,COST_BASED,COST_BASED,false,false
4,economic_learning_factor_low,1,2045,HYBRID_HEAT_PUMP,TOTAL,4444464,1823270,1821766,38070889,0.0934565056047182,0.09383980340189199,0.06283989580496087,180.74129014230846,0.09396756933428786,MEDIUM,LOW,MEDIUM,5,COST_BASED,COST_BASED,false,false
4,economic_learning_factor_low,1,2046,HYBRID_HEAT_PUMP,TOTAL,4445673,1822899,1821690,39893788,0.09322401190141809,0.09365858538943626,0.06267336338648453,179.33511280234316,0.09380344321877505,MEDIUM,LOW,MEDIUM,5,COST_BASED,COST_BASED,false,false
4,economic_learning_factor_low,1,2047,HYBRID_HEAT_PUMP,TOTAL,4447713,1817444,1815404,41711232,0.09123217193591297,0.09161207722973946,0.061377232070409946,174.82360278324452,0.09173871232768119,MEDIUM,LOW,MEDIUM,5,COST_BASED,COST_BASED,false,false
4,economic_learning_factor_low,1,2048,HYBRID_HEAT_PUMP,TOTAL,4448408,1821957,1821262,43533189,0.09292791485624581,0.09321737186492306,0.06249371963669059,176.9938321568206,0.0933138575344821,MEDIUM,LOW,MEDIUM,5,COST_BASED,COST_BASED,false,false
4,economic_learning_factor_low,1,2049,HYBRID_HEAT_PUMP,TOTAL,4448853,1842501,1842056,45375690,0.10034490946468898,0.10145903915395107,0.0674768030657652,186.7689176608173,0.10183041571704005,MEDIUM,LOW,MEDIUM,5,COST_BASED,COST_BASED,false,false
4,economic_learning_factor_low,1,2050,HYBRID_HEAT_PUMP,TOTAL,4449127,1839257,1838983,47214947,0.09926016998229652,0.0996949240819097,0.06661327139544028,183.08661260623333,0.09983984211511326,MEDIUM,LOW,MEDIUM,5,COST_BASED,COST_BASED,false,false
4,economic_learning_factor_low,1,2024,HYBRID_HEAT_PUMP,PRIVATELY_OWNED,131808,131808,0,131808,0.0,0.0,0.0,0.0,0.0,MEDIUM,LOW,MEDIUM,5,COST_BASED,COST_BASED,false,false
4,economic_learning_factor_low,1,2025,HYBRID_HEAT_PUMP,PRIVATELY_OWNED,486930,368898,13776,500706,0.7655465603262176,0.7136729674860538,0.055234632402484225,1955.669098871628,0.6963817698726382,MEDIUM,LOW,MEDIUM,5,COST_BASED,COST_BASED,false,false
4,economic_learning_factor_low,1,2026,HYBRID_HEAT_PUMP,PRIVATELY_OWNED,700150,221665,8445,722371,0.7654411081869693,0.7134691181050631,0.10574780751212602,1920.7849678810016,0.6961451214110987,MEDIUM,LOW,MEDIUM,5,COST_BASED,COST_BASED,false,false
4,economic_learning_factor_low,1,2027,HYBRID_HEAT_PUMP,PRIVATELY_OWNED,912710,220850,8290,943221,0.7656063542726662,0.7125332792783017,0.14362318723077752,1898.7939690800551,0.6948422542801811,MEDIUM,LOW,MEDIUM,5,COST_BASED,COST_BASED,false,false
4,economic_learning_factor_low,1,2028,HYBRID_HEAT_PUMP,PRIVATELY_OWNED,1135954,231422,8178,1174643,0.7656510400304269,0.715877138511836,0.18247464431443342,1881.4814966068946,0.6992858380056749,MEDIUM,LOW,MEDIUM,5,COST_BASED,COST_BASED,false,false
4,economic_learning_factor_low,1,2029,HYBRID_HEAT_PUMP,PRIVATELY_OWNED,1353688,226265,8531,1400908,0.7658241327782052,0.7169294533676235,0.22162555432747985,1870.4931261776808,0.7006312268972691,MEDIUM,LOW,MEDIUM,5,COST_BASED,COST_BASED,false,false
4,economic_learning_factor_low,1,2030,HYBRID_HEAT_PUMP,PRIVATELY_OWNED,1567600,222358,8446,1623266,0.7660979932062572,0.7156558825792444,0.26009927460505455,1851.4961828193477,0.6988418457036715,MEDIUM,LOW,MEDIUM,5,COST_BASED,COST_BASED,false,false
4,economic_learning_factor_low,1,2031,HYBRID_HEAT_PUMP,PRIVATELY_OWNED,1781151,222269,8718,1845535,0.7653496930850222,0.7163736675896228,0.29759454922935763,1833.885770446854,0.7000483257578356,MEDIUM,LOW,MEDIUM,5,COST_BASED,COST_BASED,false,false
4,economic_learning_factor_low,1,2032,HYBRID_HEAT_PUMP,PRIVATELY_OWNED,1988637,216000,8514,2061535,0.7654434188002011,0.712685962191909,0.3361388840757263,1822.916896005051,0.695100143322479,MEDIUM,LOW,MEDIUM,5,COST_BASED,COST_BASED,false,false
4,economic_learning_factor_low,1,2033,HYBRID_HEAT_PUMP,PRIVATELY_OWNED,2201746,221854,8745,2283389,0.7656427305323799,0.7173757065462343,0.37293334869821715,1806.184865134865,0.7012866985508628,MEDIUM,LOW,MEDIUM,5,COST_BASED,COST_BASED,false,false
4,economic_learning_factor_low,1,2034,HYBRID_HEAT_PUMP,PRIVATELY_OWNED,2435491,242639,8894,2526028,0.7656937839526606,0.7255783212438359,0.4116556877166116,1760.864480231358,0.7122065003409115,MEDIUM,LOW,MEDIUM,5,COST_BASED,COST_BASED,false,false
4,economic_learning_factor_low,1,2035,HYBRID_HEAT_PUMP,PRIVATELY_OWNED,2666305,239562,8748,2765590,0.7657473977139386,0.7221273211476437,0.4540074460224937,1746.1454663847126,0.7075872956255479,MEDIUM,LOW,MEDIUM,5,COST_BASED,COST_BASED,false,false
4,economic_learning_factor_low,1,2036,HYBRID_HEAT_PUMP,PRIVATELY_OWNED,2806917,149482,8870,2915072,0.7653969191389052,0.7173864551060295,0.4849661160315026,1710.6083273689324,0.7013829670950839,MEDIUM,LOW,MEDIUM,5,COST_BASED,COST_BASED,false,false
4,economic_learning_factor_low,1,2037,HYBRID_HEAT_PUMP,PRIVATELY_OWNED,2822249,24675,9343,2939747,0.7669271910308494,0.7539020128117521,0.46823989619830964,1373.6379503602882,0.749560286738721,MEDIUM,LOW,MEDIUM,5,COST_BASED,COST_BASED,false,false
4,economic_learning_factor_low,1,2038,HYBRID_HEAT_PUMP,PRIVATELY_OWNED,2834308,21145,9086,2960892,0.7677983993588682,0.7461595475172859,0.4733090200089459,1418.0985542168676,0.7389465969034336,MEDIUM,LOW,MEDIUM,5,COST_BASED,COST_BASED,false,false
4,economic_learning_factor_low,1,2039,HYBRID_HEAT_PUMP,PRIVATELY_OWNED,2840741,11653,5220,2972545,0.7681225381859255,0.7380165378793125,0.4674439043749855,1508.4846805141012,0.7279812044437798,MEDIUM,LOW,MEDIUM,5,COST_BASED,COST_BASED,false,false
4,economic_learning_factor_low,1,2040,HYBRID_HEAT_PUMP,PRIVATELY_OWNED,2839667,367828,368902,3340373,0.760753882425673,0.7605940847578738,0.5130480054095055,1494.3761895811037,0.7605408188686403,MEDIUM,LOW,MEDIUM,5,COST_BASED,COST_BASED,false,false
4,economic_learning_factor_low,1,2041,HYBRID_HEAT_PUMP,PRIVATELY_OWNED,2839803,221801,221665,3562174,0.7604413878149886,0.7637449404163847,0.512022474158909,1491.336580766021,0.7648461246168788,MEDIUM,LOW,MEDIUM,5,COST_BASED,COST_BASED,false,false
4,economic_learning_factor_low,1,2042,HYBRID_HEAT_PUMP,PRIVATELY_OWNED,2841545,222592,220850,3784766,0.7606140787430266,0.7638583410633007,0.5116366047194922,1486.6915341940942,0.7649397618366616,MEDIUM,LOW,MEDIUM,5,COST_BASED,COST_BASED,false,false
4,economic_learning_factor_low,1,2043,HYBRID_HEAT_PUMP,PRIVATELY_OWNED,2842463,232340,231422,4017106,0.7608854403729648,0.7678904437444783,0.512234546855518,1480.6543250724076,0.7702254448682899,MEDIUM,LOW,MEDIUM,5,COST_BASED,COST_BASED,false,false
4,economic_learning_factor_low,1,2044,HYBRID_HEAT_PUMP,PRIVATELY_OWNED,2841048,224850,226265,4241956,0.7612508512430958,0.7577289660072299,0.5111302061588048,1480.5352290748576,0.7565550042619451,MEDIUM,LOW,MEDIUM,5,COST_BASED,COST_BASED,false,false
4,economic_learning_factor_low,1,2045,HYBRID_HEAT_PUMP,PRIVATELY_OWNED,2842550,223860,222358,4465816,0.761174139971029,0.7642959811872045,0.5118113857960824,1472.0815334484353,0.7653365949259673,MEDIUM,LOW,MEDIUM,5,COST_BASED,COST_BASED,false,false
4,economic_learning_factor_low,1,2046,HYBRID_HEAT_PUMP,PRIVATELY_OWNED,2843755,223474,222269,4689290,0.76043726818817,0.763982126098866,0.5112326778231887,1462.853834415988,0.7651637454024264,MEDIUM,LOW,MEDIUM,5,COST_BASED,COST_BASED,false,false
4,economic_learning_factor_low,1,2047,HYBRID_HEAT_PUMP,PRIVATELY_OWNED,2845795,218040,216000,4907330,0.7604538776916778,0.7636205287503514,0.5116019178268856,1457.2193539570312,0.764676079103239,MEDIUM,LOW,MEDIUM,5,COST_BASED,COST_BASED,false,false
4,economic_learning_factor_low,1,2048,HYBRID_HEAT_PUMP,PRIVATELY_OWNED,2846488,222547,221854,5129877,0.7607861034646213,0.7631558420958252,0.5116261731144697,1449.0204381768542,0.763945754972893,MEDIUM,LOW,MEDIUM,5,COST_BASED,COST_BASED,false,false
4,economic_learning_factor_low,1,2049,HYBRID_HEAT_PUMP,PRIVATELY_OWNED,2846932,243083,242639,5372960,0.7605862854810863,0.7690310762175636,0.5114552524260251,1415.6560415947374,0.7718460064630681,MEDIUM,LOW,MEDIUM,5,COST_BASED,COST_BASED,false,false
4,economic_learning_factor_low,1,2050,HYBRID_HEAT_PUMP,PRIVATELY_OWNED,2847204,239834,239562,5612794,0.7612138498341717,0.764547924740116,0.5108488609078083,1404.0683716333085,0.7656592830420911,MEDIUM,LOW,MEDIUM,5,COST_BASED,COST_BASED,false,false
4,economic_learning_factor_low,1,2024,HYBRID_HEAT_PUMP,SOCIAL_HOUSING,1904,1904,0,1904,0.0,0.0,0.0,0.0,0.0,MEDIUM,LOW,MEDIUM,5,COST_BASED,COST_BASED,false,false
4,economic_learning_factor_low,1,2025,HYBRID_HEAT_PUMP,SOCIAL_HOUSING,1595213,1594973,1664,1596877,0.0,0.0,0.0,0.0,0.0,MEDIUM,LOW,MEDIUM,5,COST_BASED,COST_BASED,false,false
4,economic_learning_factor_low,1,2026,HYBRID_HEAT_PUMP,SOCIAL_HOUSING,1598114,1598023,1595122,3194900,0.0,0.0,0.0,0.0,0.0,MEDIUM,LOW,MEDIUM,5,COST_BASED,COST_BASED,false,false
4,economic_learning_factor_low,1,2027,HYBRID_HEAT_PUMP,SOCIAL_HOUSING,1598650,1598611,1598075,4793511,0.0,0.0,0.0,0.0,0.0,MEDIUM,LOW,MEDIUM,5,COST_BASED,COST_BASED,false,false
4,economic_learning_factor_low,1,2028,HYBRID_HEAT_PUMP,SOCIAL_HOUSING,1598904,1598876,1598622,6392387,0.0,0.0,0.0,0.0,0.0,MEDIUM,LOW,MEDIUM,5,COST_BASED,COST_BASED,false,false
4,economic_learning_factor_low,1,2029,HYBRID_HEAT_PUMP,SOCIAL_HOUSING,1599011,1598996,1598889,7991383,0.0,0.0,0.0,0.0,0.0,MEDIUM,LOW,MEDIUM,5,COST_BASED,COST_BASED,false,false
4,economic_learning_factor_low,1,2030,HYBRID_HEAT_PUMP,SOCIAL_HOUSING,1599087,1599079,1599003,9590462,0.0,0.0,0.0,0.0,0.0,MEDIUM,LOW,MEDIUM,5,COST_BASED,COST_BASED,false,false
4,economic_learning_factor_low,1,2031,HYBRID_HEAT_PUMP,SOCIAL_HOUSING,1599105,1599102,1599084,11189564,0.0,0.0,0.0,0.0,0.0,MEDIUM,LOW,MEDIUM,5,COST_BASED,COST_BASED,false,false
4,economic_learning_factor_low,1,2032,HYBRID_HEAT_PUMP,SOCIAL_HOUSING,1599122,1599120,1599103,12788684,0.0,0.0,0.0,0.0,0.0,MEDIUM,LOW,MEDIUM,5,COST_BASED,COST_BASED,false,false
4,economic_learning_factor_low,1,2033,HYBRID_HEAT_PUMP,SOCIAL_HOUSING,1599148,1599146,1599120,14387830,0.0,0.0,0.0,0.0,0.0,MEDIUM,LOW,MEDIUM,5,COST_BASED,COST_BASED,false,false
4,economic_learning_factor_low,1,2034,HYBRID_HEAT_PUMP,SOCIAL_HOUSING,1599167,1599166,1599147,15986996,0.0,0.0,0.0,0.0,0.0,MEDIUM,LOW,MEDIUM,5,COST_BASED,COST_BASED,false,false
4,economic_learning_factor_low,1,2035,HYBRID_HEAT_PUMP,SOCIAL_HOUSING,1599194,1599194,1599167,17586190,0.0,0.0,0.0,0.0,0.0,MEDIUM,LOW,MEDIUM,5,COST_BASED,COST_BASED,false,false
4,economic_learning_factor_low,1,2036,HYBRID_HEAT_PUMP,SOCIAL_HOUSING,1599211,1599211,1599194,19185401,0.0,0.0,0.0,0.0,0.0,MEDIUM,LOW,MEDIUM,5,COST_BASED,COST_BASED,false,false
4,economic_learning_factor_low,1,2037,HYBRID_HEAT_PUMP,SOCIAL_HOUSING,1599211,1599211,1599211,20784612,0.0,0.0,0.0,0.0,0.0,MEDIUM,LOW,MEDIUM,5,COST_BASED,COST_BASED,false,false
4,economic_learning_factor_low,1,2038,HYBRID_HEAT_PUMP,SOCIAL_HOUSING,1599211,1599211,1599211,22383823,0.0,0.0,0.0,0.0,0.0,MEDIUM,LOW,MEDIUM,5,COST_BASED,COST_BASED,false,false
4,economic_learning_factor_low,1,2039,HYBRID_HEAT_PUMP,SOCIAL_HOUSING,1599211,1599211,1599211,23983034,0.0,0.0,0.0,0.0,0.0,MEDIUM,LOW,MEDIUM,5,COST_BASED,COST_BASED,false,false
4,economic_learning_factor_low,1,2040,HYBRID_HEAT_PUMP,SOCIAL_HOUSING,1599211,1599211,1599211,25582245,0.0,0.0,0.0,0.0,0.0,MEDIUM,LOW,MEDIUM,5,COST_BASED,COST_BASED,false,false
4,economic_learning_factor_low,1,2041,HYBRID_HEAT_PUMP,SOCIAL_HOUSING,1599211,1599211,1599211,27181456,0.0,0.0,0.0,0.0,0.0,MEDIUM,LOW,MEDIUM,5,COST_BASED,COST_BASED,false,false
4,economic_learning_factor_low,1,2042,HYBRID_HEAT_PUMP,SOCIAL_HOUSING,1599211,1599211,1599211,28780667,0.0,0.0,0.0,0.0,0.0,MEDIUM,LOW,MEDIUM,5,COST_BASED,COST_BASED,false,false
4,economic_learning_factor_low,1,2043,HYBRID_HEAT_PUMP,SOCIAL_HOUSING,1599211,1599211,1599211,30379878,0.0,0.0,0.0,0.0,0.0,MEDIUM,LOW,MEDIUM,5,COST_BASED,COST_BASED,false,false
4,economic_learning_factor_low,1,2044,HYBRID_HEAT_PUMP,SOCIAL_HOUSING,1599211,1599211,1599211,31979089,0.0,0.0,0.0,0.0,0.0,MEDIUM,LOW,MEDIUM,5,COST_BASED,COST_BASED,false,false
4,economic_learning_factor_low,1,2045,HYBRID_HEAT_PUMP,SOCIAL_HOUSING,1599211,1599211,1599211,33578300,0.0,0.0,0.0,0.0,0.0,MEDIUM,LOW,MEDIUM,5,COST_BASED,COST_BASED,false,false
4,economic_learning_factor_low,1,2046,HYBRID_HEAT_PUMP,SOCIAL_HOUSING,1599211,1599211,1599211,35177511,0.0,0.0,0.0,0.0,0.0,MEDIUM,LOW,MEDIUM,5,COST_BASED,COST_BASED,false,false
4,economic_learning_factor_low,1,2047,HYBRID_HEAT_PUMP,SOCIAL_HOUSING,1599211,1599211,1599211,36776722,0.0,0.0,0.0,0.0,0.0,MEDIUM,LOW,MEDIUM,5,COST_BASED,COST_BASED,false,false
4,economic_learning_factor_low,1,2048,HYBRID_HEAT_PUMP,SOCIAL_HOUSING,1599211,1599211,1599211,38375933,0.0,0.0,0.0,0.0,0.0,MEDIUM,LOW,MEDIUM,5,COST_BASED,COST_BASED,false,false
4,economic_learning_factor_low,1,2049,HYBRID_HEAT_PUMP,SOCIAL_HOUSING,1599211,1599211,1599211,39975144,0.0,0.0,0.0,0.0,0.0,MEDIUM,LOW,MEDIUM,5,COST_BASED,COST_BASED,false,false
4,economic_learning_factor_low,1,2050,HYBRID_HEAT_PUMP,SOCIAL_HOUSING,1599211,1599211,1599211,41574355,0.0,0.0,0.0,0.0,0.0,MEDIUM,LOW,MEDIUM,5,COST_BASED,COST_BASED,false,false
4,economic_learning_factor_low,1,2024,HYBRID_HEAT_PUMP,PRIVATELY_RENTED,22542,22542,0,22542,0.0,0.0,0.0,0.0,0.0,MEDIUM,LOW,MEDIUM,5,COST_BASED,COST_BASED,false,false
4,economic_learning_factor_low,1,2025,HYBRID_HEAT_PUMP,PRIVATELY_RENTED,20477,391,2456,22933,0.0,0.0,0.0,0.0,0.0,MEDIUM,LOW,MEDIUM,5,COST_BASED,COST_BASED,false,false
4,economic_learning_factor_low,1,2026,HYBRID_HEAT_PUMP,PRIVATELY_RENTED,19096,235,1616,23168,0.0,0.0,0.0,0.0,0.0,MEDIUM,LOW,MEDIUM,5,COST_BASED,COST_BASED,false,false
4,economic_learning_factor_low,1,2027,HYBRID_HEAT_PUMP,PRIVATELY_RENTED,17802,223,1517,23391,0.0,0.0,0.0,0.0,0.0,MEDIUM,LOW,MEDIUM,5,COST_BASED,COST_BASED,false,false
4,economic_learning_factor_low,1,2028,HYBRID_HEAT_PUMP,PRIVATELY_RENTED,16520,243,1525,23634,0.0,0.0,0.0,0.0,0.0,MEDIUM,LOW,MEDIUM,5,COST_BASED,COST_BASED,false,false
4,economic_learning_factor_low,1,2029,HYBRID_HEAT_PUMP,PRIVATELY_RENTED,15233,239,1526,23873,0.0,0.0,0.0,0.0,0.0,MEDIUM,LOW,MEDIUM,5,COST_BASED,COST_BASED,false,false
4,economic_learning_factor_low,1,2030,HYBRID_HEAT_PUMP,PRIVATELY_RENTED,13970,197,1460,24070,0.0,0.0,0.0,0.0,0.0,MEDIUM,LOW,MEDIUM,5,COST_BASED,COST_BASED,false,false
4,economic_learning_factor_low,1,2031,HYBRID_HEAT_PUMP,PRIVATELY_RENTED,12715,210,1465,24280,0.0,0.0,0.0,0.0,0.0,MEDIUM,LOW,MEDIUM,5,COST_BASED,COST_BASED,false,false
4,economic_learning_factor_low,1,2032,HYBRID_HEAT_PUMP,PRIVATELY_RENTED,11378,193,1530,24473,0.0,0.0,0.0,0.0,0.0,MEDIUM,LOW,MEDIUM,5,COST_BASED,COST_BASED,false,false
4,economic_learning_factor_low,1,2033,HYBRID_HEAT_PUMP,PRIVATELY_RENTED,10095,197,1480,24670,0.0,0.0,0.0,0.0,0.0,MEDIUM,LOW,MEDIUM,5,COST_BASED,COST_BASED,false,false
4,economic_learning_factor_low,1,2034,HYBRID_HEAT_PUMP,PRIVATELY_RENTED,8818,206,1483,24876,0.0,0.0,0.0,0.0,0.0,MEDIUM,LOW,MEDIUM,5,COST_BASED,COST_BASED,false,false
4,economic_learning_factor_low,1,2035,HYBRID_HEAT_PUMP,PRIVATELY_RENTED,7571,210,1457,25086,0.0,0.0,0.0,0.0,0.0,MEDIUM,LOW,MEDIUM,5,COST_BASED,COST_BASED,false,false
4,economic_learning_factor_low,1,2036,HYBRID_HEAT_PUMP,PRIVATELY_RENTED,6248,124,1447,25210,0.0,0.0,0.0,0.0,0.0,MEDIUM,LOW,MEDIUM,5,COST_BASED,COST_BASED,false,false
4,economic_learning_factor_low,1,2037,HYBRID_HEAT_PUMP,PRIVATELY_RENTED,4931,12,1329,25222,0.0,0.0,0.0,0.0,0.0,MEDIUM,LOW,MEDIUM,5,COST_BASED,COST_BASED,false,false
4,economic_learning_factor_low,1,2038,HYBRID_HEAT_PUMP,PRIVATELY_RENTED,3551,7,1387,25229,0.0,0.0,0.0,0.0,0.0,MEDIUM,LOW,MEDIUM,5,COST_BASED,COST_BASED,false,false
4,economic_learning_factor_low,1,2039,HYBRID_HEAT_PUMP,PRIVATELY_RENTED,2694,7,864,25236,0.0,0.0,0.0,0.0,0.0,MEDIUM,LOW,MEDIUM,5,COST_BASED,COST_BASED,false,false
4,economic_learning_factor_low,1,2040,HYBRID_HEAT_PUMP,PRIVATELY_RENTED,2696,393,391,25629,0.0,0.0,0.0,0.0,0.0,MEDIUM,LOW,MEDIUM,5,COST_BASED,COST_BASED,false,false
4,economic_learning_factor_low,1,2041,HYBRID_HEAT_PUMP,PRIVATELY_RENTED,2696,235,235,25864,0.0,0.0,0.0,0.0,0.0,MEDIUM,LOW,MEDIUM,5,COST_BASED,COST_BASED,false,false
4,economic_learning_factor_low,1,2042,HYBRID_HEAT_PUMP,PRIVATELY_RENTED,2697,224,223,26088,0.0,0.0,0.0,0.0,0.0,MEDIUM,LOW,MEDIUM,5,COST_BASED,COST_BASED,false,false
4,economic_learning_factor_low,1,2043,HYBRID_HEAT_PUMP,PRIVATELY_RENTED,2699,245,243,26333,0.0,0.0,0.0,0.0,0.0,MEDIUM,LOW,MEDIUM,5,COST_BASED,COST_BASED,false,false
4,economic_learning_factor_low,1,2044,HYBRID_HEAT_PUMP,PRIVATELY_RENTED,2701,241,239,26574,0.0,0.0,0.0,0.0,0.0,MEDIUM,LOW,MEDIUM,5,COST_BASED,COST_BASED,false,false
4,economic_learning_factor_low,1,2045,HYBRID_HEAT_PUMP,PRIVATELY_RENTED,2703,199,197,26773,0.0,0.0,0.0,0.0,0.0,MEDIUM,LOW,MEDIUM,5,COST_BASED,COST_BASED,false,false
4,economic_learning_factor_low,1,2046,HYBRID_HEAT_PUMP,PRIVATELY_RENTED,2707,214,210,26987,0.0,0.0,0.0,0.0,0.0,MEDIUM,LOW,MEDIUM,5,COST_BASED,COST_BASED,false,false
4,economic_learning_factor_low,1,2047,HYBRID_HEAT_PUMP,PRIVATELY_RENTED,2707,193,193,27180,0.0,0.0,0.0,0.0,0.0,MEDIUM,LOW,MEDIUM,5,COST_BASED,COST_BASED,false,false
4,economic_learning_factor_low,1,2048,HYBRID_HEAT_PUMP,PRIVATELY_RENTED,2709,199,197,27379,0.0,0.0,0.0,0.0,0.0,MEDIUM,LOW,MEDIUM,5,COST_BASED,COST_BASED,false,false
4,economic_learning_factor_low,1,2049,HYBRID_HEAT_PUMP,PRIVATELY_RENTED,2710,207,206,27586,0.0,0.0,0.0,0.0,0.0,MEDIUM,LOW,MEDIUM,5,COST_BASED,COST_BASED,false,false
4,economic_learning_factor_low,1,2050,HYBRID_HEAT_PUMP,PRIVATELY_RENTED,2712,212,210,27798,0.0,0.0,0.0,0.0,0.0,MEDIUM,LOW,MEDIUM,5,COST_BASED,COST_BASED,false,false
5,economic_learning_factor_high,1,2024,NATURAL_GAS_BOILER,TOTAL,6875301,6875301,0,6875301,0.0,0.0,0.0,0.0,0.0,MEDIUM,HIGH,MEDIUM,5,COST_BASED,COST_BASED,false,false
5,economic_learning_factor_high,1,2025,NATURAL_GAS_BOILER,TOTAL,4819616,10275,2065960,6885576,0.28551141953650677,0.6268996228515078,0.7669269381858065,1770.3157513525514,0.7406956906231512,MEDIUM,HIGH,MEDIUM,5,COST_BASED,COST_BASED,false,false
5,economic_learning_factor_high,1,2026,NATURAL_GAS_BOILER,TOTAL,4384021,5103,440698,6890679,0.2857510271094737,0.6195131833854622,0.6795787637566011,1765.716027595554,0.7307672354774534,MEDIUM,HIGH,MEDIUM,5,COST_BASED,COST_BASED,false,false
5,economic_learning_factor_high,1,2027,NATURAL_GAS_BOILER,TOTAL,3949410,5231,439842,6895910,0.2849455866734828,0.6166498068053257,0.6149533267738848,1756.8465509235875,0.7272178801826312,MEDIUM,HIGH,MEDIUM,5,COST_BASED,COST_BASED,false,false
5,economic_learning_factor_high,1,2028,NATURAL_GAS_BOILER,TOTAL,3509427,5449,445432,6901359,0.28437155154831784,0.6215231029781437,0.5503137548099367,1751.3049197950206,0.7339069534547643,MEDIUM,HIGH,MEDIUM,5,COST_BASED,COST_BASED,false,false
5,economic_learning_factor_high,1,2029,NATURAL_GAS_BOILER,TOTAL,3068408,5042,446061,6906401,0.2837164254387863,0.6163684248582871,0.4845821879625767,1750.118189437073,0.7272524246647711,MEDIUM,HIGH,MEDIUM,5,COST_BASED,COST_BASED,false,false
5,economic_learning_factor_high,1,2030,NATURAL_GAS_BOILER,TOTAL,2625695,5571,448284,6911972,0.28259127542086954,0.6160842825765197,0.4178041012044263,1737.632629507473,0.7272486182950689,MEDIUM,HIGH,MEDIUM,5,COST_BASED,COST_BASED,false,false
5,economic_learning_factor_high,1,2031,NATURAL_GAS_BOILER,TOTAL,2179844,6023,451874,6917995,0.28064731822057926,0.6220783141787063,0.35147472733124463,1716.5507977664008,0.7358886461648597,MEDIUM,HIGH,MEDIUM,5,COST_BASED,COST_BASED,false,false
5,economic_learning_factor_high,1,2032,NATURAL_GAS_BOILER,TOTAL,1734782,5762,450824,6923757,0.26126794375996887,0.5673848340203069,0.26745049534664406,1598.0976159223733,0.6694237974403983,MEDIUM,HIGH,MEDIUM,5,COST_BASED,COST_BASED,false,false
5,economic_learning_factor_high,1,2033,NATURAL_GAS_BOILER,TOTAL,1292009,6696,449469,6930453,0.21997329412780917,0.4794802899279269,0.17468381719309536,1340.9867024251307,0.5659826218613735,MEDIUM,HIGH,MEDIUM,5,COST_BASED,COST_BASED,false,false
5,economic_learning_factor_high,1,2034,NATURAL_GAS_BOILER,TOTAL,834250,7400,465159,6937853,0.21467357357832156,0.46650218825325,0.11984824951441171,1275.5229188311037,0.5504450598115733,MEDIUM,HIGH,MEDIUM,5,COST_BASED,COST_BASED,false,false
5,economic_learning_factor_high,1,2035,NATURAL_GAS_BOILER,TOTAL,374193,7394,467451,6945247,0.1940497040033566,0.424192400941943,0.061812261918232796,1151.5193205697224,0.500906633254805,MEDIUM,HIGH,MEDIUM,5,COST_BASED,COST_BASED,false,false
5,economic_learning_factor_high,1,2036,NATURAL_GAS_BOILER,TOTAL,75093,4983,304083,6950230,0.17859882022234977,0.3878727732267789,0.021306180742307897,1086.9867158560103,0.45763075756156807,MEDIUM,HIGH,MEDIUM,5,COST_BASED,COST_BASED,false,false
5,economic_learning_factor_high,1,2037,NATURAL_GAS_BOILER,TOTAL,71501,6847,10439,6957077,0.33559569725464117,0.5730701768091286,0.010278825315803012,1422.7233418079213,0.6522283366606312,MEDIUM,HIGH,MEDIUM,5,COST_BASED,COST_BASED,false,false
5,economic_learning_factor_high,1,2038,NATURAL_GAS_BOILER,TOTAL,70555,4157,5103,6961234,0.29359008367334066,0.5425133324619916,0.009486767504302598,1396.7540771521815,0.6254877487248829,MEDIUM,HIGH,MEDIUM,5,COST_BASED,COST_BASED,false,false
5,economic_learning_factor_high,1,2039,NATURAL_GAS_BOILER,TOTAL,69779,4455,5231,6965689,0.33334654762277954,0.5729487670724882,0.009503125124660727,1521.8355192812846,0.6528161735557267,MEDIUM,HIGH,MEDIUM,5,COST_BASED,COST_BASED,false,false
5,economic_learning_factor_high,1,2040,NATURAL_GAS_BOILER,TOTAL,69096,4766,5449,6970455,0.2654202917698178,0.5723147198356415,0.010164472601339788,1712.4632906835898,0.6746128625242581,MEDIUM,HIGH,MEDIUM,5,COST_BASED,COST_BASED,false,false
5,economic_learning_factor_high,1,2041,NATURAL_GAS_BOILER,TOTAL,68563,4509,5042,6974964,0.2578534663283513,0.5479850098112102,0.009584542614066454,1637.638487406184,0.6446955243053994,MEDIUM,HIGH,MEDIUM,5,COST_BASED,COST_BASED,false,false
5,economic_learning_factor_high,1,2042,NATURAL_GAS_BOILER,TOTAL,67636,4644,5571,6979608,0.26549315407157936,0.5598928416283762,0.009719660604471833,1685.072137009935,0.6580260708140037,MEDIUM,HIGH,MEDIUM,5,COST_BASED,COST_BASED,false,false
5,economic_learning_factor_high,1,2043,NATURAL_GAS_BOILER,TOTAL,66561,4948,6023,6984556,0.263065124147809,0.5603883347913613,0.009432442506029972,1664.578206569157,0.6594960716725855,MEDIUM,HIGH,MEDIUM,5,COST_BASED,COST_BASED,false,false
5,economic_learning_factor_high,1,2044,NATURAL_GAS_BOILER,TOTAL,65691,4892,5762,6989448,0.24627861949002622,0.5217393934734033,0.008680336953307086,1561.059501541813,0.6135596514678736,MEDIUM,HIGH,MEDIUM,5,COST_BASED,COST_BASED,false,false
5,economic_learning_factor_high,1,2045,NATURAL_GAS_BOILER,TOTAL,65020,6025,6696,6995473,0.19816064519213283,0.42187847627959046,0.00680782178185489,1256.9855410126893,0.49645108664208826,MEDIUM,HIGH,MEDIUM,5,COST_BASED,COST_BASED,false,false
5,economic_learning_factor_high,1,2046,NATURAL_GAS_BOILER,TOTAL,64528,6908,7400,7002381,0.1951697095806509,0.4215937595109138,0.006698510469786586,1230.0663486424214,0.4970684428210029,MEDIUM,HIGH,MEDIUM,5,COST_BASED,COST_BASED,false,false
5,economic_learning_factor_high,1,2047,NATURAL_GAS_BOILER,TOTAL,64184,7050,7394,7009431,0.17332490982061857,0.36712919774324765,0.005792024822236876,1089.2678634965157,0.4317306270507819,MEDIUM,HIGH,MEDIUM,5,COST_BASED,COST_BASED,false,false
5,economic_learning_factor_high,1,2048,NATURAL_GAS_BOILER,TOTAL,63909,4708,4983,7014139,0.15321686217724764,0.3276214098412619,0.005108411964106374,967.7505014227274,0.38575625906248306,MEDIUM,HIGH,MEDIUM,5,COST_BASED,COST_BASED,false,false
5,economic_learning_factor_high,1,2049,NATURAL_GAS_BOILER,TOTAL,63317,6255,6847,7020394,0.2441176310034228,0.5162147576377383,0.007976643601532602,1489.503042752082,0.6069137998492019,MEDIUM,HIGH,MEDIUM,5,COST_BASED,COST_BASED,false,false
5,economic_learning_factor_high,1,2050,NATURAL_GAS_BOILER,TOTAL,63119,3959,4157,7024353,0.21978609441217162,0.4700575517504966,0.007101620978875466,1345.982842417712,0.553481370863272,MEDIUM,HIGH,MEDIUM,5,COST_BASED,COST_BASED,false,false
5,economic_learning_factor_high,1,2024,NATURAL_GAS_BOILER,PRIVATELY_OWNED,4615087,4615087,0,4615087,0.0,0.0,0.0,0.0,0.0,MEDIUM,HIGH,MEDIUM,5,COST_BASED,COST_BASED,false,false
5,economic_learning_factor_high,1,2025,NATURAL_GAS_BOILER,PRIVATELY_OWNED,4013057,10275,612305,4625362,0.28551141953650677,0.6268996228515078,0.7669269381858065,1770.3157513525514,0.7406956906231512,MEDIUM,HIGH,MEDIUM,5,COST_BASED,COST_BASED,false,false
5,economic_learning_factor_high,1,2026,NATURAL_GAS_BOILER,PRIVATELY_OWNED,3656236,5095,361916,4630457,0.28619970389394395,0.6204859224369016,0.6806458157899775,1768.4884963336824,0.7319146619512158,MEDIUM,HIGH,MEDIUM,5,COST_BASED,COST_BASED,false,false
5,economic_learning_factor_high,1,2027,NATURAL_GAS_BOILER,PRIVATELY_OWNED,3297107,5220,364349,4635677,0.2855460467220285,0.617949260421199,0.6162492054318374,1760.5487179849208,0.7287503316542804,MEDIUM,HIGH,MEDIUM,5,COST_BASED,COST_BASED,false,false
5,economic_learning_factor_high,1,2028,NATURAL_GAS_BOILER,PRIVATELY_OWNED,2933373,5430,369164,4641107,0.2853665901264795,0.6236978615336842,0.5522393462171906,1757.4328743946717,0.7364749520027644,MEDIUM,HIGH,MEDIUM,5,COST_BASED,COST_BASED,false,false
5,economic_learning_factor_high,1,2029,NATURAL_GAS_BOILER,PRIVATELY_OWNED,2567922,5010,370461,4646117,0.2855285862399921,0.6203053090090785,0.4876773236940742,1761.296589050244,0.731897549932091,MEDIUM,HIGH,MEDIUM,5,COST_BASED,COST_BASED,false,false
5,economic_learning_factor_high,1,2030,NATURAL_GAS_BOILER,PRIVATELY_OWNED,2201425,5508,372005,4651625,0.2858235285711082,0.6231309982269048,0.4225829062835618,1757.5075125247154,0.7355668214455027,MEDIUM,HIGH,MEDIUM,5,COST_BASED,COST_BASED,false,false
5,economic_learning_factor_high,1,2031,NATURAL_GAS_BOILER,PRIVATELY_OWNED,1832222,5918,375121,4657543,0.28562669781050165,0.6331155265796465,0.35771076085097775,1747.0066669393432,0.7489451361694746,MEDIUM,HIGH,MEDIUM,5,COST_BASED,COST_BASED,false,false
5,economic_learning_factor_high,1,2032,NATURAL_GAS_BOILER,PRIVATELY_OWNED,1463366,5264,374120,4662807,0.28598516184364375,0.6210621986369698,0.29275261287753856,1749.285422291929,0.7327545442347216,MEDIUM,HIGH,MEDIUM,5,COST_BASED,COST_BASED,false,false
5,economic_learning_factor_high,1,2033,NATURAL_GAS_BOILER,PRIVATELY_OWNED,1094210,5157,374313,4667964,0.28561977457432813,0.6225712665032768,0.22681458986328612,1741.1764513164,0.7348884304796892,MEDIUM,HIGH,MEDIUM,5,COST_BASED,COST_BASED,false,false
5,economic_learning_factor_high,1,2034,NATURAL_GAS_BOILER,PRIVATELY_OWNED,706896,5552,392866,4673516,0.2861283221324891,0.6217788532193894,0.15974010201848823,1700.08458201552,0.7336623635817079,MEDIUM,HIGH,MEDIUM,5,COST_BASED,COST_BASED,false,false
5,economic_learning_factor_high,1,2035,NATURAL_GAS_BOILER,PRIVATELY_OWNED,317021,5027,394902,4678543,0.28541943731864305,0.6239265193086785,0.09091702101122205,1693.7206795887264,0.7367622133053567,MEDIUM,HIGH,MEDIUM,5,COST_BASED,COST_BASED,false,false
5,economic_learning_factor_high,1,2036,NATURAL_GAS_BOILER,PRIVATELY_OWNED,66737,3117,253401,4681660,0.28551745946999324,0.6200737981998842,0.03406118018572995,1737.7140856947383,0.7315925777764817,MEDIUM,HIGH,MEDIUM,5,COST_BASED,COST_BASED,false,false
5,economic_learning_factor_high,1,2037,NATURAL_GAS_BOILER,PRIVATELY_OWNED,62634,6336,10439,4687996,0.3626615749846162,0.619288431283476,0.011107815173185483,1537.4663385983015,0.7048307167164365,MEDIUM,HIGH,MEDIUM,5,COST_BASED,COST_BASED,false,false
5,economic_learning_factor_high,1,2038,NATURAL_GAS_BOILER,PRIVATELY_OWNED,61227,3688,5095,4691684,0.3309256989777866,0.6115043175283349,0.01069319211371635,1574.3781721045602,0.7050305237118596,MEDIUM,HIGH,MEDIUM,5,COST_BASED,COST_BASED,false,false
5,economic_learning_factor_high,1,2039,NATURAL_GAS_BOILER,PRIVATELY_OWNED,60121,4114,5220,4695798,0.36097687643643245,0.6204391728993522,0.010290817314137954,1647.9769660666316,0.7069266050536612,MEDIUM,HIGH,MEDIUM,5,COST_BASED,COST_BASED,false,false
5,economic_learning_factor_high,1,2040,NATURAL_GAS_BOILER,PRIVATELY_OWNED,59251,4560,5430,4700358,0.277410769862928,0.5981692883194446,0.01062365710920733,1789.8245709206117,0.7050887944716259,MEDIUM,HIGH,MEDIUM,5,COST_BASED,COST_BASED,false,false
5,economic_learning_factor_high,1,2041,NATURAL_GAS_BOILER,PRIVATELY_OWNED,58374,4133,5010,4704491,0.28131170570397684,0.5978379891697913,0.010456497132065241,1786.6227775742761,0.7033467503249566,MEDIUM,HIGH,MEDIUM,5,COST_BASED,COST_BASED,false,false
5,economic_learning_factor_high,1,2042,NATURAL_GAS_BOILER,PRIVATELY_OWNED,57260,4394,5508,4708885,0.2805985906937676,0.5917483742654026,0.01027266814910496,1780.9456086195125,0.6954649687893112,MEDIUM,HIGH,MEDIUM,5,COST_BASED,COST_BASED,false,false
5,economic_learning_factor_high,1,2043,NATURAL_GAS_BOILER,PRIVATELY_OWNED,55977,4635,5918,4713520,0.2808298240093547,0.5982311716391923,0.010069412194139439,1776.9866162037083,0.7040316208491808,MEDIUM,HIGH,MEDIUM,5,COST_BASED,COST_BASED,false,false
5,economic_learning_factor_high,1,2044,NATURAL_GAS_BOILER,PRIVATELY_OWNED,54999,4286,5264,4717806,0.281100094854225,0.5955084257750557,0.00990765477731644,1781.7786004532313,0.7003112027486789,MEDIUM,HIGH,MEDIUM,5,COST_BASED,COST_BASED,false,false
5,economic_learning_factor_high,1,2045,NATURAL_GAS_BOILER,PRIVATELY_OWNED,54101,4259,5157,4722065,0.2803282196014558,0.5968109461339592,0.00963069411497434,1778.1962631137478,0.7023051883114773,MEDIUM,HIGH,MEDIUM,5,COST_BASED,COST_BASED,false,false
5,economic_learning_factor_high,1,2046,NATURAL_GAS_BOILER,PRIVATELY_OWNED,53361,4812,5552,4726877,0.28018128715360274,0.6052306090401897,0.009616232403425963,1765.8558471367096,0.7135803830023874,MEDIUM,HIGH,MEDIUM,5,COST_BASED,COST_BASED,false,false
5,economic_learning_factor_high,1,2047,NATURAL_GAS_BOILER,PRIVATELY_OWNED,52683,4349,5027,4731226,0.28097047924473695,0.5951393065279135,0.009389233156304891,1765.771082467334,0.6998622489556248,MEDIUM,HIGH,MEDIUM,5,COST_BASED,COST_BASED,false,false
5,economic_learning_factor_high,1,2048,NATURAL_GAS_BOILER,PRIVATELY_OWNED,52154,2588,3117,4733814,0.27872681110142267,0.5959975260945367,0.009293046185089957,1760.4982073795213,0.7017544310920287,MEDIUM,HIGH,MEDIUM,5,COST_BASED,COST_BASED,false,false
5,economic_learning_factor_high,1,2049,NATURAL_GAS_BOILER,PRIVATELY_OWNED,51235,5417,6336,4739231,0.28188218237519097,0.5960722372206115,0.009210615788736649,1719.9264412800947,0.7008022555024476,MEDIUM,HIGH,MEDIUM,5,COST_BASED,COST_BASED,false,false
5,economic_learning_factor_high,1,2050,NATURAL_GAS_BOILER,PRIVATELY_OWNED,50660,3113,3688,4742344,0.279515948531252,0.5978020711147498,0.009031582863915186,1711.7719476812467,0.7038974453092495,MEDIUM,HIGH,MEDIUM,5,COST_BASED,COST_BASED,false,false
5,economic_learning_factor_high,1,2024,NATURAL_GAS_BOILER,SOCIAL_HOUSING,1329726,1329726,0,1329726,0.0,0.0,0.0,0.0,0.0,MEDIUM,HIGH,MEDIUM,5,COST_BASED,COST_BASED,false,false
5,economic_learning_factor_high,1,2025,NATURAL_GAS_BOILER,SOCIAL_HOUSING,3429,0,1326297,1329726,0.0,0.0,0.0,0.0,0.0,MEDIUM,HIGH,MEDIUM,5,COST_BASED,COST_BASED,false,false
5,economic_learning_factor_high,1,2026,NATURAL_GAS_BOILER,SOCIAL_HOUSING,956,0,2473,1329726,0.0,0.0,0.0,0.0,0.0,MEDIUM,HIGH,MEDIUM,5,COST_BASED,COST_BASED,false,false
5,economic_learning_factor_high,1,2027,NATURAL_GAS_BOILER,SOCIAL_HOUSING,411,0,545,1329726,0.0,0.0,0.0,0.0,0.0,MEDIUM,HIGH,MEDIUM,5,COST_BASED,COST_BASED,false,false
5,economic_learning_factor_high,1,2028,NATURAL_GAS_BOILER,SOCIAL_HOUSING,231,0,180,1329726,0.0,0.0,0.0,0.0,0.0,MEDIUM,HIGH,MEDIUM,5,COST_BASED,COST_BASED,false,false
5,economic_learning_factor_high,1,2029,NATURAL_GAS_BOILER,SOCIAL_HOUSING,162,0,69,1329726,0.0,0.0,0.0,0.0,0.0,MEDIUM,HIGH,MEDIUM,5,COST_BASED,COST_BASED,false,false
5,economic_learning_factor_high,1,2030,NATURAL_GAS_BOILER,SOCIAL_HOUSING,102,0,60,1329726,0.0,0.0,0.0,0.0,0.0,MEDIUM,HIGH,MEDIUM,5,COST_BASED,COST_BASED,false,false
5,economic_learning_factor_high,1,2031,NATURAL_GAS_BOILER,SOCIAL_HOUSING,87,0,15,1329726,0.0,0.0,0.0,0.0,0.0,MEDIUM,HIGH,MEDIUM,5,COST_BASED,COST_BASED,false,false
5,economic_learning_factor_high,1,2032,NATURAL_GAS_BOILER,SOCIAL_HOUSING,72,0,15,1329726,0.0,0.0,0.0,0.0,0.0,MEDIUM,HIGH,MEDIUM,5,COST_BASED,COST_BASED,false,false
5,economic_learning_factor_high,1,2033,NATURAL_GAS_BOILER,SOCIAL_HOUSING,50,0,22,1329726,0.0,0.0,0.0,0.0,0.0,MEDIUM,HIGH,MEDIUM,5,COST_BASED,COST_BASED,false,false
5,economic_learning_factor_high,1,2034,NATURAL_GAS_BOILER,SOCIAL_HOUSING,30,0,20,1329726,0.0,0.0,0.0,0.0,0.0,MEDIUM,HIGH,MEDIUM,5,COST_BASED,COST_BASED,false,false
5,economic_learning_factor_high,1,2035,NATURAL_GAS_BOILER,SOCIAL_HOUSING,12,0,18,1329726,0.0,0.0,0.0,0.0,0.0,MEDIUM,HIGH,MEDIUM,5,COST_BASED,COST_BASED,false,false
5,economic_learning_factor_high,1,2036,NATURAL_GAS_BOILER,SOCIAL_HOUSING,0,0,12,1329726,0.0,0.0,0.0,0.0,0.0,MEDIUM,HIGH,MEDIUM,5,COST_BASED,COST_BASED,false,false
5,economic_learning_factor_high,1,2037,NATURAL_GAS_BOILER,SOCIAL_HOUSING,0,0,0,1329726,0.0,0.0,0.0,0.0,0.0,MEDIUM,HIGH,MEDIUM,5,COST_BASED,COST_BASED,false,false
5,economic_learning_factor_high,1,2038,NATURAL_GAS_BOILER,SOCIAL_HOUSING,0,0,0,1329726,0.0,0.0,0.0,0.0,0.0,MEDIUM,HIGH,MEDIUM,5,COST_BASED,COST_BASED,false,false
5,economic_learning_factor_high,1,2039,NATURAL_GAS_BOILER,SOCIAL_HOUSING,0,0,0,1329726,0.0,0.0,0.0,0.0,0.0,MEDIUM,HIGH,MEDIUM,5,COST_BASED,COST_BASED,false,false
5,economic_learning_factor_high,1,2040,NATURAL_GAS_BOILER,SOCIAL_HOUSING,0,0,0,1329726,0.0,0.0,0.0,0.0,0.0,MEDIUM,HIGH,MEDIUM,5,COST_BASED,COST_BASED,false,false
5,economic_learning_factor_high,1,2041,NATURAL_GAS_BOILER,SOCIAL_HOUSING,0,0,0,1329726,0.0,0.0,0.0,0.0,0.0,MEDIUM,HIGH,MEDIUM,5,COST_BASED,COST_BASED,false,false
5,economic_learning_factor_high,1,2042,NATURAL_GAS_BOILER,SOCIAL_HOUSING,0,0,0,1329726,0.0,0.0,0.0,0.0,0.0,MEDIUM,HIGH,MEDIUM,5,COST_BASED,COST_BASED,false,false
5,economic_learning_factor_high,1,2043,NATURAL_GAS_BOILER,SOCIAL_HOUSING,0,0,0,1329726,0.0,0.0,0.0,0.0,0.0,MEDIUM,HIGH,MEDIUM,5,COST_BASED,COST_BASED,false,false
5,economic_learning_factor_high,1,2044,NATURAL_GAS_BOILER,SOCIAL_HOUSING,0,0,0,1329726,0.0,0.0,0.0,0.0,0.0,MEDIUM,HIGH,MEDIUM,5,COST_BASED,COST_BASED,false,false
5,economic_learning_factor_high,1,2045,NATURAL_GAS_BOILER,SOCIAL_HOUSING,0,0,0,1329726,0.0,0.0,0.0,0.0,0.0,MEDIUM,HIGH,MEDIUM,5,COST_BASED,COST_BASED,false,false
5,economic_learning_factor_high,1,2046,NATURAL_GAS_BOILER,SOCIAL_HOUSING,0,0,0,1329726,0.0,0.0,0.0,0.0,0.0,MEDIUM,HIGH,MEDIUM,5,COST_BASED,COST_BASED,false,false
5,economic_learning_factor_high,1,2047,NATURAL_GAS_BOILER,SOCIAL_HOUSING,0,0,0,1329726,0.0,0.0,0.0,0.0,0.0,MEDIUM,HIGH,MEDIUM,5,COST_BASED,COST_BASED,false,false
5,economic_learning_factor_high,1,2048,NATURAL_GAS_BOILER,SOCIAL_HOUSING,0,0,0,1329726,0.0,0.0,0.0,0.0,0.0,MEDIUM,HIGH,MEDIUM,5,COST_BASED,COST_BASED,false,false
5,economic_learning_factor_high,1,2049,NATURAL_GAS_BOILER,SOCIAL_HOUSING,0,0,0,1329726,0.0,0.0,0.0,0.0,0.0,MEDIUM,HIGH,MEDIUM,5,COST_BASED,COST_BASED,false,false
5,economic_learning_factor_high,1,2050,NATURAL_GAS_BOILER,SOCIAL_HOUSING,0,0,0,1329726,0.0,0.0,0.0,0.0,0.0,MEDIUM,HIGH,MEDIUM,5,COST_BASED,COST_BASED,false,false
5,economic_learning_factor_high,1,2024,NATURAL_GAS_BOILER,PRIVATELY_RENTED,930488,930488,0,930488,0.0,0.0,0.0,0.0,0.0,MEDIUM,HIGH,MEDIUM,5,COST_BASED,COST_BASED,false,false
5,economic_learning_factor_high,1,2025,NATURAL_GAS_BOILER,PRIVATELY_RENTED,803130,0,127358,930488,0.0,0.0,0.0,0.0,0.0,MEDIUM,HIGH,MEDIUM,5,COST_BASED,COST_BASED,false,false
5,economic_learning_factor_high,1,2026,NATURAL_GAS_BOILER,PRIVATELY_RENTED,726829,8,76309,930496,0.0,0.0,0.0,0.0,0.0,MEDIUM,HIGH,MEDIUM,5,COST_BASED,COST_BASED,false,false
5,economic_learning_factor_high,1,2027,NATURAL_GAS_BOILER,PRIVATELY_RENTED,651892,11,74948,930507,0.0,0.0,0.0,0.0,0.0,MEDIUM,HIGH,MEDIUM,5,COST_BASED,COST_BASED,false,false
5,economic_learning_factor_high,1,2028,NATURAL_GAS_BOILER,PRIVATELY_RENTED,575823,19,76088,930526,0.0,0.0,0.0,0.0,0.0,MEDIUM,HIGH,MEDIUM,5,COST_BASED,COST_BASED,false,false
5,economic_learning_factor_high,1,2029,NATURAL_GAS_BOILER,PRIVATELY_RENTED,500324,32,75531,930558,0.0,0.0,0.0,0.0,0.0,MEDIUM,HIGH,MEDIUM,5,COST_BASED,COST_BASED,false,false
5,economic_learning_factor_high,1,2030,NATURAL_GAS_BOILER,PRIVATELY_RENTED,424168,63,76219,930621,0.0,0.0,0.0,0.0,0.0,MEDIUM,HIGH,MEDIUM,5,COST_BASED,COST_BASED,false,false
5,economic_learning_factor_high,1,2031,NATURAL_GAS_BOILER,PRIVATELY_RENTED,347535,105,76738,930726,0.0,0.0,0.0,0.0,0.0,MEDIUM,HIGH,MEDIUM,5,COST_BASED,COST_BASED,false,false
5,economic_learning_factor_high,1,2032,NATURAL_GAS_BOILER,PRIVATELY_RENTED,271344,498,76689,931224,0.0,0.0,0.0,0.0,0.0,MEDIUM,HIGH,MEDIUM,5,COST_BASED,COST_BASED,false,false
5,economic_learning_factor_high,1,2033,NATURAL_GAS_BOILER,PRIVATELY_RENTED,197749,1539,75134,932763,0.0,0.0,0.0,0.0,0.0,MEDIUM,HIGH,MEDIUM,5,COST_BASED,COST_BASED,false,false
5,economic_learning_factor_high,1,2034,NATURAL_GAS_BOILER,PRIVATELY_RENTED,127324,1848,72273,934611,0.0,0.0,0.0,0.0,0.0,MEDIUM,HIGH,MEDIUM,5,COST_BASED,COST_BASED,false,false
5,economic_learning_factor_high,1,2035,NATURAL_GAS_BOILER,PRIVATELY_RENTED,57160,2367,72531,936978,0.0,0.0,0.0,0.0,0.0,MEDIUM,HIGH,MEDIUM,5,COST_BASED,COST_BASED,false,false
5,economic_learning_factor_high,1,2036,NATURAL_GAS_BOILER,PRIVATELY_RENTED,8356,1866,50670,938844,0.0,0.0,0.0,0.0,0.0,MEDIUM,HIGH,MEDIUM,5,COST_BASED,COST_BASED,false,false
5,economic_learning_factor_high,1,2037,NATURAL_GAS_BOILER,PRIVATELY_RENTED,8867,511,0,939355,0.0,0.0,0.0,0.0,0.0,MEDIUM,HIGH,MEDIUM,5,COST_BASED,COST_BASED,false,false
5,economic_learning_factor_high,1,2038,NATURAL_GAS_BOILER,PRIVATELY_RENTED,9328,469,8,939824,0.0,0.0,0.0,0.0,0.0,MEDIUM,HIGH,MEDIUM,5,COST_BASED,COST_BASED,false,false
5,economic_learning_factor_high,1,2039,NATURAL_GAS_BOILER,PRIVATELY_RENTED,9658,341,11,940165,0.0,0.0,0.0,0.0,0.0,MEDIUM,HIGH,MEDIUM,5,COST_BASED,COST_BASED,false,false
5,economic_learning_factor_high,1,2040,NATURAL_GAS_BOILER,PRIVATELY_RENTED,9845,206,19,940371,0.0,0.0,0.0,0.0,0.0,MEDIUM,HIGH,MEDIUM,5,COST_BASED,COST_BASED,false,false
5,economic_learning_factor_high,1,2041,NATURAL_GAS_BOILER,PRIVATELY_RENTED,10189,376,32,940747,0.0,0.0,0.0,0.0,0.0,MEDIUM,HIGH,MEDIUM,5,COST_BASED,COST_BASED,false,false
5,economic_learning_factor_high,1,2042,NATURAL_GAS_BOILER,PRIVATELY_RENTED,10376,250,63,940997,0.0,0.0,0.0,0.0,0.0,MEDIUM,HIGH,MEDIUM,5,COST_BASED,COST_BASED,false,false
5,economic_learning_factor_high,1,2043,NATURAL_GAS_BOILER,PRIVATELY_RENTED,10584,313,105,941310,0.0,0.0,0.0,0.0,0.0,MEDIUM,HIGH,MEDIUM,5,COST_BASED,COST_BASED,false,false
5,economic_learning_factor_high,1,2044,NATURAL_GAS_BOILER,PRIVATELY_RENTED,10692,606,498,941916,0.0,0.0,0.0,0.0,0.0,MEDIUM,HIGH,MEDIUM,5,COST_BASED,COST_BASED,false,false
5,economic_learning_factor_high,1,2045,NATURAL_GAS_BOILER,PRIVATELY_RENTED,10919,1766,1539,943682,0.0,0.0,0.0,0.0,0.0,MEDIUM,HIGH,MEDIUM,5,COST_BASED,COST_BASED,false,false
5,economic_learning_factor_high,1,2046,NATURAL_GAS_BOILER,PRIVATELY_RENTED,11167,2096,1848,945778,0.0,0.0,0.0,0.0,0.0,MEDIUM,HIGH,MEDIUM,5,COST_BASED,COST_BASED,false,false
5,economic_learning_factor_high,1,2047,NATURAL_GAS_BOILER,PRIVATELY_RENTED,11501,2701,2367,948479,0.0,0.0,0.0,0.0,0.0,MEDIUM,HIGH,MEDIUM,5,COST_BASED,COST_BASED,false,false
5,economic_learning_factor_high,1,2048,NATURAL_GAS_BOILER,PRIVATELY_RENTED,11755,2120,1866,950599,0.0,0.0,0.0,0.0,0.0,MEDIUM,HIGH,MEDIUM,5,COST_BASED,COST_BASED,false,false
5,economic_learning_factor_high,1,2049,NATURAL_GAS_BOILER,PRIVATELY_RENTED,12082,838,511,951437,0.0,0.0,0.0,0.0,0.0,MEDIUM,HIGH,MEDIUM,5,COST_BASED,COST_BASED,false,false
5,economic_learning_factor_high,1,2050,NATURAL_GAS_BOILER,PRIVATELY_RENTED,12459,846,469,952283,0.0,0.0,0.0,0.0,0.0,MEDIUM,HIGH,MEDIUM,5,COST_BASED,COST_BASED,false,false
5,economic_learning_factor_high,1,2024,NATURAL_GAS_BLOCK,TOTAL,464467,464467,0,464467,0.0,0.0,0.0,0.0,0.0,MEDIUM,HIGH,MEDIUM,5,COST_BASED,COST_BASED,false,false
5,economic_learning_factor_high,1,2025,NATURAL_GAS_BLOCK,TOTAL,319564,457,145360,464924,0.2866648553205101,0.6480544633079992,0.06407595185547407,1121.685976253045,0.7685176659704975,MEDIUM,HIGH,MEDIUM,5,COST_BASED,COST_BASED,false,false
5,economic_learning_factor_high,1,2026,NATURAL_GAS_BLOCK,TOTAL,291076,271,28759,465195,0.2864714222191328,0.6445119461934654,0.05755411563498364,1128.3090325538744,0.7638587875182351,MEDIUM,HIGH,MEDIUM,5,COST_BASED,COST_BASED,false,false
5,economic_learning_factor_high,1,2027,NATURAL_GAS_BLOCK,TOTAL,263320,259,28015,465454,0.2866301551849378,0.6435644002970604,0.05261667153667845,1130.6263171673538,0.7625424820010942,MEDIUM,HIGH,MEDIUM,5,COST_BASED,COST_BASED,false,false
5,economic_learning_factor_high,1,2028,NATURAL_GAS_BLOCK,TOTAL,234822,260,28758,465714,0.28469863964719605,0.6461220563417486,0.047258431837263734,1133.1226553580166,0.7665965285732672,MEDIUM,HIGH,MEDIUM,5,COST_BASED,COST_BASED,false,false
5,economic_learning_factor_high,1,2029,NATURAL_GAS_BLOCK,TOTAL,207256,209,27775,465923,0.28385646825398414,0.6412730695773414,0.04206746638350294,1126.4557354331512,0.7604119366851205,MEDIUM,HIGH,MEDIUM,5,COST_BASED,COST_BASED,false,false
5,economic_learning_factor_high,1,2030,NATURAL_GAS_BLOCK,TOTAL,179151,242,28347,466165,0.28535725262605877,0.6439937864360332,0.03664269556719701,1126.981955824023,0.7635392977060211,MEDIUM,HIGH,MEDIUM,5,COST_BASED,COST_BASED,false,false
5,economic_learning_factor_high,1,2031,NATURAL_GAS_BLOCK,TOTAL,151286,268,28133,466433,0.28430550862319454,0.649677846164587,0.030806584605083398,1116.6354591467075,0.7714686253450501,MEDIUM,HIGH,MEDIUM,5,COST_BASED,COST_BASED,false,false
5,economic_learning_factor_high,1,2032,NATURAL_GAS_BLOCK,TOTAL,122713,250,28823,466683,0.27863988421116287,0.6292615141059783,0.02544496695677669,1089.870766313163,0.7461353907375841,MEDIUM,HIGH,MEDIUM,5,COST_BASED,COST_BASED,false,false
5,economic_learning_factor_high,1,2033,NATURAL_GAS_BLOCK,TOTAL,91564,294,31443,466977,0.25634280133270265,0.5817199508098351,0.01842107338940381,967.5674746378571,0.6901790006355141,MEDIUM,HIGH,MEDIUM,5,COST_BASED,COST_BASED,false,false
5,economic_learning_factor_high,1,2034,NATURAL_GAS_BLOCK,TOTAL,57773,381,34172,467358,0.25116759386220955,0.5689565789986927,0.012107660504715845,885.5072048512463,0.6748862407108454,MEDIUM,HIGH,MEDIUM,5,COST_BASED,COST_BASED,false,false
5,economic_learning_factor_high,1,2035,NATURAL_GAS_BLOCK,TOTAL,22904,388,35257,467746,0.2521198300341495,0.5769478129064457,0.007005934651559576,879.6031698639671,0.6852238071972109,MEDIUM,HIGH,MEDIUM,5,COST_BASED,COST_BASED,false,false
5,economic_learning_factor_high,1,2036,NATURAL_GAS_BLOCK,TOTAL,3496,217,19625,467963,0.21130260278958046,0.4764614773778481,0.001934400791129247,794.6731359198121,0.5648477689072763,MEDIUM,HIGH,MEDIUM,5,COST_BASED,COST_BASED,false,false
5,economic_learning_factor_high,1,2037,NATURAL_GAS_BLOCK,TOTAL,3418,379,457,468342,0.33386561717563956,0.6305662712124668,7.322779956009488E-4,824.9660712194383,0.7294664892247428,MEDIUM,HIGH,MEDIUM,5,COST_BASED,COST_BASED,false,false
5,economic_learning_factor_high,1,2038,NATURAL_GAS_BLOCK,TOTAL,3384,237,271,468579,0.30829167416794584,0.6104099331072936,6.133503706666604E-4,831.3973026324245,0.7111160194204101,MEDIUM,HIGH,MEDIUM,5,COST_BASED,COST_BASED,false,false
5,economic_learning_factor_high,1,2039,NATURAL_GAS_BLOCK,TOTAL,3357,232,259,468811,0.3823956516563378,0.6401186474426723,6.256652270656394E-4,943.6090593637416,0.7260263127047849,MEDIUM,HIGH,MEDIUM,5,COST_BASED,COST_BASED,false,false
5,economic_learning_factor_high,1,2040,NATURAL_GAS_BLOCK,TOTAL,3329,232,260,469043,0.26224265836229765,0.616323992350184,7.574984662864109E-4,1092.0842220364766,0.7343511036794765,MEDIUM,HIGH,MEDIUM,5,COST_BASED,COST_BASED,false,false
5,economic_learning_factor_high,1,2041,NATURAL_GAS_BLOCK,TOTAL,3324,204,209,469247,0.24766309686841217,0.5774138074342607,7.162994758293151E-4,1029.4081033279967,0.6873307109562093,MEDIUM,HIGH,MEDIUM,5,COST_BASED,COST_BASED,false,false
5,economic_learning_factor_high,1,2042,NATURAL_GAS_BLOCK,TOTAL,3304,222,242,469469,0.26276000283765844,0.6060651114755384,7.192585907629237E-4,1093.447962294116,0.7205001476881655,MEDIUM,HIGH,MEDIUM,5,COST_BASED,COST_BASED,false,false
5,economic_learning_factor_high,1,2043,NATURAL_GAS_BLOCK,TOTAL,3273,237,268,469706,0.26669542715499234,0.6188462936065254,7.459029004925251E-4,1112.8275718471994,0.7362299157570441,MEDIUM,HIGH,MEDIUM,5,COST_BASED,COST_BASED,false,false
5,economic_learning_factor_high,1,2044,NATURAL_GAS_BLOCK,TOTAL,3253,230,250,469936,0.26096302155573303,0.60388700095903,6.817416506141966E-4,1086.4248874748705,0.7181949940934653,MEDIUM,HIGH,MEDIUM,5,COST_BASED,COST_BASED,false,false
5,economic_learning_factor_high,1,2045,NATURAL_GAS_BLOCK,TOTAL,3223,264,294,470200,0.22846430255973682,0.5268619490268585,6.02372448443697E-4,944.4182587007988,0.6263278311825621,MEDIUM,HIGH,MEDIUM,5,COST_BASED,COST_BASED,false,false
5,economic_learning_factor_high,1,2046,NATURAL_GAS_BLOCK,TOTAL,3202,360,381,470560,0.2335260752162713,0.5363112714596997,5.515967709362381E-4,941.4752856219669,0.6372396702075165,MEDIUM,HIGH,MEDIUM,5,COST_BASED,COST_BASED,false,false
5,economic_learning_factor_high,1,2047,NATURAL_GAS_BLOCK,TOTAL,3192,378,388,470938,0.23469235176751652,0.5360359786755556,6.165286539229181E-4,951.0453835409529,0.6364838543115698,MEDIUM,HIGH,MEDIUM,5,COST_BASED,COST_BASED,false,false
5,economic_learning_factor_high,1,2048,NATURAL_GAS_BLOCK,TOTAL,3187,212,217,471150,0.17469324504435685,0.4088086816306638,4.355419304401092E-4,700.8846521184579,0.4868471604927374,MEDIUM,HIGH,MEDIUM,5,COST_BASED,COST_BASED,false,false
5,economic_learning_factor_high,1,2049,NATURAL_GAS_BLOCK,TOTAL,3164,356,379,471506,0.2470136245274678,0.5771915596825221,6.428302043562294E-4,932.3683226850687,0.6872508714008798,MEDIUM,HIGH,MEDIUM,5,COST_BASED,COST_BASED,false,false
5,economic_learning_factor_high,1,2050,NATURAL_GAS_BLOCK,TOTAL,3171,244,237,471750,0.2218133299457633,0.5243787943988082,5.601440306042202E-4,818.0321435362981,0.6252339492164991,MEDIUM,HIGH,MEDIUM,5,COST_BASED,COST_BASED,false,false
5,economic_learning_factor_high,1,2024,NATURAL_GAS_BLOCK,PRIVATELY_OWNED,277178,277178,0,277178,0.0,0.0,0.0,0.0,0.0,MEDIUM,HIGH,MEDIUM,5,COST_BASED,COST_BASED,false,false
5,economic_learning_factor_high,1,2025,NATURAL_GAS_BLOCK,PRIVATELY_OWNED,241788,457,35847,277635,0.2866648553205101,0.6480544633079992,0.06407595185547407,1121.685976253045,0.7685176659704975,MEDIUM,HIGH,MEDIUM,5,COST_BASED,COST_BASED,false,false
5,economic_learning_factor_high,1,2026,NATURAL_GAS_BLOCK,PRIVATELY_OWNED,220775,271,21284,277906,0.2864714222191328,0.6445119461934654,0.05755411563498364,1128.3090325538744,0.7638587875182351,MEDIUM,HIGH,MEDIUM,5,COST_BASED,COST_BASED,false,false
5,economic_learning_factor_high,1,2027,NATURAL_GAS_BLOCK,PRIVATELY_OWNED,200034,259,21000,278165,0.2866301551849378,0.6435644002970604,0.05261667153667845,1130.6263171673538,0.7625424820010942,MEDIUM,HIGH,MEDIUM,5,COST_BASED,COST_BASED,false,false
5,economic_learning_factor_high,1,2028,NATURAL_GAS_BLOCK,PRIVATELY_OWNED,178710,260,21584,278425,0.28469863964719605,0.6461220563417486,0.047258431837263734,1133.1226553580166,0.7665965285732672,MEDIUM,HIGH,MEDIUM,5,COST_BASED,COST_BASED,false,false
5,economic_learning_factor_high,1,2029,NATURAL_GAS_BLOCK,PRIVATELY_OWNED,158035,208,20883,278633,0.28522116281289756,0.6443561131810785,0.04226971381803901,1131.8713880073492,0.764067763303799,MEDIUM,HIGH,MEDIUM,5,COST_BASED,COST_BASED,false,false
5,economic_learning_factor_high,1,2030,NATURAL_GAS_BLOCK,PRIVATELY_OWNED,136878,241,21398,278874,0.2865413076162084,0.6466659598237345,0.036794739947143884,1131.6582294996413,0.7667075105595731,MEDIUM,HIGH,MEDIUM,5,COST_BASED,COST_BASED,false,false
5,economic_learning_factor_high,1,2031,NATURAL_GAS_BLOCK,PRIVATELY_OWNED,115848,267,21297,279141,0.2853703232622327,0.652111096524754,0.030921965071769107,1120.8176144244105,0.7743580209455934,MEDIUM,HIGH,MEDIUM,5,COST_BASED,COST_BASED,false,false
5,economic_learning_factor_high,1,2032,NATURAL_GAS_BLOCK,PRIVATELY_OWNED,94318,244,21774,279385,0.28549168464258495,0.6447351578954696,0.026070662865549887,1116.6708671241422,0.7644829823130984,MEDIUM,HIGH,MEDIUM,5,COST_BASED,COST_BASED,false,false
5,economic_learning_factor_high,1,2033,NATURAL_GAS_BLOCK,PRIVATELY_OWNED,71322,264,23260,279649,0.2854726651205097,0.647824490674589,0.020514377183654245,1077.5183240285226,0.7686084325259135,MEDIUM,HIGH,MEDIUM,5,COST_BASED,COST_BASED,false,false
5,economic_learning_factor_high,1,2034,NATURAL_GAS_BLOCK,PRIVATELY_OWNED,45299,334,26357,279983,0.28651153671108337,0.6490193311332392,0.013811433090708793,1010.1145061327093,0.7698552626072817,MEDIUM,HIGH,MEDIUM,5,COST_BASED,COST_BASED,false,false
5,economic_learning_factor_high,1,2035,NATURAL_GAS_BLOCK,PRIVATELY_OWNED,17887,344,27756,280327,0.2843677152710756,0.6507434633944795,0.007902042572107894,992.1105520558698,0.7728687127689472,MEDIUM,HIGH,MEDIUM,5,COST_BASED,COST_BASED,false,false
5,economic_learning_factor_high,1,2036,NATURAL_GAS_BLOCK,PRIVATELY_OWNED,3309,160,14738,280487,0.2865791550333685,0.6462008786937065,0.002623531072969041,1077.7754405912451,0.7660747865804934,MEDIUM,HIGH,MEDIUM,5,COST_BASED,COST_BASED,false,false
5,economic_learning_factor_high,1,2037,NATURAL_GAS_BLOCK,PRIVATELY_OWNED,3214,362,457,280849,0.34954438925294856,0.6601784994185771,7.666667412507171E-4,863.7075718015666,0.7637232028071202,MEDIUM,HIGH,MEDIUM,5,COST_BASED,COST_BASED,false,false
5,economic_learning_factor_high,1,2038,NATURAL_GAS_BLOCK,PRIVATELY_OWNED,3164,221,271,281070,0.3306114333837247,0.6546025074499031,6.577558273665091E-4,891.5889625515141,0.7625995321386299,MEDIUM,HIGH,MEDIUM,5,COST_BASED,COST_BASED,false,false
5,economic_learning_factor_high,1,2039,NATURAL_GAS_BLOCK,PRIVATELY_OWNED,3126,221,259,281291,0.4014289193858388,0.6719797565914027,6.568069352001282E-4,990.576026119403,0.7621633689932584,MEDIUM,HIGH,MEDIUM,5,COST_BASED,COST_BASED,false,false
5,economic_learning_factor_high,1,2040,NATURAL_GAS_BLOCK,PRIVATELY_OWNED,3092,226,260,281517,0.26920485283209317,0.6326865762178879,7.776090450373775E-4,1121.077608462224,0.7538471506798166,MEDIUM,HIGH,MEDIUM,5,COST_BASED,COST_BASED,false,false
5,economic_learning_factor_high,1,2041,NATURAL_GAS_BLOCK,PRIVATELY_OWNED,3070,186,208,281703,0.2716304933395488,0.633292562992415,7.856187799418295E-4,1129.0282423597384,0.7538465862100361,MEDIUM,HIGH,MEDIUM,5,COST_BASED,COST_BASED,false,false
5,economic_learning_factor_high,1,2042,NATURAL_GAS_BLOCK,PRIVATELY_OWNED,3043,214,241,281917,0.27258280668205687,0.6287217511568669,7.461467623802293E-4,1134.3245216322139,0.7474347326484707,MEDIUM,HIGH,MEDIUM,5,COST_BASED,COST_BASED,false,false
5,economic_learning_factor_high,1,2043,NATURAL_GAS_BLOCK,PRIVATELY_OWNED,3008,232,267,282149,0.2724431734298844,0.6321834982101143,7.619783940376226E-4,1136.8109246887336,0.7520969398035322,MEDIUM,HIGH,MEDIUM,5,COST_BASED,COST_BASED,false,false
5,economic_learning_factor_high,1,2044,NATURAL_GAS_BLOCK,PRIVATELY_OWNED,2984,220,244,282369,0.2728249770809936,0.6313364100935315,7.127299074602964E-4,1135.8078369055463,0.7508402210977138,MEDIUM,HIGH,MEDIUM,5,COST_BASED,COST_BASED,false,false
5,economic_learning_factor_high,1,2045,NATURAL_GAS_BLOCK,PRIVATELY_OWNED,2940,220,264,282589,0.2741571630716842,0.6322343388322301,7.228469381324363E-4,1133.3019104409586,0.7515933974190745,MEDIUM,HIGH,MEDIUM,5,COST_BASED,COST_BASED,false,false
5,economic_learning_factor_high,1,2046,NATURAL_GAS_BLOCK,PRIVATELY_OWNED,2909,303,334,282892,0.27745672302923324,0.6372015106451878,6.553625001222632E-4,1118.5844977686736,0.7571164398505146,MEDIUM,HIGH,MEDIUM,5,COST_BASED,COST_BASED,false,false
5,economic_learning_factor_high,1,2047,NATURAL_GAS_BLOCK,PRIVATELY_OWNED,2886,321,344,283213,0.27636669460473906,0.6312199375057944,7.260057046195109E-4,1119.922601179066,0.7495043518061477,MEDIUM,HIGH,MEDIUM,5,COST_BASED,COST_BASED,false,false
5,economic_learning_factor_high,1,2048,NATURAL_GAS_BLOCK,PRIVATELY_OWNED,2863,137,160,283350,0.2703282332073259,0.6326090547861367,6.73977293819731E-4,1084.5806295555699,0.7533693286456958,MEDIUM,HIGH,MEDIUM,5,COST_BASED,COST_BASED,false,false
5,economic_learning_factor_high,1,2049,NATURAL_GAS_BLOCK,PRIVATELY_OWNED,2825,324,362,283674,0.2714100318882054,0.6341981334783268,7.063196072556101E-4,1024.4540829502607,0.7551275006750408,MEDIUM,HIGH,MEDIUM,5,COST_BASED,COST_BASED,false,false
5,economic_learning_factor_high,1,2050,NATURAL_GAS_BLOCK,PRIVATELY_OWNED,2805,201,221,283875,0.2692659328694838,0.6365593325040259,6.799758381464166E-4,993.0340448898346,0.7589904657155512,MEDIUM,HIGH,MEDIUM,5,COST_BASED,COST_BASED,false,false
5,economic_learning_factor_high,1,2024,NATURAL_GAS_BLOCK,SOCIAL_HOUSING,97746,97746,0,97746,0.0,0.0,0.0,0.0,0.0,MEDIUM,HIGH,MEDIUM,5,COST_BASED,COST_BASED,false,false
5,economic_learning_factor_high,1,2025,NATURAL_GAS_BLOCK,SOCIAL_HOUSING,152,0,97594,97746,0.0,0.0,0.0,0.0,0.0,MEDIUM,HIGH,MEDIUM,5,COST_BASED,COST_BASED,false,false
5,economic_learning_factor_high,1,2026,NATURAL_GAS_BLOCK,SOCIAL_HOUSING,29,0,123,97746,0.0,0.0,0.0,0.0,0.0,MEDIUM,HIGH,MEDIUM,5,COST_BASED,COST_BASED,false,false
5,economic_learning_factor_high,1,2027,NATURAL_GAS_BLOCK,SOCIAL_HOUSING,14,0,15,97746,0.0,0.0,0.0,0.0,0.0,MEDIUM,HIGH,MEDIUM,5,COST_BASED,COST_BASED,false,false
5,economic_learning_factor_high,1,2028,NATURAL_GAS_BLOCK,SOCIAL_HOUSING,12,0,2,97746,0.0,0.0,0.0,0.0,0.0,MEDIUM,HIGH,MEDIUM,5,COST_BASED,COST_BASED,false,false
5,economic_learning_factor_high,1,2029,NATURAL_GAS_BLOCK,SOCIAL_HOUSING,8,0,4,97746,0.0,0.0,0.0,0.0,0.0,MEDIUM,HIGH,MEDIUM,5,COST_BASED,COST_BASED,false,false
5,economic_learning_factor_high,1,2030,NATURAL_GAS_BLOCK,SOCIAL_HOUSING,4,0,4,97746,0.0,0.0,0.0,0.0,0.0,MEDIUM,HIGH,MEDIUM,5,COST_BASED,COST_BASED,false,false
5,economic_learning_factor_high,1,2031,NATURAL_GAS_BLOCK,SOCIAL_HOUSING,3,0,1,97746,0.0,0.0,0.0,0.0,0.0,MEDIUM,HIGH,MEDIUM,5,COST_BASED,COST_BASED,false,false
5,economic_learning_factor_high,1,2032,NATURAL_GAS_BLOCK,SOCIAL_HOUSING,3,0,0,97746,0.0,0.0,0.0,0.0,0.0,MEDIUM,HIGH,MEDIUM,5,COST_BASED,COST_BASED,false,false
5,economic_learning_factor_high,1,2033,NATURAL_GAS_BLOCK,SOCIAL_HOUSING,3,0,0,97746,0.0,0.0,0.0,0.0,0.0,MEDIUM,HIGH,MEDIUM,5,COST_BASED,COST_BASED,false,false
5,economic_learning_factor_high,1,2034,NATURAL_GAS_BLOCK,SOCIAL_HOUSING,3,0,0,97746,0.0,0.0,0.0,0.0,0.0,MEDIUM,HIGH,MEDIUM,5,COST_BASED,COST_BASED,false,false
5,economic_learning_factor_high,1,2035,NATURAL_GAS_BLOCK,SOCIAL_HOUSING,1,0,2,97746,0.0,0.0,0.0,0.0,0.0,MEDIUM,HIGH,MEDIUM,5,COST_BASED,COST_BASED,false,false
5,economic_learning_factor_high,1,2036,NATURAL_GAS_BLOCK,SOCIAL_HOUSING,0,0,1,97746,0.0,0.0,0.0,0.0,0.0,MEDIUM,HIGH,MEDIUM,5,COST_BASED,COST_BASED,false,false
5,economic_learning_factor_high,1,2037,NATURAL_GAS_BLOCK,SOCIAL_HOUSING,0,0,0,97746,0.0,0.0,0.0,0.0,0.0,MEDIUM,HIGH,MEDIUM,5,COST_BASED,COST_BASED,false,false
5,economic_learning_factor_high,1,2038,NATURAL_GAS_BLOCK,SOCIAL_HOUSING,0,0,0,97746,0.0,0.0,0.0,0.0,0.0,MEDIUM,HIGH,MEDIUM,5,COST_BASED,COST_BASED,false,false
5,economic_learning_factor_high,1,2039,NATURAL_GAS_BLOCK,SOCIAL_HOUSING,0,0,0,97746,0.0,0.0,0.0,0.0,0.0,MEDIUM,HIGH,MEDIUM,5,COST_BASED,COST_BASED,false,false
5,economic_learning_factor_high,1,2040,NATURAL_GAS_BLOCK,SOCIAL_HOUSING,0,0,0,97746,0.0,0.0,0.0,0.0,0.0,MEDIUM,HIGH,MEDIUM,5,COST_BASED,COST_BASED,false,false
5,economic_learning_factor_high,1,2041,NATURAL_GAS_BLOCK,SOCIAL_HOUSING,0,0,0,97746,0.0,0.0,0.0,0.0,0.0,MEDIUM,HIGH,MEDIUM,5,COST_BASED,COST_BASED,false,false
5,economic_learning_factor_high,1,2042,NATURAL_GAS_BLOCK,SOCIAL_HOUSING,0,0,0,97746,0.0,0.0,0.0,0.0,0.0,MEDIUM,HIGH,MEDIUM,5,COST_BASED,COST_BASED,false,false
5,economic_learning_factor_high,1,2043,NATURAL_GAS_BLOCK,SOCIAL_HOUSING,0,0,0,97746,0.0,0.0,0.0,0.0,0.0,MEDIUM,HIGH,MEDIUM,5,COST_BASED,COST_BASED,false,false
5,economic_learning_factor_high,1,2044,NATURAL_GAS_BLOCK,SOCIAL_HOUSING,0,0,0,97746,0.0,0.0,0.0,0.0,0.0,MEDIUM,HIGH,MEDIUM,5,COST_BASED,COST_BASED,false,false
5,economic_learning_factor_high,1,2045,NATURAL_GAS_BLOCK,SOCIAL_HOUSING,0,0,0,97746,0.0,0.0,0.0,0.0,0.0,MEDIUM,HIGH,MEDIUM,5,COST_BASED,COST_BASED,false,false
5,economic_learning_factor_high,1,2046,NATURAL_GAS_BLOCK,SOCIAL_HOUSING,0,0,0,97746,0.0,0.0,0.0,0.0,0.0,MEDIUM,HIGH,MEDIUM,5,COST_BASED,COST_BASED,false,false
5,economic_learning_factor_high,1,2047,NATURAL_GAS_BLOCK,SOCIAL_HOUSING,0,0,0,97746,0.0,0.0,0.0,0.0,0.0,MEDIUM,HIGH,MEDIUM,5,COST_BASED,COST_BASED,false,false
5,economic_learning_factor_high,1,2048,NATURAL_GAS_BLOCK,SOCIAL_HOUSING,0,0,0,97746,0.0,0.0,0.0,0.0,0.0,MEDIUM,HIGH,MEDIUM,5,COST_BASED,COST_BASED,false,false
5,economic_learning_factor_high,1,2049,NATURAL_GAS_BLOCK,SOCIAL_HOUSING,0,0,0,97746,0.0,0.0,0.0,0.0,0.0,MEDIUM,HIGH,MEDIUM,5,COST_BASED,COST_BASED,false,false
5,economic_learning_factor_high,1,2050,NATURAL_GAS_BLOCK,SOCIAL_HOUSING,0,0,0,97746,0.0,0.0,0.0,0.0,0.0,MEDIUM,HIGH,MEDIUM,5,COST_BASED,COST_BASED,false,false
5,economic_learning_factor_high,1,2024,NATURAL_GAS_BLOCK,PRIVATELY_RENTED,89543,89543,0,89543,0.0,0.0,0.0,0.0,0.0,MEDIUM,HIGH,MEDIUM,5,COST_BASED,COST_BASED,false,false
5,economic_learning_factor_high,1,2025,NATURAL_GAS_BLOCK,PRIVATELY_RENTED,77624,0,11919,89543,0.0,0.0,0.0,0.0,0.0,MEDIUM,HIGH,MEDIUM,5,COST_BASED,COST_BASED,false,false
5,economic_learning_factor_high,1,2026,NATURAL_GAS_BLOCK,PRIVATELY_RENTED,70272,0,7352,89543,0.0,0.0,0.0,0.0,0.0,MEDIUM,HIGH,MEDIUM,5,COST_BASED,COST_BASED,false,false
5,economic_learning_factor_high,1,2027,NATURAL_GAS_BLOCK,PRIVATELY_RENTED,63272,0,7000,89543,0.0,0.0,0.0,0.0,0.0,MEDIUM,HIGH,MEDIUM,5,COST_BASED,COST_BASED,false,false
5,economic_learning_factor_high,1,2028,NATURAL_GAS_BLOCK,PRIVATELY_RENTED,56100,0,7172,89543,0.0,0.0,0.0,0.0,0.0,MEDIUM,HIGH,MEDIUM,5,COST_BASED,COST_BASED,false,false
5,economic_learning_factor_high,1,2029,NATURAL_GAS_BLOCK,PRIVATELY_RENTED,49213,1,6888,89544,0.0,0.0,0.0,0.0,0.0,MEDIUM,HIGH,MEDIUM,5,COST_BASED,COST_BASED,false,false
5,economic_learning_factor_high,1,2030,NATURAL_GAS_BLOCK,PRIVATELY_RENTED,42269,1,6945,89545,0.0,0.0,0.0,0.0,0.0,MEDIUM,HIGH,MEDIUM,5,COST_BASED,COST_BASED,false,false
5,economic_learning_factor_high,1,2031,NATURAL_GAS_BLOCK,PRIVATELY_RENTED,35435,1,6835,89546,0.0,0.0,0.0,0.0,0.0,MEDIUM,HIGH,MEDIUM,5,COST_BASED,COST_BASED,false,false
5,economic_learning_factor_high,1,2032,NATURAL_GAS_BLOCK,PRIVATELY_RENTED,28392,6,7049,89552,0.0,0.0,0.0,0.0,0.0,MEDIUM,HIGH,MEDIUM,5,COST_BASED,COST_BASED,false,false
5,economic_learning_factor_high,1,2033,NATURAL_GAS_BLOCK,PRIVATELY_RENTED,20239,30,8183,89582,0.0,0.0,0.0,0.0,0.0,MEDIUM,HIGH,MEDIUM,5,COST_BASED,COST_BASED,false,false
5,economic_learning_factor_high,1,2034,NATURAL_GAS_BLOCK,PRIVATELY_RENTED,12471,47,7815,89629,0.0,0.0,0.0,0.0,0.0,MEDIUM,HIGH,MEDIUM,5,COST_BASED,COST_BASED,false,false
5,economic_learning_factor_high,1,2035,NATURAL_GAS_BLOCK,PRIVATELY_RENTED,5016,44,7499,89673,0.0,0.0,0.0,0.0,0.0,MEDIUM,HIGH,MEDIUM,5,COST_BASED,COST_BASED,false,false
5,economic_learning_factor_high,1,2036,NATURAL_GAS_BLOCK,PRIVATELY_RENTED,187,57,4886,89730,0.0,0.0,0.0,0.0,0.0,MEDIUM,HIGH,MEDIUM,5,COST_BASED,COST_BASED,false,false
5,economic_learning_factor_high,1,2037,NATURAL_GAS_BLOCK,PRIVATELY_RENTED,204,17,0,89747,0.0,0.0,0.0,0.0,0.0,MEDIUM,HIGH,MEDIUM,5,COST_BASED,COST_BASED,false,false
5,economic_learning_factor_high,1,2038,NATURAL_GAS_BLOCK,PRIVATELY_RENTED,220,16,0,89763,0.0,0.0,0.0,0.0,0.0,MEDIUM,HIGH,MEDIUM,5,COST_BASED,COST_BASED,false,false
5,economic_learning_factor_high,1,2039,NATURAL_GAS_BLOCK,PRIVATELY_RENTED,231,11,0,89774,0.0,0.0,0.0,0.0,0.0,MEDIUM,HIGH,MEDIUM,5,COST_BASED,COST_BASED,false,false
5,economic_learning_factor_high,1,2040,NATURAL_GAS_BLOCK,PRIVATELY_RENTED,237,6,0,89780,0.0,0.0,0.0,0.0,0.0,MEDIUM,HIGH,MEDIUM,5,COST_BASED,COST_BASED,false,false
5,economic_learning_factor_high,1,2041,NATURAL_GAS_BLOCK,PRIVATELY_RENTED,254,18,1,89798,0.0,0.0,0.0,0.0,0.0,MEDIUM,HIGH,MEDIUM,5,COST_BASED,COST_BASED,false,false
5,economic_learning_factor_high,1,2042,NATURAL_GAS_BLOCK,PRIVATELY_RENTED,261,8,1,89806,0.0,0.0,0.0,0.0,0.0,MEDIUM,HIGH,MEDIUM,5,COST_BASED,COST_BASED,false,false
5,economic_learning_factor_high,1,2043,NATURAL_GAS_BLOCK,PRIVATELY_RENTED,265,5,1,89811,0.0,0.0,0.0,0.0,0.0,MEDIUM,HIGH,MEDIUM,5,COST_BASED,COST_BASED,false,false
5,economic_learning_factor_high,1,2044,NATURAL_GAS_BLOCK,PRIVATELY_RENTED,269,10,6,89821,0.0,0.0,0.0,0.0,0.0,MEDIUM,HIGH,MEDIUM,5,COST_BASED,COST_BASED,false,false
5,economic_learning_factor_high,1,2045,NATURAL_GAS_BLOCK,PRIVATELY_RENTED,283,44,30,89865,0.0,0.0,0.0,0.0,0.0,MEDIUM,HIGH,MEDIUM,5,COST_BASED,COST_BASED,false,false
5,economic_learning_factor_high,1,2046,NATURAL_GAS_BLOCK,PRIVATELY_RENTED,293,57,47,89922,0.0,0.0,0.0,0.0,0.0,MEDIUM,HIGH,MEDIUM,5,COST_BASED,COST_BASED,false,false
5,economic_learning_factor_high,1,2047,NATURAL_GAS_BLOCK,PRIVATELY_RENTED,306,57,44,89979,0.0,0.0,0.0,0.0,0.0,MEDIUM,HIGH,MEDIUM,5,COST_BASED,COST_BASED,false,false
5,economic_learning_factor_high,1,2048,NATURAL_GAS_BLOCK,PRIVATELY_RENTED,324,75,57,90054,0.0,0.0,0.0,0.0,0.0,MEDIUM,HIGH,MEDIUM,5,COST_BASED,COST_BASED,false,false
5,economic_learning_factor_high,1,2049,NATURAL_GAS_BLOCK,PRIVATELY_RENTED,339,32,17,90086,0.0,0.0,0.0,0.0,0.0,MEDIUM,HIGH,MEDIUM,5,COST_BASED,COST_BASED,false,false
5,economic_learning_factor_high,1,2050,NATURAL_GAS_BLOCK,PRIVATELY_RENTED,366,43,16,90129,0.0,0.0,0.0,0.0,0.0,MEDIUM,HIGH,MEDIUM,5,COST_BASED,COST_BASED,false,false
5,economic_learning_factor_high,1,2024,DISTRICT_HEATING,TOTAL,572799,572799,0,572799,0.0,0.0,0.0,0.0,0.0,MEDIUM,HIGH,MEDIUM,5,COST_BASED,COST_BASED,false,false
5,economic_learning_factor_high,1,2025,DISTRICT_HEATING,TOTAL,451925,57082,177956,629881,0.660805268130554,0.6417547837013357,0.12873389651272207,1454.146796717688,0.6354046222249236,MEDIUM,HIGH,MEDIUM,5,COST_BASED,COST_BASED,false,false
5,economic_learning_factor_high,1,2026,DISTRICT_HEATING,TOTAL,501280,61775,12420,691656,0.34074387248597066,0.32930075908814366,0.07332690344975559,745.0472487024114,0.32548638795553964,MEDIUM,HIGH,MEDIUM,5,COST_BASED,COST_BASED,false,false
5,economic_learning_factor_high,1,2027,DISTRICT_HEATING,TOTAL,553560,67624,15344,759280,0.3333661747673496,0.3222570427284442,0.07670395566750228,718.582159372455,0.3185539987154762,MEDIUM,HIGH,MEDIUM,5,COST_BASED,COST_BASED,false,false
5,economic_learning_factor_high,1,2028,DISTRICT_HEATING,TOTAL,611752,72491,14299,831771,0.3147849883495346,0.30588253121568715,0.07454315423190243,676.3538680879806,0.30291504550440396,MEDIUM,HIGH,MEDIUM,5,COST_BASED,COST_BASED,false,false
5,economic_learning_factor_high,1,2029,DISTRICT_HEATING,TOTAL,669321,71471,13902,903242,0.2997505084840383,0.290060900915442,0.07270751685311716,645.7513276488114,0.28683103172591473,MEDIUM,HIGH,MEDIUM,5,COST_BASED,COST_BASED,false,false
5,economic_learning_factor_high,1,2030,DISTRICT_HEATING,TOTAL,729871,76980,16430,980222,0.3033545330956656,0.29471012508834454,0.07591836153430111,644.2150155687676,0.291828655752575,MEDIUM,HIGH,MEDIUM,5,COST_BASED,COST_BASED,false,false
5,economic_learning_factor_high,1,2031,DISTRICT_HEATING,TOTAL,795584,83364,17651,1063586,0.3157614116642522,0.3100404389404039,0.08121979431332983,664.8325278838587,0.3081334480324559,MEDIUM,HIGH,MEDIUM,5,COST_BASED,COST_BASED,false,false
5,economic_learning_factor_high,1,2032,DISTRICT_HEATING,TOTAL,859519,78991,15056,1142577,0.278222937556883,0.26974763815130653,0.07300181137368848,576.0237836398127,0.2669225383494505,MEDIUM,HIGH,MEDIUM,5,COST_BASED,COST_BASED,false,false
5,economic_learning_factor_high,1,2033,DISTRICT_HEATING,TOTAL,924260,79499,14758,1222076,0.2787450071560753,0.27064846874048737,0.0766534313116437,578.719619111327,0.2679496226019558,MEDIUM,HIGH,MEDIUM,5,COST_BASED,COST_BASED,false,false
5,economic_learning_factor_high,1,2034,DISTRICT_HEATING,TOTAL,989642,79741,14359,1301817,0.3021351645334317,0.29320466048716154,0.08632262478844177,593.5043666002548,0.29022782580506823,MEDIUM,HIGH,MEDIUM,5,COST_BASED,COST_BASED,false,false
5,economic_learning_factor_high,1,2035,DISTRICT_HEATING,TOTAL,1053214,77754,14182,1379571,0.2766309931886654,0.2688363233899986,0.08005603686488369,553.7241375045712,0.2662381001237748,MEDIUM,HIGH,MEDIUM,5,COST_BASED,COST_BASED,false,false
5,economic_learning_factor_high,1,2036,DISTRICT_HEATING,TOTAL,1099833,60896,14277,1440467,0.2388663758426578,0.23193994918009025,0.07281180469255986,487.9862976643468,0.22963114029257198,MEDIUM,HIGH,MEDIUM,5,COST_BASED,COST_BASED,false,false
5,economic_learning_factor_high,1,2037,DISTRICT_HEATING,TOTAL,1098864,13626,14595,1454093,0.3685295084807671,0.35865641949840904,0.12400265573497189,703.0879554450192,0.35536538983762955,MEDIUM,HIGH,MEDIUM,5,COST_BASED,COST_BASED,false,false
5,economic_learning_factor_high,1,2038,DISTRICT_HEATING,TOTAL,1098099,13723,14488,1467816,0.3690711669326153,0.36066431078044947,0.12129862497455977,730.9658972357665,0.3578620253963969,MEDIUM,HIGH,MEDIUM,5,COST_BASED,COST_BASED,false,false
5,economic_learning_factor_high,1,2039,DISTRICT_HEATING,TOTAL,1096030,11719,13788,1479535,0.3966927115406223,0.3899357990979965,0.12922047843047374,822.7613777663614,0.38768349495045457,MEDIUM,HIGH,MEDIUM,5,COST_BASED,COST_BASED,false,false
5,economic_learning_factor_high,1,2040,DISTRICT_HEATING,TOTAL,1092346,9784,13468,1489319,0.48237973568936493,0.5052645798136876,0.16033253986495175,1172.5240677620675,0.5128928611884694,MEDIUM,HIGH,MEDIUM,5,COST_BASED,COST_BASED,false,false
5,economic_learning_factor_high,1,2041,DISTRICT_HEATING,TOTAL,1088319,9192,13219,1498511,0.45252184032635395,0.46490431071852506,0.14870756554775447,1088.40562941949,0.4690318008492469,MEDIUM,HIGH,MEDIUM,5,COST_BASED,COST_BASED,false,false
5,economic_learning_factor_high,1,2042,DISTRICT_HEATING,TOTAL,1084528,8012,11803,1506523,0.4873968429142951,0.4983753978547903,0.1595697248448948,1169.5573583074608,0.5020349161682931,MEDIUM,HIGH,MEDIUM,5,COST_BASED,COST_BASED,false,false
5,economic_learning_factor_high,1,2043,DISTRICT_HEATING,TOTAL,1080952,7934,11510,1514457,0.4805560879966576,0.4956584655159306,0.155863692425346,1145.7022233725188,0.500692591355691,MEDIUM,HIGH,MEDIUM,5,COST_BASED,COST_BASED,false,false
5,economic_learning_factor_high,1,2044,DISTRICT_HEATING,TOTAL,1077595,6709,10066,1521166,0.5061957747419957,0.5156410142788497,0.16130055465466653,1225.3628989077774,0.5187894274577982,MEDIUM,HIGH,MEDIUM,5,COST_BASED,COST_BASED,false,false
5,economic_learning_factor_high,1,2045,DISTRICT_HEATING,TOTAL,1073793,7091,10893,1528257,0.5176801839962476,0.5318330562843964,0.16521233237996963,1236.189286717056,0.5365506803804492,MEDIUM,HIGH,MEDIUM,5,COST_BASED,COST_BASED,false,false
5,economic_learning_factor_high,1,2046,DISTRICT_HEATING,TOTAL,1070367,8490,11916,1536747,0.5229070441284174,0.5441655886822784,0.16429970944412117,1218.0905002344832,0.5512517702002241,MEDIUM,HIGH,MEDIUM,5,COST_BASED,COST_BASED,false,false
5,economic_learning_factor_high,1,2047,DISTRICT_HEATING,TOTAL,1066114,9610,13863,1546357,0.5124577653297351,0.5230069736334565,0.1590562533177666,1170.1755868505486,0.5265233764013708,MEDIUM,HIGH,MEDIUM,5,COST_BASED,COST_BASED,false,false
5,economic_learning_factor_high,1,2048,DISTRICT_HEATING,TOTAL,1062217,9188,13085,1555545,0.511536678642233,0.5215557585667279,0.1582342158756823,1182.6123219008355,0.5248954518748917,MEDIUM,HIGH,MEDIUM,5,COST_BASED,COST_BASED,false,false
5,economic_learning_factor_high,1,2049,DISTRICT_HEATING,TOTAL,1057856,9829,14190,1565374,0.5321929678944661,0.5436811525918471,0.16283753031884857,1174.892053795786,0.5475105474909717,MEDIUM,HIGH,MEDIUM,5,COST_BASED,COST_BASED,false,false
5,economic_learning_factor_high,1,2050,DISTRICT_HEATING,TOTAL,1053301,10033,14588,1575407,0.5117134530111128,0.51972754935966,0.15141661637138187,1146.4136219435534,0.5223989148091757,MEDIUM,HIGH,MEDIUM,5,COST_BASED,COST_BASED,false,false
5,economic_learning_factor_high,1,2024,DISTRICT_HEATING,PRIVATELY_OWNED,317892,317892,0,317892,0.0,0.0,0.0,0.0,0.0,MEDIUM,HIGH,MEDIUM,5,COST_BASED,COST_BASED,false,false
5,economic_learning_factor_high,1,2025,DISTRICT_HEATING,PRIVATELY_OWNED,355558,49292,11626,367184,0.7652374891550003,0.7431763077830001,0.14907872029414918,1683.9569798393059,0.735822580658993,MEDIUM,HIGH,MEDIUM,5,COST_BASED,COST_BASED,false,false
5,economic_learning_factor_high,1,2026,DISTRICT_HEATING,PRIVATELY_OWNED,373213,27493,9838,394677,0.7656295319834444,0.7399175933026615,0.16476082859668467,1674.0731745750359,0.7313469470757452,MEDIUM,HIGH,MEDIUM,5,COST_BASED,COST_BASED,false,false
5,economic_learning_factor_high,1,2027,DISTRICT_HEATING,PRIVATELY_OWNED,389994,29443,12662,424120,0.7656677037824694,0.7401525067917097,0.17617186761060943,1650.4228490779774,0.7316474411281242,MEDIUM,HIGH,MEDIUM,5,COST_BASED,COST_BASED,false,false
5,economic_learning_factor_high,1,2028,DISTRICT_HEATING,PRIVATELY_OWNED,408057,29811,11748,453931,0.765458340560401,0.7438103575980805,0.18126556618110223,1644.6804284178927,0.7365943632773052,MEDIUM,HIGH,MEDIUM,5,COST_BASED,COST_BASED,false,false
5,economic_learning_factor_high,1,2029,DISTRICT_HEATING,PRIVATELY_OWNED,424445,27991,11603,481922,0.7653698900311778,0.7406288681836146,0.18564820610228774,1648.8333085058841,0.7323818609011057,MEDIUM,HIGH,MEDIUM,5,COST_BASED,COST_BASED,false,false
5,economic_learning_factor_high,1,2030,DISTRICT_HEATING,PRIVATELY_OWNED,441446,30465,13464,512387,0.7665265700871275,0.7446835854029464,0.19183310260661413,1627.824450959584,0.7374025905082299,MEDIUM,HIGH,MEDIUM,5,COST_BASED,COST_BASED,false,false
5,economic_learning_factor_high,1,2031,DISTRICT_HEATING,PRIVATELY_OWNED,460957,34324,14813,546711,0.7669017108139704,0.7530069674812909,0.19726159343714103,1614.7039638302645,0.7483753863704014,MEDIUM,HIGH,MEDIUM,5,COST_BASED,COST_BASED,false,false
5,economic_learning_factor_high,1,2032,DISTRICT_HEATING,PRIVATELY_OWNED,477662,28690,11985,575401,0.76601979994966,0.7426851057933027,0.20099289237431253,1585.9426522653343,0.734906874407858,MEDIUM,HIGH,MEDIUM,5,COST_BASED,COST_BASED,false,false
5,economic_learning_factor_high,1,2033,DISTRICT_HEATING,PRIVATELY_OWNED,494707,28949,11904,604350,0.7654823767280676,0.7432478709592735,0.21050368357609459,1589.2649486936123,0.7358363690363359,MEDIUM,HIGH,MEDIUM,5,COST_BASED,COST_BASED,false,false
5,economic_learning_factor_high,1,2034,DISTRICT_HEATING,PRIVATELY_OWNED,514605,31440,11542,635790,0.7663028039141342,0.7436524437629374,0.2189393264394127,1505.299990364851,0.7361023237125301,MEDIUM,HIGH,MEDIUM,5,COST_BASED,COST_BASED,false,false
5,economic_learning_factor_high,1,2035,DISTRICT_HEATING,PRIVATELY_OWNED,531961,28116,10760,663906,0.7650151602074082,0.7434592221107535,0.22139269776611772,1531.3083862402343,0.7362739094118647,MEDIUM,HIGH,MEDIUM,5,COST_BASED,COST_BASED,false,false
5,economic_learning_factor_high,1,2036,DISTRICT_HEATING,PRIVATELY_OWNED,540209,18991,10743,682897,0.7659421211792159,0.7437320386114884,0.23347626025791823,1564.7629710161689,0.7363286777555929,MEDIUM,HIGH,MEDIUM,5,COST_BASED,COST_BASED,false,false
5,economic_learning_factor_high,1,2037,DISTRICT_HEATING,PRIVATELY_OWNED,536003,6554,10760,689451,0.7661860058832671,0.7456595013862255,0.2578059485878436,1461.7449619917352,0.7388173332205585,MEDIUM,HIGH,MEDIUM,5,COST_BASED,COST_BASED,false,false
5,economic_learning_factor_high,1,2038,DISTRICT_HEATING,PRIVATELY_OWNED,532093,6618,10528,696069,0.7653012426437413,0.747868893448188,0.2515232744826056,1515.7215182481752,0.7420581103830091,MEDIUM,HIGH,MEDIUM,5,COST_BASED,COST_BASED,false,false
5,economic_learning_factor_high,1,2039,DISTRICT_HEATING,PRIVATELY_OWNED,528417,6073,9749,702142,0.7654934771191426,0.7524547389477065,0.2493553082046306,1587.6734045848823,0.7481084928905609,MEDIUM,HIGH,MEDIUM,5,COST_BASED,COST_BASED,false,false
5,economic_learning_factor_high,1,2040,DISTRICT_HEATING,PRIVATELY_OWNED,525566,6831,9682,708973,0.6909095789759546,0.7236874028542116,0.22964332748333885,1679.399133213888,0.7346133441469748,MEDIUM,HIGH,MEDIUM,5,COST_BASED,COST_BASED,false,false
5,economic_learning_factor_high,1,2041,DISTRICT_HEATING,PRIVATELY_OWNED,522534,5876,8908,714849,0.7078932532811173,0.7272635166992311,0.23262762806585416,1702.6250077644575,0.7337202711719328,MEDIUM,HIGH,MEDIUM,5,COST_BASED,COST_BASED,false,false
5,economic_learning_factor_high,1,2042,DISTRICT_HEATING,PRIVATELY_OWNED,519564,5539,8509,720388,0.7050051463132934,0.7208853019701353,0.23081289681482162,1691.7301958402916,0.7261786871890891,MEDIUM,HIGH,MEDIUM,5,COST_BASED,COST_BASED,false,false
5,economic_learning_factor_high,1,2043,DISTRICT_HEATING,PRIVATELY_OWNED,516813,5415,8166,725803,0.7041056329022126,0.7262334746820671,0.22836981268747833,1678.670626082653,0.7336094219420226,MEDIUM,HIGH,MEDIUM,5,COST_BASED,COST_BASED,false,false
5,economic_learning_factor_high,1,2044,DISTRICT_HEATING,PRIVATELY_OWNED,514155,4784,7442,730587,0.7098803203896424,0.723126163210034,0.22620514656734067,1718.4280285895231,0.7275414441501605,MEDIUM,HIGH,MEDIUM,5,COST_BASED,COST_BASED,false,false
5,economic_learning_factor_high,1,2045,DISTRICT_HEATING,PRIVATELY_OWNED,511199,5200,8156,735787,0.7059365739841138,0.725236192713972,0.2252924324819932,1685.734275405893,0.7316693989572626,MEDIUM,HIGH,MEDIUM,5,COST_BASED,COST_BASED,false,false
5,economic_learning_factor_high,1,2046,DISTRICT_HEATING,PRIVATELY_OWNED,508625,6298,8872,742085,0.7049032716180159,0.7335607888079618,0.22148373026049362,1642.0432434091397,0.7431132945379331,MEDIUM,HIGH,MEDIUM,5,COST_BASED,COST_BASED,false,false
5,economic_learning_factor_high,1,2047,DISTRICT_HEATING,PRIVATELY_OWNED,505305,6904,10224,748989,0.7133138940930988,0.7279978297534062,0.22139782653298623,1628.8220436897118,0.7328924749735188,MEDIUM,HIGH,MEDIUM,5,COST_BASED,COST_BASED,false,false
5,economic_learning_factor_high,1,2048,DISTRICT_HEATING,PRIVATELY_OWNED,502223,6582,9664,755571,0.7140685207178421,0.7280544378169395,0.22088361827191869,1650.8419953851226,0.7327164101833037,MEDIUM,HIGH,MEDIUM,5,COST_BASED,COST_BASED,false,false
5,economic_learning_factor_high,1,2049,DISTRICT_HEATING,PRIVATELY_OWNED,498759,7337,10801,762908,0.7129514353870393,0.7283415631491433,0.21814503005369532,1573.9422102710619,0.7334716057365083,MEDIUM,HIGH,MEDIUM,5,COST_BASED,COST_BASED,false,false
5,economic_learning_factor_high,1,2050,DISTRICT_HEATING,PRIVATELY_OWNED,495167,7145,10737,770053,0.7185473861526235,0.7298007701505205,0.21261902198097613,1609.7925638851884,0.7335518981498194,MEDIUM,HIGH,MEDIUM,5,COST_BASED,COST_BASED,false,false
5,economic_learning_factor_high,1,2024,DISTRICT_HEATING,SOCIAL_HOUSING,163881,163881,0,163881,0.0,0.0,0.0,0.0,0.0,MEDIUM,HIGH,MEDIUM,5,COST_BASED,COST_BASED,false,false
5,economic_learning_factor_high,1,2025,DISTRICT_HEATING,SOCIAL_HOUSING,228,0,163653,163881,0.0,0.0,0.0,0.0,0.0,MEDIUM,HIGH,MEDIUM,5,COST_BASED,COST_BASED,false,false
5,economic_learning_factor_high,1,2026,DISTRICT_HEATING,SOCIAL_HOUSING,56,0,172,163881,0.0,0.0,0.0,0.0,0.0,MEDIUM,HIGH,MEDIUM,5,COST_BASED,COST_BASED,false,false
5,economic_learning_factor_high,1,2027,DISTRICT_HEATING,SOCIAL_HOUSING,18,0,38,163881,0.0,0.0,0.0,0.0,0.0,MEDIUM,HIGH,MEDIUM,5,COST_BASED,COST_BASED,false,false
5,economic_learning_factor_high,1,2028,DISTRICT_HEATING,SOCIAL_HOUSING,0,0,18,163881,0.0,0.0,0.0,0.0,0.0,MEDIUM,HIGH,MEDIUM,5,COST_BASED,COST_BASED,false,false
5,economic_learning_factor_high,1,2029,DISTRICT_HEATING,SOCIAL_HOUSING,0,0,0,163881,0.0,0.0,0.0,0.0,0.0,MEDIUM,HIGH,MEDIUM,5,COST_BASED,COST_BASED,false,false
5,economic_learning_factor_high,1,2030,DISTRICT_HEATING,SOCIAL_HOUSING,0,0,0,163881,0.0,0.0,0.0,0.0,0.0,MEDIUM,HIGH,MEDIUM,5,COST_BASED,COST_BASED,false,false
5,economic_learning_factor_high,1,2031,DISTRICT_HEATING,SOCIAL_HOUSING,0,0,0,163881,0.0,0.0,0.0,0.0,0.0,MEDIUM,HIGH,MEDIUM,5,COST_BASED,COST_BASED,false,false
5,economic_learning_factor_high,1,2032,DISTRICT_HEATING,SOCIAL_HOUSING,0,0,0,163881,0.0,0.0,0.0,0.0,0.0,MEDIUM,HIGH,MEDIUM,5,COST_BASED,COST_BASED,false,false
5,economic_learning_factor_high,1,2033,DISTRICT_HEATING,SOCIAL_HOUSING,0,0,0,163881,0.0,0.0,0.0,0.0,0.0,MEDIUM,HIGH,MEDIUM,5,COST_BASED,COST_BASED,false,false
5,economic_learning_factor_high,1,2034,DISTRICT_HEATING,SOCIAL_HOUSING,0,0,0,163881,0.0,0.0,0.0,0.0,0.0,MEDIUM,HIGH,MEDIUM,5,COST_BASED,COST_BASED,false,false
5,economic_learning_factor_high,1,2035,DISTRICT_HEATING,SOCIAL_HOUSING,0,0,0,163881,0.0,0.0,0.0,0.0,0.0,MEDIUM,HIGH,MEDIUM,5,COST_BASED,COST_BASED,false,false
5,economic_learning_factor_high,1,2036,DISTRICT_HEATING,SOCIAL_HOUSING,0,0,0,163881,0.0,0.0,0.0,0.0,0.0,MEDIUM,HIGH,MEDIUM,5,COST_BASED,COST_BASED,false,false
5,economic_learning_factor_high,1,2037,DISTRICT_HEATING,SOCIAL_HOUSING,0,0,0,163881,0.0,0.0,0.0,0.0,0.0,MEDIUM,HIGH,MEDIUM,5,COST_BASED,COST_BASED,false,false
5,economic_learning_factor_high,1,2038,DISTRICT_HEATING,SOCIAL_HOUSING,0,0,0,163881,0.0,0.0,0.0,0.0,0.0,MEDIUM,HIGH,MEDIUM,5,COST_BASED,COST_BASED,false,false
5,economic_learning_factor_high,1,2039,DISTRICT_HEATING,SOCIAL_HOUSING,0,0,0,163881,0.0,0.0,0.0,0.0,0.0,MEDIUM,HIGH,MEDIUM,5,COST_BASED,COST_BASED,false,false
5,economic_learning_factor_high,1,2040,DISTRICT_HEATING,SOCIAL_HOUSING,0,0,0,163881,0.0,0.0,0.0,0.0,0.0,MEDIUM,HIGH,MEDIUM,5,COST_BASED,COST_BASED,false,false
5,economic_learning_factor_high,1,2041,DISTRICT_HEATING,SOCIAL_HOUSING,0,0,0,163881,0.0,0.0,0.0,0.0,0.0,MEDIUM,HIGH,MEDIUM,5,COST_BASED,COST_BASED,false,false
5,economic_learning_factor_high,1,2042,DISTRICT_HEATING,SOCIAL_HOUSING,0,0,0,163881,0.0,0.0,0.0,0.0,0.0,MEDIUM,HIGH,MEDIUM,5,COST_BASED,COST_BASED,false,false
5,economic_learning_factor_high,1,2043,DISTRICT_HEATING,SOCIAL_HOUSING,0,0,0,163881,0.0,0.0,0.0,0.0,0.0,MEDIUM,HIGH,MEDIUM,5,COST_BASED,COST_BASED,false,false
5,economic_learning_factor_high,1,2044,DISTRICT_HEATING,SOCIAL_HOUSING,0,0,0,163881,0.0,0.0,0.0,0.0,0.0,MEDIUM,HIGH,MEDIUM,5,COST_BASED,COST_BASED,false,false
5,economic_learning_factor_high,1,2045,DISTRICT_HEATING,SOCIAL_HOUSING,0,0,0,163881,0.0,0.0,0.0,0.0,0.0,MEDIUM,HIGH,MEDIUM,5,COST_BASED,COST_BASED,false,false
5,economic_learning_factor_high,1,2046,DISTRICT_HEATING,SOCIAL_HOUSING,0,0,0,163881,0.0,0.0,0.0,0.0,0.0,MEDIUM,HIGH,MEDIUM,5,COST_BASED,COST_BASED,false,false
5,economic_learning_factor_high,1,2047,DISTRICT_HEATING,SOCIAL_HOUSING,0,0,0,163881,0.0,0.0,0.0,0.0,0.0,MEDIUM,HIGH,MEDIUM,5,COST_BASED,COST_BASED,false,false
5,economic_learning_factor_high,1,2048,DISTRICT_HEATING,SOCIAL_HOUSING,0,0,0,163881,0.0,0.0,0.0,0.0,0.0,MEDIUM,HIGH,MEDIUM,5,COST_BASED,COST_BASED,false,false
5,economic_learning_factor_high,1,2049,DISTRICT_HEATING,SOCIAL_HOUSING,0,0,0,163881,0.0,0.0,0.0,0.0,0.0,MEDIUM,HIGH,MEDIUM,5,COST_BASED,COST_BASED,false,false
5,economic_learning_factor_high,1,2050,DISTRICT_HEATING,SOCIAL_HOUSING,0,0,0,163881,0.0,0.0,0.0,0.0,0.0,MEDIUM,HIGH,MEDIUM,5,COST_BASED,COST_BASED,false,false
5,economic_learning_factor_high,1,2024,DISTRICT_HEATING,PRIVATELY_RENTED,91026,91026,0,91026,0.0,0.0,0.0,0.0,0.0,MEDIUM,HIGH,MEDIUM,5,COST_BASED,COST_BASED,false,false
5,economic_learning_factor_high,1,2025,DISTRICT_HEATING,PRIVATELY_RENTED,96139,7790,2677,98816,0.0,0.0,0.0,0.0,0.0,MEDIUM,HIGH,MEDIUM,5,COST_BASED,COST_BASED,false,false
5,economic_learning_factor_high,1,2026,DISTRICT_HEATING,PRIVATELY_RENTED,128011,34282,2410,133098,0.0,0.0,0.0,0.0,0.0,MEDIUM,HIGH,MEDIUM,5,COST_BASED,COST_BASED,false,false
5,economic_learning_factor_high,1,2027,DISTRICT_HEATING,PRIVATELY_RENTED,163548,38181,2644,171279,0.0,0.0,0.0,0.0,0.0,MEDIUM,HIGH,MEDIUM,5,COST_BASED,COST_BASED,false,false
5,economic_learning_factor_high,1,2028,DISTRICT_HEATING,PRIVATELY_RENTED,203695,42680,2533,213959,0.0,0.0,0.0,0.0,0.0,MEDIUM,HIGH,MEDIUM,5,COST_BASED,COST_BASED,false,false
5,economic_learning_factor_high,1,2029,DISTRICT_HEATING,PRIVATELY_RENTED,244876,43480,2299,257439,0.0,0.0,0.0,0.0,0.0,MEDIUM,HIGH,MEDIUM,5,COST_BASED,COST_BASED,false,false
5,economic_learning_factor_high,1,2030,DISTRICT_HEATING,PRIVATELY_RENTED,288425,46515,2966,303954,0.0,0.0,0.0,0.0,0.0,MEDIUM,HIGH,MEDIUM,5,COST_BASED,COST_BASED,false,false
5,economic_learning_factor_high,1,2031,DISTRICT_HEATING,PRIVATELY_RENTED,334627,49040,2838,352994,0.0,0.0,0.0,0.0,0.0,MEDIUM,HIGH,MEDIUM,5,COST_BASED,COST_BASED,false,false
5,economic_learning_factor_high,1,2032,DISTRICT_HEATING,PRIVATELY_RENTED,381857,50301,3071,403295,0.0,0.0,0.0,0.0,0.0,MEDIUM,HIGH,MEDIUM,5,COST_BASED,COST_BASED,false,false
5,economic_learning_factor_high,1,2033,DISTRICT_HEATING,PRIVATELY_RENTED,429553,50550,2854,453845,0.0,0.0,0.0,0.0,0.0,MEDIUM,HIGH,MEDIUM,5,COST_BASED,COST_BASED,false,false
5,economic_learning_factor_high,1,2034,DISTRICT_HEATING,PRIVATELY_RENTED,475037,48301,2817,502146,0.0,0.0,0.0,0.0,0.0,MEDIUM,HIGH,MEDIUM,5,COST_BASED,COST_BASED,false,false
5,economic_learning_factor_high,1,2035,DISTRICT_HEATING,PRIVATELY_RENTED,521253,49638,3422,551784,0.0,0.0,0.0,0.0,0.0,MEDIUM,HIGH,MEDIUM,5,COST_BASED,COST_BASED,false,false
5,economic_learning_factor_high,1,2036,DISTRICT_HEATING,PRIVATELY_RENTED,559624,41905,3534,593689,0.0,0.0,0.0,0.0,0.0,MEDIUM,HIGH,MEDIUM,5,COST_BASED,COST_BASED,false,false
5,economic_learning_factor_high,1,2037,DISTRICT_HEATING,PRIVATELY_RENTED,562861,7072,3835,600761,0.0,0.0,0.0,0.0,0.0,MEDIUM,HIGH,MEDIUM,5,COST_BASED,COST_BASED,false,false
5,economic_learning_factor_high,1,2038,DISTRICT_HEATING,PRIVATELY_RENTED,566006,7105,3960,607866,0.0,0.0,0.0,0.0,0.0,MEDIUM,HIGH,MEDIUM,5,COST_BASED,COST_BASED,false,false
5,economic_learning_factor_high,1,2039,DISTRICT_HEATING,PRIVATELY_RENTED,567613,5646,4039,613512,0.0,0.0,0.0,0.0,0.0,MEDIUM,HIGH,MEDIUM,5,COST_BASED,COST_BASED,false,false
5,economic_learning_factor_high,1,2040,DISTRICT_HEATING,PRIVATELY_RENTED,566780,2953,3786,616465,0.0,0.0,0.0,0.0,0.0,MEDIUM,HIGH,MEDIUM,5,COST_BASED,COST_BASED,false,false
5,economic_learning_factor_high,1,2041,DISTRICT_HEATING,PRIVATELY_RENTED,565785,3316,4311,619781,0.0,0.0,0.0,0.0,0.0,MEDIUM,HIGH,MEDIUM,5,COST_BASED,COST_BASED,false,false
5,economic_learning_factor_high,1,2042,DISTRICT_HEATING,PRIVATELY_RENTED,564964,2473,3294,622254,0.0,0.0,0.0,0.0,0.0,MEDIUM,HIGH,MEDIUM,5,COST_BASED,COST_BASED,false,false
5,economic_learning_factor_high,1,2043,DISTRICT_HEATING,PRIVATELY_RENTED,564139,2519,3344,624773,0.0,0.0,0.0,0.0,0.0,MEDIUM,HIGH,MEDIUM,5,COST_BASED,COST_BASED,false,false
5,economic_learning_factor_high,1,2044,DISTRICT_HEATING,PRIVATELY_RENTED,563440,1925,2624,626698,0.0,0.0,0.0,0.0,0.0,MEDIUM,HIGH,MEDIUM,5,COST_BASED,COST_BASED,false,false
5,economic_learning_factor_high,1,2045,DISTRICT_HEATING,PRIVATELY_RENTED,562594,1891,2737,628589,0.0,0.0,0.0,0.0,0.0,MEDIUM,HIGH,MEDIUM,5,COST_BASED,COST_BASED,false,false
5,economic_learning_factor_high,1,2046,DISTRICT_HEATING,PRIVATELY_RENTED,561742,2192,3044,630781,0.0,0.0,0.0,0.0,0.0,MEDIUM,HIGH,MEDIUM,5,COST_BASED,COST_BASED,false,false
5,economic_learning_factor_high,1,2047,DISTRICT_HEATING,PRIVATELY_RENTED,560809,2706,3639,633487,0.0,0.0,0.0,0.0,0.0,MEDIUM,HIGH,MEDIUM,5,COST_BASED,COST_BASED,false,false
5,economic_learning_factor_high,1,2048,DISTRICT_HEATING,PRIVATELY_RENTED,559994,2606,3421,636093,0.0,0.0,0.0,0.0,0.0,MEDIUM,HIGH,MEDIUM,5,COST_BASED,COST_BASED,false,false
5,economic_learning_factor_high,1,2049,DISTRICT_HEATING,PRIVATELY_RENTED,559097,2492,3389,638585,0.0,0.0,0.0,0.0,0.0,MEDIUM,HIGH,MEDIUM,5,COST_BASED,COST_BASED,false,false
5,economic_learning_factor_high,1,2050,DISTRICT_HEATING,PRIVATELY_RENTED,558134,2888,3851,641473,0.0,0.0,0.0,0.0,0.0,MEDIUM,HIGH,MEDIUM,5,COST_BASED,COST_BASED,false,false
5,economic_learning_factor_high,1,2024,ELECTRIC_HEAT_PUMP,TOTAL,399204,399204,0,399204,0.0,0.0,0.0,0.0,0.0,MEDIUM,HIGH,MEDIUM,5,COST_BASED,COST_BASED,false,false
5,economic_learning_factor_high,1,2025,ELECTRIC_HEAT_PUMP,TOTAL,765364,405777,39617,804981,0.46351948573751706,0.44494336604066925,0.05085737497417202,1686.2730874928618,0.4387513261417087,MEDIUM,HIGH,MEDIUM,5,COST_BASED,COST_BASED,false,false
5,economic_learning_factor_high,1,2026,ELECTRIC_HEAT_PUMP,TOTAL,963456,221151,23059,1026132,0.5284583604905827,0.5107355720918705,0.08283326493408956,1677.705989165511,0.5048279759589666,MEDIUM,HIGH,MEDIUM,5,COST_BASED,COST_BASED,false,false
5,economic_learning_factor_high,1,2027,ELECTRIC_HEAT_PUMP,TOTAL,1163433,223080,23103,1249212,0.5473637091932498,0.5286768496983659,0.1060649188784565,1652.5328245242729,0.5224478965333935,MEDIUM,HIGH,MEDIUM,5,COST_BASED,COST_BASED,false,false
5,economic_learning_factor_high,1,2028,ELECTRIC_HEAT_PUMP,TOTAL,1360157,219532,22808,1468744,0.5557898159182644,0.5396003281927135,0.12861913811020206,1616.2598200166851,0.5342038322841766,MEDIUM,HIGH,MEDIUM,5,COST_BASED,COST_BASED,false,false
5,economic_learning_factor_high,1,2029,ELECTRIC_HEAT_PUMP,TOTAL,1553883,215927,22201,1684671,0.5609040841346449,0.5442105710374648,0.1508781515393261,1589.0363757775851,0.5386460666717205,MEDIUM,HIGH,MEDIUM,5,COST_BASED,COST_BASED,false,false
5,economic_learning_factor_high,1,2030,ELECTRIC_HEAT_PUMP,TOTAL,1752734,221463,22612,1906134,0.5704885369321231,0.5563503538188813,0.1756453895830562,1573.2751098567792,0.5516376261144104,MEDIUM,HIGH,MEDIUM,5,COST_BASED,COST_BASED,false,false
5,economic_learning_factor_high,1,2031,ELECTRIC_HEAT_PUMP,TOTAL,1937567,209184,24351,2115318,0.5688615420501381,0.5555499439356063,0.19655374739662743,1523.3430692395445,0.5511127445640814,MEDIUM,HIGH,MEDIUM,5,COST_BASED,COST_BASED,false,false
5,economic_learning_factor_high,1,2032,ELECTRIC_HEAT_PUMP,TOTAL,2136292,223928,25203,2339246,0.5819210727482477,0.5691842659815846,0.22323150533741418,1536.791494803022,0.5649386637260321,MEDIUM,HIGH,MEDIUM,5,COST_BASED,COST_BASED,false,false
5,economic_learning_factor_high,1,2033,ELECTRIC_HEAT_PUMP,TOTAL,2327536,217421,26177,2556667,0.582925931411613,0.5693087960730175,0.24625753820460158,1504.771237534233,0.5647697509601621,MEDIUM,HIGH,MEDIUM,5,COST_BASED,COST_BASED,false,false
5,economic_learning_factor_high,1,2034,ELECTRIC_HEAT_PUMP,TOTAL,2531836,232582,28282,2789249,0.5950455084435439,0.5835277336570213,0.2758095435129236,1471.377533369231,0.5796884753948678,MEDIUM,HIGH,MEDIUM,5,COST_BASED,COST_BASED,false,false
5,economic_learning_factor_high,1,2035,ELECTRIC_HEAT_PUMP,TOTAL,2730856,227923,28903,3017172,0.5964907188571003,0.5869351718022207,0.301552599348191,1446.4748215187542,0.5837499894506196,MEDIUM,HIGH,MEDIUM,5,COST_BASED,COST_BASED,false,false
5,economic_learning_factor_high,1,2036,ELECTRIC_HEAT_PUMP,TOTAL,2857789,158734,31801,3175906,0.6167449803030348,0.6132955635887017,0.33263492955000873,1422.9321875776184,0.6121457580172737,MEDIUM,HIGH,MEDIUM,5,COST_BASED,COST_BASED,false,false
5,economic_learning_factor_high,1,2037,ELECTRIC_HEAT_PUMP,TOTAL,2847569,25804,36024,3201710,0.6000673165303358,0.6786154863828395,0.3645084320127029,1186.8279741268252,0.7047982096670149,MEDIUM,HIGH,MEDIUM,5,COST_BASED,COST_BASED,false,false
5,economic_learning_factor_high,1,2038,ELECTRIC_HEAT_PUMP,TOTAL,2838766,22235,31038,3223945,0.6277593014583024,0.6844957701630369,0.3619468282022196,1200.8277422325323,0.7034079263979485,MEDIUM,HIGH,MEDIUM,5,COST_BASED,COST_BASED,false,false
5,economic_learning_factor_high,1,2039,ELECTRIC_HEAT_PUMP,TOTAL,2837043,12302,14025,3236247,0.5898834816442788,0.6596130426843709,0.3526537689543502,1277.126247986214,0.6828562296977368,MEDIUM,HIGH,MEDIUM,5,COST_BASED,COST_BASED,false,false
5,economic_learning_factor_high,1,2040,ELECTRIC_HEAT_PUMP,TOTAL,2845394,414128,405777,3650375,0.47278498528757695,0.4873836458319385,0.2585770657414898,928.9751032570258,0.4922498660134371,MEDIUM,HIGH,MEDIUM,5,COST_BASED,COST_BASED,false,false
5,economic_learning_factor_high,1,2041,ELECTRIC_HEAT_PUMP,TOTAL,2849490,225247,221151,3875622,0.5334668521805783,0.5539862965740793,0.2935051904453706,1048.7107589063232,0.5608261113718938,MEDIUM,HIGH,MEDIUM,5,COST_BASED,COST_BASED,false,false
5,economic_learning_factor_high,1,2042,ELECTRIC_HEAT_PUMP,TOTAL,2853006,226596,223080,4102218,0.5517995107789638,0.5692527923390758,0.30387099673226114,1068.3525770734036,0.5750705528591398,MEDIUM,HIGH,MEDIUM,5,COST_BASED,COST_BASED,false,false
5,economic_learning_factor_high,1,2043,ELECTRIC_HEAT_PUMP,TOTAL,2856634,223160,219532,4325378,0.5599479099699972,0.5813445559958316,0.3087094310925826,1069.1120355558835,0.5884767713377438,MEDIUM,HIGH,MEDIUM,5,COST_BASED,COST_BASED,false,false
5,economic_learning_factor_high,1,2044,ELECTRIC_HEAT_PUMP,TOTAL,2859777,219070,215927,4544448,0.5646877207183523,0.5846341347710803,0.31173642150553116,1071.5496443391671,0.5912829394553396,MEDIUM,HIGH,MEDIUM,5,COST_BASED,COST_BASED,false,false
5,economic_learning_factor_high,1,2045,ELECTRIC_HEAT_PUMP,TOTAL,2863401,225087,221463,4769535,0.5752910805471233,0.5984330036923727,0.31792608233727015,1077.565373208614,0.6061469780741745,MEDIUM,HIGH,MEDIUM,5,COST_BASED,COST_BASED,false,false
5,economic_learning_factor_high,1,2046,ELECTRIC_HEAT_PUMP,TOTAL,2867354,213137,209184,4982672,0.5739312839212246,0.5945582127109362,0.3174856435072739,1056.7028131193406,0.6014338556407784,MEDIUM,HIGH,MEDIUM,5,COST_BASED,COST_BASED,false,false
5,economic_learning_factor_high,1,2047,ELECTRIC_HEAT_PUMP,TOTAL,2871428,228002,223928,5210674,0.5865463400509985,0.6089471781296054,0.32478732242001945,1072.6690843099746,0.6164141241557904,MEDIUM,HIGH,MEDIUM,5,COST_BASED,COST_BASED,false,false
5,economic_learning_factor_high,1,2048,ELECTRIC_HEAT_PUMP,TOTAL,2874032,220025,217421,5430699,0.5883576442237282,0.6062409869867816,0.32494996162325007,1058.1641834927445,0.6122021012411512,MEDIUM,HIGH,MEDIUM,5,COST_BASED,COST_BASED,false,false
5,economic_learning_factor_high,1,2049,ELECTRIC_HEAT_PUMP,TOTAL,2878096,236646,232582,5667345,0.5989595291066283,0.6229050483131613,0.33272882157555417,1040.517655420266,0.6308868880486831,MEDIUM,HIGH,MEDIUM,5,COST_BASED,COST_BASED,false,false
5,economic_learning_factor_high,1,2050,ELECTRIC_HEAT_PUMP,TOTAL,2882332,232159,227923,5899504,0.6018624951246534,0.6263508945998569,0.33414110916471534,1024.8907311066305,0.634513694424921,MEDIUM,HIGH,MEDIUM,5,COST_BASED,COST_BASED,false,false
5,economic_learning_factor_high,1,2024,ELECTRIC_HEAT_PUMP,PRIVATELY_OWNED,329076,329076,0,329076,0.0,0.0,0.0,0.0,0.0,MEDIUM,HIGH,MEDIUM,5,COST_BASED,COST_BASED,false,false
5,economic_learning_factor_high,1,2025,ELECTRIC_HEAT_PUMP,PRIVATELY_OWNED,562848,263245,29473,592321,0.714488580463494,0.685854562259054,0.07839371325151322,2599.292805650975,0.6763098895242232,MEDIUM,HIGH,MEDIUM,5,COST_BASED,COST_BASED,false,false
5,economic_learning_factor_high,1,2026,ELECTRIC_HEAT_PUMP,PRIVATELY_OWNED,708013,163728,18563,756049,0.7138002961060591,0.6898617371719513,0.11188470740153694,2266.1142700695173,0.681882217527249,MEDIUM,HIGH,MEDIUM,5,COST_BASED,COST_BASED,false,false
5,economic_learning_factor_high,1,2027,ELECTRIC_HEAT_PUMP,PRIVATELY_OWNED,860245,170908,18676,926957,0.7144539532779633,0.6900626748350661,0.13844268321790715,2156.9910273063565,0.6819322486874191,MEDIUM,HIGH,MEDIUM,5,COST_BASED,COST_BASED,false,false
5,economic_learning_factor_high,1,2028,ELECTRIC_HEAT_PUMP,PRIVATELY_OWNED,1012723,170736,18258,1097693,0.7146334098735382,0.6938169996298542,0.16537822502347999,2078.183574687839,0.6868781962152671,MEDIUM,HIGH,MEDIUM,5,COST_BASED,COST_BASED,false,false
5,economic_learning_factor_high,1,2029,ELECTRIC_HEAT_PUMP,PRIVATELY_OWNED,1164078,169516,18161,1267209,0.7144714137600077,0.6932074610798195,0.1921863813883767,2024.0912805429969,0.6861194768530676,MEDIUM,HIGH,MEDIUM,5,COST_BASED,COST_BASED,false,false
5,economic_learning_factor_high,1,2030,ELECTRIC_HEAT_PUMP,PRIVATELY_OWNED,1322297,176906,18687,1444115,0.7141764714288875,0.6964773292471195,0.21988488187643365,1969.533117329044,0.6905776151864588,MEDIUM,HIGH,MEDIUM,5,COST_BASED,COST_BASED,false,false
5,economic_learning_factor_high,1,2031,ELECTRIC_HEAT_PUMP,PRIVATELY_OWNED,1468807,166575,20065,1610690,0.7143733021895007,0.6976566680007555,0.24683115170593492,1913.0061329479506,0.6920844566044894,MEDIUM,HIGH,MEDIUM,5,COST_BASED,COST_BASED,false,false
5,economic_learning_factor_high,1,2032,ELECTRIC_HEAT_PUMP,PRIVATELY_OWNED,1630362,182501,20946,1793191,0.7140148381563367,0.698386826991218,0.27390416779741744,1885.637042253199,0.6931774899361807,MEDIUM,HIGH,MEDIUM,5,COST_BASED,COST_BASED,false,false
5,economic_learning_factor_high,1,2033,ELECTRIC_HEAT_PUMP,PRIVATELY_OWNED,1786433,177413,21342,1970604,0.7143802254256695,0.6976923210305419,0.30179051261171774,1844.1087588616983,0.6921296862321781,MEDIUM,HIGH,MEDIUM,5,COST_BASED,COST_BASED,false,false
5,economic_learning_factor_high,1,2034,ELECTRIC_HEAT_PUMP,PRIVATELY_OWNED,1957000,193868,23301,2164472,0.7138716778674992,0.700053888983315,0.3308866612815049,1765.2007008174764,0.6954479593552786,MEDIUM,HIGH,MEDIUM,5,COST_BASED,COST_BASED,false,false
5,economic_learning_factor_high,1,2035,ELECTRIC_HEAT_PUMP,PRIVATELY_OWNED,2123605,190257,23652,2354729,0.7145805626813566,0.7031332627061162,0.3612522698310061,1732.8396891836778,0.6993174960477332,MEDIUM,HIGH,MEDIUM,5,COST_BASED,COST_BASED,false,false
5,economic_learning_factor_high,1,2036,ELECTRIC_HEAT_PUMP,PRIVATELY_OWNED,2234037,137020,26588,2491749,0.7144825405300097,0.7104864836570499,0.3853486564530075,1648.4288269080841,0.7091544646994155,MEDIUM,HIGH,MEDIUM,5,COST_BASED,COST_BASED,false,false
5,economic_learning_factor_high,1,2037,ELECTRIC_HEAT_PUMP,PRIVATELY_OWNED,2226284,24295,32048,2516044,0.6373384250153853,0.7207653431003413,0.3871486141039632,1260.5436939439637,0.7485743157953346,MEDIUM,HIGH,MEDIUM,5,COST_BASED,COST_BASED,false,false
5,economic_learning_factor_high,1,2038,ELECTRIC_HEAT_PUMP,PRIVATELY_OWNED,2219771,20862,27375,2536906,0.6690743010222103,0.7295447919458884,0.3857677943186824,1279.8583476435795,0.7497016222537812,MEDIUM,HIGH,MEDIUM,5,COST_BASED,COST_BASED,false,false
5,economic_learning_factor_high,1,2039,ELECTRIC_HEAT_PUMP,PRIVATELY_OWNED,2219186,11356,11941,2548262,0.6390231235635716,0.714561434581114,0.3820312315671377,1383.515947756816,0.7397408715869636,MEDIUM,HIGH,MEDIUM,5,COST_BASED,COST_BASED,false,false
5,economic_learning_factor_high,1,2040,ELECTRIC_HEAT_PUMP,PRIVATELY_OWNED,2226902,270961,263245,2819223,0.7225892301370812,0.7449013492018742,0.3952007967249592,1419.815403551159,0.7523387222235403,MEDIUM,HIGH,MEDIUM,5,COST_BASED,COST_BASED,false,false
5,economic_learning_factor_high,1,2041,ELECTRIC_HEAT_PUMP,PRIVATELY_OWNED,2230370,167196,163728,2986419,0.7186882942960282,0.7463321571354676,0.3954111559621546,1412.826576660761,0.7555467780819215,MEDIUM,HIGH,MEDIUM,5,COST_BASED,COST_BASED,false,false
5,economic_learning_factor_high,1,2042,ELECTRIC_HEAT_PUMP,PRIVATELY_OWNED,2233267,173805,170908,3160224,0.7194014093062345,0.7421558973151821,0.3961678454333503,1392.8507267024825,0.7497407266515327,MEDIUM,HIGH,MEDIUM,5,COST_BASED,COST_BASED,false,false
5,economic_learning_factor_high,1,2043,ELECTRIC_HEAT_PUMP,PRIVATELY_OWNED,2236284,173753,170736,3333977,0.7191701759906567,0.7466509994994606,0.3964915520458394,1373.1161007559638,0.7558112740023534,MEDIUM,HIGH,MEDIUM,5,COST_BASED,COST_BASED,false,false
5,economic_learning_factor_high,1,2044,ELECTRIC_HEAT_PUMP,PRIVATELY_OWNED,2238845,172077,169516,3506054,0.7188999051457745,0.7442935424507665,0.39686941229343087,1364.1822009064624,0.7527580882191185,MEDIUM,HIGH,MEDIUM,5,COST_BASED,COST_BASED,false,false
5,economic_learning_factor_high,1,2045,ELECTRIC_HEAT_PUMP,PRIVATELY_OWNED,2241869,179930,176906,3685984,0.7196717803985458,0.7486216278669766,0.3977159345025795,1348.0017626821946,0.7582715770231852,MEDIUM,HIGH,MEDIUM,5,COST_BASED,COST_BASED,false,false
5,economic_learning_factor_high,1,2046,ELECTRIC_HEAT_PUMP,PRIVATELY_OWNED,2245234,169940,166575,3855924,0.719818712846405,0.7456887947662164,0.3981872284347995,1325.3057989868005,0.7543121554060762,MEDIUM,HIGH,MEDIUM,5,COST_BASED,COST_BASED,false,false
5,economic_learning_factor_high,1,2047,ELECTRIC_HEAT_PUMP,PRIVATELY_OWNED,2248725,185992,182501,4041916,0.7190295207552355,0.7464900345601224,0.3981470121640139,1314.9527751776573,0.7556435391617303,MEDIUM,HIGH,MEDIUM,5,COST_BASED,COST_BASED,false,false
5,economic_learning_factor_high,1,2048,ELECTRIC_HEAT_PUMP,PRIVATELY_OWNED,2250791,179479,177413,4221395,0.7212731888985664,0.7431965475725106,0.3983592247903966,1297.2134593628844,0.7505043337971812,MEDIUM,HIGH,MEDIUM,5,COST_BASED,COST_BASED,false,false
5,economic_learning_factor_high,1,2049,ELECTRIC_HEAT_PUMP,PRIVATELY_OWNED,2254302,197379,193868,4418774,0.7181178176248089,0.7468271095867157,0.398922604281958,1247.5204610651806,0.756396873574031,MEDIUM,HIGH,MEDIUM,5,COST_BASED,COST_BASED,false,false
5,economic_learning_factor_high,1,2050,ELECTRIC_HEAT_PUMP,PRIVATELY_OWNED,2257981,193936,190257,4612710,0.7204840514687547,0.7497988890118811,0.39999724529005004,1226.8872578736502,0.7595705015262522,MEDIUM,HIGH,MEDIUM,5,COST_BASED,COST_BASED,false,false
5,economic_learning_factor_high,1,2024,ELECTRIC_HEAT_PUMP,SOCIAL_HOUSING,3982,3982,0,3982,0.0,0.0,0.0,0.0,0.0,MEDIUM,HIGH,MEDIUM,5,COST_BASED,COST_BASED,false,false
5,economic_learning_factor_high,1,2025,ELECTRIC_HEAT_PUMP,SOCIAL_HOUSING,196,0,3786,3982,0.0,0.0,0.0,0.0,0.0,MEDIUM,HIGH,MEDIUM,5,COST_BASED,COST_BASED,false,false
5,economic_learning_factor_high,1,2026,ELECTRIC_HEAT_PUMP,SOCIAL_HOUSING,55,0,141,3982,0.0,0.0,0.0,0.0,0.0,MEDIUM,HIGH,MEDIUM,5,COST_BASED,COST_BASED,false,false
5,economic_learning_factor_high,1,2027,ELECTRIC_HEAT_PUMP,SOCIAL_HOUSING,34,0,21,3982,0.0,0.0,0.0,0.0,0.0,MEDIUM,HIGH,MEDIUM,5,COST_BASED,COST_BASED,false,false
5,economic_learning_factor_high,1,2028,ELECTRIC_HEAT_PUMP,SOCIAL_HOUSING,10,0,24,3982,0.0,0.0,0.0,0.0,0.0,MEDIUM,HIGH,MEDIUM,5,COST_BASED,COST_BASED,false,false
5,economic_learning_factor_high,1,2029,ELECTRIC_HEAT_PUMP,SOCIAL_HOUSING,7,0,3,3982,0.0,0.0,0.0,0.0,0.0,MEDIUM,HIGH,MEDIUM,5,COST_BASED,COST_BASED,false,false
5,economic_learning_factor_high,1,2030,ELECTRIC_HEAT_PUMP,SOCIAL_HOUSING,5,0,2,3982,0.0,0.0,0.0,0.0,0.0,MEDIUM,HIGH,MEDIUM,5,COST_BASED,COST_BASED,false,false
5,economic_learning_factor_high,1,2031,ELECTRIC_HEAT_PUMP,SOCIAL_HOUSING,3,0,2,3982,0.0,0.0,0.0,0.0,0.0,MEDIUM,HIGH,MEDIUM,5,COST_BASED,COST_BASED,false,false
5,economic_learning_factor_high,1,2032,ELECTRIC_HEAT_PUMP,SOCIAL_HOUSING,2,0,1,3982,0.0,0.0,0.0,0.0,0.0,MEDIUM,HIGH,MEDIUM,5,COST_BASED,COST_BASED,false,false
5,economic_learning_factor_high,1,2033,ELECTRIC_HEAT_PUMP,SOCIAL_HOUSING,2,0,0,3982,0.0,0.0,0.0,0.0,0.0,MEDIUM,HIGH,MEDIUM,5,COST_BASED,COST_BASED,false,false
5,economic_learning_factor_high,1,2034,ELECTRIC_HEAT_PUMP,SOCIAL_HOUSING,2,0,0,3982,0.0,0.0,0.0,0.0,0.0,MEDIUM,HIGH,MEDIUM,5,COST_BASED,COST_BASED,false,false
5,economic_learning_factor_high,1,2035,ELECTRIC_HEAT_PUMP,SOCIAL_HOUSING,0,0,2,3982,0.0,0.0,0.0,0.0,0.0,MEDIUM,HIGH,MEDIUM,5,COST_BASED,COST_BASED,false,false
5,economic_learning_factor_high,1,2036,ELECTRIC_HEAT_PUMP,SOCIAL_HOUSING,0,0,0,3982,0.0,0.0,0.0,0.0,0.0,MEDIUM,HIGH,MEDIUM,5,COST_BASED,COST_BASED,false,false
5,economic_learning_factor_high,1,2037,ELECTRIC_HEAT_PUMP,SOCIAL_HOUSING,0,0,0,3982,0.0,0.0,0.0,0.0,0.0,MEDIUM,HIGH,MEDIUM,5,COST_BASED,COST_BASED,false,false
5,economic_learning_factor_high,1,2038,ELECTRIC_HEAT_PUMP,SOCIAL_HOUSING,0,0,0,3982,0.0,0.0,0.0,0.0,0.0,MEDIUM,HIGH,MEDIUM,5,COST_BASED,COST_BASED,false,false
5,economic_learning_factor_high,1,2039,ELECTRIC_HEAT_PUMP,SOCIAL_HOUSING,0,0,0,3982,0.0,0.0,0.0,0.0,0.0,MEDIUM,HIGH,MEDIUM,5,COST_BASED,COST_BASED,false,false
5,economic_learning_factor_high,1,2040,ELECTRIC_HEAT_PUMP,SOCIAL_HOUSING,0,0,0,3982,0.0,0.0,0.0,0.0,0.0,MEDIUM,HIGH,MEDIUM,5,COST_BASED,COST_BASED,false,false
5,economic_learning_factor_high,1,2041,ELECTRIC_HEAT_PUMP,SOCIAL_HOUSING,0,0,0,3982,0.0,0.0,0.0,0.0,0.0,MEDIUM,HIGH,MEDIUM,5,COST_BASED,COST_BASED,false,false
5,economic_learning_factor_high,1,2042,ELECTRIC_HEAT_PUMP,SOCIAL_HOUSING,0,0,0,3982,0.0,0.0,0.0,0.0,0.0,MEDIUM,HIGH,MEDIUM,5,COST_BASED,COST_BASED,false,false
5,economic_learning_factor_high,1,2043,ELECTRIC_HEAT_PUMP,SOCIAL_HOUSING,0,0,0,3982,0.0,0.0,0.0,0.0,0.0,MEDIUM,HIGH,MEDIUM,5,COST_BASED,COST_BASED,false,false
5,economic_learning_factor_high,1,2044,ELECTRIC_HEAT_PUMP,SOCIAL_HOUSING,0,0,0,3982,0.0,0.0,0.0,0.0,0.0,MEDIUM,HIGH,MEDIUM,5,COST_BASED,COST_BASED,false,false
5,economic_learning_factor_high,1,2045,ELECTRIC_HEAT_PUMP,SOCIAL_HOUSING,0,0,0,3982,0.0,0.0,0.0,0.0,0.0,MEDIUM,HIGH,MEDIUM,5,COST_BASED,COST_BASED,false,false
5,economic_learning_factor_high,1,2046,ELECTRIC_HEAT_PUMP,SOCIAL_HOUSING,0,0,0,3982,0.0,0.0,0.0,0.0,0.0,MEDIUM,HIGH,MEDIUM,5,COST_BASED,COST_BASED,false,false
5,economic_learning_factor_high,1,2047,ELECTRIC_HEAT_PUMP,SOCIAL_HOUSING,0,0,0,3982,0.0,0.0,0.0,0.0,0.0,MEDIUM,HIGH,MEDIUM,5,COST_BASED,COST_BASED,false,false
5,economic_learning_factor_high,1,2048,ELECTRIC_HEAT_PUMP,SOCIAL_HOUSING,0,0,0,3982,0.0,0.0,0.0,0.0,0.0,MEDIUM,HIGH,MEDIUM,5,COST_BASED,COST_BASED,false,false
5,economic_learning_factor_high,1,2049,ELECTRIC_HEAT_PUMP,SOCIAL_HOUSING,0,0,0,3982,0.0,0.0,0.0,0.0,0.0,MEDIUM,HIGH,MEDIUM,5,COST_BASED,COST_BASED,false,false
5,economic_learning_factor_high,1,2050,ELECTRIC_HEAT_PUMP,SOCIAL_HOUSING,0,0,0,3982,0.0,0.0,0.0,0.0,0.0,MEDIUM,HIGH,MEDIUM,5,COST_BASED,COST_BASED,false,false
5,economic_learning_factor_high,1,2024,ELECTRIC_HEAT_PUMP,PRIVATELY_RENTED,66146,66146,0,66146,0.0,0.0,0.0,0.0,0.0,MEDIUM,HIGH,MEDIUM,5,COST_BASED,COST_BASED,false,false
5,economic_learning_factor_high,1,2025,ELECTRIC_HEAT_PUMP,PRIVATELY_RENTED,202320,142532,6358,208678,0.0,0.0,0.0,0.0,0.0,MEDIUM,HIGH,MEDIUM,5,COST_BASED,COST_BASED,false,false
5,economic_learning_factor_high,1,2026,ELECTRIC_HEAT_PUMP,PRIVATELY_RENTED,255388,57423,4355,266101,0.0,0.0,0.0,0.0,0.0,MEDIUM,HIGH,MEDIUM,5,COST_BASED,COST_BASED,false,false
5,economic_learning_factor_high,1,2027,ELECTRIC_HEAT_PUMP,PRIVATELY_RENTED,303154,52172,4406,318273,0.0,0.0,0.0,0.0,0.0,MEDIUM,HIGH,MEDIUM,5,COST_BASED,COST_BASED,false,false
5,economic_learning_factor_high,1,2028,ELECTRIC_HEAT_PUMP,PRIVATELY_RENTED,347424,48796,4526,367069,0.0,0.0,0.0,0.0,0.0,MEDIUM,HIGH,MEDIUM,5,COST_BASED,COST_BASED,false,false
5,economic_learning_factor_high,1,2029,ELECTRIC_HEAT_PUMP,PRIVATELY_RENTED,389798,46411,4037,413480,0.0,0.0,0.0,0.0,0.0,MEDIUM,HIGH,MEDIUM,5,COST_BASED,COST_BASED,false,false
5,economic_learning_factor_high,1,2030,ELECTRIC_HEAT_PUMP,PRIVATELY_RENTED,430432,44557,3923,458037,0.0,0.0,0.0,0.0,0.0,MEDIUM,HIGH,MEDIUM,5,COST_BASED,COST_BASED,false,false
5,economic_learning_factor_high,1,2031,ELECTRIC_HEAT_PUMP,PRIVATELY_RENTED,468757,42609,4284,500646,0.0,0.0,0.0,0.0,0.0,MEDIUM,HIGH,MEDIUM,5,COST_BASED,COST_BASED,false,false
5,economic_learning_factor_high,1,2032,ELECTRIC_HEAT_PUMP,PRIVATELY_RENTED,505928,41427,4256,542073,0.0,0.0,0.0,0.0,0.0,MEDIUM,HIGH,MEDIUM,5,COST_BASED,COST_BASED,false,false
5,economic_learning_factor_high,1,2033,ELECTRIC_HEAT_PUMP,PRIVATELY_RENTED,541101,40008,4835,582081,0.0,0.0,0.0,0.0,0.0,MEDIUM,HIGH,MEDIUM,5,COST_BASED,COST_BASED,false,false
5,economic_learning_factor_high,1,2034,ELECTRIC_HEAT_PUMP,PRIVATELY_RENTED,574834,38714,4981,620795,0.0,0.0,0.0,0.0,0.0,MEDIUM,HIGH,MEDIUM,5,COST_BASED,COST_BASED,false,false
5,economic_learning_factor_high,1,2035,ELECTRIC_HEAT_PUMP,PRIVATELY_RENTED,607251,37666,5249,658461,0.0,0.0,0.0,0.0,0.0,MEDIUM,HIGH,MEDIUM,5,COST_BASED,COST_BASED,false,false
5,economic_learning_factor_high,1,2036,ELECTRIC_HEAT_PUMP,PRIVATELY_RENTED,623752,21714,5213,680175,0.0,0.0,0.0,0.0,0.0,MEDIUM,HIGH,MEDIUM,5,COST_BASED,COST_BASED,false,false
5,economic_learning_factor_high,1,2037,ELECTRIC_HEAT_PUMP,PRIVATELY_RENTED,621285,1509,3976,681684,0.0,0.0,0.0,0.0,0.0,MEDIUM,HIGH,MEDIUM,5,COST_BASED,COST_BASED,false,false
5,economic_learning_factor_high,1,2038,ELECTRIC_HEAT_PUMP,PRIVATELY_RENTED,618995,1373,3663,683057,0.0,0.0,0.0,0.0,0.0,MEDIUM,HIGH,MEDIUM,5,COST_BASED,COST_BASED,false,false
5,economic_learning_factor_high,1,2039,ELECTRIC_HEAT_PUMP,PRIVATELY_RENTED,617857,946,2084,684003,0.0,0.0,0.0,0.0,0.0,MEDIUM,HIGH,MEDIUM,5,COST_BASED,COST_BASED,false,false
5,economic_learning_factor_high,1,2040,ELECTRIC_HEAT_PUMP,PRIVATELY_RENTED,618492,143167,142532,827170,0.0,0.0,0.0,0.0,0.0,MEDIUM,HIGH,MEDIUM,5,COST_BASED,COST_BASED,false,false
5,economic_learning_factor_high,1,2041,ELECTRIC_HEAT_PUMP,PRIVATELY_RENTED,619120,58051,57423,885221,0.0,0.0,0.0,0.0,0.0,MEDIUM,HIGH,MEDIUM,5,COST_BASED,COST_BASED,false,false
5,economic_learning_factor_high,1,2042,ELECTRIC_HEAT_PUMP,PRIVATELY_RENTED,619739,52791,52172,938012,0.0,0.0,0.0,0.0,0.0,MEDIUM,HIGH,MEDIUM,5,COST_BASED,COST_BASED,false,false
5,economic_learning_factor_high,1,2043,ELECTRIC_HEAT_PUMP,PRIVATELY_RENTED,620350,49407,48796,987419,0.0,0.0,0.0,0.0,0.0,MEDIUM,HIGH,MEDIUM,5,COST_BASED,COST_BASED,false,false
5,economic_learning_factor_high,1,2044,ELECTRIC_HEAT_PUMP,PRIVATELY_RENTED,620932,46993,46411,1034412,0.0,0.0,0.0,0.0,0.0,MEDIUM,HIGH,MEDIUM,5,COST_BASED,COST_BASED,false,false
5,economic_learning_factor_high,1,2045,ELECTRIC_HEAT_PUMP,PRIVATELY_RENTED,621532,45157,44557,1079569,0.0,0.0,0.0,0.0,0.0,MEDIUM,HIGH,MEDIUM,5,COST_BASED,COST_BASED,false,false
5,economic_learning_factor_high,1,2046,ELECTRIC_HEAT_PUMP,PRIVATELY_RENTED,622120,43197,42609,1122766,0.0,0.0,0.0,0.0,0.0,MEDIUM,HIGH,MEDIUM,5,COST_BASED,COST_BASED,false,false
5,economic_learning_factor_high,1,2047,ELECTRIC_HEAT_PUMP,PRIVATELY_RENTED,622703,42010,41427,1164776,0.0,0.0,0.0,0.0,0.0,MEDIUM,HIGH,MEDIUM,5,COST_BASED,COST_BASED,false,false
5,economic_learning_factor_high,1,2048,ELECTRIC_HEAT_PUMP,PRIVATELY_RENTED,623241,40546,40008,1205322,0.0,0.0,0.0,0.0,0.0,MEDIUM,HIGH,MEDIUM,5,COST_BASED,COST_BASED,false,false
5,economic_learning_factor_high,1,2049,ELECTRIC_HEAT_PUMP,PRIVATELY_RENTED,623794,39267,38714,1244589,0.0,0.0,0.0,0.0,0.0,MEDIUM,HIGH,MEDIUM,5,COST_BASED,COST_BASED,false,false
5,economic_learning_factor_high,1,2050,ELECTRIC_HEAT_PUMP,PRIVATELY_RENTED,624351,38223,37666,1282812,0.0,0.0,0.0,0.0,0.0,MEDIUM,HIGH,MEDIUM,5,COST_BASED,COST_BASED,false,false
5,economic_learning_factor_high,1,2024,HYBRID_HEAT_PUMP,TOTAL,156203,156203,0,156203,0.0,0.0,0.0,0.0,0.0,MEDIUM,HIGH,MEDIUM,5,COST_BASED,COST_BASED,false,false
5,economic_learning_factor_high,1,2025,HYBRID_HEAT_PUMP,TOTAL,2111505,1973021,17719,2129224,0.14722098919086604,0.13755946460344334,0.01078399385558023,376.0010227270574,0.1343389564076263,MEDIUM,HIGH,MEDIUM,5,COST_BASED,COST_BASED,false,false
5,economic_learning_factor_high,1,2026,HYBRID_HEAT_PUMP,TOTAL,2328141,1819895,1603259,3949119,0.09407469170072588,0.0879433714001489,0.013261162188026008,204.2895412693951,0.08589959796662158,MEDIUM,HIGH,MEDIUM,5,COST_BASED,COST_BASED,false,false
5,economic_learning_factor_high,1,2027,HYBRID_HEAT_PUMP,TOTAL,2538251,1816244,1606134,5765363,0.09235996349036744,0.08608507976119811,0.0175505565629557,193.80319737625598,0.08399345185147944,MEDIUM,HIGH,MEDIUM,5,COST_BASED,COST_BASED,false,false
5,economic_learning_factor_high,1,2028,HYBRID_HEAT_PUMP,TOTAL,2751816,1820293,1606728,7585656,0.09374439389351005,0.08793669857743681,0.022488770460700434,192.46115922833766,0.08600080013873637,MEDIUM,HIGH,MEDIUM,5,COST_BASED,COST_BASED,false,false
5,economic_learning_factor_high,1,2029,HYBRID_HEAT_PUMP,TOTAL,2969106,1824558,1607268,9410214,0.09524655291128072,0.08940159800298612,0.027643299900344902,193.03487020934628,0.08745327970022114,MEDIUM,HIGH,MEDIUM,5,COST_BASED,COST_BASED,false,false
5,economic_learning_factor_high,1,2030,HYBRID_HEAT_PUMP,TOTAL,3180523,1818438,1607021,11228652,0.09300314675731473,0.08726396133960901,0.03159554183405631,185.48932733818793,0.08535089953371103,MEDIUM,HIGH,MEDIUM,5,COST_BASED,COST_BASED,false,false
5,economic_learning_factor_high,1,2031,HYBRID_HEAT_PUMP,TOTAL,3403693,1830666,1607496,13059318,0.09744659132909127,0.09233113630094396,0.03800373350180665,190.97026660709165,0.0906259846248958,MEDIUM,HIGH,MEDIUM,5,COST_BASED,COST_BASED,false,false
5,economic_learning_factor_high,1,2032,HYBRID_HEAT_PUMP,TOTAL,3614668,1818353,1607378,14877671,0.09295472564421468,0.08720937518770049,0.04112440406011002,180.61842528452289,0.0852942583688459,MEDIUM,HIGH,MEDIUM,5,COST_BASED,COST_BASED,false,false
5,economic_learning_factor_high,1,2033,HYBRID_HEAT_PUMP,TOTAL,3832605,1825434,1607497,16703105,0.09552150623674854,0.08995294767834604,0.04698682797981166,183.1106927108609,0.08809676149220969,MEDIUM,HIGH,MEDIUM,5,COST_BASED,COST_BASED,false,false
5,economic_learning_factor_high,1,2034,HYBRID_HEAT_PUMP,TOTAL,4054473,1829458,1607590,18532563,0.09700527271801875,0.09118003731175704,0.05249871023260947,179.89234757862374,0.08923829217633523,MEDIUM,HIGH,MEDIUM,5,COST_BASED,COST_BASED,false,false
5,economic_learning_factor_high,1,2035,HYBRID_HEAT_PUMP,TOTAL,4286807,1839879,1607545,20372442,0.10072342373218793,0.09550659045437958,0.060047214717562775,184.66886841833713,0.09376764602845253,MEDIUM,HIGH,MEDIUM,5,COST_BASED,COST_BASED,false,false
5,economic_learning_factor_high,1,2036,HYBRID_HEAT_PUMP,TOTAL,4431763,1752548,1607592,22124990,0.06767815146701296,0.06427643781650372,0.04312879595794393,120.45674271272752,0.06314253326633618,MEDIUM,HIGH,MEDIUM,5,COST_BASED,COST_BASED,false,false
5,economic_learning_factor_high,1,2037,HYBRID_HEAT_PUMP,TOTAL,4446622,1622825,1607966,23747815,0.012043931338366823,0.011737932138944565,0.007416468906199367,16.347618802254384,0.011635932405803654,MEDIUM,HIGH,MEDIUM,5,COST_BASED,COST_BASED,false,false
5,economic_learning_factor_high,1,2038,HYBRID_HEAT_PUMP,TOTAL,4457170,1618400,1607852,25366215,0.009947014845989066,0.00976997635068716,0.006170738506845045,13.69064643565935,0.00971096351891955,MEDIUM,HIGH,MEDIUM,5,COST_BASED,COST_BASED,false,false
5,economic_learning_factor_high,1,2039,HYBRID_HEAT_PUMP,TOTAL,4461765,1607999,1603404,26974214,0.005066416196444813,0.004919158670950726,0.0031028634072271318,7.63367143409832,0.004870072829119363,MEDIUM,HIGH,MEDIUM,5,COST_BASED,COST_BASED,false,false
5,economic_learning_factor_high,1,2040,HYBRID_HEAT_PUMP,TOTAL,4457809,1973297,1977253,28947511,0.1447626467713328,0.1455161585570296,0.09825432708304686,215.91778675443337,0.1457673291522641,MEDIUM,HIGH,MEDIUM,5,COST_BASED,COST_BASED,false,false
5,economic_learning_factor_high,1,2041,HYBRID_HEAT_PUMP,TOTAL,4458278,1821568,1821099,30769079,0.09361440738229601,0.094601373287856,0.06314743950136711,139.55683108347895,0.09493036192303586,MEDIUM,HIGH,MEDIUM,5,COST_BASED,COST_BASED,false,false
5,economic_learning_factor_high,1,2042,HYBRID_HEAT_PUMP,TOTAL,4459500,1817978,1816756,32587057,0.09218669628161935,0.09261201371903596,0.06221563199662894,136.48772480611316,0.09275378619817731,MEDIUM,HIGH,MEDIUM,5,COST_BASED,COST_BASED,false,false
5,economic_learning_factor_high,1,2043,HYBRID_HEAT_PUMP,TOTAL,4460554,1821624,1820570,34408681,0.09352948101055472,0.09445026696991744,0.06322250137865994,137.55440326552392,0.09475719562305623,MEDIUM,HIGH,MEDIUM,5,COST_BASED,COST_BASED,false,false
5,economic_learning_factor_high,1,2044,HYBRID_HEAT_PUMP,TOTAL,4461658,1825855,1824751,36234536,0.09508392436701221,0.09604837435957078,0.06421750629541471,139.67176461627713,0.09636985769042211,MEDIUM,HIGH,MEDIUM,5,COST_BASED,COST_BASED,false,false
5,economic_learning_factor_high,1,2045,HYBRID_HEAT_PUMP,TOTAL,4462537,1819436,1818557,38053972,0.09271544176309203,0.09356628505609364,0.06262173425342267,135.3985657028045,0.09384989948709062,MEDIUM,HIGH,MEDIUM,5,COST_BASED,COST_BASED,false,false
5,economic_learning_factor_high,1,2046,HYBRID_HEAT_PUMP,TOTAL,4462523,1830749,1830763,39884721,0.09679727876984057,0.09802478941636604,0.06547595501047614,139.83135938487737,0.0984339596318716,MEDIUM,HIGH,MEDIUM,5,COST_BASED,COST_BASED,false,false
5,economic_learning_factor_high,1,2047,HYBRID_HEAT_PUMP,TOTAL,4463056,1818967,1818434,41703688,0.09257006711826747,0.09282214918836634,0.06254794023851011,133.2770621712277,0.09290617654506408,MEDIUM,HIGH,MEDIUM,5,COST_BASED,COST_BASED,false,false
5,economic_learning_factor_high,1,2048,HYBRID_HEAT_PUMP,TOTAL,4464629,1827066,1825493,43530754,0.09552320183569762,0.0964405585295902,0.0645217049470894,136.3090934997125,0.09674634409422192,MEDIUM,HIGH,MEDIUM,5,COST_BASED,COST_BASED,false,false
5,economic_learning_factor_high,1,2049,HYBRID_HEAT_PUMP,TOTAL,4465541,1830409,1829497,45361163,0.09667348604701684,0.09716516802777729,0.0651985082019342,133.73174126805057,0.09732906202136543,MEDIUM,HIGH,MEDIUM,5,COST_BASED,COST_BASED,false,false
5,economic_learning_factor_high,1,2050,HYBRID_HEAT_PUMP,TOTAL,4466051,1840406,1839896,47201569,0.1003340003865856,0.1015401344257359,0.06767249850811004,137.070334864485,0.10194217910545135,MEDIUM,HIGH,MEDIUM,5,COST_BASED,COST_BASED,false,false
5,economic_learning_factor_high,1,2024,HYBRID_HEAT_PUMP,PRIVATELY_OWNED,131717,131717,0,131717,0.0,0.0,0.0,0.0,0.0,MEDIUM,HIGH,MEDIUM,5,COST_BASED,COST_BASED,false,false
5,economic_learning_factor_high,1,2025,HYBRID_HEAT_PUMP,PRIVATELY_OWNED,497699,379477,13495,511194,0.765448507589002,0.7152151840858614,0.056069396408559055,1954.948294262792,0.6984707429180985,MEDIUM,HIGH,MEDIUM,5,COST_BASED,COST_BASED,false,false
5,economic_learning_factor_high,1,2026,HYBRID_HEAT_PUMP,PRIVATELY_OWNED,712713,223453,8439,734647,0.7661837659494056,0.7162477205241101,0.10800446966555649,1663.8197504999523,0.6996023720489981,MEDIUM,HIGH,MEDIUM,5,COST_BASED,COST_BASED,false,false
5,economic_learning_factor_high,1,2027,HYBRID_HEAT_PUMP,PRIVATELY_OWNED,923570,219126,8269,953773,0.765533207057122,0.7135233135538344,0.14546924168801928,1606.353853104792,0.6961866823861085,MEDIUM,HIGH,MEDIUM,5,COST_BASED,COST_BASED,false,false
5,economic_learning_factor_high,1,2028,HYBRID_HEAT_PUMP,PRIVATELY_OWNED,1138087,222869,8352,1176642,0.7656617295074645,0.7182271058945757,0.18367808644638678,1571.9355357417514,0.7024155646902029,MEDIUM,HIGH,MEDIUM,5,COST_BASED,COST_BASED,false,false
5,economic_learning_factor_high,1,2029,HYBRID_HEAT_PUMP,PRIVATELY_OWNED,1356470,227038,8655,1403680,0.7654351257793873,0.7184629923146449,0.22215137545068886,1551.2967728724902,0.7028056144930632,MEDIUM,HIGH,MEDIUM,5,COST_BASED,COST_BASED,false,false
5,economic_learning_factor_high,1,2030,HYBRID_HEAT_PUMP,PRIVATELY_OWNED,1568904,220822,8388,1624502,0.7658677857418096,0.7186064039383573,0.2601848271532623,1527.478427992681,0.7028526100039054,MEDIUM,HIGH,MEDIUM,5,COST_BASED,COST_BASED,false,false
5,economic_learning_factor_high,1,2031,HYBRID_HEAT_PUMP,PRIVATELY_OWNED,1793116,232998,8786,1857500,0.765638166688393,0.7254460208564187,0.29859545058248727,1500.4539699419654,0.7120486389124348,MEDIUM,HIGH,MEDIUM,5,COST_BASED,COST_BASED,false,false
5,economic_learning_factor_high,1,2032,HYBRID_HEAT_PUMP,PRIVATELY_OWNED,2005242,220688,8562,2078188,0.7658980290697034,0.7185593643545672,0.3388434509167387,1488.200787860636,0.7027798094493858,MEDIUM,HIGH,MEDIUM,5,COST_BASED,COST_BASED,false,false
5,economic_learning_factor_high,1,2033,HYBRID_HEAT_PUMP,PRIVATELY_OWNED,2224278,227749,8713,2305937,0.7656156787330476,0.7209830519223966,0.3766047418276239,1467.6529171937425,0.7061055096521621,MEDIUM,HIGH,MEDIUM,5,COST_BASED,COST_BASED,false,false
5,economic_learning_factor_high,1,2034,HYBRID_HEAT_PUMP,PRIVATELY_OWNED,2447150,231694,8822,2537631,0.7659545444256699,0.7199584309489776,0.4145303090486989,1420.4316659753547,0.7046263931234037,MEDIUM,HIGH,MEDIUM,5,COST_BASED,COST_BASED,false,false
5,economic_learning_factor_high,1,2035,HYBRID_HEAT_PUMP,PRIVATELY_OWNED,2680476,242126,8800,2779757,0.7653821239063718,0.7257401936950738,0.45628973909177317,1403.2709124863159,0.7125262169580434,MEDIUM,HIGH,MEDIUM,5,COST_BASED,COST_BASED,false,false
5,economic_learning_factor_high,1,2036,HYBRID_HEAT_PUMP,PRIVATELY_OWNED,2826658,154967,8785,2934724,0.7653836558571221,0.7269131011275817,0.4877508443636563,1362.2656664173999,0.7140895828844266,MEDIUM,HIGH,MEDIUM,5,COST_BASED,COST_BASED,false,false
5,economic_learning_factor_high,1,2037,HYBRID_HEAT_PUMP,PRIVATELY_OWNED,2842815,25448,9291,2960172,0.7680443600355683,0.7485307184604965,0.4729499824230976,1042.4915310738947,0.7420261712687959,MEDIUM,HIGH,MEDIUM,5,COST_BASED,COST_BASED,false,false
5,economic_learning_factor_high,1,2038,HYBRID_HEAT_PUMP,PRIVATELY_OWNED,2854695,21021,9141,2981193,0.7658174600042198,0.7521873234361877,0.47508316442976173,1054.038446861286,0.747643944580153,MEDIUM,HIGH,MEDIUM,5,COST_BASED,COST_BASED,false,false
5,economic_learning_factor_high,1,2039,HYBRID_HEAT_PUMP,PRIVATELY_OWNED,2860100,10623,5218,2991816,0.7669012687063037,0.7446109595905203,0.4696791166297487,1155.5056041004107,0.7371808565519257,MEDIUM,HIGH,MEDIUM,5,COST_BASED,COST_BASED,false,false
5,economic_learning_factor_high,1,2040,HYBRID_HEAT_PUMP,PRIVATELY_OWNED,2856139,375517,379478,3367333,0.7607104247901711,0.7646700392581716,0.5163147577073611,1134.6221898054232,0.7659899107475168,MEDIUM,HIGH,MEDIUM,5,COST_BASED,COST_BASED,false,false
5,economic_learning_factor_high,1,2041,HYBRID_HEAT_PUMP,PRIVATELY_OWNED,2856602,223916,223453,3591249,0.7615579450622294,0.769586962687853,0.5137076183820106,1135.301888579068,0.7722633018963387,MEDIUM,HIGH,MEDIUM,5,COST_BASED,COST_BASED,false,false
5,economic_learning_factor_high,1,2042,HYBRID_HEAT_PUMP,PRIVATELY_OWNED,2857816,220340,219126,3811589,0.7606126247284459,0.7641218275252135,0.5133278125894867,1126.1308930179177,0.7652915617908232,MEDIUM,HIGH,MEDIUM,5,COST_BASED,COST_BASED,false,false
5,economic_learning_factor_high,1,2043,HYBRID_HEAT_PUMP,PRIVATELY_OWNED,2858868,223921,222869,4035510,0.7608734657150099,0.7683641691436216,0.5143225773884541,1119.021450842738,0.7708610702866376,MEDIUM,HIGH,MEDIUM,5,COST_BASED,COST_BASED,false,false
5,economic_learning_factor_high,1,2044,HYBRID_HEAT_PUMP,PRIVATELY_OWNED,2859967,228137,227038,4263647,0.7609877342348286,0.768706542850542,0.5139536986855022,1117.838797667422,0.7712794790557677,MEDIUM,HIGH,MEDIUM,5,COST_BASED,COST_BASED,false,false
5,economic_learning_factor_high,1,2045,HYBRID_HEAT_PUMP,PRIVATELY_OWNED,2860841,221696,220822,4485343,0.7609059816129885,0.767888763971018,0.5139300559464778,1111.201937734771,0.7702163580903318,MEDIUM,HIGH,MEDIUM,5,COST_BASED,COST_BASED,false,false
5,economic_learning_factor_high,1,2046,HYBRID_HEAT_PUMP,PRIVATELY_OWNED,2860821,232978,232998,4718321,0.7606362888796662,0.7702821090370022,0.5145122679372051,1098.7995491527306,0.7734973824227579,MEDIUM,HIGH,MEDIUM,5,COST_BASED,COST_BASED,false,false
5,economic_learning_factor_high,1,2047,HYBRID_HEAT_PUMP,PRIVATELY_OWNED,2861351,221218,220688,4939539,0.7611582117002849,0.7632309587950129,0.5143010026843295,1095.8718456292504,0.7639218744932401,MEDIUM,HIGH,MEDIUM,5,COST_BASED,COST_BASED,false,false
5,economic_learning_factor_high,1,2048,HYBRID_HEAT_PUMP,PRIVATELY_OWNED,2862919,229317,227749,5168856,0.7610739469168911,0.7683829175788286,0.5140718453968038,1086.032480034824,0.7708192411328146,MEDIUM,HIGH,MEDIUM,5,COST_BASED,COST_BASED,false,false
5,economic_learning_factor_high,1,2049,HYBRID_HEAT_PUMP,PRIVATELY_OWNED,2863829,232604,231694,5401460,0.7607436627135993,0.7646128099454687,0.5130605501169119,1052.3627401193064,0.7659025256894356,MEDIUM,HIGH,MEDIUM,5,COST_BASED,COST_BASED,false,false
5,economic_learning_factor_high,1,2050,HYBRID_HEAT_PUMP,PRIVATELY_OWNED,2864337,242634,242126,5644094,0.76104460345819,0.7701932649090024,0.5133034623726137,1039.6938050998929,0.77324281872593,MEDIUM,HIGH,MEDIUM,5,COST_BASED,COST_BASED,false,false
5,economic_learning_factor_high,1,2024,HYBRID_HEAT_PUMP,SOCIAL_HOUSING,2028,2028,0,2028,0.0,0.0,0.0,0.0,0.0,MEDIUM,HIGH,MEDIUM,5,COST_BASED,COST_BASED,false,false
5,economic_learning_factor_high,1,2025,HYBRID_HEAT_PUMP,SOCIAL_HOUSING,1593358,1593132,1802,1595160,0.0,0.0,0.0,0.0,0.0,MEDIUM,HIGH,MEDIUM,5,COST_BASED,COST_BASED,false,false
5,economic_learning_factor_high,1,2026,HYBRID_HEAT_PUMP,SOCIAL_HOUSING,1596267,1596159,1593250,3191319,0.0,0.0,0.0,0.0,0.0,MEDIUM,HIGH,MEDIUM,5,COST_BASED,COST_BASED,false,false
5,economic_learning_factor_high,1,2027,HYBRID_HEAT_PUMP,SOCIAL_HOUSING,1596886,1596851,1596232,4788170,0.0,0.0,0.0,0.0,0.0,MEDIUM,HIGH,MEDIUM,5,COST_BASED,COST_BASED,false,false
5,economic_learning_factor_high,1,2028,HYBRID_HEAT_PUMP,SOCIAL_HOUSING,1597110,1597086,1596862,6385256,0.0,0.0,0.0,0.0,0.0,MEDIUM,HIGH,MEDIUM,5,COST_BASED,COST_BASED,false,false
5,economic_learning_factor_high,1,2029,HYBRID_HEAT_PUMP,SOCIAL_HOUSING,1597186,1597170,1597094,7982426,0.0,0.0,0.0,0.0,0.0,MEDIUM,HIGH,MEDIUM,5,COST_BASED,COST_BASED,false,false
5,economic_learning_factor_high,1,2030,HYBRID_HEAT_PUMP,SOCIAL_HOUSING,1597252,1597244,1597178,9579670,0.0,0.0,0.0,0.0,0.0,MEDIUM,HIGH,MEDIUM,5,COST_BASED,COST_BASED,false,false
5,economic_learning_factor_high,1,2031,HYBRID_HEAT_PUMP,SOCIAL_HOUSING,1597270,1597266,1597248,11176936,0.0,0.0,0.0,0.0,0.0,MEDIUM,HIGH,MEDIUM,5,COST_BASED,COST_BASED,false,false
5,economic_learning_factor_high,1,2032,HYBRID_HEAT_PUMP,SOCIAL_HOUSING,1597286,1597282,1597266,12774218,0.0,0.0,0.0,0.0,0.0,MEDIUM,HIGH,MEDIUM,5,COST_BASED,COST_BASED,false,false
5,economic_learning_factor_high,1,2033,HYBRID_HEAT_PUMP,SOCIAL_HOUSING,1597308,1597304,1597282,14371522,0.0,0.0,0.0,0.0,0.0,MEDIUM,HIGH,MEDIUM,5,COST_BASED,COST_BASED,false,false
5,economic_learning_factor_high,1,2034,HYBRID_HEAT_PUMP,SOCIAL_HOUSING,1597328,1597324,1597304,15968846,0.0,0.0,0.0,0.0,0.0,MEDIUM,HIGH,MEDIUM,5,COST_BASED,COST_BASED,false,false
5,economic_learning_factor_high,1,2035,HYBRID_HEAT_PUMP,SOCIAL_HOUSING,1597350,1597346,1597324,17566192,0.0,0.0,0.0,0.0,0.0,MEDIUM,HIGH,MEDIUM,5,COST_BASED,COST_BASED,false,false
5,economic_learning_factor_high,1,2036,HYBRID_HEAT_PUMP,SOCIAL_HOUSING,1597363,1597360,1597347,19163552,0.0,0.0,0.0,0.0,0.0,MEDIUM,HIGH,MEDIUM,5,COST_BASED,COST_BASED,false,false
5,economic_learning_factor_high,1,2037,HYBRID_HEAT_PUMP,SOCIAL_HOUSING,1597363,1597361,1597361,20760913,0.0,0.0,0.0,0.0,0.0,MEDIUM,HIGH,MEDIUM,5,COST_BASED,COST_BASED,false,false
5,economic_learning_factor_high,1,2038,HYBRID_HEAT_PUMP,SOCIAL_HOUSING,1597363,1597362,1597362,22358275,0.0,0.0,0.0,0.0,0.0,MEDIUM,HIGH,MEDIUM,5,COST_BASED,COST_BASED,false,false
5,economic_learning_factor_high,1,2039,HYBRID_HEAT_PUMP,SOCIAL_HOUSING,1597363,1597363,1597363,23955638,0.0,0.0,0.0,0.0,0.0,MEDIUM,HIGH,MEDIUM,5,COST_BASED,COST_BASED,false,false
5,economic_learning_factor_high,1,2040,HYBRID_HEAT_PUMP,SOCIAL_HOUSING,1597363,1597363,1597363,25553001,0.0,0.0,0.0,0.0,0.0,MEDIUM,HIGH,MEDIUM,5,COST_BASED,COST_BASED,false,false
5,economic_learning_factor_high,1,2041,HYBRID_HEAT_PUMP,SOCIAL_HOUSING,1597363,1597363,1597363,27150364,0.0,0.0,0.0,0.0,0.0,MEDIUM,HIGH,MEDIUM,5,COST_BASED,COST_BASED,false,false
5,economic_learning_factor_high,1,2042,HYBRID_HEAT_PUMP,SOCIAL_HOUSING,1597363,1597363,1597363,28747727,0.0,0.0,0.0,0.0,0.0,MEDIUM,HIGH,MEDIUM,5,COST_BASED,COST_BASED,false,false
5,economic_learning_factor_high,1,2043,HYBRID_HEAT_PUMP,SOCIAL_HOUSING,1597363,1597363,1597363,30345090,0.0,0.0,0.0,0.0,0.0,MEDIUM,HIGH,MEDIUM,5,COST_BASED,COST_BASED,false,false
5,economic_learning_factor_high,1,2044,HYBRID_HEAT_PUMP,SOCIAL_HOUSING,1597363,1597363,1597363,31942453,0.0,0.0,0.0,0.0,0.0,MEDIUM,HIGH,MEDIUM,5,COST_BASED,COST_BASED,false,false
5,economic_learning_factor_high,1,2045,HYBRID_HEAT_PUMP,SOCIAL_HOUSING,1597363,1597363,1597363,33539816,0.0,0.0,0.0,0.0,0.0,MEDIUM,HIGH,MEDIUM,5,COST_BASED,COST_BASED,false,false
5,economic_learning_factor_high,1,2046,HYBRID_HEAT_PUMP,SOCIAL_HOUSING,1597363,1597363,1597363,35137179,0.0,0.0,0.0,0.0,0.0,MEDIUM,HIGH,MEDIUM,5,COST_BASED,COST_BASED,false,false
5,economic_learning_factor_high,1,2047,HYBRID_HEAT_PUMP,SOCIAL_HOUSING,1597363,1597363,1597363,36734542,0.0,0.0,0.0,0.0,0.0,MEDIUM,HIGH,MEDIUM,5,COST_BASED,COST_BASED,false,false
5,economic_learning_factor_high,1,2048,HYBRID_HEAT_PUMP,SOCIAL_HOUSING,1597363,1597363,1597363,38331905,0.0,0.0,0.0,0.0,0.0,MEDIUM,HIGH,MEDIUM,5,COST_BASED,COST_BASED,false,false
5,economic_learning_factor_high,1,2049,HYBRID_HEAT_PUMP,SOCIAL_HOUSING,1597363,1597363,1597363,39929268,0.0,0.0,0.0,0.0,0.0,MEDIUM,HIGH,MEDIUM,5,COST_BASED,COST_BASED,false,false
5,economic_learning_factor_high,1,2050,HYBRID_HEAT_PUMP,SOCIAL_HOUSING,1597363,1597363,1597363,41526631,0.0,0.0,0.0,0.0,0.0,MEDIUM,HIGH,MEDIUM,5,COST_BASED,COST_BASED,false,false
5,economic_learning_factor_high,1,2024,HYBRID_HEAT_PUMP,PRIVATELY_RENTED,22458,22458,0,22458,0.0,0.0,0.0,0.0,0.0,MEDIUM,HIGH,MEDIUM,5,COST_BASED,COST_BASED,false,false
5,economic_learning_factor_high,1,2025,HYBRID_HEAT_PUMP,PRIVATELY_RENTED,20448,412,2422,22870,0.0,0.0,0.0,0.0,0.0,MEDIUM,HIGH,MEDIUM,5,COST_BASED,COST_BASED,false,false
5,economic_learning_factor_high,1,2026,HYBRID_HEAT_PUMP,PRIVATELY_RENTED,19161,283,1570,23153,0.0,0.0,0.0,0.0,0.0,MEDIUM,HIGH,MEDIUM,5,COST_BASED,COST_BASED,false,false
5,economic_learning_factor_high,1,2027,HYBRID_HEAT_PUMP,PRIVATELY_RENTED,17795,267,1633,23420,0.0,0.0,0.0,0.0,0.0,MEDIUM,HIGH,MEDIUM,5,COST_BASED,COST_BASED,false,false
5,economic_learning_factor_high,1,2028,HYBRID_HEAT_PUMP,PRIVATELY_RENTED,16619,338,1514,23758,0.0,0.0,0.0,0.0,0.0,MEDIUM,HIGH,MEDIUM,5,COST_BASED,COST_BASED,false,false
5,economic_learning_factor_high,1,2029,HYBRID_HEAT_PUMP,PRIVATELY_RENTED,15450,350,1519,24108,0.0,0.0,0.0,0.0,0.0,MEDIUM,HIGH,MEDIUM,5,COST_BASED,COST_BASED,false,false
5,economic_learning_factor_high,1,2030,HYBRID_HEAT_PUMP,PRIVATELY_RENTED,14367,372,1455,24480,0.0,0.0,0.0,0.0,0.0,MEDIUM,HIGH,MEDIUM,5,COST_BASED,COST_BASED,false,false
5,economic_learning_factor_high,1,2031,HYBRID_HEAT_PUMP,PRIVATELY_RENTED,13307,402,1462,24882,0.0,0.0,0.0,0.0,0.0,MEDIUM,HIGH,MEDIUM,5,COST_BASED,COST_BASED,false,false
5,economic_learning_factor_high,1,2032,HYBRID_HEAT_PUMP,PRIVATELY_RENTED,12140,383,1550,25265,0.0,0.0,0.0,0.0,0.0,MEDIUM,HIGH,MEDIUM,5,COST_BASED,COST_BASED,false,false
5,economic_learning_factor_high,1,2033,HYBRID_HEAT_PUMP,PRIVATELY_RENTED,11019,381,1502,25646,0.0,0.0,0.0,0.0,0.0,MEDIUM,HIGH,MEDIUM,5,COST_BASED,COST_BASED,false,false
5,economic_learning_factor_high,1,2034,HYBRID_HEAT_PUMP,PRIVATELY_RENTED,9995,440,1464,26086,0.0,0.0,0.0,0.0,0.0,MEDIUM,HIGH,MEDIUM,5,COST_BASED,COST_BASED,false,false
5,economic_learning_factor_high,1,2035,HYBRID_HEAT_PUMP,PRIVATELY_RENTED,8981,407,1421,26493,0.0,0.0,0.0,0.0,0.0,MEDIUM,HIGH,MEDIUM,5,COST_BASED,COST_BASED,false,false
5,economic_learning_factor_high,1,2036,HYBRID_HEAT_PUMP,PRIVATELY_RENTED,7742,221,1460,26714,0.0,0.0,0.0,0.0,0.0,MEDIUM,HIGH,MEDIUM,5,COST_BASED,COST_BASED,false,false
5,economic_learning_factor_high,1,2037,HYBRID_HEAT_PUMP,PRIVATELY_RENTED,6444,16,1314,26730,0.0,0.0,0.0,0.0,0.0,MEDIUM,HIGH,MEDIUM,5,COST_BASED,COST_BASED,false,false
5,economic_learning_factor_high,1,2038,HYBRID_HEAT_PUMP,PRIVATELY_RENTED,5112,17,1349,26747,0.0,0.0,0.0,0.0,0.0,MEDIUM,HIGH,MEDIUM,5,COST_BASED,COST_BASED,false,false
5,economic_learning_factor_high,1,2039,HYBRID_HEAT_PUMP,PRIVATELY_RENTED,4302,13,823,26760,0.0,0.0,0.0,0.0,0.0,MEDIUM,HIGH,MEDIUM,5,COST_BASED,COST_BASED,false,false
5,economic_learning_factor_high,1,2040,HYBRID_HEAT_PUMP,PRIVATELY_RENTED,4307,417,412,27177,0.0,0.0,0.0,0.0,0.0,MEDIUM,HIGH,MEDIUM,5,COST_BASED,COST_BASED,false,false
5,economic_learning_factor_high,1,2041,HYBRID_HEAT_PUMP,PRIVATELY_RENTED,4313,289,283,27466,0.0,0.0,0.0,0.0,0.0,MEDIUM,HIGH,MEDIUM,5,COST_BASED,COST_BASED,false,false
5,economic_learning_factor_high,1,2042,HYBRID_HEAT_PUMP,PRIVATELY_RENTED,4321,275,267,27741,0.0,0.0,0.0,0.0,0.0,MEDIUM,HIGH,MEDIUM,5,COST_BASED,COST_BASED,false,false
5,economic_learning_factor_high,1,2043,HYBRID_HEAT_PUMP,PRIVATELY_RENTED,4323,340,338,28081,0.0,0.0,0.0,0.0,0.0,MEDIUM,HIGH,MEDIUM,5,COST_BASED,COST_BASED,false,false
5,economic_learning_factor_high,1,2044,HYBRID_HEAT_PUMP,PRIVATELY_RENTED,4328,355,350,28436,0.0,0.0,0.0,0.0,0.0,MEDIUM,HIGH,MEDIUM,5,COST_BASED,COST_BASED,false,false
5,economic_learning_factor_high,1,2045,HYBRID_HEAT_PUMP,PRIVATELY_RENTED,4333,377,372,28813,0.0,0.0,0.0,0.0,0.0,MEDIUM,HIGH,MEDIUM,5,COST_BASED,COST_BASED,false,false
5,economic_learning_factor_high,1,2046,HYBRID_HEAT_PUMP,PRIVATELY_RENTED,4339,408,402,29221,0.0,0.0,0.0,0.0,0.0,MEDIUM,HIGH,MEDIUM,5,COST_BASED,COST_BASED,false,false
5,economic_learning_factor_high,1,2047,HYBRID_HEAT_PUMP,PRIVATELY_RENTED,4342,386,383,29607,0.0,0.0,0.0,0.0,0.0,MEDIUM,HIGH,MEDIUM,5,COST_BASED,COST_BASED,false,false
5,economic_learning_factor_high,1,2048,HYBRID_HEAT_PUMP,PRIVATELY_RENTED,4347,386,381,29993,0.0,0.0,0.0,0.0,0.0,MEDIUM,HIGH,MEDIUM,5,COST_BASED,COST_BASED,false,false
5,economic_learning_factor_high,1,2049,HYBRID_HEAT_PUMP,PRIVATELY_RENTED,4349,442,440,30435,0.0,0.0,0.0,0.0,0.0,MEDIUM,HIGH,MEDIUM,5,COST_BASED,COST_BASED,false,false
5,economic_learning_factor_high,1,2050,HYBRID_HEAT_PUMP,PRIVATELY_RENTED,4351,409,407,30844,0.0,0.0,0.0,0.0,0.0,MEDIUM,HIGH,MEDIUM,5,COST_BASED,COST_BASED,false,false
6,policy_driven_dh_strategy,1,2024,NATURAL_GAS_BOILER,TOTAL,6875022,6875022,0,6875022,0.0,0.0,0.0,0.0,0.0,MEDIUM,MEDIUM,MEDIUM,5,POLICY_BASED,COST_BASED,false,false
6,policy_driven_dh_strategy,1,2025,NATURAL_GAS_BOILER,TOTAL,4823328,11201,2062895,6886223,0.2856646300111187,0.6317966197810577,0.7673033044167529,1770.529852098141,0.7471739497042977,MEDIUM,MEDIUM,MEDIUM,5,POLICY_BASED,COST_BASED,false,false
6,policy_driven_dh_strategy,1,2026,NATURAL_GAS_BOILER,TOTAL,4389620,6335,440043,6892558,0.2856928882654343,0.6285297856189452,0.6816256060472997,1768.6816523750865,0.7428087514034766,MEDIUM,MEDIUM,MEDIUM,5,POLICY_BASED,COST_BASED,false,false
6,policy_driven_dh_strategy,1,2027,NATURAL_GAS_BOILER,TOTAL,3955078,6164,440706,6898722,0.2856715520286915,0.6314070002872056,0.6173029674433352,1761.6242332260963,0.7466521497067146,MEDIUM,MEDIUM,MEDIUM,5,POLICY_BASED,COST_BASED,false,false
6,policy_driven_dh_strategy,1,2028,NATURAL_GAS_BOILER,TOTAL,3514291,5511,446298,6904233,0.28536530452966535,0.6257298498387653,0.5530918703554281,1756.8162151070092,0.7391846982751263,MEDIUM,MEDIUM,MEDIUM,5,POLICY_BASED,COST_BASED,false,false
6,policy_driven_dh_strategy,1,2029,NATURAL_GAS_BOILER,TOTAL,3074434,5505,445362,6909738,0.2854480836002825,0.6209228669045489,0.48877022461175024,1759.165834159986,0.7327477946726301,MEDIUM,MEDIUM,MEDIUM,5,POLICY_BASED,COST_BASED,false,false
6,policy_driven_dh_strategy,1,2030,NATURAL_GAS_BOILER,TOTAL,2630453,5060,449041,6914798,0.2854274067614482,0.6182514142737858,0.4232501840195577,1750.13713521526,0.7291927501112564,MEDIUM,MEDIUM,MEDIUM,5,POLICY_BASED,COST_BASED,false,false
6,policy_driven_dh_strategy,1,2031,NATURAL_GAS_BOILER,TOTAL,2183353,5003,452103,6919801,0.2851823853644084,0.6188442192445264,0.35749747968583134,1744.6727122616112,0.7300648305380426,MEDIUM,MEDIUM,MEDIUM,5,POLICY_BASED,COST_BASED,false,false
6,policy_driven_dh_strategy,1,2032,NATURAL_GAS_BOILER,TOTAL,1736590,4843,451606,6924644,0.2844454552314404,0.6168515715362796,0.2923534410886891,1740.7258606140124,0.7276536103045403,MEDIUM,MEDIUM,MEDIUM,5,POLICY_BASED,COST_BASED,false,false
6,policy_driven_dh_strategy,1,2033,NATURAL_GAS_BOILER,TOTAL,1290946,4613,450257,6929257,0.28403050515599404,0.6174127278275072,0.2261043666695661,1732.452996150987,0.7285401353847145,MEDIUM,MEDIUM,MEDIUM,5,POLICY_BASED,COST_BASED,false,false
6,policy_driven_dh_strategy,1,2034,NATURAL_GAS_BOILER,TOTAL,830560,5320,465706,6934577,0.28420780259641076,0.6211390110078716,0.15885805961085947,1691.4449041087018,0.7334494138117078,MEDIUM,MEDIUM,MEDIUM,5,POLICY_BASED,COST_BASED,false,false
6,policy_driven_dh_strategy,1,2035,NATURAL_GAS_BOILER,TOTAL,368155,4678,467083,6939255,0.28386219936105644,0.6163583882617722,0.09026495973650561,1682.6071683703715,0.7271904512286914,MEDIUM,MEDIUM,MEDIUM,5,POLICY_BASED,COST_BASED,false,false
6,policy_driven_dh_strategy,1,2036,NATURAL_GAS_BOILER,TOTAL,67257,2862,303760,6942117,0.27972279424216584,0.6083415340186196,0.03335711339377433,1703.1278586157023,0.7178811139441046,MEDIUM,MEDIUM,MEDIUM,5,POLICY_BASED,COST_BASED,false,false
6,policy_driven_dh_strategy,1,2037,NATURAL_GAS_BOILER,TOTAL,63094,7200,11363,6949317,0.3618525352367851,0.6271304104127381,0.011007888999271121,1538.6424989227553,0.7155563688047207,MEDIUM,MEDIUM,MEDIUM,5,POLICY_BASED,COST_BASED,false,false
6,policy_driven_dh_strategy,1,2038,NATURAL_GAS_BOILER,TOTAL,61059,4300,6335,6953617,0.3346665102517306,0.6124368952970498,0.010553010068968874,1568.9502005391091,0.7050270236454997,MEDIUM,MEDIUM,MEDIUM,5,POLICY_BASED,COST_BASED,false,false
6,policy_driven_dh_strategy,1,2039,NATURAL_GAS_BOILER,TOTAL,58996,4101,6164,6957718,0.3680133958641265,0.6210855442851092,0.010023597801874517,1657.3633203595346,0.7054429270920985,MEDIUM,MEDIUM,MEDIUM,5,POLICY_BASED,COST_BASED,false,false
6,policy_driven_dh_strategy,1,2040,NATURAL_GAS_BOILER,TOTAL,57225,3740,5511,6961458,0.2765602454251494,0.5927237321857133,0.010314552330083883,1788.2148169564894,0.6981115611058802,MEDIUM,MEDIUM,MEDIUM,5,POLICY_BASED,COST_BASED,false,false
6,policy_driven_dh_strategy,1,2041,NATURAL_GAS_BOILER,TOTAL,55573,3853,5505,6965311,0.2788407865282152,0.6026469533193665,0.010021912835889352,1784.9932602566041,0.7105823422497503,MEDIUM,MEDIUM,MEDIUM,5,POLICY_BASED,COST_BASED,false,false
6,policy_driven_dh_strategy,1,2042,NATURAL_GAS_BOILER,TOTAL,54254,3741,5060,6969052,0.2775682888683721,0.5965288526868511,0.009719618337011205,1780.618377804496,0.7028490406263522,MEDIUM,MEDIUM,MEDIUM,5,POLICY_BASED,COST_BASED,false,false
6,policy_driven_dh_strategy,1,2043,NATURAL_GAS_BOILER,TOTAL,52876,3625,5003,6972677,0.27657341279923736,0.5998143333388393,0.009431341739566954,1776.9404107847088,0.707561306852046,MEDIUM,MEDIUM,MEDIUM,5,POLICY_BASED,COST_BASED,false,false
6,policy_driven_dh_strategy,1,2044,NATURAL_GAS_BOILER,TOTAL,51561,3528,4843,6976205,0.27380423141985993,0.5895641477080744,0.009228751164761094,1779.150482501823,0.6948174531374841,MEDIUM,MEDIUM,MEDIUM,5,POLICY_BASED,COST_BASED,false,false
6,policy_driven_dh_strategy,1,2045,NATURAL_GAS_BOILER,TOTAL,50278,3330,4613,6979535,0.2724008024328527,0.5862346446285261,0.008947385651115707,1777.9139290658427,0.690845925360436,MEDIUM,MEDIUM,MEDIUM,5,POLICY_BASED,COST_BASED,false,false
6,policy_driven_dh_strategy,1,2046,NATURAL_GAS_BOILER,TOTAL,48668,3710,5320,6983245,0.2712104024448138,0.5858237717557653,0.008708280627079913,1772.0346390529662,0.6906948948594226,MEDIUM,MEDIUM,MEDIUM,5,POLICY_BASED,COST_BASED,false,false
6,policy_driven_dh_strategy,1,2047,NATURAL_GAS_BOILER,TOTAL,47492,3502,4678,6986747,0.26907362318221856,0.5841938050139943,0.008452087528389366,1769.3494550874764,0.6892338656246072,MEDIUM,MEDIUM,MEDIUM,5,POLICY_BASED,COST_BASED,false,false
6,policy_driven_dh_strategy,1,2048,NATURAL_GAS_BOILER,TOTAL,46703,2073,2862,6988820,0.26074129573915383,0.5735786330795065,0.00808285943041069,1742.110307444715,0.6778577455262962,MEDIUM,MEDIUM,MEDIUM,5,POLICY_BASED,COST_BASED,false,false
6,policy_driven_dh_strategy,1,2049,NATURAL_GAS_BOILER,TOTAL,44697,5194,7200,6994014,0.2673623793420642,0.5895637744942613,0.008015589311316785,1733.2849549767025,0.6969642395450082,MEDIUM,MEDIUM,MEDIUM,5,POLICY_BASED,COST_BASED,false,false
6,policy_driven_dh_strategy,1,2050,NATURAL_GAS_BOILER,TOTAL,43304,2907,4300,6996921,0.26356380648764877,0.5811987923425692,0.007658389200249528,1727.509199962489,0.6870771209608937,MEDIUM,MEDIUM,MEDIUM,5,POLICY_BASED,COST_BASED,false,false
6,policy_driven_dh_strategy,1,2024,NATURAL_GAS_BOILER,PRIVATELY_OWNED,4616239,4616239,0,4616239,0.0,0.0,0.0,0.0,0.0,MEDIUM,MEDIUM,MEDIUM,5,POLICY_BASED,COST_BASED,false,false
6,policy_driven_dh_strategy,1,2025,NATURAL_GAS_BOILER,PRIVATELY_OWNED,4017256,11201,610184,4627440,0.2856646300111187,0.6317966197810577,0.7673033044167529,1770.529852098141,0.7471739497042978,MEDIUM,MEDIUM,MEDIUM,5,POLICY_BASED,COST_BASED,false,false
6,policy_driven_dh_strategy,1,2026,NATURAL_GAS_BOILER,PRIVATELY_OWNED,3661987,6335,361604,4633775,0.2856928882654343,0.6285297856189452,0.6816256060472997,1768.6816523750867,0.7428087514034767,MEDIUM,MEDIUM,MEDIUM,5,POLICY_BASED,COST_BASED,false,false
6,policy_driven_dh_strategy,1,2027,NATURAL_GAS_BOILER,PRIVATELY_OWNED,3302917,6162,365232,4639937,0.28576427242857094,0.6316119360224498,0.6175033254334175,1762.1960035062734,0.7468944905537469,MEDIUM,MEDIUM,MEDIUM,5,POLICY_BASED,COST_BASED,false,false
6,policy_driven_dh_strategy,1,2028,NATURAL_GAS_BOILER,PRIVATELY_OWNED,2938748,5508,369677,4645445,0.285520732255444,0.6260706613038192,0.5533931186508286,1757.773086683865,0.7395873043199385,MEDIUM,MEDIUM,MEDIUM,5,POLICY_BASED,COST_BASED,false,false
6,policy_driven_dh_strategy,1,2029,NATURAL_GAS_BOILER,PRIVATELY_OWNED,2574043,5503,370208,4650948,0.28555182631647374,0.6211485339468548,0.4889478623455724,1759.8051820917178,0.7330141031569741,MEDIUM,MEDIUM,MEDIUM,5,POLICY_BASED,COST_BASED,false,false
6,policy_driven_dh_strategy,1,2030,NATURAL_GAS_BOILER,PRIVATELY_OWNED,2206460,5052,372635,4656000,0.28587938998672363,0.6192304347239422,0.42392041392299334,1752.908532103962,0.7303474496363732,MEDIUM,MEDIUM,MEDIUM,5,POLICY_BASED,COST_BASED,false,false
6,policy_driven_dh_strategy,1,2031,NATURAL_GAS_BOILER,PRIVATELY_OWNED,1836086,4992,375366,4660992,0.2858107920629277,0.6202078583494322,0.3582852345489211,1748.5171433182772,0.7316735471117441,MEDIUM,MEDIUM,MEDIUM,5,POLICY_BASED,COST_BASED,false,false
6,policy_driven_dh_strategy,1,2032,NATURAL_GAS_BOILER,PRIVATELY_OWNED,1466873,4823,374036,4665815,0.2856249926779734,0.6194095295356007,0.29356577134408485,1747.944296693689,0.7306710418214574,MEDIUM,MEDIUM,MEDIUM,5,POLICY_BASED,COST_BASED,false,false
6,policy_driven_dh_strategy,1,2033,NATURAL_GAS_BOILER,PRIVATELY_OWNED,1095909,4590,375554,4670405,0.28545375169599135,0.6205065170954882,0.22723735151344412,1741.134133168737,0.7321907722286902,MEDIUM,MEDIUM,MEDIUM,5,POLICY_BASED,COST_BASED,false,false
6,policy_driven_dh_strategy,1,2034,NATURAL_GAS_BOILER,PRIVATELY_OWNED,707662,5288,393535,4675693,0.2859276682702166,0.6248977947356046,0.159819379184904,1701.6805767508122,0.73788783689075,MEDIUM,MEDIUM,MEDIUM,5,POLICY_BASED,COST_BASED,false,false
6,policy_driven_dh_strategy,1,2035,NATURAL_GAS_BOILER,PRIVATELY_OWNED,317323,4644,394983,4680337,0.2859404325174466,0.6208709173747998,0.09092581430821992,1694.925997768432,0.7325144123272649,MEDIUM,MEDIUM,MEDIUM,5,POLICY_BASED,COST_BASED,false,false
6,policy_driven_dh_strategy,1,2036,NATURAL_GAS_BOILER,PRIVATELY_OWNED,67066,2806,253063,4683143,0.2853052876411542,0.6204823486676012,0.034022829127933765,1737.11758066933,0.7322080356764175,MEDIUM,MEDIUM,MEDIUM,5,POLICY_BASED,COST_BASED,false,false
6,policy_driven_dh_strategy,1,2037,NATURAL_GAS_BOILER,PRIVATELY_OWNED,62857,7154,11363,4690297,0.36417923591065876,0.6311628396661607,0.011078669387021536,1548.535922874453,0.7201573742513264,MEDIUM,MEDIUM,MEDIUM,5,POLICY_BASED,COST_BASED,false,false
6,policy_driven_dh_strategy,1,2038,NATURAL_GAS_BOILER,PRIVATELY_OWNED,60782,4260,6335,4694557,0.33780891879869523,0.618187476473548,0.010652099365391117,1583.6821273047346,0.7116469956985091,MEDIUM,MEDIUM,MEDIUM,5,POLICY_BASED,COST_BASED,false,false
6,policy_driven_dh_strategy,1,2039,NATURAL_GAS_BOILER,PRIVATELY_OWNED,58714,4094,6162,4698651,0.3686426322517789,0.6221474883031834,0.01004073634232716,1660.1971120650835,0.70664910698698,MEDIUM,MEDIUM,MEDIUM,5,POLICY_BASED,COST_BASED,false,false
6,policy_driven_dh_strategy,1,2040,NATURAL_GAS_BOILER,PRIVATELY_OWNED,56942,3736,5508,4702387,0.27685634847164314,0.5933583400360193,0.010325595747996179,1790.1293938483057,0.6988590038907901,MEDIUM,MEDIUM,MEDIUM,5,POLICY_BASED,COST_BASED,false,false
6,policy_driven_dh_strategy,1,2041,NATURAL_GAS_BOILER,PRIVATELY_OWNED,55289,3850,5503,4706237,0.2790580650631722,0.603116548347927,0.010029722118618616,1786.384164095765,0.7111360427761786,MEDIUM,MEDIUM,MEDIUM,5,POLICY_BASED,COST_BASED,false,false
6,policy_driven_dh_strategy,1,2042,NATURAL_GAS_BOILER,PRIVATELY_OWNED,53970,3733,5052,4709970,0.2781631311697241,0.5978072429417386,0.009740447950377422,1784.4343293240343,0.7043552801990849,MEDIUM,MEDIUM,MEDIUM,5,POLICY_BASED,COST_BASED,false,false
6,policy_driven_dh_strategy,1,2043,NATURAL_GAS_BOILER,PRIVATELY_OWNED,52592,3614,4992,4713584,0.27741522451500705,0.6016399995443532,0.009460048092399061,1782.348917845758,0.7097149245541413,MEDIUM,MEDIUM,MEDIUM,5,POLICY_BASED,COST_BASED,false,false
6,policy_driven_dh_strategy,1,2044,NATURAL_GAS_BOILER,PRIVATELY_OWNED,51277,3508,4823,4717092,0.27536525896501307,0.5929254028261364,0.009281366621800782,1789.2938717977286,0.6987787841131824,MEDIUM,MEDIUM,MEDIUM,5,POLICY_BASED,COST_BASED,false,false
6,policy_driven_dh_strategy,1,2045,NATURAL_GAS_BOILER,PRIVATELY_OWNED,49994,3307,4590,4720399,0.27429533477514345,0.5903118737868135,0.009009614217785093,1790.2792209825388,0.6956507201240556,MEDIUM,MEDIUM,MEDIUM,5,POLICY_BASED,COST_BASED,false,false
6,policy_driven_dh_strategy,1,2046,NATURAL_GAS_BOILER,PRIVATELY_OWNED,48383,3677,5288,4724076,0.2736444365162522,0.5910813688370653,0.008786434899773314,1787.9381318701398,0.6968936796106765,MEDIUM,MEDIUM,MEDIUM,5,POLICY_BASED,COST_BASED,false,false
6,policy_driven_dh_strategy,1,2047,NATURAL_GAS_BOILER,PRIVATELY_OWNED,47207,3468,4644,4727544,0.2717115998800834,0.5899211952592296,0.00853495113160887,1786.6960183726476,0.6959910603856327,MEDIUM,MEDIUM,MEDIUM,5,POLICY_BASED,COST_BASED,false,false
6,policy_driven_dh_strategy,1,2048,NATURAL_GAS_BOILER,PRIVATELY_OWNED,46418,2017,2806,4729561,0.26798051862531774,0.5895034736607918,0.008307271987725018,1790.4782683851731,0.6966777920059554,MEDIUM,MEDIUM,MEDIUM,5,POLICY_BASED,COST_BASED,false,false
6,policy_driven_dh_strategy,1,2049,NATURAL_GAS_BOILER,PRIVATELY_OWNED,44412,5148,7154,4734709,0.26975139827169414,0.5948318268693071,0.008087212681231425,1748.77273817968,0.7031919697351928,MEDIUM,MEDIUM,MEDIUM,5,POLICY_BASED,COST_BASED,false,false
6,policy_driven_dh_strategy,1,2050,NATURAL_GAS_BOILER,PRIVATELY_OWNED,43019,2867,4260,4737576,0.26724101341457795,0.5893076000487788,0.007765238020622733,1751.6111769413867,0.6966631289268637,MEDIUM,MEDIUM,MEDIUM,5,POLICY_BASED,COST_BASED,false,false
6,policy_driven_dh_strategy,1,2024,NATURAL_GAS_BOILER,SOCIAL_HOUSING,1328487,1328487,0,1328487,0.0,0.0,0.0,0.0,0.0,MEDIUM,MEDIUM,MEDIUM,5,POLICY_BASED,COST_BASED,false,false
6,policy_driven_dh_strategy,1,2025,NATURAL_GAS_BOILER,SOCIAL_HOUSING,3464,0,1325023,1328487,0.0,0.0,0.0,0.0,0.0,MEDIUM,MEDIUM,MEDIUM,5,POLICY_BASED,COST_BASED,false,false
6,policy_driven_dh_strategy,1,2026,NATURAL_GAS_BOILER,SOCIAL_HOUSING,898,0,2566,1328487,0.0,0.0,0.0,0.0,0.0,MEDIUM,MEDIUM,MEDIUM,5,POLICY_BASED,COST_BASED,false,false
6,policy_driven_dh_strategy,1,2027,NATURAL_GAS_BOILER,SOCIAL_HOUSING,455,0,443,1328487,0.0,0.0,0.0,0.0,0.0,MEDIUM,MEDIUM,MEDIUM,5,POLICY_BASED,COST_BASED,false,false
6,policy_driven_dh_strategy,1,2028,NATURAL_GAS_BOILER,SOCIAL_HOUSING,265,0,190,1328487,0.0,0.0,0.0,0.0,0.0,MEDIUM,MEDIUM,MEDIUM,5,POLICY_BASED,COST_BASED,false,false
6,policy_driven_dh_strategy,1,2029,NATURAL_GAS_BOILER,SOCIAL_HOUSING,201,0,64,1328487,0.0,0.0,0.0,0.0,0.0,MEDIUM,MEDIUM,MEDIUM,5,POLICY_BASED,COST_BASED,false,false
6,policy_driven_dh_strategy,1,2030,NATURAL_GAS_BOILER,SOCIAL_HOUSING,113,0,88,1328487,0.0,0.0,0.0,0.0,0.0,MEDIUM,MEDIUM,MEDIUM,5,POLICY_BASED,COST_BASED,false,false
6,policy_driven_dh_strategy,1,2031,NATURAL_GAS_BOILER,SOCIAL_HOUSING,84,0,29,1328487,0.0,0.0,0.0,0.0,0.0,MEDIUM,MEDIUM,MEDIUM,5,POLICY_BASED,COST_BASED,false,false
6,policy_driven_dh_strategy,1,2032,NATURAL_GAS_BOILER,SOCIAL_HOUSING,66,0,18,1328487,0.0,0.0,0.0,0.0,0.0,MEDIUM,MEDIUM,MEDIUM,5,POLICY_BASED,COST_BASED,false,false
6,policy_driven_dh_strategy,1,2033,NATURAL_GAS_BOILER,SOCIAL_HOUSING,53,0,13,1328487,0.0,0.0,0.0,0.0,0.0,MEDIUM,MEDIUM,MEDIUM,5,POLICY_BASED,COST_BASED,false,false
6,policy_driven_dh_strategy,1,2034,NATURAL_GAS_BOILER,SOCIAL_HOUSING,33,0,20,1328487,0.0,0.0,0.0,0.0,0.0,MEDIUM,MEDIUM,MEDIUM,5,POLICY_BASED,COST_BASED,false,false
6,policy_driven_dh_strategy,1,2035,NATURAL_GAS_BOILER,SOCIAL_HOUSING,17,0,16,1328487,0.0,0.0,0.0,0.0,0.0,MEDIUM,MEDIUM,MEDIUM,5,POLICY_BASED,COST_BASED,false,false
6,policy_driven_dh_strategy,1,2036,NATURAL_GAS_BOILER,SOCIAL_HOUSING,0,0,17,1328487,0.0,0.0,0.0,0.0,0.0,MEDIUM,MEDIUM,MEDIUM,5,POLICY_BASED,COST_BASED,false,false
6,policy_driven_dh_strategy,1,2037,NATURAL_GAS_BOILER,SOCIAL_HOUSING,0,0,0,1328487,0.0,0.0,0.0,0.0,0.0,MEDIUM,MEDIUM,MEDIUM,5,POLICY_BASED,COST_BASED,false,false
6,policy_driven_dh_strategy,1,2038,NATURAL_GAS_BOILER,SOCIAL_HOUSING,0,0,0,1328487,0.0,0.0,0.0,0.0,0.0,MEDIUM,MEDIUM,MEDIUM,5,POLICY_BASED,COST_BASED,false,false
6,policy_driven_dh_strategy,1,2039,NATURAL_GAS_BOILER,SOCIAL_HOUSING,0,0,0,1328487,0.0,0.0,0.0,0.0,0.0,MEDIUM,MEDIUM,MEDIUM,5,POLICY_BASED,COST_BASED,false,false
6,policy_driven_dh_strategy,1,2040,NATURAL_GAS_BOILER,SOCIAL_HOUSING,0,0,0,1328487,0.0,0.0,0.0,0.0,0.0,MEDIUM,MEDIUM,MEDIUM,5,POLICY_BASED,COST_BASED,false,false
6,policy_driven_dh_strategy,1,2041,NATURAL_GAS_BOILER,SOCIAL_HOUSING,0,0,0,1328487,0.0,0.0,0.0,0.0,0.0,MEDIUM,MEDIUM,MEDIUM,5,POLICY_BASED,COST_BASED,false,false
6,policy_driven_dh_strategy,1,2042,NATURAL_GAS_BOILER,SOCIAL_HOUSING,0,0,0,1328487,0.0,0.0,0.0,0.0,0.0,MEDIUM,MEDIUM,MEDIUM,5,POLICY_BASED,COST_BASED,false,false
6,policy_driven_dh_strategy,1,2043,NATURAL_GAS_BOILER,SOCIAL_HOUSING,0,0,0,1328487,0.0,0.0,0.0,0.0,0.0,MEDIUM,MEDIUM,MEDIUM,5,POLICY_BASED,COST_BASED,false,false
6,policy_driven_dh_strategy,1,2044,NATURAL_GAS_BOILER,SOCIAL_HOUSING,0,0,0,1328487,0.0,0.0,0.0,0.0,0.0,MEDIUM,MEDIUM,MEDIUM,5,POLICY_BASED,COST_BASED,false,false
6,policy_driven_dh_strategy,1,2045,NATURAL_GAS_BOILER,SOCIAL_HOUSING,0,0,0,1328487,0.0,0.0,0.0,0.0,0.0,MEDIUM,MEDIUM,MEDIUM,5,POLICY_BASED,COST_BASED,false,false
6,policy_driven_dh_strategy,1,2046,NATURAL_GAS_BOILER,SOCIAL_HOUSING,0,0,0,1328487,0.0,0.0,0.0,0.0,0.0,MEDIUM,MEDIUM,MEDIUM,5,POLICY_BASED,COST_BASED,false,false
6,policy_driven_dh_strategy,1,2047,NATURAL_GAS_BOILER,SOCIAL_HOUSING,0,0,0,1328487,0.0,0.0,0.0,0.0,0.0,MEDIUM,MEDIUM,MEDIUM,5,POLICY_BASED,COST_BASED,false,false
6,policy_driven_dh_strategy,1,2048,NATURAL_GAS_BOILER,SOCIAL_HOUSING,0,0,0,1328487,0.0,0.0,0.0,0.0,0.0,MEDIUM,MEDIUM,MEDIUM,5,POLICY_BASED,COST_BASED,false,false
6,policy_driven_dh_strategy,1,2049,NATURAL_GAS_BOILER,SOCIAL_HOUSING,0,0,0,1328487,0.0,0.0,0.0,0.0,0.0,MEDIUM,MEDIUM,MEDIUM,5,POLICY_BASED,COST_BASED,false,false
6,policy_driven_dh_strategy,1,2050,NATURAL_GAS_BOILER,SOCIAL_HOUSING,0,0,0,1328487,0.0,0.0,0.0,0.0,0.0,MEDIUM,MEDIUM,MEDIUM,5,POLICY_BASED,COST_BASED,false,false
6,policy_driven_dh_strategy,1,2024,NATURAL_GAS_BOILER,PRIVATELY_RENTED,930296,930296,0,930296,0.0,0.0,0.0,0.0,0.0,MEDIUM,MEDIUM,MEDIUM,5,POLICY_BASED,COST_BASED,false,false
6,policy_driven_dh_strategy,1,2025,NATURAL_GAS_BOILER,PRIVATELY_RENTED,802608,0,127688,930296,0.0,0.0,0.0,0.0,0.0,MEDIUM,MEDIUM,MEDIUM,5,POLICY_BASED,COST_BASED,false,false
6,policy_driven_dh_strategy,1,2026,NATURAL_GAS_BOILER,PRIVATELY_RENTED,726735,0,75873,930296,0.0,0.0,0.0,0.0,0.0,MEDIUM,MEDIUM,MEDIUM,5,POLICY_BASED,COST_BASED,false,false
6,policy_driven_dh_strategy,1,2027,NATURAL_GAS_BOILER,PRIVATELY_RENTED,651706,2,75031,930298,0.0,0.0,0.0,0.0,0.0,MEDIUM,MEDIUM,MEDIUM,5,POLICY_BASED,COST_BASED,false,false
6,policy_driven_dh_strategy,1,2028,NATURAL_GAS_BOILER,PRIVATELY_RENTED,575278,3,76431,930301,0.0,0.0,0.0,0.0,0.0,MEDIUM,MEDIUM,MEDIUM,5,POLICY_BASED,COST_BASED,false,false
6,policy_driven_dh_strategy,1,2029,NATURAL_GAS_BOILER,PRIVATELY_RENTED,500190,2,75090,930303,0.0,0.0,0.0,0.0,0.0,MEDIUM,MEDIUM,MEDIUM,5,POLICY_BASED,COST_BASED,false,false
6,policy_driven_dh_strategy,1,2030,NATURAL_GAS_BOILER,PRIVATELY_RENTED,423880,8,76318,930311,0.0,0.0,0.0,0.0,0.0,MEDIUM,MEDIUM,MEDIUM,5,POLICY_BASED,COST_BASED,false,false
6,policy_driven_dh_strategy,1,2031,NATURAL_GAS_BOILER,PRIVATELY_RENTED,347183,11,76708,930322,0.0,0.0,0.0,0.0,0.0,MEDIUM,MEDIUM,MEDIUM,5,POLICY_BASED,COST_BASED,false,false
6,policy_driven_dh_strategy,1,2032,NATURAL_GAS_BOILER,PRIVATELY_RENTED,269651,20,77552,930342,0.0,0.0,0.0,0.0,0.0,MEDIUM,MEDIUM,MEDIUM,5,POLICY_BASED,COST_BASED,false,false
6,policy_driven_dh_strategy,1,2033,NATURAL_GAS_BOILER,PRIVATELY_RENTED,194984,23,74690,930365,0.0,0.0,0.0,0.0,0.0,MEDIUM,MEDIUM,MEDIUM,5,POLICY_BASED,COST_BASED,false,false
6,policy_driven_dh_strategy,1,2034,NATURAL_GAS_BOILER,PRIVATELY_RENTED,122865,32,72151,930397,0.0,0.0,0.0,0.0,0.0,MEDIUM,MEDIUM,MEDIUM,5,POLICY_BASED,COST_BASED,false,false
6,policy_driven_dh_strategy,1,2035,NATURAL_GAS_BOILER,PRIVATELY_RENTED,50815,34,72084,930431,0.0,0.0,0.0,0.0,0.0,MEDIUM,MEDIUM,MEDIUM,5,POLICY_BASED,COST_BASED,false,false
6,policy_driven_dh_strategy,1,2036,NATURAL_GAS_BOILER,PRIVATELY_RENTED,191,56,50680,930487,0.0,0.0,0.0,0.0,0.0,MEDIUM,MEDIUM,MEDIUM,5,POLICY_BASED,COST_BASED,false,false
6,policy_driven_dh_strategy,1,2037,NATURAL_GAS_BOILER,PRIVATELY_RENTED,237,46,0,930533,0.0,0.0,0.0,0.0,0.0,MEDIUM,MEDIUM,MEDIUM,5,POLICY_BASED,COST_BASED,false,false
6,policy_driven_dh_strategy,1,2038,NATURAL_GAS_BOILER,PRIVATELY_RENTED,277,40,0,930573,0.0,0.0,0.0,0.0,0.0,MEDIUM,MEDIUM,MEDIUM,5,POLICY_BASED,COST_BASED,false,false
6,policy_driven_dh_strategy,1,2039,NATURAL_GAS_BOILER,PRIVATELY_RENTED,282,7,2,930580,0.0,0.0,0.0,0.0,0.0,MEDIUM,MEDIUM,MEDIUM,5,POLICY_BASED,COST_BASED,false,false
6,policy_driven_dh_strategy,1,2040,NATURAL_GAS_BOILER,PRIVATELY_RENTED,283,4,3,930584,0.0,0.0,0.0,0.0,0.0,MEDIUM,MEDIUM,MEDIUM,5,POLICY_BASED,COST_BASED,false,false
6,policy_driven_dh_strategy,1,2041,NATURAL_GAS_BOILER,PRIVATELY_RENTED,284,3,2,930587,0.0,0.0,0.0,0.0,0.0,MEDIUM,MEDIUM,MEDIUM,5,POLICY_BASED,COST_BASED,false,false
6,policy_driven_dh_strategy,1,2042,NATURAL_GAS_BOILER,PRIVATELY_RENTED,284,8,8,930595,0.0,0.0,0.0,0.0,0.0,MEDIUM,MEDIUM,MEDIUM,5,POLICY_BASED,COST_BASED,false,false
6,policy_driven_dh_strategy,1,2043,NATURAL_GAS_BOILER,PRIVATELY_RENTED,284,11,11,930606,0.0,0.0,0.0,0.0,0.0,MEDIUM,MEDIUM,MEDIUM,5,POLICY_BASED,COST_BASED,false,false
6,policy_driven_dh_strategy,1,2044,NATURAL_GAS_BOILER,PRIVATELY_RENTED,284,20,20,930626,0.0,0.0,0.0,0.0,0.0,MEDIUM,MEDIUM,MEDIUM,5,POLICY_BASED,COST_BASED,false,false
6,policy_driven_dh_strategy,1,2045,NATURAL_GAS_BOILER,PRIVATELY_RENTED,284,23,23,930649,0.0,0.0,0.0,0.0,0.0,MEDIUM,MEDIUM,MEDIUM,5,POLICY_BASED,COST_BASED,false,false
6,policy_driven_dh_strategy,1,2046,NATURAL_GAS_BOILER,PRIVATELY_RENTED,285,33,32,930682,0.0,0.0,0.0,0.0,0.0,MEDIUM,MEDIUM,MEDIUM,5,POLICY_BASED,COST_BASED,false,false
6,policy_driven_dh_strategy,1,2047,NATURAL_GAS_BOILER,PRIVATELY_RENTED,285,34,34,930716,0.0,0.0,0.0,0.0,0.0,MEDIUM,MEDIUM,MEDIUM,5,POLICY_BASED,COST_BASED,false,false
6,policy_driven_dh_strategy,1,2048,NATURAL_GAS_BOILER,PRIVATELY_RENTED,285,56,56,930772,0.0,0.0,0.0,0.0,0.0,MEDIUM,MEDIUM,MEDIUM,5,POLICY_BASED,COST_BASED,false,false
6,policy_driven_dh_strategy,1,2049,NATURAL_GAS_BOILER,PRIVATELY_RENTED,285,46,46,930818,0.0,0.0,0.0,0.0,0.0,MEDIUM,MEDIUM,MEDIUM,5,POLICY_BASED,COST_BASED,false,false
6,policy_driven_dh_strategy,1,2050,NATURAL_GAS_BOILER,PRIVATELY_RENTED,285,40,40,930858,0.0,0.0,0.0,0.0,0.0,MEDIUM,MEDIUM,MEDIUM,5,POLICY_BASED,COST_BASED,false,false
6,policy_driven_dh_strategy,1,2024,NATURAL_GAS_BLOCK,TOTAL,464445,464445,0,464445,0.0,0.0,0.0,0.0,0.0,MEDIUM,MEDIUM,MEDIUM,5,POLICY_BASED,COST_BASED,false,false
6,policy_driven_dh_strategy,1,2025,NATURAL_GAS_BLOCK,TOTAL,317987,439,146897,464884,0.2854084653964328,0.6510029983420993,0.06425144864552512,1120.8163312336765,0.7728678426573222,MEDIUM,MEDIUM,MEDIUM,5,POLICY_BASED,COST_BASED,false,false
6,policy_driven_dh_strategy,1,2026,NATURAL_GAS_BLOCK,TOTAL,289515,269,28741,465153,0.28608803292435875,0.6496887394033357,0.05747545384027167,1130.6159213759213,0.7708889748963283,MEDIUM,MEDIUM,MEDIUM,5,POLICY_BASED,COST_BASED,false,false
6,policy_driven_dh_strategy,1,2027,NATURAL_GAS_BLOCK,TOTAL,262025,258,27748,465411,0.2847925343597921,0.6505438155578178,0.05249621953735527,1132.7149917627678,0.7724609092904909,MEDIUM,MEDIUM,MEDIUM,5,POLICY_BASED,COST_BASED,false,false
6,policy_driven_dh_strategy,1,2028,NATURAL_GAS_BLOCK,TOTAL,233872,232,28385,465643,0.28582209361298694,0.6471928159805377,0.0471197703098763,1130.0926517571886,0.7676497234363959,MEDIUM,MEDIUM,MEDIUM,5,POLICY_BASED,COST_BASED,false,false
6,policy_driven_dh_strategy,1,2029,NATURAL_GAS_BLOCK,TOTAL,205937,219,28154,465862,0.28562201238639723,0.6448095978419116,0.04190130980376365,1138.221045383001,0.7645387929937448,MEDIUM,MEDIUM,MEDIUM,5,POLICY_BASED,COST_BASED,false,false
6,policy_driven_dh_strategy,1,2030,NATURAL_GAS_BLOCK,TOTAL,178249,219,27907,466081,0.28539336544011823,0.642988532426284,0.03692958256893142,1132.7100240995246,0.762186921421648,MEDIUM,MEDIUM,MEDIUM,5,POLICY_BASED,COST_BASED,false,false
6,policy_driven_dh_strategy,1,2031,NATURAL_GAS_BLOCK,TOTAL,150550,195,27894,466276,0.28530244711132857,0.6445165115786732,0.03142707868516242,1115.381361031065,0.7642545330677908,MEDIUM,MEDIUM,MEDIUM,5,POLICY_BASED,COST_BASED,false,false
6,policy_driven_dh_strategy,1,2032,NATURAL_GAS_BLOCK,TOTAL,122219,199,28530,466475,0.28669838913223283,0.643946659290966,0.025874488591730735,1116.9017792926609,0.7630294160105527,MEDIUM,MEDIUM,MEDIUM,5,POLICY_BASED,COST_BASED,false,false
6,policy_driven_dh_strategy,1,2033,NATURAL_GAS_BLOCK,TOTAL,91118,218,31319,466693,0.28544433043747836,0.6467221349568876,0.020335402140504028,1072.1652803194145,0.7671480697966973,MEDIUM,MEDIUM,MEDIUM,5,POLICY_BASED,COST_BASED,false,false
6,policy_driven_dh_strategy,1,2034,NATURAL_GAS_BLOCK,TOTAL,57153,268,34233,466961,0.28517965875482654,0.6501715513316505,0.013638517713882378,1012.4161556629325,0.7718355155239178,MEDIUM,MEDIUM,MEDIUM,5,POLICY_BASED,COST_BASED,false,false
6,policy_driven_dh_strategy,1,2035,NATURAL_GAS_BLOCK,TOTAL,22262,293,35184,467254,0.28545013682943815,0.6493405797766383,0.0075738193298654005,988.5221412273086,0.7706373940923804,MEDIUM,MEDIUM,MEDIUM,5,POLICY_BASED,COST_BASED,false,false
6,policy_driven_dh_strategy,1,2036,NATURAL_GAS_BLOCK,TOTAL,2921,112,19453,467366,0.28218403105154594,0.6401025616335535,0.002493242214678837,1068.8950819386637,0.7594087384942219,MEDIUM,MEDIUM,MEDIUM,5,POLICY_BASED,COST_BASED,false,false
6,policy_driven_dh_strategy,1,2037,NATURAL_GAS_BLOCK,TOTAL,2773,291,439,467657,0.3423238547744925,0.6609219222250858,7.644375304241073E-4,867.6874187197258,0.7671212780419503,MEDIUM,MEDIUM,MEDIUM,5,POLICY_BASED,COST_BASED,false,false
6,policy_driven_dh_strategy,1,2038,NATURAL_GAS_BLOCK,TOTAL,2686,182,269,467839,0.3300524297971682,0.6539487418248549,6.915623366379491E-4,887.2006059307062,0.7619141791674188,MEDIUM,MEDIUM,MEDIUM,5,POLICY_BASED,COST_BASED,false,false
6,policy_driven_dh_strategy,1,2039,NATURAL_GAS_BLOCK,TOTAL,2597,169,258,468008,0.40391835331809767,0.6703043620277969,5.86271018853246E-4,1009.8093422306958,0.759099698264363,MEDIUM,MEDIUM,MEDIUM,5,POLICY_BASED,COST_BASED,false,false
6,policy_driven_dh_strategy,1,2040,NATURAL_GAS_BLOCK,TOTAL,2517,152,232,468160,0.266960594882382,0.6298966838656193,6.723069829555035E-4,1120.3296452527488,0.7508753801933736,MEDIUM,MEDIUM,MEDIUM,5,POLICY_BASED,COST_BASED,false,false
6,policy_driven_dh_strategy,1,2041,NATURAL_GAS_BLOCK,TOTAL,2455,157,219,468317,0.27124005701987036,0.635954564130769,6.779332881988985E-4,1129.0303100955934,0.7575260665010691,MEDIUM,MEDIUM,MEDIUM,5,POLICY_BASED,COST_BASED,false,false
6,policy_driven_dh_strategy,1,2042,NATURAL_GAS_BLOCK,TOTAL,2392,156,219,468473,0.26898674541693623,0.6316295677733413,5.752941258012089E-4,1132.296855396819,0.7525105085588032,MEDIUM,MEDIUM,MEDIUM,5,POLICY_BASED,COST_BASED,false,false
6,policy_driven_dh_strategy,1,2043,NATURAL_GAS_BLOCK,TOTAL,2324,127,195,468600,0.2690493092452876,0.6346824197821446,6.212308336270882E-4,1134.0689013035383,0.7565601232944307,MEDIUM,MEDIUM,MEDIUM,5,POLICY_BASED,COST_BASED,false,false
6,policy_driven_dh_strategy,1,2044,NATURAL_GAS_BLOCK,TOTAL,2269,144,199,468744,0.26632294948441776,0.628442927873969,6.564885274466893E-4,1139.941186074038,0.7491495873371413,MEDIUM,MEDIUM,MEDIUM,5,POLICY_BASED,COST_BASED,false,false
6,policy_driven_dh_strategy,1,2045,NATURAL_GAS_BLOCK,TOTAL,2214,163,218,468907,0.26490652049802305,0.6264243773159776,6.12428021323199E-4,1139.555734989648,0.7469303295886177,MEDIUM,MEDIUM,MEDIUM,5,POLICY_BASED,COST_BASED,false,false
6,policy_driven_dh_strategy,1,2046,NATURAL_GAS_BLOCK,TOTAL,2141,195,268,469102,0.2660744950127161,0.6284792554228957,5.759550911870977E-4,1121.631153893217,0.7492808422262813,MEDIUM,MEDIUM,MEDIUM,5,POLICY_BASED,COST_BASED,false,false
6,policy_driven_dh_strategy,1,2047,NATURAL_GAS_BLOCK,TOTAL,2049,201,293,469303,0.2658864456423242,0.6274548428271213,5.01446217118149E-4,1124.0736981647956,0.747977641888724,MEDIUM,MEDIUM,MEDIUM,5,POLICY_BASED,COST_BASED,false,false
6,policy_driven_dh_strategy,1,2048,NATURAL_GAS_BLOCK,TOTAL,2012,75,112,469378,0.25013807837487567,0.6185033163110132,5.13738741096264E-4,1072.125036064573,0.7412917289563984,MEDIUM,MEDIUM,MEDIUM,5,POLICY_BASED,COST_BASED,false,false
6,policy_driven_dh_strategy,1,2049,NATURAL_GAS_BLOCK,TOTAL,1929,208,291,469586,0.2502475163111226,0.6274512100307503,4.862160940009543E-4,1027.273927969092,0.7531857746039499,MEDIUM,MEDIUM,MEDIUM,5,POLICY_BASED,COST_BASED,false,false
6,policy_driven_dh_strategy,1,2050,NATURAL_GAS_BLOCK,TOTAL,1870,123,182,469709,0.24575785333781294,0.6236829370388477,4.779083049901497E-4,993.0545837758164,0.7496579649391903,MEDIUM,MEDIUM,MEDIUM,5,POLICY_BASED,COST_BASED,false,false
6,policy_driven_dh_strategy,1,2024,NATURAL_GAS_BLOCK,PRIVATELY_OWNED,276232,276232,0,276232,0.0,0.0,0.0,0.0,0.0,MEDIUM,MEDIUM,MEDIUM,5,POLICY_BASED,COST_BASED,false,false
6,policy_driven_dh_strategy,1,2025,NATURAL_GAS_BLOCK,PRIVATELY_OWNED,240587,439,36084,276671,0.2854084653964328,0.6510029983420993,0.06425144864552512,1120.8163312336765,0.7728678426573222,MEDIUM,MEDIUM,MEDIUM,5,POLICY_BASED,COST_BASED,false,false
6,policy_driven_dh_strategy,1,2026,NATURAL_GAS_BLOCK,PRIVATELY_OWNED,219649,269,21207,276940,0.28608803292435875,0.6496887394033357,0.05747545384027167,1130.6159213759213,0.7708889748963283,MEDIUM,MEDIUM,MEDIUM,5,POLICY_BASED,COST_BASED,false,false
6,policy_driven_dh_strategy,1,2027,NATURAL_GAS_BLOCK,PRIVATELY_OWNED,199102,258,20805,277198,0.2847925343597921,0.6505438155578178,0.05249621953735527,1132.7149917627678,0.7724609092904909,MEDIUM,MEDIUM,MEDIUM,5,POLICY_BASED,COST_BASED,false,false
6,policy_driven_dh_strategy,1,2028,NATURAL_GAS_BLOCK,PRIVATELY_OWNED,178006,232,21328,277430,0.28582209361298694,0.6471928159805377,0.0471197703098763,1130.0926517571886,0.7676497234363959,MEDIUM,MEDIUM,MEDIUM,5,POLICY_BASED,COST_BASED,false,false
6,policy_driven_dh_strategy,1,2029,NATURAL_GAS_BLOCK,PRIVATELY_OWNED,156904,219,21321,277649,0.28562201238639723,0.6448095978419116,0.04190130980376365,1138.221045383001,0.7645387929937447,MEDIUM,MEDIUM,MEDIUM,5,POLICY_BASED,COST_BASED,false,false
6,policy_driven_dh_strategy,1,2030,NATURAL_GAS_BLOCK,PRIVATELY_OWNED,136100,219,21023,277868,0.28539336544011823,0.6429885324262838,0.03692958256893142,1132.7100240995246,0.762186921421648,MEDIUM,MEDIUM,MEDIUM,5,POLICY_BASED,COST_BASED,false,false
6,policy_driven_dh_strategy,1,2031,NATURAL_GAS_BLOCK,PRIVATELY_OWNED,115157,195,21138,278063,0.28530244711132857,0.6445165115786732,0.03142707868516242,1115.381361031065,0.7642545330677909,MEDIUM,MEDIUM,MEDIUM,5,POLICY_BASED,COST_BASED,false,false
6,policy_driven_dh_strategy,1,2032,NATURAL_GAS_BLOCK,PRIVATELY_OWNED,93885,199,21471,278262,0.28669838913223283,0.643946659290966,0.025874488591730735,1116.9017792926609,0.7630294160105527,MEDIUM,MEDIUM,MEDIUM,5,POLICY_BASED,COST_BASED,false,false
6,policy_driven_dh_strategy,1,2033,NATURAL_GAS_BLOCK,PRIVATELY_OWNED,70937,218,23166,278480,0.28544433043747836,0.6467221349568877,0.020335402140504028,1072.1652803194145,0.7671480697966973,MEDIUM,MEDIUM,MEDIUM,5,POLICY_BASED,COST_BASED,false,false
6,policy_driven_dh_strategy,1,2034,NATURAL_GAS_BLOCK,PRIVATELY_OWNED,44808,268,26397,278748,0.28517965875482654,0.6501715513316505,0.013638517713882378,1012.4161556629325,0.7718355155239178,MEDIUM,MEDIUM,MEDIUM,5,POLICY_BASED,COST_BASED,false,false
6,policy_driven_dh_strategy,1,2035,NATURAL_GAS_BLOCK,PRIVATELY_OWNED,17406,293,27695,279041,0.28545013682943815,0.6493405797766383,0.0075738193298654,988.5221412273086,0.7706373940923804,MEDIUM,MEDIUM,MEDIUM,5,POLICY_BASED,COST_BASED,false,false
6,policy_driven_dh_strategy,1,2036,NATURAL_GAS_BLOCK,PRIVATELY_OWNED,2920,111,14597,279152,0.2847262295294878,0.6458692513779999,0.00251570385625252,1078.5247673615345,0.7662502586608365,MEDIUM,MEDIUM,MEDIUM,5,POLICY_BASED,COST_BASED,false,false
6,policy_driven_dh_strategy,1,2037,NATURAL_GAS_BLOCK,PRIVATELY_OWNED,2771,290,439,279442,0.34350428185992177,0.6632009633362068,7.670735219083284E-4,870.6794443015178,0.7697665238283018,MEDIUM,MEDIUM,MEDIUM,5,POLICY_BASED,COST_BASED,false,false
6,policy_driven_dh_strategy,1,2038,NATURAL_GAS_BLOCK,PRIVATELY_OWNED,2683,181,269,279623,0.33187592388444537,0.6575617182990253,6.953831230282141E-4,892.1022667369531,0.7661236497705537,MEDIUM,MEDIUM,MEDIUM,5,POLICY_BASED,COST_BASED,false,false
6,policy_driven_dh_strategy,1,2039,NATURAL_GAS_BLOCK,PRIVATELY_OWNED,2594,169,258,279792,0.40391835331809767,0.6703043620277969,5.86271018853246E-4,1009.8093422306958,0.7590996982643629,MEDIUM,MEDIUM,MEDIUM,5,POLICY_BASED,COST_BASED,false,false
6,policy_driven_dh_strategy,1,2040,NATURAL_GAS_BLOCK,PRIVATELY_OWNED,2514,152,232,279944,0.266960594882382,0.6298966838656193,6.723069829555035E-4,1120.3296452527488,0.7508753801933736,MEDIUM,MEDIUM,MEDIUM,5,POLICY_BASED,COST_BASED,false,false
6,policy_driven_dh_strategy,1,2041,NATURAL_GAS_BLOCK,PRIVATELY_OWNED,2452,157,219,280101,0.27124005701987036,0.635954564130769,6.779332881988985E-4,1129.0303100955934,0.7575260665010691,MEDIUM,MEDIUM,MEDIUM,5,POLICY_BASED,COST_BASED,false,false
6,policy_driven_dh_strategy,1,2042,NATURAL_GAS_BLOCK,PRIVATELY_OWNED,2389,156,219,280257,0.26898674541693623,0.6316295677733413,5.752941258012089E-4,1132.296855396819,0.7525105085588032,MEDIUM,MEDIUM,MEDIUM,5,POLICY_BASED,COST_BASED,false,false
6,policy_driven_dh_strategy,1,2043,NATURAL_GAS_BLOCK,PRIVATELY_OWNED,2321,127,195,280384,0.2690493092452876,0.6346824197821446,6.212308336270882E-4,1134.0689013035383,0.7565601232944307,MEDIUM,MEDIUM,MEDIUM,5,POLICY_BASED,COST_BASED,false,false
6,policy_driven_dh_strategy,1,2044,NATURAL_GAS_BLOCK,PRIVATELY_OWNED,2266,144,199,280528,0.26632294948441776,0.628442927873969,6.564885274466893E-4,1139.941186074038,0.7491495873371413,MEDIUM,MEDIUM,MEDIUM,5,POLICY_BASED,COST_BASED,false,false
6,policy_driven_dh_strategy,1,2045,NATURAL_GAS_BLOCK,PRIVATELY_OWNED,2211,163,218,280691,0.26490652049802305,0.6264243773159776,6.12428021323199E-4,1139.555734989648,0.7469303295886177,MEDIUM,MEDIUM,MEDIUM,5,POLICY_BASED,COST_BASED,false,false
6,policy_driven_dh_strategy,1,2046,NATURAL_GAS_BLOCK,PRIVATELY_OWNED,2138,195,268,280886,0.2660744950127161,0.6284792554228957,5.759550911870977E-4,1121.631153893217,0.7492808422262814,MEDIUM,MEDIUM,MEDIUM,5,POLICY_BASED,COST_BASED,false,false
6,policy_driven_dh_strategy,1,2047,NATURAL_GAS_BLOCK,PRIVATELY_OWNED,2046,201,293,281087,0.2658864456423242,0.6274548428271213,5.01446217118149E-4,1124.0736981647956,0.747977641888724,MEDIUM,MEDIUM,MEDIUM,5,POLICY_BASED,COST_BASED,false,false
6,policy_driven_dh_strategy,1,2048,NATURAL_GAS_BLOCK,PRIVATELY_OWNED,2009,74,111,281161,0.25351832267723884,0.626861469234135,5.206811565164839E-4,1086.6132122276076,0.7513091847531065,MEDIUM,MEDIUM,MEDIUM,5,POLICY_BASED,COST_BASED,false,false
6,policy_driven_dh_strategy,1,2049,NATURAL_GAS_BLOCK,PRIVATELY_OWNED,1926,207,290,281368,0.25145644151069324,0.6304823752965993,4.885649640202826E-4,1032.236603949619,0.756824353225225,MEDIUM,MEDIUM,MEDIUM,5,POLICY_BASED,COST_BASED,false,false
6,policy_driven_dh_strategy,1,2050,NATURAL_GAS_BLOCK,PRIVATELY_OWNED,1867,122,181,281490,0.24777226197172944,0.6287950922604776,4.8182558617859353E-4,1001.1943754461099,0.7558027023567248,MEDIUM,MEDIUM,MEDIUM,5,POLICY_BASED,COST_BASED,false,false
6,policy_driven_dh_strategy,1,2024,NATURAL_GAS_BLOCK,SOCIAL_HOUSING,98889,98889,0,98889,0.0,0.0,0.0,0.0,0.0,MEDIUM,MEDIUM,MEDIUM,5,POLICY_BASED,COST_BASED,false,false
6,policy_driven_dh_strategy,1,2025,NATURAL_GAS_BLOCK,SOCIAL_HOUSING,135,0,98754,98889,0.0,0.0,0.0,0.0,0.0,MEDIUM,MEDIUM,MEDIUM,5,POLICY_BASED,COST_BASED,false,false
6,policy_driven_dh_strategy,1,2026,NATURAL_GAS_BLOCK,SOCIAL_HOUSING,23,0,112,98889,0.0,0.0,0.0,0.0,0.0,MEDIUM,MEDIUM,MEDIUM,5,POLICY_BASED,COST_BASED,false,false
6,policy_driven_dh_strategy,1,2027,NATURAL_GAS_BLOCK,SOCIAL_HOUSING,14,0,9,98889,0.0,0.0,0.0,0.0,0.0,MEDIUM,MEDIUM,MEDIUM,5,POLICY_BASED,COST_BASED,false,false
6,policy_driven_dh_strategy,1,2028,NATURAL_GAS_BLOCK,SOCIAL_HOUSING,8,0,6,98889,0.0,0.0,0.0,0.0,0.0,MEDIUM,MEDIUM,MEDIUM,5,POLICY_BASED,COST_BASED,false,false
6,policy_driven_dh_strategy,1,2029,NATURAL_GAS_BLOCK,SOCIAL_HOUSING,7,0,1,98889,0.0,0.0,0.0,0.0,0.0,MEDIUM,MEDIUM,MEDIUM,5,POLICY_BASED,COST_BASED,false,false
6,policy_driven_dh_strategy,1,2030,NATURAL_GAS_BLOCK,SOCIAL_HOUSING,5,0,2,98889,0.0,0.0,0.0,0.0,0.0,MEDIUM,MEDIUM,MEDIUM,5,POLICY_BASED,COST_BASED,false,false
6,policy_driven_dh_strategy,1,2031,NATURAL_GAS_BLOCK,SOCIAL_HOUSING,5,0,0,98889,0.0,0.0,0.0,0.0,0.0,MEDIUM,MEDIUM,MEDIUM,5,POLICY_BASED,COST_BASED,false,false
6,policy_driven_dh_strategy,1,2032,NATURAL_GAS_BLOCK,SOCIAL_HOUSING,4,0,1,98889,0.0,0.0,0.0,0.0,0.0,MEDIUM,MEDIUM,MEDIUM,5,POLICY_BASED,COST_BASED,false,false
6,policy_driven_dh_strategy,1,2033,NATURAL_GAS_BLOCK,SOCIAL_HOUSING,4,0,0,98889,0.0,0.0,0.0,0.0,0.0,MEDIUM,MEDIUM,MEDIUM,5,POLICY_BASED,COST_BASED,false,false
6,policy_driven_dh_strategy,1,2034,NATURAL_GAS_BLOCK,SOCIAL_HOUSING,3,0,1,98889,0.0,0.0,0.0,0.0,0.0,MEDIUM,MEDIUM,MEDIUM,5,POLICY_BASED,COST_BASED,false,false
6,policy_driven_dh_strategy,1,2035,NATURAL_GAS_BLOCK,SOCIAL_HOUSING,1,0,2,98889,0.0,0.0,0.0,0.0,0.0,MEDIUM,MEDIUM,MEDIUM,5,POLICY_BASED,COST_BASED,false,false
6,policy_driven_dh_strategy,1,2036,NATURAL_GAS_BLOCK,SOCIAL_HOUSING,0,0,1,98889,0.0,0.0,0.0,0.0,0.0,MEDIUM,MEDIUM,MEDIUM,5,POLICY_BASED,COST_BASED,false,false
6,policy_driven_dh_strategy,1,2037,NATURAL_GAS_BLOCK,SOCIAL_HOUSING,0,0,0,98889,0.0,0.0,0.0,0.0,0.0,MEDIUM,MEDIUM,MEDIUM,5,POLICY_BASED,COST_BASED,false,false
6,policy_driven_dh_strategy,1,2038,NATURAL_GAS_BLOCK,SOCIAL_HOUSING,0,0,0,98889,0.0,0.0,0.0,0.0,0.0,MEDIUM,MEDIUM,MEDIUM,5,POLICY_BASED,COST_BASED,false,false
6,policy_driven_dh_strategy,1,2039,NATURAL_GAS_BLOCK,SOCIAL_HOUSING,0,0,0,98889,0.0,0.0,0.0,0.0,0.0,MEDIUM,MEDIUM,MEDIUM,5,POLICY_BASED,COST_BASED,false,false
6,policy_driven_dh_strategy,1,2040,NATURAL_GAS_BLOCK,SOCIAL_HOUSING,0,0,0,98889,0.0,0.0,0.0,0.0,0.0,MEDIUM,MEDIUM,MEDIUM,5,POLICY_BASED,COST_BASED,false,false
6,policy_driven_dh_strategy,1,2041,NATURAL_GAS_BLOCK,SOCIAL_HOUSING,0,0,0,98889,0.0,0.0,0.0,0.0,0.0,MEDIUM,MEDIUM,MEDIUM,5,POLICY_BASED,COST_BASED,false,false
6,policy_driven_dh_strategy,1,2042,NATURAL_GAS_BLOCK,SOCIAL_HOUSING,0,0,0,98889,0.0,0.0,0.0,0.0,0.0,MEDIUM,MEDIUM,MEDIUM,5,POLICY_BASED,COST_BASED,false,false
6,policy_driven_dh_strategy,1,2043,NATURAL_GAS_BLOCK,SOCIAL_HOUSING,0,0,0,98889,0.0,0.0,0.0,0.0,0.0,MEDIUM,MEDIUM,MEDIUM,5,POLICY_BASED,COST_BASED,false,false
6,policy_driven_dh_strategy,1,2044,NATURAL_GAS_BLOCK,SOCIAL_HOUSING,0,0,0,98889,0.0,0.0,0.0,0.0,0.0,MEDIUM,MEDIUM,MEDIUM,5,POLICY_BASED,COST_BASED,false,false
6,policy_driven_dh_strategy,1,2045,NATURAL_GAS_BLOCK,SOCIAL_HOUSING,0,0,0,98889,0.0,0.0,0.0,0.0,0.0,MEDIUM,MEDIUM,MEDIUM,5,POLICY_BASED,COST_BASED,false,false
6,policy_driven_dh_strategy,1,2046,NATURAL_GAS_BLOCK,SOCIAL_HOUSING,0,0,0,98889,0.0,0.0,0.0,0.0,0.0,MEDIUM,MEDIUM,MEDIUM,5,POLICY_BASED,COST_BASED,false,false
6,policy_driven_dh_strategy,1,2047,NATURAL_GAS_BLOCK,SOCIAL_HOUSING,0,0,0,98889,0.0,0.0,0.0,0.0,0.0,MEDIUM,MEDIUM,MEDIUM,5,POLICY_BASED,COST_BASED,false,false
6,policy_driven_dh_strategy,1,2048,NATURAL_GAS_BLOCK,SOCIAL_HOUSING,0,0,0,98889,0.0,0.0,0.0,0.0,0.0,MEDIUM,MEDIUM,MEDIUM,5,POLICY_BASED,COST_BASED,false,false
6,policy_driven_dh_strategy,1,2049,NATURAL_GAS_BLOCK,SOCIAL_HOUSING,0,0,0,98889,0.0,0.0,0.0,0.0,0.0,MEDIUM,MEDIUM,MEDIUM,5,POLICY_BASED,COST_BASED,false,false
6,policy_driven_dh_strategy,1,2050,NATURAL_GAS_BLOCK,SOCIAL_HOUSING,0,0,0,98889,0.0,0.0,0.0,0.0,0.0,MEDIUM,MEDIUM,MEDIUM,5,POLICY_BASED,COST_BASED,false,false
6,policy_driven_dh_strategy,1,2024,NATURAL_GAS_BLOCK,PRIVATELY_RENTED,89324,89324,0,89324,0.0,0.0,0.0,0.0,0.0,MEDIUM,MEDIUM,MEDIUM,5,POLICY_BASED,COST_BASED,false,false
6,policy_driven_dh_strategy,1,2025,NATURAL_GAS_BLOCK,PRIVATELY_RENTED,77265,0,12059,89324,0.0,0.0,0.0,0.0,0.0,MEDIUM,MEDIUM,MEDIUM,5,POLICY_BASED,COST_BASED,false,false
6,policy_driven_dh_strategy,1,2026,NATURAL_GAS_BLOCK,PRIVATELY_RENTED,69843,0,7422,89324,0.0,0.0,0.0,0.0,0.0,MEDIUM,MEDIUM,MEDIUM,5,POLICY_BASED,COST_BASED,false,false
6,policy_driven_dh_strategy,1,2027,NATURAL_GAS_BLOCK,PRIVATELY_RENTED,62909,0,6934,89324,0.0,0.0,0.0,0.0,0.0,MEDIUM,MEDIUM,MEDIUM,5,POLICY_BASED,COST_BASED,false,false
6,policy_driven_dh_strategy,1,2028,NATURAL_GAS_BLOCK,PRIVATELY_RENTED,55858,0,7051,89324,0.0,0.0,0.0,0.0,0.0,MEDIUM,MEDIUM,MEDIUM,5,POLICY_BASED,COST_BASED,false,false
6,policy_driven_dh_strategy,1,2029,NATURAL_GAS_BLOCK,PRIVATELY_RENTED,49026,0,6832,89324,0.0,0.0,0.0,0.0,0.0,MEDIUM,MEDIUM,MEDIUM,5,POLICY_BASED,COST_BASED,false,false
6,policy_driven_dh_strategy,1,2030,NATURAL_GAS_BLOCK,PRIVATELY_RENTED,42144,0,6882,89324,0.0,0.0,0.0,0.0,0.0,MEDIUM,MEDIUM,MEDIUM,5,POLICY_BASED,COST_BASED,false,false
6,policy_driven_dh_strategy,1,2031,NATURAL_GAS_BLOCK,PRIVATELY_RENTED,35388,0,6756,89324,0.0,0.0,0.0,0.0,0.0,MEDIUM,MEDIUM,MEDIUM,5,POLICY_BASED,COST_BASED,false,false
6,policy_driven_dh_strategy,1,2032,NATURAL_GAS_BLOCK,PRIVATELY_RENTED,28330,0,7058,89324,0.0,0.0,0.0,0.0,0.0,MEDIUM,MEDIUM,MEDIUM,5,POLICY_BASED,COST_BASED,false,false
6,policy_driven_dh_strategy,1,2033,NATURAL_GAS_BLOCK,PRIVATELY_RENTED,20177,0,8153,89324,0.0,0.0,0.0,0.0,0.0,MEDIUM,MEDIUM,MEDIUM,5,POLICY_BASED,COST_BASED,false,false
6,policy_driven_dh_strategy,1,2034,NATURAL_GAS_BLOCK,PRIVATELY_RENTED,12342,0,7835,89324,0.0,0.0,0.0,0.0,0.0,MEDIUM,MEDIUM,MEDIUM,5,POLICY_BASED,COST_BASED,false,false
6,policy_driven_dh_strategy,1,2035,NATURAL_GAS_BLOCK,PRIVATELY_RENTED,4855,0,7487,89324,0.0,0.0,0.0,0.0,0.0,MEDIUM,MEDIUM,MEDIUM,5,POLICY_BASED,COST_BASED,false,false
6,policy_driven_dh_strategy,1,2036,NATURAL_GAS_BLOCK,PRIVATELY_RENTED,1,1,4855,89325,0.0,0.0,0.0,0.0,0.0,MEDIUM,MEDIUM,MEDIUM,5,POLICY_BASED,COST_BASED,false,false
6,policy_driven_dh_strategy,1,2037,NATURAL_GAS_BLOCK,PRIVATELY_RENTED,2,1,0,89326,0.0,0.0,0.0,0.0,0.0,MEDIUM,MEDIUM,MEDIUM,5,POLICY_BASED,COST_BASED,false,false
6,policy_driven_dh_strategy,1,2038,NATURAL_GAS_BLOCK,PRIVATELY_RENTED,3,1,0,89327,0.0,0.0,0.0,0.0,0.0,MEDIUM,MEDIUM,MEDIUM,5,POLICY_BASED,COST_BASED,false,false
6,policy_driven_dh_strategy,1,2039,NATURAL_GAS_BLOCK,PRIVATELY_RENTED,3,0,0,89327,0.0,0.0,0.0,0.0,0.0,MEDIUM,MEDIUM,MEDIUM,5,POLICY_BASED,COST_BASED,false,false
6,policy_driven_dh_strategy,1,2040,NATURAL_GAS_BLOCK,PRIVATELY_RENTED,3,0,0,89327,0.0,0.0,0.0,0.0,0.0,MEDIUM,MEDIUM,MEDIUM,5,POLICY_BASED,COST_BASED,false,false
6,policy_driven_dh_strategy,1,2041,NATURAL_GAS_BLOCK,PRIVATELY_RENTED,3,0,0,89327,0.0,0.0,0.0,0.0,0.0,MEDIUM,MEDIUM,MEDIUM,5,POLICY_BASED,COST_BASED,false,false
6,policy_driven_dh_strategy,1,2042,NATURAL_GAS_BLOCK,PRIVATELY_RENTED,3,0,0,89327,0.0,0.0,0.0,0.0,0.0,MEDIUM,MEDIUM,MEDIUM,5,POLICY_BASED,COST_BASED,false,false
6,policy_driven_dh_strategy,1,2043,NATURAL_GAS_BLOCK,PRIVATELY_RENTED,3,0,0,89327,0.0,0.0,0.0,0.0,0.0,MEDIUM,MEDIUM,MEDIUM,5,POLICY_BASED,COST_BASED,false,false
6,policy_driven_dh_strategy,1,2044,NATURAL_GAS_BLOCK,PRIVATELY_RENTED,3,0,0,89327,0.0,0.0,0.0,0.0,0.0,MEDIUM,MEDIUM,MEDIUM,5,POLICY_BASED,COST_BASED,false,false
6,policy_driven_dh_strategy,1,2045,NATURAL_GAS_BLOCK,PRIVATELY_RENTED,3,0,0,89327,0.0,0.0,0.0,0.0,0.0,MEDIUM,MEDIUM,MEDIUM,5,POLICY_BASED,COST_BASED,false,false
6,policy_driven_dh_strategy,1,2046,NATURAL_GAS_BLOCK,PRIVATELY_RENTED,3,0,0,89327,0.0,0.0,0.0,0.0,0.0,MEDIUM,MEDIUM,MEDIUM,5,POLICY_BASED,COST_BASED,false,false
6,policy_driven_dh_strategy,1,2047,NATURAL_GAS_BLOCK,PRIVATELY_RENTED,3,0,0,89327,0.0,0.0,0.0,0.0,0.0,MEDIUM,MEDIUM,MEDIUM,5,POLICY_BASED,COST_BASED,false,false
6,policy_driven_dh_strategy,1,2048,NATURAL_GAS_BLOCK,PRIVATELY_RENTED,3,1,1,89328,0.0,0.0,0.0,0.0,0.0,MEDIUM,MEDIUM,MEDIUM,5,POLICY_BASED,COST_BASED,false,false
6,policy_driven_dh_strategy,1,2049,NATURAL_GAS_BLOCK,PRIVATELY_RENTED,3,1,1,89329,0.0,0.0,0.0,0.0,0.0,MEDIUM,MEDIUM,MEDIUM,5,POLICY_BASED,COST_BASED,false,false
6,policy_driven_dh_strategy,1,2050,NATURAL_GAS_BLOCK,PRIVATELY_RENTED,3,1,1,89330,0.0,0.0,0.0,0.0,0.0,MEDIUM,MEDIUM,MEDIUM,5,POLICY_BASED,COST_BASED,false,false
6,policy_driven_dh_strategy,1,2024,DISTRICT_HEATING,TOTAL,572860,572860,0,572860,0.0,0.0,0.0,0.0,0.0,MEDIUM,MEDIUM,MEDIUM,5,POLICY_BASED,COST_BASED,false,false
6,policy_driven_dh_strategy,1,2025,DISTRICT_HEATING,TOTAL,455300,60548,178108,633408,0.6679099297677952,0.651962018156174,0.12957345375402496,1468.475683629684,0.646646047618963,MEDIUM,MEDIUM,MEDIUM,5,POLICY_BASED,COST_BASED,false,false
6,policy_driven_dh_strategy,1,2026,DISTRICT_HEATING,TOTAL,488820,45992,12472,679400,0.591529626418658,0.5753484793165977,0.12022609809384459,1322.4375777435687,0.5699547636159149,MEDIUM,MEDIUM,MEDIUM,5,POLICY_BASED,COST_BASED,false,false
6,policy_driven_dh_strategy,1,2027,DISTRICT_HEATING,TOTAL,530366,56645,15099,736045,0.5850487953047984,0.5705829566672016,0.11642210863284978,1328.7327491657657,0.5657610104546645,MEDIUM,MEDIUM,MEDIUM,5,POLICY_BASED,COST_BASED,false,false
6,policy_driven_dh_strategy,1,2028,DISTRICT_HEATING,TOTAL,575447,59203,14122,795248,0.5590372051113708,0.5397031427016861,0.11048706001505536,1291.428126094186,0.5332584552317935,MEDIUM,MEDIUM,MEDIUM,5,POLICY_BASED,COST_BASED,false,false
6,policy_driven_dh_strategy,1,2029,DISTRICT_HEATING,TOTAL,630439,69099,14107,864347,0.5642379520355822,0.5391777801923298,0.10258505615729678,1343.5582878218947,0.5308243895779187,MEDIUM,MEDIUM,MEDIUM,5,POLICY_BASED,COST_BASED,false,false
6,policy_driven_dh_strategy,1,2030,DISTRICT_HEATING,TOTAL,693343,79266,16362,943613,0.565762077686805,0.5384258960089442,0.10245551139242542,1351.5464498657182,0.5293138354496689,MEDIUM,MEDIUM,MEDIUM,5,POLICY_BASED,COST_BASED,false,false
6,policy_driven_dh_strategy,1,2031,DISTRICT_HEATING,TOTAL,764729,88946,17560,1032559,0.5697224042106702,0.542244633575802,0.10565222190253337,1369.2707962615148,0.5330853766975107,MEDIUM,MEDIUM,MEDIUM,5,POLICY_BASED,COST_BASED,false,false
6,policy_driven_dh_strategy,1,2032,DISTRICT_HEATING,TOTAL,845930,96218,15017,1128777,0.5685331593943993,0.5396735937803974,0.10715615870219,1375.0339541175435,0.5300537385757315,MEDIUM,MEDIUM,MEDIUM,5,POLICY_BASED,COST_BASED,false,false
6,policy_driven_dh_strategy,1,2033,DISTRICT_HEATING,TOTAL,935375,104311,14866,1233088,0.5727466875076015,0.5434820412698218,0.11533379252076732,1394.060520834428,0.533727159190569,MEDIUM,MEDIUM,MEDIUM,5,POLICY_BASED,COST_BASED,false,false
6,policy_driven_dh_strategy,1,2034,DISTRICT_HEATING,TOTAL,1045353,124327,14349,1357415,0.5963921921415845,0.5685348979086786,0.13081629541199935,1414.023576462553,0.5592491331643668,MEDIUM,MEDIUM,MEDIUM,5,POLICY_BASED,COST_BASED,false,false
6,policy_driven_dh_strategy,1,2035,DISTRICT_HEATING,TOTAL,1152049,120572,13876,1477987,0.5804571411068503,0.5497032390058652,0.1362915927705812,1386.735432612864,0.5394519383055322,MEDIUM,MEDIUM,MEDIUM,5,POLICY_BASED,COST_BASED,false,false
6,policy_driven_dh_strategy,1,2036,DISTRICT_HEATING,TOTAL,1225801,88028,14276,1566015,0.5274988168570681,0.5005135348273965,0.13331035359529678,1293.3138230199122,0.4915184408174932,MEDIUM,MEDIUM,MEDIUM,5,POLICY_BASED,COST_BASED,false,false
6,policy_driven_dh_strategy,1,2037,DISTRICT_HEATING,TOTAL,1225520,14577,14858,1580592,0.5081902968984925,0.49110210364778123,0.15530021212835035,1099.8848450755759,0.4854060392308695,MEDIUM,MEDIUM,MEDIUM,5,POLICY_BASED,COST_BASED,false,false
6,policy_driven_dh_strategy,1,2038,DISTRICT_HEATING,TOTAL,1224330,13364,14554,1593956,0.4955773303099707,0.47658477180022263,0.14690923783657675,1098.404070027338,0.47025391896364,MEDIUM,MEDIUM,MEDIUM,5,POLICY_BASED,COST_BASED,false,false
6,policy_driven_dh_strategy,1,2039,DISTRICT_HEATING,TOTAL,1221629,11147,13848,1605103,0.5173758787328906,0.4964767225995124,0.15930178716285823,1201.369385021429,0.48951033722171644,MEDIUM,MEDIUM,MEDIUM,5,POLICY_BASED,COST_BASED,false,false
6,policy_driven_dh_strategy,1,2040,DISTRICT_HEATING,TOTAL,1216945,8836,13520,1613939,0.6418428628380208,0.610009232595124,0.14277839761305047,1670.1232861163387,0.5993980225141861,MEDIUM,MEDIUM,MEDIUM,5,POLICY_BASED,COST_BASED,false,false
6,policy_driven_dh_strategy,1,2041,DISTRICT_HEATING,TOTAL,1212618,8839,13166,1622778,0.6286128888561991,0.6052542648373728,0.1397760880983876,1632.7851044480976,0.5974680568310884,MEDIUM,MEDIUM,MEDIUM,5,POLICY_BASED,COST_BASED,false,false
6,policy_driven_dh_strategy,1,2042,DISTRICT_HEATING,TOTAL,1209206,8283,11695,1631061,0.6430501131041156,0.6150871305136787,0.13973065297396142,1675.5848332573769,0.6057661363168845,MEDIUM,MEDIUM,MEDIUM,5,POLICY_BASED,COST_BASED,false,false
6,policy_driven_dh_strategy,1,2043,DISTRICT_HEATING,TOTAL,1205362,7608,11452,1638669,0.6344202345126658,0.6105141209859026,0.13778818418809993,1655.3634881276175,0.6025454164769818,MEDIUM,MEDIUM,MEDIUM,5,POLICY_BASED,COST_BASED,false,false
6,policy_driven_dh_strategy,1,2044,DISTRICT_HEATING,TOTAL,1202430,7179,10111,1645848,0.6389259083747945,0.6092641856167378,0.1364619970448382,1680.2822152207448,0.5993769446973731,MEDIUM,MEDIUM,MEDIUM,5,POLICY_BASED,COST_BASED,false,false
6,policy_driven_dh_strategy,1,2045,DISTRICT_HEATING,TOTAL,1198566,6994,10858,1652842,0.6451363989450234,0.6139824491115982,0.137086057622039,1701.7170837374656,0.6035977991671293,MEDIUM,MEDIUM,MEDIUM,5,POLICY_BASED,COST_BASED,false,false
6,policy_driven_dh_strategy,1,2046,DISTRICT_HEATING,TOTAL,1194759,8186,11993,1661028,0.6384077399458032,0.6088534003147889,0.13429731275888698,1689.72348254793,0.5990019537711122,MEDIUM,MEDIUM,MEDIUM,5,POLICY_BASED,COST_BASED,false,false
6,policy_driven_dh_strategy,1,2047,DISTRICT_HEATING,TOTAL,1189789,9045,14015,1670073,0.639920795839949,0.6109759519308906,0.1335572650622237,1695.3771763282327,0.6013276706278365,MEDIUM,MEDIUM,MEDIUM,5,POLICY_BASED,COST_BASED,false,false
6,policy_driven_dh_strategy,1,2048,DISTRICT_HEATING,TOTAL,1184910,8084,12963,1678157,0.6210169689361013,0.5938595158245099,0.1280640569141461,1653.228543266967,0.5848070314539963,MEDIUM,MEDIUM,MEDIUM,5,POLICY_BASED,COST_BASED,false,false
6,policy_driven_dh_strategy,1,2049,DISTRICT_HEATING,TOTAL,1180799,10051,14162,1688208,0.6473789484276642,0.6245959685861868,0.13338080618757275,1689.199744671439,0.6170016419723409,MEDIUM,MEDIUM,MEDIUM,5,POLICY_BASED,COST_BASED,false,false
6,policy_driven_dh_strategy,1,2050,DISTRICT_HEATING,TOTAL,1175629,9319,14489,1697527,0.6283151784591501,0.6015565105983268,0.12662584229195284,1641.8480675773287,0.5926369546447329,MEDIUM,MEDIUM,MEDIUM,5,POLICY_BASED,COST_BASED,false,false
6,policy_driven_dh_strategy,1,2024,DISTRICT_HEATING,PRIVATELY_OWNED,317560,317560,0,317560,0.0,0.0,0.0,0.0,0.0,MEDIUM,MEDIUM,MEDIUM,5,POLICY_BASED,COST_BASED,false,false
6,policy_driven_dh_strategy,1,2025,DISTRICT_HEATING,PRIVATELY_OWNED,358723,52829,11666,370389,0.7655002068481414,0.7472220991372167,0.14850581078382524,1683.0389689831363,0.741129396566904,MEDIUM,MEDIUM,MEDIUM,5,POLICY_BASED,COST_BASED,false,false
6,policy_driven_dh_strategy,1,2026,DISTRICT_HEATING,PRIVATELY_OWNED,384393,35525,9855,405914,0.7658164835537487,0.7448677624413501,0.1556492245892217,1712.0773842528417,0.737884855403889,MEDIUM,MEDIUM,MEDIUM,5,POLICY_BASED,COST_BASED,false,false
6,policy_driven_dh_strategy,1,2027,DISTRICT_HEATING,PRIVATELY_OWNED,415242,43325,12476,449239,0.7649183845364179,0.7460051143776949,0.15221535703422448,1737.2433139410225,0.7397006909914478,MEDIUM,MEDIUM,MEDIUM,5,POLICY_BASED,COST_BASED,false,false
6,policy_driven_dh_strategy,1,2028,DISTRICT_HEATING,PRIVATELY_OWNED,446883,43254,11613,492493,0.7651703808713295,0.7387072908255403,0.15122683252580854,1767.6150032171379,0.7298862608102804,MEDIUM,MEDIUM,MEDIUM,5,POLICY_BASED,COST_BASED,false,false
6,policy_driven_dh_strategy,1,2029,DISTRICT_HEATING,PRIVATELY_OWNED,486160,50931,11654,543424,0.7655117364219571,0.7315121523926449,0.13917898324032613,1822.8295955352362,0.720178957716216,MEDIUM,MEDIUM,MEDIUM,5,POLICY_BASED,COST_BASED,false,false
6,policy_driven_dh_strategy,1,2030,DISTRICT_HEATING,PRIVATELY_OWNED,531188,58560,13532,601984,0.7658076647869243,0.7288057901817788,0.13868235256202174,1829.4344415139349,0.7164718319800796,MEDIUM,MEDIUM,MEDIUM,5,POLICY_BASED,COST_BASED,false,false
6,policy_driven_dh_strategy,1,2031,DISTRICT_HEATING,PRIVATELY_OWNED,582662,66167,14693,668151,0.7658580404872863,0.728920627775678,0.14202461241015513,1840.663174154438,0.7166081568718059,MEDIUM,MEDIUM,MEDIUM,5,POLICY_BASED,COST_BASED,false,false
6,policy_driven_dh_strategy,1,2032,DISTRICT_HEATING,PRIVATELY_OWNED,642149,71476,11989,739627,0.765335546625585,0.7264860071403306,0.14424913646548937,1851.013165220239,0.7135361606452477,MEDIUM,MEDIUM,MEDIUM,5,POLICY_BASED,COST_BASED,false,false
6,policy_driven_dh_strategy,1,2033,DISTRICT_HEATING,PRIVATELY_OWNED,708281,78046,11914,817673,0.7654944484099816,0.7263813034222942,0.15414733915426493,1863.2069162898806,0.7133435884264081,MEDIUM,MEDIUM,MEDIUM,5,POLICY_BASED,COST_BASED,false,false
6,policy_driven_dh_strategy,1,2034,DISTRICT_HEATING,PRIVATELY_OWNED,793640,96805,11446,914478,0.7659485777840688,0.7301713573915839,0.16800782562561484,1816.035423695675,0.718245617260743,MEDIUM,MEDIUM,MEDIUM,5,POLICY_BASED,COST_BASED,false,false
6,policy_driven_dh_strategy,1,2035,DISTRICT_HEATING,PRIVATELY_OWNED,874615,91417,10442,1005895,0.7655783762050292,0.7250163419650083,0.17975814042830673,1828.9975013509331,0.7114956638849954,MEDIUM,MEDIUM,MEDIUM,5,POLICY_BASED,COST_BASED,false,false
6,policy_driven_dh_strategy,1,2036,DISTRICT_HEATING,PRIVATELY_OWNED,924620,60647,10642,1066542,0.7656547867214206,0.726486148429206,0.1934975152321926,1877.2211191451652,0.713429935665116,MEDIUM,MEDIUM,MEDIUM,5,POLICY_BASED,COST_BASED,false,false
6,policy_driven_dh_strategy,1,2037,DISTRICT_HEATING,PRIVATELY_OWNED,923138,9663,11145,1076205,0.7666242324215383,0.7408460483156066,0.2342762281066918,1659.2177777777779,0.732253320280284,MEDIUM,MEDIUM,MEDIUM,5,POLICY_BASED,COST_BASED,false,false
6,policy_driven_dh_strategy,1,2038,DISTRICT_HEATING,PRIVATELY_OWNED,921267,8642,10513,1084847,0.7663614258577237,0.7369913087639638,0.22718063578431055,1698.5734774178832,0.7272012697327106,MEDIUM,MEDIUM,MEDIUM,5,POLICY_BASED,COST_BASED,false,false
6,policy_driven_dh_strategy,1,2039,DISTRICT_HEATING,PRIVATELY_OWNED,919047,7525,9745,1092372,0.7664038432206687,0.7354453191783076,0.2359783417281569,1779.6231939978563,0.7251258111641825,MEDIUM,MEDIUM,MEDIUM,5,POLICY_BASED,COST_BASED,false,false
6,policy_driven_dh_strategy,1,2040,DISTRICT_HEATING,PRIVATELY_OWNED,916840,7494,9701,1099866,0.7567818969891583,0.7192476086483207,0.16834666684132826,1969.2032767712797,0.7067361792014075,MEDIUM,MEDIUM,MEDIUM,5,POLICY_BASED,COST_BASED,false,false
6,policy_driven_dh_strategy,1,2041,DISTRICT_HEATING,PRIVATELY_OWNED,915281,7347,8906,1107213,0.7562691336055457,0.7281669316588455,0.1681612689127056,1964.3647118846786,0.7187995310099347,MEDIUM,MEDIUM,MEDIUM,5,POLICY_BASED,COST_BASED,false,false
6,policy_driven_dh_strategy,1,2042,DISTRICT_HEATING,PRIVATELY_OWNED,913952,7050,8379,1114263,0.7555154733108355,0.7226619435524541,0.16416865228132235,1968.6339253717522,0.711710766966348,MEDIUM,MEDIUM,MEDIUM,5,POLICY_BASED,COST_BASED,false,false
6,policy_driven_dh_strategy,1,2043,DISTRICT_HEATING,PRIVATELY_OWNED,912270,6396,8078,1120659,0.7546387029662854,0.7262025379081843,0.16389814029128585,1969.0439990110872,0.716723816222151,MEDIUM,MEDIUM,MEDIUM,5,POLICY_BASED,COST_BASED,false,false
6,policy_driven_dh_strategy,1,2044,DISTRICT_HEATING,PRIVATELY_OWNED,910856,6096,7510,1126755,0.7524358753646079,0.717504525679554,0.16070549159857175,1978.7969197949026,0.705860742451188,MEDIUM,MEDIUM,MEDIUM,5,POLICY_BASED,COST_BASED,false,false
6,policy_driven_dh_strategy,1,2045,DISTRICT_HEATING,PRIVATELY_OWNED,908631,6007,8232,1132762,0.7511376684237546,0.714864865837609,0.15961043565982033,1981.3233367171358,0.7027739316422345,MEDIUM,MEDIUM,MEDIUM,5,POLICY_BASED,COST_BASED,false,false
6,policy_driven_dh_strategy,1,2046,DISTRICT_HEATING,PRIVATELY_OWNED,906622,6969,8978,1139731,0.7498932069445179,0.715177778013612,0.15774972051144337,1984.800750199075,0.7036059683699706,MEDIUM,MEDIUM,MEDIUM,5,POLICY_BASED,COST_BASED,false,false
6,policy_driven_dh_strategy,1,2047,DISTRICT_HEATING,PRIVATELY_OWNED,903944,7737,10415,1147468,0.7481043813328601,0.7142661865341741,0.15613615903939684,1981.99386841009,0.7029867882679051,MEDIUM,MEDIUM,MEDIUM,5,POLICY_BASED,COST_BASED,false,false
6,policy_driven_dh_strategy,1,2048,DISTRICT_HEATING,PRIVATELY_OWNED,901157,6720,9507,1154188,0.7470686275118218,0.7143988580246039,0.15405801132350552,1988.794574965798,0.7035089348622181,MEDIUM,MEDIUM,MEDIUM,5,POLICY_BASED,COST_BASED,false,false
6,policy_driven_dh_strategy,1,2049,DISTRICT_HEATING,PRIVATELY_OWNED,899027,8743,10873,1162931,0.7442303340554104,0.7180388974333483,0.1533352948634672,1941.913145795795,0.7093084185593044,MEDIUM,MEDIUM,MEDIUM,5,POLICY_BASED,COST_BASED,false,false
6,policy_driven_dh_strategy,1,2050,DISTRICT_HEATING,PRIVATELY_OWNED,896182,7856,10701,1170787,0.7453244842236278,0.7135826275796597,0.15020700411388854,1947.6046514451534,0.7030020086983535,MEDIUM,MEDIUM,MEDIUM,5,POLICY_BASED,COST_BASED,false,false
6,policy_driven_dh_strategy,1,2024,DISTRICT_HEATING,SOCIAL_HOUSING,164030,164030,0,164030,0.0,0.0,0.0,0.0,0.0,MEDIUM,MEDIUM,MEDIUM,5,POLICY_BASED,COST_BASED,false,false
6,policy_driven_dh_strategy,1,2025,DISTRICT_HEATING,SOCIAL_HOUSING,260,0,163770,164030,0.0,0.0,0.0,0.0,0.0,MEDIUM,MEDIUM,MEDIUM,5,POLICY_BASED,COST_BASED,false,false
6,policy_driven_dh_strategy,1,2026,DISTRICT_HEATING,SOCIAL_HOUSING,57,0,203,164030,0.0,0.0,0.0,0.0,0.0,MEDIUM,MEDIUM,MEDIUM,5,POLICY_BASED,COST_BASED,false,false
6,policy_driven_dh_strategy,1,2027,DISTRICT_HEATING,SOCIAL_HOUSING,6,0,51,164030,0.0,0.0,0.0,0.0,0.0,MEDIUM,MEDIUM,MEDIUM,5,POLICY_BASED,COST_BASED,false,false
6,policy_driven_dh_strategy,1,2028,DISTRICT_HEATING,SOCIAL_HOUSING,2,0,4,164030,0.0,0.0,0.0,0.0,0.0,MEDIUM,MEDIUM,MEDIUM,5,POLICY_BASED,COST_BASED,false,false
6,policy_driven_dh_strategy,1,2029,DISTRICT_HEATING,SOCIAL_HOUSING,2,0,0,164030,0.0,0.0,0.0,0.0,0.0,MEDIUM,MEDIUM,MEDIUM,5,POLICY_BASED,COST_BASED,false,false
6,policy_driven_dh_strategy,1,2030,DISTRICT_HEATING,SOCIAL_HOUSING,2,0,0,164030,0.0,0.0,0.0,0.0,0.0,MEDIUM,MEDIUM,MEDIUM,5,POLICY_BASED,COST_BASED,false,false
6,policy_driven_dh_strategy,1,2031,DISTRICT_HEATING,SOCIAL_HOUSING,2,0,0,164030,0.0,0.0,0.0,0.0,0.0,MEDIUM,MEDIUM,MEDIUM,5,POLICY_BASED,COST_BASED,false,false
6,policy_driven_dh_strategy,1,2032,DISTRICT_HEATING,SOCIAL_HOUSING,2,0,0,164030,0.0,0.0,0.0,0.0,0.0,MEDIUM,MEDIUM,MEDIUM,5,POLICY_BASED,COST_BASED,false,false
6,policy_driven_dh_strategy,1,2033,DISTRICT_HEATING,SOCIAL_HOUSING,2,0,0,164030,0.0,0.0,0.0,0.0,0.0,MEDIUM,MEDIUM,MEDIUM,5,POLICY_BASED,COST_BASED,false,false
6,policy_driven_dh_strategy,1,2034,DISTRICT_HEATING,SOCIAL_HOUSING,2,0,0,164030,0.0,0.0,0.0,0.0,0.0,MEDIUM,MEDIUM,MEDIUM,5,POLICY_BASED,COST_BASED,false,false
6,policy_driven_dh_strategy,1,2035,DISTRICT_HEATING,SOCIAL_HOUSING,2,0,0,164030,0.0,0.0,0.0,0.0,0.0,MEDIUM,MEDIUM,MEDIUM,5,POLICY_BASED,COST_BASED,false,false
6,policy_driven_dh_strategy,1,2036,DISTRICT_HEATING,SOCIAL_HOUSING,2,0,0,164030,0.0,0.0,0.0,0.0,0.0,MEDIUM,MEDIUM,MEDIUM,5,POLICY_BASED,COST_BASED,false,false
6,policy_driven_dh_strategy,1,2037,DISTRICT_HEATING,SOCIAL_HOUSING,2,0,0,164030,0.0,0.0,0.0,0.0,0.0,MEDIUM,MEDIUM,MEDIUM,5,POLICY_BASED,COST_BASED,false,false
6,policy_driven_dh_strategy,1,2038,DISTRICT_HEATING,SOCIAL_HOUSING,2,0,0,164030,0.0,0.0,0.0,0.0,0.0,MEDIUM,MEDIUM,MEDIUM,5,POLICY_BASED,COST_BASED,false,false
6,policy_driven_dh_strategy,1,2039,DISTRICT_HEATING,SOCIAL_HOUSING,2,0,0,164030,0.0,0.0,0.0,0.0,0.0,MEDIUM,MEDIUM,MEDIUM,5,POLICY_BASED,COST_BASED,false,false
6,policy_driven_dh_strategy,1,2040,DISTRICT_HEATING,SOCIAL_HOUSING,2,0,0,164030,0.0,0.0,0.0,0.0,0.0,MEDIUM,MEDIUM,MEDIUM,5,POLICY_BASED,COST_BASED,false,false
6,policy_driven_dh_strategy,1,2041,DISTRICT_HEATING,SOCIAL_HOUSING,1,0,1,164030,0.0,0.0,0.0,0.0,0.0,MEDIUM,MEDIUM,MEDIUM,5,POLICY_BASED,COST_BASED,false,false
6,policy_driven_dh_strategy,1,2042,DISTRICT_HEATING,SOCIAL_HOUSING,1,0,0,164030,0.0,0.0,0.0,0.0,0.0,MEDIUM,MEDIUM,MEDIUM,5,POLICY_BASED,COST_BASED,false,false
6,policy_driven_dh_strategy,1,2043,DISTRICT_HEATING,SOCIAL_HOUSING,1,0,0,164030,0.0,0.0,0.0,0.0,0.0,MEDIUM,MEDIUM,MEDIUM,5,POLICY_BASED,COST_BASED,false,false
6,policy_driven_dh_strategy,1,2044,DISTRICT_HEATING,SOCIAL_HOUSING,1,0,0,164030,0.0,0.0,0.0,0.0,0.0,MEDIUM,MEDIUM,MEDIUM,5,POLICY_BASED,COST_BASED,false,false
6,policy_driven_dh_strategy,1,2045,DISTRICT_HEATING,SOCIAL_HOUSING,1,0,0,164030,0.0,0.0,0.0,0.0,0.0,MEDIUM,MEDIUM,MEDIUM,5,POLICY_BASED,COST_BASED,false,false
6,policy_driven_dh_strategy,1,2046,DISTRICT_HEATING,SOCIAL_HOUSING,1,0,0,164030,0.0,0.0,0.0,0.0,0.0,MEDIUM,MEDIUM,MEDIUM,5,POLICY_BASED,COST_BASED,false,false
6,policy_driven_dh_strategy,1,2047,DISTRICT_HEATING,SOCIAL_HOUSING,1,0,0,164030,0.0,0.0,0.0,0.0,0.0,MEDIUM,MEDIUM,MEDIUM,5,POLICY_BASED,COST_BASED,false,false
6,policy_driven_dh_strategy,1,2048,DISTRICT_HEATING,SOCIAL_HOUSING,0,0,1,164030,0.0,0.0,0.0,0.0,0.0,MEDIUM,MEDIUM,MEDIUM,5,POLICY_BASED,COST_BASED,false,false
6,policy_driven_dh_strategy,1,2049,DISTRICT_HEATING,SOCIAL_HOUSING,0,0,0,164030,0.0,0.0,0.0,0.0,0.0,MEDIUM,MEDIUM,MEDIUM,5,POLICY_BASED,COST_BASED,false,false
6,policy_driven_dh_strategy,1,2050,DISTRICT_HEATING,SOCIAL_HOUSING,0,0,0,164030,0.0,0.0,0.0,0.0,0.0,MEDIUM,MEDIUM,MEDIUM,5,POLICY_BASED,COST_BASED,false,false
6,policy_driven_dh_strategy,1,2024,DISTRICT_HEATING,PRIVATELY_RENTED,91270,91270,0,91270,0.0,0.0,0.0,0.0,0.0,MEDIUM,MEDIUM,MEDIUM,5,POLICY_BASED,COST_BASED,false,false
6,policy_driven_dh_strategy,1,2025,DISTRICT_HEATING,PRIVATELY_RENTED,96317,7719,2672,98989,0.0,0.0,0.0,0.0,0.0,MEDIUM,MEDIUM,MEDIUM,5,POLICY_BASED,COST_BASED,false,false
6,policy_driven_dh_strategy,1,2026,DISTRICT_HEATING,PRIVATELY_RENTED,104370,10467,2414,109456,0.0,0.0,0.0,0.0,0.0,MEDIUM,MEDIUM,MEDIUM,5,POLICY_BASED,COST_BASED,false,false
6,policy_driven_dh_strategy,1,2027,DISTRICT_HEATING,PRIVATELY_RENTED,115118,13320,2572,122776,0.0,0.0,0.0,0.0,0.0,MEDIUM,MEDIUM,MEDIUM,5,POLICY_BASED,COST_BASED,false,false
6,policy_driven_dh_strategy,1,2028,DISTRICT_HEATING,PRIVATELY_RENTED,128562,15949,2505,138725,0.0,0.0,0.0,0.0,0.0,MEDIUM,MEDIUM,MEDIUM,5,POLICY_BASED,COST_BASED,false,false
6,policy_driven_dh_strategy,1,2029,DISTRICT_HEATING,PRIVATELY_RENTED,144277,18168,2453,156893,0.0,0.0,0.0,0.0,0.0,MEDIUM,MEDIUM,MEDIUM,5,POLICY_BASED,COST_BASED,false,false
6,policy_driven_dh_strategy,1,2030,DISTRICT_HEATING,PRIVATELY_RENTED,162153,20706,2830,177599,0.0,0.0,0.0,0.0,0.0,MEDIUM,MEDIUM,MEDIUM,5,POLICY_BASED,COST_BASED,false,false
6,policy_driven_dh_strategy,1,2031,DISTRICT_HEATING,PRIVATELY_RENTED,182065,22779,2867,200378,0.0,0.0,0.0,0.0,0.0,MEDIUM,MEDIUM,MEDIUM,5,POLICY_BASED,COST_BASED,false,false
6,policy_driven_dh_strategy,1,2032,DISTRICT_HEATING,PRIVATELY_RENTED,203779,24742,3028,225120,0.0,0.0,0.0,0.0,0.0,MEDIUM,MEDIUM,MEDIUM,5,POLICY_BASED,COST_BASED,false,false
6,policy_driven_dh_strategy,1,2033,DISTRICT_HEATING,PRIVATELY_RENTED,227092,26265,2952,251385,0.0,0.0,0.0,0.0,0.0,MEDIUM,MEDIUM,MEDIUM,5,POLICY_BASED,COST_BASED,false,false
6,policy_driven_dh_strategy,1,2034,DISTRICT_HEATING,PRIVATELY_RENTED,251711,27522,2903,278907,0.0,0.0,0.0,0.0,0.0,MEDIUM,MEDIUM,MEDIUM,5,POLICY_BASED,COST_BASED,false,false
6,policy_driven_dh_strategy,1,2035,DISTRICT_HEATING,PRIVATELY_RENTED,277432,29155,3434,308062,0.0,0.0,0.0,0.0,0.0,MEDIUM,MEDIUM,MEDIUM,5,POLICY_BASED,COST_BASED,false,false
6,policy_driven_dh_strategy,1,2036,DISTRICT_HEATING,PRIVATELY_RENTED,301179,27381,3634,335443,0.0,0.0,0.0,0.0,0.0,MEDIUM,MEDIUM,MEDIUM,5,POLICY_BASED,COST_BASED,false,false
6,policy_driven_dh_strategy,1,2037,DISTRICT_HEATING,PRIVATELY_RENTED,302380,4914,3713,340357,0.0,0.0,0.0,0.0,0.0,MEDIUM,MEDIUM,MEDIUM,5,POLICY_BASED,COST_BASED,false,false
6,policy_driven_dh_strategy,1,2038,DISTRICT_HEATING,PRIVATELY_RENTED,303061,4722,4041,345079,0.0,0.0,0.0,0.0,0.0,MEDIUM,MEDIUM,MEDIUM,5,POLICY_BASED,COST_BASED,false,false
6,policy_driven_dh_strategy,1,2039,DISTRICT_HEATING,PRIVATELY_RENTED,302580,3622,4103,348701,0.0,0.0,0.0,0.0,0.0,MEDIUM,MEDIUM,MEDIUM,5,POLICY_BASED,COST_BASED,false,false
6,policy_driven_dh_strategy,1,2040,DISTRICT_HEATING,PRIVATELY_RENTED,300103,1342,3819,350043,0.0,0.0,0.0,0.0,0.0,MEDIUM,MEDIUM,MEDIUM,5,POLICY_BASED,COST_BASED,false,false
6,policy_driven_dh_strategy,1,2041,DISTRICT_HEATING,PRIVATELY_RENTED,297336,1492,4259,351535,0.0,0.0,0.0,0.0,0.0,MEDIUM,MEDIUM,MEDIUM,5,POLICY_BASED,COST_BASED,false,false
6,policy_driven_dh_strategy,1,2042,DISTRICT_HEATING,PRIVATELY_RENTED,295253,1233,3316,352768,0.0,0.0,0.0,0.0,0.0,MEDIUM,MEDIUM,MEDIUM,5,POLICY_BASED,COST_BASED,false,false
6,policy_driven_dh_strategy,1,2043,DISTRICT_HEATING,PRIVATELY_RENTED,293091,1212,3374,353980,0.0,0.0,0.0,0.0,0.0,MEDIUM,MEDIUM,MEDIUM,5,POLICY_BASED,COST_BASED,false,false
6,policy_driven_dh_strategy,1,2044,DISTRICT_HEATING,PRIVATELY_RENTED,291573,1083,2601,355063,0.0,0.0,0.0,0.0,0.0,MEDIUM,MEDIUM,MEDIUM,5,POLICY_BASED,COST_BASED,false,false
6,policy_driven_dh_strategy,1,2045,DISTRICT_HEATING,PRIVATELY_RENTED,289934,987,2626,356050,0.0,0.0,0.0,0.0,0.0,MEDIUM,MEDIUM,MEDIUM,5,POLICY_BASED,COST_BASED,false,false
6,policy_driven_dh_strategy,1,2046,DISTRICT_HEATING,PRIVATELY_RENTED,288136,1217,3015,357267,0.0,0.0,0.0,0.0,0.0,MEDIUM,MEDIUM,MEDIUM,5,POLICY_BASED,COST_BASED,false,false
6,policy_driven_dh_strategy,1,2047,DISTRICT_HEATING,PRIVATELY_RENTED,285844,1308,3600,358575,0.0,0.0,0.0,0.0,0.0,MEDIUM,MEDIUM,MEDIUM,5,POLICY_BASED,COST_BASED,false,false
6,policy_driven_dh_strategy,1,2048,DISTRICT_HEATING,PRIVATELY_RENTED,283753,1364,3455,359939,0.0,0.0,0.0,0.0,0.0,MEDIUM,MEDIUM,MEDIUM,5,POLICY_BASED,COST_BASED,false,false
6,policy_driven_dh_strategy,1,2049,DISTRICT_HEATING,PRIVATELY_RENTED,281772,1308,3289,361247,0.0,0.0,0.0,0.0,0.0,MEDIUM,MEDIUM,MEDIUM,5,POLICY_BASED,COST_BASED,false,false
6,policy_driven_dh_strategy,1,2050,DISTRICT_HEATING,PRIVATELY_RENTED,279447,1463,3788,362710,0.0,0.0,0.0,0.0,0.0,MEDIUM,MEDIUM,MEDIUM,5,POLICY_BASED,COST_BASED,false,false
6,policy_driven_dh_strategy,1,2024,ELECTRIC_HEAT_PUMP,TOTAL,399495,399495,0,399495,0.0,0.0,0.0,0.0,0.0,MEDIUM,MEDIUM,MEDIUM,5,POLICY_BASED,COST_BASED,false,false
6,policy_driven_dh_strategy,1,2025,ELECTRIC_HEAT_PUMP,TOTAL,763943,404635,40187,804130,0.4618751430667678,0.4440387130676215,0.05057403710470411,1681.1086876019033,0.4380932364012546,MEDIUM,MEDIUM,MEDIUM,5,POLICY_BASED,COST_BASED,false,false
6,policy_driven_dh_strategy,1,2026,ELECTRIC_HEAT_PUMP,TOTAL,981502,240614,23055,1044744,0.4737308372004597,0.4563002699700545,0.07381119228587914,1663.8194616368296,0.45049008089323117,MEDIUM,MEDIUM,MEDIUM,5,POLICY_BASED,COST_BASED,false,false
6,policy_driven_dh_strategy,1,2027,ELECTRIC_HEAT_PUMP,TOTAL,1184728,226300,23074,1271044,0.47146501539823227,0.4536036820860053,0.08952082612984913,1616.1465012272301,0.4476499043152595,MEDIUM,MEDIUM,MEDIUM,5,POLICY_BASED,COST_BASED,false,false
6,policy_driven_dh_strategy,1,2028,ELECTRIC_HEAT_PUMP,TOTAL,1404374,242494,22848,1513538,0.4914000624910563,0.4770368339354121,0.11004687097599991,1652.4299365452532,0.47224909108360114,MEDIUM,MEDIUM,MEDIUM,5,POLICY_BASED,COST_BASED,false,false
6,policy_driven_dh_strategy,1,2029,ELECTRIC_HEAT_PUMP,TOTAL,1626342,244172,22204,1757710,0.5056690321896464,0.4901444894547504,0.13238624605389515,1675.7109489760235,0.4849696418764652,MEDIUM,MEDIUM,MEDIUM,5,POLICY_BASED,COST_BASED,false,false
6,policy_driven_dh_strategy,1,2030,ELECTRIC_HEAT_PUMP,TOTAL,1847246,243265,22361,2000975,0.5072893937688264,0.49259721278371427,0.1522087287157689,1651.574672912496,0.48769981912200877,MEDIUM,MEDIUM,MEDIUM,5,POLICY_BASED,COST_BASED,false,false
6,policy_driven_dh_strategy,1,2031,ELECTRIC_HEAT_PUMP,TOTAL,2064702,241544,24088,2242519,0.5103911200265013,0.49625030618002125,0.1726653409689674,1634.1053837785867,0.4915367015645376,MEDIUM,MEDIUM,MEDIUM,5,POLICY_BASED,COST_BASED,false,false
6,policy_driven_dh_strategy,1,2032,ELECTRIC_HEAT_PUMP,TOTAL,2282567,242835,24970,2485354,0.5130197177172998,0.49939266300599156,0.19297012846946163,1624.3362530171382,0.49485031143557145,MEDIUM,MEDIUM,MEDIUM,5,POLICY_BASED,COST_BASED,false,false
6,policy_driven_dh_strategy,1,2033,ELECTRIC_HEAT_PUMP,TOTAL,2491926,235496,26137,2720850,0.5156046980598281,0.5018591072398052,0.2132787790080816,1608.3732563242506,0.49727724363309855,MEDIUM,MEDIUM,MEDIUM,5,POLICY_BASED,COST_BASED,false,false
6,policy_driven_dh_strategy,1,2034,ELECTRIC_HEAT_PUMP,TOTAL,2710601,246742,28067,2967592,0.5356222578910492,0.5246858881756549,0.24213987650014093,1614.4938141404682,0.521040431603855,MEDIUM,MEDIUM,MEDIUM,5,POLICY_BASED,COST_BASED,false,false
6,policy_driven_dh_strategy,1,2035,ELECTRIC_HEAT_PUMP,TOTAL,2930104,248894,29391,3216486,0.5411520001141013,0.5315287510930171,0.2669098044507237,1610.6907097082033,0.5283210014193366,MEDIUM,MEDIUM,MEDIUM,5,POLICY_BASED,COST_BASED,false,false
6,policy_driven_dh_strategy,1,2036,ELECTRIC_HEAT_PUMP,TOTAL,3068240,169790,31654,3386276,0.5540094190577911,0.5492842116916397,0.29115975906258695,1586.9836030340962,0.5477091425695133,MEDIUM,MEDIUM,MEDIUM,5,POLICY_BASED,COST_BASED,false,false
6,policy_driven_dh_strategy,1,2037,ELECTRIC_HEAT_PUMP,TOTAL,3060607,28508,36141,3414784,0.5445782095120452,0.615761085604952,0.32309718410142035,1421.5785238838178,0.6394887109692443,MEDIUM,MEDIUM,MEDIUM,5,POLICY_BASED,COST_BASED,false,false
6,policy_driven_dh_strategy,1,2038,ELECTRIC_HEAT_PUMP,TOTAL,3054629,25327,31305,3440111,0.5510981801856242,0.5995187688891912,0.3133907514835745,1403.254459699375,0.6156589651237199,MEDIUM,MEDIUM,MEDIUM,5,POLICY_BASED,COST_BASED,false,false
6,policy_driven_dh_strategy,1,2039,ELECTRIC_HEAT_PUMP,TOTAL,3054964,14348,14013,3454459,0.47967846848504125,0.5332573920943845,0.2826741084621566,1359.618414557296,0.5511170332975048,MEDIUM,MEDIUM,MEDIUM,5,POLICY_BASED,COST_BASED,false,false
6,policy_driven_dh_strategy,1,2040,ELECTRIC_HEAT_PUMP,TOTAL,3061360,411031,404635,3865490,0.4671947366670759,0.47833844702575484,0.2485384873059242,1180.30517273605,0.4820530171452851,MEDIUM,MEDIUM,MEDIUM,5,POLICY_BASED,COST_BASED,false,false
6,policy_driven_dh_strategy,1,2041,ELECTRIC_HEAT_PUMP,TOTAL,3066796,246050,240614,4111540,0.4753909578368472,0.48947810134600755,0.253802112849215,1202.0915671092826,0.49417381584908066,MEDIUM,MEDIUM,MEDIUM,5,POLICY_BASED,COST_BASED,false,false
6,policy_driven_dh_strategy,1,2042,ELECTRIC_HEAT_PUMP,TOTAL,3074649,234153,226300,4345693,0.47829595979019507,0.4897678067007061,0.25562114526438445,1195.808579630983,0.49359175567085445,MEDIUM,MEDIUM,MEDIUM,5,POLICY_BASED,COST_BASED,false,false
6,policy_driven_dh_strategy,1,2043,ELECTRIC_HEAT_PUMP,TOTAL,3079383,247228,242494,4592921,0.49497589060588126,0.5115724420816712,0.2646140130608237,1223.887144046829,0.517104625906903,MEDIUM,MEDIUM,MEDIUM,5,POLICY_BASED,COST_BASED,false,false
6,policy_driven_dh_strategy,1,2044,ELECTRIC_HEAT_PUMP,TOTAL,3083950,248739,244172,4841660,0.5123474295188166,0.525658701760033,0.2734754674726943,1257.9229464383404,0.5300957925071006,MEDIUM,MEDIUM,MEDIUM,5,POLICY_BASED,COST_BASED,false,false
6,policy_driven_dh_strategy,1,2045,ELECTRIC_HEAT_PUMP,TOTAL,3088054,247369,243265,5089029,0.5142059469939679,0.5270029099093295,0.2742763994032595,1251.6087446396025,0.5312685642144498,MEDIUM,MEDIUM,MEDIUM,5,POLICY_BASED,COST_BASED,false,false
6,policy_driven_dh_strategy,1,2046,ELECTRIC_HEAT_PUMP,TOTAL,3093122,246612,241544,5335641,0.5180642431343349,0.531869744830932,0.27642872908308364,1248.4080969053039,0.536471578729793,MEDIUM,MEDIUM,MEDIUM,5,POLICY_BASED,COST_BASED,false,false
6,policy_driven_dh_strategy,1,2047,ELECTRIC_HEAT_PUMP,TOTAL,3098797,248510,242835,5584151,0.5209880569913296,0.5337350342959515,0.27763186263004763,1241.3553701552567,0.537984026730809,MEDIUM,MEDIUM,MEDIUM,5,POLICY_BASED,COST_BASED,false,false
6,policy_driven_dh_strategy,1,2048,ELECTRIC_HEAT_PUMP,TOTAL,3104063,240762,235496,5824913,0.526316297184968,0.5372949872281362,0.27943332908210516,1238.834708882699,0.5409545505758611,MEDIUM,MEDIUM,MEDIUM,5,POLICY_BASED,COST_BASED,false,false
6,policy_driven_dh_strategy,1,2049,ELECTRIC_HEAT_PUMP,TOTAL,3109323,252002,246742,6076915,0.5458275197083557,0.5608158920283876,0.29072054215257787,1246.1118375755075,0.5658120161351394,MEDIUM,MEDIUM,MEDIUM,5,POLICY_BASED,COST_BASED,false,false
6,policy_driven_dh_strategy,1,2050,ELECTRIC_HEAT_PUMP,TOTAL,3114671,254242,248894,6331157,0.5523605847149526,0.5653169099783139,0.29375082420896453,1248.5559408597696,0.5696356850661104,MEDIUM,MEDIUM,MEDIUM,5,POLICY_BASED,COST_BASED,false,false
6,policy_driven_dh_strategy,1,2024,ELECTRIC_HEAT_PUMP,PRIVATELY_OWNED,329274,329274,0,329274,0.0,0.0,0.0,0.0,0.0,MEDIUM,MEDIUM,MEDIUM,5,POLICY_BASED,COST_BASED,false,false
6,policy_driven_dh_strategy,1,2025,ELECTRIC_HEAT_PUMP,PRIVATELY_OWNED,561370,261629,29533,590903,0.7143353699888835,0.686749575399199,0.07821772626070485,2600.0000527762445,0.6775543105359944,MEDIUM,MEDIUM,MEDIUM,5,POLICY_BASED,COST_BASED,false,false
6,policy_driven_dh_strategy,1,2026,ELECTRIC_HEAT_PUMP,PRIVATELY_OWNED,702414,159576,18532,750479,0.7143071117345429,0.6880247227563964,0.1112949705511764,2508.7623197867106,0.6792639264303149,MEDIUM,MEDIUM,MEDIUM,5,POLICY_BASED,COST_BASED,false,false
6,policy_driven_dh_strategy,1,2027,ELECTRIC_HEAT_PUMP,PRIVATELY_OWNED,833158,149380,18636,899859,0.7142357275714283,0.6871770870000201,0.1356176392635216,2448.3461857525917,0.6781575401428787,MEDIUM,MEDIUM,MEDIUM,5,POLICY_BASED,COST_BASED,false,false
6,policy_driven_dh_strategy,1,2028,ELECTRIC_HEAT_PUMP,PRIVATELY_OWNED,981537,166781,18402,1066640,0.7144792677445644,0.6935956134591699,0.16000447251457972,2402.577901755024,0.6866343953641408,MEDIUM,MEDIUM,MEDIUM,5,POLICY_BASED,COST_BASED,false,false
6,policy_driven_dh_strategy,1,2029,ELECTRIC_HEAT_PUMP,PRIVATELY_OWNED,1136167,172819,18189,1239459,0.714448173683509,0.6925139034431707,0.18704548962481954,2367.5735528696127,0.6852024800297436,MEDIUM,MEDIUM,MEDIUM,5,POLICY_BASED,COST_BASED,false,false
6,policy_driven_dh_strategy,1,2030,ELECTRIC_HEAT_PUMP,PRIVATELY_OWNED,1290458,172808,18517,1412267,0.7141206100132722,0.6934381566121375,0.2142670269376506,2324.9520439219154,0.6865440054784239,MEDIUM,MEDIUM,MEDIUM,5,POLICY_BASED,COST_BASED,false,false
6,policy_driven_dh_strategy,1,2031,ELECTRIC_HEAT_PUMP,PRIVATELY_OWNED,1443116,172618,19960,1584885,0.7141892079370705,0.6944019972189868,0.24161024411711562,2286.6001854929086,0.6878062603129724,MEDIUM,MEDIUM,MEDIUM,5,POLICY_BASED,COST_BASED,false,false
6,policy_driven_dh_strategy,1,2032,ELECTRIC_HEAT_PUMP,PRIVATELY_OWNED,1596830,174389,20675,1759274,0.7143750073220243,0.6953994651099551,0.26870904212353824,2261.8725607774386,0.689074284372621,MEDIUM,MEDIUM,MEDIUM,5,POLICY_BASED,COST_BASED,false,false
6,policy_driven_dh_strategy,1,2033,ELECTRIC_HEAT_PUMP,PRIVATELY_OWNED,1745424,169930,21336,1929204,0.7145462483039915,0.6954970418321966,0.29557052516499255,2228.9499698189593,0.6891473063415534,MEDIUM,MEDIUM,MEDIUM,5,POLICY_BASED,COST_BASED,false,false
6,policy_driven_dh_strategy,1,2034,ELECTRIC_HEAT_PUMP,PRIVATELY_OWNED,1907474,185080,23030,2114284,0.7140723317298102,0.6994923569280173,0.3228121753155272,2152.3850912505263,0.6946323653274173,MEDIUM,MEDIUM,MEDIUM,5,POLICY_BASED,COST_BASED,false,false
6,policy_driven_dh_strategy,1,2035,ELECTRIC_HEAT_PUMP,PRIVATELY_OWNED,2071919,188625,24180,2302909,0.7140595674825665,0.7013615214024939,0.35219217425557814,2125.33467728092,0.6971288393758216,MEDIUM,MEDIUM,MEDIUM,5,POLICY_BASED,COST_BASED,false,false
6,policy_driven_dh_strategy,1,2036,ELECTRIC_HEAT_PUMP,PRIVATELY_OWNED,2176975,131616,26560,2434525,0.7146947123588496,0.7085990024246558,0.37560794653565405,2047.2734770784648,0.70656709911316,MEDIUM,MEDIUM,MEDIUM,5,POLICY_BASED,COST_BASED,false,false
6,policy_driven_dh_strategy,1,2037,ELECTRIC_HEAT_PUMP,PRIVATELY_OWNED,2169263,24417,32129,2458942,0.6358207640893387,0.7189301318108683,0.3772312128583893,1659.7600261653713,0.7466332543846999,MEDIUM,MEDIUM,MEDIUM,5,POLICY_BASED,COST_BASED,false,false
6,policy_driven_dh_strategy,1,2038,ELECTRIC_HEAT_PUMP,PRIVATELY_OWNED,2162663,21078,27678,2480020,0.6621910812013144,0.7203725144537692,0.3765654978093031,1686.1289354211062,0.7397663255379283,MEDIUM,MEDIUM,MEDIUM,5,POLICY_BASED,COST_BASED,false,false
6,policy_driven_dh_strategy,1,2039,ELECTRIC_HEAT_PUMP,PRIVATELY_OWNED,2161647,10901,11917,2490921,0.6313573677482224,0.7018784571846829,0.3720583531983325,1789.5427036114197,0.7253854869968444,MEDIUM,MEDIUM,MEDIUM,5,POLICY_BASED,COST_BASED,false,false
6,policy_driven_dh_strategy,1,2040,ELECTRIC_HEAT_PUMP,PRIVATELY_OWNED,2165569,265551,261629,2756472,0.72314365152835,0.7403923548374627,0.384698317746276,1826.925959438569,0.7461419226071213,MEDIUM,MEDIUM,MEDIUM,5,POLICY_BASED,COST_BASED,false,false
6,policy_driven_dh_strategy,1,2041,ELECTRIC_HEAT_PUMP,PRIVATELY_OWNED,2168239,162246,159576,2918718,0.7209419349368013,0.7423054302490364,0.3848970690590175,1823.001060656281,0.7494265953531446,MEDIUM,MEDIUM,MEDIUM,5,POLICY_BASED,COST_BASED,false,false
6,policy_driven_dh_strategy,1,2042,ELECTRIC_HEAT_PUMP,PRIVATELY_OWNED,2174011,155152,149380,3073870,0.7218368688302668,0.7391500028513357,0.38577948094185965,1804.695823104656,0.7449210475249921,MEDIUM,MEDIUM,MEDIUM,5,POLICY_BASED,COST_BASED,false,false
6,policy_driven_dh_strategy,1,2043,ELECTRIC_HEAT_PUMP,PRIVATELY_OWNED,2176583,169353,166781,3243223,0.7225847754849977,0.746813057406526,0.3862936778267957,1786.6773594114627,0.7548891513803229,MEDIUM,MEDIUM,MEDIUM,5,POLICY_BASED,COST_BASED,false,false
6,policy_driven_dh_strategy,1,2044,ELECTRIC_HEAT_PUMP,PRIVATELY_OWNED,2179633,175869,172819,3419092,0.7246347410349802,0.7434614390090855,0.386787974592967,1779.1338767726338,0.7497370050004474,MEDIUM,MEDIUM,MEDIUM,5,POLICY_BASED,COST_BASED,false,false
6,policy_driven_dh_strategy,1,2045,ELECTRIC_HEAT_PUMP,PRIVATELY_OWNED,2182101,175276,172808,3594368,0.7257046652248502,0.7437651636354146,0.3870893827106101,1766.4095686389112,0.7497853297722691,MEDIUM,MEDIUM,MEDIUM,5,POLICY_BASED,COST_BASED,false,false
6,policy_driven_dh_strategy,1,2046,ELECTRIC_HEAT_PUMP,PRIVATELY_OWNED,2185376,175893,172618,3770261,0.726355563483735,0.7457116628418743,0.38756881590874803,1750.3392266549026,0.7521636959612475,MEDIUM,MEDIUM,MEDIUM,5,POLICY_BASED,COST_BASED,false,false
6,policy_driven_dh_strategy,1,2047,ELECTRIC_HEAT_PUMP,PRIVATELY_OWNED,2188761,177774,174389,3948035,0.7282884001199011,0.7461073800043139,0.38810115192431477,1735.2887544707485,0.7520470399657618,MEDIUM,MEDIUM,MEDIUM,5,POLICY_BASED,COST_BASED,false,false
6,policy_driven_dh_strategy,1,2048,ELECTRIC_HEAT_PUMP,PRIVATELY_OWNED,2191937,173106,169930,4121141,0.732019481374691,0.7472890351288837,0.3886458422958523,1723.015505990644,0.752378886380284,MEDIUM,MEDIUM,MEDIUM,5,POLICY_BASED,COST_BASED,false,false
6,policy_driven_dh_strategy,1,2049,ELECTRIC_HEAT_PUMP,PRIVATELY_OWNED,2195217,188360,185080,4309501,0.7302486017283132,0.7503011596036193,0.38894753696928186,1667.1409815921802,0.7569853455621545,MEDIUM,MEDIUM,MEDIUM,5,POLICY_BASED,COST_BASED,false,false
6,policy_driven_dh_strategy,1,2050,ELECTRIC_HEAT_PUMP,PRIVATELY_OWNED,2198242,191650,188625,4501151,0.7327589865854369,0.7499467875121653,0.3896884792514248,1656.3285129980147,0.755676054487754,MEDIUM,MEDIUM,MEDIUM,5,POLICY_BASED,COST_BASED,false,false
6,policy_driven_dh_strategy,1,2024,ELECTRIC_HEAT_PUMP,SOCIAL_HOUSING,4457,4457,0,4457,0.0,0.0,0.0,0.0,0.0,MEDIUM,MEDIUM,MEDIUM,5,POLICY_BASED,COST_BASED,false,false
6,policy_driven_dh_strategy,1,2025,ELECTRIC_HEAT_PUMP,SOCIAL_HOUSING,152,0,4305,4457,0.0,0.0,0.0,0.0,0.0,MEDIUM,MEDIUM,MEDIUM,5,POLICY_BASED,COST_BASED,false,false
6,policy_driven_dh_strategy,1,2026,ELECTRIC_HEAT_PUMP,SOCIAL_HOUSING,61,0,91,4457,0.0,0.0,0.0,0.0,0.0,MEDIUM,MEDIUM,MEDIUM,5,POLICY_BASED,COST_BASED,false,false
6,policy_driven_dh_strategy,1,2027,ELECTRIC_HEAT_PUMP,SOCIAL_HOUSING,27,0,34,4457,0.0,0.0,0.0,0.0,0.0,MEDIUM,MEDIUM,MEDIUM,5,POLICY_BASED,COST_BASED,false,false
6,policy_driven_dh_strategy,1,2028,ELECTRIC_HEAT_PUMP,SOCIAL_HOUSING,13,0,14,4457,0.0,0.0,0.0,0.0,0.0,MEDIUM,MEDIUM,MEDIUM,5,POLICY_BASED,COST_BASED,false,false
6,policy_driven_dh_strategy,1,2029,ELECTRIC_HEAT_PUMP,SOCIAL_HOUSING,7,0,6,4457,0.0,0.0,0.0,0.0,0.0,MEDIUM,MEDIUM,MEDIUM,5,POLICY_BASED,COST_BASED,false,false
6,policy_driven_dh_strategy,1,2030,ELECTRIC_HEAT_PUMP,SOCIAL_HOUSING,7,0,0,4457,0.0,0.0,0.0,0.0,0.0,MEDIUM,MEDIUM,MEDIUM,5,POLICY_BASED,COST_BASED,false,false
6,policy_driven_dh_strategy,1,2031,ELECTRIC_HEAT_PUMP,SOCIAL_HOUSING,5,0,2,4457,0.0,0.0,0.0,0.0,0.0,MEDIUM,MEDIUM,MEDIUM,5,POLICY_BASED,COST_BASED,false,false
6,policy_driven_dh_strategy,1,2032,ELECTRIC_HEAT_PUMP,SOCIAL_HOUSING,5,0,0,4457,0.0,0.0,0.0,0.0,0.0,MEDIUM,MEDIUM,MEDIUM,5,POLICY_BASED,COST_BASED,false,false
6,policy_driven_dh_strategy,1,2033,ELECTRIC_HEAT_PUMP,SOCIAL_HOUSING,5,0,0,4457,0.0,0.0,0.0,0.0,0.0,MEDIUM,MEDIUM,MEDIUM,5,POLICY_BASED,COST_BASED,false,false
6,policy_driven_dh_strategy,1,2034,ELECTRIC_HEAT_PUMP,SOCIAL_HOUSING,2,0,3,4457,0.0,0.0,0.0,0.0,0.0,MEDIUM,MEDIUM,MEDIUM,5,POLICY_BASED,COST_BASED,false,false
6,policy_driven_dh_strategy,1,2035,ELECTRIC_HEAT_PUMP,SOCIAL_HOUSING,2,0,0,4457,0.0,0.0,0.0,0.0,0.0,MEDIUM,MEDIUM,MEDIUM,5,POLICY_BASED,COST_BASED,false,false
6,policy_driven_dh_strategy,1,2036,ELECTRIC_HEAT_PUMP,SOCIAL_HOUSING,1,0,1,4457,0.0,0.0,0.0,0.0,0.0,MEDIUM,MEDIUM,MEDIUM,5,POLICY_BASED,COST_BASED,false,false
6,policy_driven_dh_strategy,1,2037,ELECTRIC_HEAT_PUMP,SOCIAL_HOUSING,0,0,1,4457,0.0,0.0,0.0,0.0,0.0,MEDIUM,MEDIUM,MEDIUM,5,POLICY_BASED,COST_BASED,false,false
6,policy_driven_dh_strategy,1,2038,ELECTRIC_HEAT_PUMP,SOCIAL_HOUSING,0,0,0,4457,0.0,0.0,0.0,0.0,0.0,MEDIUM,MEDIUM,MEDIUM,5,POLICY_BASED,COST_BASED,false,false
6,policy_driven_dh_strategy,1,2039,ELECTRIC_HEAT_PUMP,SOCIAL_HOUSING,0,0,0,4457,0.0,0.0,0.0,0.0,0.0,MEDIUM,MEDIUM,MEDIUM,5,POLICY_BASED,COST_BASED,false,false
6,policy_driven_dh_strategy,1,2040,ELECTRIC_HEAT_PUMP,SOCIAL_HOUSING,0,0,0,4457,0.0,0.0,0.0,0.0,0.0,MEDIUM,MEDIUM,MEDIUM,5,POLICY_BASED,COST_BASED,false,false
6,policy_driven_dh_strategy,1,2041,ELECTRIC_HEAT_PUMP,SOCIAL_HOUSING,0,0,0,4457,0.0,0.0,0.0,0.0,0.0,MEDIUM,MEDIUM,MEDIUM,5,POLICY_BASED,COST_BASED,false,false
6,policy_driven_dh_strategy,1,2042,ELECTRIC_HEAT_PUMP,SOCIAL_HOUSING,0,0,0,4457,0.0,0.0,0.0,0.0,0.0,MEDIUM,MEDIUM,MEDIUM,5,POLICY_BASED,COST_BASED,false,false
6,policy_driven_dh_strategy,1,2043,ELECTRIC_HEAT_PUMP,SOCIAL_HOUSING,0,0,0,4457,0.0,0.0,0.0,0.0,0.0,MEDIUM,MEDIUM,MEDIUM,5,POLICY_BASED,COST_BASED,false,false
6,policy_driven_dh_strategy,1,2044,ELECTRIC_HEAT_PUMP,SOCIAL_HOUSING,0,0,0,4457,0.0,0.0,0.0,0.0,0.0,MEDIUM,MEDIUM,MEDIUM,5,POLICY_BASED,COST_BASED,false,false
6,policy_driven_dh_strategy,1,2045,ELECTRIC_HEAT_PUMP,SOCIAL_HOUSING,0,0,0,4457,0.0,0.0,0.0,0.0,0.0,MEDIUM,MEDIUM,MEDIUM,5,POLICY_BASED,COST_BASED,false,false
6,policy_driven_dh_strategy,1,2046,ELECTRIC_HEAT_PUMP,SOCIAL_HOUSING,0,0,0,4457,0.0,0.0,0.0,0.0,0.0,MEDIUM,MEDIUM,MEDIUM,5,POLICY_BASED,COST_BASED,false,false
6,policy_driven_dh_strategy,1,2047,ELECTRIC_HEAT_PUMP,SOCIAL_HOUSING,0,0,0,4457,0.0,0.0,0.0,0.0,0.0,MEDIUM,MEDIUM,MEDIUM,5,POLICY_BASED,COST_BASED,false,false
6,policy_driven_dh_strategy,1,2048,ELECTRIC_HEAT_PUMP,SOCIAL_HOUSING,0,0,0,4457,0.0,0.0,0.0,0.0,0.0,MEDIUM,MEDIUM,MEDIUM,5,POLICY_BASED,COST_BASED,false,false
6,policy_driven_dh_strategy,1,2049,ELECTRIC_HEAT_PUMP,SOCIAL_HOUSING,0,0,0,4457,0.0,0.0,0.0,0.0,0.0,MEDIUM,MEDIUM,MEDIUM,5,POLICY_BASED,COST_BASED,false,false
6,policy_driven_dh_strategy,1,2050,ELECTRIC_HEAT_PUMP,SOCIAL_HOUSING,0,0,0,4457,0.0,0.0,0.0,0.0,0.0,MEDIUM,MEDIUM,MEDIUM,5,POLICY_BASED,COST_BASED,false,false
6,policy_driven_dh_strategy,1,2024,ELECTRIC_HEAT_PUMP,PRIVATELY_RENTED,65764,65764,0,65764,0.0,0.0,0.0,0.0,0.0,MEDIUM,MEDIUM,MEDIUM,5,POLICY_BASED,COST_BASED,false,false
6,policy_driven_dh_strategy,1,2025,ELECTRIC_HEAT_PUMP,PRIVATELY_RENTED,202421,143006,6349,208770,0.0,0.0,0.0,0.0,0.0,MEDIUM,MEDIUM,MEDIUM,5,POLICY_BASED,COST_BASED,false,false
6,policy_driven_dh_strategy,1,2026,ELECTRIC_HEAT_PUMP,PRIVATELY_RENTED,279027,81038,4432,289808,0.0,0.0,0.0,0.0,0.0,MEDIUM,MEDIUM,MEDIUM,5,POLICY_BASED,COST_BASED,false,false
6,policy_driven_dh_strategy,1,2027,ELECTRIC_HEAT_PUMP,PRIVATELY_RENTED,351543,76920,4404,366728,0.0,0.0,0.0,0.0,0.0,MEDIUM,MEDIUM,MEDIUM,5,POLICY_BASED,COST_BASED,false,false
6,policy_driven_dh_strategy,1,2028,ELECTRIC_HEAT_PUMP,PRIVATELY_RENTED,422824,75713,4432,442441,0.0,0.0,0.0,0.0,0.0,MEDIUM,MEDIUM,MEDIUM,5,POLICY_BASED,COST_BASED,false,false
6,policy_driven_dh_strategy,1,2029,ELECTRIC_HEAT_PUMP,PRIVATELY_RENTED,490168,71353,4009,513794,0.0,0.0,0.0,0.0,0.0,MEDIUM,MEDIUM,MEDIUM,5,POLICY_BASED,COST_BASED,false,false
6,policy_driven_dh_strategy,1,2030,ELECTRIC_HEAT_PUMP,PRIVATELY_RENTED,556781,70457,3844,584251,0.0,0.0,0.0,0.0,0.0,MEDIUM,MEDIUM,MEDIUM,5,POLICY_BASED,COST_BASED,false,false
6,policy_driven_dh_strategy,1,2031,ELECTRIC_HEAT_PUMP,PRIVATELY_RENTED,621581,68926,4126,653177,0.0,0.0,0.0,0.0,0.0,MEDIUM,MEDIUM,MEDIUM,5,POLICY_BASED,COST_BASED,false,false
6,policy_driven_dh_strategy,1,2032,ELECTRIC_HEAT_PUMP,PRIVATELY_RENTED,685732,68446,4295,721623,0.0,0.0,0.0,0.0,0.0,MEDIUM,MEDIUM,MEDIUM,5,POLICY_BASED,COST_BASED,false,false
6,policy_driven_dh_strategy,1,2033,ELECTRIC_HEAT_PUMP,PRIVATELY_RENTED,746497,65566,4801,787189,0.0,0.0,0.0,0.0,0.0,MEDIUM,MEDIUM,MEDIUM,5,POLICY_BASED,COST_BASED,false,false
6,policy_driven_dh_strategy,1,2034,ELECTRIC_HEAT_PUMP,PRIVATELY_RENTED,803125,61662,5034,848851,0.0,0.0,0.0,0.0,0.0,MEDIUM,MEDIUM,MEDIUM,5,POLICY_BASED,COST_BASED,false,false
6,policy_driven_dh_strategy,1,2035,ELECTRIC_HEAT_PUMP,PRIVATELY_RENTED,858183,60269,5211,909120,0.0,0.0,0.0,0.0,0.0,MEDIUM,MEDIUM,MEDIUM,5,POLICY_BASED,COST_BASED,false,false
6,policy_driven_dh_strategy,1,2036,ELECTRIC_HEAT_PUMP,PRIVATELY_RENTED,891264,38174,5093,947294,0.0,0.0,0.0,0.0,0.0,MEDIUM,MEDIUM,MEDIUM,5,POLICY_BASED,COST_BASED,false,false
6,policy_driven_dh_strategy,1,2037,ELECTRIC_HEAT_PUMP,PRIVATELY_RENTED,891344,4091,4011,951385,0.0,0.0,0.0,0.0,0.0,MEDIUM,MEDIUM,MEDIUM,5,POLICY_BASED,COST_BASED,false,false
6,policy_driven_dh_strategy,1,2038,ELECTRIC_HEAT_PUMP,PRIVATELY_RENTED,891966,4249,3627,955634,0.0,0.0,0.0,0.0,0.0,MEDIUM,MEDIUM,MEDIUM,5,POLICY_BASED,COST_BASED,false,false
6,policy_driven_dh_strategy,1,2039,ELECTRIC_HEAT_PUMP,PRIVATELY_RENTED,893317,3447,2096,959081,0.0,0.0,0.0,0.0,0.0,MEDIUM,MEDIUM,MEDIUM,5,POLICY_BASED,COST_BASED,false,false
6,policy_driven_dh_strategy,1,2040,ELECTRIC_HEAT_PUMP,PRIVATELY_RENTED,895791,145480,143006,1104561,0.0,0.0,0.0,0.0,0.0,MEDIUM,MEDIUM,MEDIUM,5,POLICY_BASED,COST_BASED,false,false
6,policy_driven_dh_strategy,1,2041,ELECTRIC_HEAT_PUMP,PRIVATELY_RENTED,898557,83804,81038,1188365,0.0,0.0,0.0,0.0,0.0,MEDIUM,MEDIUM,MEDIUM,5,POLICY_BASED,COST_BASED,false,false
6,policy_driven_dh_strategy,1,2042,ELECTRIC_HEAT_PUMP,PRIVATELY_RENTED,900638,79001,76920,1267366,0.0,0.0,0.0,0.0,0.0,MEDIUM,MEDIUM,MEDIUM,5,POLICY_BASED,COST_BASED,false,false
6,policy_driven_dh_strategy,1,2043,ELECTRIC_HEAT_PUMP,PRIVATELY_RENTED,902800,77875,75713,1345241,0.0,0.0,0.0,0.0,0.0,MEDIUM,MEDIUM,MEDIUM,5,POLICY_BASED,COST_BASED,false,false
6,policy_driven_dh_strategy,1,2044,ELECTRIC_HEAT_PUMP,PRIVATELY_RENTED,904317,72870,71353,1418111,0.0,0.0,0.0,0.0,0.0,MEDIUM,MEDIUM,MEDIUM,5,POLICY_BASED,COST_BASED,false,false
6,policy_driven_dh_strategy,1,2045,ELECTRIC_HEAT_PUMP,PRIVATELY_RENTED,905953,72093,70457,1490204,0.0,0.0,0.0,0.0,0.0,MEDIUM,MEDIUM,MEDIUM,5,POLICY_BASED,COST_BASED,false,false
6,policy_driven_dh_strategy,1,2046,ELECTRIC_HEAT_PUMP,PRIVATELY_RENTED,907746,70719,68926,1560923,0.0,0.0,0.0,0.0,0.0,MEDIUM,MEDIUM,MEDIUM,5,POLICY_BASED,COST_BASED,false,false
6,policy_driven_dh_strategy,1,2047,ELECTRIC_HEAT_PUMP,PRIVATELY_RENTED,910036,70736,68446,1631659,0.0,0.0,0.0,0.0,0.0,MEDIUM,MEDIUM,MEDIUM,5,POLICY_BASED,COST_BASED,false,false
6,policy_driven_dh_strategy,1,2048,ELECTRIC_HEAT_PUMP,PRIVATELY_RENTED,912126,67656,65566,1699315,0.0,0.0,0.0,0.0,0.0,MEDIUM,MEDIUM,MEDIUM,5,POLICY_BASED,COST_BASED,false,false
6,policy_driven_dh_strategy,1,2049,ELECTRIC_HEAT_PUMP,PRIVATELY_RENTED,914106,63642,61662,1762957,0.0,0.0,0.0,0.0,0.0,MEDIUM,MEDIUM,MEDIUM,5,POLICY_BASED,COST_BASED,false,false
6,policy_driven_dh_strategy,1,2050,ELECTRIC_HEAT_PUMP,PRIVATELY_RENTED,916429,62592,60269,1825549,0.0,0.0,0.0,0.0,0.0,MEDIUM,MEDIUM,MEDIUM,5,POLICY_BASED,COST_BASED,false,false
6,policy_driven_dh_strategy,1,2024,HYBRID_HEAT_PUMP,TOTAL,156152,156152,0,156152,0.0,0.0,0.0,0.0,0.0,MEDIUM,MEDIUM,MEDIUM,5,POLICY_BASED,COST_BASED,false,false
6,policy_driven_dh_strategy,1,2025,HYBRID_HEAT_PUMP,TOTAL,2107416,1969000,17736,2125152,0.14581737729551744,0.13636129406530895,0.010639648635529702,372.276538662382,0.13320926632190697,MEDIUM,MEDIUM,MEDIUM,5,POLICY_BASED,COST_BASED,false,false
6,policy_driven_dh_strategy,1,2026,HYBRID_HEAT_PUMP,TOTAL,2318517,1814981,1603880,3940133,0.09195547426997965,0.08594081411624287,0.012809586638928006,223.25156425775992,0.08393592739833355,MEDIUM,MEDIUM,MEDIUM,5,POLICY_BASED,COST_BASED,false,false
6,policy_driven_dh_strategy,1,2027,HYBRID_HEAT_PUMP,TOTAL,2535777,1824003,1606743,5764136,0.09504107192992887,0.08939725261188133,0.01793757460573233,226.11127335837864,0.08751597950586547,MEDIUM,MEDIUM,MEDIUM,5,POLICY_BASED,COST_BASED,false,false
6,policy_driven_dh_strategy,1,2028,HYBRID_HEAT_PUMP,TOTAL,2739990,1811162,1606949,7575298,0.09016292420130595,0.08470177924785455,0.02141624945903219,211.5773948693398,0.08288139759670544,MEDIUM,MEDIUM,MEDIUM,5,POLICY_BASED,COST_BASED,false,false
6,policy_driven_dh_strategy,1,2029,HYBRID_HEAT_PUMP,TOTAL,2930822,1798516,1607684,9373814,0.08537219664343591,0.07968155890455002,0.024268351410565644,198.49450120842337,0.07778467965825013,MEDIUM,MEDIUM,MEDIUM,5,POLICY_BASED,COST_BASED,false,false
6,policy_driven_dh_strategy,1,2030,HYBRID_HEAT_PUMP,TOTAL,3118683,1795374,1607513,11169188,0.08419387103848974,0.07872675503008603,0.02764414563098019,193.1342858842443,0.07690438302728764,MEDIUM,MEDIUM,MEDIUM,5,POLICY_BASED,COST_BASED,false,false
6,policy_driven_dh_strategy,1,2031,HYBRID_HEAT_PUMP,TOTAL,3304640,1793969,1608012,12963157,0.08362814132914652,0.07838438658286011,0.031107206944374577,189.80409728868634,0.07663646833410084,MEDIUM,MEDIUM,MEDIUM,5,POLICY_BASED,COST_BASED,false,false
6,policy_driven_dh_strategy,1,2032,HYBRID_HEAT_PUMP,TOTAL,3480668,1784088,1608060,14747245,0.07981290441872221,0.07477346944813738,0.03314138666163757,179.65393390645457,0.07309365779127854,MEDIUM,MEDIUM,MEDIUM,5,POLICY_BASED,COST_BASED,false,false
6,policy_driven_dh_strategy,1,2033,HYBRID_HEAT_PUMP,TOTAL,3658609,1785950,1608009,16533195,0.08053154633194651,0.07573147349243439,0.036694056274272496,179.3768798808985,0.07413144921259678,MEDIUM,MEDIUM,MEDIUM,5,POLICY_BASED,COST_BASED,false,false
6,policy_driven_dh_strategy,1,2034,HYBRID_HEAT_PUMP,TOTAL,3824307,1773899,1608201,18307094,0.07592057368001184,0.07127634340788955,0.03753808534059676,164.40467309412264,0.06972826665051476,MEDIUM,MEDIUM,MEDIUM,5,POLICY_BASED,COST_BASED,false,false
6,policy_driven_dh_strategy,1,2035,HYBRID_HEAT_PUMP,TOTAL,3995404,1779141,1608044,20086235,0.07793456856184092,0.0733865006740807,0.0417569093817742,167.17847482040668,0.07187047804483064,MEDIUM,MEDIUM,MEDIUM,5,POLICY_BASED,COST_BASED,false,false
6,policy_driven_dh_strategy,1,2036,HYBRID_HEAT_PUMP,TOTAL,4103755,1716479,1608128,21802714,0.05283579695988549,0.05001461922683111,0.029955886897253176,110.65748816901103,0.04907422664914601,MEDIUM,MEDIUM,MEDIUM,5,POLICY_BASED,COST_BASED,false,false
6,policy_driven_dh_strategy,1,2037,HYBRID_HEAT_PUMP,TOTAL,4115980,1620585,1608360,23423299,0.010750159711487645,0.01043573201352451,0.005879147700898842,18.07112879187523,0.010330922780870142,MEDIUM,MEDIUM,MEDIUM,5,POLICY_BASED,COST_BASED,false,false
6,policy_driven_dh_strategy,1,2038,HYBRID_HEAT_PUMP,TOTAL,4125270,1617710,1608420,25041009,0.009389303087548616,0.00909133052222025,0.005186638516541955,15.994104668020517,0.008992006333777442,MEDIUM,MEDIUM,MEDIUM,5,POLICY_BASED,COST_BASED,false,false
6,policy_driven_dh_strategy,1,2039,HYBRID_HEAT_PUMP,TOTAL,4129788,1608516,1603998,26649525,0.005061887952259685,0.004862295675747783,0.0027661581204590172,9.293518507664603,0.004795764916910491,MEDIUM,MEDIUM,MEDIUM,5,POLICY_BASED,COST_BASED,false,false
6,policy_driven_dh_strategy,1,2040,HYBRID_HEAT_PUMP,TOTAL,4129927,1973408,1973269,28622933,0.14457791981701254,0.14568355721974297,0.08693123224616112,262.3219028284289,0.1460521030206511,MEDIUM,MEDIUM,MEDIUM,5,POLICY_BASED,COST_BASED,false,false
6,policy_driven_dh_strategy,1,2041,HYBRID_HEAT_PUMP,TOTAL,4130532,1816714,1816109,30439647,0.09142784767666068,0.09243576668268526,0.054912018175674225,166.10915161367151,0.09277173968469046,MEDIUM,MEDIUM,MEDIUM,5,POLICY_BASED,COST_BASED,false,false
6,policy_driven_dh_strategy,1,2042,HYBRID_HEAT_PUMP,TOTAL,4127473,1821476,1824535,32261123,0.09309696994667073,0.09334046501481685,0.056068879102648767,168.364893761605,0.0934216300375326,MEDIUM,MEDIUM,MEDIUM,5,POLICY_BASED,COST_BASED,false,false
6,policy_driven_dh_strategy,1,2043,HYBRID_HEAT_PUMP,TOTAL,4128029,1812021,1811465,34073144,0.08949648285993139,0.09069326902644136,0.05383072700272841,161.30862923112727,0.0910921977486123,MEDIUM,MEDIUM,MEDIUM,5,POLICY_BASED,COST_BASED,false,false
6,policy_driven_dh_strategy,1,2044,HYBRID_HEAT_PUMP,TOTAL,4127764,1798478,1798743,35871622,0.08423958317598759,0.08434501884788488,0.050945765821671346,152.28333851931677,0.0843801640718511,MEDIUM,MEDIUM,MEDIUM,5,POLICY_BASED,COST_BASED,false,false
6,policy_driven_dh_strategy,1,2045,HYBRID_HEAT_PUMP,TOTAL,4128862,1796609,1795511,37668231,0.08341729958718987,0.08413106435495332,0.05054477320033672,150.66719847672852,0.08436898594420927,MEDIUM,MEDIUM,MEDIUM,5,POLICY_BASED,COST_BASED,false,false
6,policy_driven_dh_strategy,1,2046,HYBRID_HEAT_PUMP,TOTAL,4129284,1794497,1794075,39462728,0.0824717972575371,0.08319108298592397,0.05005359091987198,148.7008305740576,0.08343084489538645,MEDIUM,MEDIUM,MEDIUM,5,POLICY_BASED,COST_BASED,false,false
6,policy_driven_dh_strategy,1,2047,HYBRID_HEAT_PUMP,TOTAL,4129847,1784734,1784171,41247462,0.07862191053218,0.0793386241454413,0.04782561220827758,141.57127873843794,0.0795775286831959,MEDIUM,MEDIUM,MEDIUM,5,POLICY_BASED,COST_BASED,false,false
6,policy_driven_dh_strategy,1,2048,HYBRID_HEAT_PUMP,TOTAL,4130286,1786457,1786018,43033919,0.07915910576896737,0.08031532000011833,0.048222925881051946,142.35676352908678,0.08070072474383969,MEDIUM,MEDIUM,MEDIUM,5,POLICY_BASED,COST_BASED,false,false
6,policy_driven_dh_strategy,1,2049,HYBRID_HEAT_PUMP,TOTAL,4131226,1774883,1773943,44808802,0.0744873195124944,0.07551285841518095,0.045513184499629836,131.01301720977114,0.07585470471607751,MEDIUM,MEDIUM,MEDIUM,5,POLICY_BASED,COST_BASED,false,false
6,policy_driven_dh_strategy,1,2050,HYBRID_HEAT_PUMP,TOTAL,4132500,1780440,1779166,46589242,0.0766280563178913,0.07775112138968841,0.04688136393386721,134.30924480664584,0.07812547641361592,MEDIUM,MEDIUM,MEDIUM,5,POLICY_BASED,COST_BASED,false,false
6,policy_driven_dh_strategy,1,2024,HYBRID_HEAT_PUMP,PRIVATELY_OWNED,131758,131758,0,131758,0.0,0.0,0.0,0.0,0.0,MEDIUM,MEDIUM,MEDIUM,5,POLICY_BASED,COST_BASED,false,false
6,policy_driven_dh_strategy,1,2025,HYBRID_HEAT_PUMP,PRIVATELY_OWNED,493127,374975,13606,506733,0.7656894883522204,0.7160354370680535,0.05586897303382354,1954.830334358904,0.6994840866400023,MEDIUM,MEDIUM,MEDIUM,5,POLICY_BASED,COST_BASED,false,false
6,policy_driven_dh_strategy,1,2026,HYBRID_HEAT_PUMP,PRIVATELY_OWNED,702620,218006,8513,724739,0.7655635103896311,0.7154892284868883,0.10664457110129166,1858.652272635218,0.6987978011859987,MEDIUM,MEDIUM,MEDIUM,5,POLICY_BASED,COST_BASED,false,false
6,policy_driven_dh_strategy,1,2027,HYBRID_HEAT_PUMP,PRIVATELY_OWNED,920644,226398,8374,951137,0.7657099458626228,0.7202398296620527,0.14451624967349352,1821.6929519673438,0.7050831242618625,MEDIUM,MEDIUM,MEDIUM,5,POLICY_BASED,COST_BASED,false,false
6,policy_driven_dh_strategy,1,2028,HYBRID_HEAT_PUMP,PRIVATELY_OWNED,1125889,213336,8091,1164473,0.7654575979782394,0.7190940296344862,0.18181787041436823,1796.231942317955,0.7036395068532466,MEDIUM,MEDIUM,MEDIUM,5,POLICY_BASED,COST_BASED,false,false
6,policy_driven_dh_strategy,1,2029,HYBRID_HEAT_PUMP,PRIVATELY_OWNED,1317789,200586,8686,1365059,0.7654734708223196,0.7144494560676004,0.21759753076249028,1779.7629761567046,0.6974414511493194,MEDIUM,MEDIUM,MEDIUM,5,POLICY_BASED,COST_BASED,false,false
6,policy_driven_dh_strategy,1,2030,HYBRID_HEAT_PUMP,PRIVATELY_OWNED,1506857,197404,8336,1562463,0.7657366974420857,0.7160137032957066,0.25142135072275856,1756.5412827761304,0.6994393719136063,MEDIUM,MEDIUM,MEDIUM,5,POLICY_BASED,COST_BASED,false,false
6,policy_driven_dh_strategy,1,2031,HYBRID_HEAT_PUMP,PRIVATELY_OWNED,1694042,195937,8752,1758400,0.7656863842567134,0.7176753732764458,0.2848127966376576,1737.8170871703012,0.7016717029497163,MEDIUM,MEDIUM,MEDIUM,5,POLICY_BASED,COST_BASED,false,false
6,policy_driven_dh_strategy,1,2032,HYBRID_HEAT_PUMP,PRIVATELY_OWNED,1871326,186035,8751,1944435,0.7654110517837465,0.7170825358711453,0.317828098187909,1722.893152553545,0.7009730305669715,MEDIUM,MEDIUM,MEDIUM,5,POLICY_BASED,COST_BASED,false,false
6,policy_driven_dh_strategy,1,2033,HYBRID_HEAT_PUMP,PRIVATELY_OWNED,2050512,187890,8704,2132325,0.7654761571746227,0.7198500456853116,0.34878785354748504,1705.0302763494103,0.704641341855539,MEDIUM,MEDIUM,MEDIUM,5,POLICY_BASED,COST_BASED,false,false
6,policy_driven_dh_strategy,1,2034,HYBRID_HEAT_PUMP,PRIVATELY_OWNED,2217479,175844,8877,2308169,0.7658801536043273,0.7190295619691992,0.3786809447442009,1658.5000636757072,0.7034126980908162,MEDIUM,MEDIUM,MEDIUM,5,POLICY_BASED,COST_BASED,false,false
6,policy_driven_dh_strategy,1,2035,HYBRID_HEAT_PUMP,PRIVATELY_OWNED,2389800,181061,8740,2489230,0.7658004001175417,0.7211101904650069,0.4103116050082521,1642.7285769461848,0.7062134539141949,MEDIUM,MEDIUM,MEDIUM,5,POLICY_BASED,COST_BASED,false,false
6,policy_driven_dh_strategy,1,2036,HYBRID_HEAT_PUMP,PRIVATELY_OWNED,2499482,118477,8795,2607707,0.765477990917286,0.72460514357936,0.43399690054196366,1603.1909538126042,0.7109808611333803,MEDIUM,MEDIUM,MEDIUM,5,POLICY_BASED,COST_BASED,false,false
6,policy_driven_dh_strategy,1,2037,HYBRID_HEAT_PUMP,PRIVATELY_OWNED,2513034,22683,9131,2630390,0.7680442435322137,0.7455799834738622,0.42003520596310673,1291.0902549566247,0.7380918967877459,MEDIUM,MEDIUM,MEDIUM,5,POLICY_BASED,COST_BASED,false,false
6,policy_driven_dh_strategy,1,2038,HYBRID_HEAT_PUMP,PRIVATELY_OWNED,2523668,19804,9170,2650194,0.7669748282043158,0.7426346343718905,0.42367587328797646,1306.4948021866023,0.7345212364277471,MEDIUM,MEDIUM,MEDIUM,5,POLICY_BASED,COST_BASED,false,false
6,policy_driven_dh_strategy,1,2039,HYBRID_HEAT_PUMP,PRIVATELY_OWNED,2529061,10622,5229,2660816,0.7665343401823517,0.73630958305132,0.4188862356701427,1407.340728287953,0.7262346640076441,MEDIUM,MEDIUM,MEDIUM,5,POLICY_BASED,COST_BASED,false,false
6,policy_driven_dh_strategy,1,2040,HYBRID_HEAT_PUMP,PRIVATELY_OWNED,2529198,375115,374978,3035931,0.7605966799254923,0.7664132260397439,0.4573285236912209,1380.0251699261405,0.7683520747444839,MEDIUM,MEDIUM,MEDIUM,5,POLICY_BASED,COST_BASED,false,false
6,policy_driven_dh_strategy,1,2041,HYBRID_HEAT_PUMP,PRIVATELY_OWNED,2529802,218610,218006,3254541,0.7597925569006767,0.7681686630674163,0.4563351730844967,1380.4163636827209,0.7709606984563047,MEDIUM,MEDIUM,MEDIUM,5,POLICY_BASED,COST_BASED,false,false
6,policy_driven_dh_strategy,1,2042,HYBRID_HEAT_PUMP,PRIVATELY_OWNED,2526741,223337,226398,3477878,0.7592736377339268,0.7612595174705873,0.45728257132663314,1373.1384106946598,0.7619214773828105,MEDIUM,MEDIUM,MEDIUM,5,POLICY_BASED,COST_BASED,false,false
6,policy_driven_dh_strategy,1,2043,HYBRID_HEAT_PUMP,PRIVATELY_OWNED,2527297,213892,213336,3691770,0.7581840665772247,0.7683228359852697,0.4560357927094559,1366.5523892806484,0.7717024257879593,MEDIUM,MEDIUM,MEDIUM,5,POLICY_BASED,COST_BASED,false,false
6,policy_driven_dh_strategy,1,2044,HYBRID_HEAT_PUMP,PRIVATELY_OWNED,2527031,200320,200586,3892090,0.7563050972003985,0.7572517013154267,0.45739236732941213,1367.2036446363009,0.7575672360204404,MEDIUM,MEDIUM,MEDIUM,5,POLICY_BASED,COST_BASED,false,false
6,policy_driven_dh_strategy,1,2045,HYBRID_HEAT_PUMP,PRIVATELY_OWNED,2528126,198499,197404,4090589,0.7550076886737042,0.7614679539931603,0.45747935473067247,1363.6846774446055,0.7636213757663257,MEDIUM,MEDIUM,MEDIUM,5,POLICY_BASED,COST_BASED,false,false
6,policy_driven_dh_strategy,1,2046,HYBRID_HEAT_PUMP,PRIVATELY_OWNED,2528544,196355,195937,4286944,0.7537133903555222,0.7602869743321617,0.4574419736952841,1358.9834451002248,0.7624781689910433,MEDIUM,MEDIUM,MEDIUM,5,POLICY_BASED,COST_BASED,false,false
6,policy_driven_dh_strategy,1,2047,HYBRID_HEAT_PUMP,PRIVATELY_OWNED,2529105,186596,186035,4473540,0.7519946669368032,0.7588498147098011,0.45743743798863895,1354.0862322234523,0.7611348639674749,MEDIUM,MEDIUM,MEDIUM,5,POLICY_BASED,COST_BASED,false,false
6,policy_driven_dh_strategy,1,2048,HYBRID_HEAT_PUMP,PRIVATELY_OWNED,2529542,188327,187890,4661867,0.750897845846385,0.7618656147097942,0.4574393661062217,1350.3864910707534,0.7655215376643052,MEDIUM,MEDIUM,MEDIUM,5,POLICY_BASED,COST_BASED,false,false
6,policy_driven_dh_strategy,1,2049,HYBRID_HEAT_PUMP,PRIVATELY_OWNED,2530481,176783,175844,4838650,0.7478449687939147,0.7581412731004203,0.45694765585071245,1315.3571159236476,0.7615733745359328,MEDIUM,MEDIUM,MEDIUM,5,POLICY_BASED,COST_BASED,false,false
6,policy_driven_dh_strategy,1,2050,HYBRID_HEAT_PUMP,PRIVATELY_OWNED,2531753,182333,181061,5020983,0.7482554260096985,0.7592218993109137,0.4577857853620273,1311.4990255386822,0.7628773904112712,MEDIUM,MEDIUM,MEDIUM,5,POLICY_BASED,COST_BASED,false,false
6,policy_driven_dh_strategy,1,2024,HYBRID_HEAT_PUMP,SOCIAL_HOUSING,2032,2032,0,2032,0.0,0.0,0.0,0.0,0.0,MEDIUM,MEDIUM,MEDIUM,5,POLICY_BASED,COST_BASED,false,false
6,policy_driven_dh_strategy,1,2025,HYBRID_HEAT_PUMP,SOCIAL_HOUSING,1593884,1593627,1775,1595659,0.0,0.0,0.0,0.0,0.0,MEDIUM,MEDIUM,MEDIUM,5,POLICY_BASED,COST_BASED,false,false
6,policy_driven_dh_strategy,1,2026,HYBRID_HEAT_PUMP,SOCIAL_HOUSING,1596856,1596765,1593793,3192424,0.0,0.0,0.0,0.0,0.0,MEDIUM,MEDIUM,MEDIUM,5,POLICY_BASED,COST_BASED,false,false
6,policy_driven_dh_strategy,1,2027,HYBRID_HEAT_PUMP,SOCIAL_HOUSING,1597393,1597362,1596825,4789786,0.0,0.0,0.0,0.0,0.0,MEDIUM,MEDIUM,MEDIUM,5,POLICY_BASED,COST_BASED,false,false
6,policy_driven_dh_strategy,1,2028,HYBRID_HEAT_PUMP,SOCIAL_HOUSING,1597607,1597591,1597377,6387377,0.0,0.0,0.0,0.0,0.0,MEDIUM,MEDIUM,MEDIUM,5,POLICY_BASED,COST_BASED,false,false
6,policy_driven_dh_strategy,1,2029,HYBRID_HEAT_PUMP,SOCIAL_HOUSING,1597678,1597667,1597596,7985044,0.0,0.0,0.0,0.0,0.0,MEDIUM,MEDIUM,MEDIUM,5,POLICY_BASED,COST_BASED,false,false
6,policy_driven_dh_strategy,1,2030,HYBRID_HEAT_PUMP,SOCIAL_HOUSING,1597768,1597757,1597667,9582801,0.0,0.0,0.0,0.0,0.0,MEDIUM,MEDIUM,MEDIUM,5,POLICY_BASED,COST_BASED,false,false
6,policy_driven_dh_strategy,1,2031,HYBRID_HEAT_PUMP,SOCIAL_HOUSING,1597799,1597788,1597757,11180589,0.0,0.0,0.0,0.0,0.0,MEDIUM,MEDIUM,MEDIUM,5,POLICY_BASED,COST_BASED,false,false
6,policy_driven_dh_strategy,1,2032,HYBRID_HEAT_PUMP,SOCIAL_HOUSING,1597818,1597811,1597792,12778400,0.0,0.0,0.0,0.0,0.0,MEDIUM,MEDIUM,MEDIUM,5,POLICY_BASED,COST_BASED,false,false
6,policy_driven_dh_strategy,1,2033,HYBRID_HEAT_PUMP,SOCIAL_HOUSING,1597831,1597826,1597813,14376226,0.0,0.0,0.0,0.0,0.0,MEDIUM,MEDIUM,MEDIUM,5,POLICY_BASED,COST_BASED,false,false
6,policy_driven_dh_strategy,1,2034,HYBRID_HEAT_PUMP,SOCIAL_HOUSING,1597855,1597851,1597827,15974077,0.0,0.0,0.0,0.0,0.0,MEDIUM,MEDIUM,MEDIUM,5,POLICY_BASED,COST_BASED,false,false
6,policy_driven_dh_strategy,1,2035,HYBRID_HEAT_PUMP,SOCIAL_HOUSING,1597873,1597870,1597852,17571947,0.0,0.0,0.0,0.0,0.0,MEDIUM,MEDIUM,MEDIUM,5,POLICY_BASED,COST_BASED,false,false
6,policy_driven_dh_strategy,1,2036,HYBRID_HEAT_PUMP,SOCIAL_HOUSING,1597892,1597890,1597871,19169837,0.0,0.0,0.0,0.0,0.0,MEDIUM,MEDIUM,MEDIUM,5,POLICY_BASED,COST_BASED,false,false
6,policy_driven_dh_strategy,1,2037,HYBRID_HEAT_PUMP,SOCIAL_HOUSING,1597893,1597891,1597890,20767728,0.0,0.0,0.0,0.0,0.0,MEDIUM,MEDIUM,MEDIUM,5,POLICY_BASED,COST_BASED,false,false
6,policy_driven_dh_strategy,1,2038,HYBRID_HEAT_PUMP,SOCIAL_HOUSING,1597893,1597892,1597892,22365620,0.0,0.0,0.0,0.0,0.0,MEDIUM,MEDIUM,MEDIUM,5,POLICY_BASED,COST_BASED,false,false
6,policy_driven_dh_strategy,1,2039,HYBRID_HEAT_PUMP,SOCIAL_HOUSING,1597893,1597893,1597893,23963513,0.0,0.0,0.0,0.0,0.0,MEDIUM,MEDIUM,MEDIUM,5,POLICY_BASED,COST_BASED,false,false
6,policy_driven_dh_strategy,1,2040,HYBRID_HEAT_PUMP,SOCIAL_HOUSING,1597893,1597893,1597893,25561406,0.0,0.0,0.0,0.0,0.0,MEDIUM,MEDIUM,MEDIUM,5,POLICY_BASED,COST_BASED,false,false
6,policy_driven_dh_strategy,1,2041,HYBRID_HEAT_PUMP,SOCIAL_HOUSING,1597894,1597894,1597893,27159300,0.0,0.0,0.0,0.0,0.0,MEDIUM,MEDIUM,MEDIUM,5,POLICY_BASED,COST_BASED,false,false
6,policy_driven_dh_strategy,1,2042,HYBRID_HEAT_PUMP,SOCIAL_HOUSING,1597894,1597894,1597894,28757194,0.0,0.0,0.0,0.0,0.0,MEDIUM,MEDIUM,MEDIUM,5,POLICY_BASED,COST_BASED,false,false
6,policy_driven_dh_strategy,1,2043,HYBRID_HEAT_PUMP,SOCIAL_HOUSING,1597894,1597894,1597894,30355088,0.0,0.0,0.0,0.0,0.0,MEDIUM,MEDIUM,MEDIUM,5,POLICY_BASED,COST_BASED,false,false
6,policy_driven_dh_strategy,1,2044,HYBRID_HEAT_PUMP,SOCIAL_HOUSING,1597894,1597894,1597894,31952982,0.0,0.0,0.0,0.0,0.0,MEDIUM,MEDIUM,MEDIUM,5,POLICY_BASED,COST_BASED,false,false
6,policy_driven_dh_strategy,1,2045,HYBRID_HEAT_PUMP,SOCIAL_HOUSING,1597894,1597894,1597894,33550876,0.0,0.0,0.0,0.0,0.0,MEDIUM,MEDIUM,MEDIUM,5,POLICY_BASED,COST_BASED,false,false
6,policy_driven_dh_strategy,1,2046,HYBRID_HEAT_PUMP,SOCIAL_HOUSING,1597894,1597894,1597894,35148770,0.0,0.0,0.0,0.0,0.0,MEDIUM,MEDIUM,MEDIUM,5,POLICY_BASED,COST_BASED,false,false
6,policy_driven_dh_strategy,1,2047,HYBRID_HEAT_PUMP,SOCIAL_HOUSING,1597894,1597894,1597894,36746664,0.0,0.0,0.0,0.0,0.0,MEDIUM,MEDIUM,MEDIUM,5,POLICY_BASED,COST_BASED,false,false
6,policy_driven_dh_strategy,1,2048,HYBRID_HEAT_PUMP,SOCIAL_HOUSING,1597895,1597895,1597894,38344559,0.0,0.0,0.0,0.0,0.0,MEDIUM,MEDIUM,MEDIUM,5,POLICY_BASED,COST_BASED,false,false
6,policy_driven_dh_strategy,1,2049,HYBRID_HEAT_PUMP,SOCIAL_HOUSING,1597895,1597895,1597895,39942454,0.0,0.0,0.0,0.0,0.0,MEDIUM,MEDIUM,MEDIUM,5,POLICY_BASED,COST_BASED,false,false
6,policy_driven_dh_strategy,1,2050,HYBRID_HEAT_PUMP,SOCIAL_HOUSING,1597895,1597895,1597895,41540349,0.0,0.0,0.0,0.0,0.0,MEDIUM,MEDIUM,MEDIUM,5,POLICY_BASED,COST_BASED,false,false
6,policy_driven_dh_strategy,1,2024,HYBRID_HEAT_PUMP,PRIVATELY_RENTED,22362,22362,0,22362,0.0,0.0,0.0,0.0,0.0,MEDIUM,MEDIUM,MEDIUM,5,POLICY_BASED,COST_BASED,false,false
6,policy_driven_dh_strategy,1,2025,HYBRID_HEAT_PUMP,PRIVATELY_RENTED,20405,398,2355,22760,0.0,0.0,0.0,0.0,0.0,MEDIUM,MEDIUM,MEDIUM,5,POLICY_BASED,COST_BASED,false,false
6,policy_driven_dh_strategy,1,2026,HYBRID_HEAT_PUMP,PRIVATELY_RENTED,19041,210,1574,22970,0.0,0.0,0.0,0.0,0.0,MEDIUM,MEDIUM,MEDIUM,5,POLICY_BASED,COST_BASED,false,false
6,policy_driven_dh_strategy,1,2027,HYBRID_HEAT_PUMP,PRIVATELY_RENTED,17740,243,1544,23213,0.0,0.0,0.0,0.0,0.0,MEDIUM,MEDIUM,MEDIUM,5,POLICY_BASED,COST_BASED,false,false
6,policy_driven_dh_strategy,1,2028,HYBRID_HEAT_PUMP,PRIVATELY_RENTED,16494,235,1481,23448,0.0,0.0,0.0,0.0,0.0,MEDIUM,MEDIUM,MEDIUM,5,POLICY_BASED,COST_BASED,false,false
6,policy_driven_dh_strategy,1,2029,HYBRID_HEAT_PUMP,PRIVATELY_RENTED,15355,263,1402,23711,0.0,0.0,0.0,0.0,0.0,MEDIUM,MEDIUM,MEDIUM,5,POLICY_BASED,COST_BASED,false,false
6,policy_driven_dh_strategy,1,2030,HYBRID_HEAT_PUMP,PRIVATELY_RENTED,14058,213,1510,23924,0.0,0.0,0.0,0.0,0.0,MEDIUM,MEDIUM,MEDIUM,5,POLICY_BASED,COST_BASED,false,false
6,policy_driven_dh_strategy,1,2031,HYBRID_HEAT_PUMP,PRIVATELY_RENTED,12799,244,1503,24168,0.0,0.0,0.0,0.0,0.0,MEDIUM,MEDIUM,MEDIUM,5,POLICY_BASED,COST_BASED,false,false
6,policy_driven_dh_strategy,1,2032,HYBRID_HEAT_PUMP,PRIVATELY_RENTED,11524,242,1517,24410,0.0,0.0,0.0,0.0,0.0,MEDIUM,MEDIUM,MEDIUM,5,POLICY_BASED,COST_BASED,false,false
6,policy_driven_dh_strategy,1,2033,HYBRID_HEAT_PUMP,PRIVATELY_RENTED,10266,234,1492,24644,0.0,0.0,0.0,0.0,0.0,MEDIUM,MEDIUM,MEDIUM,5,POLICY_BASED,COST_BASED,false,false
6,policy_driven_dh_strategy,1,2034,HYBRID_HEAT_PUMP,PRIVATELY_RENTED,8973,204,1497,24848,0.0,0.0,0.0,0.0,0.0,MEDIUM,MEDIUM,MEDIUM,5,POLICY_BASED,COST_BASED,false,false
6,policy_driven_dh_strategy,1,2035,HYBRID_HEAT_PUMP,PRIVATELY_RENTED,7731,210,1452,25058,0.0,0.0,0.0,0.0,0.0,MEDIUM,MEDIUM,MEDIUM,5,POLICY_BASED,COST_BASED,false,false
6,policy_driven_dh_strategy,1,2036,HYBRID_HEAT_PUMP,PRIVATELY_RENTED,6381,112,1462,25170,0.0,0.0,0.0,0.0,0.0,MEDIUM,MEDIUM,MEDIUM,5,POLICY_BASED,COST_BASED,false,false
6,policy_driven_dh_strategy,1,2037,HYBRID_HEAT_PUMP,PRIVATELY_RENTED,5053,11,1339,25181,0.0,0.0,0.0,0.0,0.0,MEDIUM,MEDIUM,MEDIUM,5,POLICY_BASED,COST_BASED,false,false
6,policy_driven_dh_strategy,1,2038,HYBRID_HEAT_PUMP,PRIVATELY_RENTED,3709,14,1358,25195,0.0,0.0,0.0,0.0,0.0,MEDIUM,MEDIUM,MEDIUM,5,POLICY_BASED,COST_BASED,false,false
6,policy_driven_dh_strategy,1,2039,HYBRID_HEAT_PUMP,PRIVATELY_RENTED,2834,1,876,25196,0.0,0.0,0.0,0.0,0.0,MEDIUM,MEDIUM,MEDIUM,5,POLICY_BASED,COST_BASED,false,false
6,policy_driven_dh_strategy,1,2040,HYBRID_HEAT_PUMP,PRIVATELY_RENTED,2836,400,398,25596,0.0,0.0,0.0,0.0,0.0,MEDIUM,MEDIUM,MEDIUM,5,POLICY_BASED,COST_BASED,false,false
6,policy_driven_dh_strategy,1,2041,HYBRID_HEAT_PUMP,PRIVATELY_RENTED,2836,210,210,25806,0.0,0.0,0.0,0.0,0.0,MEDIUM,MEDIUM,MEDIUM,5,POLICY_BASED,COST_BASED,false,false
6,policy_driven_dh_strategy,1,2042,HYBRID_HEAT_PUMP,PRIVATELY_RENTED,2838,245,243,26051,0.0,0.0,0.0,0.0,0.0,MEDIUM,MEDIUM,MEDIUM,5,POLICY_BASED,COST_BASED,false,false
6,policy_driven_dh_strategy,1,2043,HYBRID_HEAT_PUMP,PRIVATELY_RENTED,2838,235,235,26286,0.0,0.0,0.0,0.0,0.0,MEDIUM,MEDIUM,MEDIUM,5,POLICY_BASED,COST_BASED,false,false
6,policy_driven_dh_strategy,1,2044,HYBRID_HEAT_PUMP,PRIVATELY_RENTED,2839,264,263,26550,0.0,0.0,0.0,0.0,0.0,MEDIUM,MEDIUM,MEDIUM,5,POLICY_BASED,COST_BASED,false,false
6,policy_driven_dh_strategy,1,2045,HYBRID_HEAT_PUMP,PRIVATELY_RENTED,2842,216,213,26766,0.0,0.0,0.0,0.0,0.0,MEDIUM,MEDIUM,MEDIUM,5,POLICY_BASED,COST_BASED,false,false
6,policy_driven_dh_strategy,1,2046,HYBRID_HEAT_PUMP,PRIVATELY_RENTED,2846,248,244,27014,0.0,0.0,0.0,0.0,0.0,MEDIUM,MEDIUM,MEDIUM,5,POLICY_BASED,COST_BASED,false,false
6,policy_driven_dh_strategy,1,2047,HYBRID_HEAT_PUMP,PRIVATELY_RENTED,2848,244,242,27258,0.0,0.0,0.0,0.0,0.0,MEDIUM,MEDIUM,MEDIUM,5,POLICY_BASED,COST_BASED,false,false
6,policy_driven_dh_strategy,1,2048,HYBRID_HEAT_PUMP,PRIVATELY_RENTED,2849,235,234,27493,0.0,0.0,0.0,0.0,0.0,MEDIUM,MEDIUM,MEDIUM,5,POLICY_BASED,COST_BASED,false,false
6,policy_driven_dh_strategy,1,2049,HYBRID_HEAT_PUMP,PRIVATELY_RENTED,2850,205,204,27698,0.0,0.0,0.0,0.0,0.0,MEDIUM,MEDIUM,MEDIUM,5,POLICY_BASED,COST_BASED,false,false
6,policy_driven_dh_strategy,1,2050,HYBRID_HEAT_PUMP,PRIVATELY_RENTED,2852,212,210,27910,0.0,0.0,0.0,0.0,0.0,MEDIUM,MEDIUM,MEDIUM,5,POLICY_BASED,COST_BASED,false,false
7,policy_driven_sha_strategy,1,2024,NATURAL_GAS_BOILER,TOTAL,6875047,6875047,0,6875047,0.0,0.0,0.0,0.0,0.0,MEDIUM,MEDIUM,MEDIUM,5,COST_BASED,POLICY_BASED,false,false
7,policy_driven_sha_strategy,1,2025,NATURAL_GAS_BOILER,TOTAL,4820017,10490,2065520,6885537,0.2855754798622422,0.6271836023974718,0.7670581672633913,1771.3956377447648,0.7410529765759033,MEDIUM,MEDIUM,MEDIUM,5,COST_BASED,POLICY_BASED,false,false
7,policy_driven_sha_strategy,1,2026,NATURAL_GAS_BOILER,TOTAL,4387110,6707,439614,6892244,0.2856876319540637,0.6250398758139033,0.6809174015213165,1769.3473116773832,0.7381572904338467,MEDIUM,MEDIUM,MEDIUM,5,COST_BASED,POLICY_BASED,false,false
7,policy_driven_sha_strategy,1,2027,NATURAL_GAS_BOILER,TOTAL,3953451,6110,439769,6898354,0.2840302101289911,0.6290506150296855,0.6149032138598681,1752.66095154216,0.7440574166632881,MEDIUM,MEDIUM,MEDIUM,5,COST_BASED,POLICY_BASED,false,false
7,policy_driven_sha_strategy,1,2028,NATURAL_GAS_BOILER,TOTAL,3513556,5877,445772,6904231,0.28356734884414475,0.6206741025084219,0.5496113814645522,1746.8235422112525,0.7330430203965257,MEDIUM,MEDIUM,MEDIUM,5,COST_BASED,POLICY_BASED,false,false
7,policy_driven_sha_strategy,1,2029,NATURAL_GAS_BOILER,TOTAL,3072603,5522,446475,6909753,0.28287001454270644,0.6158125456587404,0.484835240045595,1744.166662148295,0.726793389364079,MEDIUM,MEDIUM,MEDIUM,5,COST_BASED,POLICY_BASED,false,false
7,policy_driven_sha_strategy,1,2030,NATURAL_GAS_BOILER,TOTAL,2632798,7748,447553,6917501,0.2820895965118214,0.6251039458476925,0.418784371849853,1734.4768934567983,0.7394420622929849,MEDIUM,MEDIUM,MEDIUM,5,COST_BASED,POLICY_BASED,false,false
7,policy_driven_sha_strategy,1,2031,NATURAL_GAS_BOILER,TOTAL,2187294,5757,451261,6923258,0.28013836435080886,0.6092568248272121,0.3519749004673226,1714.2929504584056,0.7189629783193311,MEDIUM,MEDIUM,MEDIUM,5,COST_BASED,POLICY_BASED,false,false
7,policy_driven_sha_strategy,1,2032,NATURAL_GAS_BOILER,TOTAL,1741677,5469,451086,6928727,0.28022991861479485,0.6084091016739221,0.2887183821497501,1717.560079993144,0.7178021626936332,MEDIUM,MEDIUM,MEDIUM,5,COST_BASED,POLICY_BASED,false,false
7,policy_driven_sha_strategy,1,2033,NATURAL_GAS_BOILER,TOTAL,1296957,5830,450550,6934557,0.27690370338218273,0.6033264973367898,0.22123233988275534,1689.649398120672,0.712134095321652,MEDIUM,MEDIUM,MEDIUM,5,COST_BASED,POLICY_BASED,false,false
7,policy_driven_sha_strategy,1,2034,NATURAL_GAS_BOILER,TOTAL,837233,5784,465508,6940341,0.2745672299239626,0.5985383246466924,0.15476385826808733,1634.4919587251406,0.7065286895542673,MEDIUM,MEDIUM,MEDIUM,5,COST_BASED,POLICY_BASED,false,false
7,policy_driven_sha_strategy,1,2035,NATURAL_GAS_BOILER,TOTAL,374755,5621,468099,6945962,0.27129086126379326,0.5929439459825165,0.0876019218341799,1608.922188342789,0.7001616408887679,MEDIUM,MEDIUM,MEDIUM,5,COST_BASED,POLICY_BASED,false,false
7,policy_driven_sha_strategy,1,2036,NATURAL_GAS_BOILER,TOTAL,74360,3282,303677,6949244,0.2553848655620365,0.5530899342976283,0.03134991211042239,1551.5155815239816,0.6523249572094802,MEDIUM,MEDIUM,MEDIUM,5,COST_BASED,POLICY_BASED,false,false
7,policy_driven_sha_strategy,1,2037,NATURAL_GAS_BOILER,TOTAL,71920,8213,10653,6957457,0.3516094639021711,0.6170693963951377,0.011901080011381324,1500.831167210456,0.7055560405594673,MEDIUM,MEDIUM,MEDIUM,5,COST_BASED,POLICY_BASED,false,false
7,policy_driven_sha_strategy,1,2038,NATURAL_GAS_BOILER,TOTAL,69943,4730,6707,6962187,0.3273318947122398,0.5973729544254637,0.011235698077759588,1517.7008578946984,0.6873866409965464,MEDIUM,MEDIUM,MEDIUM,5,COST_BASED,POLICY_BASED,false,false
7,policy_driven_sha_strategy,1,2039,NATURAL_GAS_BOILER,TOTAL,68355,4522,6110,6966709,0.36359881457948706,0.6130614321469234,0.011067983306155965,1644.8268186379723,0.6962156380027286,MEDIUM,MEDIUM,MEDIUM,5,COST_BASED,POLICY_BASED,false,false
7,policy_driven_sha_strategy,1,2040,NATURAL_GAS_BOILER,TOTAL,67417,4939,5877,6971648,0.2751313286408691,0.5957170702975244,0.011684615970004024,1775.2535857670975,0.7025789841830598,MEDIUM,MEDIUM,MEDIUM,5,COST_BASED,POLICY_BASED,false,false
7,policy_driven_sha_strategy,1,2041,NATURAL_GAS_BOILER,TOTAL,66559,4664,5522,6976312,0.2764750485220294,0.5925556493949955,0.011476781574436283,1767.4638781845867,0.6979158496860125,MEDIUM,MEDIUM,MEDIUM,5,COST_BASED,POLICY_BASED,false,false
7,policy_driven_sha_strategy,1,2042,NATURAL_GAS_BOILER,TOTAL,65223,6412,7748,6982724,0.27738809011814086,0.596678799457437,0.011247816577211292,1752.79159027391,0.7031090359038725,MEDIUM,MEDIUM,MEDIUM,5,COST_BASED,POLICY_BASED,false,false
7,policy_driven_sha_strategy,1,2043,NATURAL_GAS_BOILER,TOTAL,64263,4797,5757,6987521,0.2730822663050705,0.583882739991599,0.010880449316922855,1732.8848076000506,0.6874828978871298,MEDIUM,MEDIUM,MEDIUM,5,COST_BASED,POLICY_BASED,false,false
7,policy_driven_sha_strategy,1,2044,NATURAL_GAS_BOILER,TOTAL,63441,4647,5469,6992168,0.2735009310053653,0.5808337279120624,0.010721552788484275,1736.558753856413,0.6832779935476401,MEDIUM,MEDIUM,MEDIUM,5,COST_BASED,POLICY_BASED,false,false
7,policy_driven_sha_strategy,1,2045,NATURAL_GAS_BOILER,TOTAL,62753,5142,5830,6997310,0.26875679449004886,0.5860720969703149,0.010498216739096348,1709.2996234860393,0.6918438644637247,MEDIUM,MEDIUM,MEDIUM,5,COST_BASED,POLICY_BASED,false,false
7,policy_driven_sha_strategy,1,2046,NATURAL_GAS_BOILER,TOTAL,61868,4899,5784,7002209,0.26686146792726007,0.564828588070572,0.010254300499100939,1680.5408711494576,0.6641509614517024,MEDIUM,MEDIUM,MEDIUM,5,COST_BASED,POLICY_BASED,false,false
7,policy_driven_sha_strategy,1,2047,NATURAL_GAS_BOILER,TOTAL,61089,4842,5621,7007051,0.26407287753441294,0.558738523625836,0.01000672580000879,1661.1469268156825,0.6569604056563115,MEDIUM,MEDIUM,MEDIUM,5,COST_BASED,POLICY_BASED,false,false
7,policy_driven_sha_strategy,1,2048,NATURAL_GAS_BOILER,TOTAL,60609,2802,3282,7009853,0.24270403792085538,0.5210212609531856,0.009144601374067222,1538.9465565397807,0.6137936686306417,MEDIUM,MEDIUM,MEDIUM,5,COST_BASED,POLICY_BASED,false,false
7,policy_driven_sha_strategy,1,2049,NATURAL_GAS_BOILER,TOTAL,58846,6450,8213,7016303,0.2729942307984534,0.5765592069417951,0.009908537997253742,1661.3283111073074,0.6777475323228991,MEDIUM,MEDIUM,MEDIUM,5,COST_BASED,POLICY_BASED,false,false
7,policy_driven_sha_strategy,1,2050,NATURAL_GAS_BOILER,TOTAL,58164,4048,4730,7020351,0.26612369081524734,0.5685953934167962,0.009562952875815288,1626.6339835640051,0.6694192942839955,MEDIUM,MEDIUM,MEDIUM,5,COST_BASED,POLICY_BASED,false,false
7,policy_driven_sha_strategy,1,2024,NATURAL_GAS_BOILER,PRIVATELY_OWNED,4614950,4614950,0,4614950,0.0,0.0,0.0,0.0,0.0,MEDIUM,MEDIUM,MEDIUM,5,COST_BASED,POLICY_BASED,false,false
7,policy_driven_sha_strategy,1,2025,NATURAL_GAS_BOILER,PRIVATELY_OWNED,4014486,10490,610954,4625440,0.2855754798622422,0.6271836023974718,0.7670581672633913,1771.395637744765,0.7410529765759033,MEDIUM,MEDIUM,MEDIUM,5,COST_BASED,POLICY_BASED,false,false
7,policy_driven_sha_strategy,1,2026,NATURAL_GAS_BOILER,PRIVATELY_OWNED,3659869,6703,361320,4632143,0.2858581153984642,0.6254128669377665,0.6813237374315186,1770.4031656601833,0.738597784117531,MEDIUM,MEDIUM,MEDIUM,5,COST_BASED,POLICY_BASED,false,false
7,policy_driven_sha_strategy,1,2027,NATURAL_GAS_BOILER,PRIVATELY_OWNED,3301011,6086,364944,4638229,0.2851502766822438,0.6315312615562567,0.6173280704376921,1759.5725293990467,0.7469915898476323,MEDIUM,MEDIUM,MEDIUM,5,COST_BASED,POLICY_BASED,false,false
7,policy_driven_sha_strategy,1,2028,NATURAL_GAS_BOILER,PRIVATELY_OWNED,2938199,5839,368651,4644068,0.2854127948547763,0.6247134270323678,0.5531882323800605,1758.1918064010158,0.7378136377582432,MEDIUM,MEDIUM,MEDIUM,5,COST_BASED,POLICY_BASED,false,false
7,policy_driven_sha_strategy,1,2029,NATURAL_GAS_BOILER,PRIVATELY_OWNED,2572870,5474,370803,4649542,0.28535042387738857,0.6212124364500484,0.48908662687829296,1759.4607797557335,0.7331664406409288,MEDIUM,MEDIUM,MEDIUM,5,COST_BASED,POLICY_BASED,false,false
7,policy_driven_sha_strategy,1,2030,NATURAL_GAS_BOILER,PRIVATELY_OWNED,2209325,7653,371198,4657195,0.28559129671678984,0.6328636315729677,0.42398292344082855,1756.0077055407387,0.7486210765250291,MEDIUM,MEDIUM,MEDIUM,5,COST_BASED,POLICY_BASED,false,false
7,policy_driven_sha_strategy,1,2031,NATURAL_GAS_BOILER,PRIVATELY_OWNED,1840293,5646,374678,4662841,0.2856458667317759,0.6212347751559086,0.3588947045679023,1747.9958405577474,0.7330977446306037,MEDIUM,MEDIUM,MEDIUM,5,COST_BASED,POLICY_BASED,false,false
7,policy_driven_sha_strategy,1,2032,NATURAL_GAS_BOILER,PRIVATELY_OWNED,1471229,5365,374429,4668206,0.28566214816483,0.6202030525730997,0.2943151597347592,1750.8548140694325,0.7317166873758583,MEDIUM,MEDIUM,MEDIUM,5,COST_BASED,POLICY_BASED,false,false
7,policy_driven_sha_strategy,1,2033,NATURAL_GAS_BOILER,PRIVATELY_OWNED,1101272,5653,375610,4673859,0.285573782189656,0.6222171377097974,0.2281593032932007,1742.5536867227165,0.7344315895498373,MEDIUM,MEDIUM,MEDIUM,5,COST_BASED,POLICY_BASED,false,false
7,policy_driven_sha_strategy,1,2034,NATURAL_GAS_BOILER,PRIVATELY_OWNED,713782,5563,393053,4679422,0.28547489805504217,0.6223163166917974,0.1609121258714034,1699.4250385163066,0.734596789570714,MEDIUM,MEDIUM,MEDIUM,5,COST_BASED,POLICY_BASED,false,false
7,policy_driven_sha_strategy,1,2035,NATURAL_GAS_BOILER,PRIVATELY_OWNED,323294,5339,395827,4684761,0.285620140693722,0.6242625810765546,0.0922289572260583,1693.9036562417714,0.7371433945375097,MEDIUM,MEDIUM,MEDIUM,5,COST_BASED,POLICY_BASED,false,false
7,policy_driven_sha_strategy,1,2036,NATURAL_GAS_BOILER,PRIVATELY_OWNED,72906,2932,253320,4687693,0.28587078061889626,0.6191136304109196,0.03509222767612765,1736.7237853211827,0.7301945803415806,MEDIUM,MEDIUM,MEDIUM,5,COST_BASED,POLICY_BASED,false,false
7,policy_driven_sha_strategy,1,2037,NATURAL_GAS_BOILER,PRIVATELY_OWNED,70252,7999,10653,4695692,0.3610161929026793,0.6335780663324498,0.012219473700896965,1540.98341996493,0.7244320241423808,MEDIUM,MEDIUM,MEDIUM,5,COST_BASED,POLICY_BASED,false,false
7,policy_driven_sha_strategy,1,2038,NATURAL_GAS_BOILER,PRIVATELY_OWNED,68088,4539,6703,4700231,0.3411059400724596,0.6225102609456803,0.011708493480458878,1581.5653355016354,0.7163117012367625,MEDIUM,MEDIUM,MEDIUM,5,COST_BASED,POLICY_BASED,false,false
7,policy_driven_sha_strategy,1,2039,NATURAL_GAS_BOILER,PRIVATELY_OWNED,66469,4467,6086,4704698,0.36807563007128735,0.6206097596078772,0.011204258005470622,1665.0787718560355,0.7047878027867335,MEDIUM,MEDIUM,MEDIUM,5,COST_BASED,POLICY_BASED,false,false
7,policy_driven_sha_strategy,1,2040,NATURAL_GAS_BOILER,PRIVATELY_OWNED,65524,4894,5839,4709592,0.2776611426557524,0.6011946485900026,0.011792055225960333,1791.5769227837545,0.7090391505680694,MEDIUM,MEDIUM,MEDIUM,5,COST_BASED,POLICY_BASED,false,false
7,policy_driven_sha_strategy,1,2041,NATURAL_GAS_BOILER,PRIVATELY_OWNED,64663,4613,5474,4714205,0.279531677066279,0.5991067740685582,0.011603665567563587,1787.0044500006313,0.7056318064026799,MEDIUM,MEDIUM,MEDIUM,5,COST_BASED,POLICY_BASED,false,false
7,policy_driven_sha_strategy,1,2042,NATURAL_GAS_BOILER,PRIVATELY_OWNED,63323,6313,7653,4720518,0.2817380696717122,0.6060358723461248,0.011424204006507017,1780.278738608635,0.7141351399042659,MEDIUM,MEDIUM,MEDIUM,5,COST_BASED,POLICY_BASED,false,false
7,policy_driven_sha_strategy,1,2043,NATURAL_GAS_BOILER,PRIVATELY_OWNED,62355,4678,5646,4725196,0.28002899347272836,0.59873567843944,0.011157228596254582,1776.9663151041989,0.7049712400950324,MEDIUM,MEDIUM,MEDIUM,5,COST_BASED,POLICY_BASED,false,false
7,policy_driven_sha_strategy,1,2044,NATURAL_GAS_BOILER,PRIVATELY_OWNED,61526,4536,5365,4729732,0.28019374479319503,0.5950472516771063,0.010983918828943215,1779.0539085473436,0.6999984206384223,MEDIUM,MEDIUM,MEDIUM,5,COST_BASED,POLICY_BASED,false,false
7,policy_driven_sha_strategy,1,2045,NATURAL_GAS_BOILER,PRIVATELY_OWNED,60835,4962,5653,4734694,0.2785061340725174,0.6073322697745586,0.010879046850550871,1771.3056557769476,0.7169409816752262,MEDIUM,MEDIUM,MEDIUM,5,COST_BASED,POLICY_BASED,false,false
7,policy_driven_sha_strategy,1,2046,NATURAL_GAS_BOILER,PRIVATELY_OWNED,59933,4661,5563,4739355,0.280487949233136,0.5936698676159048,0.010777905630786419,1766.3526556020581,0.6980638404101888,MEDIUM,MEDIUM,MEDIUM,5,COST_BASED,POLICY_BASED,false,false
7,policy_driven_sha_strategy,1,2047,NATURAL_GAS_BOILER,PRIVATELY_OWNED,59146,4552,5339,4743907,0.28089650110316944,0.5943347828199248,0.010644236890079649,1766.975707302622,0.6988142100588446,MEDIUM,MEDIUM,MEDIUM,5,COST_BASED,POLICY_BASED,false,false
7,policy_driven_sha_strategy,1,2048,NATURAL_GAS_BOILER,PRIVATELY_OWNED,58662,2448,2932,4746355,0.2778009453652928,0.5963650217282785,0.010466982455121062,1761.490298784504,0.7025530471826217,MEDIUM,MEDIUM,MEDIUM,5,COST_BASED,POLICY_BASED,false,false
7,policy_driven_sha_strategy,1,2049,NATURAL_GAS_BOILER,PRIVATELY_OWNED,56892,6229,7999,4752584,0.2826798504816222,0.5970150722065466,0.010260085099098834,1720.2709273787336,0.7017934794481778,MEDIUM,MEDIUM,MEDIUM,5,COST_BASED,POLICY_BASED,false,false
7,policy_driven_sha_strategy,1,2050,NATURAL_GAS_BOILER,PRIVATELY_OWNED,56200,3847,4539,4756431,0.28002825589293506,0.5983036528596806,0.01006260287010665,1711.6231779223012,0.704395451848613,MEDIUM,MEDIUM,MEDIUM,5,COST_BASED,POLICY_BASED,false,false
7,policy_driven_sha_strategy,1,2024,NATURAL_GAS_BOILER,SOCIAL_HOUSING,1330364,1330364,0,1330364,0.0,0.0,0.0,0.0,0.0,MEDIUM,MEDIUM,MEDIUM,5,COST_BASED,POLICY_BASED,false,false
7,policy_driven_sha_strategy,1,2025,NATURAL_GAS_BOILER,SOCIAL_HOUSING,3403,0,1326961,1330364,0.0,0.0,0.0,0.0,0.0,MEDIUM,MEDIUM,MEDIUM,5,COST_BASED,POLICY_BASED,false,false
7,policy_driven_sha_strategy,1,2026,NATURAL_GAS_BOILER,SOCIAL_HOUSING,960,0,2443,1330364,0.0,0.0,0.0,0.0,0.0,MEDIUM,MEDIUM,MEDIUM,5,COST_BASED,POLICY_BASED,false,false
7,policy_driven_sha_strategy,1,2027,NATURAL_GAS_BOILER,SOCIAL_HOUSING,416,0,544,1330364,0.0,0.0,0.0,0.0,0.0,MEDIUM,MEDIUM,MEDIUM,5,COST_BASED,POLICY_BASED,false,false
7,policy_driven_sha_strategy,1,2028,NATURAL_GAS_BOILER,SOCIAL_HOUSING,248,0,168,1330364,0.0,0.0,0.0,0.0,0.0,MEDIUM,MEDIUM,MEDIUM,5,COST_BASED,POLICY_BASED,false,false
7,policy_driven_sha_strategy,1,2029,NATURAL_GAS_BOILER,SOCIAL_HOUSING,194,0,54,1330364,0.0,0.0,0.0,0.0,0.0,MEDIUM,MEDIUM,MEDIUM,5,COST_BASED,POLICY_BASED,false,false
7,policy_driven_sha_strategy,1,2030,NATURAL_GAS_BOILER,SOCIAL_HOUSING,125,0,69,1330364,0.0,0.0,0.0,0.0,0.0,MEDIUM,MEDIUM,MEDIUM,5,COST_BASED,POLICY_BASED,false,false
7,policy_driven_sha_strategy,1,2031,NATURAL_GAS_BOILER,SOCIAL_HOUSING,107,0,18,1330364,0.0,0.0,0.0,0.0,0.0,MEDIUM,MEDIUM,MEDIUM,5,COST_BASED,POLICY_BASED,false,false
7,policy_driven_sha_strategy,1,2032,NATURAL_GAS_BOILER,SOCIAL_HOUSING,89,0,18,1330364,0.0,0.0,0.0,0.0,0.0,MEDIUM,MEDIUM,MEDIUM,5,COST_BASED,POLICY_BASED,false,false
7,policy_driven_sha_strategy,1,2033,NATURAL_GAS_BOILER,SOCIAL_HOUSING,62,0,27,1330364,0.0,0.0,0.0,0.0,0.0,MEDIUM,MEDIUM,MEDIUM,5,COST_BASED,POLICY_BASED,false,false
7,policy_driven_sha_strategy,1,2034,NATURAL_GAS_BOILER,SOCIAL_HOUSING,39,0,23,1330364,0.0,0.0,0.0,0.0,0.0,MEDIUM,MEDIUM,MEDIUM,5,COST_BASED,POLICY_BASED,false,false
7,policy_driven_sha_strategy,1,2035,NATURAL_GAS_BOILER,SOCIAL_HOUSING,15,0,24,1330364,0.0,0.0,0.0,0.0,0.0,MEDIUM,MEDIUM,MEDIUM,5,COST_BASED,POLICY_BASED,false,false
7,policy_driven_sha_strategy,1,2036,NATURAL_GAS_BOILER,SOCIAL_HOUSING,0,0,15,1330364,0.0,0.0,0.0,0.0,0.0,MEDIUM,MEDIUM,MEDIUM,5,COST_BASED,POLICY_BASED,false,false
7,policy_driven_sha_strategy,1,2037,NATURAL_GAS_BOILER,SOCIAL_HOUSING,0,0,0,1330364,0.0,0.0,0.0,0.0,0.0,MEDIUM,MEDIUM,MEDIUM,5,COST_BASED,POLICY_BASED,false,false
7,policy_driven_sha_strategy,1,2038,NATURAL_GAS_BOILER,SOCIAL_HOUSING,0,0,0,1330364,0.0,0.0,0.0,0.0,0.0,MEDIUM,MEDIUM,MEDIUM,5,COST_BASED,POLICY_BASED,false,false
7,policy_driven_sha_strategy,1,2039,NATURAL_GAS_BOILER,SOCIAL_HOUSING,0,0,0,1330364,0.0,0.0,0.0,0.0,0.0,MEDIUM,MEDIUM,MEDIUM,5,COST_BASED,POLICY_BASED,false,false
7,policy_driven_sha_strategy,1,2040,NATURAL_GAS_BOILER,SOCIAL_HOUSING,0,0,0,1330364,0.0,0.0,0.0,0.0,0.0,MEDIUM,MEDIUM,MEDIUM,5,COST_BASED,POLICY_BASED,false,false
7,policy_driven_sha_strategy,1,2041,NATURAL_GAS_BOILER,SOCIAL_HOUSING,0,0,0,1330364,0.0,0.0,0.0,0.0,0.0,MEDIUM,MEDIUM,MEDIUM,5,COST_BASED,POLICY_BASED,false,false
7,policy_driven_sha_strategy,1,2042,NATURAL_GAS_BOILER,SOCIAL_HOUSING,0,0,0,1330364,0.0,0.0,0.0,0.0,0.0,MEDIUM,MEDIUM,MEDIUM,5,COST_BASED,POLICY_BASED,false,false
7,policy_driven_sha_strategy,1,2043,NATURAL_GAS_BOILER,SOCIAL_HOUSING,0,0,0,1330364,0.0,0.0,0.0,0.0,0.0,MEDIUM,MEDIUM,MEDIUM,5,COST_BASED,POLICY_BASED,false,false
7,policy_driven_sha_strategy,1,2044,NATURAL_GAS_BOILER,SOCIAL_HOUSING,0,0,0,1330364,0.0,0.0,0.0,0.0,0.0,MEDIUM,MEDIUM,MEDIUM,5,COST_BASED,POLICY_BASED,false,false
7,policy_driven_sha_strategy,1,2045,NATURAL_GAS_BOILER,SOCIAL_HOUSING,0,0,0,1330364,0.0,0.0,0.0,0.0,0.0,MEDIUM,MEDIUM,MEDIUM,5,COST_BASED,POLICY_BASED,false,false
7,policy_driven_sha_strategy,1,2046,NATURAL_GAS_BOILER,SOCIAL_HOUSING,0,0,0,1330364,0.0,0.0,0.0,0.0,0.0,MEDIUM,MEDIUM,MEDIUM,5,COST_BASED,POLICY_BASED,false,false
7,policy_driven_sha_strategy,1,2047,NATURAL_GAS_BOILER,SOCIAL_HOUSING,0,0,0,1330364,0.0,0.0,0.0,0.0,0.0,MEDIUM,MEDIUM,MEDIUM,5,COST_BASED,POLICY_BASED,false,false
7,policy_driven_sha_strategy,1,2048,NATURAL_GAS_BOILER,SOCIAL_HOUSING,0,0,0,1330364,0.0,0.0,0.0,0.0,0.0,MEDIUM,MEDIUM,MEDIUM,5,COST_BASED,POLICY_BASED,false,false
7,policy_driven_sha_strategy,1,2049,NATURAL_GAS_BOILER,SOCIAL_HOUSING,0,0,0,1330364,0.0,0.0,0.0,0.0,0.0,MEDIUM,MEDIUM,MEDIUM,5,COST_BASED,POLICY_BASED,false,false
7,policy_driven_sha_strategy,1,2050,NATURAL_GAS_BOILER,SOCIAL_HOUSING,0,0,0,1330364,0.0,0.0,0.0,0.0,0.0,MEDIUM,MEDIUM,MEDIUM,5,COST_BASED,POLICY_BASED,false,false
7,policy_driven_sha_strategy,1,2024,NATURAL_GAS_BOILER,PRIVATELY_RENTED,929733,929733,0,929733,0.0,0.0,0.0,0.0,0.0,MEDIUM,MEDIUM,MEDIUM,5,COST_BASED,POLICY_BASED,false,false
7,policy_driven_sha_strategy,1,2025,NATURAL_GAS_BOILER,PRIVATELY_RENTED,802128,0,127605,929733,0.0,0.0,0.0,0.0,0.0,MEDIUM,MEDIUM,MEDIUM,5,COST_BASED,POLICY_BASED,false,false
7,policy_driven_sha_strategy,1,2026,NATURAL_GAS_BOILER,PRIVATELY_RENTED,726281,4,75851,929737,0.0,0.0,0.0,0.0,0.0,MEDIUM,MEDIUM,MEDIUM,5,COST_BASED,POLICY_BASED,false,false
7,policy_driven_sha_strategy,1,2027,NATURAL_GAS_BOILER,PRIVATELY_RENTED,652024,24,74281,929761,0.0,0.0,0.0,0.0,0.0,MEDIUM,MEDIUM,MEDIUM,5,COST_BASED,POLICY_BASED,false,false
7,policy_driven_sha_strategy,1,2028,NATURAL_GAS_BOILER,PRIVATELY_RENTED,575109,38,76953,929799,0.0,0.0,0.0,0.0,0.0,MEDIUM,MEDIUM,MEDIUM,5,COST_BASED,POLICY_BASED,false,false
7,policy_driven_sha_strategy,1,2029,NATURAL_GAS_BOILER,PRIVATELY_RENTED,499539,48,75618,929847,0.0,0.0,0.0,0.0,0.0,MEDIUM,MEDIUM,MEDIUM,5,COST_BASED,POLICY_BASED,false,false
7,policy_driven_sha_strategy,1,2030,NATURAL_GAS_BOILER,PRIVATELY_RENTED,423348,95,76286,929942,0.0,0.0,0.0,0.0,0.0,MEDIUM,MEDIUM,MEDIUM,5,COST_BASED,POLICY_BASED,false,false
7,policy_driven_sha_strategy,1,2031,NATURAL_GAS_BOILER,PRIVATELY_RENTED,346894,111,76565,930053,0.0,0.0,0.0,0.0,0.0,MEDIUM,MEDIUM,MEDIUM,5,COST_BASED,POLICY_BASED,false,false
7,policy_driven_sha_strategy,1,2032,NATURAL_GAS_BOILER,PRIVATELY_RENTED,270359,104,76639,930157,0.0,0.0,0.0,0.0,0.0,MEDIUM,MEDIUM,MEDIUM,5,COST_BASED,POLICY_BASED,false,false
7,policy_driven_sha_strategy,1,2033,NATURAL_GAS_BOILER,PRIVATELY_RENTED,195623,177,74913,930334,0.0,0.0,0.0,0.0,0.0,MEDIUM,MEDIUM,MEDIUM,5,COST_BASED,POLICY_BASED,false,false
7,policy_driven_sha_strategy,1,2034,NATURAL_GAS_BOILER,PRIVATELY_RENTED,123412,221,72432,930555,0.0,0.0,0.0,0.0,0.0,MEDIUM,MEDIUM,MEDIUM,5,COST_BASED,POLICY_BASED,false,false
7,policy_driven_sha_strategy,1,2035,NATURAL_GAS_BOILER,PRIVATELY_RENTED,51446,282,72248,930837,0.0,0.0,0.0,0.0,0.0,MEDIUM,MEDIUM,MEDIUM,5,COST_BASED,POLICY_BASED,false,false
7,policy_driven_sha_strategy,1,2036,NATURAL_GAS_BOILER,PRIVATELY_RENTED,1454,350,50342,931187,0.0,0.0,0.0,0.0,0.0,MEDIUM,MEDIUM,MEDIUM,5,COST_BASED,POLICY_BASED,false,false
7,policy_driven_sha_strategy,1,2037,NATURAL_GAS_BOILER,PRIVATELY_RENTED,1668,214,0,931401,0.0,0.0,0.0,0.0,0.0,MEDIUM,MEDIUM,MEDIUM,5,COST_BASED,POLICY_BASED,false,false
7,policy_driven_sha_strategy,1,2038,NATURAL_GAS_BOILER,PRIVATELY_RENTED,1855,191,4,931592,0.0,0.0,0.0,0.0,0.0,MEDIUM,MEDIUM,MEDIUM,5,COST_BASED,POLICY_BASED,false,false
7,policy_driven_sha_strategy,1,2039,NATURAL_GAS_BOILER,PRIVATELY_RENTED,1886,55,24,931647,0.0,0.0,0.0,0.0,0.0,MEDIUM,MEDIUM,MEDIUM,5,COST_BASED,POLICY_BASED,false,false
7,policy_driven_sha_strategy,1,2040,NATURAL_GAS_BOILER,PRIVATELY_RENTED,1893,45,38,931692,0.0,0.0,0.0,0.0,0.0,MEDIUM,MEDIUM,MEDIUM,5,COST_BASED,POLICY_BASED,false,false
7,policy_driven_sha_strategy,1,2041,NATURAL_GAS_BOILER,PRIVATELY_RENTED,1896,51,48,931743,0.0,0.0,0.0,0.0,0.0,MEDIUM,MEDIUM,MEDIUM,5,COST_BASED,POLICY_BASED,false,false
7,policy_driven_sha_strategy,1,2042,NATURAL_GAS_BOILER,PRIVATELY_RENTED,1900,99,95,931842,0.0,0.0,0.0,0.0,0.0,MEDIUM,MEDIUM,MEDIUM,5,COST_BASED,POLICY_BASED,false,false
7,policy_driven_sha_strategy,1,2043,NATURAL_GAS_BOILER,PRIVATELY_RENTED,1908,119,111,931961,0.0,0.0,0.0,0.0,0.0,MEDIUM,MEDIUM,MEDIUM,5,COST_BASED,POLICY_BASED,false,false
7,policy_driven_sha_strategy,1,2044,NATURAL_GAS_BOILER,PRIVATELY_RENTED,1915,111,104,932072,0.0,0.0,0.0,0.0,0.0,MEDIUM,MEDIUM,MEDIUM,5,COST_BASED,POLICY_BASED,false,false
7,policy_driven_sha_strategy,1,2045,NATURAL_GAS_BOILER,PRIVATELY_RENTED,1918,180,177,932252,0.0,0.0,0.0,0.0,0.0,MEDIUM,MEDIUM,MEDIUM,5,COST_BASED,POLICY_BASED,false,false
7,policy_driven_sha_strategy,1,2046,NATURAL_GAS_BOILER,PRIVATELY_RENTED,1935,238,221,932490,0.0,0.0,0.0,0.0,0.0,MEDIUM,MEDIUM,MEDIUM,5,COST_BASED,POLICY_BASED,false,false
7,policy_driven_sha_strategy,1,2047,NATURAL_GAS_BOILER,PRIVATELY_RENTED,1943,290,282,932780,0.0,0.0,0.0,0.0,0.0,MEDIUM,MEDIUM,MEDIUM,5,COST_BASED,POLICY_BASED,false,false
7,policy_driven_sha_strategy,1,2048,NATURAL_GAS_BOILER,PRIVATELY_RENTED,1947,354,350,933134,0.0,0.0,0.0,0.0,0.0,MEDIUM,MEDIUM,MEDIUM,5,COST_BASED,POLICY_BASED,false,false
7,policy_driven_sha_strategy,1,2049,NATURAL_GAS_BOILER,PRIVATELY_RENTED,1954,221,214,933355,0.0,0.0,0.0,0.0,0.0,MEDIUM,MEDIUM,MEDIUM,5,COST_BASED,POLICY_BASED,false,false
7,policy_driven_sha_strategy,1,2050,NATURAL_GAS_BOILER,PRIVATELY_RENTED,1964,201,191,933556,0.0,0.0,0.0,0.0,0.0,MEDIUM,MEDIUM,MEDIUM,5,COST_BASED,POLICY_BASED,false,false
7,policy_driven_sha_strategy,1,2024,NATURAL_GAS_BLOCK,TOTAL,464447,464447,0,464447,0.0,0.0,0.0,0.0,0.0,MEDIUM,MEDIUM,MEDIUM,5,COST_BASED,POLICY_BASED,false,false
7,policy_driven_sha_strategy,1,2025,NATURAL_GAS_BLOCK,TOTAL,318969,466,145944,464913,0.28523959694274825,0.6485961090464258,0.06401825747581598,1120.4161954611448,0.7697149464143248,MEDIUM,MEDIUM,MEDIUM,5,COST_BASED,POLICY_BASED,false,false
7,policy_driven_sha_strategy,1,2026,NATURAL_GAS_BLOCK,TOTAL,290298,292,28963,465205,0.2869664435093298,0.6483709699724917,0.0578508874352445,1131.5646676418007,0.7688391454602052,MEDIUM,MEDIUM,MEDIUM,5,COST_BASED,POLICY_BASED,false,false
7,policy_driven_sha_strategy,1,2027,NATURAL_GAS_BLOCK,TOTAL,262515,257,28040,465462,0.28460413633984366,0.6506725161088728,0.052611438294879805,1134.4369518612357,0.7726953093652202,MEDIUM,MEDIUM,MEDIUM,5,COST_BASED,POLICY_BASED,false,false
7,policy_driven_sha_strategy,1,2028,NATURAL_GAS_BLOCK,TOTAL,234571,226,28170,465688,0.28478081554629964,0.6470592491259569,0.04703500347226144,1134.99831871827,0.7678187269858343,MEDIUM,MEDIUM,MEDIUM,5,COST_BASED,POLICY_BASED,false,false
7,policy_driven_sha_strategy,1,2029,NATURAL_GAS_BLOCK,TOTAL,206439,247,28379,465935,0.28476401000021373,0.6447548422003375,0.041960173625793996,1138.2223063003785,0.7647517862670431,MEDIUM,MEDIUM,MEDIUM,5,COST_BASED,POLICY_BASED,false,false
7,policy_driven_sha_strategy,1,2030,NATURAL_GAS_BLOCK,TOTAL,178831,265,27873,466200,0.28406013487172865,0.6487859621213706,0.03597500794336431,1126.347065500036,0.7703612378712545,MEDIUM,MEDIUM,MEDIUM,5,COST_BASED,POLICY_BASED,false,false
7,policy_driven_sha_strategy,1,2031,NATURAL_GAS_BLOCK,TOTAL,151008,260,28083,466460,0.28346100452956646,0.6424355391185557,0.031175926569984243,1115.114816640692,0.7620937173148891,MEDIUM,MEDIUM,MEDIUM,5,COST_BASED,POLICY_BASED,false,false
7,policy_driven_sha_strategy,1,2032,NATURAL_GAS_BLOCK,TOTAL,122507,284,28785,466744,0.28535615504515116,0.6446598160548039,0.026231918605656622,1119.9207120762578,0.7644277030580174,MEDIUM,MEDIUM,MEDIUM,5,COST_BASED,POLICY_BASED,false,false
7,policy_driven_sha_strategy,1,2033,NATURAL_GAS_BLOCK,TOTAL,91204,303,31606,467047,0.28443703131512693,0.6435516437073482,0.02029619261649352,1067.6042631216926,0.7632565145047627,MEDIUM,MEDIUM,MEDIUM,5,COST_BASED,POLICY_BASED,false,false
7,policy_driven_sha_strategy,1,2034,NATURAL_GAS_BLOCK,TOTAL,57295,354,34263,467401,0.28548376628145505,0.647880868420967,0.013698639772238463,1004.0990132163732,0.7686799024674758,MEDIUM,MEDIUM,MEDIUM,5,COST_BASED,POLICY_BASED,false,false
7,policy_driven_sha_strategy,1,2035,NATURAL_GAS_BLOCK,TOTAL,22568,367,35094,467768,0.28298074296319514,0.6441310990172264,0.007635472723515826,980.0000269873699,0.7645145510352371,MEDIUM,MEDIUM,MEDIUM,5,COST_BASED,POLICY_BASED,false,false
7,policy_driven_sha_strategy,1,2036,NATURAL_GAS_BLOCK,TOTAL,3473,152,19247,467920,0.27853192707962576,0.6324754503473278,0.002517156527212125,1053.3487342240085,0.7504566247698969,MEDIUM,MEDIUM,MEDIUM,5,COST_BASED,POLICY_BASED,false,false
7,policy_driven_sha_strategy,1,2037,NATURAL_GAS_BLOCK,TOTAL,3395,388,466,468308,0.34604481265408177,0.6637266602338109,9.173538581427454E-4,869.5776829116703,0.7696206094270573,MEDIUM,MEDIUM,MEDIUM,5,COST_BASED,POLICY_BASED,false,false
7,policy_driven_sha_strategy,1,2038,NATURAL_GAS_BLOCK,TOTAL,3334,231,292,468539,0.33118077998757717,0.6519325022988354,7.639286916145748E-4,874.7072937459351,0.7588497430692551,MEDIUM,MEDIUM,MEDIUM,5,COST_BASED,POLICY_BASED,false,false
7,policy_driven_sha_strategy,1,2039,NATURAL_GAS_BLOCK,TOTAL,3298,221,257,468760,0.40985515970560266,0.6721629477085393,6.617674819320169E-4,999.7975369458128,0.7595988770428515,MEDIUM,MEDIUM,MEDIUM,5,COST_BASED,POLICY_BASED,false,false
7,policy_driven_sha_strategy,1,2040,NATURAL_GAS_BLOCK,TOTAL,3255,183,226,468943,0.26738046903143065,0.6340991683565729,7.775267776752151E-4,1121.263282548792,0.7563387347982894,MEDIUM,MEDIUM,MEDIUM,5,COST_BASED,POLICY_BASED,false,false
7,policy_driven_sha_strategy,1,2041,NATURAL_GAS_BLOCK,TOTAL,3225,217,247,469160,0.2721307506352654,0.6333001865757448,7.915173544794446E-4,1130.4792987548697,0.7536899985558965,MEDIUM,MEDIUM,MEDIUM,5,COST_BASED,POLICY_BASED,false,false
7,policy_driven_sha_strategy,1,2042,NATURAL_GAS_BLOCK,TOTAL,3181,221,265,469381,0.27126370830931623,0.6334995692042727,7.761070649919783E-4,1130.7434756201571,0.7542448561692642,MEDIUM,MEDIUM,MEDIUM,5,COST_BASED,POLICY_BASED,false,false
7,policy_driven_sha_strategy,1,2043,NATURAL_GAS_BLOCK,TOTAL,3140,219,260,469600,0.27091604700657773,0.6297999567819934,7.559921886754588E-4,1131.0903505198864,0.7494279267071305,MEDIUM,MEDIUM,MEDIUM,5,COST_BASED,POLICY_BASED,false,false
7,policy_driven_sha_strategy,1,2044,NATURAL_GAS_BLOCK,TOTAL,3102,246,284,469846,0.2727071392008858,0.6304875458633931,8.185243092649816E-4,1140.853691223771,0.7497476814175646,MEDIUM,MEDIUM,MEDIUM,5,COST_BASED,POLICY_BASED,false,false
7,policy_driven_sha_strategy,1,2045,NATURAL_GAS_BLOCK,TOTAL,3062,263,303,470109,0.2719715885592496,0.6332794183860244,7.190065240477258E-4,1120.8706098500684,0.7537153616616216,MEDIUM,MEDIUM,MEDIUM,5,COST_BASED,POLICY_BASED,false,false
7,policy_driven_sha_strategy,1,2046,NATURAL_GAS_BLOCK,TOTAL,3017,309,354,470418,0.2756701720909575,0.6291177306635001,7.752250591306648E-4,1113.924354499458,0.7469335835210135,MEDIUM,MEDIUM,MEDIUM,5,COST_BASED,POLICY_BASED,false,false
7,policy_driven_sha_strategy,1,2047,NATURAL_GAS_BLOCK,TOTAL,2987,337,367,470755,0.2744798085661835,0.6241304850285112,7.86946255651095E-4,1109.1568255818077,0.7406807105159487,MEDIUM,MEDIUM,MEDIUM,5,COST_BASED,POLICY_BASED,false,false
7,policy_driven_sha_strategy,1,2048,NATURAL_GAS_BLOCK,TOTAL,2968,133,152,470888,0.26236193249992,0.6186727553723838,7.020605090597537E-4,1056.1734538799792,0.7374430296631903,MEDIUM,MEDIUM,MEDIUM,5,COST_BASED,POLICY_BASED,false,false
7,policy_driven_sha_strategy,1,2049,NATURAL_GAS_BLOCK,TOTAL,2910,330,388,471218,0.2706003020452595,0.6329715977029666,7.265777491574052E-4,1019.4667264568404,0.75376202958886,MEDIUM,MEDIUM,MEDIUM,5,COST_BASED,POLICY_BASED,false,false
7,policy_driven_sha_strategy,1,2050,NATURAL_GAS_BLOCK,TOTAL,2882,203,231,471421,0.2656279868414754,0.627243068943176,6.935498934569803E-4,978.4822399173671,0.7477814296437241,MEDIUM,MEDIUM,MEDIUM,5,COST_BASED,POLICY_BASED,false,false
7,policy_driven_sha_strategy,1,2024,NATURAL_GAS_BLOCK,PRIVATELY_OWNED,276999,276999,0,276999,0.0,0.0,0.0,0.0,0.0,MEDIUM,MEDIUM,MEDIUM,5,COST_BASED,POLICY_BASED,false,false
7,policy_driven_sha_strategy,1,2025,NATURAL_GAS_BLOCK,PRIVATELY_OWNED,241397,466,36068,277465,0.2852395969427482,0.6485961090464258,0.06401825747581598,1120.4161954611448,0.7697149464143248,MEDIUM,MEDIUM,MEDIUM,5,COST_BASED,POLICY_BASED,false,false
7,policy_driven_sha_strategy,1,2026,NATURAL_GAS_BLOCK,PRIVATELY_OWNED,220134,292,21555,277757,0.2869664435093298,0.6483709699724917,0.0578508874352445,1131.5646676418007,0.7688391454602052,MEDIUM,MEDIUM,MEDIUM,5,COST_BASED,POLICY_BASED,false,false
7,policy_driven_sha_strategy,1,2027,NATURAL_GAS_BLOCK,PRIVATELY_OWNED,199387,257,21004,278014,0.28460413633984366,0.6506725161088728,0.052611438294879805,1134.4369518612357,0.7726953093652202,MEDIUM,MEDIUM,MEDIUM,5,COST_BASED,POLICY_BASED,false,false
7,policy_driven_sha_strategy,1,2028,NATURAL_GAS_BLOCK,PRIVATELY_OWNED,178272,226,21341,278240,0.28478081554629964,0.6470592491259569,0.04703500347226144,1134.99831871827,0.7678187269858343,MEDIUM,MEDIUM,MEDIUM,5,COST_BASED,POLICY_BASED,false,false
7,policy_driven_sha_strategy,1,2029,NATURAL_GAS_BLOCK,PRIVATELY_OWNED,157219,247,21300,278487,0.28476401000021373,0.6447548422003375,0.041960173625793996,1138.2223063003782,0.7647517862670431,MEDIUM,MEDIUM,MEDIUM,5,COST_BASED,POLICY_BASED,false,false
7,policy_driven_sha_strategy,1,2030,NATURAL_GAS_BLOCK,PRIVATELY_OWNED,136457,264,21026,278751,0.2851361202310913,0.6512434847051638,0.03611127691284675,1130.6135316572331,0.7732792728631911,MEDIUM,MEDIUM,MEDIUM,5,COST_BASED,POLICY_BASED,false,false
7,policy_driven_sha_strategy,1,2031,NATURAL_GAS_BLOCK,PRIVATELY_OWNED,115428,259,21288,279010,0.28455544856249915,0.6449159852155385,0.03129629694284133,1119.4202792532044,0.7650361640998886,MEDIUM,MEDIUM,MEDIUM,5,COST_BASED,POLICY_BASED,false,false
7,policy_driven_sha_strategy,1,2032,NATURAL_GAS_BLOCK,PRIVATELY_OWNED,94071,284,21641,279294,0.28535615504515116,0.6446598160548039,0.026231918605656622,1119.9207120762578,0.7644277030580174,MEDIUM,MEDIUM,MEDIUM,5,COST_BASED,POLICY_BASED,false,false
7,policy_driven_sha_strategy,1,2033,NATURAL_GAS_BLOCK,PRIVATELY_OWNED,71085,301,23287,279595,0.2863269783670547,0.647827734363211,0.020431051039194473,1074.697979155724,0.7683279863619372,MEDIUM,MEDIUM,MEDIUM,5,COST_BASED,POLICY_BASED,false,false
7,policy_driven_sha_strategy,1,2034,NATURAL_GAS_BLOCK,PRIVATELY_OWNED,44893,353,26545,279948,0.28629250216327223,0.6497162249887318,0.01373744611720231,1006.9434863416321,0.7708574659305564,MEDIUM,MEDIUM,MEDIUM,5,COST_BASED,POLICY_BASED,false,false
7,policy_driven_sha_strategy,1,2035,NATURAL_GAS_BLOCK,PRIVATELY_OWNED,17628,363,27628,280311,0.28609898806471795,0.6512289623672786,0.007719610163995339,990.7989253563767,0.7729389538014656,MEDIUM,MEDIUM,MEDIUM,5,COST_BASED,POLICY_BASED,false,false
7,policy_driven_sha_strategy,1,2036,NATURAL_GAS_BLOCK,PRIVATELY_OWNED,3461,149,14316,280460,0.28413995245706786,0.645209855387878,0.002567837531115725,1074.5570980003306,0.7655664896981499,MEDIUM,MEDIUM,MEDIUM,5,COST_BASED,POLICY_BASED,false,false
7,policy_driven_sha_strategy,1,2037,NATURAL_GAS_BLOCK,PRIVATELY_OWNED,3382,387,466,280847,0.3469389852965988,0.6654417162034073,9.197242815487992E-4,871.824653668548,0.7716092931723469,MEDIUM,MEDIUM,MEDIUM,5,COST_BASED,POLICY_BASED,false,false
7,policy_driven_sha_strategy,1,2038,NATURAL_GAS_BLOCK,PRIVATELY_OWNED,3318,228,292,281075,0.335538421829519,0.6605105615396095,7.739803849252929E-4,886.2166002425922,0.76883460810964,MEDIUM,MEDIUM,MEDIUM,5,COST_BASED,POLICY_BASED,false,false
7,policy_driven_sha_strategy,1,2039,NATURAL_GAS_BLOCK,PRIVATELY_OWNED,3282,221,257,281296,0.40985515970560266,0.6721629477085393,6.617674819320169E-4,999.7975369458128,0.7595988770428515,MEDIUM,MEDIUM,MEDIUM,5,COST_BASED,POLICY_BASED,false,false
7,policy_driven_sha_strategy,1,2040,NATURAL_GAS_BLOCK,PRIVATELY_OWNED,3239,183,226,281479,0.26738046903143065,0.6340991683565729,7.775267776752151E-4,1121.263282548792,0.7563387347982895,MEDIUM,MEDIUM,MEDIUM,5,COST_BASED,POLICY_BASED,false,false
7,policy_driven_sha_strategy,1,2041,NATURAL_GAS_BLOCK,PRIVATELY_OWNED,3209,217,247,281696,0.2721307506352654,0.6333001865757447,7.915173544794446E-4,1130.4792987548697,0.7536899985558964,MEDIUM,MEDIUM,MEDIUM,5,COST_BASED,POLICY_BASED,false,false
7,policy_driven_sha_strategy,1,2042,NATURAL_GAS_BLOCK,PRIVATELY_OWNED,3165,220,264,281916,0.2724967251652677,0.6363791127006558,7.796348243783055E-4,1135.883218691158,0.7576732418791244,MEDIUM,MEDIUM,MEDIUM,5,COST_BASED,POLICY_BASED,false,false
7,policy_driven_sha_strategy,1,2043,NATURAL_GAS_BLOCK,PRIVATELY_OWNED,3124,218,259,282134,0.27215878116715836,0.6326889474094337,7.594600427519517E-4,1136.278838366308,0.7528656694901908,MEDIUM,MEDIUM,MEDIUM,5,COST_BASED,POLICY_BASED,false,false
7,policy_driven_sha_strategy,1,2044,NATURAL_GAS_BLOCK,PRIVATELY_OWNED,3086,246,284,282380,0.2727071392008858,0.630487545863393,8.185243092649816E-4,1140.853691223771,0.7497476814175646,MEDIUM,MEDIUM,MEDIUM,5,COST_BASED,POLICY_BASED,false,false
7,policy_driven_sha_strategy,1,2045,NATURAL_GAS_BLOCK,PRIVATELY_OWNED,3046,261,301,282641,0.27405566203479936,0.6381321342357258,7.245161525844899E-4,1129.4596566688429,0.7594909583027069,MEDIUM,MEDIUM,MEDIUM,5,COST_BASED,POLICY_BASED,false,false
7,policy_driven_sha_strategy,1,2046,NATURAL_GAS_BLOCK,PRIVATELY_OWNED,3001,308,353,282949,0.2765652051172268,0.6311603206981218,7.777420236083618E-4,1117.540992014067,0.7493586925584194,MEDIUM,MEDIUM,MEDIUM,5,COST_BASED,POLICY_BASED,false,false
7,policy_driven_sha_strategy,1,2047,NATURAL_GAS_BLOCK,PRIVATELY_OWNED,2971,333,363,283282,0.27777686332373525,0.6316275479117366,7.963990635267838E-4,1122.4800306939014,0.7495777761077319,MEDIUM,MEDIUM,MEDIUM,5,COST_BASED,POLICY_BASED,false,false
7,policy_driven_sha_strategy,1,2048,NATURAL_GAS_BLOCK,PRIVATELY_OWNED,2952,130,149,283412,0.2684164386345335,0.6329498189579004,7.182619054226711E-4,1080.5466874310557,0.7544609457323409,MEDIUM,MEDIUM,MEDIUM,5,COST_BASED,POLICY_BASED,false,false
7,policy_driven_sha_strategy,1,2049,NATURAL_GAS_BLOCK,PRIVATELY_OWNED,2894,329,387,283741,0.271422795364546,0.634895523531851,7.287861921639626E-4,1022.5654095159798,0.7560530995876104,MEDIUM,MEDIUM,MEDIUM,5,COST_BASED,POLICY_BASED,false,false
7,policy_driven_sha_strategy,1,2050,NATURAL_GAS_BLOCK,PRIVATELY_OWNED,2866,200,228,283941,0.2696124066440976,0.6366517149773238,7.03953141858835E-4,993.1594735161276,0.75899815108838,MEDIUM,MEDIUM,MEDIUM,5,COST_BASED,POLICY_BASED,false,false
7,policy_driven_sha_strategy,1,2024,NATURAL_GAS_BLOCK,SOCIAL_HOUSING,98032,98032,0,98032,0.0,0.0,0.0,0.0,0.0,MEDIUM,MEDIUM,MEDIUM,5,COST_BASED,POLICY_BASED,false,false
7,policy_driven_sha_strategy,1,2025,NATURAL_GAS_BLOCK,SOCIAL_HOUSING,127,0,97905,98032,0.0,0.0,0.0,0.0,0.0,MEDIUM,MEDIUM,MEDIUM,5,COST_BASED,POLICY_BASED,false,false
7,policy_driven_sha_strategy,1,2026,NATURAL_GAS_BLOCK,SOCIAL_HOUSING,29,0,98,98032,0.0,0.0,0.0,0.0,0.0,MEDIUM,MEDIUM,MEDIUM,5,COST_BASED,POLICY_BASED,false,false
7,policy_driven_sha_strategy,1,2027,NATURAL_GAS_BLOCK,SOCIAL_HOUSING,15,0,14,98032,0.0,0.0,0.0,0.0,0.0,MEDIUM,MEDIUM,MEDIUM,5,COST_BASED,POLICY_BASED,false,false
7,policy_driven_sha_strategy,1,2028,NATURAL_GAS_BLOCK,SOCIAL_HOUSING,11,0,4,98032,0.0,0.0,0.0,0.0,0.0,MEDIUM,MEDIUM,MEDIUM,5,COST_BASED,POLICY_BASED,false,false
7,policy_driven_sha_strategy,1,2029,NATURAL_GAS_BLOCK,SOCIAL_HOUSING,7,0,4,98032,0.0,0.0,0.0,0.0,0.0,MEDIUM,MEDIUM,MEDIUM,5,COST_BASED,POLICY_BASED,false,false
7,policy_driven_sha_strategy,1,2030,NATURAL_GAS_BLOCK,SOCIAL_HOUSING,6,0,1,98032,0.0,0.0,0.0,0.0,0.0,MEDIUM,MEDIUM,MEDIUM,5,COST_BASED,POLICY_BASED,false,false
7,policy_driven_sha_strategy,1,2031,NATURAL_GAS_BLOCK,SOCIAL_HOUSING,3,0,3,98032,0.0,0.0,0.0,0.0,0.0,MEDIUM,MEDIUM,MEDIUM,5,COST_BASED,POLICY_BASED,false,false
7,policy_driven_sha_strategy,1,2032,NATURAL_GAS_BLOCK,SOCIAL_HOUSING,0,0,3,98032,0.0,0.0,0.0,0.0,0.0,MEDIUM,MEDIUM,MEDIUM,5,COST_BASED,POLICY_BASED,false,false
7,policy_driven_sha_strategy,1,2033,NATURAL_GAS_BLOCK,SOCIAL_HOUSING,0,0,0,98032,0.0,0.0,0.0,0.0,0.0,MEDIUM,MEDIUM,MEDIUM,5,COST_BASED,POLICY_BASED,false,false
7,policy_driven_sha_strategy,1,2034,NATURAL_GAS_BLOCK,SOCIAL_HOUSING,0,0,0,98032,0.0,0.0,0.0,0.0,0.0,MEDIUM,MEDIUM,MEDIUM,5,COST_BASED,POLICY_BASED,false,false
7,policy_driven_sha_strategy,1,2035,NATURAL_GAS_BLOCK,SOCIAL_HOUSING,0,0,0,98032,0.0,0.0,0.0,0.0,0.0,MEDIUM,MEDIUM,MEDIUM,5,COST_BASED,POLICY_BASED,false,false
7,policy_driven_sha_strategy,1,2036,NATURAL_GAS_BLOCK,SOCIAL_HOUSING,0,0,0,98032,0.0,0.0,0.0,0.0,0.0,MEDIUM,MEDIUM,MEDIUM,5,COST_BASED,POLICY_BASED,false,false
7,policy_driven_sha_strategy,1,2037,NATURAL_GAS_BLOCK,SOCIAL_HOUSING,0,0,0,98032,0.0,0.0,0.0,0.0,0.0,MEDIUM,MEDIUM,MEDIUM,5,COST_BASED,POLICY_BASED,false,false
7,policy_driven_sha_strategy,1,2038,NATURAL_GAS_BLOCK,SOCIAL_HOUSING,0,0,0,98032,0.0,0.0,0.0,0.0,0.0,MEDIUM,MEDIUM,MEDIUM,5,COST_BASED,POLICY_BASED,false,false
7,policy_driven_sha_strategy,1,2039,NATURAL_GAS_BLOCK,SOCIAL_HOUSING,0,0,0,98032,0.0,0.0,0.0,0.0,0.0,MEDIUM,MEDIUM,MEDIUM,5,COST_BASED,POLICY_BASED,false,false
7,policy_driven_sha_strategy,1,2040,NATURAL_GAS_BLOCK,SOCIAL_HOUSING,0,0,0,98032,0.0,0.0,0.0,0.0,0.0,MEDIUM,MEDIUM,MEDIUM,5,COST_BASED,POLICY_BASED,false,false
7,policy_driven_sha_strategy,1,2041,NATURAL_GAS_BLOCK,SOCIAL_HOUSING,0,0,0,98032,0.0,0.0,0.0,0.0,0.0,MEDIUM,MEDIUM,MEDIUM,5,COST_BASED,POLICY_BASED,false,false
7,policy_driven_sha_strategy,1,2042,NATURAL_GAS_BLOCK,SOCIAL_HOUSING,0,0,0,98032,0.0,0.0,0.0,0.0,0.0,MEDIUM,MEDIUM,MEDIUM,5,COST_BASED,POLICY_BASED,false,false
7,policy_driven_sha_strategy,1,2043,NATURAL_GAS_BLOCK,SOCIAL_HOUSING,0,0,0,98032,0.0,0.0,0.0,0.0,0.0,MEDIUM,MEDIUM,MEDIUM,5,COST_BASED,POLICY_BASED,false,false
7,policy_driven_sha_strategy,1,2044,NATURAL_GAS_BLOCK,SOCIAL_HOUSING,0,0,0,98032,0.0,0.0,0.0,0.0,0.0,MEDIUM,MEDIUM,MEDIUM,5,COST_BASED,POLICY_BASED,false,false
7,policy_driven_sha_strategy,1,2045,NATURAL_GAS_BLOCK,SOCIAL_HOUSING,0,0,0,98032,0.0,0.0,0.0,0.0,0.0,MEDIUM,MEDIUM,MEDIUM,5,COST_BASED,POLICY_BASED,false,false
7,policy_driven_sha_strategy,1,2046,NATURAL_GAS_BLOCK,SOCIAL_HOUSING,0,0,0,98032,0.0,0.0,0.0,0.0,0.0,MEDIUM,MEDIUM,MEDIUM,5,COST_BASED,POLICY_BASED,false,false
7,policy_driven_sha_strategy,1,2047,NATURAL_GAS_BLOCK,SOCIAL_HOUSING,0,0,0,98032,0.0,0.0,0.0,0.0,0.0,MEDIUM,MEDIUM,MEDIUM,5,COST_BASED,POLICY_BASED,false,false
7,policy_driven_sha_strategy,1,2048,NATURAL_GAS_BLOCK,SOCIAL_HOUSING,0,0,0,98032,0.0,0.0,0.0,0.0,0.0,MEDIUM,MEDIUM,MEDIUM,5,COST_BASED,POLICY_BASED,false,false
7,policy_driven_sha_strategy,1,2049,NATURAL_GAS_BLOCK,SOCIAL_HOUSING,0,0,0,98032,0.0,0.0,0.0,0.0,0.0,MEDIUM,MEDIUM,MEDIUM,5,COST_BASED,POLICY_BASED,false,false
7,policy_driven_sha_strategy,1,2050,NATURAL_GAS_BLOCK,SOCIAL_HOUSING,0,0,0,98032,0.0,0.0,0.0,0.0,0.0,MEDIUM,MEDIUM,MEDIUM,5,COST_BASED,POLICY_BASED,false,false
7,policy_driven_sha_strategy,1,2024,NATURAL_GAS_BLOCK,PRIVATELY_RENTED,89416,89416,0,89416,0.0,0.0,0.0,0.0,0.0,MEDIUM,MEDIUM,MEDIUM,5,COST_BASED,POLICY_BASED,false,false
7,policy_driven_sha_strategy,1,2025,NATURAL_GAS_BLOCK,PRIVATELY_RENTED,77445,0,11971,89416,0.0,0.0,0.0,0.0,0.0,MEDIUM,MEDIUM,MEDIUM,5,COST_BASED,POLICY_BASED,false,false
7,policy_driven_sha_strategy,1,2026,NATURAL_GAS_BLOCK,PRIVATELY_RENTED,70135,0,7310,89416,0.0,0.0,0.0,0.0,0.0,MEDIUM,MEDIUM,MEDIUM,5,COST_BASED,POLICY_BASED,false,false
7,policy_driven_sha_strategy,1,2027,NATURAL_GAS_BLOCK,PRIVATELY_RENTED,63113,0,7022,89416,0.0,0.0,0.0,0.0,0.0,MEDIUM,MEDIUM,MEDIUM,5,COST_BASED,POLICY_BASED,false,false
7,policy_driven_sha_strategy,1,2028,NATURAL_GAS_BLOCK,PRIVATELY_RENTED,56288,0,6825,89416,0.0,0.0,0.0,0.0,0.0,MEDIUM,MEDIUM,MEDIUM,5,COST_BASED,POLICY_BASED,false,false
7,policy_driven_sha_strategy,1,2029,NATURAL_GAS_BLOCK,PRIVATELY_RENTED,49213,0,7075,89416,0.0,0.0,0.0,0.0,0.0,MEDIUM,MEDIUM,MEDIUM,5,COST_BASED,POLICY_BASED,false,false
7,policy_driven_sha_strategy,1,2030,NATURAL_GAS_BLOCK,PRIVATELY_RENTED,42368,1,6846,89417,0.0,0.0,0.0,0.0,0.0,MEDIUM,MEDIUM,MEDIUM,5,COST_BASED,POLICY_BASED,false,false
7,policy_driven_sha_strategy,1,2031,NATURAL_GAS_BLOCK,PRIVATELY_RENTED,35577,1,6792,89418,0.0,0.0,0.0,0.0,0.0,MEDIUM,MEDIUM,MEDIUM,5,COST_BASED,POLICY_BASED,false,false
7,policy_driven_sha_strategy,1,2032,NATURAL_GAS_BLOCK,PRIVATELY_RENTED,28436,0,7141,89418,0.0,0.0,0.0,0.0,0.0,MEDIUM,MEDIUM,MEDIUM,5,COST_BASED,POLICY_BASED,false,false
7,policy_driven_sha_strategy,1,2033,NATURAL_GAS_BLOCK,PRIVATELY_RENTED,20119,2,8319,89420,0.0,0.0,0.0,0.0,0.0,MEDIUM,MEDIUM,MEDIUM,5,COST_BASED,POLICY_BASED,false,false
7,policy_driven_sha_strategy,1,2034,NATURAL_GAS_BLOCK,PRIVATELY_RENTED,12402,1,7718,89421,0.0,0.0,0.0,0.0,0.0,MEDIUM,MEDIUM,MEDIUM,5,COST_BASED,POLICY_BASED,false,false
7,policy_driven_sha_strategy,1,2035,NATURAL_GAS_BLOCK,PRIVATELY_RENTED,4940,4,7466,89425,0.0,0.0,0.0,0.0,0.0,MEDIUM,MEDIUM,MEDIUM,5,COST_BASED,POLICY_BASED,false,false
7,policy_driven_sha_strategy,1,2036,NATURAL_GAS_BLOCK,PRIVATELY_RENTED,12,3,4931,89428,0.0,0.0,0.0,0.0,0.0,MEDIUM,MEDIUM,MEDIUM,5,COST_BASED,POLICY_BASED,false,false
7,policy_driven_sha_strategy,1,2037,NATURAL_GAS_BLOCK,PRIVATELY_RENTED,13,1,0,89429,0.0,0.0,0.0,0.0,0.0,MEDIUM,MEDIUM,MEDIUM,5,COST_BASED,POLICY_BASED,false,false
7,policy_driven_sha_strategy,1,2038,NATURAL_GAS_BLOCK,PRIVATELY_RENTED,16,3,0,89432,0.0,0.0,0.0,0.0,0.0,MEDIUM,MEDIUM,MEDIUM,5,COST_BASED,POLICY_BASED,false,false
7,policy_driven_sha_strategy,1,2039,NATURAL_GAS_BLOCK,PRIVATELY_RENTED,16,0,0,89432,0.0,0.0,0.0,0.0,0.0,MEDIUM,MEDIUM,MEDIUM,5,COST_BASED,POLICY_BASED,false,false
7,policy_driven_sha_strategy,1,2040,NATURAL_GAS_BLOCK,PRIVATELY_RENTED,16,0,0,89432,0.0,0.0,0.0,0.0,0.0,MEDIUM,MEDIUM,MEDIUM,5,COST_BASED,POLICY_BASED,false,false
7,policy_driven_sha_strategy,1,2041,NATURAL_GAS_BLOCK,PRIVATELY_RENTED,16,0,0,89432,0.0,0.0,0.0,0.0,0.0,MEDIUM,MEDIUM,MEDIUM,5,COST_BASED,POLICY_BASED,false,false
7,policy_driven_sha_strategy,1,2042,NATURAL_GAS_BLOCK,PRIVATELY_RENTED,16,1,1,89433,0.0,0.0,0.0,0.0,0.0,MEDIUM,MEDIUM,MEDIUM,5,COST_BASED,POLICY_BASED,false,false
7,policy_driven_sha_strategy,1,2043,NATURAL_GAS_BLOCK,PRIVATELY_RENTED,16,1,1,89434,0.0,0.0,0.0,0.0,0.0,MEDIUM,MEDIUM,MEDIUM,5,COST_BASED,POLICY_BASED,false,false
7,policy_driven_sha_strategy,1,2044,NATURAL_GAS_BLOCK,PRIVATELY_RENTED,16,0,0,89434,0.0,0.0,0.0,0.0,0.0,MEDIUM,MEDIUM,MEDIUM,5,COST_BASED,POLICY_BASED,false,false
7,policy_driven_sha_strategy,1,2045,NATURAL_GAS_BLOCK,PRIVATELY_RENTED,16,2,2,89436,0.0,0.0,0.0,0.0,0.0,MEDIUM,MEDIUM,MEDIUM,5,COST_BASED,POLICY_BASED,false,false
7,policy_driven_sha_strategy,1,2046,NATURAL_GAS_BLOCK,PRIVATELY_RENTED,16,1,1,89437,0.0,0.0,0.0,0.0,0.0,MEDIUM,MEDIUM,MEDIUM,5,COST_BASED,POLICY_BASED,false,false
7,policy_driven_sha_strategy,1,2047,NATURAL_GAS_BLOCK,PRIVATELY_RENTED,16,4,4,89441,0.0,0.0,0.0,0.0,0.0,MEDIUM,MEDIUM,MEDIUM,5,COST_BASED,POLICY_BASED,false,false
7,policy_driven_sha_strategy,1,2048,NATURAL_GAS_BLOCK,PRIVATELY_RENTED,16,3,3,89444,0.0,0.0,0.0,0.0,0.0,MEDIUM,MEDIUM,MEDIUM,5,COST_BASED,POLICY_BASED,false,false
7,policy_driven_sha_strategy,1,2049,NATURAL_GAS_BLOCK,PRIVATELY_RENTED,16,1,1,89445,0.0,0.0,0.0,0.0,0.0,MEDIUM,MEDIUM,MEDIUM,5,COST_BASED,POLICY_BASED,false,false
7,policy_driven_sha_strategy,1,2050,NATURAL_GAS_BLOCK,PRIVATELY_RENTED,16,3,3,89448,0.0,0.0,0.0,0.0,0.0,MEDIUM,MEDIUM,MEDIUM,5,COST_BASED,POLICY_BASED,false,false
7,policy_driven_sha_strategy,1,2024,DISTRICT_HEATING,TOTAL,572819,572819,0,572819,0.0,0.0,0.0,0.0,0.0,MEDIUM,MEDIUM,MEDIUM,5,COST_BASED,POLICY_BASED,false,false
7,policy_driven_sha_strategy,1,2025,DISTRICT_HEATING,TOTAL,1160216,765041,177644,1337860,0.049599968056410995,0.048202585306115694,0.009694803412764895,109.06453294162401,0.04773679105601704,MEDIUM,MEDIUM,MEDIUM,5,COST_BASED,POLICY_BASED,false,false
7,policy_driven_sha_strategy,1,2026,DISTRICT_HEATING,TOTAL,1189554,749257,719919,2087117,0.032120228595909635,0.03120308160442151,0.0069596910863902964,69.88257935241225,0.03089736594059182,MEDIUM,MEDIUM,MEDIUM,5,COST_BASED,POLICY_BASED,false,false
7,policy_driven_sha_strategy,1,2027,DISTRICT_HEATING,TOTAL,1220278,754106,723382,2841223,0.03439481029524516,0.033726742617391246,0.00798415191429444,73.81793774858576,0.03350405339143941,MEDIUM,MEDIUM,MEDIUM,5,COST_BASED,POLICY_BASED,false,false
7,policy_driven_sha_strategy,1,2028,DISTRICT_HEATING,TOTAL,1251163,753600,722715,3594823,0.03132325719878511,0.03050124900383234,0.007594468889049939,67.06677543701646,0.030227246272181325,MEDIUM,MEDIUM,MEDIUM,5,COST_BASED,POLICY_BASED,false,false
7,policy_driven_sha_strategy,1,2029,DISTRICT_HEATING,TOTAL,1283315,754194,722042,4349017,0.03000403324335969,0.029055451464344753,0.007392861019649914,64.3063781142299,0.028739257538006817,MEDIUM,MEDIUM,MEDIUM,5,COST_BASED,POLICY_BASED,false,false
7,policy_driven_sha_strategy,1,2030,DISTRICT_HEATING,TOTAL,1319097,760584,724802,5109601,0.034287298249705785,0.03365258937283637,0.008803170802407256,73.09879380018258,0.03344101974721304,MEDIUM,MEDIUM,MEDIUM,5,COST_BASED,POLICY_BASED,false,false
7,policy_driven_sha_strategy,1,2031,DISTRICT_HEATING,TOTAL,1353357,760232,725972,5869833,0.03180061971411428,0.030907064812620712,0.008430025184397763,67.2294698550246,0.03060921317878963,MEDIUM,MEDIUM,MEDIUM,5,COST_BASED,POLICY_BASED,false,false
7,policy_driven_sha_strategy,1,2032,DISTRICT_HEATING,TOTAL,1389777,759498,723078,6629331,0.029280855721096934,0.02839044817672493,0.00785378076724435,60.97764488339693,0.028093645661934497,MEDIUM,MEDIUM,MEDIUM,5,COST_BASED,POLICY_BASED,false,false
7,policy_driven_sha_strategy,1,2033,DISTRICT_HEATING,TOTAL,1428737,762037,723077,7391368,0.03010404635281203,0.029247237841251706,0.008491011549620477,62.54495405118419,0.02896163500406449,MEDIUM,MEDIUM,MEDIUM,5,COST_BASED,POLICY_BASED,false,false
7,policy_driven_sha_strategy,1,2034,DISTRICT_HEATING,TOTAL,1471625,765755,722867,8157123,0.032336853899263496,0.03143268889313019,0.009481269993160265,63.832458108054816,0.031131300557752605,MEDIUM,MEDIUM,MEDIUM,5,COST_BASED,POLICY_BASED,false,false
7,policy_driven_sha_strategy,1,2035,DISTRICT_HEATING,TOTAL,1513144,764125,722606,8921248,0.029111983497272065,0.028303410748175807,0.00867336587066986,58.5792184969044,0.02803388649847722,MEDIUM,MEDIUM,MEDIUM,5,COST_BASED,POLICY_BASED,false,false
7,policy_driven_sha_strategy,1,2036,DISTRICT_HEATING,TOTAL,1543466,752940,722618,9674188,0.019472990879444957,0.018877244120344087,0.00609297269785252,40.451005739462865,0.018678661867310268,MEDIUM,MEDIUM,MEDIUM,5,COST_BASED,POLICY_BASED,false,false
7,policy_driven_sha_strategy,1,2037,DISTRICT_HEATING,TOTAL,1540737,720397,723126,10394585,0.007912005796525401,0.007829221599317983,0.0027080348645958947,15.30332374035604,0.00780162686691547,MEDIUM,MEDIUM,MEDIUM,5,COST_BASED,POLICY_BASED,false,false
7,policy_driven_sha_strategy,1,2038,DISTRICT_HEATING,TOTAL,1537591,719856,723002,11114441,0.0075720766401486455,0.0074765619036096485,0.002553958279499466,15.254559687438187,0.0074447236580967475,MEDIUM,MEDIUM,MEDIUM,5,COST_BASED,POLICY_BASED,false,false
7,policy_driven_sha_strategy,1,2039,DISTRICT_HEATING,TOTAL,1533852,718432,722171,11832873,0.0071832081804124115,0.007038820157568744,0.0023943412536906136,15.068402644501424,0.006990690816620753,MEDIUM,MEDIUM,MEDIUM,5,COST_BASED,POLICY_BASED,false,false
7,policy_driven_sha_strategy,1,2040,DISTRICT_HEATING,TOTAL,1528735,716570,721687,12549443,0.006750126350854693,0.007101158564299129,0.002317405195534571,16.56291335044942,0.0072181693021139024,MEDIUM,MEDIUM,MEDIUM,5,COST_BASED,POLICY_BASED,false,false
7,policy_driven_sha_strategy,1,2041,DISTRICT_HEATING,TOTAL,1523243,715860,721352,13265303,0.006063665382853397,0.0063317950389643034,0.0021283127445849478,14.449733315113784,0.006421171591001347,MEDIUM,MEDIUM,MEDIUM,5,COST_BASED,POLICY_BASED,false,false
7,policy_driven_sha_strategy,1,2042,DISTRICT_HEATING,TOTAL,1518982,715754,720015,13981057,0.0062070141016611294,0.006517675541550562,0.0021609544893741173,14.736550067330857,0.006621229354847,MEDIUM,MEDIUM,MEDIUM,5,COST_BASED,POLICY_BASED,false,false
7,policy_driven_sha_strategy,1,2043,DISTRICT_HEATING,TOTAL,1514150,714965,719797,14696022,0.005398566688485817,0.0056086591626167805,0.0018310937562530567,12.926820010405534,0.005678689987327086,MEDIUM,MEDIUM,MEDIUM,5,COST_BASED,POLICY_BASED,false,false
7,policy_driven_sha_strategy,1,2044,DISTRICT_HEATING,TOTAL,1509957,714369,718562,15410391,0.004927645074759757,0.005058782578296692,0.001641139506397991,11.992414035289606,0.0051024950794757405,MEDIUM,MEDIUM,MEDIUM,5,COST_BASED,POLICY_BASED,false,false
7,policy_driven_sha_strategy,1,2045,DISTRICT_HEATING,TOTAL,1506056,715316,719217,16125707,0.00587063385364437,0.006206025667248238,0.001985379061963569,13.719396187756516,0.006317822938449481,MEDIUM,MEDIUM,MEDIUM,5,COST_BASED,POLICY_BASED,false,false
7,policy_driven_sha_strategy,1,2046,DISTRICT_HEATING,TOTAL,1500949,715211,720318,16840918,0.005687026001847529,0.00583131856557793,0.0018556536695292754,13.470869043543008,0.005879416086821498,MEDIUM,MEDIUM,MEDIUM,5,COST_BASED,POLICY_BASED,false,false
7,policy_driven_sha_strategy,1,2047,DISTRICT_HEATING,TOTAL,1495039,716243,722153,17557161,0.006815581876905593,0.006959058461313358,0.0021968817202714136,15.680459631355065,0.007006883989449186,MEDIUM,MEDIUM,MEDIUM,5,COST_BASED,POLICY_BASED,false,false
7,policy_driven_sha_strategy,1,2048,DISTRICT_HEATING,TOTAL,1489741,716095,721393,18273256,0.006519061968868239,0.0066952066062996455,0.0021021940714062988,15.001029475008885,0.006753921485443324,MEDIUM,MEDIUM,MEDIUM,5,COST_BASED,POLICY_BASED,false,false
7,policy_driven_sha_strategy,1,2049,DISTRICT_HEATING,TOTAL,1483881,716735,722595,18989991,0.007200157251151615,0.0073905725561574055,0.002298248577905859,15.932370768507312,0.00745404432449265,MEDIUM,MEDIUM,MEDIUM,5,COST_BASED,POLICY_BASED,false,false
7,policy_driven_sha_strategy,1,2050,DISTRICT_HEATING,TOTAL,1477972,717002,722911,19706993,0.007449549475931968,0.007609816280578314,0.00230837129074601,16.600762225800825,0.007663238548793653,MEDIUM,MEDIUM,MEDIUM,5,COST_BASED,POLICY_BASED,false,false
7,policy_driven_sha_strategy,1,2024,DISTRICT_HEATING,PRIVATELY_OWNED,317497,317497,0,317497,0.0,0.0,0.0,0.0,0.0,MEDIUM,MEDIUM,MEDIUM,5,COST_BASED,POLICY_BASED,false,false
7,policy_driven_sha_strategy,1,2025,DISTRICT_HEATING,PRIVATELY_OWNED,355598,49582,11481,367079,0.7653182437546836,0.7437568888946806,0.14958900604463451,1682.8453742526112,0.7365697706080095,MEDIUM,MEDIUM,MEDIUM,5,COST_BASED,POLICY_BASED,false,false
7,policy_driven_sha_strategy,1,2026,DISTRICT_HEATING,PRIVATELY_OWNED,377066,31397,9929,398476,0.7665161039935493,0.7446293376336608,0.16608584464488757,1667.6756300872805,0.7373337488470237,MEDIUM,MEDIUM,MEDIUM,5,COST_BASED,POLICY_BASED,false,false
7,policy_driven_sha_strategy,1,2027,DISTRICT_HEATING,PRIVATELY_OWNED,398331,33874,12609,432350,0.7657003251020295,0.7508277430545682,0.1777438998488789,1643.3414938842482,0.7458702157054025,MEDIUM,MEDIUM,MEDIUM,5,COST_BASED,POLICY_BASED,false,false
7,policy_driven_sha_strategy,1,2028,DISTRICT_HEATING,PRIVATELY_OWNED,417316,30864,11879,463214,0.7648135894571169,0.7447427828307429,0.1854325996237699,1637.5557921635434,0.7380525139552828,MEDIUM,MEDIUM,MEDIUM,5,COST_BASED,POLICY_BASED,false,false
7,policy_driven_sha_strategy,1,2029,DISTRICT_HEATING,PRIVATELY_OWNED,435399,29544,11461,492758,0.7659376471683732,0.7417224194997302,0.18872364689459273,1641.6018323681124,0.7336506769435254,MEDIUM,MEDIUM,MEDIUM,5,COST_BASED,POLICY_BASED,false,false
7,policy_driven_sha_strategy,1,2030,DISTRICT_HEATING,PRIVATELY_OWNED,455926,34053,13526,526811,0.7658171218968733,0.7516407081769412,0.19662146834575867,1632.6835516318113,0.7469152369369595,MEDIUM,MEDIUM,MEDIUM,5,COST_BASED,POLICY_BASED,false,false
7,policy_driven_sha_strategy,1,2031,DISTRICT_HEATING,PRIVATELY_OWNED,472733,31627,14820,558438,0.7644053728301933,0.7429266037445306,0.20263619394773708,1616.0241036717064,0.7357670140493121,MEDIUM,MEDIUM,MEDIUM,5,COST_BASED,POLICY_BASED,false,false
7,policy_driven_sha_strategy,1,2032,DISTRICT_HEATING,PRIVATELY_OWNED,490044,29059,11748,587497,0.7652965125593337,0.7420244540185907,0.20526965088821192,1593.7368572094774,0.7342671011716827,MEDIUM,MEDIUM,MEDIUM,5,COST_BASED,POLICY_BASED,false,false
7,policy_driven_sha_strategy,1,2033,DISTRICT_HEATING,PRIVATELY_OWNED,508180,29990,11854,617487,0.7649348839799206,0.7431636339724551,0.2157540836358166,1589.2487212504918,0.7359065506366219,MEDIUM,MEDIUM,MEDIUM,5,COST_BASED,POLICY_BASED,false,false
7,policy_driven_sha_strategy,1,2034,DISTRICT_HEATING,PRIVATELY_OWNED,529020,32334,11494,649821,0.7658225879145951,0.744409559082047,0.2245416559538702,1511.7221487763195,0.7372718828045354,MEDIUM,MEDIUM,MEDIUM,5,COST_BASED,POLICY_BASED,false,false
7,policy_driven_sha_strategy,1,2035,DISTRICT_HEATING,PRIVATELY_OWNED,547259,29069,10830,678890,0.7652548897400329,0.7440002661925019,0.22799324696156062,1539.8481314784506,0.7369153916766625,MEDIUM,MEDIUM,MEDIUM,5,COST_BASED,POLICY_BASED,false,false
7,policy_driven_sha_strategy,1,2036,DISTRICT_HEATING,PRIVATELY_OWNED,555679,19143,10723,698033,0.7659193309705524,0.7424871852881928,0.23965119694515366,1591.034856682399,0.734676470060732,MEDIUM,MEDIUM,MEDIUM,5,COST_BASED,POLICY_BASED,false,false
7,policy_driven_sha_strategy,1,2037,DISTRICT_HEATING,PRIVATELY_OWNED,552081,7442,11040,705475,0.7658942810802888,0.7578806439779464,0.2621419231860103,1481.3851804059755,0.7552094316104949,MEDIUM,MEDIUM,MEDIUM,5,COST_BASED,POLICY_BASED,false,false
7,policy_driven_sha_strategy,1,2038,DISTRICT_HEATING,PRIVATELY_OWNED,548659,7135,10557,712610,0.763953020584561,0.7543164605024285,0.25767094481392677,1539.0450341079893,0.7511042738083942,MEDIUM,MEDIUM,MEDIUM,5,COST_BASED,POLICY_BASED,false,false
7,policy_driven_sha_strategy,1,2039,DISTRICT_HEATING,PRIVATELY_OWNED,545684,6733,9708,719343,0.7664706103475494,0.7510639601132375,0.2554836440771506,1607.8453362088885,0.7459284100351227,MEDIUM,MEDIUM,MEDIUM,5,COST_BASED,POLICY_BASED,false,false
7,policy_driven_sha_strategy,1,2040,DISTRICT_HEATING,PRIVATELY_OWNED,543132,7006,9558,726349,0.6903993775666496,0.7263027679731411,0.2370229861496157,1694.0460775808651,0.7382705647753011,MEDIUM,MEDIUM,MEDIUM,5,COST_BASED,POLICY_BASED,false,false
7,policy_driven_sha_strategy,1,2041,DISTRICT_HEATING,PRIVATELY_OWNED,540666,6216,8682,732565,0.6983165220349796,0.7291954305973273,0.2451052061355503,1664.0904264731905,0.7394884001181183,MEDIUM,MEDIUM,MEDIUM,5,COST_BASED,POLICY_BASED,false,false
7,policy_driven_sha_strategy,1,2042,DISTRICT_HEATING,PRIVATELY_OWNED,538626,6356,8396,738921,0.6989765845375016,0.7339604058475425,0.2433467305833043,1659.4941247470624,0.7456216796175518,MEDIUM,MEDIUM,MEDIUM,5,COST_BASED,POLICY_BASED,false,false
7,policy_driven_sha_strategy,1,2043,DISTRICT_HEATING,PRIVATELY_OWNED,536028,5517,8115,744438,0.6996168628662791,0.7268433928222415,0.23729707222031296,1675.2263673626233,0.7359189028075602,MEDIUM,MEDIUM,MEDIUM,5,COST_BASED,POLICY_BASED,false,false
7,policy_driven_sha_strategy,1,2044,DISTRICT_HEATING,PRIVATELY_OWNED,533520,5002,7510,749440,0.703749876931438,0.7224784989354718,0.23438208477529518,1712.7166777240705,0.7287213729368264,MEDIUM,MEDIUM,MEDIUM,5,COST_BASED,POLICY_BASED,false,false
7,policy_driven_sha_strategy,1,2045,DISTRICT_HEATING,PRIVATELY_OWNED,531393,6038,8165,755478,0.6954882950734474,0.7352218377266215,0.23520593062065792,1625.323551414581,0.7484663519443407,MEDIUM,MEDIUM,MEDIUM,5,COST_BASED,POLICY_BASED,false,false
7,policy_driven_sha_strategy,1,2046,DISTRICT_HEATING,PRIVATELY_OWNED,528322,5767,8838,761245,0.7052927958743493,0.7231876508766356,0.230134197440212,1670.6283543439288,0.7291526025440767,MEDIUM,MEDIUM,MEDIUM,5,COST_BASED,POLICY_BASED,false,false
7,policy_driven_sha_strategy,1,2047,DISTRICT_HEATING,PRIVATELY_OWNED,524863,6849,10308,768094,0.7127482567178409,0.7277525054031923,0.22974173659984787,1639.8042703665712,0.7327539216316329,MEDIUM,MEDIUM,MEDIUM,5,COST_BASED,POLICY_BASED,false,false
7,policy_driven_sha_strategy,1,2048,DISTRICT_HEATING,PRIVATELY_OWNED,521847,6574,9590,774668,0.7101106906900976,0.72929783613297,0.22898854024394488,1634.0374508528273,0.7356935512805807,MEDIUM,MEDIUM,MEDIUM,5,COST_BASED,POLICY_BASED,false,false
7,policy_driven_sha_strategy,1,2049,DISTRICT_HEATING,PRIVATELY_OWNED,518325,7264,10786,781932,0.7104356700721576,0.7292238465084634,0.22676695959324833,1572.038513596653,0.7354865719872301,MEDIUM,MEDIUM,MEDIUM,5,COST_BASED,POLICY_BASED,false,false
7,policy_driven_sha_strategy,1,2050,DISTRICT_HEATING,PRIVATELY_OWNED,514998,7467,10794,789399,0.7153263523961663,0.7307156144110369,0.2216561982332223,1594.0511205870687,0.7358453684159832,MEDIUM,MEDIUM,MEDIUM,5,COST_BASED,POLICY_BASED,false,false
7,policy_driven_sha_strategy,1,2024,DISTRICT_HEATING,SOCIAL_HOUSING,163709,163709,0,163709,0.0,0.0,0.0,0.0,0.0,MEDIUM,MEDIUM,MEDIUM,5,COST_BASED,POLICY_BASED,false,false
7,policy_driven_sha_strategy,1,2025,DISTRICT_HEATING,SOCIAL_HOUSING,707716,707500,163493,871209,0.0,0.0,0.0,0.0,0.0,MEDIUM,MEDIUM,MEDIUM,5,COST_BASED,POLICY_BASED,false,false
7,policy_driven_sha_strategy,1,2026,DISTRICT_HEATING,SOCIAL_HOUSING,708197,708147,707666,1579356,0.0,0.0,0.0,0.0,0.0,MEDIUM,MEDIUM,MEDIUM,5,COST_BASED,POLICY_BASED,false,false
7,policy_driven_sha_strategy,1,2027,DISTRICT_HEATING,SOCIAL_HOUSING,708277,708254,708174,2287610,0.0,0.0,0.0,0.0,0.0,MEDIUM,MEDIUM,MEDIUM,5,COST_BASED,POLICY_BASED,false,false
7,policy_driven_sha_strategy,1,2028,DISTRICT_HEATING,SOCIAL_HOUSING,708313,708306,708270,2995916,0.0,0.0,0.0,0.0,0.0,MEDIUM,MEDIUM,MEDIUM,5,COST_BASED,POLICY_BASED,false,false
7,policy_driven_sha_strategy,1,2029,DISTRICT_HEATING,SOCIAL_HOUSING,708309,708308,708312,3704224,0.0,0.0,0.0,0.0,0.0,MEDIUM,MEDIUM,MEDIUM,5,COST_BASED,POLICY_BASED,false,false
7,policy_driven_sha_strategy,1,2030,DISTRICT_HEATING,SOCIAL_HOUSING,708324,708323,708308,4412547,0.0,0.0,0.0,0.0,0.0,MEDIUM,MEDIUM,MEDIUM,5,COST_BASED,POLICY_BASED,false,false
7,policy_driven_sha_strategy,1,2031,DISTRICT_HEATING,SOCIAL_HOUSING,708331,708330,708323,5120877,0.0,0.0,0.0,0.0,0.0,MEDIUM,MEDIUM,MEDIUM,5,COST_BASED,POLICY_BASED,false,false
7,policy_driven_sha_strategy,1,2032,DISTRICT_HEATING,SOCIAL_HOUSING,708335,708334,708330,5829211,0.0,0.0,0.0,0.0,0.0,MEDIUM,MEDIUM,MEDIUM,5,COST_BASED,POLICY_BASED,false,false
7,policy_driven_sha_strategy,1,2033,DISTRICT_HEATING,SOCIAL_HOUSING,708343,708342,708334,6537553,0.0,0.0,0.0,0.0,0.0,MEDIUM,MEDIUM,MEDIUM,5,COST_BASED,POLICY_BASED,false,false
7,policy_driven_sha_strategy,1,2034,DISTRICT_HEATING,SOCIAL_HOUSING,708348,708347,708342,7245900,0.0,0.0,0.0,0.0,0.0,MEDIUM,MEDIUM,MEDIUM,5,COST_BASED,POLICY_BASED,false,false
7,policy_driven_sha_strategy,1,2035,DISTRICT_HEATING,SOCIAL_HOUSING,708350,708349,708347,7954249,0.0,0.0,0.0,0.0,0.0,MEDIUM,MEDIUM,MEDIUM,5,COST_BASED,POLICY_BASED,false,false
7,policy_driven_sha_strategy,1,2036,DISTRICT_HEATING,SOCIAL_HOUSING,708354,708353,708349,8662602,0.0,0.0,0.0,0.0,0.0,MEDIUM,MEDIUM,MEDIUM,5,COST_BASED,POLICY_BASED,false,false
7,policy_driven_sha_strategy,1,2037,DISTRICT_HEATING,SOCIAL_HOUSING,708354,708353,708353,9370955,0.0,0.0,0.0,0.0,0.0,MEDIUM,MEDIUM,MEDIUM,5,COST_BASED,POLICY_BASED,false,false
7,policy_driven_sha_strategy,1,2038,DISTRICT_HEATING,SOCIAL_HOUSING,708354,708353,708353,10079308,0.0,0.0,0.0,0.0,0.0,MEDIUM,MEDIUM,MEDIUM,5,COST_BASED,POLICY_BASED,false,false
7,policy_driven_sha_strategy,1,2039,DISTRICT_HEATING,SOCIAL_HOUSING,708354,708353,708353,10787661,0.0,0.0,0.0,0.0,0.0,MEDIUM,MEDIUM,MEDIUM,5,COST_BASED,POLICY_BASED,false,false
7,policy_driven_sha_strategy,1,2040,DISTRICT_HEATING,SOCIAL_HOUSING,708354,708353,708353,11496014,0.0,0.0,0.0,0.0,0.0,MEDIUM,MEDIUM,MEDIUM,5,COST_BASED,POLICY_BASED,false,false
7,policy_driven_sha_strategy,1,2041,DISTRICT_HEATING,SOCIAL_HOUSING,708354,708353,708353,12204367,0.0,0.0,0.0,0.0,0.0,MEDIUM,MEDIUM,MEDIUM,5,COST_BASED,POLICY_BASED,false,false
7,policy_driven_sha_strategy,1,2042,DISTRICT_HEATING,SOCIAL_HOUSING,708354,708353,708353,12912720,0.0,0.0,0.0,0.0,0.0,MEDIUM,MEDIUM,MEDIUM,5,COST_BASED,POLICY_BASED,false,false
7,policy_driven_sha_strategy,1,2043,DISTRICT_HEATING,SOCIAL_HOUSING,708354,708353,708353,13621073,0.0,0.0,0.0,0.0,0.0,MEDIUM,MEDIUM,MEDIUM,5,COST_BASED,POLICY_BASED,false,false
7,policy_driven_sha_strategy,1,2044,DISTRICT_HEATING,SOCIAL_HOUSING,708354,708353,708353,14329426,0.0,0.0,0.0,0.0,0.0,MEDIUM,MEDIUM,MEDIUM,5,COST_BASED,POLICY_BASED,false,false
7,policy_driven_sha_strategy,1,2045,DISTRICT_HEATING,SOCIAL_HOUSING,708354,708353,708353,15037779,0.0,0.0,0.0,0.0,0.0,MEDIUM,MEDIUM,MEDIUM,5,COST_BASED,POLICY_BASED,false,false
7,policy_driven_sha_strategy,1,2046,DISTRICT_HEATING,SOCIAL_HOUSING,708354,708353,708353,15746132,0.0,0.0,0.0,0.0,0.0,MEDIUM,MEDIUM,MEDIUM,5,COST_BASED,POLICY_BASED,false,false
7,policy_driven_sha_strategy,1,2047,DISTRICT_HEATING,SOCIAL_HOUSING,708354,708353,708353,16454485,0.0,0.0,0.0,0.0,0.0,MEDIUM,MEDIUM,MEDIUM,5,COST_BASED,POLICY_BASED,false,false
7,policy_driven_sha_strategy,1,2048,DISTRICT_HEATING,SOCIAL_HOUSING,708354,708353,708353,17162838,0.0,0.0,0.0,0.0,0.0,MEDIUM,MEDIUM,MEDIUM,5,COST_BASED,POLICY_BASED,false,false
7,policy_driven_sha_strategy,1,2049,DISTRICT_HEATING,SOCIAL_HOUSING,708354,708353,708353,17871191,0.0,0.0,0.0,0.0,0.0,MEDIUM,MEDIUM,MEDIUM,5,COST_BASED,POLICY_BASED,false,false
7,policy_driven_sha_strategy,1,2050,DISTRICT_HEATING,SOCIAL_HOUSING,708354,708354,708354,18579545,0.0,0.0,0.0,0.0,0.0,MEDIUM,MEDIUM,MEDIUM,5,COST_BASED,POLICY_BASED,false,false
7,policy_driven_sha_strategy,1,2024,DISTRICT_HEATING,PRIVATELY_RENTED,91613,91613,0,91613,0.0,0.0,0.0,0.0,0.0,MEDIUM,MEDIUM,MEDIUM,5,COST_BASED,POLICY_BASED,false,false
7,policy_driven_sha_strategy,1,2025,DISTRICT_HEATING,PRIVATELY_RENTED,96902,7959,2670,99572,0.0,0.0,0.0,0.0,0.0,MEDIUM,MEDIUM,MEDIUM,5,COST_BASED,POLICY_BASED,false,false
7,policy_driven_sha_strategy,1,2026,DISTRICT_HEATING,PRIVATELY_RENTED,104291,9713,2324,109285,0.0,0.0,0.0,0.0,0.0,MEDIUM,MEDIUM,MEDIUM,5,COST_BASED,POLICY_BASED,false,false
7,policy_driven_sha_strategy,1,2027,DISTRICT_HEATING,PRIVATELY_RENTED,113670,11978,2599,121263,0.0,0.0,0.0,0.0,0.0,MEDIUM,MEDIUM,MEDIUM,5,COST_BASED,POLICY_BASED,false,false
7,policy_driven_sha_strategy,1,2028,DISTRICT_HEATING,PRIVATELY_RENTED,125534,14430,2566,135693,0.0,0.0,0.0,0.0,0.0,MEDIUM,MEDIUM,MEDIUM,5,COST_BASED,POLICY_BASED,false,false
7,policy_driven_sha_strategy,1,2029,DISTRICT_HEATING,PRIVATELY_RENTED,139607,16342,2269,152035,0.0,0.0,0.0,0.0,0.0,MEDIUM,MEDIUM,MEDIUM,5,COST_BASED,POLICY_BASED,false,false
7,policy_driven_sha_strategy,1,2030,DISTRICT_HEATING,PRIVATELY_RENTED,154847,18208,2968,170243,0.0,0.0,0.0,0.0,0.0,MEDIUM,MEDIUM,MEDIUM,5,COST_BASED,POLICY_BASED,false,false
7,policy_driven_sha_strategy,1,2031,DISTRICT_HEATING,PRIVATELY_RENTED,172293,20275,2829,190518,0.0,0.0,0.0,0.0,0.0,MEDIUM,MEDIUM,MEDIUM,5,COST_BASED,POLICY_BASED,false,false
7,policy_driven_sha_strategy,1,2032,DISTRICT_HEATING,PRIVATELY_RENTED,191398,22105,3000,212623,0.0,0.0,0.0,0.0,0.0,MEDIUM,MEDIUM,MEDIUM,5,COST_BASED,POLICY_BASED,false,false
7,policy_driven_sha_strategy,1,2033,DISTRICT_HEATING,PRIVATELY_RENTED,212214,23705,2889,236328,0.0,0.0,0.0,0.0,0.0,MEDIUM,MEDIUM,MEDIUM,5,COST_BASED,POLICY_BASED,false,false
7,policy_driven_sha_strategy,1,2034,DISTRICT_HEATING,PRIVATELY_RENTED,234257,25074,3031,261402,0.0,0.0,0.0,0.0,0.0,MEDIUM,MEDIUM,MEDIUM,5,COST_BASED,POLICY_BASED,false,false
7,policy_driven_sha_strategy,1,2035,DISTRICT_HEATING,PRIVATELY_RENTED,257535,26707,3429,288109,0.0,0.0,0.0,0.0,0.0,MEDIUM,MEDIUM,MEDIUM,5,COST_BASED,POLICY_BASED,false,false
7,policy_driven_sha_strategy,1,2036,DISTRICT_HEATING,PRIVATELY_RENTED,279433,25444,3546,313553,0.0,0.0,0.0,0.0,0.0,MEDIUM,MEDIUM,MEDIUM,5,COST_BASED,POLICY_BASED,false,false
7,policy_driven_sha_strategy,1,2037,DISTRICT_HEATING,PRIVATELY_RENTED,280302,4602,3733,318155,0.0,0.0,0.0,0.0,0.0,MEDIUM,MEDIUM,MEDIUM,5,COST_BASED,POLICY_BASED,false,false
7,policy_driven_sha_strategy,1,2038,DISTRICT_HEATING,PRIVATELY_RENTED,280578,4368,4092,322523,0.0,0.0,0.0,0.0,0.0,MEDIUM,MEDIUM,MEDIUM,5,COST_BASED,POLICY_BASED,false,false
7,policy_driven_sha_strategy,1,2039,DISTRICT_HEATING,PRIVATELY_RENTED,279814,3346,4110,325869,0.0,0.0,0.0,0.0,0.0,MEDIUM,MEDIUM,MEDIUM,5,COST_BASED,POLICY_BASED,false,false
7,policy_driven_sha_strategy,1,2040,DISTRICT_HEATING,PRIVATELY_RENTED,277249,1211,3776,327080,0.0,0.0,0.0,0.0,0.0,MEDIUM,MEDIUM,MEDIUM,5,COST_BASED,POLICY_BASED,false,false
7,policy_driven_sha_strategy,1,2041,DISTRICT_HEATING,PRIVATELY_RENTED,274223,1291,4317,328371,0.0,0.0,0.0,0.0,0.0,MEDIUM,MEDIUM,MEDIUM,5,COST_BASED,POLICY_BASED,false,false
7,policy_driven_sha_strategy,1,2042,DISTRICT_HEATING,PRIVATELY_RENTED,272002,1045,3266,329416,0.0,0.0,0.0,0.0,0.0,MEDIUM,MEDIUM,MEDIUM,5,COST_BASED,POLICY_BASED,false,false
7,policy_driven_sha_strategy,1,2043,DISTRICT_HEATING,PRIVATELY_RENTED,269768,1095,3329,330511,0.0,0.0,0.0,0.0,0.0,MEDIUM,MEDIUM,MEDIUM,5,COST_BASED,POLICY_BASED,false,false
7,policy_driven_sha_strategy,1,2044,DISTRICT_HEATING,PRIVATELY_RENTED,268083,1014,2699,331525,0.0,0.0,0.0,0.0,0.0,MEDIUM,MEDIUM,MEDIUM,5,COST_BASED,POLICY_BASED,false,false
7,policy_driven_sha_strategy,1,2045,DISTRICT_HEATING,PRIVATELY_RENTED,266309,925,2699,332450,0.0,0.0,0.0,0.0,0.0,MEDIUM,MEDIUM,MEDIUM,5,COST_BASED,POLICY_BASED,false,false
7,policy_driven_sha_strategy,1,2046,DISTRICT_HEATING,PRIVATELY_RENTED,264273,1091,3127,333541,0.0,0.0,0.0,0.0,0.0,MEDIUM,MEDIUM,MEDIUM,5,COST_BASED,POLICY_BASED,false,false
7,policy_driven_sha_strategy,1,2047,DISTRICT_HEATING,PRIVATELY_RENTED,261822,1041,3492,334582,0.0,0.0,0.0,0.0,0.0,MEDIUM,MEDIUM,MEDIUM,5,COST_BASED,POLICY_BASED,false,false
7,policy_driven_sha_strategy,1,2048,DISTRICT_HEATING,PRIVATELY_RENTED,259540,1168,3450,335750,0.0,0.0,0.0,0.0,0.0,MEDIUM,MEDIUM,MEDIUM,5,COST_BASED,POLICY_BASED,false,false
7,policy_driven_sha_strategy,1,2049,DISTRICT_HEATING,PRIVATELY_RENTED,257202,1118,3456,336868,0.0,0.0,0.0,0.0,0.0,MEDIUM,MEDIUM,MEDIUM,5,COST_BASED,POLICY_BASED,false,false
7,policy_driven_sha_strategy,1,2050,DISTRICT_HEATING,PRIVATELY_RENTED,254620,1181,3763,338049,0.0,0.0,0.0,0.0,0.0,MEDIUM,MEDIUM,MEDIUM,5,COST_BASED,POLICY_BASED,false,false
7,policy_driven_sha_strategy,1,2024,ELECTRIC_HEAT_PUMP,TOTAL,399439,399439,0,399439,0.0,0.0,0.0,0.0,0.0,MEDIUM,MEDIUM,MEDIUM,5,COST_BASED,POLICY_BASED,false,false
7,policy_driven_sha_strategy,1,2025,ELECTRIC_HEAT_PUMP,TOTAL,762906,403862,40395,803301,0.4615768782170817,0.4426870369192687,0.05040756410893879,1679.937295245304,0.43639042315335974,MEDIUM,MEDIUM,MEDIUM,5,COST_BASED,POLICY_BASED,false,false
7,policy_driven_sha_strategy,1,2026,ELECTRIC_HEAT_PUMP,TOTAL,988045,248336,23197,1051637,0.47969976931360947,0.46160438683172844,0.07505704147116384,1686.411124328285,0.4555725926710898,MEDIUM,MEDIUM,MEDIUM,5,COST_BASED,POLICY_BASED,false,false
7,policy_driven_sha_strategy,1,2027,ELECTRIC_HEAT_PUMP,TOTAL,1194509,229517,23053,1281154,0.47328578822449346,0.45531823709614927,0.09060015716534306,1619.0152863814233,0.44932905338671875,MEDIUM,MEDIUM,MEDIUM,5,COST_BASED,POLICY_BASED,false,false
7,policy_driven_sha_strategy,1,2028,ELECTRIC_HEAT_PUMP,TOTAL,1421231,249617,22895,1530771,0.49235598632512145,0.4776901722237575,0.11177219173466457,1655.2377768186207,0.4728015675232905,MEDIUM,MEDIUM,MEDIUM,5,COST_BASED,POLICY_BASED,false,false
7,policy_driven_sha_strategy,1,2029,ELECTRIC_HEAT_PUMP,TOTAL,1647057,247835,22009,1778606,0.501640258680866,0.4862216369848294,0.13304689524524085,1660.649199556408,0.4810820964194743,MEDIUM,MEDIUM,MEDIUM,5,COST_BASED,POLICY_BASED,false,false
7,policy_driven_sha_strategy,1,2030,ELECTRIC_HEAT_PUMP,TOTAL,1874245,250119,22931,2028725,0.5061205449684841,0.49193800464836496,0.15419088642805534,1648.2384891205372,0.48721049120832016,MEDIUM,MEDIUM,MEDIUM,5,COST_BASED,POLICY_BASED,false,false
7,policy_driven_sha_strategy,1,2031,ELECTRIC_HEAT_PUMP,TOTAL,2101912,251811,24144,2280536,0.5123437227782247,0.49849044871335046,0.17639982983598748,1638.13461850999,0.49387269069172357,MEDIUM,MEDIUM,MEDIUM,5,COST_BASED,POLICY_BASED,false,false
7,policy_driven_sha_strategy,1,2032,ELECTRIC_HEAT_PUMP,TOTAL,2326190,249261,24983,2529797,0.5138735484107778,0.5003943258661412,0.19718039093694248,1629.644912403566,0.49590125168456767,MEDIUM,MEDIUM,MEDIUM,5,COST_BASED,POLICY_BASED,false,false
7,policy_driven_sha_strategy,1,2033,ELECTRIC_HEAT_PUMP,TOTAL,2545553,245291,25928,2775088,0.5161270767354413,0.5015492008253242,0.2180509901100897,1610.5569974938871,0.49668990885526954,MEDIUM,MEDIUM,MEDIUM,5,COST_BASED,POLICY_BASED,false,false
7,policy_driven_sha_strategy,1,2034,ELECTRIC_HEAT_PUMP,TOTAL,2774297,256427,27683,3031515,0.5364002666435674,0.5246279410001525,0.24823744721783464,1613.4574803797889,0.5207038324523579,MEDIUM,MEDIUM,MEDIUM,5,COST_BASED,POLICY_BASED,false,false
7,policy_driven_sha_strategy,1,2035,ELECTRIC_HEAT_PUMP,TOTAL,2998917,254093,29473,3285608,0.5382259704355443,0.5286299819992747,0.2718685211491249,1598.900423255857,0.5254313191871688,MEDIUM,MEDIUM,MEDIUM,5,COST_BASED,POLICY_BASED,false,false
7,policy_driven_sha_strategy,1,2036,ELECTRIC_HEAT_PUMP,TOTAL,3140319,172925,31523,3458533,0.5514353652435303,0.5468504404268366,0.2971495713532303,1579.2383740789583,0.5453221321546193,MEDIUM,MEDIUM,MEDIUM,5,COST_BASED,POLICY_BASED,false,false
7,policy_driven_sha_strategy,1,2037,ELECTRIC_HEAT_PUMP,TOTAL,3132528,28380,36171,3486913,0.5419879564639459,0.6145962759986593,0.32636915541466516,1395.6435375110686,0.6387990491768898,MEDIUM,MEDIUM,MEDIUM,5,COST_BASED,POLICY_BASED,false,false
7,policy_driven_sha_strategy,1,2038,ELECTRIC_HEAT_PUMP,TOTAL,3126142,24579,30965,3511492,0.5399505331811877,0.5923449294058907,0.315522152877597,1379.5738387285003,0.6098097281474688,MEDIUM,MEDIUM,MEDIUM,5,COST_BASED,POLICY_BASED,false,false
7,policy_driven_sha_strategy,1,2039,ELECTRIC_HEAT_PUMP,TOTAL,3125562,13509,14089,3525001,0.4607635682728344,0.5066227277348497,0.2781259078250773,1308.5143355263342,0.5219091142222008,MEDIUM,MEDIUM,MEDIUM,5,COST_BASED,POLICY_BASED,false,false
7,policy_driven_sha_strategy,1,2040,ELECTRIC_HEAT_PUMP,TOTAL,3133781,412081,403862,3937082,0.467306951738628,0.4803790920244524,0.2547453746205961,1181.2828017084353,0.4847364721197289,MEDIUM,MEDIUM,MEDIUM,5,COST_BASED,POLICY_BASED,false,false
7,policy_driven_sha_strategy,1,2041,ELECTRIC_HEAT_PUMP,TOTAL,3139815,254370,248336,4191452,0.4810061443653638,0.4953319280635336,0.26327959894675257,1216.9678711274105,0.5001071892962425,MEDIUM,MEDIUM,MEDIUM,5,COST_BASED,POLICY_BASED,false,false
7,policy_driven_sha_strategy,1,2042,ELECTRIC_HEAT_PUMP,TOTAL,3147057,236759,229517,4428211,0.4762494736529096,0.48988996288940795,0.2619917192181824,1196.5880561478284,0.4944367926349131,MEDIUM,MEDIUM,MEDIUM,5,COST_BASED,POLICY_BASED,false,false
7,policy_driven_sha_strategy,1,2043,ELECTRIC_HEAT_PUMP,TOTAL,3151456,254016,249617,4682227,0.4936450867339928,0.5096244741778008,0.27110345292725596,1223.5855108481974,0.5149509366590785,MEDIUM,MEDIUM,MEDIUM,5,COST_BASED,POLICY_BASED,false,false
7,policy_driven_sha_strategy,1,2044,ELECTRIC_HEAT_PUMP,TOTAL,3156331,252710,247835,4934937,0.5046220394571049,0.5215197628393766,0.2773252974165715,1243.5847514601783,0.5271523373001262,MEDIUM,MEDIUM,MEDIUM,5,COST_BASED,POLICY_BASED,false,false
7,policy_driven_sha_strategy,1,2045,ELECTRIC_HEAT_PUMP,TOTAL,3160635,254423,250119,5189360,0.5096791269781019,0.526614190687355,0.27997838806350306,1238.8887761296999,0.5322592119237632,MEDIUM,MEDIUM,MEDIUM,5,COST_BASED,POLICY_BASED,false,false
7,policy_driven_sha_strategy,1,2046,ELECTRIC_HEAT_PUMP,TOTAL,3165086,256262,251811,5445622,0.5139195305908238,0.5308634490009513,0.28314504093545706,1239.1311684168363,0.5365114218043336,MEDIUM,MEDIUM,MEDIUM,5,COST_BASED,POLICY_BASED,false,false
7,policy_driven_sha_strategy,1,2047,ELECTRIC_HEAT_PUMP,TOTAL,3170799,254974,249261,5700596,0.5149362485413456,0.5334183924155956,0.28419356750773145,1238.8948337654726,0.5395791070403407,MEDIUM,MEDIUM,MEDIUM,5,COST_BASED,POLICY_BASED,false,false
7,policy_driven_sha_strategy,1,2048,ELECTRIC_HEAT_PUMP,TOTAL,3176136,250628,245291,5951224,0.5194555332203142,0.5356138740330527,0.28581146750716013,1229.813439255619,0.540999987637288,MEDIUM,MEDIUM,MEDIUM,5,COST_BASED,POLICY_BASED,false,false
7,policy_driven_sha_strategy,1,2049,ELECTRIC_HEAT_PUMP,TOTAL,3181243,261534,256427,6212758,0.5356025556828187,0.5561469081106205,0.29697496707027937,1236.5275407568777,0.562995025586566,MEDIUM,MEDIUM,MEDIUM,5,COST_BASED,POLICY_BASED,false,false
7,policy_driven_sha_strategy,1,2050,ELECTRIC_HEAT_PUMP,TOTAL,3187921,260771,254093,6473529,0.5398842460613936,0.5605761105287058,0.29868750587026316,1226.1484683060967,0.5674733986845055,MEDIUM,MEDIUM,MEDIUM,5,COST_BASED,POLICY_BASED,false,false
7,policy_driven_sha_strategy,1,2024,ELECTRIC_HEAT_PUMP,PRIVATELY_OWNED,328623,328623,0,328623,0.0,0.0,0.0,0.0,0.0,MEDIUM,MEDIUM,MEDIUM,5,COST_BASED,POLICY_BASED,false,false
7,policy_driven_sha_strategy,1,2025,ELECTRIC_HEAT_PUMP,PRIVATELY_OWNED,560485,260928,29066,589551,0.7144245201377661,0.6851869945130062,0.07802037211860834,2600.1917614528106,0.6754411526381308,MEDIUM,MEDIUM,MEDIUM,5,COST_BASED,POLICY_BASED,false,false
7,policy_driven_sha_strategy,1,2026,ELECTRIC_HEAT_PUMP,PRIVATELY_OWNED,708655,166811,18641,756362,0.7141418846015222,0.6872028044208363,0.11173942636146861,2510.6053735736195,0.678223111027257,MEDIUM,MEDIUM,MEDIUM,5,COST_BASED,POLICY_BASED,false,false
7,policy_driven_sha_strategy,1,2027,ELECTRIC_HEAT_PUMP,PRIVATELY_OWNED,841967,151958,18646,908320,0.7148497233177659,0.6877115770383717,0.13684226083600762,2445.356818886831,0.6786655282786002,MEDIUM,MEDIUM,MEDIUM,5,COST_BASED,POLICY_BASED,false,false
7,policy_driven_sha_strategy,1,2028,ELECTRIC_HEAT_PUMP,PRIVATELY_OWNED,995571,171988,18384,1080308,0.7145872051452301,0.6933017868687215,0.16222201074628326,2402.350676420062,0.6862066474432007,MEDIUM,MEDIUM,MEDIUM,5,COST_BASED,POLICY_BASED,false,false
7,policy_driven_sha_strategy,1,2029,ELECTRIC_HEAT_PUMP,PRIVATELY_OWNED,1151531,173965,18005,1254273,0.7146495761226249,0.6926838122733607,0.189542018699763,2365.8034338634916,0.685361890990259,MEDIUM,MEDIUM,MEDIUM,5,COST_BASED,POLICY_BASED,false,false
7,policy_driven_sha_strategy,1,2030,ELECTRIC_HEAT_PUMP,PRIVATELY_OWNED,1309748,177196,18979,1431469,0.7144087032832134,0.6943894996763155,0.21764639338641262,2326.5523073903455,0.6877164318073423,MEDIUM,MEDIUM,MEDIUM,5,COST_BASED,POLICY_BASED,false,false
7,policy_driven_sha_strategy,1,2031,ELECTRIC_HEAT_PUMP,PRIVATELY_OWNED,1470422,180602,19928,1612071,0.7143541332682226,0.6950386949256238,0.24595196925189003,2284.0296144096915,0.6886002154780877,MEDIUM,MEDIUM,MEDIUM,5,COST_BASED,POLICY_BASED,false,false
7,policy_driven_sha_strategy,1,2032,ELECTRIC_HEAT_PUMP,PRIVATELY_OWNED,1628941,179311,20792,1791382,0.7143378518351852,0.6956003260241714,0.2741013179633888,2265.376471664456,0.6893544840871281,MEDIUM,MEDIUM,MEDIUM,5,COST_BASED,POLICY_BASED,false,false
7,policy_driven_sha_strategy,1,2033,ELECTRIC_HEAT_PUMP,PRIVATELY_OWNED,1784845,177207,21303,1968589,0.7144262178103187,0.6942474339029756,0.3018274978702535,2229.3427261466704,0.6875211726005063,MEDIUM,MEDIUM,MEDIUM,5,COST_BASED,POLICY_BASED,false,false
7,policy_driven_sha_strategy,1,2034,ELECTRIC_HEAT_PUMP,PRIVATELY_OWNED,1954533,192502,22814,2161091,0.7145251019449671,0.6988434874798501,0.3306707664217914,2149.2455211963934,0.6936162826581582,MEDIUM,MEDIUM,MEDIUM,5,COST_BASED,POLICY_BASED,false,false
7,policy_driven_sha_strategy,1,2035,ELECTRIC_HEAT_PUMP,PRIVATELY_OWNED,2121785,191438,24186,2352529,0.7143798593062964,0.7016432370592134,0.36084731424453137,2122.198337040454,0.6973976963101645,MEDIUM,MEDIUM,MEDIUM,5,COST_BASED,POLICY_BASED,false,false
7,policy_driven_sha_strategy,1,2036,ELECTRIC_HEAT_PUMP,PRIVATELY_OWNED,2228952,133529,26362,2486058,0.7141292193810893,0.7081915719492449,0.3848196992882246,2045.172178609919,0.7062123561386482,MEDIUM,MEDIUM,MEDIUM,5,COST_BASED,POLICY_BASED,false,false
7,policy_driven_sha_strategy,1,2037,ELECTRIC_HEAT_PUMP,PRIVATELY_OWNED,2220872,24072,32152,2510130,0.638983807097324,0.7245863373563456,0.38477719469376026,1645.4122463677354,0.7531205141093441,MEDIUM,MEDIUM,MEDIUM,5,COST_BASED,POLICY_BASED,false,false
7,policy_driven_sha_strategy,1,2038,ELECTRIC_HEAT_PUMP,PRIVATELY_OWNED,2213627,20142,27387,2530272,0.6588940599275351,0.7228302065270275,0.38502725625948053,1683.4745994493005,0.7441422553935377,MEDIUM,MEDIUM,MEDIUM,5,COST_BASED,POLICY_BASED,false,false
7,policy_driven_sha_strategy,1,2039,ELECTRIC_HEAT_PUMP,PRIVATELY_OWNED,2211499,9850,11978,2540122,0.6319243699287025,0.6948189267989934,0.3814419176455806,1794.5908790482486,0.7157837790891076,MEDIUM,MEDIUM,MEDIUM,5,COST_BASED,POLICY_BASED,false,false
7,policy_driven_sha_strategy,1,2040,ELECTRIC_HEAT_PUMP,PRIVATELY_OWNED,2217161,266590,260928,2806712,0.7223388573442574,0.7425450940415184,0.3937721922016199,1825.9657084317255,0.7492805062739414,MEDIUM,MEDIUM,MEDIUM,5,COST_BASED,POLICY_BASED,false,false
7,policy_driven_sha_strategy,1,2041,ELECTRIC_HEAT_PUMP,PRIVATELY_OWNED,2220175,169825,166811,2976537,0.7204683229337118,0.7419259975947066,0.39434966338339733,1822.8182975338107,0.7490785558150168,MEDIUM,MEDIUM,MEDIUM,5,COST_BASED,POLICY_BASED,false,false
7,policy_driven_sha_strategy,1,2042,ELECTRIC_HEAT_PUMP,PRIVATELY_OWNED,2225202,156985,151958,3133522,0.7182619303283067,0.7388340142289603,0.39512626970970244,1804.6500722075593,0.7456913755291867,MEDIUM,MEDIUM,MEDIUM,5,COST_BASED,POLICY_BASED,false,false
7,policy_driven_sha_strategy,1,2043,ELECTRIC_HEAT_PUMP,PRIVATELY_OWNED,2227379,174165,171988,3307687,0.7199710065272696,0.7432766080024589,0.3953987006503594,1784.5738071576704,0.7510451418275341,MEDIUM,MEDIUM,MEDIUM,5,COST_BASED,POLICY_BASED,false,false
7,policy_driven_sha_strategy,1,2044,ELECTRIC_HEAT_PUMP,PRIVATELY_OWNED,2230577,177163,173965,3484850,0.7198062552068152,0.7439096158178563,0.3955841564555906,1773.8822583807096,0.7519440693548591,MEDIUM,MEDIUM,MEDIUM,5,COST_BASED,POLICY_BASED,false,false
7,policy_driven_sha_strategy,1,2045,ELECTRIC_HEAT_PUMP,PRIVATELY_OWNED,2233111,179730,177196,3664580,0.7214938659275003,0.7454668794149499,0.39633306307394783,1753.751733651848,0.753457883910753,MEDIUM,MEDIUM,MEDIUM,5,COST_BASED,POLICY_BASED,false,false
7,policy_driven_sha_strategy,1,2046,ELECTRIC_HEAT_PUMP,PRIVATELY_OWNED,2235547,183038,180602,3847618,0.7195120507668665,0.7432343511614079,0.39641667020073484,1734.8432100483797,0.7511417846262642,MEDIUM,MEDIUM,MEDIUM,5,COST_BASED,POLICY_BASED,false,false
7,policy_driven_sha_strategy,1,2047,ELECTRIC_HEAT_PUMP,PRIVATELY_OWNED,2238818,182582,179311,4030200,0.7191034988968301,0.7449136343548327,0.39687357286981373,1730.1046726649815,0.7535170128408267,MEDIUM,MEDIUM,MEDIUM,5,COST_BASED,POLICY_BASED,false,false
7,policy_driven_sha_strategy,1,2048,ELECTRIC_HEAT_PUMP,PRIVATELY_OWNED,2241880,180269,177207,4210469,0.7221990546346899,0.7446639967002421,0.3973636980200952,1709.8096880426322,0.7521523107220777,MEDIUM,MEDIUM,MEDIUM,5,COST_BASED,POLICY_BASED,false,false
7,policy_driven_sha_strategy,1,2049,ELECTRIC_HEAT_PUMP,PRIVATELY_OWNED,2244658,195280,192502,4405749,0.7173201495183854,0.744834726883465,0.3977317238721756,1656.0528156713913,0.7540062526718402,MEDIUM,MEDIUM,MEDIUM,5,COST_BASED,POLICY_BASED,false,false
7,policy_driven_sha_strategy,1,2050,ELECTRIC_HEAT_PUMP,PRIVATELY_OWNED,2248764,195544,191438,4601293,0.7199717441070842,0.7475657290363352,0.3983197622698441,1635.1509748631977,0.7567637240127909,MEDIUM,MEDIUM,MEDIUM,5,COST_BASED,POLICY_BASED,false,false
7,policy_driven_sha_strategy,1,2024,ELECTRIC_HEAT_PUMP,SOCIAL_HOUSING,5037,5037,0,5037,0.0,0.0,0.0,0.0,0.0,MEDIUM,MEDIUM,MEDIUM,5,COST_BASED,POLICY_BASED,false,false
7,policy_driven_sha_strategy,1,2025,ELECTRIC_HEAT_PUMP,SOCIAL_HOUSING,188,0,4849,5037,0.0,0.0,0.0,0.0,0.0,MEDIUM,MEDIUM,MEDIUM,5,COST_BASED,POLICY_BASED,false,false
7,policy_driven_sha_strategy,1,2026,ELECTRIC_HEAT_PUMP,SOCIAL_HOUSING,75,0,113,5037,0.0,0.0,0.0,0.0,0.0,MEDIUM,MEDIUM,MEDIUM,5,COST_BASED,POLICY_BASED,false,false
7,policy_driven_sha_strategy,1,2027,ELECTRIC_HEAT_PUMP,SOCIAL_HOUSING,33,0,42,5037,0.0,0.0,0.0,0.0,0.0,MEDIUM,MEDIUM,MEDIUM,5,COST_BASED,POLICY_BASED,false,false
7,policy_driven_sha_strategy,1,2028,ELECTRIC_HEAT_PUMP,SOCIAL_HOUSING,18,0,15,5037,0.0,0.0,0.0,0.0,0.0,MEDIUM,MEDIUM,MEDIUM,5,COST_BASED,POLICY_BASED,false,false
7,policy_driven_sha_strategy,1,2029,ELECTRIC_HEAT_PUMP,SOCIAL_HOUSING,14,0,4,5037,0.0,0.0,0.0,0.0,0.0,MEDIUM,MEDIUM,MEDIUM,5,COST_BASED,POLICY_BASED,false,false
7,policy_driven_sha_strategy,1,2030,ELECTRIC_HEAT_PUMP,SOCIAL_HOUSING,6,0,8,5037,0.0,0.0,0.0,0.0,0.0,MEDIUM,MEDIUM,MEDIUM,5,COST_BASED,POLICY_BASED,false,false
7,policy_driven_sha_strategy,1,2031,ELECTRIC_HEAT_PUMP,SOCIAL_HOUSING,4,0,2,5037,0.0,0.0,0.0,0.0,0.0,MEDIUM,MEDIUM,MEDIUM,5,COST_BASED,POLICY_BASED,false,false
7,policy_driven_sha_strategy,1,2032,ELECTRIC_HEAT_PUMP,SOCIAL_HOUSING,4,0,0,5037,0.0,0.0,0.0,0.0,0.0,MEDIUM,MEDIUM,MEDIUM,5,COST_BASED,POLICY_BASED,false,false
7,policy_driven_sha_strategy,1,2033,ELECTRIC_HEAT_PUMP,SOCIAL_HOUSING,3,0,1,5037,0.0,0.0,0.0,0.0,0.0,MEDIUM,MEDIUM,MEDIUM,5,COST_BASED,POLICY_BASED,false,false
7,policy_driven_sha_strategy,1,2034,ELECTRIC_HEAT_PUMP,SOCIAL_HOUSING,2,0,1,5037,0.0,0.0,0.0,0.0,0.0,MEDIUM,MEDIUM,MEDIUM,5,COST_BASED,POLICY_BASED,false,false
7,policy_driven_sha_strategy,1,2035,ELECTRIC_HEAT_PUMP,SOCIAL_HOUSING,1,0,1,5037,0.0,0.0,0.0,0.0,0.0,MEDIUM,MEDIUM,MEDIUM,5,COST_BASED,POLICY_BASED,false,false
7,policy_driven_sha_strategy,1,2036,ELECTRIC_HEAT_PUMP,SOCIAL_HOUSING,1,0,0,5037,0.0,0.0,0.0,0.0,0.0,MEDIUM,MEDIUM,MEDIUM,5,COST_BASED,POLICY_BASED,false,false
7,policy_driven_sha_strategy,1,2037,ELECTRIC_HEAT_PUMP,SOCIAL_HOUSING,0,0,1,5037,0.0,0.0,0.0,0.0,0.0,MEDIUM,MEDIUM,MEDIUM,5,COST_BASED,POLICY_BASED,false,false
7,policy_driven_sha_strategy,1,2038,ELECTRIC_HEAT_PUMP,SOCIAL_HOUSING,0,0,0,5037,0.0,0.0,0.0,0.0,0.0,MEDIUM,MEDIUM,MEDIUM,5,COST_BASED,POLICY_BASED,false,false
7,policy_driven_sha_strategy,1,2039,ELECTRIC_HEAT_PUMP,SOCIAL_HOUSING,0,0,0,5037,0.0,0.0,0.0,0.0,0.0,MEDIUM,MEDIUM,MEDIUM,5,COST_BASED,POLICY_BASED,false,false
7,policy_driven_sha_strategy,1,2040,ELECTRIC_HEAT_PUMP,SOCIAL_HOUSING,0,0,0,5037,0.0,0.0,0.0,0.0,0.0,MEDIUM,MEDIUM,MEDIUM,5,COST_BASED,POLICY_BASED,false,false
7,policy_driven_sha_strategy,1,2041,ELECTRIC_HEAT_PUMP,SOCIAL_HOUSING,0,0,0,5037,0.0,0.0,0.0,0.0,0.0,MEDIUM,MEDIUM,MEDIUM,5,COST_BASED,POLICY_BASED,false,false
7,policy_driven_sha_strategy,1,2042,ELECTRIC_HEAT_PUMP,SOCIAL_HOUSING,0,0,0,5037,0.0,0.0,0.0,0.0,0.0,MEDIUM,MEDIUM,MEDIUM,5,COST_BASED,POLICY_BASED,false,false
7,policy_driven_sha_strategy,1,2043,ELECTRIC_HEAT_PUMP,SOCIAL_HOUSING,0,0,0,5037,0.0,0.0,0.0,0.0,0.0,MEDIUM,MEDIUM,MEDIUM,5,COST_BASED,POLICY_BASED,false,false
7,policy_driven_sha_strategy,1,2044,ELECTRIC_HEAT_PUMP,SOCIAL_HOUSING,0,0,0,5037,0.0,0.0,0.0,0.0,0.0,MEDIUM,MEDIUM,MEDIUM,5,COST_BASED,POLICY_BASED,false,false
7,policy_driven_sha_strategy,1,2045,ELECTRIC_HEAT_PUMP,SOCIAL_HOUSING,0,0,0,5037,0.0,0.0,0.0,0.0,0.0,MEDIUM,MEDIUM,MEDIUM,5,COST_BASED,POLICY_BASED,false,false
7,policy_driven_sha_strategy,1,2046,ELECTRIC_HEAT_PUMP,SOCIAL_HOUSING,0,0,0,5037,0.0,0.0,0.0,0.0,0.0,MEDIUM,MEDIUM,MEDIUM,5,COST_BASED,POLICY_BASED,false,false
7,policy_driven_sha_strategy,1,2047,ELECTRIC_HEAT_PUMP,SOCIAL_HOUSING,0,0,0,5037,0.0,0.0,0.0,0.0,0.0,MEDIUM,MEDIUM,MEDIUM,5,COST_BASED,POLICY_BASED,false,false
7,policy_driven_sha_strategy,1,2048,ELECTRIC_HEAT_PUMP,SOCIAL_HOUSING,0,0,0,5037,0.0,0.0,0.0,0.0,0.0,MEDIUM,MEDIUM,MEDIUM,5,COST_BASED,POLICY_BASED,false,false
7,policy_driven_sha_strategy,1,2049,ELECTRIC_HEAT_PUMP,SOCIAL_HOUSING,0,0,0,5037,0.0,0.0,0.0,0.0,0.0,MEDIUM,MEDIUM,MEDIUM,5,COST_BASED,POLICY_BASED,false,false
7,policy_driven_sha_strategy,1,2050,ELECTRIC_HEAT_PUMP,SOCIAL_HOUSING,0,0,0,5037,0.0,0.0,0.0,0.0,0.0,MEDIUM,MEDIUM,MEDIUM,5,COST_BASED,POLICY_BASED,false,false
7,policy_driven_sha_strategy,1,2024,ELECTRIC_HEAT_PUMP,PRIVATELY_RENTED,65779,65779,0,65779,0.0,0.0,0.0,0.0,0.0,MEDIUM,MEDIUM,MEDIUM,5,COST_BASED,POLICY_BASED,false,false
7,policy_driven_sha_strategy,1,2025,ELECTRIC_HEAT_PUMP,PRIVATELY_RENTED,202233,142934,6480,208713,0.0,0.0,0.0,0.0,0.0,MEDIUM,MEDIUM,MEDIUM,5,COST_BASED,POLICY_BASED,false,false
7,policy_driven_sha_strategy,1,2026,ELECTRIC_HEAT_PUMP,PRIVATELY_RENTED,279315,81525,4443,290238,0.0,0.0,0.0,0.0,0.0,MEDIUM,MEDIUM,MEDIUM,5,COST_BASED,POLICY_BASED,false,false
7,policy_driven_sha_strategy,1,2027,ELECTRIC_HEAT_PUMP,PRIVATELY_RENTED,352509,77559,4365,367797,0.0,0.0,0.0,0.0,0.0,MEDIUM,MEDIUM,MEDIUM,5,COST_BASED,POLICY_BASED,false,false
7,policy_driven_sha_strategy,1,2028,ELECTRIC_HEAT_PUMP,PRIVATELY_RENTED,425642,77629,4496,445426,0.0,0.0,0.0,0.0,0.0,MEDIUM,MEDIUM,MEDIUM,5,COST_BASED,POLICY_BASED,false,false
7,policy_driven_sha_strategy,1,2029,ELECTRIC_HEAT_PUMP,PRIVATELY_RENTED,495512,73870,4000,519296,0.0,0.0,0.0,0.0,0.0,MEDIUM,MEDIUM,MEDIUM,5,COST_BASED,POLICY_BASED,false,false
7,policy_driven_sha_strategy,1,2030,ELECTRIC_HEAT_PUMP,PRIVATELY_RENTED,564491,72923,3944,592219,0.0,0.0,0.0,0.0,0.0,MEDIUM,MEDIUM,MEDIUM,5,COST_BASED,POLICY_BASED,false,false
7,policy_driven_sha_strategy,1,2031,ELECTRIC_HEAT_PUMP,PRIVATELY_RENTED,631486,71209,4214,663428,0.0,0.0,0.0,0.0,0.0,MEDIUM,MEDIUM,MEDIUM,5,COST_BASED,POLICY_BASED,false,false
7,policy_driven_sha_strategy,1,2032,ELECTRIC_HEAT_PUMP,PRIVATELY_RENTED,697245,69950,4191,733378,0.0,0.0,0.0,0.0,0.0,MEDIUM,MEDIUM,MEDIUM,5,COST_BASED,POLICY_BASED,false,false
7,policy_driven_sha_strategy,1,2033,ELECTRIC_HEAT_PUMP,PRIVATELY_RENTED,760705,68084,4624,801462,0.0,0.0,0.0,0.0,0.0,MEDIUM,MEDIUM,MEDIUM,5,COST_BASED,POLICY_BASED,false,false
7,policy_driven_sha_strategy,1,2034,ELECTRIC_HEAT_PUMP,PRIVATELY_RENTED,819762,63925,4868,865387,0.0,0.0,0.0,0.0,0.0,MEDIUM,MEDIUM,MEDIUM,5,COST_BASED,POLICY_BASED,false,false
7,policy_driven_sha_strategy,1,2035,ELECTRIC_HEAT_PUMP,PRIVATELY_RENTED,877131,62655,5286,928042,0.0,0.0,0.0,0.0,0.0,MEDIUM,MEDIUM,MEDIUM,5,COST_BASED,POLICY_BASED,false,false
7,policy_driven_sha_strategy,1,2036,ELECTRIC_HEAT_PUMP,PRIVATELY_RENTED,911366,39396,5161,967438,0.0,0.0,0.0,0.0,0.0,MEDIUM,MEDIUM,MEDIUM,5,COST_BASED,POLICY_BASED,false,false
7,policy_driven_sha_strategy,1,2037,ELECTRIC_HEAT_PUMP,PRIVATELY_RENTED,911656,4308,4018,971746,0.0,0.0,0.0,0.0,0.0,MEDIUM,MEDIUM,MEDIUM,5,COST_BASED,POLICY_BASED,false,false
7,policy_driven_sha_strategy,1,2038,ELECTRIC_HEAT_PUMP,PRIVATELY_RENTED,912515,4437,3578,976183,0.0,0.0,0.0,0.0,0.0,MEDIUM,MEDIUM,MEDIUM,5,COST_BASED,POLICY_BASED,false,false
7,policy_driven_sha_strategy,1,2039,ELECTRIC_HEAT_PUMP,PRIVATELY_RENTED,914063,3659,2111,979842,0.0,0.0,0.0,0.0,0.0,MEDIUM,MEDIUM,MEDIUM,5,COST_BASED,POLICY_BASED,false,false
7,policy_driven_sha_strategy,1,2040,ELECTRIC_HEAT_PUMP,PRIVATELY_RENTED,916620,145491,142934,1125333,0.0,0.0,0.0,0.0,0.0,MEDIUM,MEDIUM,MEDIUM,5,COST_BASED,POLICY_BASED,false,false
7,policy_driven_sha_strategy,1,2041,ELECTRIC_HEAT_PUMP,PRIVATELY_RENTED,919640,84545,81525,1209878,0.0,0.0,0.0,0.0,0.0,MEDIUM,MEDIUM,MEDIUM,5,COST_BASED,POLICY_BASED,false,false
7,policy_driven_sha_strategy,1,2042,ELECTRIC_HEAT_PUMP,PRIVATELY_RENTED,921855,79774,77559,1289652,0.0,0.0,0.0,0.0,0.0,MEDIUM,MEDIUM,MEDIUM,5,COST_BASED,POLICY_BASED,false,false
7,policy_driven_sha_strategy,1,2043,ELECTRIC_HEAT_PUMP,PRIVATELY_RENTED,924077,79851,77629,1369503,0.0,0.0,0.0,0.0,0.0,MEDIUM,MEDIUM,MEDIUM,5,COST_BASED,POLICY_BASED,false,false
7,policy_driven_sha_strategy,1,2044,ELECTRIC_HEAT_PUMP,PRIVATELY_RENTED,925754,75547,73870,1445050,0.0,0.0,0.0,0.0,0.0,MEDIUM,MEDIUM,MEDIUM,5,COST_BASED,POLICY_BASED,false,false
7,policy_driven_sha_strategy,1,2045,ELECTRIC_HEAT_PUMP,PRIVATELY_RENTED,927524,74693,72923,1519743,0.0,0.0,0.0,0.0,0.0,MEDIUM,MEDIUM,MEDIUM,5,COST_BASED,POLICY_BASED,false,false
7,policy_driven_sha_strategy,1,2046,ELECTRIC_HEAT_PUMP,PRIVATELY_RENTED,929539,73224,71209,1592967,0.0,0.0,0.0,0.0,0.0,MEDIUM,MEDIUM,MEDIUM,5,COST_BASED,POLICY_BASED,false,false
7,policy_driven_sha_strategy,1,2047,ELECTRIC_HEAT_PUMP,PRIVATELY_RENTED,931981,72392,69950,1665359,0.0,0.0,0.0,0.0,0.0,MEDIUM,MEDIUM,MEDIUM,5,COST_BASED,POLICY_BASED,false,false
7,policy_driven_sha_strategy,1,2048,ELECTRIC_HEAT_PUMP,PRIVATELY_RENTED,934256,70359,68084,1735718,0.0,0.0,0.0,0.0,0.0,MEDIUM,MEDIUM,MEDIUM,5,COST_BASED,POLICY_BASED,false,false
7,policy_driven_sha_strategy,1,2049,ELECTRIC_HEAT_PUMP,PRIVATELY_RENTED,936585,66254,63925,1801972,0.0,0.0,0.0,0.0,0.0,MEDIUM,MEDIUM,MEDIUM,5,COST_BASED,POLICY_BASED,false,false
7,policy_driven_sha_strategy,1,2050,ELECTRIC_HEAT_PUMP,PRIVATELY_RENTED,939157,65227,62655,1867199,0.0,0.0,0.0,0.0,0.0,MEDIUM,MEDIUM,MEDIUM,5,COST_BASED,POLICY_BASED,false,false
7,policy_driven_sha_strategy,1,2024,HYBRID_HEAT_PUMP,TOTAL,156222,156222,0,156222,0.0,0.0,0.0,0.0,0.0,MEDIUM,MEDIUM,MEDIUM,5,COST_BASED,POLICY_BASED,false,false
7,policy_driven_sha_strategy,1,2025,HYBRID_HEAT_PUMP,TOTAL,1405866,1267281,17637,1423503,0.22918695197974862,0.21401448092398395,0.0168664573371459,585.3123263722287,0.20895699057205763,MEDIUM,MEDIUM,MEDIUM,5,COST_BASED,POLICY_BASED,false,false
7,policy_driven_sha_strategy,1,2026,HYBRID_HEAT_PUMP,TOTAL,1612967,1104817,897716,2528320,0.14882911522585465,0.13819931745826738,0.020834362116249595,363.937621907931,0.13465605153574714,MEDIUM,MEDIUM,MEDIUM,5,COST_BASED,POLICY_BASED,false,false
7,policy_driven_sha_strategy,1,2027,HYBRID_HEAT_PUMP,TOTAL,1837221,1123985,899731,3652305,0.15887155764765745,0.14953685326319538,0.030176576496203325,380.46991371261805,0.1464252851350405,MEDIUM,MEDIUM,MEDIUM,5,COST_BASED,POLICY_BASED,false,false
7,policy_driven_sha_strategy,1,2028,HYBRID_HEAT_PUMP,TOTAL,2047453,1110333,900101,4762638,0.15133946430612955,0.14167674023756788,0.036422254274039716,357.83649945559733,0.138455832214709,MEDIUM,MEDIUM,MEDIUM,5,COST_BASED,POLICY_BASED,false,false
7,policy_driven_sha_strategy,1,2029,HYBRID_HEAT_PUMP,TOTAL,2258560,1111831,900724,5874469,0.1521002882180337,0.14220418008774302,0.04413588895154676,356.05799182010276,0.1389054773776483,MEDIUM,MEDIUM,MEDIUM,5,COST_BASED,POLICY_BASED,false,false
7,policy_driven_sha_strategy,1,2030,HYBRID_HEAT_PUMP,TOTAL,2463003,1104857,900414,6979326,0.14816641605104441,0.13849478725828865,0.05020438841275237,343.1586861550457,0.13527091099404837,MEDIUM,MEDIUM,MEDIUM,5,COST_BASED,POLICY_BASED,false,false
7,policy_driven_sha_strategy,1,2031,HYBRID_HEAT_PUMP,TOTAL,2674403,1112320,900920,8091646,0.15233199977985856,0.1425103014994454,0.05891642121250066,348.07249425087997,0.13923640207264068,MEDIUM,MEDIUM,MEDIUM,5,COST_BASED,POLICY_BASED,false,false
7,policy_driven_sha_strategy,1,2032,HYBRID_HEAT_PUMP,TOTAL,2887823,1114246,900826,9205892,0.1533785920206787,0.14374847798736418,0.06708660320256021,348.5726919335927,0.14053843997624887,MEDIUM,MEDIUM,MEDIUM,5,COST_BASED,POLICY_BASED,false,false
7,policy_driven_sha_strategy,1,2033,HYBRID_HEAT_PUMP,TOTAL,3105523,1118661,900961,10324553,0.15577818165394877,0.14602503510718157,0.07591240509948718,349.8301586278038,0.14277398625826523,MEDIUM,MEDIUM,MEDIUM,5,COST_BASED,POLICY_BASED,false,false
7,policy_driven_sha_strategy,1,2034,HYBRID_HEAT_PUMP,TOTAL,3327524,1123088,901087,11447641,0.1581546055198086,0.14861481102655488,0.0849575876876411,344.9859342269295,0.14543487952880366,MEDIUM,MEDIUM,MEDIUM,5,COST_BASED,POLICY_BASED,false,false
7,policy_driven_sha_strategy,1,2035,HYBRID_HEAT_PUMP,TOTAL,3558590,1131965,900899,12579606,0.16294835056318477,0.1540348956187903,0.09631989745255967,351.9939433945581,0.1510637439706271,MEDIUM,MEDIUM,MEDIUM,5,COST_BASED,POLICY_BASED,false,false
7,policy_driven_sha_strategy,1,2036,HYBRID_HEAT_PUMP,TOTAL,3706356,1048820,901054,13628426,0.11531510953301,0.10936069007094733,0.07289695715635178,242.99686804769226,0.10737588358359802,MEDIUM,MEDIUM,MEDIUM,5,COST_BASED,POLICY_BASED,false,false
7,policy_driven_sha_strategy,1,2037,HYBRID_HEAT_PUMP,TOTAL,3719394,914798,901760,14543224,0.0201277083448317,0.019730704976577168,0.01231719578008619,33.870404057132085,0.019598370520492174,MEDIUM,MEDIUM,MEDIUM,5,COST_BASED,POLICY_BASED,false,false
7,policy_driven_sha_strategy,1,2038,HYBRID_HEAT_PUMP,TOTAL,3730964,912891,901321,15456115,0.018556339649294176,0.018181891710089552,0.011440088490643754,31.88316902310086,0.01805707573035417,MEDIUM,MEDIUM,MEDIUM,5,COST_BASED,POLICY_BASED,false,false
7,policy_driven_sha_strategy,1,2039,HYBRID_HEAT_PUMP,TOTAL,3736907,902833,896890,16358948,0.010215527034932718,0.009835945800195638,0.00622923982320327,18.922726904604993,0.009709418721949983,MEDIUM,MEDIUM,MEDIUM,5,COST_BASED,POLICY_BASED,false,false
7,policy_driven_sha_strategy,1,2040,HYBRID_HEAT_PUMP,TOTAL,3734786,1268483,1270604,17627431,0.2262827091478349,0.22763446292762182,0.15285840731957934,414.3859686829811,0.22808504752089598,MEDIUM,MEDIUM,MEDIUM,5,COST_BASED,POLICY_BASED,false,false
7,policy_driven_sha_strategy,1,2041,HYBRID_HEAT_PUMP,TOTAL,3735132,1106155,1105809,18733586,0.1478946259890153,0.14819476526455047,0.0995587776866735,270.9972649713035,0.14829481168972794,MEDIUM,MEDIUM,MEDIUM,5,COST_BASED,POLICY_BASED,false,false
7,policy_driven_sha_strategy,1,2042,HYBRID_HEAT_PUMP,TOTAL,3733531,1122807,1124408,19856393,0.1570331086529154,0.15756545754761764,0.10572880137443233,286.04753682032424,0.1577429071791941,MEDIUM,MEDIUM,MEDIUM,5,COST_BASED,POLICY_BASED,false,false
7,policy_driven_sha_strategy,1,2043,HYBRID_HEAT_PUMP,TOTAL,3734965,1112021,1110587,20968414,0.15110223611972243,0.15226733209526835,0.10161985116376784,273.4764991478017,0.1526556974204519,MEDIUM,MEDIUM,MEDIUM,5,COST_BASED,POLICY_BASED,false,false
7,policy_driven_sha_strategy,1,2044,HYBRID_HEAT_PUMP,TOTAL,3735143,1112190,1112012,22080604,0.1512033415368971,0.15153617574585793,0.10175234686222066,272.88802529102435,0.15164712048217058,MEDIUM,MEDIUM,MEDIUM,5,COST_BASED,POLICY_BASED,false,false
7,policy_driven_sha_strategy,1,2045,HYBRID_HEAT_PUMP,TOTAL,3735468,1105296,1104971,23185900,0.14727186283710153,0.14794488258648228,0.0993079675428935,264.20745288916606,0.14816922250294495,MEDIUM,MEDIUM,MEDIUM,5,COST_BASED,POLICY_BASED,false,false
7,policy_driven_sha_strategy,1,2046,HYBRID_HEAT_PUMP,TOTAL,3737054,1114000,1112414,24299900,0.15220633751791735,0.153052439535696,0.10225952897672139,271.2591691133343,0.1533344735416275,MEDIUM,MEDIUM,MEDIUM,5,COST_BASED,POLICY_BASED,false,false
7,policy_driven_sha_strategy,1,2047,HYBRID_HEAT_PUMP,TOTAL,3738060,1115329,1114323,25415229,0.15298547182214497,0.15381290854301044,0.10276110580774087,272.34861916904697,0.15408872078330288,MEDIUM,MEDIUM,MEDIUM,5,COST_BASED,POLICY_BASED,false,false
7,policy_driven_sha_strategy,1,2048,HYBRID_HEAT_PUMP,TOTAL,3738520,1119178,1118718,26534407,0.15504927699614354,0.15605711680220555,0.10418666976974257,273.8042614937478,0.1563930634042286,MEDIUM,MEDIUM,MEDIUM,5,COST_BASED,POLICY_BASED,false,false
7,policy_driven_sha_strategy,1,2049,HYBRID_HEAT_PUMP,TOTAL,3741094,1125700,1123126,27660107,0.1584720038507072,0.15976042422543021,0.10636344674989533,272.70199809754644,0.16018989768366718,MEDIUM,MEDIUM,MEDIUM,5,COST_BASED,POLICY_BASED,false,false
7,policy_driven_sha_strategy,1,2050,HYBRID_HEAT_PUMP,TOTAL,3741035,1131921,1131980,28792028,0.16194927540544488,0.16268879079858722,0.10869302565786695,275.7450601352038,0.16293529592963224,MEDIUM,MEDIUM,MEDIUM,5,COST_BASED,POLICY_BASED,false,false
7,policy_driven_sha_strategy,1,2024,HYBRID_HEAT_PUMP,PRIVATELY_OWNED,131847,131847,0,131847,0.0,0.0,0.0,0.0,0.0,MEDIUM,MEDIUM,MEDIUM,5,COST_BASED,POLICY_BASED,false,false
7,policy_driven_sha_strategy,1,2025,HYBRID_HEAT_PUMP,PRIVATELY_OWNED,497950,379410,13307,511257,0.7655155891828043,0.7148374723908892,0.05633626135493422,1955.0227729298763,0.6979447667935684,MEDIUM,MEDIUM,MEDIUM,5,COST_BASED,POLICY_BASED,false,false
7,policy_driven_sha_strategy,1,2026,HYBRID_HEAT_PUMP,PRIVATELY_OWNED,704192,214741,8499,725998,0.7657081628402729,0.7110191128675503,0.10719032439165567,1872.4159411731089,0.6927894295433548,MEDIUM,MEDIUM,MEDIUM,5,COST_BASED,POLICY_BASED,false,false
7,policy_driven_sha_strategy,1,2027,HYBRID_HEAT_PUMP,PRIVATELY_OWNED,929220,233349,8321,959347,0.7652453951917612,0.7202824096740618,0.14535318057109778,1832.630420375819,0.7052947478348247,MEDIUM,MEDIUM,MEDIUM,5,COST_BASED,POLICY_BASED,false,false
7,policy_driven_sha_strategy,1,2028,HYBRID_HEAT_PUMP,PRIVATELY_OWNED,1140558,219515,8177,1178862,0.7654930251755813,0.7166178166330294,0.18422809764643575,1809.9796093662471,0.7003260804521535,MEDIUM,MEDIUM,MEDIUM,5,COST_BASED,POLICY_BASED,false,false
7,policy_driven_sha_strategy,1,2029,HYBRID_HEAT_PUMP,PRIVATELY_OWNED,1352897,220956,8617,1399818,0.7653551636965941,0.7155588250653316,0.22208787970857177,1791.6522434481828,0.6989600455215884,MEDIUM,MEDIUM,MEDIUM,5,COST_BASED,POLICY_BASED,false,false
7,policy_driven_sha_strategy,1,2030,HYBRID_HEAT_PUMP,PRIVATELY_OWNED,1558460,213899,8336,1613717,0.7653271026929007,0.7153700352307913,0.25932178256349186,1772.5247734173854,0.6987176794101482,MEDIUM,MEDIUM,MEDIUM,5,COST_BASED,POLICY_BASED,false,false
7,policy_driven_sha_strategy,1,2031,HYBRID_HEAT_PUMP,PRIVATELY_OWNED,1771040,221348,8768,1835065,0.7655001626178337,0.7161440743257818,0.2960673403106815,1749.1370909388781,0.6996920448950958,MEDIUM,MEDIUM,MEDIUM,5,COST_BASED,POLICY_BASED,false,false
7,policy_driven_sha_strategy,1,2032,HYBRID_HEAT_PUMP,PRIVATELY_OWNED,1985631,223241,8650,2058306,0.765547021580593,0.7174809582626336,0.3348443129713624,1739.8046402597997,0.7014589371565949,MEDIUM,MEDIUM,MEDIUM,5,COST_BASED,POLICY_BASED,false,false
7,policy_driven_sha_strategy,1,2033,HYBRID_HEAT_PUMP,PRIVATELY_OWNED,2204534,227647,8744,2285953,0.7654964768575382,0.7175693586914602,0.3730347731399818,1719.07099623864,0.7015936526361307,MEDIUM,MEDIUM,MEDIUM,5,COST_BASED,POLICY_BASED,false,false
7,policy_driven_sha_strategy,1,2034,HYBRID_HEAT_PUMP,PRIVATELY_OWNED,2427688,232039,8885,2517992,0.7654814044364558,0.7193080080770538,0.41120176884462295,1669.7605268901082,0.7039168759572532,MEDIUM,MEDIUM,MEDIUM,5,COST_BASED,POLICY_BASED,false,false
7,policy_driven_sha_strategy,1,2035,HYBRID_HEAT_PUMP,PRIVATELY_OWNED,2659950,240910,8648,2758902,0.7656462149568529,0.7237645204396828,0.4525787751437744,1653.9156703109913,0.7098039556004769,MEDIUM,MEDIUM,MEDIUM,5,COST_BASED,POLICY_BASED,false,false
7,policy_driven_sha_strategy,1,2036,HYBRID_HEAT_PUMP,PRIVATELY_OWNED,2808918,157869,8901,2916771,0.7661085658388382,0.7265497276869491,0.4842989225543005,1614.376319263317,0.7133634483030188,MEDIUM,MEDIUM,MEDIUM,5,COST_BASED,POLICY_BASED,false,false
7,policy_driven_sha_strategy,1,2037,HYBRID_HEAT_PUMP,PRIVATELY_OWNED,2823329,23972,9561,2940743,0.7680955839494138,0.7529454968781428,0.47003779681425356,1292.5320328156313,0.74789546785438,MEDIUM,MEDIUM,MEDIUM,5,COST_BASED,POLICY_BASED,false,false
7,policy_driven_sha_strategy,1,2038,HYBRID_HEAT_PUMP,PRIVATELY_OWNED,2836224,22069,9174,2962812,0.7675887198687666,0.7520995652324691,0.47322279316291027,1318.8571322972298,0.7469365136870156,MEDIUM,MEDIUM,MEDIUM,5,COST_BASED,POLICY_BASED,false,false
7,policy_driven_sha_strategy,1,2039,HYBRID_HEAT_PUMP,PRIVATELY_OWNED,2842982,12015,5257,2974827,0.7676167223911287,0.7390941701729528,0.46807850830645675,1421.8944901760499,0.7295866527668973,MEDIUM,MEDIUM,MEDIUM,5,COST_BASED,POLICY_BASED,false,false
7,policy_driven_sha_strategy,1,2040,HYBRID_HEAT_PUMP,PRIVATELY_OWNED,2840860,377290,379412,3352117,0.7607828719233827,0.7653275900178073,0.5139237485540618,1393.20299163215,0.7668424960493221,MEDIUM,MEDIUM,MEDIUM,5,COST_BASED,POLICY_BASED,false,false
7,policy_driven_sha_strategy,1,2041,HYBRID_HEAT_PUMP,PRIVATELY_OWNED,2841203,215084,214741,3567201,0.7606069257168325,0.7621505112942332,0.5120206046567961,1393.7111995049943,0.7626650398200285,MEDIUM,MEDIUM,MEDIUM,5,COST_BASED,POLICY_BASED,false,false
7,policy_driven_sha_strategy,1,2042,HYBRID_HEAT_PUMP,PRIVATELY_OWNED,2839600,231746,233349,3798947,0.7608238054907268,0.7634030304413795,0.51225496140094,1385.8973905681987,0.7642627720916407,MEDIUM,MEDIUM,MEDIUM,5,COST_BASED,POLICY_BASED,false,false
7,policy_driven_sha_strategy,1,2043,HYBRID_HEAT_PUMP,PRIVATELY_OWNED,2841030,220945,219515,4019892,0.7605008473244013,0.7663648007599738,0.5114549254836466,1376.4131800169164,0.7683194519051725,MEDIUM,MEDIUM,MEDIUM,5,COST_BASED,POLICY_BASED,false,false
7,policy_driven_sha_strategy,1,2044,HYBRID_HEAT_PUMP,PRIVATELY_OWNED,2841207,221133,220956,4241025,0.7604782842177403,0.7621522762445484,0.5117641539557334,1372.4922686728094,0.7627102735867793,MEDIUM,MEDIUM,MEDIUM,5,COST_BASED,POLICY_BASED,false,false
7,policy_driven_sha_strategy,1,2045,HYBRID_HEAT_PUMP,PRIVATELY_OWNED,2841531,214223,213899,4455248,0.7598577225899972,0.7633302070427009,0.5123852214434959,1363.1936853119587,0.7644877018602814,MEDIUM,MEDIUM,MEDIUM,5,COST_BASED,POLICY_BASED,false,false
7,policy_driven_sha_strategy,1,2046,HYBRID_HEAT_PUMP,PRIVATELY_OWNED,2843113,222930,221348,4678178,0.7605878975237067,0.7648159406215644,0.5109994853993075,1355.5049315581323,0.7662252883208767,MEDIUM,MEDIUM,MEDIUM,5,COST_BASED,POLICY_BASED,false,false
7,policy_driven_sha_strategy,1,2047,HYBRID_HEAT_PUMP,PRIVATELY_OWNED,2844118,224246,223241,4902424,0.7609015692673275,0.7650169789979187,0.5111013858862223,1354.5762826056832,0.7663887822414688,MEDIUM,MEDIUM,MEDIUM,5,COST_BASED,POLICY_BASED,false,false
7,policy_driven_sha_strategy,1,2048,HYBRID_HEAT_PUMP,PRIVATELY_OWNED,2844575,228104,227647,5130528,0.7607395737470186,0.7656844766793164,0.511185374651742,1343.4034728459374,0.7673327776567608,MEDIUM,MEDIUM,MEDIUM,5,COST_BASED,POLICY_BASED,false,false
7,policy_driven_sha_strategy,1,2049,HYBRID_HEAT_PUMP,PRIVATELY_OWNED,2847147,234611,232039,5365139,0.7603732763371756,0.7665553173149035,0.510348329815555,1308.4665222790406,0.7686159976407931,MEDIUM,MEDIUM,MEDIUM,5,COST_BASED,POLICY_BASED,false,false
7,policy_driven_sha_strategy,1,2050,HYBRID_HEAT_PUMP,PRIVATELY_OWNED,2847088,240851,240910,5605990,0.7611086761782453,0.7645841568834161,0.5108217042722614,1295.9116807208607,0.7657426504517949,MEDIUM,MEDIUM,MEDIUM,5,COST_BASED,POLICY_BASED,false,false
7,policy_driven_sha_strategy,1,2024,HYBRID_HEAT_PUMP,SOCIAL_HOUSING,2026,2026,0,2026,0.0,0.0,0.0,0.0,0.0,MEDIUM,MEDIUM,MEDIUM,5,COST_BASED,POLICY_BASED,false,false
7,policy_driven_sha_strategy,1,2025,HYBRID_HEAT_PUMP,SOCIAL_HOUSING,887734,887493,1785,889519,0.0,0.0,0.0,0.0,0.0,MEDIUM,MEDIUM,MEDIUM,5,COST_BASED,POLICY_BASED,false,false
7,policy_driven_sha_strategy,1,2026,HYBRID_HEAT_PUMP,SOCIAL_HOUSING,889907,889822,887649,1779341,0.0,0.0,0.0,0.0,0.0,MEDIUM,MEDIUM,MEDIUM,5,COST_BASED,POLICY_BASED,false,false
7,policy_driven_sha_strategy,1,2027,HYBRID_HEAT_PUMP,SOCIAL_HOUSING,890427,890391,889871,2669732,0.0,0.0,0.0,0.0,0.0,MEDIUM,MEDIUM,MEDIUM,5,COST_BASED,POLICY_BASED,false,false
7,policy_driven_sha_strategy,1,2028,HYBRID_HEAT_PUMP,SOCIAL_HOUSING,890578,890560,890409,3560292,0.0,0.0,0.0,0.0,0.0,MEDIUM,MEDIUM,MEDIUM,5,COST_BASED,POLICY_BASED,false,false
7,policy_driven_sha_strategy,1,2029,HYBRID_HEAT_PUMP,SOCIAL_HOUSING,890644,890633,890567,4450925,0.0,0.0,0.0,0.0,0.0,MEDIUM,MEDIUM,MEDIUM,5,COST_BASED,POLICY_BASED,false,false
7,policy_driven_sha_strategy,1,2030,HYBRID_HEAT_PUMP,SOCIAL_HOUSING,890707,890700,890637,5341625,0.0,0.0,0.0,0.0,0.0,MEDIUM,MEDIUM,MEDIUM,5,COST_BASED,POLICY_BASED,false,false
7,policy_driven_sha_strategy,1,2031,HYBRID_HEAT_PUMP,SOCIAL_HOUSING,890723,890720,890704,6232345,0.0,0.0,0.0,0.0,0.0,MEDIUM,MEDIUM,MEDIUM,5,COST_BASED,POLICY_BASED,false,false
7,policy_driven_sha_strategy,1,2032,HYBRID_HEAT_PUMP,SOCIAL_HOUSING,890740,890737,890720,7123082,0.0,0.0,0.0,0.0,0.0,MEDIUM,MEDIUM,MEDIUM,5,COST_BASED,POLICY_BASED,false,false
7,policy_driven_sha_strategy,1,2033,HYBRID_HEAT_PUMP,SOCIAL_HOUSING,890760,890757,890737,8013839,0.0,0.0,0.0,0.0,0.0,MEDIUM,MEDIUM,MEDIUM,5,COST_BASED,POLICY_BASED,false,false
7,policy_driven_sha_strategy,1,2034,HYBRID_HEAT_PUMP,SOCIAL_HOUSING,890779,890776,890757,8904615,0.0,0.0,0.0,0.0,0.0,MEDIUM,MEDIUM,MEDIUM,5,COST_BASED,POLICY_BASED,false,false
7,policy_driven_sha_strategy,1,2035,HYBRID_HEAT_PUMP,SOCIAL_HOUSING,890802,890799,890776,9795414,0.0,0.0,0.0,0.0,0.0,MEDIUM,MEDIUM,MEDIUM,5,COST_BASED,POLICY_BASED,false,false
7,policy_driven_sha_strategy,1,2036,HYBRID_HEAT_PUMP,SOCIAL_HOUSING,890813,890810,890799,10686224,0.0,0.0,0.0,0.0,0.0,MEDIUM,MEDIUM,MEDIUM,5,COST_BASED,POLICY_BASED,false,false
7,policy_driven_sha_strategy,1,2037,HYBRID_HEAT_PUMP,SOCIAL_HOUSING,890814,890811,890810,11577035,0.0,0.0,0.0,0.0,0.0,MEDIUM,MEDIUM,MEDIUM,5,COST_BASED,POLICY_BASED,false,false
7,policy_driven_sha_strategy,1,2038,HYBRID_HEAT_PUMP,SOCIAL_HOUSING,890814,890812,890812,12467847,0.0,0.0,0.0,0.0,0.0,MEDIUM,MEDIUM,MEDIUM,5,COST_BASED,POLICY_BASED,false,false
7,policy_driven_sha_strategy,1,2039,HYBRID_HEAT_PUMP,SOCIAL_HOUSING,890814,890814,890814,13358661,0.0,0.0,0.0,0.0,0.0,MEDIUM,MEDIUM,MEDIUM,5,COST_BASED,POLICY_BASED,false,false
7,policy_driven_sha_strategy,1,2040,HYBRID_HEAT_PUMP,SOCIAL_HOUSING,890814,890814,890814,14249475,0.0,0.0,0.0,0.0,0.0,MEDIUM,MEDIUM,MEDIUM,5,COST_BASED,POLICY_BASED,false,false
7,policy_driven_sha_strategy,1,2041,HYBRID_HEAT_PUMP,SOCIAL_HOUSING,890814,890814,890814,15140289,0.0,0.0,0.0,0.0,0.0,MEDIUM,MEDIUM,MEDIUM,5,COST_BASED,POLICY_BASED,false,false
7,policy_driven_sha_strategy,1,2042,HYBRID_HEAT_PUMP,SOCIAL_HOUSING,890814,890814,890814,16031103,0.0,0.0,0.0,0.0,0.0,MEDIUM,MEDIUM,MEDIUM,5,COST_BASED,POLICY_BASED,false,false
7,policy_driven_sha_strategy,1,2043,HYBRID_HEAT_PUMP,SOCIAL_HOUSING,890814,890814,890814,16921917,0.0,0.0,0.0,0.0,0.0,MEDIUM,MEDIUM,MEDIUM,5,COST_BASED,POLICY_BASED,false,false
7,policy_driven_sha_strategy,1,2044,HYBRID_HEAT_PUMP,SOCIAL_HOUSING,890814,890814,890814,17812731,0.0,0.0,0.0,0.0,0.0,MEDIUM,MEDIUM,MEDIUM,5,COST_BASED,POLICY_BASED,false,false
7,policy_driven_sha_strategy,1,2045,HYBRID_HEAT_PUMP,SOCIAL_HOUSING,890814,890814,890814,18703545,0.0,0.0,0.0,0.0,0.0,MEDIUM,MEDIUM,MEDIUM,5,COST_BASED,POLICY_BASED,false,false
7,policy_driven_sha_strategy,1,2046,HYBRID_HEAT_PUMP,SOCIAL_HOUSING,890814,890814,890814,19594359,0.0,0.0,0.0,0.0,0.0,MEDIUM,MEDIUM,MEDIUM,5,COST_BASED,POLICY_BASED,false,false
7,policy_driven_sha_strategy,1,2047,HYBRID_HEAT_PUMP,SOCIAL_HOUSING,890814,890814,890814,20485173,0.0,0.0,0.0,0.0,0.0,MEDIUM,MEDIUM,MEDIUM,5,COST_BASED,POLICY_BASED,false,false
7,policy_driven_sha_strategy,1,2048,HYBRID_HEAT_PUMP,SOCIAL_HOUSING,890814,890814,890814,21375987,0.0,0.0,0.0,0.0,0.0,MEDIUM,MEDIUM,MEDIUM,5,COST_BASED,POLICY_BASED,false,false
7,policy_driven_sha_strategy,1,2049,HYBRID_HEAT_PUMP,SOCIAL_HOUSING,890814,890814,890814,22266801,0.0,0.0,0.0,0.0,0.0,MEDIUM,MEDIUM,MEDIUM,5,COST_BASED,POLICY_BASED,false,false
7,policy_driven_sha_strategy,1,2050,HYBRID_HEAT_PUMP,SOCIAL_HOUSING,890814,890814,890814,23157615,0.0,0.0,0.0,0.0,0.0,MEDIUM,MEDIUM,MEDIUM,5,COST_BASED,POLICY_BASED,false,false
7,policy_driven_sha_strategy,1,2024,HYBRID_HEAT_PUMP,PRIVATELY_RENTED,22349,22349,0,22349,0.0,0.0,0.0,0.0,0.0,MEDIUM,MEDIUM,MEDIUM,5,COST_BASED,POLICY_BASED,false,false
7,policy_driven_sha_strategy,1,2025,HYBRID_HEAT_PUMP,PRIVATELY_RENTED,20182,378,2545,22727,0.0,0.0,0.0,0.0,0.0,MEDIUM,MEDIUM,MEDIUM,5,COST_BASED,POLICY_BASED,false,false
7,policy_driven_sha_strategy,1,2026,HYBRID_HEAT_PUMP,PRIVATELY_RENTED,18868,254,1568,22981,0.0,0.0,0.0,0.0,0.0,MEDIUM,MEDIUM,MEDIUM,5,COST_BASED,POLICY_BASED,false,false
7,policy_driven_sha_strategy,1,2027,HYBRID_HEAT_PUMP,PRIVATELY_RENTED,17574,245,1539,23226,0.0,0.0,0.0,0.0,0.0,MEDIUM,MEDIUM,MEDIUM,5,COST_BASED,POLICY_BASED,false,false
7,policy_driven_sha_strategy,1,2028,HYBRID_HEAT_PUMP,PRIVATELY_RENTED,16317,258,1515,23484,0.0,0.0,0.0,0.0,0.0,MEDIUM,MEDIUM,MEDIUM,5,COST_BASED,POLICY_BASED,false,false
7,policy_driven_sha_strategy,1,2029,HYBRID_HEAT_PUMP,PRIVATELY_RENTED,15019,242,1540,23726,0.0,0.0,0.0,0.0,0.0,MEDIUM,MEDIUM,MEDIUM,5,COST_BASED,POLICY_BASED,false,false
7,policy_driven_sha_strategy,1,2030,HYBRID_HEAT_PUMP,PRIVATELY_RENTED,13836,258,1441,23984,0.0,0.0,0.0,0.0,0.0,MEDIUM,MEDIUM,MEDIUM,5,COST_BASED,POLICY_BASED,false,false
7,policy_driven_sha_strategy,1,2031,HYBRID_HEAT_PUMP,PRIVATELY_RENTED,12640,252,1448,24236,0.0,0.0,0.0,0.0,0.0,MEDIUM,MEDIUM,MEDIUM,5,COST_BASED,POLICY_BASED,false,false
7,policy_driven_sha_strategy,1,2032,HYBRID_HEAT_PUMP,PRIVATELY_RENTED,11452,268,1456,24504,0.0,0.0,0.0,0.0,0.0,MEDIUM,MEDIUM,MEDIUM,5,COST_BASED,POLICY_BASED,false,false
7,policy_driven_sha_strategy,1,2033,HYBRID_HEAT_PUMP,PRIVATELY_RENTED,10229,257,1480,24761,0.0,0.0,0.0,0.0,0.0,MEDIUM,MEDIUM,MEDIUM,5,COST_BASED,POLICY_BASED,false,false
7,policy_driven_sha_strategy,1,2034,HYBRID_HEAT_PUMP,PRIVATELY_RENTED,9057,273,1445,25034,0.0,0.0,0.0,0.0,0.0,MEDIUM,MEDIUM,MEDIUM,5,COST_BASED,POLICY_BASED,false,false
7,policy_driven_sha_strategy,1,2035,HYBRID_HEAT_PUMP,PRIVATELY_RENTED,7838,256,1475,25290,0.0,0.0,0.0,0.0,0.0,MEDIUM,MEDIUM,MEDIUM,5,COST_BASED,POLICY_BASED,false,false
7,policy_driven_sha_strategy,1,2036,HYBRID_HEAT_PUMP,PRIVATELY_RENTED,6625,141,1354,25431,0.0,0.0,0.0,0.0,0.0,MEDIUM,MEDIUM,MEDIUM,5,COST_BASED,POLICY_BASED,false,false
7,policy_driven_sha_strategy,1,2037,HYBRID_HEAT_PUMP,PRIVATELY_RENTED,5251,15,1389,25446,0.0,0.0,0.0,0.0,0.0,MEDIUM,MEDIUM,MEDIUM,5,COST_BASED,POLICY_BASED,false,false
7,policy_driven_sha_strategy,1,2038,HYBRID_HEAT_PUMP,PRIVATELY_RENTED,3926,10,1335,25456,0.0,0.0,0.0,0.0,0.0,MEDIUM,MEDIUM,MEDIUM,5,COST_BASED,POLICY_BASED,false,false
7,policy_driven_sha_strategy,1,2039,HYBRID_HEAT_PUMP,PRIVATELY_RENTED,3111,4,819,25460,0.0,0.0,0.0,0.0,0.0,MEDIUM,MEDIUM,MEDIUM,5,COST_BASED,POLICY_BASED,false,false
7,policy_driven_sha_strategy,1,2040,HYBRID_HEAT_PUMP,PRIVATELY_RENTED,3112,379,378,25839,0.0,0.0,0.0,0.0,0.0,MEDIUM,MEDIUM,MEDIUM,5,COST_BASED,POLICY_BASED,false,false
7,policy_driven_sha_strategy,1,2041,HYBRID_HEAT_PUMP,PRIVATELY_RENTED,3115,257,254,26096,0.0,0.0,0.0,0.0,0.0,MEDIUM,MEDIUM,MEDIUM,5,COST_BASED,POLICY_BASED,false,false
7,policy_driven_sha_strategy,1,2042,HYBRID_HEAT_PUMP,PRIVATELY_RENTED,3117,247,245,26343,0.0,0.0,0.0,0.0,0.0,MEDIUM,MEDIUM,MEDIUM,5,COST_BASED,POLICY_BASED,false,false
7,policy_driven_sha_strategy,1,2043,HYBRID_HEAT_PUMP,PRIVATELY_RENTED,3121,262,258,26605,0.0,0.0,0.0,0.0,0.0,MEDIUM,MEDIUM,MEDIUM,5,COST_BASED,POLICY_BASED,false,false
7,policy_driven_sha_strategy,1,2044,HYBRID_HEAT_PUMP,PRIVATELY_RENTED,3122,243,242,26848,0.0,0.0,0.0,0.0,0.0,MEDIUM,MEDIUM,MEDIUM,5,COST_BASED,POLICY_BASED,false,false
7,policy_driven_sha_strategy,1,2045,HYBRID_HEAT_PUMP,PRIVATELY_RENTED,3123,259,258,27107,0.0,0.0,0.0,0.0,0.0,MEDIUM,MEDIUM,MEDIUM,5,COST_BASED,POLICY_BASED,false,false
7,policy_driven_sha_strategy,1,2046,HYBRID_HEAT_PUMP,PRIVATELY_RENTED,3127,256,252,27363,0.0,0.0,0.0,0.0,0.0,MEDIUM,MEDIUM,MEDIUM,5,COST_BASED,POLICY_BASED,false,false
7,policy_driven_sha_strategy,1,2047,HYBRID_HEAT_PUMP,PRIVATELY_RENTED,3128,269,268,27632,0.0,0.0,0.0,0.0,0.0,MEDIUM,MEDIUM,MEDIUM,5,COST_BASED,POLICY_BASED,false,false
7,policy_driven_sha_strategy,1,2048,HYBRID_HEAT_PUMP,PRIVATELY_RENTED,3131,260,257,27892,0.0,0.0,0.0,0.0,0.0,MEDIUM,MEDIUM,MEDIUM,5,COST_BASED,POLICY_BASED,false,false
7,policy_driven_sha_strategy,1,2049,HYBRID_HEAT_PUMP,PRIVATELY_RENTED,3133,275,273,28167,0.0,0.0,0.0,0.0,0.0,MEDIUM,MEDIUM,MEDIUM,5,COST_BASED,POLICY_BASED,false,false
7,policy_driven_sha_strategy,1,2050,HYBRID_HEAT_PUMP,PRIVATELY_RENTED,3133,256,256,28423,0.0,0.0,0.0,0.0,0.0,MEDIUM,MEDIUM,MEDIUM,5,COST_BASED,POLICY_BASED,false,false
