scenario,scenario_name,iteration,year,nbh_in_grid_congestion_perc,nbh_with_dh_perc,heating_system,ownership,installed_current,installed_annually,removed_annually,installed_cumulative,avg_att,avg_util,avg_sub_norm,avg_eac,avg_pbc,SLF,ELF,GRR,DHCT,DHES,SHAES,DHCO,GCHPB
1,baseline,1,2024,0.0,0.0,NATURAL_GAS_BOILER,TOTAL,211360,211360,0,211360,0.0,0.0,0.0,0.0,0.0,MEDIUM,MEDIUM,MEDIUM,5,COST_BASED,COST_BASED,false,false
1,baseline,1,2025,0.0,0.0,NATURAL_GAS_BOILER,TOTAL,198059,15938,29239,227298,0.0041273505954288955,0.009161330674956763,0.009814155746415597,21.643014989965145,0.010839324034799458,MEDIUM,MEDIUM,MEDIUM,5,COST_BASED,COST_BASED,false,false
1,baseline,1,2026,0.0,0.0,NATURAL_GAS_BOILER,TOTAL,190536,19394,26917,246692,0.0033006965150666518,0.007159418583801052,0.006983379909060878,17.324518197961424,0.008445659273379239,MEDIUM,MEDIUM,MEDIUM,5,COST_BASED,COST_BASED,false,false
1,baseline,1,2027,0.0,0.0,NATURAL_GAS_BOILER,TOTAL,182834,24324,32026,271016,0.0015663643295470832,0.00338260225622121,0.0029920989603056834,8.2425825510712,0.00398801489844589,MEDIUM,MEDIUM,MEDIUM,5,COST_BASED,COST_BASED,false,false
1,baseline,1,2028,0.0,0.0,NATURAL_GAS_BOILER,TOTAL,175026,26854,34662,297870,0.0015714972154773036,0.0034242680738939737,0.002713015611366285,8.197419658410947,0.0040418583600328635,MEDIUM,MEDIUM,MEDIUM,5,COST_BASED,COST_BASED,false,false
1,baseline,1,2029,0.0,0.0,NATURAL_GAS_BOILER,TOTAL,166596,38167,46597,336037,0.0016293273331050213,0.003548179515091458,0.0025013448631693,8.560147843498735,0.004187796909086943,MEDIUM,MEDIUM,MEDIUM,5,COST_BASED,COST_BASED,false,false
1,baseline,1,2030,0.0,0.0,NATURAL_GAS_BOILER,TOTAL,158843,43509,51262,379546,9.331694815029443E-4,0.0019816180971305116,0.0012483443248451774,4.859067595179226,0.002331100969006362,MEDIUM,MEDIUM,MEDIUM,5,COST_BASED,COST_BASED,false,false
1,baseline,1,2031,0.0,0.0,NATURAL_GAS_BOILER,TOTAL,149862,46727,55708,426273,0.0010842759889611493,0.002384958629716476,0.0012174625960507904,5.588217972329263,0.002818519509968254,MEDIUM,MEDIUM,MEDIUM,5,COST_BASED,COST_BASED,false,false
1,baseline,1,2032,0.0,0.0,NATURAL_GAS_BOILER,TOTAL,143711,57648,63799,483921,5.802009779272039E-4,0.0012443292951121337,5.311765728601695E-4,3.008587370898612,0.0014657054008404466,MEDIUM,MEDIUM,MEDIUM,5,COST_BASED,COST_BASED,false,false
1,baseline,1,2033,0.0,0.0,NATURAL_GAS_BOILER,TOTAL,135132,63464,72043,547385,9.622550168269491E-4,0.002113978416266778,6.899665392644956E-4,4.975275497414774,0.002497886216080052,MEDIUM,MEDIUM,MEDIUM,5,COST_BASED,COST_BASED,false,false
1,baseline,1,2034,0.0,0.0,NATURAL_GAS_BOILER,TOTAL,127238,71127,79021,618512,9.794418502106809E-4,0.0021036705906497875,4.934386244995685E-4,4.8137200743895425,0.0024784135041295017,MEDIUM,MEDIUM,MEDIUM,5,COST_BASED,COST_BASED,false,false
1,baseline,1,2035,0.0,0.0,NATURAL_GAS_BOILER,TOTAL,120610,78133,84761,696645,7.848783317155638E-4,0.0017437943793410392,2.261609317092044E-4,4.025450098922168,0.0020634330618828547,MEDIUM,MEDIUM,MEDIUM,5,COST_BASED,COST_BASED,false,false
1,baseline,1,2036,0.0,0.0,NATURAL_GAS_BOILER,TOTAL,114205,79359,85764,776004,3.1452837657263013E-4,6.79482968275843E-4,3.759062977758228E-5,1.6380663149663948,8.011344988435802E-4,MEDIUM,MEDIUM,MEDIUM,5,COST_BASED,COST_BASED,false,false
1,baseline,1,2037,0.0,0.0,NATURAL_GAS_BOILER,TOTAL,114278,83348,83275,859352,8.49909986632166E-4,0.00155590777498324,1.1074187275128464E-4,3.145483016084688,0.0017912403711002683,MEDIUM,MEDIUM,MEDIUM,5,COST_BASED,COST_BASED,false,false
1,baseline,1,2038,0.0,0.0,NATURAL_GAS_BOILER,TOTAL,115272,82056,81062,941408,7.157290738882211E-4,0.0011988962406261864,1.0144365511132285E-4,2.921655862369881,0.0013599519628721783,MEDIUM,MEDIUM,MEDIUM,5,COST_BASED,COST_BASED,false,false
1,baseline,1,2039,0.0,0.0,NATURAL_GAS_BOILER,TOTAL,115467,81895,81700,1023303,5.273522468420629E-4,8.458450666738172E-4,7.7692927855371E-5,2.085806533590281,9.520093399510706E-4,MEDIUM,MEDIUM,MEDIUM,5,COST_BASED,COST_BASED,false,false
1,baseline,1,2040,0.0,0.0,NATURAL_GAS_BOILER,TOTAL,116275,82467,81659,1105770,4.273499687341761E-4,9.573685382140235E-4,1.821425480446685E-5,2.5000077895384725,0.001134041394707305,MEDIUM,MEDIUM,MEDIUM,5,COST_BASED,COST_BASED,false,false
1,baseline,1,2041,0.0,0.0,NATURAL_GAS_BOILER,TOTAL,116364,82528,82439,1188298,5.861988945439999E-4,0.0013172730094269751,2.699130344176359E-5,3.413562930513914,0.0015609643810546262,MEDIUM,MEDIUM,MEDIUM,5,COST_BASED,COST_BASED,false,false
1,baseline,1,2042,0.0,0.0,NATURAL_GAS_BOILER,TOTAL,116408,82549,82505,1270847,4.303800795590996E-4,9.398983994797313E-4,2.1207950110917634E-5,2.4832919590451836,0.0011097378394532822,MEDIUM,MEDIUM,MEDIUM,5,COST_BASED,COST_BASED,false,false
1,baseline,1,2043,0.0,0.0,NATURAL_GAS_BOILER,TOTAL,116542,82552,82418,1353399,5.269404936726362E-4,0.0011637035435999555,2.7256068581557525E-5,2.9570803212844727,0.001375957893575725,MEDIUM,MEDIUM,MEDIUM,5,COST_BASED,COST_BASED,false,false
1,baseline,1,2044,0.0,0.0,NATURAL_GAS_BOILER,TOTAL,116994,83085,82633,1436484,3.3863903347632144E-4,7.813806813904774E-4,1.2751183616038407E-5,2.0120870930616594,9.28961230695193E-4,MEDIUM,MEDIUM,MEDIUM,5,COST_BASED,COST_BASED,false,false
1,baseline,1,2045,0.0,0.0,NATURAL_GAS_BOILER,TOTAL,117033,82652,82613,1519136,6.194438492315504E-4,0.001338117593083447,3.0190742371461593E-5,3.5547903089610675,0.0015776755077007549,MEDIUM,MEDIUM,MEDIUM,5,COST_BASED,COST_BASED,false,false
1,baseline,1,2046,0.0,0.0,NATURAL_GAS_BOILER,TOTAL,116995,82421,82459,1601557,4.923511907037662E-4,0.0010770374860637174,2.615533360297678E-5,2.7804856565040774,0.0012719329178503685,MEDIUM,MEDIUM,MEDIUM,5,COST_BASED,COST_BASED,false,false
1,baseline,1,2047,0.0,0.0,NATURAL_GAS_BOILER,TOTAL,118164,83644,82475,1685201,5.898997130177328E-4,0.0012565779294487647,3.0628276707307247E-5,3.3424516528608987,0.0014788040015924443,MEDIUM,MEDIUM,MEDIUM,5,COST_BASED,COST_BASED,false,false
1,baseline,1,2048,0.0,0.0,NATURAL_GAS_BOILER,TOTAL,118294,82591,82461,1767792,2.549416363038947E-4,5.975317480373598E-4,8.83174551968556E-6,1.4876461476277487,7.117284519485143E-4,MEDIUM,MEDIUM,MEDIUM,5,COST_BASED,COST_BASED,false,false
1,baseline,1,2049,0.0,0.0,NATURAL_GAS_BOILER,TOTAL,118343,86499,86450,1854291,5.508394002862805E-4,0.0012364000098115328,2.3739008798741345E-5,3.088513753651518,0.0014649202129866205,MEDIUM,MEDIUM,MEDIUM,5,COST_BASED,COST_BASED,false,false
1,baseline,1,2050,0.0,0.0,NATURAL_GAS_BOILER,TOTAL,118449,84403,84297,1938694,4.932773220398146E-4,0.0011332621051161978,1.859146375725019E-5,2.812913070185042,0.0013465903661416612,MEDIUM,MEDIUM,MEDIUM,5,COST_BASED,COST_BASED,false,false
1,baseline,1,2024,0.0,0.0,NATURAL_GAS_BOILER,PRIVATELY_OWNED,111361,111361,0,111361,0.0,0.0,0.0,0.0,0.0,MEDIUM,MEDIUM,MEDIUM,5,COST_BASED,COST_BASED,false,false
1,baseline,1,2025,0.0,0.0,NATURAL_GAS_BOILER,PRIVATELY_OWNED,96815,231,14777,111592,0.2847693237659989,0.6320921571318653,0.6771342609799645,1493.2743416020107,0.7478664349204924,MEDIUM,MEDIUM,MEDIUM,5,COST_BASED,COST_BASED,false,false
1,baseline,1,2026,0.0,0.0,NATURAL_GAS_BOILER,PRIVATELY_OWNED,88386,225,8654,111817,0.2845053698364562,0.6171100622855004,0.6019363109170075,1493.2964708056172,0.7279782931018531,MEDIUM,MEDIUM,MEDIUM,5,COST_BASED,COST_BASED,false,false
1,baseline,1,2027,0.0,0.0,NATURAL_GAS_BOILER,PRIVATELY_OWNED,79855,133,8664,111950,0.28646801467596433,0.6186347163934188,0.5472166549659807,1507.4629922726003,0.7293569502992319,MEDIUM,MEDIUM,MEDIUM,5,COST_BASED,COST_BASED,false,false
1,baseline,1,2028,0.0,0.0,NATURAL_GAS_BOILER,PRIVATELY_OWNED,71281,148,8722,112098,0.2851417988136994,0.6213195598401944,0.49226568397047443,1487.3885642362673,0.7333788135156927,MEDIUM,MEDIUM,MEDIUM,5,COST_BASED,COST_BASED,false,false
1,baseline,1,2029,0.0,0.0,NATURAL_GAS_BOILER,PRIVATELY_OWNED,62633,219,8867,112317,0.28395678686127557,0.6183715413355967,0.4359307278200122,1491.8500581863755,0.7298431261603714,MEDIUM,MEDIUM,MEDIUM,5,COST_BASED,COST_BASED,false,false
1,baseline,1,2030,0.0,0.0,NATURAL_GAS_BOILER,PRIVATELY_OWNED,53564,143,9212,112460,0.28392497182315807,0.6029246278884716,0.3798196729348869,1478.4137902003704,0.7092578465769078,MEDIUM,MEDIUM,MEDIUM,5,COST_BASED,COST_BASED,false,false
1,baseline,1,2031,0.0,0.0,NATURAL_GAS_BOILER,PRIVATELY_OWNED,44716,178,9026,112638,0.2846346299785822,0.6260784375885493,0.3195976108183443,1466.9700067024128,0.7398930401252057,MEDIUM,MEDIUM,MEDIUM,5,COST_BASED,COST_BASED,false,false
1,baseline,1,2032,0.0,0.0,NATURAL_GAS_BOILER,PRIVATELY_OWNED,35870,117,8963,112755,0.2858754356884397,0.6131033778173015,0.26172023138669276,1482.3849979278905,0.7221793585269236,MEDIUM,MEDIUM,MEDIUM,5,COST_BASED,COST_BASED,false,false
1,baseline,1,2033,0.0,0.0,NATURAL_GAS_BOILER,PRIVATELY_OWNED,27150,214,8934,112969,0.28536706723320326,0.6269230196726859,0.20461699274711187,1475.471421345473,0.7407750038191795,MEDIUM,MEDIUM,MEDIUM,5,COST_BASED,COST_BASED,false,false
1,baseline,1,2034,0.0,0.0,NATURAL_GAS_BOILER,PRIVATELY_OWNED,16977,244,10417,113213,0.285511313442357,0.6132285987751944,0.1438393813310689,1403.2191300455122,0.7224676938861436,MEDIUM,MEDIUM,MEDIUM,5,COST_BASED,COST_BASED,false,false
1,baseline,1,2035,0.0,0.0,NATURAL_GAS_BOILER,PRIVATELY_OWNED,8136,216,9057,113429,0.2839115680182044,0.630777251115988,0.08180848183905216,1456.1133915698415,0.7463991454819124,MEDIUM,MEDIUM,MEDIUM,5,COST_BASED,COST_BASED,false,false
1,baseline,1,2036,0.0,0.0,NATURAL_GAS_BOILER,PRIVATELY_OWNED,2156,88,6068,113517,0.2836438345048563,0.6127623736295752,0.03389948623317219,1477.2193714706605,0.7224685533378146,MEDIUM,MEDIUM,MEDIUM,5,COST_BASED,COST_BASED,false,false
1,baseline,1,2037,0.0,0.0,NATURAL_GAS_BOILER,PRIVATELY_OWNED,2137,212,231,113729,0.3341429130463102,0.6117066095721844,0.04353827174563242,1236.6496152105026,0.7042278417474772,MEDIUM,MEDIUM,MEDIUM,5,COST_BASED,COST_BASED,false,false
1,baseline,1,2038,0.0,0.0,NATURAL_GAS_BOILER,PRIVATELY_OWNED,2081,169,225,113898,0.3475139934140347,0.5821102362178837,0.04925479623558999,1418.5762925598992,0.6603089838191685,MEDIUM,MEDIUM,MEDIUM,5,COST_BASED,COST_BASED,false,false
1,baseline,1,2039,0.0,0.0,NATURAL_GAS_BOILER,PRIVATELY_OWNED,2067,119,133,114017,0.3629202710515188,0.5821048885315316,0.05346775064466897,1435.4380341880342,0.6551664276915372,MEDIUM,MEDIUM,MEDIUM,5,COST_BASED,COST_BASED,false,false
1,baseline,1,2040,0.0,0.0,NATURAL_GAS_BOILER,PRIVATELY_OWNED,2052,133,148,114150,0.2649794727188068,0.5936188815104954,0.011293796623759155,1550.136408871197,0.7031653511077242,MEDIUM,MEDIUM,MEDIUM,5,COST_BASED,COST_BASED,false,false
1,baseline,1,2041,0.0,0.0,NATURAL_GAS_BOILER,PRIVATELY_OWNED,2017,184,219,114334,0.26292294765721314,0.5908255810977685,0.012106186361097096,1531.0571822252841,0.7001264589112836,MEDIUM,MEDIUM,MEDIUM,5,COST_BASED,COST_BASED,false,false
1,baseline,1,2042,0.0,0.0,NATURAL_GAS_BOILER,PRIVATELY_OWNED,2005,131,143,114465,0.2712018716604894,0.59227231281414,0.013364084532107938,1564.834106314663,0.6992957931986946,MEDIUM,MEDIUM,MEDIUM,5,COST_BASED,COST_BASED,false,false
1,baseline,1,2043,0.0,0.0,NATURAL_GAS_BOILER,PRIVATELY_OWNED,1988,161,178,114626,0.2701862834389035,0.5966835710016368,0.013975422195930043,1516.2291595197255,0.7055160001892128,MEDIUM,MEDIUM,MEDIUM,5,COST_BASED,COST_BASED,false,false
1,baseline,1,2044,0.0,0.0,NATURAL_GAS_BOILER,PRIVATELY_OWNED,1981,110,117,114736,0.2557802190580015,0.5901910355757074,0.009631200824895918,1519.7659647911632,0.7016613077482737,MEDIUM,MEDIUM,MEDIUM,5,COST_BASED,COST_BASED,false,false
1,baseline,1,2045,0.0,0.0,NATURAL_GAS_BOILER,PRIVATELY_OWNED,1958,191,214,114927,0.26805378548003195,0.5790476193902254,0.013064530044429548,1538.2750189332469,0.6827122306936272,MEDIUM,MEDIUM,MEDIUM,5,COST_BASED,COST_BASED,false,false
1,baseline,1,2046,0.0,0.0,NATURAL_GAS_BOILER,PRIVATELY_OWNED,1865,151,244,115078,0.26874223502645767,0.5878841499262096,0.014276481793979794,1517.684823143858,0.6942647882261274,MEDIUM,MEDIUM,MEDIUM,5,COST_BASED,COST_BASED,false,false
1,baseline,1,2047,0.0,0.0,NATURAL_GAS_BOILER,PRIVATELY_OWNED,1829,180,216,115258,0.2741198421980847,0.5839178018378471,0.014232619871700042,1553.2001447327614,0.6871837883844356,MEDIUM,MEDIUM,MEDIUM,5,COST_BASED,COST_BASED,false,false
1,baseline,1,2048,0.0,0.0,NATURAL_GAS_BOILER,PRIVATELY_OWNED,1823,82,88,115340,0.25677908151188983,0.601838348806751,0.008895398709955489,1498.368085106383,0.7168581045717043,MEDIUM,MEDIUM,MEDIUM,5,COST_BASED,COST_BASED,false,false
1,baseline,1,2049,0.0,0.0,NATURAL_GAS_BOILER,PRIVATELY_OWNED,1795,184,212,115524,0.2589513982900162,0.581235676351564,0.011159785446099607,1451.9203868320797,0.6886637690387483,MEDIUM,MEDIUM,MEDIUM,5,COST_BASED,COST_BASED,false,false
1,baseline,1,2050,0.0,0.0,NATURAL_GAS_BOILER,PRIVATELY_OWNED,1785,159,169,115683,0.26184959630268223,0.6015768645164933,0.009869027141529485,1493.196867061812,0.7148192872544316,MEDIUM,MEDIUM,MEDIUM,5,COST_BASED,COST_BASED,false,false
1,baseline,1,2024,0.0,0.0,NATURAL_GAS_BOILER,SOCIAL_HOUSING,66125,66125,0,66125,0.0,0.0,0.0,0.0,0.0,MEDIUM,MEDIUM,MEDIUM,5,COST_BASED,COST_BASED,false,false
1,baseline,1,2025,0.0,0.0,NATURAL_GAS_BOILER,SOCIAL_HOUSING,66663,10510,9972,76635,0.0,0.0,0.0,0.0,0.0,MEDIUM,MEDIUM,MEDIUM,5,COST_BASED,COST_BASED,false,false
1,baseline,1,2026,0.0,0.0,NATURAL_GAS_BOILER,SOCIAL_HOUSING,67253,16179,15589,92814,0.0,0.0,0.0,0.0,0.0,MEDIUM,MEDIUM,MEDIUM,5,COST_BASED,COST_BASED,false,false
1,baseline,1,2027,0.0,0.0,NATURAL_GAS_BOILER,SOCIAL_HOUSING,67876,21361,20738,114175,0.0,0.0,0.0,0.0,0.0,MEDIUM,MEDIUM,MEDIUM,5,COST_BASED,COST_BASED,false,false
1,baseline,1,2028,0.0,0.0,NATURAL_GAS_BOILER,SOCIAL_HOUSING,68487,23932,23321,138107,0.0,0.0,0.0,0.0,0.0,MEDIUM,MEDIUM,MEDIUM,5,COST_BASED,COST_BASED,false,false
1,baseline,1,2029,0.0,0.0,NATURAL_GAS_BOILER,SOCIAL_HOUSING,68643,35163,35007,173270,0.0,0.0,0.0,0.0,0.0,MEDIUM,MEDIUM,MEDIUM,5,COST_BASED,COST_BASED,false,false
1,baseline,1,2030,0.0,0.0,NATURAL_GAS_BOILER,SOCIAL_HOUSING,69962,40439,39120,213709,0.0,0.0,0.0,0.0,0.0,MEDIUM,MEDIUM,MEDIUM,5,COST_BASED,COST_BASED,false,false
1,baseline,1,2031,0.0,0.0,NATURAL_GAS_BOILER,SOCIAL_HOUSING,69962,43744,43744,257453,0.0,0.0,0.0,0.0,0.0,MEDIUM,MEDIUM,MEDIUM,5,COST_BASED,COST_BASED,false,false
1,baseline,1,2032,0.0,0.0,NATURAL_GAS_BOILER,SOCIAL_HOUSING,72605,54450,51807,311903,0.0,0.0,0.0,0.0,0.0,MEDIUM,MEDIUM,MEDIUM,5,COST_BASED,COST_BASED,false,false
1,baseline,1,2033,0.0,0.0,NATURAL_GAS_BOILER,SOCIAL_HOUSING,72812,60679,60472,372582,0.0,0.0,0.0,0.0,0.0,MEDIUM,MEDIUM,MEDIUM,5,COST_BASED,COST_BASED,false,false
1,baseline,1,2034,0.0,0.0,NATURAL_GAS_BOILER,SOCIAL_HOUSING,75373,68496,65935,441078,0.0,0.0,0.0,0.0,0.0,MEDIUM,MEDIUM,MEDIUM,5,COST_BASED,COST_BASED,false,false
1,baseline,1,2035,0.0,0.0,NATURAL_GAS_BOILER,SOCIAL_HOUSING,77847,75486,73012,516564,0.0,0.0,0.0,0.0,0.0,MEDIUM,MEDIUM,MEDIUM,5,COST_BASED,COST_BASED,false,false
1,baseline,1,2036,0.0,0.0,NATURAL_GAS_BOILER,SOCIAL_HOUSING,77847,77847,77847,594411,0.0,0.0,0.0,0.0,0.0,MEDIUM,MEDIUM,MEDIUM,5,COST_BASED,COST_BASED,false,false
1,baseline,1,2037,0.0,0.0,NATURAL_GAS_BOILER,SOCIAL_HOUSING,77847,77847,77847,672258,0.0,0.0,0.0,0.0,0.0,MEDIUM,MEDIUM,MEDIUM,5,COST_BASED,COST_BASED,false,false
1,baseline,1,2038,0.0,0.0,NATURAL_GAS_BOILER,SOCIAL_HOUSING,78737,78737,77847,750995,0.0,0.0,0.0,0.0,0.0,MEDIUM,MEDIUM,MEDIUM,5,COST_BASED,COST_BASED,false,false
1,baseline,1,2039,0.0,0.0,NATURAL_GAS_BOILER,SOCIAL_HOUSING,78737,78737,78737,829732,0.0,0.0,0.0,0.0,0.0,MEDIUM,MEDIUM,MEDIUM,5,COST_BASED,COST_BASED,false,false
1,baseline,1,2040,0.0,0.0,NATURAL_GAS_BOILER,SOCIAL_HOUSING,79435,79435,78737,909167,0.0,0.0,0.0,0.0,0.0,MEDIUM,MEDIUM,MEDIUM,5,COST_BASED,COST_BASED,false,false
1,baseline,1,2041,0.0,0.0,NATURAL_GAS_BOILER,SOCIAL_HOUSING,79435,79435,79435,988602,0.0,0.0,0.0,0.0,0.0,MEDIUM,MEDIUM,MEDIUM,5,COST_BASED,COST_BASED,false,false
1,baseline,1,2042,0.0,0.0,NATURAL_GAS_BOILER,SOCIAL_HOUSING,79435,79435,79435,1068037,0.0,0.0,0.0,0.0,0.0,MEDIUM,MEDIUM,MEDIUM,5,COST_BASED,COST_BASED,false,false
1,baseline,1,2043,0.0,0.0,NATURAL_GAS_BOILER,SOCIAL_HOUSING,79435,79435,79435,1147472,0.0,0.0,0.0,0.0,0.0,MEDIUM,MEDIUM,MEDIUM,5,COST_BASED,COST_BASED,false,false
1,baseline,1,2044,0.0,0.0,NATURAL_GAS_BOILER,SOCIAL_HOUSING,79828,79828,79435,1227300,0.0,0.0,0.0,0.0,0.0,MEDIUM,MEDIUM,MEDIUM,5,COST_BASED,COST_BASED,false,false
1,baseline,1,2045,0.0,0.0,NATURAL_GAS_BOILER,SOCIAL_HOUSING,79828,79828,79828,1307128,0.0,0.0,0.0,0.0,0.0,MEDIUM,MEDIUM,MEDIUM,5,COST_BASED,COST_BASED,false,false
1,baseline,1,2046,0.0,0.0,NATURAL_GAS_BOILER,SOCIAL_HOUSING,79828,79828,79828,1386956,0.0,0.0,0.0,0.0,0.0,MEDIUM,MEDIUM,MEDIUM,5,COST_BASED,COST_BASED,false,false
1,baseline,1,2047,0.0,0.0,NATURAL_GAS_BOILER,SOCIAL_HOUSING,80949,80949,79828,1467905,0.0,0.0,0.0,0.0,0.0,MEDIUM,MEDIUM,MEDIUM,5,COST_BASED,COST_BASED,false,false
1,baseline,1,2048,0.0,0.0,NATURAL_GAS_BOILER,SOCIAL_HOUSING,80949,80949,80949,1548854,0.0,0.0,0.0,0.0,0.0,MEDIUM,MEDIUM,MEDIUM,5,COST_BASED,COST_BASED,false,false
1,baseline,1,2049,0.0,0.0,NATURAL_GAS_BOILER,SOCIAL_HOUSING,80978,80978,80949,1629832,0.0,0.0,0.0,0.0,0.0,MEDIUM,MEDIUM,MEDIUM,5,COST_BASED,COST_BASED,false,false
1,baseline,1,2050,0.0,0.0,NATURAL_GAS_BOILER,SOCIAL_HOUSING,80978,80978,80978,1710810,0.0,0.0,0.0,0.0,0.0,MEDIUM,MEDIUM,MEDIUM,5,COST_BASED,COST_BASED,false,false
1,baseline,1,2024,0.0,0.0,NATURAL_GAS_BOILER,PRIVATELY_RENTED,33874,33874,0,33874,0.0,0.0,0.0,0.0,0.0,MEDIUM,MEDIUM,MEDIUM,5,COST_BASED,COST_BASED,false,false
1,baseline,1,2025,0.0,0.0,NATURAL_GAS_BOILER,PRIVATELY_RENTED,34581,5197,4490,39071,0.0,0.0,0.0,0.0,0.0,MEDIUM,MEDIUM,MEDIUM,5,COST_BASED,COST_BASED,false,false
1,baseline,1,2026,0.0,0.0,NATURAL_GAS_BOILER,PRIVATELY_RENTED,34897,2990,2674,42061,0.0,0.0,0.0,0.0,0.0,MEDIUM,MEDIUM,MEDIUM,5,COST_BASED,COST_BASED,false,false
1,baseline,1,2027,0.0,0.0,NATURAL_GAS_BOILER,PRIVATELY_RENTED,35103,2830,2624,44891,0.0,0.0,0.0,0.0,0.0,MEDIUM,MEDIUM,MEDIUM,5,COST_BASED,COST_BASED,false,false
1,baseline,1,2028,0.0,0.0,NATURAL_GAS_BOILER,PRIVATELY_RENTED,35258,2774,2619,47665,0.0,0.0,0.0,0.0,0.0,MEDIUM,MEDIUM,MEDIUM,5,COST_BASED,COST_BASED,false,false
1,baseline,1,2029,0.0,0.0,NATURAL_GAS_BOILER,PRIVATELY_RENTED,35320,2785,2723,50450,0.0,0.0,0.0,0.0,0.0,MEDIUM,MEDIUM,MEDIUM,5,COST_BASED,COST_BASED,false,false
1,baseline,1,2030,0.0,0.0,NATURAL_GAS_BOILER,PRIVATELY_RENTED,35317,2927,2930,53377,0.0,0.0,0.0,0.0,0.0,MEDIUM,MEDIUM,MEDIUM,5,COST_BASED,COST_BASED,false,false
1,baseline,1,2031,0.0,0.0,NATURAL_GAS_BOILER,PRIVATELY_RENTED,35184,2805,2938,56182,0.0,0.0,0.0,0.0,0.0,MEDIUM,MEDIUM,MEDIUM,5,COST_BASED,COST_BASED,false,false
1,baseline,1,2032,0.0,0.0,NATURAL_GAS_BOILER,PRIVATELY_RENTED,35236,3081,3029,59263,0.0,0.0,0.0,0.0,0.0,MEDIUM,MEDIUM,MEDIUM,5,COST_BASED,COST_BASED,false,false
1,baseline,1,2033,0.0,0.0,NATURAL_GAS_BOILER,PRIVATELY_RENTED,35170,2571,2637,61834,0.0,0.0,0.0,0.0,0.0,MEDIUM,MEDIUM,MEDIUM,5,COST_BASED,COST_BASED,false,false
1,baseline,1,2034,0.0,0.0,NATURAL_GAS_BOILER,PRIVATELY_RENTED,34888,2387,2669,64221,0.0,0.0,0.0,0.0,0.0,MEDIUM,MEDIUM,MEDIUM,5,COST_BASED,COST_BASED,false,false
1,baseline,1,2035,0.0,0.0,NATURAL_GAS_BOILER,PRIVATELY_RENTED,34627,2431,2692,66652,0.0,0.0,0.0,0.0,0.0,MEDIUM,MEDIUM,MEDIUM,5,COST_BASED,COST_BASED,false,false
1,baseline,1,2036,0.0,0.0,NATURAL_GAS_BOILER,PRIVATELY_RENTED,34202,1424,1849,68076,0.0,0.0,0.0,0.0,0.0,MEDIUM,MEDIUM,MEDIUM,5,COST_BASED,COST_BASED,false,false
1,baseline,1,2037,0.0,0.0,NATURAL_GAS_BOILER,PRIVATELY_RENTED,34294,5289,5197,73365,0.0,0.0,0.0,0.0,0.0,MEDIUM,MEDIUM,MEDIUM,5,COST_BASED,COST_BASED,false,false
1,baseline,1,2038,0.0,0.0,NATURAL_GAS_BOILER,PRIVATELY_RENTED,34454,3150,2990,76515,0.0,0.0,0.0,0.0,0.0,MEDIUM,MEDIUM,MEDIUM,5,COST_BASED,COST_BASED,false,false
1,baseline,1,2039,0.0,0.0,NATURAL_GAS_BOILER,PRIVATELY_RENTED,34663,3039,2830,79554,0.0,0.0,0.0,0.0,0.0,MEDIUM,MEDIUM,MEDIUM,5,COST_BASED,COST_BASED,false,false
1,baseline,1,2040,0.0,0.0,NATURAL_GAS_BOILER,PRIVATELY_RENTED,34788,2899,2774,82453,0.0,0.0,0.0,0.0,0.0,MEDIUM,MEDIUM,MEDIUM,5,COST_BASED,COST_BASED,false,false
1,baseline,1,2041,0.0,0.0,NATURAL_GAS_BOILER,PRIVATELY_RENTED,34912,2909,2785,85362,0.0,0.0,0.0,0.0,0.0,MEDIUM,MEDIUM,MEDIUM,5,COST_BASED,COST_BASED,false,false
1,baseline,1,2042,0.0,0.0,NATURAL_GAS_BOILER,PRIVATELY_RENTED,34968,2983,2927,88345,0.0,0.0,0.0,0.0,0.0,MEDIUM,MEDIUM,MEDIUM,5,COST_BASED,COST_BASED,false,false
1,baseline,1,2043,0.0,0.0,NATURAL_GAS_BOILER,PRIVATELY_RENTED,35119,2956,2805,91301,0.0,0.0,0.0,0.0,0.0,MEDIUM,MEDIUM,MEDIUM,5,COST_BASED,COST_BASED,false,false
1,baseline,1,2044,0.0,0.0,NATURAL_GAS_BOILER,PRIVATELY_RENTED,35185,3147,3081,94448,0.0,0.0,0.0,0.0,0.0,MEDIUM,MEDIUM,MEDIUM,5,COST_BASED,COST_BASED,false,false
1,baseline,1,2045,0.0,0.0,NATURAL_GAS_BOILER,PRIVATELY_RENTED,35247,2633,2571,97081,0.0,0.0,0.0,0.0,0.0,MEDIUM,MEDIUM,MEDIUM,5,COST_BASED,COST_BASED,false,false
1,baseline,1,2046,0.0,0.0,NATURAL_GAS_BOILER,PRIVATELY_RENTED,35302,2442,2387,99523,0.0,0.0,0.0,0.0,0.0,MEDIUM,MEDIUM,MEDIUM,5,COST_BASED,COST_BASED,false,false
1,baseline,1,2047,0.0,0.0,NATURAL_GAS_BOILER,PRIVATELY_RENTED,35386,2515,2431,102038,0.0,0.0,0.0,0.0,0.0,MEDIUM,MEDIUM,MEDIUM,5,COST_BASED,COST_BASED,false,false
1,baseline,1,2048,0.0,0.0,NATURAL_GAS_BOILER,PRIVATELY_RENTED,35522,1560,1424,103598,0.0,0.0,0.0,0.0,0.0,MEDIUM,MEDIUM,MEDIUM,5,COST_BASED,COST_BASED,false,false
1,baseline,1,2049,0.0,0.0,NATURAL_GAS_BOILER,PRIVATELY_RENTED,35570,5337,5289,108935,0.0,0.0,0.0,0.0,0.0,MEDIUM,MEDIUM,MEDIUM,5,COST_BASED,COST_BASED,false,false
1,baseline,1,2050,0.0,0.0,NATURAL_GAS_BOILER,PRIVATELY_RENTED,35686,3266,3150,112201,0.0,0.0,0.0,0.0,0.0,MEDIUM,MEDIUM,MEDIUM,5,COST_BASED,COST_BASED,false,false
1,baseline,1,2024,0.0,0.0,NATURAL_GAS_BLOCK,TOTAL,27212,27212,0,27212,0.0,0.0,0.0,0.0,0.0,MEDIUM,MEDIUM,MEDIUM,5,COST_BASED,COST_BASED,false,false
1,baseline,1,2025,0.0,0.0,NATURAL_GAS_BLOCK,TOTAL,23791,24,3445,27236,0.28333865112116485,0.6372992979997399,0.10212176343441516,1209.8073458073459,0.7552861802925985,MEDIUM,MEDIUM,MEDIUM,5,COST_BASED,COST_BASED,false,false
1,baseline,1,2026,0.0,0.0,NATURAL_GAS_BLOCK,TOTAL,21496,34,2329,27270,0.28475606964959754,0.6267390666384417,0.09212431952756034,1222.8775587566338,0.7407333989680557,MEDIUM,MEDIUM,MEDIUM,5,COST_BASED,COST_BASED,false,false
1,baseline,1,2027,0.0,0.0,NATURAL_GAS_BLOCK,TOTAL,19204,24,2316,27294,0.2840932275759102,0.6269745167187751,0.08256175196891542,1225.3425925925926,0.7412682797663946,MEDIUM,MEDIUM,MEDIUM,5,COST_BASED,COST_BASED,false,false
1,baseline,1,2028,0.0,0.0,NATURAL_GAS_BLOCK,TOTAL,16914,11,2301,27305,0.28649659109340225,0.6299047648154481,0.07413423489582331,1222.9923459624952,0.7443741560561317,MEDIUM,MEDIUM,MEDIUM,5,COST_BASED,COST_BASED,false,false
1,baseline,1,2029,0.0,0.0,NATURAL_GAS_BLOCK,TOTAL,15097,21,1838,27326,0.28233962983180033,0.6255228867790608,0.06630899032906908,1225.1337973704563,0.7399173057614808,MEDIUM,MEDIUM,MEDIUM,5,COST_BASED,COST_BASED,false,false
1,baseline,1,2030,0.0,0.0,NATURAL_GAS_BLOCK,TOTAL,13253,23,1867,27349,0.2841297007782501,0.6138058950419683,0.05725220957758635,1230.5591197314434,0.7236979597965437,MEDIUM,MEDIUM,MEDIUM,5,COST_BASED,COST_BASED,false,false
1,baseline,1,2031,0.0,0.0,NATURAL_GAS_BLOCK,TOTAL,11615,17,1655,27366,0.28593648552606893,0.6341244254196522,0.04839527974686426,1205.4543733434305,0.7501870720508468,MEDIUM,MEDIUM,MEDIUM,5,COST_BASED,COST_BASED,false,false
1,baseline,1,2032,0.0,0.0,NATURAL_GAS_BLOCK,TOTAL,8846,12,2781,27378,0.2860908764626803,0.6249527739480814,0.03871790493614417,1204.2603290676416,0.7379067397765482,MEDIUM,MEDIUM,MEDIUM,5,COST_BASED,COST_BASED,false,false
1,baseline,1,2033,0.0,0.0,NATURAL_GAS_BLOCK,TOTAL,6905,24,1965,27402,0.2831508093719458,0.6336723463650872,0.030797896187168827,1197.2220609579101,0.7505128586961359,MEDIUM,MEDIUM,MEDIUM,5,COST_BASED,COST_BASED,false,false
1,baseline,1,2034,0.0,0.0,NATURAL_GAS_BLOCK,TOTAL,4125,29,2809,27431,0.288646509025799,0.6270390078737675,0.021791174630421014,1117.202927103856,0.7398365074897576,MEDIUM,MEDIUM,MEDIUM,5,COST_BASED,COST_BASED,false,false
1,baseline,1,2035,0.0,0.0,NATURAL_GAS_BLOCK,TOTAL,1329,21,2817,27452,0.2827011203150427,0.6384219270693239,0.011400077256545241,1157.196041470311,0.7569955293207522,MEDIUM,MEDIUM,MEDIUM,5,COST_BASED,COST_BASED,false,false
1,baseline,1,2036,0.0,0.0,NATURAL_GAS_BLOCK,TOTAL,245,5,1089,27457,0.2823335561079658,0.6251883276548849,0.00446069659168178,1175.7268344938404,0.7394732515038575,MEDIUM,MEDIUM,MEDIUM,5,COST_BASED,COST_BASED,false,false
1,baseline,1,2037,0.0,0.0,NATURAL_GAS_BLOCK,TOTAL,244,23,24,27480,0.35247736996076773,0.6503530937340253,0.006928345193838251,866.6063157894736,0.7496450016584462,MEDIUM,MEDIUM,MEDIUM,5,COST_BASED,COST_BASED,false,false
1,baseline,1,2038,0.0,0.0,NATURAL_GAS_BLOCK,TOTAL,237,27,34,27507,0.4155952455146914,0.6529585110551595,0.01044909604455884,980.0324074074074,0.7320795995686483,MEDIUM,MEDIUM,MEDIUM,5,COST_BASED,COST_BASED,false,false
1,baseline,1,2039,0.0,0.0,NATURAL_GAS_BLOCK,TOTAL,234,21,24,27528,0.4629675033540678,0.644758141435665,0.013841637811620844,1158.878787878788,0.7053550207961974,MEDIUM,MEDIUM,MEDIUM,5,COST_BASED,COST_BASED,false,false
1,baseline,1,2040,0.0,0.0,NATURAL_GAS_BLOCK,TOTAL,233,10,11,27538,0.2606352125413491,0.6156259138551999,0.0015263003089398305,1222.5228149100258,0.7339561476264803,MEDIUM,MEDIUM,MEDIUM,5,COST_BASED,COST_BASED,false,false
1,baseline,1,2041,0.0,0.0,NATURAL_GAS_BLOCK,TOTAL,230,18,21,27556,0.256326926744775,0.6116768511832688,0.0014428516408880785,1237.0635808748727,0.7301268259960992,MEDIUM,MEDIUM,MEDIUM,5,COST_BASED,COST_BASED,false,false
1,baseline,1,2042,0.0,0.0,NATURAL_GAS_BLOCK,TOTAL,227,20,23,27576,0.26209097460411235,0.6139221312372657,0.0018460961581508722,1240.4308681672026,0.7311991834483154,MEDIUM,MEDIUM,MEDIUM,5,COST_BASED,COST_BASED,false,false
1,baseline,1,2043,0.0,0.0,NATURAL_GAS_BLOCK,TOTAL,224,14,17,27590,0.2651510046031313,0.6153768183156956,0.0016431989836674901,1243.9270386266094,0.7321187562198823,MEDIUM,MEDIUM,MEDIUM,5,COST_BASED,COST_BASED,false,false
1,baseline,1,2044,0.0,0.0,NATURAL_GAS_BLOCK,TOTAL,224,12,12,27602,0.2520174790323055,0.6098172346311069,0.001141992172119942,1236.185963114754,0.7290838198307066,MEDIUM,MEDIUM,MEDIUM,5,COST_BASED,COST_BASED,false,false
1,baseline,1,2045,0.0,0.0,NATURAL_GAS_BLOCK,TOTAL,222,22,24,27624,0.26713838475285406,0.6036866345150868,0.001309132302430588,1250.2362362362362,0.7158693844358324,MEDIUM,MEDIUM,MEDIUM,5,COST_BASED,COST_BASED,false,false
1,baseline,1,2046,0.0,0.0,NATURAL_GAS_BLOCK,TOTAL,211,18,29,27642,0.2735407219676024,0.6110087115224805,0.0018169706038660997,1226.2769633507853,0.7234980413741093,MEDIUM,MEDIUM,MEDIUM,5,COST_BASED,COST_BASED,false,false
1,baseline,1,2047,0.0,0.0,NATURAL_GAS_BLOCK,TOTAL,206,16,21,27658,0.27217301006897104,0.6095752503426539,0.001616438454154055,1233.2496399423908,0.7220426637672156,MEDIUM,MEDIUM,MEDIUM,5,COST_BASED,COST_BASED,false,false
1,baseline,1,2048,0.0,0.0,NATURAL_GAS_BLOCK,TOTAL,204,3,5,27661,0.25401439544221166,0.619227311793172,9.489697736237159E-4,1220.7077515647568,0.7409649505768255,MEDIUM,MEDIUM,MEDIUM,5,COST_BASED,COST_BASED,false,false
1,baseline,1,2049,0.0,0.0,NATURAL_GAS_BLOCK,TOTAL,203,22,23,27683,0.25699049113674455,0.6060123772037971,0.0015376668711687273,1149.9604273842501,0.7223530058928124,MEDIUM,MEDIUM,MEDIUM,5,COST_BASED,COST_BASED,false,false
1,baseline,1,2050,0.0,0.0,NATURAL_GAS_BLOCK,TOTAL,201,25,27,27708,0.260039577830067,0.6224139760052524,9.874192696863464E-4,1170.3887973640856,0.7432054420636469,MEDIUM,MEDIUM,MEDIUM,5,COST_BASED,COST_BASED,false,false
1,baseline,1,2024,0.0,0.0,NATURAL_GAS_BLOCK,PRIVATELY_OWNED,16864,16864,0,16864,0.0,0.0,0.0,0.0,0.0,MEDIUM,MEDIUM,MEDIUM,5,COST_BASED,COST_BASED,false,false
1,baseline,1,2025,0.0,0.0,NATURAL_GAS_BLOCK,PRIVATELY_OWNED,14650,24,2238,16888,0.28333865112116485,0.6372992979997399,0.10212176343441516,1209.8073458073459,0.7552861802925985,MEDIUM,MEDIUM,MEDIUM,5,COST_BASED,COST_BASED,false,false
1,baseline,1,2026,0.0,0.0,NATURAL_GAS_BLOCK,PRIVATELY_OWNED,13334,34,1350,16922,0.28475606964959754,0.6267390666384417,0.09212431952756034,1222.8775587566338,0.7407333989680557,MEDIUM,MEDIUM,MEDIUM,5,COST_BASED,COST_BASED,false,false
1,baseline,1,2027,0.0,0.0,NATURAL_GAS_BLOCK,PRIVATELY_OWNED,12054,24,1304,16946,0.2840932275759102,0.6269745167187751,0.08256175196891542,1225.3425925925926,0.7412682797663946,MEDIUM,MEDIUM,MEDIUM,5,COST_BASED,COST_BASED,false,false
1,baseline,1,2028,0.0,0.0,NATURAL_GAS_BLOCK,PRIVATELY_OWNED,10774,11,1291,16957,0.28649659109340225,0.6299047648154481,0.07413423489582331,1222.9923459624952,0.7443741560561317,MEDIUM,MEDIUM,MEDIUM,5,COST_BASED,COST_BASED,false,false
1,baseline,1,2029,0.0,0.0,NATURAL_GAS_BLOCK,PRIVATELY_OWNED,9481,21,1314,16978,0.28233962983180033,0.6255228867790608,0.06630899032906908,1225.1337973704563,0.7399173057614808,MEDIUM,MEDIUM,MEDIUM,5,COST_BASED,COST_BASED,false,false
1,baseline,1,2030,0.0,0.0,NATURAL_GAS_BLOCK,PRIVATELY_OWNED,8057,23,1447,17001,0.2841297007782501,0.6138058950419683,0.05725220957758635,1230.5591197314434,0.7236979597965436,MEDIUM,MEDIUM,MEDIUM,5,COST_BASED,COST_BASED,false,false
1,baseline,1,2031,0.0,0.0,NATURAL_GAS_BLOCK,PRIVATELY_OWNED,6798,17,1276,17018,0.28593648552606893,0.6341244254196522,0.04839527974686426,1205.4543733434305,0.7501870720508468,MEDIUM,MEDIUM,MEDIUM,5,COST_BASED,COST_BASED,false,false
1,baseline,1,2032,0.0,0.0,NATURAL_GAS_BLOCK,PRIVATELY_OWNED,5480,12,1330,17030,0.2860908764626803,0.6249527739480814,0.03871790493614417,1204.2603290676416,0.7379067397765482,MEDIUM,MEDIUM,MEDIUM,5,COST_BASED,COST_BASED,false,false
1,baseline,1,2033,0.0,0.0,NATURAL_GAS_BLOCK,PRIVATELY_OWNED,4159,24,1345,17054,0.2831508093719458,0.6336723463650872,0.030797896187168827,1197.2220609579101,0.7505128586961359,MEDIUM,MEDIUM,MEDIUM,5,COST_BASED,COST_BASED,false,false
1,baseline,1,2034,0.0,0.0,NATURAL_GAS_BLOCK,PRIVATELY_OWNED,2453,29,1735,17083,0.288646509025799,0.6270390078737675,0.021791174630421014,1117.202927103856,0.7398365074897576,MEDIUM,MEDIUM,MEDIUM,5,COST_BASED,COST_BASED,false,false
1,baseline,1,2035,0.0,0.0,NATURAL_GAS_BLOCK,PRIVATELY_OWNED,1062,21,1412,17104,0.2827011203150427,0.6384219270693239,0.011400077256545241,1157.196041470311,0.7569955293207522,MEDIUM,MEDIUM,MEDIUM,5,COST_BASED,COST_BASED,false,false
1,baseline,1,2036,0.0,0.0,NATURAL_GAS_BLOCK,PRIVATELY_OWNED,245,5,822,17109,0.2823335561079658,0.6251883276548849,0.00446069659168178,1175.7268344938404,0.7394732515038575,MEDIUM,MEDIUM,MEDIUM,5,COST_BASED,COST_BASED,false,false
1,baseline,1,2037,0.0,0.0,NATURAL_GAS_BLOCK,PRIVATELY_OWNED,244,23,24,17132,0.35247736996076773,0.6503530937340253,0.006928345193838251,866.6063157894737,0.7496450016584462,MEDIUM,MEDIUM,MEDIUM,5,COST_BASED,COST_BASED,false,false
1,baseline,1,2038,0.0,0.0,NATURAL_GAS_BLOCK,PRIVATELY_OWNED,237,27,34,17159,0.4155952455146914,0.6529585110551595,0.01044909604455884,980.0324074074074,0.7320795995686483,MEDIUM,MEDIUM,MEDIUM,5,COST_BASED,COST_BASED,false,false
1,baseline,1,2039,0.0,0.0,NATURAL_GAS_BLOCK,PRIVATELY_OWNED,234,21,24,17180,0.4629675033540678,0.644758141435665,0.013841637811620844,1158.878787878788,0.7053550207961974,MEDIUM,MEDIUM,MEDIUM,5,COST_BASED,COST_BASED,false,false
1,baseline,1,2040,0.0,0.0,NATURAL_GAS_BLOCK,PRIVATELY_OWNED,233,10,11,17190,0.2606352125413491,0.6156259138551999,0.0015263003089398305,1222.5228149100258,0.7339561476264803,MEDIUM,MEDIUM,MEDIUM,5,COST_BASED,COST_BASED,false,false
1,baseline,1,2041,0.0,0.0,NATURAL_GAS_BLOCK,PRIVATELY_OWNED,230,18,21,17208,0.256326926744775,0.6116768511832688,0.0014428516408880785,1237.0635808748727,0.7301268259960992,MEDIUM,MEDIUM,MEDIUM,5,COST_BASED,COST_BASED,false,false
1,baseline,1,2042,0.0,0.0,NATURAL_GAS_BLOCK,PRIVATELY_OWNED,227,20,23,17228,0.26209097460411235,0.6139221312372657,0.0018460961581508722,1240.4308681672026,0.7311991834483154,MEDIUM,MEDIUM,MEDIUM,5,COST_BASED,COST_BASED,false,false
1,baseline,1,2043,0.0,0.0,NATURAL_GAS_BLOCK,PRIVATELY_OWNED,224,14,17,17242,0.2651510046031313,0.6153768183156956,0.0016431989836674901,1243.9270386266094,0.7321187562198823,MEDIUM,MEDIUM,MEDIUM,5,COST_BASED,COST_BASED,false,false
1,baseline,1,2044,0.0,0.0,NATURAL_GAS_BLOCK,PRIVATELY_OWNED,224,12,12,17254,0.2520174790323055,0.6098172346311069,0.001141992172119942,1236.185963114754,0.7290838198307066,MEDIUM,MEDIUM,MEDIUM,5,COST_BASED,COST_BASED,false,false
1,baseline,1,2045,0.0,0.0,NATURAL_GAS_BLOCK,PRIVATELY_OWNED,222,22,24,17276,0.26713838475285406,0.6036866345150868,0.001309132302430588,1250.2362362362362,0.7158693844358324,MEDIUM,MEDIUM,MEDIUM,5,COST_BASED,COST_BASED,false,false
1,baseline,1,2046,0.0,0.0,NATURAL_GAS_BLOCK,PRIVATELY_OWNED,211,18,29,17294,0.2735407219676024,0.6110087115224805,0.0018169706038660997,1226.2769633507853,0.7234980413741093,MEDIUM,MEDIUM,MEDIUM,5,COST_BASED,COST_BASED,false,false
1,baseline,1,2047,0.0,0.0,NATURAL_GAS_BLOCK,PRIVATELY_OWNED,206,16,21,17310,0.27217301006897104,0.6095752503426539,0.001616438454154055,1233.2496399423908,0.7220426637672156,MEDIUM,MEDIUM,MEDIUM,5,COST_BASED,COST_BASED,false,false
1,baseline,1,2048,0.0,0.0,NATURAL_GAS_BLOCK,PRIVATELY_OWNED,204,3,5,17313,0.25401439544221166,0.619227311793172,9.489697736237159E-4,1220.7077515647568,0.7409649505768254,MEDIUM,MEDIUM,MEDIUM,5,COST_BASED,COST_BASED,false,false
1,baseline,1,2049,0.0,0.0,NATURAL_GAS_BLOCK,PRIVATELY_OWNED,203,22,23,17335,0.25699049113674455,0.6060123772037971,0.001537666871168727,1149.9604273842501,0.7223530058928124,MEDIUM,MEDIUM,MEDIUM,5,COST_BASED,COST_BASED,false,false
1,baseline,1,2050,0.0,0.0,NATURAL_GAS_BLOCK,PRIVATELY_OWNED,201,25,27,17360,0.260039577830067,0.6224139760052524,9.874192696863464E-4,1170.3887973640856,0.7432054420636468,MEDIUM,MEDIUM,MEDIUM,5,COST_BASED,COST_BASED,false,false
1,baseline,1,2024,0.0,0.0,NATURAL_GAS_BLOCK,SOCIAL_HOUSING,5461,5461,0,5461,0.0,0.0,0.0,0.0,0.0,MEDIUM,MEDIUM,MEDIUM,5,COST_BASED,COST_BASED,false,false
1,baseline,1,2025,0.0,0.0,NATURAL_GAS_BLOCK,SOCIAL_HOUSING,4923,0,538,5461,0.0,0.0,0.0,0.0,0.0,MEDIUM,MEDIUM,MEDIUM,5,COST_BASED,COST_BASED,false,false
1,baseline,1,2026,0.0,0.0,NATURAL_GAS_BLOCK,SOCIAL_HOUSING,4333,0,590,5461,0.0,0.0,0.0,0.0,0.0,MEDIUM,MEDIUM,MEDIUM,5,COST_BASED,COST_BASED,false,false
1,baseline,1,2027,0.0,0.0,NATURAL_GAS_BLOCK,SOCIAL_HOUSING,3710,0,623,5461,0.0,0.0,0.0,0.0,0.0,MEDIUM,MEDIUM,MEDIUM,5,COST_BASED,COST_BASED,false,false
1,baseline,1,2028,0.0,0.0,NATURAL_GAS_BLOCK,SOCIAL_HOUSING,3099,0,611,5461,0.0,0.0,0.0,0.0,0.0,MEDIUM,MEDIUM,MEDIUM,5,COST_BASED,COST_BASED,false,false
1,baseline,1,2029,0.0,0.0,NATURAL_GAS_BLOCK,SOCIAL_HOUSING,2943,0,156,5461,0.0,0.0,0.0,0.0,0.0,MEDIUM,MEDIUM,MEDIUM,5,COST_BASED,COST_BASED,false,false
1,baseline,1,2030,0.0,0.0,NATURAL_GAS_BLOCK,SOCIAL_HOUSING,2943,0,0,5461,0.0,0.0,0.0,0.0,0.0,MEDIUM,MEDIUM,MEDIUM,5,COST_BASED,COST_BASED,false,false
1,baseline,1,2031,0.0,0.0,NATURAL_GAS_BLOCK,SOCIAL_HOUSING,2943,0,0,5461,0.0,0.0,0.0,0.0,0.0,MEDIUM,MEDIUM,MEDIUM,5,COST_BASED,COST_BASED,false,false
1,baseline,1,2032,0.0,0.0,NATURAL_GAS_BLOCK,SOCIAL_HOUSING,1867,0,1076,5461,0.0,0.0,0.0,0.0,0.0,MEDIUM,MEDIUM,MEDIUM,5,COST_BASED,COST_BASED,false,false
1,baseline,1,2033,0.0,0.0,NATURAL_GAS_BLOCK,SOCIAL_HOUSING,1660,0,207,5461,0.0,0.0,0.0,0.0,0.0,MEDIUM,MEDIUM,MEDIUM,5,COST_BASED,COST_BASED,false,false
1,baseline,1,2034,0.0,0.0,NATURAL_GAS_BLOCK,SOCIAL_HOUSING,982,0,678,5461,0.0,0.0,0.0,0.0,0.0,MEDIUM,MEDIUM,MEDIUM,5,COST_BASED,COST_BASED,false,false
1,baseline,1,2035,0.0,0.0,NATURAL_GAS_BLOCK,SOCIAL_HOUSING,0,0,982,5461,0.0,0.0,0.0,0.0,0.0,MEDIUM,MEDIUM,MEDIUM,5,COST_BASED,COST_BASED,false,false
1,baseline,1,2036,0.0,0.0,NATURAL_GAS_BLOCK,SOCIAL_HOUSING,0,0,0,5461,0.0,0.0,0.0,0.0,0.0,MEDIUM,MEDIUM,MEDIUM,5,COST_BASED,COST_BASED,false,false
1,baseline,1,2037,0.0,0.0,NATURAL_GAS_BLOCK,SOCIAL_HOUSING,0,0,0,5461,0.0,0.0,0.0,0.0,0.0,MEDIUM,MEDIUM,MEDIUM,5,COST_BASED,COST_BASED,false,false
1,baseline,1,2038,0.0,0.0,NATURAL_GAS_BLOCK,SOCIAL_HOUSING,0,0,0,5461,0.0,0.0,0.0,0.0,0.0,MEDIUM,MEDIUM,MEDIUM,5,COST_BASED,COST_BASED,false,false
1,baseline,1,2039,0.0,0.0,NATURAL_GAS_BLOCK,SOCIAL_HOUSING,0,0,0,5461,0.0,0.0,0.0,0.0,0.0,MEDIUM,MEDIUM,MEDIUM,5,COST_BASED,COST_BASED,false,false
1,baseline,1,2040,0.0,0.0,NATURAL_GAS_BLOCK,SOCIAL_HOUSING,0,0,0,5461,0.0,0.0,0.0,0.0,0.0,MEDIUM,MEDIUM,MEDIUM,5,COST_BASED,COST_BASED,false,false
1,baseline,1,2041,0.0,0.0,NATURAL_GAS_BLOCK,SOCIAL_HOUSING,0,0,0,5461,0.0,0.0,0.0,0.0,0.0,MEDIUM,MEDIUM,MEDIUM,5,COST_BASED,COST_BASED,false,false
1,baseline,1,2042,0.0,0.0,NATURAL_GAS_BLOCK,SOCIAL_HOUSING,0,0,0,5461,0.0,0.0,0.0,0.0,0.0,MEDIUM,MEDIUM,MEDIUM,5,COST_BASED,COST_BASED,false,false
1,baseline,1,2043,0.0,0.0,NATURAL_GAS_BLOCK,SOCIAL_HOUSING,0,0,0,5461,0.0,0.0,0.0,0.0,0.0,MEDIUM,MEDIUM,MEDIUM,5,COST_BASED,COST_BASED,false,false
1,baseline,1,2044,0.0,0.0,NATURAL_GAS_BLOCK,SOCIAL_HOUSING,0,0,0,5461,0.0,0.0,0.0,0.0,0.0,MEDIUM,MEDIUM,MEDIUM,5,COST_BASED,COST_BASED,false,false
1,baseline,1,2045,0.0,0.0,NATURAL_GAS_BLOCK,SOCIAL_HOUSING,0,0,0,5461,0.0,0.0,0.0,0.0,0.0,MEDIUM,MEDIUM,MEDIUM,5,COST_BASED,COST_BASED,false,false
1,baseline,1,2046,0.0,0.0,NATURAL_GAS_BLOCK,SOCIAL_HOUSING,0,0,0,5461,0.0,0.0,0.0,0.0,0.0,MEDIUM,MEDIUM,MEDIUM,5,COST_BASED,COST_BASED,false,false
1,baseline,1,2047,0.0,0.0,NATURAL_GAS_BLOCK,SOCIAL_HOUSING,0,0,0,5461,0.0,0.0,0.0,0.0,0.0,MEDIUM,MEDIUM,MEDIUM,5,COST_BASED,COST_BASED,false,false
1,baseline,1,2048,0.0,0.0,NATURAL_GAS_BLOCK,SOCIAL_HOUSING,0,0,0,5461,0.0,0.0,0.0,0.0,0.0,MEDIUM,MEDIUM,MEDIUM,5,COST_BASED,COST_BASED,false,false
1,baseline,1,2049,0.0,0.0,NATURAL_GAS_BLOCK,SOCIAL_HOUSING,0,0,0,5461,0.0,0.0,0.0,0.0,0.0,MEDIUM,MEDIUM,MEDIUM,5,COST_BASED,COST_BASED,false,false
1,baseline,1,2050,0.0,0.0,NATURAL_GAS_BLOCK,SOCIAL_HOUSING,0,0,0,5461,0.0,0.0,0.0,0.0,0.0,MEDIUM,MEDIUM,MEDIUM,5,COST_BASED,COST_BASED,false,false
1,baseline,1,2024,0.0,0.0,NATURAL_GAS_BLOCK,PRIVATELY_RENTED,4887,4887,0,4887,0.0,0.0,0.0,0.0,0.0,MEDIUM,MEDIUM,MEDIUM,5,COST_BASED,COST_BASED,false,false
1,baseline,1,2025,0.0,0.0,NATURAL_GAS_BLOCK,PRIVATELY_RENTED,4218,0,669,4887,0.0,0.0,0.0,0.0,0.0,MEDIUM,MEDIUM,MEDIUM,5,COST_BASED,COST_BASED,false,false
1,baseline,1,2026,0.0,0.0,NATURAL_GAS_BLOCK,PRIVATELY_RENTED,3829,0,389,4887,0.0,0.0,0.0,0.0,0.0,MEDIUM,MEDIUM,MEDIUM,5,COST_BASED,COST_BASED,false,false
1,baseline,1,2027,0.0,0.0,NATURAL_GAS_BLOCK,PRIVATELY_RENTED,3440,0,389,4887,0.0,0.0,0.0,0.0,0.0,MEDIUM,MEDIUM,MEDIUM,5,COST_BASED,COST_BASED,false,false
1,baseline,1,2028,0.0,0.0,NATURAL_GAS_BLOCK,PRIVATELY_RENTED,3041,0,399,4887,0.0,0.0,0.0,0.0,0.0,MEDIUM,MEDIUM,MEDIUM,5,COST_BASED,COST_BASED,false,false
1,baseline,1,2029,0.0,0.0,NATURAL_GAS_BLOCK,PRIVATELY_RENTED,2673,0,368,4887,0.0,0.0,0.0,0.0,0.0,MEDIUM,MEDIUM,MEDIUM,5,COST_BASED,COST_BASED,false,false
1,baseline,1,2030,0.0,0.0,NATURAL_GAS_BLOCK,PRIVATELY_RENTED,2253,0,420,4887,0.0,0.0,0.0,0.0,0.0,MEDIUM,MEDIUM,MEDIUM,5,COST_BASED,COST_BASED,false,false
1,baseline,1,2031,0.0,0.0,NATURAL_GAS_BLOCK,PRIVATELY_RENTED,1874,0,379,4887,0.0,0.0,0.0,0.0,0.0,MEDIUM,MEDIUM,MEDIUM,5,COST_BASED,COST_BASED,false,false
1,baseline,1,2032,0.0,0.0,NATURAL_GAS_BLOCK,PRIVATELY_RENTED,1499,0,375,4887,0.0,0.0,0.0,0.0,0.0,MEDIUM,MEDIUM,MEDIUM,5,COST_BASED,COST_BASED,false,false
1,baseline,1,2033,0.0,0.0,NATURAL_GAS_BLOCK,PRIVATELY_RENTED,1086,0,413,4887,0.0,0.0,0.0,0.0,0.0,MEDIUM,MEDIUM,MEDIUM,5,COST_BASED,COST_BASED,false,false
1,baseline,1,2034,0.0,0.0,NATURAL_GAS_BLOCK,PRIVATELY_RENTED,690,0,396,4887,0.0,0.0,0.0,0.0,0.0,MEDIUM,MEDIUM,MEDIUM,5,COST_BASED,COST_BASED,false,false
1,baseline,1,2035,0.0,0.0,NATURAL_GAS_BLOCK,PRIVATELY_RENTED,267,0,423,4887,0.0,0.0,0.0,0.0,0.0,MEDIUM,MEDIUM,MEDIUM,5,COST_BASED,COST_BASED,false,false
1,baseline,1,2036,0.0,0.0,NATURAL_GAS_BLOCK,PRIVATELY_RENTED,0,0,267,4887,0.0,0.0,0.0,0.0,0.0,MEDIUM,MEDIUM,MEDIUM,5,COST_BASED,COST_BASED,false,false
1,baseline,1,2037,0.0,0.0,NATURAL_GAS_BLOCK,PRIVATELY_RENTED,0,0,0,4887,0.0,0.0,0.0,0.0,0.0,MEDIUM,MEDIUM,MEDIUM,5,COST_BASED,COST_BASED,false,false
1,baseline,1,2038,0.0,0.0,NATURAL_GAS_BLOCK,PRIVATELY_RENTED,0,0,0,4887,0.0,0.0,0.0,0.0,0.0,MEDIUM,MEDIUM,MEDIUM,5,COST_BASED,COST_BASED,false,false
1,baseline,1,2039,0.0,0.0,NATURAL_GAS_BLOCK,PRIVATELY_RENTED,0,0,0,4887,0.0,0.0,0.0,0.0,0.0,MEDIUM,MEDIUM,MEDIUM,5,COST_BASED,COST_BASED,false,false
1,baseline,1,2040,0.0,0.0,NATURAL_GAS_BLOCK,PRIVATELY_RENTED,0,0,0,4887,0.0,0.0,0.0,0.0,0.0,MEDIUM,MEDIUM,MEDIUM,5,COST_BASED,COST_BASED,false,false
1,baseline,1,2041,0.0,0.0,NATURAL_GAS_BLOCK,PRIVATELY_RENTED,0,0,0,4887,0.0,0.0,0.0,0.0,0.0,MEDIUM,MEDIUM,MEDIUM,5,COST_BASED,COST_BASED,false,false
1,baseline,1,2042,0.0,0.0,NATURAL_GAS_BLOCK,PRIVATELY_RENTED,0,0,0,4887,0.0,0.0,0.0,0.0,0.0,MEDIUM,MEDIUM,MEDIUM,5,COST_BASED,COST_BASED,false,false
1,baseline,1,2043,0.0,0.0,NATURAL_GAS_BLOCK,PRIVATELY_RENTED,0,0,0,4887,0.0,0.0,0.0,0.0,0.0,MEDIUM,MEDIUM,MEDIUM,5,COST_BASED,COST_BASED,false,false
1,baseline,1,2044,0.0,0.0,NATURAL_GAS_BLOCK,PRIVATELY_RENTED,0,0,0,4887,0.0,0.0,0.0,0.0,0.0,MEDIUM,MEDIUM,MEDIUM,5,COST_BASED,COST_BASED,false,false
1,baseline,1,2045,0.0,0.0,NATURAL_GAS_BLOCK,PRIVATELY_RENTED,0,0,0,4887,0.0,0.0,0.0,0.0,0.0,MEDIUM,MEDIUM,MEDIUM,5,COST_BASED,COST_BASED,false,false
1,baseline,1,2046,0.0,0.0,NATURAL_GAS_BLOCK,PRIVATELY_RENTED,0,0,0,4887,0.0,0.0,0.0,0.0,0.0,MEDIUM,MEDIUM,MEDIUM,5,COST_BASED,COST_BASED,false,false
1,baseline,1,2047,0.0,0.0,NATURAL_GAS_BLOCK,PRIVATELY_RENTED,0,0,0,4887,0.0,0.0,0.0,0.0,0.0,MEDIUM,MEDIUM,MEDIUM,5,COST_BASED,COST_BASED,false,false
1,baseline,1,2048,0.0,0.0,NATURAL_GAS_BLOCK,PRIVATELY_RENTED,0,0,0,4887,0.0,0.0,0.0,0.0,0.0,MEDIUM,MEDIUM,MEDIUM,5,COST_BASED,COST_BASED,false,false
1,baseline,1,2049,0.0,0.0,NATURAL_GAS_BLOCK,PRIVATELY_RENTED,0,0,0,4887,0.0,0.0,0.0,0.0,0.0,MEDIUM,MEDIUM,MEDIUM,5,COST_BASED,COST_BASED,false,false
1,baseline,1,2050,0.0,0.0,NATURAL_GAS_BLOCK,PRIVATELY_RENTED,0,0,0,4887,0.0,0.0,0.0,0.0,0.0,MEDIUM,MEDIUM,MEDIUM,5,COST_BASED,COST_BASED,false,false
1,baseline,1,2024,0.0,0.0,DISTRICT_HEATING,TOTAL,29834,29834,0,29834,0.0,0.0,0.0,0.0,0.0,MEDIUM,MEDIUM,MEDIUM,5,COST_BASED,COST_BASED,false,false
1,baseline,1,2025,0.0,0.0,DISTRICT_HEATING,TOTAL,33965,4577,446,34411,0.7652677481481691,0.741314599648952,0.1152563268970258,1521.9171491590846,0.733330216815888,MEDIUM,MEDIUM,MEDIUM,5,COST_BASED,COST_BASED,false,false
1,baseline,1,2026,0.0,0.0,DISTRICT_HEATING,TOTAL,35933,2419,451,36830,0.7609188929030277,0.7286585586074691,0.13748522011237535,1519.0454653090221,0.7179051138422861,MEDIUM,MEDIUM,MEDIUM,5,COST_BASED,COST_BASED,false,false
1,baseline,1,2027,0.0,0.0,DISTRICT_HEATING,TOTAL,38156,2629,406,39459,0.7642546079912602,0.7301797960885702,0.14879568775324348,1516.0687590345212,0.7188215254543459,MEDIUM,MEDIUM,MEDIUM,5,COST_BASED,COST_BASED,false,false
1,baseline,1,2028,0.0,0.0,DISTRICT_HEATING,TOTAL,40410,2875,621,42334,0.7670160724014361,0.7352481987945413,0.1659755535627035,1504.4796077656872,0.7246589075922425,MEDIUM,MEDIUM,MEDIUM,5,COST_BASED,COST_BASED,false,false
1,baseline,1,2029,0.0,0.0,DISTRICT_HEATING,TOTAL,42337,2650,723,44984,0.7649261882221903,0.7300053552267889,0.18079228544437026,1542.5194808243125,0.7183650775616549,MEDIUM,MEDIUM,MEDIUM,5,COST_BASED,COST_BASED,false,false
1,baseline,1,2030,0.0,0.0,DISTRICT_HEATING,TOTAL,43054,2952,2235,47936,0.7637756470550743,0.7186702849280139,0.1944219734218917,1498.8901651069193,0.703635164218991,MEDIUM,MEDIUM,MEDIUM,5,COST_BASED,COST_BASED,false,false
1,baseline,1,2031,0.0,0.0,DISTRICT_HEATING,TOTAL,45343,3481,1192,51417,0.763922839477337,0.7406244318464325,0.20989283570563733,1503.7611934325519,0.7328582959694624,MEDIUM,MEDIUM,MEDIUM,5,COST_BASED,COST_BASED,false,false
1,baseline,1,2032,0.0,0.0,DISTRICT_HEATING,TOTAL,44831,2774,3286,54191,0.7650854263883473,0.7294527106436691,0.22329153034482585,1519.8328117375365,0.7175751387287743,MEDIUM,MEDIUM,MEDIUM,5,COST_BASED,COST_BASED,false,false
1,baseline,1,2033,0.0,0.0,DISTRICT_HEATING,TOTAL,46322,2774,1283,56965,0.7609363543145311,0.7385749830478632,0.23233717196114761,1490.7710820416164,0.7311211926256405,MEDIUM,MEDIUM,MEDIUM,5,COST_BASED,COST_BASED,false,false
1,baseline,1,2034,0.0,0.0,DISTRICT_HEATING,TOTAL,47295,3565,2592,60530,0.7670977564673638,0.728434744468408,0.24807658407497707,1402.0066519478733,0.7155470738020876,MEDIUM,MEDIUM,MEDIUM,5,COST_BASED,COST_BASED,false,false
1,baseline,1,2035,0.0,0.0,DISTRICT_HEATING,TOTAL,47692,2607,2210,63137,0.7637091325620426,0.7432134708432504,0.2640603086550618,1460.9933104359707,0.7363815836036507,MEDIUM,MEDIUM,MEDIUM,5,COST_BASED,COST_BASED,false,false
1,baseline,1,2036,0.0,0.0,DISTRICT_HEATING,TOTAL,48564,1551,679,64688,0.7618286074750281,0.7272075936018405,0.2745695756841467,1496.2999114841164,0.7156672556441088,MEDIUM,MEDIUM,MEDIUM,5,COST_BASED,COST_BASED,false,false
1,baseline,1,2037,0.0,0.0,DISTRICT_HEATING,TOTAL,48409,558,713,65246,0.7610567810629384,0.7324642877090847,0.28056459212291895,1302.5060034305318,0.7229334565911312,MEDIUM,MEDIUM,MEDIUM,5,COST_BASED,COST_BASED,false,false
1,baseline,1,2038,0.0,0.0,DISTRICT_HEATING,TOTAL,47142,505,1772,65751,0.7612253946942383,0.7085145039319339,0.284556105754161,1497.684575389948,0.6909442070111661,MEDIUM,MEDIUM,MEDIUM,5,COST_BASED,COST_BASED,false,false
1,baseline,1,2039,0.0,0.0,DISTRICT_HEATING,TOTAL,46785,380,737,66131,0.7660241898156869,0.7027005153847495,0.2744489115175779,1566.398846125214,0.6815926239077702,MEDIUM,MEDIUM,MEDIUM,5,COST_BASED,COST_BASED,false,false
1,baseline,1,2040,0.0,0.0,DISTRICT_HEATING,TOTAL,45867,396,1314,66527,0.6879736954729986,0.7113642929073166,0.2226755705625769,1620.9949846587635,0.7191611587187543,MEDIUM,MEDIUM,MEDIUM,5,COST_BASED,COST_BASED,false,false
1,baseline,1,2041,0.0,0.0,DISTRICT_HEATING,TOTAL,45625,252,494,66779,0.674789422424427,0.7100258158615708,0.22414199196203413,1567.1601123595506,0.7217712803406173,MEDIUM,MEDIUM,MEDIUM,5,COST_BASED,COST_BASED,false,false
1,baseline,1,2042,0.0,0.0,DISTRICT_HEATING,TOTAL,45481,236,380,67015,0.6950985973538781,0.7134017942644836,0.22713544113073472,1620.2651356993738,0.7195028599013539,MEDIUM,MEDIUM,MEDIUM,5,COST_BASED,COST_BASED,false,false
1,baseline,1,2043,0.0,0.0,DISTRICT_HEATING,TOTAL,45221,391,651,67406,0.7021063602328679,0.7265530876477986,0.23013815577268365,1478.491787893008,0.7347019967861116,MEDIUM,MEDIUM,MEDIUM,5,COST_BASED,COST_BASED,false,false
1,baseline,1,2044,0.0,0.0,DISTRICT_HEATING,TOTAL,44668,239,792,67645,0.6799232573894367,0.7099295290055491,0.22124115606387101,1577.4240506329113,0.7199316195442548,MEDIUM,MEDIUM,MEDIUM,5,COST_BASED,COST_BASED,false,false
1,baseline,1,2045,0.0,0.0,DISTRICT_HEATING,TOTAL,44509,207,366,67852,0.6932445457400497,0.6995125257104469,0.22841782662230936,1605.0785407725323,0.7016018523672453,MEDIUM,MEDIUM,MEDIUM,5,COST_BASED,COST_BASED,false,false
1,baseline,1,2046,0.0,0.0,DISTRICT_HEATING,TOTAL,44337,238,410,68090,0.6876761098737573,0.7063079664419037,0.21450032047936066,1581.1243243243243,0.7125185852979504,MEDIUM,MEDIUM,MEDIUM,5,COST_BASED,COST_BASED,false,false
1,baseline,1,2047,0.0,0.0,DISTRICT_HEATING,TOTAL,43015,209,1531,68299,0.7157778262552301,0.7034272038840985,0.24063912619892025,1687.1606960081883,0.699310329760389,MEDIUM,MEDIUM,MEDIUM,5,COST_BASED,COST_BASED,false,false
1,baseline,1,2048,0.0,0.0,DISTRICT_HEATING,TOTAL,42769,390,636,68689,0.6916169684399083,0.7274815330798949,0.22684893540665355,1489.3055080396853,0.7394363879598919,MEDIUM,MEDIUM,MEDIUM,5,COST_BASED,COST_BASED,false,false
1,baseline,1,2049,0.0,0.0,DISTRICT_HEATING,TOTAL,42579,356,546,69045,0.686071275030539,0.7046314457153453,0.21861780911949855,1447.2714076682794,0.7108181692769475,MEDIUM,MEDIUM,MEDIUM,5,COST_BASED,COST_BASED,false,false
1,baseline,1,2050,0.0,0.0,DISTRICT_HEATING,TOTAL,42373,261,467,69306,0.695921773105719,0.7255157496369177,0.22508312899972854,1488.4217095310137,0.7353804084806521,MEDIUM,MEDIUM,MEDIUM,5,COST_BASED,COST_BASED,false,false
1,baseline,1,2024,0.0,0.0,DISTRICT_HEATING,PRIVATELY_OWNED,15522,15522,0,15522,0.0,0.0,0.0,0.0,0.0,MEDIUM,MEDIUM,MEDIUM,5,COST_BASED,COST_BASED,false,false
1,baseline,1,2025,0.0,0.0,DISTRICT_HEATING,PRIVATELY_OWNED,19771,4577,328,20099,0.7652677481481691,0.741314599648952,0.11525632689702578,1521.9171491590846,0.733330216815888,MEDIUM,MEDIUM,MEDIUM,5,COST_BASED,COST_BASED,false,false
1,baseline,1,2026,0.0,0.0,DISTRICT_HEATING,PRIVATELY_OWNED,21902,2419,288,22518,0.7609188929030277,0.7286585586074691,0.13748522011237535,1519.0454653090221,0.7179051138422861,MEDIUM,MEDIUM,MEDIUM,5,COST_BASED,COST_BASED,false,false
1,baseline,1,2027,0.0,0.0,DISTRICT_HEATING,PRIVATELY_OWNED,24238,2626,290,25144,0.765127709218973,0.7310139695037514,0.14896567521069196,1517.800749239054,0.7196427229320165,MEDIUM,MEDIUM,MEDIUM,5,COST_BASED,COST_BASED,false,false
1,baseline,1,2028,0.0,0.0,DISTRICT_HEATING,PRIVATELY_OWNED,26661,2874,451,28018,0.7672829534287157,0.7355040262819437,0.1660333042772347,1505.0030871003307,0.7249110505663525,MEDIUM,MEDIUM,MEDIUM,5,COST_BASED,COST_BASED,false,false
1,baseline,1,2029,0.0,0.0,DISTRICT_HEATING,PRIVATELY_OWNED,28776,2649,534,30667,0.765214948580145,0.7302809329373313,0.18086053470274865,1543.1017833840801,0.7186362610563931,MEDIUM,MEDIUM,MEDIUM,5,COST_BASED,COST_BASED,false,false
1,baseline,1,2030,0.0,0.0,DISTRICT_HEATING,PRIVATELY_OWNED,31013,2950,713,33617,0.7642934610530777,0.7191575190194905,0.19455378492929634,1499.9063618290259,0.7041122050082921,MEDIUM,MEDIUM,MEDIUM,5,COST_BASED,COST_BASED,false,false
1,baseline,1,2031,0.0,0.0,DISTRICT_HEATING,PRIVATELY_OWNED,33427,3479,1065,37096,0.7643620017880454,0.7410502004189224,0.2100134984453359,1504.6256724169914,0.7332795999625463,MEDIUM,MEDIUM,MEDIUM,5,COST_BASED,COST_BASED,false,false
1,baseline,1,2032,0.0,0.0,DISTRICT_HEATING,PRIVATELY_OWNED,34986,2770,1211,39866,0.7661902428885471,0.730506071958678,0.22361397298792307,1522.0275161588181,0.7186113483153863,MEDIUM,MEDIUM,MEDIUM,5,COST_BASED,COST_BASED,false,false
1,baseline,1,2033,0.0,0.0,DISTRICT_HEATING,PRIVATELY_OWNED,36807,2764,943,42630,0.7636893801984477,0.7412471067202505,0.23317775507243976,1496.1646098348206,0.7337663488941848,MEDIUM,MEDIUM,MEDIUM,5,COST_BASED,COST_BASED,false,false
1,baseline,1,2034,0.0,0.0,DISTRICT_HEATING,PRIVATELY_OWNED,39766,3564,605,46194,0.7673129915281011,0.7286391313215136,0.248146190299465,1402.4000320410125,0.7157478445859827,MEDIUM,MEDIUM,MEDIUM,5,COST_BASED,COST_BASED,false,false
1,baseline,1,2035,0.0,0.0,DISTRICT_HEATING,PRIVATELY_OWNED,41821,2604,549,48798,0.764588981793105,0.7440697075608118,0.26436452560051693,1462.676482452602,0.7372299494833784,MEDIUM,MEDIUM,MEDIUM,5,COST_BASED,COST_BASED,false,false
1,baseline,1,2036,0.0,0.0,DISTRICT_HEATING,PRIVATELY_OWNED,42865,1548,504,50346,0.7633050195050184,0.7286169106437046,0.2751016872649299,1499.1997175141244,0.7170542076899307,MEDIUM,MEDIUM,MEDIUM,5,COST_BASED,COST_BASED,false,false
1,baseline,1,2037,0.0,0.0,DISTRICT_HEATING,PRIVATELY_OWNED,42847,558,576,50904,0.7610567810629384,0.7324642877090847,0.28056459212291895,1302.5060034305318,0.7229334565911312,MEDIUM,MEDIUM,MEDIUM,5,COST_BASED,COST_BASED,false,false
1,baseline,1,2038,0.0,0.0,DISTRICT_HEATING,PRIVATELY_OWNED,42728,505,624,51409,0.7612253946942383,0.7085145039319339,0.284556105754161,1497.684575389948,0.6909442070111661,MEDIUM,MEDIUM,MEDIUM,5,COST_BASED,COST_BASED,false,false
1,baseline,1,2039,0.0,0.0,DISTRICT_HEATING,PRIVATELY_OWNED,42640,379,467,51788,0.7680453618204777,0.7045546064543663,0.2751730511258037,1570.5318246110326,0.6833910213323289,MEDIUM,MEDIUM,MEDIUM,5,COST_BASED,COST_BASED,false,false
1,baseline,1,2040,0.0,0.0,DISTRICT_HEATING,PRIVATELY_OWNED,42596,395,439,52183,0.6897154010311581,0.7131652151678415,0.22323930618425428,1625.0987694300518,0.7209818198800676,MEDIUM,MEDIUM,MEDIUM,5,COST_BASED,COST_BASED,false,false
1,baseline,1,2041,0.0,0.0,DISTRICT_HEATING,PRIVATELY_OWNED,42525,252,323,52435,0.674789422424427,0.7100258158615708,0.22414199196203413,1567.1601123595506,0.7217712803406173,MEDIUM,MEDIUM,MEDIUM,5,COST_BASED,COST_BASED,false,false
1,baseline,1,2042,0.0,0.0,DISTRICT_HEATING,PRIVATELY_OWNED,42476,236,285,52671,0.6950985973538781,0.7134017942644836,0.22713544113073472,1620.2651356993738,0.7195028599013539,MEDIUM,MEDIUM,MEDIUM,5,COST_BASED,COST_BASED,false,false
1,baseline,1,2043,0.0,0.0,DISTRICT_HEATING,PRIVATELY_OWNED,42407,391,460,53062,0.7021063602328679,0.7265530876477986,0.23013815577268365,1478.491787893008,0.7347019967861116,MEDIUM,MEDIUM,MEDIUM,5,COST_BASED,COST_BASED,false,false
1,baseline,1,2044,0.0,0.0,DISTRICT_HEATING,PRIVATELY_OWNED,42366,239,280,53301,0.6799232573894367,0.7099295290055491,0.22124115606387101,1577.4240506329113,0.7199316195442548,MEDIUM,MEDIUM,MEDIUM,5,COST_BASED,COST_BASED,false,false
1,baseline,1,2045,0.0,0.0,DISTRICT_HEATING,PRIVATELY_OWNED,42330,207,243,53508,0.6932445457400497,0.6995125257104469,0.22841782662230936,1605.0785407725323,0.7016018523672453,MEDIUM,MEDIUM,MEDIUM,5,COST_BASED,COST_BASED,false,false
1,baseline,1,2046,0.0,0.0,DISTRICT_HEATING,PRIVATELY_OWNED,42254,238,314,53746,0.6876761098737573,0.7063079664419037,0.21450032047936066,1581.1243243243243,0.7125185852979504,MEDIUM,MEDIUM,MEDIUM,5,COST_BASED,COST_BASED,false,false
1,baseline,1,2047,0.0,0.0,DISTRICT_HEATING,PRIVATELY_OWNED,42193,209,270,53955,0.7157778262552301,0.7034272038840985,0.24063912619892025,1687.1606960081883,0.699310329760389,MEDIUM,MEDIUM,MEDIUM,5,COST_BASED,COST_BASED,false,false
1,baseline,1,2048,0.0,0.0,DISTRICT_HEATING,PRIVATELY_OWNED,42136,390,447,54345,0.6916169684399083,0.7274815330798949,0.22684893540665355,1489.3055080396853,0.7394363879598919,MEDIUM,MEDIUM,MEDIUM,5,COST_BASED,COST_BASED,false,false
1,baseline,1,2049,0.0,0.0,DISTRICT_HEATING,PRIVATELY_OWNED,42055,355,436,54700,0.6880038701714701,0.7066163230272194,0.21923363393391967,1451.3482285349505,0.7128204739791361,MEDIUM,MEDIUM,MEDIUM,5,COST_BASED,COST_BASED,false,false
1,baseline,1,2050,0.0,0.0,DISTRICT_HEATING,PRIVATELY_OWNED,42014,261,302,54961,0.695921773105719,0.7255157496369177,0.22508312899972854,1488.4217095310137,0.7353804084806521,MEDIUM,MEDIUM,MEDIUM,5,COST_BASED,COST_BASED,false,false
1,baseline,1,2024,0.0,0.0,DISTRICT_HEATING,SOCIAL_HOUSING,9350,9350,0,9350,0.0,0.0,0.0,0.0,0.0,MEDIUM,MEDIUM,MEDIUM,5,COST_BASED,COST_BASED,false,false
1,baseline,1,2025,0.0,0.0,DISTRICT_HEATING,SOCIAL_HOUSING,9350,0,0,9350,0.0,0.0,0.0,0.0,0.0,MEDIUM,MEDIUM,MEDIUM,5,COST_BASED,COST_BASED,false,false
1,baseline,1,2026,0.0,0.0,DISTRICT_HEATING,SOCIAL_HOUSING,9350,0,0,9350,0.0,0.0,0.0,0.0,0.0,MEDIUM,MEDIUM,MEDIUM,5,COST_BASED,COST_BASED,false,false
1,baseline,1,2027,0.0,0.0,DISTRICT_HEATING,SOCIAL_HOUSING,9350,0,0,9350,0.0,0.0,0.0,0.0,0.0,MEDIUM,MEDIUM,MEDIUM,5,COST_BASED,COST_BASED,false,false
1,baseline,1,2028,0.0,0.0,DISTRICT_HEATING,SOCIAL_HOUSING,9350,0,0,9350,0.0,0.0,0.0,0.0,0.0,MEDIUM,MEDIUM,MEDIUM,5,COST_BASED,COST_BASED,false,false
1,baseline,1,2029,0.0,0.0,DISTRICT_HEATING,SOCIAL_HOUSING,9350,0,0,9350,0.0,0.0,0.0,0.0,0.0,MEDIUM,MEDIUM,MEDIUM,5,COST_BASED,COST_BASED,false,false
1,baseline,1,2030,0.0,0.0,DISTRICT_HEATING,SOCIAL_HOUSING,8031,0,1319,9350,0.0,0.0,0.0,0.0,0.0,MEDIUM,MEDIUM,MEDIUM,5,COST_BASED,COST_BASED,false,false
1,baseline,1,2031,0.0,0.0,DISTRICT_HEATING,SOCIAL_HOUSING,8031,0,0,9350,0.0,0.0,0.0,0.0,0.0,MEDIUM,MEDIUM,MEDIUM,5,COST_BASED,COST_BASED,false,false
1,baseline,1,2032,0.0,0.0,DISTRICT_HEATING,SOCIAL_HOUSING,6464,0,1567,9350,0.0,0.0,0.0,0.0,0.0,MEDIUM,MEDIUM,MEDIUM,5,COST_BASED,COST_BASED,false,false
1,baseline,1,2033,0.0,0.0,DISTRICT_HEATING,SOCIAL_HOUSING,6464,0,0,9350,0.0,0.0,0.0,0.0,0.0,MEDIUM,MEDIUM,MEDIUM,5,COST_BASED,COST_BASED,false,false
1,baseline,1,2034,0.0,0.0,DISTRICT_HEATING,SOCIAL_HOUSING,4581,0,1883,9350,0.0,0.0,0.0,0.0,0.0,MEDIUM,MEDIUM,MEDIUM,5,COST_BASED,COST_BASED,false,false
1,baseline,1,2035,0.0,0.0,DISTRICT_HEATING,SOCIAL_HOUSING,3131,0,1450,9350,0.0,0.0,0.0,0.0,0.0,MEDIUM,MEDIUM,MEDIUM,5,COST_BASED,COST_BASED,false,false
1,baseline,1,2036,0.0,0.0,DISTRICT_HEATING,SOCIAL_HOUSING,3131,0,0,9350,0.0,0.0,0.0,0.0,0.0,MEDIUM,MEDIUM,MEDIUM,5,COST_BASED,COST_BASED,false,false
1,baseline,1,2037,0.0,0.0,DISTRICT_HEATING,SOCIAL_HOUSING,3131,0,0,9350,0.0,0.0,0.0,0.0,0.0,MEDIUM,MEDIUM,MEDIUM,5,COST_BASED,COST_BASED,false,false
1,baseline,1,2038,0.0,0.0,DISTRICT_HEATING,SOCIAL_HOUSING,2241,0,890,9350,0.0,0.0,0.0,0.0,0.0,MEDIUM,MEDIUM,MEDIUM,5,COST_BASED,COST_BASED,false,false
1,baseline,1,2039,0.0,0.0,DISTRICT_HEATING,SOCIAL_HOUSING,2241,0,0,9350,0.0,0.0,0.0,0.0,0.0,MEDIUM,MEDIUM,MEDIUM,5,COST_BASED,COST_BASED,false,false
1,baseline,1,2040,0.0,0.0,DISTRICT_HEATING,SOCIAL_HOUSING,1543,0,698,9350,0.0,0.0,0.0,0.0,0.0,MEDIUM,MEDIUM,MEDIUM,5,COST_BASED,COST_BASED,false,false
1,baseline,1,2041,0.0,0.0,DISTRICT_HEATING,SOCIAL_HOUSING,1543,0,0,9350,0.0,0.0,0.0,0.0,0.0,MEDIUM,MEDIUM,MEDIUM,5,COST_BASED,COST_BASED,false,false
1,baseline,1,2042,0.0,0.0,DISTRICT_HEATING,SOCIAL_HOUSING,1543,0,0,9350,0.0,0.0,0.0,0.0,0.0,MEDIUM,MEDIUM,MEDIUM,5,COST_BASED,COST_BASED,false,false
1,baseline,1,2043,0.0,0.0,DISTRICT_HEATING,SOCIAL_HOUSING,1543,0,0,9350,0.0,0.0,0.0,0.0,0.0,MEDIUM,MEDIUM,MEDIUM,5,COST_BASED,COST_BASED,false,false
1,baseline,1,2044,0.0,0.0,DISTRICT_HEATING,SOCIAL_HOUSING,1150,0,393,9350,0.0,0.0,0.0,0.0,0.0,MEDIUM,MEDIUM,MEDIUM,5,COST_BASED,COST_BASED,false,false
1,baseline,1,2045,0.0,0.0,DISTRICT_HEATING,SOCIAL_HOUSING,1150,0,0,9350,0.0,0.0,0.0,0.0,0.0,MEDIUM,MEDIUM,MEDIUM,5,COST_BASED,COST_BASED,false,false
1,baseline,1,2046,0.0,0.0,DISTRICT_HEATING,SOCIAL_HOUSING,1150,0,0,9350,0.0,0.0,0.0,0.0,0.0,MEDIUM,MEDIUM,MEDIUM,5,COST_BASED,COST_BASED,false,false
1,baseline,1,2047,0.0,0.0,DISTRICT_HEATING,SOCIAL_HOUSING,29,0,1121,9350,0.0,0.0,0.0,0.0,0.0,MEDIUM,MEDIUM,MEDIUM,5,COST_BASED,COST_BASED,false,false
1,baseline,1,2048,0.0,0.0,DISTRICT_HEATING,SOCIAL_HOUSING,29,0,0,9350,0.0,0.0,0.0,0.0,0.0,MEDIUM,MEDIUM,MEDIUM,5,COST_BASED,COST_BASED,false,false
1,baseline,1,2049,0.0,0.0,DISTRICT_HEATING,SOCIAL_HOUSING,0,0,29,9350,0.0,0.0,0.0,0.0,0.0,MEDIUM,MEDIUM,MEDIUM,5,COST_BASED,COST_BASED,false,false
1,baseline,1,2050,0.0,0.0,DISTRICT_HEATING,SOCIAL_HOUSING,0,0,0,9350,0.0,0.0,0.0,0.0,0.0,MEDIUM,MEDIUM,MEDIUM,5,COST_BASED,COST_BASED,false,false
1,baseline,1,2024,0.0,0.0,DISTRICT_HEATING,PRIVATELY_RENTED,4962,4962,0,4962,0.0,0.0,0.0,0.0,0.0,MEDIUM,MEDIUM,MEDIUM,5,COST_BASED,COST_BASED,false,false
1,baseline,1,2025,0.0,0.0,DISTRICT_HEATING,PRIVATELY_RENTED,4844,0,118,4962,0.0,0.0,0.0,0.0,0.0,MEDIUM,MEDIUM,MEDIUM,5,COST_BASED,COST_BASED,false,false
1,baseline,1,2026,0.0,0.0,DISTRICT_HEATING,PRIVATELY_RENTED,4681,0,163,4962,0.0,0.0,0.0,0.0,0.0,MEDIUM,MEDIUM,MEDIUM,5,COST_BASED,COST_BASED,false,false
1,baseline,1,2027,0.0,0.0,DISTRICT_HEATING,PRIVATELY_RENTED,4568,3,116,4965,0.0,0.0,0.0,0.0,0.0,MEDIUM,MEDIUM,MEDIUM,5,COST_BASED,COST_BASED,false,false
1,baseline,1,2028,0.0,0.0,DISTRICT_HEATING,PRIVATELY_RENTED,4399,1,170,4966,0.0,0.0,0.0,0.0,0.0,MEDIUM,MEDIUM,MEDIUM,5,COST_BASED,COST_BASED,false,false
1,baseline,1,2029,0.0,0.0,DISTRICT_HEATING,PRIVATELY_RENTED,4211,1,189,4967,0.0,0.0,0.0,0.0,0.0,MEDIUM,MEDIUM,MEDIUM,5,COST_BASED,COST_BASED,false,false
1,baseline,1,2030,0.0,0.0,DISTRICT_HEATING,PRIVATELY_RENTED,4010,2,203,4969,0.0,0.0,0.0,0.0,0.0,MEDIUM,MEDIUM,MEDIUM,5,COST_BASED,COST_BASED,false,false
1,baseline,1,2031,0.0,0.0,DISTRICT_HEATING,PRIVATELY_RENTED,3885,2,127,4971,0.0,0.0,0.0,0.0,0.0,MEDIUM,MEDIUM,MEDIUM,5,COST_BASED,COST_BASED,false,false
1,baseline,1,2032,0.0,0.0,DISTRICT_HEATING,PRIVATELY_RENTED,3381,4,508,4975,0.0,0.0,0.0,0.0,0.0,MEDIUM,MEDIUM,MEDIUM,5,COST_BASED,COST_BASED,false,false
1,baseline,1,2033,0.0,0.0,DISTRICT_HEATING,PRIVATELY_RENTED,3051,10,340,4985,0.0,0.0,0.0,0.0,0.0,MEDIUM,MEDIUM,MEDIUM,5,COST_BASED,COST_BASED,false,false
1,baseline,1,2034,0.0,0.0,DISTRICT_HEATING,PRIVATELY_RENTED,2948,1,104,4986,0.0,0.0,0.0,0.0,0.0,MEDIUM,MEDIUM,MEDIUM,5,COST_BASED,COST_BASED,false,false
1,baseline,1,2035,0.0,0.0,DISTRICT_HEATING,PRIVATELY_RENTED,2740,3,211,4989,0.0,0.0,0.0,0.0,0.0,MEDIUM,MEDIUM,MEDIUM,5,COST_BASED,COST_BASED,false,false
1,baseline,1,2036,0.0,0.0,DISTRICT_HEATING,PRIVATELY_RENTED,2568,3,175,4992,0.0,0.0,0.0,0.0,0.0,MEDIUM,MEDIUM,MEDIUM,5,COST_BASED,COST_BASED,false,false
1,baseline,1,2037,0.0,0.0,DISTRICT_HEATING,PRIVATELY_RENTED,2431,0,137,4992,0.0,0.0,0.0,0.0,0.0,MEDIUM,MEDIUM,MEDIUM,5,COST_BASED,COST_BASED,false,false
1,baseline,1,2038,0.0,0.0,DISTRICT_HEATING,PRIVATELY_RENTED,2173,0,258,4992,0.0,0.0,0.0,0.0,0.0,MEDIUM,MEDIUM,MEDIUM,5,COST_BASED,COST_BASED,false,false
1,baseline,1,2039,0.0,0.0,DISTRICT_HEATING,PRIVATELY_RENTED,1904,1,270,4993,0.0,0.0,0.0,0.0,0.0,MEDIUM,MEDIUM,MEDIUM,5,COST_BASED,COST_BASED,false,false
1,baseline,1,2040,0.0,0.0,DISTRICT_HEATING,PRIVATELY_RENTED,1728,1,177,4994,0.0,0.0,0.0,0.0,0.0,MEDIUM,MEDIUM,MEDIUM,5,COST_BASED,COST_BASED,false,false
1,baseline,1,2041,0.0,0.0,DISTRICT_HEATING,PRIVATELY_RENTED,1557,0,171,4994,0.0,0.0,0.0,0.0,0.0,MEDIUM,MEDIUM,MEDIUM,5,COST_BASED,COST_BASED,false,false
1,baseline,1,2042,0.0,0.0,DISTRICT_HEATING,PRIVATELY_RENTED,1462,0,95,4994,0.0,0.0,0.0,0.0,0.0,MEDIUM,MEDIUM,MEDIUM,5,COST_BASED,COST_BASED,false,false
1,baseline,1,2043,0.0,0.0,DISTRICT_HEATING,PRIVATELY_RENTED,1271,0,191,4994,0.0,0.0,0.0,0.0,0.0,MEDIUM,MEDIUM,MEDIUM,5,COST_BASED,COST_BASED,false,false
1,baseline,1,2044,0.0,0.0,DISTRICT_HEATING,PRIVATELY_RENTED,1152,0,119,4994,0.0,0.0,0.0,0.0,0.0,MEDIUM,MEDIUM,MEDIUM,5,COST_BASED,COST_BASED,false,false
1,baseline,1,2045,0.0,0.0,DISTRICT_HEATING,PRIVATELY_RENTED,1029,0,123,4994,0.0,0.0,0.0,0.0,0.0,MEDIUM,MEDIUM,MEDIUM,5,COST_BASED,COST_BASED,false,false
1,baseline,1,2046,0.0,0.0,DISTRICT_HEATING,PRIVATELY_RENTED,933,0,96,4994,0.0,0.0,0.0,0.0,0.0,MEDIUM,MEDIUM,MEDIUM,5,COST_BASED,COST_BASED,false,false
1,baseline,1,2047,0.0,0.0,DISTRICT_HEATING,PRIVATELY_RENTED,793,0,140,4994,0.0,0.0,0.0,0.0,0.0,MEDIUM,MEDIUM,MEDIUM,5,COST_BASED,COST_BASED,false,false
1,baseline,1,2048,0.0,0.0,DISTRICT_HEATING,PRIVATELY_RENTED,604,0,189,4994,0.0,0.0,0.0,0.0,0.0,MEDIUM,MEDIUM,MEDIUM,5,COST_BASED,COST_BASED,false,false
1,baseline,1,2049,0.0,0.0,DISTRICT_HEATING,PRIVATELY_RENTED,524,1,81,4995,0.0,0.0,0.0,0.0,0.0,MEDIUM,MEDIUM,MEDIUM,5,COST_BASED,COST_BASED,false,false
1,baseline,1,2050,0.0,0.0,DISTRICT_HEATING,PRIVATELY_RENTED,359,0,165,4995,0.0,0.0,0.0,0.0,0.0,MEDIUM,MEDIUM,MEDIUM,5,COST_BASED,COST_BASED,false,false
1,baseline,1,2024,0.0,0.0,ELECTRIC_HEAT_PUMP,TOTAL,10467,10467,0,10467,0.0,0.0,0.0,0.0,0.0,MEDIUM,MEDIUM,MEDIUM,5,COST_BASED,COST_BASED,false,false
1,baseline,1,2025,0.0,0.0,ELECTRIC_HEAT_PUMP,TOTAL,14498,5047,1016,15514,0.7152306762339948,0.6746183082796607,0.06774225816851887,2323.8650420719046,0.661080852294886,MEDIUM,MEDIUM,MEDIUM,5,COST_BASED,COST_BASED,false,false
1,baseline,1,2026,0.0,0.0,ELECTRIC_HEAT_PUMP,TOTAL,19115,5196,579,20710,0.7154946301635441,0.6871228142691007,0.09688166335668764,2281.8762010347377,0.6776655423042839,MEDIUM,MEDIUM,MEDIUM,5,COST_BASED,COST_BASED,false,false
1,baseline,1,2027,0.0,0.0,ELECTRIC_HEAT_PUMP,TOTAL,21831,3170,454,23880,0.7135319853240322,0.6672839690792735,0.12256529031561729,2256.251559445117,0.6518679636643516,MEDIUM,MEDIUM,MEDIUM,5,COST_BASED,COST_BASED,false,false
1,baseline,1,2028,0.0,0.0,ELECTRIC_HEAT_PUMP,TOTAL,24302,3392,921,27272,0.7148582011863004,0.668868571021772,0.13921033279196918,2187.820462105547,0.6535386943002572,MEDIUM,MEDIUM,MEDIUM,5,COST_BASED,COST_BASED,false,false
1,baseline,1,2029,0.0,0.0,ELECTRIC_HEAT_PUMP,TOTAL,28895,5103,510,32375,0.7160432131387213,0.6892953534731523,0.16657743274120934,2166.239459314296,0.6803794002512942,MEDIUM,MEDIUM,MEDIUM,5,COST_BASED,COST_BASED,false,false
1,baseline,1,2030,0.0,0.0,ELECTRIC_HEAT_PUMP,TOTAL,32461,4077,511,36452,0.7160750281768415,0.6635078277824584,0.1939170326423677,2109.7897794241453,0.6459854276509966,MEDIUM,MEDIUM,MEDIUM,5,COST_BASED,COST_BASED,false,false
1,baseline,1,2031,0.0,0.0,ELECTRIC_HEAT_PUMP,TOTAL,35479,3594,576,40046,0.7153653700214152,0.6749995778612938,0.21440408805983666,2059.686410857909,0.6615443138079263,MEDIUM,MEDIUM,MEDIUM,5,COST_BASED,COST_BASED,false,false
1,baseline,1,2032,0.0,0.0,ELECTRIC_HEAT_PUMP,TOTAL,38363,3459,575,43505,0.71412456431156,0.6718648179902835,0.23474230092807408,2054.054123497721,0.6577782358831932,MEDIUM,MEDIUM,MEDIUM,5,COST_BASED,COST_BASED,false,false
1,baseline,1,2033,0.0,0.0,ELECTRIC_HEAT_PUMP,TOTAL,43253,5543,653,49048,0.7146329327667986,0.7050383113554153,0.2620086996469679,2026.200556398584,0.7018401042182855,MEDIUM,MEDIUM,MEDIUM,5,COST_BASED,COST_BASED,false,false
1,baseline,1,2034,0.0,0.0,ELECTRIC_HEAT_PUMP,TOTAL,48532,5926,647,54974,0.7144886865576446,0.6838056211458042,0.2927779112662261,1902.595538312318,0.6735779326751917,MEDIUM,MEDIUM,MEDIUM,5,COST_BASED,COST_BASED,false,false
1,baseline,1,2035,0.0,0.0,ELECTRIC_HEAT_PUMP,TOTAL,53265,5596,863,60570,0.7160884319817948,0.7055090485680419,0.32909425011184545,1972.8791451106777,0.7019825874301264,MEDIUM,MEDIUM,MEDIUM,5,COST_BASED,COST_BASED,false,false
1,baseline,1,2036,0.0,0.0,ELECTRIC_HEAT_PUMP,TOTAL,55475,3007,797,63577,0.7163561654951414,0.6862440366722128,0.352891249128888,1891.66216547999,0.6762066603979051,MEDIUM,MEDIUM,MEDIUM,5,COST_BASED,COST_BASED,false,false
1,baseline,1,2037,0.0,0.0,ELECTRIC_HEAT_PUMP,TOTAL,54976,859,1358,64436,0.6658570869536901,0.6934412617540229,0.32531811798409005,1334.3992756903576,0.7026359866874703,MEDIUM,MEDIUM,MEDIUM,5,COST_BASED,COST_BASED,false,false
1,baseline,1,2038,0.0,0.0,ELECTRIC_HEAT_PUMP,TOTAL,54737,446,685,64882,0.6524860065859649,0.6522184687350414,0.307261799553317,1652.8511979823452,0.6521292894514005,MEDIUM,MEDIUM,MEDIUM,5,COST_BASED,COST_BASED,false,false
1,baseline,1,2039,0.0,0.0,ELECTRIC_HEAT_PUMP,TOTAL,54657,242,322,65124,0.6370797289484823,0.6328385414828127,0.303937146865354,1675.9957264957266,0.6314248123275912,MEDIUM,MEDIUM,MEDIUM,5,COST_BASED,COST_BASED,false,false
1,baseline,1,2040,0.0,0.0,ELECTRIC_HEAT_PUMP,TOTAL,54757,5147,5047,70271,0.7350205272811925,0.707317854503639,0.3922319000237909,1689.5434319021895,0.6980836302444553,MEDIUM,MEDIUM,MEDIUM,5,COST_BASED,COST_BASED,false,false
1,baseline,1,2041,0.0,0.0,ELECTRIC_HEAT_PUMP,TOTAL,54735,5174,5196,75445,0.7370770523427858,0.741589185284212,0.39525863642150005,1681.2502009415546,0.7430932295980269,MEDIUM,MEDIUM,MEDIUM,5,COST_BASED,COST_BASED,false,false
1,baseline,1,2042,0.0,0.0,ELECTRIC_HEAT_PUMP,TOTAL,54865,3300,3170,78745,0.7287981283395082,0.7203294867413238,0.38449157442795306,1696.5847306457367,0.7175066062085942,MEDIUM,MEDIUM,MEDIUM,5,COST_BASED,COST_BASED,false,false
1,baseline,1,2043,0.0,0.0,ELECTRIC_HEAT_PUMP,TOTAL,55099,3626,3392,82371,0.7298137165610958,0.7267375202821109,0.39099746195467333,1640.3349342481417,0.725712121522448,MEDIUM,MEDIUM,MEDIUM,5,COST_BASED,COST_BASED,false,false
1,baseline,1,2044,0.0,0.0,ELECTRIC_HEAT_PUMP,TOTAL,54916,4920,5103,87291,0.7442197809419965,0.7339821638553912,0.40886462274327656,1623.4592106777125,0.7305696248265293,MEDIUM,MEDIUM,MEDIUM,5,COST_BASED,COST_BASED,false,false
1,baseline,1,2045,0.0,0.0,ELECTRIC_HEAT_PUMP,TOTAL,54977,4138,4077,91429,0.7319462145199656,0.7087767875951355,0.3950289398693054,1629.617223845072,0.7010536452868574,MEDIUM,MEDIUM,MEDIUM,5,COST_BASED,COST_BASED,false,false
1,baseline,1,2046,0.0,0.0,ELECTRIC_HEAT_PUMP,TOTAL,55070,3687,3594,95116,0.7312577649735422,0.7238143276301962,0.39711571994942435,1604.5199457565827,0.7213331818490786,MEDIUM,MEDIUM,MEDIUM,5,COST_BASED,COST_BASED,false,false
1,baseline,1,2047,0.0,0.0,ELECTRIC_HEAT_PUMP,TOTAL,55414,3803,3459,98919,0.7258801578019152,0.7161542618340568,0.388167712556442,1613.9390054791688,0.7129122965114382,MEDIUM,MEDIUM,MEDIUM,5,COST_BASED,COST_BASED,false,false
1,baseline,1,2048,0.0,0.0,ELECTRIC_HEAT_PUMP,TOTAL,55424,5553,5543,104472,0.7432209184881141,0.7439562075591183,0.41162859122134654,1551.3470212765958,0.7442013039161249,MEDIUM,MEDIUM,MEDIUM,5,COST_BASED,COST_BASED,false,false
1,baseline,1,2049,0.0,0.0,ELECTRIC_HEAT_PUMP,TOTAL,55256,5758,5926,110230,0.741048601709986,0.7251991297215602,0.41050041342671706,1476.8807267754225,0.7199159723920829,MEDIUM,MEDIUM,MEDIUM,5,COST_BASED,COST_BASED,false,false
1,baseline,1,2050,0.0,0.0,ELECTRIC_HEAT_PUMP,TOTAL,55253,5593,5596,115823,0.7381504036973169,0.7423326398391694,0.4020807902058561,1530.8560541913632,0.7437267185531196,MEDIUM,MEDIUM,MEDIUM,5,COST_BASED,COST_BASED,false,false
1,baseline,1,2024,0.0,0.0,ELECTRIC_HEAT_PUMP,PRIVATELY_OWNED,8370,8370,0,8370,0.0,0.0,0.0,0.0,0.0,MEDIUM,MEDIUM,MEDIUM,5,COST_BASED,COST_BASED,false,false
1,baseline,1,2025,0.0,0.0,ELECTRIC_HEAT_PUMP,PRIVATELY_OWNED,12638,5047,779,13417,0.7152306762339948,0.6746183082796607,0.06774225816851887,2323.8650420719046,0.661080852294886,MEDIUM,MEDIUM,MEDIUM,5,COST_BASED,COST_BASED,false,false
1,baseline,1,2026,0.0,0.0,ELECTRIC_HEAT_PUMP,PRIVATELY_OWNED,17404,5196,430,18613,0.7154946301635441,0.6871228142691007,0.09688166335668764,2281.8762010347377,0.6776655423042839,MEDIUM,MEDIUM,MEDIUM,5,COST_BASED,COST_BASED,false,false
1,baseline,1,2027,0.0,0.0,ELECTRIC_HEAT_PUMP,PRIVATELY_OWNED,20193,3170,381,21783,0.7135319853240322,0.6672839690792735,0.12256529031561729,2256.251559445117,0.6518679636643516,MEDIUM,MEDIUM,MEDIUM,5,COST_BASED,COST_BASED,false,false
1,baseline,1,2028,0.0,0.0,ELECTRIC_HEAT_PUMP,PRIVATELY_OWNED,23033,3392,552,25175,0.7148582011863005,0.6688685710217719,0.13921033279196918,2187.820462105547,0.6535386943002572,MEDIUM,MEDIUM,MEDIUM,5,COST_BASED,COST_BASED,false,false
1,baseline,1,2029,0.0,0.0,ELECTRIC_HEAT_PUMP,PRIVATELY_OWNED,27762,5103,374,30278,0.7160432131387213,0.6892953534731523,0.16657743274120934,2166.239459314296,0.6803794002512942,MEDIUM,MEDIUM,MEDIUM,5,COST_BASED,COST_BASED,false,false
1,baseline,1,2030,0.0,0.0,ELECTRIC_HEAT_PUMP,PRIVATELY_OWNED,31411,4077,428,34355,0.7160750281768415,0.6635078277824584,0.1939170326423677,2109.7897794241453,0.6459854276509966,MEDIUM,MEDIUM,MEDIUM,5,COST_BASED,COST_BASED,false,false
1,baseline,1,2031,0.0,0.0,ELECTRIC_HEAT_PUMP,PRIVATELY_OWNED,34536,3594,469,37949,0.7153653700214152,0.6749995778612937,0.21440408805983666,2059.686410857909,0.6615443138079263,MEDIUM,MEDIUM,MEDIUM,5,COST_BASED,COST_BASED,false,false
1,baseline,1,2032,0.0,0.0,ELECTRIC_HEAT_PUMP,PRIVATELY_OWNED,37536,3459,459,41408,0.7141245643115601,0.6718648179902836,0.23474230092807405,2054.054123497721,0.6577782358831932,MEDIUM,MEDIUM,MEDIUM,5,COST_BASED,COST_BASED,false,false
1,baseline,1,2033,0.0,0.0,ELECTRIC_HEAT_PUMP,PRIVATELY_OWNED,42557,5543,522,46951,0.7146329327667986,0.7050383113554153,0.2620086996469679,2026.2005563985838,0.7018401042182855,MEDIUM,MEDIUM,MEDIUM,5,COST_BASED,COST_BASED,false,false
1,baseline,1,2034,0.0,0.0,ELECTRIC_HEAT_PUMP,PRIVATELY_OWNED,47947,5926,536,52877,0.7144886865576446,0.6838056211458042,0.2927779112662261,1902.5955383123182,0.6735779326751917,MEDIUM,MEDIUM,MEDIUM,5,COST_BASED,COST_BASED,false,false
1,baseline,1,2035,0.0,0.0,ELECTRIC_HEAT_PUMP,PRIVATELY_OWNED,52870,5596,673,58473,0.7160884319817948,0.7055090485680419,0.32909425011184545,1972.8791451106777,0.7019825874301264,MEDIUM,MEDIUM,MEDIUM,5,COST_BASED,COST_BASED,false,false
1,baseline,1,2036,0.0,0.0,ELECTRIC_HEAT_PUMP,PRIVATELY_OWNED,55216,3007,661,61480,0.7163561654951413,0.6862440366722128,0.35289124912888803,1891.66216547999,0.6762066603979051,MEDIUM,MEDIUM,MEDIUM,5,COST_BASED,COST_BASED,false,false
1,baseline,1,2037,0.0,0.0,ELECTRIC_HEAT_PUMP,PRIVATELY_OWNED,54830,859,1245,62339,0.6658570869536901,0.6934412617540229,0.32531811798409005,1334.3992756903576,0.7026359866874703,MEDIUM,MEDIUM,MEDIUM,5,COST_BASED,COST_BASED,false,false
1,baseline,1,2038,0.0,0.0,ELECTRIC_HEAT_PUMP,PRIVATELY_OWNED,54674,446,602,62785,0.6524860065859649,0.6522184687350414,0.307261799553317,1652.8511979823454,0.6521292894514005,MEDIUM,MEDIUM,MEDIUM,5,COST_BASED,COST_BASED,false,false
1,baseline,1,2039,0.0,0.0,ELECTRIC_HEAT_PUMP,PRIVATELY_OWNED,54657,242,259,63027,0.6370797289484823,0.6328385414828127,0.303937146865354,1675.9957264957266,0.6314248123275912,MEDIUM,MEDIUM,MEDIUM,5,COST_BASED,COST_BASED,false,false
1,baseline,1,2040,0.0,0.0,ELECTRIC_HEAT_PUMP,PRIVATELY_OWNED,54757,5147,5047,68174,0.7350205272811925,0.707317854503639,0.3922319000237909,1689.5434319021895,0.6980836302444553,MEDIUM,MEDIUM,MEDIUM,5,COST_BASED,COST_BASED,false,false
1,baseline,1,2041,0.0,0.0,ELECTRIC_HEAT_PUMP,PRIVATELY_OWNED,54735,5174,5196,73348,0.7370770523427858,0.741589185284212,0.39525863642150005,1681.2502009415548,0.7430932295980269,MEDIUM,MEDIUM,MEDIUM,5,COST_BASED,COST_BASED,false,false
1,baseline,1,2042,0.0,0.0,ELECTRIC_HEAT_PUMP,PRIVATELY_OWNED,54865,3300,3170,76648,0.7287981283395082,0.7203294867413238,0.38449157442795306,1696.5847306457367,0.7175066062085942,MEDIUM,MEDIUM,MEDIUM,5,COST_BASED,COST_BASED,false,false
1,baseline,1,2043,0.0,0.0,ELECTRIC_HEAT_PUMP,PRIVATELY_OWNED,55099,3626,3392,80274,0.7298137165610958,0.7267375202821109,0.39099746195467333,1640.3349342481417,0.725712121522448,MEDIUM,MEDIUM,MEDIUM,5,COST_BASED,COST_BASED,false,false
1,baseline,1,2044,0.0,0.0,ELECTRIC_HEAT_PUMP,PRIVATELY_OWNED,54916,4920,5103,85194,0.7442197809419965,0.7339821638553912,0.40886462274327656,1623.4592106777125,0.7305696248265293,MEDIUM,MEDIUM,MEDIUM,5,COST_BASED,COST_BASED,false,false
1,baseline,1,2045,0.0,0.0,ELECTRIC_HEAT_PUMP,PRIVATELY_OWNED,54977,4138,4077,89332,0.7319462145199656,0.7087767875951355,0.3950289398693054,1629.617223845072,0.7010536452868574,MEDIUM,MEDIUM,MEDIUM,5,COST_BASED,COST_BASED,false,false
1,baseline,1,2046,0.0,0.0,ELECTRIC_HEAT_PUMP,PRIVATELY_OWNED,55070,3687,3594,93019,0.7312577649735422,0.7238143276301962,0.39711571994942435,1604.5199457565827,0.7213331818490787,MEDIUM,MEDIUM,MEDIUM,5,COST_BASED,COST_BASED,false,false
1,baseline,1,2047,0.0,0.0,ELECTRIC_HEAT_PUMP,PRIVATELY_OWNED,55414,3803,3459,96822,0.7258801578019152,0.7161542618340568,0.38816771255644206,1613.9390054791688,0.7129122965114382,MEDIUM,MEDIUM,MEDIUM,5,COST_BASED,COST_BASED,false,false
1,baseline,1,2048,0.0,0.0,ELECTRIC_HEAT_PUMP,PRIVATELY_OWNED,55424,5553,5543,102375,0.7432209184881141,0.7439562075591184,0.41162859122134654,1551.3470212765958,0.7442013039161249,MEDIUM,MEDIUM,MEDIUM,5,COST_BASED,COST_BASED,false,false
1,baseline,1,2049,0.0,0.0,ELECTRIC_HEAT_PUMP,PRIVATELY_OWNED,55256,5758,5926,108133,0.7410486017099861,0.7251991297215602,0.41050041342671706,1476.8807267754225,0.719915972392083,MEDIUM,MEDIUM,MEDIUM,5,COST_BASED,COST_BASED,false,false
1,baseline,1,2050,0.0,0.0,ELECTRIC_HEAT_PUMP,PRIVATELY_OWNED,55253,5593,5596,113726,0.7381504036973169,0.7423326398391694,0.402080790205856,1530.8560541913632,0.7437267185531196,MEDIUM,MEDIUM,MEDIUM,5,COST_BASED,COST_BASED,false,false
1,baseline,1,2024,0.0,0.0,ELECTRIC_HEAT_PUMP,SOCIAL_HOUSING,42,42,0,42,0.0,0.0,0.0,0.0,0.0,MEDIUM,MEDIUM,MEDIUM,5,COST_BASED,COST_BASED,false,false
1,baseline,1,2025,0.0,0.0,ELECTRIC_HEAT_PUMP,SOCIAL_HOUSING,42,0,0,42,0.0,0.0,0.0,0.0,0.0,MEDIUM,MEDIUM,MEDIUM,5,COST_BASED,COST_BASED,false,false
1,baseline,1,2026,0.0,0.0,ELECTRIC_HEAT_PUMP,SOCIAL_HOUSING,42,0,0,42,0.0,0.0,0.0,0.0,0.0,MEDIUM,MEDIUM,MEDIUM,5,COST_BASED,COST_BASED,false,false
1,baseline,1,2027,0.0,0.0,ELECTRIC_HEAT_PUMP,SOCIAL_HOUSING,42,0,0,42,0.0,0.0,0.0,0.0,0.0,MEDIUM,MEDIUM,MEDIUM,5,COST_BASED,COST_BASED,false,false
1,baseline,1,2028,0.0,0.0,ELECTRIC_HEAT_PUMP,SOCIAL_HOUSING,42,0,0,42,0.0,0.0,0.0,0.0,0.0,MEDIUM,MEDIUM,MEDIUM,5,COST_BASED,COST_BASED,false,false
1,baseline,1,2029,0.0,0.0,ELECTRIC_HEAT_PUMP,SOCIAL_HOUSING,42,0,0,42,0.0,0.0,0.0,0.0,0.0,MEDIUM,MEDIUM,MEDIUM,5,COST_BASED,COST_BASED,false,false
1,baseline,1,2030,0.0,0.0,ELECTRIC_HEAT_PUMP,SOCIAL_HOUSING,42,0,0,42,0.0,0.0,0.0,0.0,0.0,MEDIUM,MEDIUM,MEDIUM,5,COST_BASED,COST_BASED,false,false
1,baseline,1,2031,0.0,0.0,ELECTRIC_HEAT_PUMP,SOCIAL_HOUSING,42,0,0,42,0.0,0.0,0.0,0.0,0.0,MEDIUM,MEDIUM,MEDIUM,5,COST_BASED,COST_BASED,false,false
1,baseline,1,2032,0.0,0.0,ELECTRIC_HEAT_PUMP,SOCIAL_HOUSING,42,0,0,42,0.0,0.0,0.0,0.0,0.0,MEDIUM,MEDIUM,MEDIUM,5,COST_BASED,COST_BASED,false,false
1,baseline,1,2033,0.0,0.0,ELECTRIC_HEAT_PUMP,SOCIAL_HOUSING,42,0,0,42,0.0,0.0,0.0,0.0,0.0,MEDIUM,MEDIUM,MEDIUM,5,COST_BASED,COST_BASED,false,false
1,baseline,1,2034,0.0,0.0,ELECTRIC_HEAT_PUMP,SOCIAL_HOUSING,42,0,0,42,0.0,0.0,0.0,0.0,0.0,MEDIUM,MEDIUM,MEDIUM,5,COST_BASED,COST_BASED,false,false
1,baseline,1,2035,0.0,0.0,ELECTRIC_HEAT_PUMP,SOCIAL_HOUSING,0,0,42,42,0.0,0.0,0.0,0.0,0.0,MEDIUM,MEDIUM,MEDIUM,5,COST_BASED,COST_BASED,false,false
1,baseline,1,2036,0.0,0.0,ELECTRIC_HEAT_PUMP,SOCIAL_HOUSING,0,0,0,42,0.0,0.0,0.0,0.0,0.0,MEDIUM,MEDIUM,MEDIUM,5,COST_BASED,COST_BASED,false,false
1,baseline,1,2037,0.0,0.0,ELECTRIC_HEAT_PUMP,SOCIAL_HOUSING,0,0,0,42,0.0,0.0,0.0,0.0,0.0,MEDIUM,MEDIUM,MEDIUM,5,COST_BASED,COST_BASED,false,false
1,baseline,1,2038,0.0,0.0,ELECTRIC_HEAT_PUMP,SOCIAL_HOUSING,0,0,0,42,0.0,0.0,0.0,0.0,0.0,MEDIUM,MEDIUM,MEDIUM,5,COST_BASED,COST_BASED,false,false
1,baseline,1,2039,0.0,0.0,ELECTRIC_HEAT_PUMP,SOCIAL_HOUSING,0,0,0,42,0.0,0.0,0.0,0.0,0.0,MEDIUM,MEDIUM,MEDIUM,5,COST_BASED,COST_BASED,false,false
1,baseline,1,2040,0.0,0.0,ELECTRIC_HEAT_PUMP,SOCIAL_HOUSING,0,0,0,42,0.0,0.0,0.0,0.0,0.0,MEDIUM,MEDIUM,MEDIUM,5,COST_BASED,COST_BASED,false,false
1,baseline,1,2041,0.0,0.0,ELECTRIC_HEAT_PUMP,SOCIAL_HOUSING,0,0,0,42,0.0,0.0,0.0,0.0,0.0,MEDIUM,MEDIUM,MEDIUM,5,COST_BASED,COST_BASED,false,false
1,baseline,1,2042,0.0,0.0,ELECTRIC_HEAT_PUMP,SOCIAL_HOUSING,0,0,0,42,0.0,0.0,0.0,0.0,0.0,MEDIUM,MEDIUM,MEDIUM,5,COST_BASED,COST_BASED,false,false
1,baseline,1,2043,0.0,0.0,ELECTRIC_HEAT_PUMP,SOCIAL_HOUSING,0,0,0,42,0.0,0.0,0.0,0.0,0.0,MEDIUM,MEDIUM,MEDIUM,5,COST_BASED,COST_BASED,false,false
1,baseline,1,2044,0.0,0.0,ELECTRIC_HEAT_PUMP,SOCIAL_HOUSING,0,0,0,42,0.0,0.0,0.0,0.0,0.0,MEDIUM,MEDIUM,MEDIUM,5,COST_BASED,COST_BASED,false,false
1,baseline,1,2045,0.0,0.0,ELECTRIC_HEAT_PUMP,SOCIAL_HOUSING,0,0,0,42,0.0,0.0,0.0,0.0,0.0,MEDIUM,MEDIUM,MEDIUM,5,COST_BASED,COST_BASED,false,false
1,baseline,1,2046,0.0,0.0,ELECTRIC_HEAT_PUMP,SOCIAL_HOUSING,0,0,0,42,0.0,0.0,0.0,0.0,0.0,MEDIUM,MEDIUM,MEDIUM,5,COST_BASED,COST_BASED,false,false
1,baseline,1,2047,0.0,0.0,ELECTRIC_HEAT_PUMP,SOCIAL_HOUSING,0,0,0,42,0.0,0.0,0.0,0.0,0.0,MEDIUM,MEDIUM,MEDIUM,5,COST_BASED,COST_BASED,false,false
1,baseline,1,2048,0.0,0.0,ELECTRIC_HEAT_PUMP,SOCIAL_HOUSING,0,0,0,42,0.0,0.0,0.0,0.0,0.0,MEDIUM,MEDIUM,MEDIUM,5,COST_BASED,COST_BASED,false,false
1,baseline,1,2049,0.0,0.0,ELECTRIC_HEAT_PUMP,SOCIAL_HOUSING,0,0,0,42,0.0,0.0,0.0,0.0,0.0,MEDIUM,MEDIUM,MEDIUM,5,COST_BASED,COST_BASED,false,false
1,baseline,1,2050,0.0,0.0,ELECTRIC_HEAT_PUMP,SOCIAL_HOUSING,0,0,0,42,0.0,0.0,0.0,0.0,0.0,MEDIUM,MEDIUM,MEDIUM,5,COST_BASED,COST_BASED,false,false
1,baseline,1,2024,0.0,0.0,ELECTRIC_HEAT_PUMP,PRIVATELY_RENTED,2055,2055,0,2055,0.0,0.0,0.0,0.0,0.0,MEDIUM,MEDIUM,MEDIUM,5,COST_BASED,COST_BASED,false,false
1,baseline,1,2025,0.0,0.0,ELECTRIC_HEAT_PUMP,PRIVATELY_RENTED,1818,0,237,2055,0.0,0.0,0.0,0.0,0.0,MEDIUM,MEDIUM,MEDIUM,5,COST_BASED,COST_BASED,false,false
1,baseline,1,2026,0.0,0.0,ELECTRIC_HEAT_PUMP,PRIVATELY_RENTED,1669,0,149,2055,0.0,0.0,0.0,0.0,0.0,MEDIUM,MEDIUM,MEDIUM,5,COST_BASED,COST_BASED,false,false
1,baseline,1,2027,0.0,0.0,ELECTRIC_HEAT_PUMP,PRIVATELY_RENTED,1596,0,73,2055,0.0,0.0,0.0,0.0,0.0,MEDIUM,MEDIUM,MEDIUM,5,COST_BASED,COST_BASED,false,false
1,baseline,1,2028,0.0,0.0,ELECTRIC_HEAT_PUMP,PRIVATELY_RENTED,1227,0,369,2055,0.0,0.0,0.0,0.0,0.0,MEDIUM,MEDIUM,MEDIUM,5,COST_BASED,COST_BASED,false,false
1,baseline,1,2029,0.0,0.0,ELECTRIC_HEAT_PUMP,PRIVATELY_RENTED,1091,0,136,2055,0.0,0.0,0.0,0.0,0.0,MEDIUM,MEDIUM,MEDIUM,5,COST_BASED,COST_BASED,false,false
1,baseline,1,2030,0.0,0.0,ELECTRIC_HEAT_PUMP,PRIVATELY_RENTED,1008,0,83,2055,0.0,0.0,0.0,0.0,0.0,MEDIUM,MEDIUM,MEDIUM,5,COST_BASED,COST_BASED,false,false
1,baseline,1,2031,0.0,0.0,ELECTRIC_HEAT_PUMP,PRIVATELY_RENTED,901,0,107,2055,0.0,0.0,0.0,0.0,0.0,MEDIUM,MEDIUM,MEDIUM,5,COST_BASED,COST_BASED,false,false
1,baseline,1,2032,0.0,0.0,ELECTRIC_HEAT_PUMP,PRIVATELY_RENTED,785,0,116,2055,0.0,0.0,0.0,0.0,0.0,MEDIUM,MEDIUM,MEDIUM,5,COST_BASED,COST_BASED,false,false
1,baseline,1,2033,0.0,0.0,ELECTRIC_HEAT_PUMP,PRIVATELY_RENTED,654,0,131,2055,0.0,0.0,0.0,0.0,0.0,MEDIUM,MEDIUM,MEDIUM,5,COST_BASED,COST_BASED,false,false
1,baseline,1,2034,0.0,0.0,ELECTRIC_HEAT_PUMP,PRIVATELY_RENTED,543,0,111,2055,0.0,0.0,0.0,0.0,0.0,MEDIUM,MEDIUM,MEDIUM,5,COST_BASED,COST_BASED,false,false
1,baseline,1,2035,0.0,0.0,ELECTRIC_HEAT_PUMP,PRIVATELY_RENTED,395,0,148,2055,0.0,0.0,0.0,0.0,0.0,MEDIUM,MEDIUM,MEDIUM,5,COST_BASED,COST_BASED,false,false
1,baseline,1,2036,0.0,0.0,ELECTRIC_HEAT_PUMP,PRIVATELY_RENTED,259,0,136,2055,0.0,0.0,0.0,0.0,0.0,MEDIUM,MEDIUM,MEDIUM,5,COST_BASED,COST_BASED,false,false
1,baseline,1,2037,0.0,0.0,ELECTRIC_HEAT_PUMP,PRIVATELY_RENTED,146,0,113,2055,0.0,0.0,0.0,0.0,0.0,MEDIUM,MEDIUM,MEDIUM,5,COST_BASED,COST_BASED,false,false
1,baseline,1,2038,0.0,0.0,ELECTRIC_HEAT_PUMP,PRIVATELY_RENTED,63,0,83,2055,0.0,0.0,0.0,0.0,0.0,MEDIUM,MEDIUM,MEDIUM,5,COST_BASED,COST_BASED,false,false
1,baseline,1,2039,0.0,0.0,ELECTRIC_HEAT_PUMP,PRIVATELY_RENTED,0,0,63,2055,0.0,0.0,0.0,0.0,0.0,MEDIUM,MEDIUM,MEDIUM,5,COST_BASED,COST_BASED,false,false
1,baseline,1,2040,0.0,0.0,ELECTRIC_HEAT_PUMP,PRIVATELY_RENTED,0,0,0,2055,0.0,0.0,0.0,0.0,0.0,MEDIUM,MEDIUM,MEDIUM,5,COST_BASED,COST_BASED,false,false
1,baseline,1,2041,0.0,0.0,ELECTRIC_HEAT_PUMP,PRIVATELY_RENTED,0,0,0,2055,0.0,0.0,0.0,0.0,0.0,MEDIUM,MEDIUM,MEDIUM,5,COST_BASED,COST_BASED,false,false
1,baseline,1,2042,0.0,0.0,ELECTRIC_HEAT_PUMP,PRIVATELY_RENTED,0,0,0,2055,0.0,0.0,0.0,0.0,0.0,MEDIUM,MEDIUM,MEDIUM,5,COST_BASED,COST_BASED,false,false
1,baseline,1,2043,0.0,0.0,ELECTRIC_HEAT_PUMP,PRIVATELY_RENTED,0,0,0,2055,0.0,0.0,0.0,0.0,0.0,MEDIUM,MEDIUM,MEDIUM,5,COST_BASED,COST_BASED,false,false
1,baseline,1,2044,0.0,0.0,ELECTRIC_HEAT_PUMP,PRIVATELY_RENTED,0,0,0,2055,0.0,0.0,0.0,0.0,0.0,MEDIUM,MEDIUM,MEDIUM,5,COST_BASED,COST_BASED,false,false
1,baseline,1,2045,0.0,0.0,ELECTRIC_HEAT_PUMP,PRIVATELY_RENTED,0,0,0,2055,0.0,0.0,0.0,0.0,0.0,MEDIUM,MEDIUM,MEDIUM,5,COST_BASED,COST_BASED,false,false
1,baseline,1,2046,0.0,0.0,ELECTRIC_HEAT_PUMP,PRIVATELY_RENTED,0,0,0,2055,0.0,0.0,0.0,0.0,0.0,MEDIUM,MEDIUM,MEDIUM,5,COST_BASED,COST_BASED,false,false
1,baseline,1,2047,0.0,0.0,ELECTRIC_HEAT_PUMP,PRIVATELY_RENTED,0,0,0,2055,0.0,0.0,0.0,0.0,0.0,MEDIUM,MEDIUM,MEDIUM,5,COST_BASED,COST_BASED,false,false
1,baseline,1,2048,0.0,0.0,ELECTRIC_HEAT_PUMP,PRIVATELY_RENTED,0,0,0,2055,0.0,0.0,0.0,0.0,0.0,MEDIUM,MEDIUM,MEDIUM,5,COST_BASED,COST_BASED,false,false
1,baseline,1,2049,0.0,0.0,ELECTRIC_HEAT_PUMP,PRIVATELY_RENTED,0,0,0,2055,0.0,0.0,0.0,0.0,0.0,MEDIUM,MEDIUM,MEDIUM,5,COST_BASED,COST_BASED,false,false
1,baseline,1,2050,0.0,0.0,ELECTRIC_HEAT_PUMP,PRIVATELY_RENTED,0,0,0,2055,0.0,0.0,0.0,0.0,0.0,MEDIUM,MEDIUM,MEDIUM,5,COST_BASED,COST_BASED,false,false
1,baseline,1,2024,0.0,0.0,HYBRID_HEAT_PUMP,TOTAL,1904,1904,0,1904,0.0,0.0,0.0,0.0,0.0,MEDIUM,MEDIUM,MEDIUM,5,COST_BASED,COST_BASED,false,false
1,baseline,1,2025,0.0,0.0,HYBRID_HEAT_PUMP,TOTAL,10464,8780,220,10684,0.7340034913384228,0.691692990235753,0.03553777244015438,1699.2586767967155,0.6775894898682149,MEDIUM,MEDIUM,MEDIUM,5,COST_BASED,COST_BASED,false,false
1,baseline,1,2026,0.0,0.0,HYBRID_HEAT_PUMP,TOTAL,13697,3363,130,14047,0.6710428076528634,0.598731529460837,0.0642111500831094,1496.8897090286691,0.5746277700634952,MEDIUM,MEDIUM,MEDIUM,5,COST_BASED,COST_BASED,false,false
1,baseline,1,2027,0.0,0.0,HYBRID_HEAT_PUMP,TOTAL,18752,5182,127,19229,0.7076525485040324,0.6539947191836832,0.09027882193947112,1575.4766393060768,0.6361087760768973,MEDIUM,MEDIUM,MEDIUM,5,COST_BASED,COST_BASED,false,false
1,baseline,1,2028,0.0,0.0,HYBRID_HEAT_PUMP,TOTAL,24125,5505,132,24734,0.6531203648710604,0.6028810224539463,0.10921805530078851,1417.1440667042125,0.5861345749815765,MEDIUM,MEDIUM,MEDIUM,5,COST_BASED,COST_BASED,false,false
1,baseline,1,2029,0.0,0.0,HYBRID_HEAT_PUMP,TOTAL,27852,3824,97,28558,0.6353582051072214,0.5734081546101433,0.1267889592523617,1369.764879966957,0.5527581377777884,MEDIUM,MEDIUM,MEDIUM,5,COST_BASED,COST_BASED,false,false
1,baseline,1,2030,0.0,0.0,HYBRID_HEAT_PUMP,TOTAL,33166,5419,105,33977,0.6611326092028152,0.5989322652188849,0.15197191743967564,1400.2296037114243,0.5781988172242408,MEDIUM,MEDIUM,MEDIUM,5,COST_BASED,COST_BASED,false,false
1,baseline,1,2031,0.0,0.0,HYBRID_HEAT_PUMP,TOTAL,38478,5431,119,39408,0.6572039498657501,0.6118393553003748,0.17873224290371326,1367.3288177096729,0.5967178237785813,MEDIUM,MEDIUM,MEDIUM,5,COST_BASED,COST_BASED,false,false
1,baseline,1,2032,0.0,0.0,HYBRID_HEAT_PUMP,TOTAL,45026,6681,133,46089,0.6536908379076827,0.6112637123833891,0.20570029610906662,1357.5991209120036,0.5971213372086276,MEDIUM,MEDIUM,MEDIUM,5,COST_BASED,COST_BASED,false,false
1,baseline,1,2033,0.0,0.0,HYBRID_HEAT_PUMP,TOTAL,49165,4278,139,50367,0.5932077826617432,0.545873016535802,0.20763893984094603,1217.635404372506,0.5300947611604854,MEDIUM,MEDIUM,MEDIUM,5,COST_BASED,COST_BASED,false,false
1,baseline,1,2034,0.0,0.0,HYBRID_HEAT_PUMP,TOTAL,53587,4555,133,54922,0.6119193179648179,0.5467240385448283,0.23404038124917861,1190.5615108369418,0.5249922787381667,MEDIUM,MEDIUM,MEDIUM,5,COST_BASED,COST_BASED,false,false
1,baseline,1,2035,0.0,0.0,HYBRID_HEAT_PUMP,TOTAL,57881,4420,126,59342,0.5797094846142584,0.5329961521847184,0.23746953110706198,1165.7998114214731,0.5174250413748729,MEDIUM,MEDIUM,MEDIUM,5,COST_BASED,COST_BASED,false,false
1,baseline,1,2036,0.0,0.0,HYBRID_HEAT_PUMP,TOTAL,62288,4516,109,63858,0.5914078682110808,0.5525099187678634,0.25821480202822,1149.8298414976284,0.5395439356201235,MEDIUM,MEDIUM,MEDIUM,5,COST_BASED,COST_BASED,false,false
1,baseline,1,2037,0.0,0.0,HYBRID_HEAT_PUMP,TOTAL,62870,739,157,64597,0.5766400319973369,0.5296073691802934,0.2593502790808421,801.0214328025771,0.5139298149079452,MEDIUM,MEDIUM,MEDIUM,5,COST_BASED,COST_BASED,false,false
1,baseline,1,2038,0.0,0.0,HYBRID_HEAT_PUMP,TOTAL,63389,637,118,65234,0.5319179989666304,0.4739613843517126,0.2422776899182874,907.9662054753029,0.45464251281340634,MEDIUM,MEDIUM,MEDIUM,5,COST_BASED,COST_BASED,false,false
1,baseline,1,2039,0.0,0.0,HYBRID_HEAT_PUMP,TOTAL,63634,304,59,65538,0.4411822892704533,0.3826690492045815,0.20655047274708468,766.1735970535312,0.36316463584929004,MEDIUM,MEDIUM,MEDIUM,5,COST_BASED,COST_BASED,false,false
1,baseline,1,2040,0.0,0.0,HYBRID_HEAT_PUMP,TOTAL,63645,8791,8780,74329,0.7137461147537506,0.7118060533364681,0.31413661011196886,1208.8477267103149,0.711159366197364,MEDIUM,MEDIUM,MEDIUM,5,COST_BASED,COST_BASED,false,false
1,baseline,1,2041,0.0,0.0,HYBRID_HEAT_PUMP,TOTAL,63823,3541,3363,77870,0.6478185426665857,0.6367673550729617,0.283376875605003,1092.7248557155815,0.6330836258750882,MEDIUM,MEDIUM,MEDIUM,5,COST_BASED,COST_BASED,false,false
1,baseline,1,2042,0.0,0.0,HYBRID_HEAT_PUMP,TOTAL,63796,5155,5182,83025,0.6872245216689662,0.6807009992916537,0.3065288566355722,1169.3898990723878,0.6785264918325495,MEDIUM,MEDIUM,MEDIUM,5,COST_BASED,COST_BASED,false,false
1,baseline,1,2043,0.0,0.0,HYBRID_HEAT_PUMP,TOTAL,63691,5400,5505,88425,0.631444217997605,0.6243409708879417,0.2778757335138186,1049.6343101031277,0.6219732218513873,MEDIUM,MEDIUM,MEDIUM,5,COST_BASED,COST_BASED,false,false
1,baseline,1,2044,0.0,0.0,HYBRID_HEAT_PUMP,TOTAL,63975,4108,3824,92533,0.615230044069089,0.6131254645749865,0.2658290589395408,1018.1025307156661,0.6124239380769536,MEDIUM,MEDIUM,MEDIUM,5,COST_BASED,COST_BASED,false,false
1,baseline,1,2045,0.0,0.0,HYBRID_HEAT_PUMP,TOTAL,64036,5480,5419,98013,0.6393071257074506,0.6239134738096924,0.2805174216275706,1061.0546907266973,0.6187822565104382,MEDIUM,MEDIUM,MEDIUM,5,COST_BASED,COST_BASED,false,false
1,baseline,1,2046,0.0,0.0,HYBRID_HEAT_PUMP,TOTAL,64164,5559,5431,103572,0.6384242564708031,0.6433469781807923,0.27990958393343607,1049.0812740738554,0.6449878854174639,MEDIUM,MEDIUM,MEDIUM,5,COST_BASED,COST_BASED,false,false
1,baseline,1,2047,0.0,0.0,HYBRID_HEAT_PUMP,TOTAL,63978,6495,6681,110067,0.6315929686800318,0.6180283499170804,0.278835876822038,1041.8613110610736,0.613506810329433,MEDIUM,MEDIUM,MEDIUM,5,COST_BASED,COST_BASED,false,false
1,baseline,1,2048,0.0,0.0,HYBRID_HEAT_PUMP,TOTAL,64086,4386,4278,114453,0.57056805648924,0.5608140327100996,0.24445960522164953,916.9424137730302,0.5575626914503855,MEDIUM,MEDIUM,MEDIUM,5,COST_BASED,COST_BASED,false,false
1,baseline,1,2049,0.0,0.0,HYBRID_HEAT_PUMP,TOTAL,64396,4865,4555,119318,0.5960519866173007,0.5864121636026579,0.25719773565113785,921.7692162952818,0.5831988892644427,MEDIUM,MEDIUM,MEDIUM,5,COST_BASED,COST_BASED,false,false
1,baseline,1,2050,0.0,0.0,HYBRID_HEAT_PUMP,TOTAL,64501,4525,4420,123843,0.561018102407968,0.5500646285241094,0.24686958120818567,890.7981919059137,0.546413470562826,MEDIUM,MEDIUM,MEDIUM,5,COST_BASED,COST_BASED,false,false
1,baseline,1,2024,0.0,0.0,HYBRID_HEAT_PUMP,PRIVATELY_OWNED,1559,1559,0,1559,0.0,0.0,0.0,0.0,0.0,MEDIUM,MEDIUM,MEDIUM,5,COST_BASED,COST_BASED,false,false
1,baseline,1,2025,0.0,0.0,HYBRID_HEAT_PUMP,PRIVATELY_OWNED,9802,8423,180,9982,0.7651134576696369,0.7210096704582586,0.03704400356459165,1771.279969402251,0.7063084080544849,MEDIUM,MEDIUM,MEDIUM,5,COST_BASED,COST_BASED,false,false
1,baseline,1,2026,0.0,0.0,HYBRID_HEAT_PUMP,PRIVATELY_OWNED,12650,2950,102,12932,0.7649888007242643,0.6825539435853542,0.07320071109474473,1706.4542682926829,0.6550756578723845,MEDIUM,MEDIUM,MEDIUM,5,COST_BASED,COST_BASED,false,false
1,baseline,1,2027,0.0,0.0,HYBRID_HEAT_PUMP,PRIVATELY_OWNED,17336,4788,102,17720,0.7658846086775053,0.7078113272368101,0.09770778097124883,1705.1211246625082,0.6884535667565751,MEDIUM,MEDIUM,MEDIUM,5,COST_BASED,COST_BASED,false,false
1,baseline,1,2028,0.0,0.0,HYBRID_HEAT_PUMP,PRIVATELY_OWNED,21927,4698,107,22418,0.7653102615187714,0.7064410448294964,0.12797901116024707,1660.5743054931224,0.68681797259974,MEDIUM,MEDIUM,MEDIUM,5,COST_BASED,COST_BASED,false,false
1,baseline,1,2029,0.0,0.0,HYBRID_HEAT_PUMP,PRIVATELY_OWNED,25024,3179,82,25597,0.7642685675778592,0.6897492240418962,0.152513677313945,1647.6819443201146,0.6649094428632472,MEDIUM,MEDIUM,MEDIUM,5,COST_BASED,COST_BASED,false,false
1,baseline,1,2030,0.0,0.0,HYBRID_HEAT_PUMP,PRIVATELY_OWNED,29631,4685,78,30282,0.7647124032593502,0.6927671174431457,0.17578139180482438,1619.6038895436943,0.66878535550441,MEDIUM,MEDIUM,MEDIUM,5,COST_BASED,COST_BASED,false,false
1,baseline,1,2031,0.0,0.0,HYBRID_HEAT_PUMP,PRIVATELY_OWNED,34199,4668,100,34950,0.764626103624869,0.7118465164173812,0.20794661765425593,1590.82322386059,0.69425332068155,MEDIUM,MEDIUM,MEDIUM,5,COST_BASED,COST_BASED,false,false
1,baseline,1,2032,0.0,0.0,HYBRID_HEAT_PUMP,PRIVATELY_OWNED,39804,5707,102,40657,0.7652546851342611,0.7155866238712848,0.24080667221038624,1589.2973062577705,0.6990306034502963,MEDIUM,MEDIUM,MEDIUM,5,COST_BASED,COST_BASED,false,false
1,baseline,1,2033,0.0,0.0,HYBRID_HEAT_PUMP,PRIVATELY_OWNED,43003,3317,118,43974,0.7650717196945848,0.7040231428218755,0.2677960158696313,1570.408278536503,0.6836736171976354,MEDIUM,MEDIUM,MEDIUM,5,COST_BASED,COST_BASED,false,false
1,baseline,1,2034,0.0,0.0,HYBRID_HEAT_PUMP,PRIVATELY_OWNED,46533,3640,110,47614,0.7657396959697103,0.6841560427394761,0.2928719606016507,1489.8372752368873,0.6569614916627333,MEDIUM,MEDIUM,MEDIUM,5,COST_BASED,COST_BASED,false,false
1,baseline,1,2035,0.0,0.0,HYBRID_HEAT_PUMP,PRIVATELY_OWNED,49787,3354,100,50968,0.76395823553817,0.7023980300108692,0.312944343319384,1536.325332881011,0.6818779615017705,MEDIUM,MEDIUM,MEDIUM,5,COST_BASED,COST_BASED,false,false
1,baseline,1,2036,0.0,0.0,HYBRID_HEAT_PUMP,PRIVATELY_OWNED,53194,3498,91,54466,0.7635214216241398,0.7133032570485052,0.3333613624812583,1484.4572796464522,0.6965638688566259,MEDIUM,MEDIUM,MEDIUM,5,COST_BASED,COST_BASED,false,false
1,baseline,1,2037,0.0,0.0,HYBRID_HEAT_PUMP,PRIVATELY_OWNED,53618,557,133,55023,0.7650574212675619,0.7026568147652367,0.3440930991754799,1062.7555454956994,0.6818566125977945,MEDIUM,MEDIUM,MEDIUM,5,COST_BASED,COST_BASED,false,false
1,baseline,1,2038,0.0,0.0,HYBRID_HEAT_PUMP,PRIVATELY_OWNED,53956,439,101,55462,0.7718263447420126,0.6877298447199109,0.35155099881081797,1317.4817150063052,0.6596976780458766,MEDIUM,MEDIUM,MEDIUM,5,COST_BASED,COST_BASED,false,false
1,baseline,1,2039,0.0,0.0,HYBRID_HEAT_PUMP,PRIVATELY_OWNED,54078,175,53,55637,0.7663966625041017,0.6647508054753872,0.3588076783720785,1330.9529914529915,0.630868853132481,MEDIUM,MEDIUM,MEDIUM,5,COST_BASED,COST_BASED,false,false
1,baseline,1,2040,0.0,0.0,HYBRID_HEAT_PUMP,PRIVATELY_OWNED,54038,8383,8423,64020,0.7484840862221427,0.746449602156852,0.32942561606755555,1267.6822576059142,0.7457714408017448,MEDIUM,MEDIUM,MEDIUM,5,COST_BASED,COST_BASED,false,false
1,baseline,1,2041,0.0,0.0,HYBRID_HEAT_PUMP,PRIVATELY_OWNED,54169,3081,2950,67101,0.7445392598449789,0.7318381059115084,0.3256856593694631,1255.8710529337468,0.7276043879336862,MEDIUM,MEDIUM,MEDIUM,5,COST_BASED,COST_BASED,false,false
1,baseline,1,2042,0.0,0.0,HYBRID_HEAT_PUMP,PRIVATELY_OWNED,54103,4722,4788,71823,0.750241933334079,0.7431202141779913,0.334637072417699,1276.6211202283268,0.7407463077926287,MEDIUM,MEDIUM,MEDIUM,5,COST_BASED,COST_BASED,false,false
1,baseline,1,2043,0.0,0.0,HYBRID_HEAT_PUMP,PRIVATELY_OWNED,53958,4553,4698,76376,0.7489125361711106,0.7404878635613629,0.3295692863989942,1244.8990280160092,0.7376796393581135,MEDIUM,MEDIUM,MEDIUM,5,COST_BASED,COST_BASED,false,false
1,baseline,1,2044,0.0,0.0,HYBRID_HEAT_PUMP,PRIVATELY_OWNED,54189,3410,3179,79786,0.741162762767102,0.7386273925143826,0.32024216249959925,1226.500057530779,0.737782269096811,MEDIUM,MEDIUM,MEDIUM,5,COST_BASED,COST_BASED,false,false
1,baseline,1,2045,0.0,0.0,HYBRID_HEAT_PUMP,PRIVATELY_OWNED,54189,4685,4685,84471,0.747791472545748,0.7297856641359902,0.32811856361133124,1241.1055934220492,0.7237837279994026,MEDIUM,MEDIUM,MEDIUM,5,COST_BASED,COST_BASED,false,false
1,baseline,1,2046,0.0,0.0,HYBRID_HEAT_PUMP,PRIVATELY_OWNED,54276,4755,4668,89226,0.7463723326437844,0.7521274136082071,0.32723814449757543,1226.4653633178891,0.7540457739296912,MEDIUM,MEDIUM,MEDIUM,5,COST_BASED,COST_BASED,false,false
1,baseline,1,2047,0.0,0.0,HYBRID_HEAT_PUMP,PRIVATELY_OWNED,54034,5465,5707,94691,0.7506306187697723,0.7345094478886436,0.33138865872994266,1238.2230952134807,0.7291357242616042,MEDIUM,MEDIUM,MEDIUM,5,COST_BASED,COST_BASED,false,false
1,baseline,1,2048,0.0,0.0,HYBRID_HEAT_PUMP,PRIVATELY_OWNED,54089,3372,3317,98063,0.7421445716968584,0.7294573984182968,0.3179714793897256,1192.6777659574468,0.7252283406587755,MEDIUM,MEDIUM,MEDIUM,5,COST_BASED,COST_BASED,false,false
1,baseline,1,2049,0.0,0.0,HYBRID_HEAT_PUMP,PRIVATELY_OWNED,54367,3918,3640,101981,0.740120703137613,0.7281508871686908,0.3193637018741158,1144.565400019537,0.7241609485123824,MEDIUM,MEDIUM,MEDIUM,5,COST_BASED,COST_BASED,false,false
1,baseline,1,2050,0.0,0.0,HYBRID_HEAT_PUMP,PRIVATELY_OWNED,54423,3410,3354,105391,0.7444595053947376,0.7299244704022273,0.32759086655924935,1182.070914479255,0.7250794587380608,MEDIUM,MEDIUM,MEDIUM,5,COST_BASED,COST_BASED,false,false
1,baseline,1,2024,0.0,0.0,HYBRID_HEAT_PUMP,SOCIAL_HOUSING,0,0,0,0,0.0,0.0,0.0,0.0,0.0,MEDIUM,MEDIUM,MEDIUM,5,COST_BASED,COST_BASED,false,false
1,baseline,1,2025,0.0,0.0,HYBRID_HEAT_PUMP,SOCIAL_HOUSING,0,0,0,0,0.0,0.0,0.0,0.0,0.0,MEDIUM,MEDIUM,MEDIUM,5,COST_BASED,COST_BASED,false,false
1,baseline,1,2026,0.0,0.0,HYBRID_HEAT_PUMP,SOCIAL_HOUSING,0,0,0,0,0.0,0.0,0.0,0.0,0.0,MEDIUM,MEDIUM,MEDIUM,5,COST_BASED,COST_BASED,false,false
1,baseline,1,2027,0.0,0.0,HYBRID_HEAT_PUMP,SOCIAL_HOUSING,0,0,0,0,0.0,0.0,0.0,0.0,0.0,MEDIUM,MEDIUM,MEDIUM,5,COST_BASED,COST_BASED,false,false
1,baseline,1,2028,0.0,0.0,HYBRID_HEAT_PUMP,SOCIAL_HOUSING,0,0,0,0,0.0,0.0,0.0,0.0,0.0,MEDIUM,MEDIUM,MEDIUM,5,COST_BASED,COST_BASED,false,false
1,baseline,1,2029,0.0,0.0,HYBRID_HEAT_PUMP,SOCIAL_HOUSING,0,0,0,0,0.0,0.0,0.0,0.0,0.0,MEDIUM,MEDIUM,MEDIUM,5,COST_BASED,COST_BASED,false,false
1,baseline,1,2030,0.0,0.0,HYBRID_HEAT_PUMP,SOCIAL_HOUSING,0,0,0,0,0.0,0.0,0.0,0.0,0.0,MEDIUM,MEDIUM,MEDIUM,5,COST_BASED,COST_BASED,false,false
1,baseline,1,2031,0.0,0.0,HYBRID_HEAT_PUMP,SOCIAL_HOUSING,0,0,0,0,0.0,0.0,0.0,0.0,0.0,MEDIUM,MEDIUM,MEDIUM,5,COST_BASED,COST_BASED,false,false
1,baseline,1,2032,0.0,0.0,HYBRID_HEAT_PUMP,SOCIAL_HOUSING,0,0,0,0,0.0,0.0,0.0,0.0,0.0,MEDIUM,MEDIUM,MEDIUM,5,COST_BASED,COST_BASED,false,false
1,baseline,1,2033,0.0,0.0,HYBRID_HEAT_PUMP,SOCIAL_HOUSING,0,0,0,0,0.0,0.0,0.0,0.0,0.0,MEDIUM,MEDIUM,MEDIUM,5,COST_BASED,COST_BASED,false,false
1,baseline,1,2034,0.0,0.0,HYBRID_HEAT_PUMP,SOCIAL_HOUSING,0,0,0,0,0.0,0.0,0.0,0.0,0.0,MEDIUM,MEDIUM,MEDIUM,5,COST_BASED,COST_BASED,false,false
1,baseline,1,2035,0.0,0.0,HYBRID_HEAT_PUMP,SOCIAL_HOUSING,0,0,0,0,0.0,0.0,0.0,0.0,0.0,MEDIUM,MEDIUM,MEDIUM,5,COST_BASED,COST_BASED,false,false
1,baseline,1,2036,0.0,0.0,HYBRID_HEAT_PUMP,SOCIAL_HOUSING,0,0,0,0,0.0,0.0,0.0,0.0,0.0,MEDIUM,MEDIUM,MEDIUM,5,COST_BASED,COST_BASED,false,false
1,baseline,1,2037,0.0,0.0,HYBRID_HEAT_PUMP,SOCIAL_HOUSING,0,0,0,0,0.0,0.0,0.0,0.0,0.0,MEDIUM,MEDIUM,MEDIUM,5,COST_BASED,COST_BASED,false,false
1,baseline,1,2038,0.0,0.0,HYBRID_HEAT_PUMP,SOCIAL_HOUSING,0,0,0,0,0.0,0.0,0.0,0.0,0.0,MEDIUM,MEDIUM,MEDIUM,5,COST_BASED,COST_BASED,false,false
1,baseline,1,2039,0.0,0.0,HYBRID_HEAT_PUMP,SOCIAL_HOUSING,0,0,0,0,0.0,0.0,0.0,0.0,0.0,MEDIUM,MEDIUM,MEDIUM,5,COST_BASED,COST_BASED,false,false
1,baseline,1,2040,0.0,0.0,HYBRID_HEAT_PUMP,SOCIAL_HOUSING,0,0,0,0,0.0,0.0,0.0,0.0,0.0,MEDIUM,MEDIUM,MEDIUM,5,COST_BASED,COST_BASED,false,false
1,baseline,1,2041,0.0,0.0,HYBRID_HEAT_PUMP,SOCIAL_HOUSING,0,0,0,0,0.0,0.0,0.0,0.0,0.0,MEDIUM,MEDIUM,MEDIUM,5,COST_BASED,COST_BASED,false,false
1,baseline,1,2042,0.0,0.0,HYBRID_HEAT_PUMP,SOCIAL_HOUSING,0,0,0,0,0.0,0.0,0.0,0.0,0.0,MEDIUM,MEDIUM,MEDIUM,5,COST_BASED,COST_BASED,false,false
1,baseline,1,2043,0.0,0.0,HYBRID_HEAT_PUMP,SOCIAL_HOUSING,0,0,0,0,0.0,0.0,0.0,0.0,0.0,MEDIUM,MEDIUM,MEDIUM,5,COST_BASED,COST_BASED,false,false
1,baseline,1,2044,0.0,0.0,HYBRID_HEAT_PUMP,SOCIAL_HOUSING,0,0,0,0,0.0,0.0,0.0,0.0,0.0,MEDIUM,MEDIUM,MEDIUM,5,COST_BASED,COST_BASED,false,false
1,baseline,1,2045,0.0,0.0,HYBRID_HEAT_PUMP,SOCIAL_HOUSING,0,0,0,0,0.0,0.0,0.0,0.0,0.0,MEDIUM,MEDIUM,MEDIUM,5,COST_BASED,COST_BASED,false,false
1,baseline,1,2046,0.0,0.0,HYBRID_HEAT_PUMP,SOCIAL_HOUSING,0,0,0,0,0.0,0.0,0.0,0.0,0.0,MEDIUM,MEDIUM,MEDIUM,5,COST_BASED,COST_BASED,false,false
1,baseline,1,2047,0.0,0.0,HYBRID_HEAT_PUMP,SOCIAL_HOUSING,0,0,0,0,0.0,0.0,0.0,0.0,0.0,MEDIUM,MEDIUM,MEDIUM,5,COST_BASED,COST_BASED,false,false
1,baseline,1,2048,0.0,0.0,HYBRID_HEAT_PUMP,SOCIAL_HOUSING,0,0,0,0,0.0,0.0,0.0,0.0,0.0,MEDIUM,MEDIUM,MEDIUM,5,COST_BASED,COST_BASED,false,false
1,baseline,1,2049,0.0,0.0,HYBRID_HEAT_PUMP,SOCIAL_HOUSING,0,0,0,0,0.0,0.0,0.0,0.0,0.0,MEDIUM,MEDIUM,MEDIUM,5,COST_BASED,COST_BASED,false,false
1,baseline,1,2050,0.0,0.0,HYBRID_HEAT_PUMP,SOCIAL_HOUSING,0,0,0,0,0.0,0.0,0.0,0.0,0.0,MEDIUM,MEDIUM,MEDIUM,5,COST_BASED,COST_BASED,false,false
1,baseline,1,2024,0.0,0.0,HYBRID_HEAT_PUMP,PRIVATELY_RENTED,345,345,0,345,0.0,0.0,0.0,0.0,0.0,MEDIUM,MEDIUM,MEDIUM,5,COST_BASED,COST_BASED,false,false
1,baseline,1,2025,0.0,0.0,HYBRID_HEAT_PUMP,PRIVATELY_RENTED,662,357,40,702,0.0,0.0,0.0,0.0,0.0,MEDIUM,MEDIUM,MEDIUM,5,COST_BASED,COST_BASED,false,false
1,baseline,1,2026,0.0,0.0,HYBRID_HEAT_PUMP,PRIVATELY_RENTED,1047,413,28,1115,0.0,0.0,0.0,0.0,0.0,MEDIUM,MEDIUM,MEDIUM,5,COST_BASED,COST_BASED,false,false
1,baseline,1,2027,0.0,0.0,HYBRID_HEAT_PUMP,PRIVATELY_RENTED,1416,394,25,1509,0.0,0.0,0.0,0.0,0.0,MEDIUM,MEDIUM,MEDIUM,5,COST_BASED,COST_BASED,false,false
1,baseline,1,2028,0.0,0.0,HYBRID_HEAT_PUMP,PRIVATELY_RENTED,2198,807,25,2316,0.0,0.0,0.0,0.0,0.0,MEDIUM,MEDIUM,MEDIUM,5,COST_BASED,COST_BASED,false,false
1,baseline,1,2029,0.0,0.0,HYBRID_HEAT_PUMP,PRIVATELY_RENTED,2828,645,15,2961,0.0,0.0,0.0,0.0,0.0,MEDIUM,MEDIUM,MEDIUM,5,COST_BASED,COST_BASED,false,false
1,baseline,1,2030,0.0,0.0,HYBRID_HEAT_PUMP,PRIVATELY_RENTED,3535,734,27,3695,0.0,0.0,0.0,0.0,0.0,MEDIUM,MEDIUM,MEDIUM,5,COST_BASED,COST_BASED,false,false
1,baseline,1,2031,0.0,0.0,HYBRID_HEAT_PUMP,PRIVATELY_RENTED,4279,763,19,4458,0.0,0.0,0.0,0.0,0.0,MEDIUM,MEDIUM,MEDIUM,5,COST_BASED,COST_BASED,false,false
1,baseline,1,2032,0.0,0.0,HYBRID_HEAT_PUMP,PRIVATELY_RENTED,5222,974,31,5432,0.0,0.0,0.0,0.0,0.0,MEDIUM,MEDIUM,MEDIUM,5,COST_BASED,COST_BASED,false,false
1,baseline,1,2033,0.0,0.0,HYBRID_HEAT_PUMP,PRIVATELY_RENTED,6162,961,21,6393,0.0,0.0,0.0,0.0,0.0,MEDIUM,MEDIUM,MEDIUM,5,COST_BASED,COST_BASED,false,false
1,baseline,1,2034,0.0,0.0,HYBRID_HEAT_PUMP,PRIVATELY_RENTED,7054,915,23,7308,0.0,0.0,0.0,0.0,0.0,MEDIUM,MEDIUM,MEDIUM,5,COST_BASED,COST_BASED,false,false
1,baseline,1,2035,0.0,0.0,HYBRID_HEAT_PUMP,PRIVATELY_RENTED,8094,1066,26,8374,0.0,0.0,0.0,0.0,0.0,MEDIUM,MEDIUM,MEDIUM,5,COST_BASED,COST_BASED,false,false
1,baseline,1,2036,0.0,0.0,HYBRID_HEAT_PUMP,PRIVATELY_RENTED,9094,1018,18,9392,0.0,0.0,0.0,0.0,0.0,MEDIUM,MEDIUM,MEDIUM,5,COST_BASED,COST_BASED,false,false
1,baseline,1,2037,0.0,0.0,HYBRID_HEAT_PUMP,PRIVATELY_RENTED,9252,182,24,9574,0.0,0.0,0.0,0.0,0.0,MEDIUM,MEDIUM,MEDIUM,5,COST_BASED,COST_BASED,false,false
1,baseline,1,2038,0.0,0.0,HYBRID_HEAT_PUMP,PRIVATELY_RENTED,9433,198,17,9772,0.0,0.0,0.0,0.0,0.0,MEDIUM,MEDIUM,MEDIUM,5,COST_BASED,COST_BASED,false,false
1,baseline,1,2039,0.0,0.0,HYBRID_HEAT_PUMP,PRIVATELY_RENTED,9556,129,6,9901,0.0,0.0,0.0,0.0,0.0,MEDIUM,MEDIUM,MEDIUM,5,COST_BASED,COST_BASED,false,false
1,baseline,1,2040,0.0,0.0,HYBRID_HEAT_PUMP,PRIVATELY_RENTED,9607,408,357,10309,0.0,0.0,0.0,0.0,0.0,MEDIUM,MEDIUM,MEDIUM,5,COST_BASED,COST_BASED,false,false
1,baseline,1,2041,0.0,0.0,HYBRID_HEAT_PUMP,PRIVATELY_RENTED,9654,460,413,10769,0.0,0.0,0.0,0.0,0.0,MEDIUM,MEDIUM,MEDIUM,5,COST_BASED,COST_BASED,false,false
1,baseline,1,2042,0.0,0.0,HYBRID_HEAT_PUMP,PRIVATELY_RENTED,9693,433,394,11202,0.0,0.0,0.0,0.0,0.0,MEDIUM,MEDIUM,MEDIUM,5,COST_BASED,COST_BASED,false,false
1,baseline,1,2043,0.0,0.0,HYBRID_HEAT_PUMP,PRIVATELY_RENTED,9733,847,807,12049,0.0,0.0,0.0,0.0,0.0,MEDIUM,MEDIUM,MEDIUM,5,COST_BASED,COST_BASED,false,false
1,baseline,1,2044,0.0,0.0,HYBRID_HEAT_PUMP,PRIVATELY_RENTED,9786,698,645,12747,0.0,0.0,0.0,0.0,0.0,MEDIUM,MEDIUM,MEDIUM,5,COST_BASED,COST_BASED,false,false
1,baseline,1,2045,0.0,0.0,HYBRID_HEAT_PUMP,PRIVATELY_RENTED,9847,795,734,13542,0.0,0.0,0.0,0.0,0.0,MEDIUM,MEDIUM,MEDIUM,5,COST_BASED,COST_BASED,false,false
1,baseline,1,2046,0.0,0.0,HYBRID_HEAT_PUMP,PRIVATELY_RENTED,9888,804,763,14346,0.0,0.0,0.0,0.0,0.0,MEDIUM,MEDIUM,MEDIUM,5,COST_BASED,COST_BASED,false,false
1,baseline,1,2047,0.0,0.0,HYBRID_HEAT_PUMP,PRIVATELY_RENTED,9944,1030,974,15376,0.0,0.0,0.0,0.0,0.0,MEDIUM,MEDIUM,MEDIUM,5,COST_BASED,COST_BASED,false,false
1,baseline,1,2048,0.0,0.0,HYBRID_HEAT_PUMP,PRIVATELY_RENTED,9997,1014,961,16390,0.0,0.0,0.0,0.0,0.0,MEDIUM,MEDIUM,MEDIUM,5,COST_BASED,COST_BASED,false,false
1,baseline,1,2049,0.0,0.0,HYBRID_HEAT_PUMP,PRIVATELY_RENTED,10029,947,915,17337,0.0,0.0,0.0,0.0,0.0,MEDIUM,MEDIUM,MEDIUM,5,COST_BASED,COST_BASED,false,false
1,baseline,1,2050,0.0,0.0,HYBRID_HEAT_PUMP,PRIVATELY_RENTED,10078,1115,1066,18452,0.0,0.0,0.0,0.0,0.0,MEDIUM,MEDIUM,MEDIUM,5,COST_BASED,COST_BASED,false,false
