scenario,scenario_name,iteration,year,nbh_in_grid_congestion_perc,nbh_with_dh_perc,heating_system,ownership,installed_current,installed_annually,removed_annually,installed_cumulative,avg_att,avg_util,avg_sub_norm,avg_eac,avg_pbc,SLF,ELF,GRR,DHCT,DHES,SHAES,DHCO,GCHPB
1,baseline,1,2024,0.0,0.0,NATURAL_GAS_BOILER,TOTAL,211360,211360,0,211360,0.0,0.0,0.0,0.0,0.0,MEDIUM,MEDIUM,MEDIUM,5,COST_BASED,COST_BASED,false,false
1,baseline,1,2025,0.0,0.0,NATURAL_GAS_BOILER,TOTAL,198222,11370,24508,222730,0.007951927647974097,0.017087324892263396,0.018811824889559924,41.26747988931076,0.020132457307026733,MEDIUM,MEDIUM,MEDIUM,5,COST_BASED,COST_BASED,false,false
1,baseline,1,2026,0.0,0.0,NATURAL_GAS_BOILER,TOTAL,190803,15490,22909,238220,0.0028308800213010976,0.006057323376328952,0.005949427114012689,14.820208422712398,0.007132804494671558,MEDIUM,MEDIUM,MEDIUM,5,COST_BASED,COST_BASED,false,false
1,baseline,1,2027,0.0,0.0,NATURAL_GAS_BOILER,TOTAL,184963,23796,29636,262016,0.0011554698999208855,0.0024888487157943627,0.0022168996553215653,6.114551855970229,0.0029333083210855274,MEDIUM,MEDIUM,MEDIUM,5,COST_BASED,COST_BASED,false,false
1,baseline,1,2028,0.0,0.0,NATURAL_GAS_BOILER,TOTAL,176535,24248,32676,286264,0.0015288579543879873,0.003293071020775415,0.002628625362705588,7.9823944808370335,0.003881142042904563,MEDIUM,MEDIUM,MEDIUM,5,COST_BASED,COST_BASED,false,false
1,baseline,1,2029,0.0,0.0,NATURAL_GAS_BOILER,TOTAL,170453,32703,38785,318967,0.0013893149583577076,0.003007594489786042,0.002094944620511626,7.216000665455152,0.0035470210002621636,MEDIUM,MEDIUM,MEDIUM,5,COST_BASED,COST_BASED,false,false
1,baseline,1,2030,0.0,0.0,NATURAL_GAS_BOILER,TOTAL,163125,40506,47834,359473,0.0014361373942678862,0.003084553831139476,0.0018734149341978448,7.419257848342225,0.0036340259767633316,MEDIUM,MEDIUM,MEDIUM,5,COST_BASED,COST_BASED,false,false
1,baseline,1,2031,0.0,0.0,NATURAL_GAS_BOILER,TOTAL,154187,44463,53401,403936,8.288294600205871E-4,0.001818977743149767,9.328662485205313E-4,4.347172921938332,0.002149027170859503,MEDIUM,MEDIUM,MEDIUM,5,COST_BASED,COST_BASED,false,false
1,baseline,1,2032,0.0,0.0,NATURAL_GAS_BOILER,TOTAL,147711,57763,64239,461699,0.0011352900363108189,0.002487560793267249,0.0010357098913190152,5.8335971858809765,0.0029383177122527175,MEDIUM,MEDIUM,MEDIUM,5,COST_BASED,COST_BASED,false,false
1,baseline,1,2033,0.0,0.0,NATURAL_GAS_BOILER,TOTAL,139441,63909,72179,525608,5.017761892225887E-4,0.0010597384482330168,3.581372513951197E-4,2.585831841134178,0.001245725867903163,MEDIUM,MEDIUM,MEDIUM,5,COST_BASED,COST_BASED,false,false
1,baseline,1,2034,0.0,0.0,NATURAL_GAS_BOILER,TOTAL,128927,70044,80558,595652,8.869745302620825E-4,0.001891720410893834,4.38897945498486E-4,4.33541834512777,0.002226635704437751,MEDIUM,MEDIUM,MEDIUM,5,COST_BASED,COST_BASED,false,false
1,baseline,1,2035,0.0,0.0,NATURAL_GAS_BOILER,TOTAL,120386,77746,86287,673398,0.0010222301942140197,0.0022401944540923037,2.863312772070721E-4,5.1729211798911,0.002646182540718414,MEDIUM,MEDIUM,MEDIUM,5,COST_BASED,COST_BASED,false,false
1,baseline,1,2036,0.0,0.0,NATURAL_GAS_BOILER,TOTAL,114315,79339,85410,752737,4.7309231449831014E-4,0.0010178288545565732,5.5222320071406385E-5,2.4650146574749825,0.001199407701242652,MEDIUM,MEDIUM,MEDIUM,5,COST_BASED,COST_BASED,false,false
1,baseline,1,2037,0.0,0.0,NATURAL_GAS_BOILER,TOTAL,114315,83457,83457,836194,9.915711551367079E-4,0.001717946507275276,1.3957364793585722E-4,3.6775293975850567,0.0019600716246547956,MEDIUM,MEDIUM,MEDIUM,5,COST_BASED,COST_BASED,false,false
1,baseline,1,2038,0.0,0.0,NATURAL_GAS_BOILER,TOTAL,115357,82063,81021,918257,5.798416761229016E-4,0.0010097503819785712,7.021751639041046E-5,2.3887737165348573,0.001153053283930461,MEDIUM,MEDIUM,MEDIUM,5,COST_BASED,COST_BASED,false,false
1,baseline,1,2039,0.0,0.0,NATURAL_GAS_BOILER,TOTAL,115565,81857,81649,1000114,3.502073348386485E-4,6.262227406078153E-4,4.5859986867326176E-5,1.4666652095600488,7.182278758642046E-4,MEDIUM,MEDIUM,MEDIUM,5,COST_BASED,COST_BASED,false,false
1,baseline,1,2040,0.0,0.0,NATURAL_GAS_BOILER,TOTAL,115698,81730,81597,1081844,3.871568213917367E-4,8.74967326829294E-4,1.4483008085882385E-5,2.3095524825659073,0.001037570828641815,MEDIUM,MEDIUM,MEDIUM,5,COST_BASED,COST_BASED,false,false
1,baseline,1,2041,0.0,0.0,NATURAL_GAS_BOILER,TOTAL,116911,82935,81722,1164779,4.2070649565252105E-4,9.060676348123231E-4,2.086201929401276E-5,2.4139967482715274,0.0010678546811989304,MEDIUM,MEDIUM,MEDIUM,5,COST_BASED,COST_BASED,false,false
1,baseline,1,2042,0.0,0.0,NATURAL_GAS_BOILER,TOTAL,117554,83672,83029,1248451,3.1856404031754246E-4,6.659564107643894E-4,1.829095683692049E-5,1.7998035018718277,7.817538675800024E-4,MEDIUM,MEDIUM,MEDIUM,5,COST_BASED,COST_BASED,false,false
1,baseline,1,2043,0.0,0.0,NATURAL_GAS_BOILER,TOTAL,117701,83625,83478,1332076,3.903818934913763E-4,8.54469958258854E-4,1.713699523042486E-5,2.220522213931689,0.0010091659798480094,MEDIUM,MEDIUM,MEDIUM,5,COST_BASED,COST_BASED,false,false
1,baseline,1,2044,0.0,0.0,NATURAL_GAS_BOILER,TOTAL,117728,83911,83884,1415987,6.496665819538381E-4,0.0014257260216080981,3.334277341627856E-5,3.664368724751347,0.001684412501492853,MEDIUM,MEDIUM,MEDIUM,5,COST_BASED,COST_BASED,false,false
1,baseline,1,2045,0.0,0.0,NATURAL_GAS_BOILER,TOTAL,117790,83423,83361,1499410,3.19527720452075E-4,7.269886450833011E-4,1.1736481249147826E-5,1.8971073149926736,8.628089532937137E-4,MEDIUM,MEDIUM,MEDIUM,5,COST_BASED,COST_BASED,false,false
1,baseline,1,2046,0.0,0.0,NATURAL_GAS_BOILER,TOTAL,117744,83085,83131,1582495,3.76745992106429E-4,8.319300810806471E-4,1.9090191624048835E-5,2.1779206698412827,9.836581107387217E-4,MEDIUM,MEDIUM,MEDIUM,5,COST_BASED,COST_BASED,false,false
1,baseline,1,2047,0.0,0.0,NATURAL_GAS_BOILER,TOTAL,118129,83575,83190,1666070,6.31909846948698E-4,0.001395053771526517,2.669244676683526E-5,3.4971744040008366,0.0016494350797191162,MEDIUM,MEDIUM,MEDIUM,5,COST_BASED,COST_BASED,false,false
1,baseline,1,2048,0.0,0.0,NATURAL_GAS_BOILER,TOTAL,118233,82545,82441,1748615,3.439708333558952E-4,7.316107141238587E-4,1.340970377658118E-5,1.945125714370048,8.608240077131876E-4,MEDIUM,MEDIUM,MEDIUM,5,COST_BASED,COST_BASED,false,false
1,baseline,1,2049,0.0,0.0,NATURAL_GAS_BOILER,TOTAL,118278,86604,86559,1835219,6.092912606807287E-4,0.001338559909603071,2.433025984889031E-5,3.3325049820936217,0.0015816494592438618,MEDIUM,MEDIUM,MEDIUM,5,COST_BASED,COST_BASED,false,false
1,baseline,1,2050,0.0,0.0,NATURAL_GAS_BOILER,TOTAL,118394,84420,84304,1919639,4.2523376501864914E-4,9.721932426698201E-4,1.3732487624320942E-5,2.3876898730001637,0.0011545130685535433,MEDIUM,MEDIUM,MEDIUM,5,COST_BASED,COST_BASED,false,false
1,baseline,1,2024,0.0,0.0,NATURAL_GAS_BOILER,PRIVATELY_OWNED,111369,111369,0,111369,0.0,0.0,0.0,0.0,0.0,MEDIUM,MEDIUM,MEDIUM,5,COST_BASED,COST_BASED,false,false
1,baseline,1,2025,0.0,0.0,NATURAL_GAS_BOILER,PRIVATELY_OWNED,96761,315,14923,111684,0.28702672176973165,0.616771060396936,0.6790172983945916,1489.559512195122,0.726685839939346,MEDIUM,MEDIUM,MEDIUM,5,COST_BASED,COST_BASED,false,false
1,baseline,1,2026,0.0,0.0,NATURAL_GAS_BOILER,PRIVATELY_OWNED,88014,153,8900,111837,0.28660347405198694,0.6132545039172252,0.6023308888631148,1500.4250226654578,0.7221381805389702,MEDIUM,MEDIUM,MEDIUM,5,COST_BASED,COST_BASED,false,false
1,baseline,1,2027,0.0,0.0,NATURAL_GAS_BOILER,PRIVATELY_OWNED,79376,97,8735,111934,0.28345939936615866,0.6105633406293057,0.5438489092580615,1500.019339841934,0.7195979877170229,MEDIUM,MEDIUM,MEDIUM,5,COST_BASED,COST_BASED,false,false
1,baseline,1,2028,0.0,0.0,NATURAL_GAS_BOILER,PRIVATELY_OWNED,70770,130,8736,112064,0.2851672898307686,0.6142337393212481,0.4902992907298854,1488.9007797795107,0.7239225558180756,MEDIUM,MEDIUM,MEDIUM,5,COST_BASED,COST_BASED,false,false
1,baseline,1,2029,0.0,0.0,NATURAL_GAS_BOILER,PRIVATELY_OWNED,62269,159,8660,112223,0.2857532520954221,0.6185997647765593,0.4308866284565516,1484.1815708325776,0.7295486023369405,MEDIUM,MEDIUM,MEDIUM,5,COST_BASED,COST_BASED,false,false
1,baseline,1,2030,0.0,0.0,NATURAL_GAS_BOILER,PRIVATELY_OWNED,53402,202,9069,112425,0.28798109550601486,0.6185293934858199,0.375666065963455,1487.744843588862,0.7287121594790867,MEDIUM,MEDIUM,MEDIUM,5,COST_BASED,COST_BASED,false,false
1,baseline,1,2031,0.0,0.0,NATURAL_GAS_BOILER,PRIVATELY_OWNED,44543,130,8989,112555,0.28347880216073357,0.6221323645666776,0.31906178467667984,1486.8334586780313,0.7350168853686622,MEDIUM,MEDIUM,MEDIUM,5,COST_BASED,COST_BASED,false,false
1,baseline,1,2032,0.0,0.0,NATURAL_GAS_BOILER,PRIVATELY_OWNED,35722,229,9050,112784,0.28636575706297746,0.6274627690021665,0.2612476438963331,1471.4675731355583,0.741161772981894,MEDIUM,MEDIUM,MEDIUM,5,COST_BASED,COST_BASED,false,false
1,baseline,1,2033,0.0,0.0,NATURAL_GAS_BOILER,PRIVATELY_OWNED,26934,112,8900,112896,0.286321557830593,0.6047037900725345,0.20435887142330986,1475.5172065628944,0.7108312008198504,MEDIUM,MEDIUM,MEDIUM,5,COST_BASED,COST_BASED,false,false
1,baseline,1,2034,0.0,0.0,NATURAL_GAS_BOILER,PRIVATELY_OWNED,16780,216,10370,113112,0.28762612961887646,0.6134428910215172,0.14232485043748125,1405.8798266950441,0.7220484781557307,MEDIUM,MEDIUM,MEDIUM,5,COST_BASED,COST_BASED,false,false
1,baseline,1,2035,0.0,0.0,NATURAL_GAS_BOILER,PRIVATELY_OWNED,7936,279,9123,113391,0.2848541529726279,0.6242514624654488,0.07978893002774562,1441.4836202573958,0.7373838989630603,MEDIUM,MEDIUM,MEDIUM,5,COST_BASED,COST_BASED,false,false
1,baseline,1,2036,0.0,0.0,NATURAL_GAS_BOILER,PRIVATELY_OWNED,2154,132,5914,113523,0.28435356924228355,0.6117691173610905,0.03319154281928266,1481.6045296167247,0.7209076334006876,MEDIUM,MEDIUM,MEDIUM,5,COST_BASED,COST_BASED,false,false
1,baseline,1,2037,0.0,0.0,NATURAL_GAS_BOILER,PRIVATELY_OWNED,2079,240,315,113763,0.34480647455935093,0.5973944235736363,0.048534991399095145,1278.8148788927335,0.681590406578397,MEDIUM,MEDIUM,MEDIUM,5,COST_BASED,COST_BASED,false,false
1,baseline,1,2038,0.0,0.0,NATURAL_GAS_BOILER,PRIVATELY_OWNED,2067,141,153,113904,0.33747196785584166,0.5876818836617552,0.04086709253578903,1390.283244680851,0.671085188930393,MEDIUM,MEDIUM,MEDIUM,5,COST_BASED,COST_BASED,false,false
1,baseline,1,2039,0.0,0.0,NATURAL_GAS_BOILER,PRIVATELY_OWNED,2055,85,97,113989,0.3372579036222029,0.6030672338580463,0.04416424641174963,1412.4331065759636,0.6916703439366612,MEDIUM,MEDIUM,MEDIUM,5,COST_BASED,COST_BASED,false,false
1,baseline,1,2040,0.0,0.0,NATURAL_GAS_BOILER,PRIVATELY_OWNED,2048,123,130,114112,0.25725469115728977,0.5813908912338065,0.00962354675495258,1534.6319056919642,0.6894362912593133,MEDIUM,MEDIUM,MEDIUM,5,COST_BASED,COST_BASED,false,false
1,baseline,1,2041,0.0,0.0,NATURAL_GAS_BOILER,PRIVATELY_OWNED,2018,129,159,114241,0.2704751412166034,0.5825172038229459,0.013412337753092621,1551.9753513015435,0.6865312246917309,MEDIUM,MEDIUM,MEDIUM,5,COST_BASED,COST_BASED,false,false
1,baseline,1,2042,0.0,0.0,NATURAL_GAS_BOILER,PRIVATELY_OWNED,1912,96,202,114337,0.27765510814009803,0.5804365083487291,0.015942093129779285,1568.6787355064537,0.6813636417516037,MEDIUM,MEDIUM,MEDIUM,5,COST_BASED,COST_BASED,false,false
1,baseline,1,2043,0.0,0.0,NATURAL_GAS_BOILER,PRIVATELY_OWNED,1904,122,130,114459,0.26758758887882245,0.5856971332737431,0.011746567427412122,1522.0587716396515,0.6917336480720474,MEDIUM,MEDIUM,MEDIUM,5,COST_BASED,COST_BASED,false,false
1,baseline,1,2044,0.0,0.0,NATURAL_GAS_BOILER,PRIVATELY_OWNED,1876,201,229,114660,0.2712147888474055,0.595194508453518,0.013919529652404727,1529.7554430975638,0.7031877483222229,MEDIUM,MEDIUM,MEDIUM,5,COST_BASED,COST_BASED,false,false
1,baseline,1,2045,0.0,0.0,NATURAL_GAS_BOILER,PRIVATELY_OWNED,1867,103,112,114763,0.25879573809003353,0.588811395522177,0.009505752186870477,1536.5279955207168,0.6988166146662279,MEDIUM,MEDIUM,MEDIUM,5,COST_BASED,COST_BASED,false,false
1,baseline,1,2046,0.0,0.0,NATURAL_GAS_BOILER,PRIVATELY_OWNED,1768,117,216,114880,0.26753795516378337,0.5907770152699622,0.013556483513539294,1546.6028961860086,0.6985233686386896,MEDIUM,MEDIUM,MEDIUM,5,COST_BASED,COST_BASED,false,false
1,baseline,1,2047,0.0,0.0,NATURAL_GAS_BOILER,PRIVATELY_OWNED,1682,193,279,115073,0.27363660859449446,0.6041016526182832,0.011558659267037601,1514.3852373801549,0.7142566672928764,MEDIUM,MEDIUM,MEDIUM,5,COST_BASED,COST_BASED,false,false
1,baseline,1,2048,0.0,0.0,NATURAL_GAS_BOILER,PRIVATELY_OWNED,1655,105,132,115178,0.27041021370821305,0.5751505371176564,0.010541942840360889,1529.1466865969107,0.6767306449208103,MEDIUM,MEDIUM,MEDIUM,5,COST_BASED,COST_BASED,false,false
1,baseline,1,2049,0.0,0.0,NATURAL_GAS_BOILER,PRIVATELY_OWNED,1614,199,240,115377,0.2651611072361499,0.5825358915138913,0.010588431276147217,1450.292771202191,0.6883274862731427,MEDIUM,MEDIUM,MEDIUM,5,COST_BASED,COST_BASED,false,false
1,baseline,1,2050,0.0,0.0,NATURAL_GAS_BOILER,PRIVATELY_OWNED,1610,137,141,115514,0.26203090834214865,0.5990697339137679,0.00846201901638813,1471.304956778641,0.7114160091043075,MEDIUM,MEDIUM,MEDIUM,5,COST_BASED,COST_BASED,false,false
1,baseline,1,2024,0.0,0.0,NATURAL_GAS_BOILER,SOCIAL_HOUSING,66125,66125,0,66125,0.0,0.0,0.0,0.0,0.0,MEDIUM,MEDIUM,MEDIUM,5,COST_BASED,COST_BASED,false,false
1,baseline,1,2025,0.0,0.0,NATURAL_GAS_BOILER,SOCIAL_HOUSING,66898,5760,4987,71885,0.0,0.0,0.0,0.0,0.0,MEDIUM,MEDIUM,MEDIUM,5,COST_BASED,COST_BASED,false,false
1,baseline,1,2026,0.0,0.0,NATURAL_GAS_BOILER,SOCIAL_HOUSING,67895,12316,11319,84201,0.0,0.0,0.0,0.0,0.0,MEDIUM,MEDIUM,MEDIUM,5,COST_BASED,COST_BASED,false,false
1,baseline,1,2027,0.0,0.0,NATURAL_GAS_BOILER,SOCIAL_HOUSING,70467,20884,18312,105085,0.0,0.0,0.0,0.0,0.0,MEDIUM,MEDIUM,MEDIUM,5,COST_BASED,COST_BASED,false,false
1,baseline,1,2028,0.0,0.0,NATURAL_GAS_BOILER,SOCIAL_HOUSING,70546,21388,21309,126473,0.0,0.0,0.0,0.0,0.0,MEDIUM,MEDIUM,MEDIUM,5,COST_BASED,COST_BASED,false,false
1,baseline,1,2029,0.0,0.0,NATURAL_GAS_BOILER,SOCIAL_HOUSING,72895,29718,27369,156191,0.0,0.0,0.0,0.0,0.0,MEDIUM,MEDIUM,MEDIUM,5,COST_BASED,COST_BASED,false,false
1,baseline,1,2030,0.0,0.0,NATURAL_GAS_BOILER,SOCIAL_HOUSING,74370,37335,35860,193526,0.0,0.0,0.0,0.0,0.0,MEDIUM,MEDIUM,MEDIUM,5,COST_BASED,COST_BASED,false,false
1,baseline,1,2031,0.0,0.0,NATURAL_GAS_BOILER,SOCIAL_HOUSING,74370,41541,41541,235067,0.0,0.0,0.0,0.0,0.0,MEDIUM,MEDIUM,MEDIUM,5,COST_BASED,COST_BASED,false,false
1,baseline,1,2032,0.0,0.0,NATURAL_GAS_BOILER,SOCIAL_HOUSING,76617,54435,52188,289502,0.0,0.0,0.0,0.0,0.0,MEDIUM,MEDIUM,MEDIUM,5,COST_BASED,COST_BASED,false,false
1,baseline,1,2033,0.0,0.0,NATURAL_GAS_BOILER,SOCIAL_HOUSING,77206,61104,60515,350606,0.0,0.0,0.0,0.0,0.0,MEDIUM,MEDIUM,MEDIUM,5,COST_BASED,COST_BASED,false,false
1,baseline,1,2034,0.0,0.0,NATURAL_GAS_BOILER,SOCIAL_HOUSING,77206,67469,67469,418075,0.0,0.0,0.0,0.0,0.0,MEDIUM,MEDIUM,MEDIUM,5,COST_BASED,COST_BASED,false,false
1,baseline,1,2035,0.0,0.0,NATURAL_GAS_BOILER,SOCIAL_HOUSING,77793,75112,74525,493187,0.0,0.0,0.0,0.0,0.0,MEDIUM,MEDIUM,MEDIUM,5,COST_BASED,COST_BASED,false,false
1,baseline,1,2036,0.0,0.0,NATURAL_GAS_BOILER,SOCIAL_HOUSING,77847,77847,77793,571034,0.0,0.0,0.0,0.0,0.0,MEDIUM,MEDIUM,MEDIUM,5,COST_BASED,COST_BASED,false,false
1,baseline,1,2037,0.0,0.0,NATURAL_GAS_BOILER,SOCIAL_HOUSING,77847,77847,77847,648881,0.0,0.0,0.0,0.0,0.0,MEDIUM,MEDIUM,MEDIUM,5,COST_BASED,COST_BASED,false,false
1,baseline,1,2038,0.0,0.0,NATURAL_GAS_BOILER,SOCIAL_HOUSING,78737,78737,77847,727618,0.0,0.0,0.0,0.0,0.0,MEDIUM,MEDIUM,MEDIUM,5,COST_BASED,COST_BASED,false,false
1,baseline,1,2039,0.0,0.0,NATURAL_GAS_BOILER,SOCIAL_HOUSING,78737,78737,78737,806355,0.0,0.0,0.0,0.0,0.0,MEDIUM,MEDIUM,MEDIUM,5,COST_BASED,COST_BASED,false,false
1,baseline,1,2040,0.0,0.0,NATURAL_GAS_BOILER,SOCIAL_HOUSING,78737,78737,78737,885092,0.0,0.0,0.0,0.0,0.0,MEDIUM,MEDIUM,MEDIUM,5,COST_BASED,COST_BASED,false,false
1,baseline,1,2041,0.0,0.0,NATURAL_GAS_BOILER,SOCIAL_HOUSING,79858,79858,78737,964950,0.0,0.0,0.0,0.0,0.0,MEDIUM,MEDIUM,MEDIUM,5,COST_BASED,COST_BASED,false,false
1,baseline,1,2042,0.0,0.0,NATURAL_GAS_BOILER,SOCIAL_HOUSING,80556,80556,79858,1045506,0.0,0.0,0.0,0.0,0.0,MEDIUM,MEDIUM,MEDIUM,5,COST_BASED,COST_BASED,false,false
1,baseline,1,2043,0.0,0.0,NATURAL_GAS_BOILER,SOCIAL_HOUSING,80556,80556,80556,1126062,0.0,0.0,0.0,0.0,0.0,MEDIUM,MEDIUM,MEDIUM,5,COST_BASED,COST_BASED,false,false
1,baseline,1,2044,0.0,0.0,NATURAL_GAS_BOILER,SOCIAL_HOUSING,80556,80556,80556,1206618,0.0,0.0,0.0,0.0,0.0,MEDIUM,MEDIUM,MEDIUM,5,COST_BASED,COST_BASED,false,false
1,baseline,1,2045,0.0,0.0,NATURAL_GAS_BOILER,SOCIAL_HOUSING,80556,80556,80556,1287174,0.0,0.0,0.0,0.0,0.0,MEDIUM,MEDIUM,MEDIUM,5,COST_BASED,COST_BASED,false,false
1,baseline,1,2046,0.0,0.0,NATURAL_GAS_BOILER,SOCIAL_HOUSING,80556,80556,80556,1367730,0.0,0.0,0.0,0.0,0.0,MEDIUM,MEDIUM,MEDIUM,5,COST_BASED,COST_BASED,false,false
1,baseline,1,2047,0.0,0.0,NATURAL_GAS_BOILER,SOCIAL_HOUSING,80949,80949,80556,1448679,0.0,0.0,0.0,0.0,0.0,MEDIUM,MEDIUM,MEDIUM,5,COST_BASED,COST_BASED,false,false
1,baseline,1,2048,0.0,0.0,NATURAL_GAS_BOILER,SOCIAL_HOUSING,80949,80949,80949,1529628,0.0,0.0,0.0,0.0,0.0,MEDIUM,MEDIUM,MEDIUM,5,COST_BASED,COST_BASED,false,false
1,baseline,1,2049,0.0,0.0,NATURAL_GAS_BOILER,SOCIAL_HOUSING,80978,80978,80949,1610606,0.0,0.0,0.0,0.0,0.0,MEDIUM,MEDIUM,MEDIUM,5,COST_BASED,COST_BASED,false,false
1,baseline,1,2050,0.0,0.0,NATURAL_GAS_BOILER,SOCIAL_HOUSING,80978,80978,80978,1691584,0.0,0.0,0.0,0.0,0.0,MEDIUM,MEDIUM,MEDIUM,5,COST_BASED,COST_BASED,false,false
1,baseline,1,2024,0.0,0.0,NATURAL_GAS_BOILER,PRIVATELY_RENTED,33866,33866,0,33866,0.0,0.0,0.0,0.0,0.0,MEDIUM,MEDIUM,MEDIUM,5,COST_BASED,COST_BASED,false,false
1,baseline,1,2025,0.0,0.0,NATURAL_GAS_BOILER,PRIVATELY_RENTED,34563,5295,4598,39161,0.0,0.0,0.0,0.0,0.0,MEDIUM,MEDIUM,MEDIUM,5,COST_BASED,COST_BASED,false,false
1,baseline,1,2026,0.0,0.0,NATURAL_GAS_BOILER,PRIVATELY_RENTED,34894,3021,2690,42182,0.0,0.0,0.0,0.0,0.0,MEDIUM,MEDIUM,MEDIUM,5,COST_BASED,COST_BASED,false,false
1,baseline,1,2027,0.0,0.0,NATURAL_GAS_BOILER,PRIVATELY_RENTED,35120,2815,2589,44997,0.0,0.0,0.0,0.0,0.0,MEDIUM,MEDIUM,MEDIUM,5,COST_BASED,COST_BASED,false,false
1,baseline,1,2028,0.0,0.0,NATURAL_GAS_BOILER,PRIVATELY_RENTED,35219,2730,2631,47727,0.0,0.0,0.0,0.0,0.0,MEDIUM,MEDIUM,MEDIUM,5,COST_BASED,COST_BASED,false,false
1,baseline,1,2029,0.0,0.0,NATURAL_GAS_BOILER,PRIVATELY_RENTED,35289,2826,2756,50553,0.0,0.0,0.0,0.0,0.0,MEDIUM,MEDIUM,MEDIUM,5,COST_BASED,COST_BASED,false,false
1,baseline,1,2030,0.0,0.0,NATURAL_GAS_BOILER,PRIVATELY_RENTED,35353,2969,2905,53522,0.0,0.0,0.0,0.0,0.0,MEDIUM,MEDIUM,MEDIUM,5,COST_BASED,COST_BASED,false,false
1,baseline,1,2031,0.0,0.0,NATURAL_GAS_BOILER,PRIVATELY_RENTED,35274,2792,2871,56314,0.0,0.0,0.0,0.0,0.0,MEDIUM,MEDIUM,MEDIUM,5,COST_BASED,COST_BASED,false,false
1,baseline,1,2032,0.0,0.0,NATURAL_GAS_BOILER,PRIVATELY_RENTED,35372,3099,3001,59413,0.0,0.0,0.0,0.0,0.0,MEDIUM,MEDIUM,MEDIUM,5,COST_BASED,COST_BASED,false,false
1,baseline,1,2033,0.0,0.0,NATURAL_GAS_BOILER,PRIVATELY_RENTED,35301,2693,2764,62106,0.0,0.0,0.0,0.0,0.0,MEDIUM,MEDIUM,MEDIUM,5,COST_BASED,COST_BASED,false,false
1,baseline,1,2034,0.0,0.0,NATURAL_GAS_BOILER,PRIVATELY_RENTED,34941,2359,2719,64465,0.0,0.0,0.0,0.0,0.0,MEDIUM,MEDIUM,MEDIUM,5,COST_BASED,COST_BASED,false,false
1,baseline,1,2035,0.0,0.0,NATURAL_GAS_BOILER,PRIVATELY_RENTED,34657,2355,2639,66820,0.0,0.0,0.0,0.0,0.0,MEDIUM,MEDIUM,MEDIUM,5,COST_BASED,COST_BASED,false,false
1,baseline,1,2036,0.0,0.0,NATURAL_GAS_BOILER,PRIVATELY_RENTED,34314,1360,1703,68180,0.0,0.0,0.0,0.0,0.0,MEDIUM,MEDIUM,MEDIUM,5,COST_BASED,COST_BASED,false,false
1,baseline,1,2037,0.0,0.0,NATURAL_GAS_BOILER,PRIVATELY_RENTED,34389,5370,5295,73550,0.0,0.0,0.0,0.0,0.0,MEDIUM,MEDIUM,MEDIUM,5,COST_BASED,COST_BASED,false,false
1,baseline,1,2038,0.0,0.0,NATURAL_GAS_BOILER,PRIVATELY_RENTED,34553,3185,3021,76735,0.0,0.0,0.0,0.0,0.0,MEDIUM,MEDIUM,MEDIUM,5,COST_BASED,COST_BASED,false,false
1,baseline,1,2039,0.0,0.0,NATURAL_GAS_BOILER,PRIVATELY_RENTED,34773,3035,2815,79770,0.0,0.0,0.0,0.0,0.0,MEDIUM,MEDIUM,MEDIUM,5,COST_BASED,COST_BASED,false,false
1,baseline,1,2040,0.0,0.0,NATURAL_GAS_BOILER,PRIVATELY_RENTED,34913,2870,2730,82640,0.0,0.0,0.0,0.0,0.0,MEDIUM,MEDIUM,MEDIUM,5,COST_BASED,COST_BASED,false,false
1,baseline,1,2041,0.0,0.0,NATURAL_GAS_BOILER,PRIVATELY_RENTED,35035,2948,2826,85588,0.0,0.0,0.0,0.0,0.0,MEDIUM,MEDIUM,MEDIUM,5,COST_BASED,COST_BASED,false,false
1,baseline,1,2042,0.0,0.0,NATURAL_GAS_BOILER,PRIVATELY_RENTED,35086,3020,2969,88608,0.0,0.0,0.0,0.0,0.0,MEDIUM,MEDIUM,MEDIUM,5,COST_BASED,COST_BASED,false,false
1,baseline,1,2043,0.0,0.0,NATURAL_GAS_BOILER,PRIVATELY_RENTED,35241,2947,2792,91555,0.0,0.0,0.0,0.0,0.0,MEDIUM,MEDIUM,MEDIUM,5,COST_BASED,COST_BASED,false,false
1,baseline,1,2044,0.0,0.0,NATURAL_GAS_BOILER,PRIVATELY_RENTED,35296,3154,3099,94709,0.0,0.0,0.0,0.0,0.0,MEDIUM,MEDIUM,MEDIUM,5,COST_BASED,COST_BASED,false,false
1,baseline,1,2045,0.0,0.0,NATURAL_GAS_BOILER,PRIVATELY_RENTED,35367,2764,2693,97473,0.0,0.0,0.0,0.0,0.0,MEDIUM,MEDIUM,MEDIUM,5,COST_BASED,COST_BASED,false,false
1,baseline,1,2046,0.0,0.0,NATURAL_GAS_BOILER,PRIVATELY_RENTED,35420,2412,2359,99885,0.0,0.0,0.0,0.0,0.0,MEDIUM,MEDIUM,MEDIUM,5,COST_BASED,COST_BASED,false,false
1,baseline,1,2047,0.0,0.0,NATURAL_GAS_BOILER,PRIVATELY_RENTED,35498,2433,2355,102318,0.0,0.0,0.0,0.0,0.0,MEDIUM,MEDIUM,MEDIUM,5,COST_BASED,COST_BASED,false,false
1,baseline,1,2048,0.0,0.0,NATURAL_GAS_BOILER,PRIVATELY_RENTED,35629,1491,1360,103809,0.0,0.0,0.0,0.0,0.0,MEDIUM,MEDIUM,MEDIUM,5,COST_BASED,COST_BASED,false,false
1,baseline,1,2049,0.0,0.0,NATURAL_GAS_BOILER,PRIVATELY_RENTED,35686,5427,5370,109236,0.0,0.0,0.0,0.0,0.0,MEDIUM,MEDIUM,MEDIUM,5,COST_BASED,COST_BASED,false,false
1,baseline,1,2050,0.0,0.0,NATURAL_GAS_BOILER,PRIVATELY_RENTED,35806,3305,3185,112541,0.0,0.0,0.0,0.0,0.0,MEDIUM,MEDIUM,MEDIUM,5,COST_BASED,COST_BASED,false,false
1,baseline,1,2024,0.0,0.0,NATURAL_GAS_BLOCK,TOTAL,27212,27212,0,27212,0.0,0.0,0.0,0.0,0.0,MEDIUM,MEDIUM,MEDIUM,5,COST_BASED,COST_BASED,false,false
1,baseline,1,2025,0.0,0.0,NATURAL_GAS_BLOCK,TOTAL,23621,35,3626,27247,0.28591187978978777,0.6244836846318436,0.10173665580420711,1218.563396312315,0.7373409529125244,MEDIUM,MEDIUM,MEDIUM,5,COST_BASED,COST_BASED,false,false
1,baseline,1,2026,0.0,0.0,NATURAL_GAS_BLOCK,TOTAL,20939,18,2700,27265,0.28565789324112506,0.6243163932820995,0.09243369446021991,1219.068093385214,0.7372025599624255,MEDIUM,MEDIUM,MEDIUM,5,COST_BASED,COST_BASED,false,false
1,baseline,1,2027,0.0,0.0,NATURAL_GAS_BLOCK,TOTAL,18563,7,2383,27272,0.2878545486768725,0.6214872154237049,0.08296881708089346,1230.5846571096474,0.7326981043393183,MEDIUM,MEDIUM,MEDIUM,5,COST_BASED,COST_BASED,false,false
1,baseline,1,2028,0.0,0.0,NATURAL_GAS_BLOCK,TOTAL,16796,21,1788,27293,0.28492776495843114,0.6260200915417753,0.07649121589588828,1213.479830964272,0.739717533736225,MEDIUM,MEDIUM,MEDIUM,5,COST_BASED,COST_BASED,false,false
1,baseline,1,2029,0.0,0.0,NATURAL_GAS_BLOCK,TOTAL,13764,10,3042,27303,0.282933109685445,0.6267871984239607,0.06718419835504658,1221.151832460733,0.7414052280034684,MEDIUM,MEDIUM,MEDIUM,5,COST_BASED,COST_BASED,false,false
1,baseline,1,2030,0.0,0.0,NATURAL_GAS_BLOCK,TOTAL,11758,20,2026,27323,0.2918658493427947,0.6297874038003464,0.056532708134112285,1208.1682173427614,0.7424279219528662,MEDIUM,MEDIUM,MEDIUM,5,COST_BASED,COST_BASED,false,false
1,baseline,1,2031,0.0,0.0,NATURAL_GAS_BLOCK,TOTAL,10015,13,1756,27336,0.2848983057057579,0.6304753964273323,0.048094474472351406,1237.2324427480917,0.7456677600011912,MEDIUM,MEDIUM,MEDIUM,5,COST_BASED,COST_BASED,false,false
1,baseline,1,2032,0.0,0.0,NATURAL_GAS_BLOCK,TOTAL,7695,27,2347,27363,0.2888913292643726,0.6364418983787462,0.040748178470929604,1189.187613183629,0.7522920880835364,MEDIUM,MEDIUM,MEDIUM,5,COST_BASED,COST_BASED,false,false
1,baseline,1,2033,0.0,0.0,NATURAL_GAS_BLOCK,TOTAL,5336,14,2373,27377,0.2888337484996533,0.6195803694803906,0.030847358922372423,1191.1400792221823,0.7298292431406359,MEDIUM,MEDIUM,MEDIUM,5,COST_BASED,COST_BASED,false,false
1,baseline,1,2034,0.0,0.0,NATURAL_GAS_BLOCK,TOTAL,3382,35,1989,27412,0.2894316085530484,0.625712700839323,0.021848886816316096,1115.5577146171693,0.7378063982680801,MEDIUM,MEDIUM,MEDIUM,5,COST_BASED,COST_BASED,false,false
1,baseline,1,2035,0.0,0.0,NATURAL_GAS_BLOCK,TOTAL,1419,34,1997,27446,0.28184851531016486,0.6322634000226998,0.011885981238049714,1154.600126342388,0.7490683615935457,MEDIUM,MEDIUM,MEDIUM,5,COST_BASED,COST_BASED,false,false
1,baseline,1,2036,0.0,0.0,NATURAL_GAS_BLOCK,TOTAL,245,11,1185,27457,0.2847446887943256,0.6257556034816681,0.005186145354732413,1183.6972573839662,0.7394259083774494,MEDIUM,MEDIUM,MEDIUM,5,COST_BASED,COST_BASED,false,false
1,baseline,1,2037,0.0,0.0,NATURAL_GAS_BLOCK,TOTAL,237,27,35,27484,0.35155101219026974,0.6400584313351397,0.006171226062553146,887.7270833333333,0.7362275710500962,MEDIUM,MEDIUM,MEDIUM,5,COST_BASED,COST_BASED,false,false
1,baseline,1,2038,0.0,0.0,NATURAL_GAS_BLOCK,TOTAL,235,16,18,27500,0.4062509718537144,0.6593740935094637,0.011183277001933159,915.0823529411765,0.7437484673947129,MEDIUM,MEDIUM,MEDIUM,5,COST_BASED,COST_BASED,false,false
1,baseline,1,2039,0.0,0.0,NATURAL_GAS_BLOCK,TOTAL,235,7,7,27507,0.4550363114998991,0.6674379417096167,0.016965421990180567,1038.9259259259259,0.738238485112856,MEDIUM,MEDIUM,MEDIUM,5,COST_BASED,COST_BASED,false,false
1,baseline,1,2040,0.0,0.0,NATURAL_GAS_BLOCK,TOTAL,230,16,21,27523,0.2494276548307018,0.6036323487627903,0.001127325457201438,1231.5654596100278,0.7217005800734887,MEDIUM,MEDIUM,MEDIUM,5,COST_BASED,COST_BASED,false,false
1,baseline,1,2041,0.0,0.0,NATURAL_GAS_BLOCK,TOTAL,228,8,10,27531,0.2631925346451202,0.606862641333076,0.0013224666122906123,1231.327016783974,0.7214193435623948,MEDIUM,MEDIUM,MEDIUM,5,COST_BASED,COST_BASED,false,false
1,baseline,1,2042,0.0,0.0,NATURAL_GAS_BLOCK,TOTAL,217,9,20,27540,0.275887245193981,0.6037260915806333,0.001835877838237956,1276.082233502538,0.713005707042853,MEDIUM,MEDIUM,MEDIUM,5,COST_BASED,COST_BASED,false,false
1,baseline,1,2043,0.0,0.0,NATURAL_GAS_BLOCK,TOTAL,216,12,13,27552,0.2613000702568456,0.6073607414883772,0.001256172332277425,1235.1621338912134,0.7227142985655556,MEDIUM,MEDIUM,MEDIUM,5,COST_BASED,COST_BASED,false,false
1,baseline,1,2044,0.0,0.0,NATURAL_GAS_BLOCK,TOTAL,212,23,27,27575,0.26530786379004623,0.6151457437605496,0.001862720809988301,1246.620182555781,0.7317583704173829,MEDIUM,MEDIUM,MEDIUM,5,COST_BASED,COST_BASED,false,false
1,baseline,1,2045,0.0,0.0,NATURAL_GAS_BLOCK,TOTAL,211,13,14,27588,0.2629010564608764,0.6130713269168232,0.0010014597540937225,1228.7640845070423,0.72979475040214,MEDIUM,MEDIUM,MEDIUM,5,COST_BASED,COST_BASED,false,false
1,baseline,1,2046,0.0,0.0,NATURAL_GAS_BLOCK,TOTAL,198,22,35,27610,0.2673603740874704,0.6107714775374649,0.001675032571190102,1262.577036310108,0.7252418453541306,MEDIUM,MEDIUM,MEDIUM,5,COST_BASED,COST_BASED,false,false
1,baseline,1,2047,0.0,0.0,NATURAL_GAS_BLOCK,TOTAL,186,22,34,27632,0.2729663938542873,0.6241405430888376,0.0014815982916163738,1209.222164140094,0.7411985928336878,MEDIUM,MEDIUM,MEDIUM,5,COST_BASED,COST_BASED,false,false
1,baseline,1,2048,0.0,0.0,NATURAL_GAS_BLOCK,TOTAL,183,8,11,27640,0.2669743535648355,0.6005224923157425,0.001319683208953775,1235.7929742388758,0.7117052052327125,MEDIUM,MEDIUM,MEDIUM,5,COST_BASED,COST_BASED,false,false
1,baseline,1,2049,0.0,0.0,NATURAL_GAS_BLOCK,TOTAL,180,24,27,27664,0.26361798509535567,0.6070908465494239,0.0011004351545317109,1140.6499017681729,0.7215818003674471,MEDIUM,MEDIUM,MEDIUM,5,COST_BASED,COST_BASED,false,false
1,baseline,1,2050,0.0,0.0,NATURAL_GAS_BLOCK,TOTAL,178,14,16,27678,0.25678824250735754,0.6188936807507209,7.658132705842159E-4,1168.2466979122285,0.7395954934985085,MEDIUM,MEDIUM,MEDIUM,5,COST_BASED,COST_BASED,false,false
1,baseline,1,2024,0.0,0.0,NATURAL_GAS_BLOCK,PRIVATELY_OWNED,16920,16920,0,16920,0.0,0.0,0.0,0.0,0.0,MEDIUM,MEDIUM,MEDIUM,5,COST_BASED,COST_BASED,false,false
1,baseline,1,2025,0.0,0.0,NATURAL_GAS_BLOCK,PRIVATELY_OWNED,14731,35,2224,16955,0.28591187978978777,0.6244836846318436,0.10173665580420711,1218.563396312315,0.7373409529125244,MEDIUM,MEDIUM,MEDIUM,5,COST_BASED,COST_BASED,false,false
1,baseline,1,2026,0.0,0.0,NATURAL_GAS_BLOCK,PRIVATELY_OWNED,13471,18,1278,16973,0.28565789324112506,0.6243163932820995,0.09243369446021991,1219.068093385214,0.7372025599624255,MEDIUM,MEDIUM,MEDIUM,5,COST_BASED,COST_BASED,false,false
1,baseline,1,2027,0.0,0.0,NATURAL_GAS_BLOCK,PRIVATELY_OWNED,12188,7,1290,16980,0.2878545486768725,0.6214872154237049,0.08296881708089346,1230.5846571096474,0.7326981043393183,MEDIUM,MEDIUM,MEDIUM,5,COST_BASED,COST_BASED,false,false
1,baseline,1,2028,0.0,0.0,NATURAL_GAS_BLOCK,PRIVATELY_OWNED,10839,21,1370,17001,0.28492776495843114,0.6260200915417753,0.07649121589588828,1213.479830964272,0.739717533736225,MEDIUM,MEDIUM,MEDIUM,5,COST_BASED,COST_BASED,false,false
1,baseline,1,2029,0.0,0.0,NATURAL_GAS_BLOCK,PRIVATELY_OWNED,9491,10,1358,17011,0.282933109685445,0.6267871984239607,0.06718419835504658,1221.151832460733,0.7414052280034684,MEDIUM,MEDIUM,MEDIUM,5,COST_BASED,COST_BASED,false,false
1,baseline,1,2030,0.0,0.0,NATURAL_GAS_BLOCK,PRIVATELY_OWNED,8064,20,1447,17031,0.2918658493427947,0.6297874038003464,0.056532708134112285,1208.1682173427614,0.7424279219528662,MEDIUM,MEDIUM,MEDIUM,5,COST_BASED,COST_BASED,false,false
1,baseline,1,2031,0.0,0.0,NATURAL_GAS_BLOCK,PRIVATELY_OWNED,6716,13,1361,17044,0.2848983057057579,0.6304753964273323,0.048094474472351406,1237.2324427480917,0.7456677600011912,MEDIUM,MEDIUM,MEDIUM,5,COST_BASED,COST_BASED,false,false
1,baseline,1,2032,0.0,0.0,NATURAL_GAS_BLOCK,PRIVATELY_OWNED,5442,27,1301,17071,0.2888913292643726,0.6364418983787462,0.040748178470929604,1189.187613183629,0.7522920880835364,MEDIUM,MEDIUM,MEDIUM,5,COST_BASED,COST_BASED,false,false
1,baseline,1,2033,0.0,0.0,NATURAL_GAS_BLOCK,PRIVATELY_OWNED,4089,14,1367,17085,0.2888337484996533,0.6195803694803906,0.030847358922372423,1191.1400792221823,0.7298292431406359,MEDIUM,MEDIUM,MEDIUM,5,COST_BASED,COST_BASED,false,false
1,baseline,1,2034,0.0,0.0,NATURAL_GAS_BLOCK,PRIVATELY_OWNED,2492,35,1632,17120,0.2894316085530484,0.625712700839323,0.021848886816316096,1115.5577146171693,0.7378063982680801,MEDIUM,MEDIUM,MEDIUM,5,COST_BASED,COST_BASED,false,false
1,baseline,1,2035,0.0,0.0,NATURAL_GAS_BLOCK,PRIVATELY_OWNED,1102,34,1424,17154,0.28184851531016486,0.6322634000226998,0.011885981238049714,1154.600126342388,0.7490683615935457,MEDIUM,MEDIUM,MEDIUM,5,COST_BASED,COST_BASED,false,false
1,baseline,1,2036,0.0,0.0,NATURAL_GAS_BLOCK,PRIVATELY_OWNED,245,11,868,17165,0.2847446887943256,0.6257556034816681,0.005186145354732413,1183.6972573839662,0.7394259083774494,MEDIUM,MEDIUM,MEDIUM,5,COST_BASED,COST_BASED,false,false
1,baseline,1,2037,0.0,0.0,NATURAL_GAS_BLOCK,PRIVATELY_OWNED,237,27,35,17192,0.35155101219026974,0.6400584313351397,0.006171226062553146,887.7270833333333,0.7362275710500962,MEDIUM,MEDIUM,MEDIUM,5,COST_BASED,COST_BASED,false,false
1,baseline,1,2038,0.0,0.0,NATURAL_GAS_BLOCK,PRIVATELY_OWNED,235,16,18,17208,0.4062509718537144,0.6593740935094637,0.011183277001933159,915.0823529411765,0.7437484673947129,MEDIUM,MEDIUM,MEDIUM,5,COST_BASED,COST_BASED,false,false
1,baseline,1,2039,0.0,0.0,NATURAL_GAS_BLOCK,PRIVATELY_OWNED,235,7,7,17215,0.4550363114998991,0.6674379417096167,0.016965421990180567,1038.9259259259259,0.738238485112856,MEDIUM,MEDIUM,MEDIUM,5,COST_BASED,COST_BASED,false,false
1,baseline,1,2040,0.0,0.0,NATURAL_GAS_BLOCK,PRIVATELY_OWNED,230,16,21,17231,0.2494276548307018,0.6036323487627903,0.001127325457201438,1231.5654596100278,0.7217005800734887,MEDIUM,MEDIUM,MEDIUM,5,COST_BASED,COST_BASED,false,false
1,baseline,1,2041,0.0,0.0,NATURAL_GAS_BLOCK,PRIVATELY_OWNED,228,8,10,17239,0.2631925346451202,0.606862641333076,0.0013224666122906123,1231.327016783974,0.7214193435623948,MEDIUM,MEDIUM,MEDIUM,5,COST_BASED,COST_BASED,false,false
1,baseline,1,2042,0.0,0.0,NATURAL_GAS_BLOCK,PRIVATELY_OWNED,217,9,20,17248,0.275887245193981,0.6037260915806333,0.001835877838237956,1276.082233502538,0.713005707042853,MEDIUM,MEDIUM,MEDIUM,5,COST_BASED,COST_BASED,false,false
1,baseline,1,2043,0.0,0.0,NATURAL_GAS_BLOCK,PRIVATELY_OWNED,216,12,13,17260,0.2613000702568456,0.6073607414883772,0.001256172332277425,1235.1621338912134,0.7227142985655555,MEDIUM,MEDIUM,MEDIUM,5,COST_BASED,COST_BASED,false,false
1,baseline,1,2044,0.0,0.0,NATURAL_GAS_BLOCK,PRIVATELY_OWNED,212,23,27,17283,0.26530786379004623,0.6151457437605496,0.0018627208099883013,1246.620182555781,0.7317583704173829,MEDIUM,MEDIUM,MEDIUM,5,COST_BASED,COST_BASED,false,false
1,baseline,1,2045,0.0,0.0,NATURAL_GAS_BLOCK,PRIVATELY_OWNED,211,13,14,17296,0.2629010564608764,0.6130713269168232,0.0010014597540937225,1228.7640845070423,0.72979475040214,MEDIUM,MEDIUM,MEDIUM,5,COST_BASED,COST_BASED,false,false
1,baseline,1,2046,0.0,0.0,NATURAL_GAS_BLOCK,PRIVATELY_OWNED,198,22,35,17318,0.2673603740874704,0.6107714775374649,0.001675032571190102,1262.577036310108,0.7252418453541306,MEDIUM,MEDIUM,MEDIUM,5,COST_BASED,COST_BASED,false,false
1,baseline,1,2047,0.0,0.0,NATURAL_GAS_BLOCK,PRIVATELY_OWNED,186,22,34,17340,0.2729663938542873,0.6241405430888376,0.0014815982916163736,1209.222164140094,0.7411985928336878,MEDIUM,MEDIUM,MEDIUM,5,COST_BASED,COST_BASED,false,false
1,baseline,1,2048,0.0,0.0,NATURAL_GAS_BLOCK,PRIVATELY_OWNED,183,8,11,17348,0.2669743535648355,0.6005224923157425,0.001319683208953775,1235.7929742388758,0.7117052052327125,MEDIUM,MEDIUM,MEDIUM,5,COST_BASED,COST_BASED,false,false
1,baseline,1,2049,0.0,0.0,NATURAL_GAS_BLOCK,PRIVATELY_OWNED,180,24,27,17372,0.26361798509535567,0.6070908465494239,0.0011004351545317109,1140.6499017681729,0.7215818003674472,MEDIUM,MEDIUM,MEDIUM,5,COST_BASED,COST_BASED,false,false
1,baseline,1,2050,0.0,0.0,NATURAL_GAS_BLOCK,PRIVATELY_OWNED,178,14,16,17386,0.25678824250735754,0.618893680750721,7.658132705842159E-4,1168.2466979122285,0.7395954934985085,MEDIUM,MEDIUM,MEDIUM,5,COST_BASED,COST_BASED,false,false
1,baseline,1,2024,0.0,0.0,NATURAL_GAS_BLOCK,SOCIAL_HOUSING,5461,5461,0,5461,0.0,0.0,0.0,0.0,0.0,MEDIUM,MEDIUM,MEDIUM,5,COST_BASED,COST_BASED,false,false
1,baseline,1,2025,0.0,0.0,NATURAL_GAS_BLOCK,SOCIAL_HOUSING,4688,0,773,5461,0.0,0.0,0.0,0.0,0.0,MEDIUM,MEDIUM,MEDIUM,5,COST_BASED,COST_BASED,false,false
1,baseline,1,2026,0.0,0.0,NATURAL_GAS_BLOCK,SOCIAL_HOUSING,3691,0,997,5461,0.0,0.0,0.0,0.0,0.0,MEDIUM,MEDIUM,MEDIUM,5,COST_BASED,COST_BASED,false,false
1,baseline,1,2027,0.0,0.0,NATURAL_GAS_BLOCK,SOCIAL_HOUSING,3002,0,689,5461,0.0,0.0,0.0,0.0,0.0,MEDIUM,MEDIUM,MEDIUM,5,COST_BASED,COST_BASED,false,false
1,baseline,1,2028,0.0,0.0,NATURAL_GAS_BLOCK,SOCIAL_HOUSING,2923,0,79,5461,0.0,0.0,0.0,0.0,0.0,MEDIUM,MEDIUM,MEDIUM,5,COST_BASED,COST_BASED,false,false
1,baseline,1,2029,0.0,0.0,NATURAL_GAS_BLOCK,SOCIAL_HOUSING,1644,0,1279,5461,0.0,0.0,0.0,0.0,0.0,MEDIUM,MEDIUM,MEDIUM,5,COST_BASED,COST_BASED,false,false
1,baseline,1,2030,0.0,0.0,NATURAL_GAS_BLOCK,SOCIAL_HOUSING,1488,0,156,5461,0.0,0.0,0.0,0.0,0.0,MEDIUM,MEDIUM,MEDIUM,5,COST_BASED,COST_BASED,false,false
1,baseline,1,2031,0.0,0.0,NATURAL_GAS_BLOCK,SOCIAL_HOUSING,1488,0,0,5461,0.0,0.0,0.0,0.0,0.0,MEDIUM,MEDIUM,MEDIUM,5,COST_BASED,COST_BASED,false,false
1,baseline,1,2032,0.0,0.0,NATURAL_GAS_BLOCK,SOCIAL_HOUSING,850,0,638,5461,0.0,0.0,0.0,0.0,0.0,MEDIUM,MEDIUM,MEDIUM,5,COST_BASED,COST_BASED,false,false
1,baseline,1,2033,0.0,0.0,NATURAL_GAS_BLOCK,SOCIAL_HOUSING,261,0,589,5461,0.0,0.0,0.0,0.0,0.0,MEDIUM,MEDIUM,MEDIUM,5,COST_BASED,COST_BASED,false,false
1,baseline,1,2034,0.0,0.0,NATURAL_GAS_BLOCK,SOCIAL_HOUSING,261,0,0,5461,0.0,0.0,0.0,0.0,0.0,MEDIUM,MEDIUM,MEDIUM,5,COST_BASED,COST_BASED,false,false
1,baseline,1,2035,0.0,0.0,NATURAL_GAS_BLOCK,SOCIAL_HOUSING,54,0,207,5461,0.0,0.0,0.0,0.0,0.0,MEDIUM,MEDIUM,MEDIUM,5,COST_BASED,COST_BASED,false,false
1,baseline,1,2036,0.0,0.0,NATURAL_GAS_BLOCK,SOCIAL_HOUSING,0,0,54,5461,0.0,0.0,0.0,0.0,0.0,MEDIUM,MEDIUM,MEDIUM,5,COST_BASED,COST_BASED,false,false
1,baseline,1,2037,0.0,0.0,NATURAL_GAS_BLOCK,SOCIAL_HOUSING,0,0,0,5461,0.0,0.0,0.0,0.0,0.0,MEDIUM,MEDIUM,MEDIUM,5,COST_BASED,COST_BASED,false,false
1,baseline,1,2038,0.0,0.0,NATURAL_GAS_BLOCK,SOCIAL_HOUSING,0,0,0,5461,0.0,0.0,0.0,0.0,0.0,MEDIUM,MEDIUM,MEDIUM,5,COST_BASED,COST_BASED,false,false
1,baseline,1,2039,0.0,0.0,NATURAL_GAS_BLOCK,SOCIAL_HOUSING,0,0,0,5461,0.0,0.0,0.0,0.0,0.0,MEDIUM,MEDIUM,MEDIUM,5,COST_BASED,COST_BASED,false,false
1,baseline,1,2040,0.0,0.0,NATURAL_GAS_BLOCK,SOCIAL_HOUSING,0,0,0,5461,0.0,0.0,0.0,0.0,0.0,MEDIUM,MEDIUM,MEDIUM,5,COST_BASED,COST_BASED,false,false
1,baseline,1,2041,0.0,0.0,NATURAL_GAS_BLOCK,SOCIAL_HOUSING,0,0,0,5461,0.0,0.0,0.0,0.0,0.0,MEDIUM,MEDIUM,MEDIUM,5,COST_BASED,COST_BASED,false,false
1,baseline,1,2042,0.0,0.0,NATURAL_GAS_BLOCK,SOCIAL_HOUSING,0,0,0,5461,0.0,0.0,0.0,0.0,0.0,MEDIUM,MEDIUM,MEDIUM,5,COST_BASED,COST_BASED,false,false
1,baseline,1,2043,0.0,0.0,NATURAL_GAS_BLOCK,SOCIAL_HOUSING,0,0,0,5461,0.0,0.0,0.0,0.0,0.0,MEDIUM,MEDIUM,MEDIUM,5,COST_BASED,COST_BASED,false,false
1,baseline,1,2044,0.0,0.0,NATURAL_GAS_BLOCK,SOCIAL_HOUSING,0,0,0,5461,0.0,0.0,0.0,0.0,0.0,MEDIUM,MEDIUM,MEDIUM,5,COST_BASED,COST_BASED,false,false
1,baseline,1,2045,0.0,0.0,NATURAL_GAS_BLOCK,SOCIAL_HOUSING,0,0,0,5461,0.0,0.0,0.0,0.0,0.0,MEDIUM,MEDIUM,MEDIUM,5,COST_BASED,COST_BASED,false,false
1,baseline,1,2046,0.0,0.0,NATURAL_GAS_BLOCK,SOCIAL_HOUSING,0,0,0,5461,0.0,0.0,0.0,0.0,0.0,MEDIUM,MEDIUM,MEDIUM,5,COST_BASED,COST_BASED,false,false
1,baseline,1,2047,0.0,0.0,NATURAL_GAS_BLOCK,SOCIAL_HOUSING,0,0,0,5461,0.0,0.0,0.0,0.0,0.0,MEDIUM,MEDIUM,MEDIUM,5,COST_BASED,COST_BASED,false,false
1,baseline,1,2048,0.0,0.0,NATURAL_GAS_BLOCK,SOCIAL_HOUSING,0,0,0,5461,0.0,0.0,0.0,0.0,0.0,MEDIUM,MEDIUM,MEDIUM,5,COST_BASED,COST_BASED,false,false
1,baseline,1,2049,0.0,0.0,NATURAL_GAS_BLOCK,SOCIAL_HOUSING,0,0,0,5461,0.0,0.0,0.0,0.0,0.0,MEDIUM,MEDIUM,MEDIUM,5,COST_BASED,COST_BASED,false,false
1,baseline,1,2050,0.0,0.0,NATURAL_GAS_BLOCK,SOCIAL_HOUSING,0,0,0,5461,0.0,0.0,0.0,0.0,0.0,MEDIUM,MEDIUM,MEDIUM,5,COST_BASED,COST_BASED,false,false
1,baseline,1,2024,0.0,0.0,NATURAL_GAS_BLOCK,PRIVATELY_RENTED,4831,4831,0,4831,0.0,0.0,0.0,0.0,0.0,MEDIUM,MEDIUM,MEDIUM,5,COST_BASED,COST_BASED,false,false
1,baseline,1,2025,0.0,0.0,NATURAL_GAS_BLOCK,PRIVATELY_RENTED,4202,0,629,4831,0.0,0.0,0.0,0.0,0.0,MEDIUM,MEDIUM,MEDIUM,5,COST_BASED,COST_BASED,false,false
1,baseline,1,2026,0.0,0.0,NATURAL_GAS_BLOCK,PRIVATELY_RENTED,3777,0,425,4831,0.0,0.0,0.0,0.0,0.0,MEDIUM,MEDIUM,MEDIUM,5,COST_BASED,COST_BASED,false,false
1,baseline,1,2027,0.0,0.0,NATURAL_GAS_BLOCK,PRIVATELY_RENTED,3373,0,404,4831,0.0,0.0,0.0,0.0,0.0,MEDIUM,MEDIUM,MEDIUM,5,COST_BASED,COST_BASED,false,false
1,baseline,1,2028,0.0,0.0,NATURAL_GAS_BLOCK,PRIVATELY_RENTED,3034,0,339,4831,0.0,0.0,0.0,0.0,0.0,MEDIUM,MEDIUM,MEDIUM,5,COST_BASED,COST_BASED,false,false
1,baseline,1,2029,0.0,0.0,NATURAL_GAS_BLOCK,PRIVATELY_RENTED,2629,0,405,4831,0.0,0.0,0.0,0.0,0.0,MEDIUM,MEDIUM,MEDIUM,5,COST_BASED,COST_BASED,false,false
1,baseline,1,2030,0.0,0.0,NATURAL_GAS_BLOCK,PRIVATELY_RENTED,2206,0,423,4831,0.0,0.0,0.0,0.0,0.0,MEDIUM,MEDIUM,MEDIUM,5,COST_BASED,COST_BASED,false,false
1,baseline,1,2031,0.0,0.0,NATURAL_GAS_BLOCK,PRIVATELY_RENTED,1811,0,395,4831,0.0,0.0,0.0,0.0,0.0,MEDIUM,MEDIUM,MEDIUM,5,COST_BASED,COST_BASED,false,false
1,baseline,1,2032,0.0,0.0,NATURAL_GAS_BLOCK,PRIVATELY_RENTED,1403,0,408,4831,0.0,0.0,0.0,0.0,0.0,MEDIUM,MEDIUM,MEDIUM,5,COST_BASED,COST_BASED,false,false
1,baseline,1,2033,0.0,0.0,NATURAL_GAS_BLOCK,PRIVATELY_RENTED,986,0,417,4831,0.0,0.0,0.0,0.0,0.0,MEDIUM,MEDIUM,MEDIUM,5,COST_BASED,COST_BASED,false,false
1,baseline,1,2034,0.0,0.0,NATURAL_GAS_BLOCK,PRIVATELY_RENTED,629,0,357,4831,0.0,0.0,0.0,0.0,0.0,MEDIUM,MEDIUM,MEDIUM,5,COST_BASED,COST_BASED,false,false
1,baseline,1,2035,0.0,0.0,NATURAL_GAS_BLOCK,PRIVATELY_RENTED,263,0,366,4831,0.0,0.0,0.0,0.0,0.0,MEDIUM,MEDIUM,MEDIUM,5,COST_BASED,COST_BASED,false,false
1,baseline,1,2036,0.0,0.0,NATURAL_GAS_BLOCK,PRIVATELY_RENTED,0,0,263,4831,0.0,0.0,0.0,0.0,0.0,MEDIUM,MEDIUM,MEDIUM,5,COST_BASED,COST_BASED,false,false
1,baseline,1,2037,0.0,0.0,NATURAL_GAS_BLOCK,PRIVATELY_RENTED,0,0,0,4831,0.0,0.0,0.0,0.0,0.0,MEDIUM,MEDIUM,MEDIUM,5,COST_BASED,COST_BASED,false,false
1,baseline,1,2038,0.0,0.0,NATURAL_GAS_BLOCK,PRIVATELY_RENTED,0,0,0,4831,0.0,0.0,0.0,0.0,0.0,MEDIUM,MEDIUM,MEDIUM,5,COST_BASED,COST_BASED,false,false
1,baseline,1,2039,0.0,0.0,NATURAL_GAS_BLOCK,PRIVATELY_RENTED,0,0,0,4831,0.0,0.0,0.0,0.0,0.0,MEDIUM,MEDIUM,MEDIUM,5,COST_BASED,COST_BASED,false,false
1,baseline,1,2040,0.0,0.0,NATURAL_GAS_BLOCK,PRIVATELY_RENTED,0,0,0,4831,0.0,0.0,0.0,0.0,0.0,MEDIUM,MEDIUM,MEDIUM,5,COST_BASED,COST_BASED,false,false
1,baseline,1,2041,0.0,0.0,NATURAL_GAS_BLOCK,PRIVATELY_RENTED,0,0,0,4831,0.0,0.0,0.0,0.0,0.0,MEDIUM,MEDIUM,MEDIUM,5,COST_BASED,COST_BASED,false,false
1,baseline,1,2042,0.0,0.0,NATURAL_GAS_BLOCK,PRIVATELY_RENTED,0,0,0,4831,0.0,0.0,0.0,0.0,0.0,MEDIUM,MEDIUM,MEDIUM,5,COST_BASED,COST_BASED,false,false
1,baseline,1,2043,0.0,0.0,NATURAL_GAS_BLOCK,PRIVATELY_RENTED,0,0,0,4831,0.0,0.0,0.0,0.0,0.0,MEDIUM,MEDIUM,MEDIUM,5,COST_BASED,COST_BASED,false,false
1,baseline,1,2044,0.0,0.0,NATURAL_GAS_BLOCK,PRIVATELY_RENTED,0,0,0,4831,0.0,0.0,0.0,0.0,0.0,MEDIUM,MEDIUM,MEDIUM,5,COST_BASED,COST_BASED,false,false
1,baseline,1,2045,0.0,0.0,NATURAL_GAS_BLOCK,PRIVATELY_RENTED,0,0,0,4831,0.0,0.0,0.0,0.0,0.0,MEDIUM,MEDIUM,MEDIUM,5,COST_BASED,COST_BASED,false,false
1,baseline,1,2046,0.0,0.0,NATURAL_GAS_BLOCK,PRIVATELY_RENTED,0,0,0,4831,0.0,0.0,0.0,0.0,0.0,MEDIUM,MEDIUM,MEDIUM,5,COST_BASED,COST_BASED,false,false
1,baseline,1,2047,0.0,0.0,NATURAL_GAS_BLOCK,PRIVATELY_RENTED,0,0,0,4831,0.0,0.0,0.0,0.0,0.0,MEDIUM,MEDIUM,MEDIUM,5,COST_BASED,COST_BASED,false,false
1,baseline,1,2048,0.0,0.0,NATURAL_GAS_BLOCK,PRIVATELY_RENTED,0,0,0,4831,0.0,0.0,0.0,0.0,0.0,MEDIUM,MEDIUM,MEDIUM,5,COST_BASED,COST_BASED,false,false
1,baseline,1,2049,0.0,0.0,NATURAL_GAS_BLOCK,PRIVATELY_RENTED,0,0,0,4831,0.0,0.0,0.0,0.0,0.0,MEDIUM,MEDIUM,MEDIUM,5,COST_BASED,COST_BASED,false,false
1,baseline,1,2050,0.0,0.0,NATURAL_GAS_BLOCK,PRIVATELY_RENTED,0,0,0,4831,0.0,0.0,0.0,0.0,0.0,MEDIUM,MEDIUM,MEDIUM,5,COST_BASED,COST_BASED,false,false
1,baseline,1,2024,0.0,0.0,DISTRICT_HEATING,TOTAL,29834,29834,0,29834,0.0,0.0,0.0,0.0,0.0,MEDIUM,MEDIUM,MEDIUM,5,COST_BASED,COST_BASED,false,false
1,baseline,1,2025,0.0,0.0,DISTRICT_HEATING,TOTAL,33687,4352,499,34186,0.7664622034054632,0.7277878971876548,0.11322458797262605,1512.2520943400357,0.7148964617817208,MEDIUM,MEDIUM,MEDIUM,5,COST_BASED,COST_BASED,false,false
1,baseline,1,2026,0.0,0.0,DISTRICT_HEATING,TOTAL,35934,2664,417,36850,0.7660819257897244,0.7256593117514981,0.13415055090012634,1537.439606741573,0.7121851070720908,MEDIUM,MEDIUM,MEDIUM,5,COST_BASED,COST_BASED,false,false
1,baseline,1,2027,0.0,0.0,DISTRICT_HEATING,TOTAL,35683,2008,2259,38858,0.7626623922717519,0.7237204771704766,0.14716707143099889,1515.683412322275,0.7107398388033852,MEDIUM,MEDIUM,MEDIUM,5,COST_BASED,COST_BASED,false,false
1,baseline,1,2028,0.0,0.0,DISTRICT_HEATING,TOTAL,37621,2531,593,41389,0.7657118526011681,0.7291761679586453,0.1589198092876383,1501.1347807582886,0.7169976064111369,MEDIUM,MEDIUM,MEDIUM,5,COST_BASED,COST_BASED,false,false
1,baseline,1,2029,0.0,0.0,DISTRICT_HEATING,TOTAL,38782,2912,1751,44301,0.7663003748658086,0.7310973149654967,0.17557034361191518,1526.5911585513934,0.7193629616653927,MEDIUM,MEDIUM,MEDIUM,5,COST_BASED,COST_BASED,false,false
1,baseline,1,2030,0.0,0.0,DISTRICT_HEATING,TOTAL,39493,2896,2185,47197,0.7683181107707641,0.7330040842007227,0.1911082217016074,1504.6818883244373,0.7212327420107094,MEDIUM,MEDIUM,MEDIUM,5,COST_BASED,COST_BASED,false,false
1,baseline,1,2031,0.0,0.0,DISTRICT_HEATING,TOTAL,40882,2604,1215,49801,0.762903312041681,0.7377074206189107,0.20227318899883784,1515.514652962412,0.7293087901446533,MEDIUM,MEDIUM,MEDIUM,5,COST_BASED,COST_BASED,false,false
1,baseline,1,2032,0.0,0.0,DISTRICT_HEATING,TOTAL,41499,3852,3235,53653,0.7642813550644637,0.7410771466628471,0.21643069864849268,1517.6739873387312,0.7333424105289772,MEDIUM,MEDIUM,MEDIUM,5,COST_BASED,COST_BASED,false,false
1,baseline,1,2033,0.0,0.0,DISTRICT_HEATING,TOTAL,42507,2292,1284,55945,0.7621623808594981,0.7210060082565819,0.22810154094786397,1487.875825389678,0.7072872173889426,MEDIUM,MEDIUM,MEDIUM,5,COST_BASED,COST_BASED,false,false
1,baseline,1,2034,0.0,0.0,DISTRICT_HEATING,TOTAL,45190,3382,699,59327,0.7656485761729697,0.7261188019487783,0.24296110002372473,1410.7562464935024,0.7129422105407155,MEDIUM,MEDIUM,MEDIUM,5,COST_BASED,COST_BASED,false,false
1,baseline,1,2035,0.0,0.0,DISTRICT_HEATING,TOTAL,46931,2981,1240,62308,0.7632908564152603,0.7374129715498012,0.25911167016367986,1446.939232169466,0.7287870099279772,MEDIUM,MEDIUM,MEDIUM,5,COST_BASED,COST_BASED,false,false
1,baseline,1,2036,0.0,0.0,DISTRICT_HEATING,TOTAL,48056,1799,674,64107,0.7584476071076268,0.7262922416983826,0.2682947214499604,1505.7444848056557,0.7155737865619672,MEDIUM,MEDIUM,MEDIUM,5,COST_BASED,COST_BASED,false,false
1,baseline,1,2037,0.0,0.0,DISTRICT_HEATING,TOTAL,47770,408,694,64515,0.7634841186188596,0.7177335986524983,0.27211340680899554,1332.0331618067466,0.7024834253303779,MEDIUM,MEDIUM,MEDIUM,5,COST_BASED,COST_BASED,false,false
1,baseline,1,2038,0.0,0.0,DISTRICT_HEATING,TOTAL,46536,572,1806,65087,0.767415591539427,0.7147736799446363,0.2804954046239173,1511.0831903945111,0.6972263760797062,MEDIUM,MEDIUM,MEDIUM,5,COST_BASED,COST_BASED,false,false
1,baseline,1,2039,0.0,0.0,DISTRICT_HEATING,TOTAL,46172,370,734,65457,0.7610266155886377,0.7304837187307476,0.27027217814154525,1524.5981069174904,0.7203027531114513,MEDIUM,MEDIUM,MEDIUM,5,COST_BASED,COST_BASED,false,false
1,baseline,1,2040,0.0,0.0,DISTRICT_HEATING,TOTAL,45834,291,629,65748,0.6733088518479553,0.7016839185599336,0.21656200715245935,1570.2579710144928,0.7111422741305935,MEDIUM,MEDIUM,MEDIUM,5,COST_BASED,COST_BASED,false,false
1,baseline,1,2041,0.0,0.0,DISTRICT_HEATING,TOTAL,44455,245,1624,65993,0.6954354772581345,0.7027683832527892,0.22504488925333807,1643.424132573796,0.7052126852510053,MEDIUM,MEDIUM,MEDIUM,5,COST_BASED,COST_BASED,false,false
1,baseline,1,2042,0.0,0.0,DISTRICT_HEATING,TOTAL,43567,181,1069,66174,0.7221105722716982,0.7016230833484561,0.24192562553247354,1697.1528,0.694793920374046,MEDIUM,MEDIUM,MEDIUM,5,COST_BASED,COST_BASED,false,false
1,baseline,1,2043,0.0,0.0,DISTRICT_HEATING,TOTAL,43264,351,654,66525,0.7022703097978538,0.7143993318617999,0.22599498888251812,1523.6177543575193,0.7184423392164484,MEDIUM,MEDIUM,MEDIUM,5,COST_BASED,COST_BASED,false,false
1,baseline,1,2044,0.0,0.0,DISTRICT_HEATING,TOTAL,43125,261,400,66786,0.6879898197987567,0.7139814071467576,0.2147416002658904,1591.3293193717277,0.7226452695960913,MEDIUM,MEDIUM,MEDIUM,5,COST_BASED,COST_BASED,false,false
1,baseline,1,2045,0.0,0.0,DISTRICT_HEATING,TOTAL,42925,214,414,67000,0.6795677972147078,0.7092704274060858,0.2140930544485494,1577.1934791934793,0.7191713041365438,MEDIUM,MEDIUM,MEDIUM,5,COST_BASED,COST_BASED,false,false
1,baseline,1,2046,0.0,0.0,DISTRICT_HEATING,TOTAL,42736,239,428,67239,0.701474195375197,0.7098327965439626,0.2290917164083865,1645.4187620889747,0.7126189969335515,MEDIUM,MEDIUM,MEDIUM,5,COST_BASED,COST_BASED,false,false
1,baseline,1,2047,0.0,0.0,DISTRICT_HEATING,TOTAL,42164,270,842,67509,0.6964696056705801,0.7254626805650044,0.21300838458607074,1531.8429537181487,0.7351270388631455,MEDIUM,MEDIUM,MEDIUM,5,COST_BASED,COST_BASED,false,false
1,baseline,1,2048,0.0,0.0,DISTRICT_HEATING,TOTAL,41851,291,604,67800,0.7196231087641192,0.7024917036361314,0.2392001135663274,1596.67101071532,0.6967812352601355,MEDIUM,MEDIUM,MEDIUM,5,COST_BASED,COST_BASED,false,false
1,baseline,1,2049,0.0,0.0,DISTRICT_HEATING,TOTAL,41647,357,561,68157,0.6913741250145921,0.7064263863344887,0.22091746972158596,1451.4509867356842,0.7114438067744531,MEDIUM,MEDIUM,MEDIUM,5,COST_BASED,COST_BASED,false,false
1,baseline,1,2050,0.0,0.0,DISTRICT_HEATING,TOTAL,41439,268,476,68425,0.6964740889615196,0.7245222653617795,0.21674501622569647,1457.1708126036485,0.7338716574951998,MEDIUM,MEDIUM,MEDIUM,5,COST_BASED,COST_BASED,false,false
1,baseline,1,2024,0.0,0.0,DISTRICT_HEATING,PRIVATELY_OWNED,15485,15485,0,15485,0.0,0.0,0.0,0.0,0.0,MEDIUM,MEDIUM,MEDIUM,5,COST_BASED,COST_BASED,false,false
1,baseline,1,2025,0.0,0.0,DISTRICT_HEATING,PRIVATELY_OWNED,19481,4350,354,19835,0.7668145998208221,0.7281225123127986,0.11327664525445255,1512.9473826592723,0.7152251498101263,MEDIUM,MEDIUM,MEDIUM,5,COST_BASED,COST_BASED,false,false
1,baseline,1,2026,0.0,0.0,DISTRICT_HEATING,PRIVATELY_OWNED,21858,2664,287,22499,0.7660819257897244,0.7256593117514981,0.13415055090012634,1537.439606741573,0.7121851070720908,MEDIUM,MEDIUM,MEDIUM,5,COST_BASED,COST_BASED,false,false
1,baseline,1,2027,0.0,0.0,DISTRICT_HEATING,PRIVATELY_OWNED,23605,2008,261,24507,0.7626623922717519,0.7237204771704766,0.14716707143099889,1515.683412322275,0.7107398388033852,MEDIUM,MEDIUM,MEDIUM,5,COST_BASED,COST_BASED,false,false
1,baseline,1,2028,0.0,0.0,DISTRICT_HEATING,PRIVATELY_OWNED,25711,2530,424,27037,0.7660145055073346,0.7294643798827396,0.15898262344150693,1501.7281146637265,0.7172810046745405,MEDIUM,MEDIUM,MEDIUM,5,COST_BASED,COST_BASED,false,false
1,baseline,1,2029,0.0,0.0,DISTRICT_HEATING,PRIVATELY_OWNED,28118,2911,504,29948,0.7665636178664496,0.7313484648504041,0.17563065633730574,1527.1155801104971,0.7196100805117223,MEDIUM,MEDIUM,MEDIUM,5,COST_BASED,COST_BASED,false,false
1,baseline,1,2030,0.0,0.0,DISTRICT_HEATING,PRIVATELY_OWNED,30362,2894,650,32842,0.7688490838950011,0.7335106523307854,0.19124029372766244,1505.7217514124293,0.7217311751427141,MEDIUM,MEDIUM,MEDIUM,5,COST_BASED,COST_BASED,false,false
1,baseline,1,2031,0.0,0.0,DISTRICT_HEATING,PRIVATELY_OWNED,31894,2602,1070,35444,0.7634897096681542,0.7382744516877953,0.2024286641633258,1516.6795373997388,0.7298693656943418,MEDIUM,MEDIUM,MEDIUM,5,COST_BASED,COST_BASED,false,false
1,baseline,1,2032,0.0,0.0,DISTRICT_HEATING,PRIVATELY_OWNED,34562,3847,1179,39291,0.765274702289658,0.7420403350520631,0.21671199667117072,1519.646529562982,0.7342955459728672,MEDIUM,MEDIUM,MEDIUM,5,COST_BASED,COST_BASED,false,false
1,baseline,1,2033,0.0,0.0,DISTRICT_HEATING,PRIVATELY_OWNED,35889,2287,960,41578,0.7638286737778616,0.722582322223037,0.2286002325546586,1491.1287240022484,0.7088335383714284,MEDIUM,MEDIUM,MEDIUM,5,COST_BASED,COST_BASED,false,false
1,baseline,1,2034,0.0,0.0,DISTRICT_HEATING,PRIVATELY_OWNED,38697,3379,571,44957,0.7663283470307735,0.7267634768247316,0.2431768097899488,1412.0087675765094,0.713575186756052,MEDIUM,MEDIUM,MEDIUM,5,COST_BASED,COST_BASED,false,false
1,baseline,1,2035,0.0,0.0,DISTRICT_HEATING,PRIVATELY_OWNED,41050,2979,626,47936,0.763803304120138,0.7379080457166691,0.25928562898889884,1447.91065830721,0.7292762929155087,MEDIUM,MEDIUM,MEDIUM,5,COST_BASED,COST_BASED,false,false
1,baseline,1,2036,0.0,0.0,DISTRICT_HEATING,PRIVATELY_OWNED,42337,1797,510,49733,0.7592917335484811,0.7271005803090652,0.26859332436754524,1507.4203273040482,0.7163701958959261,MEDIUM,MEDIUM,MEDIUM,5,COST_BASED,COST_BASED,false,false
1,baseline,1,2037,0.0,0.0,DISTRICT_HEATING,PRIVATELY_OWNED,42172,408,573,50141,0.7634841186188596,0.7177335986524984,0.27211340680899554,1332.0331618067466,0.7024834253303779,MEDIUM,MEDIUM,MEDIUM,5,COST_BASED,COST_BASED,false,false
1,baseline,1,2038,0.0,0.0,DISTRICT_HEATING,PRIVATELY_OWNED,42097,572,647,50713,0.767415591539427,0.7147736799446363,0.2804954046239173,1511.0831903945111,0.6972263760797062,MEDIUM,MEDIUM,MEDIUM,5,COST_BASED,COST_BASED,false,false
1,baseline,1,2039,0.0,0.0,DISTRICT_HEATING,PRIVATELY_OWNED,42001,369,465,51082,0.7630890183409105,0.7324633494048146,0.2710046230687581,1528.7298091042585,0.7222547930927832,MEDIUM,MEDIUM,MEDIUM,5,COST_BASED,COST_BASED,false,false
1,baseline,1,2040,0.0,0.0,DISTRICT_HEATING,PRIVATELY_OWNED,41857,291,435,51373,0.6733088518479553,0.7016839185599336,0.21656200715245935,1570.2579710144928,0.7111422741305935,MEDIUM,MEDIUM,MEDIUM,5,COST_BASED,COST_BASED,false,false
1,baseline,1,2041,0.0,0.0,DISTRICT_HEATING,PRIVATELY_OWNED,41784,245,318,51618,0.6954354772581345,0.7027683832527892,0.22504488925333807,1643.424132573796,0.7052126852510053,MEDIUM,MEDIUM,MEDIUM,5,COST_BASED,COST_BASED,false,false
1,baseline,1,2042,0.0,0.0,DISTRICT_HEATING,PRIVATELY_OWNED,41688,181,277,51799,0.7221105722716982,0.7016230833484561,0.24192562553247357,1697.1528,0.694793920374046,MEDIUM,MEDIUM,MEDIUM,5,COST_BASED,COST_BASED,false,false
1,baseline,1,2043,0.0,0.0,DISTRICT_HEATING,PRIVATELY_OWNED,41589,351,450,52150,0.7022703097978538,0.7143993318617999,0.22599498888251812,1523.6177543575193,0.7184423392164484,MEDIUM,MEDIUM,MEDIUM,5,COST_BASED,COST_BASED,false,false
1,baseline,1,2044,0.0,0.0,DISTRICT_HEATING,PRIVATELY_OWNED,41555,261,295,52411,0.6879898197987567,0.7139814071467576,0.2147416002658904,1591.3293193717277,0.7226452695960913,MEDIUM,MEDIUM,MEDIUM,5,COST_BASED,COST_BASED,false,false
1,baseline,1,2045,0.0,0.0,DISTRICT_HEATING,PRIVATELY_OWNED,41485,214,284,52625,0.6795677972147078,0.7092704274060858,0.2140930544485494,1577.193479193479,0.719171304136544,MEDIUM,MEDIUM,MEDIUM,5,COST_BASED,COST_BASED,false,false
1,baseline,1,2046,0.0,0.0,DISTRICT_HEATING,PRIVATELY_OWNED,41391,239,333,52864,0.701474195375197,0.7098327965439626,0.2290917164083865,1645.4187620889747,0.7126189969335515,MEDIUM,MEDIUM,MEDIUM,5,COST_BASED,COST_BASED,false,false
1,baseline,1,2047,0.0,0.0,DISTRICT_HEATING,PRIVATELY_OWNED,41349,270,312,53134,0.6964696056705801,0.7254626805650044,0.21300838458607074,1531.8429537181487,0.7351270388631455,MEDIUM,MEDIUM,MEDIUM,5,COST_BASED,COST_BASED,false,false
1,baseline,1,2048,0.0,0.0,DISTRICT_HEATING,PRIVATELY_OWNED,41220,291,420,53425,0.7196231087641192,0.7024917036361314,0.2392001135663274,1596.67101071532,0.6967812352601355,MEDIUM,MEDIUM,MEDIUM,5,COST_BASED,COST_BASED,false,false
1,baseline,1,2049,0.0,0.0,DISTRICT_HEATING,PRIVATELY_OWNED,41147,357,430,53782,0.6913741250145921,0.7064263863344887,0.22091746972158596,1451.4509867356842,0.7114438067744531,MEDIUM,MEDIUM,MEDIUM,5,COST_BASED,COST_BASED,false,false
1,baseline,1,2050,0.0,0.0,DISTRICT_HEATING,PRIVATELY_OWNED,41107,268,308,54050,0.6964740889615196,0.7245222653617795,0.21674501622569647,1457.1708126036485,0.7338716574951998,MEDIUM,MEDIUM,MEDIUM,5,COST_BASED,COST_BASED,false,false
1,baseline,1,2024,0.0,0.0,DISTRICT_HEATING,SOCIAL_HOUSING,9350,9350,0,9350,0.0,0.0,0.0,0.0,0.0,MEDIUM,MEDIUM,MEDIUM,5,COST_BASED,COST_BASED,false,false
1,baseline,1,2025,0.0,0.0,DISTRICT_HEATING,SOCIAL_HOUSING,9350,0,0,9350,0.0,0.0,0.0,0.0,0.0,MEDIUM,MEDIUM,MEDIUM,5,COST_BASED,COST_BASED,false,false
1,baseline,1,2026,0.0,0.0,DISTRICT_HEATING,SOCIAL_HOUSING,9350,0,0,9350,0.0,0.0,0.0,0.0,0.0,MEDIUM,MEDIUM,MEDIUM,5,COST_BASED,COST_BASED,false,false
1,baseline,1,2027,0.0,0.0,DISTRICT_HEATING,SOCIAL_HOUSING,7467,0,1883,9350,0.0,0.0,0.0,0.0,0.0,MEDIUM,MEDIUM,MEDIUM,5,COST_BASED,COST_BASED,false,false
1,baseline,1,2028,0.0,0.0,DISTRICT_HEATING,SOCIAL_HOUSING,7467,0,0,9350,0.0,0.0,0.0,0.0,0.0,MEDIUM,MEDIUM,MEDIUM,5,COST_BASED,COST_BASED,false,false
1,baseline,1,2029,0.0,0.0,DISTRICT_HEATING,SOCIAL_HOUSING,6397,0,1070,9350,0.0,0.0,0.0,0.0,0.0,MEDIUM,MEDIUM,MEDIUM,5,COST_BASED,COST_BASED,false,false
1,baseline,1,2030,0.0,0.0,DISTRICT_HEATING,SOCIAL_HOUSING,5078,0,1319,9350,0.0,0.0,0.0,0.0,0.0,MEDIUM,MEDIUM,MEDIUM,5,COST_BASED,COST_BASED,false,false
1,baseline,1,2031,0.0,0.0,DISTRICT_HEATING,SOCIAL_HOUSING,5078,0,0,9350,0.0,0.0,0.0,0.0,0.0,MEDIUM,MEDIUM,MEDIUM,5,COST_BASED,COST_BASED,false,false
1,baseline,1,2032,0.0,0.0,DISTRICT_HEATING,SOCIAL_HOUSING,3511,0,1567,9350,0.0,0.0,0.0,0.0,0.0,MEDIUM,MEDIUM,MEDIUM,5,COST_BASED,COST_BASED,false,false
1,baseline,1,2033,0.0,0.0,DISTRICT_HEATING,SOCIAL_HOUSING,3511,0,0,9350,0.0,0.0,0.0,0.0,0.0,MEDIUM,MEDIUM,MEDIUM,5,COST_BASED,COST_BASED,false,false
1,baseline,1,2034,0.0,0.0,DISTRICT_HEATING,SOCIAL_HOUSING,3511,0,0,9350,0.0,0.0,0.0,0.0,0.0,MEDIUM,MEDIUM,MEDIUM,5,COST_BASED,COST_BASED,false,false
1,baseline,1,2035,0.0,0.0,DISTRICT_HEATING,SOCIAL_HOUSING,3131,0,380,9350,0.0,0.0,0.0,0.0,0.0,MEDIUM,MEDIUM,MEDIUM,5,COST_BASED,COST_BASED,false,false
1,baseline,1,2036,0.0,0.0,DISTRICT_HEATING,SOCIAL_HOUSING,3131,0,0,9350,0.0,0.0,0.0,0.0,0.0,MEDIUM,MEDIUM,MEDIUM,5,COST_BASED,COST_BASED,false,false
1,baseline,1,2037,0.0,0.0,DISTRICT_HEATING,SOCIAL_HOUSING,3131,0,0,9350,0.0,0.0,0.0,0.0,0.0,MEDIUM,MEDIUM,MEDIUM,5,COST_BASED,COST_BASED,false,false
1,baseline,1,2038,0.0,0.0,DISTRICT_HEATING,SOCIAL_HOUSING,2241,0,890,9350,0.0,0.0,0.0,0.0,0.0,MEDIUM,MEDIUM,MEDIUM,5,COST_BASED,COST_BASED,false,false
1,baseline,1,2039,0.0,0.0,DISTRICT_HEATING,SOCIAL_HOUSING,2241,0,0,9350,0.0,0.0,0.0,0.0,0.0,MEDIUM,MEDIUM,MEDIUM,5,COST_BASED,COST_BASED,false,false
1,baseline,1,2040,0.0,0.0,DISTRICT_HEATING,SOCIAL_HOUSING,2241,0,0,9350,0.0,0.0,0.0,0.0,0.0,MEDIUM,MEDIUM,MEDIUM,5,COST_BASED,COST_BASED,false,false
1,baseline,1,2041,0.0,0.0,DISTRICT_HEATING,SOCIAL_HOUSING,1120,0,1121,9350,0.0,0.0,0.0,0.0,0.0,MEDIUM,MEDIUM,MEDIUM,5,COST_BASED,COST_BASED,false,false
1,baseline,1,2042,0.0,0.0,DISTRICT_HEATING,SOCIAL_HOUSING,422,0,698,9350,0.0,0.0,0.0,0.0,0.0,MEDIUM,MEDIUM,MEDIUM,5,COST_BASED,COST_BASED,false,false
1,baseline,1,2043,0.0,0.0,DISTRICT_HEATING,SOCIAL_HOUSING,422,0,0,9350,0.0,0.0,0.0,0.0,0.0,MEDIUM,MEDIUM,MEDIUM,5,COST_BASED,COST_BASED,false,false
1,baseline,1,2044,0.0,0.0,DISTRICT_HEATING,SOCIAL_HOUSING,422,0,0,9350,0.0,0.0,0.0,0.0,0.0,MEDIUM,MEDIUM,MEDIUM,5,COST_BASED,COST_BASED,false,false
1,baseline,1,2045,0.0,0.0,DISTRICT_HEATING,SOCIAL_HOUSING,422,0,0,9350,0.0,0.0,0.0,0.0,0.0,MEDIUM,MEDIUM,MEDIUM,5,COST_BASED,COST_BASED,false,false
1,baseline,1,2046,0.0,0.0,DISTRICT_HEATING,SOCIAL_HOUSING,422,0,0,9350,0.0,0.0,0.0,0.0,0.0,MEDIUM,MEDIUM,MEDIUM,5,COST_BASED,COST_BASED,false,false
1,baseline,1,2047,0.0,0.0,DISTRICT_HEATING,SOCIAL_HOUSING,29,0,393,9350,0.0,0.0,0.0,0.0,0.0,MEDIUM,MEDIUM,MEDIUM,5,COST_BASED,COST_BASED,false,false
1,baseline,1,2048,0.0,0.0,DISTRICT_HEATING,SOCIAL_HOUSING,29,0,0,9350,0.0,0.0,0.0,0.0,0.0,MEDIUM,MEDIUM,MEDIUM,5,COST_BASED,COST_BASED,false,false
1,baseline,1,2049,0.0,0.0,DISTRICT_HEATING,SOCIAL_HOUSING,0,0,29,9350,0.0,0.0,0.0,0.0,0.0,MEDIUM,MEDIUM,MEDIUM,5,COST_BASED,COST_BASED,false,false
1,baseline,1,2050,0.0,0.0,DISTRICT_HEATING,SOCIAL_HOUSING,0,0,0,9350,0.0,0.0,0.0,0.0,0.0,MEDIUM,MEDIUM,MEDIUM,5,COST_BASED,COST_BASED,false,false
1,baseline,1,2024,0.0,0.0,DISTRICT_HEATING,PRIVATELY_RENTED,4999,4999,0,4999,0.0,0.0,0.0,0.0,0.0,MEDIUM,MEDIUM,MEDIUM,5,COST_BASED,COST_BASED,false,false
1,baseline,1,2025,0.0,0.0,DISTRICT_HEATING,PRIVATELY_RENTED,4856,2,145,5001,0.0,0.0,0.0,0.0,0.0,MEDIUM,MEDIUM,MEDIUM,5,COST_BASED,COST_BASED,false,false
1,baseline,1,2026,0.0,0.0,DISTRICT_HEATING,PRIVATELY_RENTED,4726,0,130,5001,0.0,0.0,0.0,0.0,0.0,MEDIUM,MEDIUM,MEDIUM,5,COST_BASED,COST_BASED,false,false
1,baseline,1,2027,0.0,0.0,DISTRICT_HEATING,PRIVATELY_RENTED,4611,0,115,5001,0.0,0.0,0.0,0.0,0.0,MEDIUM,MEDIUM,MEDIUM,5,COST_BASED,COST_BASED,false,false
1,baseline,1,2028,0.0,0.0,DISTRICT_HEATING,PRIVATELY_RENTED,4443,1,169,5002,0.0,0.0,0.0,0.0,0.0,MEDIUM,MEDIUM,MEDIUM,5,COST_BASED,COST_BASED,false,false
1,baseline,1,2029,0.0,0.0,DISTRICT_HEATING,PRIVATELY_RENTED,4267,1,177,5003,0.0,0.0,0.0,0.0,0.0,MEDIUM,MEDIUM,MEDIUM,5,COST_BASED,COST_BASED,false,false
1,baseline,1,2030,0.0,0.0,DISTRICT_HEATING,PRIVATELY_RENTED,4053,2,216,5005,0.0,0.0,0.0,0.0,0.0,MEDIUM,MEDIUM,MEDIUM,5,COST_BASED,COST_BASED,false,false
1,baseline,1,2031,0.0,0.0,DISTRICT_HEATING,PRIVATELY_RENTED,3910,2,145,5007,0.0,0.0,0.0,0.0,0.0,MEDIUM,MEDIUM,MEDIUM,5,COST_BASED,COST_BASED,false,false
1,baseline,1,2032,0.0,0.0,DISTRICT_HEATING,PRIVATELY_RENTED,3426,5,489,5012,0.0,0.0,0.0,0.0,0.0,MEDIUM,MEDIUM,MEDIUM,5,COST_BASED,COST_BASED,false,false
1,baseline,1,2033,0.0,0.0,DISTRICT_HEATING,PRIVATELY_RENTED,3107,5,324,5017,0.0,0.0,0.0,0.0,0.0,MEDIUM,MEDIUM,MEDIUM,5,COST_BASED,COST_BASED,false,false
1,baseline,1,2034,0.0,0.0,DISTRICT_HEATING,PRIVATELY_RENTED,2982,3,128,5020,0.0,0.0,0.0,0.0,0.0,MEDIUM,MEDIUM,MEDIUM,5,COST_BASED,COST_BASED,false,false
1,baseline,1,2035,0.0,0.0,DISTRICT_HEATING,PRIVATELY_RENTED,2750,2,234,5022,0.0,0.0,0.0,0.0,0.0,MEDIUM,MEDIUM,MEDIUM,5,COST_BASED,COST_BASED,false,false
1,baseline,1,2036,0.0,0.0,DISTRICT_HEATING,PRIVATELY_RENTED,2588,2,164,5024,0.0,0.0,0.0,0.0,0.0,MEDIUM,MEDIUM,MEDIUM,5,COST_BASED,COST_BASED,false,false
1,baseline,1,2037,0.0,0.0,DISTRICT_HEATING,PRIVATELY_RENTED,2467,0,121,5024,0.0,0.0,0.0,0.0,0.0,MEDIUM,MEDIUM,MEDIUM,5,COST_BASED,COST_BASED,false,false
1,baseline,1,2038,0.0,0.0,DISTRICT_HEATING,PRIVATELY_RENTED,2198,0,269,5024,0.0,0.0,0.0,0.0,0.0,MEDIUM,MEDIUM,MEDIUM,5,COST_BASED,COST_BASED,false,false
1,baseline,1,2039,0.0,0.0,DISTRICT_HEATING,PRIVATELY_RENTED,1930,1,269,5025,0.0,0.0,0.0,0.0,0.0,MEDIUM,MEDIUM,MEDIUM,5,COST_BASED,COST_BASED,false,false
1,baseline,1,2040,0.0,0.0,DISTRICT_HEATING,PRIVATELY_RENTED,1736,0,194,5025,0.0,0.0,0.0,0.0,0.0,MEDIUM,MEDIUM,MEDIUM,5,COST_BASED,COST_BASED,false,false
1,baseline,1,2041,0.0,0.0,DISTRICT_HEATING,PRIVATELY_RENTED,1551,0,185,5025,0.0,0.0,0.0,0.0,0.0,MEDIUM,MEDIUM,MEDIUM,5,COST_BASED,COST_BASED,false,false
1,baseline,1,2042,0.0,0.0,DISTRICT_HEATING,PRIVATELY_RENTED,1457,0,94,5025,0.0,0.0,0.0,0.0,0.0,MEDIUM,MEDIUM,MEDIUM,5,COST_BASED,COST_BASED,false,false
1,baseline,1,2043,0.0,0.0,DISTRICT_HEATING,PRIVATELY_RENTED,1253,0,204,5025,0.0,0.0,0.0,0.0,0.0,MEDIUM,MEDIUM,MEDIUM,5,COST_BASED,COST_BASED,false,false
1,baseline,1,2044,0.0,0.0,DISTRICT_HEATING,PRIVATELY_RENTED,1148,0,105,5025,0.0,0.0,0.0,0.0,0.0,MEDIUM,MEDIUM,MEDIUM,5,COST_BASED,COST_BASED,false,false
1,baseline,1,2045,0.0,0.0,DISTRICT_HEATING,PRIVATELY_RENTED,1018,0,130,5025,0.0,0.0,0.0,0.0,0.0,MEDIUM,MEDIUM,MEDIUM,5,COST_BASED,COST_BASED,false,false
1,baseline,1,2046,0.0,0.0,DISTRICT_HEATING,PRIVATELY_RENTED,923,0,95,5025,0.0,0.0,0.0,0.0,0.0,MEDIUM,MEDIUM,MEDIUM,5,COST_BASED,COST_BASED,false,false
1,baseline,1,2047,0.0,0.0,DISTRICT_HEATING,PRIVATELY_RENTED,786,0,137,5025,0.0,0.0,0.0,0.0,0.0,MEDIUM,MEDIUM,MEDIUM,5,COST_BASED,COST_BASED,false,false
1,baseline,1,2048,0.0,0.0,DISTRICT_HEATING,PRIVATELY_RENTED,602,0,184,5025,0.0,0.0,0.0,0.0,0.0,MEDIUM,MEDIUM,MEDIUM,5,COST_BASED,COST_BASED,false,false
1,baseline,1,2049,0.0,0.0,DISTRICT_HEATING,PRIVATELY_RENTED,500,0,102,5025,0.0,0.0,0.0,0.0,0.0,MEDIUM,MEDIUM,MEDIUM,5,COST_BASED,COST_BASED,false,false
1,baseline,1,2050,0.0,0.0,DISTRICT_HEATING,PRIVATELY_RENTED,332,0,168,5025,0.0,0.0,0.0,0.0,0.0,MEDIUM,MEDIUM,MEDIUM,5,COST_BASED,COST_BASED,false,false
1,baseline,1,2024,0.0,0.0,ELECTRIC_HEAT_PUMP,TOTAL,10467,10467,0,10467,0.0,0.0,0.0,0.0,0.0,MEDIUM,MEDIUM,MEDIUM,5,COST_BASED,COST_BASED,false,false
1,baseline,1,2025,0.0,0.0,ELECTRIC_HEAT_PUMP,TOTAL,17435,7949,981,18416,0.7129732782302753,0.6840892547065186,0.0764728701239972,2316.9149051490513,0.6744612468652673,MEDIUM,MEDIUM,MEDIUM,5,COST_BASED,COST_BASED,false,false
1,baseline,1,2026,0.0,0.0,ELECTRIC_HEAT_PUMP,TOTAL,20094,3277,618,21693,0.7133965259480114,0.6594497746495399,0.10982793375407167,2271.5753399818677,0.6414675242167154,MEDIUM,MEDIUM,MEDIUM,5,COST_BASED,COST_BASED,false,false
1,baseline,1,2027,0.0,0.0,ELECTRIC_HEAT_PUMP,TOTAL,22274,2659,479,24352,0.7165406006338436,0.6571139735449004,0.12923440148101906,2249.649558344956,0.637305097848588,MEDIUM,MEDIUM,MEDIUM,5,COST_BASED,COST_BASED,false,false
1,baseline,1,2028,0.0,0.0,ELECTRIC_HEAT_PUMP,TOTAL,25539,4196,931,28548,0.7148327101692321,0.6790238433851145,0.14521299678108363,2190.9775029129696,0.6670875544570698,MEDIUM,MEDIUM,MEDIUM,5,COST_BASED,COST_BASED,false,false
1,baseline,1,2029,0.0,0.0,ELECTRIC_HEAT_PUMP,TOTAL,28388,3407,558,31955,0.7142467479045792,0.6670556309813059,0.1684797371452431,2155.5028115363684,0.651325258673547,MEDIUM,MEDIUM,MEDIUM,5,COST_BASED,COST_BASED,false,false
1,baseline,1,2030,0.0,0.0,ELECTRIC_HEAT_PUMP,TOTAL,32955,5030,463,36985,0.7120189044939843,0.6885711598038726,0.19146270240882113,2123.51632863527,0.6807552449071642,MEDIUM,MEDIUM,MEDIUM,5,COST_BASED,COST_BASED,false,false
1,baseline,1,2031,0.0,0.0,ELECTRIC_HEAT_PUMP,TOTAL,37244,4839,550,41824,0.7165211978392657,0.7006413325060996,0.22367138417371674,2081.0879919779395,0.6953480440617118,MEDIUM,MEDIUM,MEDIUM,5,COST_BASED,COST_BASED,false,false
1,baseline,1,2032,0.0,0.0,ELECTRIC_HEAT_PUMP,TOTAL,39826,3214,632,45038,0.7136342429370216,0.661740633361974,0.24404248123977798,2028.4516687268233,0.6444427635036235,MEDIUM,MEDIUM,MEDIUM,5,COST_BASED,COST_BASED,false,false
1,baseline,1,2033,0.0,0.0,ELECTRIC_HEAT_PUMP,TOTAL,43586,4455,695,49493,0.7136784421694081,0.6835372295539338,0.26565906476508105,2031.4835506941522,0.6734901586821087,MEDIUM,MEDIUM,MEDIUM,5,COST_BASED,COST_BASED,false,false
1,baseline,1,2034,0.0,0.0,ELECTRIC_HEAT_PUMP,TOTAL,48309,5361,638,54854,0.7123738703811247,0.6808849796368028,0.29387669901497565,1909.2041653998178,0.6703886827220258,MEDIUM,MEDIUM,MEDIUM,5,COST_BASED,COST_BASED,false,false
1,baseline,1,2035,0.0,0.0,ELECTRIC_HEAT_PUMP,TOTAL,52241,4774,842,59628,0.7151458470273715,0.679144943989672,0.325014416934661,1949.3239177670064,0.6671446429771051,MEDIUM,MEDIUM,MEDIUM,5,COST_BASED,COST_BASED,false,false
1,baseline,1,2036,0.0,0.0,ELECTRIC_HEAT_PUMP,TOTAL,54348,2867,760,62495,0.7156464307577218,0.6721337040252519,0.34811944736322464,1893.0368342458937,0.6576294617810967,MEDIUM,MEDIUM,MEDIUM,5,COST_BASED,COST_BASED,false,false
1,baseline,1,2037,0.0,0.0,ELECTRIC_HEAT_PUMP,TOTAL,53906,911,1353,63406,0.655193525440648,0.6935871961923029,0.3154076955059349,1411.8823529411766,0.7063850864428571,MEDIUM,MEDIUM,MEDIUM,5,COST_BASED,COST_BASED,false,false
1,baseline,1,2038,0.0,0.0,ELECTRIC_HEAT_PUMP,TOTAL,53748,511,669,63917,0.6625280321441591,0.6609819906620643,0.31456444058465444,1593.3085106382978,0.6604666435013656,MEDIUM,MEDIUM,MEDIUM,5,COST_BASED,COST_BASED,false,false
1,baseline,1,2039,0.0,0.0,ELECTRIC_HEAT_PUMP,TOTAL,53652,202,298,64119,0.6627420963777976,0.656235204988312,0.33430117788213476,1656.3968253968253,0.6540662411918186,MEDIUM,MEDIUM,MEDIUM,5,COST_BASED,COST_BASED,false,false
1,baseline,1,2040,0.0,0.0,ELECTRIC_HEAT_PUMP,TOTAL,53889,8186,7949,72305,0.7427453088427125,0.7499451290449132,0.3961088018572962,1668.3184291294642,0.7523450691123152,MEDIUM,MEDIUM,MEDIUM,5,COST_BASED,COST_BASED,false,false
1,baseline,1,2041,0.0,0.0,ELECTRIC_HEAT_PUMP,TOTAL,53966,3354,3277,75659,0.7295248587833951,0.7186571603318882,0.3846759514849925,1694.336558396683,0.71503459418139,MEDIUM,MEDIUM,MEDIUM,5,COST_BASED,COST_BASED,false,false
1,baseline,1,2042,0.0,0.0,ELECTRIC_HEAT_PUMP,TOTAL,54096,2789,2659,78448,0.7223448918599032,0.7116019001206686,0.37601069474804216,1701.913913804419,0.7080209028742517,MEDIUM,MEDIUM,MEDIUM,5,COST_BASED,COST_BASED,false,false
1,baseline,1,2043,0.0,0.0,ELECTRIC_HEAT_PUMP,TOTAL,54283,4383,4196,82831,0.7324124111211778,0.7390784954485555,0.3886408464552411,1648.419781673834,0.7413005235576865,MEDIUM,MEDIUM,MEDIUM,5,COST_BASED,COST_BASED,false,false
1,baseline,1,2044,0.0,0.0,ELECTRIC_HEAT_PUMP,TOTAL,54359,3483,3407,86314,0.7287852111525953,0.7119516036729523,0.38699474529368416,1651.7840414263858,0.7063404011797347,MEDIUM,MEDIUM,MEDIUM,5,COST_BASED,COST_BASED,false,false
1,baseline,1,2045,0.0,0.0,ELECTRIC_HEAT_PUMP,TOTAL,54469,5140,5030,91454,0.7412042619099681,0.7498246167599161,0.40369640692860104,1627.555431131019,0.7526980683765642,MEDIUM,MEDIUM,MEDIUM,5,COST_BASED,COST_BASED,false,false
1,baseline,1,2046,0.0,0.0,ELECTRIC_HEAT_PUMP,TOTAL,54311,4681,4839,96135,0.732462044836216,0.7305334153296339,0.39340360596192187,1624.665918825209,0.7298905388274431,MEDIUM,MEDIUM,MEDIUM,5,COST_BASED,COST_BASED,false,false
1,baseline,1,2047,0.0,0.0,ELECTRIC_HEAT_PUMP,TOTAL,54388,3291,3214,99426,0.7263633914055061,0.7175676863483833,0.3835131099930931,1588.313619036618,0.7146357846626771,MEDIUM,MEDIUM,MEDIUM,5,COST_BASED,COST_BASED,false,false
1,baseline,1,2048,0.0,0.0,ELECTRIC_HEAT_PUMP,TOTAL,54764,4831,4455,104257,0.7295897862917862,0.7377852841000343,0.3850802518218238,1588.9770802192327,0.7405171167027792,MEDIUM,MEDIUM,MEDIUM,5,COST_BASED,COST_BASED,false,false
1,baseline,1,2049,0.0,0.0,ELECTRIC_HEAT_PUMP,TOTAL,54630,5227,5361,109484,0.7348388927638552,0.7186546337718378,0.39941049326831757,1478.8892692947277,0.7132598807745056,MEDIUM,MEDIUM,MEDIUM,5,COST_BASED,COST_BASED,false,false
1,baseline,1,2050,0.0,0.0,ELECTRIC_HEAT_PUMP,TOTAL,54590,4734,4774,114218,0.7379690916578494,0.7298902715124942,0.39859277862687764,1500.2526534631797,0.7271973314640394,MEDIUM,MEDIUM,MEDIUM,5,COST_BASED,COST_BASED,false,false
1,baseline,1,2024,0.0,0.0,ELECTRIC_HEAT_PUMP,PRIVATELY_OWNED,8339,8339,0,8339,0.0,0.0,0.0,0.0,0.0,MEDIUM,MEDIUM,MEDIUM,5,COST_BASED,COST_BASED,false,false
1,baseline,1,2025,0.0,0.0,ELECTRIC_HEAT_PUMP,PRIVATELY_OWNED,15531,7949,757,16288,0.7129732782302753,0.6840892547065186,0.0764728701239972,2316.9149051490513,0.6744612468652673,MEDIUM,MEDIUM,MEDIUM,5,COST_BASED,COST_BASED,false,false
1,baseline,1,2026,0.0,0.0,ELECTRIC_HEAT_PUMP,PRIVATELY_OWNED,18341,3277,467,19565,0.7133965259480114,0.6594497746495398,0.10982793375407167,2271.5753399818677,0.6414675242167154,MEDIUM,MEDIUM,MEDIUM,5,COST_BASED,COST_BASED,false,false
1,baseline,1,2027,0.0,0.0,ELECTRIC_HEAT_PUMP,PRIVATELY_OWNED,20615,2659,385,22224,0.7165406006338436,0.6571139735449004,0.12923440148101906,2249.649558344956,0.637305097848588,MEDIUM,MEDIUM,MEDIUM,5,COST_BASED,COST_BASED,false,false
1,baseline,1,2028,0.0,0.0,ELECTRIC_HEAT_PUMP,PRIVATELY_OWNED,24264,4196,547,26420,0.7148327101692321,0.6790238433851145,0.14521299678108363,2190.9775029129696,0.6670875544570698,MEDIUM,MEDIUM,MEDIUM,5,COST_BASED,COST_BASED,false,false
1,baseline,1,2029,0.0,0.0,ELECTRIC_HEAT_PUMP,PRIVATELY_OWNED,27258,3407,413,29827,0.7142467479045793,0.6670556309813058,0.1684797371452431,2155.5028115363684,0.651325258673547,MEDIUM,MEDIUM,MEDIUM,5,COST_BASED,COST_BASED,false,false
1,baseline,1,2030,0.0,0.0,ELECTRIC_HEAT_PUMP,PRIVATELY_OWNED,31916,5030,372,34857,0.7120189044939843,0.6885711598038726,0.19146270240882113,2123.51632863527,0.6807552449071642,MEDIUM,MEDIUM,MEDIUM,5,COST_BASED,COST_BASED,false,false
1,baseline,1,2031,0.0,0.0,ELECTRIC_HEAT_PUMP,PRIVATELY_OWNED,36293,4839,462,39696,0.7165211978392657,0.7006413325060996,0.22367138417371674,2081.0879919779395,0.6953480440617118,MEDIUM,MEDIUM,MEDIUM,5,COST_BASED,COST_BASED,false,false
1,baseline,1,2032,0.0,0.0,ELECTRIC_HEAT_PUMP,PRIVATELY_OWNED,39023,3214,484,42910,0.7136342429370216,0.661740633361974,0.244042481239778,2028.4516687268233,0.6444427635036235,MEDIUM,MEDIUM,MEDIUM,5,COST_BASED,COST_BASED,false,false
1,baseline,1,2033,0.0,0.0,ELECTRIC_HEAT_PUMP,PRIVATELY_OWNED,42931,4455,547,47365,0.7136784421694081,0.6835372295539338,0.26565906476508105,2031.4835506941522,0.6734901586821087,MEDIUM,MEDIUM,MEDIUM,5,COST_BASED,COST_BASED,false,false
1,baseline,1,2034,0.0,0.0,ELECTRIC_HEAT_PUMP,PRIVATELY_OWNED,47784,5361,508,52726,0.7123738703811247,0.6808849796368028,0.29387669901497565,1909.2041653998176,0.6703886827220258,MEDIUM,MEDIUM,MEDIUM,5,COST_BASED,COST_BASED,false,false
1,baseline,1,2035,0.0,0.0,ELECTRIC_HEAT_PUMP,PRIVATELY_OWNED,51881,4774,677,57500,0.7151458470273715,0.679144943989672,0.325014416934661,1949.3239177670066,0.6671446429771051,MEDIUM,MEDIUM,MEDIUM,5,COST_BASED,COST_BASED,false,false
1,baseline,1,2036,0.0,0.0,ELECTRIC_HEAT_PUMP,PRIVATELY_OWNED,54103,2867,645,60367,0.7156464307577218,0.6721337040252519,0.34811944736322464,1893.0368342458935,0.6576294617810967,MEDIUM,MEDIUM,MEDIUM,5,COST_BASED,COST_BASED,false,false
1,baseline,1,2037,0.0,0.0,ELECTRIC_HEAT_PUMP,PRIVATELY_OWNED,53770,911,1244,61278,0.655193525440648,0.6935871961923029,0.3154076955059349,1411.8823529411766,0.706385086442857,MEDIUM,MEDIUM,MEDIUM,5,COST_BASED,COST_BASED,false,false
1,baseline,1,2038,0.0,0.0,ELECTRIC_HEAT_PUMP,PRIVATELY_OWNED,53692,511,589,61789,0.6625280321441591,0.6609819906620643,0.31456444058465444,1593.3085106382978,0.6604666435013656,MEDIUM,MEDIUM,MEDIUM,5,COST_BASED,COST_BASED,false,false
1,baseline,1,2039,0.0,0.0,ELECTRIC_HEAT_PUMP,PRIVATELY_OWNED,53652,202,242,61991,0.6627420963777976,0.6562352049883121,0.33430117788213476,1656.3968253968253,0.6540662411918184,MEDIUM,MEDIUM,MEDIUM,5,COST_BASED,COST_BASED,false,false
1,baseline,1,2040,0.0,0.0,ELECTRIC_HEAT_PUMP,PRIVATELY_OWNED,53889,8186,7949,70177,0.7427453088427125,0.7499451290449132,0.3961088018572962,1668.3184291294642,0.7523450691123152,MEDIUM,MEDIUM,MEDIUM,5,COST_BASED,COST_BASED,false,false
1,baseline,1,2041,0.0,0.0,ELECTRIC_HEAT_PUMP,PRIVATELY_OWNED,53966,3354,3277,73531,0.7295248587833951,0.7186571603318882,0.3846759514849925,1694.336558396683,0.71503459418139,MEDIUM,MEDIUM,MEDIUM,5,COST_BASED,COST_BASED,false,false
1,baseline,1,2042,0.0,0.0,ELECTRIC_HEAT_PUMP,PRIVATELY_OWNED,54096,2789,2659,76320,0.7223448918599032,0.7116019001206686,0.3760106947480422,1701.913913804419,0.7080209028742517,MEDIUM,MEDIUM,MEDIUM,5,COST_BASED,COST_BASED,false,false
1,baseline,1,2043,0.0,0.0,ELECTRIC_HEAT_PUMP,PRIVATELY_OWNED,54283,4383,4196,80703,0.7324124111211778,0.7390784954485555,0.3886408464552411,1648.419781673834,0.7413005235576865,MEDIUM,MEDIUM,MEDIUM,5,COST_BASED,COST_BASED,false,false
1,baseline,1,2044,0.0,0.0,ELECTRIC_HEAT_PUMP,PRIVATELY_OWNED,54359,3483,3407,84186,0.7287852111525953,0.7119516036729523,0.38699474529368416,1651.7840414263858,0.7063404011797347,MEDIUM,MEDIUM,MEDIUM,5,COST_BASED,COST_BASED,false,false
1,baseline,1,2045,0.0,0.0,ELECTRIC_HEAT_PUMP,PRIVATELY_OWNED,54469,5140,5030,89326,0.7412042619099681,0.7498246167599161,0.40369640692860104,1627.555431131019,0.7526980683765642,MEDIUM,MEDIUM,MEDIUM,5,COST_BASED,COST_BASED,false,false
1,baseline,1,2046,0.0,0.0,ELECTRIC_HEAT_PUMP,PRIVATELY_OWNED,54311,4681,4839,94007,0.732462044836216,0.7305334153296339,0.39340360596192187,1624.665918825209,0.7298905388274431,MEDIUM,MEDIUM,MEDIUM,5,COST_BASED,COST_BASED,false,false
1,baseline,1,2047,0.0,0.0,ELECTRIC_HEAT_PUMP,PRIVATELY_OWNED,54388,3291,3214,97298,0.7263633914055061,0.7175676863483833,0.3835131099930931,1588.3136190366179,0.7146357846626771,MEDIUM,MEDIUM,MEDIUM,5,COST_BASED,COST_BASED,false,false
1,baseline,1,2048,0.0,0.0,ELECTRIC_HEAT_PUMP,PRIVATELY_OWNED,54764,4831,4455,102129,0.7295897862917862,0.7377852841000343,0.3850802518218238,1588.9770802192327,0.7405171167027792,MEDIUM,MEDIUM,MEDIUM,5,COST_BASED,COST_BASED,false,false
1,baseline,1,2049,0.0,0.0,ELECTRIC_HEAT_PUMP,PRIVATELY_OWNED,54630,5227,5361,107356,0.7348388927638552,0.7186546337718378,0.39941049326831757,1478.8892692947277,0.7132598807745056,MEDIUM,MEDIUM,MEDIUM,5,COST_BASED,COST_BASED,false,false
1,baseline,1,2050,0.0,0.0,ELECTRIC_HEAT_PUMP,PRIVATELY_OWNED,54590,4734,4774,112090,0.7379690916578494,0.7298902715124942,0.39859277862687764,1500.2526534631797,0.7271973314640394,MEDIUM,MEDIUM,MEDIUM,5,COST_BASED,COST_BASED,false,false
1,baseline,1,2024,0.0,0.0,ELECTRIC_HEAT_PUMP,SOCIAL_HOUSING,42,42,0,42,0.0,0.0,0.0,0.0,0.0,MEDIUM,MEDIUM,MEDIUM,5,COST_BASED,COST_BASED,false,false
1,baseline,1,2025,0.0,0.0,ELECTRIC_HEAT_PUMP,SOCIAL_HOUSING,42,0,0,42,0.0,0.0,0.0,0.0,0.0,MEDIUM,MEDIUM,MEDIUM,5,COST_BASED,COST_BASED,false,false
1,baseline,1,2026,0.0,0.0,ELECTRIC_HEAT_PUMP,SOCIAL_HOUSING,42,0,0,42,0.0,0.0,0.0,0.0,0.0,MEDIUM,MEDIUM,MEDIUM,5,COST_BASED,COST_BASED,false,false
1,baseline,1,2027,0.0,0.0,ELECTRIC_HEAT_PUMP,SOCIAL_HOUSING,42,0,0,42,0.0,0.0,0.0,0.0,0.0,MEDIUM,MEDIUM,MEDIUM,5,COST_BASED,COST_BASED,false,false
1,baseline,1,2028,0.0,0.0,ELECTRIC_HEAT_PUMP,SOCIAL_HOUSING,42,0,0,42,0.0,0.0,0.0,0.0,0.0,MEDIUM,MEDIUM,MEDIUM,5,COST_BASED,COST_BASED,false,false
1,baseline,1,2029,0.0,0.0,ELECTRIC_HEAT_PUMP,SOCIAL_HOUSING,42,0,0,42,0.0,0.0,0.0,0.0,0.0,MEDIUM,MEDIUM,MEDIUM,5,COST_BASED,COST_BASED,false,false
1,baseline,1,2030,0.0,0.0,ELECTRIC_HEAT_PUMP,SOCIAL_HOUSING,42,0,0,42,0.0,0.0,0.0,0.0,0.0,MEDIUM,MEDIUM,MEDIUM,5,COST_BASED,COST_BASED,false,false
1,baseline,1,2031,0.0,0.0,ELECTRIC_HEAT_PUMP,SOCIAL_HOUSING,42,0,0,42,0.0,0.0,0.0,0.0,0.0,MEDIUM,MEDIUM,MEDIUM,5,COST_BASED,COST_BASED,false,false
1,baseline,1,2032,0.0,0.0,ELECTRIC_HEAT_PUMP,SOCIAL_HOUSING,0,0,42,42,0.0,0.0,0.0,0.0,0.0,MEDIUM,MEDIUM,MEDIUM,5,COST_BASED,COST_BASED,false,false
1,baseline,1,2033,0.0,0.0,ELECTRIC_HEAT_PUMP,SOCIAL_HOUSING,0,0,0,42,0.0,0.0,0.0,0.0,0.0,MEDIUM,MEDIUM,MEDIUM,5,COST_BASED,COST_BASED,false,false
1,baseline,1,2034,0.0,0.0,ELECTRIC_HEAT_PUMP,SOCIAL_HOUSING,0,0,0,42,0.0,0.0,0.0,0.0,0.0,MEDIUM,MEDIUM,MEDIUM,5,COST_BASED,COST_BASED,false,false
1,baseline,1,2035,0.0,0.0,ELECTRIC_HEAT_PUMP,SOCIAL_HOUSING,0,0,0,42,0.0,0.0,0.0,0.0,0.0,MEDIUM,MEDIUM,MEDIUM,5,COST_BASED,COST_BASED,false,false
1,baseline,1,2036,0.0,0.0,ELECTRIC_HEAT_PUMP,SOCIAL_HOUSING,0,0,0,42,0.0,0.0,0.0,0.0,0.0,MEDIUM,MEDIUM,MEDIUM,5,COST_BASED,COST_BASED,false,false
1,baseline,1,2037,0.0,0.0,ELECTRIC_HEAT_PUMP,SOCIAL_HOUSING,0,0,0,42,0.0,0.0,0.0,0.0,0.0,MEDIUM,MEDIUM,MEDIUM,5,COST_BASED,COST_BASED,false,false
1,baseline,1,2038,0.0,0.0,ELECTRIC_HEAT_PUMP,SOCIAL_HOUSING,0,0,0,42,0.0,0.0,0.0,0.0,0.0,MEDIUM,MEDIUM,MEDIUM,5,COST_BASED,COST_BASED,false,false
1,baseline,1,2039,0.0,0.0,ELECTRIC_HEAT_PUMP,SOCIAL_HOUSING,0,0,0,42,0.0,0.0,0.0,0.0,0.0,MEDIUM,MEDIUM,MEDIUM,5,COST_BASED,COST_BASED,false,false
1,baseline,1,2040,0.0,0.0,ELECTRIC_HEAT_PUMP,SOCIAL_HOUSING,0,0,0,42,0.0,0.0,0.0,0.0,0.0,MEDIUM,MEDIUM,MEDIUM,5,COST_BASED,COST_BASED,false,false
1,baseline,1,2041,0.0,0.0,ELECTRIC_HEAT_PUMP,SOCIAL_HOUSING,0,0,0,42,0.0,0.0,0.0,0.0,0.0,MEDIUM,MEDIUM,MEDIUM,5,COST_BASED,COST_BASED,false,false
1,baseline,1,2042,0.0,0.0,ELECTRIC_HEAT_PUMP,SOCIAL_HOUSING,0,0,0,42,0.0,0.0,0.0,0.0,0.0,MEDIUM,MEDIUM,MEDIUM,5,COST_BASED,COST_BASED,false,false
1,baseline,1,2043,0.0,0.0,ELECTRIC_HEAT_PUMP,SOCIAL_HOUSING,0,0,0,42,0.0,0.0,0.0,0.0,0.0,MEDIUM,MEDIUM,MEDIUM,5,COST_BASED,COST_BASED,false,false
1,baseline,1,2044,0.0,0.0,ELECTRIC_HEAT_PUMP,SOCIAL_HOUSING,0,0,0,42,0.0,0.0,0.0,0.0,0.0,MEDIUM,MEDIUM,MEDIUM,5,COST_BASED,COST_BASED,false,false
1,baseline,1,2045,0.0,0.0,ELECTRIC_HEAT_PUMP,SOCIAL_HOUSING,0,0,0,42,0.0,0.0,0.0,0.0,0.0,MEDIUM,MEDIUM,MEDIUM,5,COST_BASED,COST_BASED,false,false
1,baseline,1,2046,0.0,0.0,ELECTRIC_HEAT_PUMP,SOCIAL_HOUSING,0,0,0,42,0.0,0.0,0.0,0.0,0.0,MEDIUM,MEDIUM,MEDIUM,5,COST_BASED,COST_BASED,false,false
1,baseline,1,2047,0.0,0.0,ELECTRIC_HEAT_PUMP,SOCIAL_HOUSING,0,0,0,42,0.0,0.0,0.0,0.0,0.0,MEDIUM,MEDIUM,MEDIUM,5,COST_BASED,COST_BASED,false,false
1,baseline,1,2048,0.0,0.0,ELECTRIC_HEAT_PUMP,SOCIAL_HOUSING,0,0,0,42,0.0,0.0,0.0,0.0,0.0,MEDIUM,MEDIUM,MEDIUM,5,COST_BASED,COST_BASED,false,false
1,baseline,1,2049,0.0,0.0,ELECTRIC_HEAT_PUMP,SOCIAL_HOUSING,0,0,0,42,0.0,0.0,0.0,0.0,0.0,MEDIUM,MEDIUM,MEDIUM,5,COST_BASED,COST_BASED,false,false
1,baseline,1,2050,0.0,0.0,ELECTRIC_HEAT_PUMP,SOCIAL_HOUSING,0,0,0,42,0.0,0.0,0.0,0.0,0.0,MEDIUM,MEDIUM,MEDIUM,5,COST_BASED,COST_BASED,false,false
1,baseline,1,2024,0.0,0.0,ELECTRIC_HEAT_PUMP,PRIVATELY_RENTED,2086,2086,0,2086,0.0,0.0,0.0,0.0,0.0,MEDIUM,MEDIUM,MEDIUM,5,COST_BASED,COST_BASED,false,false
1,baseline,1,2025,0.0,0.0,ELECTRIC_HEAT_PUMP,PRIVATELY_RENTED,1862,0,224,2086,0.0,0.0,0.0,0.0,0.0,MEDIUM,MEDIUM,MEDIUM,5,COST_BASED,COST_BASED,false,false
1,baseline,1,2026,0.0,0.0,ELECTRIC_HEAT_PUMP,PRIVATELY_RENTED,1711,0,151,2086,0.0,0.0,0.0,0.0,0.0,MEDIUM,MEDIUM,MEDIUM,5,COST_BASED,COST_BASED,false,false
1,baseline,1,2027,0.0,0.0,ELECTRIC_HEAT_PUMP,PRIVATELY_RENTED,1617,0,94,2086,0.0,0.0,0.0,0.0,0.0,MEDIUM,MEDIUM,MEDIUM,5,COST_BASED,COST_BASED,false,false
1,baseline,1,2028,0.0,0.0,ELECTRIC_HEAT_PUMP,PRIVATELY_RENTED,1233,0,384,2086,0.0,0.0,0.0,0.0,0.0,MEDIUM,MEDIUM,MEDIUM,5,COST_BASED,COST_BASED,false,false
1,baseline,1,2029,0.0,0.0,ELECTRIC_HEAT_PUMP,PRIVATELY_RENTED,1088,0,145,2086,0.0,0.0,0.0,0.0,0.0,MEDIUM,MEDIUM,MEDIUM,5,COST_BASED,COST_BASED,false,false
1,baseline,1,2030,0.0,0.0,ELECTRIC_HEAT_PUMP,PRIVATELY_RENTED,997,0,91,2086,0.0,0.0,0.0,0.0,0.0,MEDIUM,MEDIUM,MEDIUM,5,COST_BASED,COST_BASED,false,false
1,baseline,1,2031,0.0,0.0,ELECTRIC_HEAT_PUMP,PRIVATELY_RENTED,909,0,88,2086,0.0,0.0,0.0,0.0,0.0,MEDIUM,MEDIUM,MEDIUM,5,COST_BASED,COST_BASED,false,false
1,baseline,1,2032,0.0,0.0,ELECTRIC_HEAT_PUMP,PRIVATELY_RENTED,803,0,106,2086,0.0,0.0,0.0,0.0,0.0,MEDIUM,MEDIUM,MEDIUM,5,COST_BASED,COST_BASED,false,false
1,baseline,1,2033,0.0,0.0,ELECTRIC_HEAT_PUMP,PRIVATELY_RENTED,655,0,148,2086,0.0,0.0,0.0,0.0,0.0,MEDIUM,MEDIUM,MEDIUM,5,COST_BASED,COST_BASED,false,false
1,baseline,1,2034,0.0,0.0,ELECTRIC_HEAT_PUMP,PRIVATELY_RENTED,525,0,130,2086,0.0,0.0,0.0,0.0,0.0,MEDIUM,MEDIUM,MEDIUM,5,COST_BASED,COST_BASED,false,false
1,baseline,1,2035,0.0,0.0,ELECTRIC_HEAT_PUMP,PRIVATELY_RENTED,360,0,165,2086,0.0,0.0,0.0,0.0,0.0,MEDIUM,MEDIUM,MEDIUM,5,COST_BASED,COST_BASED,false,false
1,baseline,1,2036,0.0,0.0,ELECTRIC_HEAT_PUMP,PRIVATELY_RENTED,245,0,115,2086,0.0,0.0,0.0,0.0,0.0,MEDIUM,MEDIUM,MEDIUM,5,COST_BASED,COST_BASED,false,false
1,baseline,1,2037,0.0,0.0,ELECTRIC_HEAT_PUMP,PRIVATELY_RENTED,136,0,109,2086,0.0,0.0,0.0,0.0,0.0,MEDIUM,MEDIUM,MEDIUM,5,COST_BASED,COST_BASED,false,false
1,baseline,1,2038,0.0,0.0,ELECTRIC_HEAT_PUMP,PRIVATELY_RENTED,56,0,80,2086,0.0,0.0,0.0,0.0,0.0,MEDIUM,MEDIUM,MEDIUM,5,COST_BASED,COST_BASED,false,false
1,baseline,1,2039,0.0,0.0,ELECTRIC_HEAT_PUMP,PRIVATELY_RENTED,0,0,56,2086,0.0,0.0,0.0,0.0,0.0,MEDIUM,MEDIUM,MEDIUM,5,COST_BASED,COST_BASED,false,false
1,baseline,1,2040,0.0,0.0,ELECTRIC_HEAT_PUMP,PRIVATELY_RENTED,0,0,0,2086,0.0,0.0,0.0,0.0,0.0,MEDIUM,MEDIUM,MEDIUM,5,COST_BASED,COST_BASED,false,false
1,baseline,1,2041,0.0,0.0,ELECTRIC_HEAT_PUMP,PRIVATELY_RENTED,0,0,0,2086,0.0,0.0,0.0,0.0,0.0,MEDIUM,MEDIUM,MEDIUM,5,COST_BASED,COST_BASED,false,false
1,baseline,1,2042,0.0,0.0,ELECTRIC_HEAT_PUMP,PRIVATELY_RENTED,0,0,0,2086,0.0,0.0,0.0,0.0,0.0,MEDIUM,MEDIUM,MEDIUM,5,COST_BASED,COST_BASED,false,false
1,baseline,1,2043,0.0,0.0,ELECTRIC_HEAT_PUMP,PRIVATELY_RENTED,0,0,0,2086,0.0,0.0,0.0,0.0,0.0,MEDIUM,MEDIUM,MEDIUM,5,COST_BASED,COST_BASED,false,false
1,baseline,1,2044,0.0,0.0,ELECTRIC_HEAT_PUMP,PRIVATELY_RENTED,0,0,0,2086,0.0,0.0,0.0,0.0,0.0,MEDIUM,MEDIUM,MEDIUM,5,COST_BASED,COST_BASED,false,false
1,baseline,1,2045,0.0,0.0,ELECTRIC_HEAT_PUMP,PRIVATELY_RENTED,0,0,0,2086,0.0,0.0,0.0,0.0,0.0,MEDIUM,MEDIUM,MEDIUM,5,COST_BASED,COST_BASED,false,false
1,baseline,1,2046,0.0,0.0,ELECTRIC_HEAT_PUMP,PRIVATELY_RENTED,0,0,0,2086,0.0,0.0,0.0,0.0,0.0,MEDIUM,MEDIUM,MEDIUM,5,COST_BASED,COST_BASED,false,false
1,baseline,1,2047,0.0,0.0,ELECTRIC_HEAT_PUMP,PRIVATELY_RENTED,0,0,0,2086,0.0,0.0,0.0,0.0,0.0,MEDIUM,MEDIUM,MEDIUM,5,COST_BASED,COST_BASED,false,false
1,baseline,1,2048,0.0,0.0,ELECTRIC_HEAT_PUMP,PRIVATELY_RENTED,0,0,0,2086,0.0,0.0,0.0,0.0,0.0,MEDIUM,MEDIUM,MEDIUM,5,COST_BASED,COST_BASED,false,false
1,baseline,1,2049,0.0,0.0,ELECTRIC_HEAT_PUMP,PRIVATELY_RENTED,0,0,0,2086,0.0,0.0,0.0,0.0,0.0,MEDIUM,MEDIUM,MEDIUM,5,COST_BASED,COST_BASED,false,false
1,baseline,1,2050,0.0,0.0,ELECTRIC_HEAT_PUMP,PRIVATELY_RENTED,0,0,0,2086,0.0,0.0,0.0,0.0,0.0,MEDIUM,MEDIUM,MEDIUM,5,COST_BASED,COST_BASED,false,false
1,baseline,1,2024,0.0,0.0,HYBRID_HEAT_PUMP,TOTAL,1904,1904,0,1904,0.0,0.0,0.0,0.0,0.0,MEDIUM,MEDIUM,MEDIUM,5,COST_BASED,COST_BASED,false,false
1,baseline,1,2025,0.0,0.0,HYBRID_HEAT_PUMP,TOTAL,7812,6143,235,8047,0.7237866003849691,0.6552656238762051,0.027043220903507265,1665.5379227243031,0.6324252983732868,MEDIUM,MEDIUM,MEDIUM,5,COST_BASED,COST_BASED,false,false
1,baseline,1,2026,0.0,0.0,HYBRID_HEAT_PUMP,TOTAL,13007,5311,116,13358,0.7086431747197549,0.6481650929227473,0.05737844383919653,1598.5984801724398,0.6280057323237462,MEDIUM,MEDIUM,MEDIUM,5,COST_BASED,COST_BASED,false,false
1,baseline,1,2027,0.0,0.0,HYBRID_HEAT_PUMP,TOTAL,19294,6386,99,19744,0.7149852044821592,0.6680407355250588,0.09089841928636383,1596.3456611779923,0.6523925792060201,MEDIUM,MEDIUM,MEDIUM,5,COST_BASED,COST_BASED,false,false
1,baseline,1,2028,0.0,0.0,HYBRID_HEAT_PUMP,TOTAL,24286,5094,102,24838,0.6431314326633129,0.5894883618487047,0.10933336398685431,1397.1593622227126,0.5716073382438344,MEDIUM,MEDIUM,MEDIUM,5,COST_BASED,COST_BASED,false,false
1,baseline,1,2029,0.0,0.0,HYBRID_HEAT_PUMP,TOTAL,29390,5215,111,30053,0.6665056098822292,0.6116468456137417,0.13829494845015722,1428.3012082310806,0.5933605908575742,MEDIUM,MEDIUM,MEDIUM,5,COST_BASED,COST_BASED,false,false
1,baseline,1,2030,0.0,0.0,HYBRID_HEAT_PUMP,TOTAL,33446,4184,128,34237,0.6398417598226601,0.5806600692356757,0.15418283258405524,1358.0696219847812,0.5609328390400126,MEDIUM,MEDIUM,MEDIUM,5,COST_BASED,COST_BASED,false,false
1,baseline,1,2031,0.0,0.0,HYBRID_HEAT_PUMP,TOTAL,38449,5108,105,39345,0.6553395390941371,0.6174484214759629,0.1772493756867354,1382.5457415390367,0.6048180489365709,MEDIUM,MEDIUM,MEDIUM,5,COST_BASED,COST_BASED,false,false
1,baseline,1,2032,0.0,0.0,HYBRID_HEAT_PUMP,TOTAL,44046,5736,139,45081,0.6430553201743888,0.5892452618510059,0.2007710134825942,1323.6466285839397,0.5713085757432081,MEDIUM,MEDIUM,MEDIUM,5,COST_BASED,COST_BASED,false,false
1,baseline,1,2033,0.0,0.0,HYBRID_HEAT_PUMP,TOTAL,49907,5997,136,51078,0.6402508972072365,0.5927999345427518,0.22533116515508292,1317.4576539426632,0.5769829469879212,MEDIUM,MEDIUM,MEDIUM,5,COST_BASED,COST_BASED,false,false
1,baseline,1,2034,0.0,0.0,HYBRID_HEAT_PUMP,TOTAL,54969,5169,107,56247,0.6181438058723763,0.55811010108831,0.24069961190112688,1205.4178485199643,0.5380988661602876,MEDIUM,MEDIUM,MEDIUM,5,COST_BASED,COST_BASED,false,false
1,baseline,1,2035,0.0,0.0,HYBRID_HEAT_PUMP,TOTAL,59800,4964,133,61211,0.6004758432431585,0.5427236089812127,0.2543394772578466,1193.3180894753777,0.5234728642272282,MEDIUM,MEDIUM,MEDIUM,5,COST_BASED,COST_BASED,false,false
1,baseline,1,2036,0.0,0.0,HYBRID_HEAT_PUMP,TOTAL,63813,4132,119,65343,0.596871301669259,0.5439167915985642,0.26848233597831145,1160.9981738758356,0.5262652882416667,MEDIUM,MEDIUM,MEDIUM,5,COST_BASED,COST_BASED,false,false
1,baseline,1,2037,0.0,0.0,HYBRID_HEAT_PUMP,TOTAL,64549,906,170,66249,0.6152235356308418,0.5745392695032958,0.2866119891098955,901.9534619262587,0.5609778474607799,MEDIUM,MEDIUM,MEDIUM,5,COST_BASED,COST_BASED,false,false
1,baseline,1,2038,0.0,0.0,HYBRID_HEAT_PUMP,TOTAL,64901,468,116,66717,0.43307191420768243,0.37542173707402676,0.20194242856960787,713.6677577741408,0.35620501136280663,MEDIUM,MEDIUM,MEDIUM,5,COST_BASED,COST_BASED,false,false
1,baseline,1,2039,0.0,0.0,HYBRID_HEAT_PUMP,TOTAL,65153,340,88,67057,0.4895648098097674,0.4567387397364923,0.22522997212523635,843.2427470988396,0.44579671637873386,MEDIUM,MEDIUM,MEDIUM,5,COST_BASED,COST_BASED,false,false
1,baseline,1,2040,0.0,0.0,HYBRID_HEAT_PUMP,TOTAL,65126,6116,6143,73173,0.6951312613874807,0.6804662292909126,0.3122286129015312,1168.727924468461,0.6755778852587233,MEDIUM,MEDIUM,MEDIUM,5,COST_BASED,COST_BASED,false,false
1,baseline,1,2041,0.0,0.0,HYBRID_HEAT_PUMP,TOTAL,65217,5402,5311,78575,0.6861694579735484,0.6891703045102314,0.3109777843300647,1168.2850909007482,0.6901705866891239,MEDIUM,MEDIUM,MEDIUM,5,COST_BASED,COST_BASED,false,false
1,baseline,1,2042,0.0,0.0,HYBRID_HEAT_PUMP,TOTAL,65343,6512,6386,85087,0.7013270633301053,0.7145432650927469,0.32122056628085927,1194.331570711117,0.7189486656802935,MEDIUM,MEDIUM,MEDIUM,5,COST_BASED,COST_BASED,false,false
1,baseline,1,2043,0.0,0.0,HYBRID_HEAT_PUMP,TOTAL,65313,5064,5094,90151,0.6203282793803502,0.6116123427553474,0.28136327302507896,1030.5041524719122,0.6087070305470154,MEDIUM,MEDIUM,MEDIUM,5,COST_BASED,COST_BASED,false,false
1,baseline,1,2044,0.0,0.0,HYBRID_HEAT_PUMP,TOTAL,65353,5255,5215,95406,0.6454553976855595,0.6355405658162046,0.2923431160737663,1074.6405437996978,0.6322356218597505,MEDIUM,MEDIUM,MEDIUM,5,COST_BASED,COST_BASED,false,false
1,baseline,1,2045,0.0,0.0,HYBRID_HEAT_PUMP,TOTAL,65382,4213,4184,99619,0.6098532469110242,0.5986506649557292,0.2715332958323099,1013.7553187502343,0.5949164709706347,MEDIUM,MEDIUM,MEDIUM,5,COST_BASED,COST_BASED,false,false
1,baseline,1,2046,0.0,0.0,HYBRID_HEAT_PUMP,TOTAL,65788,5514,5108,105133,0.6414950434371263,0.6549569251263587,0.28836055104864,1073.5017661272134,0.6594442190227686,MEDIUM,MEDIUM,MEDIUM,5,COST_BASED,COST_BASED,false,false
1,baseline,1,2047,0.0,0.0,HYBRID_HEAT_PUMP,TOTAL,65910,5858,5736,110991,0.6260197774705434,0.6277016193464146,0.28908093123994183,1014.7030580659607,0.6282622333050369,MEDIUM,MEDIUM,MEDIUM,5,COST_BASED,COST_BASED,false,false
1,baseline,1,2048,0.0,0.0,HYBRID_HEAT_PUMP,TOTAL,65746,5833,5997,116824,0.6177957731737937,0.6032095087497317,0.28264564225313793,1001.0844437747501,0.5983474206083768,MEDIUM,MEDIUM,MEDIUM,5,COST_BASED,COST_BASED,false,false
1,baseline,1,2049,0.0,0.0,HYBRID_HEAT_PUMP,TOTAL,66042,5465,5169,122289,0.6015390455000578,0.5935232041997556,0.2696595119950288,926.4221649709198,0.5908512570996566,MEDIUM,MEDIUM,MEDIUM,5,COST_BASED,COST_BASED,false,false
1,baseline,1,2050,0.0,0.0,HYBRID_HEAT_PUMP,TOTAL,66176,5098,4964,127387,0.5822206893948668,0.5783723252176727,0.26435440004869665,904.3357817373634,0.5770895371586087,MEDIUM,MEDIUM,MEDIUM,5,COST_BASED,COST_BASED,false,false
1,baseline,1,2024,0.0,0.0,HYBRID_HEAT_PUMP,PRIVATELY_OWNED,1563,1563,0,1563,0.0,0.0,0.0,0.0,0.0,MEDIUM,MEDIUM,MEDIUM,5,COST_BASED,COST_BASED,false,false
1,baseline,1,2025,0.0,0.0,HYBRID_HEAT_PUMP,PRIVATELY_OWNED,7172,5801,192,7364,0.7664576945638452,0.6938970397296205,0.028637563525296523,1763.7302981029811,0.669710154784882,MEDIUM,MEDIUM,MEDIUM,5,COST_BASED,COST_BASED,false,false
1,baseline,1,2026,0.0,0.0,HYBRID_HEAT_PUMP,PRIVATELY_OWNED,11992,4918,98,12282,0.7652712283319679,0.6999603107996565,0.06196358585400016,1726.3433363553943,0.6781900049555544,MEDIUM,MEDIUM,MEDIUM,5,COST_BASED,COST_BASED,false,false
1,baseline,1,2027,0.0,0.0,HYBRID_HEAT_PUMP,PRIVATELY_OWNED,17892,5984,84,18266,0.763017298767224,0.7129191405519761,0.09700489731997317,1703.5867968386797,0.6962197544802214,MEDIUM,MEDIUM,MEDIUM,5,COST_BASED,COST_BASED,false,false
1,baseline,1,2028,0.0,0.0,HYBRID_HEAT_PUMP,PRIVATELY_OWNED,22092,4280,80,22546,0.7654466163520831,0.7016013353404911,0.1301271392871579,1662.8807923276865,0.6803195750032925,MEDIUM,MEDIUM,MEDIUM,5,COST_BASED,COST_BASED,false,false
1,baseline,1,2029,0.0,0.0,HYBRID_HEAT_PUMP,PRIVATELY_OWNED,26540,4539,91,27085,0.7657692785934843,0.7027403172231027,0.15889142017351177,1641.0202249229094,0.6817306634329697,MEDIUM,MEDIUM,MEDIUM,5,COST_BASED,COST_BASED,false,false
1,baseline,1,2030,0.0,0.0,HYBRID_HEAT_PUMP,PRIVATELY_OWNED,29932,3490,98,30575,0.7670767687959914,0.6961265701094748,0.18484268525263242,1628.1270195943623,0.672476503880634,MEDIUM,MEDIUM,MEDIUM,5,COST_BASED,COST_BASED,false,false
1,baseline,1,2031,0.0,0.0,HYBRID_HEAT_PUMP,PRIVATELY_OWNED,34230,4383,85,34958,0.763740443918059,0.7195816876338623,0.2065685172274343,1611.2351466532966,0.704862102205796,MEDIUM,MEDIUM,MEDIUM,5,COST_BASED,COST_BASED,false,false
1,baseline,1,2032,0.0,0.0,HYBRID_HEAT_PUMP,PRIVATELY_OWNED,38927,4818,121,39776,0.7655801819261715,0.701517397670687,0.23902501729683692,1575.8482900700453,0.680163136252188,MEDIUM,MEDIUM,MEDIUM,5,COST_BASED,COST_BASED,false,false
1,baseline,1,2033,0.0,0.0,HYBRID_HEAT_PUMP,PRIVATELY_OWNED,43833,5017,111,44793,0.7653148556013151,0.7085950184279216,0.26934642165338496,1574.8043752629364,0.6896884060367876,MEDIUM,MEDIUM,MEDIUM,5,COST_BASED,COST_BASED,false,false
1,baseline,1,2034,0.0,0.0,HYBRID_HEAT_PUMP,PRIVATELY_OWNED,47923,4165,75,48958,0.7671513403491748,0.6926461254562964,0.2987217992597659,1495.991562785041,0.6678110538253365,MEDIUM,MEDIUM,MEDIUM,5,COST_BASED,COST_BASED,false,false
1,baseline,1,2035,0.0,0.0,HYBRID_HEAT_PUMP,PRIVATELY_OWNED,51707,3900,116,52858,0.7642979707330869,0.6907897423032667,0.32372850387383345,1518.8797426040448,0.6662869994933233,MEDIUM,MEDIUM,MEDIUM,5,COST_BASED,COST_BASED,false,false
1,baseline,1,2036,0.0,0.0,HYBRID_HEAT_PUMP,PRIVATELY_OWNED,54837,3229,99,56087,0.7637882373791819,0.6960248321106434,0.3435642651788117,1485.6749626679941,0.6734370303544648,MEDIUM,MEDIUM,MEDIUM,5,COST_BASED,COST_BASED,false,false
1,baseline,1,2037,0.0,0.0,HYBRID_HEAT_PUMP,PRIVATELY_OWNED,55418,726,145,56813,0.7677582965310504,0.7169870222727079,0.35767281285615055,1125.578287197232,0.7000632641865931,MEDIUM,MEDIUM,MEDIUM,5,COST_BASED,COST_BASED,false,false
1,baseline,1,2038,0.0,0.0,HYBRID_HEAT_PUMP,PRIVATELY_OWNED,55585,264,97,57077,0.7677183933681644,0.6655203520857748,0.357988850646123,1265.1382978723404,0.6314543383249754,MEDIUM,MEDIUM,MEDIUM,5,COST_BASED,COST_BASED,false,false
1,baseline,1,2039,0.0,0.0,HYBRID_HEAT_PUMP,PRIVATELY_OWNED,55733,219,71,57296,0.7600549558690453,0.7090921073534584,0.3496721028428327,1309.1439909297053,0.692104491181596,MEDIUM,MEDIUM,MEDIUM,5,COST_BASED,COST_BASED,false,false
1,baseline,1,2040,0.0,0.0,HYBRID_HEAT_PUMP,PRIVATELY_OWNED,55652,5720,5801,63016,0.743255733329691,0.7275754297802836,0.3338444399485603,1249.639857700893,0.7223486619304811,MEDIUM,MEDIUM,MEDIUM,5,COST_BASED,COST_BASED,false,false
1,baseline,1,2041,0.0,0.0,HYBRID_HEAT_PUMP,PRIVATELY_OWNED,55680,4946,4918,67962,0.7494313408760834,0.7527088526009442,0.3396486031037221,1275.9959686708132,0.7538013565092291,MEDIUM,MEDIUM,MEDIUM,5,COST_BASED,COST_BASED,false,false
1,baseline,1,2042,0.0,0.0,HYBRID_HEAT_PUMP,PRIVATELY_OWNED,55763,6067,5984,74029,0.7527677330485654,0.7669533117329764,0.34478132975456655,1281.9329468387662,0.7716818379611128,MEDIUM,MEDIUM,MEDIUM,5,COST_BASED,COST_BASED,false,false
1,baseline,1,2043,0.0,0.0,HYBRID_HEAT_PUMP,PRIVATELY_OWNED,55684,4201,4280,78230,0.7477606300362041,0.7372542022644797,0.3391629646748393,1242.1978167383395,0.7337520596739076,MEDIUM,MEDIUM,MEDIUM,5,COST_BASED,COST_BASED,false,false
1,baseline,1,2044,0.0,0.0,HYBRID_HEAT_PUMP,PRIVATELY_OWNED,55674,4529,4539,82759,0.7489220832054791,0.7374179009415225,0.3392058014942905,1246.905731434624,0.7335831735202006,MEDIUM,MEDIUM,MEDIUM,5,COST_BASED,COST_BASED,false,false
1,baseline,1,2045,0.0,0.0,HYBRID_HEAT_PUMP,PRIVATELY_OWNED,55644,3460,3490,86219,0.7425756442879031,0.7289350437741292,0.33062710269986173,1234.378947368421,0.7243881769362093,MEDIUM,MEDIUM,MEDIUM,5,COST_BASED,COST_BASED,false,false
1,baseline,1,2046,0.0,0.0,HYBRID_HEAT_PUMP,PRIVATELY_OWNED,56008,4747,4383,90966,0.7451450746813386,0.760782069759162,0.33495261817615357,1246.9535998368347,0.7659944014517688,MEDIUM,MEDIUM,MEDIUM,5,COST_BASED,COST_BASED,false,false
1,baseline,1,2047,0.0,0.0,HYBRID_HEAT_PUMP,PRIVATELY_OWNED,56071,4881,4818,95847,0.751326338132031,0.7533448240383726,0.346944498095386,1217.8099803627122,0.7540176526738182,MEDIUM,MEDIUM,MEDIUM,5,COST_BASED,COST_BASED,false,false
1,baseline,1,2048,0.0,0.0,HYBRID_HEAT_PUMP,PRIVATELY_OWNED,55854,4800,5017,100647,0.7507505718589039,0.7330252217785802,0.3434733398463653,1216.526158445441,0.7271167717518044,MEDIUM,MEDIUM,MEDIUM,5,COST_BASED,COST_BASED,false,false
1,baseline,1,2049,0.0,0.0,HYBRID_HEAT_PUMP,PRIVATELY_OWNED,56105,4416,4165,105063,0.7444318124225127,0.7345118457770979,0.3337158589340653,1146.4893866771006,0.7312051902286284,MEDIUM,MEDIUM,MEDIUM,5,COST_BASED,COST_BASED,false,false
1,baseline,1,2050,0.0,0.0,HYBRID_HEAT_PUMP,PRIVATELY_OWNED,56191,3986,3900,109049,0.7446465314939867,0.7397245644655532,0.33810304351436415,1156.6241383083488,0.7380839087894098,MEDIUM,MEDIUM,MEDIUM,5,COST_BASED,COST_BASED,false,false
1,baseline,1,2024,0.0,0.0,HYBRID_HEAT_PUMP,SOCIAL_HOUSING,0,0,0,0,0.0,0.0,0.0,0.0,0.0,MEDIUM,MEDIUM,MEDIUM,5,COST_BASED,COST_BASED,false,false
1,baseline,1,2025,0.0,0.0,HYBRID_HEAT_PUMP,SOCIAL_HOUSING,0,0,0,0,0.0,0.0,0.0,0.0,0.0,MEDIUM,MEDIUM,MEDIUM,5,COST_BASED,COST_BASED,false,false
1,baseline,1,2026,0.0,0.0,HYBRID_HEAT_PUMP,SOCIAL_HOUSING,0,0,0,0,0.0,0.0,0.0,0.0,0.0,MEDIUM,MEDIUM,MEDIUM,5,COST_BASED,COST_BASED,false,false
1,baseline,1,2027,0.0,0.0,HYBRID_HEAT_PUMP,SOCIAL_HOUSING,0,0,0,0,0.0,0.0,0.0,0.0,0.0,MEDIUM,MEDIUM,MEDIUM,5,COST_BASED,COST_BASED,false,false
1,baseline,1,2028,0.0,0.0,HYBRID_HEAT_PUMP,SOCIAL_HOUSING,0,0,0,0,0.0,0.0,0.0,0.0,0.0,MEDIUM,MEDIUM,MEDIUM,5,COST_BASED,COST_BASED,false,false
1,baseline,1,2029,0.0,0.0,HYBRID_HEAT_PUMP,SOCIAL_HOUSING,0,0,0,0,0.0,0.0,0.0,0.0,0.0,MEDIUM,MEDIUM,MEDIUM,5,COST_BASED,COST_BASED,false,false
1,baseline,1,2030,0.0,0.0,HYBRID_HEAT_PUMP,SOCIAL_HOUSING,0,0,0,0,0.0,0.0,0.0,0.0,0.0,MEDIUM,MEDIUM,MEDIUM,5,COST_BASED,COST_BASED,false,false
1,baseline,1,2031,0.0,0.0,HYBRID_HEAT_PUMP,SOCIAL_HOUSING,0,0,0,0,0.0,0.0,0.0,0.0,0.0,MEDIUM,MEDIUM,MEDIUM,5,COST_BASED,COST_BASED,false,false
1,baseline,1,2032,0.0,0.0,HYBRID_HEAT_PUMP,SOCIAL_HOUSING,0,0,0,0,0.0,0.0,0.0,0.0,0.0,MEDIUM,MEDIUM,MEDIUM,5,COST_BASED,COST_BASED,false,false
1,baseline,1,2033,0.0,0.0,HYBRID_HEAT_PUMP,SOCIAL_HOUSING,0,0,0,0,0.0,0.0,0.0,0.0,0.0,MEDIUM,MEDIUM,MEDIUM,5,COST_BASED,COST_BASED,false,false
1,baseline,1,2034,0.0,0.0,HYBRID_HEAT_PUMP,SOCIAL_HOUSING,0,0,0,0,0.0,0.0,0.0,0.0,0.0,MEDIUM,MEDIUM,MEDIUM,5,COST_BASED,COST_BASED,false,false
1,baseline,1,2035,0.0,0.0,HYBRID_HEAT_PUMP,SOCIAL_HOUSING,0,0,0,0,0.0,0.0,0.0,0.0,0.0,MEDIUM,MEDIUM,MEDIUM,5,COST_BASED,COST_BASED,false,false
1,baseline,1,2036,0.0,0.0,HYBRID_HEAT_PUMP,SOCIAL_HOUSING,0,0,0,0,0.0,0.0,0.0,0.0,0.0,MEDIUM,MEDIUM,MEDIUM,5,COST_BASED,COST_BASED,false,false
1,baseline,1,2037,0.0,0.0,HYBRID_HEAT_PUMP,SOCIAL_HOUSING,0,0,0,0,0.0,0.0,0.0,0.0,0.0,MEDIUM,MEDIUM,MEDIUM,5,COST_BASED,COST_BASED,false,false
1,baseline,1,2038,0.0,0.0,HYBRID_HEAT_PUMP,SOCIAL_HOUSING,0,0,0,0,0.0,0.0,0.0,0.0,0.0,MEDIUM,MEDIUM,MEDIUM,5,COST_BASED,COST_BASED,false,false
1,baseline,1,2039,0.0,0.0,HYBRID_HEAT_PUMP,SOCIAL_HOUSING,0,0,0,0,0.0,0.0,0.0,0.0,0.0,MEDIUM,MEDIUM,MEDIUM,5,COST_BASED,COST_BASED,false,false
1,baseline,1,2040,0.0,0.0,HYBRID_HEAT_PUMP,SOCIAL_HOUSING,0,0,0,0,0.0,0.0,0.0,0.0,0.0,MEDIUM,MEDIUM,MEDIUM,5,COST_BASED,COST_BASED,false,false
1,baseline,1,2041,0.0,0.0,HYBRID_HEAT_PUMP,SOCIAL_HOUSING,0,0,0,0,0.0,0.0,0.0,0.0,0.0,MEDIUM,MEDIUM,MEDIUM,5,COST_BASED,COST_BASED,false,false
1,baseline,1,2042,0.0,0.0,HYBRID_HEAT_PUMP,SOCIAL_HOUSING,0,0,0,0,0.0,0.0,0.0,0.0,0.0,MEDIUM,MEDIUM,MEDIUM,5,COST_BASED,COST_BASED,false,false
1,baseline,1,2043,0.0,0.0,HYBRID_HEAT_PUMP,SOCIAL_HOUSING,0,0,0,0,0.0,0.0,0.0,0.0,0.0,MEDIUM,MEDIUM,MEDIUM,5,COST_BASED,COST_BASED,false,false
1,baseline,1,2044,0.0,0.0,HYBRID_HEAT_PUMP,SOCIAL_HOUSING,0,0,0,0,0.0,0.0,0.0,0.0,0.0,MEDIUM,MEDIUM,MEDIUM,5,COST_BASED,COST_BASED,false,false
1,baseline,1,2045,0.0,0.0,HYBRID_HEAT_PUMP,SOCIAL_HOUSING,0,0,0,0,0.0,0.0,0.0,0.0,0.0,MEDIUM,MEDIUM,MEDIUM,5,COST_BASED,COST_BASED,false,false
1,baseline,1,2046,0.0,0.0,HYBRID_HEAT_PUMP,SOCIAL_HOUSING,0,0,0,0,0.0,0.0,0.0,0.0,0.0,MEDIUM,MEDIUM,MEDIUM,5,COST_BASED,COST_BASED,false,false
1,baseline,1,2047,0.0,0.0,HYBRID_HEAT_PUMP,SOCIAL_HOUSING,0,0,0,0,0.0,0.0,0.0,0.0,0.0,MEDIUM,MEDIUM,MEDIUM,5,COST_BASED,COST_BASED,false,false
1,baseline,1,2048,0.0,0.0,HYBRID_HEAT_PUMP,SOCIAL_HOUSING,0,0,0,0,0.0,0.0,0.0,0.0,0.0,MEDIUM,MEDIUM,MEDIUM,5,COST_BASED,COST_BASED,false,false
1,baseline,1,2049,0.0,0.0,HYBRID_HEAT_PUMP,SOCIAL_HOUSING,0,0,0,0,0.0,0.0,0.0,0.0,0.0,MEDIUM,MEDIUM,MEDIUM,5,COST_BASED,COST_BASED,false,false
1,baseline,1,2050,0.0,0.0,HYBRID_HEAT_PUMP,SOCIAL_HOUSING,0,0,0,0,0.0,0.0,0.0,0.0,0.0,MEDIUM,MEDIUM,MEDIUM,5,COST_BASED,COST_BASED,false,false
1,baseline,1,2024,0.0,0.0,HYBRID_HEAT_PUMP,PRIVATELY_RENTED,341,341,0,341,0.0,0.0,0.0,0.0,0.0,MEDIUM,MEDIUM,MEDIUM,5,COST_BASED,COST_BASED,false,false
1,baseline,1,2025,0.0,0.0,HYBRID_HEAT_PUMP,PRIVATELY_RENTED,640,342,43,683,0.0,0.0,0.0,0.0,0.0,MEDIUM,MEDIUM,MEDIUM,5,COST_BASED,COST_BASED,false,false
1,baseline,1,2026,0.0,0.0,HYBRID_HEAT_PUMP,PRIVATELY_RENTED,1015,393,18,1076,0.0,0.0,0.0,0.0,0.0,MEDIUM,MEDIUM,MEDIUM,5,COST_BASED,COST_BASED,false,false
1,baseline,1,2027,0.0,0.0,HYBRID_HEAT_PUMP,PRIVATELY_RENTED,1402,402,15,1478,0.0,0.0,0.0,0.0,0.0,MEDIUM,MEDIUM,MEDIUM,5,COST_BASED,COST_BASED,false,false
1,baseline,1,2028,0.0,0.0,HYBRID_HEAT_PUMP,PRIVATELY_RENTED,2194,814,22,2292,0.0,0.0,0.0,0.0,0.0,MEDIUM,MEDIUM,MEDIUM,5,COST_BASED,COST_BASED,false,false
1,baseline,1,2029,0.0,0.0,HYBRID_HEAT_PUMP,PRIVATELY_RENTED,2850,676,20,2968,0.0,0.0,0.0,0.0,0.0,MEDIUM,MEDIUM,MEDIUM,5,COST_BASED,COST_BASED,false,false
1,baseline,1,2030,0.0,0.0,HYBRID_HEAT_PUMP,PRIVATELY_RENTED,3514,694,30,3662,0.0,0.0,0.0,0.0,0.0,MEDIUM,MEDIUM,MEDIUM,5,COST_BASED,COST_BASED,false,false
1,baseline,1,2031,0.0,0.0,HYBRID_HEAT_PUMP,PRIVATELY_RENTED,4219,725,20,4387,0.0,0.0,0.0,0.0,0.0,MEDIUM,MEDIUM,MEDIUM,5,COST_BASED,COST_BASED,false,false
1,baseline,1,2032,0.0,0.0,HYBRID_HEAT_PUMP,PRIVATELY_RENTED,5119,918,18,5305,0.0,0.0,0.0,0.0,0.0,MEDIUM,MEDIUM,MEDIUM,5,COST_BASED,COST_BASED,false,false
1,baseline,1,2033,0.0,0.0,HYBRID_HEAT_PUMP,PRIVATELY_RENTED,6074,980,25,6285,0.0,0.0,0.0,0.0,0.0,MEDIUM,MEDIUM,MEDIUM,5,COST_BASED,COST_BASED,false,false
1,baseline,1,2034,0.0,0.0,HYBRID_HEAT_PUMP,PRIVATELY_RENTED,7046,1004,32,7289,0.0,0.0,0.0,0.0,0.0,MEDIUM,MEDIUM,MEDIUM,5,COST_BASED,COST_BASED,false,false
1,baseline,1,2035,0.0,0.0,HYBRID_HEAT_PUMP,PRIVATELY_RENTED,8093,1064,17,8353,0.0,0.0,0.0,0.0,0.0,MEDIUM,MEDIUM,MEDIUM,5,COST_BASED,COST_BASED,false,false
1,baseline,1,2036,0.0,0.0,HYBRID_HEAT_PUMP,PRIVATELY_RENTED,8976,903,20,9256,0.0,0.0,0.0,0.0,0.0,MEDIUM,MEDIUM,MEDIUM,5,COST_BASED,COST_BASED,false,false
1,baseline,1,2037,0.0,0.0,HYBRID_HEAT_PUMP,PRIVATELY_RENTED,9131,180,25,9436,0.0,0.0,0.0,0.0,0.0,MEDIUM,MEDIUM,MEDIUM,5,COST_BASED,COST_BASED,false,false
1,baseline,1,2038,0.0,0.0,HYBRID_HEAT_PUMP,PRIVATELY_RENTED,9316,204,19,9640,0.0,0.0,0.0,0.0,0.0,MEDIUM,MEDIUM,MEDIUM,5,COST_BASED,COST_BASED,false,false
1,baseline,1,2039,0.0,0.0,HYBRID_HEAT_PUMP,PRIVATELY_RENTED,9420,121,17,9761,0.0,0.0,0.0,0.0,0.0,MEDIUM,MEDIUM,MEDIUM,5,COST_BASED,COST_BASED,false,false
1,baseline,1,2040,0.0,0.0,HYBRID_HEAT_PUMP,PRIVATELY_RENTED,9474,396,342,10157,0.0,0.0,0.0,0.0,0.0,MEDIUM,MEDIUM,MEDIUM,5,COST_BASED,COST_BASED,false,false
1,baseline,1,2041,0.0,0.0,HYBRID_HEAT_PUMP,PRIVATELY_RENTED,9537,456,393,10613,0.0,0.0,0.0,0.0,0.0,MEDIUM,MEDIUM,MEDIUM,5,COST_BASED,COST_BASED,false,false
1,baseline,1,2042,0.0,0.0,HYBRID_HEAT_PUMP,PRIVATELY_RENTED,9580,445,402,11058,0.0,0.0,0.0,0.0,0.0,MEDIUM,MEDIUM,MEDIUM,5,COST_BASED,COST_BASED,false,false
1,baseline,1,2043,0.0,0.0,HYBRID_HEAT_PUMP,PRIVATELY_RENTED,9629,863,814,11921,0.0,0.0,0.0,0.0,0.0,MEDIUM,MEDIUM,MEDIUM,5,COST_BASED,COST_BASED,false,false
1,baseline,1,2044,0.0,0.0,HYBRID_HEAT_PUMP,PRIVATELY_RENTED,9679,726,676,12647,0.0,0.0,0.0,0.0,0.0,MEDIUM,MEDIUM,MEDIUM,5,COST_BASED,COST_BASED,false,false
1,baseline,1,2045,0.0,0.0,HYBRID_HEAT_PUMP,PRIVATELY_RENTED,9738,753,694,13400,0.0,0.0,0.0,0.0,0.0,MEDIUM,MEDIUM,MEDIUM,5,COST_BASED,COST_BASED,false,false
1,baseline,1,2046,0.0,0.0,HYBRID_HEAT_PUMP,PRIVATELY_RENTED,9780,767,725,14167,0.0,0.0,0.0,0.0,0.0,MEDIUM,MEDIUM,MEDIUM,5,COST_BASED,COST_BASED,false,false
1,baseline,1,2047,0.0,0.0,HYBRID_HEAT_PUMP,PRIVATELY_RENTED,9839,977,918,15144,0.0,0.0,0.0,0.0,0.0,MEDIUM,MEDIUM,MEDIUM,5,COST_BASED,COST_BASED,false,false
1,baseline,1,2048,0.0,0.0,HYBRID_HEAT_PUMP,PRIVATELY_RENTED,9892,1033,980,16177,0.0,0.0,0.0,0.0,0.0,MEDIUM,MEDIUM,MEDIUM,5,COST_BASED,COST_BASED,false,false
1,baseline,1,2049,0.0,0.0,HYBRID_HEAT_PUMP,PRIVATELY_RENTED,9937,1049,1004,17226,0.0,0.0,0.0,0.0,0.0,MEDIUM,MEDIUM,MEDIUM,5,COST_BASED,COST_BASED,false,false
1,baseline,1,2050,0.0,0.0,HYBRID_HEAT_PUMP,PRIVATELY_RENTED,9985,1112,1064,18338,0.0,0.0,0.0,0.0,0.0,MEDIUM,MEDIUM,MEDIUM,5,COST_BASED,COST_BASED,false,false
