scenario,scenario_name,iteration,year,nbh_in_grid_congestion_perc, nbh_with_dh_perc, heating_system,ownership,installed_current,installed_annually,removed_annually,installed_cumulative,avg_att,avg_util,avg_sub_norm,avg_eac,avg_pbc,SLF,ELF,GRR,DHCT,DHES,SHAES,DHCO,GCHPB
1,baseline,1,2024,0.0027809469480889904,0.0027809469480889904,NATURAL_GAS_BOILER,TOTAL,6874894,6874894,0,6874894,0.0,0.0,0.0,0.0,0.0,MEDIUM,MEDIUM,MEDIUM,5,COST_BASED,COST_BASED,false,false
1,baseline,1,2025,0.005918425556189389,0.005918425556189389,NATURAL_GAS_BOILER,TOTAL,4819217,10431,2066108,6885325,0.28577485800632235,0.6244698432151865,0.7669791263449565,1771.7429637082982,0.7373681716180785,MEDIUM,MEDIUM,MEDIUM,5,COST_BASED,COST_BASED,false,false
1,baseline,1,2026,0.009626354820308044,0.009626354820308044,NATURAL_GAS_BOILER,TOTAL,4387032,6597,438782,6891922,0.2855728593183093,0.629259341932972,0.6810531850043411,1767.5687564268658,0.7438215028045461,MEDIUM,MEDIUM,MEDIUM,5,COST_BASED,COST_BASED,false,false
1,baseline,1,2027,0.013690815744438107,0.013690815744438107,NATURAL_GAS_BOILER,TOTAL,3952500,5827,440359,6897749,0.28618126329159826,0.6205365257355312,0.6169228588341034,1762.3850614548503,0.7319882798835183,MEDIUM,MEDIUM,MEDIUM,5,COST_BASED,COST_BASED,false,false
1,baseline,1,2028,0.01825442099258414,0.01825442099258414,NATURAL_GAS_BOILER,TOTAL,3512333,5782,445949,6903531,0.2860544357494202,0.6200697570544748,0.5531004179181563,1757.815285279398,0.7314081974895345,MEDIUM,MEDIUM,MEDIUM,5,COST_BASED,COST_BASED,false,false
1,baseline,1,2029,0.02331717056474615,0.02331717056474615,NATURAL_GAS_BOILER,TOTAL,3073031,6378,445680,6909909,0.28556467260230606,0.6246770914004854,0.48868789323915085,1761.1680528992931,0.7377145643332371,MEDIUM,MEDIUM,MEDIUM,5,COST_BASED,COST_BASED,false,false
1,baseline,1,2030,0.028665145464917285,0.028665145464917285,NATURAL_GAS_BOILER,TOTAL,2630487,6329,448873,6916238,0.28531365681672466,0.6235374089205841,0.42322203151771226,1751.5417703925093,0.7362786596218427,MEDIUM,MEDIUM,MEDIUM,5,COST_BASED,COST_BASED,false,false
1,baseline,1,2031,0.034227039361095266,0.034227039361095266,NATURAL_GAS_BOILER,TOTAL,2182836,5102,452753,6921340,0.2851614118419746,0.6189033967142791,0.3578376838615382,1746.1919301600446,0.7301507250050085,MEDIUM,MEDIUM,MEDIUM,5,COST_BASED,COST_BASED,false,false
1,baseline,1,2032,0.04014546491728466,0.04014546491728466,NATURAL_GAS_BOILER,TOTAL,1736915,5552,451473,6926892,0.28520994357552004,0.6236107333025096,0.29307105010978385,1747.5455510619317,0.7364109965448619,MEDIUM,MEDIUM,MEDIUM,5,COST_BASED,COST_BASED,false,false
1,baseline,1,2033,0.046491728465487735,0.046491728465487735,NATURAL_GAS_BOILER,TOTAL,1292992,5070,448993,6931962,0.2842342142171006,0.6184614093082665,0.22653887906464362,1733.2195601083868,0.729870474338613,MEDIUM,MEDIUM,MEDIUM,5,COST_BASED,COST_BASED,false,false
1,baseline,1,2034,0.053265830005704506,0.053265830005704506,NATURAL_GAS_BOILER,TOTAL,833328,5662,465326,6937624,0.28455920935782436,0.6230388872243385,0.15971384926105123,1692.7002279807723,0.7358654465131688,MEDIUM,MEDIUM,MEDIUM,5,COST_BASED,COST_BASED,false,false
1,baseline,1,2035,0.060396463205932685,0.060396463205932685,NATURAL_GAS_BOILER,TOTAL,372400,5799,466727,6943423,0.28481877386604887,0.6261216179422968,0.09150925588210684,1688.8636429307394,0.7398892326344749,MEDIUM,MEDIUM,MEDIUM,5,COST_BASED,COST_BASED,false,false
1,baseline,1,2036,0.06752709640616086,0.06752709640616086,NATURAL_GAS_BOILER,TOTAL,72866,4175,303709,6947598,0.28302251265667205,0.6179254959393504,0.034779788862332864,1722.4103815727883,0.7295598237001848,MEDIUM,MEDIUM,MEDIUM,5,COST_BASED,COST_BASED,false,false
1,baseline,1,2037,0.07465772960638904,0.07465772960638904,NATURAL_GAS_BOILER,TOTAL,68504,6231,10593,6953829,0.3578717087240252,0.6143477711685287,0.011947611384978213,1525.6820440625281,0.6998397919833896,MEDIUM,MEDIUM,MEDIUM,5,COST_BASED,COST_BASED,false,false
1,baseline,1,2038,0.08185966913861951,0.08185966913861951,NATURAL_GAS_BOILER,TOTAL,67143,5236,6597,6959065,0.33850179157891264,0.6178090808272072,0.01151486522201279,1575.4940382126576,0.7109115105766388,MEDIUM,MEDIUM,MEDIUM,5,COST_BASED,COST_BASED,false,false
1,baseline,1,2039,0.08906160867084997,0.08906160867084997,NATURAL_GAS_BOILER,TOTAL,65933,4617,5827,6963682,0.36626669751632024,0.6159695341132356,0.011047277395302786,1655.2901434162404,0.6992038129788898,MEDIUM,MEDIUM,MEDIUM,5,COST_BASED,COST_BASED,false,false
1,baseline,1,2040,0.09626354820308043,0.09626354820308043,NATURAL_GAS_BOILER,TOTAL,64929,4778,5782,6968460,0.27757657003226865,0.5972987542609619,0.011661065193534216,1791.673893177287,0.7038728156705086,MEDIUM,MEDIUM,MEDIUM,5,COST_BASED,COST_BASED,false,false
1,baseline,1,2041,0.10346548773531089,0.10346548773531089,NATURAL_GAS_BOILER,TOTAL,63818,5267,6378,6973727,0.28055698380123817,0.6049410249981023,0.011396359496665332,1783.5175429162473,0.7130690387303675,MEDIUM,MEDIUM,MEDIUM,5,COST_BASED,COST_BASED,false,false
1,baseline,1,2042,0.11066742726754136,0.11066742726754136,NATURAL_GAS_BOILER,TOTAL,62628,5139,6329,6978866,0.28084784588046247,0.5949090371974612,0.011188243931993172,1778.8559335262166,0.6995961009697992,MEDIUM,MEDIUM,MEDIUM,5,COST_BASED,COST_BASED,false,false
1,baseline,1,2043,0.11786936679977182,0.11786936679977182,NATURAL_GAS_BOILER,TOTAL,61859,4333,5102,6983199,0.2798403063088902,0.5935954594714423,0.011044649709516428,1774.3546965983357,0.6981805105256286,MEDIUM,MEDIUM,MEDIUM,5,COST_BASED,COST_BASED,false,false
1,baseline,1,2044,0.12507130633200228,0.12507130633200228,NATURAL_GAS_BOILER,TOTAL,60890,4583,5552,6987782,0.279089401089102,0.598689649810268,0.010805462695177142,1776.8568698799245,0.7052230660506776,MEDIUM,MEDIUM,MEDIUM,5,COST_BASED,COST_BASED,false,false
1,baseline,1,2045,0.13227324586423275,0.13227324586423275,NATURAL_GAS_BOILER,TOTAL,60139,4319,5070,6992101,0.2778924738903405,0.5972299663830783,0.010694452992537093,1764.423855514787,0.7036757972139673,MEDIUM,MEDIUM,MEDIUM,5,COST_BASED,COST_BASED,false,false
1,baseline,1,2046,0.1394751853964632,0.1394751853964632,NATURAL_GAS_BOILER,TOTAL,59192,4715,5662,6996816,0.27996339835297873,0.5933850169098771,0.010508183805774219,1759.875141376277,0.697858889762229,MEDIUM,MEDIUM,MEDIUM,5,COST_BASED,COST_BASED,false,false
1,baseline,1,2047,0.14667712492869367,0.14667712492869367,NATURAL_GAS_BOILER,TOTAL,58381,4988,5799,7001804,0.2799875637916648,0.5964730643342925,0.010409879047555992,1757.6048287461215,0.70196823118182,MEDIUM,MEDIUM,MEDIUM,5,COST_BASED,COST_BASED,false,false
1,baseline,1,2048,0.15387906446092414,0.15387906446092414,NATURAL_GAS_BOILER,TOTAL,56842,2636,4175,7004440,0.27504215996296866,0.5852078481661439,0.010100150447825312,1731.694749672115,0.6885964109005456,MEDIUM,MEDIUM,MEDIUM,5,COST_BASED,COST_BASED,false,false
1,baseline,1,2049,0.1610810039931546,0.1610810039931546,NATURAL_GAS_BOILER,TOTAL,55929,5318,6231,7009758,0.2788059880512848,0.5953453634198375,0.009913839445938382,1705.0348803957695,0.7008584885427244,MEDIUM,MEDIUM,MEDIUM,5,COST_BASED,COST_BASED,false,false
1,baseline,1,2050,0.0,0.0,NATURAL_GAS_BOILER,TOTAL,54794,4101,5236,7013859,0.27810967050684626,0.5976211597088941,0.009777835633803626,1699.523003848097,0.7041249894429694,MEDIUM,MEDIUM,MEDIUM,5,COST_BASED,COST_BASED,false,false
1,baseline,1,2024,NATURAL_GAS_BOILER,PRIVATELY_OWNED,4613815,4613815,0,4613815,0.0,0.0,0.0,0.0,0.0,MEDIUM,MEDIUM,MEDIUM,5,COST_BASED,COST_BASED,false,false
1,baseline,1,2025,NATURAL_GAS_BOILER,PRIVATELY_OWNED,4013334,10431,610912,4624246,0.28577485800632235,0.6244698432151865,0.7669791263449565,1771.7429637082982,0.7373681716180785,MEDIUM,MEDIUM,MEDIUM,5,COST_BASED,COST_BASED,false,false
1,baseline,1,2026,NATURAL_GAS_BOILER,PRIVATELY_OWNED,3659438,6597,360493,4630843,0.2855728593183093,0.6292593419329718,0.6810531850043411,1767.5687564268655,0.7438215028045461,MEDIUM,MEDIUM,MEDIUM,5,COST_BASED,COST_BASED,false,false
1,baseline,1,2027,NATURAL_GAS_BOILER,PRIVATELY_OWNED,3300104,5827,365161,4636670,0.28618126329159826,0.6205365257355312,0.6169228588341034,1762.3850614548505,0.7319882798835183,MEDIUM,MEDIUM,MEDIUM,5,COST_BASED,COST_BASED,false,false
1,baseline,1,2028,NATURAL_GAS_BOILER,PRIVATELY_OWNED,2936966,5781,368919,4642451,0.28610391757535847,0.6201770170020711,0.5531960934791178,1758.1193529641032,0.7315347168110168,MEDIUM,MEDIUM,MEDIUM,5,COST_BASED,COST_BASED,false,false
1,baseline,1,2029,NATURAL_GAS_BOILER,PRIVATELY_OWNED,2573082,6377,370261,4648828,0.2856094530119975,0.6247750492319737,0.4887645261218918,1761.4442279115087,0.7378302479719909,MEDIUM,MEDIUM,MEDIUM,5,COST_BASED,COST_BASED,false,false
1,baseline,1,2030,NATURAL_GAS_BOILER,PRIVATELY_OWNED,2207054,6321,372349,4655149,0.2856747562083611,0.6243265719124153,0.4237576708551813,1753.7585611159932,0.7372105104804054,MEDIUM,MEDIUM,MEDIUM,5,COST_BASED,COST_BASED,false,false
1,baseline,1,2031,NATURAL_GAS_BOILER,PRIVATELY_OWNED,1836113,5095,376036,4660244,0.2855531939583424,0.6197537056008345,0.3583293156156169,1748.5910162269965,0.7311538761482932,MEDIUM,MEDIUM,MEDIUM,5,COST_BASED,COST_BASED,false,false
1,baseline,1,2032,NATURAL_GAS_BOILER,PRIVATELY_OWNED,1466755,5545,374903,4665789,0.2855699921968056,0.6243979785925218,0.2934410225806168,1749.7516500443364,0.7373406407244496,MEDIUM,MEDIUM,MEDIUM,5,COST_BASED,COST_BASED,false,false
1,baseline,1,2033,NATURAL_GAS_BOILER,PRIVATELY_OWNED,1097821,5052,373986,4670841,0.28524692519412115,0.6206649535219539,0.22734602471451765,1739.3949267120981,0.7324709629645225,MEDIUM,MEDIUM,MEDIUM,5,COST_BASED,COST_BASED,false,false
1,baseline,1,2034,NATURAL_GAS_BOILER,PRIVATELY_OWNED,710534,5641,392928,4676482,0.2856185505023935,0.625358301624571,0.1603084230661358,1699.0017179271642,0.7386048853319557,MEDIUM,MEDIUM,MEDIUM,5,COST_BASED,COST_BASED,false,false
1,baseline,1,2035,NATURAL_GAS_BOILER,PRIVATELY_OWNED,322086,5780,394228,4682262,0.28575502935107566,0.6281798031915882,0.09181006485472969,1694.4152708227261,0.7423213944718547,MEDIUM,MEDIUM,MEDIUM,5,COST_BASED,COST_BASED,false,false
1,baseline,1,2036,NATURAL_GAS_BOILER,PRIVATELY_OWNED,72743,4134,253477,4686396,0.28582946065350895,0.6240539297403939,0.03512472629420409,1739.4928260924992,0.7367954194359632,MEDIUM,MEDIUM,MEDIUM,5,COST_BASED,COST_BASED,false,false
1,baseline,1,2037,NATURAL_GAS_BOILER,PRIVATELY_OWNED,68339,6189,10593,4692585,0.3603003097526904,0.6185168786800941,0.012028690667280538,1536.035678874392,0.7045890683225886,MEDIUM,MEDIUM,MEDIUM,5,COST_BASED,COST_BASED,false,false
1,baseline,1,2038,NATURAL_GAS_BOILER,PRIVATELY_OWNED,66946,5204,6597,4697789,0.3405832783833948,0.6216080605709564,0.011585671464730777,1585.1819339126585,0.7152829879668103,MEDIUM,MEDIUM,MEDIUM,5,COST_BASED,COST_BASED,false,false
1,baseline,1,2039,NATURAL_GAS_BOILER,PRIVATELY_OWNED,65732,4613,5827,4702402,0.3665842927450359,0.6165036503361823,0.011056856651661168,1656.7254697924955,0.6998101028665801,MEDIUM,MEDIUM,MEDIUM,5,COST_BASED,COST_BASED,false,false
1,baseline,1,2040,NATURAL_GAS_BOILER,PRIVATELY_OWNED,64728,4777,5781,4707179,0.27763467691316296,0.597423790634054,0.011663506278983982,1792.0489557465098,0.7040201618743334,MEDIUM,MEDIUM,MEDIUM,5,COST_BASED,COST_BASED,false,false
1,baseline,1,2041,NATURAL_GAS_BOILER,PRIVATELY_OWNED,63617,5266,6377,4712445,0.28061026085854945,0.6050559017594009,0.011398523636334276,1783.856228359262,0.7132044487263285,MEDIUM,MEDIUM,MEDIUM,5,COST_BASED,COST_BASED,false,false
1,baseline,1,2042,NATURAL_GAS_BOILER,PRIVATELY_OWNED,62427,5131,6321,4717576,0.28128572987325995,0.5958365897793321,0.01120568808546344,1781.6294372230027,0.7006868764146945,MEDIUM,MEDIUM,MEDIUM,5,COST_BASED,COST_BASED,false,false
1,baseline,1,2043,NATURAL_GAS_BOILER,PRIVATELY_OWNED,61658,4326,5095,4721902,0.2802931223385162,0.5945559699236614,0.011062521310988139,1777.2258207028638,0.6993102524520455,MEDIUM,MEDIUM,MEDIUM,5,COST_BASED,COST_BASED,false,false
1,baseline,1,2044,NATURAL_GAS_BOILER,PRIVATELY_OWNED,60689,4576,5545,4726478,0.27951632980580304,0.5996054775088413,0.010821992030593716,1779.5749638679401,0.7063018600765418,MEDIUM,MEDIUM,MEDIUM,5,COST_BASED,COST_BASED,false,false
1,baseline,1,2045,NATURAL_GAS_BOILER,PRIVATELY_OWNED,59938,4301,5052,4730779,0.2790554742460778,0.5997294175327866,0.010739210061559569,1771.80809857437,0.7066207319616659,MEDIUM,MEDIUM,MEDIUM,5,COST_BASED,COST_BASED,false,false
1,baseline,1,2046,NATURAL_GAS_BOILER,PRIVATELY_OWNED,58990,4693,5641,4735472,0.2812758199945226,0.5961667067398403,0.01055744441598667,1768.1251420390254,0.7011303356549989,MEDIUM,MEDIUM,MEDIUM,5,COST_BASED,COST_BASED,false,false
1,baseline,1,2047,NATURAL_GAS_BOILER,PRIVATELY_OWNED,58179,4969,5780,4740441,0.28105815419457114,0.5987538025557357,0.010449683374765404,1764.3253946036737,0.7046523520094421,MEDIUM,MEDIUM,MEDIUM,5,COST_BASED,COST_BASED,false,false
1,baseline,1,2048,NATURAL_GAS_BOILER,PRIVATELY_OWNED,56640,2595,4134,4743036,0.2793877201011119,0.5944539066535474,0.010259728932742783,1759.054859397185,0.6994759688377026,MEDIUM,MEDIUM,MEDIUM,5,COST_BASED,COST_BASED,false,false
1,baseline,1,2049,NATURAL_GAS_BOILER,PRIVATELY_OWNED,55727,5276,6189,4748312,0.2810254443625346,0.6000846555471372,0.009992759320223714,1718.6079404747352,0.7064377259420409,MEDIUM,MEDIUM,MEDIUM,5,COST_BASED,COST_BASED,false,false
1,baseline,1,2050,NATURAL_GAS_BOILER,PRIVATELY_OWNED,54592,4069,5204,4752381,0.28029681954990826,0.6023210557793498,0.009854731858989598,1712.8886308137246,0.7096624678558903,MEDIUM,MEDIUM,MEDIUM,5,COST_BASED,COST_BASED,false,false
1,baseline,1,2024,NATURAL_GAS_BOILER,SOCIAL_HOUSING,1330736,1330736,0,1330736,0.0,0.0,0.0,0.0,0.0,MEDIUM,MEDIUM,MEDIUM,5,COST_BASED,COST_BASED,false,false
1,baseline,1,2025,NATURAL_GAS_BOILER,SOCIAL_HOUSING,3198,0,1327538,1330736,0.0,0.0,0.0,0.0,0.0,MEDIUM,MEDIUM,MEDIUM,5,COST_BASED,COST_BASED,false,false
1,baseline,1,2026,NATURAL_GAS_BOILER,SOCIAL_HOUSING,1018,0,2180,1330736,0.0,0.0,0.0,0.0,0.0,MEDIUM,MEDIUM,MEDIUM,5,COST_BASED,COST_BASED,false,false
1,baseline,1,2027,NATURAL_GAS_BOILER,SOCIAL_HOUSING,457,0,561,1330736,0.0,0.0,0.0,0.0,0.0,MEDIUM,MEDIUM,MEDIUM,5,COST_BASED,COST_BASED,false,false
1,baseline,1,2028,NATURAL_GAS_BOILER,SOCIAL_HOUSING,261,0,196,1330736,0.0,0.0,0.0,0.0,0.0,MEDIUM,MEDIUM,MEDIUM,5,COST_BASED,COST_BASED,false,false
1,baseline,1,2029,NATURAL_GAS_BOILER,SOCIAL_HOUSING,174,0,87,1330736,0.0,0.0,0.0,0.0,0.0,MEDIUM,MEDIUM,MEDIUM,5,COST_BASED,COST_BASED,false,false
1,baseline,1,2030,NATURAL_GAS_BOILER,SOCIAL_HOUSING,101,0,73,1330736,0.0,0.0,0.0,0.0,0.0,MEDIUM,MEDIUM,MEDIUM,5,COST_BASED,COST_BASED,false,false
1,baseline,1,2031,NATURAL_GAS_BOILER,SOCIAL_HOUSING,86,0,15,1330736,0.0,0.0,0.0,0.0,0.0,MEDIUM,MEDIUM,MEDIUM,5,COST_BASED,COST_BASED,false,false
1,baseline,1,2032,NATURAL_GAS_BOILER,SOCIAL_HOUSING,68,0,18,1330736,0.0,0.0,0.0,0.0,0.0,MEDIUM,MEDIUM,MEDIUM,5,COST_BASED,COST_BASED,false,false
1,baseline,1,2033,NATURAL_GAS_BOILER,SOCIAL_HOUSING,44,0,24,1330736,0.0,0.0,0.0,0.0,0.0,MEDIUM,MEDIUM,MEDIUM,5,COST_BASED,COST_BASED,false,false
1,baseline,1,2034,NATURAL_GAS_BOILER,SOCIAL_HOUSING,29,0,15,1330736,0.0,0.0,0.0,0.0,0.0,MEDIUM,MEDIUM,MEDIUM,5,COST_BASED,COST_BASED,false,false
1,baseline,1,2035,NATURAL_GAS_BOILER,SOCIAL_HOUSING,15,0,14,1330736,0.0,0.0,0.0,0.0,0.0,MEDIUM,MEDIUM,MEDIUM,5,COST_BASED,COST_BASED,false,false
1,baseline,1,2036,NATURAL_GAS_BOILER,SOCIAL_HOUSING,0,0,15,1330736,0.0,0.0,0.0,0.0,0.0,MEDIUM,MEDIUM,MEDIUM,5,COST_BASED,COST_BASED,false,false
1,baseline,1,2037,NATURAL_GAS_BOILER,SOCIAL_HOUSING,0,0,0,1330736,0.0,0.0,0.0,0.0,0.0,MEDIUM,MEDIUM,MEDIUM,5,COST_BASED,COST_BASED,false,false
1,baseline,1,2038,NATURAL_GAS_BOILER,SOCIAL_HOUSING,0,0,0,1330736,0.0,0.0,0.0,0.0,0.0,MEDIUM,MEDIUM,MEDIUM,5,COST_BASED,COST_BASED,false,false
1,baseline,1,2039,NATURAL_GAS_BOILER,SOCIAL_HOUSING,0,0,0,1330736,0.0,0.0,0.0,0.0,0.0,MEDIUM,MEDIUM,MEDIUM,5,COST_BASED,COST_BASED,false,false
1,baseline,1,2040,NATURAL_GAS_BOILER,SOCIAL_HOUSING,0,0,0,1330736,0.0,0.0,0.0,0.0,0.0,MEDIUM,MEDIUM,MEDIUM,5,COST_BASED,COST_BASED,false,false
1,baseline,1,2041,NATURAL_GAS_BOILER,SOCIAL_HOUSING,0,0,0,1330736,0.0,0.0,0.0,0.0,0.0,MEDIUM,MEDIUM,MEDIUM,5,COST_BASED,COST_BASED,false,false
1,baseline,1,2042,NATURAL_GAS_BOILER,SOCIAL_HOUSING,0,0,0,1330736,0.0,0.0,0.0,0.0,0.0,MEDIUM,MEDIUM,MEDIUM,5,COST_BASED,COST_BASED,false,false
1,baseline,1,2043,NATURAL_GAS_BOILER,SOCIAL_HOUSING,0,0,0,1330736,0.0,0.0,0.0,0.0,0.0,MEDIUM,MEDIUM,MEDIUM,5,COST_BASED,COST_BASED,false,false
1,baseline,1,2044,NATURAL_GAS_BOILER,SOCIAL_HOUSING,0,0,0,1330736,0.0,0.0,0.0,0.0,0.0,MEDIUM,MEDIUM,MEDIUM,5,COST_BASED,COST_BASED,false,false
1,baseline,1,2045,NATURAL_GAS_BOILER,SOCIAL_HOUSING,0,0,0,1330736,0.0,0.0,0.0,0.0,0.0,MEDIUM,MEDIUM,MEDIUM,5,COST_BASED,COST_BASED,false,false
1,baseline,1,2046,NATURAL_GAS_BOILER,SOCIAL_HOUSING,0,0,0,1330736,0.0,0.0,0.0,0.0,0.0,MEDIUM,MEDIUM,MEDIUM,5,COST_BASED,COST_BASED,false,false
1,baseline,1,2047,NATURAL_GAS_BOILER,SOCIAL_HOUSING,0,0,0,1330736,0.0,0.0,0.0,0.0,0.0,MEDIUM,MEDIUM,MEDIUM,5,COST_BASED,COST_BASED,false,false
1,baseline,1,2048,NATURAL_GAS_BOILER,SOCIAL_HOUSING,0,0,0,1330736,0.0,0.0,0.0,0.0,0.0,MEDIUM,MEDIUM,MEDIUM,5,COST_BASED,COST_BASED,false,false
1,baseline,1,2049,NATURAL_GAS_BOILER,SOCIAL_HOUSING,0,0,0,1330736,0.0,0.0,0.0,0.0,0.0,MEDIUM,MEDIUM,MEDIUM,5,COST_BASED,COST_BASED,false,false
1,baseline,1,2050,NATURAL_GAS_BOILER,SOCIAL_HOUSING,0,0,0,1330736,0.0,0.0,0.0,0.0,0.0,MEDIUM,MEDIUM,MEDIUM,5,COST_BASED,COST_BASED,false,false
1,baseline,1,2024,NATURAL_GAS_BOILER,PRIVATELY_RENTED,930343,930343,0,930343,0.0,0.0,0.0,0.0,0.0,MEDIUM,MEDIUM,MEDIUM,5,COST_BASED,COST_BASED,false,false
1,baseline,1,2025,NATURAL_GAS_BOILER,PRIVATELY_RENTED,802685,0,127658,930343,0.0,0.0,0.0,0.0,0.0,MEDIUM,MEDIUM,MEDIUM,5,COST_BASED,COST_BASED,false,false
1,baseline,1,2026,NATURAL_GAS_BOILER,PRIVATELY_RENTED,726576,0,76109,930343,0.0,0.0,0.0,0.0,0.0,MEDIUM,MEDIUM,MEDIUM,5,COST_BASED,COST_BASED,false,false
1,baseline,1,2027,NATURAL_GAS_BOILER,PRIVATELY_RENTED,651939,0,74637,930343,0.0,0.0,0.0,0.0,0.0,MEDIUM,MEDIUM,MEDIUM,5,COST_BASED,COST_BASED,false,false
1,baseline,1,2028,NATURAL_GAS_BOILER,PRIVATELY_RENTED,575106,1,76834,930344,0.0,0.0,0.0,0.0,0.0,MEDIUM,MEDIUM,MEDIUM,5,COST_BASED,COST_BASED,false,false
1,baseline,1,2029,NATURAL_GAS_BOILER,PRIVATELY_RENTED,499775,1,75332,930345,0.0,0.0,0.0,0.0,0.0,MEDIUM,MEDIUM,MEDIUM,5,COST_BASED,COST_BASED,false,false
1,baseline,1,2030,NATURAL_GAS_BOILER,PRIVATELY_RENTED,423332,8,76451,930353,0.0,0.0,0.0,0.0,0.0,MEDIUM,MEDIUM,MEDIUM,5,COST_BASED,COST_BASED,false,false
1,baseline,1,2031,NATURAL_GAS_BOILER,PRIVATELY_RENTED,346637,7,76702,930360,0.0,0.0,0.0,0.0,0.0,MEDIUM,MEDIUM,MEDIUM,5,COST_BASED,COST_BASED,false,false
1,baseline,1,2032,NATURAL_GAS_BOILER,PRIVATELY_RENTED,270092,7,76552,930367,0.0,0.0,0.0,0.0,0.0,MEDIUM,MEDIUM,MEDIUM,5,COST_BASED,COST_BASED,false,false
1,baseline,1,2033,NATURAL_GAS_BOILER,PRIVATELY_RENTED,195127,18,74983,930385,0.0,0.0,0.0,0.0,0.0,MEDIUM,MEDIUM,MEDIUM,5,COST_BASED,COST_BASED,false,false
1,baseline,1,2034,NATURAL_GAS_BOILER,PRIVATELY_RENTED,122765,21,72383,930406,0.0,0.0,0.0,0.0,0.0,MEDIUM,MEDIUM,MEDIUM,5,COST_BASED,COST_BASED,false,false
1,baseline,1,2035,NATURAL_GAS_BOILER,PRIVATELY_RENTED,50299,19,72485,930425,0.0,0.0,0.0,0.0,0.0,MEDIUM,MEDIUM,MEDIUM,5,COST_BASED,COST_BASED,false,false
1,baseline,1,2036,NATURAL_GAS_BOILER,PRIVATELY_RENTED,123,41,50217,930466,0.0,0.0,0.0,0.0,0.0,MEDIUM,MEDIUM,MEDIUM,5,COST_BASED,COST_BASED,false,false
1,baseline,1,2037,NATURAL_GAS_BOILER,PRIVATELY_RENTED,165,42,0,930508,0.0,0.0,0.0,0.0,0.0,MEDIUM,MEDIUM,MEDIUM,5,COST_BASED,COST_BASED,false,false
1,baseline,1,2038,NATURAL_GAS_BOILER,PRIVATELY_RENTED,197,32,0,930540,0.0,0.0,0.0,0.0,0.0,MEDIUM,MEDIUM,MEDIUM,5,COST_BASED,COST_BASED,false,false
1,baseline,1,2039,NATURAL_GAS_BOILER,PRIVATELY_RENTED,201,4,0,930544,0.0,0.0,0.0,0.0,0.0,MEDIUM,MEDIUM,MEDIUM,5,COST_BASED,COST_BASED,false,false
1,baseline,1,2040,NATURAL_GAS_BOILER,PRIVATELY_RENTED,201,1,1,930545,0.0,0.0,0.0,0.0,0.0,MEDIUM,MEDIUM,MEDIUM,5,COST_BASED,COST_BASED,false,false
1,baseline,1,2041,NATURAL_GAS_BOILER,PRIVATELY_RENTED,201,1,1,930546,0.0,0.0,0.0,0.0,0.0,MEDIUM,MEDIUM,MEDIUM,5,COST_BASED,COST_BASED,false,false
1,baseline,1,2042,NATURAL_GAS_BOILER,PRIVATELY_RENTED,201,8,8,930554,0.0,0.0,0.0,0.0,0.0,MEDIUM,MEDIUM,MEDIUM,5,COST_BASED,COST_BASED,false,false
1,baseline,1,2043,NATURAL_GAS_BOILER,PRIVATELY_RENTED,201,7,7,930561,0.0,0.0,0.0,0.0,0.0,MEDIUM,MEDIUM,MEDIUM,5,COST_BASED,COST_BASED,false,false
1,baseline,1,2044,NATURAL_GAS_BOILER,PRIVATELY_RENTED,201,7,7,930568,0.0,0.0,0.0,0.0,0.0,MEDIUM,MEDIUM,MEDIUM,5,COST_BASED,COST_BASED,false,false
1,baseline,1,2045,NATURAL_GAS_BOILER,PRIVATELY_RENTED,201,18,18,930586,0.0,0.0,0.0,0.0,0.0,MEDIUM,MEDIUM,MEDIUM,5,COST_BASED,COST_BASED,false,false
1,baseline,1,2046,NATURAL_GAS_BOILER,PRIVATELY_RENTED,202,22,21,930608,0.0,0.0,0.0,0.0,0.0,MEDIUM,MEDIUM,MEDIUM,5,COST_BASED,COST_BASED,false,false
1,baseline,1,2047,NATURAL_GAS_BOILER,PRIVATELY_RENTED,202,19,19,930627,0.0,0.0,0.0,0.0,0.0,MEDIUM,MEDIUM,MEDIUM,5,COST_BASED,COST_BASED,false,false
1,baseline,1,2048,NATURAL_GAS_BOILER,PRIVATELY_RENTED,202,41,41,930668,0.0,0.0,0.0,0.0,0.0,MEDIUM,MEDIUM,MEDIUM,5,COST_BASED,COST_BASED,false,false
1,baseline,1,2049,NATURAL_GAS_BOILER,PRIVATELY_RENTED,202,42,42,930710,0.0,0.0,0.0,0.0,0.0,MEDIUM,MEDIUM,MEDIUM,5,COST_BASED,COST_BASED,false,false
1,baseline,1,2050,NATURAL_GAS_BOILER,PRIVATELY_RENTED,202,32,32,930742,0.0,0.0,0.0,0.0,0.0,MEDIUM,MEDIUM,MEDIUM,5,COST_BASED,COST_BASED,false,false
1,baseline,1,2024,0.0027809469480889904,0.0027809469480889904,NATURAL_GAS_BLOCK,TOTAL,464485,464485,0,464485,0.0,0.0,0.0,0.0,0.0,MEDIUM,MEDIUM,MEDIUM,5,COST_BASED,COST_BASED,false,false
1,baseline,1,2025,0.005918425556189389,0.005918425556189389,NATURAL_GAS_BLOCK,TOTAL,318771,476,146190,464961,0.2858609609784258,0.6467644199101342,0.06390564617414225,1123.0965976501207,0.7670655728873816,MEDIUM,MEDIUM,MEDIUM,5,COST_BASED,COST_BASED,false,false
1,baseline,1,2026,0.009626354820308044,0.009626354820308044,NATURAL_GAS_BLOCK,TOTAL,290258,293,28806,465254,0.28653959635173687,0.6501552816423442,0.05748292848611999,1131.1683648556268,0.7713605100725528,MEDIUM,MEDIUM,MEDIUM,5,COST_BASED,COST_BASED,false,false
1,baseline,1,2027,0.013690815744438107,0.013690815744438107,NATURAL_GAS_BLOCK,TOTAL,262821,279,27716,465533,0.28636471056893176,0.6442470776083914,0.05297464265428707,1130.5493316775057,0.763541199954881,MEDIUM,MEDIUM,MEDIUM,5,COST_BASED,COST_BASED,false,false
1,baseline,1,2028,0.01825442099258414,0.01825442099258414,NATURAL_GAS_BLOCK,TOTAL,234784,258,28295,465791,0.2865115888532135,0.6442573234554991,0.0474601224042309,1133.8349834983499,0.7635059016562711,MEDIUM,MEDIUM,MEDIUM,5,COST_BASED,COST_BASED,false,false
1,baseline,1,2029,0.02331717056474615,0.02331717056474615,NATURAL_GAS_BLOCK,TOTAL,206772,262,28274,466053,0.28510432524250057,0.6462005358893977,0.04246562419811556,1134.3805592105264,0.7665659394383582,MEDIUM,MEDIUM,MEDIUM,5,COST_BASED,COST_BASED,false,false
1,baseline,1,2030,0.028665145464917285,0.028665145464917285,NATURAL_GAS_BLOCK,TOTAL,178968,240,28044,466293,0.28597417414966914,0.6466025640840756,0.03672366256463422,1129.789063514742,0.7668120273955435,MEDIUM,MEDIUM,MEDIUM,5,COST_BASED,COST_BASED,false,false
1,baseline,1,2031,0.034227039361095266,0.034227039361095266,NATURAL_GAS_BLOCK,TOTAL,151245,244,27967,466537,0.2861887183486623,0.6439023846473079,0.03145815053930579,1122.0624762025639,0.7631402734135301,MEDIUM,MEDIUM,MEDIUM,5,COST_BASED,COST_BASED,false,false
1,baseline,1,2032,0.04014546491728466,0.04014546491728466,NATURAL_GAS_BLOCK,TOTAL,122867,265,28643,466802,0.28455597424353213,0.6462994114205568,0.025608115499574573,1119.1310697790539,0.7668805571462375,MEDIUM,MEDIUM,MEDIUM,5,COST_BASED,COST_BASED,false,false
1,baseline,1,2033,0.046491728465487735,0.046491728465487735,NATURAL_GAS_BLOCK,TOTAL,91391,274,31750,467076,0.28553390703326736,0.646755659923131,0.020471440906119118,1074.0231577779628,0.7671629108864195,MEDIUM,MEDIUM,MEDIUM,5,COST_BASED,COST_BASED,false,false
1,baseline,1,2034,0.053265830005704506,0.053265830005704506,NATURAL_GAS_BLOCK,TOTAL,57486,366,34271,467442,0.28504892293922,0.6490395782938897,0.013633438533034153,1009.7392288657488,0.7703697967454302,MEDIUM,MEDIUM,MEDIUM,5,COST_BASED,COST_BASED,false,false
1,baseline,1,2035,0.060396463205932685,0.060396463205932685,NATURAL_GAS_BLOCK,TOTAL,22541,422,35367,467864,0.287071552916039,0.6536444027350622,0.007695840947039492,987.3294509819672,0.7758353526747452,MEDIUM,MEDIUM,MEDIUM,5,COST_BASED,COST_BASED,false,false
1,baseline,1,2036,0.06752709640616086,0.06752709640616086,NATURAL_GAS_BLOCK,TOTAL,3555,176,19162,468040,0.2872650099752774,0.6480503128744096,0.0026451346438850815,1079.3457797560172,0.7683120805074478,MEDIUM,MEDIUM,MEDIUM,5,COST_BASED,COST_BASED,false,false
1,baseline,1,2037,0.07465772960638904,0.07465772960638904,NATURAL_GAS_BLOCK,TOTAL,3443,364,476,468404,0.3431259704033347,0.6559127308722611,8.40054107168095E-4,869.2194155463826,0.7601749843618941,MEDIUM,MEDIUM,MEDIUM,5,COST_BASED,COST_BASED,false,false
1,baseline,1,2038,0.08185966913861951,0.08185966913861951,NATURAL_GAS_BLOCK,TOTAL,3400,250,293,468654,0.3338754168399653,0.6599216156973025,7.720244014981467E-4,889.5012224938876,0.7686036819830824,MEDIUM,MEDIUM,MEDIUM,5,COST_BASED,COST_BASED,false,false
1,baseline,1,2039,0.08906160867084997,0.08906160867084997,NATURAL_GAS_BLOCK,TOTAL,3356,235,279,468889,0.4133319191710432,0.6708332764092825,6.22271092006117E-4,1005.7481554353172,0.75666706215536,MEDIUM,MEDIUM,MEDIUM,5,COST_BASED,COST_BASED,false,false
1,baseline,1,2040,0.09626354820308043,0.09626354820308043,NATURAL_GAS_BLOCK,TOTAL,3314,216,258,469105,0.2672455792644606,0.6320003415065649,8.335090487115508E-4,1124.5842190309293,0.7535852622539322,MEDIUM,MEDIUM,MEDIUM,5,COST_BASED,COST_BASED,false,false
1,baseline,1,2041,0.10346548773531089,0.10346548773531089,NATURAL_GAS_BLOCK,TOTAL,3279,227,262,469332,0.2733234075664349,0.6374003655606629,7.978260498933272E-4,1129.4768536230774,0.7587593515587301,MEDIUM,MEDIUM,MEDIUM,5,COST_BASED,COST_BASED,false,false
1,baseline,1,2042,0.11066742726754136,0.11066742726754136,NATURAL_GAS_BLOCK,TOTAL,3239,200,240,469532,0.27147055690821803,0.6308555431616402,8.611356417786282E-4,1131.454650269024,0.7506505385794504,MEDIUM,MEDIUM,MEDIUM,5,COST_BASED,COST_BASED,false,false
1,baseline,1,2043,0.11786936679977182,0.11786936679977182,NATURAL_GAS_BLOCK,TOTAL,3201,206,244,469738,0.27278314764496986,0.6304529341115543,8.111211507468634E-4,1136.1730732306746,0.7496761962670739,MEDIUM,MEDIUM,MEDIUM,5,COST_BASED,COST_BASED,false,false
1,baseline,1,2044,0.12507130633200228,0.12507130633200228,NATURAL_GAS_BLOCK,TOTAL,3163,227,265,469965,0.27258665859943715,0.6329586485123104,8.918232296987396E-4,1135.7183919058753,0.7530826451499393,MEDIUM,MEDIUM,MEDIUM,5,COST_BASED,COST_BASED,false,false
1,baseline,1,2045,0.13227324586423275,0.13227324586423275,NATURAL_GAS_BLOCK,TOTAL,3136,247,274,470212,0.27336428302694915,0.6343298094507619,8.519744976343819E-4,1130.8758371585523,0.7546516515920301,MEDIUM,MEDIUM,MEDIUM,5,COST_BASED,COST_BASED,false,false
1,baseline,1,2046,0.1394751853964632,0.1394751853964632,NATURAL_GAS_BLOCK,TOTAL,3095,325,366,470537,0.2772114111626164,0.6316565311541689,7.57394379806808E-4,1118.7438907938151,0.7498049044846916,MEDIUM,MEDIUM,MEDIUM,5,COST_BASED,COST_BASED,false,false
1,baseline,1,2047,0.14667712492869367,0.14667712492869367,NATURAL_GAS_BLOCK,TOTAL,3067,394,422,470931,0.2790099810224494,0.6340570159767129,8.177140931794494E-4,1118.8042358328564,0.7524060276281388,MEDIUM,MEDIUM,MEDIUM,5,COST_BASED,COST_BASED,false,false
1,baseline,1,2048,0.15387906446092414,0.15387906446092414,NATURAL_GAS_BLOCK,TOTAL,3034,143,176,471074,0.26945508960645326,0.6313616125100056,7.033437991846999E-4,1081.2370081782472,0.7519971201445241,MEDIUM,MEDIUM,MEDIUM,5,COST_BASED,COST_BASED,false,false
1,baseline,1,2049,0.1610810039931546,0.1610810039931546,NATURAL_GAS_BLOCK,TOTAL,2985,315,364,471389,0.26876850771449734,0.6342073892874324,7.49924548120676E-4,1023.535427091201,0.7560203498117385,MEDIUM,MEDIUM,MEDIUM,5,COST_BASED,COST_BASED,false,false
1,baseline,1,2050,0.0,0.0,NATURAL_GAS_BLOCK,TOTAL,2958,223,250,471612,0.27052205373372296,0.6391426251622903,7.02867160532313E-4,987.493082571764,0.7620161489718177,MEDIUM,MEDIUM,MEDIUM,5,COST_BASED,COST_BASED,false,false
1,baseline,1,2024,NATURAL_GAS_BLOCK,PRIVATELY_OWNED,277498,277498,0,277498,0.0,0.0,0.0,0.0,0.0,MEDIUM,MEDIUM,MEDIUM,5,COST_BASED,COST_BASED,false,false
1,baseline,1,2025,NATURAL_GAS_BLOCK,PRIVATELY_OWNED,241752,476,36222,277974,0.2858609609784258,0.6467644199101343,0.06390564617414225,1123.0965976501207,0.7670655728873816,MEDIUM,MEDIUM,MEDIUM,5,COST_BASED,COST_BASED,false,false
1,baseline,1,2026,NATURAL_GAS_BLOCK,PRIVATELY_OWNED,220602,293,21443,278267,0.28653959635173687,0.6501552816423442,0.05748292848611999,1131.1683648556268,0.7713605100725528,MEDIUM,MEDIUM,MEDIUM,5,COST_BASED,COST_BASED,false,false
1,baseline,1,2027,NATURAL_GAS_BLOCK,PRIVATELY_OWNED,200058,279,20823,278546,0.28636471056893176,0.6442470776083914,0.05297464265428707,1130.5493316775057,0.763541199954881,MEDIUM,MEDIUM,MEDIUM,5,COST_BASED,COST_BASED,false,false
1,baseline,1,2028,NATURAL_GAS_BLOCK,PRIVATELY_OWNED,179028,258,21288,278804,0.2865115888532135,0.6442573234554991,0.0474601224042309,1133.8349834983499,0.7635059016562711,MEDIUM,MEDIUM,MEDIUM,5,COST_BASED,COST_BASED,false,false
1,baseline,1,2029,NATURAL_GAS_BLOCK,PRIVATELY_OWNED,157942,262,21348,279066,0.28510432524250057,0.6462005358893977,0.04246562419811556,1134.3805592105264,0.7665659394383582,MEDIUM,MEDIUM,MEDIUM,5,COST_BASED,COST_BASED,false,false
1,baseline,1,2030,NATURAL_GAS_BLOCK,PRIVATELY_OWNED,136986,240,21196,279306,0.28597417414966914,0.6466025640840756,0.03672366256463422,1129.789063514742,0.7668120273955435,MEDIUM,MEDIUM,MEDIUM,5,COST_BASED,COST_BASED,false,false
1,baseline,1,2031,NATURAL_GAS_BLOCK,PRIVATELY_OWNED,115983,244,21247,279550,0.2861887183486623,0.6439023846473079,0.03145815053930579,1122.0624762025639,0.7631402734135301,MEDIUM,MEDIUM,MEDIUM,5,COST_BASED,COST_BASED,false,false
1,baseline,1,2032,NATURAL_GAS_BLOCK,PRIVATELY_OWNED,94772,265,21476,279815,0.28455597424353213,0.6462994114205568,0.025608115499574573,1119.1310697790539,0.7668805571462375,MEDIUM,MEDIUM,MEDIUM,5,COST_BASED,COST_BASED,false,false
1,baseline,1,2033,NATURAL_GAS_BLOCK,PRIVATELY_OWNED,71582,274,23464,280089,0.28553390703326736,0.646755659923131,0.020471440906119118,1074.0231577779628,0.7671629108864195,MEDIUM,MEDIUM,MEDIUM,5,COST_BASED,COST_BASED,false,false
1,baseline,1,2034,NATURAL_GAS_BLOCK,PRIVATELY_OWNED,45272,365,26675,280454,0.2858298788924782,0.6508177689193524,0.013670790419426026,1012.5056377119563,0.7724803989282943,MEDIUM,MEDIUM,MEDIUM,5,COST_BASED,COST_BASED,false,false
1,baseline,1,2035,NATURAL_GAS_BLOCK,PRIVATELY_OWNED,17751,422,27943,280876,0.287071552916039,0.6536444027350622,0.007695840947039492,987.3294509819672,0.7758353526747452,MEDIUM,MEDIUM,MEDIUM,5,COST_BASED,COST_BASED,false,false
1,baseline,1,2036,NATURAL_GAS_BLOCK,PRIVATELY_OWNED,3554,176,14373,281052,0.2872650099752774,0.6480503128744096,0.0026451346438850815,1079.3457797560172,0.7683120805074479,MEDIUM,MEDIUM,MEDIUM,5,COST_BASED,COST_BASED,false,false
1,baseline,1,2037,NATURAL_GAS_BLOCK,PRIVATELY_OWNED,3441,363,476,281415,0.3440712210105064,0.6577196529958761,8.423683058104315E-4,871.613959390863,0.7622691303243235,MEDIUM,MEDIUM,MEDIUM,5,COST_BASED,COST_BASED,false,false
1,baseline,1,2038,NATURAL_GAS_BLOCK,PRIVATELY_OWNED,3398,250,293,281665,0.3338754168399653,0.6599216156973023,7.720244014981467E-4,889.5012224938876,0.7686036819830824,MEDIUM,MEDIUM,MEDIUM,5,COST_BASED,COST_BASED,false,false
1,baseline,1,2039,NATURAL_GAS_BLOCK,PRIVATELY_OWNED,3354,235,279,281900,0.4133319191710432,0.6708332764092825,6.22271092006117E-4,1005.7481554353172,0.75666706215536,MEDIUM,MEDIUM,MEDIUM,5,COST_BASED,COST_BASED,false,false
1,baseline,1,2040,NATURAL_GAS_BLOCK,PRIVATELY_OWNED,3312,216,258,282116,0.2672455792644606,0.6320003415065649,8.335090487115507E-4,1124.5842190309293,0.7535852622539322,MEDIUM,MEDIUM,MEDIUM,5,COST_BASED,COST_BASED,false,false
1,baseline,1,2041,NATURAL_GAS_BLOCK,PRIVATELY_OWNED,3277,227,262,282343,0.2733234075664349,0.6374003655606629,7.978260498933272E-4,1129.4768536230774,0.7587593515587301,MEDIUM,MEDIUM,MEDIUM,5,COST_BASED,COST_BASED,false,false
1,baseline,1,2042,NATURAL_GAS_BLOCK,PRIVATELY_OWNED,3237,200,240,282543,0.27147055690821803,0.6308555431616402,8.611356417786282E-4,1131.454650269024,0.7506505385794505,MEDIUM,MEDIUM,MEDIUM,5,COST_BASED,COST_BASED,false,false
1,baseline,1,2043,NATURAL_GAS_BLOCK,PRIVATELY_OWNED,3199,206,244,282749,0.27278314764496986,0.6304529341115543,8.111211507468634E-4,1136.1730732306746,0.7496761962670739,MEDIUM,MEDIUM,MEDIUM,5,COST_BASED,COST_BASED,false,false
1,baseline,1,2044,NATURAL_GAS_BLOCK,PRIVATELY_OWNED,3161,227,265,282976,0.27258665859943715,0.6329586485123104,8.918232296987396E-4,1135.7183919058753,0.7530826451499392,MEDIUM,MEDIUM,MEDIUM,5,COST_BASED,COST_BASED,false,false
1,baseline,1,2045,NATURAL_GAS_BLOCK,PRIVATELY_OWNED,3134,247,274,283223,0.27336428302694915,0.6343298094507619,8.51974497634382E-4,1130.8758371585523,0.7546516515920301,MEDIUM,MEDIUM,MEDIUM,5,COST_BASED,COST_BASED,false,false
1,baseline,1,2046,NATURAL_GAS_BLOCK,PRIVATELY_OWNED,3093,324,365,283547,0.27806700193780964,0.6336060883490892,7.597320167815203E-4,1122.196804037006,0.7521191171528542,MEDIUM,MEDIUM,MEDIUM,5,COST_BASED,COST_BASED,false,false
1,baseline,1,2047,NATURAL_GAS_BLOCK,PRIVATELY_OWNED,3065,394,422,283941,0.2790099810224494,0.6340570159767129,8.177140931794493E-4,1118.8042358328564,0.7524060276281389,MEDIUM,MEDIUM,MEDIUM,5,COST_BASED,COST_BASED,false,false
1,baseline,1,2048,NATURAL_GAS_BLOCK,PRIVATELY_OWNED,3032,143,176,284084,0.26945508960645326,0.6313616125100056,7.033437991846999E-4,1081.2370081782472,0.7519971201445241,MEDIUM,MEDIUM,MEDIUM,5,COST_BASED,COST_BASED,false,false
1,baseline,1,2049,NATURAL_GAS_BLOCK,PRIVATELY_OWNED,2983,314,363,284398,0.2696244583760085,0.6362271580431248,7.523128428599139E-4,1026.7950940564597,0.7584280579321581,MEDIUM,MEDIUM,MEDIUM,5,COST_BASED,COST_BASED,false,false
1,baseline,1,2050,NATURAL_GAS_BLOCK,PRIVATELY_OWNED,2956,223,250,284621,0.27052205373372296,0.6391426251622903,7.02867160532313E-4,987.493082571764,0.7620161489718177,MEDIUM,MEDIUM,MEDIUM,5,COST_BASED,COST_BASED,false,false
1,baseline,1,2024,NATURAL_GAS_BLOCK,SOCIAL_HOUSING,97892,97892,0,97892,0.0,0.0,0.0,0.0,0.0,MEDIUM,MEDIUM,MEDIUM,5,COST_BASED,COST_BASED,false,false
1,baseline,1,2025,NATURAL_GAS_BLOCK,SOCIAL_HOUSING,161,0,97731,97892,0.0,0.0,0.0,0.0,0.0,MEDIUM,MEDIUM,MEDIUM,5,COST_BASED,COST_BASED,false,false
1,baseline,1,2026,NATURAL_GAS_BLOCK,SOCIAL_HOUSING,33,0,128,97892,0.0,0.0,0.0,0.0,0.0,MEDIUM,MEDIUM,MEDIUM,5,COST_BASED,COST_BASED,false,false
1,baseline,1,2027,NATURAL_GAS_BLOCK,SOCIAL_HOUSING,10,0,23,97892,0.0,0.0,0.0,0.0,0.0,MEDIUM,MEDIUM,MEDIUM,5,COST_BASED,COST_BASED,false,false
1,baseline,1,2028,NATURAL_GAS_BLOCK,SOCIAL_HOUSING,9,0,1,97892,0.0,0.0,0.0,0.0,0.0,MEDIUM,MEDIUM,MEDIUM,5,COST_BASED,COST_BASED,false,false
1,baseline,1,2029,NATURAL_GAS_BLOCK,SOCIAL_HOUSING,9,0,0,97892,0.0,0.0,0.0,0.0,0.0,MEDIUM,MEDIUM,MEDIUM,5,COST_BASED,COST_BASED,false,false
1,baseline,1,2030,NATURAL_GAS_BLOCK,SOCIAL_HOUSING,4,0,5,97892,0.0,0.0,0.0,0.0,0.0,MEDIUM,MEDIUM,MEDIUM,5,COST_BASED,COST_BASED,false,false
1,baseline,1,2031,NATURAL_GAS_BLOCK,SOCIAL_HOUSING,4,0,0,97892,0.0,0.0,0.0,0.0,0.0,MEDIUM,MEDIUM,MEDIUM,5,COST_BASED,COST_BASED,false,false
1,baseline,1,2032,NATURAL_GAS_BLOCK,SOCIAL_HOUSING,4,0,0,97892,0.0,0.0,0.0,0.0,0.0,MEDIUM,MEDIUM,MEDIUM,5,COST_BASED,COST_BASED,false,false
1,baseline,1,2033,NATURAL_GAS_BLOCK,SOCIAL_HOUSING,3,0,1,97892,0.0,0.0,0.0,0.0,0.0,MEDIUM,MEDIUM,MEDIUM,5,COST_BASED,COST_BASED,false,false
1,baseline,1,2034,NATURAL_GAS_BLOCK,SOCIAL_HOUSING,3,0,0,97892,0.0,0.0,0.0,0.0,0.0,MEDIUM,MEDIUM,MEDIUM,5,COST_BASED,COST_BASED,false,false
1,baseline,1,2035,NATURAL_GAS_BLOCK,SOCIAL_HOUSING,2,0,1,97892,0.0,0.0,0.0,0.0,0.0,MEDIUM,MEDIUM,MEDIUM,5,COST_BASED,COST_BASED,false,false
1,baseline,1,2036,NATURAL_GAS_BLOCK,SOCIAL_HOUSING,0,0,2,97892,0.0,0.0,0.0,0.0,0.0,MEDIUM,MEDIUM,MEDIUM,5,COST_BASED,COST_BASED,false,false
1,baseline,1,2037,NATURAL_GAS_BLOCK,SOCIAL_HOUSING,0,0,0,97892,0.0,0.0,0.0,0.0,0.0,MEDIUM,MEDIUM,MEDIUM,5,COST_BASED,COST_BASED,false,false
1,baseline,1,2038,NATURAL_GAS_BLOCK,SOCIAL_HOUSING,0,0,0,97892,0.0,0.0,0.0,0.0,0.0,MEDIUM,MEDIUM,MEDIUM,5,COST_BASED,COST_BASED,false,false
1,baseline,1,2039,NATURAL_GAS_BLOCK,SOCIAL_HOUSING,0,0,0,97892,0.0,0.0,0.0,0.0,0.0,MEDIUM,MEDIUM,MEDIUM,5,COST_BASED,COST_BASED,false,false
1,baseline,1,2040,NATURAL_GAS_BLOCK,SOCIAL_HOUSING,0,0,0,97892,0.0,0.0,0.0,0.0,0.0,MEDIUM,MEDIUM,MEDIUM,5,COST_BASED,COST_BASED,false,false
1,baseline,1,2041,NATURAL_GAS_BLOCK,SOCIAL_HOUSING,0,0,0,97892,0.0,0.0,0.0,0.0,0.0,MEDIUM,MEDIUM,MEDIUM,5,COST_BASED,COST_BASED,false,false
1,baseline,1,2042,NATURAL_GAS_BLOCK,SOCIAL_HOUSING,0,0,0,97892,0.0,0.0,0.0,0.0,0.0,MEDIUM,MEDIUM,MEDIUM,5,COST_BASED,COST_BASED,false,false
1,baseline,1,2043,NATURAL_GAS_BLOCK,SOCIAL_HOUSING,0,0,0,97892,0.0,0.0,0.0,0.0,0.0,MEDIUM,MEDIUM,MEDIUM,5,COST_BASED,COST_BASED,false,false
1,baseline,1,2044,NATURAL_GAS_BLOCK,SOCIAL_HOUSING,0,0,0,97892,0.0,0.0,0.0,0.0,0.0,MEDIUM,MEDIUM,MEDIUM,5,COST_BASED,COST_BASED,false,false
1,baseline,1,2045,NATURAL_GAS_BLOCK,SOCIAL_HOUSING,0,0,0,97892,0.0,0.0,0.0,0.0,0.0,MEDIUM,MEDIUM,MEDIUM,5,COST_BASED,COST_BASED,false,false
1,baseline,1,2046,NATURAL_GAS_BLOCK,SOCIAL_HOUSING,0,0,0,97892,0.0,0.0,0.0,0.0,0.0,MEDIUM,MEDIUM,MEDIUM,5,COST_BASED,COST_BASED,false,false
1,baseline,1,2047,NATURAL_GAS_BLOCK,SOCIAL_HOUSING,0,0,0,97892,0.0,0.0,0.0,0.0,0.0,MEDIUM,MEDIUM,MEDIUM,5,COST_BASED,COST_BASED,false,false
1,baseline,1,2048,NATURAL_GAS_BLOCK,SOCIAL_HOUSING,0,0,0,97892,0.0,0.0,0.0,0.0,0.0,MEDIUM,MEDIUM,MEDIUM,5,COST_BASED,COST_BASED,false,false
1,baseline,1,2049,NATURAL_GAS_BLOCK,SOCIAL_HOUSING,0,0,0,97892,0.0,0.0,0.0,0.0,0.0,MEDIUM,MEDIUM,MEDIUM,5,COST_BASED,COST_BASED,false,false
1,baseline,1,2050,NATURAL_GAS_BLOCK,SOCIAL_HOUSING,0,0,0,97892,0.0,0.0,0.0,0.0,0.0,MEDIUM,MEDIUM,MEDIUM,5,COST_BASED,COST_BASED,false,false
1,baseline,1,2024,NATURAL_GAS_BLOCK,PRIVATELY_RENTED,89095,89095,0,89095,0.0,0.0,0.0,0.0,0.0,MEDIUM,MEDIUM,MEDIUM,5,COST_BASED,COST_BASED,false,false
1,baseline,1,2025,NATURAL_GAS_BLOCK,PRIVATELY_RENTED,76858,0,12237,89095,0.0,0.0,0.0,0.0,0.0,MEDIUM,MEDIUM,MEDIUM,5,COST_BASED,COST_BASED,false,false
1,baseline,1,2026,NATURAL_GAS_BLOCK,PRIVATELY_RENTED,69623,0,7235,89095,0.0,0.0,0.0,0.0,0.0,MEDIUM,MEDIUM,MEDIUM,5,COST_BASED,COST_BASED,false,false
1,baseline,1,2027,NATURAL_GAS_BLOCK,PRIVATELY_RENTED,62753,0,6870,89095,0.0,0.0,0.0,0.0,0.0,MEDIUM,MEDIUM,MEDIUM,5,COST_BASED,COST_BASED,false,false
1,baseline,1,2028,NATURAL_GAS_BLOCK,PRIVATELY_RENTED,55747,0,7006,89095,0.0,0.0,0.0,0.0,0.0,MEDIUM,MEDIUM,MEDIUM,5,COST_BASED,COST_BASED,false,false
1,baseline,1,2029,NATURAL_GAS_BLOCK,PRIVATELY_RENTED,48821,0,6926,89095,0.0,0.0,0.0,0.0,0.0,MEDIUM,MEDIUM,MEDIUM,5,COST_BASED,COST_BASED,false,false
1,baseline,1,2030,NATURAL_GAS_BLOCK,PRIVATELY_RENTED,41978,0,6843,89095,0.0,0.0,0.0,0.0,0.0,MEDIUM,MEDIUM,MEDIUM,5,COST_BASED,COST_BASED,false,false
1,baseline,1,2031,NATURAL_GAS_BLOCK,PRIVATELY_RENTED,35258,0,6720,89095,0.0,0.0,0.0,0.0,0.0,MEDIUM,MEDIUM,MEDIUM,5,COST_BASED,COST_BASED,false,false
1,baseline,1,2032,NATURAL_GAS_BLOCK,PRIVATELY_RENTED,28091,0,7167,89095,0.0,0.0,0.0,0.0,0.0,MEDIUM,MEDIUM,MEDIUM,5,COST_BASED,COST_BASED,false,false
1,baseline,1,2033,NATURAL_GAS_BLOCK,PRIVATELY_RENTED,19806,0,8285,89095,0.0,0.0,0.0,0.0,0.0,MEDIUM,MEDIUM,MEDIUM,5,COST_BASED,COST_BASED,false,false
1,baseline,1,2034,NATURAL_GAS_BLOCK,PRIVATELY_RENTED,12211,1,7596,89096,0.0,0.0,0.0,0.0,0.0,MEDIUM,MEDIUM,MEDIUM,5,COST_BASED,COST_BASED,false,false
1,baseline,1,2035,NATURAL_GAS_BLOCK,PRIVATELY_RENTED,4788,0,7423,89096,0.0,0.0,0.0,0.0,0.0,MEDIUM,MEDIUM,MEDIUM,5,COST_BASED,COST_BASED,false,false
1,baseline,1,2036,NATURAL_GAS_BLOCK,PRIVATELY_RENTED,1,0,4787,89096,0.0,0.0,0.0,0.0,0.0,MEDIUM,MEDIUM,MEDIUM,5,COST_BASED,COST_BASED,false,false
1,baseline,1,2037,NATURAL_GAS_BLOCK,PRIVATELY_RENTED,2,1,0,89097,0.0,0.0,0.0,0.0,0.0,MEDIUM,MEDIUM,MEDIUM,5,COST_BASED,COST_BASED,false,false
1,baseline,1,2038,NATURAL_GAS_BLOCK,PRIVATELY_RENTED,2,0,0,89097,0.0,0.0,0.0,0.0,0.0,MEDIUM,MEDIUM,MEDIUM,5,COST_BASED,COST_BASED,false,false
1,baseline,1,2039,NATURAL_GAS_BLOCK,PRIVATELY_RENTED,2,0,0,89097,0.0,0.0,0.0,0.0,0.0,MEDIUM,MEDIUM,MEDIUM,5,COST_BASED,COST_BASED,false,false
1,baseline,1,2040,NATURAL_GAS_BLOCK,PRIVATELY_RENTED,2,0,0,89097,0.0,0.0,0.0,0.0,0.0,MEDIUM,MEDIUM,MEDIUM,5,COST_BASED,COST_BASED,false,false
1,baseline,1,2041,NATURAL_GAS_BLOCK,PRIVATELY_RENTED,2,0,0,89097,0.0,0.0,0.0,0.0,0.0,MEDIUM,MEDIUM,MEDIUM,5,COST_BASED,COST_BASED,false,false
1,baseline,1,2042,NATURAL_GAS_BLOCK,PRIVATELY_RENTED,2,0,0,89097,0.0,0.0,0.0,0.0,0.0,MEDIUM,MEDIUM,MEDIUM,5,COST_BASED,COST_BASED,false,false
1,baseline,1,2043,NATURAL_GAS_BLOCK,PRIVATELY_RENTED,2,0,0,89097,0.0,0.0,0.0,0.0,0.0,MEDIUM,MEDIUM,MEDIUM,5,COST_BASED,COST_BASED,false,false
1,baseline,1,2044,NATURAL_GAS_BLOCK,PRIVATELY_RENTED,2,0,0,89097,0.0,0.0,0.0,0.0,0.0,MEDIUM,MEDIUM,MEDIUM,5,COST_BASED,COST_BASED,false,false
1,baseline,1,2045,NATURAL_GAS_BLOCK,PRIVATELY_RENTED,2,0,0,89097,0.0,0.0,0.0,0.0,0.0,MEDIUM,MEDIUM,MEDIUM,5,COST_BASED,COST_BASED,false,false
1,baseline,1,2046,NATURAL_GAS_BLOCK,PRIVATELY_RENTED,2,1,1,89098,0.0,0.0,0.0,0.0,0.0,MEDIUM,MEDIUM,MEDIUM,5,COST_BASED,COST_BASED,false,false
1,baseline,1,2047,NATURAL_GAS_BLOCK,PRIVATELY_RENTED,2,0,0,89098,0.0,0.0,0.0,0.0,0.0,MEDIUM,MEDIUM,MEDIUM,5,COST_BASED,COST_BASED,false,false
1,baseline,1,2048,NATURAL_GAS_BLOCK,PRIVATELY_RENTED,2,0,0,89098,0.0,0.0,0.0,0.0,0.0,MEDIUM,MEDIUM,MEDIUM,5,COST_BASED,COST_BASED,false,false
1,baseline,1,2049,NATURAL_GAS_BLOCK,PRIVATELY_RENTED,2,1,1,89099,0.0,0.0,0.0,0.0,0.0,MEDIUM,MEDIUM,MEDIUM,5,COST_BASED,COST_BASED,false,false
1,baseline,1,2050,NATURAL_GAS_BLOCK,PRIVATELY_RENTED,2,0,0,89099,0.0,0.0,0.0,0.0,0.0,MEDIUM,MEDIUM,MEDIUM,5,COST_BASED,COST_BASED,false,false
1,baseline,1,2024,0.0027809469480889904,0.0027809469480889904,DISTRICT_HEATING,TOTAL,572834,572834,0,572834,0.0,0.0,0.0,0.0,0.0,MEDIUM,MEDIUM,MEDIUM,5,COST_BASED,COST_BASED,false,false
1,baseline,1,2025,0.005918425556189389,0.005918425556189389,DISTRICT_HEATING,TOTAL,450987,56035,177882,628869,0.6600939711080721,0.639764571596031,0.12860838390573015,1448.5254904382907,0.6329881050920114,MEDIUM,MEDIUM,MEDIUM,5,COST_BASED,COST_BASED,false,false
1,baseline,1,2026,0.009626354820308044,0.009626354820308044,DISTRICT_HEATING,TOTAL,481457,43062,12592,671931,0.5748424325195729,0.5616235472162511,0.12373654040311705,1262.5240444858298,0.5572172521151444,MEDIUM,MEDIUM,MEDIUM,5,COST_BASED,COST_BASED,false,false
1,baseline,1,2027,0.013690815744438107,0.013690815744438107,DISTRICT_HEATING,TOTAL,510396,44280,15341,716211,0.5339185824000423,0.5171706055160759,0.1238132792270435,1161.5351553673336,0.511587946554762,MEDIUM,MEDIUM,MEDIUM,5,COST_BASED,COST_BASED,false,false
1,baseline,1,2028,0.01825442099258414,0.01825442099258414,DISTRICT_HEATING,TOTAL,543094,47003,14305,763214,0.4995640765799447,0.48314671537866266,0.119728563638284,1084.9790341387627,0.4776742616449001,MEDIUM,MEDIUM,MEDIUM,5,COST_BASED,COST_BASED,false,false
1,baseline,1,2029,0.02331717056474615,0.02331717056474615,DISTRICT_HEATING,TOTAL,577889,48715,13920,811929,0.4814834020726658,0.4676699780232588,0.11801106601172015,1049.1581258390634,0.46306550334011676,MEDIUM,MEDIUM,MEDIUM,5,COST_BASED,COST_BASED,false,false
1,baseline,1,2030,0.028665145464917285,0.028665145464917285,DISTRICT_HEATING,TOTAL,613886,52584,16587,864513,0.46254060623478155,0.449888201514916,0.11804801381255269,1002.5999770973394,0.44567073327496737,MEDIUM,MEDIUM,MEDIUM,5,COST_BASED,COST_BASED,false,false
1,baseline,1,2031,0.034227039361095266,0.034227039361095266,DISTRICT_HEATING,TOTAL,650543,54241,17584,918754,0.4380421029373083,0.42445146482265966,0.11509592663652847,943.1639060015941,0.4199212521177854,MEDIUM,MEDIUM,MEDIUM,5,COST_BASED,COST_BASED,false,false
1,baseline,1,2032,0.04014546491728466,0.04014546491728466,DISTRICT_HEATING,TOTAL,690620,55132,15055,973886,0.41718237383892254,0.4058902898409428,0.11113973165760797,889.0459200419504,0.402126261841612,MEDIUM,MEDIUM,MEDIUM,5,COST_BASED,COST_BASED,false,false
1,baseline,1,2033,0.046491728465487735,0.046491728465487735,DISTRICT_HEATING,TOTAL,730825,55054,14849,1028940,0.39438513710194645,0.3825487583243145,0.11029009376164571,841.4185676460531,0.37860329873176835,MEDIUM,MEDIUM,MEDIUM,5,COST_BASED,COST_BASED,false,false
1,baseline,1,2034,0.053265830005704506,0.053265830005704506,DISTRICT_HEATING,TOTAL,776796,60471,14500,1089411,0.411312712704475,0.4009440610959113,0.11916457137432854,833.096834727563,0.39748784389306085,MEDIUM,MEDIUM,MEDIUM,5,COST_BASED,COST_BASED,false,false
1,baseline,1,2035,0.060396463205932685,0.060396463205932685,DISTRICT_HEATING,TOTAL,822844,60268,14220,1149679,0.39460050884448344,0.3848298869392537,0.11577060677597008,812.0371988021435,0.3815730129708453,MEDIUM,MEDIUM,MEDIUM,5,COST_BASED,COST_BASED,false,false
1,baseline,1,2036,0.06752709640616086,0.06752709640616086,DISTRICT_HEATING,TOTAL,856999,48268,14113,1197947,0.33204153634961764,0.32359931146202664,0.10307077990848884,703.8288071124681,0.32078523649949353,MEDIUM,MEDIUM,MEDIUM,5,COST_BASED,COST_BASED,false,false
1,baseline,1,2037,0.07465772960638904,0.07465772960638904,DISTRICT_HEATING,TOTAL,854017,11634,14616,1209581,0.4439086421672755,0.4321370956177055,0.151999860531674,880.4283805447452,0.42821324676784966,MEDIUM,MEDIUM,MEDIUM,5,COST_BASED,COST_BASED,false,false
1,baseline,1,2038,0.08185966913861951,0.08185966913861951,DISTRICT_HEATING,TOTAL,851725,12366,14658,1221947,0.46429506248475433,0.45739670095948765,0.155813550445728,954.9957082359603,0.45509724711773236,MEDIUM,MEDIUM,MEDIUM,5,COST_BASED,COST_BASED,false,false
1,baseline,1,2039,0.08906160867084997,0.08906160867084997,DISTRICT_HEATING,TOTAL,847609,9444,13560,1231391,0.480008405979659,0.4694997013537135,0.15959512844051937,1029.612063414688,0.4659967998117271,MEDIUM,MEDIUM,MEDIUM,5,COST_BASED,COST_BASED,false,false
1,baseline,1,2040,0.09626354820308043,0.09626354820308043,DISTRICT_HEATING,TOTAL,842372,8157,13394,1239548,0.5628248017316653,0.589621952741881,0.19181315083477748,1414.8312451574363,0.5985543364119428,MEDIUM,MEDIUM,MEDIUM,5,COST_BASED,COST_BASED,false,false
1,baseline,1,2041,0.10346548773531089,0.10346548773531089,DISTRICT_HEATING,TOTAL,837319,8018,13071,1247566,0.5707188684683241,0.6016791357339837,0.19725816480102049,1380.4650502411514,0.6119992248225433,MEDIUM,MEDIUM,MEDIUM,5,COST_BASED,COST_BASED,false,false
1,baseline,1,2042,0.11066742726754136,0.11066742726754136,DISTRICT_HEATING,TOTAL,832424,7003,11898,1254569,0.5703048325771621,0.5900814816150857,0.19492312314005586,1399.8016147394271,0.596673697961055,MEDIUM,MEDIUM,MEDIUM,5,COST_BASED,COST_BASED,false,false
1,baseline,1,2043,0.11786936679977182,0.11786936679977182,DISTRICT_HEATING,TOTAL,827814,6763,11373,1261332,0.5714920621928768,0.5886674713267025,0.18931406866771278,1400.498207238859,0.5943926077046492,MEDIUM,MEDIUM,MEDIUM,5,COST_BASED,COST_BASED,false,false
1,baseline,1,2044,0.12507130633200228,0.12507130633200228,DISTRICT_HEATING,TOTAL,823896,6268,10186,1267600,0.573877602868774,0.5962091276150963,0.19152980671794292,1408.9396895586638,0.6036529691972472,MEDIUM,MEDIUM,MEDIUM,5,COST_BASED,COST_BASED,false,false
1,baseline,1,2045,0.13227324586423275,0.13227324586423275,DISTRICT_HEATING,TOTAL,819684,6791,11003,1274391,0.5864900992288633,0.6098200243854102,0.19445953597522436,1430.781988349381,0.6175966661042624,MEDIUM,MEDIUM,MEDIUM,5,COST_BASED,COST_BASED,false,false
1,baseline,1,2046,0.1394751853964632,0.1394751853964632,DISTRICT_HEATING,TOTAL,815095,7265,11854,1281656,0.59203234394109,0.6047003965647461,0.1902373265028889,1440.8088119146323,0.6089230807726295,MEDIUM,MEDIUM,MEDIUM,5,COST_BASED,COST_BASED,false,false
1,baseline,1,2047,0.14667712492869367,0.14667712492869367,DISTRICT_HEATING,TOTAL,809991,8529,13633,1290185,0.5943421047280645,0.6111606969002913,0.19081067132418514,1395.0215533996416,0.6167668942910366,MEDIUM,MEDIUM,MEDIUM,5,COST_BASED,COST_BASED,false,false
1,baseline,1,2048,0.15387906446092414,0.15387906446092414,DISTRICT_HEATING,TOTAL,804902,7929,13018,1298114,0.5743794096661398,0.5848659263807876,0.1829708011586659,1375.3647362490733,0.5883614319523313,MEDIUM,MEDIUM,MEDIUM,5,COST_BASED,COST_BASED,false,false
1,baseline,1,2049,0.1610810039931546,0.1610810039931546,DISTRICT_HEATING,TOTAL,799592,9073,14383,1307187,0.5973899292735025,0.6153316972252807,0.18974418896391348,1364.0271110566791,0.6213122865425331,MEDIUM,MEDIUM,MEDIUM,5,COST_BASED,COST_BASED,false,false
1,baseline,1,2050,0.0,0.0,DISTRICT_HEATING,TOTAL,794196,9013,14409,1316200,0.5946844549537745,0.6117659772014876,0.1831865377682643,1358.0085961123102,0.6174598179507321,MEDIUM,MEDIUM,MEDIUM,5,COST_BASED,COST_BASED,false,false
1,baseline,1,2024,DISTRICT_HEATING,PRIVATELY_OWNED,317386,317386,0,317386,0.0,0.0,0.0,0.0,0.0,MEDIUM,MEDIUM,MEDIUM,5,COST_BASED,COST_BASED,false,false
1,baseline,1,2025,DISTRICT_HEATING,PRIVATELY_OWNED,354201,48343,11528,365729,0.7651235064236978,0.741559435065751,0.14907165033526237,1679.0047340196018,0.7337047446130951,MEDIUM,MEDIUM,MEDIUM,5,COST_BASED,COST_BASED,false,false
1,baseline,1,2026,DISTRICT_HEATING,PRIVATELY_OWNED,376577,32364,9988,398093,0.7648580159794168,0.7472695955452417,0.16463795893088082,1679.854480399481,0.7414067887338508,MEDIUM,MEDIUM,MEDIUM,5,COST_BASED,COST_BASED,false,false
1,baseline,1,2027,DISTRICT_HEATING,PRIVATELY_OWNED,394829,30879,12627,428972,0.7656308438963009,0.7416145086386164,0.17754629373274672,1665.6231315672635,0.7336090635527336,MEDIUM,MEDIUM,MEDIUM,5,COST_BASED,COST_BASED,false,false
1,baseline,1,2028,DISTRICT_HEATING,PRIVATELY_OWNED,413707,30646,11768,459618,0.7662014713661536,0.7410215056758885,0.18363250266560932,1664.0758840182818,0.7326281837791307,MEDIUM,MEDIUM,MEDIUM,5,COST_BASED,COST_BASED,false,false
1,baseline,1,2029,DISTRICT_HEATING,PRIVATELY_OWNED,432735,30613,11585,490231,0.7661929223522659,0.7442113801131236,0.18779306440926885,1669.5435958661344,0.7368841993667327,MEDIUM,MEDIUM,MEDIUM,5,COST_BASED,COST_BASED,false,false
1,baseline,1,2030,DISTRICT_HEATING,PRIVATELY_OWNED,450804,31750,13681,521981,0.7660546531732205,0.7450998799515068,0.19550981915966206,1660.4950297854016,0.7381149555442799,MEDIUM,MEDIUM,MEDIUM,5,COST_BASED,COST_BASED,false,false
1,baseline,1,2031,DISTRICT_HEATING,PRIVATELY_OWNED,467037,31030,14797,553011,0.7657055013026922,0.741948820607344,0.20118975690273738,1648.6675290181265,0.734029927042243,MEDIUM,MEDIUM,MEDIUM,5,COST_BASED,COST_BASED,false,false
1,baseline,1,2032,DISTRICT_HEATING,PRIVATELY_OWNED,485052,30037,12022,583048,0.7657255596260437,0.7449992828681579,0.20399359742142167,1631.8167481357264,0.7380905239488548,MEDIUM,MEDIUM,MEDIUM,5,COST_BASED,COST_BASED,false,false
1,baseline,1,2033,DISTRICT_HEATING,PRIVATELY_OWNED,501531,28403,11924,611451,0.7644431693134724,0.7415005225077214,0.2137770947418809,1630.9353879233113,0.7338529735724668,MEDIUM,MEDIUM,MEDIUM,5,COST_BASED,COST_BASED,false,false
1,baseline,1,2034,DISTRICT_HEATING,PRIVATELY_OWNED,522502,32480,11509,643931,0.7657786653310439,0.7464743940434376,0.22185963040569645,1551.0529154190413,0.7400396369475765,MEDIUM,MEDIUM,MEDIUM,5,COST_BASED,COST_BASED,false,false
1,baseline,1,2035,DISTRICT_HEATING,PRIVATELY_OWNED,542759,31041,10784,674972,0.7661410221010705,0.7471707620906202,0.22477571370684465,1576.6198865180756,0.7408473420871398,MEDIUM,MEDIUM,MEDIUM,5,COST_BASED,COST_BASED,false,false
1,baseline,1,2036,DISTRICT_HEATING,PRIVATELY_OWNED,553161,20927,10525,695899,0.7658518123249077,0.7463798712500168,0.23773213573961577,1623.3769227172845,0.7398892242250468,MEDIUM,MEDIUM,MEDIUM,5,COST_BASED,COST_BASED,false,false
1,baseline,1,2037,DISTRICT_HEATING,PRIVATELY_OWNED,548919,6750,10992,702649,0.7651012063665309,0.7448122919135386,0.26198020406303635,1517.4672265566765,0.7380493204292093,MEDIUM,MEDIUM,MEDIUM,5,COST_BASED,COST_BASED,false,false
1,baseline,1,2038,DISTRICT_HEATING,PRIVATELY_OWNED,545767,7495,10647,710144,0.7660403926199428,0.754658786399603,0.25707676648590694,1575.6473553096575,0.7508649176594901,MEDIUM,MEDIUM,MEDIUM,5,COST_BASED,COST_BASED,false,false
1,baseline,1,2039,DISTRICT_HEATING,PRIVATELY_OWNED,542184,5933,9516,716077,0.7640652934555704,0.7473378020536777,0.25403950665637365,1638.910555686552,0.7417619715863729,MEDIUM,MEDIUM,MEDIUM,5,COST_BASED,COST_BASED,false,false
1,baseline,1,2040,DISTRICT_HEATING,PRIVATELY_OWNED,539295,6653,9542,722730,0.6900589069179609,0.7229139138006198,0.23517508963764916,1734.672849353556,0.7338655827614936,MEDIUM,MEDIUM,MEDIUM,5,COST_BASED,COST_BASED,false,false
1,baseline,1,2041,DISTRICT_HEATING,PRIVATELY_OWNED,537008,6566,8853,729296,0.6969271835788946,0.7347339796398236,0.24087967794312856,1685.7399897705684,0.7473362449934743,MEDIUM,MEDIUM,MEDIUM,5,COST_BASED,COST_BASED,false,false
1,baseline,1,2042,DISTRICT_HEATING,PRIVATELY_OWNED,534225,5703,8486,734999,0.7003059341641007,0.7245906743381457,0.2393558883657393,1718.886675086833,0.7326855877294876,MEDIUM,MEDIUM,MEDIUM,5,COST_BASED,COST_BASED,false,false
1,baseline,1,2043,DISTRICT_HEATING,PRIVATELY_OWNED,531685,5500,8040,740499,0.7027274212018957,0.7238469288331798,0.2327874629817712,1722.103522828437,0.7308867647102805,MEDIUM,MEDIUM,MEDIUM,5,COST_BASED,COST_BASED,false,false
1,baseline,1,2044,DISTRICT_HEATING,PRIVATELY_OWNED,529242,5139,7582,745638,0.6999542352172554,0.7271918295176928,0.23360747781826546,1718.4732387923148,0.7362710276178916,MEDIUM,MEDIUM,MEDIUM,5,COST_BASED,COST_BASED,false,false
1,baseline,1,2045,DISTRICT_HEATING,PRIVATELY_OWNED,526717,5686,8211,751324,0.7004668068700687,0.7283305989450088,0.2322502125936948,1708.8358218221326,0.7376185296366596,MEDIUM,MEDIUM,MEDIUM,5,COST_BASED,COST_BASED,false,false
1,baseline,1,2046,DISTRICT_HEATING,PRIVATELY_OWNED,523865,6050,8902,757374,0.7109280956581848,0.7261402282715503,0.22844201273446083,1730.1613253817857,0.7312109391426699,MEDIUM,MEDIUM,MEDIUM,5,COST_BASED,COST_BASED,false,false
1,baseline,1,2047,DISTRICT_HEATING,PRIVATELY_OWNED,520962,7129,10032,764503,0.7110595891745913,0.7311810329446745,0.22828225778145253,1668.977251921103,0.7378881808680391,MEDIUM,MEDIUM,MEDIUM,5,COST_BASED,COST_BASED,false,false
1,baseline,1,2048,DISTRICT_HEATING,PRIVATELY_OWNED,517802,6387,9547,770890,0.7130506245878852,0.7260688790156983,0.2271450575210681,1707.4161568371537,0.7304082971582958,MEDIUM,MEDIUM,MEDIUM,5,COST_BASED,COST_BASED,false,false
1,baseline,1,2049,DISTRICT_HEATING,PRIVATELY_OWNED,514500,7627,10929,778517,0.7106488564702358,0.7319921973154545,0.22571771685716363,1622.632487035171,0.7391066442638525,MEDIUM,MEDIUM,MEDIUM,5,COST_BASED,COST_BASED,false,false
1,baseline,1,2050,DISTRICT_HEATING,PRIVATELY_OWNED,511395,7510,10615,786027,0.7137005316242836,0.7342006328251676,0.21984823767048814,1629.7911420453065,0.741033999892137,MEDIUM,MEDIUM,MEDIUM,5,COST_BASED,COST_BASED,false,false
1,baseline,1,2024,DISTRICT_HEATING,SOCIAL_HOUSING,163911,163911,0,163911,0.0,0.0,0.0,0.0,0.0,MEDIUM,MEDIUM,MEDIUM,5,COST_BASED,COST_BASED,false,false
1,baseline,1,2025,DISTRICT_HEATING,SOCIAL_HOUSING,257,0,163654,163911,0.0,0.0,0.0,0.0,0.0,MEDIUM,MEDIUM,MEDIUM,5,COST_BASED,COST_BASED,false,false
1,baseline,1,2026,DISTRICT_HEATING,SOCIAL_HOUSING,57,0,200,163911,0.0,0.0,0.0,0.0,0.0,MEDIUM,MEDIUM,MEDIUM,5,COST_BASED,COST_BASED,false,false
1,baseline,1,2027,DISTRICT_HEATING,SOCIAL_HOUSING,15,0,42,163911,0.0,0.0,0.0,0.0,0.0,MEDIUM,MEDIUM,MEDIUM,5,COST_BASED,COST_BASED,false,false
1,baseline,1,2028,DISTRICT_HEATING,SOCIAL_HOUSING,9,0,6,163911,0.0,0.0,0.0,0.0,0.0,MEDIUM,MEDIUM,MEDIUM,5,COST_BASED,COST_BASED,false,false
1,baseline,1,2029,DISTRICT_HEATING,SOCIAL_HOUSING,1,0,8,163911,0.0,0.0,0.0,0.0,0.0,MEDIUM,MEDIUM,MEDIUM,5,COST_BASED,COST_BASED,false,false
1,baseline,1,2030,DISTRICT_HEATING,SOCIAL_HOUSING,1,0,0,163911,0.0,0.0,0.0,0.0,0.0,MEDIUM,MEDIUM,MEDIUM,5,COST_BASED,COST_BASED,false,false
1,baseline,1,2031,DISTRICT_HEATING,SOCIAL_HOUSING,1,0,0,163911,0.0,0.0,0.0,0.0,0.0,MEDIUM,MEDIUM,MEDIUM,5,COST_BASED,COST_BASED,false,false
1,baseline,1,2032,DISTRICT_HEATING,SOCIAL_HOUSING,1,0,0,163911,0.0,0.0,0.0,0.0,0.0,MEDIUM,MEDIUM,MEDIUM,5,COST_BASED,COST_BASED,false,false
1,baseline,1,2033,DISTRICT_HEATING,SOCIAL_HOUSING,1,0,0,163911,0.0,0.0,0.0,0.0,0.0,MEDIUM,MEDIUM,MEDIUM,5,COST_BASED,COST_BASED,false,false
1,baseline,1,2034,DISTRICT_HEATING,SOCIAL_HOUSING,1,0,0,163911,0.0,0.0,0.0,0.0,0.0,MEDIUM,MEDIUM,MEDIUM,5,COST_BASED,COST_BASED,false,false
1,baseline,1,2035,DISTRICT_HEATING,SOCIAL_HOUSING,1,0,0,163911,0.0,0.0,0.0,0.0,0.0,MEDIUM,MEDIUM,MEDIUM,5,COST_BASED,COST_BASED,false,false
1,baseline,1,2036,DISTRICT_HEATING,SOCIAL_HOUSING,1,0,0,163911,0.0,0.0,0.0,0.0,0.0,MEDIUM,MEDIUM,MEDIUM,5,COST_BASED,COST_BASED,false,false
1,baseline,1,2037,DISTRICT_HEATING,SOCIAL_HOUSING,1,0,0,163911,0.0,0.0,0.0,0.0,0.0,MEDIUM,MEDIUM,MEDIUM,5,COST_BASED,COST_BASED,false,false
1,baseline,1,2038,DISTRICT_HEATING,SOCIAL_HOUSING,1,0,0,163911,0.0,0.0,0.0,0.0,0.0,MEDIUM,MEDIUM,MEDIUM,5,COST_BASED,COST_BASED,false,false
1,baseline,1,2039,DISTRICT_HEATING,SOCIAL_HOUSING,1,0,0,163911,0.0,0.0,0.0,0.0,0.0,MEDIUM,MEDIUM,MEDIUM,5,COST_BASED,COST_BASED,false,false
1,baseline,1,2040,DISTRICT_HEATING,SOCIAL_HOUSING,1,0,0,163911,0.0,0.0,0.0,0.0,0.0,MEDIUM,MEDIUM,MEDIUM,5,COST_BASED,COST_BASED,false,false
1,baseline,1,2041,DISTRICT_HEATING,SOCIAL_HOUSING,1,0,0,163911,0.0,0.0,0.0,0.0,0.0,MEDIUM,MEDIUM,MEDIUM,5,COST_BASED,COST_BASED,false,false
1,baseline,1,2042,DISTRICT_HEATING,SOCIAL_HOUSING,1,0,0,163911,0.0,0.0,0.0,0.0,0.0,MEDIUM,MEDIUM,MEDIUM,5,COST_BASED,COST_BASED,false,false
1,baseline,1,2043,DISTRICT_HEATING,SOCIAL_HOUSING,1,0,0,163911,0.0,0.0,0.0,0.0,0.0,MEDIUM,MEDIUM,MEDIUM,5,COST_BASED,COST_BASED,false,false
1,baseline,1,2044,DISTRICT_HEATING,SOCIAL_HOUSING,1,0,0,163911,0.0,0.0,0.0,0.0,0.0,MEDIUM,MEDIUM,MEDIUM,5,COST_BASED,COST_BASED,false,false
1,baseline,1,2045,DISTRICT_HEATING,SOCIAL_HOUSING,0,0,1,163911,0.0,0.0,0.0,0.0,0.0,MEDIUM,MEDIUM,MEDIUM,5,COST_BASED,COST_BASED,false,false
1,baseline,1,2046,DISTRICT_HEATING,SOCIAL_HOUSING,0,0,0,163911,0.0,0.0,0.0,0.0,0.0,MEDIUM,MEDIUM,MEDIUM,5,COST_BASED,COST_BASED,false,false
1,baseline,1,2047,DISTRICT_HEATING,SOCIAL_HOUSING,0,0,0,163911,0.0,0.0,0.0,0.0,0.0,MEDIUM,MEDIUM,MEDIUM,5,COST_BASED,COST_BASED,false,false
1,baseline,1,2048,DISTRICT_HEATING,SOCIAL_HOUSING,0,0,0,163911,0.0,0.0,0.0,0.0,0.0,MEDIUM,MEDIUM,MEDIUM,5,COST_BASED,COST_BASED,false,false
1,baseline,1,2049,DISTRICT_HEATING,SOCIAL_HOUSING,0,0,0,163911,0.0,0.0,0.0,0.0,0.0,MEDIUM,MEDIUM,MEDIUM,5,COST_BASED,COST_BASED,false,false
1,baseline,1,2050,DISTRICT_HEATING,SOCIAL_HOUSING,0,0,0,163911,0.0,0.0,0.0,0.0,0.0,MEDIUM,MEDIUM,MEDIUM,5,COST_BASED,COST_BASED,false,false
1,baseline,1,2024,DISTRICT_HEATING,PRIVATELY_RENTED,91537,91537,0,91537,0.0,0.0,0.0,0.0,0.0,MEDIUM,MEDIUM,MEDIUM,5,COST_BASED,COST_BASED,false,false
1,baseline,1,2025,DISTRICT_HEATING,PRIVATELY_RENTED,96529,7692,2700,99229,0.0,0.0,0.0,0.0,0.0,MEDIUM,MEDIUM,MEDIUM,5,COST_BASED,COST_BASED,false,false
1,baseline,1,2026,DISTRICT_HEATING,PRIVATELY_RENTED,104823,10698,2404,109927,0.0,0.0,0.0,0.0,0.0,MEDIUM,MEDIUM,MEDIUM,5,COST_BASED,COST_BASED,false,false
1,baseline,1,2027,DISTRICT_HEATING,PRIVATELY_RENTED,115552,13401,2672,123328,0.0,0.0,0.0,0.0,0.0,MEDIUM,MEDIUM,MEDIUM,5,COST_BASED,COST_BASED,false,false
1,baseline,1,2028,DISTRICT_HEATING,PRIVATELY_RENTED,129378,16357,2531,139685,0.0,0.0,0.0,0.0,0.0,MEDIUM,MEDIUM,MEDIUM,5,COST_BASED,COST_BASED,false,false
1,baseline,1,2029,DISTRICT_HEATING,PRIVATELY_RENTED,145153,18102,2327,157787,0.0,0.0,0.0,0.0,0.0,MEDIUM,MEDIUM,MEDIUM,5,COST_BASED,COST_BASED,false,false
1,baseline,1,2030,DISTRICT_HEATING,PRIVATELY_RENTED,163081,20834,2906,178621,0.0,0.0,0.0,0.0,0.0,MEDIUM,MEDIUM,MEDIUM,5,COST_BASED,COST_BASED,false,false
1,baseline,1,2031,DISTRICT_HEATING,PRIVATELY_RENTED,183505,23211,2787,201832,0.0,0.0,0.0,0.0,0.0,MEDIUM,MEDIUM,MEDIUM,5,COST_BASED,COST_BASED,false,false
1,baseline,1,2032,DISTRICT_HEATING,PRIVATELY_RENTED,205567,25095,3033,226927,0.0,0.0,0.0,0.0,0.0,MEDIUM,MEDIUM,MEDIUM,5,COST_BASED,COST_BASED,false,false
1,baseline,1,2033,DISTRICT_HEATING,PRIVATELY_RENTED,229293,26651,2925,253578,0.0,0.0,0.0,0.0,0.0,MEDIUM,MEDIUM,MEDIUM,5,COST_BASED,COST_BASED,false,false
1,baseline,1,2034,DISTRICT_HEATING,PRIVATELY_RENTED,254293,27991,2991,281569,0.0,0.0,0.0,0.0,0.0,MEDIUM,MEDIUM,MEDIUM,5,COST_BASED,COST_BASED,false,false
1,baseline,1,2035,DISTRICT_HEATING,PRIVATELY_RENTED,280084,29227,3436,310796,0.0,0.0,0.0,0.0,0.0,MEDIUM,MEDIUM,MEDIUM,5,COST_BASED,COST_BASED,false,false
1,baseline,1,2036,DISTRICT_HEATING,PRIVATELY_RENTED,303837,27341,3588,338137,0.0,0.0,0.0,0.0,0.0,MEDIUM,MEDIUM,MEDIUM,5,COST_BASED,COST_BASED,false,false
1,baseline,1,2037,DISTRICT_HEATING,PRIVATELY_RENTED,305097,4884,3624,343021,0.0,0.0,0.0,0.0,0.0,MEDIUM,MEDIUM,MEDIUM,5,COST_BASED,COST_BASED,false,false
1,baseline,1,2038,DISTRICT_HEATING,PRIVATELY_RENTED,305957,4871,4011,347892,0.0,0.0,0.0,0.0,0.0,MEDIUM,MEDIUM,MEDIUM,5,COST_BASED,COST_BASED,false,false
1,baseline,1,2039,DISTRICT_HEATING,PRIVATELY_RENTED,305424,3511,4044,351403,0.0,0.0,0.0,0.0,0.0,MEDIUM,MEDIUM,MEDIUM,5,COST_BASED,COST_BASED,false,false
1,baseline,1,2040,DISTRICT_HEATING,PRIVATELY_RENTED,303076,1504,3852,352907,0.0,0.0,0.0,0.0,0.0,MEDIUM,MEDIUM,MEDIUM,5,COST_BASED,COST_BASED,false,false
1,baseline,1,2041,DISTRICT_HEATING,PRIVATELY_RENTED,300310,1452,4218,354359,0.0,0.0,0.0,0.0,0.0,MEDIUM,MEDIUM,MEDIUM,5,COST_BASED,COST_BASED,false,false
1,baseline,1,2042,DISTRICT_HEATING,PRIVATELY_RENTED,298198,1300,3412,355659,0.0,0.0,0.0,0.0,0.0,MEDIUM,MEDIUM,MEDIUM,5,COST_BASED,COST_BASED,false,false
1,baseline,1,2043,DISTRICT_HEATING,PRIVATELY_RENTED,296128,1263,3333,356922,0.0,0.0,0.0,0.0,0.0,MEDIUM,MEDIUM,MEDIUM,5,COST_BASED,COST_BASED,false,false
1,baseline,1,2044,DISTRICT_HEATING,PRIVATELY_RENTED,294653,1129,2604,358051,0.0,0.0,0.0,0.0,0.0,MEDIUM,MEDIUM,MEDIUM,5,COST_BASED,COST_BASED,false,false
1,baseline,1,2045,DISTRICT_HEATING,PRIVATELY_RENTED,292967,1105,2791,359156,0.0,0.0,0.0,0.0,0.0,MEDIUM,MEDIUM,MEDIUM,5,COST_BASED,COST_BASED,false,false
1,baseline,1,2046,DISTRICT_HEATING,PRIVATELY_RENTED,291230,1215,2952,360371,0.0,0.0,0.0,0.0,0.0,MEDIUM,MEDIUM,MEDIUM,5,COST_BASED,COST_BASED,false,false
1,baseline,1,2047,DISTRICT_HEATING,PRIVATELY_RENTED,289029,1400,3601,361771,0.0,0.0,0.0,0.0,0.0,MEDIUM,MEDIUM,MEDIUM,5,COST_BASED,COST_BASED,false,false
1,baseline,1,2048,DISTRICT_HEATING,PRIVATELY_RENTED,287100,1542,3471,363313,0.0,0.0,0.0,0.0,0.0,MEDIUM,MEDIUM,MEDIUM,5,COST_BASED,COST_BASED,false,false
1,baseline,1,2049,DISTRICT_HEATING,PRIVATELY_RENTED,285092,1446,3454,364759,0.0,0.0,0.0,0.0,0.0,MEDIUM,MEDIUM,MEDIUM,5,COST_BASED,COST_BASED,false,false
1,baseline,1,2050,DISTRICT_HEATING,PRIVATELY_RENTED,282801,1503,3794,366262,0.0,0.0,0.0,0.0,0.0,MEDIUM,MEDIUM,MEDIUM,5,COST_BASED,COST_BASED,false,false
1,baseline,1,2024,0.0027809469480889904,0.0027809469480889904,ELECTRIC_HEAT_PUMP,TOTAL,399584,399584,0,399584,0.0,0.0,0.0,0.0,0.0,MEDIUM,MEDIUM,MEDIUM,5,COST_BASED,COST_BASED,false,false
1,baseline,1,2025,0.005918425556189389,0.005918425556189389,ELECTRIC_HEAT_PUMP,TOTAL,778136,418653,40101,818237,0.47001529182906066,0.4522288087807893,0.05231476545189914,1711.7326895146534,0.4462999810980491,MEDIUM,MEDIUM,MEDIUM,5,COST_BASED,COST_BASED,false,false
1,baseline,1,2026,0.009626354820308044,0.009626354820308044,ELECTRIC_HEAT_PUMP,TOTAL,988494,233558,23200,1051795,0.4676821552686884,0.4477369210688017,0.0740492321228306,1640.5787630027762,0.44108850966883495,MEDIUM,MEDIUM,MEDIUM,5,COST_BASED,COST_BASED,false,false
1,baseline,1,2027,0.013690815744438107,0.013690815744438107,ELECTRIC_HEAT_PUMP,TOTAL,1212467,246927,22954,1298722,0.4929667284345096,0.475947580642182,0.09575100121612155,1690.6214852086036,0.47027453137805947,MEDIUM,MEDIUM,MEDIUM,5,COST_BASED,COST_BASED,false,false
1,baseline,1,2028,0.01825442099258414,0.01825442099258414,ELECTRIC_HEAT_PUMP,TOTAL,1436967,247170,22670,1545892,0.49513778132481345,0.47776581453678646,0.11465334180913321,1664.8277886340245,0.4719751589407868,MEDIUM,MEDIUM,MEDIUM,5,COST_BASED,COST_BASED,false,false
1,baseline,1,2029,0.02331717056474615,0.02331717056474615,ELECTRIC_HEAT_PUMP,TOTAL,1664090,249359,22236,1795251,0.5087388695493059,0.4937909818935071,0.1377154729895339,1686.3923082614115,0.4888083526748963,MEDIUM,MEDIUM,MEDIUM,5,COST_BASED,COST_BASED,false,false
1,baseline,1,2030,0.028665145464917285,0.028665145464917285,ELECTRIC_HEAT_PUMP,TOTAL,1893966,252730,22854,2047981,0.514906031289302,0.5011782215714518,0.16002600035686063,1675.847472116685,0.49660228499886055,MEDIUM,MEDIUM,MEDIUM,5,COST_BASED,COST_BASED,false,false
1,baseline,1,2031,0.034227039361095266,0.034227039361095266,ELECTRIC_HEAT_PUMP,TOTAL,2109178,239750,24538,2287731,0.5100539302143671,0.49423477192145454,0.17840994414011233,1629.6383584785658,0.48896171915713776,MEDIUM,MEDIUM,MEDIUM,5,COST_BASED,COST_BASED,false,false
1,baseline,1,2032,0.04014546491728466,0.04014546491728466,ELECTRIC_HEAT_PUMP,TOTAL,2327717,243601,25062,2531332,0.5172147013195385,0.5041260238099197,0.20061531977848174,1637.8169630462464,0.49976313130673605,MEDIUM,MEDIUM,MEDIUM,5,COST_BASED,COST_BASED,false,false
1,baseline,1,2033,0.046491728465487735,0.046491728465487735,ELECTRIC_HEAT_PUMP,TOTAL,2544667,243195,26245,2774527,0.5219421176744949,0.5086480360968088,0.22238588374862298,1624.6226938595203,0.5042166755709383,MEDIUM,MEDIUM,MEDIUM,5,COST_BASED,COST_BASED,false,false
1,baseline,1,2034,0.053265830005704506,0.053265830005704506,ELECTRIC_HEAT_PUMP,TOTAL,2771329,254308,27646,3028835,0.5426403376256451,0.5327934643002488,0.25304699398790015,1631.0429960455301,0.5295111731918054,MEDIUM,MEDIUM,MEDIUM,5,COST_BASED,COST_BASED,false,false
1,baseline,1,2035,0.060396463205932685,0.060396463205932685,ELECTRIC_HEAT_PUMP,TOTAL,2990365,248169,29133,3277004,0.5398605107986166,0.5296086427602675,0.2746063606847502,1604.544696875393,0.5261913534141374,MEDIUM,MEDIUM,MEDIUM,5,COST_BASED,COST_BASED,false,false
1,baseline,1,2036,0.06752709640616086,0.06752709640616086,ELECTRIC_HEAT_PUMP,TOTAL,3134916,176139,31588,3453143,0.5615802891590415,0.5552763123737054,0.3047194890177987,1609.1590956907858,0.5531749867785839,MEDIUM,MEDIUM,MEDIUM,5,COST_BASED,COST_BASED,false,false
1,baseline,1,2037,0.07465772960638904,0.07465772960638904,ELECTRIC_HEAT_PUMP,TOTAL,3127348,28645,36213,3481788,0.5481832185896561,0.6171100997236341,0.33329986211755497,1404.7854621573201,0.6400857267682789,MEDIUM,MEDIUM,MEDIUM,5,COST_BASED,COST_BASED,false,false
1,baseline,1,2038,0.08185966913861951,0.08185966913861951,ELECTRIC_HEAT_PUMP,TOTAL,3121096,25054,31306,3506842,0.5497946794064472,0.6021747947788271,0.32360410363393044,1408.0622906561457,0.6196348332362835,MEDIUM,MEDIUM,MEDIUM,5,COST_BASED,COST_BASED,false,false
1,baseline,1,2039,0.08906160867084997,0.08906160867084997,ELECTRIC_HEAT_PUMP,TOTAL,3122293,15034,13837,3521876,0.4891971382823845,0.54616254921444,0.2971466514261098,1380.647390299643,0.5651510195251227,MEDIUM,MEDIUM,MEDIUM,5,COST_BASED,COST_BASED,false,false
1,baseline,1,2040,0.09626354820308043,0.09626354820308043,ELECTRIC_HEAT_PUMP,TOTAL,3129102,425463,418654,3947339,0.4753441353770982,0.4897066832531403,0.261355708540514,1202.8397148465328,0.49449419921182614,MEDIUM,MEDIUM,MEDIUM,5,COST_BASED,COST_BASED,false,false
1,baseline,1,2041,0.10346548773531089,0.10346548773531089,ELECTRIC_HEAT_PUMP,TOTAL,3134796,239252,233558,4186591,0.46853003499446855,0.4807759253198772,0.2587967121868966,1186.1325042717858,0.48485788876167873,MEDIUM,MEDIUM,MEDIUM,5,COST_BASED,COST_BASED,false,false
1,baseline,1,2042,0.11066742726754136,0.11066742726754136,ELECTRIC_HEAT_PUMP,TOTAL,3139977,252108,246927,4438699,0.49489647240652246,0.510899996533575,0.27393980682552976,1241.3817748184113,0.5162345045759212,MEDIUM,MEDIUM,MEDIUM,5,COST_BASED,COST_BASED,false,false
1,baseline,1,2043,0.11786936679977182,0.11786936679977182,ELECTRIC_HEAT_PUMP,TOTAL,3145206,252399,247170,4691098,0.49784010030861026,0.5133545874388098,0.2755764593861833,1233.7723368393454,0.5185260831488747,MEDIUM,MEDIUM,MEDIUM,5,COST_BASED,COST_BASED,false,false
1,baseline,1,2044,0.12507130633200228,0.12507130633200228,ELECTRIC_HEAT_PUMP,TOTAL,3147874,252027,249359,4943125,0.5110655076160896,0.5266659457759887,0.28287065030981096,1258.343687473063,0.5318660918293279,MEDIUM,MEDIUM,MEDIUM,5,COST_BASED,COST_BASED,false,false
1,baseline,1,2045,0.13227324586423275,0.13227324586423275,ELECTRIC_HEAT_PUMP,TOTAL,3152034,256890,252730,5200015,0.5182078192240424,0.5368030026825669,0.28688139626174897,1260.839828885352,0.5430013971687494,MEDIUM,MEDIUM,MEDIUM,5,COST_BASED,COST_BASED,false,false
1,baseline,1,2046,0.1394751853964632,0.1394751853964632,ELECTRIC_HEAT_PUMP,TOTAL,3156734,244450,239750,5444465,0.5119656535733037,0.5288100257905526,0.28427124957361044,1237.3073283820968,0.5344248165296247,MEDIUM,MEDIUM,MEDIUM,5,COST_BASED,COST_BASED,false,false
1,baseline,1,2047,0.14667712492869367,0.14667712492869367,ELECTRIC_HEAT_PUMP,TOTAL,3161977,248844,243601,5693309,0.5183179982761497,0.5349766445861206,0.28813049186729556,1244.2496257020507,0.5405295266894259,MEDIUM,MEDIUM,MEDIUM,5,COST_BASED,COST_BASED,false,false
1,baseline,1,2048,0.15387906446092414,0.15387906446092414,ELECTRIC_HEAT_PUMP,TOTAL,3166683,247901,243195,5941210,0.524309449842321,0.5411687160172804,0.2910189420959925,1243.0376272816895,0.5467884714089418,MEDIUM,MEDIUM,MEDIUM,5,COST_BASED,COST_BASED,false,false
1,baseline,1,2049,0.1610810039931546,0.1610810039931546,ELECTRIC_HEAT_PUMP,TOTAL,3171019,258644,254308,6199854,0.5434534092274877,0.5625404270182107,0.3024137456833995,1249.3500192279598,0.5689027662817716,MEDIUM,MEDIUM,MEDIUM,5,COST_BASED,COST_BASED,false,false
1,baseline,1,2050,0.0,0.0,ELECTRIC_HEAT_PUMP,TOTAL,3176509,253659,248169,6453513,0.5412917868473321,0.5618675898837014,0.3015904871396525,1231.6501083202259,0.568726190895818,MEDIUM,MEDIUM,MEDIUM,5,COST_BASED,COST_BASED,false,false
1,baseline,1,2024,ELECTRIC_HEAT_PUMP,PRIVATELY_OWNED,329102,329102,0,329102,0.0,0.0,0.0,0.0,0.0,MEDIUM,MEDIUM,MEDIUM,5,COST_BASED,COST_BASED,false,false
1,baseline,1,2025,ELECTRIC_HEAT_PUMP,PRIVATELY_OWNED,575185,275506,29423,604608,0.7142251419936834,0.6871971843898274,0.07949639391060061,2601.112228638862,0.6781878651885678,MEDIUM,MEDIUM,MEDIUM,5,COST_BASED,COST_BASED,false,false
1,baseline,1,2026,ELECTRIC_HEAT_PUMP,PRIVATELY_OWNED,709262,152893,18816,757501,0.7144271406816814,0.6839589766110102,0.1131169547078288,2506.133666874235,0.6738029219207796,MEDIUM,MEDIUM,MEDIUM,5,COST_BASED,COST_BASED,false,false
1,baseline,1,2027,ELECTRIC_HEAT_PUMP,PRIVATELY_OWNED,861170,170529,18621,928030,0.7138187367084082,0.6891749101046278,0.13864801574684216,2448.0299038762023,0.6809603012366817,MEDIUM,MEDIUM,MEDIUM,5,COST_BASED,COST_BASED,false,false
1,baseline,1,2028,ELECTRIC_HEAT_PUMP,PRIVATELY_OWNED,1014346,171430,18254,1099460,0.713896082424629,0.6888489551365427,0.1653086769816453,2400.370323261225,0.680499912707194,MEDIUM,MEDIUM,MEDIUM,5,COST_BASED,COST_BASED,false,false
1,baseline,1,2029,ELECTRIC_HEAT_PUMP,PRIVATELY_OWNED,1173746,177576,18176,1277036,0.7143905469880241,0.6934001523515737,0.19338532588411264,2368.0964747249477,0.6864033541394078,MEDIUM,MEDIUM,MEDIUM,5,COST_BASED,COST_BASED,false,false
1,baseline,1,2030,ELECTRIC_HEAT_PUMP,PRIVATELY_OWNED,1337078,182175,18843,1459211,0.714325243791658,0.695280757171692,0.22200286027275634,2324.890526296417,0.6889325949650722,MEDIUM,MEDIUM,MEDIUM,5,COST_BASED,COST_BASED,false,false
1,baseline,1,2031,ELECTRIC_HEAT_PUMP,PRIVATELY_OWNED,1488042,171161,20197,1630372,0.7144468060416479,0.6922884685656705,0.24990379880692407,2282.680029009156,0.6849023560736603,MEDIUM,MEDIUM,MEDIUM,5,COST_BASED,COST_BASED,false,false
1,baseline,1,2032,ELECTRIC_HEAT_PUMP,PRIVATELY_OWNED,1643648,176356,20750,1806728,0.7144300078031987,0.6963505836269831,0.2771104613019003,2262.320817069046,0.6903241089016093,MEDIUM,MEDIUM,MEDIUM,5,COST_BASED,COST_BASED,false,false
1,baseline,1,2033,ELECTRIC_HEAT_PUMP,PRIVATELY_OWNED,1799845,177591,21394,1984319,0.7147530748058674,0.6965480184162677,0.30453758916975726,2224.7755575066644,0.6904796662864353,MEDIUM,MEDIUM,MEDIUM,5,COST_BASED,COST_BASED,false,false
1,baseline,1,2034,ELECTRIC_HEAT_PUMP,PRIVATELY_OWNED,1970346,193171,22670,2177490,0.7143814494976087,0.7014181234205324,0.3331342434789638,2147.2544131279888,0.6970970147282027,MEDIUM,MEDIUM,MEDIUM,5,COST_BASED,COST_BASED,false,false
1,baseline,1,2035,ELECTRIC_HEAT_PUMP,PRIVATELY_OWNED,2134055,187578,23869,2365068,0.7142449706489135,0.7006815685484057,0.36330905503190014,2122.84091353394,0.6961604345148849,MEDIUM,MEDIUM,MEDIUM,5,COST_BASED,COST_BASED,false,false
1,baseline,1,2036,ELECTRIC_HEAT_PUMP,PRIVATELY_OWNED,2246052,138505,26508,2503573,0.7141705393464813,0.7061536723236859,0.3875165956182524,2046.3930829636429,0.7034813833160751,MEDIUM,MEDIUM,MEDIUM,5,COST_BASED,COST_BASED,false,false
1,baseline,1,2037,ELECTRIC_HEAT_PUMP,PRIVATELY_OWNED,2238421,24547,32178,2528120,0.6396996902473093,0.7201335725988307,0.38894262233093096,1639.3074332299848,0.7469448667159876,MEDIUM,MEDIUM,MEDIUM,5,COST_BASED,COST_BASED,false,false
1,baseline,1,2038,ELECTRIC_HEAT_PUMP,PRIVATELY_OWNED,2231691,20889,27619,2549009,0.6594167216165987,0.7222407634826337,0.3881266318370671,1688.8119407391007,0.7431821107713078,MEDIUM,MEDIUM,MEDIUM,5,COST_BASED,COST_BASED,false,false
1,baseline,1,2039,ELECTRIC_HEAT_PUMP,PRIVATELY_OWNED,2231519,11611,11783,2560620,0.6334157072549624,0.7071749000852544,0.38474745995522647,1787.6714207014752,0.7317612976953488,MEDIUM,MEDIUM,MEDIUM,5,COST_BASED,COST_BASED,false,false
1,baseline,1,2040,ELECTRIC_HEAT_PUMP,PRIVATELY_OWNED,2235983,279971,275507,2840591,0.7223653230868423,0.744191629050619,0.3971739352389094,1827.917154268658,0.7514670643718856,MEDIUM,MEDIUM,MEDIUM,5,COST_BASED,COST_BASED,false,false
1,baseline,1,2041,ELECTRIC_HEAT_PUMP,PRIVATELY_OWNED,2238912,155822,152893,2996413,0.7193897391414343,0.7381923071493837,0.3973612903450051,1821.2099312807775,0.7444598298186981,MEDIUM,MEDIUM,MEDIUM,5,COST_BASED,COST_BASED,false,false
1,baseline,1,2042,ELECTRIC_HEAT_PUMP,PRIVATELY_OWNED,2241981,173598,170529,3170011,0.71871427012675,0.741955416111283,0.3978295649671693,1802.7988599288012,0.7497024647727875,MEDIUM,MEDIUM,MEDIUM,5,COST_BASED,COST_BASED,false,false
1,baseline,1,2043,ELECTRIC_HEAT_PUMP,PRIVATELY_OWNED,2245142,174591,171430,3344602,0.7197068776614655,0.7421355311268517,0.3983895090389154,1783.6137260564058,0.7496117489486448,MEDIUM,MEDIUM,MEDIUM,5,COST_BASED,COST_BASED,false,false
1,baseline,1,2044,ELECTRIC_HEAT_PUMP,PRIVATELY_OWNED,2246338,178772,177576,3523374,0.7204836701942151,0.7424766647801955,0.39878191990709244,1773.9723475867231,0.749807662975578,MEDIUM,MEDIUM,MEDIUM,5,COST_BASED,COST_BASED,false,false
1,baseline,1,2045,ELECTRIC_HEAT_PUMP,PRIVATELY_OWNED,2248813,184650,182175,3708024,0.7209445257539359,0.7468146404501738,0.39911704243531376,1754.1139650276637,0.7554380120155973,MEDIUM,MEDIUM,MEDIUM,5,COST_BASED,COST_BASED,false,false
1,baseline,1,2046,ELECTRIC_HEAT_PUMP,PRIVATELY_OWNED,2251780,174128,171161,3882152,0.7187241800054792,0.7423711913333902,0.39907485848495977,1736.9967864042746,0.7502535284426787,MEDIUM,MEDIUM,MEDIUM,5,COST_BASED,COST_BASED,false,false
1,baseline,1,2047,ELECTRIC_HEAT_PUMP,PRIVATELY_OWNED,2254827,179403,176356,4061555,0.7189418458054224,0.7420485061308261,0.39965632747627017,1725.8577273412434,0.7497507262392686,MEDIUM,MEDIUM,MEDIUM,5,COST_BASED,COST_BASED,false,false
1,baseline,1,2048,ELECTRIC_HEAT_PUMP,PRIVATELY_OWNED,2257606,180370,177591,4241925,0.7206122798988812,0.743783699447801,0.3999771955676589,1708.4341677704615,0.7515075059641187,MEDIUM,MEDIUM,MEDIUM,5,COST_BASED,COST_BASED,false,false
1,baseline,1,2049,ELECTRIC_HEAT_PUMP,PRIVATELY_OWNED,2259937,195502,193171,4437427,0.7189745556374582,0.744226177766458,0.40008542541016046,1652.8571900706715,0.7526433851427736,MEDIUM,MEDIUM,MEDIUM,5,COST_BASED,COST_BASED,false,false
1,baseline,1,2050,ELECTRIC_HEAT_PUMP,PRIVATELY_OWNED,2263137,190778,187578,4628205,0.7197031804500909,0.7470608297723523,0.40099561467966494,1637.6056716518685,0.7561800462130974,MEDIUM,MEDIUM,MEDIUM,5,COST_BASED,COST_BASED,false,false
1,baseline,1,2024,ELECTRIC_HEAT_PUMP,SOCIAL_HOUSING,4621,4621,0,4621,0.0,0.0,0.0,0.0,0.0,MEDIUM,MEDIUM,MEDIUM,5,COST_BASED,COST_BASED,false,false
1,baseline,1,2025,ELECTRIC_HEAT_PUMP,SOCIAL_HOUSING,192,0,4429,4621,0.0,0.0,0.0,0.0,0.0,MEDIUM,MEDIUM,MEDIUM,5,COST_BASED,COST_BASED,false,false
1,baseline,1,2026,ELECTRIC_HEAT_PUMP,SOCIAL_HOUSING,78,0,114,4621,0.0,0.0,0.0,0.0,0.0,MEDIUM,MEDIUM,MEDIUM,5,COST_BASED,COST_BASED,false,false
1,baseline,1,2027,ELECTRIC_HEAT_PUMP,SOCIAL_HOUSING,28,0,50,4621,0.0,0.0,0.0,0.0,0.0,MEDIUM,MEDIUM,MEDIUM,5,COST_BASED,COST_BASED,false,false
1,baseline,1,2028,ELECTRIC_HEAT_PUMP,SOCIAL_HOUSING,9,0,19,4621,0.0,0.0,0.0,0.0,0.0,MEDIUM,MEDIUM,MEDIUM,5,COST_BASED,COST_BASED,false,false
1,baseline,1,2029,ELECTRIC_HEAT_PUMP,SOCIAL_HOUSING,6,0,3,4621,0.0,0.0,0.0,0.0,0.0,MEDIUM,MEDIUM,MEDIUM,5,COST_BASED,COST_BASED,false,false
1,baseline,1,2030,ELECTRIC_HEAT_PUMP,SOCIAL_HOUSING,6,0,0,4621,0.0,0.0,0.0,0.0,0.0,MEDIUM,MEDIUM,MEDIUM,5,COST_BASED,COST_BASED,false,false
1,baseline,1,2031,ELECTRIC_HEAT_PUMP,SOCIAL_HOUSING,3,0,3,4621,0.0,0.0,0.0,0.0,0.0,MEDIUM,MEDIUM,MEDIUM,5,COST_BASED,COST_BASED,false,false
1,baseline,1,2032,ELECTRIC_HEAT_PUMP,SOCIAL_HOUSING,2,0,1,4621,0.0,0.0,0.0,0.0,0.0,MEDIUM,MEDIUM,MEDIUM,5,COST_BASED,COST_BASED,false,false
1,baseline,1,2033,ELECTRIC_HEAT_PUMP,SOCIAL_HOUSING,2,0,0,4621,0.0,0.0,0.0,0.0,0.0,MEDIUM,MEDIUM,MEDIUM,5,COST_BASED,COST_BASED,false,false
1,baseline,1,2034,ELECTRIC_HEAT_PUMP,SOCIAL_HOUSING,2,0,0,4621,0.0,0.0,0.0,0.0,0.0,MEDIUM,MEDIUM,MEDIUM,5,COST_BASED,COST_BASED,false,false
1,baseline,1,2035,ELECTRIC_HEAT_PUMP,SOCIAL_HOUSING,0,0,2,4621,0.0,0.0,0.0,0.0,0.0,MEDIUM,MEDIUM,MEDIUM,5,COST_BASED,COST_BASED,false,false
1,baseline,1,2036,ELECTRIC_HEAT_PUMP,SOCIAL_HOUSING,0,0,0,4621,0.0,0.0,0.0,0.0,0.0,MEDIUM,MEDIUM,MEDIUM,5,COST_BASED,COST_BASED,false,false
1,baseline,1,2037,ELECTRIC_HEAT_PUMP,SOCIAL_HOUSING,0,0,0,4621,0.0,0.0,0.0,0.0,0.0,MEDIUM,MEDIUM,MEDIUM,5,COST_BASED,COST_BASED,false,false
1,baseline,1,2038,ELECTRIC_HEAT_PUMP,SOCIAL_HOUSING,0,0,0,4621,0.0,0.0,0.0,0.0,0.0,MEDIUM,MEDIUM,MEDIUM,5,COST_BASED,COST_BASED,false,false
1,baseline,1,2039,ELECTRIC_HEAT_PUMP,SOCIAL_HOUSING,0,0,0,4621,0.0,0.0,0.0,0.0,0.0,MEDIUM,MEDIUM,MEDIUM,5,COST_BASED,COST_BASED,false,false
1,baseline,1,2040,ELECTRIC_HEAT_PUMP,SOCIAL_HOUSING,0,0,0,4621,0.0,0.0,0.0,0.0,0.0,MEDIUM,MEDIUM,MEDIUM,5,COST_BASED,COST_BASED,false,false
1,baseline,1,2041,ELECTRIC_HEAT_PUMP,SOCIAL_HOUSING,0,0,0,4621,0.0,0.0,0.0,0.0,0.0,MEDIUM,MEDIUM,MEDIUM,5,COST_BASED,COST_BASED,false,false
1,baseline,1,2042,ELECTRIC_HEAT_PUMP,SOCIAL_HOUSING,0,0,0,4621,0.0,0.0,0.0,0.0,0.0,MEDIUM,MEDIUM,MEDIUM,5,COST_BASED,COST_BASED,false,false
1,baseline,1,2043,ELECTRIC_HEAT_PUMP,SOCIAL_HOUSING,0,0,0,4621,0.0,0.0,0.0,0.0,0.0,MEDIUM,MEDIUM,MEDIUM,5,COST_BASED,COST_BASED,false,false
1,baseline,1,2044,ELECTRIC_HEAT_PUMP,SOCIAL_HOUSING,0,0,0,4621,0.0,0.0,0.0,0.0,0.0,MEDIUM,MEDIUM,MEDIUM,5,COST_BASED,COST_BASED,false,false
1,baseline,1,2045,ELECTRIC_HEAT_PUMP,SOCIAL_HOUSING,0,0,0,4621,0.0,0.0,0.0,0.0,0.0,MEDIUM,MEDIUM,MEDIUM,5,COST_BASED,COST_BASED,false,false
1,baseline,1,2046,ELECTRIC_HEAT_PUMP,SOCIAL_HOUSING,0,0,0,4621,0.0,0.0,0.0,0.0,0.0,MEDIUM,MEDIUM,MEDIUM,5,COST_BASED,COST_BASED,false,false
1,baseline,1,2047,ELECTRIC_HEAT_PUMP,SOCIAL_HOUSING,0,0,0,4621,0.0,0.0,0.0,0.0,0.0,MEDIUM,MEDIUM,MEDIUM,5,COST_BASED,COST_BASED,false,false
1,baseline,1,2048,ELECTRIC_HEAT_PUMP,SOCIAL_HOUSING,0,0,0,4621,0.0,0.0,0.0,0.0,0.0,MEDIUM,MEDIUM,MEDIUM,5,COST_BASED,COST_BASED,false,false
1,baseline,1,2049,ELECTRIC_HEAT_PUMP,SOCIAL_HOUSING,0,0,0,4621,0.0,0.0,0.0,0.0,0.0,MEDIUM,MEDIUM,MEDIUM,5,COST_BASED,COST_BASED,false,false
1,baseline,1,2050,ELECTRIC_HEAT_PUMP,SOCIAL_HOUSING,0,0,0,4621,0.0,0.0,0.0,0.0,0.0,MEDIUM,MEDIUM,MEDIUM,5,COST_BASED,COST_BASED,false,false
1,baseline,1,2024,ELECTRIC_HEAT_PUMP,PRIVATELY_RENTED,65861,65861,0,65861,0.0,0.0,0.0,0.0,0.0,MEDIUM,MEDIUM,MEDIUM,5,COST_BASED,COST_BASED,false,false
1,baseline,1,2025,ELECTRIC_HEAT_PUMP,PRIVATELY_RENTED,202759,143147,6249,209008,0.0,0.0,0.0,0.0,0.0,MEDIUM,MEDIUM,MEDIUM,5,COST_BASED,COST_BASED,false,false
1,baseline,1,2026,ELECTRIC_HEAT_PUMP,PRIVATELY_RENTED,279154,80665,4270,289673,0.0,0.0,0.0,0.0,0.0,MEDIUM,MEDIUM,MEDIUM,5,COST_BASED,COST_BASED,false,false
1,baseline,1,2027,ELECTRIC_HEAT_PUMP,PRIVATELY_RENTED,351269,76398,4283,366071,0.0,0.0,0.0,0.0,0.0,MEDIUM,MEDIUM,MEDIUM,5,COST_BASED,COST_BASED,false,false
1,baseline,1,2028,ELECTRIC_HEAT_PUMP,PRIVATELY_RENTED,422612,75740,4397,441811,0.0,0.0,0.0,0.0,0.0,MEDIUM,MEDIUM,MEDIUM,5,COST_BASED,COST_BASED,false,false
1,baseline,1,2029,ELECTRIC_HEAT_PUMP,PRIVATELY_RENTED,490338,71783,4057,513594,0.0,0.0,0.0,0.0,0.0,MEDIUM,MEDIUM,MEDIUM,5,COST_BASED,COST_BASED,false,false
1,baseline,1,2030,ELECTRIC_HEAT_PUMP,PRIVATELY_RENTED,556882,70555,4011,584149,0.0,0.0,0.0,0.0,0.0,MEDIUM,MEDIUM,MEDIUM,5,COST_BASED,COST_BASED,false,false
1,baseline,1,2031,ELECTRIC_HEAT_PUMP,PRIVATELY_RENTED,621133,68589,4338,652738,0.0,0.0,0.0,0.0,0.0,MEDIUM,MEDIUM,MEDIUM,5,COST_BASED,COST_BASED,false,false
1,baseline,1,2032,ELECTRIC_HEAT_PUMP,PRIVATELY_RENTED,684067,67245,4311,719983,0.0,0.0,0.0,0.0,0.0,MEDIUM,MEDIUM,MEDIUM,5,COST_BASED,COST_BASED,false,false
1,baseline,1,2033,ELECTRIC_HEAT_PUMP,PRIVATELY_RENTED,744820,65604,4851,785587,0.0,0.0,0.0,0.0,0.0,MEDIUM,MEDIUM,MEDIUM,5,COST_BASED,COST_BASED,false,false
1,baseline,1,2034,ELECTRIC_HEAT_PUMP,PRIVATELY_RENTED,800981,61137,4976,846724,0.0,0.0,0.0,0.0,0.0,MEDIUM,MEDIUM,MEDIUM,5,COST_BASED,COST_BASED,false,false
1,baseline,1,2035,ELECTRIC_HEAT_PUMP,PRIVATELY_RENTED,856310,60591,5262,907315,0.0,0.0,0.0,0.0,0.0,MEDIUM,MEDIUM,MEDIUM,5,COST_BASED,COST_BASED,false,false
1,baseline,1,2036,ELECTRIC_HEAT_PUMP,PRIVATELY_RENTED,888864,37634,5080,944949,0.0,0.0,0.0,0.0,0.0,MEDIUM,MEDIUM,MEDIUM,5,COST_BASED,COST_BASED,false,false
1,baseline,1,2037,ELECTRIC_HEAT_PUMP,PRIVATELY_RENTED,888927,4098,4035,949047,0.0,0.0,0.0,0.0,0.0,MEDIUM,MEDIUM,MEDIUM,5,COST_BASED,COST_BASED,false,false
1,baseline,1,2038,ELECTRIC_HEAT_PUMP,PRIVATELY_RENTED,889405,4165,3687,953212,0.0,0.0,0.0,0.0,0.0,MEDIUM,MEDIUM,MEDIUM,5,COST_BASED,COST_BASED,false,false
1,baseline,1,2039,ELECTRIC_HEAT_PUMP,PRIVATELY_RENTED,890774,3423,2054,956635,0.0,0.0,0.0,0.0,0.0,MEDIUM,MEDIUM,MEDIUM,5,COST_BASED,COST_BASED,false,false
1,baseline,1,2040,ELECTRIC_HEAT_PUMP,PRIVATELY_RENTED,893119,145492,143147,1102127,0.0,0.0,0.0,0.0,0.0,MEDIUM,MEDIUM,MEDIUM,5,COST_BASED,COST_BASED,false,false
1,baseline,1,2041,ELECTRIC_HEAT_PUMP,PRIVATELY_RENTED,895884,83430,80665,1185557,0.0,0.0,0.0,0.0,0.0,MEDIUM,MEDIUM,MEDIUM,5,COST_BASED,COST_BASED,false,false
1,baseline,1,2042,ELECTRIC_HEAT_PUMP,PRIVATELY_RENTED,897996,78510,76398,1264067,0.0,0.0,0.0,0.0,0.0,MEDIUM,MEDIUM,MEDIUM,5,COST_BASED,COST_BASED,false,false
1,baseline,1,2043,ELECTRIC_HEAT_PUMP,PRIVATELY_RENTED,900064,77808,75740,1341875,0.0,0.0,0.0,0.0,0.0,MEDIUM,MEDIUM,MEDIUM,5,COST_BASED,COST_BASED,false,false
1,baseline,1,2044,ELECTRIC_HEAT_PUMP,PRIVATELY_RENTED,901536,73255,71783,1415130,0.0,0.0,0.0,0.0,0.0,MEDIUM,MEDIUM,MEDIUM,5,COST_BASED,COST_BASED,false,false
1,baseline,1,2045,ELECTRIC_HEAT_PUMP,PRIVATELY_RENTED,903221,72240,70555,1487370,0.0,0.0,0.0,0.0,0.0,MEDIUM,MEDIUM,MEDIUM,5,COST_BASED,COST_BASED,false,false
1,baseline,1,2046,ELECTRIC_HEAT_PUMP,PRIVATELY_RENTED,904954,70322,68589,1557692,0.0,0.0,0.0,0.0,0.0,MEDIUM,MEDIUM,MEDIUM,5,COST_BASED,COST_BASED,false,false
1,baseline,1,2047,ELECTRIC_HEAT_PUMP,PRIVATELY_RENTED,907150,69441,67245,1627133,0.0,0.0,0.0,0.0,0.0,MEDIUM,MEDIUM,MEDIUM,5,COST_BASED,COST_BASED,false,false
1,baseline,1,2048,ELECTRIC_HEAT_PUMP,PRIVATELY_RENTED,909077,67531,65604,1694664,0.0,0.0,0.0,0.0,0.0,MEDIUM,MEDIUM,MEDIUM,5,COST_BASED,COST_BASED,false,false
1,baseline,1,2049,ELECTRIC_HEAT_PUMP,PRIVATELY_RENTED,911082,63142,61137,1757806,0.0,0.0,0.0,0.0,0.0,MEDIUM,MEDIUM,MEDIUM,5,COST_BASED,COST_BASED,false,false
1,baseline,1,2050,ELECTRIC_HEAT_PUMP,PRIVATELY_RENTED,913372,62881,60591,1820687,0.0,0.0,0.0,0.0,0.0,MEDIUM,MEDIUM,MEDIUM,5,COST_BASED,COST_BASED,false,false
1,baseline,1,2024,0.0027809469480889904,0.0027809469480889904,HYBRID_HEAT_PUMP,TOTAL,156177,156177,0,156177,0.0,0.0,0.0,0.0,0.0,MEDIUM,MEDIUM,MEDIUM,5,COST_BASED,COST_BASED,false,false
1,baseline,1,2025,0.005918425556189389,0.005918425556189389,HYBRID_HEAT_PUMP,TOTAL,2100863,1961836,17150,2118013,0.1431889525857333,0.1332720309419189,0.01031497098139319,365.9325461397022,0.12996639039398536,MEDIUM,MEDIUM,MEDIUM,5,COST_BASED,COST_BASED,false,false
1,baseline,1,2026,0.009626354820308044,0.009626354820308044,HYBRID_HEAT_PUMP,TOTAL,2320733,1824603,1604733,3942616,0.09523907348603679,0.08890663913338163,0.013200004106105834,231.13507077861493,0.08679582768249708,MEDIUM,MEDIUM,MEDIUM,5,COST_BASED,COST_BASED,false,false
1,baseline,1,2027,0.013690815744438107,0.013690815744438107,HYBRID_HEAT_PUMP,TOTAL,2529790,1816372,1607315,5758988,0.09196596694356239,0.08556126179008815,0.017274460782537866,218.72298424794994,0.0834263600722651,MEDIUM,MEDIUM,MEDIUM,5,COST_BASED,COST_BASED,false,false
1,baseline,1,2028,0.01825442099258414,0.01825442099258414,HYBRID_HEAT_PUMP,TOTAL,2740796,1818909,1607903,7577897,0.09278332374169272,0.08633027156490106,0.021977874687374412,217.6323205005735,0.0841792541726358,MEDIUM,MEDIUM,MEDIUM,5,COST_BASED,COST_BASED,false,false
1,baseline,1,2029,0.02331717056474615,0.02331717056474615,HYBRID_HEAT_PUMP,TOTAL,2946192,1813811,1608415,9391708,0.09080371461545331,0.08475718403054322,0.025964007511390868,211.34502637493497,0.08274167383557889,MEDIUM,MEDIUM,MEDIUM,5,COST_BASED,COST_BASED,false,false
1,baseline,1,2030,0.028665145464917285,0.028665145464917285,HYBRID_HEAT_PUMP,TOTAL,3150667,1812953,1608478,11204661,0.09044673732576632,0.08445129078964167,0.030182787775680224,207.62911754880855,0.08245280861093418,MEDIUM,MEDIUM,MEDIUM,5,COST_BASED,COST_BASED,false,false
1,baseline,1,2031,0.034227039361095266,0.034227039361095266,HYBRID_HEAT_PUMP,TOTAL,3374172,1832467,1608962,13037128,0.09761946083338063,0.09165359910404489,0.03744846513849832,221.41177517972784,0.08966497852760216,MEDIUM,MEDIUM,MEDIUM,5,COST_BASED,COST_BASED,false,false
1,baseline,1,2032,0.04014546491728466,0.04014546491728466,HYBRID_HEAT_PUMP,TOTAL,3589855,1824101,1608418,14861229,0.0945860367418031,0.08890627997292927,0.04119745212238538,213.1785800737383,0.08701302771664031,MEDIUM,MEDIUM,MEDIUM,5,COST_BASED,COST_BASED,false,false
1,baseline,1,2033,0.046491728465487735,0.046491728465487735,HYBRID_HEAT_PUMP,TOTAL,3808099,1827110,1608866,16688339,0.09563754621513776,0.08994952954658524,0.04647005558032386,212.86154860877735,0.08805352399040316,MEDIUM,MEDIUM,MEDIUM,5,COST_BASED,COST_BASED,false,false
1,baseline,1,2034,0.053265830005704506,0.053265830005704506,HYBRID_HEAT_PUMP,TOTAL,4029035,1829924,1608988,18518263,0.09669163741605154,0.09112200640410249,0.05180338337539831,209.02614499617613,0.08926546273345408,MEDIUM,MEDIUM,MEDIUM,5,COST_BASED,COST_BASED,false,false
1,baseline,1,2035,0.060396463205932685,0.060396463205932685,HYBRID_HEAT_PUMP,TOTAL,4259824,1839510,1608721,20357773,0.10017253864723592,0.09473804247034986,0.05908015913953687,214.78782414989945,0.09292654374472309,MEDIUM,MEDIUM,MEDIUM,5,COST_BASED,COST_BASED,false,false
1,baseline,1,2036,0.06752709640616086,0.06752709640616086,HYBRID_HEAT_PUMP,TOTAL,4399638,1748747,1608933,22106520,0.06567972998555001,0.061823419436322406,0.041441948254860306,137.59832109819843,0.06053798258658068,MEDIUM,MEDIUM,MEDIUM,5,COST_BASED,COST_BASED,false,false
1,baseline,1,2037,0.07465772960638904,0.07465772960638904,HYBRID_HEAT_PUMP,TOTAL,4414662,1624324,1609300,23730844,0.012141918276955162,0.01182878554315537,0.007377862866366595,20.150120483527648,0.011724407965221992,MEDIUM,MEDIUM,MEDIUM,5,COST_BASED,COST_BASED,false,false
1,baseline,1,2038,0.08185966913861951,0.08185966913861951,HYBRID_HEAT_PUMP,TOTAL,4424610,1618995,1609047,25349839,0.009653801686581526,0.009384891967061456,0.005926130097051861,16.499804459133674,0.009295255393888195,MEDIUM,MEDIUM,MEDIUM,5,COST_BASED,COST_BASED,false,false
1,baseline,1,2039,0.08906160867084997,0.08906160867084997,HYBRID_HEAT_PUMP,TOTAL,4428783,1608902,1604729,26958741,0.0048955403581067095,0.004699437496775166,0.0029775557503200468,8.97434131127774,0.004634069876331287,MEDIUM,MEDIUM,MEDIUM,5,COST_BASED,COST_BASED,false,false
1,baseline,1,2040,0.09626354820308043,0.09626354820308043,HYBRID_HEAT_PUMP,TOTAL,4428257,1965376,1965902,28924117,0.14182042032262554,0.14247608658045977,0.09527784008528589,257.64618243560795,0.1426946419997325,MEDIUM,MEDIUM,MEDIUM,5,COST_BASED,COST_BASED,false,false
1,baseline,1,2041,0.10346548773531089,0.10346548773531089,HYBRID_HEAT_PUMP,TOTAL,4428762,1826378,1825873,30750495,0.09476734919280566,0.09561283285828356,0.06355642429122679,171.8319070730576,0.09589466074677928,MEDIUM,MEDIUM,MEDIUM,5,COST_BASED,COST_BASED,false,false
1,baseline,1,2042,0.11066742726754136,0.11066742726754136,HYBRID_HEAT_PUMP,TOTAL,4429706,1817870,1816926,32568365,0.09167979579510827,0.09189086257665018,0.06130313751895075,165.3475880226734,0.09196121817048981,MEDIUM,MEDIUM,MEDIUM,5,COST_BASED,COST_BASED,false,false
1,baseline,1,2043,0.11786936679977182,0.11786936679977182,HYBRID_HEAT_PUMP,TOTAL,4429894,1819412,1819224,34387777,0.09222139163751002,0.09233781098930398,0.06171760668625648,165.221409550672,0.09237661743989987,MEDIUM,MEDIUM,MEDIUM,5,COST_BASED,COST_BASED,false,false
1,baseline,1,2044,0.12507130633200228,0.12507130633200228,HYBRID_HEAT_PUMP,TOTAL,4432151,1816277,1814020,36204054,0.09101330655493478,0.09177140273069655,0.0609919850077708,162.96243266579313,0.09202410145595011,MEDIUM,MEDIUM,MEDIUM,5,COST_BASED,COST_BASED,false,false
1,baseline,1,2045,0.13227324586423275,0.13227324586423275,HYBRID_HEAT_PUMP,TOTAL,4432981,1813910,1813080,38017964,0.09011437554935178,0.09055461558230633,0.06038960026813562,160.15739328733684,0.09070136225996006,MEDIUM,MEDIUM,MEDIUM,5,COST_BASED,COST_BASED,false,false
1,baseline,1,2046,0.1394751853964632,0.1394751853964632,HYBRID_HEAT_PUMP,TOTAL,4433858,1833452,1832575,39851416,0.09734263456568025,0.09818901992853335,0.06516718807841303,172.01868434855234,0.09847114838282056,MEDIUM,MEDIUM,MEDIUM,5,COST_BASED,COST_BASED,false,false
1,baseline,1,2047,0.14667712492869367,0.14667712492869367,HYBRID_HEAT_PUMP,TOTAL,4434558,1824885,1824185,41676301,0.09425802283280782,0.09461076363631742,0.06311644457620137,165.97299709001908,0.09472834390415248,MEDIUM,MEDIUM,MEDIUM,5,COST_BASED,COST_BASED,false,false
1,baseline,1,2048,0.15387906446092414,0.15387906446092414,HYBRID_HEAT_PUMP,TOTAL,4436513,1829120,1827165,43505421,0.09580199635332808,0.09653225961333455,0.064048337222021,167.51280260502605,0.09677568070000396,MEDIUM,MEDIUM,MEDIUM,5,COST_BASED,COST_BASED,false,false
1,baseline,1,2049,0.1610810039931546,0.1610810039931546,HYBRID_HEAT_PUMP,TOTAL,4438449,1831897,1829961,45337318,0.09672629720248299,0.09749095197348236,0.06468535705453365,164.563228915176,0.09774583689715342,MEDIUM,MEDIUM,MEDIUM,5,COST_BASED,COST_BASED,false,false
1,baseline,1,2050,0.0,0.0,HYBRID_HEAT_PUMP,TOTAL,4439517,1840598,1839530,47177916,0.09995812719892339,0.10099485915436976,0.06692718285806852,168.8278561941928,0.10134043647285013,MEDIUM,MEDIUM,MEDIUM,5,COST_BASED,COST_BASED,false,false
1,baseline,1,2024,HYBRID_HEAT_PUMP,PRIVATELY_OWNED,132246,132246,0,132246,0.0,0.0,0.0,0.0,0.0,MEDIUM,MEDIUM,MEDIUM,5,COST_BASED,COST_BASED,false,false
1,baseline,1,2025,HYBRID_HEAT_PUMP,PRIVATELY_OWNED,485575,366892,13563,499138,0.7656564928779713,0.7126289700919355,0.05515596254552427,1956.7056315987504,0.6949531291632816,MEDIUM,MEDIUM,MEDIUM,5,COST_BASED,COST_BASED,false,false
1,baseline,1,2026,HYBRID_HEAT_PUMP,PRIVATELY_OWNED,704168,226992,8399,726130,0.7655490026073306,0.7146477430159897,0.10610403490877662,1857.905756801443,0.6976806564855468,MEDIUM,MEDIUM,MEDIUM,5,COST_BASED,COST_BASED,false,false
1,baseline,1,2027,HYBRID_HEAT_PUMP,PRIVATELY_OWNED,913886,218083,8365,944213,0.7659671194417369,0.712623543330686,0.1438757119101437,1821.7023075820553,0.6948423512936831,MEDIUM,MEDIUM,MEDIUM,5,COST_BASED,COST_BASED,false,false
1,baseline,1,2028,HYBRID_HEAT_PUMP,PRIVATELY_OWNED,1126000,220362,8248,1164575,0.7658508390905808,0.7125861442619082,0.18140947200396398,1796.3777168902882,0.6948312459856728,MEDIUM,MEDIUM,MEDIUM,5,COST_BASED,COST_BASED,false,false
1,baseline,1,2029,HYBRID_HEAT_PUMP,PRIVATELY_OWNED,1332542,215181,8639,1379756,0.7654057579915048,0.7144381368411878,0.21885669472789598,1781.476680720636,0.69744892979113,MEDIUM,MEDIUM,MEDIUM,5,COST_BASED,COST_BASED,false,false
1,baseline,1,2030,HYBRID_HEAT_PUMP,PRIVATELY_OWNED,1538125,214212,8629,1593968,0.7654831838317182,0.7147415690575376,0.25544776037889,1757.2397043464657,0.6978276974661501,MEDIUM,MEDIUM,MEDIUM,5,COST_BASED,COST_BASED,false,false
1,baseline,1,2031,HYBRID_HEAT_PUMP,PRIVATELY_OWNED,1762872,233710,8963,1827678,0.7654120086216358,0.71863504252874,0.2936249050830029,1736.039413924395,0.7030427204977946,MEDIUM,MEDIUM,MEDIUM,5,COST_BASED,COST_BASED,false,false
1,baseline,1,2032,HYBRID_HEAT_PUMP,PRIVATELY_OWNED,1979820,225361,8413,2053039,0.7655915806495347,0.7196188968140018,0.3334574909318618,1725.4949218857128,0.7042946688688428,MEDIUM,MEDIUM,MEDIUM,5,COST_BASED,COST_BASED,false,false
1,baseline,1,2033,HYBRID_HEAT_PUMP,PRIVATELY_OWNED,2199268,228316,8868,2281355,0.7653441592579598,0.7198255265941123,0.3718789013970354,1703.43499394954,0.7046526490395133,MEDIUM,MEDIUM,MEDIUM,5,COST_BASED,COST_BASED,false,false
1,baseline,1,2034,HYBRID_HEAT_PUMP,PRIVATELY_OWNED,2421393,231110,8985,2512465,0.7656023015314383,0.7215020831942403,0.4101780732977473,1655.0645119466167,0.7068020104151842,MEDIUM,MEDIUM,MEDIUM,5,COST_BASED,COST_BASED,false,false
1,baseline,1,2035,HYBRID_HEAT_PUMP,PRIVATELY_OWNED,2653396,240668,8665,2753133,0.7656538740795492,0.724116112256857,0.45157039381541986,1641.698731871215,0.7102701916493076,MEDIUM,MEDIUM,MEDIUM,5,COST_BASED,COST_BASED,false,false
1,baseline,1,2036,HYBRID_HEAT_PUMP,PRIVATELY_OWNED,2794537,150034,8893,2903167,0.7655413491144716,0.7205934606089986,0.4830337302534239,1603.8008133190556,0.7056108311071837,MEDIUM,MEDIUM,MEDIUM,5,COST_BASED,COST_BASED,false,false
1,baseline,1,2037,HYBRID_HEAT_PUMP,PRIVATELY_OWNED,2810927,25690,9300,2928857,0.767707639676797,0.747908923651238,0.4664865598500604,1274.0492138686477,0.741309351642711,MEDIUM,MEDIUM,MEDIUM,5,COST_BASED,COST_BASED,false,false
1,baseline,1,2038,HYBRID_HEAT_PUMP,PRIVATELY_OWNED,2822245,20363,9045,2949220,0.7675419467449324,0.7461618214512922,0.4711670675478307,1311.8450582092582,0.7390351130200864,MEDIUM,MEDIUM,MEDIUM,5,COST_BASED,COST_BASED,false,false
1,baseline,1,2039,HYBRID_HEAT_PUMP,PRIVATELY_OWNED,2827258,10282,5269,2959502,0.766042080649543,0.7353563885855435,0.46592057982896556,1404.2827936585663,0.7251278245642054,MEDIUM,MEDIUM,MEDIUM,5,COST_BASED,COST_BASED,false,false
1,baseline,1,2040,HYBRID_HEAT_PUMP,PRIVATELY_OWNED,2826729,366365,366894,3325867,0.760799886484791,0.7643172277350667,0.5111208227736243,1382.15065153758,0.7654896748184633,MEDIUM,MEDIUM,MEDIUM,5,COST_BASED,COST_BASED,false,false
1,baseline,1,2041,HYBRID_HEAT_PUMP,PRIVATELY_OWNED,2827233,227496,226992,3553363,0.7608089886593963,0.7675966806011807,0.5102421804522375,1379.4968473128179,0.7698592445818004,MEDIUM,MEDIUM,MEDIUM,5,COST_BASED,COST_BASED,false,false
1,baseline,1,2042,HYBRID_HEAT_PUMP,PRIVATELY_OWNED,2828177,219027,218083,3772390,0.7609196600512881,0.7626714622042718,0.508800899439681,1372.3441394840695,0.7632553962552028,MEDIUM,MEDIUM,MEDIUM,5,COST_BASED,COST_BASED,false,false
1,baseline,1,2043,HYBRID_HEAT_PUMP,PRIVATELY_OWNED,2828363,220548,220362,3992938,0.7607809030323801,0.7617413051475032,0.509139752871281,1362.9949724930955,0.7620614391858602,MEDIUM,MEDIUM,MEDIUM,5,COST_BASED,COST_BASED,false,false
1,baseline,1,2044,HYBRID_HEAT_PUMP,PRIVATELY_OWNED,2830617,217435,215181,4210373,0.7602519161573678,0.7665844414997647,0.5094779568788784,1361.257011589343,0.7686952832805606,MEDIUM,MEDIUM,MEDIUM,5,COST_BASED,COST_BASED,false,false
1,baseline,1,2045,HYBRID_HEAT_PUMP,PRIVATELY_OWNED,2831445,215040,214212,4425413,0.7601347049512867,0.763848227078224,0.5093996457513666,1350.9630638850128,0.7650860677872218,MEDIUM,MEDIUM,MEDIUM,5,COST_BASED,COST_BASED,false,false
1,baseline,1,2046,HYBRID_HEAT_PUMP,PRIVATELY_OWNED,2832319,234584,233710,4659997,0.7608065683495702,0.7674217123333618,0.5093310341572422,1344.4565735780018,0.7696267603279812,MEDIUM,MEDIUM,MEDIUM,5,COST_BASED,COST_BASED,false,false
1,baseline,1,2047,HYBRID_HEAT_PUMP,PRIVATELY_OWNED,2833014,226056,225361,4886053,0.7609178787435348,0.7637654536860826,0.5095208840306882,1339.852217125931,0.7647146453335868,MEDIUM,MEDIUM,MEDIUM,5,COST_BASED,COST_BASED,false,false
1,baseline,1,2048,HYBRID_HEAT_PUMP,PRIVATELY_OWNED,2834967,230269,228316,5116322,0.7609940876531337,0.7667948647188396,0.5087619027291691,1330.6220876492505,0.7687284570740796,MEDIUM,MEDIUM,MEDIUM,5,COST_BASED,COST_BASED,false,false
1,baseline,1,2049,HYBRID_HEAT_PUMP,PRIVATELY_OWNED,2836900,233043,231110,5349365,0.7603429996452886,0.7663537735412195,0.508476596731629,1293.593394180577,0.7683573648398992,MEDIUM,MEDIUM,MEDIUM,5,COST_BASED,COST_BASED,false,false
1,baseline,1,2050,HYBRID_HEAT_PUMP,PRIVATELY_OWNED,2837967,241735,240668,5591100,0.7610926386583821,0.7689864346073787,0.5095912421213113,1285.4746497417373,0.7716176999236973,MEDIUM,MEDIUM,MEDIUM,5,COST_BASED,COST_BASED,false,false
1,baseline,1,2024,HYBRID_HEAT_PUMP,SOCIAL_HOUSING,1457,1457,0,1457,0.0,0.0,0.0,0.0,0.0,MEDIUM,MEDIUM,MEDIUM,5,COST_BASED,COST_BASED,false,false
1,baseline,1,2025,HYBRID_HEAT_PUMP,SOCIAL_HOUSING,1594809,1594552,1200,1596009,0.0,0.0,0.0,0.0,0.0,MEDIUM,MEDIUM,MEDIUM,5,COST_BASED,COST_BASED,false,false
1,baseline,1,2026,HYBRID_HEAT_PUMP,SOCIAL_HOUSING,1597431,1597346,1594724,3193355,0.0,0.0,0.0,0.0,0.0,MEDIUM,MEDIUM,MEDIUM,5,COST_BASED,COST_BASED,false,false
1,baseline,1,2027,HYBRID_HEAT_PUMP,SOCIAL_HOUSING,1598107,1598062,1597386,4791417,0.0,0.0,0.0,0.0,0.0,MEDIUM,MEDIUM,MEDIUM,5,COST_BASED,COST_BASED,false,false
1,baseline,1,2028,HYBRID_HEAT_PUMP,SOCIAL_HOUSING,1598329,1598301,1598079,6389718,0.0,0.0,0.0,0.0,0.0,MEDIUM,MEDIUM,MEDIUM,5,COST_BASED,COST_BASED,false,false
1,baseline,1,2029,HYBRID_HEAT_PUMP,SOCIAL_HOUSING,1598427,1598407,1598309,7988125,0.0,0.0,0.0,0.0,0.0,MEDIUM,MEDIUM,MEDIUM,5,COST_BASED,COST_BASED,false,false
1,baseline,1,2030,HYBRID_HEAT_PUMP,SOCIAL_HOUSING,1598505,1598489,1598411,9586614,0.0,0.0,0.0,0.0,0.0,MEDIUM,MEDIUM,MEDIUM,5,COST_BASED,COST_BASED,false,false
1,baseline,1,2031,HYBRID_HEAT_PUMP,SOCIAL_HOUSING,1598523,1598509,1598491,11185123,0.0,0.0,0.0,0.0,0.0,MEDIUM,MEDIUM,MEDIUM,5,COST_BASED,COST_BASED,false,false
1,baseline,1,2032,HYBRID_HEAT_PUMP,SOCIAL_HOUSING,1598542,1598533,1598514,12783656,0.0,0.0,0.0,0.0,0.0,MEDIUM,MEDIUM,MEDIUM,5,COST_BASED,COST_BASED,false,false
1,baseline,1,2033,HYBRID_HEAT_PUMP,SOCIAL_HOUSING,1598567,1598562,1598537,14382218,0.0,0.0,0.0,0.0,0.0,MEDIUM,MEDIUM,MEDIUM,5,COST_BASED,COST_BASED,false,false
1,baseline,1,2034,HYBRID_HEAT_PUMP,SOCIAL_HOUSING,1598582,1598580,1598565,15980798,0.0,0.0,0.0,0.0,0.0,MEDIUM,MEDIUM,MEDIUM,5,COST_BASED,COST_BASED,false,false
1,baseline,1,2035,HYBRID_HEAT_PUMP,SOCIAL_HOUSING,1598599,1598597,1598580,17579395,0.0,0.0,0.0,0.0,0.0,MEDIUM,MEDIUM,MEDIUM,5,COST_BASED,COST_BASED,false,false
1,baseline,1,2036,HYBRID_HEAT_PUMP,SOCIAL_HOUSING,1598616,1598614,1598597,19178009,0.0,0.0,0.0,0.0,0.0,MEDIUM,MEDIUM,MEDIUM,5,COST_BASED,COST_BASED,false,false
1,baseline,1,2037,HYBRID_HEAT_PUMP,SOCIAL_HOUSING,1598616,1598615,1598615,20776624,0.0,0.0,0.0,0.0,0.0,MEDIUM,MEDIUM,MEDIUM,5,COST_BASED,COST_BASED,false,false
1,baseline,1,2038,HYBRID_HEAT_PUMP,SOCIAL_HOUSING,1598616,1598616,1598616,22375240,0.0,0.0,0.0,0.0,0.0,MEDIUM,MEDIUM,MEDIUM,5,COST_BASED,COST_BASED,false,false
1,baseline,1,2039,HYBRID_HEAT_PUMP,SOCIAL_HOUSING,1598616,1598616,1598616,23973856,0.0,0.0,0.0,0.0,0.0,MEDIUM,MEDIUM,MEDIUM,5,COST_BASED,COST_BASED,false,false
1,baseline,1,2040,HYBRID_HEAT_PUMP,SOCIAL_HOUSING,1598616,1598616,1598616,25572472,0.0,0.0,0.0,0.0,0.0,MEDIUM,MEDIUM,MEDIUM,5,COST_BASED,COST_BASED,false,false
1,baseline,1,2041,HYBRID_HEAT_PUMP,SOCIAL_HOUSING,1598616,1598616,1598616,27171088,0.0,0.0,0.0,0.0,0.0,MEDIUM,MEDIUM,MEDIUM,5,COST_BASED,COST_BASED,false,false
1,baseline,1,2042,HYBRID_HEAT_PUMP,SOCIAL_HOUSING,1598616,1598616,1598616,28769704,0.0,0.0,0.0,0.0,0.0,MEDIUM,MEDIUM,MEDIUM,5,COST_BASED,COST_BASED,false,false
1,baseline,1,2043,HYBRID_HEAT_PUMP,SOCIAL_HOUSING,1598616,1598616,1598616,30368320,0.0,0.0,0.0,0.0,0.0,MEDIUM,MEDIUM,MEDIUM,5,COST_BASED,COST_BASED,false,false
1,baseline,1,2044,HYBRID_HEAT_PUMP,SOCIAL_HOUSING,1598616,1598616,1598616,31966936,0.0,0.0,0.0,0.0,0.0,MEDIUM,MEDIUM,MEDIUM,5,COST_BASED,COST_BASED,false,false
1,baseline,1,2045,HYBRID_HEAT_PUMP,SOCIAL_HOUSING,1598617,1598617,1598616,33565553,0.0,0.0,0.0,0.0,0.0,MEDIUM,MEDIUM,MEDIUM,5,COST_BASED,COST_BASED,false,false
1,baseline,1,2046,HYBRID_HEAT_PUMP,SOCIAL_HOUSING,1598617,1598617,1598617,35164170,0.0,0.0,0.0,0.0,0.0,MEDIUM,MEDIUM,MEDIUM,5,COST_BASED,COST_BASED,false,false
1,baseline,1,2047,HYBRID_HEAT_PUMP,SOCIAL_HOUSING,1598617,1598617,1598617,36762787,0.0,0.0,0.0,0.0,0.0,MEDIUM,MEDIUM,MEDIUM,5,COST_BASED,COST_BASED,false,false
1,baseline,1,2048,HYBRID_HEAT_PUMP,SOCIAL_HOUSING,1598617,1598617,1598617,38361404,0.0,0.0,0.0,0.0,0.0,MEDIUM,MEDIUM,MEDIUM,5,COST_BASED,COST_BASED,false,false
1,baseline,1,2049,HYBRID_HEAT_PUMP,SOCIAL_HOUSING,1598617,1598617,1598617,39960021,0.0,0.0,0.0,0.0,0.0,MEDIUM,MEDIUM,MEDIUM,5,COST_BASED,COST_BASED,false,false
1,baseline,1,2050,HYBRID_HEAT_PUMP,SOCIAL_HOUSING,1598617,1598617,1598617,41558638,0.0,0.0,0.0,0.0,0.0,MEDIUM,MEDIUM,MEDIUM,5,COST_BASED,COST_BASED,false,false
1,baseline,1,2024,HYBRID_HEAT_PUMP,PRIVATELY_RENTED,22474,22474,0,22474,0.0,0.0,0.0,0.0,0.0,MEDIUM,MEDIUM,MEDIUM,5,COST_BASED,COST_BASED,false,false
1,baseline,1,2025,HYBRID_HEAT_PUMP,PRIVATELY_RENTED,20479,392,2387,22866,0.0,0.0,0.0,0.0,0.0,MEDIUM,MEDIUM,MEDIUM,5,COST_BASED,COST_BASED,false,false
1,baseline,1,2026,HYBRID_HEAT_PUMP,PRIVATELY_RENTED,19134,265,1610,23131,0.0,0.0,0.0,0.0,0.0,MEDIUM,MEDIUM,MEDIUM,5,COST_BASED,COST_BASED,false,false
1,baseline,1,2027,HYBRID_HEAT_PUMP,PRIVATELY_RENTED,17797,227,1564,23358,0.0,0.0,0.0,0.0,0.0,MEDIUM,MEDIUM,MEDIUM,5,COST_BASED,COST_BASED,false,false
1,baseline,1,2028,HYBRID_HEAT_PUMP,PRIVATELY_RENTED,16467,246,1576,23604,0.0,0.0,0.0,0.0,0.0,MEDIUM,MEDIUM,MEDIUM,5,COST_BASED,COST_BASED,false,false
1,baseline,1,2029,HYBRID_HEAT_PUMP,PRIVATELY_RENTED,15223,223,1467,23827,0.0,0.0,0.0,0.0,0.0,MEDIUM,MEDIUM,MEDIUM,5,COST_BASED,COST_BASED,false,false
1,baseline,1,2030,HYBRID_HEAT_PUMP,PRIVATELY_RENTED,14037,252,1438,24079,0.0,0.0,0.0,0.0,0.0,MEDIUM,MEDIUM,MEDIUM,5,COST_BASED,COST_BASED,false,false
1,baseline,1,2031,HYBRID_HEAT_PUMP,PRIVATELY_RENTED,12777,248,1508,24327,0.0,0.0,0.0,0.0,0.0,MEDIUM,MEDIUM,MEDIUM,5,COST_BASED,COST_BASED,false,false
1,baseline,1,2032,HYBRID_HEAT_PUMP,PRIVATELY_RENTED,11493,207,1491,24534,0.0,0.0,0.0,0.0,0.0,MEDIUM,MEDIUM,MEDIUM,5,COST_BASED,COST_BASED,false,false
1,baseline,1,2033,HYBRID_HEAT_PUMP,PRIVATELY_RENTED,10264,232,1461,24766,0.0,0.0,0.0,0.0,0.0,MEDIUM,MEDIUM,MEDIUM,5,COST_BASED,COST_BASED,false,false
1,baseline,1,2034,HYBRID_HEAT_PUMP,PRIVATELY_RENTED,9060,234,1438,25000,0.0,0.0,0.0,0.0,0.0,MEDIUM,MEDIUM,MEDIUM,5,COST_BASED,COST_BASED,false,false
1,baseline,1,2035,HYBRID_HEAT_PUMP,PRIVATELY_RENTED,7829,245,1476,25245,0.0,0.0,0.0,0.0,0.0,MEDIUM,MEDIUM,MEDIUM,5,COST_BASED,COST_BASED,false,false
1,baseline,1,2036,HYBRID_HEAT_PUMP,PRIVATELY_RENTED,6485,99,1443,25344,0.0,0.0,0.0,0.0,0.0,MEDIUM,MEDIUM,MEDIUM,5,COST_BASED,COST_BASED,false,false
1,baseline,1,2037,HYBRID_HEAT_PUMP,PRIVATELY_RENTED,5119,19,1385,25363,0.0,0.0,0.0,0.0,0.0,MEDIUM,MEDIUM,MEDIUM,5,COST_BASED,COST_BASED,false,false
1,baseline,1,2038,HYBRID_HEAT_PUMP,PRIVATELY_RENTED,3749,16,1386,25379,0.0,0.0,0.0,0.0,0.0,MEDIUM,MEDIUM,MEDIUM,5,COST_BASED,COST_BASED,false,false
1,baseline,1,2039,HYBRID_HEAT_PUMP,PRIVATELY_RENTED,2909,4,844,25383,0.0,0.0,0.0,0.0,0.0,MEDIUM,MEDIUM,MEDIUM,5,COST_BASED,COST_BASED,false,false
1,baseline,1,2040,HYBRID_HEAT_PUMP,PRIVATELY_RENTED,2912,395,392,25778,0.0,0.0,0.0,0.0,0.0,MEDIUM,MEDIUM,MEDIUM,5,COST_BASED,COST_BASED,false,false
1,baseline,1,2041,HYBRID_HEAT_PUMP,PRIVATELY_RENTED,2913,266,265,26044,0.0,0.0,0.0,0.0,0.0,MEDIUM,MEDIUM,MEDIUM,5,COST_BASED,COST_BASED,false,false
1,baseline,1,2042,HYBRID_HEAT_PUMP,PRIVATELY_RENTED,2913,227,227,26271,0.0,0.0,0.0,0.0,0.0,MEDIUM,MEDIUM,MEDIUM,5,COST_BASED,COST_BASED,false,false
1,baseline,1,2043,HYBRID_HEAT_PUMP,PRIVATELY_RENTED,2915,248,246,26519,0.0,0.0,0.0,0.0,0.0,MEDIUM,MEDIUM,MEDIUM,5,COST_BASED,COST_BASED,false,false
1,baseline,1,2044,HYBRID_HEAT_PUMP,PRIVATELY_RENTED,2918,226,223,26745,0.0,0.0,0.0,0.0,0.0,MEDIUM,MEDIUM,MEDIUM,5,COST_BASED,COST_BASED,false,false
1,baseline,1,2045,HYBRID_HEAT_PUMP,PRIVATELY_RENTED,2919,253,252,26998,0.0,0.0,0.0,0.0,0.0,MEDIUM,MEDIUM,MEDIUM,5,COST_BASED,COST_BASED,false,false
1,baseline,1,2046,HYBRID_HEAT_PUMP,PRIVATELY_RENTED,2922,251,248,27249,0.0,0.0,0.0,0.0,0.0,MEDIUM,MEDIUM,MEDIUM,5,COST_BASED,COST_BASED,false,false
1,baseline,1,2047,HYBRID_HEAT_PUMP,PRIVATELY_RENTED,2927,212,207,27461,0.0,0.0,0.0,0.0,0.0,MEDIUM,MEDIUM,MEDIUM,5,COST_BASED,COST_BASED,false,false
1,baseline,1,2048,HYBRID_HEAT_PUMP,PRIVATELY_RENTED,2929,234,232,27695,0.0,0.0,0.0,0.0,0.0,MEDIUM,MEDIUM,MEDIUM,5,COST_BASED,COST_BASED,false,false
1,baseline,1,2049,HYBRID_HEAT_PUMP,PRIVATELY_RENTED,2932,237,234,27932,0.0,0.0,0.0,0.0,0.0,MEDIUM,MEDIUM,MEDIUM,5,COST_BASED,COST_BASED,false,false
1,baseline,1,2050,HYBRID_HEAT_PUMP,PRIVATELY_RENTED,2933,246,245,28178,0.0,0.0,0.0,0.0,0.0,MEDIUM,MEDIUM,MEDIUM,5,COST_BASED,COST_BASED,false,false
2,social_learning_factor_low,1,2024,0.0027096406160867087,0.0027096406160867087,NATURAL_GAS_BOILER,TOTAL,6874452,6874452,0,6874452,0.0,0.0,0.0,0.0,0.0,LOW,MEDIUM,MEDIUM,5,COST_BASED,COST_BASED,false,false
2,social_learning_factor_low,1,2025,0.005847119224187108,0.005847119224187108,NATURAL_GAS_BOILER,TOTAL,4819411,9240,2064281,6883692,0.28557812312101843,0.6186951698592605,0.7671826309460078,1770.3813106103821,0.7297341854386628,LOW,MEDIUM,MEDIUM,5,COST_BASED,COST_BASED,false,false
2,social_learning_factor_low,1,2026,0.009341129492298917,0.009341129492298917,NATURAL_GAS_BOILER,TOTAL,4386669,6071,438813,6889763,0.28583496431485544,0.6217324881949903,0.6810260650595793,1767.2170699614817,0.7336983294883314,LOW,MEDIUM,MEDIUM,5,COST_BASED,COST_BASED,false,false
2,social_learning_factor_low,1,2027,0.013690815744438107,0.013690815744438107,NATURAL_GAS_BOILER,TOTAL,3952402,5562,439829,6895325,0.285740672151477,0.622766397014944,0.6169458101615033,1761.4263060616734,0.7351083053028363,LOW,MEDIUM,MEDIUM,5,COST_BASED,COST_BASED,false,false
2,social_learning_factor_low,1,2028,0.018325727324586424,0.018325727324586424,NATURAL_GAS_BOILER,TOTAL,3511305,5907,447004,6901232,0.2855093302419085,0.6221347132101597,0.5524652544399691,1756.9167200065742,0.7343431741996339,LOW,MEDIUM,MEDIUM,5,COST_BASED,COST_BASED,false,false
2,social_learning_factor_low,1,2029,0.02331717056474615,0.02331717056474615,NATURAL_GAS_BOILER,TOTAL,3071764,6444,445985,6907676,0.2856135071266708,0.6218211855178194,0.4885531312493096,1760.0270831489868,0.7338904116482061,LOW,MEDIUM,MEDIUM,5,COST_BASED,COST_BASED,false,false
2,social_learning_factor_low,1,2030,0.02852253280091272,0.02852253280091272,NATURAL_GAS_BOILER,TOTAL,2629196,6042,448610,6913718,0.2856626453094063,0.6268642875445842,0.42356221130728955,1756.1709989507601,0.7405981682896221,LOW,MEDIUM,MEDIUM,5,COST_BASED,COST_BASED,false,false
2,social_learning_factor_low,1,2031,0.034155733029092986,0.034155733029092986,NATURAL_GAS_BOILER,TOTAL,2183894,5790,451092,6919508,0.28554362304390196,0.6234773294232111,0.3577747688165805,1745.8977766757982,0.7361218982163492,LOW,MEDIUM,MEDIUM,5,COST_BASED,COST_BASED,false,false
2,social_learning_factor_low,1,2032,0.04007415858528237,0.04007415858528237,NATURAL_GAS_BOILER,TOTAL,1739087,5869,450676,6925377,0.2851863142909789,0.621281129497355,0.2929940898291934,1745.5027552085294,0.7333127345661508,LOW,MEDIUM,MEDIUM,5,COST_BASED,COST_BASED,false,false
2,social_learning_factor_low,1,2033,0.046491728465487735,0.046491728465487735,NATURAL_GAS_BOILER,TOTAL,1295465,6327,449949,6931704,0.2845920669313263,0.6257095505060449,0.22693692054256712,1733.6220934669632,0.7394153783642778,LOW,MEDIUM,MEDIUM,5,COST_BASED,COST_BASED,false,false
2,social_learning_factor_low,1,2034,0.053265830005704506,0.053265830005704506,NATURAL_GAS_BOILER,TOTAL,835104,6529,466890,6938233,0.2845568215633746,0.629990283021915,0.16011884653293265,1696.0763264010743,0.7451347701747224,LOW,MEDIUM,MEDIUM,5,COST_BASED,COST_BASED,false,false
2,social_learning_factor_low,1,2035,0.060325156873930405,0.060325156873930405,NATURAL_GAS_BOILER,TOTAL,372585,5856,468375,6944089,0.2847919581305991,0.6228654176428018,0.09143518214334112,1687.5260877720427,0.7355565708135414,LOW,MEDIUM,MEDIUM,5,COST_BASED,COST_BASED,false,false
2,social_learning_factor_low,1,2036,0.0673844837421563,0.0673844837421563,NATURAL_GAS_BOILER,TOTAL,72820,3019,302784,6947108,0.2828806503360849,0.6127196607990852,0.03463384640036945,1715.8494820926303,0.7226659976200943,LOW,MEDIUM,MEDIUM,5,COST_BASED,COST_BASED,false,false
2,social_learning_factor_low,1,2037,0.0744438106103822,0.0744438106103822,NATURAL_GAS_BOILER,TOTAL,70838,7422,9404,6954530,0.3529690472820355,0.629805461135397,0.012145616515992937,1523.258680713648,0.722084265753192,LOW,MEDIUM,MEDIUM,5,COST_BASED,COST_BASED,false,false
2,social_learning_factor_low,1,2038,0.0815031374786081,0.0815031374786081,NATURAL_GAS_BOILER,TOTAL,68688,3921,6071,6958451,0.33564094953366636,0.6051686116162045,0.01145088012365919,1566.373194607677,0.6950111656437259,LOW,MEDIUM,MEDIUM,5,COST_BASED,COST_BASED,false,false
2,social_learning_factor_low,1,2039,0.088562464346834,0.088562464346834,NATURAL_GAS_BOILER,TOTAL,67622,4496,5562,6962947,0.3648939497514298,0.6203827360962131,0.011359710168053441,1651.8156405001635,0.7055456648778128,LOW,MEDIUM,MEDIUM,5,COST_BASED,COST_BASED,false,false
2,social_learning_factor_low,1,2040,0.0956217912150599,0.0956217912150599,NATURAL_GAS_BOILER,TOTAL,66473,4758,5907,6967705,0.2781710083199696,0.5936660920921498,0.011935357588281091,1790.4733750886242,0.6988311200162538,LOW,MEDIUM,MEDIUM,5,COST_BASED,COST_BASED,false,false
2,social_learning_factor_low,1,2041,0.1026811180832858,0.1026811180832858,NATURAL_GAS_BOILER,TOTAL,65196,5167,6444,6972872,0.28080098376766055,0.5954243812342014,0.011724480375830952,1783.6162118406558,0.7002988470563768,LOW,MEDIUM,MEDIUM,5,COST_BASED,COST_BASED,false,false
2,social_learning_factor_low,1,2042,0.1097404449515117,0.1097404449515117,NATURAL_GAS_BOILER,TOTAL,64012,4858,6042,6977730,0.2808856083376915,0.5979030128494172,0.011365877038416702,1779.8669810786744,0.7035754810200113,LOW,MEDIUM,MEDIUM,5,COST_BASED,COST_BASED,false,false
2,social_learning_factor_low,1,2043,0.1167997718197376,0.1167997718197376,NATURAL_GAS_BOILER,TOTAL,62983,4761,5790,6982491,0.2797955511434359,0.5961214139889821,0.011224427620019626,1773.5135344149421,0.7015633682708395,LOW,MEDIUM,MEDIUM,5,COST_BASED,COST_BASED,false,false
2,social_learning_factor_low,1,2044,0.12385909868796349,0.12385909868796349,NATURAL_GAS_BOILER,TOTAL,62061,4947,5869,6987438,0.2790335020778085,0.59378708329167,0.011063181265753319,1773.6674118515707,0.698704943696299,LOW,MEDIUM,MEDIUM,5,COST_BASED,COST_BASED,false,false
2,social_learning_factor_low,1,2045,0.13091842555618938,0.13091842555618938,NATURAL_GAS_BOILER,TOTAL,61034,5300,6327,6992738,0.27965305783600747,0.5985124976956457,0.010872232103070105,1768.0365749546525,0.7047989776488223,LOW,MEDIUM,MEDIUM,5,COST_BASED,COST_BASED,false,false
2,social_learning_factor_low,1,2046,0.1379777524244153,0.1379777524244153,NATURAL_GAS_BOILER,TOTAL,59760,5255,6529,6997993,0.28042598508274136,0.5959587924306063,0.010708028765549318,1759.6073579476893,0.7011363948798846,LOW,MEDIUM,MEDIUM,5,COST_BASED,COST_BASED,false,false
2,social_learning_factor_low,1,2047,0.14503707929264117,0.14503707929264117,NATURAL_GAS_BOILER,TOTAL,58848,4944,5856,7002937,0.2796774582664859,0.5946090410898458,0.01048602488776499,1756.7858855754598,0.699586235364272,LOW,MEDIUM,MEDIUM,5,COST_BASED,COST_BASED,false,false
2,social_learning_factor_low,1,2048,0.15216771249286937,0.15216771249286937,NATURAL_GAS_BOILER,TOTAL,58458,2629,3019,7005566,0.2735776257206169,0.5943796559314364,0.010216643453764062,1734.9016040714057,0.7013136660017145,LOW,MEDIUM,MEDIUM,5,COST_BASED,COST_BASED,false,false
2,social_learning_factor_low,1,2049,0.15929834569309756,0.15929834569309756,NATURAL_GAS_BOILER,TOTAL,57420,6384,7422,7011950,0.27956162663485445,0.6025987894293241,0.010178921009850263,1709.5909575424002,0.7102778436941772,LOW,MEDIUM,MEDIUM,5,COST_BASED,COST_BASED,false,false
2,social_learning_factor_low,1,2050,0.0,0.0,NATURAL_GAS_BOILER,TOTAL,56864,3365,3921,7015315,0.27570459937574304,0.5919074838356717,0.010042355906148466,1690.9187179474316,0.6973084453222949,LOW,MEDIUM,MEDIUM,5,COST_BASED,COST_BASED,false,false
2,social_learning_factor_low,1,2024,NATURAL_GAS_BOILER,PRIVATELY_OWNED,4615458,4615458,0,4615458,0.0,0.0,0.0,0.0,0.0,LOW,MEDIUM,MEDIUM,5,COST_BASED,COST_BASED,false,false
2,social_learning_factor_low,1,2025,NATURAL_GAS_BOILER,PRIVATELY_OWNED,4014192,9240,610506,4624698,0.28557812312101843,0.6186951698592605,0.7671826309460078,1770.3813106103821,0.7297341854386628,LOW,MEDIUM,MEDIUM,5,COST_BASED,COST_BASED,false,false
2,social_learning_factor_low,1,2026,NATURAL_GAS_BOILER,PRIVATELY_OWNED,3659867,6071,360396,4630769,0.28583496431485544,0.6217324881949903,0.6810260650595793,1767.2170699614815,0.7336983294883315,LOW,MEDIUM,MEDIUM,5,COST_BASED,COST_BASED,false,false
2,social_learning_factor_low,1,2027,NATURAL_GAS_BOILER,PRIVATELY_OWNED,3300829,5561,364599,4636330,0.28579205511715794,0.6228783852179677,0.6170567516846397,1761.7430523853673,0.735240495251641,LOW,MEDIUM,MEDIUM,5,COST_BASED,COST_BASED,false,false
2,social_learning_factor_low,1,2028,NATURAL_GAS_BOILER,PRIVATELY_OWNED,2937146,5904,369587,4642234,0.2856544061210965,0.6224508385725632,0.5527459786546235,1757.8094622423498,0.7347163160564427,LOW,MEDIUM,MEDIUM,5,COST_BASED,COST_BASED,false,false
2,social_learning_factor_low,1,2029,NATURAL_GAS_BOILER,PRIVATELY_OWNED,2572902,6442,370686,4648676,0.2857021794356204,0.6220142377331307,0.48870480871942734,1760.5735057143854,0.734118257165638,LOW,MEDIUM,MEDIUM,5,COST_BASED,COST_BASED,false,false
2,social_learning_factor_low,1,2030,NATURAL_GAS_BOILER,PRIVATELY_OWNED,2206522,6037,372417,4654713,0.285899238522351,0.6273834728084111,0.4239130165179134,1757.625505327231,0.741211550903743,LOW,MEDIUM,MEDIUM,5,COST_BASED,COST_BASED,false,false
2,social_learning_factor_low,1,2031,NATURAL_GAS_BOILER,PRIVATELY_OWNED,1837149,5781,375154,4660494,0.28598816423182705,0.6244479739422925,0.3583317611914896,1748.6158323737886,0.7372679105124825,LOW,MEDIUM,MEDIUM,5,COST_BASED,COST_BASED,false,false
2,social_learning_factor_low,1,2032,NATURAL_GAS_BOILER,PRIVATELY_OWNED,1469107,5856,373898,4666350,0.2858194123247533,0.6226603396550506,0.2936445206980082,1749.3776759424281,0.7349406487651535,LOW,MEDIUM,MEDIUM,5,COST_BASED,COST_BASED,false,false
2,social_learning_factor_low,1,2033,NATURAL_GAS_BOILER,PRIVATELY_OWNED,1100256,6301,375152,4672651,0.28576638747413136,0.6282914340662984,0.22787333697394416,1740.7755888534323,0.7424664495970141,LOW,MEDIUM,MEDIUM,5,COST_BASED,COST_BASED,false,false
2,social_learning_factor_low,1,2034,NATURAL_GAS_BOILER,PRIVATELY_OWNED,712247,6507,394516,4679158,0.28551890087402376,0.63212026400032,0.16066020424366334,1701.8107169313992,0.747654051709046,LOW,MEDIUM,MEDIUM,5,COST_BASED,COST_BASED,false,false
2,social_learning_factor_low,1,2035,NATURAL_GAS_BOILER,PRIVATELY_OWNED,322114,5835,395968,4684993,0.2858169163346681,0.6251070926677373,0.0917642547783043,1693.5994464426874,0.7382038181120992,LOW,MEDIUM,MEDIUM,5,COST_BASED,COST_BASED,false,false
2,social_learning_factor_low,1,2036,NATURAL_GAS_BOILER,PRIVATELY_OWNED,72684,2985,252415,4687978,0.2861027414956919,0.6196987122118721,0.03502833577310398,1735.3934962940205,0.7308973691172747,LOW,MEDIUM,MEDIUM,5,COST_BASED,COST_BASED,false,false
2,social_learning_factor_low,1,2037,NATURAL_GAS_BOILER,PRIVATELY_OWNED,70659,7379,9404,4695357,0.35502592071110817,0.6334755566536003,0.012216393248637969,1532.1352389560502,0.7262921019677722,LOW,MEDIUM,MEDIUM,5,COST_BASED,COST_BASED,false,false
2,social_learning_factor_low,1,2038,NATURAL_GAS_BOILER,PRIVATELY_OWNED,68472,3884,6071,4699241,0.3388383530178954,0.6109336061140932,0.011559964203107025,1581.2948754007987,0.7016320238128345,LOW,MEDIUM,MEDIUM,5,COST_BASED,COST_BASED,false,false
2,social_learning_factor_low,1,2039,NATURAL_GAS_BOILER,PRIVATELY_OWNED,67400,4489,5561,4703730,0.3654629534601088,0.6213501406746657,0.011377424129108547,1654.3914278656127,0.7066458697461898,LOW,MEDIUM,MEDIUM,5,COST_BASED,COST_BASED,false,false
2,social_learning_factor_low,1,2040,NATURAL_GAS_BOILER,PRIVATELY_OWNED,66251,4755,5904,4708485,0.2783465105334207,0.5940406448316401,0.011942887782343098,1791.6030112874182,0.6992720229310906,LOW,MEDIUM,MEDIUM,5,COST_BASED,COST_BASED,false,false
2,social_learning_factor_low,1,2041,NATURAL_GAS_BOILER,PRIVATELY_OWNED,64973,5164,6442,4713649,0.280964113696263,0.5957702900536636,0.011731291654128298,1784.6523947677513,0.7007056821727922,LOW,MEDIUM,MEDIUM,5,COST_BASED,COST_BASED,false,false
2,social_learning_factor_low,1,2042,NATURAL_GAS_BOILER,PRIVATELY_OWNED,63789,4853,6037,4718502,0.2811750021233269,0.5985190266685491,0.011377587194030155,1781.700761195178,0.7043003681836421,LOW,MEDIUM,MEDIUM,5,COST_BASED,COST_BASED,false,false
2,social_learning_factor_low,1,2043,NATURAL_GAS_BOILER,PRIVATELY_OWNED,62760,4752,5781,4723254,0.28032546695999544,0.5972504318185067,0.011245686005663603,1776.8724615634553,0.7028920867713525,LOW,MEDIUM,MEDIUM,5,COST_BASED,COST_BASED,false,false
2,social_learning_factor_low,1,2044,NATURAL_GAS_BOILER,PRIVATELY_OWNED,61838,4934,5856,4728188,0.2797686937127926,0.5953515810790213,0.011092330304353804,1778.3406336501257,0.7005458768677728,LOW,MEDIUM,MEDIUM,5,COST_BASED,COST_BASED,false,false
2,social_learning_factor_low,1,2045,NATURAL_GAS_BOILER,PRIVATELY_OWNED,60811,5274,6301,4733462,0.28103170393076216,0.6014630712527346,0.010925830516926726,1776.7527203753618,0.7082735270266891,LOW,MEDIUM,MEDIUM,5,COST_BASED,COST_BASED,false,false
2,social_learning_factor_low,1,2046,NATURAL_GAS_BOILER,PRIVATELY_OWNED,59537,5233,6507,4738695,0.2816049210032115,0.5984642564920383,0.010753046276124913,1767.0049046464947,0.7040840349883037,LOW,MEDIUM,MEDIUM,5,COST_BASED,COST_BASED,false,false
2,social_learning_factor_low,1,2047,NATURAL_GAS_BOILER,PRIVATELY_OWNED,58625,4923,5835,4743618,0.28087047606530696,0.5971454599122888,0.010530755036585437,1764.2797924609129,0.7025704545279221,LOW,MEDIUM,MEDIUM,5,COST_BASED,COST_BASED,false,false
2,social_learning_factor_low,1,2048,NATURAL_GAS_BOILER,PRIVATELY_OWNED,58235,2595,2985,4746213,0.2771620724545287,0.6021672891883415,0.010350503136780624,1757.632492140164,0.7105023614329509,LOW,MEDIUM,MEDIUM,5,COST_BASED,COST_BASED,false,false
2,social_learning_factor_low,1,2049,NATURAL_GAS_BOILER,PRIVATELY_OWNED,57197,6341,7379,4752554,0.28145740804871644,0.6066851713794047,0.010247946968440952,1721.1841464990828,0.7150944258229975,LOW,MEDIUM,MEDIUM,5,COST_BASED,COST_BASED,false,false
2,social_learning_factor_low,1,2050,NATURAL_GAS_BOILER,PRIVATELY_OWNED,56639,3326,3884,4755880,0.27893745547185067,0.5988480706876234,0.010160110530423809,1710.7460871596834,0.7054849424261943,LOW,MEDIUM,MEDIUM,5,COST_BASED,COST_BASED,false,false
2,social_learning_factor_low,1,2024,NATURAL_GAS_BOILER,SOCIAL_HOUSING,1329352,1329352,0,1329352,0.0,0.0,0.0,0.0,0.0,LOW,MEDIUM,MEDIUM,5,COST_BASED,COST_BASED,false,false
2,social_learning_factor_low,1,2025,NATURAL_GAS_BOILER,SOCIAL_HOUSING,3242,0,1326110,1329352,0.0,0.0,0.0,0.0,0.0,LOW,MEDIUM,MEDIUM,5,COST_BASED,COST_BASED,false,false
2,social_learning_factor_low,1,2026,NATURAL_GAS_BOILER,SOCIAL_HOUSING,1009,0,2233,1329352,0.0,0.0,0.0,0.0,0.0,LOW,MEDIUM,MEDIUM,5,COST_BASED,COST_BASED,false,false
2,social_learning_factor_low,1,2027,NATURAL_GAS_BOILER,SOCIAL_HOUSING,459,0,550,1329352,0.0,0.0,0.0,0.0,0.0,LOW,MEDIUM,MEDIUM,5,COST_BASED,COST_BASED,false,false
2,social_learning_factor_low,1,2028,NATURAL_GAS_BOILER,SOCIAL_HOUSING,252,0,207,1329352,0.0,0.0,0.0,0.0,0.0,LOW,MEDIUM,MEDIUM,5,COST_BASED,COST_BASED,false,false
2,social_learning_factor_low,1,2029,NATURAL_GAS_BOILER,SOCIAL_HOUSING,182,0,70,1329352,0.0,0.0,0.0,0.0,0.0,LOW,MEDIUM,MEDIUM,5,COST_BASED,COST_BASED,false,false
2,social_learning_factor_low,1,2030,NATURAL_GAS_BOILER,SOCIAL_HOUSING,116,0,66,1329352,0.0,0.0,0.0,0.0,0.0,LOW,MEDIUM,MEDIUM,5,COST_BASED,COST_BASED,false,false
2,social_learning_factor_low,1,2031,NATURAL_GAS_BOILER,SOCIAL_HOUSING,98,0,18,1329352,0.0,0.0,0.0,0.0,0.0,LOW,MEDIUM,MEDIUM,5,COST_BASED,COST_BASED,false,false
2,social_learning_factor_low,1,2032,NATURAL_GAS_BOILER,SOCIAL_HOUSING,76,0,22,1329352,0.0,0.0,0.0,0.0,0.0,LOW,MEDIUM,MEDIUM,5,COST_BASED,COST_BASED,false,false
2,social_learning_factor_low,1,2033,NATURAL_GAS_BOILER,SOCIAL_HOUSING,59,0,17,1329352,0.0,0.0,0.0,0.0,0.0,LOW,MEDIUM,MEDIUM,5,COST_BASED,COST_BASED,false,false
2,social_learning_factor_low,1,2034,NATURAL_GAS_BOILER,SOCIAL_HOUSING,33,0,26,1329352,0.0,0.0,0.0,0.0,0.0,LOW,MEDIUM,MEDIUM,5,COST_BASED,COST_BASED,false,false
2,social_learning_factor_low,1,2035,NATURAL_GAS_BOILER,SOCIAL_HOUSING,15,0,18,1329352,0.0,0.0,0.0,0.0,0.0,LOW,MEDIUM,MEDIUM,5,COST_BASED,COST_BASED,false,false
2,social_learning_factor_low,1,2036,NATURAL_GAS_BOILER,SOCIAL_HOUSING,0,0,15,1329352,0.0,0.0,0.0,0.0,0.0,LOW,MEDIUM,MEDIUM,5,COST_BASED,COST_BASED,false,false
2,social_learning_factor_low,1,2037,NATURAL_GAS_BOILER,SOCIAL_HOUSING,0,0,0,1329352,0.0,0.0,0.0,0.0,0.0,LOW,MEDIUM,MEDIUM,5,COST_BASED,COST_BASED,false,false
2,social_learning_factor_low,1,2038,NATURAL_GAS_BOILER,SOCIAL_HOUSING,0,0,0,1329352,0.0,0.0,0.0,0.0,0.0,LOW,MEDIUM,MEDIUM,5,COST_BASED,COST_BASED,false,false
2,social_learning_factor_low,1,2039,NATURAL_GAS_BOILER,SOCIAL_HOUSING,0,0,0,1329352,0.0,0.0,0.0,0.0,0.0,LOW,MEDIUM,MEDIUM,5,COST_BASED,COST_BASED,false,false
2,social_learning_factor_low,1,2040,NATURAL_GAS_BOILER,SOCIAL_HOUSING,0,0,0,1329352,0.0,0.0,0.0,0.0,0.0,LOW,MEDIUM,MEDIUM,5,COST_BASED,COST_BASED,false,false
2,social_learning_factor_low,1,2041,NATURAL_GAS_BOILER,SOCIAL_HOUSING,0,0,0,1329352,0.0,0.0,0.0,0.0,0.0,LOW,MEDIUM,MEDIUM,5,COST_BASED,COST_BASED,false,false
2,social_learning_factor_low,1,2042,NATURAL_GAS_BOILER,SOCIAL_HOUSING,0,0,0,1329352,0.0,0.0,0.0,0.0,0.0,LOW,MEDIUM,MEDIUM,5,COST_BASED,COST_BASED,false,false
2,social_learning_factor_low,1,2043,NATURAL_GAS_BOILER,SOCIAL_HOUSING,0,0,0,1329352,0.0,0.0,0.0,0.0,0.0,LOW,MEDIUM,MEDIUM,5,COST_BASED,COST_BASED,false,false
2,social_learning_factor_low,1,2044,NATURAL_GAS_BOILER,SOCIAL_HOUSING,0,0,0,1329352,0.0,0.0,0.0,0.0,0.0,LOW,MEDIUM,MEDIUM,5,COST_BASED,COST_BASED,false,false
2,social_learning_factor_low,1,2045,NATURAL_GAS_BOILER,SOCIAL_HOUSING,0,0,0,1329352,0.0,0.0,0.0,0.0,0.0,LOW,MEDIUM,MEDIUM,5,COST_BASED,COST_BASED,false,false
2,social_learning_factor_low,1,2046,NATURAL_GAS_BOILER,SOCIAL_HOUSING,0,0,0,1329352,0.0,0.0,0.0,0.0,0.0,LOW,MEDIUM,MEDIUM,5,COST_BASED,COST_BASED,false,false
2,social_learning_factor_low,1,2047,NATURAL_GAS_BOILER,SOCIAL_HOUSING,0,0,0,1329352,0.0,0.0,0.0,0.0,0.0,LOW,MEDIUM,MEDIUM,5,COST_BASED,COST_BASED,false,false
2,social_learning_factor_low,1,2048,NATURAL_GAS_BOILER,SOCIAL_HOUSING,0,0,0,1329352,0.0,0.0,0.0,0.0,0.0,LOW,MEDIUM,MEDIUM,5,COST_BASED,COST_BASED,false,false
2,social_learning_factor_low,1,2049,NATURAL_GAS_BOILER,SOCIAL_HOUSING,0,0,0,1329352,0.0,0.0,0.0,0.0,0.0,LOW,MEDIUM,MEDIUM,5,COST_BASED,COST_BASED,false,false
2,social_learning_factor_low,1,2050,NATURAL_GAS_BOILER,SOCIAL_HOUSING,0,0,0,1329352,0.0,0.0,0.0,0.0,0.0,LOW,MEDIUM,MEDIUM,5,COST_BASED,COST_BASED,false,false
2,social_learning_factor_low,1,2024,NATURAL_GAS_BOILER,PRIVATELY_RENTED,929642,929642,0,929642,0.0,0.0,0.0,0.0,0.0,LOW,MEDIUM,MEDIUM,5,COST_BASED,COST_BASED,false,false
2,social_learning_factor_low,1,2025,NATURAL_GAS_BOILER,PRIVATELY_RENTED,801977,0,127665,929642,0.0,0.0,0.0,0.0,0.0,LOW,MEDIUM,MEDIUM,5,COST_BASED,COST_BASED,false,false
2,social_learning_factor_low,1,2026,NATURAL_GAS_BOILER,PRIVATELY_RENTED,725793,0,76184,929642,0.0,0.0,0.0,0.0,0.0,LOW,MEDIUM,MEDIUM,5,COST_BASED,COST_BASED,false,false
2,social_learning_factor_low,1,2027,NATURAL_GAS_BOILER,PRIVATELY_RENTED,651114,1,74680,929643,0.0,0.0,0.0,0.0,0.0,LOW,MEDIUM,MEDIUM,5,COST_BASED,COST_BASED,false,false
2,social_learning_factor_low,1,2028,NATURAL_GAS_BOILER,PRIVATELY_RENTED,573907,3,77210,929646,0.0,0.0,0.0,0.0,0.0,LOW,MEDIUM,MEDIUM,5,COST_BASED,COST_BASED,false,false
2,social_learning_factor_low,1,2029,NATURAL_GAS_BOILER,PRIVATELY_RENTED,498680,2,75229,929648,0.0,0.0,0.0,0.0,0.0,LOW,MEDIUM,MEDIUM,5,COST_BASED,COST_BASED,false,false
2,social_learning_factor_low,1,2030,NATURAL_GAS_BOILER,PRIVATELY_RENTED,422558,5,76127,929653,0.0,0.0,0.0,0.0,0.0,LOW,MEDIUM,MEDIUM,5,COST_BASED,COST_BASED,false,false
2,social_learning_factor_low,1,2031,NATURAL_GAS_BOILER,PRIVATELY_RENTED,346647,9,75920,929662,0.0,0.0,0.0,0.0,0.0,LOW,MEDIUM,MEDIUM,5,COST_BASED,COST_BASED,false,false
2,social_learning_factor_low,1,2032,NATURAL_GAS_BOILER,PRIVATELY_RENTED,269904,13,76756,929675,0.0,0.0,0.0,0.0,0.0,LOW,MEDIUM,MEDIUM,5,COST_BASED,COST_BASED,false,false
2,social_learning_factor_low,1,2033,NATURAL_GAS_BOILER,PRIVATELY_RENTED,195150,26,74780,929701,0.0,0.0,0.0,0.0,0.0,LOW,MEDIUM,MEDIUM,5,COST_BASED,COST_BASED,false,false
2,social_learning_factor_low,1,2034,NATURAL_GAS_BOILER,PRIVATELY_RENTED,122824,22,72348,929723,0.0,0.0,0.0,0.0,0.0,LOW,MEDIUM,MEDIUM,5,COST_BASED,COST_BASED,false,false
2,social_learning_factor_low,1,2035,NATURAL_GAS_BOILER,PRIVATELY_RENTED,50456,21,72389,929744,0.0,0.0,0.0,0.0,0.0,LOW,MEDIUM,MEDIUM,5,COST_BASED,COST_BASED,false,false
2,social_learning_factor_low,1,2036,NATURAL_GAS_BOILER,PRIVATELY_RENTED,136,34,50354,929778,0.0,0.0,0.0,0.0,0.0,LOW,MEDIUM,MEDIUM,5,COST_BASED,COST_BASED,false,false
2,social_learning_factor_low,1,2037,NATURAL_GAS_BOILER,PRIVATELY_RENTED,179,43,0,929821,0.0,0.0,0.0,0.0,0.0,LOW,MEDIUM,MEDIUM,5,COST_BASED,COST_BASED,false,false
2,social_learning_factor_low,1,2038,NATURAL_GAS_BOILER,PRIVATELY_RENTED,216,37,0,929858,0.0,0.0,0.0,0.0,0.0,LOW,MEDIUM,MEDIUM,5,COST_BASED,COST_BASED,false,false
2,social_learning_factor_low,1,2039,NATURAL_GAS_BOILER,PRIVATELY_RENTED,222,7,1,929865,0.0,0.0,0.0,0.0,0.0,LOW,MEDIUM,MEDIUM,5,COST_BASED,COST_BASED,false,false
2,social_learning_factor_low,1,2040,NATURAL_GAS_BOILER,PRIVATELY_RENTED,222,3,3,929868,0.0,0.0,0.0,0.0,0.0,LOW,MEDIUM,MEDIUM,5,COST_BASED,COST_BASED,false,false
2,social_learning_factor_low,1,2041,NATURAL_GAS_BOILER,PRIVATELY_RENTED,223,3,2,929871,0.0,0.0,0.0,0.0,0.0,LOW,MEDIUM,MEDIUM,5,COST_BASED,COST_BASED,false,false
2,social_learning_factor_low,1,2042,NATURAL_GAS_BOILER,PRIVATELY_RENTED,223,5,5,929876,0.0,0.0,0.0,0.0,0.0,LOW,MEDIUM,MEDIUM,5,COST_BASED,COST_BASED,false,false
2,social_learning_factor_low,1,2043,NATURAL_GAS_BOILER,PRIVATELY_RENTED,223,9,9,929885,0.0,0.0,0.0,0.0,0.0,LOW,MEDIUM,MEDIUM,5,COST_BASED,COST_BASED,false,false
2,social_learning_factor_low,1,2044,NATURAL_GAS_BOILER,PRIVATELY_RENTED,223,13,13,929898,0.0,0.0,0.0,0.0,0.0,LOW,MEDIUM,MEDIUM,5,COST_BASED,COST_BASED,false,false
2,social_learning_factor_low,1,2045,NATURAL_GAS_BOILER,PRIVATELY_RENTED,223,26,26,929924,0.0,0.0,0.0,0.0,0.0,LOW,MEDIUM,MEDIUM,5,COST_BASED,COST_BASED,false,false
2,social_learning_factor_low,1,2046,NATURAL_GAS_BOILER,PRIVATELY_RENTED,223,22,22,929946,0.0,0.0,0.0,0.0,0.0,LOW,MEDIUM,MEDIUM,5,COST_BASED,COST_BASED,false,false
2,social_learning_factor_low,1,2047,NATURAL_GAS_BOILER,PRIVATELY_RENTED,223,21,21,929967,0.0,0.0,0.0,0.0,0.0,LOW,MEDIUM,MEDIUM,5,COST_BASED,COST_BASED,false,false
2,social_learning_factor_low,1,2048,NATURAL_GAS_BOILER,PRIVATELY_RENTED,223,34,34,930001,0.0,0.0,0.0,0.0,0.0,LOW,MEDIUM,MEDIUM,5,COST_BASED,COST_BASED,false,false
2,social_learning_factor_low,1,2049,NATURAL_GAS_BOILER,PRIVATELY_RENTED,223,43,43,930044,0.0,0.0,0.0,0.0,0.0,LOW,MEDIUM,MEDIUM,5,COST_BASED,COST_BASED,false,false
2,social_learning_factor_low,1,2050,NATURAL_GAS_BOILER,PRIVATELY_RENTED,225,39,37,930083,0.0,0.0,0.0,0.0,0.0,LOW,MEDIUM,MEDIUM,5,COST_BASED,COST_BASED,false,false
2,social_learning_factor_low,1,2024,0.0027096406160867087,0.0027096406160867087,NATURAL_GAS_BLOCK,TOTAL,464450,464450,0,464450,0.0,0.0,0.0,0.0,0.0,LOW,MEDIUM,MEDIUM,5,COST_BASED,COST_BASED,false,false
2,social_learning_factor_low,1,2025,0.005847119224187108,0.005847119224187108,NATURAL_GAS_BLOCK,TOTAL,318488,415,146377,464865,0.2846669244759749,0.6435767572878562,0.06379346380752461,1119.906096598456,0.7632133682251641,LOW,MEDIUM,MEDIUM,5,COST_BASED,COST_BASED,false,false
2,social_learning_factor_low,1,2026,0.009341129492298917,0.009341129492298917,NATURAL_GAS_BLOCK,TOTAL,290230,266,28524,465131,0.2859838052781701,0.6453876519036147,0.0577160197466075,1127.6558767865301,0.7651889341120959,LOW,MEDIUM,MEDIUM,5,COST_BASED,COST_BASED,false,false
2,social_learning_factor_low,1,2027,0.013690815744438107,0.013690815744438107,NATURAL_GAS_BLOCK,TOTAL,262602,231,27859,465362,0.2856945079951389,0.6453769308701262,0.05247861618488588,1135.4704158572322,0.7652710718284634,LOW,MEDIUM,MEDIUM,5,COST_BASED,COST_BASED,false,false
2,social_learning_factor_low,1,2028,0.018325727324586424,0.018325727324586424,NATURAL_GAS_BLOCK,TOTAL,234553,259,28308,465621,0.287013982556202,0.6455704480083385,0.0472091207836458,1133.6227998563172,0.7650892698257213,LOW,MEDIUM,MEDIUM,5,COST_BASED,COST_BASED,false,false
2,social_learning_factor_low,1,2029,0.02331717056474615,0.02331717056474615,NATURAL_GAS_BLOCK,TOTAL,206794,272,28031,465893,0.28735074934618043,0.6456083455006858,0.042145305268031744,1134.0218864164729,0.7650275442188531,LOW,MEDIUM,MEDIUM,5,COST_BASED,COST_BASED,false,false
2,social_learning_factor_low,1,2030,0.02852253280091272,0.02852253280091272,NATURAL_GAS_BLOCK,TOTAL,179104,233,27923,466126,0.28560254867679163,0.6480671768590824,0.03656974446128509,1131.1963750205964,0.7688887195864939,LOW,MEDIUM,MEDIUM,5,COST_BASED,COST_BASED,false,false
2,social_learning_factor_low,1,2031,0.034155733029092986,0.034155733029092986,NATURAL_GAS_BLOCK,TOTAL,150984,233,28353,466359,0.2845764836681677,0.6469632107728402,0.031392705010660805,1119.160481729675,0.7677587864744035,LOW,MEDIUM,MEDIUM,5,COST_BASED,COST_BASED,false,false
2,social_learning_factor_low,1,2032,0.04007415858528237,0.04007415858528237,NATURAL_GAS_BLOCK,TOTAL,122594,272,28662,466631,0.28521056483706836,0.6456489976742165,0.02619666088471812,1115.9078141200866,0.7657951419532555,LOW,MEDIUM,MEDIUM,5,COST_BASED,COST_BASED,false,false
2,social_learning_factor_low,1,2033,0.046491728465487735,0.046491728465487735,NATURAL_GAS_BLOCK,TOTAL,91127,334,31801,466965,0.2856510851320879,0.6489874158858435,0.020332246032601514,1072.8761957242016,0.7700995261371049,LOW,MEDIUM,MEDIUM,5,COST_BASED,COST_BASED,false,false
2,social_learning_factor_low,1,2034,0.053265830005704506,0.053265830005704506,NATURAL_GAS_BLOCK,TOTAL,57411,357,34073,467322,0.2850226808132529,0.6541242908651227,0.013694753602856309,1010.1153213234021,0.7771581608824168,LOW,MEDIUM,MEDIUM,5,COST_BASED,COST_BASED,false,false
2,social_learning_factor_low,1,2035,0.060325156873930405,0.060325156873930405,NATURAL_GAS_BLOCK,TOTAL,22710,412,35113,467734,0.2872724592768471,0.6518047199300061,0.007961479404269299,992.9981173643101,0.773315473481046,LOW,MEDIUM,MEDIUM,5,COST_BASED,COST_BASED,false,false
2,social_learning_factor_low,1,2036,0.0673844837421563,0.0673844837421563,NATURAL_GAS_BLOCK,TOTAL,3437,153,19426,467887,0.2852589633884028,0.6452353779485737,0.002715231235650187,1076.8248056335735,0.765227516135292,LOW,MEDIUM,MEDIUM,5,COST_BASED,COST_BASED,false,false
2,social_learning_factor_low,1,2037,0.0744438106103822,0.0744438106103822,NATURAL_GAS_BLOCK,TOTAL,3363,341,415,468228,0.34080185158153015,0.6652053338908136,8.773481442940367E-4,861.5848958333332,0.7733398279939069,LOW,MEDIUM,MEDIUM,5,COST_BASED,COST_BASED,false,false
2,social_learning_factor_low,1,2038,0.0815031374786081,0.0815031374786081,NATURAL_GAS_BLOCK,TOTAL,3297,200,266,468428,0.3320860074389474,0.6545880279611969,8.3344790749405E-4,886.1532186557902,0.7620887014686136,LOW,MEDIUM,MEDIUM,5,COST_BASED,COST_BASED,false,false
2,social_learning_factor_low,1,2039,0.088562464346834,0.088562464346834,NATURAL_GAS_BLOCK,TOTAL,3256,190,231,468618,0.40526868645151204,0.6704203689566027,6.587098439201074E-4,1004.9050223769269,0.7588042631249661,LOW,MEDIUM,MEDIUM,5,COST_BASED,COST_BASED,false,false
2,social_learning_factor_low,1,2040,0.0956217912150599,0.0956217912150599,NATURAL_GAS_BLOCK,TOTAL,3211,214,259,468832,0.26758496995345826,0.6307044596926586,8.160455339249085E-4,1121.2815514103731,0.7517442896057429,LOW,MEDIUM,MEDIUM,5,COST_BASED,COST_BASED,false,false
2,social_learning_factor_low,1,2041,0.1026811180832858,0.1026811180832858,NATURAL_GAS_BLOCK,TOTAL,3160,221,272,469053,0.27243695686993374,0.6309749158710375,7.781246291069901E-4,1126.8536520885264,0.750487568871404,LOW,MEDIUM,MEDIUM,5,COST_BASED,COST_BASED,false,false
2,social_learning_factor_low,1,2042,0.1097404449515117,0.1097404449515117,NATURAL_GAS_BLOCK,TOTAL,3124,197,233,469250,0.2726908205407755,0.632640403714674,7.880443547699682E-4,1136.831724457487,0.7526235981059693,LOW,MEDIUM,MEDIUM,5,COST_BASED,COST_BASED,false,false
2,social_learning_factor_low,1,2043,0.1167997718197376,0.1167997718197376,NATURAL_GAS_BLOCK,TOTAL,3095,204,233,469454,0.2721142856210799,0.6315451355634324,7.879304120866635E-4,1135.8764196342638,0.7513554188775501,LOW,MEDIUM,MEDIUM,5,COST_BASED,COST_BASED,false,false
2,social_learning_factor_low,1,2044,0.12385909868796349,0.12385909868796349,NATURAL_GAS_BLOCK,TOTAL,3061,238,272,469692,0.2741895938532389,0.6305134366259875,8.690290232436012E-4,1135.4517564221603,0.7492880508835633,LOW,MEDIUM,MEDIUM,5,COST_BASED,COST_BASED,false,false
2,social_learning_factor_low,1,2045,0.13091842555618938,0.13091842555618938,NATURAL_GAS_BLOCK,TOTAL,3019,292,334,469984,0.2750675218927448,0.6323957920620816,7.677222742772016E-4,1128.1075510707378,0.7515052154518355,LOW,MEDIUM,MEDIUM,5,COST_BASED,COST_BASED,false,false
2,social_learning_factor_low,1,2046,0.1379777524244153,0.1379777524244153,NATURAL_GAS_BLOCK,TOTAL,2988,326,357,470310,0.2765733560288652,0.6337096220755849,7.471258031748623E-4,1117.7907989260575,0.7527550440911512,LOW,MEDIUM,MEDIUM,5,COST_BASED,COST_BASED,false,false
2,social_learning_factor_low,1,2047,0.14503707929264117,0.14503707929264117,NATURAL_GAS_BLOCK,TOTAL,2950,374,412,470684,0.2778305262245542,0.6330502266755297,7.381927014273456E-4,1118.4276827371696,0.7514567934925245,LOW,MEDIUM,MEDIUM,5,COST_BASED,COST_BASED,false,false
2,social_learning_factor_low,1,2048,0.15216771249286937,0.15216771249286937,NATURAL_GAS_BLOCK,TOTAL,2940,143,153,470827,0.2684929397019834,0.6357590353973658,7.240356504271452E-4,1081.9742718913203,0.7581810672958111,LOW,MEDIUM,MEDIUM,5,COST_BASED,COST_BASED,false,false
2,social_learning_factor_low,1,2049,0.15929834569309756,0.15929834569309756,NATURAL_GAS_BLOCK,TOTAL,2891,292,341,471119,0.2696680478113441,0.6392532874179182,7.45869054544417E-4,1026.0432341089302,0.7624483672867741,LOW,MEDIUM,MEDIUM,5,COST_BASED,COST_BASED,false,false
2,social_learning_factor_low,1,2050,0.0,0.0,NATURAL_GAS_BLOCK,TOTAL,2867,176,200,471295,0.2697200436797979,0.6372376161009237,7.437593672558686E-4,992.571897073663,0.7597434735746244,LOW,MEDIUM,MEDIUM,5,COST_BASED,COST_BASED,false,false
2,social_learning_factor_low,1,2024,NATURAL_GAS_BLOCK,PRIVATELY_OWNED,276712,276712,0,276712,0.0,0.0,0.0,0.0,0.0,LOW,MEDIUM,MEDIUM,5,COST_BASED,COST_BASED,false,false
2,social_learning_factor_low,1,2025,NATURAL_GAS_BLOCK,PRIVATELY_OWNED,241214,415,35913,277127,0.2846669244759749,0.6435767572878562,0.06379346380752461,1119.906096598456,0.7632133682251641,LOW,MEDIUM,MEDIUM,5,COST_BASED,COST_BASED,false,false
2,social_learning_factor_low,1,2026,NATURAL_GAS_BLOCK,PRIVATELY_OWNED,220377,266,21103,277393,0.2859838052781701,0.6453876519036147,0.0577160197466075,1127.6558767865301,0.7651889341120959,LOW,MEDIUM,MEDIUM,5,COST_BASED,COST_BASED,false,false
2,social_learning_factor_low,1,2027,NATURAL_GAS_BLOCK,PRIVATELY_OWNED,199641,231,20967,277624,0.2856945079951389,0.6453769308701262,0.05247861618488589,1135.4704158572322,0.7652710718284634,LOW,MEDIUM,MEDIUM,5,COST_BASED,COST_BASED,false,false
2,social_learning_factor_low,1,2028,NATURAL_GAS_BLOCK,PRIVATELY_OWNED,178481,259,21419,277883,0.287013982556202,0.6455704480083385,0.0472091207836458,1133.6227998563172,0.7650892698257213,LOW,MEDIUM,MEDIUM,5,COST_BASED,COST_BASED,false,false
2,social_learning_factor_low,1,2029,NATURAL_GAS_BLOCK,PRIVATELY_OWNED,157578,272,21175,278155,0.28735074934618043,0.6456083455006858,0.042145305268031744,1134.0218864164729,0.7650275442188531,LOW,MEDIUM,MEDIUM,5,COST_BASED,COST_BASED,false,false
2,social_learning_factor_low,1,2030,NATURAL_GAS_BLOCK,PRIVATELY_OWNED,136755,233,21056,278388,0.2856025486767916,0.6480671768590823,0.03656974446128509,1131.1963750205964,0.7688887195864939,LOW,MEDIUM,MEDIUM,5,COST_BASED,COST_BASED,false,false
2,social_learning_factor_low,1,2031,NATURAL_GAS_BLOCK,PRIVATELY_OWNED,115515,233,21473,278621,0.2845764836681677,0.6469632107728402,0.031392705010660805,1119.160481729675,0.7677587864744035,LOW,MEDIUM,MEDIUM,5,COST_BASED,COST_BASED,false,false
2,social_learning_factor_low,1,2032,NATURAL_GAS_BLOCK,PRIVATELY_OWNED,94285,272,21502,278893,0.28521056483706836,0.6456489976742165,0.02619666088471812,1115.9078141200866,0.7657951419532555,LOW,MEDIUM,MEDIUM,5,COST_BASED,COST_BASED,false,false
2,social_learning_factor_low,1,2033,NATURAL_GAS_BLOCK,PRIVATELY_OWNED,71023,333,23595,279226,0.28650889619855063,0.6509363270446599,0.02039330382849521,1076.0980461618117,0.7724121373267058,LOW,MEDIUM,MEDIUM,5,COST_BASED,COST_BASED,false,false
2,social_learning_factor_low,1,2034,NATURAL_GAS_BLOCK,PRIVATELY_OWNED,45016,357,26364,279583,0.2850226808132529,0.6541242908651227,0.013694753602856309,1010.1153213234021,0.7771581608824168,LOW,MEDIUM,MEDIUM,5,COST_BASED,COST_BASED,false,false
2,social_learning_factor_low,1,2035,NATURAL_GAS_BLOCK,PRIVATELY_OWNED,17817,412,27611,279995,0.2872724592768471,0.6518047199300061,0.007961479404269299,992.99811736431,0.773315473481046,LOW,MEDIUM,MEDIUM,5,COST_BASED,COST_BASED,false,false
2,social_learning_factor_low,1,2036,NATURAL_GAS_BLOCK,PRIVATELY_OWNED,3436,153,14534,280148,0.2852589633884028,0.6452353779485737,0.002715231235650187,1076.8248056335735,0.765227516135292,LOW,MEDIUM,MEDIUM,5,COST_BASED,COST_BASED,false,false
2,social_learning_factor_low,1,2037,NATURAL_GAS_BLOCK,PRIVATELY_OWNED,3362,341,415,280489,0.34080185158153015,0.6652053338908136,8.773481442940366E-4,861.5848958333333,0.7733398279939069,LOW,MEDIUM,MEDIUM,5,COST_BASED,COST_BASED,false,false
2,social_learning_factor_low,1,2038,NATURAL_GAS_BLOCK,PRIVATELY_OWNED,3296,200,266,280689,0.33208600743894745,0.6545880279611969,8.3344790749405E-4,886.15321865579,0.7620887014686136,LOW,MEDIUM,MEDIUM,5,COST_BASED,COST_BASED,false,false
2,social_learning_factor_low,1,2039,NATURAL_GAS_BLOCK,PRIVATELY_OWNED,3255,190,231,280879,0.405268686451512,0.6704203689566027,6.587098439201074E-4,1004.9050223769269,0.7588042631249661,LOW,MEDIUM,MEDIUM,5,COST_BASED,COST_BASED,false,false
2,social_learning_factor_low,1,2040,NATURAL_GAS_BLOCK,PRIVATELY_OWNED,3210,214,259,281093,0.26758496995345826,0.6307044596926586,8.160455339249085E-4,1121.2815514103731,0.7517442896057429,LOW,MEDIUM,MEDIUM,5,COST_BASED,COST_BASED,false,false
2,social_learning_factor_low,1,2041,NATURAL_GAS_BLOCK,PRIVATELY_OWNED,3159,221,272,281314,0.27243695686993374,0.6309749158710375,7.781246291069901E-4,1126.8536520885264,0.750487568871404,LOW,MEDIUM,MEDIUM,5,COST_BASED,COST_BASED,false,false
2,social_learning_factor_low,1,2042,NATURAL_GAS_BLOCK,PRIVATELY_OWNED,3123,197,233,281511,0.2726908205407755,0.632640403714674,7.880443547699682E-4,1136.831724457487,0.7526235981059693,LOW,MEDIUM,MEDIUM,5,COST_BASED,COST_BASED,false,false
2,social_learning_factor_low,1,2043,NATURAL_GAS_BLOCK,PRIVATELY_OWNED,3094,204,233,281715,0.2721142856210799,0.6315451355634324,7.879304120866635E-4,1135.8764196342638,0.7513554188775502,LOW,MEDIUM,MEDIUM,5,COST_BASED,COST_BASED,false,false
2,social_learning_factor_low,1,2044,NATURAL_GAS_BLOCK,PRIVATELY_OWNED,3060,238,272,281953,0.2741895938532389,0.6305134366259875,8.690290232436012E-4,1135.4517564221603,0.7492880508835633,LOW,MEDIUM,MEDIUM,5,COST_BASED,COST_BASED,false,false
2,social_learning_factor_low,1,2045,NATURAL_GAS_BLOCK,PRIVATELY_OWNED,3018,291,333,282244,0.27601277110887107,0.6345689734781026,7.703604951510064E-4,1131.98420932184,0.7540877076011545,LOW,MEDIUM,MEDIUM,5,COST_BASED,COST_BASED,false,false
2,social_learning_factor_low,1,2046,NATURAL_GAS_BLOCK,PRIVATELY_OWNED,2987,326,357,282570,0.2765733560288652,0.6337096220755849,7.471258031748623E-4,1117.7907989260575,0.7527550440911512,LOW,MEDIUM,MEDIUM,5,COST_BASED,COST_BASED,false,false
2,social_learning_factor_low,1,2047,NATURAL_GAS_BLOCK,PRIVATELY_OWNED,2949,374,412,282944,0.2778305262245542,0.6330502266755297,7.381927014273456E-4,1118.4276827371696,0.7514567934925245,LOW,MEDIUM,MEDIUM,5,COST_BASED,COST_BASED,false,false
2,social_learning_factor_low,1,2048,NATURAL_GAS_BLOCK,PRIVATELY_OWNED,2939,143,153,283087,0.2684929397019834,0.6357590353973658,7.240356504271452E-4,1081.9742718913203,0.7581810672958111,LOW,MEDIUM,MEDIUM,5,COST_BASED,COST_BASED,false,false
2,social_learning_factor_low,1,2049,NATURAL_GAS_BLOCK,PRIVATELY_OWNED,2890,292,341,283379,0.2696680478113441,0.6392532874179182,7.45869054544417E-4,1026.0432341089302,0.7624483672867741,LOW,MEDIUM,MEDIUM,5,COST_BASED,COST_BASED,false,false
2,social_learning_factor_low,1,2050,NATURAL_GAS_BLOCK,PRIVATELY_OWNED,2866,176,200,283555,0.2697200436797979,0.6372376161009237,7.437593672558687E-4,992.571897073663,0.7597434735746242,LOW,MEDIUM,MEDIUM,5,COST_BASED,COST_BASED,false,false
2,social_learning_factor_low,1,2024,NATURAL_GAS_BLOCK,SOCIAL_HOUSING,98410,98410,0,98410,0.0,0.0,0.0,0.0,0.0,LOW,MEDIUM,MEDIUM,5,COST_BASED,COST_BASED,false,false
2,social_learning_factor_low,1,2025,NATURAL_GAS_BLOCK,SOCIAL_HOUSING,123,0,98287,98410,0.0,0.0,0.0,0.0,0.0,LOW,MEDIUM,MEDIUM,5,COST_BASED,COST_BASED,false,false
2,social_learning_factor_low,1,2026,NATURAL_GAS_BLOCK,SOCIAL_HOUSING,24,0,99,98410,0.0,0.0,0.0,0.0,0.0,LOW,MEDIUM,MEDIUM,5,COST_BASED,COST_BASED,false,false
2,social_learning_factor_low,1,2027,NATURAL_GAS_BLOCK,SOCIAL_HOUSING,10,0,14,98410,0.0,0.0,0.0,0.0,0.0,LOW,MEDIUM,MEDIUM,5,COST_BASED,COST_BASED,false,false
2,social_learning_factor_low,1,2028,NATURAL_GAS_BLOCK,SOCIAL_HOUSING,7,0,3,98410,0.0,0.0,0.0,0.0,0.0,LOW,MEDIUM,MEDIUM,5,COST_BASED,COST_BASED,false,false
2,social_learning_factor_low,1,2029,NATURAL_GAS_BLOCK,SOCIAL_HOUSING,4,0,3,98410,0.0,0.0,0.0,0.0,0.0,LOW,MEDIUM,MEDIUM,5,COST_BASED,COST_BASED,false,false
2,social_learning_factor_low,1,2030,NATURAL_GAS_BLOCK,SOCIAL_HOUSING,3,0,1,98410,0.0,0.0,0.0,0.0,0.0,LOW,MEDIUM,MEDIUM,5,COST_BASED,COST_BASED,false,false
2,social_learning_factor_low,1,2031,NATURAL_GAS_BLOCK,SOCIAL_HOUSING,2,0,1,98410,0.0,0.0,0.0,0.0,0.0,LOW,MEDIUM,MEDIUM,5,COST_BASED,COST_BASED,false,false
2,social_learning_factor_low,1,2032,NATURAL_GAS_BLOCK,SOCIAL_HOUSING,2,0,0,98410,0.0,0.0,0.0,0.0,0.0,LOW,MEDIUM,MEDIUM,5,COST_BASED,COST_BASED,false,false
2,social_learning_factor_low,1,2033,NATURAL_GAS_BLOCK,SOCIAL_HOUSING,1,0,1,98410,0.0,0.0,0.0,0.0,0.0,LOW,MEDIUM,MEDIUM,5,COST_BASED,COST_BASED,false,false
2,social_learning_factor_low,1,2034,NATURAL_GAS_BLOCK,SOCIAL_HOUSING,0,0,1,98410,0.0,0.0,0.0,0.0,0.0,LOW,MEDIUM,MEDIUM,5,COST_BASED,COST_BASED,false,false
2,social_learning_factor_low,1,2035,NATURAL_GAS_BLOCK,SOCIAL_HOUSING,0,0,0,98410,0.0,0.0,0.0,0.0,0.0,LOW,MEDIUM,MEDIUM,5,COST_BASED,COST_BASED,false,false
2,social_learning_factor_low,1,2036,NATURAL_GAS_BLOCK,SOCIAL_HOUSING,0,0,0,98410,0.0,0.0,0.0,0.0,0.0,LOW,MEDIUM,MEDIUM,5,COST_BASED,COST_BASED,false,false
2,social_learning_factor_low,1,2037,NATURAL_GAS_BLOCK,SOCIAL_HOUSING,0,0,0,98410,0.0,0.0,0.0,0.0,0.0,LOW,MEDIUM,MEDIUM,5,COST_BASED,COST_BASED,false,false
2,social_learning_factor_low,1,2038,NATURAL_GAS_BLOCK,SOCIAL_HOUSING,0,0,0,98410,0.0,0.0,0.0,0.0,0.0,LOW,MEDIUM,MEDIUM,5,COST_BASED,COST_BASED,false,false
2,social_learning_factor_low,1,2039,NATURAL_GAS_BLOCK,SOCIAL_HOUSING,0,0,0,98410,0.0,0.0,0.0,0.0,0.0,LOW,MEDIUM,MEDIUM,5,COST_BASED,COST_BASED,false,false
2,social_learning_factor_low,1,2040,NATURAL_GAS_BLOCK,SOCIAL_HOUSING,0,0,0,98410,0.0,0.0,0.0,0.0,0.0,LOW,MEDIUM,MEDIUM,5,COST_BASED,COST_BASED,false,false
2,social_learning_factor_low,1,2041,NATURAL_GAS_BLOCK,SOCIAL_HOUSING,0,0,0,98410,0.0,0.0,0.0,0.0,0.0,LOW,MEDIUM,MEDIUM,5,COST_BASED,COST_BASED,false,false
2,social_learning_factor_low,1,2042,NATURAL_GAS_BLOCK,SOCIAL_HOUSING,0,0,0,98410,0.0,0.0,0.0,0.0,0.0,LOW,MEDIUM,MEDIUM,5,COST_BASED,COST_BASED,false,false
2,social_learning_factor_low,1,2043,NATURAL_GAS_BLOCK,SOCIAL_HOUSING,0,0,0,98410,0.0,0.0,0.0,0.0,0.0,LOW,MEDIUM,MEDIUM,5,COST_BASED,COST_BASED,false,false
2,social_learning_factor_low,1,2044,NATURAL_GAS_BLOCK,SOCIAL_HOUSING,0,0,0,98410,0.0,0.0,0.0,0.0,0.0,LOW,MEDIUM,MEDIUM,5,COST_BASED,COST_BASED,false,false
2,social_learning_factor_low,1,2045,NATURAL_GAS_BLOCK,SOCIAL_HOUSING,0,0,0,98410,0.0,0.0,0.0,0.0,0.0,LOW,MEDIUM,MEDIUM,5,COST_BASED,COST_BASED,false,false
2,social_learning_factor_low,1,2046,NATURAL_GAS_BLOCK,SOCIAL_HOUSING,0,0,0,98410,0.0,0.0,0.0,0.0,0.0,LOW,MEDIUM,MEDIUM,5,COST_BASED,COST_BASED,false,false
2,social_learning_factor_low,1,2047,NATURAL_GAS_BLOCK,SOCIAL_HOUSING,0,0,0,98410,0.0,0.0,0.0,0.0,0.0,LOW,MEDIUM,MEDIUM,5,COST_BASED,COST_BASED,false,false
2,social_learning_factor_low,1,2048,NATURAL_GAS_BLOCK,SOCIAL_HOUSING,0,0,0,98410,0.0,0.0,0.0,0.0,0.0,LOW,MEDIUM,MEDIUM,5,COST_BASED,COST_BASED,false,false
2,social_learning_factor_low,1,2049,NATURAL_GAS_BLOCK,SOCIAL_HOUSING,0,0,0,98410,0.0,0.0,0.0,0.0,0.0,LOW,MEDIUM,MEDIUM,5,COST_BASED,COST_BASED,false,false
2,social_learning_factor_low,1,2050,NATURAL_GAS_BLOCK,SOCIAL_HOUSING,0,0,0,98410,0.0,0.0,0.0,0.0,0.0,LOW,MEDIUM,MEDIUM,5,COST_BASED,COST_BASED,false,false
2,social_learning_factor_low,1,2024,NATURAL_GAS_BLOCK,PRIVATELY_RENTED,89328,89328,0,89328,0.0,0.0,0.0,0.0,0.0,LOW,MEDIUM,MEDIUM,5,COST_BASED,COST_BASED,false,false
2,social_learning_factor_low,1,2025,NATURAL_GAS_BLOCK,PRIVATELY_RENTED,77151,0,12177,89328,0.0,0.0,0.0,0.0,0.0,LOW,MEDIUM,MEDIUM,5,COST_BASED,COST_BASED,false,false
2,social_learning_factor_low,1,2026,NATURAL_GAS_BLOCK,PRIVATELY_RENTED,69829,0,7322,89328,0.0,0.0,0.0,0.0,0.0,LOW,MEDIUM,MEDIUM,5,COST_BASED,COST_BASED,false,false
2,social_learning_factor_low,1,2027,NATURAL_GAS_BLOCK,PRIVATELY_RENTED,62951,0,6878,89328,0.0,0.0,0.0,0.0,0.0,LOW,MEDIUM,MEDIUM,5,COST_BASED,COST_BASED,false,false
2,social_learning_factor_low,1,2028,NATURAL_GAS_BLOCK,PRIVATELY_RENTED,56065,0,6886,89328,0.0,0.0,0.0,0.0,0.0,LOW,MEDIUM,MEDIUM,5,COST_BASED,COST_BASED,false,false
2,social_learning_factor_low,1,2029,NATURAL_GAS_BLOCK,PRIVATELY_RENTED,49212,0,6853,89328,0.0,0.0,0.0,0.0,0.0,LOW,MEDIUM,MEDIUM,5,COST_BASED,COST_BASED,false,false
2,social_learning_factor_low,1,2030,NATURAL_GAS_BLOCK,PRIVATELY_RENTED,42346,0,6866,89328,0.0,0.0,0.0,0.0,0.0,LOW,MEDIUM,MEDIUM,5,COST_BASED,COST_BASED,false,false
2,social_learning_factor_low,1,2031,NATURAL_GAS_BLOCK,PRIVATELY_RENTED,35467,0,6879,89328,0.0,0.0,0.0,0.0,0.0,LOW,MEDIUM,MEDIUM,5,COST_BASED,COST_BASED,false,false
2,social_learning_factor_low,1,2032,NATURAL_GAS_BLOCK,PRIVATELY_RENTED,28307,0,7160,89328,0.0,0.0,0.0,0.0,0.0,LOW,MEDIUM,MEDIUM,5,COST_BASED,COST_BASED,false,false
2,social_learning_factor_low,1,2033,NATURAL_GAS_BLOCK,PRIVATELY_RENTED,20103,1,8205,89329,0.0,0.0,0.0,0.0,0.0,LOW,MEDIUM,MEDIUM,5,COST_BASED,COST_BASED,false,false
2,social_learning_factor_low,1,2034,NATURAL_GAS_BLOCK,PRIVATELY_RENTED,12395,0,7708,89329,0.0,0.0,0.0,0.0,0.0,LOW,MEDIUM,MEDIUM,5,COST_BASED,COST_BASED,false,false
2,social_learning_factor_low,1,2035,NATURAL_GAS_BLOCK,PRIVATELY_RENTED,4893,0,7502,89329,0.0,0.0,0.0,0.0,0.0,LOW,MEDIUM,MEDIUM,5,COST_BASED,COST_BASED,false,false
2,social_learning_factor_low,1,2036,NATURAL_GAS_BLOCK,PRIVATELY_RENTED,1,0,4892,89329,0.0,0.0,0.0,0.0,0.0,LOW,MEDIUM,MEDIUM,5,COST_BASED,COST_BASED,false,false
2,social_learning_factor_low,1,2037,NATURAL_GAS_BLOCK,PRIVATELY_RENTED,1,0,0,89329,0.0,0.0,0.0,0.0,0.0,LOW,MEDIUM,MEDIUM,5,COST_BASED,COST_BASED,false,false
2,social_learning_factor_low,1,2038,NATURAL_GAS_BLOCK,PRIVATELY_RENTED,1,0,0,89329,0.0,0.0,0.0,0.0,0.0,LOW,MEDIUM,MEDIUM,5,COST_BASED,COST_BASED,false,false
2,social_learning_factor_low,1,2039,NATURAL_GAS_BLOCK,PRIVATELY_RENTED,1,0,0,89329,0.0,0.0,0.0,0.0,0.0,LOW,MEDIUM,MEDIUM,5,COST_BASED,COST_BASED,false,false
2,social_learning_factor_low,1,2040,NATURAL_GAS_BLOCK,PRIVATELY_RENTED,1,0,0,89329,0.0,0.0,0.0,0.0,0.0,LOW,MEDIUM,MEDIUM,5,COST_BASED,COST_BASED,false,false
2,social_learning_factor_low,1,2041,NATURAL_GAS_BLOCK,PRIVATELY_RENTED,1,0,0,89329,0.0,0.0,0.0,0.0,0.0,LOW,MEDIUM,MEDIUM,5,COST_BASED,COST_BASED,false,false
2,social_learning_factor_low,1,2042,NATURAL_GAS_BLOCK,PRIVATELY_RENTED,1,0,0,89329,0.0,0.0,0.0,0.0,0.0,LOW,MEDIUM,MEDIUM,5,COST_BASED,COST_BASED,false,false
2,social_learning_factor_low,1,2043,NATURAL_GAS_BLOCK,PRIVATELY_RENTED,1,0,0,89329,0.0,0.0,0.0,0.0,0.0,LOW,MEDIUM,MEDIUM,5,COST_BASED,COST_BASED,false,false
2,social_learning_factor_low,1,2044,NATURAL_GAS_BLOCK,PRIVATELY_RENTED,1,0,0,89329,0.0,0.0,0.0,0.0,0.0,LOW,MEDIUM,MEDIUM,5,COST_BASED,COST_BASED,false,false
2,social_learning_factor_low,1,2045,NATURAL_GAS_BLOCK,PRIVATELY_RENTED,1,1,1,89330,0.0,0.0,0.0,0.0,0.0,LOW,MEDIUM,MEDIUM,5,COST_BASED,COST_BASED,false,false
2,social_learning_factor_low,1,2046,NATURAL_GAS_BLOCK,PRIVATELY_RENTED,1,0,0,89330,0.0,0.0,0.0,0.0,0.0,LOW,MEDIUM,MEDIUM,5,COST_BASED,COST_BASED,false,false
2,social_learning_factor_low,1,2047,NATURAL_GAS_BLOCK,PRIVATELY_RENTED,1,0,0,89330,0.0,0.0,0.0,0.0,0.0,LOW,MEDIUM,MEDIUM,5,COST_BASED,COST_BASED,false,false
2,social_learning_factor_low,1,2048,NATURAL_GAS_BLOCK,PRIVATELY_RENTED,1,0,0,89330,0.0,0.0,0.0,0.0,0.0,LOW,MEDIUM,MEDIUM,5,COST_BASED,COST_BASED,false,false
2,social_learning_factor_low,1,2049,NATURAL_GAS_BLOCK,PRIVATELY_RENTED,1,0,0,89330,0.0,0.0,0.0,0.0,0.0,LOW,MEDIUM,MEDIUM,5,COST_BASED,COST_BASED,false,false
2,social_learning_factor_low,1,2050,NATURAL_GAS_BLOCK,PRIVATELY_RENTED,1,0,0,89330,0.0,0.0,0.0,0.0,0.0,LOW,MEDIUM,MEDIUM,5,COST_BASED,COST_BASED,false,false
2,social_learning_factor_low,1,2024,0.0027096406160867087,0.0027096406160867087,DISTRICT_HEATING,TOTAL,572757,572757,0,572757,0.0,0.0,0.0,0.0,0.0,LOW,MEDIUM,MEDIUM,5,COST_BASED,COST_BASED,false,false
2,social_learning_factor_low,1,2025,0.005847119224187108,0.005847119224187108,DISTRICT_HEATING,TOTAL,448541,53410,177626,626167,0.6530155390147192,0.6284082855487372,0.12688555330261958,1433.1032244518283,0.6202058677267461,LOW,MEDIUM,MEDIUM,5,COST_BASED,COST_BASED,false,false
2,social_learning_factor_low,1,2026,0.009341129492298917,0.009341129492298917,DISTRICT_HEATING,TOTAL,476093,40249,12697,666416,0.5625338950946218,0.5452593341164554,0.12064615912356866,1233.9690462228832,0.5395011471237426,LOW,MEDIUM,MEDIUM,5,COST_BASED,COST_BASED,false,false
2,social_learning_factor_low,1,2027,0.013690815744438107,0.013690815744438107,DISTRICT_HEATING,TOTAL,505564,44607,15136,711023,0.5335615098043391,0.518294617966825,0.12234421561569198,1161.538710238965,0.5132056540209837,LOW,MEDIUM,MEDIUM,5,COST_BASED,COST_BASED,false,false
2,social_learning_factor_low,1,2028,0.018325727324586424,0.018325727324586424,DISTRICT_HEATING,TOTAL,538832,47573,14305,758596,0.4985434352912891,0.48357015113464025,0.11888241522979497,1082.819372472964,0.47857905641575677,LOW,MEDIUM,MEDIUM,5,COST_BASED,COST_BASED,false,false
2,social_learning_factor_low,1,2029,0.02331717056474615,0.02331717056474615,DISTRICT_HEATING,TOTAL,573495,48501,13838,807097,0.4758733682372505,0.46129439162567204,0.11544306351213914,1037.9258801831254,0.45643473275514623,LOW,MEDIUM,MEDIUM,5,COST_BASED,COST_BASED,false,false
2,social_learning_factor_low,1,2030,0.02852253280091272,0.02852253280091272,DISTRICT_HEATING,TOTAL,609738,52615,16372,859712,0.4674563118495328,0.45640592232479366,0.11773737374698537,1010.5642769896759,0.45272245914987996,LOW,MEDIUM,MEDIUM,5,COST_BASED,COST_BASED,false,false
2,social_learning_factor_low,1,2031,0.034155733029092986,0.034155733029092986,DISTRICT_HEATING,TOTAL,647211,55083,17610,914795,0.446997423445484,0.4354439976996772,0.11624815970904413,962.8780915183614,0.4315928557844147,LOW,MEDIUM,MEDIUM,5,COST_BASED,COST_BASED,false,false
2,social_learning_factor_low,1,2032,0.04007415858528237,0.04007415858528237,DISTRICT_HEATING,TOTAL,686866,54823,15168,969618,0.4154729918159549,0.40355005826961965,0.10999462005957118,884.3150423019781,0.3995757470875024,LOW,MEDIUM,MEDIUM,5,COST_BASED,COST_BASED,false,false
2,social_learning_factor_low,1,2033,0.046491728465487735,0.046491728465487735,DISTRICT_HEATING,TOTAL,730574,58348,14640,1027966,0.41523042881357136,0.40545454432535794,0.11506590075455159,881.9586990956572,0.40219591616261896,LOW,MEDIUM,MEDIUM,5,COST_BASED,COST_BASED,false,false
2,social_learning_factor_low,1,2034,0.053265830005704506,0.053265830005704506,DISTRICT_HEATING,TOTAL,779081,62787,14280,1090753,0.42563982315900084,0.4176674439281728,0.12397449792410198,863.8594754253844,0.4150099841845681,LOW,MEDIUM,MEDIUM,5,COST_BASED,COST_BASED,false,false
2,social_learning_factor_low,1,2035,0.060325156873930405,0.060325156873930405,DISTRICT_HEATING,TOTAL,824850,59856,14087,1150609,0.38857337286209204,0.3777203994424704,0.11448083035905862,801.1096342327817,0.3741027416359379,LOW,MEDIUM,MEDIUM,5,COST_BASED,COST_BASED,false,false
2,social_learning_factor_low,1,2036,0.0673844837421563,0.0673844837421563,DISTRICT_HEATING,TOTAL,857028,46384,14206,1196993,0.31003702601222966,0.3010670004957108,0.09633051995284976,653.3398743321725,0.29807699199020754,LOW,MEDIUM,MEDIUM,5,COST_BASED,COST_BASED,false,false
2,social_learning_factor_low,1,2037,0.0744438106103822,0.0744438106103822,DISTRICT_HEATING,TOTAL,855327,12968,14669,1209961,0.4703247698786004,0.4664241784735032,0.15997436195641632,931.968635882782,0.4651239813384704,LOW,MEDIUM,MEDIUM,5,COST_BASED,COST_BASED,false,false
2,social_learning_factor_low,1,2038,0.0815031374786081,0.0815031374786081,DISTRICT_HEATING,TOTAL,852444,11746,14629,1221707,0.44962091342597854,0.43884238184944163,0.15236363808864326,926.831962330252,0.43524953799059507,LOW,MEDIUM,MEDIUM,5,COST_BASED,COST_BASED,false,false
2,social_learning_factor_low,1,2039,0.088562464346834,0.088562464346834,DISTRICT_HEATING,TOTAL,849174,10488,13758,1232195,0.5032683641565986,0.4939207457927071,0.1675633395172739,1079.801714398559,0.4908048730047467,LOW,MEDIUM,MEDIUM,5,COST_BASED,COST_BASED,false,false
2,social_learning_factor_low,1,2040,0.0956217912150599,0.0956217912150599,DISTRICT_HEATING,TOTAL,843751,8138,13561,1240333,0.5733966509956961,0.5914604405159991,0.1932758917776754,1456.423516547139,0.5974817036894341,LOW,MEDIUM,MEDIUM,5,COST_BASED,COST_BASED,false,false
2,social_learning_factor_low,1,2041,0.1026811180832858,0.1026811180832858,DISTRICT_HEATING,TOTAL,838149,7538,13140,1247871,0.559277296318352,0.5800681410676213,0.19358374834323755,1375.1651074983383,0.5869984226507147,LOW,MEDIUM,MEDIUM,5,COST_BASED,COST_BASED,false,false
2,social_learning_factor_low,1,2042,0.1097404449515117,0.1097404449515117,DISTRICT_HEATING,TOTAL,833392,7186,11943,1255057,0.574711963767342,0.5953602537260047,0.19574401292025162,1414.2105477299674,0.6022430170455594,LOW,MEDIUM,MEDIUM,5,COST_BASED,COST_BASED,false,false
2,social_learning_factor_low,1,2043,0.1167997718197376,0.1167997718197376,DISTRICT_HEATING,TOTAL,828606,6736,11522,1261793,0.5637820579373125,0.5841088978457606,0.18892579610563354,1380.0775271781836,0.5908845111485646,LOW,MEDIUM,MEDIUM,5,COST_BASED,COST_BASED,false,false
2,social_learning_factor_low,1,2044,0.12385909868796349,0.12385909868796349,DISTRICT_HEATING,TOTAL,824583,5988,10011,1267781,0.5727521705037574,0.5931563291314944,0.19207402277401037,1412.0729800895874,0.5999577153407358,LOW,MEDIUM,MEDIUM,5,COST_BASED,COST_BASED,false,false
2,social_learning_factor_low,1,2045,0.13091842555618938,0.13091842555618938,DISTRICT_HEATING,TOTAL,820570,6816,10829,1274597,0.5839088696730557,0.6078067707956649,0.19247524064378135,1420.5142461053297,0.6157727378365382,LOW,MEDIUM,MEDIUM,5,COST_BASED,COST_BASED,false,false
2,social_learning_factor_low,1,2046,0.1379777524244153,0.1379777524244153,DISTRICT_HEATING,TOTAL,815958,7406,12018,1282003,0.5848223251481601,0.6031007573110845,0.18958904985935737,1412.935409290283,0.6091935680320569,LOW,MEDIUM,MEDIUM,5,COST_BASED,COST_BASED,false,false
2,social_learning_factor_low,1,2047,0.14503707929264117,0.14503707929264117,DISTRICT_HEATING,TOTAL,810531,8584,14011,1290587,0.5903890517948351,0.6066536370943266,0.1906603716892956,1389.5583748042707,0.612075165527491,LOW,MEDIUM,MEDIUM,5,COST_BASED,COST_BASED,false,false
2,social_learning_factor_low,1,2048,0.15216771249286937,0.15216771249286937,DISTRICT_HEATING,TOTAL,805805,8398,13124,1298985,0.5847257355883131,0.6080083028689814,0.18953487290415552,1368.2743355172881,0.6157691586292109,LOW,MEDIUM,MEDIUM,5,COST_BASED,COST_BASED,false,false
2,social_learning_factor_low,1,2049,0.15929834569309756,0.15929834569309756,DISTRICT_HEATING,TOTAL,800942,9221,14084,1308206,0.6001049269153685,0.6254066339370645,0.1914395507479166,1353.3457649032355,0.633840536277628,LOW,MEDIUM,MEDIUM,5,COST_BASED,COST_BASED,false,false
2,social_learning_factor_low,1,2050,0.0,0.0,DISTRICT_HEATING,TOTAL,795287,9001,14656,1317207,0.5923218087260321,0.6071827977300303,0.18259328667877922,1358.0728960722975,0.61213646073136,LOW,MEDIUM,MEDIUM,5,COST_BASED,COST_BASED,false,false
2,social_learning_factor_low,1,2024,DISTRICT_HEATING,PRIVATELY_OWNED,317994,317994,0,317994,0.0,0.0,0.0,0.0,0.0,LOW,MEDIUM,MEDIUM,5,COST_BASED,COST_BASED,false,false
2,social_learning_factor_low,1,2025,DISTRICT_HEATING,PRIVATELY_OWNED,351846,45522,11670,363516,0.7661693233771837,0.7372981532260897,0.14887213659094312,1681.4297091070723,0.727674429842395,LOW,MEDIUM,MEDIUM,5,COST_BASED,COST_BASED,false,false
2,social_learning_factor_low,1,2026,DISTRICT_HEATING,PRIVATELY_OWNED,371342,29611,10115,393127,0.764628913027707,0.7411483211932463,0.16398930325097144,1677.2827713155525,0.7333214572484387,LOW,MEDIUM,MEDIUM,5,COST_BASED,COST_BASED,false,false
2,social_learning_factor_low,1,2027,DISTRICT_HEATING,PRIVATELY_OWNED,389920,31095,12517,424222,0.7654149627863694,0.7435140062275659,0.17550758726384216,1666.2729457349901,0.7362136873746268,LOW,MEDIUM,MEDIUM,5,COST_BASED,COST_BASED,false,false
2,social_learning_factor_low,1,2028,DISTRICT_HEATING,PRIVATELY_OWNED,409166,30976,11730,455198,0.7656639607151503,0.7426679622910718,0.1825798405128821,1662.9960616818282,0.7350026294830448,LOW,MEDIUM,MEDIUM,5,COST_BASED,COST_BASED,false,false
2,social_learning_factor_low,1,2029,DISTRICT_HEATING,PRIVATELY_OWNED,427869,30155,11452,485353,0.7653899596377015,0.7419412796629653,0.18567746719954437,1669.3895909388748,0.7341250530047205,LOW,MEDIUM,MEDIUM,5,COST_BASED,COST_BASED,false,false
2,social_learning_factor_low,1,2030,DISTRICT_HEATING,PRIVATELY_OWNED,446427,32120,13562,517473,0.7657289491893888,0.747627571703581,0.19286276213255404,1655.3810533565318,0.7415937792083105,LOW,MEDIUM,MEDIUM,5,COST_BASED,COST_BASED,false,false
2,social_learning_factor_low,1,2031,DISTRICT_HEATING,PRIVATELY_OWNED,463809,32164,14782,549637,0.7655129671573062,0.7457269532797948,0.1990827441006491,1648.9930952339853,0.7391316153206353,LOW,MEDIUM,MEDIUM,5,COST_BASED,COST_BASED,false,false
2,social_learning_factor_low,1,2032,DISTRICT_HEATING,PRIVATELY_OWNED,481482,29747,12074,579384,0.7657066537911753,0.7437329762502222,0.20271741874897875,1629.7711891660115,0.7364084170698942,LOW,MEDIUM,MEDIUM,5,COST_BASED,COST_BASED,false,false
2,social_learning_factor_low,1,2033,DISTRICT_HEATING,PRIVATELY_OWNED,501297,31636,11821,611020,0.7658321235432501,0.7478019266751798,0.21222231562860588,1626.6445244289228,0.7417918610524874,LOW,MEDIUM,MEDIUM,5,COST_BASED,COST_BASED,false,false
2,social_learning_factor_low,1,2034,DISTRICT_HEATING,PRIVATELY_OWNED,524794,34896,11399,645916,0.7658369892447325,0.7514926009261286,0.22306243698878356,1554.3083701150165,0.7467111381532691,LOW,MEDIUM,MEDIUM,5,COST_BASED,COST_BASED,false,false
2,social_learning_factor_low,1,2035,DISTRICT_HEATING,PRIVATELY_OWNED,544466,30366,10694,676282,0.765937160180247,0.7445443005014987,0.2256591115712248,1579.108814682124,0.737413347275265,LOW,MEDIUM,MEDIUM,5,COST_BASED,COST_BASED,false,false
2,social_learning_factor_low,1,2036,DISTRICT_HEATING,PRIVATELY_OWNED,552706,18792,10552,695074,0.7652595473899139,0.7431189735522057,0.23777111736339845,1612.6286042477377,0.7357387822729772,LOW,MEDIUM,MEDIUM,5,COST_BASED,COST_BASED,false,false
2,social_learning_factor_low,1,2037,DISTRICT_HEATING,PRIVATELY_OWNED,549696,7968,10978,703042,0.7654582851136659,0.7591100334393059,0.2603598802523603,1516.7883120140457,0.7569939495478519,LOW,MEDIUM,MEDIUM,5,COST_BASED,COST_BASED,false,false
2,social_learning_factor_low,1,2038,DISTRICT_HEATING,PRIVATELY_OWNED,545974,6915,10637,709957,0.7637378523646484,0.7454291565008737,0.2588088637728422,1574.341031024026,0.7393262578796138,LOW,MEDIUM,MEDIUM,5,COST_BASED,COST_BASED,false,false
2,social_learning_factor_low,1,2039,DISTRICT_HEATING,PRIVATELY_OWNED,543208,6890,9656,716847,0.7660781717379399,0.7518491700832963,0.2550659368442915,1643.6807519030604,0.7471061695317538,LOW,MEDIUM,MEDIUM,5,COST_BASED,COST_BASED,false,false
2,social_learning_factor_low,1,2040,DISTRICT_HEATING,PRIVATELY_OWNED,540104,6685,9789,723532,0.6980257211373185,0.7200157165174571,0.2352848477616638,1772.9804903007653,0.7273457149775041,LOW,MEDIUM,MEDIUM,5,COST_BASED,COST_BASED,false,false
2,social_learning_factor_low,1,2041,DISTRICT_HEATING,PRIVATELY_OWNED,537209,6032,8927,729564,0.6989111836286037,0.7248928460490267,0.24191549983609492,1718.5004277722935,0.7335534001891723,LOW,MEDIUM,MEDIUM,5,COST_BASED,COST_BASED,false,false
2,social_learning_factor_low,1,2042,DISTRICT_HEATING,PRIVATELY_OWNED,534522,5883,8570,735447,0.7020024089124799,0.727223998516925,0.23909850022861265,1727.437871152056,0.7356311950517406,LOW,MEDIUM,MEDIUM,5,COST_BASED,COST_BASED,false,false
2,social_learning_factor_low,1,2043,DISTRICT_HEATING,PRIVATELY_OWNED,531828,5421,8115,740868,0.7005415868411248,0.7257992134087886,0.23475450333288095,1714.85006881982,0.7342184222646616,LOW,MEDIUM,MEDIUM,5,COST_BASED,COST_BASED,false,false
2,social_learning_factor_low,1,2044,DISTRICT_HEATING,PRIVATELY_OWNED,529271,4915,7472,745783,0.6977904368212612,0.7226490536804453,0.23400595083840775,1720.3444567195218,0.7309352593001681,LOW,MEDIUM,MEDIUM,5,COST_BASED,COST_BASED,false,false
2,social_learning_factor_low,1,2045,DISTRICT_HEATING,PRIVATELY_OWNED,526871,5681,8081,751464,0.7005673042935306,0.729239737677038,0.23092963214715959,1704.3170395095806,0.7387972154715445,LOW,MEDIUM,MEDIUM,5,COST_BASED,COST_BASED,false,false
2,social_learning_factor_low,1,2046,DISTRICT_HEATING,PRIVATELY_OWNED,524038,6139,8972,757603,0.7055211174535387,0.7275719512373175,0.22871746265815288,1704.5446556774452,0.7349222291652407,LOW,MEDIUM,MEDIUM,5,COST_BASED,COST_BASED,false,false
2,social_learning_factor_low,1,2047,DISTRICT_HEATING,PRIVATELY_OWNED,520785,7135,10388,764738,0.7102872628741226,0.7298549153213314,0.22938032664063257,1671.7546025676045,0.7363774661370683,LOW,MEDIUM,MEDIUM,5,COST_BASED,COST_BASED,false,false
2,social_learning_factor_low,1,2048,DISTRICT_HEATING,PRIVATELY_OWNED,518123,6953,9615,771691,0.7062457539868622,0.7343669966192587,0.22892476091602157,1652.6345274952087,0.743740744163399,LOW,MEDIUM,MEDIUM,5,COST_BASED,COST_BASED,false,false
2,social_learning_factor_low,1,2049,DISTRICT_HEATING,PRIVATELY_OWNED,515254,7816,10685,779507,0.7079794691768952,0.7378293975861914,0.22585262249827776,1596.6224792953858,0.7477793737226213,LOW,MEDIUM,MEDIUM,5,COST_BASED,COST_BASED,false,false
2,social_learning_factor_low,1,2050,DISTRICT_HEATING,PRIVATELY_OWNED,511860,7473,10867,786980,0.7134335073388217,0.7313331141934969,0.21992803069659997,1635.7572778732438,0.7372996498117184,LOW,MEDIUM,MEDIUM,5,COST_BASED,COST_BASED,false,false
2,social_learning_factor_low,1,2024,DISTRICT_HEATING,SOCIAL_HOUSING,163562,163562,0,163562,0.0,0.0,0.0,0.0,0.0,LOW,MEDIUM,MEDIUM,5,COST_BASED,COST_BASED,false,false
2,social_learning_factor_low,1,2025,DISTRICT_HEATING,SOCIAL_HOUSING,239,0,163323,163562,0.0,0.0,0.0,0.0,0.0,LOW,MEDIUM,MEDIUM,5,COST_BASED,COST_BASED,false,false
2,social_learning_factor_low,1,2026,DISTRICT_HEATING,SOCIAL_HOUSING,20,0,219,163562,0.0,0.0,0.0,0.0,0.0,LOW,MEDIUM,MEDIUM,5,COST_BASED,COST_BASED,false,false
2,social_learning_factor_low,1,2027,DISTRICT_HEATING,SOCIAL_HOUSING,2,0,18,163562,0.0,0.0,0.0,0.0,0.0,LOW,MEDIUM,MEDIUM,5,COST_BASED,COST_BASED,false,false
2,social_learning_factor_low,1,2028,DISTRICT_HEATING,SOCIAL_HOUSING,2,0,0,163562,0.0,0.0,0.0,0.0,0.0,LOW,MEDIUM,MEDIUM,5,COST_BASED,COST_BASED,false,false
2,social_learning_factor_low,1,2029,DISTRICT_HEATING,SOCIAL_HOUSING,2,0,0,163562,0.0,0.0,0.0,0.0,0.0,LOW,MEDIUM,MEDIUM,5,COST_BASED,COST_BASED,false,false
2,social_learning_factor_low,1,2030,DISTRICT_HEATING,SOCIAL_HOUSING,2,0,0,163562,0.0,0.0,0.0,0.0,0.0,LOW,MEDIUM,MEDIUM,5,COST_BASED,COST_BASED,false,false
2,social_learning_factor_low,1,2031,DISTRICT_HEATING,SOCIAL_HOUSING,2,0,0,163562,0.0,0.0,0.0,0.0,0.0,LOW,MEDIUM,MEDIUM,5,COST_BASED,COST_BASED,false,false
2,social_learning_factor_low,1,2032,DISTRICT_HEATING,SOCIAL_HOUSING,2,0,0,163562,0.0,0.0,0.0,0.0,0.0,LOW,MEDIUM,MEDIUM,5,COST_BASED,COST_BASED,false,false
2,social_learning_factor_low,1,2033,DISTRICT_HEATING,SOCIAL_HOUSING,2,0,0,163562,0.0,0.0,0.0,0.0,0.0,LOW,MEDIUM,MEDIUM,5,COST_BASED,COST_BASED,false,false
2,social_learning_factor_low,1,2034,DISTRICT_HEATING,SOCIAL_HOUSING,2,0,0,163562,0.0,0.0,0.0,0.0,0.0,LOW,MEDIUM,MEDIUM,5,COST_BASED,COST_BASED,false,false
2,social_learning_factor_low,1,2035,DISTRICT_HEATING,SOCIAL_HOUSING,2,0,0,163562,0.0,0.0,0.0,0.0,0.0,LOW,MEDIUM,MEDIUM,5,COST_BASED,COST_BASED,false,false
2,social_learning_factor_low,1,2036,DISTRICT_HEATING,SOCIAL_HOUSING,2,0,0,163562,0.0,0.0,0.0,0.0,0.0,LOW,MEDIUM,MEDIUM,5,COST_BASED,COST_BASED,false,false
2,social_learning_factor_low,1,2037,DISTRICT_HEATING,SOCIAL_HOUSING,2,0,0,163562,0.0,0.0,0.0,0.0,0.0,LOW,MEDIUM,MEDIUM,5,COST_BASED,COST_BASED,false,false
2,social_learning_factor_low,1,2038,DISTRICT_HEATING,SOCIAL_HOUSING,1,0,1,163562,0.0,0.0,0.0,0.0,0.0,LOW,MEDIUM,MEDIUM,5,COST_BASED,COST_BASED,false,false
2,social_learning_factor_low,1,2039,DISTRICT_HEATING,SOCIAL_HOUSING,1,0,0,163562,0.0,0.0,0.0,0.0,0.0,LOW,MEDIUM,MEDIUM,5,COST_BASED,COST_BASED,false,false
2,social_learning_factor_low,1,2040,DISTRICT_HEATING,SOCIAL_HOUSING,1,0,0,163562,0.0,0.0,0.0,0.0,0.0,LOW,MEDIUM,MEDIUM,5,COST_BASED,COST_BASED,false,false
2,social_learning_factor_low,1,2041,DISTRICT_HEATING,SOCIAL_HOUSING,1,0,0,163562,0.0,0.0,0.0,0.0,0.0,LOW,MEDIUM,MEDIUM,5,COST_BASED,COST_BASED,false,false
2,social_learning_factor_low,1,2042,DISTRICT_HEATING,SOCIAL_HOUSING,1,0,0,163562,0.0,0.0,0.0,0.0,0.0,LOW,MEDIUM,MEDIUM,5,COST_BASED,COST_BASED,false,false
2,social_learning_factor_low,1,2043,DISTRICT_HEATING,SOCIAL_HOUSING,1,0,0,163562,0.0,0.0,0.0,0.0,0.0,LOW,MEDIUM,MEDIUM,5,COST_BASED,COST_BASED,false,false
2,social_learning_factor_low,1,2044,DISTRICT_HEATING,SOCIAL_HOUSING,1,0,0,163562,0.0,0.0,0.0,0.0,0.0,LOW,MEDIUM,MEDIUM,5,COST_BASED,COST_BASED,false,false
2,social_learning_factor_low,1,2045,DISTRICT_HEATING,SOCIAL_HOUSING,1,0,0,163562,0.0,0.0,0.0,0.0,0.0,LOW,MEDIUM,MEDIUM,5,COST_BASED,COST_BASED,false,false
2,social_learning_factor_low,1,2046,DISTRICT_HEATING,SOCIAL_HOUSING,1,0,0,163562,0.0,0.0,0.0,0.0,0.0,LOW,MEDIUM,MEDIUM,5,COST_BASED,COST_BASED,false,false
2,social_learning_factor_low,1,2047,DISTRICT_HEATING,SOCIAL_HOUSING,1,0,0,163562,0.0,0.0,0.0,0.0,0.0,LOW,MEDIUM,MEDIUM,5,COST_BASED,COST_BASED,false,false
2,social_learning_factor_low,1,2048,DISTRICT_HEATING,SOCIAL_HOUSING,0,0,1,163562,0.0,0.0,0.0,0.0,0.0,LOW,MEDIUM,MEDIUM,5,COST_BASED,COST_BASED,false,false
2,social_learning_factor_low,1,2049,DISTRICT_HEATING,SOCIAL_HOUSING,0,0,0,163562,0.0,0.0,0.0,0.0,0.0,LOW,MEDIUM,MEDIUM,5,COST_BASED,COST_BASED,false,false
2,social_learning_factor_low,1,2050,DISTRICT_HEATING,SOCIAL_HOUSING,0,0,0,163562,0.0,0.0,0.0,0.0,0.0,LOW,MEDIUM,MEDIUM,5,COST_BASED,COST_BASED,false,false
2,social_learning_factor_low,1,2024,DISTRICT_HEATING,PRIVATELY_RENTED,91201,91201,0,91201,0.0,0.0,0.0,0.0,0.0,LOW,MEDIUM,MEDIUM,5,COST_BASED,COST_BASED,false,false
2,social_learning_factor_low,1,2025,DISTRICT_HEATING,PRIVATELY_RENTED,96456,7888,2633,99089,0.0,0.0,0.0,0.0,0.0,LOW,MEDIUM,MEDIUM,5,COST_BASED,COST_BASED,false,false
2,social_learning_factor_low,1,2026,DISTRICT_HEATING,PRIVATELY_RENTED,104731,10638,2363,109727,0.0,0.0,0.0,0.0,0.0,LOW,MEDIUM,MEDIUM,5,COST_BASED,COST_BASED,false,false
2,social_learning_factor_low,1,2027,DISTRICT_HEATING,PRIVATELY_RENTED,115642,13512,2601,123239,0.0,0.0,0.0,0.0,0.0,LOW,MEDIUM,MEDIUM,5,COST_BASED,COST_BASED,false,false
2,social_learning_factor_low,1,2028,DISTRICT_HEATING,PRIVATELY_RENTED,129664,16597,2575,139836,0.0,0.0,0.0,0.0,0.0,LOW,MEDIUM,MEDIUM,5,COST_BASED,COST_BASED,false,false
2,social_learning_factor_low,1,2029,DISTRICT_HEATING,PRIVATELY_RENTED,145624,18346,2386,158182,0.0,0.0,0.0,0.0,0.0,LOW,MEDIUM,MEDIUM,5,COST_BASED,COST_BASED,false,false
2,social_learning_factor_low,1,2030,DISTRICT_HEATING,PRIVATELY_RENTED,163309,20495,2810,178677,0.0,0.0,0.0,0.0,0.0,LOW,MEDIUM,MEDIUM,5,COST_BASED,COST_BASED,false,false
2,social_learning_factor_low,1,2031,DISTRICT_HEATING,PRIVATELY_RENTED,183400,22919,2828,201596,0.0,0.0,0.0,0.0,0.0,LOW,MEDIUM,MEDIUM,5,COST_BASED,COST_BASED,false,false
2,social_learning_factor_low,1,2032,DISTRICT_HEATING,PRIVATELY_RENTED,205382,25076,3094,226672,0.0,0.0,0.0,0.0,0.0,LOW,MEDIUM,MEDIUM,5,COST_BASED,COST_BASED,false,false
2,social_learning_factor_low,1,2033,DISTRICT_HEATING,PRIVATELY_RENTED,229275,26712,2819,253384,0.0,0.0,0.0,0.0,0.0,LOW,MEDIUM,MEDIUM,5,COST_BASED,COST_BASED,false,false
2,social_learning_factor_low,1,2034,DISTRICT_HEATING,PRIVATELY_RENTED,254285,27891,2881,281275,0.0,0.0,0.0,0.0,0.0,LOW,MEDIUM,MEDIUM,5,COST_BASED,COST_BASED,false,false
2,social_learning_factor_low,1,2035,DISTRICT_HEATING,PRIVATELY_RENTED,280382,29490,3393,310765,0.0,0.0,0.0,0.0,0.0,LOW,MEDIUM,MEDIUM,5,COST_BASED,COST_BASED,false,false
2,social_learning_factor_low,1,2036,DISTRICT_HEATING,PRIVATELY_RENTED,304320,27592,3654,338357,0.0,0.0,0.0,0.0,0.0,LOW,MEDIUM,MEDIUM,5,COST_BASED,COST_BASED,false,false
2,social_learning_factor_low,1,2037,DISTRICT_HEATING,PRIVATELY_RENTED,305629,5000,3691,343357,0.0,0.0,0.0,0.0,0.0,LOW,MEDIUM,MEDIUM,5,COST_BASED,COST_BASED,false,false
2,social_learning_factor_low,1,2038,DISTRICT_HEATING,PRIVATELY_RENTED,306469,4831,3991,348188,0.0,0.0,0.0,0.0,0.0,LOW,MEDIUM,MEDIUM,5,COST_BASED,COST_BASED,false,false
2,social_learning_factor_low,1,2039,DISTRICT_HEATING,PRIVATELY_RENTED,305965,3598,4102,351786,0.0,0.0,0.0,0.0,0.0,LOW,MEDIUM,MEDIUM,5,COST_BASED,COST_BASED,false,false
2,social_learning_factor_low,1,2040,DISTRICT_HEATING,PRIVATELY_RENTED,303646,1453,3772,353239,0.0,0.0,0.0,0.0,0.0,LOW,MEDIUM,MEDIUM,5,COST_BASED,COST_BASED,false,false
2,social_learning_factor_low,1,2041,DISTRICT_HEATING,PRIVATELY_RENTED,300939,1506,4213,354745,0.0,0.0,0.0,0.0,0.0,LOW,MEDIUM,MEDIUM,5,COST_BASED,COST_BASED,false,false
2,social_learning_factor_low,1,2042,DISTRICT_HEATING,PRIVATELY_RENTED,298869,1303,3373,356048,0.0,0.0,0.0,0.0,0.0,LOW,MEDIUM,MEDIUM,5,COST_BASED,COST_BASED,false,false
2,social_learning_factor_low,1,2043,DISTRICT_HEATING,PRIVATELY_RENTED,296777,1315,3407,357363,0.0,0.0,0.0,0.0,0.0,LOW,MEDIUM,MEDIUM,5,COST_BASED,COST_BASED,false,false
2,social_learning_factor_low,1,2044,DISTRICT_HEATING,PRIVATELY_RENTED,295311,1073,2539,358436,0.0,0.0,0.0,0.0,0.0,LOW,MEDIUM,MEDIUM,5,COST_BASED,COST_BASED,false,false
2,social_learning_factor_low,1,2045,DISTRICT_HEATING,PRIVATELY_RENTED,293698,1135,2748,359571,0.0,0.0,0.0,0.0,0.0,LOW,MEDIUM,MEDIUM,5,COST_BASED,COST_BASED,false,false
2,social_learning_factor_low,1,2046,DISTRICT_HEATING,PRIVATELY_RENTED,291919,1267,3046,360838,0.0,0.0,0.0,0.0,0.0,LOW,MEDIUM,MEDIUM,5,COST_BASED,COST_BASED,false,false
2,social_learning_factor_low,1,2047,DISTRICT_HEATING,PRIVATELY_RENTED,289745,1449,3623,362287,0.0,0.0,0.0,0.0,0.0,LOW,MEDIUM,MEDIUM,5,COST_BASED,COST_BASED,false,false
2,social_learning_factor_low,1,2048,DISTRICT_HEATING,PRIVATELY_RENTED,287682,1445,3508,363732,0.0,0.0,0.0,0.0,0.0,LOW,MEDIUM,MEDIUM,5,COST_BASED,COST_BASED,false,false
2,social_learning_factor_low,1,2049,DISTRICT_HEATING,PRIVATELY_RENTED,285688,1405,3399,365137,0.0,0.0,0.0,0.0,0.0,LOW,MEDIUM,MEDIUM,5,COST_BASED,COST_BASED,false,false
2,social_learning_factor_low,1,2050,DISTRICT_HEATING,PRIVATELY_RENTED,283427,1528,3789,366665,0.0,0.0,0.0,0.0,0.0,LOW,MEDIUM,MEDIUM,5,COST_BASED,COST_BASED,false,false
2,social_learning_factor_low,1,2024,0.0027096406160867087,0.0027096406160867087,ELECTRIC_HEAT_PUMP,TOTAL,400155,400155,0,400155,0.0,0.0,0.0,0.0,0.0,LOW,MEDIUM,MEDIUM,5,COST_BASED,COST_BASED,false,false
2,social_learning_factor_low,1,2025,0.005847119224187108,0.005847119224187108,ELECTRIC_HEAT_PUMP,TOTAL,775045,415717,40827,815872,0.46875122836724975,0.4494788538579035,0.05180336456272497,1705.8262241280006,0.4430547290214436,LOW,MEDIUM,MEDIUM,5,COST_BASED,COST_BASED,false,false
2,social_learning_factor_low,1,2026,0.009341129492298917,0.009341129492298917,ELECTRIC_HEAT_PUMP,TOTAL,1004742,252927,23230,1068799,0.4854081432574118,0.46897128266947846,0.0776233246662659,1702.919311432125,0.4634923291401559,LOW,MEDIUM,MEDIUM,5,COST_BASED,COST_BASED,false,false
2,social_learning_factor_low,1,2027,0.013690815744438107,0.013690815744438107,ELECTRIC_HEAT_PUMP,TOTAL,1218788,237166,23120,1305965,0.4839813879807444,0.46590249789487165,0.09525352019052465,1658.3963527610551,0.4598762011995825,LOW,MEDIUM,MEDIUM,5,COST_BASED,COST_BASED,false,false
2,social_learning_factor_low,1,2028,0.018325727324586424,0.018325727324586424,ELECTRIC_HEAT_PUMP,TOTAL,1441451,245574,22911,1551539,0.4936342321893007,0.47662866293005035,0.1150473487782892,1658.0994010411498,0.47096013984363166,LOW,MEDIUM,MEDIUM,5,COST_BASED,COST_BASED,false,false
2,social_learning_factor_low,1,2029,0.02331717056474615,0.02331717056474615,ELECTRIC_HEAT_PUMP,TOTAL,1675862,256517,22106,1808056,0.5152795117054918,0.5005501080868394,0.1404550633970886,1707.4138882595605,0.49564030688062105,LOW,MEDIUM,MEDIUM,5,COST_BASED,COST_BASED,false,false
2,social_learning_factor_low,1,2030,0.02852253280091272,0.02852253280091272,ELECTRIC_HEAT_PUMP,TOTAL,1892301,239252,22813,2047308,0.5039584085920272,0.4894074761992222,0.15722902327519095,1642.7464526831877,0.48455716540162047,LOW,MEDIUM,MEDIUM,5,COST_BASED,COST_BASED,false,false
2,social_learning_factor_low,1,2031,0.034155733029092986,0.034155733029092986,ELECTRIC_HEAT_PUMP,TOTAL,2112692,244516,24125,2291824,0.5149688743199786,0.5017499889717781,0.18036693120522937,1647.6097395014958,0.49734369385571514,LOW,MEDIUM,MEDIUM,5,COST_BASED,COST_BASED,false,false
2,social_learning_factor_low,1,2032,0.04007415858528237,0.04007415858528237,ELECTRIC_HEAT_PUMP,TOTAL,2337450,250013,25255,2541837,0.5212475926246387,0.5089519306468667,0.20316763258503823,1650.3507300220772,0.5048533766542392,LOW,MEDIUM,MEDIUM,5,COST_BASED,COST_BASED,false,false
2,social_learning_factor_low,1,2033,0.046491728465487735,0.046491728465487735,ELECTRIC_HEAT_PUMP,TOTAL,2556496,245121,26075,2786958,0.5246530317850769,0.5123040613941791,0.22513317927887422,1634.685501107768,0.5081877379305582,LOW,MEDIUM,MEDIUM,5,COST_BASED,COST_BASED,false,false
2,social_learning_factor_low,1,2034,0.053265830005704506,0.053265830005704506,ELECTRIC_HEAT_PUMP,TOTAL,2775712,247330,28114,3034288,0.5375319815669878,0.5267284027273427,0.2518674172026932,1618.7711047176836,0.5231272097807887,LOW,MEDIUM,MEDIUM,5,COST_BASED,COST_BASED,false,false
2,social_learning_factor_low,1,2035,0.060325156873930405,0.060325156873930405,ELECTRIC_HEAT_PUMP,TOTAL,2998793,252390,29309,3286678,0.5435674925975421,0.532852149073681,0.2775181846258848,1615.430953749791,0.5292803678990885,LOW,MEDIUM,MEDIUM,5,COST_BASED,COST_BASED,false,false
2,social_learning_factor_low,1,2036,0.0673844837421563,0.0673844837421563,ELECTRIC_HEAT_PUMP,TOTAL,3132645,165163,31311,3451841,0.5503989102048473,0.5440837721726318,0.2991823558124923,1573.9855345987608,0.5419787261618831,LOW,MEDIUM,MEDIUM,5,COST_BASED,COST_BASED,false,false
2,social_learning_factor_low,1,2037,0.0744438106103822,0.0744438106103822,ELECTRIC_HEAT_PUMP,TOTAL,3122796,26246,36095,3478087,0.5464315944169787,0.6109344765785397,0.3297385015821854,1379.4706935203349,0.632435437299066,LOW,MEDIUM,MEDIUM,5,COST_BASED,COST_BASED,false,false
2,social_learning_factor_low,1,2038,0.0815031374786081,0.0815031374786081,ELECTRIC_HEAT_PUMP,TOTAL,3115490,23585,30891,3501672,0.5444596780871939,0.5906616472388634,0.31864523723712096,1383.9138371430313,0.60606230362275,LOW,MEDIUM,MEDIUM,5,COST_BASED,COST_BASED,false,false
2,social_learning_factor_low,1,2039,0.088562464346834,0.088562464346834,ELECTRIC_HEAT_PUMP,TOTAL,3114737,13220,13973,3514892,0.4669751078507241,0.5112090804730355,0.28207265379185664,1309.5274176200833,0.5259537380138088,LOW,MEDIUM,MEDIUM,5,COST_BASED,COST_BASED,false,false
2,social_learning_factor_low,1,2040,0.0956217912150599,0.0956217912150599,ELECTRIC_HEAT_PUMP,TOTAL,3121220,422200,415717,3937092,0.4733462320807523,0.4867940632069513,0.2596524183099675,1198.6086342139963,0.4912766735823559,LOW,MEDIUM,MEDIUM,5,COST_BASED,COST_BASED,false,false
2,social_learning_factor_low,1,2041,0.1026811180832858,0.1026811180832858,ELECTRIC_HEAT_PUMP,TOTAL,3126761,258468,252927,4195560,0.4861340013456428,0.5019988501168752,0.26759083260815564,1232.5243861648926,0.5072871330406256,LOW,MEDIUM,MEDIUM,5,COST_BASED,COST_BASED,false,false
2,social_learning_factor_low,1,2042,0.1097404449515117,0.1097404449515117,ELECTRIC_HEAT_PUMP,TOTAL,3131491,241896,237166,4437456,0.4854927442086397,0.49907090369557794,0.26784845965295156,1219.432106977386,0.5035969568578964,LOW,MEDIUM,MEDIUM,5,COST_BASED,COST_BASED,false,false
2,social_learning_factor_low,1,2043,0.1167997718197376,0.1167997718197376,ELECTRIC_HEAT_PUMP,TOTAL,3136338,250421,245574,4687877,0.4956170247083011,0.5113172729314658,0.2733514347466783,1228.9095780147243,0.5165506890058533,LOW,MEDIUM,MEDIUM,5,COST_BASED,COST_BASED,false,false
2,social_learning_factor_low,1,2044,0.12385909868796349,0.12385909868796349,ELECTRIC_HEAT_PUMP,TOTAL,3140322,260501,256517,4948378,0.5185756090473856,0.5365600930428481,0.2861641648473632,1276.5465576020663,0.5425549210413361,LOW,MEDIUM,MEDIUM,5,COST_BASED,COST_BASED,false,false
2,social_learning_factor_low,1,2045,0.13091842555618938,0.13091842555618938,ELECTRIC_HEAT_PUMP,TOTAL,3145065,243995,239252,5192373,0.5067533829988446,0.5233025752414722,0.2803541423598547,1241.5945768639504,0.5288189726556716,LOW,MEDIUM,MEDIUM,5,COST_BASED,COST_BASED,false,false
2,social_learning_factor_low,1,2046,0.1379777524244153,0.1379777524244153,ELECTRIC_HEAT_PUMP,TOTAL,3149460,248911,244516,5441284,0.5165433527376889,0.5346379329191527,0.2861468066465856,1249.162621620362,0.540669459646281,LOW,MEDIUM,MEDIUM,5,COST_BASED,COST_BASED,false,false
2,social_learning_factor_low,1,2047,0.14503707929264117,0.14503707929264117,ELECTRIC_HEAT_PUMP,TOTAL,3154290,254843,250013,5696127,0.5224181404025345,0.5400114931116277,0.28953295095163856,1254.1033724206388,0.5458759440146606,LOW,MEDIUM,MEDIUM,5,COST_BASED,COST_BASED,false,false
2,social_learning_factor_low,1,2048,0.15216771249286937,0.15216771249286937,ELECTRIC_HEAT_PUMP,TOTAL,3159019,249850,245121,5945977,0.5286423179855073,0.5453122628569551,0.2917280151923597,1246.5580863512096,0.5508689111474256,LOW,MEDIUM,MEDIUM,5,COST_BASED,COST_BASED,false,false
2,social_learning_factor_low,1,2049,0.15929834569309756,0.15929834569309756,ELECTRIC_HEAT_PUMP,TOTAL,3164048,252359,247330,6198336,0.5384620528361704,0.5592487984192808,0.29919815435685254,1241.994156309366,0.5661777136136268,LOW,MEDIUM,MEDIUM,5,COST_BASED,COST_BASED,false,false
2,social_learning_factor_low,1,2050,0.0,0.0,ELECTRIC_HEAT_PUMP,TOTAL,3169726,258068,252390,6456404,0.5462816867293753,0.5660417735360255,0.3030623534923729,1238.002136327499,0.5726284691382698,LOW,MEDIUM,MEDIUM,5,COST_BASED,COST_BASED,false,false
2,social_learning_factor_low,1,2024,ELECTRIC_HEAT_PUMP,PRIVATELY_OWNED,328450,328450,0,328450,0.0,0.0,0.0,0.0,0.0,LOW,MEDIUM,MEDIUM,5,COST_BASED,COST_BASED,false,false
2,social_learning_factor_low,1,2025,ELECTRIC_HEAT_PUMP,PRIVATELY_OWNED,571831,272763,29382,601213,0.7144218768790047,0.6850489277843624,0.07895330123925288,2599.8429420992584,0.6752579447527981,LOW,MEDIUM,MEDIUM,5,COST_BASED,COST_BASED,false,false
2,social_learning_factor_low,1,2026,ELECTRIC_HEAT_PUMP,PRIVATELY_OWNED,725043,171911,18699,773124,0.7141650356851359,0.6899820233245294,0.11420464448385872,2505.4491724356967,0.6819210192043105,LOW,MEDIUM,MEDIUM,5,COST_BASED,COST_BASED,false,false
2,social_learning_factor_low,1,2027,ELECTRIC_HEAT_PUMP,PRIVATELY_OWNED,867128,160715,18630,933839,0.7142079448828126,0.6875290533910035,0.14056495267713634,2447.2838838871817,0.6786360895604031,LOW,MEDIUM,MEDIUM,5,COST_BASED,COST_BASED,false,false
2,social_learning_factor_low,1,2028,ELECTRIC_HEAT_PUMP,PRIVATELY_OWNED,1018446,169699,18381,1103538,0.7143455938788993,0.689736576352154,0.1664867655606668,2399.4608236423273,0.6815335705099028,LOW,MEDIUM,MEDIUM,5,COST_BASED,COST_BASED,false,false
2,social_learning_factor_low,1,2029,ELECTRIC_HEAT_PUMP,PRIVATELY_OWNED,1185496,185046,17996,1288584,0.7142978205643875,0.6938794249868238,0.19470354126774408,2366.874660217879,0.6870732931276345,LOW,MEDIUM,MEDIUM,5,COST_BASED,COST_BASED,false,false
2,social_learning_factor_low,1,2030,ELECTRIC_HEAT_PUMP,PRIVATELY_OWNED,1335434,168846,18908,1457430,0.7141007614776762,0.6934823300262742,0.2227909353886736,2327.7446566537437,0.6866095195424736,LOW,MEDIUM,MEDIUM,5,COST_BASED,COST_BASED,false,false
2,social_learning_factor_low,1,2031,ELECTRIC_HEAT_PUMP,PRIVATELY_OWNED,1491827,176353,19960,1633783,0.7140118357681688,0.6956836589307996,0.25008137400882247,2284.4348724657234,0.6895742666516818,LOW,MEDIUM,MEDIUM,5,COST_BASED,COST_BASED,false,false
2,social_learning_factor_low,1,2032,ELECTRIC_HEAT_PUMP,PRIVATELY_OWNED,1653474,182473,20826,1816256,0.7141805876752385,0.6973338468530418,0.27836748080802726,2261.2065185808838,0.6917182665789258,LOW,MEDIUM,MEDIUM,5,COST_BASED,COST_BASED,false,false
2,social_learning_factor_low,1,2033,ELECTRIC_HEAT_PUMP,PRIVATELY_OWNED,1812199,180058,21333,1996314,0.7142336125259074,0.6974224074076273,0.3064838554133497,2225.370406852443,0.6918186723682166,LOW,MEDIUM,MEDIUM,5,COST_BASED,COST_BASED,false,false
2,social_learning_factor_low,1,2034,ELECTRIC_HEAT_PUMP,PRIVATELY_OWNED,1975070,186076,23205,2182390,0.714481099125965,0.7001211109791358,0.33477916709700395,2151.651246425249,0.6953344482635185,LOW,MEDIUM,MEDIUM,5,COST_BASED,COST_BASED,false,false
2,social_learning_factor_low,1,2035,ELECTRIC_HEAT_PUMP,PRIVATELY_OWNED,2143165,192095,24000,2374485,0.7141830836653409,0.7001043957661902,0.36462591227115265,2122.4842833853545,0.6954114997998435,LOW,MEDIUM,MEDIUM,5,COST_BASED,COST_BASED,false,false
2,social_learning_factor_low,1,2036,ELECTRIC_HEAT_PUMP,PRIVATELY_OWNED,2244446,127337,26056,2501822,0.7138972585043091,0.705706181733105,0.38805575310442897,2041.5446637735704,0.7029758228093571,LOW,MEDIUM,MEDIUM,5,COST_BASED,COST_BASED,false,false
2,social_learning_factor_low,1,2037,ELECTRIC_HEAT_PUMP,PRIVATELY_OWNED,2234648,22236,32034,2524058,0.6449740792889019,0.7211092944900321,0.38920294623700474,1628.2419419920268,0.7464876995570825,LOW,MEDIUM,MEDIUM,5,COST_BASED,COST_BASED,false,false
2,social_learning_factor_low,1,2038,ELECTRIC_HEAT_PUMP,PRIVATELY_OWNED,2226846,19422,27224,2543480,0.6611616469821062,0.7172667567772933,0.38694510968167534,1680.5482364853463,0.735968460042352,LOW,MEDIUM,MEDIUM,5,COST_BASED,COST_BASED,false,false
2,social_learning_factor_low,1,2039,ELECTRIC_HEAT_PUMP,PRIVATELY_OWNED,2224759,9729,11816,2553209,0.6345370465398883,0.6946432360832079,0.3832871295229052,1779.4174592391305,0.7146786325976517,LOW,MEDIUM,MEDIUM,5,COST_BASED,COST_BASED,false,false
2,social_learning_factor_low,1,2040,ELECTRIC_HEAT_PUMP,PRIVATELY_OWNED,2228925,276929,272763,2830138,0.7216534894665912,0.7421557637010744,0.3958604949661042,1827.3729561192552,0.7489898551125763,LOW,MEDIUM,MEDIUM,5,COST_BASED,COST_BASED,false,false
2,social_learning_factor_low,1,2041,ELECTRIC_HEAT_PUMP,PRIVATELY_OWNED,2231762,174748,171911,3004886,0.7190358863037379,0.742501423718775,0.39579089501776715,1823.0143580657143,0.7503232695237965,LOW,MEDIUM,MEDIUM,5,COST_BASED,COST_BASED,false,false
2,social_learning_factor_low,1,2042,ELECTRIC_HEAT_PUMP,PRIVATELY_OWNED,2234423,163376,160715,3168262,0.7188249978766349,0.7389289450123979,0.3965788793715746,1805.50233173417,0.7456302607243274,LOW,MEDIUM,MEDIUM,5,COST_BASED,COST_BASED,false,false
2,social_learning_factor_low,1,2043,ELECTRIC_HEAT_PUMP,PRIVATELY_OWNED,2237181,172457,169699,3340719,0.7196745330399895,0.7424725166549957,0.3969275798645339,1784.4724507327928,0.7500718445266635,LOW,MEDIUM,MEDIUM,5,COST_BASED,COST_BASED,false,false
2,social_learning_factor_low,1,2044,ELECTRIC_HEAT_PUMP,PRIVATELY_OWNED,2239699,187564,185046,3528283,0.7202313062872033,0.7452093194736462,0.3974432785977211,1772.9503252324319,0.7535353238691278,LOW,MEDIUM,MEDIUM,5,COST_BASED,COST_BASED,false,false
2,social_learning_factor_low,1,2045,ELECTRIC_HEAT_PUMP,PRIVATELY_OWNED,2242829,171976,168846,3700259,0.718968296069237,0.7424478522935932,0.3977590417563656,1761.541545226773,0.7502743710350316,LOW,MEDIUM,MEDIUM,5,COST_BASED,COST_BASED,false,false
2,social_learning_factor_low,1,2046,ELECTRIC_HEAT_PUMP,PRIVATELY_OWNED,2245449,178973,176353,3879232,0.718395078996781,0.7435605511492751,0.3979655466981515,1737.3029301075912,0.7519490418667366,LOW,MEDIUM,MEDIUM,5,COST_BASED,COST_BASED,false,false
2,social_learning_factor_low,1,2047,ELECTRIC_HEAT_PUMP,PRIVATELY_OWNED,2248109,185133,182473,4064365,0.7191295239347015,0.7433474795905999,0.3985537198628469,1726.323592972581,0.7514201314759018,LOW,MEDIUM,MEDIUM,5,COST_BASED,COST_BASED,false,false
2,social_learning_factor_low,1,2048,ELECTRIC_HEAT_PUMP,PRIVATELY_OWNED,2250777,182726,180058,4247091,0.7228379275454998,0.7456315405295919,0.3988936691867116,1704.4784971752774,0.7532294115242729,LOW,MEDIUM,MEDIUM,5,COST_BASED,COST_BASED,false,false
2,social_learning_factor_low,1,2049,ELECTRIC_HEAT_PUMP,PRIVATELY_OWNED,2253814,189113,186076,4436204,0.7185425919512839,0.7462811521169421,0.3992604793712804,1657.3604315519044,0.7555273388387961,LOW,MEDIUM,MEDIUM,5,COST_BASED,COST_BASED,false,false
2,social_learning_factor_low,1,2050,ELECTRIC_HEAT_PUMP,PRIVATELY_OWNED,2257233,195514,192095,4631718,0.7210625445281484,0.747144799926834,0.4000260617708691,1634.0964601909075,0.7558388850597657,LOW,MEDIUM,MEDIUM,5,COST_BASED,COST_BASED,false,false
2,social_learning_factor_low,1,2024,ELECTRIC_HEAT_PUMP,SOCIAL_HOUSING,5290,5290,0,5290,0.0,0.0,0.0,0.0,0.0,LOW,MEDIUM,MEDIUM,5,COST_BASED,COST_BASED,false,false
2,social_learning_factor_low,1,2025,ELECTRIC_HEAT_PUMP,SOCIAL_HOUSING,180,0,5110,5290,0.0,0.0,0.0,0.0,0.0,LOW,MEDIUM,MEDIUM,5,COST_BASED,COST_BASED,false,false
2,social_learning_factor_low,1,2026,ELECTRIC_HEAT_PUMP,SOCIAL_HOUSING,67,0,113,5290,0.0,0.0,0.0,0.0,0.0,LOW,MEDIUM,MEDIUM,5,COST_BASED,COST_BASED,false,false
2,social_learning_factor_low,1,2027,ELECTRIC_HEAT_PUMP,SOCIAL_HOUSING,25,0,42,5290,0.0,0.0,0.0,0.0,0.0,LOW,MEDIUM,MEDIUM,5,COST_BASED,COST_BASED,false,false
2,social_learning_factor_low,1,2028,ELECTRIC_HEAT_PUMP,SOCIAL_HOUSING,10,0,15,5290,0.0,0.0,0.0,0.0,0.0,LOW,MEDIUM,MEDIUM,5,COST_BASED,COST_BASED,false,false
2,social_learning_factor_low,1,2029,ELECTRIC_HEAT_PUMP,SOCIAL_HOUSING,7,0,3,5290,0.0,0.0,0.0,0.0,0.0,LOW,MEDIUM,MEDIUM,5,COST_BASED,COST_BASED,false,false
2,social_learning_factor_low,1,2030,ELECTRIC_HEAT_PUMP,SOCIAL_HOUSING,7,0,0,5290,0.0,0.0,0.0,0.0,0.0,LOW,MEDIUM,MEDIUM,5,COST_BASED,COST_BASED,false,false
2,social_learning_factor_low,1,2031,ELECTRIC_HEAT_PUMP,SOCIAL_HOUSING,3,0,4,5290,0.0,0.0,0.0,0.0,0.0,LOW,MEDIUM,MEDIUM,5,COST_BASED,COST_BASED,false,false
2,social_learning_factor_low,1,2032,ELECTRIC_HEAT_PUMP,SOCIAL_HOUSING,3,0,0,5290,0.0,0.0,0.0,0.0,0.0,LOW,MEDIUM,MEDIUM,5,COST_BASED,COST_BASED,false,false
2,social_learning_factor_low,1,2033,ELECTRIC_HEAT_PUMP,SOCIAL_HOUSING,3,0,0,5290,0.0,0.0,0.0,0.0,0.0,LOW,MEDIUM,MEDIUM,5,COST_BASED,COST_BASED,false,false
2,social_learning_factor_low,1,2034,ELECTRIC_HEAT_PUMP,SOCIAL_HOUSING,3,0,0,5290,0.0,0.0,0.0,0.0,0.0,LOW,MEDIUM,MEDIUM,5,COST_BASED,COST_BASED,false,false
2,social_learning_factor_low,1,2035,ELECTRIC_HEAT_PUMP,SOCIAL_HOUSING,1,0,2,5290,0.0,0.0,0.0,0.0,0.0,LOW,MEDIUM,MEDIUM,5,COST_BASED,COST_BASED,false,false
2,social_learning_factor_low,1,2036,ELECTRIC_HEAT_PUMP,SOCIAL_HOUSING,0,0,1,5290,0.0,0.0,0.0,0.0,0.0,LOW,MEDIUM,MEDIUM,5,COST_BASED,COST_BASED,false,false
2,social_learning_factor_low,1,2037,ELECTRIC_HEAT_PUMP,SOCIAL_HOUSING,0,0,0,5290,0.0,0.0,0.0,0.0,0.0,LOW,MEDIUM,MEDIUM,5,COST_BASED,COST_BASED,false,false
2,social_learning_factor_low,1,2038,ELECTRIC_HEAT_PUMP,SOCIAL_HOUSING,0,0,0,5290,0.0,0.0,0.0,0.0,0.0,LOW,MEDIUM,MEDIUM,5,COST_BASED,COST_BASED,false,false
2,social_learning_factor_low,1,2039,ELECTRIC_HEAT_PUMP,SOCIAL_HOUSING,0,0,0,5290,0.0,0.0,0.0,0.0,0.0,LOW,MEDIUM,MEDIUM,5,COST_BASED,COST_BASED,false,false
2,social_learning_factor_low,1,2040,ELECTRIC_HEAT_PUMP,SOCIAL_HOUSING,0,0,0,5290,0.0,0.0,0.0,0.0,0.0,LOW,MEDIUM,MEDIUM,5,COST_BASED,COST_BASED,false,false
2,social_learning_factor_low,1,2041,ELECTRIC_HEAT_PUMP,SOCIAL_HOUSING,0,0,0,5290,0.0,0.0,0.0,0.0,0.0,LOW,MEDIUM,MEDIUM,5,COST_BASED,COST_BASED,false,false
2,social_learning_factor_low,1,2042,ELECTRIC_HEAT_PUMP,SOCIAL_HOUSING,0,0,0,5290,0.0,0.0,0.0,0.0,0.0,LOW,MEDIUM,MEDIUM,5,COST_BASED,COST_BASED,false,false
2,social_learning_factor_low,1,2043,ELECTRIC_HEAT_PUMP,SOCIAL_HOUSING,0,0,0,5290,0.0,0.0,0.0,0.0,0.0,LOW,MEDIUM,MEDIUM,5,COST_BASED,COST_BASED,false,false
2,social_learning_factor_low,1,2044,ELECTRIC_HEAT_PUMP,SOCIAL_HOUSING,0,0,0,5290,0.0,0.0,0.0,0.0,0.0,LOW,MEDIUM,MEDIUM,5,COST_BASED,COST_BASED,false,false
2,social_learning_factor_low,1,2045,ELECTRIC_HEAT_PUMP,SOCIAL_HOUSING,0,0,0,5290,0.0,0.0,0.0,0.0,0.0,LOW,MEDIUM,MEDIUM,5,COST_BASED,COST_BASED,false,false
2,social_learning_factor_low,1,2046,ELECTRIC_HEAT_PUMP,SOCIAL_HOUSING,0,0,0,5290,0.0,0.0,0.0,0.0,0.0,LOW,MEDIUM,MEDIUM,5,COST_BASED,COST_BASED,false,false
2,social_learning_factor_low,1,2047,ELECTRIC_HEAT_PUMP,SOCIAL_HOUSING,0,0,0,5290,0.0,0.0,0.0,0.0,0.0,LOW,MEDIUM,MEDIUM,5,COST_BASED,COST_BASED,false,false
2,social_learning_factor_low,1,2048,ELECTRIC_HEAT_PUMP,SOCIAL_HOUSING,0,0,0,5290,0.0,0.0,0.0,0.0,0.0,LOW,MEDIUM,MEDIUM,5,COST_BASED,COST_BASED,false,false
2,social_learning_factor_low,1,2049,ELECTRIC_HEAT_PUMP,SOCIAL_HOUSING,0,0,0,5290,0.0,0.0,0.0,0.0,0.0,LOW,MEDIUM,MEDIUM,5,COST_BASED,COST_BASED,false,false
2,social_learning_factor_low,1,2050,ELECTRIC_HEAT_PUMP,SOCIAL_HOUSING,0,0,0,5290,0.0,0.0,0.0,0.0,0.0,LOW,MEDIUM,MEDIUM,5,COST_BASED,COST_BASED,false,false
2,social_learning_factor_low,1,2024,ELECTRIC_HEAT_PUMP,PRIVATELY_RENTED,66415,66415,0,66415,0.0,0.0,0.0,0.0,0.0,LOW,MEDIUM,MEDIUM,5,COST_BASED,COST_BASED,false,false
2,social_learning_factor_low,1,2025,ELECTRIC_HEAT_PUMP,PRIVATELY_RENTED,203034,142954,6335,209369,0.0,0.0,0.0,0.0,0.0,LOW,MEDIUM,MEDIUM,5,COST_BASED,COST_BASED,false,false
2,social_learning_factor_low,1,2026,ELECTRIC_HEAT_PUMP,PRIVATELY_RENTED,279632,81016,4418,290385,0.0,0.0,0.0,0.0,0.0,LOW,MEDIUM,MEDIUM,5,COST_BASED,COST_BASED,false,false
2,social_learning_factor_low,1,2027,ELECTRIC_HEAT_PUMP,PRIVATELY_RENTED,351635,76451,4448,366836,0.0,0.0,0.0,0.0,0.0,LOW,MEDIUM,MEDIUM,5,COST_BASED,COST_BASED,false,false
2,social_learning_factor_low,1,2028,ELECTRIC_HEAT_PUMP,PRIVATELY_RENTED,422995,75875,4515,442711,0.0,0.0,0.0,0.0,0.0,LOW,MEDIUM,MEDIUM,5,COST_BASED,COST_BASED,false,false
2,social_learning_factor_low,1,2029,ELECTRIC_HEAT_PUMP,PRIVATELY_RENTED,490359,71471,4107,514182,0.0,0.0,0.0,0.0,0.0,LOW,MEDIUM,MEDIUM,5,COST_BASED,COST_BASED,false,false
2,social_learning_factor_low,1,2030,ELECTRIC_HEAT_PUMP,PRIVATELY_RENTED,556860,70406,3905,584588,0.0,0.0,0.0,0.0,0.0,LOW,MEDIUM,MEDIUM,5,COST_BASED,COST_BASED,false,false
2,social_learning_factor_low,1,2031,ELECTRIC_HEAT_PUMP,PRIVATELY_RENTED,620862,68163,4161,652751,0.0,0.0,0.0,0.0,0.0,LOW,MEDIUM,MEDIUM,5,COST_BASED,COST_BASED,false,false
2,social_learning_factor_low,1,2032,ELECTRIC_HEAT_PUMP,PRIVATELY_RENTED,683973,67540,4429,720291,0.0,0.0,0.0,0.0,0.0,LOW,MEDIUM,MEDIUM,5,COST_BASED,COST_BASED,false,false
2,social_learning_factor_low,1,2033,ELECTRIC_HEAT_PUMP,PRIVATELY_RENTED,744294,65063,4742,785354,0.0,0.0,0.0,0.0,0.0,LOW,MEDIUM,MEDIUM,5,COST_BASED,COST_BASED,false,false
2,social_learning_factor_low,1,2034,ELECTRIC_HEAT_PUMP,PRIVATELY_RENTED,800639,61254,4909,846608,0.0,0.0,0.0,0.0,0.0,LOW,MEDIUM,MEDIUM,5,COST_BASED,COST_BASED,false,false
2,social_learning_factor_low,1,2035,ELECTRIC_HEAT_PUMP,PRIVATELY_RENTED,855627,60295,5307,906903,0.0,0.0,0.0,0.0,0.0,LOW,MEDIUM,MEDIUM,5,COST_BASED,COST_BASED,false,false
2,social_learning_factor_low,1,2036,ELECTRIC_HEAT_PUMP,PRIVATELY_RENTED,888199,37826,5254,944729,0.0,0.0,0.0,0.0,0.0,LOW,MEDIUM,MEDIUM,5,COST_BASED,COST_BASED,false,false
2,social_learning_factor_low,1,2037,ELECTRIC_HEAT_PUMP,PRIVATELY_RENTED,888148,4010,4061,948739,0.0,0.0,0.0,0.0,0.0,LOW,MEDIUM,MEDIUM,5,COST_BASED,COST_BASED,false,false
2,social_learning_factor_low,1,2038,ELECTRIC_HEAT_PUMP,PRIVATELY_RENTED,888644,4163,3667,952902,0.0,0.0,0.0,0.0,0.0,LOW,MEDIUM,MEDIUM,5,COST_BASED,COST_BASED,false,false
2,social_learning_factor_low,1,2039,ELECTRIC_HEAT_PUMP,PRIVATELY_RENTED,889978,3491,2157,956393,0.0,0.0,0.0,0.0,0.0,LOW,MEDIUM,MEDIUM,5,COST_BASED,COST_BASED,false,false
2,social_learning_factor_low,1,2040,ELECTRIC_HEAT_PUMP,PRIVATELY_RENTED,892295,145271,142954,1101664,0.0,0.0,0.0,0.0,0.0,LOW,MEDIUM,MEDIUM,5,COST_BASED,COST_BASED,false,false
2,social_learning_factor_low,1,2041,ELECTRIC_HEAT_PUMP,PRIVATELY_RENTED,894999,83720,81016,1185384,0.0,0.0,0.0,0.0,0.0,LOW,MEDIUM,MEDIUM,5,COST_BASED,COST_BASED,false,false
2,social_learning_factor_low,1,2042,ELECTRIC_HEAT_PUMP,PRIVATELY_RENTED,897068,78520,76451,1263904,0.0,0.0,0.0,0.0,0.0,LOW,MEDIUM,MEDIUM,5,COST_BASED,COST_BASED,false,false
2,social_learning_factor_low,1,2043,ELECTRIC_HEAT_PUMP,PRIVATELY_RENTED,899157,77964,75875,1341868,0.0,0.0,0.0,0.0,0.0,LOW,MEDIUM,MEDIUM,5,COST_BASED,COST_BASED,false,false
2,social_learning_factor_low,1,2044,ELECTRIC_HEAT_PUMP,PRIVATELY_RENTED,900623,72937,71471,1414805,0.0,0.0,0.0,0.0,0.0,LOW,MEDIUM,MEDIUM,5,COST_BASED,COST_BASED,false,false
2,social_learning_factor_low,1,2045,ELECTRIC_HEAT_PUMP,PRIVATELY_RENTED,902236,72019,70406,1486824,0.0,0.0,0.0,0.0,0.0,LOW,MEDIUM,MEDIUM,5,COST_BASED,COST_BASED,false,false
2,social_learning_factor_low,1,2046,ELECTRIC_HEAT_PUMP,PRIVATELY_RENTED,904011,69938,68163,1556762,0.0,0.0,0.0,0.0,0.0,LOW,MEDIUM,MEDIUM,5,COST_BASED,COST_BASED,false,false
2,social_learning_factor_low,1,2047,ELECTRIC_HEAT_PUMP,PRIVATELY_RENTED,906181,69710,67540,1626472,0.0,0.0,0.0,0.0,0.0,LOW,MEDIUM,MEDIUM,5,COST_BASED,COST_BASED,false,false
2,social_learning_factor_low,1,2048,ELECTRIC_HEAT_PUMP,PRIVATELY_RENTED,908242,67124,65063,1693596,0.0,0.0,0.0,0.0,0.0,LOW,MEDIUM,MEDIUM,5,COST_BASED,COST_BASED,false,false
2,social_learning_factor_low,1,2049,ELECTRIC_HEAT_PUMP,PRIVATELY_RENTED,910234,63246,61254,1756842,0.0,0.0,0.0,0.0,0.0,LOW,MEDIUM,MEDIUM,5,COST_BASED,COST_BASED,false,false
2,social_learning_factor_low,1,2050,ELECTRIC_HEAT_PUMP,PRIVATELY_RENTED,912493,62554,60295,1819396,0.0,0.0,0.0,0.0,0.0,LOW,MEDIUM,MEDIUM,5,COST_BASED,COST_BASED,false,false
2,social_learning_factor_low,1,2024,0.0027096406160867087,0.0027096406160867087,HYBRID_HEAT_PUMP,TOTAL,156160,156160,0,156160,0.0,0.0,0.0,0.0,0.0,LOW,MEDIUM,MEDIUM,5,COST_BASED,COST_BASED,false,false
2,social_learning_factor_low,1,2025,0.005847119224187108,0.005847119224187108,HYBRID_HEAT_PUMP,TOTAL,2106489,1968126,17797,2124286,0.14516758865935583,0.13500010466017845,0.010571365734023919,370.75443385516206,0.13161094332711318,LOW,MEDIUM,MEDIUM,5,COST_BASED,COST_BASED,false,false
2,social_learning_factor_low,1,2026,0.009341129492298917,0.009341129492298917,HYBRID_HEAT_PUMP,TOTAL,2310240,1808374,1604623,3932660,0.08928362787718293,0.08298420566191214,0.012330614059691929,216.6163006574277,0.08088439825681708,LOW,MEDIUM,MEDIUM,5,COST_BASED,COST_BASED,false,false
2,social_learning_factor_low,1,2027,0.013690815744438107,0.013690815744438107,HYBRID_HEAT_PUMP,TOTAL,2528618,1825513,1607135,5758173,0.09537121738011556,0.08918618749445835,0.017808884266163127,226.98729169914014,0.08712451086590933,LOW,MEDIUM,MEDIUM,5,COST_BASED,COST_BASED,false,false
2,social_learning_factor_low,1,2028,0.018325727324586424,0.018325727324586424,HYBRID_HEAT_PUMP,TOTAL,2741833,1820834,1607619,7579007,0.09351682087894947,0.0872692142666036,0.022157611726352045,219.35793379173353,0.0851866787291586,LOW,MEDIUM,MEDIUM,5,COST_BASED,COST_BASED,false,false
2,social_learning_factor_low,1,2029,0.02331717056474615,0.02331717056474615,HYBRID_HEAT_PUMP,TOTAL,2940059,1806627,1608401,9385634,0.08819597909658966,0.0819338241032581,0.02519159153687641,205.08786243935808,0.07984643910547912,LOW,MEDIUM,MEDIUM,5,COST_BASED,COST_BASED,false,false
2,social_learning_factor_low,1,2030,0.02852253280091272,0.02852253280091272,HYBRID_HEAT_PUMP,TOTAL,3157635,1825671,1608095,11211305,0.09526611179971607,0.08949373386274734,0.03183431495452353,219.13540898869599,0.08756960788376192,LOW,MEDIUM,MEDIUM,5,COST_BASED,COST_BASED,false,false
2,social_learning_factor_low,1,2031,0.034155733029092986,0.034155733029092986,HYBRID_HEAT_PUMP,TOTAL,3373193,1824355,1608797,13035660,0.09477517648985037,0.0889944743924136,0.03639503464982883,214.9745307804229,0.08706757369326833,LOW,MEDIUM,MEDIUM,5,COST_BASED,COST_BASED,false,false
2,social_learning_factor_low,1,2032,0.04007415858528237,0.04007415858528237,HYBRID_HEAT_PUMP,TOTAL,3581977,1817359,1608575,14853019,0.09214546889217529,0.08636000619269288,0.040032580338365674,207.60216945000118,0.08443151862619833,LOW,MEDIUM,MEDIUM,5,COST_BASED,COST_BASED,false,false
2,social_learning_factor_low,1,2033,0.046491728465487735,0.046491728465487735,HYBRID_HEAT_PUMP,TOTAL,3794312,1820902,1608567,16673921,0.09347561851638377,0.08777606643187966,0.045178600226076726,208.07384995164253,0.08587621573704543,LOW,MEDIUM,MEDIUM,5,COST_BASED,COST_BASED,false,false
2,social_learning_factor_low,1,2034,0.053265830005704506,0.053265830005704506,HYBRID_HEAT_PUMP,TOTAL,4020666,1835170,1608816,18509091,0.0986625348528637,0.0932273210437666,0.05258821319645119,213.8221135237216,0.09141558310739879,LOW,MEDIUM,MEDIUM,5,COST_BASED,COST_BASED,false,false
2,social_learning_factor_low,1,2035,0.060325156873930405,0.060325156873930405,HYBRID_HEAT_PUMP,TOTAL,4249036,1836745,1608375,20345836,0.09925325224740372,0.09356708842104498,0.058327930767221675,212.76498836233966,0.09167170047892628,LOW,MEDIUM,MEDIUM,5,COST_BASED,COST_BASED,false,false
2,social_learning_factor_low,1,2036,0.0673844837421563,0.0673844837421563,HYBRID_HEAT_PUMP,TOTAL,4402044,1761772,1608764,22107608,0.07095562554579277,0.06745995428055888,0.04467714127385214,148.2325270616072,0.06629473052547939,LOW,MEDIUM,MEDIUM,5,COST_BASED,COST_BASED,false,false
2,social_learning_factor_low,1,2037,0.0744438106103822,0.0744438106103822,HYBRID_HEAT_PUMP,TOTAL,4415650,1622500,1608894,23730108,0.011354261860702557,0.011170409453145269,0.006893861100010686,18.77175406949693,0.011109125317292974,LOW,MEDIUM,MEDIUM,5,COST_BASED,COST_BASED,false,false
2,social_learning_factor_low,1,2038,0.0815031374786081,0.0815031374786081,HYBRID_HEAT_PUMP,TOTAL,4428055,1621377,1608972,25351485,0.010845974554352664,0.010578998475079683,0.006655164854456681,18.428598156406373,0.010490006448655567,LOW,MEDIUM,MEDIUM,5,COST_BASED,COST_BASED,false,false
2,social_learning_factor_low,1,2039,0.088562464346834,0.088562464346834,HYBRID_HEAT_PUMP,TOTAL,4433185,1609549,1604419,26961034,0.005285038525411996,0.00507244959762321,0.0031993807595884723,9.621332528906036,0.005001586621693617,LOW,MEDIUM,MEDIUM,5,COST_BASED,COST_BASED,false,false
2,social_learning_factor_low,1,2040,0.0956217912150599,0.0956217912150599,HYBRID_HEAT_PUMP,TOTAL,4433319,1972269,1972135,28933303,0.14403256173187837,0.14489819653642944,0.0968264541868348,261.47055340831747,0.1451867414712844,LOW,MEDIUM,MEDIUM,5,COST_BASED,COST_BASED,false,false
2,social_learning_factor_low,1,2041,0.1026811180832858,0.1026811180832858,HYBRID_HEAT_PUMP,TOTAL,4434708,1810972,1809583,30744275,0.0891684542226223,0.08930028041005562,0.059810644029241154,161.87361134750412,0.0893442224725351,LOW,MEDIUM,MEDIUM,5,COST_BASED,COST_BASED,false,false
2,social_learning_factor_low,1,2042,0.1097404449515117,0.1097404449515117,HYBRID_HEAT_PUMP,TOTAL,4435955,1827294,1826047,32571569,0.0951970198133632,0.09599362382950276,0.06383288263098669,171.74261797525955,0.09625915850154973,LOW,MEDIUM,MEDIUM,5,COST_BASED,COST_BASED,false,false
2,social_learning_factor_low,1,2043,0.1167997718197376,0.1167997718197376,HYBRID_HEAT_PUMP,TOTAL,4436952,1822121,1821124,34393690,0.09324903048323224,0.09384844236066367,0.06255993919901293,167.25951994526753,0.09404824631980137,LOW,MEDIUM,MEDIUM,5,COST_BASED,COST_BASED,false,false
2,social_learning_factor_low,1,2044,0.12385909868796349,0.12385909868796349,HYBRID_HEAT_PUMP,TOTAL,4437947,1807829,1806834,36201519,0.08795484926443993,0.08785023244957299,0.0590774464293431,157.3163289162125,0.08781536017795111,LOW,MEDIUM,MEDIUM,5,COST_BASED,COST_BASED,false,false
2,social_learning_factor_low,1,2045,0.13091842555618938,0.13091842555618938,HYBRID_HEAT_PUMP,TOTAL,4438286,1826150,1825811,38027669,0.09478042506986672,0.0953054486187134,0.06368975487302653,169.01479589412503,0.09548045646833042,LOW,MEDIUM,MEDIUM,5,COST_BASED,COST_BASED,false,false
2,social_learning_factor_low,1,2046,0.1379777524244153,0.1379777524244153,HYBRID_HEAT_PUMP,TOTAL,4439808,1825989,1824467,39853658,0.09471936116868417,0.09539277698943943,0.06352511322673829,167.3704326795443,0.09561724892968959,LOW,MEDIUM,MEDIUM,5,COST_BASED,COST_BASED,false,false
2,social_learning_factor_low,1,2047,0.14503707929264117,0.14503707929264117,HYBRID_HEAT_PUMP,TOTAL,4441355,1818992,1817445,41672650,0.09212430191280259,0.09251364083124382,0.06179489159882171,162.33275699019538,0.09264342047072681,LOW,MEDIUM,MEDIUM,5,COST_BASED,COST_BASED,false,false
2,social_learning_factor_low,1,2048,0.15216771249286937,0.15216771249286937,HYBRID_HEAT_PUMP,TOTAL,4441752,1821367,1820970,43494017,0.09298786138828725,0.09358052163978453,0.06244220820845958,162.3179763204045,0.09377807505694799,LOW,MEDIUM,MEDIUM,5,COST_BASED,COST_BASED,false,false
2,social_learning_factor_low,1,2049,0.15929834569309756,0.15929834569309756,HYBRID_HEAT_PUMP,TOTAL,4442673,1836133,1835212,45330150,0.09831731785389955,0.09940912574429887,0.06595227731796172,167.73623518689598,0.09977306170776204,LOW,MEDIUM,MEDIUM,5,COST_BASED,COST_BASED,false,false
2,social_learning_factor_low,1,2050,0.0,0.0,HYBRID_HEAT_PUMP,TOTAL,4443230,1837323,1836766,47167473,0.09882441482801252,0.09957917531945966,0.06623040253327078,166.51460504354995,0.09983076214994807,LOW,MEDIUM,MEDIUM,5,COST_BASED,COST_BASED,false,false
2,social_learning_factor_low,1,2024,HYBRID_HEAT_PUMP,PRIVATELY_OWNED,131885,131885,0,131885,0.0,0.0,0.0,0.0,0.0,LOW,MEDIUM,MEDIUM,5,COST_BASED,COST_BASED,false,false
2,social_learning_factor_low,1,2025,HYBRID_HEAT_PUMP,PRIVATELY_OWNED,491416,373260,13729,505145,0.7654399228360481,0.7118287949001187,0.055740716274558115,1954.9146463205932,0.6939584189214434,LOW,MEDIUM,MEDIUM,5,COST_BASED,COST_BASED,false,false
2,social_learning_factor_low,1,2026,HYBRID_HEAT_PUMP,PRIVATELY_OWNED,693870,210900,8446,716045,0.7655675262151389,0.71155277349291,0.10572954893115852,1857.3887438837135,0.6935478559187925,LOW,MEDIUM,MEDIUM,5,COST_BASED,COST_BASED,false,false
2,social_learning_factor_low,1,2027,HYBRID_HEAT_PUMP,PRIVATELY_OWNED,912981,227364,8253,943409,0.7657386268416587,0.7160788193890464,0.14298811484393417,1822.4883967187964,0.6995255502382028,LOW,MEDIUM,MEDIUM,5,COST_BASED,COST_BASED,false,false
2,social_learning_factor_low,1,2028,HYBRID_HEAT_PUMP,PRIVATELY_OWNED,1127260,222426,8147,1165835,0.7655517206994734,0.7144072747336953,0.181387665066766,1795.718054623728,0.6973591260784655,LOW,MEDIUM,MEDIUM,5,COST_BASED,COST_BASED,false,false
2,social_learning_factor_low,1,2029,HYBRID_HEAT_PUMP,PRIVATELY_OWNED,1326654,208140,8746,1373975,0.7655291492617204,0.7111744923522478,0.21865960143889893,1780.1348594947158,0.6930562733824082,LOW,MEDIUM,MEDIUM,5,COST_BASED,COST_BASED,false,false
2,social_learning_factor_low,1,2030,HYBRID_HEAT_PUMP,PRIVATELY_OWNED,1545361,227136,8429,1601111,0.7657288038686049,0.7193316541408485,0.25587747260381416,1761.363946110707,0.7038659375649633,LOW,MEDIUM,MEDIUM,5,COST_BASED,COST_BASED,false,false
2,social_learning_factor_low,1,2031,HYBRID_HEAT_PUMP,PRIVATELY_OWNED,1762199,225782,8944,1826893,0.765798722241547,0.7190897163200419,0.29407775393338914,1737.0289044384335,0.7035200476795428,LOW,MEDIUM,MEDIUM,5,COST_BASED,COST_BASED,false,false
2,social_learning_factor_low,1,2032,HYBRID_HEAT_PUMP,PRIVATELY_OWNED,1972151,218741,8789,2045634,0.7655693134822223,0.7175021349191333,0.3326014335271024,1724.8146029755953,0.7014797420647668,LOW,MEDIUM,MEDIUM,5,COST_BASED,COST_BASED,false,false
2,social_learning_factor_low,1,2033,HYBRID_HEAT_PUMP,PRIVATELY_OWNED,2185724,222274,8701,2267908,0.7657663096345962,0.7190747227203476,0.3701098801878023,1704.5722375295618,0.703510860415602,LOW,MEDIUM,MEDIUM,5,COST_BASED,COST_BASED,false,false
2,social_learning_factor_low,1,2034,HYBRID_HEAT_PUMP,PRIVATELY_OWNED,2413372,236532,8884,2504440,0.7654884924066506,0.7233185478492938,0.40801376224667835,1658.9718434517451,0.7092618996634918,LOW,MEDIUM,MEDIUM,5,COST_BASED,COST_BASED,false,false
2,social_learning_factor_low,1,2035,HYBRID_HEAT_PUMP,PRIVATELY_OWNED,2642937,238091,8526,2742531,0.765685871364972,0.721820152050738,0.4499688572732299,1641.368336264645,0.7071982456126669,LOW,MEDIUM,MEDIUM,5,COST_BASED,COST_BASED,false,false
2,social_learning_factor_low,1,2036,HYBRID_HEAT_PUMP,PRIVATELY_OWNED,2797227,163201,8911,2905732,0.7659734580613011,0.7282373182319274,0.4822944500114401,1600.185756621478,0.715658604955453,LOW,MEDIUM,MEDIUM,5,COST_BASED,COST_BASED,false,false
2,social_learning_factor_low,1,2037,HYBRID_HEAT_PUMP,PRIVATELY_OWNED,2812134,24033,9126,2929765,0.7665414167598676,0.7541292946252319,0.4654137908195955,1267.30624465355,0.7499919205803625,LOW,MEDIUM,MEDIUM,5,COST_BASED,COST_BASED,false,false
2,social_learning_factor_low,1,2038,HYBRID_HEAT_PUMP,PRIVATELY_OWNED,2825911,22910,9133,2952675,0.7675868042345115,0.7486924840911947,0.4709965615986211,1304.2210909227279,0.7423943773767708,LOW,MEDIUM,MEDIUM,5,COST_BASED,COST_BASED,false,false
2,social_learning_factor_low,1,2039,HYBRID_HEAT_PUMP,PRIVATELY_OWNED,2831877,11086,5120,2963761,0.7673217096823337,0.7364564475378712,0.46451020225643747,1396.8975419960475,0.7261680268230507,LOW,MEDIUM,MEDIUM,5,COST_BASED,COST_BASED,false,false
2,social_learning_factor_low,1,2040,HYBRID_HEAT_PUMP,PRIVATELY_OWNED,2832009,373393,373261,3337154,0.7607827583655024,0.7653550580345833,0.5114391913416012,1381.0924867366793,0.7668791579243013,LOW,MEDIUM,MEDIUM,5,COST_BASED,COST_BASED,false,false
2,social_learning_factor_low,1,2041,HYBRID_HEAT_PUMP,PRIVATELY_OWNED,2833396,212287,210900,3549441,0.7606757544289136,0.761800333580291,0.5102309686364351,1380.9068746047203,0.7621751932974314,LOW,MEDIUM,MEDIUM,5,COST_BASED,COST_BASED,false,false
2,social_learning_factor_low,1,2042,HYBRID_HEAT_PUMP,PRIVATELY_OWNED,2834642,228610,227364,3778051,0.7609157216343979,0.7672830272599949,0.510220215363747,1372.7494657735178,0.7694054624685308,LOW,MEDIUM,MEDIUM,5,COST_BASED,COST_BASED,false,false
2,social_learning_factor_low,1,2043,HYBRID_HEAT_PUMP,PRIVATELY_OWNED,2835636,223420,222426,4001471,0.7605004774556333,0.7653890325067355,0.5102129575384685,1364.0993811753237,0.7670185508570531,LOW,MEDIUM,MEDIUM,5,COST_BASED,COST_BASED,false,false
2,social_learning_factor_low,1,2044,HYBRID_HEAT_PUMP,PRIVATELY_OWNED,2836631,209135,208140,4210606,0.760309499561925,0.7594051587686379,0.5106841078772703,1359.8920390573915,0.759103711837546,LOW,MEDIUM,MEDIUM,5,COST_BASED,COST_BASED,false,false
2,social_learning_factor_low,1,2045,HYBRID_HEAT_PUMP,PRIVATELY_OWNED,2836970,227475,227136,4438081,0.7608892108642142,0.7651040553690008,0.5112959483959881,1356.836441464145,0.7665090035372748,LOW,MEDIUM,MEDIUM,5,COST_BASED,COST_BASED,false,false
2,social_learning_factor_low,1,2046,HYBRID_HEAT_PUMP,PRIVATELY_OWNED,2838488,227300,225782,4665381,0.7609173408756905,0.7663271511754048,0.5103218564706494,1344.5515574047004,0.7681304212752967,LOW,MEDIUM,MEDIUM,5,COST_BASED,COST_BASED,false,false
2,social_learning_factor_low,1,2047,HYBRID_HEAT_PUMP,PRIVATELY_OWNED,2840031,220284,218741,4885665,0.7607151140571835,0.7639300746441223,0.5102704393379632,1340.4604342717105,0.7650017281731233,LOW,MEDIUM,MEDIUM,5,COST_BASED,COST_BASED,false,false
2,social_learning_factor_low,1,2048,HYBRID_HEAT_PUMP,PRIVATELY_OWNED,2840425,222668,222274,5108333,0.760616802294001,0.7654646107994387,0.5107612114808477,1327.7193201392486,0.7670805469678992,LOW,MEDIUM,MEDIUM,5,COST_BASED,COST_BASED,false,false
2,social_learning_factor_low,1,2049,HYBRID_HEAT_PUMP,PRIVATELY_OWNED,2841344,237451,236532,5345784,0.760256523590274,0.7686991264734901,0.5099879672381291,1297.0509145988894,0.7715133274345369,LOW,MEDIUM,MEDIUM,5,COST_BASED,COST_BASED,false,false
2,social_learning_factor_low,1,2050,HYBRID_HEAT_PUMP,PRIVATELY_OWNED,2841901,238648,238091,5584432,0.7608375948051039,0.7666484074263166,0.5099001117697892,1281.9764409608727,0.7685853449667671,LOW,MEDIUM,MEDIUM,5,COST_BASED,COST_BASED,false,false
2,social_learning_factor_low,1,2024,HYBRID_HEAT_PUMP,SOCIAL_HOUSING,1845,1845,0,1845,0.0,0.0,0.0,0.0,0.0,LOW,MEDIUM,MEDIUM,5,COST_BASED,COST_BASED,false,false
2,social_learning_factor_low,1,2025,HYBRID_HEAT_PUMP,SOCIAL_HOUSING,1594675,1594450,1620,1596295,0.0,0.0,0.0,0.0,0.0,LOW,MEDIUM,MEDIUM,5,COST_BASED,COST_BASED,false,false
2,social_learning_factor_low,1,2026,HYBRID_HEAT_PUMP,SOCIAL_HOUSING,1597339,1597249,1594585,3193544,0.0,0.0,0.0,0.0,0.0,LOW,MEDIUM,MEDIUM,5,COST_BASED,COST_BASED,false,false
2,social_learning_factor_low,1,2027,HYBRID_HEAT_PUMP,SOCIAL_HOUSING,1597963,1597924,1597300,4791468,0.0,0.0,0.0,0.0,0.0,LOW,MEDIUM,MEDIUM,5,COST_BASED,COST_BASED,false,false
2,social_learning_factor_low,1,2028,HYBRID_HEAT_PUMP,SOCIAL_HOUSING,1598188,1598168,1597943,6389636,0.0,0.0,0.0,0.0,0.0,LOW,MEDIUM,MEDIUM,5,COST_BASED,COST_BASED,false,false
2,social_learning_factor_low,1,2029,HYBRID_HEAT_PUMP,SOCIAL_HOUSING,1598264,1598251,1598175,7987887,0.0,0.0,0.0,0.0,0.0,LOW,MEDIUM,MEDIUM,5,COST_BASED,COST_BASED,false,false
2,social_learning_factor_low,1,2030,HYBRID_HEAT_PUMP,SOCIAL_HOUSING,1598331,1598318,1598251,9586205,0.0,0.0,0.0,0.0,0.0,LOW,MEDIUM,MEDIUM,5,COST_BASED,COST_BASED,false,false
2,social_learning_factor_low,1,2031,HYBRID_HEAT_PUMP,SOCIAL_HOUSING,1598354,1598346,1598323,11184551,0.0,0.0,0.0,0.0,0.0,LOW,MEDIUM,MEDIUM,5,COST_BASED,COST_BASED,false,false
2,social_learning_factor_low,1,2032,HYBRID_HEAT_PUMP,SOCIAL_HOUSING,1598376,1598372,1598350,12782923,0.0,0.0,0.0,0.0,0.0,LOW,MEDIUM,MEDIUM,5,COST_BASED,COST_BASED,false,false
2,social_learning_factor_low,1,2033,HYBRID_HEAT_PUMP,SOCIAL_HOUSING,1598394,1598390,1598372,14381313,0.0,0.0,0.0,0.0,0.0,LOW,MEDIUM,MEDIUM,5,COST_BASED,COST_BASED,false,false
2,social_learning_factor_low,1,2034,HYBRID_HEAT_PUMP,SOCIAL_HOUSING,1598421,1598417,1598390,15979730,0.0,0.0,0.0,0.0,0.0,LOW,MEDIUM,MEDIUM,5,COST_BASED,COST_BASED,false,false
2,social_learning_factor_low,1,2035,HYBRID_HEAT_PUMP,SOCIAL_HOUSING,1598441,1598438,1598418,17578168,0.0,0.0,0.0,0.0,0.0,LOW,MEDIUM,MEDIUM,5,COST_BASED,COST_BASED,false,false
2,social_learning_factor_low,1,2036,HYBRID_HEAT_PUMP,SOCIAL_HOUSING,1598457,1598454,1598438,19176622,0.0,0.0,0.0,0.0,0.0,LOW,MEDIUM,MEDIUM,5,COST_BASED,COST_BASED,false,false
2,social_learning_factor_low,1,2037,HYBRID_HEAT_PUMP,SOCIAL_HOUSING,1598457,1598455,1598455,20775077,0.0,0.0,0.0,0.0,0.0,LOW,MEDIUM,MEDIUM,5,COST_BASED,COST_BASED,false,false
2,social_learning_factor_low,1,2038,HYBRID_HEAT_PUMP,SOCIAL_HOUSING,1598458,1598458,1598457,22373535,0.0,0.0,0.0,0.0,0.0,LOW,MEDIUM,MEDIUM,5,COST_BASED,COST_BASED,false,false
2,social_learning_factor_low,1,2039,HYBRID_HEAT_PUMP,SOCIAL_HOUSING,1598458,1598458,1598458,23971993,0.0,0.0,0.0,0.0,0.0,LOW,MEDIUM,MEDIUM,5,COST_BASED,COST_BASED,false,false
2,social_learning_factor_low,1,2040,HYBRID_HEAT_PUMP,SOCIAL_HOUSING,1598458,1598458,1598458,25570451,0.0,0.0,0.0,0.0,0.0,LOW,MEDIUM,MEDIUM,5,COST_BASED,COST_BASED,false,false
2,social_learning_factor_low,1,2041,HYBRID_HEAT_PUMP,SOCIAL_HOUSING,1598458,1598458,1598458,27168909,0.0,0.0,0.0,0.0,0.0,LOW,MEDIUM,MEDIUM,5,COST_BASED,COST_BASED,false,false
2,social_learning_factor_low,1,2042,HYBRID_HEAT_PUMP,SOCIAL_HOUSING,1598458,1598458,1598458,28767367,0.0,0.0,0.0,0.0,0.0,LOW,MEDIUM,MEDIUM,5,COST_BASED,COST_BASED,false,false
2,social_learning_factor_low,1,2043,HYBRID_HEAT_PUMP,SOCIAL_HOUSING,1598458,1598458,1598458,30365825,0.0,0.0,0.0,0.0,0.0,LOW,MEDIUM,MEDIUM,5,COST_BASED,COST_BASED,false,false
2,social_learning_factor_low,1,2044,HYBRID_HEAT_PUMP,SOCIAL_HOUSING,1598458,1598458,1598458,31964283,0.0,0.0,0.0,0.0,0.0,LOW,MEDIUM,MEDIUM,5,COST_BASED,COST_BASED,false,false
2,social_learning_factor_low,1,2045,HYBRID_HEAT_PUMP,SOCIAL_HOUSING,1598458,1598458,1598458,33562741,0.0,0.0,0.0,0.0,0.0,LOW,MEDIUM,MEDIUM,5,COST_BASED,COST_BASED,false,false
2,social_learning_factor_low,1,2046,HYBRID_HEAT_PUMP,SOCIAL_HOUSING,1598458,1598458,1598458,35161199,0.0,0.0,0.0,0.0,0.0,LOW,MEDIUM,MEDIUM,5,COST_BASED,COST_BASED,false,false
2,social_learning_factor_low,1,2047,HYBRID_HEAT_PUMP,SOCIAL_HOUSING,1598458,1598458,1598458,36759657,0.0,0.0,0.0,0.0,0.0,LOW,MEDIUM,MEDIUM,5,COST_BASED,COST_BASED,false,false
2,social_learning_factor_low,1,2048,HYBRID_HEAT_PUMP,SOCIAL_HOUSING,1598459,1598459,1598458,38358116,0.0,0.0,0.0,0.0,0.0,LOW,MEDIUM,MEDIUM,5,COST_BASED,COST_BASED,false,false
2,social_learning_factor_low,1,2049,HYBRID_HEAT_PUMP,SOCIAL_HOUSING,1598459,1598459,1598459,39956575,0.0,0.0,0.0,0.0,0.0,LOW,MEDIUM,MEDIUM,5,COST_BASED,COST_BASED,false,false
2,social_learning_factor_low,1,2050,HYBRID_HEAT_PUMP,SOCIAL_HOUSING,1598459,1598459,1598459,41555034,0.0,0.0,0.0,0.0,0.0,LOW,MEDIUM,MEDIUM,5,COST_BASED,COST_BASED,false,false
2,social_learning_factor_low,1,2024,HYBRID_HEAT_PUMP,PRIVATELY_RENTED,22430,22430,0,22430,0.0,0.0,0.0,0.0,0.0,LOW,MEDIUM,MEDIUM,5,COST_BASED,COST_BASED,false,false
2,social_learning_factor_low,1,2025,HYBRID_HEAT_PUMP,PRIVATELY_RENTED,20398,416,2448,22846,0.0,0.0,0.0,0.0,0.0,LOW,MEDIUM,MEDIUM,5,COST_BASED,COST_BASED,false,false
2,social_learning_factor_low,1,2026,HYBRID_HEAT_PUMP,PRIVATELY_RENTED,19031,225,1592,23071,0.0,0.0,0.0,0.0,0.0,LOW,MEDIUM,MEDIUM,5,COST_BASED,COST_BASED,false,false
2,social_learning_factor_low,1,2027,HYBRID_HEAT_PUMP,PRIVATELY_RENTED,17674,225,1582,23296,0.0,0.0,0.0,0.0,0.0,LOW,MEDIUM,MEDIUM,5,COST_BASED,COST_BASED,false,false
2,social_learning_factor_low,1,2028,HYBRID_HEAT_PUMP,PRIVATELY_RENTED,16385,240,1529,23536,0.0,0.0,0.0,0.0,0.0,LOW,MEDIUM,MEDIUM,5,COST_BASED,COST_BASED,false,false
2,social_learning_factor_low,1,2029,HYBRID_HEAT_PUMP,PRIVATELY_RENTED,15141,236,1480,23772,0.0,0.0,0.0,0.0,0.0,LOW,MEDIUM,MEDIUM,5,COST_BASED,COST_BASED,false,false
2,social_learning_factor_low,1,2030,HYBRID_HEAT_PUMP,PRIVATELY_RENTED,13943,217,1415,23989,0.0,0.0,0.0,0.0,0.0,LOW,MEDIUM,MEDIUM,5,COST_BASED,COST_BASED,false,false
2,social_learning_factor_low,1,2031,HYBRID_HEAT_PUMP,PRIVATELY_RENTED,12640,227,1530,24216,0.0,0.0,0.0,0.0,0.0,LOW,MEDIUM,MEDIUM,5,COST_BASED,COST_BASED,false,false
2,social_learning_factor_low,1,2032,HYBRID_HEAT_PUMP,PRIVATELY_RENTED,11450,246,1436,24462,0.0,0.0,0.0,0.0,0.0,LOW,MEDIUM,MEDIUM,5,COST_BASED,COST_BASED,false,false
2,social_learning_factor_low,1,2033,HYBRID_HEAT_PUMP,PRIVATELY_RENTED,10194,238,1494,24700,0.0,0.0,0.0,0.0,0.0,LOW,MEDIUM,MEDIUM,5,COST_BASED,COST_BASED,false,false
2,social_learning_factor_low,1,2034,HYBRID_HEAT_PUMP,PRIVATELY_RENTED,8873,221,1542,24921,0.0,0.0,0.0,0.0,0.0,LOW,MEDIUM,MEDIUM,5,COST_BASED,COST_BASED,false,false
2,social_learning_factor_low,1,2035,HYBRID_HEAT_PUMP,PRIVATELY_RENTED,7658,216,1431,25137,0.0,0.0,0.0,0.0,0.0,LOW,MEDIUM,MEDIUM,5,COST_BASED,COST_BASED,false,false
2,social_learning_factor_low,1,2036,HYBRID_HEAT_PUMP,PRIVATELY_RENTED,6360,117,1415,25254,0.0,0.0,0.0,0.0,0.0,LOW,MEDIUM,MEDIUM,5,COST_BASED,COST_BASED,false,false
2,social_learning_factor_low,1,2037,HYBRID_HEAT_PUMP,PRIVATELY_RENTED,5059,12,1313,25266,0.0,0.0,0.0,0.0,0.0,LOW,MEDIUM,MEDIUM,5,COST_BASED,COST_BASED,false,false
2,social_learning_factor_low,1,2038,HYBRID_HEAT_PUMP,PRIVATELY_RENTED,3686,9,1382,25275,0.0,0.0,0.0,0.0,0.0,LOW,MEDIUM,MEDIUM,5,COST_BASED,COST_BASED,false,false
2,social_learning_factor_low,1,2039,HYBRID_HEAT_PUMP,PRIVATELY_RENTED,2850,5,841,25280,0.0,0.0,0.0,0.0,0.0,LOW,MEDIUM,MEDIUM,5,COST_BASED,COST_BASED,false,false
2,social_learning_factor_low,1,2040,HYBRID_HEAT_PUMP,PRIVATELY_RENTED,2852,418,416,25698,0.0,0.0,0.0,0.0,0.0,LOW,MEDIUM,MEDIUM,5,COST_BASED,COST_BASED,false,false
2,social_learning_factor_low,1,2041,HYBRID_HEAT_PUMP,PRIVATELY_RENTED,2854,227,225,25925,0.0,0.0,0.0,0.0,0.0,LOW,MEDIUM,MEDIUM,5,COST_BASED,COST_BASED,false,false
2,social_learning_factor_low,1,2042,HYBRID_HEAT_PUMP,PRIVATELY_RENTED,2855,226,225,26151,0.0,0.0,0.0,0.0,0.0,LOW,MEDIUM,MEDIUM,5,COST_BASED,COST_BASED,false,false
2,social_learning_factor_low,1,2043,HYBRID_HEAT_PUMP,PRIVATELY_RENTED,2858,243,240,26394,0.0,0.0,0.0,0.0,0.0,LOW,MEDIUM,MEDIUM,5,COST_BASED,COST_BASED,false,false
2,social_learning_factor_low,1,2044,HYBRID_HEAT_PUMP,PRIVATELY_RENTED,2858,236,236,26630,0.0,0.0,0.0,0.0,0.0,LOW,MEDIUM,MEDIUM,5,COST_BASED,COST_BASED,false,false
2,social_learning_factor_low,1,2045,HYBRID_HEAT_PUMP,PRIVATELY_RENTED,2858,217,217,26847,0.0,0.0,0.0,0.0,0.0,LOW,MEDIUM,MEDIUM,5,COST_BASED,COST_BASED,false,false
2,social_learning_factor_low,1,2046,HYBRID_HEAT_PUMP,PRIVATELY_RENTED,2862,231,227,27078,0.0,0.0,0.0,0.0,0.0,LOW,MEDIUM,MEDIUM,5,COST_BASED,COST_BASED,false,false
2,social_learning_factor_low,1,2047,HYBRID_HEAT_PUMP,PRIVATELY_RENTED,2866,250,246,27328,0.0,0.0,0.0,0.0,0.0,LOW,MEDIUM,MEDIUM,5,COST_BASED,COST_BASED,false,false
2,social_learning_factor_low,1,2048,HYBRID_HEAT_PUMP,PRIVATELY_RENTED,2868,240,238,27568,0.0,0.0,0.0,0.0,0.0,LOW,MEDIUM,MEDIUM,5,COST_BASED,COST_BASED,false,false
2,social_learning_factor_low,1,2049,HYBRID_HEAT_PUMP,PRIVATELY_RENTED,2870,223,221,27791,0.0,0.0,0.0,0.0,0.0,LOW,MEDIUM,MEDIUM,5,COST_BASED,COST_BASED,false,false
2,social_learning_factor_low,1,2050,HYBRID_HEAT_PUMP,PRIVATELY_RENTED,2870,216,216,28007,0.0,0.0,0.0,0.0,0.0,LOW,MEDIUM,MEDIUM,5,COST_BASED,COST_BASED,false,false
3,social_learning_factor_high,1,2024,0.003280091272104963,0.003280091272104963,NATURAL_GAS_BOILER,TOTAL,6875115,6875115,0,6875115,0.0,0.0,0.0,0.0,0.0,HIGH,MEDIUM,MEDIUM,5,COST_BASED,COST_BASED,false,false
3,social_learning_factor_high,1,2025,0.0068454078722190535,0.0068454078722190535,NATURAL_GAS_BOILER,TOTAL,4821827,9878,2063166,6884993,0.2854468549148994,0.6212675763941065,0.7674202045859767,1769.4458612216629,0.7332078168871449,HIGH,MEDIUM,MEDIUM,5,COST_BASED,COST_BASED,false,false
3,social_learning_factor_high,1,2026,0.010838562464346835,0.010838562464346835,NATURAL_GAS_BOILER,TOTAL,4387931,5756,439652,6890749,0.28556137565911366,0.6221176922339737,0.6814463923058776,1769.6828498228504,0.7343031310922751,HIGH,MEDIUM,MEDIUM,5,COST_BASED,COST_BASED,false,false
3,social_learning_factor_high,1,2027,0.014974329720479178,0.014974329720479178,NATURAL_GAS_BOILER,TOTAL,3955724,7091,439298,6897840,0.28628425491457815,0.6259877651184192,0.6172022666608169,1760.4602410319712,0.7392222685197095,HIGH,MEDIUM,MEDIUM,5,COST_BASED,COST_BASED,false,false
3,social_learning_factor_high,1,2028,0.019680547632629778,0.019680547632629778,NATURAL_GAS_BOILER,TOTAL,3515349,5638,446013,6903478,0.2855551823616734,0.6225612762423087,0.5530571757840071,1758.0141894321828,0.73489664086919,HIGH,MEDIUM,MEDIUM,5,COST_BASED,COST_BASED,false,false
3,social_learning_factor_high,1,2029,0.024743297204791785,0.024743297204791785,NATURAL_GAS_BOILER,TOTAL,3075045,5744,446048,6909222,0.28539508642332956,0.6235463688821453,0.4887610748852181,1756.5473967183807,0.7362634630352557,HIGH,MEDIUM,MEDIUM,5,COST_BASED,COST_BASED,false,false
3,social_learning_factor_high,1,2030,0.030233884768967486,0.030233884768967486,NATURAL_GAS_BOILER,TOTAL,2632188,6196,449053,6915418,0.28534243295526995,0.6257481228368413,0.4243621389923269,1753.9564125039085,0.7392166861306922,HIGH,MEDIUM,MEDIUM,5,COST_BASED,COST_BASED,false,false
3,social_learning_factor_high,1,2031,0.03593839132915003,0.03593839132915003,NATURAL_GAS_BOILER,TOTAL,2184932,5091,452347,6920509,0.28519848107796175,0.6179614890559114,0.3578216195194313,1746.506325181665,0.7288824917152222,HIGH,MEDIUM,MEDIUM,5,COST_BASED,COST_BASED,false,false
3,social_learning_factor_high,1,2032,0.0419281232173417,0.0419281232173417,NATURAL_GAS_BOILER,TOTAL,1740159,6182,450955,6926691,0.28527729953234465,0.6261343229871658,0.2935100585119453,1746.1487136489652,0.7397533308054213,HIGH,MEDIUM,MEDIUM,5,COST_BASED,COST_BASED,false,false
3,social_learning_factor_high,1,2033,0.04855961209355391,0.04855961209355391,NATURAL_GAS_BOILER,TOTAL,1294974,5726,450911,6932417,0.2844998829728523,0.622340510184312,0.22695384829245005,1734.022510084896,0.734954052588129,HIGH,MEDIUM,MEDIUM,5,COST_BASED,COST_BASED,false,false
3,social_learning_factor_high,1,2034,0.05554763262977752,0.05554763262977752,NATURAL_GAS_BOILER,TOTAL,834522,5929,466381,6938346,0.2848399453507424,0.6242500469679535,0.16012744506278445,1694.2752074302582,0.7373867475069844,HIGH,MEDIUM,MEDIUM,5,COST_BASED,COST_BASED,false,false
3,social_learning_factor_high,1,2035,0.06282087849401027,0.06282087849401027,NATURAL_GAS_BOILER,TOTAL,372545,5757,467734,6944103,0.28450612619210697,0.6244008434822982,0.09136243601172421,1688.7462645257467,0.7376990825790378,HIGH,MEDIUM,MEDIUM,5,COST_BASED,COST_BASED,false,false
3,social_learning_factor_high,1,2036,0.07009412435824301,0.07009412435824301,NATURAL_GAS_BOILER,TOTAL,73189,4038,303394,6948141,0.2838840206915924,0.6207891371716843,0.03479443905587244,1724.5322458286876,0.7330908426650536,HIGH,MEDIUM,MEDIUM,5,COST_BASED,COST_BASED,false,false
3,social_learning_factor_high,1,2037,0.07736737022247575,0.07736737022247575,NATURAL_GAS_BOILER,TOTAL,69975,6827,10041,6954968,0.35492355878454923,0.6182296427682414,0.012332318781183738,1530.7886616262183,0.705998337429484,HIGH,MEDIUM,MEDIUM,5,COST_BASED,COST_BASED,false,false
3,social_learning_factor_high,1,2038,0.0846406160867085,0.0846406160867085,NATURAL_GAS_BOILER,TOTAL,68884,4665,5756,6959633,0.33195680370498076,0.6144785356453647,0.011724852234539146,1567.0474422579289,0.7086524462921541,HIGH,MEDIUM,MEDIUM,5,COST_BASED,COST_BASED,false,false
3,social_learning_factor_high,1,2039,0.09191386195094124,0.09191386195094124,NATURAL_GAS_BOILER,TOTAL,67033,5240,7091,6964873,0.37773793955952645,0.6276750157446848,0.011720788349641334,1667.882455259435,0.710987374473078,HIGH,MEDIUM,MEDIUM,5,COST_BASED,COST_BASED,false,false
3,social_learning_factor_high,1,2040,0.099187107815174,0.099187107815174,NATURAL_GAS_BOILER,TOTAL,66046,4651,5638,6969524,0.27721475286130487,0.5955343541430311,0.011866373957084902,1787.6948538674576,0.7016408879035719,HIGH,MEDIUM,MEDIUM,5,COST_BASED,COST_BASED,false,false
3,social_learning_factor_high,1,2041,0.10646035367940673,0.10646035367940673,NATURAL_GAS_BOILER,TOTAL,65009,4707,5744,6974231,0.2802395419805572,0.595482550541592,0.011605086181569363,1785.1371134313163,0.7005635533952737,HIGH,MEDIUM,MEDIUM,5,COST_BASED,COST_BASED,false,false
3,social_learning_factor_high,1,2042,0.11373359954363947,0.11373359954363947,NATURAL_GAS_BOILER,TOTAL,63797,4984,6196,6979215,0.2798599249703082,0.5992423607670327,0.011425287923683103,1777.1821666821363,0.7057031726993265,HIGH,MEDIUM,MEDIUM,5,COST_BASED,COST_BASED,false,false
3,social_learning_factor_high,1,2043,0.12100684540787222,0.12100684540787222,NATURAL_GAS_BOILER,TOTAL,62954,4248,5091,6983463,0.27970261791027884,0.5964648991259832,0.011218761963773173,1775.2638357030385,0.702052326197926,HIGH,MEDIUM,MEDIUM,5,COST_BASED,COST_BASED,false,false
3,social_learning_factor_high,1,2044,0.12828009127210496,0.12828009127210496,NATURAL_GAS_BOILER,TOTAL,61758,4986,6182,6988449,0.28061097352872316,0.5970763869394189,0.011056443271324521,1774.5100683453927,0.7025648580762899,HIGH,MEDIUM,MEDIUM,5,COST_BASED,COST_BASED,false,false
3,social_learning_factor_high,1,2045,0.13555333713633771,0.13555333713633771,NATURAL_GAS_BOILER,TOTAL,60839,4807,5726,6993256,0.27862501004624785,0.5988967524286334,0.010804396217672249,1765.6135656177441,0.7056539998894282,HIGH,MEDIUM,MEDIUM,5,COST_BASED,COST_BASED,false,false
3,social_learning_factor_high,1,2046,0.14282658300057044,0.14282658300057044,NATURAL_GAS_BOILER,TOTAL,59789,4879,5929,6998135,0.2802634893367806,0.5909485105076243,0.010660823101763682,1761.522892847496,0.6945101842312279,HIGH,MEDIUM,MEDIUM,5,COST_BASED,COST_BASED,false,false
3,social_learning_factor_high,1,2047,0.1500998288648032,0.1500998288648032,NATURAL_GAS_BOILER,TOTAL,58979,4947,5757,7003082,0.2791346692478126,0.5976722744656425,0.010429357039415473,1754.027506667302,0.7038514762049423,HIGH,MEDIUM,MEDIUM,5,COST_BASED,COST_BASED,false,false
3,social_learning_factor_high,1,2048,0.15737307472903594,0.15737307472903594,NATURAL_GAS_BOILER,TOTAL,58126,3185,4038,7006267,0.2760536855987438,0.5938715618911292,0.010307948203508695,1741.4260765164865,0.6998108539885658,HIGH,MEDIUM,MEDIUM,5,COST_BASED,COST_BASED,false,false
3,social_learning_factor_high,1,2049,0.16464632059326867,0.16464632059326867,NATURAL_GAS_BOILER,TOTAL,57133,5834,6827,7012101,0.2795291176377371,0.5962403192082253,0.01014031517684023,1706.697836566891,0.7018107197316856,HIGH,MEDIUM,MEDIUM,5,COST_BASED,COST_BASED,false,false
3,social_learning_factor_high,1,2050,0.0,0.0,NATURAL_GAS_BOILER,TOTAL,56469,4001,4665,7016102,0.2769827706979253,0.5950865587557537,0.010024775991173022,1696.468655183303,0.7011211547750638,HIGH,MEDIUM,MEDIUM,5,COST_BASED,COST_BASED,false,false
3,social_learning_factor_high,1,2024,NATURAL_GAS_BOILER,PRIVATELY_OWNED,4615761,4615761,0,4615761,0.0,0.0,0.0,0.0,0.0,HIGH,MEDIUM,MEDIUM,5,COST_BASED,COST_BASED,false,false
3,social_learning_factor_high,1,2025,NATURAL_GAS_BOILER,PRIVATELY_OWNED,4017261,9878,608378,4625639,0.2854468549148994,0.6212675763941065,0.7674202045859767,1769.4458612216627,0.7332078168871449,HIGH,MEDIUM,MEDIUM,5,COST_BASED,COST_BASED,false,false
3,social_learning_factor_high,1,2026,NATURAL_GAS_BOILER,PRIVATELY_OWNED,3661435,5756,361582,4631395,0.28556137565911366,0.6221176922339737,0.6814463923058776,1769.6828498228504,0.7343031310922751,HIGH,MEDIUM,MEDIUM,5,COST_BASED,COST_BASED,false,false
3,social_learning_factor_high,1,2027,NATURAL_GAS_BOILER,PRIVATELY_OWNED,3304103,7091,364423,4638486,0.28628425491457815,0.6259877651184192,0.6172022666608169,1760.4602410319712,0.7392222685197095,HIGH,MEDIUM,MEDIUM,5,COST_BASED,COST_BASED,false,false
3,social_learning_factor_high,1,2028,NATURAL_GAS_BOILER,PRIVATELY_OWNED,2940598,5633,369138,4644119,0.2858086487049733,0.6231138781207415,0.5535480839819337,1759.574649390848,0.735548954592667,HIGH,MEDIUM,MEDIUM,5,COST_BASED,COST_BASED,false,false
3,social_learning_factor_high,1,2029,NATURAL_GAS_BOILER,PRIVATELY_OWNED,2575690,5738,370646,4649857,0.2856935127946332,0.624198386695546,0.4892721530395073,1758.3841489631195,0.7370333446626888,HIGH,MEDIUM,MEDIUM,5,COST_BASED,COST_BASED,false,false
3,social_learning_factor_high,1,2030,NATURAL_GAS_BOILER,PRIVATELY_OWNED,2208515,6192,373367,4656049,0.28552676269232113,0.6261523528903534,0.42463627474102994,1755.0894592820118,0.7396942162896915,HIGH,MEDIUM,MEDIUM,5,COST_BASED,COST_BASED,false,false
3,social_learning_factor_high,1,2031,NATURAL_GAS_BOILER,PRIVATELY_OWNED,1837741,5084,375858,4661133,0.2855911619134349,0.6188123408307721,0.35831429287439515,1748.911034913426,0.7298860671365452,HIGH,MEDIUM,MEDIUM,5,COST_BASED,COST_BASED,false,false
3,social_learning_factor_high,1,2032,NATURAL_GAS_BOILER,PRIVATELY_OWNED,1469864,6173,374050,4667306,0.2856932230210521,0.6270472030951982,0.2939379850511657,1748.694532282181,0.7408318631198955,HIGH,MEDIUM,MEDIUM,5,COST_BASED,COST_BASED,false,false
3,social_learning_factor_high,1,2033,NATURAL_GAS_BOILER,PRIVATELY_OWNED,1099415,5704,376153,4673010,0.2855971826617377,0.6247408417453314,0.227829196234672,1740.7105351939192,0.7377887281065263,HIGH,MEDIUM,MEDIUM,5,COST_BASED,COST_BASED,false,false
3,social_learning_factor_high,1,2034,NATURAL_GAS_BOILER,PRIVATELY_OWNED,711758,5910,393567,4678920,0.2857556744474707,0.6262569422120129,0.1606422371873518,1699.7221158805414,0.7397573648001541,HIGH,MEDIUM,MEDIUM,5,COST_BASED,COST_BASED,false,false
3,social_learning_factor_high,1,2035,NATURAL_GAS_BOILER,PRIVATELY_OWNED,322108,5733,395383,4684653,0.28569715131483686,0.627014766427279,0.09174490565489207,1695.8158459575654,0.7407873047981024,HIGH,MEDIUM,MEDIUM,5,COST_BASED,COST_BASED,false,false
3,social_learning_factor_high,1,2036,NATURAL_GAS_BOILER,PRIVATELY_OWNED,73063,4008,253053,4688661,0.2860089010859906,0.6254357624499155,0.03505487647395532,1737.4404213214173,0.7385780495712292,HIGH,MEDIUM,MEDIUM,5,COST_BASED,COST_BASED,false,false
3,social_learning_factor_high,1,2037,NATURAL_GAS_BOILER,PRIVATELY_OWNED,69807,6785,10041,4695446,0.35712058007695174,0.6220565617065268,0.012408657379387086,1540.264435213293,0.7103685555830638,HIGH,MEDIUM,MEDIUM,5,COST_BASED,COST_BASED,false,false
3,social_learning_factor_high,1,2038,NATURAL_GAS_BOILER,PRIVATELY_OWNED,68676,4625,5756,4700071,0.33482778146675357,0.6197929446022976,0.011826256361972999,1580.6002850017812,0.7147813323141403,HIGH,MEDIUM,MEDIUM,5,COST_BASED,COST_BASED,false,false
3,social_learning_factor_high,1,2039,NATURAL_GAS_BOILER,PRIVATELY_OWNED,66820,5235,7091,4705306,0.37809872078164636,0.6282745143270579,0.011731982989898871,1669.4754662004661,0.7116664455088689,HIGH,MEDIUM,MEDIUM,5,COST_BASED,COST_BASED,false,false
3,social_learning_factor_high,1,2040,NATURAL_GAS_BOILER,PRIVATELY_OWNED,65833,4646,5633,4709952,0.2775130898747157,0.5961752649847692,0.01187914448437406,1789.6187613726959,0.7023959900214191,HIGH,MEDIUM,MEDIUM,5,COST_BASED,COST_BASED,false,false
3,social_learning_factor_high,1,2041,NATURAL_GAS_BOILER,PRIVATELY_OWNED,64795,4700,5738,4714652,0.28065692002180487,0.596369439446654,0.011622370352478083,1787.7958282811076,0.701606945921607,HIGH,MEDIUM,MEDIUM,5,COST_BASED,COST_BASED,false,false
3,social_learning_factor_high,1,2042,NATURAL_GAS_BOILER,PRIVATELY_OWNED,63583,4980,6192,4719632,0.2800847120586378,0.5997236799323075,0.011434464861774416,1778.6096222377041,0.7062700025569163,HIGH,MEDIUM,MEDIUM,5,COST_BASED,COST_BASED,false,false
3,social_learning_factor_high,1,2043,NATURAL_GAS_BOILER,PRIVATELY_OWNED,62739,4240,5084,4723872,0.28023035869878876,0.5975903045960322,0.011239929439176519,1778.6133901100254,0.7033769532284881,HIGH,MEDIUM,MEDIUM,5,COST_BASED,COST_BASED,false,false
3,social_learning_factor_high,1,2044,NATURAL_GAS_BOILER,PRIVATELY_OWNED,61543,4977,6173,4728849,0.28111840747723804,0.5981560910749333,0.011076436839627097,1777.7189473116593,0.703835318940804,HIGH,MEDIUM,MEDIUM,5,COST_BASED,COST_BASED,false,false
3,social_learning_factor_high,1,2045,NATURAL_GAS_BOILER,PRIVATELY_OWNED,60624,4785,5704,4733634,0.27990604457519613,0.6016503007156616,0.010854071602581087,1773.7313291378257,0.7088983860958163,HIGH,MEDIUM,MEDIUM,5,COST_BASED,COST_BASED,false,false
3,social_learning_factor_high,1,2046,NATURAL_GAS_BOILER,PRIVATELY_OWNED,59572,4858,5910,4738492,0.2814750029794468,0.5935030429737956,0.010706907351483122,1769.1375451220529,0.6975123896385674,HIGH,MEDIUM,MEDIUM,5,COST_BASED,COST_BASED,false,false
3,social_learning_factor_high,1,2047,NATURAL_GAS_BOILER,PRIVATELY_OWNED,58762,4923,5733,4743415,0.28049547202293906,0.6005859723301917,0.010480200949418716,1762.5785243719567,0.7072828057659658,HIGH,MEDIUM,MEDIUM,5,COST_BASED,COST_BASED,false,false
3,social_learning_factor_high,1,2048,NATURAL_GAS_BOILER,PRIVATELY_OWNED,57909,3155,4008,4746570,0.27867860178510273,0.5995185181056248,0.010405963558851093,1757.9848030760727,0.7064651568791068,HIGH,MEDIUM,MEDIUM,5,COST_BASED,COST_BASED,false,false
3,social_learning_factor_high,1,2049,NATURAL_GAS_BOILER,PRIVATELY_OWNED,56915,5791,6785,4752361,0.2816047094281744,0.6006675914800184,0.010215610212689673,1719.3706058593061,0.7070218854972636,HIGH,MEDIUM,MEDIUM,5,COST_BASED,COST_BASED,false,false
3,social_learning_factor_high,1,2050,NATURAL_GAS_BOILER,PRIVATELY_OWNED,56251,3961,4625,4756322,0.2797798701243119,0.6010960165568721,0.01012601079037699,1713.6003760132278,0.7082013987010931,HIGH,MEDIUM,MEDIUM,5,COST_BASED,COST_BASED,false,false
3,social_learning_factor_high,1,2024,NATURAL_GAS_BOILER,SOCIAL_HOUSING,1330215,1330215,0,1330215,0.0,0.0,0.0,0.0,0.0,HIGH,MEDIUM,MEDIUM,5,COST_BASED,COST_BASED,false,false
3,social_learning_factor_high,1,2025,NATURAL_GAS_BOILER,SOCIAL_HOUSING,3210,0,1327005,1330215,0.0,0.0,0.0,0.0,0.0,HIGH,MEDIUM,MEDIUM,5,COST_BASED,COST_BASED,false,false
3,social_learning_factor_high,1,2026,NATURAL_GAS_BOILER,SOCIAL_HOUSING,920,0,2290,1330215,0.0,0.0,0.0,0.0,0.0,HIGH,MEDIUM,MEDIUM,5,COST_BASED,COST_BASED,false,false
3,social_learning_factor_high,1,2027,NATURAL_GAS_BOILER,SOCIAL_HOUSING,445,0,475,1330215,0.0,0.0,0.0,0.0,0.0,HIGH,MEDIUM,MEDIUM,5,COST_BASED,COST_BASED,false,false
3,social_learning_factor_high,1,2028,NATURAL_GAS_BOILER,SOCIAL_HOUSING,262,0,183,1330215,0.0,0.0,0.0,0.0,0.0,HIGH,MEDIUM,MEDIUM,5,COST_BASED,COST_BASED,false,false
3,social_learning_factor_high,1,2029,NATURAL_GAS_BOILER,SOCIAL_HOUSING,189,0,73,1330215,0.0,0.0,0.0,0.0,0.0,HIGH,MEDIUM,MEDIUM,5,COST_BASED,COST_BASED,false,false
3,social_learning_factor_high,1,2030,NATURAL_GAS_BOILER,SOCIAL_HOUSING,116,0,73,1330215,0.0,0.0,0.0,0.0,0.0,HIGH,MEDIUM,MEDIUM,5,COST_BASED,COST_BASED,false,false
3,social_learning_factor_high,1,2031,NATURAL_GAS_BOILER,SOCIAL_HOUSING,105,0,11,1330215,0.0,0.0,0.0,0.0,0.0,HIGH,MEDIUM,MEDIUM,5,COST_BASED,COST_BASED,false,false
3,social_learning_factor_high,1,2032,NATURAL_GAS_BOILER,SOCIAL_HOUSING,83,0,22,1330215,0.0,0.0,0.0,0.0,0.0,HIGH,MEDIUM,MEDIUM,5,COST_BASED,COST_BASED,false,false
3,social_learning_factor_high,1,2033,NATURAL_GAS_BOILER,SOCIAL_HOUSING,60,0,23,1330215,0.0,0.0,0.0,0.0,0.0,HIGH,MEDIUM,MEDIUM,5,COST_BASED,COST_BASED,false,false
3,social_learning_factor_high,1,2034,NATURAL_GAS_BOILER,SOCIAL_HOUSING,42,0,18,1330215,0.0,0.0,0.0,0.0,0.0,HIGH,MEDIUM,MEDIUM,5,COST_BASED,COST_BASED,false,false
3,social_learning_factor_high,1,2035,NATURAL_GAS_BOILER,SOCIAL_HOUSING,26,0,16,1330215,0.0,0.0,0.0,0.0,0.0,HIGH,MEDIUM,MEDIUM,5,COST_BASED,COST_BASED,false,false
3,social_learning_factor_high,1,2036,NATURAL_GAS_BOILER,SOCIAL_HOUSING,0,0,26,1330215,0.0,0.0,0.0,0.0,0.0,HIGH,MEDIUM,MEDIUM,5,COST_BASED,COST_BASED,false,false
3,social_learning_factor_high,1,2037,NATURAL_GAS_BOILER,SOCIAL_HOUSING,0,0,0,1330215,0.0,0.0,0.0,0.0,0.0,HIGH,MEDIUM,MEDIUM,5,COST_BASED,COST_BASED,false,false
3,social_learning_factor_high,1,2038,NATURAL_GAS_BOILER,SOCIAL_HOUSING,0,0,0,1330215,0.0,0.0,0.0,0.0,0.0,HIGH,MEDIUM,MEDIUM,5,COST_BASED,COST_BASED,false,false
3,social_learning_factor_high,1,2039,NATURAL_GAS_BOILER,SOCIAL_HOUSING,0,0,0,1330215,0.0,0.0,0.0,0.0,0.0,HIGH,MEDIUM,MEDIUM,5,COST_BASED,COST_BASED,false,false
3,social_learning_factor_high,1,2040,NATURAL_GAS_BOILER,SOCIAL_HOUSING,0,0,0,1330215,0.0,0.0,0.0,0.0,0.0,HIGH,MEDIUM,MEDIUM,5,COST_BASED,COST_BASED,false,false
3,social_learning_factor_high,1,2041,NATURAL_GAS_BOILER,SOCIAL_HOUSING,0,0,0,1330215,0.0,0.0,0.0,0.0,0.0,HIGH,MEDIUM,MEDIUM,5,COST_BASED,COST_BASED,false,false
3,social_learning_factor_high,1,2042,NATURAL_GAS_BOILER,SOCIAL_HOUSING,0,0,0,1330215,0.0,0.0,0.0,0.0,0.0,HIGH,MEDIUM,MEDIUM,5,COST_BASED,COST_BASED,false,false
3,social_learning_factor_high,1,2043,NATURAL_GAS_BOILER,SOCIAL_HOUSING,0,0,0,1330215,0.0,0.0,0.0,0.0,0.0,HIGH,MEDIUM,MEDIUM,5,COST_BASED,COST_BASED,false,false
3,social_learning_factor_high,1,2044,NATURAL_GAS_BOILER,SOCIAL_HOUSING,0,0,0,1330215,0.0,0.0,0.0,0.0,0.0,HIGH,MEDIUM,MEDIUM,5,COST_BASED,COST_BASED,false,false
3,social_learning_factor_high,1,2045,NATURAL_GAS_BOILER,SOCIAL_HOUSING,0,0,0,1330215,0.0,0.0,0.0,0.0,0.0,HIGH,MEDIUM,MEDIUM,5,COST_BASED,COST_BASED,false,false
3,social_learning_factor_high,1,2046,NATURAL_GAS_BOILER,SOCIAL_HOUSING,0,0,0,1330215,0.0,0.0,0.0,0.0,0.0,HIGH,MEDIUM,MEDIUM,5,COST_BASED,COST_BASED,false,false
3,social_learning_factor_high,1,2047,NATURAL_GAS_BOILER,SOCIAL_HOUSING,0,0,0,1330215,0.0,0.0,0.0,0.0,0.0,HIGH,MEDIUM,MEDIUM,5,COST_BASED,COST_BASED,false,false
3,social_learning_factor_high,1,2048,NATURAL_GAS_BOILER,SOCIAL_HOUSING,0,0,0,1330215,0.0,0.0,0.0,0.0,0.0,HIGH,MEDIUM,MEDIUM,5,COST_BASED,COST_BASED,false,false
3,social_learning_factor_high,1,2049,NATURAL_GAS_BOILER,SOCIAL_HOUSING,0,0,0,1330215,0.0,0.0,0.0,0.0,0.0,HIGH,MEDIUM,MEDIUM,5,COST_BASED,COST_BASED,false,false
3,social_learning_factor_high,1,2050,NATURAL_GAS_BOILER,SOCIAL_HOUSING,0,0,0,1330215,0.0,0.0,0.0,0.0,0.0,HIGH,MEDIUM,MEDIUM,5,COST_BASED,COST_BASED,false,false
3,social_learning_factor_high,1,2024,NATURAL_GAS_BOILER,PRIVATELY_RENTED,929139,929139,0,929139,0.0,0.0,0.0,0.0,0.0,HIGH,MEDIUM,MEDIUM,5,COST_BASED,COST_BASED,false,false
3,social_learning_factor_high,1,2025,NATURAL_GAS_BOILER,PRIVATELY_RENTED,801356,0,127783,929139,0.0,0.0,0.0,0.0,0.0,HIGH,MEDIUM,MEDIUM,5,COST_BASED,COST_BASED,false,false
3,social_learning_factor_high,1,2026,NATURAL_GAS_BOILER,PRIVATELY_RENTED,725576,0,75780,929139,0.0,0.0,0.0,0.0,0.0,HIGH,MEDIUM,MEDIUM,5,COST_BASED,COST_BASED,false,false
3,social_learning_factor_high,1,2027,NATURAL_GAS_BOILER,PRIVATELY_RENTED,651176,0,74400,929139,0.0,0.0,0.0,0.0,0.0,HIGH,MEDIUM,MEDIUM,5,COST_BASED,COST_BASED,false,false
3,social_learning_factor_high,1,2028,NATURAL_GAS_BOILER,PRIVATELY_RENTED,574489,5,76692,929144,0.0,0.0,0.0,0.0,0.0,HIGH,MEDIUM,MEDIUM,5,COST_BASED,COST_BASED,false,false
3,social_learning_factor_high,1,2029,NATURAL_GAS_BOILER,PRIVATELY_RENTED,499166,6,75329,929150,0.0,0.0,0.0,0.0,0.0,HIGH,MEDIUM,MEDIUM,5,COST_BASED,COST_BASED,false,false
3,social_learning_factor_high,1,2030,NATURAL_GAS_BOILER,PRIVATELY_RENTED,423557,4,75613,929154,0.0,0.0,0.0,0.0,0.0,HIGH,MEDIUM,MEDIUM,5,COST_BASED,COST_BASED,false,false
3,social_learning_factor_high,1,2031,NATURAL_GAS_BOILER,PRIVATELY_RENTED,347086,7,76478,929161,0.0,0.0,0.0,0.0,0.0,HIGH,MEDIUM,MEDIUM,5,COST_BASED,COST_BASED,false,false
3,social_learning_factor_high,1,2032,NATURAL_GAS_BOILER,PRIVATELY_RENTED,270212,9,76883,929170,0.0,0.0,0.0,0.0,0.0,HIGH,MEDIUM,MEDIUM,5,COST_BASED,COST_BASED,false,false
3,social_learning_factor_high,1,2033,NATURAL_GAS_BOILER,PRIVATELY_RENTED,195499,22,74735,929192,0.0,0.0,0.0,0.0,0.0,HIGH,MEDIUM,MEDIUM,5,COST_BASED,COST_BASED,false,false
3,social_learning_factor_high,1,2034,NATURAL_GAS_BOILER,PRIVATELY_RENTED,122722,19,72796,929211,0.0,0.0,0.0,0.0,0.0,HIGH,MEDIUM,MEDIUM,5,COST_BASED,COST_BASED,false,false
3,social_learning_factor_high,1,2035,NATURAL_GAS_BOILER,PRIVATELY_RENTED,50411,24,72335,929235,0.0,0.0,0.0,0.0,0.0,HIGH,MEDIUM,MEDIUM,5,COST_BASED,COST_BASED,false,false
3,social_learning_factor_high,1,2036,NATURAL_GAS_BOILER,PRIVATELY_RENTED,126,30,50315,929265,0.0,0.0,0.0,0.0,0.0,HIGH,MEDIUM,MEDIUM,5,COST_BASED,COST_BASED,false,false
3,social_learning_factor_high,1,2037,NATURAL_GAS_BOILER,PRIVATELY_RENTED,168,42,0,929307,0.0,0.0,0.0,0.0,0.0,HIGH,MEDIUM,MEDIUM,5,COST_BASED,COST_BASED,false,false
3,social_learning_factor_high,1,2038,NATURAL_GAS_BOILER,PRIVATELY_RENTED,208,40,0,929347,0.0,0.0,0.0,0.0,0.0,HIGH,MEDIUM,MEDIUM,5,COST_BASED,COST_BASED,false,false
3,social_learning_factor_high,1,2039,NATURAL_GAS_BOILER,PRIVATELY_RENTED,213,5,0,929352,0.0,0.0,0.0,0.0,0.0,HIGH,MEDIUM,MEDIUM,5,COST_BASED,COST_BASED,false,false
3,social_learning_factor_high,1,2040,NATURAL_GAS_BOILER,PRIVATELY_RENTED,213,5,5,929357,0.0,0.0,0.0,0.0,0.0,HIGH,MEDIUM,MEDIUM,5,COST_BASED,COST_BASED,false,false
3,social_learning_factor_high,1,2041,NATURAL_GAS_BOILER,PRIVATELY_RENTED,214,7,6,929364,0.0,0.0,0.0,0.0,0.0,HIGH,MEDIUM,MEDIUM,5,COST_BASED,COST_BASED,false,false
3,social_learning_factor_high,1,2042,NATURAL_GAS_BOILER,PRIVATELY_RENTED,214,4,4,929368,0.0,0.0,0.0,0.0,0.0,HIGH,MEDIUM,MEDIUM,5,COST_BASED,COST_BASED,false,false
3,social_learning_factor_high,1,2043,NATURAL_GAS_BOILER,PRIVATELY_RENTED,215,8,7,929376,0.0,0.0,0.0,0.0,0.0,HIGH,MEDIUM,MEDIUM,5,COST_BASED,COST_BASED,false,false
3,social_learning_factor_high,1,2044,NATURAL_GAS_BOILER,PRIVATELY_RENTED,215,9,9,929385,0.0,0.0,0.0,0.0,0.0,HIGH,MEDIUM,MEDIUM,5,COST_BASED,COST_BASED,false,false
3,social_learning_factor_high,1,2045,NATURAL_GAS_BOILER,PRIVATELY_RENTED,215,22,22,929407,0.0,0.0,0.0,0.0,0.0,HIGH,MEDIUM,MEDIUM,5,COST_BASED,COST_BASED,false,false
3,social_learning_factor_high,1,2046,NATURAL_GAS_BOILER,PRIVATELY_RENTED,217,21,19,929428,0.0,0.0,0.0,0.0,0.0,HIGH,MEDIUM,MEDIUM,5,COST_BASED,COST_BASED,false,false
3,social_learning_factor_high,1,2047,NATURAL_GAS_BOILER,PRIVATELY_RENTED,217,24,24,929452,0.0,0.0,0.0,0.0,0.0,HIGH,MEDIUM,MEDIUM,5,COST_BASED,COST_BASED,false,false
3,social_learning_factor_high,1,2048,NATURAL_GAS_BOILER,PRIVATELY_RENTED,217,30,30,929482,0.0,0.0,0.0,0.0,0.0,HIGH,MEDIUM,MEDIUM,5,COST_BASED,COST_BASED,false,false
3,social_learning_factor_high,1,2049,NATURAL_GAS_BOILER,PRIVATELY_RENTED,218,43,42,929525,0.0,0.0,0.0,0.0,0.0,HIGH,MEDIUM,MEDIUM,5,COST_BASED,COST_BASED,false,false
3,social_learning_factor_high,1,2050,NATURAL_GAS_BOILER,PRIVATELY_RENTED,218,40,40,929565,0.0,0.0,0.0,0.0,0.0,HIGH,MEDIUM,MEDIUM,5,COST_BASED,COST_BASED,false,false
3,social_learning_factor_high,1,2024,0.003280091272104963,0.003280091272104963,NATURAL_GAS_BLOCK,TOTAL,464461,464461,0,464461,0.0,0.0,0.0,0.0,0.0,HIGH,MEDIUM,MEDIUM,5,COST_BASED,COST_BASED,false,false
3,social_learning_factor_high,1,2025,0.0068454078722190535,0.0068454078722190535,NATURAL_GAS_BLOCK,TOTAL,318797,432,146096,464893,0.2849813665618849,0.6447543561467332,0.0637723769015119,1121.1869216533005,0.7646786860083492,HIGH,MEDIUM,MEDIUM,5,COST_BASED,COST_BASED,false,false
3,social_learning_factor_high,1,2026,0.010838562464346835,0.010838562464346835,NATURAL_GAS_BLOCK,TOTAL,290582,257,28472,465150,0.2872708548151417,0.6464844372384463,0.0577988696598072,1134.17564641029,0.766222298046217,HIGH,MEDIUM,MEDIUM,5,COST_BASED,COST_BASED,false,false
3,social_learning_factor_high,1,2027,0.014974329720479178,0.014974329720479178,NATURAL_GAS_BLOCK,TOTAL,263057,309,27834,465459,0.2873601816797055,0.6482754409336825,0.05287158194139702,1132.6426024663897,0.7685805273516755,HIGH,MEDIUM,MEDIUM,5,COST_BASED,COST_BASED,false,false
3,social_learning_factor_high,1,2028,0.019680547632629778,0.019680547632629778,NATURAL_GAS_BLOCK,TOTAL,234782,258,28533,465717,0.28493453355200776,0.645731464095487,0.04684070526912309,1130.9507707445064,0.7659971076099837,HIGH,MEDIUM,MEDIUM,5,COST_BASED,COST_BASED,false,false
3,social_learning_factor_high,1,2029,0.024743297204791785,0.024743297204791785,NATURAL_GAS_BLOCK,TOTAL,206607,247,28422,465964,0.2853945667854045,0.6464628350118864,0.042031366897876205,1136.2367167219795,0.7668189244207071,HIGH,MEDIUM,MEDIUM,5,COST_BASED,COST_BASED,false,false
3,social_learning_factor_high,1,2030,0.030233884768967486,0.030233884768967486,NATURAL_GAS_BLOCK,TOTAL,178578,246,28275,466210,0.28490695276176,0.6476589279046489,0.03664666464053209,1127.2381616502335,0.7685762529522772,HIGH,MEDIUM,MEDIUM,5,COST_BASED,COST_BASED,false,false
3,social_learning_factor_high,1,2031,0.03593839132915003,0.03593839132915003,NATURAL_GAS_BLOCK,TOTAL,150761,252,28069,466462,0.2872041806115104,0.6437738112372906,0.03135748709898842,1119.808102413485,0.7626303547792193,HIGH,MEDIUM,MEDIUM,5,COST_BASED,COST_BASED,false,false
3,social_learning_factor_high,1,2032,0.0419281232173417,0.0419281232173417,NATURAL_GAS_BLOCK,TOTAL,122546,273,28488,466735,0.28518250043568194,0.6482121058620203,0.025960074221908234,1114.8418622184527,0.7692219743374702,HIGH,MEDIUM,MEDIUM,5,COST_BASED,COST_BASED,false,false
3,social_learning_factor_high,1,2033,0.04855961209355391,0.04855961209355391,NATURAL_GAS_BLOCK,TOTAL,91258,279,31567,467014,0.2838093076623423,0.6484456878896,0.020534957907109783,1075.398955039186,0.7699911479653427,HIGH,MEDIUM,MEDIUM,5,COST_BASED,COST_BASED,false,false
3,social_learning_factor_high,1,2034,0.05554763262977752,0.05554763262977752,NATURAL_GAS_BLOCK,TOTAL,57444,353,34167,467367,0.28543327891667913,0.6511452102629538,0.013538386223935451,1010.3382267598064,0.7730491873783731,HIGH,MEDIUM,MEDIUM,5,COST_BASED,COST_BASED,false,false
3,social_learning_factor_high,1,2035,0.06282087849401027,0.06282087849401027,NATURAL_GAS_BLOCK,TOTAL,22692,367,35119,467734,0.28589692821724383,0.6525238516006873,0.007821145276838764,989.9160392700115,0.7747328260618224,HIGH,MEDIUM,MEDIUM,5,COST_BASED,COST_BASED,false,false
3,social_learning_factor_high,1,2036,0.07009412435824301,0.07009412435824301,NATURAL_GAS_BLOCK,TOTAL,3446,173,19419,467907,0.28362044644740786,0.6451401020863606,0.002609519081149913,1069.790226297015,0.7656466539660057,HIGH,MEDIUM,MEDIUM,5,COST_BASED,COST_BASED,false,false
3,social_learning_factor_high,1,2037,0.07736737022247575,0.07736737022247575,NATURAL_GAS_BLOCK,TOTAL,3368,354,432,468261,0.3415436520087096,0.6594496923294451,8.970972339005245E-4,867.5141250326968,0.7654183724363587,HIGH,MEDIUM,MEDIUM,5,COST_BASED,COST_BASED,false,false
3,social_learning_factor_high,1,2038,0.0846406160867085,0.0846406160867085,NATURAL_GAS_BLOCK,TOTAL,3324,213,257,468474,0.33305841218951054,0.6580395007050716,8.549363816632874E-4,897.5099720083974,0.7663665302102576,HIGH,MEDIUM,MEDIUM,5,COST_BASED,COST_BASED,false,false
3,social_learning_factor_high,1,2039,0.09191386195094124,0.09191386195094124,NATURAL_GAS_BLOCK,TOTAL,3268,253,309,468727,0.41401446385312773,0.6742825705189166,6.221434970230657E-4,1017.2204724409448,0.7610386060741788,HIGH,MEDIUM,MEDIUM,5,COST_BASED,COST_BASED,false,false
3,social_learning_factor_high,1,2040,0.099187107815174,0.099187107815174,NATURAL_GAS_BLOCK,TOTAL,3230,220,258,468947,0.266626134084735,0.6311836621717009,8.356667700320043E-4,1122.869246742578,0.7527028382006798,HIGH,MEDIUM,MEDIUM,5,COST_BASED,COST_BASED,false,false
3,social_learning_factor_high,1,2041,0.10646035367940673,0.10646035367940673,NATURAL_GAS_BLOCK,TOTAL,3195,212,247,469159,0.27319377004421846,0.6321375700808061,8.094701782552947E-4,1132.9966688363902,0.7517855034263263,HIGH,MEDIUM,MEDIUM,5,COST_BASED,COST_BASED,false,false
3,social_learning_factor_high,1,2042,0.11373359954363947,0.11373359954363947,NATURAL_GAS_BLOCK,TOTAL,3151,202,246,469361,0.2720254028220371,0.6333806462522401,8.372672345042468E-4,1132.298857696031,0.7538323940623087,HIGH,MEDIUM,MEDIUM,5,COST_BASED,COST_BASED,false,false
3,social_learning_factor_high,1,2043,0.12100684540787222,0.12100684540787222,NATURAL_GAS_BLOCK,TOTAL,3124,225,252,469586,0.27280218462732275,0.6320389897800551,8.052291135076712E-4,1133.7694829952723,0.7517845914976369,HIGH,MEDIUM,MEDIUM,5,COST_BASED,COST_BASED,false,false
3,social_learning_factor_high,1,2044,0.12828009127210496,0.12828009127210496,NATURAL_GAS_BLOCK,TOTAL,3081,230,273,469816,0.27355249591679437,0.6321255276942548,8.527964951485483E-4,1137.7174428385715,0.7516498716200761,HIGH,MEDIUM,MEDIUM,5,COST_BASED,COST_BASED,false,false
3,social_learning_factor_high,1,2045,0.13555333713633771,0.13555333713633771,NATURAL_GAS_BLOCK,TOTAL,3047,245,279,470061,0.2739644039592598,0.6354368490369752,7.811325142713975E-4,1127.1259750536985,0.7559276640628855,HIGH,MEDIUM,MEDIUM,5,COST_BASED,COST_BASED,false,false
3,social_learning_factor_high,1,2046,0.14282658300057044,0.14282658300057044,NATURAL_GAS_BLOCK,TOTAL,3024,330,353,470391,0.27843126307443916,0.6315127132512061,7.521946117923377E-4,1119.66636049673,0.749206529976799,HIGH,MEDIUM,MEDIUM,5,COST_BASED,COST_BASED,false,false
3,social_learning_factor_high,1,2047,0.1500998288648032,0.1500998288648032,NATURAL_GAS_BLOCK,TOTAL,2995,338,367,470729,0.2784188055650444,0.6347587496593426,7.471357100069549E-4,1115.9492919806341,0.7535387310241065,HIGH,MEDIUM,MEDIUM,5,COST_BASED,COST_BASED,false,false
3,social_learning_factor_high,1,2048,0.15737307472903594,0.15737307472903594,NATURAL_GAS_BLOCK,TOTAL,2976,154,173,470883,0.26568482183953646,0.6301094039661496,7.53847403742638E-4,1075.045899220978,0.7515842646750193,HIGH,MEDIUM,MEDIUM,5,COST_BASED,COST_BASED,false,false
3,social_learning_factor_high,1,2049,0.16464632059326867,0.16464632059326867,NATURAL_GAS_BLOCK,TOTAL,2926,304,354,471187,0.26979469540912765,0.6361752478003376,6.477381403587499E-4,1026.510046328291,0.7583020985974054,HIGH,MEDIUM,MEDIUM,5,COST_BASED,COST_BASED,false,false
3,social_learning_factor_high,1,2050,0.0,0.0,NATURAL_GAS_BLOCK,TOTAL,2901,188,213,471375,0.2695605921782952,0.6381211897207252,7.420585165811717E-4,991.6409033589362,0.7609747222348577,HIGH,MEDIUM,MEDIUM,5,COST_BASED,COST_BASED,false,false
3,social_learning_factor_high,1,2024,NATURAL_GAS_BLOCK,PRIVATELY_OWNED,277056,277056,0,277056,0.0,0.0,0.0,0.0,0.0,HIGH,MEDIUM,MEDIUM,5,COST_BASED,COST_BASED,false,false
3,social_learning_factor_high,1,2025,NATURAL_GAS_BLOCK,PRIVATELY_OWNED,241622,432,35866,277488,0.2849813665618849,0.6447543561467332,0.0637723769015119,1121.1869216533005,0.7646786860083491,HIGH,MEDIUM,MEDIUM,5,COST_BASED,COST_BASED,false,false
3,social_learning_factor_high,1,2026,NATURAL_GAS_BLOCK,PRIVATELY_OWNED,220603,257,21276,277745,0.2872708548151417,0.6464844372384463,0.0577988696598072,1134.17564641029,0.766222298046217,HIGH,MEDIUM,MEDIUM,5,COST_BASED,COST_BASED,false,false
3,social_learning_factor_high,1,2027,NATURAL_GAS_BLOCK,PRIVATELY_OWNED,200078,309,20834,278054,0.2873601816797055,0.6482754409336825,0.05287158194139702,1132.6426024663897,0.7685805273516755,HIGH,MEDIUM,MEDIUM,5,COST_BASED,COST_BASED,false,false
3,social_learning_factor_high,1,2028,NATURAL_GAS_BLOCK,PRIVATELY_OWNED,178718,258,21618,278312,0.28493453355200776,0.645731464095487,0.04684070526912309,1130.9507707445064,0.7659971076099837,HIGH,MEDIUM,MEDIUM,5,COST_BASED,COST_BASED,false,false
3,social_learning_factor_high,1,2029,NATURAL_GAS_BLOCK,PRIVATELY_OWNED,157440,247,21525,278559,0.2853945667854045,0.6464628350118864,0.042031366897876205,1136.2367167219795,0.7668189244207071,HIGH,MEDIUM,MEDIUM,5,COST_BASED,COST_BASED,false,false
3,social_learning_factor_high,1,2030,NATURAL_GAS_BLOCK,PRIVATELY_OWNED,136371,246,21315,278805,0.28490695276176,0.6476589279046489,0.03664666464053209,1127.2381616502335,0.7685762529522772,HIGH,MEDIUM,MEDIUM,5,COST_BASED,COST_BASED,false,false
3,social_learning_factor_high,1,2031,NATURAL_GAS_BLOCK,PRIVATELY_OWNED,115617,252,21006,279057,0.2872041806115104,0.6437738112372906,0.03135748709898842,1119.808102413485,0.7626303547792193,HIGH,MEDIUM,MEDIUM,5,COST_BASED,COST_BASED,false,false
3,social_learning_factor_high,1,2032,NATURAL_GAS_BLOCK,PRIVATELY_OWNED,94548,273,21342,279330,0.28518250043568194,0.6482121058620203,0.025960074221908234,1114.8418622184527,0.7692219743374702,HIGH,MEDIUM,MEDIUM,5,COST_BASED,COST_BASED,false,false
3,social_learning_factor_high,1,2033,NATURAL_GAS_BLOCK,PRIVATELY_OWNED,71382,279,23445,279609,0.2838093076623423,0.6484456878896,0.020534957907109783,1075.398955039186,0.7699911479653427,HIGH,MEDIUM,MEDIUM,5,COST_BASED,COST_BASED,false,false
3,social_learning_factor_high,1,2034,NATURAL_GAS_BLOCK,PRIVATELY_OWNED,45213,353,26522,279962,0.28543327891667913,0.6511452102629538,0.013538386223935451,1010.3382267598065,0.7730491873783732,HIGH,MEDIUM,MEDIUM,5,COST_BASED,COST_BASED,false,false
3,social_learning_factor_high,1,2035,NATURAL_GAS_BLOCK,PRIVATELY_OWNED,17862,367,27718,280329,0.28589692821724383,0.6525238516006873,0.007821145276838764,989.9160392700114,0.7747328260618224,HIGH,MEDIUM,MEDIUM,5,COST_BASED,COST_BASED,false,false
3,social_learning_factor_high,1,2036,NATURAL_GAS_BLOCK,PRIVATELY_OWNED,3445,172,14589,280501,0.2852694025314044,0.6488909166333744,0.002624690703714738,1076.0099369150207,0.7700980880006918,HIGH,MEDIUM,MEDIUM,5,COST_BASED,COST_BASED,false,false
3,social_learning_factor_high,1,2037,NATURAL_GAS_BLOCK,PRIVATELY_OWNED,3367,354,432,280855,0.3415436520087096,0.6594496923294451,8.970972339005245E-4,867.5141250326968,0.7654183724363587,HIGH,MEDIUM,MEDIUM,5,COST_BASED,COST_BASED,false,false
3,social_learning_factor_high,1,2038,NATURAL_GAS_BLOCK,PRIVATELY_OWNED,3323,213,257,281068,0.33305841218951054,0.6580395007050716,8.549363816632874E-4,897.5099720083974,0.7663665302102576,HIGH,MEDIUM,MEDIUM,5,COST_BASED,COST_BASED,false,false
3,social_learning_factor_high,1,2039,NATURAL_GAS_BLOCK,PRIVATELY_OWNED,3267,253,309,281321,0.41401446385312773,0.6742825705189166,6.221434970230657E-4,1017.2204724409448,0.7610386060741788,HIGH,MEDIUM,MEDIUM,5,COST_BASED,COST_BASED,false,false
3,social_learning_factor_high,1,2040,NATURAL_GAS_BLOCK,PRIVATELY_OWNED,3229,220,258,281541,0.266626134084735,0.6311836621717009,8.356667700320043E-4,1122.869246742578,0.7527028382006797,HIGH,MEDIUM,MEDIUM,5,COST_BASED,COST_BASED,false,false
3,social_learning_factor_high,1,2041,NATURAL_GAS_BLOCK,PRIVATELY_OWNED,3194,212,247,281753,0.27319377004421846,0.6321375700808061,8.094701782552947E-4,1132.9966688363902,0.7517855034263263,HIGH,MEDIUM,MEDIUM,5,COST_BASED,COST_BASED,false,false
3,social_learning_factor_high,1,2042,NATURAL_GAS_BLOCK,PRIVATELY_OWNED,3150,202,246,281955,0.2720254028220371,0.6333806462522401,8.372672345042468E-4,1132.298857696031,0.7538323940623087,HIGH,MEDIUM,MEDIUM,5,COST_BASED,COST_BASED,false,false
3,social_learning_factor_high,1,2043,NATURAL_GAS_BLOCK,PRIVATELY_OWNED,3123,225,252,282180,0.27280218462732275,0.6320389897800551,8.052291135076712E-4,1133.7694829952723,0.7517845914976369,HIGH,MEDIUM,MEDIUM,5,COST_BASED,COST_BASED,false,false
3,social_learning_factor_high,1,2044,NATURAL_GAS_BLOCK,PRIVATELY_OWNED,3080,230,273,282410,0.27355249591679437,0.6321255276942548,8.527964951485483E-4,1137.7174428385715,0.7516498716200761,HIGH,MEDIUM,MEDIUM,5,COST_BASED,COST_BASED,false,false
3,social_learning_factor_high,1,2045,NATURAL_GAS_BLOCK,PRIVATELY_OWNED,3046,245,279,282655,0.2739644039592598,0.6354368490369752,7.811325142713975E-4,1127.1259750536985,0.7559276640628855,HIGH,MEDIUM,MEDIUM,5,COST_BASED,COST_BASED,false,false
3,social_learning_factor_high,1,2046,NATURAL_GAS_BLOCK,PRIVATELY_OWNED,3023,330,353,282985,0.27843126307443916,0.6315127132512061,7.521946117923377E-4,1119.66636049673,0.749206529976799,HIGH,MEDIUM,MEDIUM,5,COST_BASED,COST_BASED,false,false
3,social_learning_factor_high,1,2047,NATURAL_GAS_BLOCK,PRIVATELY_OWNED,2994,338,367,283323,0.2784188055650444,0.6347587496593426,7.471357100069549E-4,1115.9492919806341,0.7535387310241065,HIGH,MEDIUM,MEDIUM,5,COST_BASED,COST_BASED,false,false
3,social_learning_factor_high,1,2048,NATURAL_GAS_BLOCK,PRIVATELY_OWNED,2975,153,172,283476,0.26742132394306284,0.6342277660835753,7.587745109566422E-4,1082.0723430067362,0.7564965801304115,HIGH,MEDIUM,MEDIUM,5,COST_BASED,COST_BASED,false,false
3,social_learning_factor_high,1,2049,NATURAL_GAS_BLOCK,PRIVATELY_OWNED,2925,304,354,283780,0.26979469540912765,0.6361752478003376,6.477381403587499E-4,1026.510046328291,0.7583020985974054,HIGH,MEDIUM,MEDIUM,5,COST_BASED,COST_BASED,false,false
3,social_learning_factor_high,1,2050,NATURAL_GAS_BLOCK,PRIVATELY_OWNED,2900,188,213,283968,0.2695605921782952,0.6381211897207252,7.420585165811717E-4,991.6409033589362,0.7609747222348578,HIGH,MEDIUM,MEDIUM,5,COST_BASED,COST_BASED,false,false
3,social_learning_factor_high,1,2024,NATURAL_GAS_BLOCK,SOCIAL_HOUSING,98293,98293,0,98293,0.0,0.0,0.0,0.0,0.0,HIGH,MEDIUM,MEDIUM,5,COST_BASED,COST_BASED,false,false
3,social_learning_factor_high,1,2025,NATURAL_GAS_BLOCK,SOCIAL_HOUSING,108,0,98185,98293,0.0,0.0,0.0,0.0,0.0,HIGH,MEDIUM,MEDIUM,5,COST_BASED,COST_BASED,false,false
3,social_learning_factor_high,1,2026,NATURAL_GAS_BLOCK,SOCIAL_HOUSING,23,0,85,98293,0.0,0.0,0.0,0.0,0.0,HIGH,MEDIUM,MEDIUM,5,COST_BASED,COST_BASED,false,false
3,social_learning_factor_high,1,2027,NATURAL_GAS_BLOCK,SOCIAL_HOUSING,10,0,13,98293,0.0,0.0,0.0,0.0,0.0,HIGH,MEDIUM,MEDIUM,5,COST_BASED,COST_BASED,false,false
3,social_learning_factor_high,1,2028,NATURAL_GAS_BLOCK,SOCIAL_HOUSING,5,0,5,98293,0.0,0.0,0.0,0.0,0.0,HIGH,MEDIUM,MEDIUM,5,COST_BASED,COST_BASED,false,false
3,social_learning_factor_high,1,2029,NATURAL_GAS_BLOCK,SOCIAL_HOUSING,4,0,1,98293,0.0,0.0,0.0,0.0,0.0,HIGH,MEDIUM,MEDIUM,5,COST_BASED,COST_BASED,false,false
3,social_learning_factor_high,1,2030,NATURAL_GAS_BLOCK,SOCIAL_HOUSING,2,0,2,98293,0.0,0.0,0.0,0.0,0.0,HIGH,MEDIUM,MEDIUM,5,COST_BASED,COST_BASED,false,false
3,social_learning_factor_high,1,2031,NATURAL_GAS_BLOCK,SOCIAL_HOUSING,2,0,0,98293,0.0,0.0,0.0,0.0,0.0,HIGH,MEDIUM,MEDIUM,5,COST_BASED,COST_BASED,false,false
3,social_learning_factor_high,1,2032,NATURAL_GAS_BLOCK,SOCIAL_HOUSING,2,0,0,98293,0.0,0.0,0.0,0.0,0.0,HIGH,MEDIUM,MEDIUM,5,COST_BASED,COST_BASED,false,false
3,social_learning_factor_high,1,2033,NATURAL_GAS_BLOCK,SOCIAL_HOUSING,1,0,1,98293,0.0,0.0,0.0,0.0,0.0,HIGH,MEDIUM,MEDIUM,5,COST_BASED,COST_BASED,false,false
3,social_learning_factor_high,1,2034,NATURAL_GAS_BLOCK,SOCIAL_HOUSING,1,0,0,98293,0.0,0.0,0.0,0.0,0.0,HIGH,MEDIUM,MEDIUM,5,COST_BASED,COST_BASED,false,false
3,social_learning_factor_high,1,2035,NATURAL_GAS_BLOCK,SOCIAL_HOUSING,0,0,1,98293,0.0,0.0,0.0,0.0,0.0,HIGH,MEDIUM,MEDIUM,5,COST_BASED,COST_BASED,false,false
3,social_learning_factor_high,1,2036,NATURAL_GAS_BLOCK,SOCIAL_HOUSING,0,0,0,98293,0.0,0.0,0.0,0.0,0.0,HIGH,MEDIUM,MEDIUM,5,COST_BASED,COST_BASED,false,false
3,social_learning_factor_high,1,2037,NATURAL_GAS_BLOCK,SOCIAL_HOUSING,0,0,0,98293,0.0,0.0,0.0,0.0,0.0,HIGH,MEDIUM,MEDIUM,5,COST_BASED,COST_BASED,false,false
3,social_learning_factor_high,1,2038,NATURAL_GAS_BLOCK,SOCIAL_HOUSING,0,0,0,98293,0.0,0.0,0.0,0.0,0.0,HIGH,MEDIUM,MEDIUM,5,COST_BASED,COST_BASED,false,false
3,social_learning_factor_high,1,2039,NATURAL_GAS_BLOCK,SOCIAL_HOUSING,0,0,0,98293,0.0,0.0,0.0,0.0,0.0,HIGH,MEDIUM,MEDIUM,5,COST_BASED,COST_BASED,false,false
3,social_learning_factor_high,1,2040,NATURAL_GAS_BLOCK,SOCIAL_HOUSING,0,0,0,98293,0.0,0.0,0.0,0.0,0.0,HIGH,MEDIUM,MEDIUM,5,COST_BASED,COST_BASED,false,false
3,social_learning_factor_high,1,2041,NATURAL_GAS_BLOCK,SOCIAL_HOUSING,0,0,0,98293,0.0,0.0,0.0,0.0,0.0,HIGH,MEDIUM,MEDIUM,5,COST_BASED,COST_BASED,false,false
3,social_learning_factor_high,1,2042,NATURAL_GAS_BLOCK,SOCIAL_HOUSING,0,0,0,98293,0.0,0.0,0.0,0.0,0.0,HIGH,MEDIUM,MEDIUM,5,COST_BASED,COST_BASED,false,false
3,social_learning_factor_high,1,2043,NATURAL_GAS_BLOCK,SOCIAL_HOUSING,0,0,0,98293,0.0,0.0,0.0,0.0,0.0,HIGH,MEDIUM,MEDIUM,5,COST_BASED,COST_BASED,false,false
3,social_learning_factor_high,1,2044,NATURAL_GAS_BLOCK,SOCIAL_HOUSING,0,0,0,98293,0.0,0.0,0.0,0.0,0.0,HIGH,MEDIUM,MEDIUM,5,COST_BASED,COST_BASED,false,false
3,social_learning_factor_high,1,2045,NATURAL_GAS_BLOCK,SOCIAL_HOUSING,0,0,0,98293,0.0,0.0,0.0,0.0,0.0,HIGH,MEDIUM,MEDIUM,5,COST_BASED,COST_BASED,false,false
3,social_learning_factor_high,1,2046,NATURAL_GAS_BLOCK,SOCIAL_HOUSING,0,0,0,98293,0.0,0.0,0.0,0.0,0.0,HIGH,MEDIUM,MEDIUM,5,COST_BASED,COST_BASED,false,false
3,social_learning_factor_high,1,2047,NATURAL_GAS_BLOCK,SOCIAL_HOUSING,0,0,0,98293,0.0,0.0,0.0,0.0,0.0,HIGH,MEDIUM,MEDIUM,5,COST_BASED,COST_BASED,false,false
3,social_learning_factor_high,1,2048,NATURAL_GAS_BLOCK,SOCIAL_HOUSING,0,0,0,98293,0.0,0.0,0.0,0.0,0.0,HIGH,MEDIUM,MEDIUM,5,COST_BASED,COST_BASED,false,false
3,social_learning_factor_high,1,2049,NATURAL_GAS_BLOCK,SOCIAL_HOUSING,0,0,0,98293,0.0,0.0,0.0,0.0,0.0,HIGH,MEDIUM,MEDIUM,5,COST_BASED,COST_BASED,false,false
3,social_learning_factor_high,1,2050,NATURAL_GAS_BLOCK,SOCIAL_HOUSING,0,0,0,98293,0.0,0.0,0.0,0.0,0.0,HIGH,MEDIUM,MEDIUM,5,COST_BASED,COST_BASED,false,false
3,social_learning_factor_high,1,2024,NATURAL_GAS_BLOCK,PRIVATELY_RENTED,89112,89112,0,89112,0.0,0.0,0.0,0.0,0.0,HIGH,MEDIUM,MEDIUM,5,COST_BASED,COST_BASED,false,false
3,social_learning_factor_high,1,2025,NATURAL_GAS_BLOCK,PRIVATELY_RENTED,77067,0,12045,89112,0.0,0.0,0.0,0.0,0.0,HIGH,MEDIUM,MEDIUM,5,COST_BASED,COST_BASED,false,false
3,social_learning_factor_high,1,2026,NATURAL_GAS_BLOCK,PRIVATELY_RENTED,69956,0,7111,89112,0.0,0.0,0.0,0.0,0.0,HIGH,MEDIUM,MEDIUM,5,COST_BASED,COST_BASED,false,false
3,social_learning_factor_high,1,2027,NATURAL_GAS_BLOCK,PRIVATELY_RENTED,62969,0,6987,89112,0.0,0.0,0.0,0.0,0.0,HIGH,MEDIUM,MEDIUM,5,COST_BASED,COST_BASED,false,false
3,social_learning_factor_high,1,2028,NATURAL_GAS_BLOCK,PRIVATELY_RENTED,56059,0,6910,89112,0.0,0.0,0.0,0.0,0.0,HIGH,MEDIUM,MEDIUM,5,COST_BASED,COST_BASED,false,false
3,social_learning_factor_high,1,2029,NATURAL_GAS_BLOCK,PRIVATELY_RENTED,49163,0,6896,89112,0.0,0.0,0.0,0.0,0.0,HIGH,MEDIUM,MEDIUM,5,COST_BASED,COST_BASED,false,false
3,social_learning_factor_high,1,2030,NATURAL_GAS_BLOCK,PRIVATELY_RENTED,42205,0,6958,89112,0.0,0.0,0.0,0.0,0.0,HIGH,MEDIUM,MEDIUM,5,COST_BASED,COST_BASED,false,false
3,social_learning_factor_high,1,2031,NATURAL_GAS_BLOCK,PRIVATELY_RENTED,35142,0,7063,89112,0.0,0.0,0.0,0.0,0.0,HIGH,MEDIUM,MEDIUM,5,COST_BASED,COST_BASED,false,false
3,social_learning_factor_high,1,2032,NATURAL_GAS_BLOCK,PRIVATELY_RENTED,27996,0,7146,89112,0.0,0.0,0.0,0.0,0.0,HIGH,MEDIUM,MEDIUM,5,COST_BASED,COST_BASED,false,false
3,social_learning_factor_high,1,2033,NATURAL_GAS_BLOCK,PRIVATELY_RENTED,19875,0,8121,89112,0.0,0.0,0.0,0.0,0.0,HIGH,MEDIUM,MEDIUM,5,COST_BASED,COST_BASED,false,false
3,social_learning_factor_high,1,2034,NATURAL_GAS_BLOCK,PRIVATELY_RENTED,12230,0,7645,89112,0.0,0.0,0.0,0.0,0.0,HIGH,MEDIUM,MEDIUM,5,COST_BASED,COST_BASED,false,false
3,social_learning_factor_high,1,2035,NATURAL_GAS_BLOCK,PRIVATELY_RENTED,4830,0,7400,89112,0.0,0.0,0.0,0.0,0.0,HIGH,MEDIUM,MEDIUM,5,COST_BASED,COST_BASED,false,false
3,social_learning_factor_high,1,2036,NATURAL_GAS_BLOCK,PRIVATELY_RENTED,1,1,4830,89113,0.0,0.0,0.0,0.0,0.0,HIGH,MEDIUM,MEDIUM,5,COST_BASED,COST_BASED,false,false
3,social_learning_factor_high,1,2037,NATURAL_GAS_BLOCK,PRIVATELY_RENTED,1,0,0,89113,0.0,0.0,0.0,0.0,0.0,HIGH,MEDIUM,MEDIUM,5,COST_BASED,COST_BASED,false,false
3,social_learning_factor_high,1,2038,NATURAL_GAS_BLOCK,PRIVATELY_RENTED,1,0,0,89113,0.0,0.0,0.0,0.0,0.0,HIGH,MEDIUM,MEDIUM,5,COST_BASED,COST_BASED,false,false
3,social_learning_factor_high,1,2039,NATURAL_GAS_BLOCK,PRIVATELY_RENTED,1,0,0,89113,0.0,0.0,0.0,0.0,0.0,HIGH,MEDIUM,MEDIUM,5,COST_BASED,COST_BASED,false,false
3,social_learning_factor_high,1,2040,NATURAL_GAS_BLOCK,PRIVATELY_RENTED,1,0,0,89113,0.0,0.0,0.0,0.0,0.0,HIGH,MEDIUM,MEDIUM,5,COST_BASED,COST_BASED,false,false
3,social_learning_factor_high,1,2041,NATURAL_GAS_BLOCK,PRIVATELY_RENTED,1,0,0,89113,0.0,0.0,0.0,0.0,0.0,HIGH,MEDIUM,MEDIUM,5,COST_BASED,COST_BASED,false,false
3,social_learning_factor_high,1,2042,NATURAL_GAS_BLOCK,PRIVATELY_RENTED,1,0,0,89113,0.0,0.0,0.0,0.0,0.0,HIGH,MEDIUM,MEDIUM,5,COST_BASED,COST_BASED,false,false
3,social_learning_factor_high,1,2043,NATURAL_GAS_BLOCK,PRIVATELY_RENTED,1,0,0,89113,0.0,0.0,0.0,0.0,0.0,HIGH,MEDIUM,MEDIUM,5,COST_BASED,COST_BASED,false,false
3,social_learning_factor_high,1,2044,NATURAL_GAS_BLOCK,PRIVATELY_RENTED,1,0,0,89113,0.0,0.0,0.0,0.0,0.0,HIGH,MEDIUM,MEDIUM,5,COST_BASED,COST_BASED,false,false
3,social_learning_factor_high,1,2045,NATURAL_GAS_BLOCK,PRIVATELY_RENTED,1,0,0,89113,0.0,0.0,0.0,0.0,0.0,HIGH,MEDIUM,MEDIUM,5,COST_BASED,COST_BASED,false,false
3,social_learning_factor_high,1,2046,NATURAL_GAS_BLOCK,PRIVATELY_RENTED,1,0,0,89113,0.0,0.0,0.0,0.0,0.0,HIGH,MEDIUM,MEDIUM,5,COST_BASED,COST_BASED,false,false
3,social_learning_factor_high,1,2047,NATURAL_GAS_BLOCK,PRIVATELY_RENTED,1,0,0,89113,0.0,0.0,0.0,0.0,0.0,HIGH,MEDIUM,MEDIUM,5,COST_BASED,COST_BASED,false,false
3,social_learning_factor_high,1,2048,NATURAL_GAS_BLOCK,PRIVATELY_RENTED,1,1,1,89114,0.0,0.0,0.0,0.0,0.0,HIGH,MEDIUM,MEDIUM,5,COST_BASED,COST_BASED,false,false
3,social_learning_factor_high,1,2049,NATURAL_GAS_BLOCK,PRIVATELY_RENTED,1,0,0,89114,0.0,0.0,0.0,0.0,0.0,HIGH,MEDIUM,MEDIUM,5,COST_BASED,COST_BASED,false,false
3,social_learning_factor_high,1,2050,NATURAL_GAS_BLOCK,PRIVATELY_RENTED,1,0,0,89114,0.0,0.0,0.0,0.0,0.0,HIGH,MEDIUM,MEDIUM,5,COST_BASED,COST_BASED,false,false
3,social_learning_factor_high,1,2024,0.003280091272104963,0.003280091272104963,DISTRICT_HEATING,TOTAL,572764,572764,0,572764,0.0,0.0,0.0,0.0,0.0,HIGH,MEDIUM,MEDIUM,5,COST_BASED,COST_BASED,false,false
3,social_learning_factor_high,1,2025,0.0068454078722190535,0.0068454078722190535,DISTRICT_HEATING,TOTAL,449518,54636,177882,627400,0.6537708952708389,0.6311139732981448,0.12646615512445333,1440.1361508341497,0.6235616659739159,HIGH,MEDIUM,MEDIUM,5,COST_BASED,COST_BASED,false,false
3,social_learning_factor_high,1,2026,0.010838562464346835,0.010838562464346835,DISTRICT_HEATING,TOTAL,477390,40373,12501,667773,0.5591526639151416,0.5423715272896281,0.11978460293748791,1230.1196627803217,0.5367778150811199,HIGH,MEDIUM,MEDIUM,5,COST_BASED,COST_BASED,false,false
3,social_learning_factor_high,1,2027,0.014974329720479178,0.014974329720479178,DISTRICT_HEATING,TOTAL,508729,46375,15036,714148,0.5436829232320975,0.5298986667197224,0.12473301084919652,1179.1079492203066,0.5253039145489313,HIGH,MEDIUM,MEDIUM,5,COST_BASED,COST_BASED,false,false
3,social_learning_factor_high,1,2028,0.019680547632629778,0.019680547632629778,DISTRICT_HEATING,TOTAL,541190,46866,14405,761014,0.49607160146502804,0.48165498611940705,0.11902683181635149,1076.1178516130578,0.4768494476708676,HIGH,MEDIUM,MEDIUM,5,COST_BASED,COST_BASED,false,false
3,social_learning_factor_high,1,2029,0.024743297204791785,0.024743297204791785,DISTRICT_HEATING,TOTAL,576139,48781,13832,809795,0.47514910905146057,0.46142698224604584,0.11600467003184387,1038.424259621227,0.45685293997747933,HIGH,MEDIUM,MEDIUM,5,COST_BASED,COST_BASED,false,false
3,social_learning_factor_high,1,2030,0.030233884768967486,0.030233884768967486,DISTRICT_HEATING,TOTAL,613153,53521,16507,863316,0.4687784542499544,0.4571956274765085,0.11908596656479974,1015.9416332356553,0.4533346852186882,HIGH,MEDIUM,MEDIUM,5,COST_BASED,COST_BASED,false,false
3,social_learning_factor_high,1,2031,0.03593839132915003,0.03593839132915003,DISTRICT_HEATING,TOTAL,649360,53836,17629,917152,0.4349050862861348,0.4213341430373562,0.11350988040863129,933.4886130142031,0.41681049528776054,HIGH,MEDIUM,MEDIUM,5,COST_BASED,COST_BASED,false,false
3,social_learning_factor_high,1,2032,0.0419281232173417,0.0419281232173417,DISTRICT_HEATING,TOTAL,690419,56162,15103,973314,0.4248841497111629,0.4149208655575021,0.11300403844465964,903.8943441654407,0.41159977083961957,HIGH,MEDIUM,MEDIUM,5,COST_BASED,COST_BASED,false,false
3,social_learning_factor_high,1,2033,0.04855961209355391,0.04855961209355391,DISTRICT_HEATING,TOTAL,732433,56610,14596,1029924,0.40122719432373777,0.3905232439334901,0.11195596350004404,855.8388310452526,0.38695526047007134,HIGH,MEDIUM,MEDIUM,5,COST_BASED,COST_BASED,false,false
3,social_learning_factor_high,1,2034,0.05554763262977752,0.05554763262977752,DISTRICT_HEATING,TOTAL,778570,60603,14466,1090527,0.4117722031940236,0.40185417423217173,0.11964945247296783,833.878746595153,0.3985481645782134,HIGH,MEDIUM,MEDIUM,5,COST_BASED,COST_BASED,false,false
3,social_learning_factor_high,1,2035,0.06282087849401027,0.06282087849401027,DISTRICT_HEATING,TOTAL,824113,59731,14188,1150258,0.3871603547148085,0.3771406151337294,0.11423247340345044,799.3751254754624,0.3738007019400349,HIGH,MEDIUM,MEDIUM,5,COST_BASED,COST_BASED,false,false
3,social_learning_factor_high,1,2036,0.07009412435824301,0.07009412435824301,DISTRICT_HEATING,TOTAL,858097,48276,14292,1198534,0.33095873344978105,0.3229395573501536,0.10231259942253017,699.4551609116273,0.32026649865027534,HIGH,MEDIUM,MEDIUM,5,COST_BASED,COST_BASED,false,false
3,social_learning_factor_high,1,2037,0.07736737022247575,0.07736737022247575,DISTRICT_HEATING,TOTAL,855447,12033,14683,1210567,0.44646271132149207,0.4378464302733439,0.15266425022307045,886.8735327576217,0.43497433659062296,HIGH,MEDIUM,MEDIUM,5,COST_BASED,COST_BASED,false,false
3,social_learning_factor_high,1,2038,0.0846406160867085,0.0846406160867085,DISTRICT_HEATING,TOTAL,853183,12424,14688,1222991,0.46092171701911505,0.45387309834804573,0.15486988141847338,948.5795243025074,0.45152355879102335,HIGH,MEDIUM,MEDIUM,5,COST_BASED,COST_BASED,false,false
3,social_learning_factor_high,1,2039,0.09191386195094124,0.09191386195094124,DISTRICT_HEATING,TOTAL,849675,10471,13979,1233462,0.5029259647565663,0.49566652720130094,0.16795479042030007,1083.6139964346212,0.49324671468287984,HIGH,MEDIUM,MEDIUM,5,COST_BASED,COST_BASED,false,false
3,social_learning_factor_high,1,2040,0.099187107815174,0.099187107815174,DISTRICT_HEATING,TOTAL,844351,8031,13355,1241493,0.572079548063726,0.5958907863135456,0.19418720491755861,1449.8560946333416,0.6038278657301509,HIGH,MEDIUM,MEDIUM,5,COST_BASED,COST_BASED,false,false
3,social_learning_factor_high,1,2041,0.10646035367940673,0.10646035367940673,DISTRICT_HEATING,TOTAL,838948,7550,12953,1249043,0.5630865109992801,0.5822622082858628,0.1928443344205283,1395.6916034679791,0.5886541073813992,HIGH,MEDIUM,MEDIUM,5,COST_BASED,COST_BASED,false,false
3,social_learning_factor_high,1,2042,0.11373359954363947,0.11373359954363947,DISTRICT_HEATING,TOTAL,834377,7030,11601,1256073,0.5736914565759292,0.6022970816066553,0.19931431680772801,1390.055212556551,0.6118322899502366,HIGH,MEDIUM,MEDIUM,5,COST_BASED,COST_BASED,false,false
3,social_learning_factor_high,1,2043,0.12100684540787222,0.12100684540787222,DISTRICT_HEATING,TOTAL,829700,6773,11450,1262846,0.5687274443430915,0.5871370871223724,0.19052392782740837,1395.443739208997,0.5932736347154731,HIGH,MEDIUM,MEDIUM,5,COST_BASED,COST_BASED,false,false
3,social_learning_factor_high,1,2044,0.12828009127210496,0.12828009127210496,DISTRICT_HEATING,TOTAL,825841,6201,10060,1269047,0.5813184881284328,0.6001627726410859,0.19397311843335802,1443.5319718876697,0.6064442008119785,HIGH,MEDIUM,MEDIUM,5,COST_BASED,COST_BASED,false,false
3,social_learning_factor_high,1,2045,0.13555333713633771,0.13555333713633771,DISTRICT_HEATING,TOTAL,821870,6853,10824,1275900,0.5909417655714674,0.6163711894313053,0.19612548581867809,1434.6559548974083,0.6248476640512538,HIGH,MEDIUM,MEDIUM,5,COST_BASED,COST_BASED,false,false
3,social_learning_factor_high,1,2046,0.14282658300057044,0.14282658300057044,DISTRICT_HEATING,TOTAL,817034,7202,12038,1283102,0.5837077774308876,0.594529384097653,0.18725618548631834,1421.520834397399,0.5981365863199003,HIGH,MEDIUM,MEDIUM,5,COST_BASED,COST_BASED,false,false
3,social_learning_factor_high,1,2047,0.1500998288648032,0.1500998288648032,DISTRICT_HEATING,TOTAL,811946,8725,13813,1291827,0.5963406873495609,0.616602681280473,0.19295380591884045,1382.126516681218,0.6233566792574434,HIGH,MEDIUM,MEDIUM,5,COST_BASED,COST_BASED,false,false
3,social_learning_factor_high,1,2048,0.15737307472903594,0.15737307472903594,DISTRICT_HEATING,TOTAL,806987,8079,13038,1299906,0.5816194543378651,0.5998941604790873,0.18740101568113218,1378.349196710976,0.6059857291928302,HIGH,MEDIUM,MEDIUM,5,COST_BASED,COST_BASED,false,false
3,social_learning_factor_high,1,2049,0.16464632059326867,0.16464632059326867,DISTRICT_HEATING,TOTAL,801961,9238,14264,1309144,0.6041173460030614,0.6229920330117148,0.19147142768207615,1373.9333181261331,0.6292835953479289,HIGH,MEDIUM,MEDIUM,5,COST_BASED,COST_BASED,false,false
3,social_learning_factor_high,1,2050,0.0,0.0,DISTRICT_HEATING,TOTAL,796601,9292,14652,1318436,0.5962207081266837,0.6117108434458669,0.18480798718743424,1367.669544795114,0.6168742218855947,HIGH,MEDIUM,MEDIUM,5,COST_BASED,COST_BASED,false,false
3,social_learning_factor_high,1,2024,DISTRICT_HEATING,PRIVATELY_OWNED,317802,317802,0,317802,0.0,0.0,0.0,0.0,0.0,HIGH,MEDIUM,MEDIUM,5,COST_BASED,COST_BASED,false,false
3,social_learning_factor_high,1,2025,DISTRICT_HEATING,PRIVATELY_OWNED,352762,46676,11716,364478,0.7652632323681883,0.7387424596177359,0.1480333544301061,1685.7331120270503,0.7299022020342546,HIGH,MEDIUM,MEDIUM,5,COST_BASED,COST_BASED,false,false
3,social_learning_factor_high,1,2026,DISTRICT_HEATING,PRIVATELY_OWNED,372387,29526,9901,394004,0.7645692101959634,0.7416231684367729,0.16379000793860324,1682.0301139819119,0.7339744878503709,HIGH,MEDIUM,MEDIUM,5,COST_BASED,COST_BASED,false,false
3,social_learning_factor_high,1,2027,DISTRICT_HEATING,PRIVATELY_OWNED,392931,32919,12375,426923,0.7659192431388719,0.7465005215567644,0.175718988369376,1661.0811733373346,0.7400276143627295,HIGH,MEDIUM,MEDIUM,5,COST_BASED,COST_BASED,false,false
3,social_learning_factor_high,1,2028,DISTRICT_HEATING,PRIVATELY_OWNED,411548,30365,11748,457288,0.7656476757536639,0.7433967587509347,0.1837085954192369,1660.9036467544072,0.735979786416693,HIGH,MEDIUM,MEDIUM,5,COST_BASED,COST_BASED,false,false
3,social_learning_factor_high,1,2029,DISTRICT_HEATING,PRIVATELY_OWNED,430373,30268,11443,487556,0.7657674338786605,0.7436523596188834,0.186957308339612,1673.5619733244043,0.7362806681988047,HIGH,MEDIUM,MEDIUM,5,COST_BASED,COST_BASED,false,false
3,social_learning_factor_high,1,2030,DISTRICT_HEATING,PRIVATELY_OWNED,449560,32783,13596,520339,0.7653201857643233,0.7464102485486445,0.19441783901762033,1658.6100159352563,0.7401069361434099,HIGH,MEDIUM,MEDIUM,5,COST_BASED,COST_BASED,false,false
3,social_learning_factor_high,1,2031,DISTRICT_HEATING,PRIVATELY_OWNED,465324,30594,14830,550933,0.7652987587533617,0.7414180860482157,0.19974236522452357,1642.6519242411139,0.7334578618131619,HIGH,MEDIUM,MEDIUM,5,COST_BASED,COST_BASED,false,false
3,social_learning_factor_high,1,2032,DISTRICT_HEATING,PRIVATELY_OWNED,484479,31192,12037,582125,0.7650148633007928,0.7470757133701088,0.20346668399361936,1627.485065305831,0.7410959967265554,HIGH,MEDIUM,MEDIUM,5,COST_BASED,COST_BASED,false,false
3,social_learning_factor_high,1,2033,DISTRICT_HEATING,PRIVATELY_OWNED,502371,29685,11793,611810,0.7651497884678051,0.744737100861542,0.21350268127800212,1632.1049764349586,0.7379328716594489,HIGH,MEDIUM,MEDIUM,5,COST_BASED,COST_BASED,false,false
3,social_learning_factor_high,1,2034,DISTRICT_HEATING,PRIVATELY_OWNED,523486,32599,11484,644409,0.7655029550037551,0.747064895272625,0.22243368717504433,1550.2179109759825,0.7409188753622341,HIGH,MEDIUM,MEDIUM,5,COST_BASED,COST_BASED,false,false
3,social_learning_factor_high,1,2035,DISTRICT_HEATING,PRIVATELY_OWNED,542901,30198,10783,674607,0.7657949250768337,0.7459760938655802,0.22594939627993568,1581.146950783987,0.7393698167951595,HIGH,MEDIUM,MEDIUM,5,COST_BASED,COST_BASED,false,false
3,social_learning_factor_high,1,2036,DISTRICT_HEATING,PRIVATELY_OWNED,553099,20850,10652,695457,0.7663004228307736,0.7477328571048449,0.23689415106580655,1619.5154603438714,0.7415436685295296,HIGH,MEDIUM,MEDIUM,5,COST_BASED,COST_BASED,false,false
3,social_learning_factor_high,1,2037,DISTRICT_HEATING,PRIVATELY_OWNED,549186,7037,10950,702494,0.7634341062003004,0.7487005962028062,0.2610500103643892,1516.5197128993125,0.7437894262036331,HIGH,MEDIUM,MEDIUM,5,COST_BASED,COST_BASED,false,false
3,social_learning_factor_high,1,2038,DISTRICT_HEATING,PRIVATELY_OWNED,546026,7477,10637,709971,0.7658808896944611,0.7541687005317802,0.2573362855079729,1576.1872422006622,0.7502646374775543,HIGH,MEDIUM,MEDIUM,5,COST_BASED,COST_BASED,false,false
3,social_learning_factor_high,1,2039,DISTRICT_HEATING,PRIVATELY_OWNED,543060,6879,9845,716850,0.7655382725637456,0.7544881823411574,0.2556555619262919,1649.4435465426545,0.7508048189336292,HIGH,MEDIUM,MEDIUM,5,COST_BASED,COST_BASED,false,false
3,social_learning_factor_high,1,2040,DISTRICT_HEATING,PRIVATELY_OWNED,540095,6635,9600,723485,0.6924447400903968,0.7212658485130496,0.23504407576381509,1754.904942878729,0.7308728846539324,HIGH,MEDIUM,MEDIUM,5,COST_BASED,COST_BASED,false,false
3,social_learning_factor_high,1,2041,DISTRICT_HEATING,PRIVATELY_OWNED,537419,6058,8734,729543,0.7017667807930942,0.7256651820003737,0.2403391754498166,1739.430770251443,0.7336313157361446,HIGH,MEDIUM,MEDIUM,5,COST_BASED,COST_BASED,false,false
3,social_learning_factor_high,1,2042,DISTRICT_HEATING,PRIVATELY_OWNED,534822,5810,8407,735353,0.6941567882493602,0.7287691021849891,0.24116689279833528,1681.942881974622,0.7403065401635393,HIGH,MEDIUM,MEDIUM,5,COST_BASED,COST_BASED,false,false
3,social_learning_factor_high,1,2043,DISTRICT_HEATING,PRIVATELY_OWNED,532146,5475,8151,740828,0.7035599964448874,0.7263341536218865,0.2356928882511483,1726.2722275182714,0.7339255393475616,HIGH,MEDIUM,MEDIUM,5,COST_BASED,COST_BASED,false,false
3,social_learning_factor_high,1,2044,DISTRICT_HEATING,PRIVATELY_OWNED,529770,5134,7510,745962,0.7021339978349068,0.7248946928608051,0.23428658110737302,1743.5414409184727,0.7324815912027811,HIGH,MEDIUM,MEDIUM,5,COST_BASED,COST_BASED,false,false
3,social_learning_factor_high,1,2045,DISTRICT_HEATING,PRIVATELY_OWNED,527485,5786,8071,751748,0.6999177185380688,0.7300365988891695,0.23229311343162823,1699.2217868841929,0.7400762256728728,HIGH,MEDIUM,MEDIUM,5,COST_BASED,COST_BASED,false,false
3,social_learning_factor_high,1,2046,DISTRICT_HEATING,PRIVATELY_OWNED,524417,5919,8987,757667,0.7102320346439015,0.7233993283107446,0.2278457590593791,1729.6491044652928,0.7277884261996826,HIGH,MEDIUM,MEDIUM,5,COST_BASED,COST_BASED,false,false
3,social_learning_factor_high,1,2047,DISTRICT_HEATING,PRIVATELY_OWNED,521483,7334,10268,765001,0.7094453909360403,0.7335503673537125,0.22955030769592077,1644.2669563735515,0.7415853594929362,HIGH,MEDIUM,MEDIUM,5,COST_BASED,COST_BASED,false,false
3,social_learning_factor_high,1,2048,DISTRICT_HEATING,PRIVATELY_OWNED,518521,6629,9591,771630,0.7088404844766348,0.7311125241379614,0.22839233756039626,1679.8435903195013,0.7385365373584064,HIGH,MEDIUM,MEDIUM,5,COST_BASED,COST_BASED,false,false
3,social_learning_factor_high,1,2049,DISTRICT_HEATING,PRIVATELY_OWNED,515468,7857,10910,779487,0.7103011381413111,0.7324933690928117,0.22512575396805645,1615.4252250030822,0.7398907794099742,HIGH,MEDIUM,MEDIUM,5,COST_BASED,COST_BASED,false,false
3,social_learning_factor_high,1,2050,DISTRICT_HEATING,PRIVATELY_OWNED,512397,7753,10824,787240,0.714572787296936,0.7331377734166122,0.2214930758345981,1639.1571533904553,0.7393261021231712,HIGH,MEDIUM,MEDIUM,5,COST_BASED,COST_BASED,false,false
3,social_learning_factor_high,1,2024,DISTRICT_HEATING,SOCIAL_HOUSING,163747,163747,0,163747,0.0,0.0,0.0,0.0,0.0,HIGH,MEDIUM,MEDIUM,5,COST_BASED,COST_BASED,false,false
3,social_learning_factor_high,1,2025,DISTRICT_HEATING,SOCIAL_HOUSING,222,0,163525,163747,0.0,0.0,0.0,0.0,0.0,HIGH,MEDIUM,MEDIUM,5,COST_BASED,COST_BASED,false,false
3,social_learning_factor_high,1,2026,DISTRICT_HEATING,SOCIAL_HOUSING,37,0,185,163747,0.0,0.0,0.0,0.0,0.0,HIGH,MEDIUM,MEDIUM,5,COST_BASED,COST_BASED,false,false
3,social_learning_factor_high,1,2027,DISTRICT_HEATING,SOCIAL_HOUSING,22,0,15,163747,0.0,0.0,0.0,0.0,0.0,HIGH,MEDIUM,MEDIUM,5,COST_BASED,COST_BASED,false,false
3,social_learning_factor_high,1,2028,DISTRICT_HEATING,SOCIAL_HOUSING,10,0,12,163747,0.0,0.0,0.0,0.0,0.0,HIGH,MEDIUM,MEDIUM,5,COST_BASED,COST_BASED,false,false
3,social_learning_factor_high,1,2029,DISTRICT_HEATING,SOCIAL_HOUSING,1,0,9,163747,0.0,0.0,0.0,0.0,0.0,HIGH,MEDIUM,MEDIUM,5,COST_BASED,COST_BASED,false,false
3,social_learning_factor_high,1,2030,DISTRICT_HEATING,SOCIAL_HOUSING,1,0,0,163747,0.0,0.0,0.0,0.0,0.0,HIGH,MEDIUM,MEDIUM,5,COST_BASED,COST_BASED,false,false
3,social_learning_factor_high,1,2031,DISTRICT_HEATING,SOCIAL_HOUSING,0,0,1,163747,0.0,0.0,0.0,0.0,0.0,HIGH,MEDIUM,MEDIUM,5,COST_BASED,COST_BASED,false,false
3,social_learning_factor_high,1,2032,DISTRICT_HEATING,SOCIAL_HOUSING,0,0,0,163747,0.0,0.0,0.0,0.0,0.0,HIGH,MEDIUM,MEDIUM,5,COST_BASED,COST_BASED,false,false
3,social_learning_factor_high,1,2033,DISTRICT_HEATING,SOCIAL_HOUSING,0,0,0,163747,0.0,0.0,0.0,0.0,0.0,HIGH,MEDIUM,MEDIUM,5,COST_BASED,COST_BASED,false,false
3,social_learning_factor_high,1,2034,DISTRICT_HEATING,SOCIAL_HOUSING,0,0,0,163747,0.0,0.0,0.0,0.0,0.0,HIGH,MEDIUM,MEDIUM,5,COST_BASED,COST_BASED,false,false
3,social_learning_factor_high,1,2035,DISTRICT_HEATING,SOCIAL_HOUSING,0,0,0,163747,0.0,0.0,0.0,0.0,0.0,HIGH,MEDIUM,MEDIUM,5,COST_BASED,COST_BASED,false,false
3,social_learning_factor_high,1,2036,DISTRICT_HEATING,SOCIAL_HOUSING,0,0,0,163747,0.0,0.0,0.0,0.0,0.0,HIGH,MEDIUM,MEDIUM,5,COST_BASED,COST_BASED,false,false
3,social_learning_factor_high,1,2037,DISTRICT_HEATING,SOCIAL_HOUSING,0,0,0,163747,0.0,0.0,0.0,0.0,0.0,HIGH,MEDIUM,MEDIUM,5,COST_BASED,COST_BASED,false,false
3,social_learning_factor_high,1,2038,DISTRICT_HEATING,SOCIAL_HOUSING,0,0,0,163747,0.0,0.0,0.0,0.0,0.0,HIGH,MEDIUM,MEDIUM,5,COST_BASED,COST_BASED,false,false
3,social_learning_factor_high,1,2039,DISTRICT_HEATING,SOCIAL_HOUSING,0,0,0,163747,0.0,0.0,0.0,0.0,0.0,HIGH,MEDIUM,MEDIUM,5,COST_BASED,COST_BASED,false,false
3,social_learning_factor_high,1,2040,DISTRICT_HEATING,SOCIAL_HOUSING,0,0,0,163747,0.0,0.0,0.0,0.0,0.0,HIGH,MEDIUM,MEDIUM,5,COST_BASED,COST_BASED,false,false
3,social_learning_factor_high,1,2041,DISTRICT_HEATING,SOCIAL_HOUSING,0,0,0,163747,0.0,0.0,0.0,0.0,0.0,HIGH,MEDIUM,MEDIUM,5,COST_BASED,COST_BASED,false,false
3,social_learning_factor_high,1,2042,DISTRICT_HEATING,SOCIAL_HOUSING,0,0,0,163747,0.0,0.0,0.0,0.0,0.0,HIGH,MEDIUM,MEDIUM,5,COST_BASED,COST_BASED,false,false
3,social_learning_factor_high,1,2043,DISTRICT_HEATING,SOCIAL_HOUSING,0,0,0,163747,0.0,0.0,0.0,0.0,0.0,HIGH,MEDIUM,MEDIUM,5,COST_BASED,COST_BASED,false,false
3,social_learning_factor_high,1,2044,DISTRICT_HEATING,SOCIAL_HOUSING,0,0,0,163747,0.0,0.0,0.0,0.0,0.0,HIGH,MEDIUM,MEDIUM,5,COST_BASED,COST_BASED,false,false
3,social_learning_factor_high,1,2045,DISTRICT_HEATING,SOCIAL_HOUSING,0,0,0,163747,0.0,0.0,0.0,0.0,0.0,HIGH,MEDIUM,MEDIUM,5,COST_BASED,COST_BASED,false,false
3,social_learning_factor_high,1,2046,DISTRICT_HEATING,SOCIAL_HOUSING,0,0,0,163747,0.0,0.0,0.0,0.0,0.0,HIGH,MEDIUM,MEDIUM,5,COST_BASED,COST_BASED,false,false
3,social_learning_factor_high,1,2047,DISTRICT_HEATING,SOCIAL_HOUSING,0,0,0,163747,0.0,0.0,0.0,0.0,0.0,HIGH,MEDIUM,MEDIUM,5,COST_BASED,COST_BASED,false,false
3,social_learning_factor_high,1,2048,DISTRICT_HEATING,SOCIAL_HOUSING,0,0,0,163747,0.0,0.0,0.0,0.0,0.0,HIGH,MEDIUM,MEDIUM,5,COST_BASED,COST_BASED,false,false
3,social_learning_factor_high,1,2049,DISTRICT_HEATING,SOCIAL_HOUSING,0,0,0,163747,0.0,0.0,0.0,0.0,0.0,HIGH,MEDIUM,MEDIUM,5,COST_BASED,COST_BASED,false,false
3,social_learning_factor_high,1,2050,DISTRICT_HEATING,SOCIAL_HOUSING,0,0,0,163747,0.0,0.0,0.0,0.0,0.0,HIGH,MEDIUM,MEDIUM,5,COST_BASED,COST_BASED,false,false
3,social_learning_factor_high,1,2024,DISTRICT_HEATING,PRIVATELY_RENTED,91215,91215,0,91215,0.0,0.0,0.0,0.0,0.0,HIGH,MEDIUM,MEDIUM,5,COST_BASED,COST_BASED,false,false
3,social_learning_factor_high,1,2025,DISTRICT_HEATING,PRIVATELY_RENTED,96534,7960,2641,99175,0.0,0.0,0.0,0.0,0.0,HIGH,MEDIUM,MEDIUM,5,COST_BASED,COST_BASED,false,false
3,social_learning_factor_high,1,2026,DISTRICT_HEATING,PRIVATELY_RENTED,104966,10847,2415,110022,0.0,0.0,0.0,0.0,0.0,HIGH,MEDIUM,MEDIUM,5,COST_BASED,COST_BASED,false,false
3,social_learning_factor_high,1,2027,DISTRICT_HEATING,PRIVATELY_RENTED,115776,13456,2646,123478,0.0,0.0,0.0,0.0,0.0,HIGH,MEDIUM,MEDIUM,5,COST_BASED,COST_BASED,false,false
3,social_learning_factor_high,1,2028,DISTRICT_HEATING,PRIVATELY_RENTED,129632,16501,2645,139979,0.0,0.0,0.0,0.0,0.0,HIGH,MEDIUM,MEDIUM,5,COST_BASED,COST_BASED,false,false
3,social_learning_factor_high,1,2029,DISTRICT_HEATING,PRIVATELY_RENTED,145765,18513,2380,158492,0.0,0.0,0.0,0.0,0.0,HIGH,MEDIUM,MEDIUM,5,COST_BASED,COST_BASED,false,false
3,social_learning_factor_high,1,2030,DISTRICT_HEATING,PRIVATELY_RENTED,163592,20738,2911,179230,0.0,0.0,0.0,0.0,0.0,HIGH,MEDIUM,MEDIUM,5,COST_BASED,COST_BASED,false,false
3,social_learning_factor_high,1,2031,DISTRICT_HEATING,PRIVATELY_RENTED,184036,23242,2798,202472,0.0,0.0,0.0,0.0,0.0,HIGH,MEDIUM,MEDIUM,5,COST_BASED,COST_BASED,false,false
3,social_learning_factor_high,1,2032,DISTRICT_HEATING,PRIVATELY_RENTED,205940,24970,3066,227442,0.0,0.0,0.0,0.0,0.0,HIGH,MEDIUM,MEDIUM,5,COST_BASED,COST_BASED,false,false
3,social_learning_factor_high,1,2033,DISTRICT_HEATING,PRIVATELY_RENTED,230062,26925,2803,254367,0.0,0.0,0.0,0.0,0.0,HIGH,MEDIUM,MEDIUM,5,COST_BASED,COST_BASED,false,false
3,social_learning_factor_high,1,2034,DISTRICT_HEATING,PRIVATELY_RENTED,255084,28004,2982,282371,0.0,0.0,0.0,0.0,0.0,HIGH,MEDIUM,MEDIUM,5,COST_BASED,COST_BASED,false,false
3,social_learning_factor_high,1,2035,DISTRICT_HEATING,PRIVATELY_RENTED,281212,29533,3405,311904,0.0,0.0,0.0,0.0,0.0,HIGH,MEDIUM,MEDIUM,5,COST_BASED,COST_BASED,false,false
3,social_learning_factor_high,1,2036,DISTRICT_HEATING,PRIVATELY_RENTED,304998,27426,3640,339330,0.0,0.0,0.0,0.0,0.0,HIGH,MEDIUM,MEDIUM,5,COST_BASED,COST_BASED,false,false
3,social_learning_factor_high,1,2037,DISTRICT_HEATING,PRIVATELY_RENTED,306261,4996,3733,344326,0.0,0.0,0.0,0.0,0.0,HIGH,MEDIUM,MEDIUM,5,COST_BASED,COST_BASED,false,false
3,social_learning_factor_high,1,2038,DISTRICT_HEATING,PRIVATELY_RENTED,307157,4947,4051,349273,0.0,0.0,0.0,0.0,0.0,HIGH,MEDIUM,MEDIUM,5,COST_BASED,COST_BASED,false,false
3,social_learning_factor_high,1,2039,DISTRICT_HEATING,PRIVATELY_RENTED,306615,3592,4134,352865,0.0,0.0,0.0,0.0,0.0,HIGH,MEDIUM,MEDIUM,5,COST_BASED,COST_BASED,false,false
3,social_learning_factor_high,1,2040,DISTRICT_HEATING,PRIVATELY_RENTED,304256,1396,3755,354261,0.0,0.0,0.0,0.0,0.0,HIGH,MEDIUM,MEDIUM,5,COST_BASED,COST_BASED,false,false
3,social_learning_factor_high,1,2041,DISTRICT_HEATING,PRIVATELY_RENTED,301529,1492,4219,355753,0.0,0.0,0.0,0.0,0.0,HIGH,MEDIUM,MEDIUM,5,COST_BASED,COST_BASED,false,false
3,social_learning_factor_high,1,2042,DISTRICT_HEATING,PRIVATELY_RENTED,299555,1220,3194,356973,0.0,0.0,0.0,0.0,0.0,HIGH,MEDIUM,MEDIUM,5,COST_BASED,COST_BASED,false,false
3,social_learning_factor_high,1,2043,DISTRICT_HEATING,PRIVATELY_RENTED,297554,1298,3299,358271,0.0,0.0,0.0,0.0,0.0,HIGH,MEDIUM,MEDIUM,5,COST_BASED,COST_BASED,false,false
3,social_learning_factor_high,1,2044,DISTRICT_HEATING,PRIVATELY_RENTED,296071,1067,2550,359338,0.0,0.0,0.0,0.0,0.0,HIGH,MEDIUM,MEDIUM,5,COST_BASED,COST_BASED,false,false
3,social_learning_factor_high,1,2045,DISTRICT_HEATING,PRIVATELY_RENTED,294385,1067,2753,360405,0.0,0.0,0.0,0.0,0.0,HIGH,MEDIUM,MEDIUM,5,COST_BASED,COST_BASED,false,false
3,social_learning_factor_high,1,2046,DISTRICT_HEATING,PRIVATELY_RENTED,292617,1283,3051,361688,0.0,0.0,0.0,0.0,0.0,HIGH,MEDIUM,MEDIUM,5,COST_BASED,COST_BASED,false,false
3,social_learning_factor_high,1,2047,DISTRICT_HEATING,PRIVATELY_RENTED,290463,1391,3545,363079,0.0,0.0,0.0,0.0,0.0,HIGH,MEDIUM,MEDIUM,5,COST_BASED,COST_BASED,false,false
3,social_learning_factor_high,1,2048,DISTRICT_HEATING,PRIVATELY_RENTED,288466,1450,3447,364529,0.0,0.0,0.0,0.0,0.0,HIGH,MEDIUM,MEDIUM,5,COST_BASED,COST_BASED,false,false
3,social_learning_factor_high,1,2049,DISTRICT_HEATING,PRIVATELY_RENTED,286493,1381,3354,365910,0.0,0.0,0.0,0.0,0.0,HIGH,MEDIUM,MEDIUM,5,COST_BASED,COST_BASED,false,false
3,social_learning_factor_high,1,2050,DISTRICT_HEATING,PRIVATELY_RENTED,284204,1539,3828,367449,0.0,0.0,0.0,0.0,0.0,HIGH,MEDIUM,MEDIUM,5,COST_BASED,COST_BASED,false,false
3,social_learning_factor_high,1,2024,0.003280091272104963,0.003280091272104963,ELECTRIC_HEAT_PUMP,TOTAL,399464,399464,0,399464,0.0,0.0,0.0,0.0,0.0,HIGH,MEDIUM,MEDIUM,5,COST_BASED,COST_BASED,false,false
3,social_learning_factor_high,1,2025,0.0068454078722190535,0.0068454078722190535,ELECTRIC_HEAT_PUMP,TOTAL,783515,424072,40021,823536,0.4735233926094629,0.4558122067952319,0.0528981807478945,1721.4782065885177,0.4499084781905815,HIGH,MEDIUM,MEDIUM,5,COST_BASED,COST_BASED,false,false
3,social_learning_factor_high,1,2026,0.010838562464346835,0.010838562464346835,ELECTRIC_HEAT_PUMP,TOTAL,1002253,242053,23315,1065589,0.4774563223312787,0.4590560240627916,0.07670614497348485,1676.1022922392071,0.4529225913066347,HIGH,MEDIUM,MEDIUM,5,COST_BASED,COST_BASED,false,false
3,social_learning_factor_high,1,2027,0.014974329720479178,0.014974329720479178,ELECTRIC_HEAT_PUMP,TOTAL,1229274,249981,22960,1315570,0.4962243184835169,0.47899660612024575,0.0983407448597436,1700.6088191616411,0.47325403533247706,HIGH,MEDIUM,MEDIUM,5,COST_BASED,COST_BASED,false,false
3,social_learning_factor_high,1,2028,0.019680547632629778,0.019680547632629778,ELECTRIC_HEAT_PUMP,TOTAL,1447020,240563,22817,1556133,0.4899286821169914,0.47331504493870785,0.11538006699585644,1647.0437245337978,0.46777716587928936,HIGH,MEDIUM,MEDIUM,5,COST_BASED,COST_BASED,false,false
3,social_learning_factor_high,1,2029,0.024743297204791785,0.024743297204791785,ELECTRIC_HEAT_PUMP,TOTAL,1670637,245915,22298,1802048,0.5067229192728309,0.49226320305903537,0.13831936029127698,1676.4309416066294,0.4874432976544495,HIGH,MEDIUM,MEDIUM,5,COST_BASED,COST_BASED,false,false
3,social_learning_factor_high,1,2030,0.030233884768967486,0.030233884768967486,ELECTRIC_HEAT_PUMP,TOTAL,1889317,241491,22811,2043539,0.5075818872710812,0.4917047609329894,0.1577715218909995,1651.7289280867992,0.48641238548694676,HIGH,MEDIUM,MEDIUM,5,COST_BASED,COST_BASED,false,false
3,social_learning_factor_high,1,2031,0.03593839132915003,0.03593839132915003,ELECTRIC_HEAT_PUMP,TOTAL,2106812,241650,24155,2285189,0.5117431866546949,0.4962304749069608,0.1787847032976687,1635.416507347392,0.49105957099102,HIGH,MEDIUM,MEDIUM,5,COST_BASED,COST_BASED,false,false
3,social_learning_factor_high,1,2032,0.0419281232173417,0.0419281232173417,ELECTRIC_HEAT_PUMP,TOTAL,2325032,243304,25084,2528493,0.5157867775028178,0.5021923076142627,0.19992048871705861,1633.505782142906,0.4976608176514013,HIGH,MEDIUM,MEDIUM,5,COST_BASED,COST_BASED,false,false
3,social_learning_factor_high,1,2033,0.04855961209355391,0.04855961209355391,ELECTRIC_HEAT_PUMP,TOTAL,2549423,250820,26429,2779313,0.5297324518772087,0.5189449511964074,0.2264661609404873,1650.7356179551011,0.5153491176361209,HIGH,MEDIUM,MEDIUM,5,COST_BASED,COST_BASED,false,false
3,social_learning_factor_high,1,2034,0.05554763262977752,0.05554763262977752,ELECTRIC_HEAT_PUMP,TOTAL,2777596,256116,27943,3035429,0.5423009556097412,0.5330528268181927,0.2540886189662385,1632.1390552941123,0.5299701172209876,HIGH,MEDIUM,MEDIUM,5,COST_BASED,COST_BASED,false,false
3,social_learning_factor_high,1,2035,0.06282087849401027,0.06282087849401027,ELECTRIC_HEAT_PUMP,TOTAL,2996515,248037,29118,3283466,0.5408942603149827,0.530701867879896,0.2762826945364232,1608.7401104713258,0.5273044037348509,HIGH,MEDIUM,MEDIUM,5,COST_BASED,COST_BASED,false,false
3,social_learning_factor_high,1,2036,0.07009412435824301,0.07009412435824301,ELECTRIC_HEAT_PUMP,TOTAL,3141604,176484,31395,3459950,0.5608230893217427,0.5565879409783335,0.30523818990272866,1606.9263969095578,0.5551762248638501,HIGH,MEDIUM,MEDIUM,5,COST_BASED,COST_BASED,false,false
3,social_learning_factor_high,1,2037,0.07736737022247575,0.07736737022247575,ELECTRIC_HEAT_PUMP,TOTAL,3133274,27590,35920,3487540,0.5490688891289118,0.6137545845012707,0.3337250965629787,1399.3629827395775,0.6353164829587337,HIGH,MEDIUM,MEDIUM,5,COST_BASED,COST_BASED,false,false
3,social_learning_factor_high,1,2038,0.0846406160867085,0.0846406160867085,ELECTRIC_HEAT_PUMP,TOTAL,3125919,24007,31362,3511547,0.5496045372943468,0.5957688696480087,0.32130784468502627,1387.129255332828,0.6111569804325677,HIGH,MEDIUM,MEDIUM,5,COST_BASED,COST_BASED,false,false
3,social_learning_factor_high,1,2039,0.09191386195094124,0.09191386195094124,ELECTRIC_HEAT_PUMP,TOTAL,3125774,13690,13835,3525237,0.4654946974543785,0.5209293196576006,0.2881387588597158,1360.5324435404502,0.5394075270586741,HIGH,MEDIUM,MEDIUM,5,COST_BASED,COST_BASED,false,false
3,social_learning_factor_high,1,2040,0.099187107815174,0.099187107815174,ELECTRIC_HEAT_PUMP,TOTAL,3132213,430512,424073,3955749,0.47847103090948656,0.49346029506833733,0.2635047511071791,1207.807363237855,0.49845671645461176,HIGH,MEDIUM,MEDIUM,5,COST_BASED,COST_BASED,false,false
3,social_learning_factor_high,1,2041,0.10646035367940673,0.10646035367940673,ELECTRIC_HEAT_PUMP,TOTAL,3138827,248667,242053,4204416,0.47920334652650176,0.4936129637744378,0.26547420301725677,1215.3807795150797,0.49841616952372464,HIGH,MEDIUM,MEDIUM,5,COST_BASED,COST_BASED,false,false
3,social_learning_factor_high,1,2042,0.11373359954363947,0.11373359954363947,ELECTRIC_HEAT_PUMP,TOTAL,3142180,253334,249981,4457750,0.49783147861210414,0.5129884344842175,0.2757810503400769,1244.6029000200642,0.5180407531082662,HIGH,MEDIUM,MEDIUM,5,COST_BASED,COST_BASED,false,false
3,social_learning_factor_high,1,2043,0.12100684540787222,0.12100684540787222,ELECTRIC_HEAT_PUMP,TOTAL,3146893,245276,240563,4703026,0.4922350326253723,0.5070551971473909,0.272667336489549,1220.7610418365603,0.5119952519880674,HIGH,MEDIUM,MEDIUM,5,COST_BASED,COST_BASED,false,false
3,social_learning_factor_high,1,2044,0.12828009127210496,0.12828009127210496,ELECTRIC_HEAT_PUMP,TOTAL,3149965,248987,245915,4952013,0.5082671607260946,0.5241208068225262,0.2822790015163812,1253.6371275675676,0.5294053555213442,HIGH,MEDIUM,MEDIUM,5,COST_BASED,COST_BASED,false,false
3,social_learning_factor_high,1,2045,0.13555333713633771,0.13555333713633771,ELECTRIC_HEAT_PUMP,TOTAL,3153963,245489,241491,5197502,0.5100370964945543,0.5256866439127039,0.28314834464175703,1243.8201764846954,0.5309031597187547,HIGH,MEDIUM,MEDIUM,5,COST_BASED,COST_BASED,false,false
3,social_learning_factor_high,1,2046,0.14282658300057044,0.14282658300057044,ELECTRIC_HEAT_PUMP,TOTAL,3159197,246884,241650,5444386,0.5138761651177355,0.530864225680554,0.2858614783984958,1243.5790029128418,0.5365269125348319,HIGH,MEDIUM,MEDIUM,5,COST_BASED,COST_BASED,false,false
3,social_learning_factor_high,1,2047,0.1500998288648032,0.1500998288648032,ELECTRIC_HEAT_PUMP,TOTAL,3164091,248198,243304,5692584,0.5172473344583469,0.5338376659387656,0.28807019874459117,1239.5661630367035,0.5393677764322791,HIGH,MEDIUM,MEDIUM,5,COST_BASED,COST_BASED,false,false
3,social_learning_factor_high,1,2048,0.15737307472903594,0.15737307472903594,ELECTRIC_HEAT_PUMP,TOTAL,3169015,255744,250820,5948328,0.532820111745246,0.5529170785457515,0.2962845674744007,1260.0305885447406,0.559616067479229,HIGH,MEDIUM,MEDIUM,5,COST_BASED,COST_BASED,false,false
3,social_learning_factor_high,1,2049,0.16464632059326867,0.16464632059326867,ELECTRIC_HEAT_PUMP,TOTAL,3173730,260831,256116,6209159,0.5431557662720566,0.5626194418563398,0.3033693848535597,1250.972855766763,0.5691073337177397,HIGH,MEDIUM,MEDIUM,5,COST_BASED,COST_BASED,false,false
3,social_learning_factor_high,1,2050,0.0,0.0,ELECTRIC_HEAT_PUMP,TOTAL,3180722,255029,248037,6464188,0.5437100131537124,0.5642098172663969,0.3035229145312772,1236.9256532037264,0.5710430853039783,HIGH,MEDIUM,MEDIUM,5,COST_BASED,COST_BASED,false,false
3,social_learning_factor_high,1,2024,ELECTRIC_HEAT_PUMP,PRIVATELY_OWNED,328511,328511,0,328511,0.0,0.0,0.0,0.0,0.0,HIGH,MEDIUM,MEDIUM,5,COST_BASED,COST_BASED,false,false
3,social_learning_factor_high,1,2025,ELECTRIC_HEAT_PUMP,PRIVATELY_OWNED,580324,281026,29213,609537,0.7145531450850816,0.6878267283456604,0.07982406363155407,2597.733683091265,0.6789179227659942,HIGH,MEDIUM,MEDIUM,5,COST_BASED,COST_BASED,false,false
3,social_learning_factor_high,1,2026,ELECTRIC_HEAT_PUMP,PRIVATELY_OWNED,723327,161763,18760,771300,0.7144386243408754,0.6869054591746623,0.1147787349966737,2508.0246295096954,0.6777277374525995,HIGH,MEDIUM,MEDIUM,5,COST_BASED,COST_BASED,false,false
3,social_learning_factor_high,1,2027,ELECTRIC_HEAT_PUMP,PRIVATELY_OWNED,878505,173804,18626,945104,0.7137157450854298,0.6889372545772546,0.14144276162104188,2445.9730111093313,0.6806777577411794,HIGH,MEDIUM,MEDIUM,5,COST_BASED,COST_BASED,false,false
3,social_learning_factor_high,1,2028,ELECTRIC_HEAT_PUMP,PRIVATELY_OWNED,1025208,165024,18321,1110128,0.7141913512950226,0.6899728957944927,0.1681947780730331,2400.970643694396,0.6819000772943298,HIGH,MEDIUM,MEDIUM,5,COST_BASED,COST_BASED,false,false
3,social_learning_factor_high,1,2029,ELECTRIC_HEAT_PUMP,PRIVATELY_OWNED,1181536,174450,18122,1284578,0.714306487205378,0.6939232191473929,0.1949831211580933,2363.1958441111738,0.6871287964614156,HIGH,MEDIUM,MEDIUM,5,COST_BASED,COST_BASED,false,false
3,social_learning_factor_high,1,2030,ELECTRIC_HEAT_PUMP,PRIVATELY_OWNED,1334229,171562,18869,1456140,0.7144732373076829,0.6921245638455401,0.22207949658420487,2324.9768047272078,0.6846750060248089,HIGH,MEDIUM,MEDIUM,5,COST_BASED,COST_BASED,false,false
3,social_learning_factor_high,1,2031,ELECTRIC_HEAT_PUMP,PRIVATELY_OWNED,1487416,173098,19911,1629238,0.714408838086558,0.6927526271896098,0.24958880837376307,2283.0904978711324,0.6855338902239193,HIGH,MEDIUM,MEDIUM,5,COST_BASED,COST_BASED,false,false
3,social_learning_factor_high,1,2032,ELECTRIC_HEAT_PUMP,PRIVATELY_OWNED,1642228,175685,20873,1804923,0.7143067769789428,0.6954799624998182,0.2768674308382345,2262.222106716553,0.6892043576734299,HIGH,MEDIUM,MEDIUM,5,COST_BASED,COST_BASED,false,false
3,social_learning_factor_high,1,2033,ELECTRIC_HEAT_PUMP,PRIVATELY_OWNED,1806598,185984,21614,1990907,0.7144028173382738,0.6998546792147868,0.3054146726981516,2226.199606931233,0.6950052998402649,HIGH,MEDIUM,MEDIUM,5,COST_BASED,COST_BASED,false,false
3,social_learning_factor_high,1,2034,ELECTRIC_HEAT_PUMP,PRIVATELY_OWNED,1978133,194460,22925,2185367,0.7142443255525274,0.7020639606776109,0.3346506260164412,2149.6293648344486,0.6980038390526095,HIGH,MEDIUM,MEDIUM,5,COST_BASED,COST_BASED,false,false
3,social_learning_factor_high,1,2035,ELECTRIC_HEAT_PUMP,PRIVATELY_OWNED,2142132,187822,23823,2373189,0.7143028486851772,0.7008428150234041,0.36485784788113634,2124.495909856014,0.6963561371361247,HIGH,MEDIUM,MEDIUM,5,COST_BASED,COST_BASED,false,false
3,social_learning_factor_high,1,2036,ELECTRIC_HEAT_PUMP,PRIVATELY_OWNED,2254582,138624,26174,2511813,0.7139910989140296,0.7085992770055706,0.3886026713036211,2045.7986945419725,0.7068020030360668,HIGH,MEDIUM,MEDIUM,5,COST_BASED,COST_BASED,false,false
3,social_learning_factor_high,1,2037,ELECTRIC_HEAT_PUMP,PRIVATELY_OWNED,2246267,23564,31879,2535377,0.6428794199230469,0.7186169150564445,0.39074331243305815,1638.4495286787026,0.7438627467675888,HIGH,MEDIUM,MEDIUM,5,COST_BASED,COST_BASED,false,false
3,social_learning_factor_high,1,2038,ELECTRIC_HEAT_PUMP,PRIVATELY_OWNED,2238498,19836,27605,2555213,0.6651722185332417,0.7210437211957927,0.38887061037272763,1678.8068175426097,0.7396675554166492,HIGH,MEDIUM,MEDIUM,5,COST_BASED,COST_BASED,false,false
3,social_learning_factor_high,1,2039,ELECTRIC_HEAT_PUMP,PRIVATELY_OWNED,2236950,10247,11795,2565460,0.6219012792183509,0.6959619777605691,0.3849536067912081,1817.6724067599068,0.7206488772746412,HIGH,MEDIUM,MEDIUM,5,COST_BASED,COST_BASED,false,false
3,social_learning_factor_high,1,2040,ELECTRIC_HEAT_PUMP,PRIVATELY_OWNED,2241032,285109,281027,2850569,0.7224869101252674,0.7451205628389845,0.3978897804301298,1823.7781464711932,0.7526651137435431,HIGH,MEDIUM,MEDIUM,5,COST_BASED,COST_BASED,false,false
3,social_learning_factor_high,1,2041,ELECTRIC_HEAT_PUMP,PRIVATELY_OWNED,2244923,165654,161763,3016223,0.7193430799781811,0.740973685289206,0.3985093848726393,1824.435825876081,0.7481838870595098,HIGH,MEDIUM,MEDIUM,5,COST_BASED,COST_BASED,false,false
3,social_learning_factor_high,1,2042,ELECTRIC_HEAT_PUMP,PRIVATELY_OWNED,2246303,175184,173804,3191407,0.7199152879413576,0.7418337979588591,0.3988076342979555,1799.823220577695,0.7491399679647086,HIGH,MEDIUM,MEDIUM,5,COST_BASED,COST_BASED,false,false
3,social_learning_factor_high,1,2043,ELECTRIC_HEAT_PUMP,PRIVATELY_OWNED,2249018,167739,165024,3359146,0.719769641301193,0.7414403957071608,0.39870723937075225,1785.0552662022792,0.7486639805091554,HIGH,MEDIUM,MEDIUM,5,COST_BASED,COST_BASED,false,false
3,social_learning_factor_high,1,2044,ELECTRIC_HEAT_PUMP,PRIVATELY_OWNED,2250608,176040,174450,3535186,0.7188815925227682,0.7413046314946622,0.39924904425448304,1773.1160388642693,0.7487789778186373,HIGH,MEDIUM,MEDIUM,5,COST_BASED,COST_BASED,false,false
3,social_learning_factor_high,1,2045,ELECTRIC_HEAT_PUMP,PRIVATELY_OWNED,2252924,173878,171562,3709064,0.7200939554247902,0.7421887100581199,0.3997619248999891,1756.0828356954382,0.7495536282692311,HIGH,MEDIUM,MEDIUM,5,COST_BASED,COST_BASED,false,false
3,social_learning_factor_high,1,2046,ELECTRIC_HEAT_PUMP,PRIVATELY_OWNED,2256393,176567,173098,3885631,0.7185249970205475,0.7422784749863672,0.39970450442570943,1738.8286517590154,0.7501963009749809,HIGH,MEDIUM,MEDIUM,5,COST_BASED,COST_BASED,false,false
3,social_learning_factor_high,1,2047,ELECTRIC_HEAT_PUMP,PRIVATELY_OWNED,2259136,178428,175685,4064059,0.7195045279770709,0.7425821116117971,0.40071315706060723,1724.2688509280142,0.7502746394900958,HIGH,MEDIUM,MEDIUM,5,COST_BASED,COST_BASED,false,false
3,social_learning_factor_high,1,2048,ELECTRIC_HEAT_PUMP,PRIVATELY_OWNED,2262063,188911,185984,4252970,0.7213213982149065,0.7485282769960704,0.4011042259274109,1705.8046531794662,0.757597236589759,HIGH,MEDIUM,MEDIUM,5,COST_BASED,COST_BASED,false,false
3,social_learning_factor_high,1,2049,ELECTRIC_HEAT_PUMP,PRIVATELY_OWNED,2264809,197206,194460,4450176,0.7183952905718224,0.7441385740739683,0.4012461082357475,1654.5769446289694,0.7527196685746467,HIGH,MEDIUM,MEDIUM,5,COST_BASED,COST_BASED,false,false
3,social_learning_factor_high,1,2050,ELECTRIC_HEAT_PUMP,PRIVATELY_OWNED,2269514,192527,187822,4642703,0.7202201298756961,0.747374994092423,0.40205864824153026,1638.481420324906,0.756426615498025,HIGH,MEDIUM,MEDIUM,5,COST_BASED,COST_BASED,false,false
3,social_learning_factor_high,1,2024,ELECTRIC_HEAT_PUMP,SOCIAL_HOUSING,4503,4503,0,4503,0.0,0.0,0.0,0.0,0.0,HIGH,MEDIUM,MEDIUM,5,COST_BASED,COST_BASED,false,false
3,social_learning_factor_high,1,2025,ELECTRIC_HEAT_PUMP,SOCIAL_HOUSING,194,0,4309,4503,0.0,0.0,0.0,0.0,0.0,HIGH,MEDIUM,MEDIUM,5,COST_BASED,COST_BASED,false,false
3,social_learning_factor_high,1,2026,ELECTRIC_HEAT_PUMP,SOCIAL_HOUSING,80,0,114,4503,0.0,0.0,0.0,0.0,0.0,HIGH,MEDIUM,MEDIUM,5,COST_BASED,COST_BASED,false,false
3,social_learning_factor_high,1,2027,ELECTRIC_HEAT_PUMP,SOCIAL_HOUSING,40,0,40,4503,0.0,0.0,0.0,0.0,0.0,HIGH,MEDIUM,MEDIUM,5,COST_BASED,COST_BASED,false,false
3,social_learning_factor_high,1,2028,ELECTRIC_HEAT_PUMP,SOCIAL_HOUSING,29,0,11,4503,0.0,0.0,0.0,0.0,0.0,HIGH,MEDIUM,MEDIUM,5,COST_BASED,COST_BASED,false,false
3,social_learning_factor_high,1,2029,ELECTRIC_HEAT_PUMP,SOCIAL_HOUSING,16,0,13,4503,0.0,0.0,0.0,0.0,0.0,HIGH,MEDIUM,MEDIUM,5,COST_BASED,COST_BASED,false,false
3,social_learning_factor_high,1,2030,ELECTRIC_HEAT_PUMP,SOCIAL_HOUSING,11,0,5,4503,0.0,0.0,0.0,0.0,0.0,HIGH,MEDIUM,MEDIUM,5,COST_BASED,COST_BASED,false,false
3,social_learning_factor_high,1,2031,ELECTRIC_HEAT_PUMP,SOCIAL_HOUSING,7,0,4,4503,0.0,0.0,0.0,0.0,0.0,HIGH,MEDIUM,MEDIUM,5,COST_BASED,COST_BASED,false,false
3,social_learning_factor_high,1,2032,ELECTRIC_HEAT_PUMP,SOCIAL_HOUSING,5,0,2,4503,0.0,0.0,0.0,0.0,0.0,HIGH,MEDIUM,MEDIUM,5,COST_BASED,COST_BASED,false,false
3,social_learning_factor_high,1,2033,ELECTRIC_HEAT_PUMP,SOCIAL_HOUSING,5,0,0,4503,0.0,0.0,0.0,0.0,0.0,HIGH,MEDIUM,MEDIUM,5,COST_BASED,COST_BASED,false,false
3,social_learning_factor_high,1,2034,ELECTRIC_HEAT_PUMP,SOCIAL_HOUSING,5,0,0,4503,0.0,0.0,0.0,0.0,0.0,HIGH,MEDIUM,MEDIUM,5,COST_BASED,COST_BASED,false,false
3,social_learning_factor_high,1,2035,ELECTRIC_HEAT_PUMP,SOCIAL_HOUSING,5,0,0,4503,0.0,0.0,0.0,0.0,0.0,HIGH,MEDIUM,MEDIUM,5,COST_BASED,COST_BASED,false,false
3,social_learning_factor_high,1,2036,ELECTRIC_HEAT_PUMP,SOCIAL_HOUSING,4,0,1,4503,0.0,0.0,0.0,0.0,0.0,HIGH,MEDIUM,MEDIUM,5,COST_BASED,COST_BASED,false,false
3,social_learning_factor_high,1,2037,ELECTRIC_HEAT_PUMP,SOCIAL_HOUSING,2,0,2,4503,0.0,0.0,0.0,0.0,0.0,HIGH,MEDIUM,MEDIUM,5,COST_BASED,COST_BASED,false,false
3,social_learning_factor_high,1,2038,ELECTRIC_HEAT_PUMP,SOCIAL_HOUSING,0,0,2,4503,0.0,0.0,0.0,0.0,0.0,HIGH,MEDIUM,MEDIUM,5,COST_BASED,COST_BASED,false,false
3,social_learning_factor_high,1,2039,ELECTRIC_HEAT_PUMP,SOCIAL_HOUSING,0,0,0,4503,0.0,0.0,0.0,0.0,0.0,HIGH,MEDIUM,MEDIUM,5,COST_BASED,COST_BASED,false,false
3,social_learning_factor_high,1,2040,ELECTRIC_HEAT_PUMP,SOCIAL_HOUSING,0,0,0,4503,0.0,0.0,0.0,0.0,0.0,HIGH,MEDIUM,MEDIUM,5,COST_BASED,COST_BASED,false,false
3,social_learning_factor_high,1,2041,ELECTRIC_HEAT_PUMP,SOCIAL_HOUSING,0,0,0,4503,0.0,0.0,0.0,0.0,0.0,HIGH,MEDIUM,MEDIUM,5,COST_BASED,COST_BASED,false,false
3,social_learning_factor_high,1,2042,ELECTRIC_HEAT_PUMP,SOCIAL_HOUSING,0,0,0,4503,0.0,0.0,0.0,0.0,0.0,HIGH,MEDIUM,MEDIUM,5,COST_BASED,COST_BASED,false,false
3,social_learning_factor_high,1,2043,ELECTRIC_HEAT_PUMP,SOCIAL_HOUSING,0,0,0,4503,0.0,0.0,0.0,0.0,0.0,HIGH,MEDIUM,MEDIUM,5,COST_BASED,COST_BASED,false,false
3,social_learning_factor_high,1,2044,ELECTRIC_HEAT_PUMP,SOCIAL_HOUSING,0,0,0,4503,0.0,0.0,0.0,0.0,0.0,HIGH,MEDIUM,MEDIUM,5,COST_BASED,COST_BASED,false,false
3,social_learning_factor_high,1,2045,ELECTRIC_HEAT_PUMP,SOCIAL_HOUSING,0,0,0,4503,0.0,0.0,0.0,0.0,0.0,HIGH,MEDIUM,MEDIUM,5,COST_BASED,COST_BASED,false,false
3,social_learning_factor_high,1,2046,ELECTRIC_HEAT_PUMP,SOCIAL_HOUSING,0,0,0,4503,0.0,0.0,0.0,0.0,0.0,HIGH,MEDIUM,MEDIUM,5,COST_BASED,COST_BASED,false,false
3,social_learning_factor_high,1,2047,ELECTRIC_HEAT_PUMP,SOCIAL_HOUSING,0,0,0,4503,0.0,0.0,0.0,0.0,0.0,HIGH,MEDIUM,MEDIUM,5,COST_BASED,COST_BASED,false,false
3,social_learning_factor_high,1,2048,ELECTRIC_HEAT_PUMP,SOCIAL_HOUSING,0,0,0,4503,0.0,0.0,0.0,0.0,0.0,HIGH,MEDIUM,MEDIUM,5,COST_BASED,COST_BASED,false,false
3,social_learning_factor_high,1,2049,ELECTRIC_HEAT_PUMP,SOCIAL_HOUSING,0,0,0,4503,0.0,0.0,0.0,0.0,0.0,HIGH,MEDIUM,MEDIUM,5,COST_BASED,COST_BASED,false,false
3,social_learning_factor_high,1,2050,ELECTRIC_HEAT_PUMP,SOCIAL_HOUSING,0,0,0,4503,0.0,0.0,0.0,0.0,0.0,HIGH,MEDIUM,MEDIUM,5,COST_BASED,COST_BASED,false,false
3,social_learning_factor_high,1,2024,ELECTRIC_HEAT_PUMP,PRIVATELY_RENTED,66450,66450,0,66450,0.0,0.0,0.0,0.0,0.0,HIGH,MEDIUM,MEDIUM,5,COST_BASED,COST_BASED,false,false
3,social_learning_factor_high,1,2025,ELECTRIC_HEAT_PUMP,PRIVATELY_RENTED,202997,143046,6499,209496,0.0,0.0,0.0,0.0,0.0,HIGH,MEDIUM,MEDIUM,5,COST_BASED,COST_BASED,false,false
3,social_learning_factor_high,1,2026,ELECTRIC_HEAT_PUMP,PRIVATELY_RENTED,278846,80290,4441,289786,0.0,0.0,0.0,0.0,0.0,HIGH,MEDIUM,MEDIUM,5,COST_BASED,COST_BASED,false,false
3,social_learning_factor_high,1,2027,ELECTRIC_HEAT_PUMP,PRIVATELY_RENTED,350729,76177,4294,365963,0.0,0.0,0.0,0.0,0.0,HIGH,MEDIUM,MEDIUM,5,COST_BASED,COST_BASED,false,false
3,social_learning_factor_high,1,2028,ELECTRIC_HEAT_PUMP,PRIVATELY_RENTED,421783,75539,4485,441502,0.0,0.0,0.0,0.0,0.0,HIGH,MEDIUM,MEDIUM,5,COST_BASED,COST_BASED,false,false
3,social_learning_factor_high,1,2029,ELECTRIC_HEAT_PUMP,PRIVATELY_RENTED,489085,71465,4163,512967,0.0,0.0,0.0,0.0,0.0,HIGH,MEDIUM,MEDIUM,5,COST_BASED,COST_BASED,false,false
3,social_learning_factor_high,1,2030,ELECTRIC_HEAT_PUMP,PRIVATELY_RENTED,555077,69929,3937,582896,0.0,0.0,0.0,0.0,0.0,HIGH,MEDIUM,MEDIUM,5,COST_BASED,COST_BASED,false,false
3,social_learning_factor_high,1,2031,ELECTRIC_HEAT_PUMP,PRIVATELY_RENTED,619389,68552,4240,651448,0.0,0.0,0.0,0.0,0.0,HIGH,MEDIUM,MEDIUM,5,COST_BASED,COST_BASED,false,false
3,social_learning_factor_high,1,2032,ELECTRIC_HEAT_PUMP,PRIVATELY_RENTED,682799,67619,4209,719067,0.0,0.0,0.0,0.0,0.0,HIGH,MEDIUM,MEDIUM,5,COST_BASED,COST_BASED,false,false
3,social_learning_factor_high,1,2033,ELECTRIC_HEAT_PUMP,PRIVATELY_RENTED,742820,64836,4815,783903,0.0,0.0,0.0,0.0,0.0,HIGH,MEDIUM,MEDIUM,5,COST_BASED,COST_BASED,false,false
3,social_learning_factor_high,1,2034,ELECTRIC_HEAT_PUMP,PRIVATELY_RENTED,799458,61656,5018,845559,0.0,0.0,0.0,0.0,0.0,HIGH,MEDIUM,MEDIUM,5,COST_BASED,COST_BASED,false,false
3,social_learning_factor_high,1,2035,ELECTRIC_HEAT_PUMP,PRIVATELY_RENTED,854378,60215,5295,905774,0.0,0.0,0.0,0.0,0.0,HIGH,MEDIUM,MEDIUM,5,COST_BASED,COST_BASED,false,false
3,social_learning_factor_high,1,2036,ELECTRIC_HEAT_PUMP,PRIVATELY_RENTED,887018,37860,5220,943634,0.0,0.0,0.0,0.0,0.0,HIGH,MEDIUM,MEDIUM,5,COST_BASED,COST_BASED,false,false
3,social_learning_factor_high,1,2037,ELECTRIC_HEAT_PUMP,PRIVATELY_RENTED,887005,4026,4039,947660,0.0,0.0,0.0,0.0,0.0,HIGH,MEDIUM,MEDIUM,5,COST_BASED,COST_BASED,false,false
3,social_learning_factor_high,1,2038,ELECTRIC_HEAT_PUMP,PRIVATELY_RENTED,887421,4171,3755,951831,0.0,0.0,0.0,0.0,0.0,HIGH,MEDIUM,MEDIUM,5,COST_BASED,COST_BASED,false,false
3,social_learning_factor_high,1,2039,ELECTRIC_HEAT_PUMP,PRIVATELY_RENTED,888824,3443,2040,955274,0.0,0.0,0.0,0.0,0.0,HIGH,MEDIUM,MEDIUM,5,COST_BASED,COST_BASED,false,false
3,social_learning_factor_high,1,2040,ELECTRIC_HEAT_PUMP,PRIVATELY_RENTED,891181,145403,143046,1100677,0.0,0.0,0.0,0.0,0.0,HIGH,MEDIUM,MEDIUM,5,COST_BASED,COST_BASED,false,false
3,social_learning_factor_high,1,2041,ELECTRIC_HEAT_PUMP,PRIVATELY_RENTED,893904,83013,80290,1183690,0.0,0.0,0.0,0.0,0.0,HIGH,MEDIUM,MEDIUM,5,COST_BASED,COST_BASED,false,false
3,social_learning_factor_high,1,2042,ELECTRIC_HEAT_PUMP,PRIVATELY_RENTED,895877,78150,76177,1261840,0.0,0.0,0.0,0.0,0.0,HIGH,MEDIUM,MEDIUM,5,COST_BASED,COST_BASED,false,false
3,social_learning_factor_high,1,2043,ELECTRIC_HEAT_PUMP,PRIVATELY_RENTED,897875,77537,75539,1339377,0.0,0.0,0.0,0.0,0.0,HIGH,MEDIUM,MEDIUM,5,COST_BASED,COST_BASED,false,false
3,social_learning_factor_high,1,2044,ELECTRIC_HEAT_PUMP,PRIVATELY_RENTED,899357,72947,71465,1412324,0.0,0.0,0.0,0.0,0.0,HIGH,MEDIUM,MEDIUM,5,COST_BASED,COST_BASED,false,false
3,social_learning_factor_high,1,2045,ELECTRIC_HEAT_PUMP,PRIVATELY_RENTED,901039,71611,69929,1483935,0.0,0.0,0.0,0.0,0.0,HIGH,MEDIUM,MEDIUM,5,COST_BASED,COST_BASED,false,false
3,social_learning_factor_high,1,2046,ELECTRIC_HEAT_PUMP,PRIVATELY_RENTED,902804,70317,68552,1554252,0.0,0.0,0.0,0.0,0.0,HIGH,MEDIUM,MEDIUM,5,COST_BASED,COST_BASED,false,false
3,social_learning_factor_high,1,2047,ELECTRIC_HEAT_PUMP,PRIVATELY_RENTED,904955,69770,67619,1624022,0.0,0.0,0.0,0.0,0.0,HIGH,MEDIUM,MEDIUM,5,COST_BASED,COST_BASED,false,false
3,social_learning_factor_high,1,2048,ELECTRIC_HEAT_PUMP,PRIVATELY_RENTED,906952,66833,64836,1690855,0.0,0.0,0.0,0.0,0.0,HIGH,MEDIUM,MEDIUM,5,COST_BASED,COST_BASED,false,false
3,social_learning_factor_high,1,2049,ELECTRIC_HEAT_PUMP,PRIVATELY_RENTED,908921,63625,61656,1754480,0.0,0.0,0.0,0.0,0.0,HIGH,MEDIUM,MEDIUM,5,COST_BASED,COST_BASED,false,false
3,social_learning_factor_high,1,2050,ELECTRIC_HEAT_PUMP,PRIVATELY_RENTED,911208,62502,60215,1816982,0.0,0.0,0.0,0.0,0.0,HIGH,MEDIUM,MEDIUM,5,COST_BASED,COST_BASED,false,false
3,social_learning_factor_high,1,2024,0.003280091272104963,0.003280091272104963,HYBRID_HEAT_PUMP,TOTAL,156170,156170,0,156170,0.0,0.0,0.0,0.0,0.0,HIGH,MEDIUM,MEDIUM,5,COST_BASED,COST_BASED,false,false
3,social_learning_factor_high,1,2025,0.0068454078722190535,0.0068454078722190535,HYBRID_HEAT_PUMP,TOTAL,2094317,1956099,17952,2112269,0.14116704350109238,0.13120798729069155,0.01001663476759746,360.3242638095434,0.12788830188720543,HIGH,MEDIUM,MEDIUM,5,COST_BASED,COST_BASED,false,false
3,social_learning_factor_high,1,2026,0.010838562464346835,0.010838562464346835,HYBRID_HEAT_PUMP,TOTAL,2309818,1820681,1605180,3932950,0.09361335062691142,0.0873314389210099,0.01277099831782373,227.58295584211675,0.08523746835237826,HIGH,MEDIUM,MEDIUM,5,COST_BASED,COST_BASED,false,false
3,social_learning_factor_high,1,2027,0.014974329720479178,0.014974329720479178,HYBRID_HEAT_PUMP,TOTAL,2511190,1808970,1607598,5741920,0.08910368293999932,0.08254945217227291,0.01642591195154861,211.77279402402624,0.08036470858303119,HIGH,MEDIUM,MEDIUM,5,COST_BASED,COST_BASED,false,false
3,social_learning_factor_high,1,2028,0.019680547632629778,0.019680547632629778,HYBRID_HEAT_PUMP,TOTAL,2729633,1826595,1608152,7568515,0.09547540139531081,0.08939327440977708,0.022313987150744816,224.1933119250879,0.08736589874792756,HIGH,MEDIUM,MEDIUM,5,COST_BASED,COST_BASED,false,false
3,social_learning_factor_high,1,2029,0.024743297204791785,0.024743297204791785,HYBRID_HEAT_PUMP,TOTAL,2939546,1818518,1608605,9387033,0.0924521415282295,0.0865141111035095,0.026235618620646953,214.65099835578349,0.0845347676285957,HIGH,MEDIUM,MEDIUM,5,COST_BASED,COST_BASED,false,false
3,social_learning_factor_high,1,2030,0.030233884768967486,0.030233884768967486,HYBRID_HEAT_PUMP,TOTAL,3154738,1823839,1608647,11210872,0.09435540408327764,0.08834301384207749,0.03147182572887335,216.75129729219324,0.0863388837616764,HIGH,MEDIUM,MEDIUM,5,COST_BASED,COST_BASED,false,false
3,social_learning_factor_high,1,2031,0.03593839132915003,0.03593839132915003,HYBRID_HEAT_PUMP,TOTAL,3376109,1830396,1609025,13041268,0.09674423045165324,0.09077384774153092,0.03716601859800519,219.54531209301197,0.08878372017148965,HIGH,MEDIUM,MEDIUM,5,COST_BASED,COST_BASED,false,false
3,social_learning_factor_high,1,2032,0.0419281232173417,0.0419281232173417,HYBRID_HEAT_PUMP,TOTAL,3589818,1822470,1608761,14863738,0.0938307971633016,0.08809932522186444,0.04087283889830875,211.42116706431614,0.0861888345747182,HIGH,MEDIUM,MEDIUM,5,COST_BASED,COST_BASED,false,false
3,social_learning_factor_high,1,2033,0.04855961209355391,0.04855961209355391,HYBRID_HEAT_PUMP,TOTAL,3799886,1819096,1609028,16682834,0.09259050846816451,0.08699966214511315,0.044870749461663646,206.0993898382153,0.08513604670409444,HIGH,MEDIUM,MEDIUM,5,COST_BASED,COST_BASED,false,false
3,social_learning_factor_high,1,2034,0.05554763262977752,0.05554763262977752,HYBRID_HEAT_PUMP,TOTAL,4019842,1829195,1609239,18512029,0.09628621353067436,0.09077337053751455,0.05134671526390194,208.45232053986155,0.08893575620646459,HIGH,MEDIUM,MEDIUM,5,COST_BASED,COST_BASED,false,false
3,social_learning_factor_high,1,2035,0.06282087849401027,0.06282087849401027,HYBRID_HEAT_PUMP,TOTAL,4252109,1841350,1609083,20353379,0.10071677346339887,0.095296374576247,0.0592049973328662,216.28747194063726,0.09348957494719755,HIGH,MEDIUM,MEDIUM,5,COST_BASED,COST_BASED,false,false
3,social_learning_factor_high,1,2036,0.07009412435824301,0.07009412435824301,HYBRID_HEAT_PUMP,TOTAL,4391638,1748704,1609175,22102083,0.06552606131343608,0.06187086233947704,0.041226672769844215,137.1268268501069,0.0606524626814898,HIGH,MEDIUM,MEDIUM,5,COST_BASED,COST_BASED,false,false
3,social_learning_factor_high,1,2037,0.07736737022247575,0.07736737022247575,HYBRID_HEAT_PUMP,TOTAL,4405910,1623785,1609513,23725868,0.011729774409124975,0.011457772227289447,0.007117490212630821,19.548145666437488,0.011367104833344334,HIGH,MEDIUM,MEDIUM,5,COST_BASED,COST_BASED,false,false
3,social_learning_factor_high,1,2038,0.0846406160867085,0.0846406160867085,HYBRID_HEAT_PUMP,TOTAL,4416664,1620122,1609368,25345990,0.010027453110496297,0.009787386453060163,0.006129125322110417,17.009156492044404,0.009707364233914668,HIGH,MEDIUM,MEDIUM,5,COST_BASED,COST_BASED,false,false
3,social_learning_factor_high,1,2039,0.09191386195094124,0.09191386195094124,HYBRID_HEAT_PUMP,TOTAL,4422224,1610640,1605080,26956630,0.005606813009138827,0.005367286577105842,0.0033796991842955097,10.393391542071274,0.00528744443309484,HIGH,MEDIUM,MEDIUM,5,COST_BASED,COST_BASED,false,false
3,social_learning_factor_high,1,2040,0.099187107815174,0.099187107815174,HYBRID_HEAT_PUMP,TOTAL,4422134,1959968,1960058,28916598,0.1399478245514679,0.14056303206447135,0.0937797878191586,253.69921085412108,0.14076810123546668,HIGH,MEDIUM,MEDIUM,5,COST_BASED,COST_BASED,false,false
3,social_learning_factor_high,1,2041,0.10646035367940673,0.10646035367940673,HYBRID_HEAT_PUMP,TOTAL,4421995,1821697,1821836,30738295,0.0929290489365522,0.0931714804744922,0.06201729839630733,168.88790126770706,0.09325229098714294,HIGH,MEDIUM,MEDIUM,5,COST_BASED,COST_BASED,false,false
3,social_learning_factor_high,1,2042,0.11373359954363947,0.11373359954363947,HYBRID_HEAT_PUMP,TOTAL,4424469,1812013,1809539,32550308,0.08936979549294877,0.08995033497532767,0.059695384142304776,160.8528367118111,0.09014384813612425,HIGH,MEDIUM,MEDIUM,5,COST_BASED,COST_BASED,false,false
3,social_learning_factor_high,1,2043,0.12100684540787222,0.12100684540787222,HYBRID_HEAT_PUMP,TOTAL,4425303,1827757,1826923,34378065,0.0951519059623246,0.09595660958767002,0.06361306694445666,170.67199465345035,0.09622484412945373,HIGH,MEDIUM,MEDIUM,5,COST_BASED,COST_BASED,false,false
3,social_learning_factor_high,1,2044,0.12828009127210496,0.12828009127210496,HYBRID_HEAT_PUMP,TOTAL,4427329,1820769,1818743,36198834,0.09260391021934108,0.09319388470485064,0.06193370045538952,165.51473166263827,0.09339054286668566,HIGH,MEDIUM,MEDIUM,5,COST_BASED,COST_BASED,false,false
3,social_learning_factor_high,1,2045,0.13555333713633771,0.13555333713633771,HYBRID_HEAT_PUMP,TOTAL,4428255,1824906,1823980,38023740,0.09406569658904897,0.09478374401254186,0.06301559707464253,167.36853047878796,0.0950230931537083,HIGH,MEDIUM,MEDIUM,5,COST_BASED,COST_BASED,false,false
3,social_learning_factor_high,1,2046,0.14282658300057044,0.14282658300057044,HYBRID_HEAT_PUMP,TOTAL,4428930,1831189,1830514,39854929,0.09639494170406578,0.0969093947519538,0.0643506681196976,170.59508567814618,0.09708087910124837,HIGH,MEDIUM,MEDIUM,5,COST_BASED,COST_BASED,false,false
3,social_learning_factor_high,1,2047,0.1500998288648032,0.1500998288648032,HYBRID_HEAT_PUMP,TOTAL,4429963,1823597,1822564,41678526,0.09362205148461451,0.09419306020350718,0.0625819990877793,164.79054143431182,0.09438339644313687,HIGH,MEDIUM,MEDIUM,5,COST_BASED,COST_BASED,false,false
3,social_learning_factor_high,1,2048,0.15737307472903594,0.15737307472903594,HYBRID_HEAT_PUMP,TOTAL,4430870,1820073,1819166,43498599,0.09234087796458007,0.09289814855865923,0.061661495908100175,161.28413937638683,0.09308390542335247,HIGH,MEDIUM,MEDIUM,5,COST_BASED,COST_BASED,false,false
3,social_learning_factor_high,1,2049,0.16464632059326867,0.16464632059326867,HYBRID_HEAT_PUMP,TOTAL,4432224,1830600,1829246,45329199,0.09612115063680653,0.09653304077472663,0.06412194730927169,163.6955268681062,0.09667033748736967,HIGH,MEDIUM,MEDIUM,5,COST_BASED,COST_BASED,false,false
3,social_learning_factor_high,1,2050,0.0,0.0,HYBRID_HEAT_PUMP,TOTAL,4431281,1840441,1841384,47169640,0.09976722882659184,0.10014144363204812,0.0665788146117075,168.5854097219464,0.10026618190053031,HIGH,MEDIUM,MEDIUM,5,COST_BASED,COST_BASED,false,false
3,social_learning_factor_high,1,2024,HYBRID_HEAT_PUMP,PRIVATELY_OWNED,131402,131402,0,131402,0.0,0.0,0.0,0.0,0.0,HIGH,MEDIUM,MEDIUM,5,COST_BASED,COST_BASED,false,false
3,social_learning_factor_high,1,2025,HYBRID_HEAT_PUMP,PRIVATELY_OWNED,478563,360757,13596,492159,0.7654368802973839,0.7114368196080311,0.054312263524374085,1953.7526149557293,0.6934367993781428,HIGH,MEDIUM,MEDIUM,5,COST_BASED,COST_BASED,false,false
3,social_learning_factor_high,1,2026,HYBRID_HEAT_PUMP,PRIVATELY_OWNED,692780,222682,8465,714841,0.7653966141527188,0.7140347740102174,0.10441757298880747,1860.7519405501162,0.6969141606294016,HIGH,MEDIUM,MEDIUM,5,COST_BASED,COST_BASED,false,false
3,social_learning_factor_high,1,2027,HYBRID_HEAT_PUMP,PRIVATELY_OWNED,894915,210385,8250,925226,0.7661472506498589,0.709791489393619,0.14123621904124764,1820.9027792173529,0.6910062356415426,HIGH,MEDIUM,MEDIUM,5,COST_BASED,COST_BASED,false,false
3,social_learning_factor_high,1,2028,HYBRID_HEAT_PUMP,PRIVATELY_OWNED,1114460,227759,8214,1152985,0.7656992294999001,0.7169214304177959,0.17895502421249973,1797.9986854341912,0.7006621640570548,HIGH,MEDIUM,MEDIUM,5,COST_BASED,COST_BASED,false,false
3,social_learning_factor_high,1,2029,HYBRID_HEAT_PUMP,PRIVATELY_OWNED,1325493,219578,8545,1372563,0.7656772696155028,0.7164992316886568,0.21728016788012303,1777.7131781324297,0.700106552379649,HIGH,MEDIUM,MEDIUM,5,COST_BASED,COST_BASED,false,false
3,social_learning_factor_high,1,2030,HYBRID_HEAT_PUMP,PRIVATELY_OWNED,1541857,224823,8459,1597386,0.765442440621471,0.7166679299836795,0.25530992454296336,1758.358661267292,0.7004097597710738,HIGH,MEDIUM,MEDIUM,5,COST_BASED,COST_BASED,false,false
3,social_learning_factor_high,1,2031,HYBRID_HEAT_PUMP,PRIVATELY_OWNED,1764434,231347,8770,1828733,0.7654313755604537,0.718194261480405,0.2940540909444009,1737.0221402214022,0.7024485567870514,HIGH,MEDIUM,MEDIUM,5,COST_BASED,COST_BASED,false,false
3,social_learning_factor_high,1,2032,HYBRID_HEAT_PUMP,PRIVATELY_OWNED,1979413,223404,8425,2052137,0.7654465135190162,0.7186907004220662,0.3334296731795346,1724.7172581498282,0.7031054293897453,HIGH,MEDIUM,MEDIUM,5,COST_BASED,COST_BASED,false,false
3,social_learning_factor_high,1,2033,HYBRID_HEAT_PUMP,PRIVATELY_OWNED,2190766,220001,8648,2272138,0.7655920818196471,0.719363718390038,0.37101740838775504,1704.1494159441916,0.7039542639134886,HIGH,MEDIUM,MEDIUM,5,COST_BASED,COST_BASED,false,false
3,social_learning_factor_high,1,2034,HYBRID_HEAT_PUMP,PRIVATELY_OWNED,2411942,230069,8893,2502207,0.7655366883814938,0.7217060773957766,0.4082390710054511,1657.3286382342342,0.7070958737338972,HIGH,MEDIUM,MEDIUM,5,COST_BASED,COST_BASED,false,false
3,social_learning_factor_high,1,2035,HYBRID_HEAT_PUMP,PRIVATELY_OWNED,2645529,242245,8658,2744452,0.7655672183815125,0.724365742640601,0.4500283673094313,1644.0419263881295,0.7106319173936395,HIGH,MEDIUM,MEDIUM,5,COST_BASED,COST_BASED,false,false
3,social_learning_factor_high,1,2036,HYBRID_HEAT_PUMP,PRIVATELY_OWNED,2786343,149646,8832,2894098,0.7657116496468394,0.7229984393601757,0.4817586008267355,1602.4098914778167,0.7087607025979441,HIGH,MEDIUM,MEDIUM,5,COST_BASED,COST_BASED,false,false
3,social_learning_factor_high,1,2037,HYBRID_HEAT_PUMP,PRIVATELY_OWNED,2801905,24850,9288,2918948,0.7664640538801206,0.7486904899834687,0.4650814424513778,1277.3434893752997,0.7427659686845887,HIGH,MEDIUM,MEDIUM,5,COST_BASED,COST_BASED,false,false
3,social_learning_factor_high,1,2038,HYBRID_HEAT_PUMP,PRIVATELY_OWNED,2814009,21182,9078,2940130,0.7669576710548334,0.7485959831510121,0.46879099117685646,1300.958768492303,0.742475420516396,HIGH,MEDIUM,MEDIUM,5,COST_BASED,COST_BASED,false,false
3,social_learning_factor_high,1,2039,HYBRID_HEAT_PUMP,PRIVATELY_OWNED,2820435,11706,5280,2951836,0.7714468909140065,0.7384902146377715,0.4650161194424842,1430.0369172494172,0.7275046558790255,HIGH,MEDIUM,MEDIUM,5,COST_BASED,COST_BASED,false,false
3,social_learning_factor_high,1,2040,HYBRID_HEAT_PUMP,PRIVATELY_OWNED,2820343,360666,360758,3312502,0.7605187563853856,0.7638619798631914,0.50962769757155,1378.6781534697752,0.764976387689095,HIGH,MEDIUM,MEDIUM,5,COST_BASED,COST_BASED,false,false
3,social_learning_factor_high,1,2041,HYBRID_HEAT_PUMP,PRIVATELY_OWNED,2820201,222540,222682,3535042,0.7607107471042075,0.7626952748536938,0.507669301863296,1382.5046422022026,0.7633567841035559,HIGH,MEDIUM,MEDIUM,5,COST_BASED,COST_BASED,false,false
3,social_learning_factor_high,1,2042,HYBRID_HEAT_PUMP,PRIVATELY_OWNED,2822674,212858,210385,3747900,0.760785271122366,0.7657272751301263,0.5081735810063521,1369.3045655257447,0.7673746097994105,HIGH,MEDIUM,MEDIUM,5,COST_BASED,COST_BASED,false,false
3,social_learning_factor_high,1,2043,HYBRID_HEAT_PUMP,PRIVATELY_OWNED,2823506,228591,227759,3976491,0.7608110651162142,0.7672452759300715,0.5086343224326385,1364.650983336205,0.7693900128680393,HIGH,MEDIUM,MEDIUM,5,COST_BASED,COST_BASED,false,false
3,social_learning_factor_high,1,2044,HYBRID_HEAT_PUMP,PRIVATELY_OWNED,2825531,221603,219578,4198094,0.76086663540728,0.7657140754419669,0.5088692925838509,1359.9278550139222,0.7673298887868503,HIGH,MEDIUM,MEDIUM,5,COST_BASED,COST_BASED,false,false
3,social_learning_factor_high,1,2045,HYBRID_HEAT_PUMP,PRIVATELY_OWNED,2826453,225745,224823,4423839,0.7604201825047509,0.7662248251387703,0.5094134585266455,1352.9949078913066,0.7681597060167942,HIGH,MEDIUM,MEDIUM,5,COST_BASED,COST_BASED,false,false
3,social_learning_factor_high,1,2046,HYBRID_HEAT_PUMP,PRIVATELY_OWNED,2827127,232021,231347,4655860,0.7607818124399365,0.7648420516523743,0.5078774576587504,1346.394698531076,0.7661954647231755,HIGH,MEDIUM,MEDIUM,5,COST_BASED,COST_BASED,false,false
3,social_learning_factor_high,1,2047,HYBRID_HEAT_PUMP,PRIVATELY_OWNED,2828157,224434,223404,4880294,0.7607086814884936,0.7653483073328242,0.5084984707774983,1338.9750973024886,0.7668948492809248,HIGH,MEDIUM,MEDIUM,5,COST_BASED,COST_BASED,false,false
3,social_learning_factor_high,1,2048,HYBRID_HEAT_PUMP,PRIVATELY_OWNED,2829064,220908,220001,5101202,0.7608015046065653,0.7653928872725505,0.5080324109672063,1328.8287767179029,0.7669233481612138,HIGH,MEDIUM,MEDIUM,5,COST_BASED,COST_BASED,false,false
3,social_learning_factor_high,1,2049,HYBRID_HEAT_PUMP,PRIVATELY_OWNED,2830415,231420,230069,5332622,0.7603464625172329,0.7636046341812055,0.5072233892677934,1294.879576029536,0.7646906914025535,HIGH,MEDIUM,MEDIUM,5,COST_BASED,COST_BASED,false,false
3,social_learning_factor_high,1,2050,HYBRID_HEAT_PUMP,PRIVATELY_OWNED,2829470,241300,242245,5573922,0.760943631947126,0.7637978394513479,0.5078092836418797,1285.832988205838,0.7647492419527306,HIGH,MEDIUM,MEDIUM,5,COST_BASED,COST_BASED,false,false
3,social_learning_factor_high,1,2024,HYBRID_HEAT_PUMP,SOCIAL_HOUSING,2170,2170,0,2170,0.0,0.0,0.0,0.0,0.0,HIGH,MEDIUM,MEDIUM,5,COST_BASED,COST_BASED,false,false
3,social_learning_factor_high,1,2025,HYBRID_HEAT_PUMP,SOCIAL_HOUSING,1595194,1594970,1946,1597140,0.0,0.0,0.0,0.0,0.0,HIGH,MEDIUM,MEDIUM,5,COST_BASED,COST_BASED,false,false
3,social_learning_factor_high,1,2026,HYBRID_HEAT_PUMP,SOCIAL_HOUSING,1597868,1597773,1595099,3194913,0.0,0.0,0.0,0.0,0.0,HIGH,MEDIUM,MEDIUM,5,COST_BASED,COST_BASED,false,false
3,social_learning_factor_high,1,2027,HYBRID_HEAT_PUMP,SOCIAL_HOUSING,1598411,1598359,1597816,4793272,0.0,0.0,0.0,0.0,0.0,HIGH,MEDIUM,MEDIUM,5,COST_BASED,COST_BASED,false,false
3,social_learning_factor_high,1,2028,HYBRID_HEAT_PUMP,SOCIAL_HOUSING,1598622,1598600,1598389,6391872,0.0,0.0,0.0,0.0,0.0,HIGH,MEDIUM,MEDIUM,5,COST_BASED,COST_BASED,false,false
3,social_learning_factor_high,1,2029,HYBRID_HEAT_PUMP,SOCIAL_HOUSING,1598718,1598703,1598607,7990575,0.0,0.0,0.0,0.0,0.0,HIGH,MEDIUM,MEDIUM,5,COST_BASED,COST_BASED,false,false
3,social_learning_factor_high,1,2030,HYBRID_HEAT_PUMP,SOCIAL_HOUSING,1598798,1598787,1598707,9589362,0.0,0.0,0.0,0.0,0.0,HIGH,MEDIUM,MEDIUM,5,COST_BASED,COST_BASED,false,false
3,social_learning_factor_high,1,2031,HYBRID_HEAT_PUMP,SOCIAL_HOUSING,1598814,1598810,1598794,11188172,0.0,0.0,0.0,0.0,0.0,HIGH,MEDIUM,MEDIUM,5,COST_BASED,COST_BASED,false,false
3,social_learning_factor_high,1,2032,HYBRID_HEAT_PUMP,SOCIAL_HOUSING,1598838,1598834,1598810,12787006,0.0,0.0,0.0,0.0,0.0,HIGH,MEDIUM,MEDIUM,5,COST_BASED,COST_BASED,false,false
3,social_learning_factor_high,1,2033,HYBRID_HEAT_PUMP,SOCIAL_HOUSING,1598862,1598858,1598834,14385864,0.0,0.0,0.0,0.0,0.0,HIGH,MEDIUM,MEDIUM,5,COST_BASED,COST_BASED,false,false
3,social_learning_factor_high,1,2034,HYBRID_HEAT_PUMP,SOCIAL_HOUSING,1598880,1598877,1598859,15984741,0.0,0.0,0.0,0.0,0.0,HIGH,MEDIUM,MEDIUM,5,COST_BASED,COST_BASED,false,false
3,social_learning_factor_high,1,2035,HYBRID_HEAT_PUMP,SOCIAL_HOUSING,1598897,1598894,1598877,17583635,0.0,0.0,0.0,0.0,0.0,HIGH,MEDIUM,MEDIUM,5,COST_BASED,COST_BASED,false,false
3,social_learning_factor_high,1,2036,HYBRID_HEAT_PUMP,SOCIAL_HOUSING,1598924,1598922,1598895,19182557,0.0,0.0,0.0,0.0,0.0,HIGH,MEDIUM,MEDIUM,5,COST_BASED,COST_BASED,false,false
3,social_learning_factor_high,1,2037,HYBRID_HEAT_PUMP,SOCIAL_HOUSING,1598926,1598924,1598922,20781481,0.0,0.0,0.0,0.0,0.0,HIGH,MEDIUM,MEDIUM,5,COST_BASED,COST_BASED,false,false
3,social_learning_factor_high,1,2038,HYBRID_HEAT_PUMP,SOCIAL_HOUSING,1598928,1598926,1598924,22380407,0.0,0.0,0.0,0.0,0.0,HIGH,MEDIUM,MEDIUM,5,COST_BASED,COST_BASED,false,false
3,social_learning_factor_high,1,2039,HYBRID_HEAT_PUMP,SOCIAL_HOUSING,1598928,1598928,1598928,23979335,0.0,0.0,0.0,0.0,0.0,HIGH,MEDIUM,MEDIUM,5,COST_BASED,COST_BASED,false,false
3,social_learning_factor_high,1,2040,HYBRID_HEAT_PUMP,SOCIAL_HOUSING,1598928,1598928,1598928,25578263,0.0,0.0,0.0,0.0,0.0,HIGH,MEDIUM,MEDIUM,5,COST_BASED,COST_BASED,false,false
3,social_learning_factor_high,1,2041,HYBRID_HEAT_PUMP,SOCIAL_HOUSING,1598928,1598928,1598928,27177191,0.0,0.0,0.0,0.0,0.0,HIGH,MEDIUM,MEDIUM,5,COST_BASED,COST_BASED,false,false
3,social_learning_factor_high,1,2042,HYBRID_HEAT_PUMP,SOCIAL_HOUSING,1598928,1598928,1598928,28776119,0.0,0.0,0.0,0.0,0.0,HIGH,MEDIUM,MEDIUM,5,COST_BASED,COST_BASED,false,false
3,social_learning_factor_high,1,2043,HYBRID_HEAT_PUMP,SOCIAL_HOUSING,1598928,1598928,1598928,30375047,0.0,0.0,0.0,0.0,0.0,HIGH,MEDIUM,MEDIUM,5,COST_BASED,COST_BASED,false,false
3,social_learning_factor_high,1,2044,HYBRID_HEAT_PUMP,SOCIAL_HOUSING,1598928,1598928,1598928,31973975,0.0,0.0,0.0,0.0,0.0,HIGH,MEDIUM,MEDIUM,5,COST_BASED,COST_BASED,false,false
3,social_learning_factor_high,1,2045,HYBRID_HEAT_PUMP,SOCIAL_HOUSING,1598928,1598928,1598928,33572903,0.0,0.0,0.0,0.0,0.0,HIGH,MEDIUM,MEDIUM,5,COST_BASED,COST_BASED,false,false
3,social_learning_factor_high,1,2046,HYBRID_HEAT_PUMP,SOCIAL_HOUSING,1598928,1598928,1598928,35171831,0.0,0.0,0.0,0.0,0.0,HIGH,MEDIUM,MEDIUM,5,COST_BASED,COST_BASED,false,false
3,social_learning_factor_high,1,2047,HYBRID_HEAT_PUMP,SOCIAL_HOUSING,1598928,1598928,1598928,36770759,0.0,0.0,0.0,0.0,0.0,HIGH,MEDIUM,MEDIUM,5,COST_BASED,COST_BASED,false,false
3,social_learning_factor_high,1,2048,HYBRID_HEAT_PUMP,SOCIAL_HOUSING,1598928,1598928,1598928,38369687,0.0,0.0,0.0,0.0,0.0,HIGH,MEDIUM,MEDIUM,5,COST_BASED,COST_BASED,false,false
3,social_learning_factor_high,1,2049,HYBRID_HEAT_PUMP,SOCIAL_HOUSING,1598928,1598928,1598928,39968615,0.0,0.0,0.0,0.0,0.0,HIGH,MEDIUM,MEDIUM,5,COST_BASED,COST_BASED,false,false
3,social_learning_factor_high,1,2050,HYBRID_HEAT_PUMP,SOCIAL_HOUSING,1598928,1598928,1598928,41567543,0.0,0.0,0.0,0.0,0.0,HIGH,MEDIUM,MEDIUM,5,COST_BASED,COST_BASED,false,false
3,social_learning_factor_high,1,2024,HYBRID_HEAT_PUMP,PRIVATELY_RENTED,22598,22598,0,22598,0.0,0.0,0.0,0.0,0.0,HIGH,MEDIUM,MEDIUM,5,COST_BASED,COST_BASED,false,false
3,social_learning_factor_high,1,2025,HYBRID_HEAT_PUMP,PRIVATELY_RENTED,20560,372,2410,22970,0.0,0.0,0.0,0.0,0.0,HIGH,MEDIUM,MEDIUM,5,COST_BASED,COST_BASED,false,false
3,social_learning_factor_high,1,2026,HYBRID_HEAT_PUMP,PRIVATELY_RENTED,19170,226,1616,23196,0.0,0.0,0.0,0.0,0.0,HIGH,MEDIUM,MEDIUM,5,COST_BASED,COST_BASED,false,false
3,social_learning_factor_high,1,2027,HYBRID_HEAT_PUMP,PRIVATELY_RENTED,17864,226,1532,23422,0.0,0.0,0.0,0.0,0.0,HIGH,MEDIUM,MEDIUM,5,COST_BASED,COST_BASED,false,false
3,social_learning_factor_high,1,2028,HYBRID_HEAT_PUMP,PRIVATELY_RENTED,16551,236,1549,23658,0.0,0.0,0.0,0.0,0.0,HIGH,MEDIUM,MEDIUM,5,COST_BASED,COST_BASED,false,false
3,social_learning_factor_high,1,2029,HYBRID_HEAT_PUMP,PRIVATELY_RENTED,15335,237,1453,23895,0.0,0.0,0.0,0.0,0.0,HIGH,MEDIUM,MEDIUM,5,COST_BASED,COST_BASED,false,false
3,social_learning_factor_high,1,2030,HYBRID_HEAT_PUMP,PRIVATELY_RENTED,14083,229,1481,24124,0.0,0.0,0.0,0.0,0.0,HIGH,MEDIUM,MEDIUM,5,COST_BASED,COST_BASED,false,false
3,social_learning_factor_high,1,2031,HYBRID_HEAT_PUMP,PRIVATELY_RENTED,12861,239,1461,24363,0.0,0.0,0.0,0.0,0.0,HIGH,MEDIUM,MEDIUM,5,COST_BASED,COST_BASED,false,false
3,social_learning_factor_high,1,2032,HYBRID_HEAT_PUMP,PRIVATELY_RENTED,11567,232,1526,24595,0.0,0.0,0.0,0.0,0.0,HIGH,MEDIUM,MEDIUM,5,COST_BASED,COST_BASED,false,false
3,social_learning_factor_high,1,2033,HYBRID_HEAT_PUMP,PRIVATELY_RENTED,10258,237,1546,24832,0.0,0.0,0.0,0.0,0.0,HIGH,MEDIUM,MEDIUM,5,COST_BASED,COST_BASED,false,false
3,social_learning_factor_high,1,2034,HYBRID_HEAT_PUMP,PRIVATELY_RENTED,9020,249,1487,25081,0.0,0.0,0.0,0.0,0.0,HIGH,MEDIUM,MEDIUM,5,COST_BASED,COST_BASED,false,false
3,social_learning_factor_high,1,2035,HYBRID_HEAT_PUMP,PRIVATELY_RENTED,7683,211,1548,25292,0.0,0.0,0.0,0.0,0.0,HIGH,MEDIUM,MEDIUM,5,COST_BASED,COST_BASED,false,false
3,social_learning_factor_high,1,2036,HYBRID_HEAT_PUMP,PRIVATELY_RENTED,6371,136,1448,25428,0.0,0.0,0.0,0.0,0.0,HIGH,MEDIUM,MEDIUM,5,COST_BASED,COST_BASED,false,false
3,social_learning_factor_high,1,2037,HYBRID_HEAT_PUMP,PRIVATELY_RENTED,5079,11,1303,25439,0.0,0.0,0.0,0.0,0.0,HIGH,MEDIUM,MEDIUM,5,COST_BASED,COST_BASED,false,false
3,social_learning_factor_high,1,2038,HYBRID_HEAT_PUMP,PRIVATELY_RENTED,3727,14,1366,25453,0.0,0.0,0.0,0.0,0.0,HIGH,MEDIUM,MEDIUM,5,COST_BASED,COST_BASED,false,false
3,social_learning_factor_high,1,2039,HYBRID_HEAT_PUMP,PRIVATELY_RENTED,2861,6,872,25459,0.0,0.0,0.0,0.0,0.0,HIGH,MEDIUM,MEDIUM,5,COST_BASED,COST_BASED,false,false
3,social_learning_factor_high,1,2040,HYBRID_HEAT_PUMP,PRIVATELY_RENTED,2863,374,372,25833,0.0,0.0,0.0,0.0,0.0,HIGH,MEDIUM,MEDIUM,5,COST_BASED,COST_BASED,false,false
3,social_learning_factor_high,1,2041,HYBRID_HEAT_PUMP,PRIVATELY_RENTED,2866,229,226,26062,0.0,0.0,0.0,0.0,0.0,HIGH,MEDIUM,MEDIUM,5,COST_BASED,COST_BASED,false,false
3,social_learning_factor_high,1,2042,HYBRID_HEAT_PUMP,PRIVATELY_RENTED,2867,227,226,26289,0.0,0.0,0.0,0.0,0.0,HIGH,MEDIUM,MEDIUM,5,COST_BASED,COST_BASED,false,false
3,social_learning_factor_high,1,2043,HYBRID_HEAT_PUMP,PRIVATELY_RENTED,2869,238,236,26527,0.0,0.0,0.0,0.0,0.0,HIGH,MEDIUM,MEDIUM,5,COST_BASED,COST_BASED,false,false
3,social_learning_factor_high,1,2044,HYBRID_HEAT_PUMP,PRIVATELY_RENTED,2870,238,237,26765,0.0,0.0,0.0,0.0,0.0,HIGH,MEDIUM,MEDIUM,5,COST_BASED,COST_BASED,false,false
3,social_learning_factor_high,1,2045,HYBRID_HEAT_PUMP,PRIVATELY_RENTED,2874,233,229,26998,0.0,0.0,0.0,0.0,0.0,HIGH,MEDIUM,MEDIUM,5,COST_BASED,COST_BASED,false,false
3,social_learning_factor_high,1,2046,HYBRID_HEAT_PUMP,PRIVATELY_RENTED,2875,240,239,27238,0.0,0.0,0.0,0.0,0.0,HIGH,MEDIUM,MEDIUM,5,COST_BASED,COST_BASED,false,false
3,social_learning_factor_high,1,2047,HYBRID_HEAT_PUMP,PRIVATELY_RENTED,2878,235,232,27473,0.0,0.0,0.0,0.0,0.0,HIGH,MEDIUM,MEDIUM,5,COST_BASED,COST_BASED,false,false
3,social_learning_factor_high,1,2048,HYBRID_HEAT_PUMP,PRIVATELY_RENTED,2878,237,237,27710,0.0,0.0,0.0,0.0,0.0,HIGH,MEDIUM,MEDIUM,5,COST_BASED,COST_BASED,false,false
3,social_learning_factor_high,1,2049,HYBRID_HEAT_PUMP,PRIVATELY_RENTED,2881,252,249,27962,0.0,0.0,0.0,0.0,0.0,HIGH,MEDIUM,MEDIUM,5,COST_BASED,COST_BASED,false,false
3,social_learning_factor_high,1,2050,HYBRID_HEAT_PUMP,PRIVATELY_RENTED,2883,213,211,28175,0.0,0.0,0.0,0.0,0.0,HIGH,MEDIUM,MEDIUM,5,COST_BASED,COST_BASED,false,false
4,economic_learning_factor_low,1,2024,0.0024244152880775814,0.0024244152880775814,NATURAL_GAS_BOILER,TOTAL,6875456,6875456,0,6875456,0.0,0.0,0.0,0.0,0.0,MEDIUM,LOW,MEDIUM,5,COST_BASED,COST_BASED,false,false
4,economic_learning_factor_low,1,2025,0.005205362236166571,0.005205362236166571,NATURAL_GAS_BOILER,TOTAL,4821118,9801,2064139,6885257,0.28566821709160684,0.620547267800951,0.767226675102083,1771.6678914608772,0.7321736180375438,MEDIUM,LOW,MEDIUM,5,COST_BASED,COST_BASED,false,false
4,economic_learning_factor_low,1,2026,0.008414147176269253,0.008414147176269253,NATURAL_GAS_BOILER,TOTAL,4386418,6379,441079,6891636,0.28570407705342615,0.6208765051081083,0.6814023694435025,1770.2614989681856,0.7326006477930245,MEDIUM,LOW,MEDIUM,5,COST_BASED,COST_BASED,false,false
4,economic_learning_factor_low,1,2027,0.012050770108385624,0.012050770108385624,NATURAL_GAS_BOILER,TOTAL,3952704,7124,440838,6898760,0.28580273606747764,0.6259117253593497,0.6166243579253676,1760.1484033633153,0.7392813884566806,MEDIUM,LOW,MEDIUM,5,COST_BASED,COST_BASED,false,false
4,economic_learning_factor_low,1,2028,0.016329150028522532,0.016329150028522532,NATURAL_GAS_BOILER,TOTAL,3512269,5623,446058,6904383,0.28582921497205843,0.6177416031424322,0.5529341362162629,1757.5300572196345,0.7283790658658953,MEDIUM,LOW,MEDIUM,5,COST_BASED,COST_BASED,false,false
4,economic_learning_factor_low,1,2029,0.021177980604677696,0.021177980604677696,NATURAL_GAS_BOILER,TOTAL,3072226,5993,446036,6910376,0.28539432518419106,0.6249230111843971,0.4885527694886382,1761.063754334105,0.7380992398511277,MEDIUM,LOW,MEDIUM,5,COST_BASED,COST_BASED,false,false
4,economic_learning_factor_low,1,2030,0.026383342840844266,0.026383342840844266,NATURAL_GAS_BOILER,TOTAL,2628354,5305,449177,6915681,0.28529774098270216,0.6204049158474327,0.42361572669336317,1755.652339067594,0.7321073074690259,MEDIUM,LOW,MEDIUM,5,COST_BASED,COST_BASED,false,false
4,economic_learning_factor_low,1,2031,0.03208784940102681,0.03208784940102681,NATURAL_GAS_BOILER,TOTAL,2183607,6324,451071,6922005,0.285521017140466,0.6247611300846642,0.35796044124750365,1747.3928178870112,0.7378411677327658,MEDIUM,LOW,MEDIUM,5,COST_BASED,COST_BASED,false,false
4,economic_learning_factor_low,1,2032,0.0380062749572162,0.0380062749572162,NATURAL_GAS_BOILER,TOTAL,1737913,5515,451209,6927520,0.28576680283225103,0.6233595092842732,0.2933384539755804,1749.5729423519383,0.7358904114349565,MEDIUM,LOW,MEDIUM,5,COST_BASED,COST_BASED,false,false
4,economic_learning_factor_low,1,2033,0.04442384483742156,0.04442384483742156,NATURAL_GAS_BOILER,TOTAL,1294582,5820,449151,6933340,0.28572224753203623,0.6223172262309935,0.22793165711763674,1741.4003778093886,0.7345155524639724,MEDIUM,LOW,MEDIUM,5,COST_BASED,COST_BASED,false,false
4,economic_learning_factor_low,1,2034,0.05141186537364518,0.05141186537364518,NATURAL_GAS_BOILER,TOTAL,834283,6080,466379,6939420,0.2856629338315409,0.6291956652410299,0.16063077798707218,1698.045285010935,0.7437065757108638,MEDIUM,LOW,MEDIUM,5,COST_BASED,COST_BASED,false,false
4,economic_learning_factor_low,1,2035,0.058613804905875644,0.058613804905875644,NATURAL_GAS_BOILER,TOTAL,372808,5710,467185,6945130,0.2856031847445332,0.6247837103921159,0.09179473873108324,1693.4810498694428,0.7378438856079037,MEDIUM,LOW,MEDIUM,5,COST_BASED,COST_BASED,false,false
4,economic_learning_factor_low,1,2036,0.0658157444381061,0.0658157444381061,NATURAL_GAS_BOILER,TOTAL,73180,3341,302969,6948471,0.28475383891253003,0.6187552457159291,0.03513313843445957,1736.596294020901,0.7300890479836812,MEDIUM,LOW,MEDIUM,5,COST_BASED,COST_BASED,false,false
4,economic_learning_factor_low,1,2037,0.07301768397033656,0.07301768397033656,NATURAL_GAS_BOILER,TOTAL,69855,6641,9966,6955112,0.35675674906391996,0.6231084123174114,0.012266710424903642,1537.2703102860874,0.711892300068574,MEDIUM,LOW,MEDIUM,5,COST_BASED,COST_BASED,false,false
4,economic_learning_factor_low,1,2038,0.08021962350256703,0.08021962350256703,NATURAL_GAS_BOILER,TOTAL,67996,4520,6379,6959632,0.33736958933179223,0.6144372077997253,0.011872962472434941,1582.7219806450419,0.7067930806223738,MEDIUM,LOW,MEDIUM,5,COST_BASED,COST_BASED,false,false
4,economic_learning_factor_low,1,2039,0.08742156303479749,0.08742156303479749,NATURAL_GAS_BOILER,TOTAL,65470,4598,7124,6964230,0.3786181768589753,0.6213576462308641,0.011354411376112846,1667.9235258074868,0.7022708026881628,MEDIUM,LOW,MEDIUM,5,COST_BASED,COST_BASED,false,false
4,economic_learning_factor_low,1,2040,0.09462350256702795,0.09462350256702795,NATURAL_GAS_BOILER,TOTAL,64426,4579,5623,6968809,0.2778318491050977,0.5943754945426465,0.011560976998134891,1792.21144241255,0.6998900430218309,MEDIUM,LOW,MEDIUM,5,COST_BASED,COST_BASED,false,false
4,economic_learning_factor_low,1,2041,0.10182544209925841,0.10182544209925841,NATURAL_GAS_BOILER,TOTAL,63007,4574,5993,6973383,0.2800160986006008,0.5958369059152493,0.011350263521459986,1787.5543863865669,0.7011105083534741,MEDIUM,LOW,MEDIUM,5,COST_BASED,COST_BASED,false,false
4,economic_learning_factor_low,1,2042,0.10902738163148888,0.10902738163148888,NATURAL_GAS_BOILER,TOTAL,62175,4473,5305,6977856,0.27850144424780177,0.5961673143886209,0.011126730114591152,1776.3260606484034,0.7020559377688729,MEDIUM,LOW,MEDIUM,5,COST_BASED,COST_BASED,false,false
4,economic_learning_factor_low,1,2043,0.11622932116371934,0.11622932116371934,NATURAL_GAS_BOILER,TOTAL,61045,5194,6324,6983050,0.2812193587195756,0.5939683063798081,0.010969843616386529,1776.372023853274,0.6982179555998699,MEDIUM,LOW,MEDIUM,5,COST_BASED,COST_BASED,false,false
4,economic_learning_factor_low,1,2044,0.1234312606959498,0.1234312606959498,NATURAL_GAS_BOILER,TOTAL,60220,4690,5515,6987740,0.27980714172567916,0.599075063289678,0.010710968975462616,1780.1397975346051,0.7054977038109941,MEDIUM,LOW,MEDIUM,5,COST_BASED,COST_BASED,false,false
4,economic_learning_factor_low,1,2045,0.13063320022818026,0.13063320022818026,NATURAL_GAS_BOILER,TOTAL,59249,4849,5820,6992589,0.2808734161941936,0.594397361109342,0.010657794197327427,1775.9309991224286,0.6989053427477482,MEDIUM,LOW,MEDIUM,5,COST_BASED,COST_BASED,false,false
4,economic_learning_factor_low,1,2046,0.13783513976041073,0.13783513976041073,NATURAL_GAS_BOILER,TOTAL,58374,5205,6080,6997794,0.27996085892238376,0.5988265037271325,0.010523407131662598,1764.9057439786702,0.7051150519953736,MEDIUM,LOW,MEDIUM,5,COST_BASED,COST_BASED,false,false
4,economic_learning_factor_low,1,2047,0.14503707929264117,0.14503707929264117,NATURAL_GAS_BOILER,TOTAL,57541,4877,5710,7002671,0.2812006700892317,0.5976293255759942,0.010346831810040858,1764.9834984210563,0.7031055440715687,MEDIUM,LOW,MEDIUM,5,COST_BASED,COST_BASED,false,false
4,economic_learning_factor_low,1,2048,0.15223901882487165,0.15223901882487165,NATURAL_GAS_BOILER,TOTAL,56967,2767,3341,7005438,0.27805375809599503,0.5960959076663882,0.010223364813956626,1758.8960394614355,0.7021099575231339,MEDIUM,LOW,MEDIUM,5,COST_BASED,COST_BASED,false,false
4,economic_learning_factor_low,1,2049,0.15944095835710212,0.15944095835710212,NATURAL_GAS_BOILER,TOTAL,56085,5759,6641,7011197,0.28132430961069843,0.6035949188282425,0.010094928906135154,1718.0771030951446,0.7110184552341341,MEDIUM,LOW,MEDIUM,5,COST_BASED,COST_BASED,false,false
4,economic_learning_factor_low,1,2050,0.0,0.0,NATURAL_GAS_BOILER,TOTAL,55328,3763,4520,7014960,0.27940718625029315,0.6008861956132027,0.009900344225073188,1710.104037190324,0.7080458654008736,MEDIUM,LOW,MEDIUM,5,COST_BASED,COST_BASED,false,false
4,economic_learning_factor_low,1,2024,NATURAL_GAS_BOILER,PRIVATELY_OWNED,4616133,4616133,0,4616133,0.0,0.0,0.0,0.0,0.0,MEDIUM,LOW,MEDIUM,5,COST_BASED,COST_BASED,false,false
4,economic_learning_factor_low,1,2025,NATURAL_GAS_BOILER,PRIVATELY_OWNED,4015491,9801,610443,4625934,0.28566821709160684,0.620547267800951,0.767226675102083,1771.6678914608774,0.7321736180375438,MEDIUM,LOW,MEDIUM,5,COST_BASED,COST_BASED,false,false
4,economic_learning_factor_low,1,2026,NATURAL_GAS_BOILER,PRIVATELY_OWNED,3658860,6379,363010,4632313,0.28570407705342615,0.6208765051081083,0.6814023694435025,1770.2614989681858,0.7326006477930246,MEDIUM,LOW,MEDIUM,5,COST_BASED,COST_BASED,false,false
4,economic_learning_factor_low,1,2027,NATURAL_GAS_BOILER,PRIVATELY_OWNED,3300193,7124,365791,4639437,0.28580273606747764,0.6259117253593497,0.6166243579253676,1760.1484033633155,0.7392813884566806,MEDIUM,LOW,MEDIUM,5,COST_BASED,COST_BASED,false,false
4,economic_learning_factor_low,1,2028,NATURAL_GAS_BOILER,PRIVATELY_OWNED,2936671,5623,369145,4645060,0.28582921497205843,0.6177416031424322,0.5529341362162629,1757.5300572196343,0.7283790658658953,MEDIUM,LOW,MEDIUM,5,COST_BASED,COST_BASED,false,false
4,economic_learning_factor_low,1,2029,NATURAL_GAS_BOILER,PRIVATELY_OWNED,2571896,5993,370768,4651053,0.28539432518419106,0.6249230111843971,0.48855276948863824,1761.063754334105,0.7380992398511276,MEDIUM,LOW,MEDIUM,5,COST_BASED,COST_BASED,false,false
4,economic_learning_factor_low,1,2030,NATURAL_GAS_BOILER,PRIVATELY_OWNED,2204444,5305,372757,4656358,0.28529774098270216,0.6204049158474327,0.4236157266933632,1755.652339067594,0.7321073074690259,MEDIUM,LOW,MEDIUM,5,COST_BASED,COST_BASED,false,false
4,economic_learning_factor_low,1,2031,NATURAL_GAS_BOILER,PRIVATELY_OWNED,1836183,6324,374585,4662682,0.285521017140466,0.6247611300846642,0.35796044124750365,1747.3928178870115,0.7378411677327658,MEDIUM,LOW,MEDIUM,5,COST_BASED,COST_BASED,false,false
4,economic_learning_factor_low,1,2032,NATURAL_GAS_BOILER,PRIVATELY_OWNED,1467710,5515,373988,4668197,0.28576680283225103,0.6233595092842732,0.2933384539755804,1749.5729423519383,0.7358904114349565,MEDIUM,LOW,MEDIUM,5,COST_BASED,COST_BASED,false,false
4,economic_learning_factor_low,1,2033,NATURAL_GAS_BOILER,PRIVATELY_OWNED,1099344,5820,374186,4674017,0.28572224753203623,0.6223172262309935,0.22793165711763672,1741.4003778093884,0.7345155524639724,MEDIUM,LOW,MEDIUM,5,COST_BASED,COST_BASED,false,false
4,economic_learning_factor_low,1,2034,NATURAL_GAS_BOILER,PRIVATELY_OWNED,711450,6080,393974,4680097,0.2856629338315409,0.6291956652410299,0.16063077798707218,1698.045285010935,0.7437065757108638,MEDIUM,LOW,MEDIUM,5,COST_BASED,COST_BASED,false,false
4,economic_learning_factor_low,1,2035,NATURAL_GAS_BOILER,PRIVATELY_OWNED,322289,5710,394871,4685807,0.2856031847445332,0.6247837103921159,0.09179473873108325,1693.4810498694428,0.7378438856079037,MEDIUM,LOW,MEDIUM,5,COST_BASED,COST_BASED,false,false
4,economic_learning_factor_low,1,2036,NATURAL_GAS_BOILER,PRIVATELY_OWNED,73180,3341,252450,4689148,0.28475383891253003,0.6187552457159291,0.03513313843445957,1736.596294020901,0.7300890479836812,MEDIUM,LOW,MEDIUM,5,COST_BASED,COST_BASED,false,false
4,economic_learning_factor_low,1,2037,NATURAL_GAS_BOILER,PRIVATELY_OWNED,69855,6641,9966,4695789,0.35675674906391996,0.6231084123174114,0.01226671042490364,1537.2703102860874,0.711892300068574,MEDIUM,LOW,MEDIUM,5,COST_BASED,COST_BASED,false,false
4,economic_learning_factor_low,1,2038,NATURAL_GAS_BOILER,PRIVATELY_OWNED,67996,4520,6379,4700309,0.33736958933179223,0.6144372077997253,0.011872962472434941,1582.7219806450419,0.7067930806223738,MEDIUM,LOW,MEDIUM,5,COST_BASED,COST_BASED,false,false
4,economic_learning_factor_low,1,2039,NATURAL_GAS_BOILER,PRIVATELY_OWNED,65470,4598,7124,4704907,0.3786181768589753,0.6213576462308641,0.011354411376112846,1667.9235258074868,0.7022708026881628,MEDIUM,LOW,MEDIUM,5,COST_BASED,COST_BASED,false,false
4,economic_learning_factor_low,1,2040,NATURAL_GAS_BOILER,PRIVATELY_OWNED,64426,4579,5623,4709486,0.2778318491050977,0.5943754945426465,0.011560976998134891,1792.21144241255,0.6998900430218309,MEDIUM,LOW,MEDIUM,5,COST_BASED,COST_BASED,false,false
4,economic_learning_factor_low,1,2041,NATURAL_GAS_BOILER,PRIVATELY_OWNED,63007,4574,5993,4714060,0.2800160986006008,0.5958369059152493,0.011350263521459986,1787.5543863865669,0.7011105083534741,MEDIUM,LOW,MEDIUM,5,COST_BASED,COST_BASED,false,false
4,economic_learning_factor_low,1,2042,NATURAL_GAS_BOILER,PRIVATELY_OWNED,62175,4473,5305,4718533,0.27850144424780177,0.5961673143886209,0.011126730114591152,1776.3260606484034,0.7020559377688729,MEDIUM,LOW,MEDIUM,5,COST_BASED,COST_BASED,false,false
4,economic_learning_factor_low,1,2043,NATURAL_GAS_BOILER,PRIVATELY_OWNED,61045,5194,6324,4723727,0.2812193587195756,0.5939683063798081,0.010969843616386529,1776.372023853274,0.6982179555998699,MEDIUM,LOW,MEDIUM,5,COST_BASED,COST_BASED,false,false
4,economic_learning_factor_low,1,2044,NATURAL_GAS_BOILER,PRIVATELY_OWNED,60220,4690,5515,4728417,0.27980714172567916,0.599075063289678,0.010710968975462616,1780.1397975346051,0.7054977038109941,MEDIUM,LOW,MEDIUM,5,COST_BASED,COST_BASED,false,false
4,economic_learning_factor_low,1,2045,NATURAL_GAS_BOILER,PRIVATELY_OWNED,59249,4849,5820,4733266,0.2808734161941936,0.594397361109342,0.010657794197327427,1775.9309991224286,0.6989053427477482,MEDIUM,LOW,MEDIUM,5,COST_BASED,COST_BASED,false,false
4,economic_learning_factor_low,1,2046,NATURAL_GAS_BOILER,PRIVATELY_OWNED,58374,5205,6080,4738471,0.27996085892238376,0.5988265037271325,0.010523407131662598,1764.9057439786702,0.7051150519953736,MEDIUM,LOW,MEDIUM,5,COST_BASED,COST_BASED,false,false
4,economic_learning_factor_low,1,2047,NATURAL_GAS_BOILER,PRIVATELY_OWNED,57541,4877,5710,4743348,0.2812006700892317,0.5976293255759942,0.010346831810040858,1764.9834984210563,0.7031055440715687,MEDIUM,LOW,MEDIUM,5,COST_BASED,COST_BASED,false,false
4,economic_learning_factor_low,1,2048,NATURAL_GAS_BOILER,PRIVATELY_OWNED,56967,2767,3341,4746115,0.27805375809599503,0.5960959076663882,0.010223364813956626,1758.8960394614357,0.7021099575231339,MEDIUM,LOW,MEDIUM,5,COST_BASED,COST_BASED,false,false
4,economic_learning_factor_low,1,2049,NATURAL_GAS_BOILER,PRIVATELY_OWNED,56085,5759,6641,4751874,0.28132430961069843,0.6035949188282425,0.010094928906135154,1718.0771030951446,0.7110184552341341,MEDIUM,LOW,MEDIUM,5,COST_BASED,COST_BASED,false,false
4,economic_learning_factor_low,1,2050,NATURAL_GAS_BOILER,PRIVATELY_OWNED,55328,3763,4520,4755637,0.27940718625029315,0.6008861956132027,0.009900344225073188,1710.104037190324,0.7080458654008736,MEDIUM,LOW,MEDIUM,5,COST_BASED,COST_BASED,false,false
4,economic_learning_factor_low,1,2024,NATURAL_GAS_BOILER,SOCIAL_HOUSING,1329090,1329090,0,1329090,0.0,0.0,0.0,0.0,0.0,MEDIUM,LOW,MEDIUM,5,COST_BASED,COST_BASED,false,false
4,economic_learning_factor_low,1,2025,NATURAL_GAS_BOILER,SOCIAL_HOUSING,3494,0,1325596,1329090,0.0,0.0,0.0,0.0,0.0,MEDIUM,LOW,MEDIUM,5,COST_BASED,COST_BASED,false,false
4,economic_learning_factor_low,1,2026,NATURAL_GAS_BOILER,SOCIAL_HOUSING,1051,0,2443,1329090,0.0,0.0,0.0,0.0,0.0,MEDIUM,LOW,MEDIUM,5,COST_BASED,COST_BASED,false,false
4,economic_learning_factor_low,1,2027,NATURAL_GAS_BOILER,SOCIAL_HOUSING,501,0,550,1329090,0.0,0.0,0.0,0.0,0.0,MEDIUM,LOW,MEDIUM,5,COST_BASED,COST_BASED,false,false
4,economic_learning_factor_low,1,2028,NATURAL_GAS_BOILER,SOCIAL_HOUSING,278,0,223,1329090,0.0,0.0,0.0,0.0,0.0,MEDIUM,LOW,MEDIUM,5,COST_BASED,COST_BASED,false,false
4,economic_learning_factor_low,1,2029,NATURAL_GAS_BOILER,SOCIAL_HOUSING,191,0,87,1329090,0.0,0.0,0.0,0.0,0.0,MEDIUM,LOW,MEDIUM,5,COST_BASED,COST_BASED,false,false
4,economic_learning_factor_low,1,2030,NATURAL_GAS_BOILER,SOCIAL_HOUSING,109,0,82,1329090,0.0,0.0,0.0,0.0,0.0,MEDIUM,LOW,MEDIUM,5,COST_BASED,COST_BASED,false,false
4,economic_learning_factor_low,1,2031,NATURAL_GAS_BOILER,SOCIAL_HOUSING,93,0,16,1329090,0.0,0.0,0.0,0.0,0.0,MEDIUM,LOW,MEDIUM,5,COST_BASED,COST_BASED,false,false
4,economic_learning_factor_low,1,2032,NATURAL_GAS_BOILER,SOCIAL_HOUSING,75,0,18,1329090,0.0,0.0,0.0,0.0,0.0,MEDIUM,LOW,MEDIUM,5,COST_BASED,COST_BASED,false,false
4,economic_learning_factor_low,1,2033,NATURAL_GAS_BOILER,SOCIAL_HOUSING,53,0,22,1329090,0.0,0.0,0.0,0.0,0.0,MEDIUM,LOW,MEDIUM,5,COST_BASED,COST_BASED,false,false
4,economic_learning_factor_low,1,2034,NATURAL_GAS_BOILER,SOCIAL_HOUSING,34,0,19,1329090,0.0,0.0,0.0,0.0,0.0,MEDIUM,LOW,MEDIUM,5,COST_BASED,COST_BASED,false,false
4,economic_learning_factor_low,1,2035,NATURAL_GAS_BOILER,SOCIAL_HOUSING,13,0,21,1329090,0.0,0.0,0.0,0.0,0.0,MEDIUM,LOW,MEDIUM,5,COST_BASED,COST_BASED,false,false
4,economic_learning_factor_low,1,2036,NATURAL_GAS_BOILER,SOCIAL_HOUSING,0,0,13,1329090,0.0,0.0,0.0,0.0,0.0,MEDIUM,LOW,MEDIUM,5,COST_BASED,COST_BASED,false,false
4,economic_learning_factor_low,1,2037,NATURAL_GAS_BOILER,SOCIAL_HOUSING,0,0,0,1329090,0.0,0.0,0.0,0.0,0.0,MEDIUM,LOW,MEDIUM,5,COST_BASED,COST_BASED,false,false
4,economic_learning_factor_low,1,2038,NATURAL_GAS_BOILER,SOCIAL_HOUSING,0,0,0,1329090,0.0,0.0,0.0,0.0,0.0,MEDIUM,LOW,MEDIUM,5,COST_BASED,COST_BASED,false,false
4,economic_learning_factor_low,1,2039,NATURAL_GAS_BOILER,SOCIAL_HOUSING,0,0,0,1329090,0.0,0.0,0.0,0.0,0.0,MEDIUM,LOW,MEDIUM,5,COST_BASED,COST_BASED,false,false
4,economic_learning_factor_low,1,2040,NATURAL_GAS_BOILER,SOCIAL_HOUSING,0,0,0,1329090,0.0,0.0,0.0,0.0,0.0,MEDIUM,LOW,MEDIUM,5,COST_BASED,COST_BASED,false,false
4,economic_learning_factor_low,1,2041,NATURAL_GAS_BOILER,SOCIAL_HOUSING,0,0,0,1329090,0.0,0.0,0.0,0.0,0.0,MEDIUM,LOW,MEDIUM,5,COST_BASED,COST_BASED,false,false
4,economic_learning_factor_low,1,2042,NATURAL_GAS_BOILER,SOCIAL_HOUSING,0,0,0,1329090,0.0,0.0,0.0,0.0,0.0,MEDIUM,LOW,MEDIUM,5,COST_BASED,COST_BASED,false,false
4,economic_learning_factor_low,1,2043,NATURAL_GAS_BOILER,SOCIAL_HOUSING,0,0,0,1329090,0.0,0.0,0.0,0.0,0.0,MEDIUM,LOW,MEDIUM,5,COST_BASED,COST_BASED,false,false
4,economic_learning_factor_low,1,2044,NATURAL_GAS_BOILER,SOCIAL_HOUSING,0,0,0,1329090,0.0,0.0,0.0,0.0,0.0,MEDIUM,LOW,MEDIUM,5,COST_BASED,COST_BASED,false,false
4,economic_learning_factor_low,1,2045,NATURAL_GAS_BOILER,SOCIAL_HOUSING,0,0,0,1329090,0.0,0.0,0.0,0.0,0.0,MEDIUM,LOW,MEDIUM,5,COST_BASED,COST_BASED,false,false
4,economic_learning_factor_low,1,2046,NATURAL_GAS_BOILER,SOCIAL_HOUSING,0,0,0,1329090,0.0,0.0,0.0,0.0,0.0,MEDIUM,LOW,MEDIUM,5,COST_BASED,COST_BASED,false,false
4,economic_learning_factor_low,1,2047,NATURAL_GAS_BOILER,SOCIAL_HOUSING,0,0,0,1329090,0.0,0.0,0.0,0.0,0.0,MEDIUM,LOW,MEDIUM,5,COST_BASED,COST_BASED,false,false
4,economic_learning_factor_low,1,2048,NATURAL_GAS_BOILER,SOCIAL_HOUSING,0,0,0,1329090,0.0,0.0,0.0,0.0,0.0,MEDIUM,LOW,MEDIUM,5,COST_BASED,COST_BASED,false,false
4,economic_learning_factor_low,1,2049,NATURAL_GAS_BOILER,SOCIAL_HOUSING,0,0,0,1329090,0.0,0.0,0.0,0.0,0.0,MEDIUM,LOW,MEDIUM,5,COST_BASED,COST_BASED,false,false
4,economic_learning_factor_low,1,2050,NATURAL_GAS_BOILER,SOCIAL_HOUSING,0,0,0,1329090,0.0,0.0,0.0,0.0,0.0,MEDIUM,LOW,MEDIUM,5,COST_BASED,COST_BASED,false,false
4,economic_learning_factor_low,1,2024,NATURAL_GAS_BOILER,PRIVATELY_RENTED,930233,930233,0,930233,0.0,0.0,0.0,0.0,0.0,MEDIUM,LOW,MEDIUM,5,COST_BASED,COST_BASED,false,false
4,economic_learning_factor_low,1,2025,NATURAL_GAS_BOILER,PRIVATELY_RENTED,802133,0,128100,930233,0.0,0.0,0.0,0.0,0.0,MEDIUM,LOW,MEDIUM,5,COST_BASED,COST_BASED,false,false
4,economic_learning_factor_low,1,2026,NATURAL_GAS_BOILER,PRIVATELY_RENTED,726507,0,75626,930233,0.0,0.0,0.0,0.0,0.0,MEDIUM,LOW,MEDIUM,5,COST_BASED,COST_BASED,false,false
4,economic_learning_factor_low,1,2027,NATURAL_GAS_BOILER,PRIVATELY_RENTED,652010,0,74497,930233,0.0,0.0,0.0,0.0,0.0,MEDIUM,LOW,MEDIUM,5,COST_BASED,COST_BASED,false,false
4,economic_learning_factor_low,1,2028,NATURAL_GAS_BOILER,PRIVATELY_RENTED,575320,0,76690,930233,0.0,0.0,0.0,0.0,0.0,MEDIUM,LOW,MEDIUM,5,COST_BASED,COST_BASED,false,false
4,economic_learning_factor_low,1,2029,NATURAL_GAS_BOILER,PRIVATELY_RENTED,500139,0,75181,930233,0.0,0.0,0.0,0.0,0.0,MEDIUM,LOW,MEDIUM,5,COST_BASED,COST_BASED,false,false
4,economic_learning_factor_low,1,2030,NATURAL_GAS_BOILER,PRIVATELY_RENTED,423801,0,76338,930233,0.0,0.0,0.0,0.0,0.0,MEDIUM,LOW,MEDIUM,5,COST_BASED,COST_BASED,false,false
4,economic_learning_factor_low,1,2031,NATURAL_GAS_BOILER,PRIVATELY_RENTED,347331,0,76470,930233,0.0,0.0,0.0,0.0,0.0,MEDIUM,LOW,MEDIUM,5,COST_BASED,COST_BASED,false,false
4,economic_learning_factor_low,1,2032,NATURAL_GAS_BOILER,PRIVATELY_RENTED,270128,0,77203,930233,0.0,0.0,0.0,0.0,0.0,MEDIUM,LOW,MEDIUM,5,COST_BASED,COST_BASED,false,false
4,economic_learning_factor_low,1,2033,NATURAL_GAS_BOILER,PRIVATELY_RENTED,195185,0,74943,930233,0.0,0.0,0.0,0.0,0.0,MEDIUM,LOW,MEDIUM,5,COST_BASED,COST_BASED,false,false
4,economic_learning_factor_low,1,2034,NATURAL_GAS_BOILER,PRIVATELY_RENTED,122799,0,72386,930233,0.0,0.0,0.0,0.0,0.0,MEDIUM,LOW,MEDIUM,5,COST_BASED,COST_BASED,false,false
4,economic_learning_factor_low,1,2035,NATURAL_GAS_BOILER,PRIVATELY_RENTED,50506,0,72293,930233,0.0,0.0,0.0,0.0,0.0,MEDIUM,LOW,MEDIUM,5,COST_BASED,COST_BASED,false,false
4,economic_learning_factor_low,1,2036,NATURAL_GAS_BOILER,PRIVATELY_RENTED,0,0,50506,930233,0.0,0.0,0.0,0.0,0.0,MEDIUM,LOW,MEDIUM,5,COST_BASED,COST_BASED,false,false
4,economic_learning_factor_low,1,2037,NATURAL_GAS_BOILER,PRIVATELY_RENTED,0,0,0,930233,0.0,0.0,0.0,0.0,0.0,MEDIUM,LOW,MEDIUM,5,COST_BASED,COST_BASED,false,false
4,economic_learning_factor_low,1,2038,NATURAL_GAS_BOILER,PRIVATELY_RENTED,0,0,0,930233,0.0,0.0,0.0,0.0,0.0,MEDIUM,LOW,MEDIUM,5,COST_BASED,COST_BASED,false,false
4,economic_learning_factor_low,1,2039,NATURAL_GAS_BOILER,PRIVATELY_RENTED,0,0,0,930233,0.0,0.0,0.0,0.0,0.0,MEDIUM,LOW,MEDIUM,5,COST_BASED,COST_BASED,false,false
4,economic_learning_factor_low,1,2040,NATURAL_GAS_BOILER,PRIVATELY_RENTED,0,0,0,930233,0.0,0.0,0.0,0.0,0.0,MEDIUM,LOW,MEDIUM,5,COST_BASED,COST_BASED,false,false
4,economic_learning_factor_low,1,2041,NATURAL_GAS_BOILER,PRIVATELY_RENTED,0,0,0,930233,0.0,0.0,0.0,0.0,0.0,MEDIUM,LOW,MEDIUM,5,COST_BASED,COST_BASED,false,false
4,economic_learning_factor_low,1,2042,NATURAL_GAS_BOILER,PRIVATELY_RENTED,0,0,0,930233,0.0,0.0,0.0,0.0,0.0,MEDIUM,LOW,MEDIUM,5,COST_BASED,COST_BASED,false,false
4,economic_learning_factor_low,1,2043,NATURAL_GAS_BOILER,PRIVATELY_RENTED,0,0,0,930233,0.0,0.0,0.0,0.0,0.0,MEDIUM,LOW,MEDIUM,5,COST_BASED,COST_BASED,false,false
4,economic_learning_factor_low,1,2044,NATURAL_GAS_BOILER,PRIVATELY_RENTED,0,0,0,930233,0.0,0.0,0.0,0.0,0.0,MEDIUM,LOW,MEDIUM,5,COST_BASED,COST_BASED,false,false
4,economic_learning_factor_low,1,2045,NATURAL_GAS_BOILER,PRIVATELY_RENTED,0,0,0,930233,0.0,0.0,0.0,0.0,0.0,MEDIUM,LOW,MEDIUM,5,COST_BASED,COST_BASED,false,false
4,economic_learning_factor_low,1,2046,NATURAL_GAS_BOILER,PRIVATELY_RENTED,0,0,0,930233,0.0,0.0,0.0,0.0,0.0,MEDIUM,LOW,MEDIUM,5,COST_BASED,COST_BASED,false,false
4,economic_learning_factor_low,1,2047,NATURAL_GAS_BOILER,PRIVATELY_RENTED,0,0,0,930233,0.0,0.0,0.0,0.0,0.0,MEDIUM,LOW,MEDIUM,5,COST_BASED,COST_BASED,false,false
4,economic_learning_factor_low,1,2048,NATURAL_GAS_BOILER,PRIVATELY_RENTED,0,0,0,930233,0.0,0.0,0.0,0.0,0.0,MEDIUM,LOW,MEDIUM,5,COST_BASED,COST_BASED,false,false
4,economic_learning_factor_low,1,2049,NATURAL_GAS_BOILER,PRIVATELY_RENTED,0,0,0,930233,0.0,0.0,0.0,0.0,0.0,MEDIUM,LOW,MEDIUM,5,COST_BASED,COST_BASED,false,false
4,economic_learning_factor_low,1,2050,NATURAL_GAS_BOILER,PRIVATELY_RENTED,0,0,0,930233,0.0,0.0,0.0,0.0,0.0,MEDIUM,LOW,MEDIUM,5,COST_BASED,COST_BASED,false,false
4,economic_learning_factor_low,1,2024,0.0024244152880775814,0.0024244152880775814,NATURAL_GAS_BLOCK,TOTAL,464346,464346,0,464346,0.0,0.0,0.0,0.0,0.0,MEDIUM,LOW,MEDIUM,5,COST_BASED,COST_BASED,false,false
4,economic_learning_factor_low,1,2025,0.005205362236166571,0.005205362236166571,NATURAL_GAS_BLOCK,TOTAL,317547,466,147265,464812,0.2875327806720345,0.6450881608972949,0.06339689302351795,1122.8809073362763,0.7642732876390624,MEDIUM,LOW,MEDIUM,5,COST_BASED,COST_BASED,false,false
4,economic_learning_factor_low,1,2026,0.008414147176269253,0.008414147176269253,NATURAL_GAS_BLOCK,TOTAL,289475,269,28341,465081,0.2856736967517167,0.6456079307005367,0.05742706971048085,1128.6895081967214,0.7655860086834645,MEDIUM,LOW,MEDIUM,5,COST_BASED,COST_BASED,false,false
4,economic_learning_factor_low,1,2027,0.012050770108385624,0.012050770108385624,NATURAL_GAS_BLOCK,TOTAL,261880,297,27892,465378,0.2864386629453665,0.6479181158767837,0.05289096126351341,1133.0552803129074,0.7684112668539264,MEDIUM,LOW,MEDIUM,5,COST_BASED,COST_BASED,false,false
4,economic_learning_factor_low,1,2028,0.016329150028522532,0.016329150028522532,NATURAL_GAS_BLOCK,TOTAL,233960,278,28198,465656,0.2838909533198983,0.6418015007750776,0.046800045362418836,1131.4242864693447,0.7611050165934761,MEDIUM,LOW,MEDIUM,5,COST_BASED,COST_BASED,false,false
4,economic_learning_factor_low,1,2029,0.021177980604677696,0.021177980604677696,NATURAL_GAS_BLOCK,TOTAL,206240,263,27983,465919,0.28594303769696816,0.6470868522845602,0.04227377189958691,1135.240870138431,0.7674681238137666,MEDIUM,LOW,MEDIUM,5,COST_BASED,COST_BASED,false,false
4,economic_learning_factor_low,1,2030,0.026383342840844266,0.026383342840844266,NATURAL_GAS_BLOCK,TOTAL,178165,224,28299,466143,0.28285190615939226,0.6435650169014695,0.03686423517345579,1130.2194476221605,0.7638027204821543,MEDIUM,LOW,MEDIUM,5,COST_BASED,COST_BASED,false,false
4,economic_learning_factor_low,1,2031,0.03208784940102681,0.03208784940102681,NATURAL_GAS_BLOCK,TOTAL,150466,250,27949,466393,0.28421568594352525,0.6467889329090478,0.031040071036810807,1118.864117272148,0.7676466818975495,MEDIUM,LOW,MEDIUM,5,COST_BASED,COST_BASED,false,false
4,economic_learning_factor_low,1,2032,0.0380062749572162,0.0380062749572162,NATURAL_GAS_BLOCK,TOTAL,122275,222,28413,466615,0.28697224879973954,0.6461617571959002,0.025862441169333204,1121.026257315432,0.765891593327953,MEDIUM,LOW,MEDIUM,5,COST_BASED,COST_BASED,false,false
4,economic_learning_factor_low,1,2033,0.04442384483742156,0.04442384483742156,NATURAL_GAS_BLOCK,TOTAL,91017,265,31523,466880,0.2853495592582301,0.6473715495476191,0.020434229773566084,1077.7044310449742,0.7680455463107458,MEDIUM,LOW,MEDIUM,5,COST_BASED,COST_BASED,false,false
4,economic_learning_factor_low,1,2034,0.05141186537364518,0.05141186537364518,NATURAL_GAS_BLOCK,TOTAL,57005,334,34346,467214,0.28585300567155514,0.6523820668640827,0.0135805066064676,1008.9410957435402,0.7745584205949287,MEDIUM,LOW,MEDIUM,5,COST_BASED,COST_BASED,false,false
4,economic_learning_factor_low,1,2035,0.058613804905875644,0.058613804905875644,NATURAL_GAS_BLOCK,TOTAL,22307,381,35079,467595,0.2859374572384323,0.6512018033937663,0.007606178049683824,991.8859496437824,0.772956585445561,MEDIUM,LOW,MEDIUM,5,COST_BASED,COST_BASED,false,false
4,economic_learning_factor_low,1,2036,0.0658157444381061,0.0658157444381061,NATURAL_GAS_BLOCK,TOTAL,3406,157,19058,467752,0.2852292554979697,0.6452488705678615,0.00271178728422096,1074.6324538474105,0.7652554089244942,MEDIUM,LOW,MEDIUM,5,COST_BASED,COST_BASED,false,false
4,economic_learning_factor_low,1,2037,0.07301768397033656,0.07301768397033656,NATURAL_GAS_BLOCK,TOTAL,3307,367,466,468119,0.34353034862350446,0.6605717651200886,7.920461930818354E-4,866.8979172023656,0.7662522372856189,MEDIUM,LOW,MEDIUM,5,COST_BASED,COST_BASED,false,false
4,economic_learning_factor_low,1,2038,0.08021962350256703,0.08021962350256703,NATURAL_GAS_BLOCK,TOTAL,3249,211,269,468330,0.32951653300607686,0.6551705314554856,7.666877662566073E-4,891.4614438784472,0.7637218642719567,MEDIUM,LOW,MEDIUM,5,COST_BASED,COST_BASED,false,false
4,economic_learning_factor_low,1,2039,0.08742156303479749,0.08742156303479749,NATURAL_GAS_BLOCK,TOTAL,3174,222,297,468552,0.4183219573505571,0.6719877440092936,8.567992171417359E-4,1008.7048658481128,0.7565430062288717,MEDIUM,LOW,MEDIUM,5,COST_BASED,COST_BASED,false,false
4,economic_learning_factor_low,1,2040,0.09462350256702795,0.09462350256702795,NATURAL_GAS_BLOCK,TOTAL,3125,229,278,468781,0.26975225427620697,0.6313529901378923,8.009915391089257E-4,1124.3301445145532,0.7518865687584407,MEDIUM,LOW,MEDIUM,5,COST_BASED,COST_BASED,false,false
4,economic_learning_factor_low,1,2041,0.10182544209925841,0.10182544209925841,NATURAL_GAS_BLOCK,TOTAL,3079,217,263,468998,0.2721191134010883,0.6323731940114125,7.52769386019321E-4,1128.5873118936674,0.7524578875481901,MEDIUM,LOW,MEDIUM,5,COST_BASED,COST_BASED,false,false
4,economic_learning_factor_low,1,2042,0.10902738163148888,0.10902738163148888,NATURAL_GAS_BLOCK,TOTAL,3046,191,224,469189,0.27038419503926686,0.6309495934406244,7.263883352989041E-4,1132.8417337936326,0.7511380595744057,MEDIUM,LOW,MEDIUM,5,COST_BASED,COST_BASED,false,false
4,economic_learning_factor_low,1,2043,0.11622932116371934,0.11622932116371934,NATURAL_GAS_BLOCK,TOTAL,3010,214,250,469403,0.2705603870613634,0.6295603500917509,7.384552922118044E-4,1134.3842649310873,0.7492270044352143,MEDIUM,LOW,MEDIUM,5,COST_BASED,COST_BASED,false,false
4,economic_learning_factor_low,1,2044,0.1234312606959498,0.1234312606959498,NATURAL_GAS_BLOCK,TOTAL,2984,196,222,469599,0.27290899406801994,0.6330175151626029,7.259408682054561E-4,1135.7188669779648,0.753053688860797,MEDIUM,LOW,MEDIUM,5,COST_BASED,COST_BASED,false,false
4,economic_learning_factor_low,1,2045,0.13063320022818026,0.13063320022818026,NATURAL_GAS_BLOCK,TOTAL,2963,244,265,469843,0.27287175065492764,0.6296593324827984,8.154660996757519E-4,1132.275040585948,0.7485885264254145,MEDIUM,LOW,MEDIUM,5,COST_BASED,COST_BASED,false,false
4,economic_learning_factor_low,1,2046,0.13783513976041073,0.13783513976041073,NATURAL_GAS_BLOCK,TOTAL,2934,305,334,470148,0.27612830952702544,0.6340987955582569,7.562930429153356E-4,1117.4930345691753,0.753422290901985,MEDIUM,LOW,MEDIUM,5,COST_BASED,COST_BASED,false,false
4,economic_learning_factor_low,1,2047,0.14503707929264117,0.14503707929264117,NATURAL_GAS_BLOCK,TOTAL,2897,344,381,470492,0.27920789989900574,0.6333166938720579,7.613964419762203E-4,1123.6888639571496,0.7513529585297504,MEDIUM,LOW,MEDIUM,5,COST_BASED,COST_BASED,false,false
4,economic_learning_factor_low,1,2048,0.15223901882487165,0.15223901882487165,NATURAL_GAS_BLOCK,TOTAL,2883,143,157,470635,0.2684364718732414,0.6323604322538182,7.372963469998081E-4,1082.563667396625,0.753668419047338,MEDIUM,LOW,MEDIUM,5,COST_BASED,COST_BASED,false,false
4,economic_learning_factor_low,1,2049,0.15944095835710212,0.15944095835710212,NATURAL_GAS_BLOCK,TOTAL,2835,319,367,470954,0.27118147867110126,0.6378229550235432,6.657566582610376E-4,1023.3467423114442,0.760036780474372,MEDIUM,LOW,MEDIUM,5,COST_BASED,COST_BASED,false,false
4,economic_learning_factor_low,1,2050,0.0,0.0,NATURAL_GAS_BLOCK,TOTAL,2801,177,211,471131,0.2689323700809595,0.6376071991103821,6.524084694008235E-4,992.8724112426034,0.7604988087868525,MEDIUM,LOW,MEDIUM,5,COST_BASED,COST_BASED,false,false
4,economic_learning_factor_low,1,2024,NATURAL_GAS_BLOCK,PRIVATELY_OWNED,276224,276224,0,276224,0.0,0.0,0.0,0.0,0.0,MEDIUM,LOW,MEDIUM,5,COST_BASED,COST_BASED,false,false
4,economic_learning_factor_low,1,2025,NATURAL_GAS_BLOCK,PRIVATELY_OWNED,240412,466,36278,276690,0.2875327806720345,0.6450881608972949,0.06339689302351795,1122.8809073362763,0.7642732876390624,MEDIUM,LOW,MEDIUM,5,COST_BASED,COST_BASED,false,false
4,economic_learning_factor_low,1,2026,NATURAL_GAS_BLOCK,PRIVATELY_OWNED,219801,269,20880,276959,0.2856736967517167,0.6456079307005367,0.05742706971048085,1128.6895081967214,0.7655860086834645,MEDIUM,LOW,MEDIUM,5,COST_BASED,COST_BASED,false,false
4,economic_learning_factor_low,1,2027,NATURAL_GAS_BLOCK,PRIVATELY_OWNED,199025,297,21073,277256,0.2864386629453665,0.6479181158767837,0.05289096126351341,1133.0552803129074,0.7684112668539264,MEDIUM,LOW,MEDIUM,5,COST_BASED,COST_BASED,false,false
4,economic_learning_factor_low,1,2028,NATURAL_GAS_BLOCK,PRIVATELY_OWNED,178042,278,21261,277534,0.2838909533198983,0.6418015007750776,0.046800045362418836,1131.4242864693447,0.7611050165934761,MEDIUM,LOW,MEDIUM,5,COST_BASED,COST_BASED,false,false
4,economic_learning_factor_low,1,2029,NATURAL_GAS_BLOCK,PRIVATELY_OWNED,157150,263,21155,277797,0.28594303769696816,0.6470868522845602,0.04227377189958691,1135.240870138431,0.7674681238137666,MEDIUM,LOW,MEDIUM,5,COST_BASED,COST_BASED,false,false
4,economic_learning_factor_low,1,2030,NATURAL_GAS_BLOCK,PRIVATELY_OWNED,136035,224,21339,278021,0.28285190615939226,0.6435650169014695,0.03686423517345579,1130.2194476221605,0.7638027204821543,MEDIUM,LOW,MEDIUM,5,COST_BASED,COST_BASED,false,false
4,economic_learning_factor_low,1,2031,NATURAL_GAS_BLOCK,PRIVATELY_OWNED,115064,250,21221,278271,0.28421568594352525,0.6467889329090478,0.031040071036810807,1118.864117272148,0.7676466818975495,MEDIUM,LOW,MEDIUM,5,COST_BASED,COST_BASED,false,false
4,economic_learning_factor_low,1,2032,NATURAL_GAS_BLOCK,PRIVATELY_OWNED,94032,222,21254,278493,0.28697224879973954,0.6461617571959002,0.025862441169333204,1121.026257315432,0.765891593327953,MEDIUM,LOW,MEDIUM,5,COST_BASED,COST_BASED,false,false
4,economic_learning_factor_low,1,2033,NATURAL_GAS_BLOCK,PRIVATELY_OWNED,71093,265,23204,278758,0.2853495592582301,0.6473715495476191,0.020434229773566084,1077.7044310449742,0.7680455463107458,MEDIUM,LOW,MEDIUM,5,COST_BASED,COST_BASED,false,false
4,economic_learning_factor_low,1,2034,NATURAL_GAS_BLOCK,PRIVATELY_OWNED,44852,334,26575,279092,0.28585300567155514,0.6523820668640827,0.0135805066064676,1008.9410957435402,0.7745584205949286,MEDIUM,LOW,MEDIUM,5,COST_BASED,COST_BASED,false,false
4,economic_learning_factor_low,1,2035,NATURAL_GAS_BLOCK,PRIVATELY_OWNED,17471,381,27762,279473,0.2859374572384323,0.6512018033937663,0.007606178049683825,991.8859496437824,0.772956585445561,MEDIUM,LOW,MEDIUM,5,COST_BASED,COST_BASED,false,false
4,economic_learning_factor_low,1,2036,NATURAL_GAS_BLOCK,PRIVATELY_OWNED,3406,157,14222,279630,0.2852292554979697,0.6452488705678615,0.00271178728422096,1074.6324538474105,0.7652554089244942,MEDIUM,LOW,MEDIUM,5,COST_BASED,COST_BASED,false,false
4,economic_learning_factor_low,1,2037,NATURAL_GAS_BLOCK,PRIVATELY_OWNED,3307,367,466,279997,0.34353034862350446,0.6605717651200886,7.920461930818353E-4,866.8979172023656,0.7662522372856189,MEDIUM,LOW,MEDIUM,5,COST_BASED,COST_BASED,false,false
4,economic_learning_factor_low,1,2038,NATURAL_GAS_BLOCK,PRIVATELY_OWNED,3249,211,269,280208,0.32951653300607686,0.6551705314554856,7.666877662566073E-4,891.4614438784472,0.7637218642719567,MEDIUM,LOW,MEDIUM,5,COST_BASED,COST_BASED,false,false
4,economic_learning_factor_low,1,2039,NATURAL_GAS_BLOCK,PRIVATELY_OWNED,3174,222,297,280430,0.4183219573505571,0.6719877440092936,8.567992171417359E-4,1008.7048658481128,0.7565430062288717,MEDIUM,LOW,MEDIUM,5,COST_BASED,COST_BASED,false,false
4,economic_learning_factor_low,1,2040,NATURAL_GAS_BLOCK,PRIVATELY_OWNED,3125,229,278,280659,0.26975225427620697,0.6313529901378921,8.009915391089257E-4,1124.3301445145532,0.7518865687584407,MEDIUM,LOW,MEDIUM,5,COST_BASED,COST_BASED,false,false
4,economic_learning_factor_low,1,2041,NATURAL_GAS_BLOCK,PRIVATELY_OWNED,3079,217,263,280876,0.2721191134010883,0.6323731940114125,7.52769386019321E-4,1128.5873118936674,0.7524578875481901,MEDIUM,LOW,MEDIUM,5,COST_BASED,COST_BASED,false,false
4,economic_learning_factor_low,1,2042,NATURAL_GAS_BLOCK,PRIVATELY_OWNED,3046,191,224,281067,0.27038419503926686,0.6309495934406244,7.263883352989041E-4,1132.8417337936326,0.7511380595744056,MEDIUM,LOW,MEDIUM,5,COST_BASED,COST_BASED,false,false
4,economic_learning_factor_low,1,2043,NATURAL_GAS_BLOCK,PRIVATELY_OWNED,3010,214,250,281281,0.2705603870613634,0.6295603500917509,7.384552922118043E-4,1134.3842649310873,0.7492270044352143,MEDIUM,LOW,MEDIUM,5,COST_BASED,COST_BASED,false,false
4,economic_learning_factor_low,1,2044,NATURAL_GAS_BLOCK,PRIVATELY_OWNED,2984,196,222,281477,0.27290899406801994,0.6330175151626029,7.259408682054561E-4,1135.7188669779648,0.7530536888607972,MEDIUM,LOW,MEDIUM,5,COST_BASED,COST_BASED,false,false
4,economic_learning_factor_low,1,2045,NATURAL_GAS_BLOCK,PRIVATELY_OWNED,2963,244,265,281721,0.27287175065492764,0.6296593324827984,8.154660996757519E-4,1132.2750405859479,0.7485885264254145,MEDIUM,LOW,MEDIUM,5,COST_BASED,COST_BASED,false,false
4,economic_learning_factor_low,1,2046,NATURAL_GAS_BLOCK,PRIVATELY_OWNED,2934,305,334,282026,0.27612830952702544,0.6340987955582569,7.562930429153356E-4,1117.4930345691753,0.753422290901985,MEDIUM,LOW,MEDIUM,5,COST_BASED,COST_BASED,false,false
4,economic_learning_factor_low,1,2047,NATURAL_GAS_BLOCK,PRIVATELY_OWNED,2897,344,381,282370,0.27920789989900574,0.6333166938720579,7.613964419762203E-4,1123.6888639571496,0.7513529585297504,MEDIUM,LOW,MEDIUM,5,COST_BASED,COST_BASED,false,false
4,economic_learning_factor_low,1,2048,NATURAL_GAS_BLOCK,PRIVATELY_OWNED,2883,143,157,282513,0.2684364718732414,0.6323604322538182,7.372963469998081E-4,1082.563667396625,0.753668419047338,MEDIUM,LOW,MEDIUM,5,COST_BASED,COST_BASED,false,false
4,economic_learning_factor_low,1,2049,NATURAL_GAS_BLOCK,PRIVATELY_OWNED,2835,319,367,282832,0.27118147867110126,0.6378229550235432,6.657566582610376E-4,1023.3467423114442,0.760036780474372,MEDIUM,LOW,MEDIUM,5,COST_BASED,COST_BASED,false,false
4,economic_learning_factor_low,1,2050,NATURAL_GAS_BLOCK,PRIVATELY_OWNED,2801,177,211,283009,0.2689323700809595,0.6376071991103821,6.524084694008235E-4,992.8724112426036,0.7604988087868525,MEDIUM,LOW,MEDIUM,5,COST_BASED,COST_BASED,false,false
4,economic_learning_factor_low,1,2024,NATURAL_GAS_BLOCK,SOCIAL_HOUSING,98962,98962,0,98962,0.0,0.0,0.0,0.0,0.0,MEDIUM,LOW,MEDIUM,5,COST_BASED,COST_BASED,false,false
4,economic_learning_factor_low,1,2025,NATURAL_GAS_BLOCK,SOCIAL_HOUSING,111,0,98851,98962,0.0,0.0,0.0,0.0,0.0,MEDIUM,LOW,MEDIUM,5,COST_BASED,COST_BASED,false,false
4,economic_learning_factor_low,1,2026,NATURAL_GAS_BLOCK,SOCIAL_HOUSING,33,0,78,98962,0.0,0.0,0.0,0.0,0.0,MEDIUM,LOW,MEDIUM,5,COST_BASED,COST_BASED,false,false
4,economic_learning_factor_low,1,2027,NATURAL_GAS_BLOCK,SOCIAL_HOUSING,10,0,23,98962,0.0,0.0,0.0,0.0,0.0,MEDIUM,LOW,MEDIUM,5,COST_BASED,COST_BASED,false,false
4,economic_learning_factor_low,1,2028,NATURAL_GAS_BLOCK,SOCIAL_HOUSING,8,0,2,98962,0.0,0.0,0.0,0.0,0.0,MEDIUM,LOW,MEDIUM,5,COST_BASED,COST_BASED,false,false
4,economic_learning_factor_low,1,2029,NATURAL_GAS_BLOCK,SOCIAL_HOUSING,7,0,1,98962,0.0,0.0,0.0,0.0,0.0,MEDIUM,LOW,MEDIUM,5,COST_BASED,COST_BASED,false,false
4,economic_learning_factor_low,1,2030,NATURAL_GAS_BLOCK,SOCIAL_HOUSING,3,0,4,98962,0.0,0.0,0.0,0.0,0.0,MEDIUM,LOW,MEDIUM,5,COST_BASED,COST_BASED,false,false
4,economic_learning_factor_low,1,2031,NATURAL_GAS_BLOCK,SOCIAL_HOUSING,3,0,0,98962,0.0,0.0,0.0,0.0,0.0,MEDIUM,LOW,MEDIUM,5,COST_BASED,COST_BASED,false,false
4,economic_learning_factor_low,1,2032,NATURAL_GAS_BLOCK,SOCIAL_HOUSING,3,0,0,98962,0.0,0.0,0.0,0.0,0.0,MEDIUM,LOW,MEDIUM,5,COST_BASED,COST_BASED,false,false
4,economic_learning_factor_low,1,2033,NATURAL_GAS_BLOCK,SOCIAL_HOUSING,1,0,2,98962,0.0,0.0,0.0,0.0,0.0,MEDIUM,LOW,MEDIUM,5,COST_BASED,COST_BASED,false,false
4,economic_learning_factor_low,1,2034,NATURAL_GAS_BLOCK,SOCIAL_HOUSING,1,0,0,98962,0.0,0.0,0.0,0.0,0.0,MEDIUM,LOW,MEDIUM,5,COST_BASED,COST_BASED,false,false
4,economic_learning_factor_low,1,2035,NATURAL_GAS_BLOCK,SOCIAL_HOUSING,1,0,0,98962,0.0,0.0,0.0,0.0,0.0,MEDIUM,LOW,MEDIUM,5,COST_BASED,COST_BASED,false,false
4,economic_learning_factor_low,1,2036,NATURAL_GAS_BLOCK,SOCIAL_HOUSING,0,0,1,98962,0.0,0.0,0.0,0.0,0.0,MEDIUM,LOW,MEDIUM,5,COST_BASED,COST_BASED,false,false
4,economic_learning_factor_low,1,2037,NATURAL_GAS_BLOCK,SOCIAL_HOUSING,0,0,0,98962,0.0,0.0,0.0,0.0,0.0,MEDIUM,LOW,MEDIUM,5,COST_BASED,COST_BASED,false,false
4,economic_learning_factor_low,1,2038,NATURAL_GAS_BLOCK,SOCIAL_HOUSING,0,0,0,98962,0.0,0.0,0.0,0.0,0.0,MEDIUM,LOW,MEDIUM,5,COST_BASED,COST_BASED,false,false
4,economic_learning_factor_low,1,2039,NATURAL_GAS_BLOCK,SOCIAL_HOUSING,0,0,0,98962,0.0,0.0,0.0,0.0,0.0,MEDIUM,LOW,MEDIUM,5,COST_BASED,COST_BASED,false,false
4,economic_learning_factor_low,1,2040,NATURAL_GAS_BLOCK,SOCIAL_HOUSING,0,0,0,98962,0.0,0.0,0.0,0.0,0.0,MEDIUM,LOW,MEDIUM,5,COST_BASED,COST_BASED,false,false
4,economic_learning_factor_low,1,2041,NATURAL_GAS_BLOCK,SOCIAL_HOUSING,0,0,0,98962,0.0,0.0,0.0,0.0,0.0,MEDIUM,LOW,MEDIUM,5,COST_BASED,COST_BASED,false,false
4,economic_learning_factor_low,1,2042,NATURAL_GAS_BLOCK,SOCIAL_HOUSING,0,0,0,98962,0.0,0.0,0.0,0.0,0.0,MEDIUM,LOW,MEDIUM,5,COST_BASED,COST_BASED,false,false
4,economic_learning_factor_low,1,2043,NATURAL_GAS_BLOCK,SOCIAL_HOUSING,0,0,0,98962,0.0,0.0,0.0,0.0,0.0,MEDIUM,LOW,MEDIUM,5,COST_BASED,COST_BASED,false,false
4,economic_learning_factor_low,1,2044,NATURAL_GAS_BLOCK,SOCIAL_HOUSING,0,0,0,98962,0.0,0.0,0.0,0.0,0.0,MEDIUM,LOW,MEDIUM,5,COST_BASED,COST_BASED,false,false
4,economic_learning_factor_low,1,2045,NATURAL_GAS_BLOCK,SOCIAL_HOUSING,0,0,0,98962,0.0,0.0,0.0,0.0,0.0,MEDIUM,LOW,MEDIUM,5,COST_BASED,COST_BASED,false,false
4,economic_learning_factor_low,1,2046,NATURAL_GAS_BLOCK,SOCIAL_HOUSING,0,0,0,98962,0.0,0.0,0.0,0.0,0.0,MEDIUM,LOW,MEDIUM,5,COST_BASED,COST_BASED,false,false
4,economic_learning_factor_low,1,2047,NATURAL_GAS_BLOCK,SOCIAL_HOUSING,0,0,0,98962,0.0,0.0,0.0,0.0,0.0,MEDIUM,LOW,MEDIUM,5,COST_BASED,COST_BASED,false,false
4,economic_learning_factor_low,1,2048,NATURAL_GAS_BLOCK,SOCIAL_HOUSING,0,0,0,98962,0.0,0.0,0.0,0.0,0.0,MEDIUM,LOW,MEDIUM,5,COST_BASED,COST_BASED,false,false
4,economic_learning_factor_low,1,2049,NATURAL_GAS_BLOCK,SOCIAL_HOUSING,0,0,0,98962,0.0,0.0,0.0,0.0,0.0,MEDIUM,LOW,MEDIUM,5,COST_BASED,COST_BASED,false,false
4,economic_learning_factor_low,1,2050,NATURAL_GAS_BLOCK,SOCIAL_HOUSING,0,0,0,98962,0.0,0.0,0.0,0.0,0.0,MEDIUM,LOW,MEDIUM,5,COST_BASED,COST_BASED,false,false
4,economic_learning_factor_low,1,2024,NATURAL_GAS_BLOCK,PRIVATELY_RENTED,89160,89160,0,89160,0.0,0.0,0.0,0.0,0.0,MEDIUM,LOW,MEDIUM,5,COST_BASED,COST_BASED,false,false
4,economic_learning_factor_low,1,2025,NATURAL_GAS_BLOCK,PRIVATELY_RENTED,77024,0,12136,89160,0.0,0.0,0.0,0.0,0.0,MEDIUM,LOW,MEDIUM,5,COST_BASED,COST_BASED,false,false
4,economic_learning_factor_low,1,2026,NATURAL_GAS_BLOCK,PRIVATELY_RENTED,69641,0,7383,89160,0.0,0.0,0.0,0.0,0.0,MEDIUM,LOW,MEDIUM,5,COST_BASED,COST_BASED,false,false
4,economic_learning_factor_low,1,2027,NATURAL_GAS_BLOCK,PRIVATELY_RENTED,62845,0,6796,89160,0.0,0.0,0.0,0.0,0.0,MEDIUM,LOW,MEDIUM,5,COST_BASED,COST_BASED,false,false
4,economic_learning_factor_low,1,2028,NATURAL_GAS_BLOCK,PRIVATELY_RENTED,55910,0,6935,89160,0.0,0.0,0.0,0.0,0.0,MEDIUM,LOW,MEDIUM,5,COST_BASED,COST_BASED,false,false
4,economic_learning_factor_low,1,2029,NATURAL_GAS_BLOCK,PRIVATELY_RENTED,49083,0,6827,89160,0.0,0.0,0.0,0.0,0.0,MEDIUM,LOW,MEDIUM,5,COST_BASED,COST_BASED,false,false
4,economic_learning_factor_low,1,2030,NATURAL_GAS_BLOCK,PRIVATELY_RENTED,42127,0,6956,89160,0.0,0.0,0.0,0.0,0.0,MEDIUM,LOW,MEDIUM,5,COST_BASED,COST_BASED,false,false
4,economic_learning_factor_low,1,2031,NATURAL_GAS_BLOCK,PRIVATELY_RENTED,35399,0,6728,89160,0.0,0.0,0.0,0.0,0.0,MEDIUM,LOW,MEDIUM,5,COST_BASED,COST_BASED,false,false
4,economic_learning_factor_low,1,2032,NATURAL_GAS_BLOCK,PRIVATELY_RENTED,28240,0,7159,89160,0.0,0.0,0.0,0.0,0.0,MEDIUM,LOW,MEDIUM,5,COST_BASED,COST_BASED,false,false
4,economic_learning_factor_low,1,2033,NATURAL_GAS_BLOCK,PRIVATELY_RENTED,19923,0,8317,89160,0.0,0.0,0.0,0.0,0.0,MEDIUM,LOW,MEDIUM,5,COST_BASED,COST_BASED,false,false
4,economic_learning_factor_low,1,2034,NATURAL_GAS_BLOCK,PRIVATELY_RENTED,12152,0,7771,89160,0.0,0.0,0.0,0.0,0.0,MEDIUM,LOW,MEDIUM,5,COST_BASED,COST_BASED,false,false
4,economic_learning_factor_low,1,2035,NATURAL_GAS_BLOCK,PRIVATELY_RENTED,4835,0,7317,89160,0.0,0.0,0.0,0.0,0.0,MEDIUM,LOW,MEDIUM,5,COST_BASED,COST_BASED,false,false
4,economic_learning_factor_low,1,2036,NATURAL_GAS_BLOCK,PRIVATELY_RENTED,0,0,4835,89160,0.0,0.0,0.0,0.0,0.0,MEDIUM,LOW,MEDIUM,5,COST_BASED,COST_BASED,false,false
4,economic_learning_factor_low,1,2037,NATURAL_GAS_BLOCK,PRIVATELY_RENTED,0,0,0,89160,0.0,0.0,0.0,0.0,0.0,MEDIUM,LOW,MEDIUM,5,COST_BASED,COST_BASED,false,false
4,economic_learning_factor_low,1,2038,NATURAL_GAS_BLOCK,PRIVATELY_RENTED,0,0,0,89160,0.0,0.0,0.0,0.0,0.0,MEDIUM,LOW,MEDIUM,5,COST_BASED,COST_BASED,false,false
4,economic_learning_factor_low,1,2039,NATURAL_GAS_BLOCK,PRIVATELY_RENTED,0,0,0,89160,0.0,0.0,0.0,0.0,0.0,MEDIUM,LOW,MEDIUM,5,COST_BASED,COST_BASED,false,false
4,economic_learning_factor_low,1,2040,NATURAL_GAS_BLOCK,PRIVATELY_RENTED,0,0,0,89160,0.0,0.0,0.0,0.0,0.0,MEDIUM,LOW,MEDIUM,5,COST_BASED,COST_BASED,false,false
4,economic_learning_factor_low,1,2041,NATURAL_GAS_BLOCK,PRIVATELY_RENTED,0,0,0,89160,0.0,0.0,0.0,0.0,0.0,MEDIUM,LOW,MEDIUM,5,COST_BASED,COST_BASED,false,false
4,economic_learning_factor_low,1,2042,NATURAL_GAS_BLOCK,PRIVATELY_RENTED,0,0,0,89160,0.0,0.0,0.0,0.0,0.0,MEDIUM,LOW,MEDIUM,5,COST_BASED,COST_BASED,false,false
4,economic_learning_factor_low,1,2043,NATURAL_GAS_BLOCK,PRIVATELY_RENTED,0,0,0,89160,0.0,0.0,0.0,0.0,0.0,MEDIUM,LOW,MEDIUM,5,COST_BASED,COST_BASED,false,false
4,economic_learning_factor_low,1,2044,NATURAL_GAS_BLOCK,PRIVATELY_RENTED,0,0,0,89160,0.0,0.0,0.0,0.0,0.0,MEDIUM,LOW,MEDIUM,5,COST_BASED,COST_BASED,false,false
4,economic_learning_factor_low,1,2045,NATURAL_GAS_BLOCK,PRIVATELY_RENTED,0,0,0,89160,0.0,0.0,0.0,0.0,0.0,MEDIUM,LOW,MEDIUM,5,COST_BASED,COST_BASED,false,false
4,economic_learning_factor_low,1,2046,NATURAL_GAS_BLOCK,PRIVATELY_RENTED,0,0,0,89160,0.0,0.0,0.0,0.0,0.0,MEDIUM,LOW,MEDIUM,5,COST_BASED,COST_BASED,false,false
4,economic_learning_factor_low,1,2047,NATURAL_GAS_BLOCK,PRIVATELY_RENTED,0,0,0,89160,0.0,0.0,0.0,0.0,0.0,MEDIUM,LOW,MEDIUM,5,COST_BASED,COST_BASED,false,false
4,economic_learning_factor_low,1,2048,NATURAL_GAS_BLOCK,PRIVATELY_RENTED,0,0,0,89160,0.0,0.0,0.0,0.0,0.0,MEDIUM,LOW,MEDIUM,5,COST_BASED,COST_BASED,false,false
4,economic_learning_factor_low,1,2049,NATURAL_GAS_BLOCK,PRIVATELY_RENTED,0,0,0,89160,0.0,0.0,0.0,0.0,0.0,MEDIUM,LOW,MEDIUM,5,COST_BASED,COST_BASED,false,false
4,economic_learning_factor_low,1,2050,NATURAL_GAS_BLOCK,PRIVATELY_RENTED,0,0,0,89160,0.0,0.0,0.0,0.0,0.0,MEDIUM,LOW,MEDIUM,5,COST_BASED,COST_BASED,false,false
4,economic_learning_factor_low,1,2024,0.0024244152880775814,0.0024244152880775814,DISTRICT_HEATING,TOTAL,572762,572762,0,572762,0.0,0.0,0.0,0.0,0.0,MEDIUM,LOW,MEDIUM,5,COST_BASED,COST_BASED,false,false
4,economic_learning_factor_low,1,2025,0.005205362236166571,0.005205362236166571,DISTRICT_HEATING,TOTAL,448748,54536,178550,627298,0.6545934441367197,0.6311450987378403,0.1271145498402554,1439.4862942762281,0.6233289836049039,MEDIUM,LOW,MEDIUM,5,COST_BASED,COST_BASED,false,false
4,economic_learning_factor_low,1,2026,0.008414147176269253,0.008414147176269253,DISTRICT_HEATING,TOTAL,473795,37486,12439,664784,0.6157261262487618,0.5953100486860082,0.13052843960731184,1352.4649041369833,0.588504689498427,MEDIUM,LOW,MEDIUM,5,COST_BASED,COST_BASED,false,false
4,economic_learning_factor_low,1,2027,0.012050770108385624,0.012050770108385624,DISTRICT_HEATING,TOTAL,500154,41421,15062,706205,0.5953823758119313,0.5803367143835229,0.1363952170594742,1295.3541715987312,0.5753214939073816,MEDIUM,LOW,MEDIUM,5,COST_BASED,COST_BASED,false,false
4,economic_learning_factor_low,1,2028,0.016329150028522532,0.016329150028522532,DISTRICT_HEATING,TOTAL,526194,40349,14309,746554,0.5561258419258308,0.5363199884379408,0.13219684938587495,1211.8619427866056,0.5297180372753056,MEDIUM,LOW,MEDIUM,5,COST_BASED,COST_BASED,false,false
4,economic_learning_factor_low,1,2029,0.021177980604677696,0.021177980604677696,DISTRICT_HEATING,TOTAL,555057,42748,13885,789302,0.5504107158452975,0.5349970423477503,0.13347523388879667,1205.970928959695,0.529859151181898,MEDIUM,LOW,MEDIUM,5,COST_BASED,COST_BASED,false,false
4,economic_learning_factor_low,1,2030,0.026383342840844266,0.026383342840844266,DISTRICT_HEATING,TOTAL,583331,44621,16347,833923,0.5283624336204519,0.5123011683711871,0.1332666401589612,1150.7139846680186,0.5069474132880952,MEDIUM,LOW,MEDIUM,5,COST_BASED,COST_BASED,false,false
4,economic_learning_factor_low,1,2031,0.03208784940102681,0.03208784940102681,DISTRICT_HEATING,TOTAL,614160,48519,17690,882442,0.5248452164587206,0.5112645936046972,0.13712389203917197,1132.4477492571637,0.5067377193200234,MEDIUM,LOW,MEDIUM,5,COST_BASED,COST_BASED,false,false
4,economic_learning_factor_low,1,2032,0.0380062749572162,0.0380062749572162,DISTRICT_HEATING,TOTAL,645646,46628,15142,929070,0.491276570590271,0.4778570291927851,0.1302240072009319,1047.5838581317498,0.4733838487269492,MEDIUM,LOW,MEDIUM,5,COST_BASED,COST_BASED,false,false
4,economic_learning_factor_low,1,2033,0.04442384483742156,0.04442384483742156,DISTRICT_HEATING,TOTAL,678649,47612,14609,976682,0.4763094439801241,0.4622864737445288,0.1324631536542183,1019.8887583931995,0.45761215033265756,MEDIUM,LOW,MEDIUM,5,COST_BASED,COST_BASED,false,false
4,economic_learning_factor_low,1,2034,0.05141186537364518,0.05141186537364518,DISTRICT_HEATING,TOTAL,718384,54239,14504,1030921,0.48861182429275596,0.4781207342450107,0.14122462196556254,995.254346078719,0.47462370422909905,MEDIUM,LOW,MEDIUM,5,COST_BASED,COST_BASED,false,false
4,economic_learning_factor_low,1,2035,0.058613804905875644,0.058613804905875644,DISTRICT_HEATING,TOTAL,755735,51256,13905,1082177,0.45101613248820427,0.4381891702551085,0.1326231167408142,933.4430086359997,0.4339135161774041,MEDIUM,LOW,MEDIUM,5,COST_BASED,COST_BASED,false,false
4,economic_learning_factor_low,1,2036,0.0658157444381061,0.0658157444381061,DISTRICT_HEATING,TOTAL,782310,40836,14261,1123013,0.3708050148865945,0.3600094740258656,0.11550920622989402,789.8747095059252,0.3564109604056178,MEDIUM,LOW,MEDIUM,5,COST_BASED,COST_BASED,false,false
4,economic_learning_factor_low,1,2037,0.07301768397033656,0.07301768397033656,DISTRICT_HEATING,TOTAL,778926,11330,14714,1134343,0.4836017237343743,0.47472263386255714,0.16576961164865195,967.828384760481,0.4717629372386141,MEDIUM,LOW,MEDIUM,5,COST_BASED,COST_BASED,false,false
4,economic_learning_factor_low,1,2038,0.08021962350256703,0.08021962350256703,DISTRICT_HEATING,TOTAL,775119,10803,14610,1145146,0.48601640984887007,0.4759477695224834,0.16249266179943025,1010.7120861345377,0.4725915560803531,MEDIUM,LOW,MEDIUM,5,COST_BASED,COST_BASED,false,false
4,economic_learning_factor_low,1,2039,0.08742156303479749,0.08742156303479749,DISTRICT_HEATING,TOTAL,770752,9527,13894,1154673,0.5388343773970206,0.5269389346996233,0.1780780289374532,1161.825005895648,0.5229737871338241,MEDIUM,LOW,MEDIUM,5,COST_BASED,COST_BASED,false,false
4,economic_learning_factor_low,1,2040,0.09462350256702795,0.09462350256702795,DISTRICT_HEATING,TOTAL,764773,7256,13235,1161929,0.6211387062495719,0.6444019580801844,0.20994709629178043,1582.5847950768873,0.6521563753570737,MEDIUM,LOW,MEDIUM,5,COST_BASED,COST_BASED,false,false
4,economic_learning_factor_low,1,2041,0.10182544209925841,0.10182544209925841,DISTRICT_HEATING,TOTAL,758435,6760,13098,1168689,0.6136610875481154,0.6369009078848263,0.20962916217311373,1525.135741304283,0.6446475146637332,MEDIUM,LOW,MEDIUM,5,COST_BASED,COST_BASED,false,false
4,economic_learning_factor_low,1,2042,0.10902738163148888,0.10902738163148888,DISTRICT_HEATING,TOTAL,753421,6744,11758,1175433,0.6161089994459025,0.6438329646028317,0.21231410790506836,1498.4116881202917,0.6530742863218074,MEDIUM,LOW,MEDIUM,5,COST_BASED,COST_BASED,false,false
4,economic_learning_factor_low,1,2043,0.11622932116371934,0.11622932116371934,DISTRICT_HEATING,TOTAL,748292,6253,11382,1181686,0.6231873756663145,0.6399007111562529,0.20617466035068496,1540.6982257886639,0.645471822986227,MEDIUM,LOW,MEDIUM,5,COST_BASED,COST_BASED,false,false
4,economic_learning_factor_low,1,2044,0.1234312606959498,0.1234312606959498,DISTRICT_HEATING,TOTAL,744134,6025,10183,1187711,0.6176472940425538,0.639732651824112,0.20387278604323128,1537.7171071161429,0.6470944377512977,MEDIUM,LOW,MEDIUM,5,COST_BASED,COST_BASED,false,false
4,economic_learning_factor_low,1,2045,0.13063320022818026,0.13063320022818026,DISTRICT_HEATING,TOTAL,739547,6293,10880,1194004,0.6268415253911582,0.6429018550582899,0.20514288889822163,1555.9965153698795,0.6482552982806639,MEDIUM,LOW,MEDIUM,5,COST_BASED,COST_BASED,false,false
4,economic_learning_factor_low,1,2046,0.13783513976041073,0.13783513976041073,DISTRICT_HEATING,TOTAL,734719,6947,11775,1200951,0.6227379870505058,0.6462483627021313,0.20313893553729956,1508.530893886804,0.6540851545860079,MEDIUM,LOW,MEDIUM,5,COST_BASED,COST_BASED,false,false
4,economic_learning_factor_low,1,2047,0.14503707929264117,0.14503707929264117,DISTRICT_HEATING,TOTAL,728797,7884,13806,1208835,0.6456676878711288,0.6636884079850244,0.20724828761525713,1523.2480994414057,0.6696953146896563,MEDIUM,LOW,MEDIUM,5,COST_BASED,COST_BASED,false,false
4,economic_learning_factor_low,1,2048,0.15223901882487165,0.15223901882487165,DISTRICT_HEATING,TOTAL,723222,7603,13178,1216438,0.6373550079377513,0.6546593407028092,0.2046578485020218,1519.3817942276214,0.6604274516245011,MEDIUM,LOW,MEDIUM,5,COST_BASED,COST_BASED,false,false
4,economic_learning_factor_low,1,2049,0.15944095835710212,0.15944095835710212,DISTRICT_HEATING,TOTAL,717655,8658,14225,1225096,0.6514668335109502,0.6752864472698987,0.2071861201829443,1486.1633545949526,0.6832263185228777,MEDIUM,LOW,MEDIUM,5,COST_BASED,COST_BASED,false,false
4,economic_learning_factor_low,1,2050,0.0,0.0,DISTRICT_HEATING,TOTAL,711346,8441,14750,1233537,0.6522951230804254,0.6707816925199734,0.2015482346119269,1498.4065170420176,0.6769438823331542,MEDIUM,LOW,MEDIUM,5,COST_BASED,COST_BASED,false,false
4,economic_learning_factor_low,1,2024,DISTRICT_HEATING,PRIVATELY_OWNED,317015,317015,0,317015,0.0,0.0,0.0,0.0,0.0,MEDIUM,LOW,MEDIUM,5,COST_BASED,COST_BASED,false,false
4,economic_learning_factor_low,1,2025,DISTRICT_HEATING,PRIVATELY_OWNED,352177,46619,11457,363634,0.7657587693738637,0.7383283447685891,0.14870158283292578,1683.944841044389,0.7291848699001916,MEDIUM,LOW,MEDIUM,5,COST_BASED,COST_BASED,false,false
4,economic_learning_factor_low,1,2026,DISTRICT_HEATING,PRIVATELY_OWNED,372373,30109,9913,393743,0.7665850599010623,0.7411668433041185,0.16250918619415095,1683.8320567431317,0.7326941044384747,MEDIUM,LOW,MEDIUM,5,COST_BASED,COST_BASED,false,false
4,economic_learning_factor_low,1,2027,DISTRICT_HEATING,PRIVATELY_OWNED,392111,32210,12472,425953,0.7656421418350204,0.7462939163762776,0.17539976050358522,1665.7828358208956,0.7398445078900234,MEDIUM,LOW,MEDIUM,5,COST_BASED,COST_BASED,false,false
4,economic_learning_factor_low,1,2028,DISTRICT_HEATING,PRIVATELY_OWNED,409740,29300,11671,455253,0.7658403275039368,0.7385657069447943,0.1820481459341525,1668.8538405971588,0.7294741667584064,MEDIUM,LOW,MEDIUM,5,COST_BASED,COST_BASED,false,false
4,economic_learning_factor_low,1,2029,DISTRICT_HEATING,PRIVATELY_OWNED,428851,30718,11607,485971,0.765966445763226,0.7445163606446262,0.18574774719312068,1678.261777171985,0.7373663322717552,MEDIUM,LOW,MEDIUM,5,COST_BASED,COST_BASED,false,false
4,economic_learning_factor_low,1,2030,DISTRICT_HEATING,PRIVATELY_OWNED,446234,30829,13446,516800,0.7647364543312526,0.7414898450773862,0.19288626781708804,1665.5100298378688,0.7337409753260922,MEDIUM,LOW,MEDIUM,5,COST_BASED,COST_BASED,false,false
4,economic_learning_factor_low,1,2031,DISTRICT_HEATING,PRIVATELY_OWNED,464658,33241,14817,550041,0.7660709683030192,0.7462485128939053,0.20014783303295886,1652.9356020038003,0.7396410277575348,MEDIUM,LOW,MEDIUM,5,COST_BASED,COST_BASED,false,false
4,economic_learning_factor_low,1,2032,DISTRICT_HEATING,PRIVATELY_OWNED,482528,29929,12059,579970,0.7653862118174065,0.7444791859801926,0.20288299000183946,1632.0872777896766,0.7375101773677767,MEDIUM,LOW,MEDIUM,5,COST_BASED,COST_BASED,false,false
4,economic_learning_factor_low,1,2033,DISTRICT_HEATING,PRIVATELY_OWNED,500408,29626,11746,609596,0.7654777981091497,0.7429414564208636,0.21288178194101945,1639.0651307843455,0.7354293425247584,MEDIUM,LOW,MEDIUM,5,COST_BASED,COST_BASED,false,false
4,economic_learning_factor_low,1,2034,DISTRICT_HEATING,PRIVATELY_OWNED,523506,34622,11524,644218,0.76546175084671,0.7490263562103615,0.22124320578794254,1559.170483419896,0.743547891331584,MEDIUM,LOW,MEDIUM,5,COST_BASED,COST_BASED,false,false
4,economic_learning_factor_low,1,2035,DISTRICT_HEATING,PRIVATELY_OWNED,543171,30176,10511,674394,0.7660817499607436,0.7442942772599364,0.2252694350366905,1585.5167964821978,0.7370317863596575,MEDIUM,LOW,MEDIUM,5,COST_BASED,COST_BASED,false,false
4,economic_learning_factor_low,1,2036,DISTRICT_HEATING,PRIVATELY_OWNED,552288,19800,10683,694194,0.7647572519145946,0.7424922667333458,0.23822898715171476,1629.0567493628264,0.735070605006253,MEDIUM,LOW,MEDIUM,5,COST_BASED,COST_BASED,false,false
4,economic_learning_factor_low,1,2037,DISTRICT_HEATING,PRIVATELY_OWNED,548467,7176,10997,701370,0.7635461998202984,0.7495272354602526,0.2617293338878521,1528.0790968974707,0.7448542473402311,MEDIUM,LOW,MEDIUM,5,COST_BASED,COST_BASED,false,false
4,economic_learning_factor_low,1,2038,DISTRICT_HEATING,PRIVATELY_OWNED,544752,6870,10585,708240,0.7642554986313455,0.7484226716377567,0.25551793674224815,1589.333721471821,0.7431450626398914,MEDIUM,LOW,MEDIUM,5,COST_BASED,COST_BASED,false,false
4,economic_learning_factor_low,1,2039,DISTRICT_HEATING,PRIVATELY_OWNED,541655,6703,9800,714943,0.7658473986963173,0.7489403596722827,0.25310299592527474,1651.3064047691837,0.7433046799976044,MEDIUM,LOW,MEDIUM,5,COST_BASED,COST_BASED,false,false
4,economic_learning_factor_low,1,2040,DISTRICT_HEATING,PRIVATELY_OWNED,538641,6492,9506,721435,0.6942363605278642,0.7202373086614015,0.23465436393918035,1768.8286002892628,0.7289042913726012,MEDIUM,LOW,MEDIUM,5,COST_BASED,COST_BASED,false,false
4,economic_learning_factor_low,1,2041,DISTRICT_HEATING,PRIVATELY_OWNED,535747,5933,8827,727368,0.6991992165557492,0.7256784320413663,0.23884934034893793,1737.7241886426687,0.7345048372032423,MEDIUM,LOW,MEDIUM,5,COST_BASED,COST_BASED,false,false
4,economic_learning_factor_low,1,2042,DISTRICT_HEATING,PRIVATELY_OWNED,533219,5978,8506,733346,0.6950550505625905,0.7263314675947636,0.23951929469919386,1690.4129181470805,0.7367569399388206,MEDIUM,LOW,MEDIUM,5,COST_BASED,COST_BASED,false,false
4,economic_learning_factor_low,1,2043,DISTRICT_HEATING,PRIVATELY_OWNED,530665,5536,8090,738882,0.703900046972808,0.7227780250831014,0.2328775562089655,1740.243136896047,0.7290706844531931,MEDIUM,LOW,MEDIUM,5,COST_BASED,COST_BASED,false,false
4,economic_learning_factor_low,1,2044,DISTRICT_HEATING,PRIVATELY_OWNED,528453,5305,7517,744187,0.7014750134979051,0.7265578185184307,0.231542608088684,1746.4176381479285,0.7349187535252721,MEDIUM,LOW,MEDIUM,5,COST_BASED,COST_BASED,false,false
4,economic_learning_factor_low,1,2045,DISTRICT_HEATING,PRIVATELY_OWNED,525916,5599,8136,749786,0.7045389746895085,0.7225899935491727,0.2305704947020019,1748.8633811792554,0.7286069998357239,MEDIUM,LOW,MEDIUM,5,COST_BASED,COST_BASED,false,false
4,economic_learning_factor_low,1,2046,DISTRICT_HEATING,PRIVATELY_OWNED,523289,6166,8793,755952,0.7016154388647199,0.7281036937547366,0.2288689888384074,1699.604949696988,0.7369331120514104,MEDIUM,LOW,MEDIUM,5,COST_BASED,COST_BASED,false,false
4,economic_learning_factor_low,1,2047,DISTRICT_HEATING,PRIVATELY_OWNED,520197,7162,10254,763114,0.7107573375001367,0.730594723339002,0.22814095218635677,1676.8064808707124,0.7372071852852905,MEDIUM,LOW,MEDIUM,5,COST_BASED,COST_BASED,false,false
4,economic_learning_factor_low,1,2048,DISTRICT_HEATING,PRIVATELY_OWNED,517378,6831,9650,769945,0.7093851742571694,0.7286451423456973,0.22778709151820695,1691.0935121523357,0.7350651317085466,MEDIUM,LOW,MEDIUM,5,COST_BASED,COST_BASED,false,false
4,economic_learning_factor_low,1,2049,DISTRICT_HEATING,PRIVATELY_OWNED,514428,7954,10904,777899,0.7091274634822489,0.7350553256805108,0.22552394123006433,1617.702077455758,0.7436979464132607,MEDIUM,LOW,MEDIUM,5,COST_BASED,COST_BASED,false,false
4,economic_learning_factor_low,1,2050,DISTRICT_HEATING,PRIVATELY_OWNED,511250,7724,10902,785623,0.7128460815538413,0.7330487139514624,0.22025746353693357,1637.499923660237,0.7397829247506673,MEDIUM,LOW,MEDIUM,5,COST_BASED,COST_BASED,false,false
4,economic_learning_factor_low,1,2024,DISTRICT_HEATING,SOCIAL_HOUSING,164636,164636,0,164636,0.0,0.0,0.0,0.0,0.0,MEDIUM,LOW,MEDIUM,5,COST_BASED,COST_BASED,false,false
4,economic_learning_factor_low,1,2025,DISTRICT_HEATING,SOCIAL_HOUSING,203,0,164433,164636,0.0,0.0,0.0,0.0,0.0,MEDIUM,LOW,MEDIUM,5,COST_BASED,COST_BASED,false,false
4,economic_learning_factor_low,1,2026,DISTRICT_HEATING,SOCIAL_HOUSING,35,0,168,164636,0.0,0.0,0.0,0.0,0.0,MEDIUM,LOW,MEDIUM,5,COST_BASED,COST_BASED,false,false
4,economic_learning_factor_low,1,2027,DISTRICT_HEATING,SOCIAL_HOUSING,17,0,18,164636,0.0,0.0,0.0,0.0,0.0,MEDIUM,LOW,MEDIUM,5,COST_BASED,COST_BASED,false,false
4,economic_learning_factor_low,1,2028,DISTRICT_HEATING,SOCIAL_HOUSING,5,0,12,164636,0.0,0.0,0.0,0.0,0.0,MEDIUM,LOW,MEDIUM,5,COST_BASED,COST_BASED,false,false
4,economic_learning_factor_low,1,2029,DISTRICT_HEATING,SOCIAL_HOUSING,5,0,0,164636,0.0,0.0,0.0,0.0,0.0,MEDIUM,LOW,MEDIUM,5,COST_BASED,COST_BASED,false,false
4,economic_learning_factor_low,1,2030,DISTRICT_HEATING,SOCIAL_HOUSING,0,0,5,164636,0.0,0.0,0.0,0.0,0.0,MEDIUM,LOW,MEDIUM,5,COST_BASED,COST_BASED,false,false
4,economic_learning_factor_low,1,2031,DISTRICT_HEATING,SOCIAL_HOUSING,0,0,0,164636,0.0,0.0,0.0,0.0,0.0,MEDIUM,LOW,MEDIUM,5,COST_BASED,COST_BASED,false,false
4,economic_learning_factor_low,1,2032,DISTRICT_HEATING,SOCIAL_HOUSING,0,0,0,164636,0.0,0.0,0.0,0.0,0.0,MEDIUM,LOW,MEDIUM,5,COST_BASED,COST_BASED,false,false
4,economic_learning_factor_low,1,2033,DISTRICT_HEATING,SOCIAL_HOUSING,0,0,0,164636,0.0,0.0,0.0,0.0,0.0,MEDIUM,LOW,MEDIUM,5,COST_BASED,COST_BASED,false,false
4,economic_learning_factor_low,1,2034,DISTRICT_HEATING,SOCIAL_HOUSING,0,0,0,164636,0.0,0.0,0.0,0.0,0.0,MEDIUM,LOW,MEDIUM,5,COST_BASED,COST_BASED,false,false
4,economic_learning_factor_low,1,2035,DISTRICT_HEATING,SOCIAL_HOUSING,0,0,0,164636,0.0,0.0,0.0,0.0,0.0,MEDIUM,LOW,MEDIUM,5,COST_BASED,COST_BASED,false,false
4,economic_learning_factor_low,1,2036,DISTRICT_HEATING,SOCIAL_HOUSING,0,0,0,164636,0.0,0.0,0.0,0.0,0.0,MEDIUM,LOW,MEDIUM,5,COST_BASED,COST_BASED,false,false
4,economic_learning_factor_low,1,2037,DISTRICT_HEATING,SOCIAL_HOUSING,0,0,0,164636,0.0,0.0,0.0,0.0,0.0,MEDIUM,LOW,MEDIUM,5,COST_BASED,COST_BASED,false,false
4,economic_learning_factor_low,1,2038,DISTRICT_HEATING,SOCIAL_HOUSING,0,0,0,164636,0.0,0.0,0.0,0.0,0.0,MEDIUM,LOW,MEDIUM,5,COST_BASED,COST_BASED,false,false
4,economic_learning_factor_low,1,2039,DISTRICT_HEATING,SOCIAL_HOUSING,0,0,0,164636,0.0,0.0,0.0,0.0,0.0,MEDIUM,LOW,MEDIUM,5,COST_BASED,COST_BASED,false,false
4,economic_learning_factor_low,1,2040,DISTRICT_HEATING,SOCIAL_HOUSING,0,0,0,164636,0.0,0.0,0.0,0.0,0.0,MEDIUM,LOW,MEDIUM,5,COST_BASED,COST_BASED,false,false
4,economic_learning_factor_low,1,2041,DISTRICT_HEATING,SOCIAL_HOUSING,0,0,0,164636,0.0,0.0,0.0,0.0,0.0,MEDIUM,LOW,MEDIUM,5,COST_BASED,COST_BASED,false,false
4,economic_learning_factor_low,1,2042,DISTRICT_HEATING,SOCIAL_HOUSING,0,0,0,164636,0.0,0.0,0.0,0.0,0.0,MEDIUM,LOW,MEDIUM,5,COST_BASED,COST_BASED,false,false
4,economic_learning_factor_low,1,2043,DISTRICT_HEATING,SOCIAL_HOUSING,0,0,0,164636,0.0,0.0,0.0,0.0,0.0,MEDIUM,LOW,MEDIUM,5,COST_BASED,COST_BASED,false,false
4,economic_learning_factor_low,1,2044,DISTRICT_HEATING,SOCIAL_HOUSING,0,0,0,164636,0.0,0.0,0.0,0.0,0.0,MEDIUM,LOW,MEDIUM,5,COST_BASED,COST_BASED,false,false
4,economic_learning_factor_low,1,2045,DISTRICT_HEATING,SOCIAL_HOUSING,0,0,0,164636,0.0,0.0,0.0,0.0,0.0,MEDIUM,LOW,MEDIUM,5,COST_BASED,COST_BASED,false,false
4,economic_learning_factor_low,1,2046,DISTRICT_HEATING,SOCIAL_HOUSING,0,0,0,164636,0.0,0.0,0.0,0.0,0.0,MEDIUM,LOW,MEDIUM,5,COST_BASED,COST_BASED,false,false
4,economic_learning_factor_low,1,2047,DISTRICT_HEATING,SOCIAL_HOUSING,0,0,0,164636,0.0,0.0,0.0,0.0,0.0,MEDIUM,LOW,MEDIUM,5,COST_BASED,COST_BASED,false,false
4,economic_learning_factor_low,1,2048,DISTRICT_HEATING,SOCIAL_HOUSING,0,0,0,164636,0.0,0.0,0.0,0.0,0.0,MEDIUM,LOW,MEDIUM,5,COST_BASED,COST_BASED,false,false
4,economic_learning_factor_low,1,2049,DISTRICT_HEATING,SOCIAL_HOUSING,0,0,0,164636,0.0,0.0,0.0,0.0,0.0,MEDIUM,LOW,MEDIUM,5,COST_BASED,COST_BASED,false,false
4,economic_learning_factor_low,1,2050,DISTRICT_HEATING,SOCIAL_HOUSING,0,0,0,164636,0.0,0.0,0.0,0.0,0.0,MEDIUM,LOW,MEDIUM,5,COST_BASED,COST_BASED,false,false
4,economic_learning_factor_low,1,2024,DISTRICT_HEATING,PRIVATELY_RENTED,91111,91111,0,91111,0.0,0.0,0.0,0.0,0.0,MEDIUM,LOW,MEDIUM,5,COST_BASED,COST_BASED,false,false
4,economic_learning_factor_low,1,2025,DISTRICT_HEATING,PRIVATELY_RENTED,96368,7917,2660,99028,0.0,0.0,0.0,0.0,0.0,MEDIUM,LOW,MEDIUM,5,COST_BASED,COST_BASED,false,false
4,economic_learning_factor_low,1,2026,DISTRICT_HEATING,PRIVATELY_RENTED,101387,7377,2358,106405,0.0,0.0,0.0,0.0,0.0,MEDIUM,LOW,MEDIUM,5,COST_BASED,COST_BASED,false,false
4,economic_learning_factor_low,1,2027,DISTRICT_HEATING,PRIVATELY_RENTED,108026,9211,2572,115616,0.0,0.0,0.0,0.0,0.0,MEDIUM,LOW,MEDIUM,5,COST_BASED,COST_BASED,false,false
4,economic_learning_factor_low,1,2028,DISTRICT_HEATING,PRIVATELY_RENTED,116449,11049,2626,126665,0.0,0.0,0.0,0.0,0.0,MEDIUM,LOW,MEDIUM,5,COST_BASED,COST_BASED,false,false
4,economic_learning_factor_low,1,2029,DISTRICT_HEATING,PRIVATELY_RENTED,126201,12030,2278,138695,0.0,0.0,0.0,0.0,0.0,MEDIUM,LOW,MEDIUM,5,COST_BASED,COST_BASED,false,false
4,economic_learning_factor_low,1,2030,DISTRICT_HEATING,PRIVATELY_RENTED,137097,13792,2896,152487,0.0,0.0,0.0,0.0,0.0,MEDIUM,LOW,MEDIUM,5,COST_BASED,COST_BASED,false,false
4,economic_learning_factor_low,1,2031,DISTRICT_HEATING,PRIVATELY_RENTED,149502,15278,2873,167765,0.0,0.0,0.0,0.0,0.0,MEDIUM,LOW,MEDIUM,5,COST_BASED,COST_BASED,false,false
4,economic_learning_factor_low,1,2032,DISTRICT_HEATING,PRIVATELY_RENTED,163118,16699,3083,184464,0.0,0.0,0.0,0.0,0.0,MEDIUM,LOW,MEDIUM,5,COST_BASED,COST_BASED,false,false
4,economic_learning_factor_low,1,2033,DISTRICT_HEATING,PRIVATELY_RENTED,178241,17986,2863,202450,0.0,0.0,0.0,0.0,0.0,MEDIUM,LOW,MEDIUM,5,COST_BASED,COST_BASED,false,false
4,economic_learning_factor_low,1,2034,DISTRICT_HEATING,PRIVATELY_RENTED,194878,19617,2980,222067,0.0,0.0,0.0,0.0,0.0,MEDIUM,LOW,MEDIUM,5,COST_BASED,COST_BASED,false,false
4,economic_learning_factor_low,1,2035,DISTRICT_HEATING,PRIVATELY_RENTED,212564,21080,3394,243147,0.0,0.0,0.0,0.0,0.0,MEDIUM,LOW,MEDIUM,5,COST_BASED,COST_BASED,false,false
4,economic_learning_factor_low,1,2036,DISTRICT_HEATING,PRIVATELY_RENTED,230022,21036,3578,264183,0.0,0.0,0.0,0.0,0.0,MEDIUM,LOW,MEDIUM,5,COST_BASED,COST_BASED,false,false
4,economic_learning_factor_low,1,2037,DISTRICT_HEATING,PRIVATELY_RENTED,230459,4154,3717,268337,0.0,0.0,0.0,0.0,0.0,MEDIUM,LOW,MEDIUM,5,COST_BASED,COST_BASED,false,false
4,economic_learning_factor_low,1,2038,DISTRICT_HEATING,PRIVATELY_RENTED,230367,3933,4025,272270,0.0,0.0,0.0,0.0,0.0,MEDIUM,LOW,MEDIUM,5,COST_BASED,COST_BASED,false,false
4,economic_learning_factor_low,1,2039,DISTRICT_HEATING,PRIVATELY_RENTED,229097,2824,4094,275094,0.0,0.0,0.0,0.0,0.0,MEDIUM,LOW,MEDIUM,5,COST_BASED,COST_BASED,false,false
4,economic_learning_factor_low,1,2040,DISTRICT_HEATING,PRIVATELY_RENTED,226132,764,3729,275858,0.0,0.0,0.0,0.0,0.0,MEDIUM,LOW,MEDIUM,5,COST_BASED,COST_BASED,false,false
4,economic_learning_factor_low,1,2041,DISTRICT_HEATING,PRIVATELY_RENTED,222688,827,4271,276685,0.0,0.0,0.0,0.0,0.0,MEDIUM,LOW,MEDIUM,5,COST_BASED,COST_BASED,false,false
4,economic_learning_factor_low,1,2042,DISTRICT_HEATING,PRIVATELY_RENTED,220202,766,3252,277451,0.0,0.0,0.0,0.0,0.0,MEDIUM,LOW,MEDIUM,5,COST_BASED,COST_BASED,false,false
4,economic_learning_factor_low,1,2043,DISTRICT_HEATING,PRIVATELY_RENTED,217627,717,3292,278168,0.0,0.0,0.0,0.0,0.0,MEDIUM,LOW,MEDIUM,5,COST_BASED,COST_BASED,false,false
4,economic_learning_factor_low,1,2044,DISTRICT_HEATING,PRIVATELY_RENTED,215681,720,2666,278888,0.0,0.0,0.0,0.0,0.0,MEDIUM,LOW,MEDIUM,5,COST_BASED,COST_BASED,false,false
4,economic_learning_factor_low,1,2045,DISTRICT_HEATING,PRIVATELY_RENTED,213631,694,2744,279582,0.0,0.0,0.0,0.0,0.0,MEDIUM,LOW,MEDIUM,5,COST_BASED,COST_BASED,false,false
4,economic_learning_factor_low,1,2046,DISTRICT_HEATING,PRIVATELY_RENTED,211430,781,2982,280363,0.0,0.0,0.0,0.0,0.0,MEDIUM,LOW,MEDIUM,5,COST_BASED,COST_BASED,false,false
4,economic_learning_factor_low,1,2047,DISTRICT_HEATING,PRIVATELY_RENTED,208600,722,3552,281085,0.0,0.0,0.0,0.0,0.0,MEDIUM,LOW,MEDIUM,5,COST_BASED,COST_BASED,false,false
4,economic_learning_factor_low,1,2048,DISTRICT_HEATING,PRIVATELY_RENTED,205844,772,3528,281857,0.0,0.0,0.0,0.0,0.0,MEDIUM,LOW,MEDIUM,5,COST_BASED,COST_BASED,false,false
4,economic_learning_factor_low,1,2049,DISTRICT_HEATING,PRIVATELY_RENTED,203227,704,3321,282561,0.0,0.0,0.0,0.0,0.0,MEDIUM,LOW,MEDIUM,5,COST_BASED,COST_BASED,false,false
4,economic_learning_factor_low,1,2050,DISTRICT_HEATING,PRIVATELY_RENTED,200096,717,3848,283278,0.0,0.0,0.0,0.0,0.0,MEDIUM,LOW,MEDIUM,5,COST_BASED,COST_BASED,false,false
4,economic_learning_factor_low,1,2024,0.0024244152880775814,0.0024244152880775814,ELECTRIC_HEAT_PUMP,TOTAL,399156,399156,0,399156,0.0,0.0,0.0,0.0,0.0,MEDIUM,LOW,MEDIUM,5,COST_BASED,COST_BASED,false,false
4,economic_learning_factor_low,1,2025,0.005205362236166571,0.005205362236166571,ELECTRIC_HEAT_PUMP,TOTAL,779591,420303,39868,819459,0.47067381221425264,0.45189161114048215,0.05240151335475041,1714.1342985799133,0.4456308774492398,MEDIUM,LOW,MEDIUM,5,COST_BASED,COST_BASED,false,false
4,economic_learning_factor_low,1,2026,0.008414147176269253,0.008414147176269253,ELECTRIC_HEAT_PUMP,TOTAL,1015925,259489,23155,1078948,0.4841920465165418,0.46689828851683646,0.07815187911882603,1741.4852474459594,0.4611337025171879,MEDIUM,LOW,MEDIUM,5,COST_BASED,COST_BASED,false,false
4,economic_learning_factor_low,1,2027,0.012050770108385624,0.012050770108385624,ELECTRIC_HEAT_PUMP,TOTAL,1254497,261611,23039,1340559,0.4950385590081463,0.4799226610864309,0.09985478680743456,1751.3085273988145,0.4748840284458297,MEDIUM,LOW,MEDIUM,5,COST_BASED,COST_BASED,false,false
4,economic_learning_factor_low,1,2028,0.016329150028522532,0.016329150028522532,ELECTRIC_HEAT_PUMP,TOTAL,1489086,257480,22891,1598039,0.4894516275734082,0.4734544227761653,0.11809690030735076,1710.0103774220458,0.468122021177071,MEDIUM,LOW,MEDIUM,5,COST_BASED,COST_BASED,false,false
4,economic_learning_factor_low,1,2029,0.021177980604677696,0.021177980604677696,ELECTRIC_HEAT_PUMP,TOTAL,1714100,247278,22264,1845317,0.4903763907119644,0.4744890098270925,0.13708162862418385,1699.3084338095148,0.46919321619879084,MEDIUM,LOW,MEDIUM,5,COST_BASED,COST_BASED,false,false
4,economic_learning_factor_low,1,2030,0.026383342840844266,0.026383342840844266,ELECTRIC_HEAT_PUMP,TOTAL,1936553,245136,22683,2090453,0.48848308688666725,0.4714412676065337,0.15463511002434943,1671.4025110374705,0.46576066117980375,MEDIUM,LOW,MEDIUM,5,COST_BASED,COST_BASED,false,false
4,economic_learning_factor_low,1,2031,0.03208784940102681,0.03208784940102681,ELECTRIC_HEAT_PUMP,TOTAL,2172306,260095,24342,2350548,0.5049054402680819,0.4917823987943933,0.17953776100573282,1702.9493564669935,0.4874080516364697,MEDIUM,LOW,MEDIUM,5,COST_BASED,COST_BASED,false,false
4,economic_learning_factor_low,1,2032,0.0380062749572162,0.0380062749572162,ELECTRIC_HEAT_PUMP,TOTAL,2400851,253381,24836,2603929,0.4989267611442779,0.4865925234006089,0.19727286023084706,1675.6534868081822,0.48248111081940775,MEDIUM,LOW,MEDIUM,5,COST_BASED,COST_BASED,false,false
4,economic_learning_factor_low,1,2033,0.04442384483742156,0.04442384483742156,ELECTRIC_HEAT_PUMP,TOTAL,2632321,257431,25961,2861360,0.5089656627366543,0.49668655871455336,0.22132715658944296,1687.7060004950436,0.49259352404051476,MEDIUM,LOW,MEDIUM,5,COST_BASED,COST_BASED,false,false
4,economic_learning_factor_low,1,2034,0.05141186537364518,0.05141186537364518,ELECTRIC_HEAT_PUMP,TOTAL,2855225,250940,28036,3112300,0.5158462119810283,0.5036416394569155,0.24455750061566212,1655.1378715533372,0.49957344861552605,MEDIUM,LOW,MEDIUM,5,COST_BASED,COST_BASED,false,false
4,economic_learning_factor_low,1,2035,0.058613804905875644,0.058613804905875644,ELECTRIC_HEAT_PUMP,TOTAL,3089334,263058,28949,3375358,0.5287353327119202,0.5187951268653397,0.2725801467444838,1682.878261975761,0.5154817249164719,MEDIUM,LOW,MEDIUM,5,COST_BASED,COST_BASED,false,false
4,economic_learning_factor_low,1,2036,0.0658157444381061,0.0658157444381061,ELECTRIC_HEAT_PUMP,TOTAL,3235976,178388,31746,3553746,0.5369037319713375,0.5289482810855479,0.2946822542575041,1652.5267256927607,0.5262964641236269,MEDIUM,LOW,MEDIUM,5,COST_BASED,COST_BASED,false,false
4,economic_learning_factor_low,1,2037,0.07301768397033656,0.07301768397033656,ELECTRIC_HEAT_PUMP,TOTAL,3227782,27924,36118,3581670,0.5293787834752188,0.5906018699417429,0.32365030051282634,1474.7667242791888,0.6110095654305744,MEDIUM,LOW,MEDIUM,5,COST_BASED,COST_BASED,false,false
4,economic_learning_factor_low,1,2038,0.08021962350256703,0.08021962350256703,ELECTRIC_HEAT_PUMP,TOTAL,3223339,26881,31324,3608551,0.5348668074356926,0.5853114258492081,0.3165494429344684,1487.5140801216655,0.6021262986537125,MEDIUM,LOW,MEDIUM,5,COST_BASED,COST_BASED,false,false
4,economic_learning_factor_low,1,2039,0.08742156303479749,0.08742156303479749,ELECTRIC_HEAT_PUMP,TOTAL,3223169,13774,13944,3622325,0.4312770603476218,0.4767663053651429,0.2703180322964173,1369.1588588998904,0.4919293870376462,MEDIUM,LOW,MEDIUM,5,COST_BASED,COST_BASED,false,false
4,economic_learning_factor_low,1,2040,0.09462350256702795,0.09462350256702795,ELECTRIC_HEAT_PUMP,TOTAL,3229614,426748,420303,4049073,0.474546658004839,0.48776069059549537,0.26397912020527264,1308.6659167467712,0.4921653681256897,MEDIUM,LOW,MEDIUM,5,COST_BASED,COST_BASED,false,false
4,economic_learning_factor_low,1,2041,0.10182544209925841,0.10182544209925841,ELECTRIC_HEAT_PUMP,TOTAL,3234268,264143,259489,4313216,0.4827577060938522,0.497994644558381,0.2690690291810682,1336.7998355344337,0.5030736240465491,MEDIUM,LOW,MEDIUM,5,COST_BASED,COST_BASED,false,false
4,economic_learning_factor_low,1,2042,0.10902738163148888,0.10902738163148888,ELECTRIC_HEAT_PUMP,TOTAL,3238277,265620,261611,4578836,0.49669370871071755,0.510010746719675,0.27640250527954585,1355.969730867432,0.5144497593893211,MEDIUM,LOW,MEDIUM,5,COST_BASED,COST_BASED,false,false
4,economic_learning_factor_low,1,2043,0.11622932116371934,0.11622932116371934,ELECTRIC_HEAT_PUMP,TOTAL,3243727,262930,257480,4841766,0.490265094993304,0.5049358556257213,0.2742335627235903,1336.85053991969,0.5098261091698058,MEDIUM,LOW,MEDIUM,5,COST_BASED,COST_BASED,false,false
4,economic_learning_factor_low,1,2044,0.1234312606959498,0.1234312606959498,ELECTRIC_HEAT_PUMP,TOTAL,3248828,252379,247278,5094145,0.493230476369149,0.5085884862501331,0.2757417850288562,1339.6906112101794,0.5137078228771309,MEDIUM,LOW,MEDIUM,5,COST_BASED,COST_BASED,false,false
4,economic_learning_factor_low,1,2045,0.13063320022818026,0.13063320022818026,ELECTRIC_HEAT_PUMP,TOTAL,3254586,250894,245136,5345039,0.4908579080531085,0.504419539406389,0.2750608857434035,1326.5820963503074,0.5089400831908302,MEDIUM,LOW,MEDIUM,5,COST_BASED,COST_BASED,false,false
4,economic_learning_factor_low,1,2046,0.13783513976041073,0.13783513976041073,ELECTRIC_HEAT_PUMP,TOTAL,3259005,264514,260095,5609553,0.5063771336892469,0.5227385395607962,0.2835502002854957,1350.3312295679068,0.5281923415180025,MEDIUM,LOW,MEDIUM,5,COST_BASED,COST_BASED,false,false
4,economic_learning_factor_low,1,2047,0.14503707929264117,0.14503707929264117,ELECTRIC_HEAT_PUMP,TOTAL,3264474,258850,253381,5868403,0.49883868196192444,0.514620328131819,0.2800688017215628,1329.3867132228038,0.5198808768553134,MEDIUM,LOW,MEDIUM,5,COST_BASED,COST_BASED,false,false
4,economic_learning_factor_low,1,2048,0.15223901882487165,0.15223901882487165,ELECTRIC_HEAT_PUMP,TOTAL,3270495,263452,257431,6131855,0.5116256747185934,0.528504385193787,0.28627784899034797,1344.6498150155185,0.5341306220190081,MEDIUM,LOW,MEDIUM,5,COST_BASED,COST_BASED,false,false
4,economic_learning_factor_low,1,2049,0.15944095835710212,0.15944095835710212,ELECTRIC_HEAT_PUMP,TOTAL,3277219,257664,250940,6389519,0.5168968021090955,0.5351740211713073,0.2909606626667443,1325.7175937753243,0.5412664275253749,MEDIUM,LOW,MEDIUM,5,COST_BASED,COST_BASED,false,false
4,economic_learning_factor_low,1,2050,0.0,0.0,ELECTRIC_HEAT_PUMP,TOTAL,3283595,269434,263058,6658953,0.5293896937255241,0.5486058738935421,0.2977193092215195,1341.609970285729,0.5550112672828816,MEDIUM,LOW,MEDIUM,5,COST_BASED,COST_BASED,false,false
4,economic_learning_factor_low,1,2024,ELECTRIC_HEAT_PUMP,PRIVATELY_OWNED,328535,328535,0,328535,0.0,0.0,0.0,0.0,0.0,MEDIUM,LOW,MEDIUM,5,COST_BASED,COST_BASED,false,false
4,economic_learning_factor_low,1,2025,ELECTRIC_HEAT_PUMP,PRIVATELY_OWNED,576373,276938,29100,605473,0.7143317829084019,0.6858264298766441,0.07952867886509495,2601.505709205791,0.6763246455327467,MEDIUM,LOW,MEDIUM,5,COST_BASED,COST_BASED,false,false
4,economic_learning_factor_low,1,2026,ELECTRIC_HEAT_PUMP,PRIVATELY_OWNED,733527,175897,18743,781370,0.7142959229465591,0.6887836062522122,0.11529220487367632,2569.0959219003425,0.6802795006878035,MEDIUM,LOW,MEDIUM,5,COST_BASED,COST_BASED,false,false
4,economic_learning_factor_low,1,2027,ELECTRIC_HEAT_PUMP,PRIVATELY_OWNED,896257,181333,18603,962703,0.7141972639325449,0.6923894012092795,0.14406153668377938,2526.630978152522,0.6851201136348153,MEDIUM,LOW,MEDIUM,5,COST_BASED,COST_BASED,false,false
4,economic_learning_factor_low,1,2028,ELECTRIC_HEAT_PUMP,PRIVATELY_OWNED,1054368,176462,18351,1139165,0.7141707850279445,0.6908288740715114,0.172318062195468,2495.1177702770474,0.6830482370860143,MEDIUM,LOW,MEDIUM,5,COST_BASED,COST_BASED,false,false
4,economic_learning_factor_low,1,2029,ELECTRIC_HEAT_PUMP,PRIVATELY_OWNED,1205883,169687,18172,1308852,0.7146056748158264,0.6914536374149097,0.19976351142356769,2476.3334309378397,0.683736291614588,MEDIUM,LOW,MEDIUM,5,COST_BASED,COST_BASED,false,false
4,economic_learning_factor_low,1,2030,ELECTRIC_HEAT_PUMP,PRIVATELY_OWNED,1354692,167545,18736,1476397,0.7147022590172794,0.6897682806171193,0.22624746981962413,2445.4380969034073,0.6814569544837051,MEDIUM,LOW,MEDIUM,5,COST_BASED,COST_BASED,false,false
4,economic_learning_factor_low,1,2031,ELECTRIC_HEAT_PUMP,PRIVATELY_OWNED,1518412,183803,20083,1660200,0.7144789828595113,0.6959088971041154,0.2540593676315734,2409.8007805655116,0.6897188685189447,MEDIUM,LOW,MEDIUM,5,COST_BASED,COST_BASED,false,false
4,economic_learning_factor_low,1,2032,ELECTRIC_HEAT_PUMP,PRIVATELY_OWNED,1674918,176999,20493,1837199,0.7142331971677709,0.6965762528136864,0.28240382486992727,2398.763587031249,0.6906906046956895,MEDIUM,LOW,MEDIUM,5,COST_BASED,COST_BASED,false,false
4,economic_learning_factor_low,1,2033,ELECTRIC_HEAT_PUMP,PRIVATELY_OWNED,1836962,183435,21391,2020634,0.7142777524679568,0.6970453702752811,0.31060850572669824,2368.5111533428167,0.6913012428777155,MEDIUM,LOW,MEDIUM,5,COST_BASED,COST_BASED,false,false
4,economic_learning_factor_low,1,2034,ELECTRIC_HEAT_PUMP,PRIVATELY_OWNED,1995083,181212,23091,2201846,0.7143370661684615,0.6974363342676997,0.3386600181251476,2292.013208217968,0.69180275696742,MEDIUM,LOW,MEDIUM,5,COST_BASED,COST_BASED,false,false
4,economic_learning_factor_low,1,2035,ELECTRIC_HEAT_PUMP,PRIVATELY_OWNED,2165986,194693,23790,2396539,0.7143968152554653,0.7009661800010402,0.36829463946988544,2273.8084565897066,0.6964893015828882,MEDIUM,LOW,MEDIUM,5,COST_BASED,COST_BASED,false,false
4,economic_learning_factor_low,1,2036,ELECTRIC_HEAT_PUMP,PRIVATELY_OWNED,2273450,133908,26444,2530447,0.7152461610874851,0.7046481611725119,0.39256637372291153,2201.4438087558638,0.7011154945341992,MEDIUM,LOW,MEDIUM,5,COST_BASED,COST_BASED,false,false
4,economic_learning_factor_low,1,2037,ELECTRIC_HEAT_PUMP,PRIVATELY_OWNED,2264389,22981,32042,2553428,0.643243250936078,0.7176348555873648,0.3932644789835152,1791.9753713403277,0.7424320571377816,MEDIUM,LOW,MEDIUM,5,COST_BASED,COST_BASED,false,false
4,economic_learning_factor_low,1,2038,ELECTRIC_HEAT_PUMP,PRIVATELY_OWNED,2258462,21698,27625,2575126,0.6626304106682114,0.7251247321528512,0.3921635899862404,1842.8364820605814,0.74595617264773,MEDIUM,LOW,MEDIUM,5,COST_BASED,COST_BASED,false,false
4,economic_learning_factor_low,1,2039,ELECTRIC_HEAT_PUMP,PRIVATELY_OWNED,2256151,9560,11871,2584686,0.6213818231410192,0.6869224989643806,0.3894728636873276,1972.6772094651767,0.7087693909054957,MEDIUM,LOW,MEDIUM,5,COST_BASED,COST_BASED,false,false
4,economic_learning_factor_low,1,2040,ELECTRIC_HEAT_PUMP,PRIVATELY_OWNED,2259635,280422,276938,2865108,0.7221681508948977,0.7422773505297247,0.4017251199597738,1991.5361941639783,0.7489804170746297,MEDIUM,LOW,MEDIUM,5,COST_BASED,COST_BASED,false,false
4,economic_learning_factor_low,1,2041,ELECTRIC_HEAT_PUMP,PRIVATELY_OWNED,2260849,177111,175897,3042219,0.7199839013993958,0.7427082417104778,0.40128902538506867,1993.7006677031463,0.7502830218141596,MEDIUM,LOW,MEDIUM,5,COST_BASED,COST_BASED,false,false
4,economic_learning_factor_low,1,2042,ELECTRIC_HEAT_PUMP,PRIVATELY_OWNED,2262374,182858,181333,3225077,0.7214985557522273,0.7408429193345659,0.40150298839729726,1969.6851103753036,0.7472910405286697,MEDIUM,LOW,MEDIUM,5,COST_BASED,COST_BASED,false,false
4,economic_learning_factor_low,1,2043,ELECTRIC_HEAT_PUMP,PRIVATELY_OWNED,2265251,179339,176462,3404416,0.718780641280421,0.740289532782445,0.40205549627751686,1959.964717440624,0.7474591632830394,MEDIUM,LOW,MEDIUM,5,COST_BASED,COST_BASED,false,false
4,economic_learning_factor_low,1,2044,ELECTRIC_HEAT_PUMP,PRIVATELY_OWNED,2268408,172844,169687,3577260,0.7201928582743368,0.7426179304536017,0.40262569695099454,1956.1557055299222,0.7500929545133612,MEDIUM,LOW,MEDIUM,5,COST_BASED,COST_BASED,false,false
4,economic_learning_factor_low,1,2045,ELECTRIC_HEAT_PUMP,PRIVATELY_OWNED,2272117,171254,167545,3748514,0.7191265838057891,0.7389949193585349,0.40297526403882816,1943.4961430490034,0.7456176978761381,MEDIUM,LOW,MEDIUM,5,COST_BASED,COST_BASED,false,false
4,economic_learning_factor_low,1,2046,ELECTRIC_HEAT_PUMP,PRIVATELY_OWNED,2274337,186023,183803,3934537,0.7200391410775949,0.7433041185949288,0.4031920659182876,1920.0932941513968,0.7510591111007398,MEDIUM,LOW,MEDIUM,5,COST_BASED,COST_BASED,false,false
4,economic_learning_factor_low,1,2047,ELECTRIC_HEAT_PUMP,PRIVATELY_OWNED,2276977,179639,176999,4114176,0.7187993299107885,0.7415398211798181,0.40356386600697247,1915.5737379840834,0.7491199849364439,MEDIUM,LOW,MEDIUM,5,COST_BASED,COST_BASED,false,false
4,economic_learning_factor_low,1,2048,ELECTRIC_HEAT_PUMP,PRIVATELY_OWNED,2280244,186702,183435,4300878,0.7219462419040122,0.7457635016661501,0.4039617779788387,1897.4123633676575,0.7537025882537506,MEDIUM,LOW,MEDIUM,5,COST_BASED,COST_BASED,false,false
4,economic_learning_factor_low,1,2049,ELECTRIC_HEAT_PUMP,PRIVATELY_OWNED,2284353,185321,181212,4486199,0.7186756903893136,0.744087712623414,0.40454178525565915,1843.2325428986737,0.7525583867014434,MEDIUM,LOW,MEDIUM,5,COST_BASED,COST_BASED,false,false
4,economic_learning_factor_low,1,2050,ELECTRIC_HEAT_PUMP,PRIVATELY_OWNED,2287602,197942,194693,4684141,0.7205928137496987,0.7467494267342586,0.4052485291691045,1826.1679721027633,0.7554682977291123,MEDIUM,LOW,MEDIUM,5,COST_BASED,COST_BASED,false,false
4,economic_learning_factor_low,1,2024,ELECTRIC_HEAT_PUMP,SOCIAL_HOUSING,4619,4619,0,4619,0.0,0.0,0.0,0.0,0.0,MEDIUM,LOW,MEDIUM,5,COST_BASED,COST_BASED,false,false
4,economic_learning_factor_low,1,2025,ELECTRIC_HEAT_PUMP,SOCIAL_HOUSING,228,0,4391,4619,0.0,0.0,0.0,0.0,0.0,MEDIUM,LOW,MEDIUM,5,COST_BASED,COST_BASED,false,false
4,economic_learning_factor_low,1,2026,ELECTRIC_HEAT_PUMP,SOCIAL_HOUSING,104,0,124,4619,0.0,0.0,0.0,0.0,0.0,MEDIUM,LOW,MEDIUM,5,COST_BASED,COST_BASED,false,false
4,economic_learning_factor_low,1,2027,ELECTRIC_HEAT_PUMP,SOCIAL_HOUSING,47,0,57,4619,0.0,0.0,0.0,0.0,0.0,MEDIUM,LOW,MEDIUM,5,COST_BASED,COST_BASED,false,false
4,economic_learning_factor_low,1,2028,ELECTRIC_HEAT_PUMP,SOCIAL_HOUSING,16,0,31,4619,0.0,0.0,0.0,0.0,0.0,MEDIUM,LOW,MEDIUM,5,COST_BASED,COST_BASED,false,false
4,economic_learning_factor_low,1,2029,ELECTRIC_HEAT_PUMP,SOCIAL_HOUSING,7,0,9,4619,0.0,0.0,0.0,0.0,0.0,MEDIUM,LOW,MEDIUM,5,COST_BASED,COST_BASED,false,false
4,economic_learning_factor_low,1,2030,ELECTRIC_HEAT_PUMP,SOCIAL_HOUSING,7,0,0,4619,0.0,0.0,0.0,0.0,0.0,MEDIUM,LOW,MEDIUM,5,COST_BASED,COST_BASED,false,false
4,economic_learning_factor_low,1,2031,ELECTRIC_HEAT_PUMP,SOCIAL_HOUSING,5,0,2,4619,0.0,0.0,0.0,0.0,0.0,MEDIUM,LOW,MEDIUM,5,COST_BASED,COST_BASED,false,false
4,economic_learning_factor_low,1,2032,ELECTRIC_HEAT_PUMP,SOCIAL_HOUSING,3,0,2,4619,0.0,0.0,0.0,0.0,0.0,MEDIUM,LOW,MEDIUM,5,COST_BASED,COST_BASED,false,false
4,economic_learning_factor_low,1,2033,ELECTRIC_HEAT_PUMP,SOCIAL_HOUSING,3,0,0,4619,0.0,0.0,0.0,0.0,0.0,MEDIUM,LOW,MEDIUM,5,COST_BASED,COST_BASED,false,false
4,economic_learning_factor_low,1,2034,ELECTRIC_HEAT_PUMP,SOCIAL_HOUSING,3,0,0,4619,0.0,0.0,0.0,0.0,0.0,MEDIUM,LOW,MEDIUM,5,COST_BASED,COST_BASED,false,false
4,economic_learning_factor_low,1,2035,ELECTRIC_HEAT_PUMP,SOCIAL_HOUSING,2,0,1,4619,0.0,0.0,0.0,0.0,0.0,MEDIUM,LOW,MEDIUM,5,COST_BASED,COST_BASED,false,false
4,economic_learning_factor_low,1,2036,ELECTRIC_HEAT_PUMP,SOCIAL_HOUSING,2,0,0,4619,0.0,0.0,0.0,0.0,0.0,MEDIUM,LOW,MEDIUM,5,COST_BASED,COST_BASED,false,false
4,economic_learning_factor_low,1,2037,ELECTRIC_HEAT_PUMP,SOCIAL_HOUSING,1,0,1,4619,0.0,0.0,0.0,0.0,0.0,MEDIUM,LOW,MEDIUM,5,COST_BASED,COST_BASED,false,false
4,economic_learning_factor_low,1,2038,ELECTRIC_HEAT_PUMP,SOCIAL_HOUSING,1,0,0,4619,0.0,0.0,0.0,0.0,0.0,MEDIUM,LOW,MEDIUM,5,COST_BASED,COST_BASED,false,false
4,economic_learning_factor_low,1,2039,ELECTRIC_HEAT_PUMP,SOCIAL_HOUSING,0,0,1,4619,0.0,0.0,0.0,0.0,0.0,MEDIUM,LOW,MEDIUM,5,COST_BASED,COST_BASED,false,false
4,economic_learning_factor_low,1,2040,ELECTRIC_HEAT_PUMP,SOCIAL_HOUSING,0,0,0,4619,0.0,0.0,0.0,0.0,0.0,MEDIUM,LOW,MEDIUM,5,COST_BASED,COST_BASED,false,false
4,economic_learning_factor_low,1,2041,ELECTRIC_HEAT_PUMP,SOCIAL_HOUSING,0,0,0,4619,0.0,0.0,0.0,0.0,0.0,MEDIUM,LOW,MEDIUM,5,COST_BASED,COST_BASED,false,false
4,economic_learning_factor_low,1,2042,ELECTRIC_HEAT_PUMP,SOCIAL_HOUSING,0,0,0,4619,0.0,0.0,0.0,0.0,0.0,MEDIUM,LOW,MEDIUM,5,COST_BASED,COST_BASED,false,false
4,economic_learning_factor_low,1,2043,ELECTRIC_HEAT_PUMP,SOCIAL_HOUSING,0,0,0,4619,0.0,0.0,0.0,0.0,0.0,MEDIUM,LOW,MEDIUM,5,COST_BASED,COST_BASED,false,false
4,economic_learning_factor_low,1,2044,ELECTRIC_HEAT_PUMP,SOCIAL_HOUSING,0,0,0,4619,0.0,0.0,0.0,0.0,0.0,MEDIUM,LOW,MEDIUM,5,COST_BASED,COST_BASED,false,false
4,economic_learning_factor_low,1,2045,ELECTRIC_HEAT_PUMP,SOCIAL_HOUSING,0,0,0,4619,0.0,0.0,0.0,0.0,0.0,MEDIUM,LOW,MEDIUM,5,COST_BASED,COST_BASED,false,false
4,economic_learning_factor_low,1,2046,ELECTRIC_HEAT_PUMP,SOCIAL_HOUSING,0,0,0,4619,0.0,0.0,0.0,0.0,0.0,MEDIUM,LOW,MEDIUM,5,COST_BASED,COST_BASED,false,false
4,economic_learning_factor_low,1,2047,ELECTRIC_HEAT_PUMP,SOCIAL_HOUSING,0,0,0,4619,0.0,0.0,0.0,0.0,0.0,MEDIUM,LOW,MEDIUM,5,COST_BASED,COST_BASED,false,false
4,economic_learning_factor_low,1,2048,ELECTRIC_HEAT_PUMP,SOCIAL_HOUSING,0,0,0,4619,0.0,0.0,0.0,0.0,0.0,MEDIUM,LOW,MEDIUM,5,COST_BASED,COST_BASED,false,false
4,economic_learning_factor_low,1,2049,ELECTRIC_HEAT_PUMP,SOCIAL_HOUSING,0,0,0,4619,0.0,0.0,0.0,0.0,0.0,MEDIUM,LOW,MEDIUM,5,COST_BASED,COST_BASED,false,false
4,economic_learning_factor_low,1,2050,ELECTRIC_HEAT_PUMP,SOCIAL_HOUSING,0,0,0,4619,0.0,0.0,0.0,0.0,0.0,MEDIUM,LOW,MEDIUM,5,COST_BASED,COST_BASED,false,false
4,economic_learning_factor_low,1,2024,ELECTRIC_HEAT_PUMP,PRIVATELY_RENTED,66002,66002,0,66002,0.0,0.0,0.0,0.0,0.0,MEDIUM,LOW,MEDIUM,5,COST_BASED,COST_BASED,false,false
4,economic_learning_factor_low,1,2025,ELECTRIC_HEAT_PUMP,PRIVATELY_RENTED,202990,143365,6377,209367,0.0,0.0,0.0,0.0,0.0,MEDIUM,LOW,MEDIUM,5,COST_BASED,COST_BASED,false,false
4,economic_learning_factor_low,1,2026,ELECTRIC_HEAT_PUMP,PRIVATELY_RENTED,282294,83592,4288,292959,0.0,0.0,0.0,0.0,0.0,MEDIUM,LOW,MEDIUM,5,COST_BASED,COST_BASED,false,false
4,economic_learning_factor_low,1,2027,ELECTRIC_HEAT_PUMP,PRIVATELY_RENTED,358193,80278,4379,373237,0.0,0.0,0.0,0.0,0.0,MEDIUM,LOW,MEDIUM,5,COST_BASED,COST_BASED,false,false
4,economic_learning_factor_low,1,2028,ELECTRIC_HEAT_PUMP,PRIVATELY_RENTED,434702,81018,4509,454255,0.0,0.0,0.0,0.0,0.0,MEDIUM,LOW,MEDIUM,5,COST_BASED,COST_BASED,false,false
4,economic_learning_factor_low,1,2029,ELECTRIC_HEAT_PUMP,PRIVATELY_RENTED,508210,77591,4083,531846,0.0,0.0,0.0,0.0,0.0,MEDIUM,LOW,MEDIUM,5,COST_BASED,COST_BASED,false,false
4,economic_learning_factor_low,1,2030,ELECTRIC_HEAT_PUMP,PRIVATELY_RENTED,581854,77591,3947,609437,0.0,0.0,0.0,0.0,0.0,MEDIUM,LOW,MEDIUM,5,COST_BASED,COST_BASED,false,false
4,economic_learning_factor_low,1,2031,ELECTRIC_HEAT_PUMP,PRIVATELY_RENTED,653889,76292,4257,685729,0.0,0.0,0.0,0.0,0.0,MEDIUM,LOW,MEDIUM,5,COST_BASED,COST_BASED,false,false
4,economic_learning_factor_low,1,2032,ELECTRIC_HEAT_PUMP,PRIVATELY_RENTED,725930,76382,4341,762111,0.0,0.0,0.0,0.0,0.0,MEDIUM,LOW,MEDIUM,5,COST_BASED,COST_BASED,false,false
4,economic_learning_factor_low,1,2033,ELECTRIC_HEAT_PUMP,PRIVATELY_RENTED,795356,73996,4570,836107,0.0,0.0,0.0,0.0,0.0,MEDIUM,LOW,MEDIUM,5,COST_BASED,COST_BASED,false,false
4,economic_learning_factor_low,1,2034,ELECTRIC_HEAT_PUMP,PRIVATELY_RENTED,860139,69728,4945,905835,0.0,0.0,0.0,0.0,0.0,MEDIUM,LOW,MEDIUM,5,COST_BASED,COST_BASED,false,false
4,economic_learning_factor_low,1,2035,ELECTRIC_HEAT_PUMP,PRIVATELY_RENTED,923346,68365,5158,974200,0.0,0.0,0.0,0.0,0.0,MEDIUM,LOW,MEDIUM,5,COST_BASED,COST_BASED,false,false
4,economic_learning_factor_low,1,2036,ELECTRIC_HEAT_PUMP,PRIVATELY_RENTED,962524,44480,5302,1018680,0.0,0.0,0.0,0.0,0.0,MEDIUM,LOW,MEDIUM,5,COST_BASED,COST_BASED,false,false
4,economic_learning_factor_low,1,2037,ELECTRIC_HEAT_PUMP,PRIVATELY_RENTED,963392,4943,4075,1023623,0.0,0.0,0.0,0.0,0.0,MEDIUM,LOW,MEDIUM,5,COST_BASED,COST_BASED,false,false
4,economic_learning_factor_low,1,2038,ELECTRIC_HEAT_PUMP,PRIVATELY_RENTED,964876,5183,3699,1028806,0.0,0.0,0.0,0.0,0.0,MEDIUM,LOW,MEDIUM,5,COST_BASED,COST_BASED,false,false
4,economic_learning_factor_low,1,2039,ELECTRIC_HEAT_PUMP,PRIVATELY_RENTED,967018,4214,2072,1033020,0.0,0.0,0.0,0.0,0.0,MEDIUM,LOW,MEDIUM,5,COST_BASED,COST_BASED,false,false
4,economic_learning_factor_low,1,2040,ELECTRIC_HEAT_PUMP,PRIVATELY_RENTED,969979,146326,143365,1179346,0.0,0.0,0.0,0.0,0.0,MEDIUM,LOW,MEDIUM,5,COST_BASED,COST_BASED,false,false
4,economic_learning_factor_low,1,2041,ELECTRIC_HEAT_PUMP,PRIVATELY_RENTED,973419,87032,83592,1266378,0.0,0.0,0.0,0.0,0.0,MEDIUM,LOW,MEDIUM,5,COST_BASED,COST_BASED,false,false
4,economic_learning_factor_low,1,2042,ELECTRIC_HEAT_PUMP,PRIVATELY_RENTED,975903,82762,80278,1349140,0.0,0.0,0.0,0.0,0.0,MEDIUM,LOW,MEDIUM,5,COST_BASED,COST_BASED,false,false
4,economic_learning_factor_low,1,2043,ELECTRIC_HEAT_PUMP,PRIVATELY_RENTED,978476,83591,81018,1432731,0.0,0.0,0.0,0.0,0.0,MEDIUM,LOW,MEDIUM,5,COST_BASED,COST_BASED,false,false
4,economic_learning_factor_low,1,2044,ELECTRIC_HEAT_PUMP,PRIVATELY_RENTED,980420,79535,77591,1512266,0.0,0.0,0.0,0.0,0.0,MEDIUM,LOW,MEDIUM,5,COST_BASED,COST_BASED,false,false
4,economic_learning_factor_low,1,2045,ELECTRIC_HEAT_PUMP,PRIVATELY_RENTED,982469,79640,77591,1591906,0.0,0.0,0.0,0.0,0.0,MEDIUM,LOW,MEDIUM,5,COST_BASED,COST_BASED,false,false
4,economic_learning_factor_low,1,2046,ELECTRIC_HEAT_PUMP,PRIVATELY_RENTED,984668,78491,76292,1670397,0.0,0.0,0.0,0.0,0.0,MEDIUM,LOW,MEDIUM,5,COST_BASED,COST_BASED,false,false
4,economic_learning_factor_low,1,2047,ELECTRIC_HEAT_PUMP,PRIVATELY_RENTED,987497,79211,76382,1749608,0.0,0.0,0.0,0.0,0.0,MEDIUM,LOW,MEDIUM,5,COST_BASED,COST_BASED,false,false
4,economic_learning_factor_low,1,2048,ELECTRIC_HEAT_PUMP,PRIVATELY_RENTED,990251,76750,73996,1826358,0.0,0.0,0.0,0.0,0.0,MEDIUM,LOW,MEDIUM,5,COST_BASED,COST_BASED,false,false
4,economic_learning_factor_low,1,2049,ELECTRIC_HEAT_PUMP,PRIVATELY_RENTED,992866,72343,69728,1898701,0.0,0.0,0.0,0.0,0.0,MEDIUM,LOW,MEDIUM,5,COST_BASED,COST_BASED,false,false
4,economic_learning_factor_low,1,2050,ELECTRIC_HEAT_PUMP,PRIVATELY_RENTED,995993,71492,68365,1970193,0.0,0.0,0.0,0.0,0.0,MEDIUM,LOW,MEDIUM,5,COST_BASED,COST_BASED,false,false
4,economic_learning_factor_low,1,2024,0.0024244152880775814,0.0024244152880775814,HYBRID_HEAT_PUMP,TOTAL,156254,156254,0,156254,0.0,0.0,0.0,0.0,0.0,MEDIUM,LOW,MEDIUM,5,COST_BASED,COST_BASED,false,false
4,economic_learning_factor_low,1,2025,0.005205362236166571,0.005205362236166571,HYBRID_HEAT_PUMP,TOTAL,2100970,1962293,17577,2118547,0.14315625142350596,0.13299287357425632,0.010311383848129263,365.89086541033447,0.1296050809578434,MEDIUM,LOW,MEDIUM,5,COST_BASED,COST_BASED,false,false
4,economic_learning_factor_low,1,2026,0.008414147176269253,0.008414147176269253,HYBRID_HEAT_PUMP,TOTAL,2302361,1806567,1605176,3925114,0.08835112374378631,0.08176567007722017,0.012048127220295201,221.97095765062608,0.079570518855037,MEDIUM,LOW,MEDIUM,5,COST_BASED,COST_BASED,false,false
4,economic_learning_factor_low,1,2027,0.012050770108385624,0.012050770108385624,HYBRID_HEAT_PUMP,TOTAL,2498739,1804241,1607863,5729355,0.08715341142585876,0.08083819569389834,0.015904925502014878,215.8951195250762,0.0787331237832413,MEDIUM,LOW,MEDIUM,5,COST_BASED,COST_BASED,false,false
4,economic_learning_factor_low,1,2028,0.016329150028522532,0.016329150028522532,HYBRID_HEAT_PUMP,TOTAL,2706465,1816148,1608422,7545503,0.09148961542751481,0.08513400509408924,0.02099442384592607,224.71719950248792,0.08301546831627943,MEDIUM,LOW,MEDIUM,5,COST_BASED,COST_BASED,false,false
4,economic_learning_factor_low,1,2029,0.021177980604677696,0.021177980604677696,HYBRID_HEAT_PUMP,TOTAL,2920351,1822867,1608981,9368370,0.09390438064103575,0.08789329895568528,0.026203707566279013,229.48865909105712,0.08588960506056886,MEDIUM,LOW,MEDIUM,5,COST_BASED,COST_BASED,false,false
4,economic_learning_factor_low,1,2030,0.026383342840844266,0.026383342840844266,HYBRID_HEAT_PUMP,TOTAL,3141571,1830047,1608827,11198417,0.09649861289098947,0.09035264330573299,0.03181444010695101,233.72824586064624,0.08830398677732053,MEDIUM,LOW,MEDIUM,5,COST_BASED,COST_BASED,false,false
4,economic_learning_factor_low,1,2031,0.03208784940102681,0.03208784940102681,HYBRID_HEAT_PUMP,TOTAL,3347435,1815120,1609256,13013537,0.09100285865686175,0.08504410116461406,0.034519120220010406,217.80692443687695,0.08305784866719972,MEDIUM,LOW,MEDIUM,5,COST_BASED,COST_BASED,false,false
4,economic_learning_factor_low,1,2032,0.0380062749572162,0.0380062749572162,HYBRID_HEAT_PUMP,TOTAL,3561289,1823041,1609187,14836578,0.09397901273413874,0.08822845995140813,0.040323189909534436,223.9546711025989,0.08631160902382294,MEDIUM,LOW,MEDIUM,5,COST_BASED,COST_BASED,false,false
4,economic_learning_factor_low,1,2033,0.04442384483742156,0.04442384483742156,HYBRID_HEAT_PUMP,TOTAL,3771405,1819563,1609447,16656141,0.09267088896883131,0.08679754617868012,0.04431649838514307,218.67144084812404,0.08483976524863253,MEDIUM,LOW,MEDIUM,5,COST_BASED,COST_BASED,false,false
4,economic_learning_factor_low,1,2034,0.05141186537364518,0.05141186537364518,HYBRID_HEAT_PUMP,TOTAL,4003077,1841242,1609570,18497383,0.10056917993855921,0.09497619390027999,0.053103104614585055,230.91024965532534,0.09311186522085511,MEDIUM,LOW,MEDIUM,5,COST_BASED,COST_BASED,false,false
4,economic_learning_factor_low,1,2035,0.058613804905875644,0.058613804905875644,HYBRID_HEAT_PUMP,TOTAL,4227790,1834111,1609398,20331494,0.09798508692904111,0.09230481571144873,0.05713979070019897,223.47574296368774,0.09041139197225116,MEDIUM,LOW,MEDIUM,5,COST_BASED,COST_BASED,false,false
4,economic_learning_factor_low,1,2036,0.0658157444381061,0.0658157444381061,HYBRID_HEAT_PUMP,TOTAL,4373102,1754643,1609331,22086137,0.06770871874638898,0.06396310423711662,0.042277332385177537,151.314951897826,0.06271456606736116,MEDIUM,LOW,MEDIUM,5,COST_BASED,COST_BASED,false,false
4,economic_learning_factor_low,1,2037,0.07301768397033656,0.07301768397033656,HYBRID_HEAT_PUMP,TOTAL,4388104,1624865,1609863,23711002,0.012102049663861497,0.011839693600549046,0.007295844919309394,21.79012982943386,0.011752241579444994,MEDIUM,LOW,MEDIUM,5,COST_BASED,COST_BASED,false,false
4,economic_learning_factor_low,1,2038,0.08021962350256703,0.08021962350256703,HYBRID_HEAT_PUMP,TOTAL,4398271,1619963,1609796,25330965,0.009811726312432219,0.00955872403106229,0.005978322755362769,18.104566115087856,0.009474389937272211,MEDIUM,LOW,MEDIUM,5,COST_BASED,COST_BASED,false,false
4,economic_learning_factor_low,1,2039,0.08742156303479749,0.08742156303479749,HYBRID_HEAT_PUMP,TOTAL,4405409,1612404,1605266,26943369,0.00630716549038349,0.006031510774504458,0.003780997388957852,12.56979003986907,0.005939625869211452,MEDIUM,LOW,MEDIUM,5,COST_BASED,COST_BASED,false,false
4,economic_learning_factor_low,1,2040,0.09462350256702795,0.09462350256702795,HYBRID_HEAT_PUMP,TOTAL,4406036,1967219,1966592,28910588,0.1421374819599456,0.14294783618777335,0.09460610038002874,279.3413588955581,0.1432179542637081,MEDIUM,LOW,MEDIUM,5,COST_BASED,COST_BASED,false,false
4,economic_learning_factor_low,1,2041,0.10182544209925841,0.10182544209925841,HYBRID_HEAT_PUMP,TOTAL,4409185,1811042,1807893,30721630,0.08885859591614746,0.0895563259906401,0.05907746380849939,174.83176181594865,0.08978890268213963,MEDIUM,LOW,MEDIUM,5,COST_BASED,COST_BASED,false,false
4,economic_learning_factor_low,1,2042,0.10902738163148888,0.10902738163148888,HYBRID_HEAT_PUMP,TOTAL,4411055,1806729,1804859,32528359,0.08718702944107784,0.08714414666050158,0.05805837029753291,169.9596685269198,0.08712985240031541,MEDIUM,LOW,MEDIUM,5,COST_BASED,COST_BASED,false,false
4,economic_learning_factor_low,1,2043,0.11622932116371934,0.11622932116371934,HYBRID_HEAT_PUMP,TOTAL,4411900,1817320,1816475,34345679,0.09120393664649395,0.09098163994640678,0.060592647603321885,177.383464266578,0.09090754104637298,MEDIUM,LOW,MEDIUM,5,COST_BASED,COST_BASED,false,false
4,economic_learning_factor_low,1,2044,0.1234312606959498,0.1234312606959498,HYBRID_HEAT_PUMP,TOTAL,4411808,1822998,1823090,36168677,0.09325634890893982,0.09350288548682437,0.0620784782280642,181.39129522516333,0.09358506434612143,MEDIUM,LOW,MEDIUM,5,COST_BASED,COST_BASED,false,false
4,economic_learning_factor_low,1,2045,0.13063320022818026,0.13063320022818026,HYBRID_HEAT_PUMP,TOTAL,4411629,1830000,1830179,37998677,0.09583586873104505,0.09587758590025634,0.06371458298582591,185.6843268795279,0.09589149162332532,MEDIUM,LOW,MEDIUM,5,COST_BASED,COST_BASED,false,false
4,economic_learning_factor_low,1,2046,0.13783513976041073,0.13783513976041073,HYBRID_HEAT_PUMP,TOTAL,4412942,1816543,1815230,39815220,0.09084889078285442,0.09111475968078749,0.0604666219998915,174.58857241129735,0.0912033826467694,MEDIUM,LOW,MEDIUM,5,COST_BASED,COST_BASED,false,false
4,economic_learning_factor_low,1,2047,0.14503707929264117,0.14503707929264117,HYBRID_HEAT_PUMP,TOTAL,4414265,1824449,1823126,41639669,0.09387817724448416,0.09425532468472186,0.062352359058893816,180.0412863170598,0.094381040498133,MEDIUM,LOW,MEDIUM,5,COST_BASED,COST_BASED,false,false
4,economic_learning_factor_low,1,2048,0.15223901882487165,0.15223901882487165,HYBRID_HEAT_PUMP,TOTAL,4414407,1819766,1819624,43459435,0.09213142042379702,0.09218979262766461,0.06121346209012392,175.49276814371376,0.09220925002895247,MEDIUM,LOW,MEDIUM,5,COST_BASED,COST_BASED,false,false
4,economic_learning_factor_low,1,2049,0.15944095835710212,0.15944095835710212,HYBRID_HEAT_PUMP,TOTAL,4414180,1841056,1841283,45300491,0.0998090727760638,0.10041088149428795,0.06621465823830423,185.54409573515744,0.10061148440036764,MEDIUM,LOW,MEDIUM,5,COST_BASED,COST_BASED,false,false
4,economic_learning_factor_low,1,2050,0.0,0.0,HYBRID_HEAT_PUMP,TOTAL,4414904,1834854,1834130,47135345,0.09762871777637824,0.09816836106896244,0.06478599701364499,179.97074671456699,0.09834824216648948,MEDIUM,LOW,MEDIUM,5,COST_BASED,COST_BASED,false,false
4,economic_learning_factor_low,1,2024,HYBRID_HEAT_PUMP,PRIVATELY_OWNED,132020,132020,0,132020,0.0,0.0,0.0,0.0,0.0,MEDIUM,LOW,MEDIUM,5,COST_BASED,COST_BASED,false,false
4,economic_learning_factor_low,1,2025,HYBRID_HEAT_PUMP,PRIVATELY_OWNED,485474,366974,13520,498994,0.7654888631744642,0.7111429825127888,0.05513730222167543,1956.5012343071755,0.6930276889589164,MEDIUM,LOW,MEDIUM,5,COST_BASED,COST_BASED,false,false
4,economic_learning_factor_low,1,2026,HYBRID_HEAT_PUMP,PRIVATELY_OWNED,685366,208449,8557,707443,0.7657135537634664,0.7086393376528235,0.10441762276617801,1923.7578834631906,0.689614598949324,MEDIUM,LOW,MEDIUM,5,COST_BASED,COST_BASED,false,false
4,economic_learning_factor_low,1,2027,HYBRID_HEAT_PUMP,PRIVATELY_OWNED,882341,205401,8426,912844,0.7655549787216364,0.7100821662842676,0.1397087584416864,1896.42127519848,0.6915912288051133,MEDIUM,LOW,MEDIUM,5,COST_BASED,COST_BASED,false,false
4,economic_learning_factor_low,1,2028,HYBRID_HEAT_PUMP,PRIVATELY_OWNED,1091106,217036,8271,1129880,0.7655812034844458,0.7123977270297093,0.17568044416101908,1880.423950137509,0.6946699015447864,MEDIUM,LOW,MEDIUM,5,COST_BASED,COST_BASED,false,false
4,economic_learning_factor_low,1,2029,HYBRID_HEAT_PUMP,PRIVATELY_OWNED,1306147,223647,8606,1353527,0.7653811436146378,0.7163869588568286,0.21357708263567285,1870.4802815657622,0.7000555639375623,MEDIUM,LOW,MEDIUM,5,COST_BASED,COST_BASED,false,false
4,economic_learning_factor_low,1,2030,HYBRID_HEAT_PUMP,PRIVATELY_OWNED,1528522,230736,8361,1584263,0.7653638661731009,0.7166180562362473,0.2523313252999332,1853.7795365809327,0.7003694529240131,MEDIUM,LOW,MEDIUM,5,COST_BASED,COST_BASED,false,false
4,economic_learning_factor_low,1,2031,HYBRID_HEAT_PUMP,PRIVATELY_OWNED,1735610,215807,8719,1800070,0.7654112647191375,0.7152930577132078,0.29033509336465124,1831.94106161461,0.6985869887112446,MEDIUM,LOW,MEDIUM,5,COST_BASED,COST_BASED,false,false
4,economic_learning_factor_low,1,2032,HYBRID_HEAT_PUMP,PRIVATELY_OWNED,1950739,223707,8578,2023777,0.7658570959060603,0.7189944876927188,0.3286031659977898,1825.0593301128395,0.7033736182882038,MEDIUM,LOW,MEDIUM,5,COST_BASED,COST_BASED,false,false
4,economic_learning_factor_low,1,2033,HYBRID_HEAT_PUMP,PRIVATELY_OWNED,2162120,220229,8848,2244006,0.7656599300945544,0.7171335451621619,0.3661491481647108,1806.694227027027,0.7009580835180541,MEDIUM,LOW,MEDIUM,5,COST_BASED,COST_BASED,false,false
4,economic_learning_factor_low,1,2034,HYBRID_HEAT_PUMP,PRIVATELY_OWNED,2395036,241857,8941,2485863,0.7656267877648057,0.723047739818733,0.4042705670986071,1757.905083978841,0.7088547238367205,MEDIUM,LOW,MEDIUM,5,COST_BASED,COST_BASED,false,false
4,economic_learning_factor_low,1,2035,HYBRID_HEAT_PUMP,PRIVATELY_OWNED,2621010,234736,8762,2720599,0.7656070043474819,0.7212241746018546,0.4464620623207886,1746.1289210128496,0.706429898019978,MEDIUM,LOW,MEDIUM,5,COST_BASED,COST_BASED,false,false
4,economic_learning_factor_low,1,2036,HYBRID_HEAT_PUMP,PRIVATELY_OWNED,2767603,155316,8723,2875915,0.7649220259813555,0.7226068988895351,0.4776174079188562,1709.4421768707482,0.7085018565256173,MEDIUM,LOW,MEDIUM,5,COST_BASED,COST_BASED,false,false
4,economic_learning_factor_low,1,2037,HYBRID_HEAT_PUMP,PRIVATELY_OWNED,2783909,25648,9342,2901563,0.766695139077913,0.7500742257585826,0.4622100380073947,1380.4592679859265,0.744533921318812,MEDIUM,LOW,MEDIUM,5,COST_BASED,COST_BASED,false,false
4,economic_learning_factor_low,1,2038,HYBRID_HEAT_PUMP,PRIVATELY_OWNED,2795468,20744,9185,2922307,0.7662279980845852,0.7464702688744581,0.4668656799915994,1413.8414595784839,0.7398843591377411,MEDIUM,LOW,MEDIUM,5,COST_BASED,COST_BASED,false,false
4,economic_learning_factor_low,1,2039,HYBRID_HEAT_PUMP,PRIVATELY_OWNED,2803477,13190,5181,2935497,0.7710158351293631,0.73731858217241,0.4622058615576343,1536.5867884340444,0.7260861645200927,MEDIUM,LOW,MEDIUM,5,COST_BASED,COST_BASED,false,false
4,economic_learning_factor_low,1,2040,HYBRID_HEAT_PUMP,PRIVATELY_OWNED,2804100,367597,366974,3303094,0.7606578811137257,0.7649945439094314,0.5062906339918437,1494.9132574671744,0.7664400981746248,MEDIUM,LOW,MEDIUM,5,COST_BASED,COST_BASED,false,false
4,economic_learning_factor_low,1,2041,HYBRID_HEAT_PUMP,PRIVATELY_OWNED,2807245,211594,208449,3514688,0.7605444826657255,0.7665163838990748,0.5056465127114774,1496.392447719119,0.7685070176435416,MEDIUM,LOW,MEDIUM,5,COST_BASED,COST_BASED,false,false
4,economic_learning_factor_low,1,2042,HYBRID_HEAT_PUMP,PRIVATELY_OWNED,2809113,207269,205401,3721957,0.7599946664240631,0.7596208644408057,0.5060850455653829,1481.5098348425154,0.7594962637797715,MEDIUM,LOW,MEDIUM,5,COST_BASED,COST_BASED,false,false
4,economic_learning_factor_low,1,2043,HYBRID_HEAT_PUMP,PRIVATELY_OWNED,2809956,217879,217036,3939836,0.7607283774315395,0.7588742095723038,0.5054008433234453,1479.5483606999182,0.7582561536191856,MEDIUM,LOW,MEDIUM,5,COST_BASED,COST_BASED,false,false
4,economic_learning_factor_low,1,2044,HYBRID_HEAT_PUMP,PRIVATELY_OWNED,2809862,223553,223647,4163389,0.7604735232732259,0.762483944463773,0.5062286869458454,1479.1837658760219,0.7631540848606401,MEDIUM,LOW,MEDIUM,5,COST_BASED,COST_BASED,false,false
4,economic_learning_factor_low,1,2045,HYBRID_HEAT_PUMP,PRIVATELY_OWNED,2809682,230556,230736,4393945,0.7606813085663024,0.7610124316759013,0.5057239319907589,1473.8385389646596,0.761122806045756,MEDIUM,LOW,MEDIUM,5,COST_BASED,COST_BASED,false,false
4,economic_learning_factor_low,1,2046,HYBRID_HEAT_PUMP,PRIVATELY_OWNED,2810993,217118,215807,4611063,0.7600978113715063,0.7623222344292815,0.5059010258364065,1460.7155974803347,0.7630637087819085,MEDIUM,LOW,MEDIUM,5,COST_BASED,COST_BASED,false,false
4,economic_learning_factor_low,1,2047,HYBRID_HEAT_PUMP,PRIVATELY_OWNED,2812315,225029,223707,4836092,0.7611283283288904,0.7641860954175511,0.5055290612882773,1459.7058369360102,0.7652053511137599,MEDIUM,LOW,MEDIUM,5,COST_BASED,COST_BASED,false,false
4,economic_learning_factor_low,1,2048,HYBRID_HEAT_PUMP,PRIVATELY_OWNED,2812455,220369,220229,5056461,0.7608040442118964,0.7612860709576879,0.5054893249681055,1449.1864677600454,0.7614467465396073,MEDIUM,LOW,MEDIUM,5,COST_BASED,COST_BASED,false,false
4,economic_learning_factor_low,1,2049,HYBRID_HEAT_PUMP,PRIVATELY_OWNED,2812226,241628,241857,5298089,0.7604834385452386,0.765068848975896,0.5045147658283785,1413.731317222284,0.7665973191194864,MEDIUM,LOW,MEDIUM,5,COST_BASED,COST_BASED,false,false
4,economic_learning_factor_low,1,2050,HYBRID_HEAT_PUMP,PRIVATELY_OWNED,2812946,235456,234736,5533545,0.7607979551460091,0.7650032701686516,0.5048622492715181,1402.4702895326943,0.7664050418428576,MEDIUM,LOW,MEDIUM,5,COST_BASED,COST_BASED,false,false
4,economic_learning_factor_low,1,2024,HYBRID_HEAT_PUMP,SOCIAL_HOUSING,1904,1904,0,1904,0.0,0.0,0.0,0.0,0.0,MEDIUM,LOW,MEDIUM,5,COST_BASED,COST_BASED,false,false
4,economic_learning_factor_low,1,2025,HYBRID_HEAT_PUMP,SOCIAL_HOUSING,1595175,1594912,1641,1596816,0.0,0.0,0.0,0.0,0.0,MEDIUM,LOW,MEDIUM,5,COST_BASED,COST_BASED,false,false
4,economic_learning_factor_low,1,2026,HYBRID_HEAT_PUMP,SOCIAL_HOUSING,1597988,1597885,1595072,3194701,0.0,0.0,0.0,0.0,0.0,MEDIUM,LOW,MEDIUM,5,COST_BASED,COST_BASED,false,false
4,economic_learning_factor_low,1,2027,HYBRID_HEAT_PUMP,SOCIAL_HOUSING,1598636,1598593,1597945,4793294,0.0,0.0,0.0,0.0,0.0,MEDIUM,LOW,MEDIUM,5,COST_BASED,COST_BASED,false,false
4,economic_learning_factor_low,1,2028,HYBRID_HEAT_PUMP,SOCIAL_HOUSING,1598904,1598884,1598616,6392178,0.0,0.0,0.0,0.0,0.0,MEDIUM,LOW,MEDIUM,5,COST_BASED,COST_BASED,false,false
4,economic_learning_factor_low,1,2029,HYBRID_HEAT_PUMP,SOCIAL_HOUSING,1599001,1598988,1598891,7991166,0.0,0.0,0.0,0.0,0.0,MEDIUM,LOW,MEDIUM,5,COST_BASED,COST_BASED,false,false
4,economic_learning_factor_low,1,2030,HYBRID_HEAT_PUMP,SOCIAL_HOUSING,1599092,1599079,1598988,9590245,0.0,0.0,0.0,0.0,0.0,MEDIUM,LOW,MEDIUM,5,COST_BASED,COST_BASED,false,false
4,economic_learning_factor_low,1,2031,HYBRID_HEAT_PUMP,SOCIAL_HOUSING,1599110,1599101,1599083,11189346,0.0,0.0,0.0,0.0,0.0,MEDIUM,LOW,MEDIUM,5,COST_BASED,COST_BASED,false,false
4,economic_learning_factor_low,1,2032,HYBRID_HEAT_PUMP,SOCIAL_HOUSING,1599130,1599126,1599106,12788472,0.0,0.0,0.0,0.0,0.0,MEDIUM,LOW,MEDIUM,5,COST_BASED,COST_BASED,false,false
4,economic_learning_factor_low,1,2033,HYBRID_HEAT_PUMP,SOCIAL_HOUSING,1599154,1599150,1599126,14387622,0.0,0.0,0.0,0.0,0.0,MEDIUM,LOW,MEDIUM,5,COST_BASED,COST_BASED,false,false
4,economic_learning_factor_low,1,2034,HYBRID_HEAT_PUMP,SOCIAL_HOUSING,1599173,1599170,1599151,15986792,0.0,0.0,0.0,0.0,0.0,MEDIUM,LOW,MEDIUM,5,COST_BASED,COST_BASED,false,false
4,economic_learning_factor_low,1,2035,HYBRID_HEAT_PUMP,SOCIAL_HOUSING,1599195,1599192,1599170,17585984,0.0,0.0,0.0,0.0,0.0,MEDIUM,LOW,MEDIUM,5,COST_BASED,COST_BASED,false,false
4,economic_learning_factor_low,1,2036,HYBRID_HEAT_PUMP,SOCIAL_HOUSING,1599209,1599208,1599194,19185192,0.0,0.0,0.0,0.0,0.0,MEDIUM,LOW,MEDIUM,5,COST_BASED,COST_BASED,false,false
4,economic_learning_factor_low,1,2037,HYBRID_HEAT_PUMP,SOCIAL_HOUSING,1599210,1599209,1599208,20784401,0.0,0.0,0.0,0.0,0.0,MEDIUM,LOW,MEDIUM,5,COST_BASED,COST_BASED,false,false
4,economic_learning_factor_low,1,2038,HYBRID_HEAT_PUMP,SOCIAL_HOUSING,1599210,1599209,1599209,22383610,0.0,0.0,0.0,0.0,0.0,MEDIUM,LOW,MEDIUM,5,COST_BASED,COST_BASED,false,false
4,economic_learning_factor_low,1,2039,HYBRID_HEAT_PUMP,SOCIAL_HOUSING,1599211,1599211,1599210,23982821,0.0,0.0,0.0,0.0,0.0,MEDIUM,LOW,MEDIUM,5,COST_BASED,COST_BASED,false,false
4,economic_learning_factor_low,1,2040,HYBRID_HEAT_PUMP,SOCIAL_HOUSING,1599211,1599211,1599211,25582032,0.0,0.0,0.0,0.0,0.0,MEDIUM,LOW,MEDIUM,5,COST_BASED,COST_BASED,false,false
4,economic_learning_factor_low,1,2041,HYBRID_HEAT_PUMP,SOCIAL_HOUSING,1599211,1599211,1599211,27181243,0.0,0.0,0.0,0.0,0.0,MEDIUM,LOW,MEDIUM,5,COST_BASED,COST_BASED,false,false
4,economic_learning_factor_low,1,2042,HYBRID_HEAT_PUMP,SOCIAL_HOUSING,1599211,1599211,1599211,28780454,0.0,0.0,0.0,0.0,0.0,MEDIUM,LOW,MEDIUM,5,COST_BASED,COST_BASED,false,false
4,economic_learning_factor_low,1,2043,HYBRID_HEAT_PUMP,SOCIAL_HOUSING,1599211,1599211,1599211,30379665,0.0,0.0,0.0,0.0,0.0,MEDIUM,LOW,MEDIUM,5,COST_BASED,COST_BASED,false,false
4,economic_learning_factor_low,1,2044,HYBRID_HEAT_PUMP,SOCIAL_HOUSING,1599211,1599211,1599211,31978876,0.0,0.0,0.0,0.0,0.0,MEDIUM,LOW,MEDIUM,5,COST_BASED,COST_BASED,false,false
4,economic_learning_factor_low,1,2045,HYBRID_HEAT_PUMP,SOCIAL_HOUSING,1599211,1599211,1599211,33578087,0.0,0.0,0.0,0.0,0.0,MEDIUM,LOW,MEDIUM,5,COST_BASED,COST_BASED,false,false
4,economic_learning_factor_low,1,2046,HYBRID_HEAT_PUMP,SOCIAL_HOUSING,1599211,1599211,1599211,35177298,0.0,0.0,0.0,0.0,0.0,MEDIUM,LOW,MEDIUM,5,COST_BASED,COST_BASED,false,false
4,economic_learning_factor_low,1,2047,HYBRID_HEAT_PUMP,SOCIAL_HOUSING,1599211,1599211,1599211,36776509,0.0,0.0,0.0,0.0,0.0,MEDIUM,LOW,MEDIUM,5,COST_BASED,COST_BASED,false,false
4,economic_learning_factor_low,1,2048,HYBRID_HEAT_PUMP,SOCIAL_HOUSING,1599211,1599211,1599211,38375720,0.0,0.0,0.0,0.0,0.0,MEDIUM,LOW,MEDIUM,5,COST_BASED,COST_BASED,false,false
4,economic_learning_factor_low,1,2049,HYBRID_HEAT_PUMP,SOCIAL_HOUSING,1599211,1599211,1599211,39974931,0.0,0.0,0.0,0.0,0.0,MEDIUM,LOW,MEDIUM,5,COST_BASED,COST_BASED,false,false
4,economic_learning_factor_low,1,2050,HYBRID_HEAT_PUMP,SOCIAL_HOUSING,1599211,1599211,1599211,41574142,0.0,0.0,0.0,0.0,0.0,MEDIUM,LOW,MEDIUM,5,COST_BASED,COST_BASED,false,false
4,economic_learning_factor_low,1,2024,HYBRID_HEAT_PUMP,PRIVATELY_RENTED,22330,22330,0,22330,0.0,0.0,0.0,0.0,0.0,MEDIUM,LOW,MEDIUM,5,COST_BASED,COST_BASED,false,false
4,economic_learning_factor_low,1,2025,HYBRID_HEAT_PUMP,PRIVATELY_RENTED,20321,407,2416,22737,0.0,0.0,0.0,0.0,0.0,MEDIUM,LOW,MEDIUM,5,COST_BASED,COST_BASED,false,false
4,economic_learning_factor_low,1,2026,HYBRID_HEAT_PUMP,PRIVATELY_RENTED,19007,233,1547,22970,0.0,0.0,0.0,0.0,0.0,MEDIUM,LOW,MEDIUM,5,COST_BASED,COST_BASED,false,false
4,economic_learning_factor_low,1,2027,HYBRID_HEAT_PUMP,PRIVATELY_RENTED,17762,247,1492,23217,0.0,0.0,0.0,0.0,0.0,MEDIUM,LOW,MEDIUM,5,COST_BASED,COST_BASED,false,false
4,economic_learning_factor_low,1,2028,HYBRID_HEAT_PUMP,PRIVATELY_RENTED,16455,228,1535,23445,0.0,0.0,0.0,0.0,0.0,MEDIUM,LOW,MEDIUM,5,COST_BASED,COST_BASED,false,false
4,economic_learning_factor_low,1,2029,HYBRID_HEAT_PUMP,PRIVATELY_RENTED,15203,232,1484,23677,0.0,0.0,0.0,0.0,0.0,MEDIUM,LOW,MEDIUM,5,COST_BASED,COST_BASED,false,false
4,economic_learning_factor_low,1,2030,HYBRID_HEAT_PUMP,PRIVATELY_RENTED,13957,232,1478,23909,0.0,0.0,0.0,0.0,0.0,MEDIUM,LOW,MEDIUM,5,COST_BASED,COST_BASED,false,false
4,economic_learning_factor_low,1,2031,HYBRID_HEAT_PUMP,PRIVATELY_RENTED,12715,212,1454,24121,0.0,0.0,0.0,0.0,0.0,MEDIUM,LOW,MEDIUM,5,COST_BASED,COST_BASED,false,false
4,economic_learning_factor_low,1,2032,HYBRID_HEAT_PUMP,PRIVATELY_RENTED,11420,208,1503,24329,0.0,0.0,0.0,0.0,0.0,MEDIUM,LOW,MEDIUM,5,COST_BASED,COST_BASED,false,false
4,economic_learning_factor_low,1,2033,HYBRID_HEAT_PUMP,PRIVATELY_RENTED,10131,184,1473,24513,0.0,0.0,0.0,0.0,0.0,MEDIUM,LOW,MEDIUM,5,COST_BASED,COST_BASED,false,false
4,economic_learning_factor_low,1,2034,HYBRID_HEAT_PUMP,PRIVATELY_RENTED,8868,215,1478,24728,0.0,0.0,0.0,0.0,0.0,MEDIUM,LOW,MEDIUM,5,COST_BASED,COST_BASED,false,false
4,economic_learning_factor_low,1,2035,HYBRID_HEAT_PUMP,PRIVATELY_RENTED,7585,183,1466,24911,0.0,0.0,0.0,0.0,0.0,MEDIUM,LOW,MEDIUM,5,COST_BASED,COST_BASED,false,false
4,economic_learning_factor_low,1,2036,HYBRID_HEAT_PUMP,PRIVATELY_RENTED,6290,119,1414,25030,0.0,0.0,0.0,0.0,0.0,MEDIUM,LOW,MEDIUM,5,COST_BASED,COST_BASED,false,false
4,economic_learning_factor_low,1,2037,HYBRID_HEAT_PUMP,PRIVATELY_RENTED,4985,8,1313,25038,0.0,0.0,0.0,0.0,0.0,MEDIUM,LOW,MEDIUM,5,COST_BASED,COST_BASED,false,false
4,economic_learning_factor_low,1,2038,HYBRID_HEAT_PUMP,PRIVATELY_RENTED,3593,10,1402,25048,0.0,0.0,0.0,0.0,0.0,MEDIUM,LOW,MEDIUM,5,COST_BASED,COST_BASED,false,false
4,economic_learning_factor_low,1,2039,HYBRID_HEAT_PUMP,PRIVATELY_RENTED,2721,3,875,25051,0.0,0.0,0.0,0.0,0.0,MEDIUM,LOW,MEDIUM,5,COST_BASED,COST_BASED,false,false
4,economic_learning_factor_low,1,2040,HYBRID_HEAT_PUMP,PRIVATELY_RENTED,2725,411,407,25462,0.0,0.0,0.0,0.0,0.0,MEDIUM,LOW,MEDIUM,5,COST_BASED,COST_BASED,false,false
4,economic_learning_factor_low,1,2041,HYBRID_HEAT_PUMP,PRIVATELY_RENTED,2729,237,233,25699,0.0,0.0,0.0,0.0,0.0,MEDIUM,LOW,MEDIUM,5,COST_BASED,COST_BASED,false,false
4,economic_learning_factor_low,1,2042,HYBRID_HEAT_PUMP,PRIVATELY_RENTED,2731,249,247,25948,0.0,0.0,0.0,0.0,0.0,MEDIUM,LOW,MEDIUM,5,COST_BASED,COST_BASED,false,false
4,economic_learning_factor_low,1,2043,HYBRID_HEAT_PUMP,PRIVATELY_RENTED,2733,230,228,26178,0.0,0.0,0.0,0.0,0.0,MEDIUM,LOW,MEDIUM,5,COST_BASED,COST_BASED,false,false
4,economic_learning_factor_low,1,2044,HYBRID_HEAT_PUMP,PRIVATELY_RENTED,2735,234,232,26412,0.0,0.0,0.0,0.0,0.0,MEDIUM,LOW,MEDIUM,5,COST_BASED,COST_BASED,false,false
4,economic_learning_factor_low,1,2045,HYBRID_HEAT_PUMP,PRIVATELY_RENTED,2736,233,232,26645,0.0,0.0,0.0,0.0,0.0,MEDIUM,LOW,MEDIUM,5,COST_BASED,COST_BASED,false,false
4,economic_learning_factor_low,1,2046,HYBRID_HEAT_PUMP,PRIVATELY_RENTED,2738,214,212,26859,0.0,0.0,0.0,0.0,0.0,MEDIUM,LOW,MEDIUM,5,COST_BASED,COST_BASED,false,false
4,economic_learning_factor_low,1,2047,HYBRID_HEAT_PUMP,PRIVATELY_RENTED,2739,209,208,27068,0.0,0.0,0.0,0.0,0.0,MEDIUM,LOW,MEDIUM,5,COST_BASED,COST_BASED,false,false
4,economic_learning_factor_low,1,2048,HYBRID_HEAT_PUMP,PRIVATELY_RENTED,2741,186,184,27254,0.0,0.0,0.0,0.0,0.0,MEDIUM,LOW,MEDIUM,5,COST_BASED,COST_BASED,false,false
4,economic_learning_factor_low,1,2049,HYBRID_HEAT_PUMP,PRIVATELY_RENTED,2743,217,215,27471,0.0,0.0,0.0,0.0,0.0,MEDIUM,LOW,MEDIUM,5,COST_BASED,COST_BASED,false,false
4,economic_learning_factor_low,1,2050,HYBRID_HEAT_PUMP,PRIVATELY_RENTED,2747,187,183,27658,0.0,0.0,0.0,0.0,0.0,MEDIUM,LOW,MEDIUM,5,COST_BASED,COST_BASED,false,false
5,economic_learning_factor_high,1,2024,0.0027809469480889904,0.0027809469480889904,NATURAL_GAS_BOILER,TOTAL,6875301,6875301,0,6875301,0.0,0.0,0.0,0.0,0.0,MEDIUM,HIGH,MEDIUM,5,COST_BASED,COST_BASED,false,false
5,economic_learning_factor_high,1,2025,0.006417569880205362,0.006417569880205362,NATURAL_GAS_BOILER,TOTAL,4818954,9060,2065407,6884361,0.28584018584614695,0.6200623330529443,0.7669759461531467,1770.817426121092,0.7314697154552434,MEDIUM,HIGH,MEDIUM,5,COST_BASED,COST_BASED,false,false
5,economic_learning_factor_high,1,2026,0.010482030804335424,0.010482030804335424,NATURAL_GAS_BOILER,TOTAL,4384507,6018,440465,6890379,0.28551361034544254,0.6282413266636137,0.6806517141016653,1768.6278105976135,0.7424838987696767,MEDIUM,HIGH,MEDIUM,5,COST_BASED,COST_BASED,false,false
5,economic_learning_factor_high,1,2027,0.014689104392470051,0.014689104392470051,NATURAL_GAS_BOILER,TOTAL,3949700,5488,440295,6895867,0.28504460117857683,0.6203494729317137,0.6150317019849818,1758.0800152147444,0.7321177635161388,MEDIUM,HIGH,MEDIUM,5,COST_BASED,COST_BASED,false,false
5,economic_learning_factor_high,1,2028,0.01946662863662293,0.01946662863662293,NATURAL_GAS_BOILER,TOTAL,3511065,7264,445899,6903131,0.2847774495514229,0.625772560899323,0.551470615099271,1753.2440073474227,0.7394375980152719,MEDIUM,HIGH,MEDIUM,5,COST_BASED,COST_BASED,false,false
5,economic_learning_factor_high,1,2029,0.02488590986879635,0.02488590986879635,NATURAL_GAS_BOILER,TOTAL,3073197,7376,445244,6910507,0.28493243215948266,0.6271892268904108,0.48664419737993686,1754.2937725632587,0.7412748251339839,MEDIUM,HIGH,MEDIUM,5,COST_BASED,COST_BASED,false,false
5,economic_learning_factor_high,1,2030,0.030590416428978893,0.030590416428978893,NATURAL_GAS_BOILER,TOTAL,2631005,6152,448344,6916659,0.28173863087061524,0.6148586027459242,0.41761175441675447,1729.6326535011224,0.7258985933710381,MEDIUM,HIGH,MEDIUM,5,COST_BASED,COST_BASED,false,false
5,economic_learning_factor_high,1,2031,0.03650884198516828,0.03650884198516828,NATURAL_GAS_BOILER,TOTAL,2185804,6580,451781,6923239,0.2813910657609004,0.6169074423336319,0.3529156836987951,1721.9325272096232,0.7287462345245256,MEDIUM,HIGH,MEDIUM,5,COST_BASED,COST_BASED,false,false
5,economic_learning_factor_high,1,2032,0.04256988020536224,0.04256988020536224,NATURAL_GAS_BOILER,TOTAL,1742589,6617,449832,6929856,0.2586574389915352,0.5635051126017646,0.2661695428620878,1581.789111989884,0.6651210038051689,MEDIUM,HIGH,MEDIUM,5,COST_BASED,COST_BASED,false,false
5,economic_learning_factor_high,1,2033,0.04920136908157444,0.04920136908157444,NATURAL_GAS_BOILER,TOTAL,1300242,7315,449662,6937171,0.21850107023070633,0.4770351850787763,0.1747863524358007,1332.0945465262332,0.5632132233614453,MEDIUM,HIGH,MEDIUM,5,COST_BASED,COST_BASED,false,false
5,economic_learning_factor_high,1,2034,0.05618938961779806,0.05618938961779806,NATURAL_GAS_BOILER,TOTAL,841458,8147,466931,6945318,0.21950320561840453,0.48094849343367846,0.1235124200483329,1302.830756376577,0.5680969227054352,MEDIUM,HIGH,MEDIUM,5,COST_BASED,COST_BASED,false,false
5,economic_learning_factor_high,1,2035,0.06339132915002853,0.06339132915002853,NATURAL_GAS_BOILER,TOTAL,382078,8120,467500,6953438,0.20079536700977277,0.43903079196550904,0.06481640997934579,1190.5625310345715,0.5184426002840927,MEDIUM,HIGH,MEDIUM,5,COST_BASED,COST_BASED,false,false
5,economic_learning_factor_high,1,2036,0.07059326868225899,0.07059326868225899,NATURAL_GAS_BOILER,TOTAL,83432,5132,303778,6958570,0.18242749709477082,0.3966126562776895,0.022643694335193053,1107.9713084902628,0.4680077093386589,MEDIUM,HIGH,MEDIUM,5,COST_BASED,COST_BASED,false,false
5,economic_learning_factor_high,1,2037,0.07779520821448944,0.07779520821448944,NATURAL_GAS_BOILER,TOTAL,82098,7889,9223,6966459,0.32914473260495114,0.5833194389673642,0.011625580099709123,1426.502420805505,0.6680443410881595,MEDIUM,HIGH,MEDIUM,5,COST_BASED,COST_BASED,false,false
5,economic_learning_factor_high,1,2038,0.0849971477467199,0.0849971477467199,NATURAL_GAS_BOILER,TOTAL,80892,4812,6018,6971271,0.30774480839291146,0.5634776242907552,0.01118069388852544,1449.4782852136793,0.6487218962567077,MEDIUM,HIGH,MEDIUM,5,COST_BASED,COST_BASED,false,false
5,economic_learning_factor_high,1,2039,0.09219908727895038,0.09219908727895038,NATURAL_GAS_BOILER,TOTAL,79481,4077,5488,6975348,0.3329339771942364,0.5649007364029274,0.01075613746276172,1516.2960360984405,0.6422229894724872,MEDIUM,HIGH,MEDIUM,5,COST_BASED,COST_BASED,false,false
5,economic_learning_factor_high,1,2040,0.09940102681118083,0.09940102681118083,NATURAL_GAS_BOILER,TOTAL,77450,5233,7264,6980581,0.2694687831213288,0.5749247498735736,0.01178019472764793,1727.960285705281,0.676743405457647,MEDIUM,HIGH,MEDIUM,5,COST_BASED,COST_BASED,false,false
5,economic_learning_factor_high,1,2041,0.10660296634341129,0.10660296634341129,NATURAL_GAS_BOILER,TOTAL,75435,5361,7376,6985942,0.2602935013073221,0.5570891495847586,0.010831355206942323,1651.0451321683006,0.6560210323438783,MEDIUM,HIGH,MEDIUM,5,COST_BASED,COST_BASED,false,false
5,economic_learning_factor_high,1,2042,0.11380490587564175,0.11380490587564175,NATURAL_GAS_BOILER,TOTAL,74584,5301,6152,6991243,0.26620286050651315,0.5639040719740096,0.010834585586970542,1687.0573494657622,0.6631378091298236,MEDIUM,HIGH,MEDIUM,5,COST_BASED,COST_BASED,false,false
5,economic_learning_factor_high,1,2043,0.12100684540787222,0.12100684540787222,NATURAL_GAS_BOILER,TOTAL,73746,5742,6580,6996985,0.26288147062935685,0.5656855568964239,0.010672366753673446,1669.3700590022302,0.6666202523187992,MEDIUM,HIGH,MEDIUM,5,COST_BASED,COST_BASED,false,false
5,economic_learning_factor_high,1,2044,0.12820878494010268,0.12820878494010268,NATURAL_GAS_BOILER,TOTAL,72975,5846,6617,7002831,0.2444940245067527,0.5285834426534614,0.009714100996826649,1555.2095920269726,0.6232799153690042,MEDIUM,HIGH,MEDIUM,5,COST_BASED,COST_BASED,false,false
5,economic_learning_factor_high,1,2045,0.13541072447233315,0.13541072447233315,NATURAL_GAS_BOILER,TOTAL,72253,6593,7315,7009424,0.19779755105901214,0.4219589367496651,0.007725075691608985,1252.6590135020317,0.49667939864656896,MEDIUM,HIGH,MEDIUM,5,COST_BASED,COST_BASED,false,false
5,economic_learning_factor_high,1,2046,0.1426126640045636,0.1426126640045636,NATURAL_GAS_BOILER,TOTAL,71080,6974,8147,7016398,0.19302935813937624,0.4088376849071502,0.007353809493906541,1217.5273133014086,0.48077379382972957,MEDIUM,HIGH,MEDIUM,5,COST_BASED,COST_BASED,false,false
5,economic_learning_factor_high,1,2047,0.14981460353679407,0.14981460353679407,NATURAL_GAS_BOILER,TOTAL,70626,7666,8120,7024064,0.18071841204662517,0.38427031974637993,0.006793915345763703,1135.172235587587,0.4521209556463155,MEDIUM,HIGH,MEDIUM,5,COST_BASED,COST_BASED,false,false
5,economic_learning_factor_high,1,2048,0.15701654306902452,0.15701654306902452,NATURAL_GAS_BOILER,TOTAL,70366,4872,5132,7028936,0.1566649150351826,0.3361996234221909,0.005876296522988102,991.1811354036354,0.39604452621786523,MEDIUM,HIGH,MEDIUM,5,COST_BASED,COST_BASED,false,false
5,economic_learning_factor_high,1,2049,0.164218482601255,0.164218482601255,NATURAL_GAS_BOILER,TOTAL,69560,7083,7889,7036019,0.2470194294716961,0.5272144619640927,0.00897819153307369,1505.410342614469,0.6206128061282434,MEDIUM,HIGH,MEDIUM,5,COST_BASED,COST_BASED,false,false
5,economic_learning_factor_high,1,2050,0.0,0.0,NATURAL_GAS_BOILER,TOTAL,69242,4494,4812,7040513,0.22816750200057442,0.48884651288855896,0.008221612294718225,1397.6168019290117,0.5757395165178902,MEDIUM,HIGH,MEDIUM,5,COST_BASED,COST_BASED,false,false
5,economic_learning_factor_high,1,2024,NATURAL_GAS_BOILER,PRIVATELY_OWNED,4615756,4615756,0,4615756,0.0,0.0,0.0,0.0,0.0,MEDIUM,HIGH,MEDIUM,5,COST_BASED,COST_BASED,false,false
5,economic_learning_factor_high,1,2025,NATURAL_GAS_BOILER,PRIVATELY_OWNED,4013598,9060,611218,4624816,0.28584018584614695,0.6200623330529443,0.7669759461531467,1770.817426121092,0.7314697154552434,MEDIUM,HIGH,MEDIUM,5,COST_BASED,COST_BASED,false,false
5,economic_learning_factor_high,1,2026,NATURAL_GAS_BOILER,PRIVATELY_OWNED,3657758,6015,361855,4630831,0.28565601114860734,0.6285546639836455,0.6809911912658058,1769.509919231328,0.7428542149286641,MEDIUM,HIGH,MEDIUM,5,COST_BASED,COST_BASED,false,false
5,economic_learning_factor_high,1,2027,NATURAL_GAS_BOILER,PRIVATELY_OWNED,3298386,5476,364848,4636307,0.2856692423791143,0.6217088947131565,0.6163794705064976,1761.9326376001675,0.7337221121578834,MEDIUM,HIGH,MEDIUM,5,COST_BASED,COST_BASED,false,false
5,economic_learning_factor_high,1,2028,NATURAL_GAS_BOILER,PRIVATELY_OWNED,2936480,7251,369157,4643558,0.2852880145554456,0.6268944810884957,0.5524593225873816,1756.3873216620711,0.7407633032661611,MEDIUM,HIGH,MEDIUM,5,COST_BASED,COST_BASED,false,false
5,economic_learning_factor_high,1,2029,NATURAL_GAS_BOILER,PRIVATELY_OWNED,2573661,7344,370163,4650902,0.2861739678115937,0.6299220775522426,0.48876465139902153,1761.9377541430551,0.7445047807990557,MEDIUM,HIGH,MEDIUM,5,COST_BASED,COST_BASED,false,false
5,economic_learning_factor_high,1,2030,NATURAL_GAS_BOILER,PRIVATELY_OWNED,2207661,6063,372063,4656965,0.28587432906416377,0.6238842362020329,0.42374196159852767,1755.0222801152738,0.7365542052480004,MEDIUM,HIGH,MEDIUM,5,COST_BASED,COST_BASED,false,false
5,economic_learning_factor_high,1,2031,NATURAL_GAS_BOILER,PRIVATELY_OWNED,1839138,6477,375000,4663442,0.2858658657876678,0.6267177660267559,0.35852789852371036,1749.3154282907706,0.7403350661064348,MEDIUM,HIGH,MEDIUM,5,COST_BASED,COST_BASED,false,false
5,economic_learning_factor_high,1,2032,NATURAL_GAS_BOILER,PRIVATELY_OWNED,1471528,5988,373598,4669430,0.28582770103657124,0.6226976169148091,0.2941289019903866,1747.9456503067906,0.7349875888742154,MEDIUM,HIGH,MEDIUM,5,COST_BASED,COST_BASED,false,false
5,economic_learning_factor_high,1,2033,NATURAL_GAS_BOILER,PRIVATELY_OWNED,1102359,5598,374767,4675028,0.28551899405816666,0.6233498354503838,0.22839624295603467,1740.6701693175055,0.7359601159144288,MEDIUM,HIGH,MEDIUM,5,COST_BASED,COST_BASED,false,false
5,economic_learning_factor_high,1,2034,NATURAL_GAS_BOILER,PRIVATELY_OWNED,714061,6250,394548,4681278,0.28612681858770267,0.6269259801606686,0.1610009097814029,1698.2659475519959,0.7405257006849888,MEDIUM,HIGH,MEDIUM,5,COST_BASED,COST_BASED,false,false
5,economic_learning_factor_high,1,2035,NATURAL_GAS_BOILER,PRIVATELY_OWNED,324556,5705,395210,4686983,0.28579463279918577,0.6248781824294362,0.09225403138164553,1694.5429889571815,0.7379060323061932,MEDIUM,HIGH,MEDIUM,5,COST_BASED,COST_BASED,false,false
5,economic_learning_factor_high,1,2036,NATURAL_GAS_BOILER,PRIVATELY_OWNED,74664,3274,253166,4690257,0.28595538029638484,0.6216909444157307,0.03549402545149992,1736.746718134401,0.733602799122174,MEDIUM,HIGH,MEDIUM,5,COST_BASED,COST_BASED,false,false
5,economic_learning_factor_high,1,2037,NATURAL_GAS_BOILER,PRIVATELY_OWNED,72771,7330,9223,4697587,0.3542459475471295,0.6278045094152164,0.012512169359700582,1535.2902588996765,0.7189906967045689,MEDIUM,HIGH,MEDIUM,5,COST_BASED,COST_BASED,false,false
5,economic_learning_factor_high,1,2038,NATURAL_GAS_BOILER,PRIVATELY_OWNED,71159,4403,6015,4701990,0.33633159618139674,0.6158197429223515,0.012219282078488398,1584.1220777761127,0.7089824585026748,MEDIUM,HIGH,MEDIUM,5,COST_BASED,COST_BASED,false,false
5,economic_learning_factor_high,1,2039,NATURAL_GAS_BOILER,PRIVATELY_OWNED,69427,3744,5476,4705734,0.36254589343506993,0.6151443115156878,0.011712813150555432,1651.1589046937345,0.6993437842092229,MEDIUM,HIGH,MEDIUM,5,COST_BASED,COST_BASED,false,false
5,economic_learning_factor_high,1,2040,NATURAL_GAS_BOILER,PRIVATELY_OWNED,67222,5046,7251,4710780,0.279455042028124,0.5962309187650437,0.012216757631744277,1791.9968638715288,0.7018228776773417,MEDIUM,HIGH,MEDIUM,5,COST_BASED,COST_BASED,false,false
5,economic_learning_factor_high,1,2041,NATURAL_GAS_BOILER,PRIVATELY_OWNED,64828,4950,7344,4715730,0.2819057495976876,0.6033444304896749,0.011730685912003595,1788.1319098089414,0.7104906574536427,MEDIUM,HIGH,MEDIUM,5,COST_BASED,COST_BASED,false,false
5,economic_learning_factor_high,1,2042,NATURAL_GAS_BOILER,PRIVATELY_OWNED,63783,5018,6063,4720748,0.2812158954852583,0.5957065535141939,0.011445623395083867,1782.2022737182156,0.7005367728571532,MEDIUM,HIGH,MEDIUM,5,COST_BASED,COST_BASED,false,false
5,economic_learning_factor_high,1,2043,NATURAL_GAS_BOILER,PRIVATELY_OWNED,62713,5407,6477,4726155,0.27916874502566436,0.6007335801182293,0.011333591621896231,1772.7987569430006,0.7079218584824385,MEDIUM,HIGH,MEDIUM,5,COST_BASED,COST_BASED,false,false
5,economic_learning_factor_high,1,2044,NATURAL_GAS_BOILER,PRIVATELY_OWNED,61837,5112,5988,4731267,0.27959938718045313,0.6044794220954881,0.011108887798796672,1778.5123777366355,0.7127727670671358,MEDIUM,HIGH,MEDIUM,5,COST_BASED,COST_BASED,false,false
5,economic_learning_factor_high,1,2045,NATURAL_GAS_BOILER,PRIVATELY_OWNED,60894,4655,5598,4735922,0.28014591925500903,0.5976316369474849,0.010941229653013543,1774.17419463349,0.7034602095116711,MEDIUM,HIGH,MEDIUM,5,COST_BASED,COST_BASED,false,false
5,economic_learning_factor_high,1,2046,NATURAL_GAS_BOILER,PRIVATELY_OWNED,59448,4804,6250,4740726,0.28022205321898624,0.5935124926191644,0.010675576063801878,1767.4928149383898,0.6979426390858731,MEDIUM,HIGH,MEDIUM,5,COST_BASED,COST_BASED,false,false
5,economic_learning_factor_high,1,2047,NATURAL_GAS_BOILER,PRIVATELY_OWNED,58680,4937,5705,4745663,0.28061319561463005,0.596681440383988,0.010549352854086397,1762.6555312972337,0.7020375219738008,MEDIUM,HIGH,MEDIUM,5,COST_BASED,COST_BASED,false,false
5,economic_learning_factor_high,1,2048,NATURAL_GAS_BOILER,PRIVATELY_OWNED,58151,2745,3274,4748408,0.27805882187665193,0.5967084026640853,0.010429623555554839,1759.211108082518,0.7029249295932385,MEDIUM,HIGH,MEDIUM,5,COST_BASED,COST_BASED,false,false
5,economic_learning_factor_high,1,2049,NATURAL_GAS_BOILER,PRIVATELY_OWNED,57027,6206,7330,4754614,0.2819269447225304,0.6017176980489314,0.010246943382011108,1718.147189290732,0.7083146158244196,MEDIUM,HIGH,MEDIUM,5,COST_BASED,COST_BASED,false,false
5,economic_learning_factor_high,1,2050,NATURAL_GAS_BOILER,PRIVATELY_OWNED,56293,3669,4403,4758283,0.2794725412893381,0.5987670288692243,0.010070298624274653,1711.8805963120683,0.7051985247291902,MEDIUM,HIGH,MEDIUM,5,COST_BASED,COST_BASED,false,false
5,economic_learning_factor_high,1,2024,NATURAL_GAS_BOILER,SOCIAL_HOUSING,1329726,1329726,0,1329726,0.0,0.0,0.0,0.0,0.0,MEDIUM,HIGH,MEDIUM,5,COST_BASED,COST_BASED,false,false
5,economic_learning_factor_high,1,2025,NATURAL_GAS_BOILER,SOCIAL_HOUSING,3425,0,1326301,1329726,0.0,0.0,0.0,0.0,0.0,MEDIUM,HIGH,MEDIUM,5,COST_BASED,COST_BASED,false,false
5,economic_learning_factor_high,1,2026,NATURAL_GAS_BOILER,SOCIAL_HOUSING,997,0,2428,1329726,0.0,0.0,0.0,0.0,0.0,MEDIUM,HIGH,MEDIUM,5,COST_BASED,COST_BASED,false,false
5,economic_learning_factor_high,1,2027,NATURAL_GAS_BOILER,SOCIAL_HOUSING,446,0,551,1329726,0.0,0.0,0.0,0.0,0.0,MEDIUM,HIGH,MEDIUM,5,COST_BASED,COST_BASED,false,false
5,economic_learning_factor_high,1,2028,NATURAL_GAS_BOILER,SOCIAL_HOUSING,277,0,169,1329726,0.0,0.0,0.0,0.0,0.0,MEDIUM,HIGH,MEDIUM,5,COST_BASED,COST_BASED,false,false
5,economic_learning_factor_high,1,2029,NATURAL_GAS_BOILER,SOCIAL_HOUSING,194,0,83,1329726,0.0,0.0,0.0,0.0,0.0,MEDIUM,HIGH,MEDIUM,5,COST_BASED,COST_BASED,false,false
5,economic_learning_factor_high,1,2030,NATURAL_GAS_BOILER,SOCIAL_HOUSING,110,0,84,1329726,0.0,0.0,0.0,0.0,0.0,MEDIUM,HIGH,MEDIUM,5,COST_BASED,COST_BASED,false,false
5,economic_learning_factor_high,1,2031,NATURAL_GAS_BOILER,SOCIAL_HOUSING,94,0,16,1329726,0.0,0.0,0.0,0.0,0.0,MEDIUM,HIGH,MEDIUM,5,COST_BASED,COST_BASED,false,false
5,economic_learning_factor_high,1,2032,NATURAL_GAS_BOILER,SOCIAL_HOUSING,76,0,18,1329726,0.0,0.0,0.0,0.0,0.0,MEDIUM,HIGH,MEDIUM,5,COST_BASED,COST_BASED,false,false
5,economic_learning_factor_high,1,2033,NATURAL_GAS_BOILER,SOCIAL_HOUSING,58,0,18,1329726,0.0,0.0,0.0,0.0,0.0,MEDIUM,HIGH,MEDIUM,5,COST_BASED,COST_BASED,false,false
5,economic_learning_factor_high,1,2034,NATURAL_GAS_BOILER,SOCIAL_HOUSING,31,0,27,1329726,0.0,0.0,0.0,0.0,0.0,MEDIUM,HIGH,MEDIUM,5,COST_BASED,COST_BASED,false,false
5,economic_learning_factor_high,1,2035,NATURAL_GAS_BOILER,SOCIAL_HOUSING,16,0,15,1329726,0.0,0.0,0.0,0.0,0.0,MEDIUM,HIGH,MEDIUM,5,COST_BASED,COST_BASED,false,false
5,economic_learning_factor_high,1,2036,NATURAL_GAS_BOILER,SOCIAL_HOUSING,0,0,16,1329726,0.0,0.0,0.0,0.0,0.0,MEDIUM,HIGH,MEDIUM,5,COST_BASED,COST_BASED,false,false
5,economic_learning_factor_high,1,2037,NATURAL_GAS_BOILER,SOCIAL_HOUSING,0,0,0,1329726,0.0,0.0,0.0,0.0,0.0,MEDIUM,HIGH,MEDIUM,5,COST_BASED,COST_BASED,false,false
5,economic_learning_factor_high,1,2038,NATURAL_GAS_BOILER,SOCIAL_HOUSING,0,0,0,1329726,0.0,0.0,0.0,0.0,0.0,MEDIUM,HIGH,MEDIUM,5,COST_BASED,COST_BASED,false,false
5,economic_learning_factor_high,1,2039,NATURAL_GAS_BOILER,SOCIAL_HOUSING,0,0,0,1329726,0.0,0.0,0.0,0.0,0.0,MEDIUM,HIGH,MEDIUM,5,COST_BASED,COST_BASED,false,false
5,economic_learning_factor_high,1,2040,NATURAL_GAS_BOILER,SOCIAL_HOUSING,0,0,0,1329726,0.0,0.0,0.0,0.0,0.0,MEDIUM,HIGH,MEDIUM,5,COST_BASED,COST_BASED,false,false
5,economic_learning_factor_high,1,2041,NATURAL_GAS_BOILER,SOCIAL_HOUSING,0,0,0,1329726,0.0,0.0,0.0,0.0,0.0,MEDIUM,HIGH,MEDIUM,5,COST_BASED,COST_BASED,false,false
5,economic_learning_factor_high,1,2042,NATURAL_GAS_BOILER,SOCIAL_HOUSING,0,0,0,1329726,0.0,0.0,0.0,0.0,0.0,MEDIUM,HIGH,MEDIUM,5,COST_BASED,COST_BASED,false,false
5,economic_learning_factor_high,1,2043,NATURAL_GAS_BOILER,SOCIAL_HOUSING,0,0,0,1329726,0.0,0.0,0.0,0.0,0.0,MEDIUM,HIGH,MEDIUM,5,COST_BASED,COST_BASED,false,false
5,economic_learning_factor_high,1,2044,NATURAL_GAS_BOILER,SOCIAL_HOUSING,0,0,0,1329726,0.0,0.0,0.0,0.0,0.0,MEDIUM,HIGH,MEDIUM,5,COST_BASED,COST_BASED,false,false
5,economic_learning_factor_high,1,2045,NATURAL_GAS_BOILER,SOCIAL_HOUSING,0,0,0,1329726,0.0,0.0,0.0,0.0,0.0,MEDIUM,HIGH,MEDIUM,5,COST_BASED,COST_BASED,false,false
5,economic_learning_factor_high,1,2046,NATURAL_GAS_BOILER,SOCIAL_HOUSING,0,0,0,1329726,0.0,0.0,0.0,0.0,0.0,MEDIUM,HIGH,MEDIUM,5,COST_BASED,COST_BASED,false,false
5,economic_learning_factor_high,1,2047,NATURAL_GAS_BOILER,SOCIAL_HOUSING,0,0,0,1329726,0.0,0.0,0.0,0.0,0.0,MEDIUM,HIGH,MEDIUM,5,COST_BASED,COST_BASED,false,false
5,economic_learning_factor_high,1,2048,NATURAL_GAS_BOILER,SOCIAL_HOUSING,0,0,0,1329726,0.0,0.0,0.0,0.0,0.0,MEDIUM,HIGH,MEDIUM,5,COST_BASED,COST_BASED,false,false
5,economic_learning_factor_high,1,2049,NATURAL_GAS_BOILER,SOCIAL_HOUSING,0,0,0,1329726,0.0,0.0,0.0,0.0,0.0,MEDIUM,HIGH,MEDIUM,5,COST_BASED,COST_BASED,false,false
5,economic_learning_factor_high,1,2050,NATURAL_GAS_BOILER,SOCIAL_HOUSING,0,0,0,1329726,0.0,0.0,0.0,0.0,0.0,MEDIUM,HIGH,MEDIUM,5,COST_BASED,COST_BASED,false,false
5,economic_learning_factor_high,1,2024,NATURAL_GAS_BOILER,PRIVATELY_RENTED,929819,929819,0,929819,0.0,0.0,0.0,0.0,0.0,MEDIUM,HIGH,MEDIUM,5,COST_BASED,COST_BASED,false,false
5,economic_learning_factor_high,1,2025,NATURAL_GAS_BOILER,PRIVATELY_RENTED,801931,0,127888,929819,0.0,0.0,0.0,0.0,0.0,MEDIUM,HIGH,MEDIUM,5,COST_BASED,COST_BASED,false,false
5,economic_learning_factor_high,1,2026,NATURAL_GAS_BOILER,PRIVATELY_RENTED,725752,3,76182,929822,0.0,0.0,0.0,0.0,0.0,MEDIUM,HIGH,MEDIUM,5,COST_BASED,COST_BASED,false,false
5,economic_learning_factor_high,1,2027,NATURAL_GAS_BOILER,PRIVATELY_RENTED,650868,12,74896,929834,0.0,0.0,0.0,0.0,0.0,MEDIUM,HIGH,MEDIUM,5,COST_BASED,COST_BASED,false,false
5,economic_learning_factor_high,1,2028,NATURAL_GAS_BOILER,PRIVATELY_RENTED,574308,13,76573,929847,0.0,0.0,0.0,0.0,0.0,MEDIUM,HIGH,MEDIUM,5,COST_BASED,COST_BASED,false,false
5,economic_learning_factor_high,1,2029,NATURAL_GAS_BOILER,PRIVATELY_RENTED,499342,32,74998,929879,0.0,0.0,0.0,0.0,0.0,MEDIUM,HIGH,MEDIUM,5,COST_BASED,COST_BASED,false,false
5,economic_learning_factor_high,1,2030,NATURAL_GAS_BOILER,PRIVATELY_RENTED,423234,89,76197,929968,0.0,0.0,0.0,0.0,0.0,MEDIUM,HIGH,MEDIUM,5,COST_BASED,COST_BASED,false,false
5,economic_learning_factor_high,1,2031,NATURAL_GAS_BOILER,PRIVATELY_RENTED,346572,103,76765,930071,0.0,0.0,0.0,0.0,0.0,MEDIUM,HIGH,MEDIUM,5,COST_BASED,COST_BASED,false,false
5,economic_learning_factor_high,1,2032,NATURAL_GAS_BOILER,PRIVATELY_RENTED,270985,629,76216,930700,0.0,0.0,0.0,0.0,0.0,MEDIUM,HIGH,MEDIUM,5,COST_BASED,COST_BASED,false,false
5,economic_learning_factor_high,1,2033,NATURAL_GAS_BOILER,PRIVATELY_RENTED,197825,1717,74877,932417,0.0,0.0,0.0,0.0,0.0,MEDIUM,HIGH,MEDIUM,5,COST_BASED,COST_BASED,false,false
5,economic_learning_factor_high,1,2034,NATURAL_GAS_BOILER,PRIVATELY_RENTED,127366,1897,72356,934314,0.0,0.0,0.0,0.0,0.0,MEDIUM,HIGH,MEDIUM,5,COST_BASED,COST_BASED,false,false
5,economic_learning_factor_high,1,2035,NATURAL_GAS_BOILER,PRIVATELY_RENTED,57506,2415,72275,936729,0.0,0.0,0.0,0.0,0.0,MEDIUM,HIGH,MEDIUM,5,COST_BASED,COST_BASED,false,false
5,economic_learning_factor_high,1,2036,NATURAL_GAS_BOILER,PRIVATELY_RENTED,8768,1858,50596,938587,0.0,0.0,0.0,0.0,0.0,MEDIUM,HIGH,MEDIUM,5,COST_BASED,COST_BASED,false,false
5,economic_learning_factor_high,1,2037,NATURAL_GAS_BOILER,PRIVATELY_RENTED,9327,559,0,939146,0.0,0.0,0.0,0.0,0.0,MEDIUM,HIGH,MEDIUM,5,COST_BASED,COST_BASED,false,false
5,economic_learning_factor_high,1,2038,NATURAL_GAS_BOILER,PRIVATELY_RENTED,9733,409,3,939555,0.0,0.0,0.0,0.0,0.0,MEDIUM,HIGH,MEDIUM,5,COST_BASED,COST_BASED,false,false
5,economic_learning_factor_high,1,2039,NATURAL_GAS_BOILER,PRIVATELY_RENTED,10054,333,12,939888,0.0,0.0,0.0,0.0,0.0,MEDIUM,HIGH,MEDIUM,5,COST_BASED,COST_BASED,false,false
5,economic_learning_factor_high,1,2040,NATURAL_GAS_BOILER,PRIVATELY_RENTED,10228,187,13,940075,0.0,0.0,0.0,0.0,0.0,MEDIUM,HIGH,MEDIUM,5,COST_BASED,COST_BASED,false,false
5,economic_learning_factor_high,1,2041,NATURAL_GAS_BOILER,PRIVATELY_RENTED,10607,411,32,940486,0.0,0.0,0.0,0.0,0.0,MEDIUM,HIGH,MEDIUM,5,COST_BASED,COST_BASED,false,false
5,economic_learning_factor_high,1,2042,NATURAL_GAS_BOILER,PRIVATELY_RENTED,10801,283,89,940769,0.0,0.0,0.0,0.0,0.0,MEDIUM,HIGH,MEDIUM,5,COST_BASED,COST_BASED,false,false
5,economic_learning_factor_high,1,2043,NATURAL_GAS_BOILER,PRIVATELY_RENTED,11033,335,103,941104,0.0,0.0,0.0,0.0,0.0,MEDIUM,HIGH,MEDIUM,5,COST_BASED,COST_BASED,false,false
5,economic_learning_factor_high,1,2044,NATURAL_GAS_BOILER,PRIVATELY_RENTED,11138,734,629,941838,0.0,0.0,0.0,0.0,0.0,MEDIUM,HIGH,MEDIUM,5,COST_BASED,COST_BASED,false,false
5,economic_learning_factor_high,1,2045,NATURAL_GAS_BOILER,PRIVATELY_RENTED,11359,1938,1717,943776,0.0,0.0,0.0,0.0,0.0,MEDIUM,HIGH,MEDIUM,5,COST_BASED,COST_BASED,false,false
5,economic_learning_factor_high,1,2046,NATURAL_GAS_BOILER,PRIVATELY_RENTED,11632,2170,1897,945946,0.0,0.0,0.0,0.0,0.0,MEDIUM,HIGH,MEDIUM,5,COST_BASED,COST_BASED,false,false
5,economic_learning_factor_high,1,2047,NATURAL_GAS_BOILER,PRIVATELY_RENTED,11946,2729,2415,948675,0.0,0.0,0.0,0.0,0.0,MEDIUM,HIGH,MEDIUM,5,COST_BASED,COST_BASED,false,false
5,economic_learning_factor_high,1,2048,NATURAL_GAS_BOILER,PRIVATELY_RENTED,12215,2127,1858,950802,0.0,0.0,0.0,0.0,0.0,MEDIUM,HIGH,MEDIUM,5,COST_BASED,COST_BASED,false,false
5,economic_learning_factor_high,1,2049,NATURAL_GAS_BOILER,PRIVATELY_RENTED,12533,877,559,951679,0.0,0.0,0.0,0.0,0.0,MEDIUM,HIGH,MEDIUM,5,COST_BASED,COST_BASED,false,false
5,economic_learning_factor_high,1,2050,NATURAL_GAS_BOILER,PRIVATELY_RENTED,12949,825,409,952504,0.0,0.0,0.0,0.0,0.0,MEDIUM,HIGH,MEDIUM,5,COST_BASED,COST_BASED,false,false
5,economic_learning_factor_high,1,2024,0.0027809469480889904,0.0027809469480889904,NATURAL_GAS_BLOCK,TOTAL,464467,464467,0,464467,0.0,0.0,0.0,0.0,0.0,MEDIUM,HIGH,MEDIUM,5,COST_BASED,COST_BASED,false,false
5,economic_learning_factor_high,1,2025,0.006417569880205362,0.006417569880205362,NATURAL_GAS_BLOCK,TOTAL,319297,429,145599,464896,0.2852858191938444,0.6441621608297708,0.06432656837057794,1124.1077721596569,0.7637876080417504,MEDIUM,HIGH,MEDIUM,5,COST_BASED,COST_BASED,false,false
5,economic_learning_factor_high,1,2026,0.010482030804335424,0.010482030804335424,NATURAL_GAS_BLOCK,TOTAL,290699,257,28855,465153,0.2854462507839257,0.6502574976167051,0.05805444983770663,1127.485150135892,0.771861246560968,MEDIUM,HIGH,MEDIUM,5,COST_BASED,COST_BASED,false,false
5,economic_learning_factor_high,1,2027,0.014689104392470051,0.014689104392470051,NATURAL_GAS_BLOCK,TOTAL,263015,254,27938,465407,0.28632546829769795,0.6454265297969715,0.05210789831707238,1134.8011548177553,0.7651268836300736,MEDIUM,HIGH,MEDIUM,5,COST_BASED,COST_BASED,false,false
5,economic_learning_factor_high,1,2028,0.01946662863662293,0.01946662863662293,NATURAL_GAS_BLOCK,TOTAL,234589,282,28708,465689,0.2849603172597799,0.6477640935810803,0.04706674087372903,1130.7101942064996,0.7686986856881776,MEDIUM,HIGH,MEDIUM,5,COST_BASED,COST_BASED,false,false
5,economic_learning_factor_high,1,2029,0.02488590986879635,0.02488590986879635,NATURAL_GAS_BLOCK,TOTAL,206715,291,28165,465980,0.2834481681026909,0.643589486442778,0.041814508176332366,1122.779230848807,0.7636365925561608,MEDIUM,HIGH,MEDIUM,5,COST_BASED,COST_BASED,false,false
5,economic_learning_factor_high,1,2030,0.030590416428978893,0.030590416428978893,NATURAL_GAS_BLOCK,TOTAL,179264,260,27711,466240,0.28328381979527106,0.64097180655778,0.03648847605665996,1125.2471129302662,0.7602011354786211,MEDIUM,HIGH,MEDIUM,5,COST_BASED,COST_BASED,false,false
5,economic_learning_factor_high,1,2031,0.03650884198516828,0.03650884198516828,NATURAL_GAS_BLOCK,TOTAL,151427,266,28103,466506,0.2835519254785559,0.6436653996272589,0.031013386700118224,1109.6085225189602,0.7637032243434925,MEDIUM,HIGH,MEDIUM,5,COST_BASED,COST_BASED,false,false
5,economic_learning_factor_high,1,2032,0.04256988020536224,0.04256988020536224,NATURAL_GAS_BLOCK,TOTAL,122982,250,28695,466756,0.26942313115454375,0.6070316133582017,0.024553869944840077,1050.840819661944,0.7195677740927542,MEDIUM,HIGH,MEDIUM,5,COST_BASED,COST_BASED,false,false
5,economic_learning_factor_high,1,2033,0.04920136908157444,0.04920136908157444,NATURAL_GAS_BLOCK,TOTAL,91558,343,31767,467099,0.23968451259473042,0.5443202499480038,0.01723672914672917,904.2073885612111,0.6458654957324316,MEDIUM,HIGH,MEDIUM,5,COST_BASED,COST_BASED,false,false
5,economic_learning_factor_high,1,2034,0.05618938961779806,0.05618938961779806,NATURAL_GAS_BLOCK,TOTAL,57681,396,34273,467495,0.25339562287388817,0.5760425608424359,0.012015997342051828,893.1300785123569,0.6835915401652785,MEDIUM,HIGH,MEDIUM,5,COST_BASED,COST_BASED,false,false
5,economic_learning_factor_high,1,2035,0.06339132915002853,0.06339132915002853,NATURAL_GAS_BLOCK,TOTAL,22854,485,35312,467980,0.23223714970761172,0.5279212511170646,0.006403284933959578,803.4037948248573,0.626482618253544,MEDIUM,HIGH,MEDIUM,5,COST_BASED,COST_BASED,false,false
5,economic_learning_factor_high,1,2036,0.07059326868225899,0.07059326868225899,NATURAL_GAS_BLOCK,TOTAL,3738,225,19341,468205,0.20629474649419935,0.4675543374754366,0.0019759720398741178,783.3539369920921,0.5546408678025165,MEDIUM,HIGH,MEDIUM,5,COST_BASED,COST_BASED,false,false
5,economic_learning_factor_high,1,2037,0.07779520821448944,0.07779520821448944,NATURAL_GAS_BLOCK,TOTAL,3703,394,429,468599,0.31724846986464184,0.6096173438375428,7.95833317514337E-4,792.7881334775733,0.7070736351618391,MEDIUM,HIGH,MEDIUM,5,COST_BASED,COST_BASED,false,false
5,economic_learning_factor_high,1,2038,0.0849971477467199,0.0849971477467199,NATURAL_GAS_BLOCK,TOTAL,3669,223,257,468822,0.30727055205412374,0.6118083395824869,6.702396740422883E-4,829.4419838095827,0.713320935425275,MEDIUM,HIGH,MEDIUM,5,COST_BASED,COST_BASED,false,false
5,economic_learning_factor_high,1,2039,0.09219908727895038,0.09219908727895038,NATURAL_GAS_BLOCK,TOTAL,3639,224,254,469046,0.3769798303487433,0.6234035670180508,6.056924261250357E-4,943.5714264596567,0.7055448125744858,MEDIUM,HIGH,MEDIUM,5,COST_BASED,COST_BASED,false,false
5,economic_learning_factor_high,1,2040,0.09940102681118083,0.09940102681118083,NATURAL_GAS_BLOCK,TOTAL,3583,226,282,469272,0.2575036867036251,0.6066783678862855,7.567742390356762E-4,1079.9048459101166,0.7230699282805151,MEDIUM,HIGH,MEDIUM,5,COST_BASED,COST_BASED,false,false
5,economic_learning_factor_high,1,2041,0.10660296634341129,0.10660296634341129,NATURAL_GAS_BLOCK,TOTAL,3537,245,291,469517,0.2461387896301192,0.5739287105424311,7.44983482868735E-4,1017.5372242369472,0.6831920175131947,MEDIUM,HIGH,MEDIUM,5,COST_BASED,COST_BASED,false,false
5,economic_learning_factor_high,1,2042,0.11380490587564175,0.11380490587564175,NATURAL_GAS_BLOCK,TOTAL,3504,227,260,469744,0.26199734259774105,0.6059097278556281,7.589470794945081E-4,1091.634889190105,0.7205471896082706,MEDIUM,HIGH,MEDIUM,5,COST_BASED,COST_BASED,false,false
5,economic_learning_factor_high,1,2043,0.12100684540787222,0.12100684540787222,NATURAL_GAS_BLOCK,TOTAL,3475,237,266,469981,0.25647967226725166,0.5983713327899676,7.413205365242697E-4,1069.1519325749439,0.712335219630881,MEDIUM,HIGH,MEDIUM,5,COST_BASED,COST_BASED,false,false
5,economic_learning_factor_high,1,2044,0.12820878494010268,0.12820878494010268,NATURAL_GAS_BLOCK,TOTAL,3453,228,250,470209,0.2478421728617336,0.577745713314716,7.452570455506852E-4,1032.0575581501064,0.6877135601323734,MEDIUM,HIGH,MEDIUM,5,COST_BASED,COST_BASED,false,false
5,economic_learning_factor_high,1,2045,0.13541072447233315,0.13541072447233315,NATURAL_GAS_BLOCK,TOTAL,3427,317,343,470526,0.21226934077581375,0.49029878011275196,5.943576167676702E-4,882.308790844867,0.5829752598917365,MEDIUM,HIGH,MEDIUM,5,COST_BASED,COST_BASED,false,false
5,economic_learning_factor_high,1,2046,0.1426126640045636,0.1426126640045636,NATURAL_GAS_BLOCK,TOTAL,3379,348,396,470874,0.23509909324284617,0.5347467784166062,5.97873385532002E-4,946.1468741064003,0.6346293401411913,MEDIUM,HIGH,MEDIUM,5,COST_BASED,COST_BASED,false,false
5,economic_learning_factor_high,1,2047,0.14981460353679407,0.14981460353679407,NATURAL_GAS_BLOCK,TOTAL,3376,482,485,471356,0.21132105115782912,0.48039819572411974,6.234284006263611E-4,850.2785308715871,0.5700905772462166,MEDIUM,HIGH,MEDIUM,5,COST_BASED,COST_BASED,false,false
5,economic_learning_factor_high,1,2048,0.15701654306902452,0.15701654306902452,NATURAL_GAS_BLOCK,TOTAL,3368,217,225,471573,0.17413280655289692,0.41096874740653555,4.8788463777432576E-4,704.6656574244744,0.4899140610244125,MEDIUM,HIGH,MEDIUM,5,COST_BASED,COST_BASED,false,false
5,economic_learning_factor_high,1,2049,0.164218482601255,0.164218482601255,NATURAL_GAS_BLOCK,TOTAL,3332,358,394,471931,0.2387665406241652,0.5606318913407856,6.08931978333631E-4,903.5327331919735,0.6679203415796521,MEDIUM,HIGH,MEDIUM,5,COST_BASED,COST_BASED,false,false
5,economic_learning_factor_high,1,2050,0.0,0.0,NATURAL_GAS_BLOCK,TOTAL,3329,220,223,472151,0.2202862648598349,0.5209561029314577,5.877291775234858E-4,811.5978286118477,0.6211793822886709,MEDIUM,HIGH,MEDIUM,5,COST_BASED,COST_BASED,false,false
5,economic_learning_factor_high,1,2024,NATURAL_GAS_BLOCK,PRIVATELY_OWNED,277063,277063,0,277063,0.0,0.0,0.0,0.0,0.0,MEDIUM,HIGH,MEDIUM,5,COST_BASED,COST_BASED,false,false
5,economic_learning_factor_high,1,2025,NATURAL_GAS_BLOCK,PRIVATELY_OWNED,241436,429,36056,277492,0.2852858191938444,0.6441621608297708,0.06432656837057794,1124.1077721596569,0.7637876080417503,MEDIUM,HIGH,MEDIUM,5,COST_BASED,COST_BASED,false,false
5,economic_learning_factor_high,1,2026,NATURAL_GAS_BLOCK,PRIVATELY_OWNED,220328,257,21365,277749,0.2854462507839257,0.6502574976167051,0.05805444983770663,1127.485150135892,0.771861246560968,MEDIUM,HIGH,MEDIUM,5,COST_BASED,COST_BASED,false,false
5,economic_learning_factor_high,1,2027,NATURAL_GAS_BLOCK,PRIVATELY_OWNED,199670,254,20912,278003,0.28632546829769795,0.6454265297969715,0.05210789831707238,1134.8011548177553,0.7651268836300736,MEDIUM,HIGH,MEDIUM,5,COST_BASED,COST_BASED,false,false
5,economic_learning_factor_high,1,2028,NATURAL_GAS_BLOCK,PRIVATELY_OWNED,178473,282,21479,278285,0.2849603172597799,0.6477640935810803,0.04706674087372903,1130.7101942064996,0.7686986856881776,MEDIUM,HIGH,MEDIUM,5,COST_BASED,COST_BASED,false,false
5,economic_learning_factor_high,1,2029,NATURAL_GAS_BLOCK,PRIVATELY_OWNED,157443,288,21318,278573,0.28640075318709396,0.6502935435932237,0.04225007596983583,1134.4748478368153,0.7715911403952875,MEDIUM,HIGH,MEDIUM,5,COST_BASED,COST_BASED,false,false
5,economic_learning_factor_high,1,2030,NATURAL_GAS_BLOCK,PRIVATELY_OWNED,136711,258,20990,278831,0.2854798183983352,0.6459405802520263,0.036771332460199965,1133.969958766935,0.766094167536595,MEDIUM,HIGH,MEDIUM,5,COST_BASED,COST_BASED,false,false
5,economic_learning_factor_high,1,2031,NATURAL_GAS_BLOCK,PRIVATELY_OWNED,115796,264,21179,279095,0.2857000461261207,0.6485416526547381,0.031248336599361545,1118.0146476895584,0.7694888548309432,MEDIUM,HIGH,MEDIUM,5,COST_BASED,COST_BASED,false,false
5,economic_learning_factor_high,1,2032,NATURAL_GAS_BLOCK,PRIVATELY_OWNED,94501,235,21530,279330,0.2866203522920678,0.6457783120831933,0.02612113823919157,1117.9157655978127,0.7654976320135684,MEDIUM,HIGH,MEDIUM,5,COST_BASED,COST_BASED,false,false
5,economic_learning_factor_high,1,2033,NATURAL_GAS_BLOCK,PRIVATELY_OWNED,71385,288,23404,279618,0.28545759659719633,0.6482702976811294,0.020528465615722587,1076.885882904498,0.7692078647091112,MEDIUM,HIGH,MEDIUM,5,COST_BASED,COST_BASED,false,false
5,economic_learning_factor_high,1,2034,NATURAL_GAS_BLOCK,PRIVATELY_OWNED,45199,350,26536,279968,0.28669904759445636,0.6517510116960131,0.013595242707007212,1010.5128888311239,0.773434999729858,MEDIUM,HIGH,MEDIUM,5,COST_BASED,COST_BASED,false,false
5,economic_learning_factor_high,1,2035,NATURAL_GAS_BLOCK,PRIVATELY_OWNED,17779,393,27813,280361,0.2866030982396735,0.6515058696991763,0.00790227275564986,991.4779656235517,0.773140126852338,MEDIUM,HIGH,MEDIUM,5,COST_BASED,COST_BASED,false,false
5,economic_learning_factor_high,1,2036,NATURAL_GAS_BLOCK,PRIVATELY_OWNED,3461,163,14481,280524,0.28476268687849604,0.6453970916071977,0.002727568766697402,1081.3167841915383,0.7656085598500995,MEDIUM,HIGH,MEDIUM,5,COST_BASED,COST_BASED,false,false
5,economic_learning_factor_high,1,2037,NATURAL_GAS_BLOCK,PRIVATELY_OWNED,3394,362,429,280886,0.34529253349908534,0.6635061698121323,8.661832240349414E-4,862.8688524590164,0.7695773819164768,MEDIUM,HIGH,MEDIUM,5,COST_BASED,COST_BASED,false,false
5,economic_learning_factor_high,1,2038,NATURAL_GAS_BLOCK,PRIVATELY_OWNED,3345,208,257,281094,0.3294294860964884,0.6559291333023779,7.18574265920338E-4,889.2575114881583,0.7647623490376746,MEDIUM,HIGH,MEDIUM,5,COST_BASED,COST_BASED,false,false
5,economic_learning_factor_high,1,2039,NATURAL_GAS_BLOCK,PRIVATELY_OWNED,3300,209,254,281303,0.4040357990340598,0.6681454498183893,6.491631744115214E-4,1011.2918637653737,0.7561820000798316,MEDIUM,HIGH,MEDIUM,5,COST_BASED,COST_BASED,false,false
5,economic_learning_factor_high,1,2040,NATURAL_GAS_BLOCK,PRIVATELY_OWNED,3235,217,282,281520,0.2681835631106879,0.6318401435129056,7.881611890417641E-4,1124.6935261552367,0.7530590036469881,MEDIUM,HIGH,MEDIUM,5,COST_BASED,COST_BASED,false,false
5,economic_learning_factor_high,1,2041,NATURAL_GAS_BLOCK,PRIVATELY_OWNED,3168,221,288,281741,0.27286879393384256,0.6362558103298445,8.258866665286881E-4,1128.0390042445795,0.7573848157951706,MEDIUM,HIGH,MEDIUM,5,COST_BASED,COST_BASED,false,false
5,economic_learning_factor_high,1,2042,NATURAL_GAS_BLOCK,PRIVATELY_OWNED,3128,218,258,281959,0.27281374664994135,0.6309243496478331,7.902797570883181E-4,1136.7023846153845,0.7502945506471441,MEDIUM,HIGH,MEDIUM,5,COST_BASED,COST_BASED,false,false
5,economic_learning_factor_high,1,2043,NATURAL_GAS_BLOCK,PRIVATELY_OWNED,3088,224,264,282183,0.2713646532470475,0.6330982404965282,7.843436033761247E-4,1131.2009286618827,0.7536761029130303,MEDIUM,HIGH,MEDIUM,5,COST_BASED,COST_BASED,false,false
5,economic_learning_factor_high,1,2044,NATURAL_GAS_BLOCK,PRIVATELY_OWNED,3060,207,235,282390,0.27298558170277903,0.63635759727418,8.208628327804649E-4,1136.759049556639,0.7574816024646432,MEDIUM,HIGH,MEDIUM,5,COST_BASED,COST_BASED,false,false
5,economic_learning_factor_high,1,2045,NATURAL_GAS_BLOCK,PRIVATELY_OWNED,3018,246,288,282636,0.27353406921110957,0.631807777624969,7.658998557534613E-4,1136.95888901554,0.7512323470962621,MEDIUM,HIGH,MEDIUM,5,COST_BASED,COST_BASED,false,false
5,economic_learning_factor_high,1,2046,NATURAL_GAS_BLOCK,PRIVATELY_OWNED,2963,295,350,282931,0.27733723541867955,0.6308199284372168,7.052879259835142E-4,1116.132583691618,0.7486474927767275,MEDIUM,HIGH,MEDIUM,5,COST_BASED,COST_BASED,false,false
5,economic_learning_factor_high,1,2047,NATURAL_GAS_BLOCK,PRIVATELY_OWNED,2936,366,393,283297,0.2782971220165946,0.6326555473743872,8.210177297866284E-4,1119.7657155194127,0.7507750224936512,MEDIUM,HIGH,MEDIUM,5,COST_BASED,COST_BASED,false,false
5,economic_learning_factor_high,1,2048,NATURAL_GAS_BLOCK,PRIVATELY_OWNED,2914,141,163,283438,0.26799162426935197,0.6324838169306256,7.508579177094233E-4,1084.485444405042,0.7539812144843795,MEDIUM,HIGH,MEDIUM,5,COST_BASED,COST_BASED,false,false
5,economic_learning_factor_high,1,2049,NATURAL_GAS_BLOCK,PRIVATELY_OWNED,2867,315,362,283753,0.27136006839190835,0.6371625939682579,6.920560261696504E-4,1026.872122167386,0.7590967691603665,MEDIUM,HIGH,MEDIUM,5,COST_BASED,COST_BASED,false,false
5,economic_learning_factor_high,1,2050,NATURAL_GAS_BLOCK,PRIVATELY_OWNED,2839,180,208,283933,0.2692387681620204,0.636724125805115,7.183356614175937E-4,991.9529016367027,0.7592192450194867,MEDIUM,HIGH,MEDIUM,5,COST_BASED,COST_BASED,false,false
5,economic_learning_factor_high,1,2024,NATURAL_GAS_BLOCK,SOCIAL_HOUSING,97746,97746,0,97746,0.0,0.0,0.0,0.0,0.0,MEDIUM,HIGH,MEDIUM,5,COST_BASED,COST_BASED,false,false
5,economic_learning_factor_high,1,2025,NATURAL_GAS_BLOCK,SOCIAL_HOUSING,141,0,97605,97746,0.0,0.0,0.0,0.0,0.0,MEDIUM,HIGH,MEDIUM,5,COST_BASED,COST_BASED,false,false
5,economic_learning_factor_high,1,2026,NATURAL_GAS_BLOCK,SOCIAL_HOUSING,30,0,111,97746,0.0,0.0,0.0,0.0,0.0,MEDIUM,HIGH,MEDIUM,5,COST_BASED,COST_BASED,false,false
5,economic_learning_factor_high,1,2027,NATURAL_GAS_BLOCK,SOCIAL_HOUSING,15,0,15,97746,0.0,0.0,0.0,0.0,0.0,MEDIUM,HIGH,MEDIUM,5,COST_BASED,COST_BASED,false,false
5,economic_learning_factor_high,1,2028,NATURAL_GAS_BLOCK,SOCIAL_HOUSING,13,0,2,97746,0.0,0.0,0.0,0.0,0.0,MEDIUM,HIGH,MEDIUM,5,COST_BASED,COST_BASED,false,false
5,economic_learning_factor_high,1,2029,NATURAL_GAS_BLOCK,SOCIAL_HOUSING,11,0,2,97746,0.0,0.0,0.0,0.0,0.0,MEDIUM,HIGH,MEDIUM,5,COST_BASED,COST_BASED,false,false
5,economic_learning_factor_high,1,2030,NATURAL_GAS_BLOCK,SOCIAL_HOUSING,5,0,6,97746,0.0,0.0,0.0,0.0,0.0,MEDIUM,HIGH,MEDIUM,5,COST_BASED,COST_BASED,false,false
5,economic_learning_factor_high,1,2031,NATURAL_GAS_BLOCK,SOCIAL_HOUSING,3,0,2,97746,0.0,0.0,0.0,0.0,0.0,MEDIUM,HIGH,MEDIUM,5,COST_BASED,COST_BASED,false,false
5,economic_learning_factor_high,1,2032,NATURAL_GAS_BLOCK,SOCIAL_HOUSING,3,0,0,97746,0.0,0.0,0.0,0.0,0.0,MEDIUM,HIGH,MEDIUM,5,COST_BASED,COST_BASED,false,false
5,economic_learning_factor_high,1,2033,NATURAL_GAS_BLOCK,SOCIAL_HOUSING,2,0,1,97746,0.0,0.0,0.0,0.0,0.0,MEDIUM,HIGH,MEDIUM,5,COST_BASED,COST_BASED,false,false
5,economic_learning_factor_high,1,2034,NATURAL_GAS_BLOCK,SOCIAL_HOUSING,2,0,0,97746,0.0,0.0,0.0,0.0,0.0,MEDIUM,HIGH,MEDIUM,5,COST_BASED,COST_BASED,false,false
5,economic_learning_factor_high,1,2035,NATURAL_GAS_BLOCK,SOCIAL_HOUSING,1,0,1,97746,0.0,0.0,0.0,0.0,0.0,MEDIUM,HIGH,MEDIUM,5,COST_BASED,COST_BASED,false,false
5,economic_learning_factor_high,1,2036,NATURAL_GAS_BLOCK,SOCIAL_HOUSING,0,0,1,97746,0.0,0.0,0.0,0.0,0.0,MEDIUM,HIGH,MEDIUM,5,COST_BASED,COST_BASED,false,false
5,economic_learning_factor_high,1,2037,NATURAL_GAS_BLOCK,SOCIAL_HOUSING,0,0,0,97746,0.0,0.0,0.0,0.0,0.0,MEDIUM,HIGH,MEDIUM,5,COST_BASED,COST_BASED,false,false
5,economic_learning_factor_high,1,2038,NATURAL_GAS_BLOCK,SOCIAL_HOUSING,0,0,0,97746,0.0,0.0,0.0,0.0,0.0,MEDIUM,HIGH,MEDIUM,5,COST_BASED,COST_BASED,false,false
5,economic_learning_factor_high,1,2039,NATURAL_GAS_BLOCK,SOCIAL_HOUSING,0,0,0,97746,0.0,0.0,0.0,0.0,0.0,MEDIUM,HIGH,MEDIUM,5,COST_BASED,COST_BASED,false,false
5,economic_learning_factor_high,1,2040,NATURAL_GAS_BLOCK,SOCIAL_HOUSING,0,0,0,97746,0.0,0.0,0.0,0.0,0.0,MEDIUM,HIGH,MEDIUM,5,COST_BASED,COST_BASED,false,false
5,economic_learning_factor_high,1,2041,NATURAL_GAS_BLOCK,SOCIAL_HOUSING,0,0,0,97746,0.0,0.0,0.0,0.0,0.0,MEDIUM,HIGH,MEDIUM,5,COST_BASED,COST_BASED,false,false
5,economic_learning_factor_high,1,2042,NATURAL_GAS_BLOCK,SOCIAL_HOUSING,0,0,0,97746,0.0,0.0,0.0,0.0,0.0,MEDIUM,HIGH,MEDIUM,5,COST_BASED,COST_BASED,false,false
5,economic_learning_factor_high,1,2043,NATURAL_GAS_BLOCK,SOCIAL_HOUSING,0,0,0,97746,0.0,0.0,0.0,0.0,0.0,MEDIUM,HIGH,MEDIUM,5,COST_BASED,COST_BASED,false,false
5,economic_learning_factor_high,1,2044,NATURAL_GAS_BLOCK,SOCIAL_HOUSING,0,0,0,97746,0.0,0.0,0.0,0.0,0.0,MEDIUM,HIGH,MEDIUM,5,COST_BASED,COST_BASED,false,false
5,economic_learning_factor_high,1,2045,NATURAL_GAS_BLOCK,SOCIAL_HOUSING,0,0,0,97746,0.0,0.0,0.0,0.0,0.0,MEDIUM,HIGH,MEDIUM,5,COST_BASED,COST_BASED,false,false
5,economic_learning_factor_high,1,2046,NATURAL_GAS_BLOCK,SOCIAL_HOUSING,0,0,0,97746,0.0,0.0,0.0,0.0,0.0,MEDIUM,HIGH,MEDIUM,5,COST_BASED,COST_BASED,false,false
5,economic_learning_factor_high,1,2047,NATURAL_GAS_BLOCK,SOCIAL_HOUSING,0,0,0,97746,0.0,0.0,0.0,0.0,0.0,MEDIUM,HIGH,MEDIUM,5,COST_BASED,COST_BASED,false,false
5,economic_learning_factor_high,1,2048,NATURAL_GAS_BLOCK,SOCIAL_HOUSING,0,0,0,97746,0.0,0.0,0.0,0.0,0.0,MEDIUM,HIGH,MEDIUM,5,COST_BASED,COST_BASED,false,false
5,economic_learning_factor_high,1,2049,NATURAL_GAS_BLOCK,SOCIAL_HOUSING,0,0,0,97746,0.0,0.0,0.0,0.0,0.0,MEDIUM,HIGH,MEDIUM,5,COST_BASED,COST_BASED,false,false
5,economic_learning_factor_high,1,2050,NATURAL_GAS_BLOCK,SOCIAL_HOUSING,0,0,0,97746,0.0,0.0,0.0,0.0,0.0,MEDIUM,HIGH,MEDIUM,5,COST_BASED,COST_BASED,false,false
5,economic_learning_factor_high,1,2024,NATURAL_GAS_BLOCK,PRIVATELY_RENTED,89658,89658,0,89658,0.0,0.0,0.0,0.0,0.0,MEDIUM,HIGH,MEDIUM,5,COST_BASED,COST_BASED,false,false
5,economic_learning_factor_high,1,2025,NATURAL_GAS_BLOCK,PRIVATELY_RENTED,77720,0,11938,89658,0.0,0.0,0.0,0.0,0.0,MEDIUM,HIGH,MEDIUM,5,COST_BASED,COST_BASED,false,false
5,economic_learning_factor_high,1,2026,NATURAL_GAS_BLOCK,PRIVATELY_RENTED,70341,0,7379,89658,0.0,0.0,0.0,0.0,0.0,MEDIUM,HIGH,MEDIUM,5,COST_BASED,COST_BASED,false,false
5,economic_learning_factor_high,1,2027,NATURAL_GAS_BLOCK,PRIVATELY_RENTED,63330,0,7011,89658,0.0,0.0,0.0,0.0,0.0,MEDIUM,HIGH,MEDIUM,5,COST_BASED,COST_BASED,false,false
5,economic_learning_factor_high,1,2028,NATURAL_GAS_BLOCK,PRIVATELY_RENTED,56103,0,7227,89658,0.0,0.0,0.0,0.0,0.0,MEDIUM,HIGH,MEDIUM,5,COST_BASED,COST_BASED,false,false
5,economic_learning_factor_high,1,2029,NATURAL_GAS_BLOCK,PRIVATELY_RENTED,49261,3,6845,89661,0.0,0.0,0.0,0.0,0.0,MEDIUM,HIGH,MEDIUM,5,COST_BASED,COST_BASED,false,false
5,economic_learning_factor_high,1,2030,NATURAL_GAS_BLOCK,PRIVATELY_RENTED,42548,2,6715,89663,0.0,0.0,0.0,0.0,0.0,MEDIUM,HIGH,MEDIUM,5,COST_BASED,COST_BASED,false,false
5,economic_learning_factor_high,1,2031,NATURAL_GAS_BLOCK,PRIVATELY_RENTED,35628,2,6922,89665,0.0,0.0,0.0,0.0,0.0,MEDIUM,HIGH,MEDIUM,5,COST_BASED,COST_BASED,false,false
5,economic_learning_factor_high,1,2032,NATURAL_GAS_BLOCK,PRIVATELY_RENTED,28478,15,7165,89680,0.0,0.0,0.0,0.0,0.0,MEDIUM,HIGH,MEDIUM,5,COST_BASED,COST_BASED,false,false
5,economic_learning_factor_high,1,2033,NATURAL_GAS_BLOCK,PRIVATELY_RENTED,20171,55,8362,89735,0.0,0.0,0.0,0.0,0.0,MEDIUM,HIGH,MEDIUM,5,COST_BASED,COST_BASED,false,false
5,economic_learning_factor_high,1,2034,NATURAL_GAS_BLOCK,PRIVATELY_RENTED,12480,46,7737,89781,0.0,0.0,0.0,0.0,0.0,MEDIUM,HIGH,MEDIUM,5,COST_BASED,COST_BASED,false,false
5,economic_learning_factor_high,1,2035,NATURAL_GAS_BLOCK,PRIVATELY_RENTED,5074,92,7498,89873,0.0,0.0,0.0,0.0,0.0,MEDIUM,HIGH,MEDIUM,5,COST_BASED,COST_BASED,false,false
5,economic_learning_factor_high,1,2036,NATURAL_GAS_BLOCK,PRIVATELY_RENTED,277,62,4859,89935,0.0,0.0,0.0,0.0,0.0,MEDIUM,HIGH,MEDIUM,5,COST_BASED,COST_BASED,false,false
5,economic_learning_factor_high,1,2037,NATURAL_GAS_BLOCK,PRIVATELY_RENTED,309,32,0,89967,0.0,0.0,0.0,0.0,0.0,MEDIUM,HIGH,MEDIUM,5,COST_BASED,COST_BASED,false,false
5,economic_learning_factor_high,1,2038,NATURAL_GAS_BLOCK,PRIVATELY_RENTED,324,15,0,89982,0.0,0.0,0.0,0.0,0.0,MEDIUM,HIGH,MEDIUM,5,COST_BASED,COST_BASED,false,false
5,economic_learning_factor_high,1,2039,NATURAL_GAS_BLOCK,PRIVATELY_RENTED,339,15,0,89997,0.0,0.0,0.0,0.0,0.0,MEDIUM,HIGH,MEDIUM,5,COST_BASED,COST_BASED,false,false
5,economic_learning_factor_high,1,2040,NATURAL_GAS_BLOCK,PRIVATELY_RENTED,348,9,0,90006,0.0,0.0,0.0,0.0,0.0,MEDIUM,HIGH,MEDIUM,5,COST_BASED,COST_BASED,false,false
5,economic_learning_factor_high,1,2041,NATURAL_GAS_BLOCK,PRIVATELY_RENTED,369,24,3,90030,0.0,0.0,0.0,0.0,0.0,MEDIUM,HIGH,MEDIUM,5,COST_BASED,COST_BASED,false,false
5,economic_learning_factor_high,1,2042,NATURAL_GAS_BLOCK,PRIVATELY_RENTED,376,9,2,90039,0.0,0.0,0.0,0.0,0.0,MEDIUM,HIGH,MEDIUM,5,COST_BASED,COST_BASED,false,false
5,economic_learning_factor_high,1,2043,NATURAL_GAS_BLOCK,PRIVATELY_RENTED,387,13,2,90052,0.0,0.0,0.0,0.0,0.0,MEDIUM,HIGH,MEDIUM,5,COST_BASED,COST_BASED,false,false
5,economic_learning_factor_high,1,2044,NATURAL_GAS_BLOCK,PRIVATELY_RENTED,393,21,15,90073,0.0,0.0,0.0,0.0,0.0,MEDIUM,HIGH,MEDIUM,5,COST_BASED,COST_BASED,false,false
5,economic_learning_factor_high,1,2045,NATURAL_GAS_BLOCK,PRIVATELY_RENTED,409,71,55,90144,0.0,0.0,0.0,0.0,0.0,MEDIUM,HIGH,MEDIUM,5,COST_BASED,COST_BASED,false,false
5,economic_learning_factor_high,1,2046,NATURAL_GAS_BLOCK,PRIVATELY_RENTED,416,53,46,90197,0.0,0.0,0.0,0.0,0.0,MEDIUM,HIGH,MEDIUM,5,COST_BASED,COST_BASED,false,false
5,economic_learning_factor_high,1,2047,NATURAL_GAS_BLOCK,PRIVATELY_RENTED,440,116,92,90313,0.0,0.0,0.0,0.0,0.0,MEDIUM,HIGH,MEDIUM,5,COST_BASED,COST_BASED,false,false
5,economic_learning_factor_high,1,2048,NATURAL_GAS_BLOCK,PRIVATELY_RENTED,454,76,62,90389,0.0,0.0,0.0,0.0,0.0,MEDIUM,HIGH,MEDIUM,5,COST_BASED,COST_BASED,false,false
5,economic_learning_factor_high,1,2049,NATURAL_GAS_BLOCK,PRIVATELY_RENTED,465,43,32,90432,0.0,0.0,0.0,0.0,0.0,MEDIUM,HIGH,MEDIUM,5,COST_BASED,COST_BASED,false,false
5,economic_learning_factor_high,1,2050,NATURAL_GAS_BLOCK,PRIVATELY_RENTED,490,40,15,90472,0.0,0.0,0.0,0.0,0.0,MEDIUM,HIGH,MEDIUM,5,COST_BASED,COST_BASED,false,false
5,economic_learning_factor_high,1,2024,0.0027809469480889904,0.0027809469480889904,DISTRICT_HEATING,TOTAL,572799,572799,0,572799,0.0,0.0,0.0,0.0,0.0,MEDIUM,HIGH,MEDIUM,5,COST_BASED,COST_BASED,false,false
5,economic_learning_factor_high,1,2025,0.006417569880205362,0.006417569880205362,DISTRICT_HEATING,TOTAL,448792,53935,177942,626734,0.6545967593014655,0.6309373365831797,0.12673959718703987,1438.8935825708027,0.6230508623437524,MEDIUM,HIGH,MEDIUM,5,COST_BASED,COST_BASED,false,false
5,economic_learning_factor_high,1,2026,0.010482030804335424,0.010482030804335424,DISTRICT_HEATING,TOTAL,502114,65731,12409,692465,0.3615006824183015,0.35265426641323266,0.07736769502526324,790.1313247608413,0.3497054610782117,MEDIUM,HIGH,MEDIUM,5,COST_BASED,COST_BASED,false,false
5,economic_learning_factor_high,1,2027,0.014689104392470051,0.014689104392470051,DISTRICT_HEATING,TOTAL,555447,68529,15196,760994,0.3405703014399762,0.3303432704130617,0.07805664310377983,736.3044482661686,0.3269342600707574,MEDIUM,HIGH,MEDIUM,5,COST_BASED,COST_BASED,false,false
5,economic_learning_factor_high,1,2028,0.01946662863662293,0.01946662863662293,DISTRICT_HEATING,TOTAL,616408,75284,14323,836278,0.32946242703069556,0.3212643583629587,0.07873808042037475,707.5742323848832,0.31853166880704314,MEDIUM,HIGH,MEDIUM,5,COST_BASED,COST_BASED,false,false
5,economic_learning_factor_high,1,2029,0.02488590986879635,0.02488590986879635,DISTRICT_HEATING,TOTAL,677105,74665,13968,910943,0.32091622320190294,0.3138095250932363,0.0786120475127248,692.1915855016721,0.31144062572367776,MEDIUM,HIGH,MEDIUM,5,COST_BASED,COST_BASED,false,false
5,economic_learning_factor_high,1,2030,0.030590416428978893,0.030590416428978893,DISTRICT_HEATING,TOTAL,738488,77742,16359,988685,0.3070122637628024,0.298767518449731,0.07829202583826556,652.1764713171556,0.2960192700120433,MEDIUM,HIGH,MEDIUM,5,COST_BASED,COST_BASED,false,false
5,economic_learning_factor_high,1,2031,0.03650884198516828,0.03650884198516828,DISTRICT_HEATING,TOTAL,802336,81467,17619,1070152,0.3057084224974527,0.29843456594957013,0.0800664755993733,642.7322972418798,0.29600994710027495,MEDIUM,HIGH,MEDIUM,5,COST_BASED,COST_BASED,false,false
5,economic_learning_factor_high,1,2032,0.04256988020536224,0.04256988020536224,DISTRICT_HEATING,TOTAL,867072,79812,15076,1149964,0.2851861944294773,0.2770578895807851,0.07583922711975805,589.8319513469249,0.274348454631219,MEDIUM,HIGH,MEDIUM,5,COST_BASED,COST_BASED,false,false
5,economic_learning_factor_high,1,2033,0.04920136908157444,0.04920136908157444,DISTRICT_HEATING,TOTAL,932109,79802,14765,1229766,0.2812303024242576,0.2733538050465191,0.07834786712612743,582.5161628793367,0.2707283059206074,MEDIUM,HIGH,MEDIUM,5,COST_BASED,COST_BASED,false,false
5,economic_learning_factor_high,1,2034,0.05618938961779806,0.05618938961779806,DISTRICT_HEATING,TOTAL,999326,81818,14601,1311584,0.3079541729519093,0.3006333509873457,0.08916367263315496,603.4386117723618,0.29819307699916325,MEDIUM,HIGH,MEDIUM,5,COST_BASED,COST_BASED,false,false
5,economic_learning_factor_high,1,2035,0.06339132915002853,0.06339132915002853,DISTRICT_HEATING,TOTAL,1064472,79425,14279,1391009,0.28802063154687574,0.2797548297888948,0.08465258372117246,575.4848263416259,0.27699956253623775,MEDIUM,HIGH,MEDIUM,5,COST_BASED,COST_BASED,false,false
5,economic_learning_factor_high,1,2036,0.07059326868225899,0.07059326868225899,DISTRICT_HEATING,TOTAL,1111565,61350,14257,1452359,0.2392105106265751,0.23250365294534198,0.0738508177490992,490.15770000409776,0.23026803371826743,MEDIUM,HIGH,MEDIUM,5,COST_BASED,COST_BASED,false,false
5,economic_learning_factor_high,1,2037,0.07779520821448944,0.07779520821448944,DISTRICT_HEATING,TOTAL,1111582,14690,14673,1467049,0.3834525531235537,0.37771324176858595,0.13054583465581052,731.8724716644232,0.3758001379835945,MEDIUM,HIGH,MEDIUM,5,COST_BASED,COST_BASED,false,false
5,economic_learning_factor_high,1,2038,0.0849971477467199,0.0849971477467199,DISTRICT_HEATING,TOTAL,1111589,14540,14533,1481589,0.3906331055878874,0.3826779385635705,0.1304684423541411,774.939258827431,0.3800262162221349,MEDIUM,HIGH,MEDIUM,5,COST_BASED,COST_BASED,false,false
5,economic_learning_factor_high,1,2039,0.09219908727895038,0.09219908727895038,DISTRICT_HEATING,TOTAL,1109290,11566,13865,1493155,0.3882207640869837,0.3794136017331287,0.12805739634847765,803.9098894148311,0.37647788094851103,MEDIUM,HIGH,MEDIUM,5,COST_BASED,COST_BASED,false,false
5,economic_learning_factor_high,1,2040,0.09940102681118083,0.09940102681118083,DISTRICT_HEATING,TOTAL,1105336,9364,13318,1502519,0.4770976261669684,0.4944073035428253,0.15962051404955035,1172.125934859315,0.5001771960014465,MEDIUM,HIGH,MEDIUM,5,COST_BASED,COST_BASED,false,false
5,economic_learning_factor_high,1,2041,0.10660296634341129,0.10660296634341129,DISTRICT_HEATING,TOTAL,1101576,9603,13363,1512122,0.4592502929058647,0.4802382656555253,0.15801500240150762,1095.4836646852748,0.4872342565720806,MEDIUM,HIGH,MEDIUM,5,COST_BASED,COST_BASED,false,false
5,economic_learning_factor_high,1,2042,0.11380490587564175,0.11380490587564175,DISTRICT_HEATING,TOTAL,1098153,8217,11640,1520339,0.4945100018404156,0.508421555950302,0.16649194075249263,1185.2585113418536,0.5130587406535966,MEDIUM,HIGH,MEDIUM,5,COST_BASED,COST_BASED,false,false
5,economic_learning_factor_high,1,2043,0.12100684540787222,0.12100684540787222,DISTRICT_HEATING,TOTAL,1094983,8363,11533,1528702,0.48685576935682423,0.510764031280547,0.16485475274621356,1135.791869053306,0.5187334519217912,MEDIUM,HIGH,MEDIUM,5,COST_BASED,COST_BASED,false,false
5,economic_learning_factor_high,1,2044,0.12820878494010268,0.12820878494010268,DISTRICT_HEATING,TOTAL,1092215,7161,9929,1535863,0.5154354191897508,0.5420193009873319,0.17414139990701633,1222.7289418732441,0.5508805949198661,MEDIUM,HIGH,MEDIUM,5,COST_BASED,COST_BASED,false,false
5,economic_learning_factor_high,1,2045,0.13541072447233315,0.13541072447233315,DISTRICT_HEATING,TOTAL,1088695,7404,10924,1543267,0.5146395075617807,0.5325649989258846,0.1700850762659244,1217.9260988711496,0.5385401627139211,MEDIUM,HIGH,MEDIUM,5,COST_BASED,COST_BASED,false,false
5,economic_learning_factor_high,1,2046,0.1426126640045636,0.1426126640045636,DISTRICT_HEATING,TOTAL,1084668,7917,11944,1551184,0.5081757296868932,0.5233135036098399,0.16458416249366292,1185.2863564709685,0.5283594282508279,MEDIUM,HIGH,MEDIUM,5,COST_BASED,COST_BASED,false,false
5,economic_learning_factor_high,1,2047,0.14981460353679407,0.14981460353679407,DISTRICT_HEATING,TOTAL,1080553,9580,13695,1560764,0.5066758059895433,0.5208636554698047,0.16212570389840394,1144.8139974812068,0.5255929386298952,MEDIUM,HIGH,MEDIUM,5,COST_BASED,COST_BASED,false,false
5,economic_learning_factor_high,1,2048,0.15701654306902452,0.15701654306902452,DISTRICT_HEATING,TOTAL,1076463,9109,13199,1569873,0.5105938357890876,0.5233269173403305,0.1632639034505464,1173.1476709638478,0.5275712778574085,MEDIUM,HIGH,MEDIUM,5,COST_BASED,COST_BASED,false,false
5,economic_learning_factor_high,1,2049,0.164218482601255,0.164218482601255,DISTRICT_HEATING,TOTAL,1072351,10019,14131,1579892,0.5355254960877803,0.5537853304436612,0.16886718321159108,1171.8193096965415,0.5598719418956273,MEDIUM,HIGH,MEDIUM,5,COST_BASED,COST_BASED,false,false
5,economic_learning_factor_high,1,2050,0.0,0.0,DISTRICT_HEATING,TOTAL,1068028,10362,14685,1590254,0.5147861577811981,0.5267625892434713,0.15783346153756003,1139.8098078778821,0.5307547330642217,MEDIUM,HIGH,MEDIUM,5,COST_BASED,COST_BASED,false,false
5,economic_learning_factor_high,1,2024,DISTRICT_HEATING,PRIVATELY_OWNED,317646,317646,0,317646,0.0,0.0,0.0,0.0,0.0,MEDIUM,HIGH,MEDIUM,5,COST_BASED,COST_BASED,false,false
5,economic_learning_factor_high,1,2025,DISTRICT_HEATING,PRIVATELY_OWNED,352066,46106,11686,363752,0.7657501455976348,0.7380732496554419,0.14826053386290278,1683.2239920174434,0.7288476176747123,MEDIUM,HIGH,MEDIUM,5,COST_BASED,COST_BASED,false,false
5,economic_learning_factor_high,1,2026,DISTRICT_HEATING,PRIVATELY_OWNED,373265,31024,9825,394776,0.7659167533534482,0.7471737231049574,0.1639200606532226,1674.0627291082665,0.7409260463554647,MEDIUM,HIGH,MEDIUM,5,COST_BASED,COST_BASED,false,false
5,economic_learning_factor_high,1,2027,DISTRICT_HEATING,PRIVATELY_OWNED,391192,30470,12543,425246,0.7659646270882878,0.7429633730927702,0.1755544369956983,1655.9963090000745,0.7352962884275988,MEDIUM,HIGH,MEDIUM,5,COST_BASED,COST_BASED,false,false
5,economic_learning_factor_high,1,2028,DISTRICT_HEATING,PRIVATELY_OWNED,411810,32417,11799,457663,0.7651309299620226,0.7460920490790938,0.18285830417273324,1643.2433140285514,0.7397457554514432,MEDIUM,HIGH,MEDIUM,5,COST_BASED,COST_BASED,false,false
5,economic_learning_factor_high,1,2029,DISTRICT_HEATING,PRIVATELY_OWNED,431526,31318,11602,488981,0.765093869511785,0.7481508458741455,0.18741837050697993,1650.2485705179881,0.7425031713282585,MEDIUM,HIGH,MEDIUM,5,COST_BASED,COST_BASED,false,false
5,economic_learning_factor_high,1,2030,DISTRICT_HEATING,PRIVATELY_OWNED,449264,31192,13454,520173,0.7651881062274873,0.7446391516837325,0.19513268378810084,1625.464966438135,0.7377895001691546,MEDIUM,HIGH,MEDIUM,5,COST_BASED,COST_BASED,false,false
5,economic_learning_factor_high,1,2031,DISTRICT_HEATING,PRIVATELY_OWNED,467050,32506,14720,552679,0.7661708009475168,0.7479409581066151,0.20066374108331214,1610.82483416613,0.7418643438263121,MEDIUM,HIGH,MEDIUM,5,COST_BASED,COST_BASED,false,false
5,economic_learning_factor_high,1,2032,DISTRICT_HEATING,PRIVATELY_OWNED,484711,29719,12058,582398,0.7658831235844221,0.7440541163303482,0.203670392505876,1584.025966583693,0.7367777805789848,MEDIUM,HIGH,MEDIUM,5,COST_BASED,COST_BASED,false,false
5,economic_learning_factor_high,1,2033,DISTRICT_HEATING,PRIVATELY_OWNED,502130,29319,11900,611717,0.7654674645813503,0.7440287987421917,0.21325135551687374,1585.5232044100012,0.7368825767958086,MEDIUM,HIGH,MEDIUM,5,COST_BASED,COST_BASED,false,false
5,economic_learning_factor_high,1,2034,DISTRICT_HEATING,PRIVATELY_OWNED,523484,32901,11547,644618,0.7658185016436982,0.7476131275974182,0.22173166066379357,1500.6273468280933,0.7415446695820048,MEDIUM,HIGH,MEDIUM,5,COST_BASED,COST_BASED,false,false
5,economic_learning_factor_high,1,2035,DISTRICT_HEATING,PRIVATELY_OWNED,542477,29849,10856,674467,0.7663921290700059,0.7443977136916804,0.22525148119046276,1531.303639391056,0.737066241898914,MEDIUM,HIGH,MEDIUM,5,COST_BASED,COST_BASED,false,false
5,economic_learning_factor_high,1,2036,DISTRICT_HEATING,PRIVATELY_OWNED,550982,19170,10665,693637,0.765548504274407,0.7440844605214778,0.23634573129406547,1568.6580540037244,0.7369297792705115,MEDIUM,HIGH,MEDIUM,5,COST_BASED,COST_BASED,false,false
5,economic_learning_factor_high,1,2037,DISTRICT_HEATING,PRIVATELY_OWNED,547446,7353,10889,700990,0.7660707201665993,0.754604586098263,0.26080760384793367,1462.1524015708387,0.7507825414088132,MEDIUM,HIGH,MEDIUM,5,COST_BASED,COST_BASED,false,false
5,economic_learning_factor_high,1,2038,DISTRICT_HEATING,PRIVATELY_OWNED,544283,7412,10575,708402,0.7662986178154185,0.7506930958869826,0.25593782404603505,1520.1857559836544,0.7454912552441771,MEDIUM,HIGH,MEDIUM,5,COST_BASED,COST_BASED,false,false
5,economic_learning_factor_high,1,2039,DISTRICT_HEATING,PRIVATELY_OWNED,540309,5871,9845,714273,0.7648035015210447,0.7474531966692841,0.25227590634755453,1583.720282911248,0.7416697617186984,MEDIUM,HIGH,MEDIUM,5,COST_BASED,COST_BASED,false,false
5,economic_learning_factor_high,1,2040,DISTRICT_HEATING,PRIVATELY_OWNED,537170,6417,9556,720690,0.6962041719537932,0.721463299107841,0.23292605478572379,1710.423446162167,0.7298830081591935,MEDIUM,HIGH,MEDIUM,5,COST_BASED,COST_BASED,false,false
5,economic_learning_factor_high,1,2041,DISTRICT_HEATING,PRIVATELY_OWNED,534451,6301,9020,726991,0.699917562732109,0.7319041525297586,0.24082178512326258,1669.5650899813832,0.7425663491289779,MEDIUM,HIGH,MEDIUM,5,COST_BASED,COST_BASED,false,false
5,economic_learning_factor_high,1,2042,DISTRICT_HEATING,PRIVATELY_OWNED,531847,5768,8372,732759,0.7044709925663479,0.7242891687315589,0.2371817401461914,1688.5002059112364,0.7308952274532946,MEDIUM,HIGH,MEDIUM,5,COST_BASED,COST_BASED,false,false
5,economic_learning_factor_high,1,2043,DISTRICT_HEATING,PRIVATELY_OWNED,529525,5860,8182,738619,0.69480798619985,0.7289282582933814,0.23526967529293244,1620.9261776267572,0.7403016823245632,MEDIUM,HIGH,MEDIUM,5,COST_BASED,COST_BASED,false,false
5,economic_learning_factor_high,1,2044,DISTRICT_HEATING,PRIVATELY_OWNED,527428,5311,7408,743930,0.6949789186250811,0.7308228609245497,0.23480070885598645,1648.6465736686691,0.742770841691049,MEDIUM,HIGH,MEDIUM,5,COST_BASED,COST_BASED,false,false
5,economic_learning_factor_high,1,2045,DISTRICT_HEATING,PRIVATELY_OWNED,524737,5434,8125,749364,0.7012129028316938,0.7256369620992362,0.2317463939405418,1659.4635325804181,0.7337783151884195,MEDIUM,HIGH,MEDIUM,5,COST_BASED,COST_BASED,false,false
5,economic_learning_factor_high,1,2046,DISTRICT_HEATING,PRIVATELY_OWNED,521599,5728,8866,755092,0.7023790593455191,0.723301851969117,0.22748128744104912,1638.2528079924332,0.730276116176991,MEDIUM,HIGH,MEDIUM,5,COST_BASED,COST_BASED,false,false
5,economic_learning_factor_high,1,2047,DISTRICT_HEATING,PRIVATELY_OWNED,518402,6840,10037,761932,0.7096424300262902,0.7295137162866563,0.2270707958109225,1603.4090783435618,0.7361374783734498,MEDIUM,HIGH,MEDIUM,5,COST_BASED,COST_BASED,false,false
5,economic_learning_factor_high,1,2048,DISTRICT_HEATING,PRIVATELY_OWNED,515176,6540,9766,768472,0.7111619648628134,0.7288967721793685,0.22739616154908668,1633.9758615916955,0.7348083746182162,MEDIUM,HIGH,MEDIUM,5,COST_BASED,COST_BASED,false,false
5,economic_learning_factor_high,1,2049,DISTRICT_HEATING,PRIVATELY_OWNED,511967,7569,10778,776041,0.7088690639851329,0.7330394009400241,0.22352758734270461,1551.124014248864,0.7410961799249953,MEDIUM,HIGH,MEDIUM,5,COST_BASED,COST_BASED,false,false
5,economic_learning_factor_high,1,2050,DISTRICT_HEATING,PRIVATELY_OWNED,508614,7467,10820,783508,0.7143717914729845,0.7309915561458215,0.21902642673793987,1581.7208020932924,0.7365314777034239,MEDIUM,HIGH,MEDIUM,5,COST_BASED,COST_BASED,false,false
5,economic_learning_factor_high,1,2024,DISTRICT_HEATING,SOCIAL_HOUSING,163881,163881,0,163881,0.0,0.0,0.0,0.0,0.0,MEDIUM,HIGH,MEDIUM,5,COST_BASED,COST_BASED,false,false
5,economic_learning_factor_high,1,2025,DISTRICT_HEATING,SOCIAL_HOUSING,322,0,163559,163881,0.0,0.0,0.0,0.0,0.0,MEDIUM,HIGH,MEDIUM,5,COST_BASED,COST_BASED,false,false
5,economic_learning_factor_high,1,2026,DISTRICT_HEATING,SOCIAL_HOUSING,42,0,280,163881,0.0,0.0,0.0,0.0,0.0,MEDIUM,HIGH,MEDIUM,5,COST_BASED,COST_BASED,false,false
5,economic_learning_factor_high,1,2027,DISTRICT_HEATING,SOCIAL_HOUSING,12,0,30,163881,0.0,0.0,0.0,0.0,0.0,MEDIUM,HIGH,MEDIUM,5,COST_BASED,COST_BASED,false,false
5,economic_learning_factor_high,1,2028,DISTRICT_HEATING,SOCIAL_HOUSING,8,0,4,163881,0.0,0.0,0.0,0.0,0.0,MEDIUM,HIGH,MEDIUM,5,COST_BASED,COST_BASED,false,false
5,economic_learning_factor_high,1,2029,DISTRICT_HEATING,SOCIAL_HOUSING,1,0,7,163881,0.0,0.0,0.0,0.0,0.0,MEDIUM,HIGH,MEDIUM,5,COST_BASED,COST_BASED,false,false
5,economic_learning_factor_high,1,2030,DISTRICT_HEATING,SOCIAL_HOUSING,1,0,0,163881,0.0,0.0,0.0,0.0,0.0,MEDIUM,HIGH,MEDIUM,5,COST_BASED,COST_BASED,false,false
5,economic_learning_factor_high,1,2031,DISTRICT_HEATING,SOCIAL_HOUSING,1,0,0,163881,0.0,0.0,0.0,0.0,0.0,MEDIUM,HIGH,MEDIUM,5,COST_BASED,COST_BASED,false,false
5,economic_learning_factor_high,1,2032,DISTRICT_HEATING,SOCIAL_HOUSING,1,0,0,163881,0.0,0.0,0.0,0.0,0.0,MEDIUM,HIGH,MEDIUM,5,COST_BASED,COST_BASED,false,false
5,economic_learning_factor_high,1,2033,DISTRICT_HEATING,SOCIAL_HOUSING,1,0,0,163881,0.0,0.0,0.0,0.0,0.0,MEDIUM,HIGH,MEDIUM,5,COST_BASED,COST_BASED,false,false
5,economic_learning_factor_high,1,2034,DISTRICT_HEATING,SOCIAL_HOUSING,1,0,0,163881,0.0,0.0,0.0,0.0,0.0,MEDIUM,HIGH,MEDIUM,5,COST_BASED,COST_BASED,false,false
5,economic_learning_factor_high,1,2035,DISTRICT_HEATING,SOCIAL_HOUSING,1,0,0,163881,0.0,0.0,0.0,0.0,0.0,MEDIUM,HIGH,MEDIUM,5,COST_BASED,COST_BASED,false,false
5,economic_learning_factor_high,1,2036,DISTRICT_HEATING,SOCIAL_HOUSING,1,0,0,163881,0.0,0.0,0.0,0.0,0.0,MEDIUM,HIGH,MEDIUM,5,COST_BASED,COST_BASED,false,false
5,economic_learning_factor_high,1,2037,DISTRICT_HEATING,SOCIAL_HOUSING,1,0,0,163881,0.0,0.0,0.0,0.0,0.0,MEDIUM,HIGH,MEDIUM,5,COST_BASED,COST_BASED,false,false
5,economic_learning_factor_high,1,2038,DISTRICT_HEATING,SOCIAL_HOUSING,1,0,0,163881,0.0,0.0,0.0,0.0,0.0,MEDIUM,HIGH,MEDIUM,5,COST_BASED,COST_BASED,false,false
5,economic_learning_factor_high,1,2039,DISTRICT_HEATING,SOCIAL_HOUSING,1,0,0,163881,0.0,0.0,0.0,0.0,0.0,MEDIUM,HIGH,MEDIUM,5,COST_BASED,COST_BASED,false,false
5,economic_learning_factor_high,1,2040,DISTRICT_HEATING,SOCIAL_HOUSING,1,0,0,163881,0.0,0.0,0.0,0.0,0.0,MEDIUM,HIGH,MEDIUM,5,COST_BASED,COST_BASED,false,false
5,economic_learning_factor_high,1,2041,DISTRICT_HEATING,SOCIAL_HOUSING,1,0,0,163881,0.0,0.0,0.0,0.0,0.0,MEDIUM,HIGH,MEDIUM,5,COST_BASED,COST_BASED,false,false
5,economic_learning_factor_high,1,2042,DISTRICT_HEATING,SOCIAL_HOUSING,0,0,1,163881,0.0,0.0,0.0,0.0,0.0,MEDIUM,HIGH,MEDIUM,5,COST_BASED,COST_BASED,false,false
5,economic_learning_factor_high,1,2043,DISTRICT_HEATING,SOCIAL_HOUSING,0,0,0,163881,0.0,0.0,0.0,0.0,0.0,MEDIUM,HIGH,MEDIUM,5,COST_BASED,COST_BASED,false,false
5,economic_learning_factor_high,1,2044,DISTRICT_HEATING,SOCIAL_HOUSING,0,0,0,163881,0.0,0.0,0.0,0.0,0.0,MEDIUM,HIGH,MEDIUM,5,COST_BASED,COST_BASED,false,false
5,economic_learning_factor_high,1,2045,DISTRICT_HEATING,SOCIAL_HOUSING,0,0,0,163881,0.0,0.0,0.0,0.0,0.0,MEDIUM,HIGH,MEDIUM,5,COST_BASED,COST_BASED,false,false
5,economic_learning_factor_high,1,2046,DISTRICT_HEATING,SOCIAL_HOUSING,0,0,0,163881,0.0,0.0,0.0,0.0,0.0,MEDIUM,HIGH,MEDIUM,5,COST_BASED,COST_BASED,false,false
5,economic_learning_factor_high,1,2047,DISTRICT_HEATING,SOCIAL_HOUSING,0,0,0,163881,0.0,0.0,0.0,0.0,0.0,MEDIUM,HIGH,MEDIUM,5,COST_BASED,COST_BASED,false,false
5,economic_learning_factor_high,1,2048,DISTRICT_HEATING,SOCIAL_HOUSING,0,0,0,163881,0.0,0.0,0.0,0.0,0.0,MEDIUM,HIGH,MEDIUM,5,COST_BASED,COST_BASED,false,false
5,economic_learning_factor_high,1,2049,DISTRICT_HEATING,SOCIAL_HOUSING,0,0,0,163881,0.0,0.0,0.0,0.0,0.0,MEDIUM,HIGH,MEDIUM,5,COST_BASED,COST_BASED,false,false
5,economic_learning_factor_high,1,2050,DISTRICT_HEATING,SOCIAL_HOUSING,0,0,0,163881,0.0,0.0,0.0,0.0,0.0,MEDIUM,HIGH,MEDIUM,5,COST_BASED,COST_BASED,false,false
5,economic_learning_factor_high,1,2024,DISTRICT_HEATING,PRIVATELY_RENTED,91272,91272,0,91272,0.0,0.0,0.0,0.0,0.0,MEDIUM,HIGH,MEDIUM,5,COST_BASED,COST_BASED,false,false
5,economic_learning_factor_high,1,2025,DISTRICT_HEATING,PRIVATELY_RENTED,96404,7829,2697,99101,0.0,0.0,0.0,0.0,0.0,MEDIUM,HIGH,MEDIUM,5,COST_BASED,COST_BASED,false,false
5,economic_learning_factor_high,1,2026,DISTRICT_HEATING,PRIVATELY_RENTED,128807,34707,2304,133808,0.0,0.0,0.0,0.0,0.0,MEDIUM,HIGH,MEDIUM,5,COST_BASED,COST_BASED,false,false
5,economic_learning_factor_high,1,2027,DISTRICT_HEATING,PRIVATELY_RENTED,164243,38059,2623,171867,0.0,0.0,0.0,0.0,0.0,MEDIUM,HIGH,MEDIUM,5,COST_BASED,COST_BASED,false,false
5,economic_learning_factor_high,1,2028,DISTRICT_HEATING,PRIVATELY_RENTED,204590,42867,2520,214734,0.0,0.0,0.0,0.0,0.0,MEDIUM,HIGH,MEDIUM,5,COST_BASED,COST_BASED,false,false
5,economic_learning_factor_high,1,2029,DISTRICT_HEATING,PRIVATELY_RENTED,245578,43347,2359,258081,0.0,0.0,0.0,0.0,0.0,MEDIUM,HIGH,MEDIUM,5,COST_BASED,COST_BASED,false,false
5,economic_learning_factor_high,1,2030,DISTRICT_HEATING,PRIVATELY_RENTED,289223,46550,2905,304631,0.0,0.0,0.0,0.0,0.0,MEDIUM,HIGH,MEDIUM,5,COST_BASED,COST_BASED,false,false
5,economic_learning_factor_high,1,2031,DISTRICT_HEATING,PRIVATELY_RENTED,335285,48961,2899,353592,0.0,0.0,0.0,0.0,0.0,MEDIUM,HIGH,MEDIUM,5,COST_BASED,COST_BASED,false,false
5,economic_learning_factor_high,1,2032,DISTRICT_HEATING,PRIVATELY_RENTED,382360,50093,3018,403685,0.0,0.0,0.0,0.0,0.0,MEDIUM,HIGH,MEDIUM,5,COST_BASED,COST_BASED,false,false
5,economic_learning_factor_high,1,2033,DISTRICT_HEATING,PRIVATELY_RENTED,429978,50483,2865,454168,0.0,0.0,0.0,0.0,0.0,MEDIUM,HIGH,MEDIUM,5,COST_BASED,COST_BASED,false,false
5,economic_learning_factor_high,1,2034,DISTRICT_HEATING,PRIVATELY_RENTED,475841,48917,3054,503085,0.0,0.0,0.0,0.0,0.0,MEDIUM,HIGH,MEDIUM,5,COST_BASED,COST_BASED,false,false
5,economic_learning_factor_high,1,2035,DISTRICT_HEATING,PRIVATELY_RENTED,521994,49576,3423,552661,0.0,0.0,0.0,0.0,0.0,MEDIUM,HIGH,MEDIUM,5,COST_BASED,COST_BASED,false,false
5,economic_learning_factor_high,1,2036,DISTRICT_HEATING,PRIVATELY_RENTED,560582,42180,3592,594841,0.0,0.0,0.0,0.0,0.0,MEDIUM,HIGH,MEDIUM,5,COST_BASED,COST_BASED,false,false
5,economic_learning_factor_high,1,2037,DISTRICT_HEATING,PRIVATELY_RENTED,564135,7337,3784,602178,0.0,0.0,0.0,0.0,0.0,MEDIUM,HIGH,MEDIUM,5,COST_BASED,COST_BASED,false,false
5,economic_learning_factor_high,1,2038,DISTRICT_HEATING,PRIVATELY_RENTED,567305,7128,3958,609306,0.0,0.0,0.0,0.0,0.0,MEDIUM,HIGH,MEDIUM,5,COST_BASED,COST_BASED,false,false
5,economic_learning_factor_high,1,2039,DISTRICT_HEATING,PRIVATELY_RENTED,568980,5695,4020,615001,0.0,0.0,0.0,0.0,0.0,MEDIUM,HIGH,MEDIUM,5,COST_BASED,COST_BASED,false,false
5,economic_learning_factor_high,1,2040,DISTRICT_HEATING,PRIVATELY_RENTED,568165,2947,3762,617948,0.0,0.0,0.0,0.0,0.0,MEDIUM,HIGH,MEDIUM,5,COST_BASED,COST_BASED,false,false
5,economic_learning_factor_high,1,2041,DISTRICT_HEATING,PRIVATELY_RENTED,567124,3302,4343,621250,0.0,0.0,0.0,0.0,0.0,MEDIUM,HIGH,MEDIUM,5,COST_BASED,COST_BASED,false,false
5,economic_learning_factor_high,1,2042,DISTRICT_HEATING,PRIVATELY_RENTED,566306,2449,3267,623699,0.0,0.0,0.0,0.0,0.0,MEDIUM,HIGH,MEDIUM,5,COST_BASED,COST_BASED,false,false
5,economic_learning_factor_high,1,2043,DISTRICT_HEATING,PRIVATELY_RENTED,565458,2503,3351,626202,0.0,0.0,0.0,0.0,0.0,MEDIUM,HIGH,MEDIUM,5,COST_BASED,COST_BASED,false,false
5,economic_learning_factor_high,1,2044,DISTRICT_HEATING,PRIVATELY_RENTED,564787,1850,2521,628052,0.0,0.0,0.0,0.0,0.0,MEDIUM,HIGH,MEDIUM,5,COST_BASED,COST_BASED,false,false
5,economic_learning_factor_high,1,2045,DISTRICT_HEATING,PRIVATELY_RENTED,563958,1970,2799,630022,0.0,0.0,0.0,0.0,0.0,MEDIUM,HIGH,MEDIUM,5,COST_BASED,COST_BASED,false,false
5,economic_learning_factor_high,1,2046,DISTRICT_HEATING,PRIVATELY_RENTED,563069,2189,3078,632211,0.0,0.0,0.0,0.0,0.0,MEDIUM,HIGH,MEDIUM,5,COST_BASED,COST_BASED,false,false
5,economic_learning_factor_high,1,2047,DISTRICT_HEATING,PRIVATELY_RENTED,562151,2740,3658,634951,0.0,0.0,0.0,0.0,0.0,MEDIUM,HIGH,MEDIUM,5,COST_BASED,COST_BASED,false,false
5,economic_learning_factor_high,1,2048,DISTRICT_HEATING,PRIVATELY_RENTED,561287,2569,3433,637520,0.0,0.0,0.0,0.0,0.0,MEDIUM,HIGH,MEDIUM,5,COST_BASED,COST_BASED,false,false
5,economic_learning_factor_high,1,2049,DISTRICT_HEATING,PRIVATELY_RENTED,560384,2450,3353,639970,0.0,0.0,0.0,0.0,0.0,MEDIUM,HIGH,MEDIUM,5,COST_BASED,COST_BASED,false,false
5,economic_learning_factor_high,1,2050,DISTRICT_HEATING,PRIVATELY_RENTED,559414,2895,3865,642865,0.0,0.0,0.0,0.0,0.0,MEDIUM,HIGH,MEDIUM,5,COST_BASED,COST_BASED,false,false
5,economic_learning_factor_high,1,2024,0.0027809469480889904,0.0027809469480889904,ELECTRIC_HEAT_PUMP,TOTAL,399204,399204,0,399204,0.0,0.0,0.0,0.0,0.0,MEDIUM,HIGH,MEDIUM,5,COST_BASED,COST_BASED,false,false
5,economic_learning_factor_high,1,2025,0.006417569880205362,0.006417569880205362,ELECTRIC_HEAT_PUMP,TOTAL,774773,415181,39612,814385,0.4679990589070776,0.44954714785571415,0.05186477173739613,1704.7120101080784,0.4433965108385958,MEDIUM,HIGH,MEDIUM,5,COST_BASED,COST_BASED,false,false
5,economic_learning_factor_high,1,2026,0.010482030804335424,0.010482030804335424,ELECTRIC_HEAT_PUMP,TOTAL,968219,216467,23021,1030852,0.5263917287608135,0.5081933116811022,0.08327473875378691,1668.7430196036116,0.502127172654537,MEDIUM,HIGH,MEDIUM,5,COST_BASED,COST_BASED,false,false
5,economic_learning_factor_high,1,2027,0.014689104392470051,0.014689104392470051,ELECTRIC_HEAT_PUMP,TOTAL,1164481,219502,23240,1250354,0.5443606382607692,0.5259342570745739,0.10584999078726424,1643.3413566214415,0.519792130012538,MEDIUM,HIGH,MEDIUM,5,COST_BASED,COST_BASED,false,false
5,economic_learning_factor_high,1,2028,0.01946662863662293,0.01946662863662293,ELECTRIC_HEAT_PUMP,TOTAL,1372494,231000,22987,1481354,0.5628774574198582,0.5455100706748296,0.13107103447199034,1635.286349153349,0.5397209417597945,MEDIUM,HIGH,MEDIUM,5,COST_BASED,COST_BASED,false,false
5,economic_learning_factor_high,1,2029,0.02488590986879635,0.02488590986879635,ELECTRIC_HEAT_PUMP,TOTAL,1581292,230993,22195,1712347,0.5713933366106516,0.5580724260566183,0.15667273365891946,1617.8402329485596,0.5536321225386165,MEDIUM,HIGH,MEDIUM,5,COST_BASED,COST_BASED,false,false
5,economic_learning_factor_high,1,2030,0.030590416428978893,0.030590416428978893,ELECTRIC_HEAT_PUMP,TOTAL,1782546,224004,22750,1936351,0.573317905744608,0.5587560948067173,0.18049844979168675,1576.695509695787,0.5539021578274144,MEDIUM,HIGH,MEDIUM,5,COST_BASED,COST_BASED,false,false
5,economic_learning_factor_high,1,2031,0.03650884198516828,0.03650884198516828,ELECTRIC_HEAT_PUMP,TOTAL,1988749,230459,24256,2166810,0.5812629617222641,0.5695248030155519,0.20680836434353814,1557.1436940079984,0.5656120834466333,MEDIUM,HIGH,MEDIUM,5,COST_BASED,COST_BASED,false,false
5,economic_learning_factor_high,1,2032,0.04256988020536224,0.04256988020536224,ELECTRIC_HEAT_PUMP,TOTAL,2191768,228290,25271,2395100,0.5858878210467812,0.5733153022880948,0.23262232298669286,1540.9332591820905,0.5691244627018327,MEDIUM,HIGH,MEDIUM,5,COST_BASED,COST_BASED,false,false
5,economic_learning_factor_high,1,2033,0.04920136908157444,0.04920136908157444,ELECTRIC_HEAT_PUMP,TOTAL,2392027,226450,26191,2621550,0.589193630075424,0.5774658052716322,0.25789722246988384,1515.7811204677762,0.57355653033705,MEDIUM,HIGH,MEDIUM,5,COST_BASED,COST_BASED,false,false
5,economic_learning_factor_high,1,2034,0.05618938961779806,0.05618938961779806,ELECTRIC_HEAT_PUMP,TOTAL,2606196,242196,28027,2863746,0.6010044893784731,0.593711631827827,0.28910407828800816,1479.9749418844392,0.5912806793109692,MEDIUM,HIGH,MEDIUM,5,COST_BASED,COST_BASED,false,false
5,economic_learning_factor_high,1,2035,0.06339132915002853,0.06339132915002853,ELECTRIC_HEAT_PUMP,TOTAL,2813718,236446,28924,3100192,0.6014076416001125,0.5924851050566449,0.3159587768902527,1457.7624695544594,0.5895109262088106,MEDIUM,HIGH,MEDIUM,5,COST_BASED,COST_BASED,false,false
5,economic_learning_factor_high,1,2036,0.07059326868225899,0.07059326868225899,ELECTRIC_HEAT_PUMP,TOTAL,2942267,160038,31489,3260230,0.6187735293092556,0.6161747059178783,0.34716740799997003,1423.30525776094,0.6153084314540492,MEDIUM,HIGH,MEDIUM,5,COST_BASED,COST_BASED,false,false
5,economic_learning_factor_high,1,2037,0.07779520821448944,0.07779520821448944,ELECTRIC_HEAT_PUMP,TOTAL,2932823,26683,36127,3286913,0.6119453198786942,0.6902032267474818,0.3796771190807727,1185.3406598773786,0.7162891957037429,MEDIUM,HIGH,MEDIUM,5,COST_BASED,COST_BASED,false,false
5,economic_learning_factor_high,1,2038,0.0849971477467199,0.0849971477467199,ELECTRIC_HEAT_PUMP,TOTAL,2922188,20476,31111,3307389,0.6170275153103537,0.6658827342273104,0.37271277506818157,1206.8667027733352,0.6821678071996218,MEDIUM,HIGH,MEDIUM,5,COST_BASED,COST_BASED,false,false
5,economic_learning_factor_high,1,2039,0.09219908727895038,0.09219908727895038,ELECTRIC_HEAT_PUMP,TOTAL,2920558,12372,14002,3319761,0.5892792286439595,0.658116152539985,0.36591761765774133,1274.9306607485573,0.681061793838653,MEDIUM,HIGH,MEDIUM,5,COST_BASED,COST_BASED,false,false
5,economic_learning_factor_high,1,2040,0.09940102681118083,0.09940102681118083,ELECTRIC_HEAT_PUMP,TOTAL,2927206,421830,415182,3741591,0.47502536587533745,0.4922122570384837,0.2707025395033963,936.9293948121618,0.4979412207595634,MEDIUM,HIGH,MEDIUM,5,COST_BASED,COST_BASED,false,false
5,economic_learning_factor_high,1,2041,0.10660296634341129,0.10660296634341129,ELECTRIC_HEAT_PUMP,TOTAL,2930786,220047,216467,3961638,0.5301569102855799,0.5488786129247544,0.30319423082057884,1044.7172085460938,0.555119180471136,MEDIUM,HIGH,MEDIUM,5,COST_BASED,COST_BASED,false,false
5,economic_learning_factor_high,1,2042,0.11380490587564175,0.11380490587564175,ELECTRIC_HEAT_PUMP,TOTAL,2935698,224414,219502,4186052,0.5495248515132073,0.5681584763953172,0.31430034689677927,1065.1925959301718,0.5743696846893351,MEDIUM,HIGH,MEDIUM,5,COST_BASED,COST_BASED,false,false
5,economic_learning_factor_high,1,2043,0.12100684540787222,0.12100684540787222,ELECTRIC_HEAT_PUMP,TOTAL,2938968,234270,231000,4420322,0.5679911519806172,0.588129872806573,0.32442327669043997,1077.983709020669,0.5948427797485811,MEDIUM,HIGH,MEDIUM,5,COST_BASED,COST_BASED,false,false
5,economic_learning_factor_high,1,2044,0.12820878494010268,0.12820878494010268,ELECTRIC_HEAT_PUMP,TOTAL,2941344,233369,230993,4653691,0.5764001338064795,0.5980935289668556,0.3298841135516332,1088.2742321914125,0.6053246606869781,MEDIUM,HIGH,MEDIUM,5,COST_BASED,COST_BASED,false,false
5,economic_learning_factor_high,1,2045,0.13541072447233315,0.13541072447233315,ELECTRIC_HEAT_PUMP,TOTAL,2944884,227544,224004,4881235,0.5782584818894484,0.6004696714868021,0.3312238127854565,1078.674045317807,0.6078734013525828,MEDIUM,HIGH,MEDIUM,5,COST_BASED,COST_BASED,false,false
5,economic_learning_factor_high,1,2046,0.1426126640045636,0.1426126640045636,ELECTRIC_HEAT_PUMP,TOTAL,2947119,232694,230459,5113929,0.5852684879390518,0.6061479949608594,0.3357404277413952,1076.1096008453624,0.6131078306347996,MEDIUM,HIGH,MEDIUM,5,COST_BASED,COST_BASED,false,false
5,economic_learning_factor_high,1,2047,0.14981460353679407,0.14981460353679407,ELECTRIC_HEAT_PUMP,TOTAL,2951298,232469,228290,5346398,0.5907061567000507,0.6155261041657004,0.3392000880546565,1075.127496893599,0.6237994199875845,MEDIUM,HIGH,MEDIUM,5,COST_BASED,COST_BASED,false,false
5,economic_learning_factor_high,1,2048,0.15701654306902452,0.15701654306902452,ELECTRIC_HEAT_PUMP,TOTAL,2955076,230228,226450,5576626,0.5956137014398845,0.619058201795688,0.34109929921309,1067.1535745838767,0.6268730352476384,MEDIUM,HIGH,MEDIUM,5,COST_BASED,COST_BASED,false,false
5,economic_learning_factor_high,1,2049,0.164218482601255,0.164218482601255,ELECTRIC_HEAT_PUMP,TOTAL,2958529,245649,242196,5822275,0.6044758617161669,0.6320381354168857,0.3486169065646041,1045.8035031569668,0.6412255599838118,MEDIUM,HIGH,MEDIUM,5,COST_BASED,COST_BASED,false,false
5,economic_learning_factor_high,1,2050,0.0,0.0,ELECTRIC_HEAT_PUMP,TOTAL,2961873,239790,236446,6062065,0.6067466807318457,0.6297728757769148,0.34904251672675657,1032.4045989557026,0.637448274125272,MEDIUM,HIGH,MEDIUM,5,COST_BASED,COST_BASED,false,false
5,economic_learning_factor_high,1,2024,ELECTRIC_HEAT_PUMP,PRIVATELY_OWNED,328905,328905,0,328905,0.0,0.0,0.0,0.0,0.0,MEDIUM,HIGH,MEDIUM,5,COST_BASED,COST_BASED,false,false
5,economic_learning_factor_high,1,2025,ELECTRIC_HEAT_PUMP,PRIVATELY_OWNED,571551,272074,29428,600979,0.7141598141538676,0.6860024640130378,0.07914489364916846,2601.365941136169,0.6766166806327655,MEDIUM,HIGH,MEDIUM,5,COST_BASED,COST_BASED,false,false
5,economic_learning_factor_high,1,2026,ELECTRIC_HEAT_PUMP,PRIVATELY_OWNED,712538,159512,18525,760491,0.7143439888514157,0.6896476854385447,0.11300863178830428,2264.5806912616918,0.6814155843009282,MEDIUM,HIGH,MEDIUM,5,COST_BASED,COST_BASED,false,false
5,economic_learning_factor_high,1,2027,ELECTRIC_HEAT_PUMP,PRIVATELY_OWNED,861096,167273,18715,927764,0.7143307576208675,0.6901509585909449,0.13890038845352254,2156.455103101634,0.682091025581009,MEDIUM,HIGH,MEDIUM,5,COST_BASED,COST_BASED,false,false
5,economic_learning_factor_high,1,2028,ELECTRIC_HEAT_PUMP,PRIVATELY_OWNED,1024560,181926,18462,1109690,0.7147119854445612,0.6926597975324342,0.16642705805123936,2076.4000013985005,0.6853090682283595,MEDIUM,HIGH,MEDIUM,5,COST_BASED,COST_BASED,false,false
5,economic_learning_factor_high,1,2029,ELECTRIC_HEAT_PUMP,PRIVATELY_OWNED,1191329,184902,18133,1294592,0.7138260321884254,0.6971845837908538,0.19572695139087073,2021.1234542053987,0.691637434325008,MEDIUM,HIGH,MEDIUM,5,COST_BASED,COST_BASED,false,false
5,economic_learning_factor_high,1,2030,ELECTRIC_HEAT_PUMP,PRIVATELY_OWNED,1352344,179836,18821,1474428,0.7141256709358258,0.6959874566887825,0.2248291484860484,1963.934367723343,0.6899413852730939,MEDIUM,HIGH,MEDIUM,5,COST_BASED,COST_BASED,false,false
5,economic_learning_factor_high,1,2031,ELECTRIC_HEAT_PUMP,PRIVATELY_OWNED,1519929,187580,19995,1662008,0.7141341342123427,0.6997127443126191,0.2540827851489895,1913.091899868799,0.6949056143460265,MEDIUM,HIGH,MEDIUM,5,COST_BASED,COST_BASED,false,false
5,economic_learning_factor_high,1,2032,ELECTRIC_HEAT_PUMP,PRIVATELY_OWNED,1686194,187283,21018,1849291,0.7141722989634386,0.6988469341015958,0.28355670356963586,1878.33200951864,0.6937384791476076,MEDIUM,HIGH,MEDIUM,5,COST_BASED,COST_BASED,false,false
5,economic_learning_factor_high,1,2033,ELECTRIC_HEAT_PUMP,PRIVATELY_OWNED,1851523,186741,21412,2036032,0.7144810059418112,0.7002593517425798,0.3127370316551009,1838.1000140832914,0.6955188003428544,MEDIUM,HIGH,MEDIUM,5,COST_BASED,COST_BASED,false,false
5,economic_learning_factor_high,1,2034,ELECTRIC_HEAT_PUMP,PRIVATELY_OWNED,2032390,203903,23036,2239935,0.7138731814122826,0.7052107246199046,0.34339784772682314,1757.9143564569608,0.7023232390224738,MEDIUM,HIGH,MEDIUM,5,COST_BASED,COST_BASED,false,false
5,economic_learning_factor_high,1,2035,ELECTRIC_HEAT_PUMP,PRIVATELY_OWNED,2207775,199103,23718,2439038,0.7142053672007965,0.7036093537024728,0.3752188011260136,1731.1748435547113,0.7000773492030178,MEDIUM,HIGH,MEDIUM,5,COST_BASED,COST_BASED,false,false
5,economic_learning_factor_high,1,2036,ELECTRIC_HEAT_PUMP,PRIVATELY_OWNED,2320133,138685,26327,2577723,0.7140446197036062,0.7110456616482346,0.4006199491040791,1642.4481871979328,0.7100460089630684,MEDIUM,HIGH,MEDIUM,5,COST_BASED,COST_BASED,false,false
5,economic_learning_factor_high,1,2037,ELECTRIC_HEAT_PUMP,PRIVATELY_OWNED,2313427,25286,31992,2603009,0.645754052452867,0.7283355492882645,0.4006535066215399,1250.8283171521036,0.7558627149000623,MEDIUM,HIGH,MEDIUM,5,COST_BASED,COST_BASED,false,false
5,economic_learning_factor_high,1,2038,ELECTRIC_HEAT_PUMP,PRIVATELY_OWNED,2305060,19037,27404,2622046,0.663668403818606,0.7162165712054633,0.40088600001555313,1298.0933238423497,0.7337326270010744,MEDIUM,HIGH,MEDIUM,5,COST_BASED,COST_BASED,false,false
5,economic_learning_factor_high,1,2039,ELECTRIC_HEAT_PUMP,PRIVATELY_OWNED,2304579,11437,11918,2633483,0.6374541065649267,0.7119186009639499,0.39583219075470627,1379.1590569888215,0.7367400990969497,MEDIUM,HIGH,MEDIUM,5,COST_BASED,COST_BASED,false,false
5,economic_learning_factor_high,1,2040,ELECTRIC_HEAT_PUMP,PRIVATELY_OWNED,2310599,278095,272075,2911578,0.7205449579718931,0.7466149926699278,0.4106167037836626,1421.1867405513015,0.7553050042359863,MEDIUM,HIGH,MEDIUM,5,COST_BASED,COST_BASED,false,false
5,economic_learning_factor_high,1,2041,ELECTRIC_HEAT_PUMP,PRIVATELY_OWNED,2313544,162457,159512,3074035,0.718094250402328,0.7434526806370512,0.4106747072109907,1415.062986445289,0.7519054907152789,MEDIUM,HIGH,MEDIUM,5,COST_BASED,COST_BASED,false,false
5,economic_learning_factor_high,1,2042,ELECTRIC_HEAT_PUMP,PRIVATELY_OWNED,2317840,171569,167273,3245604,0.7187841045147136,0.7431570757058601,0.4111080559337283,1393.2827680004757,0.7512813994362179,MEDIUM,HIGH,MEDIUM,5,COST_BASED,COST_BASED,false,false
5,economic_learning_factor_high,1,2043,ELECTRIC_HEAT_PUMP,PRIVATELY_OWNED,2320511,184597,181926,3430201,0.7208312549743452,0.7463890816340236,0.4117219728937598,1368.057138048138,0.7549083571872788,MEDIUM,HIGH,MEDIUM,5,COST_BASED,COST_BASED,false,false
5,economic_learning_factor_high,1,2044,ELECTRIC_HEAT_PUMP,PRIVATELY_OWNED,2322330,186721,184902,3616922,0.7204006128195773,0.7475136099392471,0.41229816515245254,1360.154826143164,0.7565512756457999,MEDIUM,HIGH,MEDIUM,5,COST_BASED,COST_BASED,false,false
5,economic_learning_factor_high,1,2045,ELECTRIC_HEAT_PUMP,PRIVATELY_OWNED,2325280,182786,179836,3799708,0.7198540807449839,0.7475040261770206,0.41232912398353216,1342.804191610928,0.7567206746543613,MEDIUM,HIGH,MEDIUM,5,COST_BASED,COST_BASED,false,false
5,economic_learning_factor_high,1,2046,ELECTRIC_HEAT_PUMP,PRIVATELY_OWNED,2326909,189209,187580,3988917,0.7197779467810186,0.7454560910919786,0.41290204531949437,1323.4267263138158,0.7540154725289709,MEDIUM,HIGH,MEDIUM,5,COST_BASED,COST_BASED,false,false
5,economic_learning_factor_high,1,2047,ELECTRIC_HEAT_PUMP,PRIVATELY_OWNED,2330512,190886,187283,4179803,0.7193868043853613,0.7496135804055626,0.4130921349390628,1309.3354885919243,0.7596891724122974,MEDIUM,HIGH,MEDIUM,5,COST_BASED,COST_BASED,false,false
5,economic_learning_factor_high,1,2048,ELECTRIC_HEAT_PUMP,PRIVATELY_OWNED,2333713,189942,186741,4369745,0.7219411781233308,0.7503581708259242,0.4134452067432758,1293.4929250471025,0.7598305017268077,MEDIUM,HIGH,MEDIUM,5,COST_BASED,COST_BASED,false,false
5,economic_learning_factor_high,1,2049,ELECTRIC_HEAT_PUMP,PRIVATELY_OWNED,2336598,206788,203903,4576533,0.7180730552774566,0.7508150179266811,0.4141313542405189,1242.3379729336602,0.7617290054764464,MEDIUM,HIGH,MEDIUM,5,COST_BASED,COST_BASED,false,false
5,economic_learning_factor_high,1,2050,ELECTRIC_HEAT_PUMP,PRIVATELY_OWNED,2339419,201924,199103,4778457,0.7205274587106499,0.7478716640050038,0.4144970636769723,1226.0073036567617,0.7569863991031229,MEDIUM,HIGH,MEDIUM,5,COST_BASED,COST_BASED,false,false
5,economic_learning_factor_high,1,2024,ELECTRIC_HEAT_PUMP,SOCIAL_HOUSING,3982,3982,0,3982,0.0,0.0,0.0,0.0,0.0,MEDIUM,HIGH,MEDIUM,5,COST_BASED,COST_BASED,false,false
5,economic_learning_factor_high,1,2025,ELECTRIC_HEAT_PUMP,SOCIAL_HOUSING,162,0,3820,3982,0.0,0.0,0.0,0.0,0.0,MEDIUM,HIGH,MEDIUM,5,COST_BASED,COST_BASED,false,false
5,economic_learning_factor_high,1,2026,ELECTRIC_HEAT_PUMP,SOCIAL_HOUSING,63,0,99,3982,0.0,0.0,0.0,0.0,0.0,MEDIUM,HIGH,MEDIUM,5,COST_BASED,COST_BASED,false,false
5,economic_learning_factor_high,1,2027,ELECTRIC_HEAT_PUMP,SOCIAL_HOUSING,29,0,34,3982,0.0,0.0,0.0,0.0,0.0,MEDIUM,HIGH,MEDIUM,5,COST_BASED,COST_BASED,false,false
5,economic_learning_factor_high,1,2028,ELECTRIC_HEAT_PUMP,SOCIAL_HOUSING,15,0,14,3982,0.0,0.0,0.0,0.0,0.0,MEDIUM,HIGH,MEDIUM,5,COST_BASED,COST_BASED,false,false
5,economic_learning_factor_high,1,2029,ELECTRIC_HEAT_PUMP,SOCIAL_HOUSING,5,0,10,3982,0.0,0.0,0.0,0.0,0.0,MEDIUM,HIGH,MEDIUM,5,COST_BASED,COST_BASED,false,false
5,economic_learning_factor_high,1,2030,ELECTRIC_HEAT_PUMP,SOCIAL_HOUSING,3,0,2,3982,0.0,0.0,0.0,0.0,0.0,MEDIUM,HIGH,MEDIUM,5,COST_BASED,COST_BASED,false,false
5,economic_learning_factor_high,1,2031,ELECTRIC_HEAT_PUMP,SOCIAL_HOUSING,3,0,0,3982,0.0,0.0,0.0,0.0,0.0,MEDIUM,HIGH,MEDIUM,5,COST_BASED,COST_BASED,false,false
5,economic_learning_factor_high,1,2032,ELECTRIC_HEAT_PUMP,SOCIAL_HOUSING,1,0,2,3982,0.0,0.0,0.0,0.0,0.0,MEDIUM,HIGH,MEDIUM,5,COST_BASED,COST_BASED,false,false
5,economic_learning_factor_high,1,2033,ELECTRIC_HEAT_PUMP,SOCIAL_HOUSING,1,0,0,3982,0.0,0.0,0.0,0.0,0.0,MEDIUM,HIGH,MEDIUM,5,COST_BASED,COST_BASED,false,false
5,economic_learning_factor_high,1,2034,ELECTRIC_HEAT_PUMP,SOCIAL_HOUSING,1,0,0,3982,0.0,0.0,0.0,0.0,0.0,MEDIUM,HIGH,MEDIUM,5,COST_BASED,COST_BASED,false,false
5,economic_learning_factor_high,1,2035,ELECTRIC_HEAT_PUMP,SOCIAL_HOUSING,1,0,0,3982,0.0,0.0,0.0,0.0,0.0,MEDIUM,HIGH,MEDIUM,5,COST_BASED,COST_BASED,false,false
5,economic_learning_factor_high,1,2036,ELECTRIC_HEAT_PUMP,SOCIAL_HOUSING,1,0,0,3982,0.0,0.0,0.0,0.0,0.0,MEDIUM,HIGH,MEDIUM,5,COST_BASED,COST_BASED,false,false
5,economic_learning_factor_high,1,2037,ELECTRIC_HEAT_PUMP,SOCIAL_HOUSING,1,0,0,3982,0.0,0.0,0.0,0.0,0.0,MEDIUM,HIGH,MEDIUM,5,COST_BASED,COST_BASED,false,false
5,economic_learning_factor_high,1,2038,ELECTRIC_HEAT_PUMP,SOCIAL_HOUSING,1,0,0,3982,0.0,0.0,0.0,0.0,0.0,MEDIUM,HIGH,MEDIUM,5,COST_BASED,COST_BASED,false,false
5,economic_learning_factor_high,1,2039,ELECTRIC_HEAT_PUMP,SOCIAL_HOUSING,0,0,1,3982,0.0,0.0,0.0,0.0,0.0,MEDIUM,HIGH,MEDIUM,5,COST_BASED,COST_BASED,false,false
5,economic_learning_factor_high,1,2040,ELECTRIC_HEAT_PUMP,SOCIAL_HOUSING,0,0,0,3982,0.0,0.0,0.0,0.0,0.0,MEDIUM,HIGH,MEDIUM,5,COST_BASED,COST_BASED,false,false
5,economic_learning_factor_high,1,2041,ELECTRIC_HEAT_PUMP,SOCIAL_HOUSING,0,0,0,3982,0.0,0.0,0.0,0.0,0.0,MEDIUM,HIGH,MEDIUM,5,COST_BASED,COST_BASED,false,false
5,economic_learning_factor_high,1,2042,ELECTRIC_HEAT_PUMP,SOCIAL_HOUSING,0,0,0,3982,0.0,0.0,0.0,0.0,0.0,MEDIUM,HIGH,MEDIUM,5,COST_BASED,COST_BASED,false,false
5,economic_learning_factor_high,1,2043,ELECTRIC_HEAT_PUMP,SOCIAL_HOUSING,0,0,0,3982,0.0,0.0,0.0,0.0,0.0,MEDIUM,HIGH,MEDIUM,5,COST_BASED,COST_BASED,false,false
5,economic_learning_factor_high,1,2044,ELECTRIC_HEAT_PUMP,SOCIAL_HOUSING,0,0,0,3982,0.0,0.0,0.0,0.0,0.0,MEDIUM,HIGH,MEDIUM,5,COST_BASED,COST_BASED,false,false
5,economic_learning_factor_high,1,2045,ELECTRIC_HEAT_PUMP,SOCIAL_HOUSING,0,0,0,3982,0.0,0.0,0.0,0.0,0.0,MEDIUM,HIGH,MEDIUM,5,COST_BASED,COST_BASED,false,false
5,economic_learning_factor_high,1,2046,ELECTRIC_HEAT_PUMP,SOCIAL_HOUSING,0,0,0,3982,0.0,0.0,0.0,0.0,0.0,MEDIUM,HIGH,MEDIUM,5,COST_BASED,COST_BASED,false,false
5,economic_learning_factor_high,1,2047,ELECTRIC_HEAT_PUMP,SOCIAL_HOUSING,0,0,0,3982,0.0,0.0,0.0,0.0,0.0,MEDIUM,HIGH,MEDIUM,5,COST_BASED,COST_BASED,false,false
5,economic_learning_factor_high,1,2048,ELECTRIC_HEAT_PUMP,SOCIAL_HOUSING,0,0,0,3982,0.0,0.0,0.0,0.0,0.0,MEDIUM,HIGH,MEDIUM,5,COST_BASED,COST_BASED,false,false
5,economic_learning_factor_high,1,2049,ELECTRIC_HEAT_PUMP,SOCIAL_HOUSING,0,0,0,3982,0.0,0.0,0.0,0.0,0.0,MEDIUM,HIGH,MEDIUM,5,COST_BASED,COST_BASED,false,false
5,economic_learning_factor_high,1,2050,ELECTRIC_HEAT_PUMP,SOCIAL_HOUSING,0,0,0,3982,0.0,0.0,0.0,0.0,0.0,MEDIUM,HIGH,MEDIUM,5,COST_BASED,COST_BASED,false,false
5,economic_learning_factor_high,1,2024,ELECTRIC_HEAT_PUMP,PRIVATELY_RENTED,66317,66317,0,66317,0.0,0.0,0.0,0.0,0.0,MEDIUM,HIGH,MEDIUM,5,COST_BASED,COST_BASED,false,false
5,economic_learning_factor_high,1,2025,ELECTRIC_HEAT_PUMP,PRIVATELY_RENTED,203060,143107,6364,209424,0.0,0.0,0.0,0.0,0.0,MEDIUM,HIGH,MEDIUM,5,COST_BASED,COST_BASED,false,false
5,economic_learning_factor_high,1,2026,ELECTRIC_HEAT_PUMP,PRIVATELY_RENTED,255618,56955,4397,266379,0.0,0.0,0.0,0.0,0.0,MEDIUM,HIGH,MEDIUM,5,COST_BASED,COST_BASED,false,false
5,economic_learning_factor_high,1,2027,ELECTRIC_HEAT_PUMP,PRIVATELY_RENTED,303356,52229,4491,318608,0.0,0.0,0.0,0.0,0.0,MEDIUM,HIGH,MEDIUM,5,COST_BASED,COST_BASED,false,false
5,economic_learning_factor_high,1,2028,ELECTRIC_HEAT_PUMP,PRIVATELY_RENTED,347919,49074,4511,367682,0.0,0.0,0.0,0.0,0.0,MEDIUM,HIGH,MEDIUM,5,COST_BASED,COST_BASED,false,false
5,economic_learning_factor_high,1,2029,ELECTRIC_HEAT_PUMP,PRIVATELY_RENTED,389958,46091,4052,413773,0.0,0.0,0.0,0.0,0.0,MEDIUM,HIGH,MEDIUM,5,COST_BASED,COST_BASED,false,false
5,economic_learning_factor_high,1,2030,ELECTRIC_HEAT_PUMP,PRIVATELY_RENTED,430199,44168,3927,457941,0.0,0.0,0.0,0.0,0.0,MEDIUM,HIGH,MEDIUM,5,COST_BASED,COST_BASED,false,false
5,economic_learning_factor_high,1,2031,ELECTRIC_HEAT_PUMP,PRIVATELY_RENTED,468817,42879,4261,500820,0.0,0.0,0.0,0.0,0.0,MEDIUM,HIGH,MEDIUM,5,COST_BASED,COST_BASED,false,false
5,economic_learning_factor_high,1,2032,ELECTRIC_HEAT_PUMP,PRIVATELY_RENTED,505573,41007,4251,541827,0.0,0.0,0.0,0.0,0.0,MEDIUM,HIGH,MEDIUM,5,COST_BASED,COST_BASED,false,false
5,economic_learning_factor_high,1,2033,ELECTRIC_HEAT_PUMP,PRIVATELY_RENTED,540503,39709,4779,581536,0.0,0.0,0.0,0.0,0.0,MEDIUM,HIGH,MEDIUM,5,COST_BASED,COST_BASED,false,false
5,economic_learning_factor_high,1,2034,ELECTRIC_HEAT_PUMP,PRIVATELY_RENTED,573805,38293,4991,619829,0.0,0.0,0.0,0.0,0.0,MEDIUM,HIGH,MEDIUM,5,COST_BASED,COST_BASED,false,false
5,economic_learning_factor_high,1,2035,ELECTRIC_HEAT_PUMP,PRIVATELY_RENTED,605942,37343,5206,657172,0.0,0.0,0.0,0.0,0.0,MEDIUM,HIGH,MEDIUM,5,COST_BASED,COST_BASED,false,false
5,economic_learning_factor_high,1,2036,ELECTRIC_HEAT_PUMP,PRIVATELY_RENTED,622133,21353,5162,678525,0.0,0.0,0.0,0.0,0.0,MEDIUM,HIGH,MEDIUM,5,COST_BASED,COST_BASED,false,false
5,economic_learning_factor_high,1,2037,ELECTRIC_HEAT_PUMP,PRIVATELY_RENTED,619395,1397,4135,679922,0.0,0.0,0.0,0.0,0.0,MEDIUM,HIGH,MEDIUM,5,COST_BASED,COST_BASED,false,false
5,economic_learning_factor_high,1,2038,ELECTRIC_HEAT_PUMP,PRIVATELY_RENTED,617127,1439,3707,681361,0.0,0.0,0.0,0.0,0.0,MEDIUM,HIGH,MEDIUM,5,COST_BASED,COST_BASED,false,false
5,economic_learning_factor_high,1,2039,ELECTRIC_HEAT_PUMP,PRIVATELY_RENTED,615979,935,2083,682296,0.0,0.0,0.0,0.0,0.0,MEDIUM,HIGH,MEDIUM,5,COST_BASED,COST_BASED,false,false
5,economic_learning_factor_high,1,2040,ELECTRIC_HEAT_PUMP,PRIVATELY_RENTED,616607,143735,143107,826031,0.0,0.0,0.0,0.0,0.0,MEDIUM,HIGH,MEDIUM,5,COST_BASED,COST_BASED,false,false
5,economic_learning_factor_high,1,2041,ELECTRIC_HEAT_PUMP,PRIVATELY_RENTED,617242,57590,56955,883621,0.0,0.0,0.0,0.0,0.0,MEDIUM,HIGH,MEDIUM,5,COST_BASED,COST_BASED,false,false
5,economic_learning_factor_high,1,2042,ELECTRIC_HEAT_PUMP,PRIVATELY_RENTED,617858,52845,52229,936466,0.0,0.0,0.0,0.0,0.0,MEDIUM,HIGH,MEDIUM,5,COST_BASED,COST_BASED,false,false
5,economic_learning_factor_high,1,2043,ELECTRIC_HEAT_PUMP,PRIVATELY_RENTED,618457,49673,49074,986139,0.0,0.0,0.0,0.0,0.0,MEDIUM,HIGH,MEDIUM,5,COST_BASED,COST_BASED,false,false
5,economic_learning_factor_high,1,2044,ELECTRIC_HEAT_PUMP,PRIVATELY_RENTED,619014,46648,46091,1032787,0.0,0.0,0.0,0.0,0.0,MEDIUM,HIGH,MEDIUM,5,COST_BASED,COST_BASED,false,false
5,economic_learning_factor_high,1,2045,ELECTRIC_HEAT_PUMP,PRIVATELY_RENTED,619604,44758,44168,1077545,0.0,0.0,0.0,0.0,0.0,MEDIUM,HIGH,MEDIUM,5,COST_BASED,COST_BASED,false,false
5,economic_learning_factor_high,1,2046,ELECTRIC_HEAT_PUMP,PRIVATELY_RENTED,620210,43485,42879,1121030,0.0,0.0,0.0,0.0,0.0,MEDIUM,HIGH,MEDIUM,5,COST_BASED,COST_BASED,false,false
5,economic_learning_factor_high,1,2047,ELECTRIC_HEAT_PUMP,PRIVATELY_RENTED,620786,41583,41007,1162613,0.0,0.0,0.0,0.0,0.0,MEDIUM,HIGH,MEDIUM,5,COST_BASED,COST_BASED,false,false
5,economic_learning_factor_high,1,2048,ELECTRIC_HEAT_PUMP,PRIVATELY_RENTED,621363,40286,39709,1202899,0.0,0.0,0.0,0.0,0.0,MEDIUM,HIGH,MEDIUM,5,COST_BASED,COST_BASED,false,false
5,economic_learning_factor_high,1,2049,ELECTRIC_HEAT_PUMP,PRIVATELY_RENTED,621931,38861,38293,1241760,0.0,0.0,0.0,0.0,0.0,MEDIUM,HIGH,MEDIUM,5,COST_BASED,COST_BASED,false,false
5,economic_learning_factor_high,1,2050,ELECTRIC_HEAT_PUMP,PRIVATELY_RENTED,622454,37866,37343,1279626,0.0,0.0,0.0,0.0,0.0,MEDIUM,HIGH,MEDIUM,5,COST_BASED,COST_BASED,false,false
5,economic_learning_factor_high,1,2024,0.0027809469480889904,0.0027809469480889904,HYBRID_HEAT_PUMP,TOTAL,156203,156203,0,156203,0.0,0.0,0.0,0.0,0.0,MEDIUM,HIGH,MEDIUM,5,COST_BASED,COST_BASED,false,false
5,economic_learning_factor_high,1,2025,0.006417569880205362,0.006417569880205362,HYBRID_HEAT_PUMP,TOTAL,2106158,1967843,17888,2124046,0.145696459678819,0.1356250463609711,0.010602195916862643,372.1514309040161,0.13226790858835236,MEDIUM,HIGH,MEDIUM,5,COST_BASED,COST_BASED,false,false
5,economic_learning_factor_high,1,2026,0.010482030804335424,0.010482030804335424,HYBRID_HEAT_PUMP,TOTAL,2322435,1819398,1603121,3943444,0.09385710022447899,0.08795336237419923,0.01310882696922741,204.14916980812814,0.08598544975743948,MEDIUM,HIGH,MEDIUM,5,COST_BASED,COST_BASED,false,false
5,economic_learning_factor_high,1,2027,0.014689104392470051,0.014689104392470051,HYBRID_HEAT_PUMP,TOTAL,2535331,1818798,1605902,5762242,0.09332845864582444,0.08717620136351176,0.017681236663700077,195.87479686286426,0.08512544893607693,MEDIUM,HIGH,MEDIUM,5,COST_BASED,COST_BASED,false,false
5,economic_learning_factor_high,1,2028,0.01946662863662293,0.01946662863662293,HYBRID_HEAT_PUMP,TOTAL,2733418,1804488,1606401,7566730,0.08785801294155131,0.08157711215934767,0.020857223231800302,180.30873126420656,0.07948347856528024,MEDIUM,HIGH,MEDIUM,5,COST_BASED,COST_BASED,false,false
5,economic_learning_factor_high,1,2029,0.02488590986879635,0.02488590986879635,HYBRID_HEAT_PUMP,TOTAL,2929665,1803509,1607262,9370239,0.08749735480964231,0.08153770119068551,0.024778444702689934,177.27951559874663,0.07955114998436208,MEDIUM,HIGH,MEDIUM,5,COST_BASED,COST_BASED,false,false
5,economic_learning_factor_high,1,2030,0.030590416428978893,0.030590416428978893,HYBRID_HEAT_PUMP,TOTAL,3136671,1814028,1607022,11184267,0.09132748903528688,0.08547031977602923,0.03017127741661991,182.02822214866757,0.08351793002294625,MEDIUM,HIGH,MEDIUM,5,COST_BASED,COST_BASED,false,false
5,economic_learning_factor_high,1,2031,0.03650884198516828,0.03650884198516828,HYBRID_HEAT_PUMP,TOTAL,3339658,1810603,1607616,12994870,0.0900449515882785,0.084372016802821,0.03404224760452889,176.6755204025362,0.08248103854100586,MEDIUM,HIGH,MEDIUM,5,COST_BASED,COST_BASED,false,false
5,economic_learning_factor_high,1,2032,0.04256988020536224,0.04256988020536224,HYBRID_HEAT_PUMP,TOTAL,3543563,1811074,1607169,14805944,0.09020631299534139,0.08441218279429707,0.03843313797352616,175.14545298271253,0.08248080606060963,MEDIUM,HIGH,MEDIUM,5,COST_BASED,COST_BASED,false,false
5,economic_learning_factor_high,1,2033,0.04920136908157444,0.04920136908157444,HYBRID_HEAT_PUMP,TOTAL,3752038,1816023,1607548,16621967,0.09201060772262755,0.08643244699523012,0.04362156561600679,176.25150335132267,0.08457306008609843,MEDIUM,HIGH,MEDIUM,5,COST_BASED,COST_BASED,false,false
5,economic_learning_factor_high,1,2034,0.05618938961779806,0.05618938961779806,HYBRID_HEAT_PUMP,TOTAL,3963313,1818810,1607535,18440777,0.09309156061534088,0.08757011971990843,0.04850830470011924,172.2837402202622,0.08572963942143029,MEDIUM,HIGH,MEDIUM,5,COST_BASED,COST_BASED,false,false
5,economic_learning_factor_high,1,2035,0.06339132915002853,0.06339132915002853,HYBRID_HEAT_PUMP,TOTAL,4184852,1829205,1607666,20269982,0.09685987550654301,0.09133050133989133,0.055536552962766175,177.72524075210006,0.08948737661767342,MEDIUM,HIGH,MEDIUM,5,COST_BASED,COST_BASED,false,false
5,economic_learning_factor_high,1,2036,0.07059326868225899,0.07059326868225899,HYBRID_HEAT_PUMP,TOTAL,4326972,1749749,1607629,22019731,0.06661957141306919,0.06314366130834441,0.04083603356173831,118.38969018104711,0.06198502460677125,MEDIUM,HIGH,MEDIUM,5,COST_BASED,COST_BASED,false,false
5,economic_learning_factor_high,1,2037,0.07779520821448944,0.07779520821448944,HYBRID_HEAT_PUMP,TOTAL,4337768,1618852,1608056,23638583,0.010172831743029362,0.00990958287282524,0.00602764402455518,13.770038191613304,0.00982183324942375,MEDIUM,HIGH,MEDIUM,5,COST_BASED,COST_BASED,false,false
5,economic_learning_factor_high,1,2038,0.0849971477467199,0.0849971477467199,HYBRID_HEAT_PUMP,TOTAL,4349636,1619705,1607837,25258288,0.01057468681639123,0.010319701614746442,0.00631179121667409,14.788039525125816,0.010234706547531553,MEDIUM,HIGH,MEDIUM,5,COST_BASED,COST_BASED,false,false
5,economic_learning_factor_high,1,2039,0.09219908727895038,0.09219908727895038,HYBRID_HEAT_PUMP,TOTAL,4355006,1608939,1603569,26867227,0.005515731179072796,0.005345338032640085,0.0032524452648825036,8.306337259748783,0.005288540317162566,MEDIUM,HIGH,MEDIUM,5,COST_BASED,COST_BASED,false,false
5,economic_learning_factor_high,1,2040,0.09940102681118083,0.09940102681118083,HYBRID_HEAT_PUMP,TOTAL,4354399,1971516,1972123,28838743,0.1443428573481561,0.14536337057657953,0.09424772216627121,215.81542720883118,0.14570354165273777,MEDIUM,HIGH,MEDIUM,5,COST_BASED,COST_BASED,false,false
5,economic_learning_factor_high,1,2041,0.10660296634341129,0.10660296634341129,HYBRID_HEAT_PUMP,TOTAL,4356640,1822865,1820624,30661608,0.09405255405797909,0.09522186608712191,0.061347872061840676,140.97187007491382,0.09561163676349996,MEDIUM,HIGH,MEDIUM,5,COST_BASED,COST_BASED,false,false
5,economic_learning_factor_high,1,2042,0.11380490587564175,0.11380490587564175,HYBRID_HEAT_PUMP,TOTAL,4356035,1818737,1819342,32480345,0.09250077305028968,0.09252731584087459,0.06027125146232979,137.15466077288053,0.0925361634377366,MEDIUM,HIGH,MEDIUM,5,COST_BASED,COST_BASED,false,false
5,economic_learning_factor_high,1,2043,0.12100684540787222,0.12100684540787222,HYBRID_HEAT_PUMP,TOTAL,4356802,1805595,1804828,34285940,0.08750610498131377,0.08759974256785986,0.05713558465423536,128.48012203222368,0.08763095509669697,MEDIUM,HIGH,MEDIUM,5,COST_BASED,COST_BASED,false,false
5,economic_learning_factor_high,1,2044,0.12820878494010268,0.12820878494010268,HYBRID_HEAT_PUMP,TOTAL,4357987,1804921,1803736,36090861,0.08732096666632992,0.08761171140639641,0.05698183665628689,128.07339608234108,0.08770862631974982,MEDIUM,HIGH,MEDIUM,5,COST_BASED,COST_BASED,false,false
5,economic_learning_factor_high,1,2045,0.13541072447233315,0.13541072447233315,HYBRID_HEAT_PUMP,TOTAL,4358715,1814884,1814156,37905745,0.09097566275742759,0.0914431478464543,0.05934948643600866,132.58382545238376,0.0915989762094638,MEDIUM,HIGH,MEDIUM,5,COST_BASED,COST_BASED,false,false
5,economic_learning_factor_high,1,2046,0.1426126640045636,0.1426126640045636,HYBRID_HEAT_PUMP,TOTAL,4361728,1813724,1810711,39719469,0.09053320698534877,0.09116491116974848,0.05908995268587978,130.97258284598732,0.0913754792312134,MEDIUM,HIGH,MEDIUM,5,COST_BASED,COST_BASED,false,false
5,economic_learning_factor_high,1,2047,0.14981460353679407,0.14981460353679407,HYBRID_HEAT_PUMP,TOTAL,4362121,1811551,1811158,41531020,0.08976570120703617,0.08995276593185798,0.05854245009177665,129.05944448345102,0.09001512084013871,MEDIUM,HIGH,MEDIUM,5,COST_BASED,COST_BASED,false,false
5,economic_learning_factor_high,1,2048,0.15701654306902452,0.15701654306902452,HYBRID_HEAT_PUMP,TOTAL,4362701,1816666,1816086,43347686,0.09164549246203657,0.09226431308684795,0.05973169988586036,130.7457600425533,0.09247058662845595,MEDIUM,HIGH,MEDIUM,5,COST_BASED,COST_BASED,false,false
5,economic_learning_factor_high,1,2049,0.164218482601255,0.164218482601255,HYBRID_HEAT_PUMP,TOTAL,4364202,1820347,1818846,45168033,0.09297783518604456,0.09349213527967139,0.06050982302789603,128.39852368042776,0.09366356864421287,MEDIUM,HIGH,MEDIUM,5,COST_BASED,COST_BASED,false,false
5,economic_learning_factor_high,1,2050,0.0,0.0,HYBRID_HEAT_PUMP,TOTAL,4365502,1830524,1829224,46998557,0.09672584717117039,0.09742884912863994,0.06301092138079786,132.33571280539712,0.09766318311446434,MEDIUM,HIGH,MEDIUM,5,COST_BASED,COST_BASED,false,false
5,economic_learning_factor_high,1,2024,HYBRID_HEAT_PUMP,PRIVATELY_OWNED,131580,131580,0,131580,0.0,0.0,0.0,0.0,0.0,MEDIUM,HIGH,MEDIUM,5,COST_BASED,COST_BASED,false,false
5,economic_learning_factor_high,1,2025,HYBRID_HEAT_PUMP,PRIVATELY_OWNED,492299,374392,13673,505972,0.7657956321282139,0.7128592440706865,0.05572623618994726,1956.0663375404702,0.6952137813848295,MEDIUM,HIGH,MEDIUM,5,COST_BASED,COST_BASED,false,false
5,economic_learning_factor_high,1,2026,HYBRID_HEAT_PUMP,PRIVATELY_OWNED,707061,223033,8271,729005,0.7656419473092171,0.7174820389668495,0.10693562643267324,1665.3526215876964,0.7014287361860615,MEDIUM,HIGH,MEDIUM,5,COST_BASED,COST_BASED,false,false
5,economic_learning_factor_high,1,2027,HYBRID_HEAT_PUMP,PRIVATELY_OWNED,920606,221690,8145,950695,0.7656890880423483,0.7152144918018515,0.14506111182942114,1607.003873808398,0.698389626388375,MEDIUM,HIGH,MEDIUM,5,COST_BASED,COST_BASED,false,false
5,economic_learning_factor_high,1,2028,HYBRID_HEAT_PUMP,PRIVATELY_OWNED,1119627,207155,8134,1157850,0.7653145232163069,0.7106027851907845,0.18168332425046396,1570.635233817603,0.6923655391822809,MEDIUM,HIGH,MEDIUM,5,COST_BASED,COST_BASED,false,false
5,economic_learning_factor_high,1,2029,HYBRID_HEAT_PUMP,PRIVATELY_OWNED,1316991,206024,8660,1363874,0.7659411858588474,0.7137711040301714,0.21690748663895285,1551.8832849472872,0.6963810767539067,MEDIUM,HIGH,MEDIUM,5,COST_BASED,COST_BASED,false,false
5,economic_learning_factor_high,1,2030,HYBRID_HEAT_PUMP,PRIVATELY_OWNED,1524970,216401,8422,1580275,0.7655723507733485,0.7164733676954854,0.25291723249668985,1525.8907850144092,0.7001070400028887,MEDIUM,HIGH,MEDIUM,5,COST_BASED,COST_BASED,false,false
5,economic_learning_factor_high,1,2031,HYBRID_HEAT_PUMP,PRIVATELY_OWNED,1729037,212956,8889,1793231,0.7655837801263726,0.7173511276472045,0.2894353558458218,1502.1376587999082,0.7012735768208496,MEDIUM,HIGH,MEDIUM,5,COST_BASED,COST_BASED,false,false
5,economic_learning_factor_high,1,2032,HYBRID_HEAT_PUMP,PRIVATELY_OWNED,1934016,213392,8413,2006623,0.7655877825866243,0.7164125625234253,0.3261849409643563,1486.4726705556586,0.7000208225023081,MEDIUM,HIGH,MEDIUM,5,COST_BASED,COST_BASED,false,false
5,economic_learning_factor_high,1,2033,HYBRID_HEAT_PUMP,PRIVATELY_OWNED,2143553,218292,8755,2224915,0.7654581013883663,0.7190520572884886,0.3628981660101034,1466.2781222883984,0.7035833759218695,MEDIUM,HIGH,MEDIUM,5,COST_BASED,COST_BASED,false,false
5,economic_learning_factor_high,1,2034,HYBRID_HEAT_PUMP,PRIVATELY_OWNED,2355816,221056,8793,2445971,0.7659410346825608,0.7205115873252327,0.3991178238619349,1417.5204000344486,0.705368438206118,MEDIUM,HIGH,MEDIUM,5,COST_BASED,COST_BASED,false,false
5,economic_learning_factor_high,1,2035,HYBRID_HEAT_PUMP,PRIVATELY_OWNED,2578363,231407,8860,2677378,0.7656491315126422,0.7219410376671229,0.4390002910986129,1404.8663135079976,0.7073716730519445,MEDIUM,HIGH,MEDIUM,5,COST_BASED,COST_BASED,false,false
5,economic_learning_factor_high,1,2036,HYBRID_HEAT_PUMP,PRIVATELY_OWNED,2721710,152173,8826,2829551,0.7660197831444895,0.7260523104007565,0.46954984713857284,1361.2943295104717,0.7127298194861992,MEDIUM,HIGH,MEDIUM,5,COST_BASED,COST_BASED,false,false
5,economic_learning_factor_high,1,2037,HYBRID_HEAT_PUMP,PRIVATELY_OWNED,2733912,21469,9267,2851020,0.7670738745571088,0.747223813537607,0.45450945942704374,1038.318220064725,0.7406071265310977,MEDIUM,HIGH,MEDIUM,5,COST_BASED,COST_BASED,false,false
5,economic_learning_factor_high,1,2038,HYBRID_HEAT_PUMP,PRIVATELY_OWNED,2747103,22324,9133,2873344,0.7672403292395161,0.7487400243644905,0.45794838705443053,1072.9377154203507,0.7425732560728182,MEDIUM,HIGH,MEDIUM,5,COST_BASED,COST_BASED,false,false
5,economic_learning_factor_high,1,2039,HYBRID_HEAT_PUMP,PRIVATELY_OWNED,2753335,11570,5338,2884914,0.7670246333211932,0.7433295444164137,0.45228919896584185,1155.089884560324,0.7354311814481609,MEDIUM,HIGH,MEDIUM,5,COST_BASED,COST_BASED,false,false
5,economic_learning_factor_high,1,2040,HYBRID_HEAT_PUMP,PRIVATELY_OWNED,2752724,373782,374393,3258696,0.7613374981877334,0.7667202029676543,0.4971103269134371,1138.3201111584988,0.7685144378943848,MEDIUM,HIGH,MEDIUM,5,COST_BASED,COST_BASED,false,false
5,economic_learning_factor_high,1,2041,HYBRID_HEAT_PUMP,PRIVATELY_OWNED,2754959,225268,223033,3483964,0.7610717410058155,0.7705337949682223,0.49642598507558644,1140.7420847351057,0.7736878129556677,MEDIUM,HIGH,MEDIUM,5,COST_BASED,COST_BASED,false,false
5,economic_learning_factor_high,1,2042,HYBRID_HEAT_PUMP,PRIVATELY_OWNED,2754352,221083,221690,3705047,0.7609566473910917,0.761175001381765,0.49582082326928484,1128.3013902927246,0.7612477860453257,MEDIUM,HIGH,MEDIUM,5,COST_BASED,COST_BASED,false,false
5,economic_learning_factor_high,1,2043,HYBRID_HEAT_PUMP,PRIVATELY_OWNED,2755113,207916,207155,3912963,0.7599250929401068,0.7607382653658926,0.4961798321137579,1115.753794516886,0.7610093228410538,MEDIUM,HIGH,MEDIUM,5,COST_BASED,COST_BASED,false,false
5,economic_learning_factor_high,1,2044,HYBRID_HEAT_PUMP,PRIVATELY_OWNED,2756295,207206,206024,4120169,0.7606316731965236,0.763164279814988,0.49635490091745404,1115.6161603927258,0.7640084820211247,MEDIUM,HIGH,MEDIUM,5,COST_BASED,COST_BASED,false,false
5,economic_learning_factor_high,1,2045,HYBRID_HEAT_PUMP,PRIVATELY_OWNED,2757021,217127,216401,4337296,0.7604317967265758,0.7643393310650649,0.4960803278308508,1108.2189846141846,0.7656418425112331,MEDIUM,HIGH,MEDIUM,5,COST_BASED,COST_BASED,false,false
5,economic_learning_factor_high,1,2046,HYBRID_HEAT_PUMP,PRIVATELY_OWNED,2760031,215966,212956,4553262,0.7603152825273177,0.7656204557497055,0.49624878612950474,1099.9329378224143,0.7673888468238209,MEDIUM,HIGH,MEDIUM,5,COST_BASED,COST_BASED,false,false
5,economic_learning_factor_high,1,2047,HYBRID_HEAT_PUMP,PRIVATELY_OWNED,2760420,213781,213392,4767043,0.7606622935962859,0.7622474545288088,0.4960807275024819,1093.6321081547947,0.7627758415063739,MEDIUM,HIGH,MEDIUM,5,COST_BASED,COST_BASED,false,false
5,economic_learning_factor_high,1,2048,HYBRID_HEAT_PUMP,PRIVATELY_OWNED,2760996,218868,218292,4985911,0.7606833808918532,0.7658197662437255,0.4957899204307912,1085.2266065092435,0.7675318946943845,MEDIUM,HIGH,MEDIUM,5,COST_BASED,COST_BASED,false,false
5,economic_learning_factor_high,1,2049,HYBRID_HEAT_PUMP,PRIVATELY_OWNED,2762491,222551,221056,5208462,0.7605084827630999,0.7647151798012319,0.4949376763949003,1050.2305870838397,0.7661174121472694,MEDIUM,HIGH,MEDIUM,5,COST_BASED,COST_BASED,false,false
5,economic_learning_factor_high,1,2050,HYBRID_HEAT_PUMP,PRIVATELY_OWNED,2763785,232701,231407,5441163,0.7608862216628184,0.7664163309240377,0.4956704262107323,1041.0084114266238,0.768259700677787,MEDIUM,HIGH,MEDIUM,5,COST_BASED,COST_BASED,false,false
5,economic_learning_factor_high,1,2024,HYBRID_HEAT_PUMP,SOCIAL_HOUSING,2028,2028,0,2028,0.0,0.0,0.0,0.0,0.0,MEDIUM,HIGH,MEDIUM,5,COST_BASED,COST_BASED,false,false
5,economic_learning_factor_high,1,2025,HYBRID_HEAT_PUMP,SOCIAL_HOUSING,1593313,1593083,1798,1595111,0.0,0.0,0.0,0.0,0.0,MEDIUM,HIGH,MEDIUM,5,COST_BASED,COST_BASED,false,false
5,economic_learning_factor_high,1,2026,HYBRID_HEAT_PUMP,SOCIAL_HOUSING,1596231,1596136,1593218,3191247,0.0,0.0,0.0,0.0,0.0,MEDIUM,HIGH,MEDIUM,5,COST_BASED,COST_BASED,false,false
5,economic_learning_factor_high,1,2027,HYBRID_HEAT_PUMP,SOCIAL_HOUSING,1596861,1596818,1596188,4788065,0.0,0.0,0.0,0.0,0.0,MEDIUM,HIGH,MEDIUM,5,COST_BASED,COST_BASED,false,false
5,economic_learning_factor_high,1,2028,HYBRID_HEAT_PUMP,SOCIAL_HOUSING,1597050,1597023,1596834,6385088,0.0,0.0,0.0,0.0,0.0,MEDIUM,HIGH,MEDIUM,5,COST_BASED,COST_BASED,false,false
5,economic_learning_factor_high,1,2029,HYBRID_HEAT_PUMP,SOCIAL_HOUSING,1597152,1597136,1597034,7982224,0.0,0.0,0.0,0.0,0.0,MEDIUM,HIGH,MEDIUM,5,COST_BASED,COST_BASED,false,false
5,economic_learning_factor_high,1,2030,HYBRID_HEAT_PUMP,SOCIAL_HOUSING,1597244,1597235,1597143,9579459,0.0,0.0,0.0,0.0,0.0,MEDIUM,HIGH,MEDIUM,5,COST_BASED,COST_BASED,false,false
5,economic_learning_factor_high,1,2031,HYBRID_HEAT_PUMP,SOCIAL_HOUSING,1597262,1597255,1597237,11176714,0.0,0.0,0.0,0.0,0.0,MEDIUM,HIGH,MEDIUM,5,COST_BASED,COST_BASED,false,false
5,economic_learning_factor_high,1,2032,HYBRID_HEAT_PUMP,SOCIAL_HOUSING,1597282,1597279,1597259,12773993,0.0,0.0,0.0,0.0,0.0,MEDIUM,HIGH,MEDIUM,5,COST_BASED,COST_BASED,false,false
5,economic_learning_factor_high,1,2033,HYBRID_HEAT_PUMP,SOCIAL_HOUSING,1597301,1597300,1597281,14371293,0.0,0.0,0.0,0.0,0.0,MEDIUM,HIGH,MEDIUM,5,COST_BASED,COST_BASED,false,false
5,economic_learning_factor_high,1,2034,HYBRID_HEAT_PUMP,SOCIAL_HOUSING,1597328,1597327,1597300,15968620,0.0,0.0,0.0,0.0,0.0,MEDIUM,HIGH,MEDIUM,5,COST_BASED,COST_BASED,false,false
5,economic_learning_factor_high,1,2035,HYBRID_HEAT_PUMP,SOCIAL_HOUSING,1597344,1597344,1597328,17565964,0.0,0.0,0.0,0.0,0.0,MEDIUM,HIGH,MEDIUM,5,COST_BASED,COST_BASED,false,false
5,economic_learning_factor_high,1,2036,HYBRID_HEAT_PUMP,SOCIAL_HOUSING,1597361,1597361,1597344,19163325,0.0,0.0,0.0,0.0,0.0,MEDIUM,HIGH,MEDIUM,5,COST_BASED,COST_BASED,false,false
5,economic_learning_factor_high,1,2037,HYBRID_HEAT_PUMP,SOCIAL_HOUSING,1597361,1597361,1597361,20760686,0.0,0.0,0.0,0.0,0.0,MEDIUM,HIGH,MEDIUM,5,COST_BASED,COST_BASED,false,false
5,economic_learning_factor_high,1,2038,HYBRID_HEAT_PUMP,SOCIAL_HOUSING,1597361,1597361,1597361,22358047,0.0,0.0,0.0,0.0,0.0,MEDIUM,HIGH,MEDIUM,5,COST_BASED,COST_BASED,false,false
5,economic_learning_factor_high,1,2039,HYBRID_HEAT_PUMP,SOCIAL_HOUSING,1597362,1597362,1597361,23955409,0.0,0.0,0.0,0.0,0.0,MEDIUM,HIGH,MEDIUM,5,COST_BASED,COST_BASED,false,false
5,economic_learning_factor_high,1,2040,HYBRID_HEAT_PUMP,SOCIAL_HOUSING,1597362,1597362,1597362,25552771,0.0,0.0,0.0,0.0,0.0,MEDIUM,HIGH,MEDIUM,5,COST_BASED,COST_BASED,false,false
5,economic_learning_factor_high,1,2041,HYBRID_HEAT_PUMP,SOCIAL_HOUSING,1597362,1597362,1597362,27150133,0.0,0.0,0.0,0.0,0.0,MEDIUM,HIGH,MEDIUM,5,COST_BASED,COST_BASED,false,false
5,economic_learning_factor_high,1,2042,HYBRID_HEAT_PUMP,SOCIAL_HOUSING,1597363,1597363,1597362,28747496,0.0,0.0,0.0,0.0,0.0,MEDIUM,HIGH,MEDIUM,5,COST_BASED,COST_BASED,false,false
5,economic_learning_factor_high,1,2043,HYBRID_HEAT_PUMP,SOCIAL_HOUSING,1597363,1597363,1597363,30344859,0.0,0.0,0.0,0.0,0.0,MEDIUM,HIGH,MEDIUM,5,COST_BASED,COST_BASED,false,false
5,economic_learning_factor_high,1,2044,HYBRID_HEAT_PUMP,SOCIAL_HOUSING,1597363,1597363,1597363,31942222,0.0,0.0,0.0,0.0,0.0,MEDIUM,HIGH,MEDIUM,5,COST_BASED,COST_BASED,false,false
5,economic_learning_factor_high,1,2045,HYBRID_HEAT_PUMP,SOCIAL_HOUSING,1597363,1597363,1597363,33539585,0.0,0.0,0.0,0.0,0.0,MEDIUM,HIGH,MEDIUM,5,COST_BASED,COST_BASED,false,false
5,economic_learning_factor_high,1,2046,HYBRID_HEAT_PUMP,SOCIAL_HOUSING,1597363,1597363,1597363,35136948,0.0,0.0,0.0,0.0,0.0,MEDIUM,HIGH,MEDIUM,5,COST_BASED,COST_BASED,false,false
5,economic_learning_factor_high,1,2047,HYBRID_HEAT_PUMP,SOCIAL_HOUSING,1597363,1597363,1597363,36734311,0.0,0.0,0.0,0.0,0.0,MEDIUM,HIGH,MEDIUM,5,COST_BASED,COST_BASED,false,false
5,economic_learning_factor_high,1,2048,HYBRID_HEAT_PUMP,SOCIAL_HOUSING,1597363,1597363,1597363,38331674,0.0,0.0,0.0,0.0,0.0,MEDIUM,HIGH,MEDIUM,5,COST_BASED,COST_BASED,false,false
5,economic_learning_factor_high,1,2049,HYBRID_HEAT_PUMP,SOCIAL_HOUSING,1597363,1597363,1597363,39929037,0.0,0.0,0.0,0.0,0.0,MEDIUM,HIGH,MEDIUM,5,COST_BASED,COST_BASED,false,false
5,economic_learning_factor_high,1,2050,HYBRID_HEAT_PUMP,SOCIAL_HOUSING,1597363,1597363,1597363,41526400,0.0,0.0,0.0,0.0,0.0,MEDIUM,HIGH,MEDIUM,5,COST_BASED,COST_BASED,false,false
5,economic_learning_factor_high,1,2024,HYBRID_HEAT_PUMP,PRIVATELY_RENTED,22595,22595,0,22595,0.0,0.0,0.0,0.0,0.0,MEDIUM,HIGH,MEDIUM,5,COST_BASED,COST_BASED,false,false
5,economic_learning_factor_high,1,2025,HYBRID_HEAT_PUMP,PRIVATELY_RENTED,20546,368,2417,22963,0.0,0.0,0.0,0.0,0.0,MEDIUM,HIGH,MEDIUM,5,COST_BASED,COST_BASED,false,false
5,economic_learning_factor_high,1,2026,HYBRID_HEAT_PUMP,PRIVATELY_RENTED,19143,229,1632,23192,0.0,0.0,0.0,0.0,0.0,MEDIUM,HIGH,MEDIUM,5,COST_BASED,COST_BASED,false,false
5,economic_learning_factor_high,1,2027,HYBRID_HEAT_PUMP,PRIVATELY_RENTED,17864,290,1569,23482,0.0,0.0,0.0,0.0,0.0,MEDIUM,HIGH,MEDIUM,5,COST_BASED,COST_BASED,false,false
5,economic_learning_factor_high,1,2028,HYBRID_HEAT_PUMP,PRIVATELY_RENTED,16741,310,1433,23792,0.0,0.0,0.0,0.0,0.0,MEDIUM,HIGH,MEDIUM,5,COST_BASED,COST_BASED,false,false
5,economic_learning_factor_high,1,2029,HYBRID_HEAT_PUMP,PRIVATELY_RENTED,15522,349,1568,24141,0.0,0.0,0.0,0.0,0.0,MEDIUM,HIGH,MEDIUM,5,COST_BASED,COST_BASED,false,false
5,economic_learning_factor_high,1,2030,HYBRID_HEAT_PUMP,PRIVATELY_RENTED,14457,392,1457,24533,0.0,0.0,0.0,0.0,0.0,MEDIUM,HIGH,MEDIUM,5,COST_BASED,COST_BASED,false,false
5,economic_learning_factor_high,1,2031,HYBRID_HEAT_PUMP,PRIVATELY_RENTED,13359,392,1490,24925,0.0,0.0,0.0,0.0,0.0,MEDIUM,HIGH,MEDIUM,5,COST_BASED,COST_BASED,false,false
5,economic_learning_factor_high,1,2032,HYBRID_HEAT_PUMP,PRIVATELY_RENTED,12265,403,1497,25328,0.0,0.0,0.0,0.0,0.0,MEDIUM,HIGH,MEDIUM,5,COST_BASED,COST_BASED,false,false
5,economic_learning_factor_high,1,2033,HYBRID_HEAT_PUMP,PRIVATELY_RENTED,11184,431,1512,25759,0.0,0.0,0.0,0.0,0.0,MEDIUM,HIGH,MEDIUM,5,COST_BASED,COST_BASED,false,false
5,economic_learning_factor_high,1,2034,HYBRID_HEAT_PUMP,PRIVATELY_RENTED,10169,427,1442,26186,0.0,0.0,0.0,0.0,0.0,MEDIUM,HIGH,MEDIUM,5,COST_BASED,COST_BASED,false,false
5,economic_learning_factor_high,1,2035,HYBRID_HEAT_PUMP,PRIVATELY_RENTED,9145,454,1478,26640,0.0,0.0,0.0,0.0,0.0,MEDIUM,HIGH,MEDIUM,5,COST_BASED,COST_BASED,false,false
5,economic_learning_factor_high,1,2036,HYBRID_HEAT_PUMP,PRIVATELY_RENTED,7901,215,1459,26855,0.0,0.0,0.0,0.0,0.0,MEDIUM,HIGH,MEDIUM,5,COST_BASED,COST_BASED,false,false
5,economic_learning_factor_high,1,2037,HYBRID_HEAT_PUMP,PRIVATELY_RENTED,6495,22,1428,26877,0.0,0.0,0.0,0.0,0.0,MEDIUM,HIGH,MEDIUM,5,COST_BASED,COST_BASED,false,false
5,economic_learning_factor_high,1,2038,HYBRID_HEAT_PUMP,PRIVATELY_RENTED,5172,20,1343,26897,0.0,0.0,0.0,0.0,0.0,MEDIUM,HIGH,MEDIUM,5,COST_BASED,COST_BASED,false,false
5,economic_learning_factor_high,1,2039,HYBRID_HEAT_PUMP,PRIVATELY_RENTED,4309,7,870,26904,0.0,0.0,0.0,0.0,0.0,MEDIUM,HIGH,MEDIUM,5,COST_BASED,COST_BASED,false,false
5,economic_learning_factor_high,1,2040,HYBRID_HEAT_PUMP,PRIVATELY_RENTED,4313,372,368,27276,0.0,0.0,0.0,0.0,0.0,MEDIUM,HIGH,MEDIUM,5,COST_BASED,COST_BASED,false,false
5,economic_learning_factor_high,1,2041,HYBRID_HEAT_PUMP,PRIVATELY_RENTED,4319,235,229,27511,0.0,0.0,0.0,0.0,0.0,MEDIUM,HIGH,MEDIUM,5,COST_BASED,COST_BASED,false,false
5,economic_learning_factor_high,1,2042,HYBRID_HEAT_PUMP,PRIVATELY_RENTED,4320,291,290,27802,0.0,0.0,0.0,0.0,0.0,MEDIUM,HIGH,MEDIUM,5,COST_BASED,COST_BASED,false,false
5,economic_learning_factor_high,1,2043,HYBRID_HEAT_PUMP,PRIVATELY_RENTED,4326,316,310,28118,0.0,0.0,0.0,0.0,0.0,MEDIUM,HIGH,MEDIUM,5,COST_BASED,COST_BASED,false,false
5,economic_learning_factor_high,1,2044,HYBRID_HEAT_PUMP,PRIVATELY_RENTED,4329,352,349,28470,0.0,0.0,0.0,0.0,0.0,MEDIUM,HIGH,MEDIUM,5,COST_BASED,COST_BASED,false,false
5,economic_learning_factor_high,1,2045,HYBRID_HEAT_PUMP,PRIVATELY_RENTED,4331,394,392,28864,0.0,0.0,0.0,0.0,0.0,MEDIUM,HIGH,MEDIUM,5,COST_BASED,COST_BASED,false,false
5,economic_learning_factor_high,1,2046,HYBRID_HEAT_PUMP,PRIVATELY_RENTED,4334,395,392,29259,0.0,0.0,0.0,0.0,0.0,MEDIUM,HIGH,MEDIUM,5,COST_BASED,COST_BASED,false,false
5,economic_learning_factor_high,1,2047,HYBRID_HEAT_PUMP,PRIVATELY_RENTED,4338,407,403,29666,0.0,0.0,0.0,0.0,0.0,MEDIUM,HIGH,MEDIUM,5,COST_BASED,COST_BASED,false,false
5,economic_learning_factor_high,1,2048,HYBRID_HEAT_PUMP,PRIVATELY_RENTED,4342,435,431,30101,0.0,0.0,0.0,0.0,0.0,MEDIUM,HIGH,MEDIUM,5,COST_BASED,COST_BASED,false,false
5,economic_learning_factor_high,1,2049,HYBRID_HEAT_PUMP,PRIVATELY_RENTED,4348,433,427,30534,0.0,0.0,0.0,0.0,0.0,MEDIUM,HIGH,MEDIUM,5,COST_BASED,COST_BASED,false,false
5,economic_learning_factor_high,1,2050,HYBRID_HEAT_PUMP,PRIVATELY_RENTED,4354,460,454,30994,0.0,0.0,0.0,0.0,0.0,MEDIUM,HIGH,MEDIUM,5,COST_BASED,COST_BASED,false,false
