scenario,scenario_name,iteration,year,nbh_in_grid_congestion_perc,nbh_with_dh_perc,heating_system,ownership,installed_current,installed_annually,removed_annually,installed_cumulative,avg_att,avg_util,avg_sub_norm,avg_eac,avg_pbc,SLF,ELF,GRR,DHCT,DHES,SHAES,DHCO,GCHPB
1,baseline,1,2024,0.0,0.0,NATURAL_GAS_BOILER,TOTAL,211360,211360,0,211360,0.0,0.0,0.0,0.0,0.0,MEDIUM,MEDIUM,MEDIUM,5,COST_BASED,COST_BASED,false,false
1,baseline,1,2025,0.0,0.38738738738738737,NATURAL_GAS_BOILER,TOTAL,199790,16344,27914,227704,0.012005257648227307,0.02232764702403221,8.739095747929225E-6,61.86434969364485,0.03048906373702279,MEDIUM,MEDIUM,MEDIUM,5,COST_BASED,COST_BASED,false,false
1,baseline,1,2026,0.0,0.38738738738738737,NATURAL_GAS_BOILER,TOTAL,192479,7096,14407,234800,0.00989743252320028,0.01845194286185369,0.0,51.45994828992243,0.025203556161980376,MEDIUM,MEDIUM,MEDIUM,5,COST_BASED,COST_BASED,false,false
1,baseline,1,2027,0.0,0.38738738738738737,NATURAL_GAS_BOILER,TOTAL,184979,12280,19780,247080,0.006550978006856034,0.012261413376924766,0.0,34.40450584180856,0.01675437556367313,MEDIUM,MEDIUM,MEDIUM,5,COST_BASED,COST_BASED,false,false
1,baseline,1,2028,0.0,0.38738738738738737,NATURAL_GAS_BOILER,TOTAL,177501,15142,22620,262222,0.01685754936298726,0.03156694019516226,0.0,86.68551648622646,0.04313602295199661,MEDIUM,MEDIUM,MEDIUM,5,COST_BASED,COST_BASED,false,false
1,baseline,1,2029,0.0,0.38738738738738737,NATURAL_GAS_BOILER,TOTAL,169626,7780,15655,270002,0.010671437771988167,0.02000143027986649,0.0,56.322636380722145,0.02733428597680266,MEDIUM,MEDIUM,MEDIUM,5,COST_BASED,COST_BASED,false,false
1,baseline,1,2030,0.0,0.8558558558558559,NATURAL_GAS_BOILER,TOTAL,162122,6349,13853,276351,0.005836091359621353,0.010897163880973676,0.0,30.241478365821234,0.014886722981555078,MEDIUM,MEDIUM,MEDIUM,5,COST_BASED,COST_BASED,false,false
1,baseline,1,2031,0.0,0.8558558558558559,NATURAL_GAS_BOILER,TOTAL,153267,10178,19033,286529,0.0048031994490920615,0.008977544788702803,0.0,24.83459634792124,0.012265517320781155,MEDIUM,MEDIUM,MEDIUM,5,COST_BASED,COST_BASED,false,false
1,baseline,1,2032,0.0,0.8558558558558559,NATURAL_GAS_BOILER,TOTAL,146193,7069,14143,293598,0.004266352027788668,0.008062852030847188,0.0,22.100262717496587,0.011027690039323648,MEDIUM,MEDIUM,MEDIUM,5,COST_BASED,COST_BASED,false,false
1,baseline,1,2033,0.0,0.8558558558558559,NATURAL_GAS_BOILER,TOTAL,137522,11643,20314,305241,0.0037595783869796198,0.00690760285001364,0.0,19.240838281595668,0.00942150967827555,MEDIUM,MEDIUM,MEDIUM,5,COST_BASED,COST_BASED,false,false
1,baseline,1,2034,0.0,0.8558558558558559,NATURAL_GAS_BOILER,TOTAL,127154,6077,16445,311318,0.008636609023325364,0.016244260172299366,0.0,42.75789367232141,0.022207238002617778,MEDIUM,MEDIUM,MEDIUM,5,COST_BASED,COST_BASED,false,false
1,baseline,1,2035,0.0,0.8558558558558559,NATURAL_GAS_BOILER,TOTAL,119341,8723,16536,320041,0.003901338463673699,0.007295007802697659,0.0,19.803047957378745,0.009967177088128061,MEDIUM,MEDIUM,MEDIUM,5,COST_BASED,COST_BASED,false,false
1,baseline,1,2036,0.0,0.8558558558558559,NATURAL_GAS_BOILER,TOTAL,113622,4941,10660,324982,0.0052092598888468,0.009680693117874659,0.0,26.866346058720225,0.0132187247046003,MEDIUM,MEDIUM,MEDIUM,5,COST_BASED,COST_BASED,false,false
1,baseline,1,2037,0.0,0.8558558558558559,NATURAL_GAS_BOILER,TOTAL,113233,15955,16344,340937,0.0047453773256721,0.0067618870888648585,0.0,17.287552182989334,0.008956486301879264,MEDIUM,MEDIUM,MEDIUM,5,COST_BASED,COST_BASED,false,false
1,baseline,1,2038,0.0,0.8558558558558559,NATURAL_GAS_BOILER,TOTAL,114175,8038,7096,348975,0.004997087471037074,0.007407603100486296,0.0,20.312813378874587,0.009862132782970176,MEDIUM,MEDIUM,MEDIUM,5,COST_BASED,COST_BASED,false,false
1,baseline,1,2039,0.0,0.8558558558558559,NATURAL_GAS_BOILER,TOTAL,114209,12314,12280,361289,0.0031438360123407006,0.004253582975007477,0.0,12.110561791029467,0.00559441545942603,MEDIUM,MEDIUM,MEDIUM,5,COST_BASED,COST_BASED,false,false
1,baseline,1,2040,0.0,0.8558558558558559,NATURAL_GAS_BOILER,TOTAL,113630,14563,15142,375852,0.003155979510315417,0.005907039943800755,0.0,18.08623204354248,0.008071565038122255,MEDIUM,MEDIUM,MEDIUM,5,COST_BASED,COST_BASED,false,false
1,baseline,1,2041,0.0,0.8558558558558559,NATURAL_GAS_BOILER,TOTAL,113562,7712,7780,383564,0.0041350789219504825,0.0076903328158416575,0.0,23.39597927762017,0.010501729493274936,MEDIUM,MEDIUM,MEDIUM,5,COST_BASED,COST_BASED,false,false
1,baseline,1,2042,0.0,0.8558558558558559,NATURAL_GAS_BOILER,TOTAL,114723,7510,6349,391074,0.0037001376972018063,0.007201250162227956,0.0,22.03009609994738,0.00987684081904145,MEDIUM,MEDIUM,MEDIUM,5,COST_BASED,COST_BASED,false,false
1,baseline,1,2043,0.0,0.8558558558558559,NATURAL_GAS_BOILER,TOTAL,115254,10709,10178,401783,0.0037010120509935562,0.007326064212411819,0.0,21.520972164449613,0.010063843305869315,MEDIUM,MEDIUM,MEDIUM,5,COST_BASED,COST_BASED,false,false
1,baseline,1,2044,0.0,0.8558558558558559,NATURAL_GAS_BOILER,TOTAL,115291,7106,7069,408889,0.0035788397985809456,0.0070322699791245885,0.0,21.401805606689052,0.009653695019041661,MEDIUM,MEDIUM,MEDIUM,5,COST_BASED,COST_BASED,false,false
1,baseline,1,2045,0.0,0.8558558558558559,NATURAL_GAS_BOILER,TOTAL,115349,11701,11643,420590,0.0025219665029727993,0.00583554757812518,0.0,18.712839293601473,0.008122829741444564,MEDIUM,MEDIUM,MEDIUM,5,COST_BASED,COST_BASED,false,false
1,baseline,1,2046,0.0,0.8558558558558559,NATURAL_GAS_BOILER,TOTAL,117272,8000,6077,428590,0.004349767218930175,0.010183361064667707,0.0,31.43519954753598,0.014187599792269035,MEDIUM,MEDIUM,MEDIUM,5,COST_BASED,COST_BASED,false,false
1,baseline,1,2047,0.0,0.8558558558558559,NATURAL_GAS_BOILER,TOTAL,117347,8798,8723,437388,0.002860123160848744,0.0058776812750536275,0.0,19.431146199492545,0.008101491122368246,MEDIUM,MEDIUM,MEDIUM,5,COST_BASED,COST_BASED,false,false
1,baseline,1,2048,0.0,0.8558558558558559,NATURAL_GAS_BOILER,TOTAL,117458,5052,4941,442440,0.004004965648142524,0.008655107584103545,0.0,25.425486890599718,0.011981419964119729,MEDIUM,MEDIUM,MEDIUM,5,COST_BASED,COST_BASED,false,false
1,baseline,1,2049,0.0,0.8558558558558559,NATURAL_GAS_BOILER,TOTAL,117522,16019,15955,458459,0.0024863441804101713,0.0054855559393620495,0.0,16.146799149364956,0.007606747863940504,MEDIUM,MEDIUM,MEDIUM,5,COST_BASED,COST_BASED,false,false
1,baseline,1,2050,0.0,0.8558558558558559,NATURAL_GAS_BOILER,TOTAL,117628,8144,8038,466603,0.002911598912139443,0.00604235458339729,0.0,19.139045351066148,0.008335632147061066,MEDIUM,MEDIUM,MEDIUM,5,COST_BASED,COST_BASED,false,false
1,baseline,1,2024,0.0,0.0,NATURAL_GAS_BOILER,PRIVATELY_OWNED,111384,111384,0,111384,0.0,0.0,0.0,0.0,0.0,MEDIUM,MEDIUM,MEDIUM,5,COST_BASED,COST_BASED,false,false
1,baseline,1,2025,0.0,0.38738738738738737,NATURAL_GAS_BOILER,PRIVATELY_OWNED,97335,684,14733,112068,0.28686247222606304,0.5335132499426644,2.0881839313472992E-4,1478.232355837619,0.7285281545583341,MEDIUM,MEDIUM,MEDIUM,5,COST_BASED,COST_BASED,false,false
1,baseline,1,2026,0.0,0.38738738738738737,NATURAL_GAS_BOILER,PRIVATELY_OWNED,88882,244,8697,112312,0.28783680813372614,0.5366187973266959,0.0,1496.5565289561048,0.7329689939566095,MEDIUM,MEDIUM,MEDIUM,5,COST_BASED,COST_BASED,false,false
1,baseline,1,2027,0.0,0.38738738738738737,NATURAL_GAS_BOILER,PRIVATELY_OWNED,80283,282,8881,112594,0.2852695387382698,0.5339367243568658,0.0,1498.182027437621,0.7295877018507307,MEDIUM,MEDIUM,MEDIUM,5,COST_BASED,COST_BASED,false,false
1,baseline,1,2028,0.0,0.38738738738738737,NATURAL_GAS_BOILER,PRIVATELY_OWNED,72341,884,8826,113478,0.28875227653207364,0.5407088330714332,0.0,1484.8326817131685,0.7388751804741319,MEDIUM,MEDIUM,MEDIUM,5,COST_BASED,COST_BASED,false,false
1,baseline,1,2029,0.0,0.38738738738738737,NATURAL_GAS_BOILER,PRIVATELY_OWNED,63807,291,8825,113769,0.285305106068962,0.5347461428775303,0.0,1505.8079417251488,0.730792937799054,MEDIUM,MEDIUM,MEDIUM,5,COST_BASED,COST_BASED,false,false
1,baseline,1,2030,0.0,0.8558558558558559,NATURAL_GAS_BOILER,PRIVATELY_OWNED,54791,130,9146,113899,0.28502572340181515,0.5322007190792452,0.0,1476.947278035377,0.7270446477684092,MEDIUM,MEDIUM,MEDIUM,5,COST_BASED,COST_BASED,false,false
1,baseline,1,2031,0.0,0.8558558558558559,NATURAL_GAS_BOILER,PRIVATELY_OWNED,45996,171,8966,114070,0.2858886783208129,0.5343476658445446,0.0,1478.1667931528796,0.7300493291866117,MEDIUM,MEDIUM,MEDIUM,5,COST_BASED,COST_BASED,false,false
1,baseline,1,2032,0.0,0.8558558558558559,NATURAL_GAS_BOILER,PRIVATELY_OWNED,37092,105,9009,114175,0.2872270712803628,0.5428219143434169,0.0,1487.8738776188893,0.7424261036950369,MEDIUM,MEDIUM,MEDIUM,5,COST_BASED,COST_BASED,false,false
1,baseline,1,2033,0.0,0.8558558558558559,NATURAL_GAS_BOILER,PRIVATELY_OWNED,28505,151,8738,114326,0.2898859017192299,0.5326173508788663,0.0,1483.5833120040952,0.7264545508884916,MEDIUM,MEDIUM,MEDIUM,5,COST_BASED,COST_BASED,false,false
1,baseline,1,2034,0.0,0.8558558558558559,NATURAL_GAS_BOILER,PRIVATELY_OWNED,18369,184,10320,114510,0.28524278823232735,0.5365020057992568,0.0,1412.1723904711805,0.7334423116408056,MEDIUM,MEDIUM,MEDIUM,5,COST_BASED,COST_BASED,false,false
1,baseline,1,2035,0.0,0.8558558558558559,NATURAL_GAS_BOILER,PRIVATELY_OWNED,9305,119,9183,114629,0.28597794469433346,0.5347424627137116,0.0,1451.6133389261745,0.7306192078969838,MEDIUM,MEDIUM,MEDIUM,5,COST_BASED,COST_BASED,false,false
1,baseline,1,2036,0.0,0.8558558558558559,NATURAL_GAS_BOILER,PRIVATELY_OWNED,3335,90,6060,114719,0.28598836789768933,0.5314700521713188,0.0,1474.9623986237405,0.7257079862825564,MEDIUM,MEDIUM,MEDIUM,5,COST_BASED,COST_BASED,false,false
1,baseline,1,2037,0.0,0.8558558558558559,NATURAL_GAS_BOILER,PRIVATELY_OWNED,2857,206,684,114925,0.3675363846169823,0.5237180024409651,0.0,1338.9460926193922,0.6936929075072022,MEDIUM,MEDIUM,MEDIUM,5,COST_BASED,COST_BASED,false,false
1,baseline,1,2038,0.0,0.8558558558558559,NATURAL_GAS_BOILER,PRIVATELY_OWNED,2729,116,244,115041,0.3462636990706552,0.5132958079457659,0.0,1407.5378787878788,0.6833777871509852,MEDIUM,MEDIUM,MEDIUM,5,COST_BASED,COST_BASED,false,false
1,baseline,1,2039,0.0,0.8558558558558559,NATURAL_GAS_BOILER,PRIVATELY_OWNED,2549,102,282,115143,0.37954114368591557,0.5135158897474713,0.0,1462.0535087719297,0.6753885486997269,MEDIUM,MEDIUM,MEDIUM,5,COST_BASED,COST_BASED,false,false
1,baseline,1,2040,0.0,0.8558558558558559,NATURAL_GAS_BOILER,PRIVATELY_OWNED,1836,171,884,115314,0.2687750269515989,0.503065629833745,0.0,1540.2912119889422,0.6874046880127157,MEDIUM,MEDIUM,MEDIUM,5,COST_BASED,COST_BASED,false,false
1,baseline,1,2041,0.0,0.8558558558558559,NATURAL_GAS_BOILER,PRIVATELY_OWNED,1661,116,291,115430,0.2749114538455355,0.5112745403083695,0.0,1555.429243008679,0.698183947001175,MEDIUM,MEDIUM,MEDIUM,5,COST_BASED,COST_BASED,false,false
1,baseline,1,2042,0.0,0.8558558558558559,NATURAL_GAS_BOILER,PRIVATELY_OWNED,1638,107,130,115537,0.2597012533269679,0.5054335394236631,0.0,1546.2245019682691,0.6932249958037503,MEDIUM,MEDIUM,MEDIUM,5,COST_BASED,COST_BASED,false,false
1,baseline,1,2043,0.0,0.8558558558558559,NATURAL_GAS_BOILER,PRIVATELY_OWNED,1622,155,171,115692,0.25570411647799995,0.5061601396820528,0.0,1486.8909090909092,0.6953141804035774,MEDIUM,MEDIUM,MEDIUM,5,COST_BASED,COST_BASED,false,false
1,baseline,1,2044,0.0,0.8558558558558559,NATURAL_GAS_BOILER,PRIVATELY_OWNED,1615,98,105,115790,0.25950240417057346,0.5099113313434626,0.0,1551.849292256453,0.6999913959725514,MEDIUM,MEDIUM,MEDIUM,5,COST_BASED,COST_BASED,false,false
1,baseline,1,2045,0.0,0.8558558558558559,NATURAL_GAS_BOILER,PRIVATELY_OWNED,1602,138,151,115928,0.21383717428467192,0.4947952334177009,0.0,1586.658931698774,0.6887335565553829,MEDIUM,MEDIUM,MEDIUM,5,COST_BASED,COST_BASED,false,false
1,baseline,1,2046,0.0,0.8558558558558559,NATURAL_GAS_BOILER,PRIVATELY_OWNED,1581,163,184,116091,0.21348550767755461,0.4997968620695807,0.0,1542.8318796336678,0.6963239161849833,MEDIUM,MEDIUM,MEDIUM,5,COST_BASED,COST_BASED,false,false
1,baseline,1,2047,0.0,0.8558558558558559,NATURAL_GAS_BOILER,PRIVATELY_OWNED,1564,102,119,116193,0.24669964283477697,0.5069788221364884,0.0,1676.0316104228962,0.6987933224960376,MEDIUM,MEDIUM,MEDIUM,5,COST_BASED,COST_BASED,false,false
1,baseline,1,2048,0.0,0.8558558558558559,NATURAL_GAS_BOILER,PRIVATELY_OWNED,1560,86,90,116279,0.23526844714437245,0.5084372501731524,0.0,1493.5995322245321,0.703838763473638,MEDIUM,MEDIUM,MEDIUM,5,COST_BASED,COST_BASED,false,false
1,baseline,1,2049,0.0,0.8558558558558559,NATURAL_GAS_BOILER,PRIVATELY_OWNED,1529,175,206,116454,0.22759284243423164,0.5021321176722324,0.0,1478.0318604210127,0.6962999658997882,MEDIUM,MEDIUM,MEDIUM,5,COST_BASED,COST_BASED,false,false
1,baseline,1,2050,0.0,0.8558558558558559,NATURAL_GAS_BOILER,PRIVATELY_OWNED,1511,98,116,116552,0.2419598116373839,0.5021319972161993,0.0,1590.4937279498236,0.6927080429149522,MEDIUM,MEDIUM,MEDIUM,5,COST_BASED,COST_BASED,false,false
1,baseline,1,2024,0.0,0.0,NATURAL_GAS_BOILER,SOCIAL_HOUSING,66125,66125,0,66125,0.0,0.0,0.0,0.0,0.0,MEDIUM,MEDIUM,MEDIUM,5,COST_BASED,COST_BASED,false,false
1,baseline,1,2025,0.0,0.38738738738738737,NATURAL_GAS_BOILER,SOCIAL_HOUSING,67871,10283,8537,76408,0.0,0.0,0.0,0.0,0.0,MEDIUM,MEDIUM,MEDIUM,5,COST_BASED,COST_BASED,false,false
1,baseline,1,2026,0.0,0.38738738738738737,NATURAL_GAS_BOILER,SOCIAL_HOUSING,68667,3846,3050,80254,0.0,0.0,0.0,0.0,0.0,MEDIUM,MEDIUM,MEDIUM,5,COST_BASED,COST_BASED,false,false
1,baseline,1,2027,0.0,0.38738738738738737,NATURAL_GAS_BOILER,SOCIAL_HOUSING,69554,9163,8276,89417,0.0,0.0,0.0,0.0,0.0,MEDIUM,MEDIUM,MEDIUM,5,COST_BASED,COST_BASED,false,false
1,baseline,1,2028,0.0,0.38738738738738737,NATURAL_GAS_BOILER,SOCIAL_HOUSING,69847,11567,11274,100984,0.0,0.0,0.0,0.0,0.0,MEDIUM,MEDIUM,MEDIUM,5,COST_BASED,COST_BASED,false,false
1,baseline,1,2029,0.0,0.38738738738738737,NATURAL_GAS_BOILER,SOCIAL_HOUSING,70423,4579,4003,105563,0.0,0.0,0.0,0.0,0.0,MEDIUM,MEDIUM,MEDIUM,5,COST_BASED,COST_BASED,false,false
1,baseline,1,2030,0.0,0.8558558558558559,NATURAL_GAS_BOILER,SOCIAL_HOUSING,71855,3157,1725,108720,0.0,0.0,0.0,0.0,0.0,MEDIUM,MEDIUM,MEDIUM,5,COST_BASED,COST_BASED,false,false
1,baseline,1,2031,0.0,0.8558558558558559,NATURAL_GAS_BOILER,SOCIAL_HOUSING,71863,7198,7190,115918,0.0,0.0,0.0,0.0,0.0,MEDIUM,MEDIUM,MEDIUM,5,COST_BASED,COST_BASED,false,false
1,baseline,1,2032,0.0,0.8558558558558559,NATURAL_GAS_BOILER,SOCIAL_HOUSING,73586,3840,2117,119758,0.0,0.0,0.0,0.0,0.0,MEDIUM,MEDIUM,MEDIUM,5,COST_BASED,COST_BASED,false,false
1,baseline,1,2033,0.0,0.8558558558558559,NATURAL_GAS_BOILER,SOCIAL_HOUSING,73586,8878,8878,128636,0.0,0.0,0.0,0.0,0.0,MEDIUM,MEDIUM,MEDIUM,5,COST_BASED,COST_BASED,false,false
1,baseline,1,2034,0.0,0.8558558558558559,NATURAL_GAS_BOILER,SOCIAL_HOUSING,73586,3447,3447,132083,0.0,0.0,0.0,0.0,0.0,MEDIUM,MEDIUM,MEDIUM,5,COST_BASED,COST_BASED,false,false
1,baseline,1,2035,0.0,0.8558558558558559,NATURAL_GAS_BOILER,SOCIAL_HOUSING,75042,6220,4764,138303,0.0,0.0,0.0,0.0,0.0,MEDIUM,MEDIUM,MEDIUM,5,COST_BASED,COST_BASED,false,false
1,baseline,1,2036,0.0,0.8558558558558559,NATURAL_GAS_BOILER,SOCIAL_HOUSING,75592,3414,2864,141717,0.0,0.0,0.0,0.0,0.0,MEDIUM,MEDIUM,MEDIUM,5,COST_BASED,COST_BASED,false,false
1,baseline,1,2037,0.0,0.8558558558558559,NATURAL_GAS_BOILER,SOCIAL_HOUSING,75592,10283,10283,152000,0.0,0.0,0.0,0.0,0.0,MEDIUM,MEDIUM,MEDIUM,5,COST_BASED,COST_BASED,false,false
1,baseline,1,2038,0.0,0.8558558558558559,NATURAL_GAS_BOILER,SOCIAL_HOUSING,76482,4736,3846,156736,0.0,0.0,0.0,0.0,0.0,MEDIUM,MEDIUM,MEDIUM,5,COST_BASED,COST_BASED,false,false
1,baseline,1,2039,0.0,0.8558558558558559,NATURAL_GAS_BOILER,SOCIAL_HOUSING,76482,9163,9163,165899,0.0,0.0,0.0,0.0,0.0,MEDIUM,MEDIUM,MEDIUM,5,COST_BASED,COST_BASED,false,false
1,baseline,1,2040,0.0,0.8558558558558559,NATURAL_GAS_BOILER,SOCIAL_HOUSING,76482,11567,11567,177466,0.0,0.0,0.0,0.0,0.0,MEDIUM,MEDIUM,MEDIUM,5,COST_BASED,COST_BASED,false,false
1,baseline,1,2041,0.0,0.8558558558558559,NATURAL_GAS_BOILER,SOCIAL_HOUSING,76482,4579,4579,182045,0.0,0.0,0.0,0.0,0.0,MEDIUM,MEDIUM,MEDIUM,5,COST_BASED,COST_BASED,false,false
1,baseline,1,2042,0.0,0.8558558558558559,NATURAL_GAS_BOILER,SOCIAL_HOUSING,77603,4278,3157,186323,0.0,0.0,0.0,0.0,0.0,MEDIUM,MEDIUM,MEDIUM,5,COST_BASED,COST_BASED,false,false
1,baseline,1,2043,0.0,0.8558558558558559,NATURAL_GAS_BOILER,SOCIAL_HOUSING,77996,7591,7198,193914,0.0,0.0,0.0,0.0,0.0,MEDIUM,MEDIUM,MEDIUM,5,COST_BASED,COST_BASED,false,false
1,baseline,1,2044,0.0,0.8558558558558559,NATURAL_GAS_BOILER,SOCIAL_HOUSING,77996,3840,3840,197754,0.0,0.0,0.0,0.0,0.0,MEDIUM,MEDIUM,MEDIUM,5,COST_BASED,COST_BASED,false,false
1,baseline,1,2045,0.0,0.8558558558558559,NATURAL_GAS_BOILER,SOCIAL_HOUSING,77996,8878,8878,206632,0.0,0.0,0.0,0.0,0.0,MEDIUM,MEDIUM,MEDIUM,5,COST_BASED,COST_BASED,false,false
1,baseline,1,2046,0.0,0.8558558558558559,NATURAL_GAS_BOILER,SOCIAL_HOUSING,79879,5330,3447,211962,0.0,0.0,0.0,0.0,0.0,MEDIUM,MEDIUM,MEDIUM,5,COST_BASED,COST_BASED,false,false
1,baseline,1,2047,0.0,0.8558558558558559,NATURAL_GAS_BOILER,SOCIAL_HOUSING,79879,6220,6220,218182,0.0,0.0,0.0,0.0,0.0,MEDIUM,MEDIUM,MEDIUM,5,COST_BASED,COST_BASED,false,false
1,baseline,1,2048,0.0,0.8558558558558559,NATURAL_GAS_BOILER,SOCIAL_HOUSING,79879,3414,3414,221596,0.0,0.0,0.0,0.0,0.0,MEDIUM,MEDIUM,MEDIUM,5,COST_BASED,COST_BASED,false,false
1,baseline,1,2049,0.0,0.8558558558558559,NATURAL_GAS_BOILER,SOCIAL_HOUSING,79908,10312,10283,231908,0.0,0.0,0.0,0.0,0.0,MEDIUM,MEDIUM,MEDIUM,5,COST_BASED,COST_BASED,false,false
1,baseline,1,2050,0.0,0.8558558558558559,NATURAL_GAS_BOILER,SOCIAL_HOUSING,79908,4736,4736,236644,0.0,0.0,0.0,0.0,0.0,MEDIUM,MEDIUM,MEDIUM,5,COST_BASED,COST_BASED,false,false
1,baseline,1,2024,0.0,0.0,NATURAL_GAS_BOILER,PRIVATELY_RENTED,33851,33851,0,33851,0.0,0.0,0.0,0.0,0.0,MEDIUM,MEDIUM,MEDIUM,5,COST_BASED,COST_BASED,false,false
1,baseline,1,2025,0.0,0.38738738738738737,NATURAL_GAS_BOILER,PRIVATELY_RENTED,34584,5377,4644,39228,0.0,0.0,0.0,0.0,0.0,MEDIUM,MEDIUM,MEDIUM,5,COST_BASED,COST_BASED,false,false
1,baseline,1,2026,0.0,0.38738738738738737,NATURAL_GAS_BOILER,PRIVATELY_RENTED,34930,3006,2660,42234,0.0,0.0,0.0,0.0,0.0,MEDIUM,MEDIUM,MEDIUM,5,COST_BASED,COST_BASED,false,false
1,baseline,1,2027,0.0,0.38738738738738737,NATURAL_GAS_BOILER,PRIVATELY_RENTED,35142,2835,2623,45069,0.0,0.0,0.0,0.0,0.0,MEDIUM,MEDIUM,MEDIUM,5,COST_BASED,COST_BASED,false,false
1,baseline,1,2028,0.0,0.38738738738738737,NATURAL_GAS_BOILER,PRIVATELY_RENTED,35313,2691,2520,47760,0.0,0.0,0.0,0.0,0.0,MEDIUM,MEDIUM,MEDIUM,5,COST_BASED,COST_BASED,false,false
1,baseline,1,2029,0.0,0.38738738738738737,NATURAL_GAS_BOILER,PRIVATELY_RENTED,35396,2910,2827,50670,0.0,0.0,0.0,0.0,0.0,MEDIUM,MEDIUM,MEDIUM,5,COST_BASED,COST_BASED,false,false
1,baseline,1,2030,0.0,0.8558558558558559,NATURAL_GAS_BOILER,PRIVATELY_RENTED,35476,3062,2982,53732,0.0,0.0,0.0,0.0,0.0,MEDIUM,MEDIUM,MEDIUM,5,COST_BASED,COST_BASED,false,false
1,baseline,1,2031,0.0,0.8558558558558559,NATURAL_GAS_BOILER,PRIVATELY_RENTED,35408,2809,2877,56541,0.0,0.0,0.0,0.0,0.0,MEDIUM,MEDIUM,MEDIUM,5,COST_BASED,COST_BASED,false,false
1,baseline,1,2032,0.0,0.8558558558558559,NATURAL_GAS_BOILER,PRIVATELY_RENTED,35515,3124,3017,59665,0.0,0.0,0.0,0.0,0.0,MEDIUM,MEDIUM,MEDIUM,5,COST_BASED,COST_BASED,false,false
1,baseline,1,2033,0.0,0.8558558558558559,NATURAL_GAS_BOILER,PRIVATELY_RENTED,35431,2614,2698,62279,0.0,0.0,0.0,0.0,0.0,MEDIUM,MEDIUM,MEDIUM,5,COST_BASED,COST_BASED,false,false
1,baseline,1,2034,0.0,0.8558558558558559,NATURAL_GAS_BOILER,PRIVATELY_RENTED,35199,2446,2678,64725,0.0,0.0,0.0,0.0,0.0,MEDIUM,MEDIUM,MEDIUM,5,COST_BASED,COST_BASED,false,false
1,baseline,1,2035,0.0,0.8558558558558559,NATURAL_GAS_BOILER,PRIVATELY_RENTED,34994,2384,2589,67109,0.0,0.0,0.0,0.0,0.0,MEDIUM,MEDIUM,MEDIUM,5,COST_BASED,COST_BASED,false,false
1,baseline,1,2036,0.0,0.8558558558558559,NATURAL_GAS_BOILER,PRIVATELY_RENTED,34695,1437,1736,68546,0.0,0.0,0.0,0.0,0.0,MEDIUM,MEDIUM,MEDIUM,5,COST_BASED,COST_BASED,false,false
1,baseline,1,2037,0.0,0.8558558558558559,NATURAL_GAS_BOILER,PRIVATELY_RENTED,34784,5466,5377,74012,0.0,0.0,0.0,0.0,0.0,MEDIUM,MEDIUM,MEDIUM,5,COST_BASED,COST_BASED,false,false
1,baseline,1,2038,0.0,0.8558558558558559,NATURAL_GAS_BOILER,PRIVATELY_RENTED,34964,3186,3006,77198,0.0,0.0,0.0,0.0,0.0,MEDIUM,MEDIUM,MEDIUM,5,COST_BASED,COST_BASED,false,false
1,baseline,1,2039,0.0,0.8558558558558559,NATURAL_GAS_BOILER,PRIVATELY_RENTED,35178,3049,2835,80247,0.0,0.0,0.0,0.0,0.0,MEDIUM,MEDIUM,MEDIUM,5,COST_BASED,COST_BASED,false,false
1,baseline,1,2040,0.0,0.8558558558558559,NATURAL_GAS_BOILER,PRIVATELY_RENTED,35312,2825,2691,83072,0.0,0.0,0.0,0.0,0.0,MEDIUM,MEDIUM,MEDIUM,5,COST_BASED,COST_BASED,false,false
1,baseline,1,2041,0.0,0.8558558558558559,NATURAL_GAS_BOILER,PRIVATELY_RENTED,35419,3017,2910,86089,0.0,0.0,0.0,0.0,0.0,MEDIUM,MEDIUM,MEDIUM,5,COST_BASED,COST_BASED,false,false
1,baseline,1,2042,0.0,0.8558558558558559,NATURAL_GAS_BOILER,PRIVATELY_RENTED,35482,3125,3062,89214,0.0,0.0,0.0,0.0,0.0,MEDIUM,MEDIUM,MEDIUM,5,COST_BASED,COST_BASED,false,false
1,baseline,1,2043,0.0,0.8558558558558559,NATURAL_GAS_BOILER,PRIVATELY_RENTED,35636,2963,2809,92177,0.0,0.0,0.0,0.0,0.0,MEDIUM,MEDIUM,MEDIUM,5,COST_BASED,COST_BASED,false,false
1,baseline,1,2044,0.0,0.8558558558558559,NATURAL_GAS_BOILER,PRIVATELY_RENTED,35680,3168,3124,95345,0.0,0.0,0.0,0.0,0.0,MEDIUM,MEDIUM,MEDIUM,5,COST_BASED,COST_BASED,false,false
1,baseline,1,2045,0.0,0.8558558558558559,NATURAL_GAS_BOILER,PRIVATELY_RENTED,35751,2685,2614,98030,0.0,0.0,0.0,0.0,0.0,MEDIUM,MEDIUM,MEDIUM,5,COST_BASED,COST_BASED,false,false
1,baseline,1,2046,0.0,0.8558558558558559,NATURAL_GAS_BOILER,PRIVATELY_RENTED,35812,2507,2446,100537,0.0,0.0,0.0,0.0,0.0,MEDIUM,MEDIUM,MEDIUM,5,COST_BASED,COST_BASED,false,false
1,baseline,1,2047,0.0,0.8558558558558559,NATURAL_GAS_BOILER,PRIVATELY_RENTED,35904,2476,2384,103013,0.0,0.0,0.0,0.0,0.0,MEDIUM,MEDIUM,MEDIUM,5,COST_BASED,COST_BASED,false,false
1,baseline,1,2048,0.0,0.8558558558558559,NATURAL_GAS_BOILER,PRIVATELY_RENTED,36019,1552,1437,104565,0.0,0.0,0.0,0.0,0.0,MEDIUM,MEDIUM,MEDIUM,5,COST_BASED,COST_BASED,false,false
1,baseline,1,2049,0.0,0.8558558558558559,NATURAL_GAS_BOILER,PRIVATELY_RENTED,36085,5532,5466,110097,0.0,0.0,0.0,0.0,0.0,MEDIUM,MEDIUM,MEDIUM,5,COST_BASED,COST_BASED,false,false
1,baseline,1,2050,0.0,0.8558558558558559,NATURAL_GAS_BOILER,PRIVATELY_RENTED,36209,3310,3186,113407,0.0,0.0,0.0,0.0,0.0,MEDIUM,MEDIUM,MEDIUM,5,COST_BASED,COST_BASED,false,false
1,baseline,1,2024,0.0,0.0,NATURAL_GAS_BLOCK,TOTAL,27212,27212,0,27212,0.0,0.0,0.0,0.0,0.0,MEDIUM,MEDIUM,MEDIUM,5,COST_BASED,COST_BASED,false,false
1,baseline,1,2025,0.0,0.38738738738738737,NATURAL_GAS_BLOCK,TOTAL,22658,89,4643,27301,0.2871432607478636,0.5404256277999065,0.0,1213.2863004330977,0.7388526265128942,MEDIUM,MEDIUM,MEDIUM,5,COST_BASED,COST_BASED,false,false
1,baseline,1,2026,0.0,0.38738738738738737,NATURAL_GAS_BLOCK,TOTAL,20132,31,2557,27332,0.29178617175103044,0.5445060225815843,0.0,1237.8046494188227,0.7438124909346209,MEDIUM,MEDIUM,MEDIUM,5,COST_BASED,COST_BASED,false,false
1,baseline,1,2027,0.0,0.38738738738738737,NATURAL_GAS_BLOCK,TOTAL,18339,33,1826,27365,0.2875953837248977,0.5411172280964335,0.0,1217.4893617021276,0.7397769962134295,MEDIUM,MEDIUM,MEDIUM,5,COST_BASED,COST_BASED,false,false
1,baseline,1,2028,0.0,0.38738738738738737,NATURAL_GAS_BLOCK,TOTAL,16437,102,2004,27467,0.289827997495754,0.5477811970345786,0.0,1206.1582542694498,0.7492147961779303,MEDIUM,MEDIUM,MEDIUM,5,COST_BASED,COST_BASED,false,false
1,baseline,1,2029,0.0,0.38738738738738737,NATURAL_GAS_BLOCK,TOTAL,14163,40,2314,27507,0.2845520149534783,0.5428811108882263,0.0,1230.015589353612,0.7431836625939698,MEDIUM,MEDIUM,MEDIUM,5,COST_BASED,COST_BASED,false,false
1,baseline,1,2030,0.0,0.8558558558558559,NATURAL_GAS_BLOCK,TOTAL,12289,21,1895,27528,0.2853927368670395,0.5405130275645744,0.0,1212.5113172541744,0.7394213571300987,MEDIUM,MEDIUM,MEDIUM,5,COST_BASED,COST_BASED,false,false
1,baseline,1,2031,0.0,0.8558558558558559,NATURAL_GAS_BLOCK,TOTAL,10622,16,1683,27544,0.2873591552427048,0.5427375739408957,0.0,1222.108851674641,0.7422665721006679,MEDIUM,MEDIUM,MEDIUM,5,COST_BASED,COST_BASED,false,false
1,baseline,1,2032,0.0,0.8558558558558559,NATURAL_GAS_BLOCK,TOTAL,8816,16,1822,27560,0.2908561994614974,0.550156457641464,0.0,1214.4505689900427,0.7525206365968202,MEDIUM,MEDIUM,MEDIUM,5,COST_BASED,COST_BASED,false,false
1,baseline,1,2033,0.0,0.8558558558558559,NATURAL_GAS_BLOCK,TOTAL,7006,22,1832,27582,0.2900966744103351,0.5426848079345657,0.0,1198.7985957132298,0.741503043299262,MEDIUM,MEDIUM,MEDIUM,5,COST_BASED,COST_BASED,false,false
1,baseline,1,2034,0.0,0.8558558558558559,NATURAL_GAS_BLOCK,TOTAL,4883,17,2140,27599,0.28468403054654257,0.5470939040310768,0.0,1108.7884940778342,0.7494698484099774,MEDIUM,MEDIUM,MEDIUM,5,COST_BASED,COST_BASED,false,false
1,baseline,1,2035,0.0,0.8558558558558559,NATURAL_GAS_BLOCK,TOTAL,2072,16,2827,27615,0.28441135892380154,0.5444016587976005,0.0,1149.7545367717287,0.745499648465452,MEDIUM,MEDIUM,MEDIUM,5,COST_BASED,COST_BASED,false,false
1,baseline,1,2036,0.0,0.8558558558558559,NATURAL_GAS_BLOCK,TOTAL,410,7,1669,27622,0.2846130127065977,0.5421615167232487,0.0,1181.5352480417755,0.7420890219082228,MEDIUM,MEDIUM,MEDIUM,5,COST_BASED,COST_BASED,false,false
1,baseline,1,2037,0.0,0.8558558558558559,NATURAL_GAS_BLOCK,TOTAL,346,25,89,27647,0.3897575179010066,0.5575737362401754,0.0,966.9110738255033,0.7389212248850104,MEDIUM,MEDIUM,MEDIUM,5,COST_BASED,COST_BASED,false,false
1,baseline,1,2038,0.0,0.8558558558558559,NATURAL_GAS_BLOCK,TOTAL,329,14,31,27661,0.40358154568590515,0.5607539558684385,0.0,985.9276595744681,0.7402355473811812,MEDIUM,MEDIUM,MEDIUM,5,COST_BASED,COST_BASED,false,false
1,baseline,1,2039,0.0,0.8558558558558559,NATURAL_GAS_BLOCK,TOTAL,305,9,33,27670,0.5106551841214158,0.5633093938328106,0.0,1159.467741935484,0.7173002947188626,MEDIUM,MEDIUM,MEDIUM,5,COST_BASED,COST_BASED,false,false
1,baseline,1,2040,0.0,0.8558558558558559,NATURAL_GAS_BLOCK,TOTAL,220,17,102,27687,0.2660389853212793,0.5247364187885678,0.0,1227.4691279439846,0.7205948818525313,MEDIUM,MEDIUM,MEDIUM,5,COST_BASED,COST_BASED,false,false
1,baseline,1,2041,0.0,0.8558558558558559,NATURAL_GAS_BLOCK,TOTAL,190,10,40,27697,0.27450943911476217,0.5308373204533792,0.0,1257.8220826792256,0.7276286209013794,MEDIUM,MEDIUM,MEDIUM,5,COST_BASED,COST_BASED,false,false
1,baseline,1,2042,0.0,0.8558558558558559,NATURAL_GAS_BLOCK,TOTAL,189,20,21,27717,0.2602097444576693,0.5265142968767417,0.0,1238.742061281337,0.7247190092006974,MEDIUM,MEDIUM,MEDIUM,5,COST_BASED,COST_BASED,false,false
1,baseline,1,2043,0.0,0.8558558558558559,NATURAL_GAS_BLOCK,TOTAL,189,16,16,27733,0.2519889845106068,0.5260888356930019,0.0,1198.0349050826699,0.7261360074118545,MEDIUM,MEDIUM,MEDIUM,5,COST_BASED,COST_BASED,false,false
1,baseline,1,2044,0.0,0.8558558558558559,NATURAL_GAS_BLOCK,TOTAL,188,15,16,27748,0.2569140011381832,0.5289643182487312,0.0,1251.603065539112,0.7292179770885517,MEDIUM,MEDIUM,MEDIUM,5,COST_BASED,COST_BASED,false,false
1,baseline,1,2045,0.0,0.8558558558558559,NATURAL_GAS_BLOCK,TOTAL,187,21,22,27769,0.20328047581170045,0.5192498273107694,0.0,1202.4644495412845,0.72805462201323,MEDIUM,MEDIUM,MEDIUM,5,COST_BASED,COST_BASED,false,false
1,baseline,1,2046,0.0,0.8558558558558559,NATURAL_GAS_BLOCK,TOTAL,186,16,17,27785,0.20742625734640885,0.5223498796942353,0.0,1182.3628640776699,0.7316682552047513,MEDIUM,MEDIUM,MEDIUM,5,COST_BASED,COST_BASED,false,false
1,baseline,1,2047,0.0,0.8558558558558559,NATURAL_GAS_BLOCK,TOTAL,186,16,16,27801,0.23905585401894808,0.5295966268341173,0.0,1268.835648148148,0.7346309767464391,MEDIUM,MEDIUM,MEDIUM,5,COST_BASED,COST_BASED,false,false
1,baseline,1,2048,0.0,0.8558558558558559,NATURAL_GAS_BLOCK,TOTAL,186,7,7,27808,0.20830236957518772,0.5260506919382527,0.0,1160.1032448377582,0.7370004455135822,MEDIUM,MEDIUM,MEDIUM,5,COST_BASED,COST_BASED,false,false
1,baseline,1,2049,0.0,0.8558558558558559,NATURAL_GAS_BLOCK,TOTAL,186,25,25,27833,0.2084009493745154,0.522205258809079,0.0,1137.029761904762,0.7312076508699923,MEDIUM,MEDIUM,MEDIUM,5,COST_BASED,COST_BASED,false,false
1,baseline,1,2050,0.0,0.8558558558558559,NATURAL_GAS_BLOCK,TOTAL,185,13,14,27846,0.21067076778230773,0.5243556049945794,0.0,1182.9195075757575,0.733865715546291,MEDIUM,MEDIUM,MEDIUM,5,COST_BASED,COST_BASED,false,false
1,baseline,1,2024,0.0,0.0,NATURAL_GAS_BLOCK,PRIVATELY_OWNED,16853,16853,0,16853,0.0,0.0,0.0,0.0,0.0,MEDIUM,MEDIUM,MEDIUM,5,COST_BASED,COST_BASED,false,false
1,baseline,1,2025,0.0,0.38738738738738737,NATURAL_GAS_BLOCK,PRIVATELY_OWNED,14677,89,2265,16942,0.2871432607478636,0.5404256277999065,0.0,1213.2863004330977,0.7388526265128942,MEDIUM,MEDIUM,MEDIUM,5,COST_BASED,COST_BASED,false,false
1,baseline,1,2026,0.0,0.38738738738738737,NATURAL_GAS_BLOCK,PRIVATELY_OWNED,13389,31,1319,16973,0.29178617175103044,0.5445060225815843,0.0,1237.8046494188227,0.7438124909346209,MEDIUM,MEDIUM,MEDIUM,5,COST_BASED,COST_BASED,false,false
1,baseline,1,2027,0.0,0.38738738738738737,NATURAL_GAS_BLOCK,PRIVATELY_OWNED,12196,33,1226,17006,0.2875953837248977,0.5411172280964335,0.0,1217.4893617021276,0.7397769962134295,MEDIUM,MEDIUM,MEDIUM,5,COST_BASED,COST_BASED,false,false
1,baseline,1,2028,0.0,0.38738738738738737,NATURAL_GAS_BLOCK,PRIVATELY_OWNED,10966,102,1332,17108,0.289827997495754,0.5477811970345786,0.0,1206.1582542694498,0.7492147961779303,MEDIUM,MEDIUM,MEDIUM,5,COST_BASED,COST_BASED,false,false
1,baseline,1,2029,0.0,0.38738738738738737,NATURAL_GAS_BLOCK,PRIVATELY_OWNED,9644,40,1362,17148,0.2845520149534783,0.5428811108882263,0.0,1230.015589353612,0.7431836625939698,MEDIUM,MEDIUM,MEDIUM,5,COST_BASED,COST_BASED,false,false
1,baseline,1,2030,0.0,0.8558558558558559,NATURAL_GAS_BLOCK,PRIVATELY_OWNED,8303,21,1362,17169,0.2853927368670395,0.5405130275645744,0.0,1212.5113172541744,0.7394213571300987,MEDIUM,MEDIUM,MEDIUM,5,COST_BASED,COST_BASED,false,false
1,baseline,1,2031,0.0,0.8558558558558559,NATURAL_GAS_BLOCK,PRIVATELY_OWNED,7040,16,1279,17185,0.2873591552427048,0.5427375739408957,0.0,1222.108851674641,0.7422665721006679,MEDIUM,MEDIUM,MEDIUM,5,COST_BASED,COST_BASED,false,false
1,baseline,1,2032,0.0,0.8558558558558559,NATURAL_GAS_BLOCK,PRIVATELY_OWNED,5744,16,1312,17201,0.2908561994614974,0.550156457641464,0.0,1214.4505689900427,0.7525206365968202,MEDIUM,MEDIUM,MEDIUM,5,COST_BASED,COST_BASED,false,false
1,baseline,1,2033,0.0,0.8558558558558559,NATURAL_GAS_BLOCK,PRIVATELY_OWNED,4370,22,1396,17223,0.2900966744103351,0.5426848079345657,0.0,1198.7985957132298,0.741503043299262,MEDIUM,MEDIUM,MEDIUM,5,COST_BASED,COST_BASED,false,false
1,baseline,1,2034,0.0,0.8558558558558559,NATURAL_GAS_BLOCK,PRIVATELY_OWNED,2620,17,1767,17240,0.28468403054654257,0.5470939040310768,0.0,1108.7884940778342,0.7494698484099774,MEDIUM,MEDIUM,MEDIUM,5,COST_BASED,COST_BASED,false,false
1,baseline,1,2035,0.0,0.8558558558558559,NATURAL_GAS_BLOCK,PRIVATELY_OWNED,1249,16,1387,17256,0.28441135892380154,0.5444016587976005,0.0,1149.7545367717287,0.745499648465452,MEDIUM,MEDIUM,MEDIUM,5,COST_BASED,COST_BASED,false,false
1,baseline,1,2036,0.0,0.8558558558558559,NATURAL_GAS_BLOCK,PRIVATELY_OWNED,410,7,846,17263,0.2846130127065977,0.5421615167232487,0.0,1181.5352480417755,0.7420890219082228,MEDIUM,MEDIUM,MEDIUM,5,COST_BASED,COST_BASED,false,false
1,baseline,1,2037,0.0,0.8558558558558559,NATURAL_GAS_BLOCK,PRIVATELY_OWNED,346,25,89,17288,0.3897575179010066,0.5575737362401754,0.0,966.9110738255033,0.7389212248850104,MEDIUM,MEDIUM,MEDIUM,5,COST_BASED,COST_BASED,false,false
1,baseline,1,2038,0.0,0.8558558558558559,NATURAL_GAS_BLOCK,PRIVATELY_OWNED,329,14,31,17302,0.40358154568590515,0.5607539558684385,0.0,985.9276595744681,0.7402355473811812,MEDIUM,MEDIUM,MEDIUM,5,COST_BASED,COST_BASED,false,false
1,baseline,1,2039,0.0,0.8558558558558559,NATURAL_GAS_BLOCK,PRIVATELY_OWNED,305,9,33,17311,0.5106551841214158,0.5633093938328106,0.0,1159.467741935484,0.7173002947188626,MEDIUM,MEDIUM,MEDIUM,5,COST_BASED,COST_BASED,false,false
1,baseline,1,2040,0.0,0.8558558558558559,NATURAL_GAS_BLOCK,PRIVATELY_OWNED,220,17,102,17328,0.2660389853212793,0.5247364187885678,0.0,1227.4691279439846,0.7205948818525313,MEDIUM,MEDIUM,MEDIUM,5,COST_BASED,COST_BASED,false,false
1,baseline,1,2041,0.0,0.8558558558558559,NATURAL_GAS_BLOCK,PRIVATELY_OWNED,190,10,40,17338,0.27450943911476217,0.5308373204533792,0.0,1257.8220826792256,0.7276286209013794,MEDIUM,MEDIUM,MEDIUM,5,COST_BASED,COST_BASED,false,false
1,baseline,1,2042,0.0,0.8558558558558559,NATURAL_GAS_BLOCK,PRIVATELY_OWNED,189,20,21,17358,0.2602097444576693,0.5265142968767417,0.0,1238.742061281337,0.7247190092006974,MEDIUM,MEDIUM,MEDIUM,5,COST_BASED,COST_BASED,false,false
1,baseline,1,2043,0.0,0.8558558558558559,NATURAL_GAS_BLOCK,PRIVATELY_OWNED,189,16,16,17374,0.2519889845106068,0.5260888356930019,0.0,1198.0349050826699,0.7261360074118545,MEDIUM,MEDIUM,MEDIUM,5,COST_BASED,COST_BASED,false,false
1,baseline,1,2044,0.0,0.8558558558558559,NATURAL_GAS_BLOCK,PRIVATELY_OWNED,188,15,16,17389,0.2569140011381832,0.5289643182487312,0.0,1251.603065539112,0.7292179770885517,MEDIUM,MEDIUM,MEDIUM,5,COST_BASED,COST_BASED,false,false
1,baseline,1,2045,0.0,0.8558558558558559,NATURAL_GAS_BLOCK,PRIVATELY_OWNED,187,21,22,17410,0.20328047581170045,0.5192498273107694,0.0,1202.4644495412845,0.72805462201323,MEDIUM,MEDIUM,MEDIUM,5,COST_BASED,COST_BASED,false,false
1,baseline,1,2046,0.0,0.8558558558558559,NATURAL_GAS_BLOCK,PRIVATELY_OWNED,186,16,17,17426,0.20742625734640885,0.5223498796942353,0.0,1182.3628640776699,0.7316682552047513,MEDIUM,MEDIUM,MEDIUM,5,COST_BASED,COST_BASED,false,false
1,baseline,1,2047,0.0,0.8558558558558559,NATURAL_GAS_BLOCK,PRIVATELY_OWNED,186,16,16,17442,0.23905585401894808,0.5295966268341173,0.0,1268.835648148148,0.7346309767464391,MEDIUM,MEDIUM,MEDIUM,5,COST_BASED,COST_BASED,false,false
1,baseline,1,2048,0.0,0.8558558558558559,NATURAL_GAS_BLOCK,PRIVATELY_OWNED,186,7,7,17449,0.20830236957518772,0.5260506919382527,0.0,1160.1032448377582,0.7370004455135821,MEDIUM,MEDIUM,MEDIUM,5,COST_BASED,COST_BASED,false,false
1,baseline,1,2049,0.0,0.8558558558558559,NATURAL_GAS_BLOCK,PRIVATELY_OWNED,186,25,25,17474,0.2084009493745154,0.522205258809079,0.0,1137.029761904762,0.7312076508699923,MEDIUM,MEDIUM,MEDIUM,5,COST_BASED,COST_BASED,false,false
1,baseline,1,2050,0.0,0.8558558558558559,NATURAL_GAS_BLOCK,PRIVATELY_OWNED,185,13,14,17487,0.21067076778230773,0.5243556049945794,0.0,1182.9195075757575,0.733865715546291,MEDIUM,MEDIUM,MEDIUM,5,COST_BASED,COST_BASED,false,false
1,baseline,1,2024,0.0,0.0,NATURAL_GAS_BLOCK,SOCIAL_HOUSING,5461,5461,0,5461,0.0,0.0,0.0,0.0,0.0,MEDIUM,MEDIUM,MEDIUM,5,COST_BASED,COST_BASED,false,false
1,baseline,1,2025,0.0,0.38738738738738737,NATURAL_GAS_BLOCK,SOCIAL_HOUSING,3757,0,1704,5461,0.0,0.0,0.0,0.0,0.0,MEDIUM,MEDIUM,MEDIUM,5,COST_BASED,COST_BASED,false,false
1,baseline,1,2026,0.0,0.38738738738738737,NATURAL_GAS_BLOCK,SOCIAL_HOUSING,2961,0,796,5461,0.0,0.0,0.0,0.0,0.0,MEDIUM,MEDIUM,MEDIUM,5,COST_BASED,COST_BASED,false,false
1,baseline,1,2027,0.0,0.38738738738738737,NATURAL_GAS_BLOCK,SOCIAL_HOUSING,2772,0,189,5461,0.0,0.0,0.0,0.0,0.0,MEDIUM,MEDIUM,MEDIUM,5,COST_BASED,COST_BASED,false,false
1,baseline,1,2028,0.0,0.38738738738738737,NATURAL_GAS_BLOCK,SOCIAL_HOUSING,2479,0,293,5461,0.0,0.0,0.0,0.0,0.0,MEDIUM,MEDIUM,MEDIUM,5,COST_BASED,COST_BASED,false,false
1,baseline,1,2029,0.0,0.38738738738738737,NATURAL_GAS_BLOCK,SOCIAL_HOUSING,1903,0,576,5461,0.0,0.0,0.0,0.0,0.0,MEDIUM,MEDIUM,MEDIUM,5,COST_BASED,COST_BASED,false,false
1,baseline,1,2030,0.0,0.8558558558558559,NATURAL_GAS_BLOCK,SOCIAL_HOUSING,1790,0,113,5461,0.0,0.0,0.0,0.0,0.0,MEDIUM,MEDIUM,MEDIUM,5,COST_BASED,COST_BASED,false,false
1,baseline,1,2031,0.0,0.8558558558558559,NATURAL_GAS_BLOCK,SOCIAL_HOUSING,1782,0,8,5461,0.0,0.0,0.0,0.0,0.0,MEDIUM,MEDIUM,MEDIUM,5,COST_BASED,COST_BASED,false,false
1,baseline,1,2032,0.0,0.8558558558558559,NATURAL_GAS_BLOCK,SOCIAL_HOUSING,1626,0,156,5461,0.0,0.0,0.0,0.0,0.0,MEDIUM,MEDIUM,MEDIUM,5,COST_BASED,COST_BASED,false,false
1,baseline,1,2033,0.0,0.8558558558558559,NATURAL_GAS_BLOCK,SOCIAL_HOUSING,1626,0,0,5461,0.0,0.0,0.0,0.0,0.0,MEDIUM,MEDIUM,MEDIUM,5,COST_BASED,COST_BASED,false,false
1,baseline,1,2034,0.0,0.8558558558558559,NATURAL_GAS_BLOCK,SOCIAL_HOUSING,1626,0,0,5461,0.0,0.0,0.0,0.0,0.0,MEDIUM,MEDIUM,MEDIUM,5,COST_BASED,COST_BASED,false,false
1,baseline,1,2035,0.0,0.8558558558558559,NATURAL_GAS_BLOCK,SOCIAL_HOUSING,550,0,1076,5461,0.0,0.0,0.0,0.0,0.0,MEDIUM,MEDIUM,MEDIUM,5,COST_BASED,COST_BASED,false,false
1,baseline,1,2036,0.0,0.8558558558558559,NATURAL_GAS_BLOCK,SOCIAL_HOUSING,0,0,550,5461,0.0,0.0,0.0,0.0,0.0,MEDIUM,MEDIUM,MEDIUM,5,COST_BASED,COST_BASED,false,false
1,baseline,1,2037,0.0,0.8558558558558559,NATURAL_GAS_BLOCK,SOCIAL_HOUSING,0,0,0,5461,0.0,0.0,0.0,0.0,0.0,MEDIUM,MEDIUM,MEDIUM,5,COST_BASED,COST_BASED,false,false
1,baseline,1,2038,0.0,0.8558558558558559,NATURAL_GAS_BLOCK,SOCIAL_HOUSING,0,0,0,5461,0.0,0.0,0.0,0.0,0.0,MEDIUM,MEDIUM,MEDIUM,5,COST_BASED,COST_BASED,false,false
1,baseline,1,2039,0.0,0.8558558558558559,NATURAL_GAS_BLOCK,SOCIAL_HOUSING,0,0,0,5461,0.0,0.0,0.0,0.0,0.0,MEDIUM,MEDIUM,MEDIUM,5,COST_BASED,COST_BASED,false,false
1,baseline,1,2040,0.0,0.8558558558558559,NATURAL_GAS_BLOCK,SOCIAL_HOUSING,0,0,0,5461,0.0,0.0,0.0,0.0,0.0,MEDIUM,MEDIUM,MEDIUM,5,COST_BASED,COST_BASED,false,false
1,baseline,1,2041,0.0,0.8558558558558559,NATURAL_GAS_BLOCK,SOCIAL_HOUSING,0,0,0,5461,0.0,0.0,0.0,0.0,0.0,MEDIUM,MEDIUM,MEDIUM,5,COST_BASED,COST_BASED,false,false
1,baseline,1,2042,0.0,0.8558558558558559,NATURAL_GAS_BLOCK,SOCIAL_HOUSING,0,0,0,5461,0.0,0.0,0.0,0.0,0.0,MEDIUM,MEDIUM,MEDIUM,5,COST_BASED,COST_BASED,false,false
1,baseline,1,2043,0.0,0.8558558558558559,NATURAL_GAS_BLOCK,SOCIAL_HOUSING,0,0,0,5461,0.0,0.0,0.0,0.0,0.0,MEDIUM,MEDIUM,MEDIUM,5,COST_BASED,COST_BASED,false,false
1,baseline,1,2044,0.0,0.8558558558558559,NATURAL_GAS_BLOCK,SOCIAL_HOUSING,0,0,0,5461,0.0,0.0,0.0,0.0,0.0,MEDIUM,MEDIUM,MEDIUM,5,COST_BASED,COST_BASED,false,false
1,baseline,1,2045,0.0,0.8558558558558559,NATURAL_GAS_BLOCK,SOCIAL_HOUSING,0,0,0,5461,0.0,0.0,0.0,0.0,0.0,MEDIUM,MEDIUM,MEDIUM,5,COST_BASED,COST_BASED,false,false
1,baseline,1,2046,0.0,0.8558558558558559,NATURAL_GAS_BLOCK,SOCIAL_HOUSING,0,0,0,5461,0.0,0.0,0.0,0.0,0.0,MEDIUM,MEDIUM,MEDIUM,5,COST_BASED,COST_BASED,false,false
1,baseline,1,2047,0.0,0.8558558558558559,NATURAL_GAS_BLOCK,SOCIAL_HOUSING,0,0,0,5461,0.0,0.0,0.0,0.0,0.0,MEDIUM,MEDIUM,MEDIUM,5,COST_BASED,COST_BASED,false,false
1,baseline,1,2048,0.0,0.8558558558558559,NATURAL_GAS_BLOCK,SOCIAL_HOUSING,0,0,0,5461,0.0,0.0,0.0,0.0,0.0,MEDIUM,MEDIUM,MEDIUM,5,COST_BASED,COST_BASED,false,false
1,baseline,1,2049,0.0,0.8558558558558559,NATURAL_GAS_BLOCK,SOCIAL_HOUSING,0,0,0,5461,0.0,0.0,0.0,0.0,0.0,MEDIUM,MEDIUM,MEDIUM,5,COST_BASED,COST_BASED,false,false
1,baseline,1,2050,0.0,0.8558558558558559,NATURAL_GAS_BLOCK,SOCIAL_HOUSING,0,0,0,5461,0.0,0.0,0.0,0.0,0.0,MEDIUM,MEDIUM,MEDIUM,5,COST_BASED,COST_BASED,false,false
1,baseline,1,2024,0.0,0.0,NATURAL_GAS_BLOCK,PRIVATELY_RENTED,4898,4898,0,4898,0.0,0.0,0.0,0.0,0.0,MEDIUM,MEDIUM,MEDIUM,5,COST_BASED,COST_BASED,false,false
1,baseline,1,2025,0.0,0.38738738738738737,NATURAL_GAS_BLOCK,PRIVATELY_RENTED,4224,0,674,4898,0.0,0.0,0.0,0.0,0.0,MEDIUM,MEDIUM,MEDIUM,5,COST_BASED,COST_BASED,false,false
1,baseline,1,2026,0.0,0.38738738738738737,NATURAL_GAS_BLOCK,PRIVATELY_RENTED,3782,0,442,4898,0.0,0.0,0.0,0.0,0.0,MEDIUM,MEDIUM,MEDIUM,5,COST_BASED,COST_BASED,false,false
1,baseline,1,2027,0.0,0.38738738738738737,NATURAL_GAS_BLOCK,PRIVATELY_RENTED,3371,0,411,4898,0.0,0.0,0.0,0.0,0.0,MEDIUM,MEDIUM,MEDIUM,5,COST_BASED,COST_BASED,false,false
1,baseline,1,2028,0.0,0.38738738738738737,NATURAL_GAS_BLOCK,PRIVATELY_RENTED,2992,0,379,4898,0.0,0.0,0.0,0.0,0.0,MEDIUM,MEDIUM,MEDIUM,5,COST_BASED,COST_BASED,false,false
1,baseline,1,2029,0.0,0.38738738738738737,NATURAL_GAS_BLOCK,PRIVATELY_RENTED,2616,0,376,4898,0.0,0.0,0.0,0.0,0.0,MEDIUM,MEDIUM,MEDIUM,5,COST_BASED,COST_BASED,false,false
1,baseline,1,2030,0.0,0.8558558558558559,NATURAL_GAS_BLOCK,PRIVATELY_RENTED,2196,0,420,4898,0.0,0.0,0.0,0.0,0.0,MEDIUM,MEDIUM,MEDIUM,5,COST_BASED,COST_BASED,false,false
1,baseline,1,2031,0.0,0.8558558558558559,NATURAL_GAS_BLOCK,PRIVATELY_RENTED,1800,0,396,4898,0.0,0.0,0.0,0.0,0.0,MEDIUM,MEDIUM,MEDIUM,5,COST_BASED,COST_BASED,false,false
1,baseline,1,2032,0.0,0.8558558558558559,NATURAL_GAS_BLOCK,PRIVATELY_RENTED,1446,0,354,4898,0.0,0.0,0.0,0.0,0.0,MEDIUM,MEDIUM,MEDIUM,5,COST_BASED,COST_BASED,false,false
1,baseline,1,2033,0.0,0.8558558558558559,NATURAL_GAS_BLOCK,PRIVATELY_RENTED,1010,0,436,4898,0.0,0.0,0.0,0.0,0.0,MEDIUM,MEDIUM,MEDIUM,5,COST_BASED,COST_BASED,false,false
1,baseline,1,2034,0.0,0.8558558558558559,NATURAL_GAS_BLOCK,PRIVATELY_RENTED,637,0,373,4898,0.0,0.0,0.0,0.0,0.0,MEDIUM,MEDIUM,MEDIUM,5,COST_BASED,COST_BASED,false,false
1,baseline,1,2035,0.0,0.8558558558558559,NATURAL_GAS_BLOCK,PRIVATELY_RENTED,273,0,364,4898,0.0,0.0,0.0,0.0,0.0,MEDIUM,MEDIUM,MEDIUM,5,COST_BASED,COST_BASED,false,false
1,baseline,1,2036,0.0,0.8558558558558559,NATURAL_GAS_BLOCK,PRIVATELY_RENTED,0,0,273,4898,0.0,0.0,0.0,0.0,0.0,MEDIUM,MEDIUM,MEDIUM,5,COST_BASED,COST_BASED,false,false
1,baseline,1,2037,0.0,0.8558558558558559,NATURAL_GAS_BLOCK,PRIVATELY_RENTED,0,0,0,4898,0.0,0.0,0.0,0.0,0.0,MEDIUM,MEDIUM,MEDIUM,5,COST_BASED,COST_BASED,false,false
1,baseline,1,2038,0.0,0.8558558558558559,NATURAL_GAS_BLOCK,PRIVATELY_RENTED,0,0,0,4898,0.0,0.0,0.0,0.0,0.0,MEDIUM,MEDIUM,MEDIUM,5,COST_BASED,COST_BASED,false,false
1,baseline,1,2039,0.0,0.8558558558558559,NATURAL_GAS_BLOCK,PRIVATELY_RENTED,0,0,0,4898,0.0,0.0,0.0,0.0,0.0,MEDIUM,MEDIUM,MEDIUM,5,COST_BASED,COST_BASED,false,false
1,baseline,1,2040,0.0,0.8558558558558559,NATURAL_GAS_BLOCK,PRIVATELY_RENTED,0,0,0,4898,0.0,0.0,0.0,0.0,0.0,MEDIUM,MEDIUM,MEDIUM,5,COST_BASED,COST_BASED,false,false
1,baseline,1,2041,0.0,0.8558558558558559,NATURAL_GAS_BLOCK,PRIVATELY_RENTED,0,0,0,4898,0.0,0.0,0.0,0.0,0.0,MEDIUM,MEDIUM,MEDIUM,5,COST_BASED,COST_BASED,false,false
1,baseline,1,2042,0.0,0.8558558558558559,NATURAL_GAS_BLOCK,PRIVATELY_RENTED,0,0,0,4898,0.0,0.0,0.0,0.0,0.0,MEDIUM,MEDIUM,MEDIUM,5,COST_BASED,COST_BASED,false,false
1,baseline,1,2043,0.0,0.8558558558558559,NATURAL_GAS_BLOCK,PRIVATELY_RENTED,0,0,0,4898,0.0,0.0,0.0,0.0,0.0,MEDIUM,MEDIUM,MEDIUM,5,COST_BASED,COST_BASED,false,false
1,baseline,1,2044,0.0,0.8558558558558559,NATURAL_GAS_BLOCK,PRIVATELY_RENTED,0,0,0,4898,0.0,0.0,0.0,0.0,0.0,MEDIUM,MEDIUM,MEDIUM,5,COST_BASED,COST_BASED,false,false
1,baseline,1,2045,0.0,0.8558558558558559,NATURAL_GAS_BLOCK,PRIVATELY_RENTED,0,0,0,4898,0.0,0.0,0.0,0.0,0.0,MEDIUM,MEDIUM,MEDIUM,5,COST_BASED,COST_BASED,false,false
1,baseline,1,2046,0.0,0.8558558558558559,NATURAL_GAS_BLOCK,PRIVATELY_RENTED,0,0,0,4898,0.0,0.0,0.0,0.0,0.0,MEDIUM,MEDIUM,MEDIUM,5,COST_BASED,COST_BASED,false,false
1,baseline,1,2047,0.0,0.8558558558558559,NATURAL_GAS_BLOCK,PRIVATELY_RENTED,0,0,0,4898,0.0,0.0,0.0,0.0,0.0,MEDIUM,MEDIUM,MEDIUM,5,COST_BASED,COST_BASED,false,false
1,baseline,1,2048,0.0,0.8558558558558559,NATURAL_GAS_BLOCK,PRIVATELY_RENTED,0,0,0,4898,0.0,0.0,0.0,0.0,0.0,MEDIUM,MEDIUM,MEDIUM,5,COST_BASED,COST_BASED,false,false
1,baseline,1,2049,0.0,0.8558558558558559,NATURAL_GAS_BLOCK,PRIVATELY_RENTED,0,0,0,4898,0.0,0.0,0.0,0.0,0.0,MEDIUM,MEDIUM,MEDIUM,5,COST_BASED,COST_BASED,false,false
1,baseline,1,2050,0.0,0.8558558558558559,NATURAL_GAS_BLOCK,PRIVATELY_RENTED,0,0,0,4898,0.0,0.0,0.0,0.0,0.0,MEDIUM,MEDIUM,MEDIUM,5,COST_BASED,COST_BASED,false,false
1,baseline,1,2024,0.0,0.0,DISTRICT_HEATING,TOTAL,29834,29834,0,29834,0.0,0.0,0.0,0.0,0.0,MEDIUM,MEDIUM,MEDIUM,5,COST_BASED,COST_BASED,false,false
1,baseline,1,2025,0.0,0.38738738738738737,DISTRICT_HEATING,TOTAL,34571,5174,437,35008,0.7672191125902263,0.6057239674716602,0.0,1496.870564815307,0.7167811730599345,MEDIUM,MEDIUM,MEDIUM,5,COST_BASED,COST_BASED,false,false
1,baseline,1,2026,0.0,0.38738738738738737,DISTRICT_HEATING,TOTAL,37044,2871,398,37879,0.7662222095025107,0.6091612703391327,0.0,1528.9215033301618,0.7221863531330708,MEDIUM,MEDIUM,MEDIUM,5,COST_BASED,COST_BASED,false,false
1,baseline,1,2027,0.0,0.38738738738738737,DISTRICT_HEATING,TOTAL,38559,2600,1085,40479,0.7671190258774864,0.6066981384256599,0.0,1516.1523493118177,0.7182674511691162,MEDIUM,MEDIUM,MEDIUM,5,COST_BASED,COST_BASED,false,false
1,baseline,1,2028,0.0,0.38738738738738737,DISTRICT_HEATING,TOTAL,41166,3207,600,43686,0.7665920332707864,0.612832516152934,0.0,1511.5206906460746,0.7276007659117064,MEDIUM,MEDIUM,MEDIUM,5,COST_BASED,COST_BASED,false,false
1,baseline,1,2029,0.0,0.38738738738738737,DISTRICT_HEATING,TOTAL,43344,2938,760,46624,0.7647051374474185,0.6075897674310445,0.0,1546.2538744182898,0.7202083667847143,MEDIUM,MEDIUM,MEDIUM,5,COST_BASED,COST_BASED,false,false
1,baseline,1,2030,0.0,0.8558558558558559,DISTRICT_HEATING,TOTAL,48475,7348,2217,53972,0.7649141483089508,0.5988052340329224,0.0,1613.7397450501846,0.7069793139721473,MEDIUM,MEDIUM,MEDIUM,5,COST_BASED,COST_BASED,false,false
1,baseline,1,2031,0.0,0.8558558558558559,DISTRICT_HEATING,TOTAL,54867,7594,1202,61566,0.7652401205608445,0.6023350012294107,0.0,1613.5447463672542,0.7121924717039083,MEDIUM,MEDIUM,MEDIUM,5,COST_BASED,COST_BASED,false,false
1,baseline,1,2032,0.0,0.8558558558558559,DISTRICT_HEATING,TOTAL,59319,7670,3218,69236,0.7659190241159751,0.6101601642408806,0.0,1624.9066976947472,0.7237604903323214,MEDIUM,MEDIUM,MEDIUM,5,COST_BASED,COST_BASED,false,false
1,baseline,1,2033,0.0,0.8558558558558559,DISTRICT_HEATING,TOTAL,66313,8264,1270,77500,0.7670208087228312,0.5997296585117307,0.0,1611.826227163758,0.7078392855868827,MEDIUM,MEDIUM,MEDIUM,5,COST_BASED,COST_BASED,false,false
1,baseline,1,2034,0.0,0.8558558558558559,DISTRICT_HEATING,TOTAL,74107,8529,735,86029,0.7641211858642657,0.602507971895488,0.0,1528.5913439201931,0.7127316613771632,MEDIUM,MEDIUM,MEDIUM,5,COST_BASED,COST_BASED,false,false
1,baseline,1,2035,0.0,0.8558558558558559,DISTRICT_HEATING,TOTAL,80032,7144,1219,93173,0.7646346151300571,0.6012132836479533,0.0,1573.8286644223972,0.7106612716894138,MEDIUM,MEDIUM,MEDIUM,5,COST_BASED,COST_BASED,false,false
1,baseline,1,2036,0.0,0.8558558558558559,DISTRICT_HEATING,TOTAL,84093,4703,642,97876,0.7645100516987678,0.5989348870098095,0.0,1598.005556362357,0.7072748175900233,MEDIUM,MEDIUM,MEDIUM,5,COST_BASED,COST_BASED,false,false
1,baseline,1,2037,0.0,0.8558558558558559,DISTRICT_HEATING,TOTAL,84369,1011,735,98887,0.7824306824007511,0.5974358911860519,0.0,1443.3817082388512,0.7005461661788897,MEDIUM,MEDIUM,MEDIUM,5,COST_BASED,COST_BASED,false,false
1,baseline,1,2038,0.0,0.8558558558558559,DISTRICT_HEATING,TOTAL,83335,743,1777,99630,0.7716650214106794,0.5959827667087587,0.0,1525.1945731303772,0.7010578947104678,MEDIUM,MEDIUM,MEDIUM,5,COST_BASED,COST_BASED,false,false
1,baseline,1,2039,0.0,0.8558558558558559,DISTRICT_HEATING,TOTAL,83102,508,741,100138,0.7822071351381458,0.5897069663411731,0.0,1589.3864512877449,0.6890086657272236,MEDIUM,MEDIUM,MEDIUM,5,COST_BASED,COST_BASED,false,false
1,baseline,1,2040,0.0,0.8558558558558559,DISTRICT_HEATING,TOTAL,83626,1131,607,101269,0.7486304604820485,0.5875153597098002,0.0,1660.7747409520434,0.6941154244441858,MEDIUM,MEDIUM,MEDIUM,5,COST_BASED,COST_BASED,false,false
1,baseline,1,2041,0.0,0.8558558558558559,DISTRICT_HEATING,TOTAL,83648,441,419,101710,0.7486911848662631,0.5935197504880814,0.0,1679.6965205948861,0.7031068295155551,MEDIUM,MEDIUM,MEDIUM,5,COST_BASED,COST_BASED,false,false
1,baseline,1,2042,0.0,0.8558558558558559,DISTRICT_HEATING,TOTAL,82374,241,1515,101951,0.7432118146264342,0.5923948059519243,0.0,1669.7419682539683,0.702789255271275,MEDIUM,MEDIUM,MEDIUM,5,COST_BASED,COST_BASED,false,false
1,baseline,1,2043,0.0,0.8558558558558559,DISTRICT_HEATING,TOTAL,81919,593,1048,102544,0.7377742480566332,0.5921189372571981,0.0,1606.7101881069766,0.7037348438716369,MEDIUM,MEDIUM,MEDIUM,5,COST_BASED,COST_BASED,false,false
1,baseline,1,2044,0.0,0.8558558558558559,DISTRICT_HEATING,TOTAL,81824,288,383,102832,0.7403114826583489,0.5947351285936517,0.0,1670.7922139358861,0.7070248222258899,MEDIUM,MEDIUM,MEDIUM,5,COST_BASED,COST_BASED,false,false
1,baseline,1,2045,0.0,0.8558558558558559,DISTRICT_HEATING,TOTAL,81674,215,365,103047,0.6779513140100589,0.5796843927837683,0.0,1701.885283018868,0.7000387606731368,MEDIUM,MEDIUM,MEDIUM,5,COST_BASED,COST_BASED,false,false
1,baseline,1,2046,0.0,0.8558558558558559,DISTRICT_HEATING,TOTAL,79661,281,2294,103328,0.6779938417721881,0.5847680364233557,0.0,1648.5778919051113,0.7076535941919863,MEDIUM,MEDIUM,MEDIUM,5,COST_BASED,COST_BASED,false,false
1,baseline,1,2047,0.0,0.8558558558558559,DISTRICT_HEATING,TOTAL,79465,248,444,103576,0.7136574486985373,0.5911598129370635,0.0,1831.4842413877352,0.7083253572309597,MEDIUM,MEDIUM,MEDIUM,5,COST_BASED,COST_BASED,false,false
1,baseline,1,2048,0.0,0.8558558558558559,DISTRICT_HEATING,TOTAL,79276,415,604,103991,0.7010437645038659,0.5945129775525629,0.0,1558.7562127944402,0.7165085252028732,MEDIUM,MEDIUM,MEDIUM,5,COST_BASED,COST_BASED,false,false
1,baseline,1,2049,0.0,0.8558558558558559,DISTRICT_HEATING,TOTAL,79095,417,598,104408,0.6890878686112377,0.5878465839636029,0.0,1561.2230107526882,0.7094979087925936,MEDIUM,MEDIUM,MEDIUM,5,COST_BASED,COST_BASED,false,false
1,baseline,1,2050,0.0,0.8558558558558559,DISTRICT_HEATING,TOTAL,78877,283,501,104691,0.704254879110489,0.5819733746508352,0.0,1693.463696906245,0.6968963421986324,MEDIUM,MEDIUM,MEDIUM,5,COST_BASED,COST_BASED,false,false
1,baseline,1,2024,0.0,0.0,DISTRICT_HEATING,PRIVATELY_OWNED,15525,15525,0,15525,0.0,0.0,0.0,0.0,0.0,MEDIUM,MEDIUM,MEDIUM,5,COST_BASED,COST_BASED,false,false
1,baseline,1,2025,0.0,0.38738738738738737,DISTRICT_HEATING,PRIVATELY_OWNED,20386,5172,311,20697,0.7675157943816379,0.6059581994776431,0.0,1497.4494010739363,0.7170583506210559,MEDIUM,MEDIUM,MEDIUM,5,COST_BASED,COST_BASED,false,false
1,baseline,1,2026,0.0,0.38738738738738737,DISTRICT_HEATING,PRIVATELY_OWNED,22977,2871,280,23568,0.7662222095025106,0.6091612703391327,0.0,1528.9215033301618,0.7221863531330708,MEDIUM,MEDIUM,MEDIUM,5,COST_BASED,COST_BASED,false,false
1,baseline,1,2027,0.0,0.38738738738738737,DISTRICT_HEATING,PRIVATELY_OWNED,25302,2600,275,26168,0.7671190258774864,0.6066981384256599,0.0,1516.1523493118177,0.7182674511691162,MEDIUM,MEDIUM,MEDIUM,5,COST_BASED,COST_BASED,false,false
1,baseline,1,2028,0.0,0.38738738738738737,DISTRICT_HEATING,PRIVATELY_OWNED,28087,3206,421,29374,0.7668311449467909,0.6130236679046972,0.0,1511.992156862745,0.7278277156203502,MEDIUM,MEDIUM,MEDIUM,5,COST_BASED,COST_BASED,false,false
1,baseline,1,2029,0.0,0.38738738738738737,DISTRICT_HEATING,PRIVATELY_OWNED,30463,2934,558,32308,0.7657476802387578,0.6084181106722593,0.0,1548.3619233268355,0.7211902459487016,MEDIUM,MEDIUM,MEDIUM,5,COST_BASED,COST_BASED,false,false
1,baseline,1,2030,0.0,0.8558558558558559,DISTRICT_HEATING,PRIVATELY_OWNED,37143,7345,665,39653,0.7652265706976406,0.5990498107112204,0.0,1614.3988627132412,0.7072680733924218,MEDIUM,MEDIUM,MEDIUM,5,COST_BASED,COST_BASED,false,false
1,baseline,1,2031,0.0,0.8558558558558559,DISTRICT_HEATING,PRIVATELY_OWNED,43678,7591,1056,47244,0.7655425471662565,0.6025730469419239,0.0,1614.1824270732352,0.7124739336213253,MEDIUM,MEDIUM,MEDIUM,5,COST_BASED,COST_BASED,false,false
1,baseline,1,2032,0.0,0.8558558558558559,DISTRICT_HEATING,PRIVATELY_OWNED,50181,7661,1158,54905,0.7668188115088799,0.6108769690285282,0.0,1626.8156077951587,0.7246107506655665,MEDIUM,MEDIUM,MEDIUM,5,COST_BASED,COST_BASED,false,false
1,baseline,1,2033,0.0,0.8558558558558559,DISTRICT_HEATING,PRIVATELY_OWNED,57478,8251,954,63156,0.7682293010890167,0.6006745725295045,0.0,1614.3657667290386,0.7089545335219971,MEDIUM,MEDIUM,MEDIUM,5,COST_BASED,COST_BASED,false,false
1,baseline,1,2034,0.0,0.8558558558558559,DISTRICT_HEATING,PRIVATELY_OWNED,65385,8524,617,71680,0.7645694033594934,0.6028613904618274,0.0,1529.4879836104326,0.7131497348528654,MEDIUM,MEDIUM,MEDIUM,5,COST_BASED,COST_BASED,false,false
1,baseline,1,2035,0.0,0.8558558558558559,DISTRICT_HEATING,PRIVATELY_OWNED,71913,7141,613,78821,0.7649558451882268,0.6014658588966502,0.0,1574.4898443682405,0.7109598270479166,MEDIUM,MEDIUM,MEDIUM,5,COST_BASED,COST_BASED,false,false
1,baseline,1,2036,0.0,0.8558558558558559,DISTRICT_HEATING,PRIVATELY_OWNED,76127,4699,485,83520,0.7651608370162386,0.5994447273051998,0.0,1599.365850515464,0.7078768817037411,MEDIUM,MEDIUM,MEDIUM,5,COST_BASED,COST_BASED,false,false
1,baseline,1,2037,0.0,0.8558558558558559,DISTRICT_HEATING,PRIVATELY_OWNED,76535,1011,603,84531,0.7824306824007511,0.5974358911860519,0.0,1443.3817082388512,0.7005461661788897,MEDIUM,MEDIUM,MEDIUM,5,COST_BASED,COST_BASED,false,false
1,baseline,1,2038,0.0,0.8558558558558559,DISTRICT_HEATING,PRIVATELY_OWNED,76660,743,618,85274,0.7716650214106795,0.5959827667087587,0.0,1525.1945731303772,0.7010578947104678,MEDIUM,MEDIUM,MEDIUM,5,COST_BASED,COST_BASED,false,false
1,baseline,1,2039,0.0,0.8558558558558559,DISTRICT_HEATING,PRIVATELY_OWNED,76694,507,473,85781,0.7837499500003512,0.5908700964522997,0.0,1592.52133580705,0.6903676571783621,MEDIUM,MEDIUM,MEDIUM,5,COST_BASED,COST_BASED,false,false
1,baseline,1,2040,0.0,0.8558558558558559,DISTRICT_HEATING,PRIVATELY_OWNED,77396,1129,427,86910,0.7499566437601389,0.5885561309404641,0.0,1663.7167688368122,0.6953450354706592,MEDIUM,MEDIUM,MEDIUM,5,COST_BASED,COST_BASED,false,false
1,baseline,1,2041,0.0,0.8558558558558559,DISTRICT_HEATING,PRIVATELY_OWNED,77568,439,267,87349,0.752102078646975,0.5962237129048835,0.0,1687.3488965429265,0.7063100496955805,MEDIUM,MEDIUM,MEDIUM,5,COST_BASED,COST_BASED,false,false
1,baseline,1,2042,0.0,0.8558558558558559,DISTRICT_HEATING,PRIVATELY_OWNED,77523,241,286,87590,0.7432118146264342,0.5923948059519243,0.0,1669.7419682539683,0.702789255271275,MEDIUM,MEDIUM,MEDIUM,5,COST_BASED,COST_BASED,false,false
1,baseline,1,2043,0.0,0.8558558558558559,DISTRICT_HEATING,PRIVATELY_OWNED,77664,592,451,88182,0.7390204883405126,0.5931191381647272,0.0,1609.4242255868871,0.7049235851619605,MEDIUM,MEDIUM,MEDIUM,5,COST_BASED,COST_BASED,false,false
1,baseline,1,2044,0.0,0.8558558558558559,DISTRICT_HEATING,PRIVATELY_OWNED,77657,287,294,88469,0.7428909651763222,0.5968073764284729,0.0,1676.6137895941993,0.7094883233486282,MEDIUM,MEDIUM,MEDIUM,5,COST_BASED,COST_BASED,false,false
1,baseline,1,2045,0.0,0.8558558558558559,DISTRICT_HEATING,PRIVATELY_OWNED,77627,215,245,88684,0.6779513140100589,0.5796843927837683,0.0,1701.885283018868,0.7000387606731368,MEDIUM,MEDIUM,MEDIUM,5,COST_BASED,COST_BASED,false,false
1,baseline,1,2046,0.0,0.8558558558558559,DISTRICT_HEATING,PRIVATELY_OWNED,77604,281,304,88965,0.6779938417721881,0.5847680364233557,0.0,1648.5778919051113,0.7076535941919863,MEDIUM,MEDIUM,MEDIUM,5,COST_BASED,COST_BASED,false,false
1,baseline,1,2047,0.0,0.8558558558558559,DISTRICT_HEATING,PRIVATELY_OWNED,77551,248,301,89213,0.7136574486985373,0.5911598129370635,0.0,1831.4842413877352,0.7083253572309598,MEDIUM,MEDIUM,MEDIUM,5,COST_BASED,COST_BASED,false,false
1,baseline,1,2048,0.0,0.8558558558558559,DISTRICT_HEATING,PRIVATELY_OWNED,77510,413,454,89626,0.704438649561996,0.5973919750225511,0.0,1566.3046690307328,0.719978300143323,MEDIUM,MEDIUM,MEDIUM,5,COST_BASED,COST_BASED,false,false
1,baseline,1,2049,0.0,0.8558558558558559,DISTRICT_HEATING,PRIVATELY_OWNED,77467,417,460,90043,0.6890878686112377,0.5878465839636029,0.0,1561.2230107526882,0.7094979087925936,MEDIUM,MEDIUM,MEDIUM,5,COST_BASED,COST_BASED,false,false
1,baseline,1,2050,0.0,0.8558558558558559,DISTRICT_HEATING,PRIVATELY_OWNED,77419,280,328,90323,0.7118004671009586,0.5882088036649513,0.0,1711.6079508016692,0.7043630887221891,MEDIUM,MEDIUM,MEDIUM,5,COST_BASED,COST_BASED,false,false
1,baseline,1,2024,0.0,0.0,DISTRICT_HEATING,SOCIAL_HOUSING,9350,9350,0,9350,0.0,0.0,0.0,0.0,0.0,MEDIUM,MEDIUM,MEDIUM,5,COST_BASED,COST_BASED,false,false
1,baseline,1,2025,0.0,0.38738738738738737,DISTRICT_HEATING,SOCIAL_HOUSING,9350,0,0,9350,0.0,0.0,0.0,0.0,0.0,MEDIUM,MEDIUM,MEDIUM,5,COST_BASED,COST_BASED,false,false
1,baseline,1,2026,0.0,0.38738738738738737,DISTRICT_HEATING,SOCIAL_HOUSING,9350,0,0,9350,0.0,0.0,0.0,0.0,0.0,MEDIUM,MEDIUM,MEDIUM,5,COST_BASED,COST_BASED,false,false
1,baseline,1,2027,0.0,0.38738738738738737,DISTRICT_HEATING,SOCIAL_HOUSING,8652,0,698,9350,0.0,0.0,0.0,0.0,0.0,MEDIUM,MEDIUM,MEDIUM,5,COST_BASED,COST_BASED,false,false
1,baseline,1,2028,0.0,0.38738738738738737,DISTRICT_HEATING,SOCIAL_HOUSING,8652,0,0,9350,0.0,0.0,0.0,0.0,0.0,MEDIUM,MEDIUM,MEDIUM,5,COST_BASED,COST_BASED,false,false
1,baseline,1,2029,0.0,0.38738738738738737,DISTRICT_HEATING,SOCIAL_HOUSING,8652,0,0,9350,0.0,0.0,0.0,0.0,0.0,MEDIUM,MEDIUM,MEDIUM,5,COST_BASED,COST_BASED,false,false
1,baseline,1,2030,0.0,0.8558558558558559,DISTRICT_HEATING,SOCIAL_HOUSING,7333,0,1319,9350,0.0,0.0,0.0,0.0,0.0,MEDIUM,MEDIUM,MEDIUM,5,COST_BASED,COST_BASED,false,false
1,baseline,1,2031,0.0,0.8558558558558559,DISTRICT_HEATING,SOCIAL_HOUSING,7333,0,0,9350,0.0,0.0,0.0,0.0,0.0,MEDIUM,MEDIUM,MEDIUM,5,COST_BASED,COST_BASED,false,false
1,baseline,1,2032,0.0,0.8558558558558559,DISTRICT_HEATING,SOCIAL_HOUSING,5766,0,1567,9350,0.0,0.0,0.0,0.0,0.0,MEDIUM,MEDIUM,MEDIUM,5,COST_BASED,COST_BASED,false,false
1,baseline,1,2033,0.0,0.8558558558558559,DISTRICT_HEATING,SOCIAL_HOUSING,5766,0,0,9350,0.0,0.0,0.0,0.0,0.0,MEDIUM,MEDIUM,MEDIUM,5,COST_BASED,COST_BASED,false,false
1,baseline,1,2034,0.0,0.8558558558558559,DISTRICT_HEATING,SOCIAL_HOUSING,5766,0,0,9350,0.0,0.0,0.0,0.0,0.0,MEDIUM,MEDIUM,MEDIUM,5,COST_BASED,COST_BASED,false,false
1,baseline,1,2035,0.0,0.8558558558558559,DISTRICT_HEATING,SOCIAL_HOUSING,5386,0,380,9350,0.0,0.0,0.0,0.0,0.0,MEDIUM,MEDIUM,MEDIUM,5,COST_BASED,COST_BASED,false,false
1,baseline,1,2036,0.0,0.8558558558558559,DISTRICT_HEATING,SOCIAL_HOUSING,5386,0,0,9350,0.0,0.0,0.0,0.0,0.0,MEDIUM,MEDIUM,MEDIUM,5,COST_BASED,COST_BASED,false,false
1,baseline,1,2037,0.0,0.8558558558558559,DISTRICT_HEATING,SOCIAL_HOUSING,5386,0,0,9350,0.0,0.0,0.0,0.0,0.0,MEDIUM,MEDIUM,MEDIUM,5,COST_BASED,COST_BASED,false,false
1,baseline,1,2038,0.0,0.8558558558558559,DISTRICT_HEATING,SOCIAL_HOUSING,4496,0,890,9350,0.0,0.0,0.0,0.0,0.0,MEDIUM,MEDIUM,MEDIUM,5,COST_BASED,COST_BASED,false,false
1,baseline,1,2039,0.0,0.8558558558558559,DISTRICT_HEATING,SOCIAL_HOUSING,4496,0,0,9350,0.0,0.0,0.0,0.0,0.0,MEDIUM,MEDIUM,MEDIUM,5,COST_BASED,COST_BASED,false,false
1,baseline,1,2040,0.0,0.8558558558558559,DISTRICT_HEATING,SOCIAL_HOUSING,4496,0,0,9350,0.0,0.0,0.0,0.0,0.0,MEDIUM,MEDIUM,MEDIUM,5,COST_BASED,COST_BASED,false,false
1,baseline,1,2041,0.0,0.8558558558558559,DISTRICT_HEATING,SOCIAL_HOUSING,4496,0,0,9350,0.0,0.0,0.0,0.0,0.0,MEDIUM,MEDIUM,MEDIUM,5,COST_BASED,COST_BASED,false,false
1,baseline,1,2042,0.0,0.8558558558558559,DISTRICT_HEATING,SOCIAL_HOUSING,3375,0,1121,9350,0.0,0.0,0.0,0.0,0.0,MEDIUM,MEDIUM,MEDIUM,5,COST_BASED,COST_BASED,false,false
1,baseline,1,2043,0.0,0.8558558558558559,DISTRICT_HEATING,SOCIAL_HOUSING,2982,0,393,9350,0.0,0.0,0.0,0.0,0.0,MEDIUM,MEDIUM,MEDIUM,5,COST_BASED,COST_BASED,false,false
1,baseline,1,2044,0.0,0.8558558558558559,DISTRICT_HEATING,SOCIAL_HOUSING,2982,0,0,9350,0.0,0.0,0.0,0.0,0.0,MEDIUM,MEDIUM,MEDIUM,5,COST_BASED,COST_BASED,false,false
1,baseline,1,2045,0.0,0.8558558558558559,DISTRICT_HEATING,SOCIAL_HOUSING,2982,0,0,9350,0.0,0.0,0.0,0.0,0.0,MEDIUM,MEDIUM,MEDIUM,5,COST_BASED,COST_BASED,false,false
1,baseline,1,2046,0.0,0.8558558558558559,DISTRICT_HEATING,SOCIAL_HOUSING,1099,0,1883,9350,0.0,0.0,0.0,0.0,0.0,MEDIUM,MEDIUM,MEDIUM,5,COST_BASED,COST_BASED,false,false
1,baseline,1,2047,0.0,0.8558558558558559,DISTRICT_HEATING,SOCIAL_HOUSING,1099,0,0,9350,0.0,0.0,0.0,0.0,0.0,MEDIUM,MEDIUM,MEDIUM,5,COST_BASED,COST_BASED,false,false
1,baseline,1,2048,0.0,0.8558558558558559,DISTRICT_HEATING,SOCIAL_HOUSING,1099,0,0,9350,0.0,0.0,0.0,0.0,0.0,MEDIUM,MEDIUM,MEDIUM,5,COST_BASED,COST_BASED,false,false
1,baseline,1,2049,0.0,0.8558558558558559,DISTRICT_HEATING,SOCIAL_HOUSING,1070,0,29,9350,0.0,0.0,0.0,0.0,0.0,MEDIUM,MEDIUM,MEDIUM,5,COST_BASED,COST_BASED,false,false
1,baseline,1,2050,0.0,0.8558558558558559,DISTRICT_HEATING,SOCIAL_HOUSING,1070,0,0,9350,0.0,0.0,0.0,0.0,0.0,MEDIUM,MEDIUM,MEDIUM,5,COST_BASED,COST_BASED,false,false
1,baseline,1,2024,0.0,0.0,DISTRICT_HEATING,PRIVATELY_RENTED,4959,4959,0,4959,0.0,0.0,0.0,0.0,0.0,MEDIUM,MEDIUM,MEDIUM,5,COST_BASED,COST_BASED,false,false
1,baseline,1,2025,0.0,0.38738738738738737,DISTRICT_HEATING,PRIVATELY_RENTED,4835,2,126,4961,0.0,0.0,0.0,0.0,0.0,MEDIUM,MEDIUM,MEDIUM,5,COST_BASED,COST_BASED,false,false
1,baseline,1,2026,0.0,0.38738738738738737,DISTRICT_HEATING,PRIVATELY_RENTED,4717,0,118,4961,0.0,0.0,0.0,0.0,0.0,MEDIUM,MEDIUM,MEDIUM,5,COST_BASED,COST_BASED,false,false
1,baseline,1,2027,0.0,0.38738738738738737,DISTRICT_HEATING,PRIVATELY_RENTED,4605,0,112,4961,0.0,0.0,0.0,0.0,0.0,MEDIUM,MEDIUM,MEDIUM,5,COST_BASED,COST_BASED,false,false
1,baseline,1,2028,0.0,0.38738738738738737,DISTRICT_HEATING,PRIVATELY_RENTED,4427,1,179,4962,0.0,0.0,0.0,0.0,0.0,MEDIUM,MEDIUM,MEDIUM,5,COST_BASED,COST_BASED,false,false
1,baseline,1,2029,0.0,0.38738738738738737,DISTRICT_HEATING,PRIVATELY_RENTED,4229,4,202,4966,0.0,0.0,0.0,0.0,0.0,MEDIUM,MEDIUM,MEDIUM,5,COST_BASED,COST_BASED,false,false
1,baseline,1,2030,0.0,0.8558558558558559,DISTRICT_HEATING,PRIVATELY_RENTED,3999,3,233,4969,0.0,0.0,0.0,0.0,0.0,MEDIUM,MEDIUM,MEDIUM,5,COST_BASED,COST_BASED,false,false
1,baseline,1,2031,0.0,0.8558558558558559,DISTRICT_HEATING,PRIVATELY_RENTED,3856,3,146,4972,0.0,0.0,0.0,0.0,0.0,MEDIUM,MEDIUM,MEDIUM,5,COST_BASED,COST_BASED,false,false
1,baseline,1,2032,0.0,0.8558558558558559,DISTRICT_HEATING,PRIVATELY_RENTED,3372,9,493,4981,0.0,0.0,0.0,0.0,0.0,MEDIUM,MEDIUM,MEDIUM,5,COST_BASED,COST_BASED,false,false
1,baseline,1,2033,0.0,0.8558558558558559,DISTRICT_HEATING,PRIVATELY_RENTED,3069,13,316,4994,0.0,0.0,0.0,0.0,0.0,MEDIUM,MEDIUM,MEDIUM,5,COST_BASED,COST_BASED,false,false
1,baseline,1,2034,0.0,0.8558558558558559,DISTRICT_HEATING,PRIVATELY_RENTED,2956,5,118,4999,0.0,0.0,0.0,0.0,0.0,MEDIUM,MEDIUM,MEDIUM,5,COST_BASED,COST_BASED,false,false
1,baseline,1,2035,0.0,0.8558558558558559,DISTRICT_HEATING,PRIVATELY_RENTED,2733,3,226,5002,0.0,0.0,0.0,0.0,0.0,MEDIUM,MEDIUM,MEDIUM,5,COST_BASED,COST_BASED,false,false
1,baseline,1,2036,0.0,0.8558558558558559,DISTRICT_HEATING,PRIVATELY_RENTED,2580,4,157,5006,0.0,0.0,0.0,0.0,0.0,MEDIUM,MEDIUM,MEDIUM,5,COST_BASED,COST_BASED,false,false
1,baseline,1,2037,0.0,0.8558558558558559,DISTRICT_HEATING,PRIVATELY_RENTED,2448,0,132,5006,0.0,0.0,0.0,0.0,0.0,MEDIUM,MEDIUM,MEDIUM,5,COST_BASED,COST_BASED,false,false
1,baseline,1,2038,0.0,0.8558558558558559,DISTRICT_HEATING,PRIVATELY_RENTED,2179,0,269,5006,0.0,0.0,0.0,0.0,0.0,MEDIUM,MEDIUM,MEDIUM,5,COST_BASED,COST_BASED,false,false
1,baseline,1,2039,0.0,0.8558558558558559,DISTRICT_HEATING,PRIVATELY_RENTED,1912,1,268,5007,0.0,0.0,0.0,0.0,0.0,MEDIUM,MEDIUM,MEDIUM,5,COST_BASED,COST_BASED,false,false
1,baseline,1,2040,0.0,0.8558558558558559,DISTRICT_HEATING,PRIVATELY_RENTED,1734,2,180,5009,0.0,0.0,0.0,0.0,0.0,MEDIUM,MEDIUM,MEDIUM,5,COST_BASED,COST_BASED,false,false
1,baseline,1,2041,0.0,0.8558558558558559,DISTRICT_HEATING,PRIVATELY_RENTED,1584,2,152,5011,0.0,0.0,0.0,0.0,0.0,MEDIUM,MEDIUM,MEDIUM,5,COST_BASED,COST_BASED,false,false
1,baseline,1,2042,0.0,0.8558558558558559,DISTRICT_HEATING,PRIVATELY_RENTED,1476,0,108,5011,0.0,0.0,0.0,0.0,0.0,MEDIUM,MEDIUM,MEDIUM,5,COST_BASED,COST_BASED,false,false
1,baseline,1,2043,0.0,0.8558558558558559,DISTRICT_HEATING,PRIVATELY_RENTED,1273,1,204,5012,0.0,0.0,0.0,0.0,0.0,MEDIUM,MEDIUM,MEDIUM,5,COST_BASED,COST_BASED,false,false
1,baseline,1,2044,0.0,0.8558558558558559,DISTRICT_HEATING,PRIVATELY_RENTED,1185,1,89,5013,0.0,0.0,0.0,0.0,0.0,MEDIUM,MEDIUM,MEDIUM,5,COST_BASED,COST_BASED,false,false
1,baseline,1,2045,0.0,0.8558558558558559,DISTRICT_HEATING,PRIVATELY_RENTED,1065,0,120,5013,0.0,0.0,0.0,0.0,0.0,MEDIUM,MEDIUM,MEDIUM,5,COST_BASED,COST_BASED,false,false
1,baseline,1,2046,0.0,0.8558558558558559,DISTRICT_HEATING,PRIVATELY_RENTED,958,0,107,5013,0.0,0.0,0.0,0.0,0.0,MEDIUM,MEDIUM,MEDIUM,5,COST_BASED,COST_BASED,false,false
1,baseline,1,2047,0.0,0.8558558558558559,DISTRICT_HEATING,PRIVATELY_RENTED,815,0,143,5013,0.0,0.0,0.0,0.0,0.0,MEDIUM,MEDIUM,MEDIUM,5,COST_BASED,COST_BASED,false,false
1,baseline,1,2048,0.0,0.8558558558558559,DISTRICT_HEATING,PRIVATELY_RENTED,667,2,150,5015,0.0,0.0,0.0,0.0,0.0,MEDIUM,MEDIUM,MEDIUM,5,COST_BASED,COST_BASED,false,false
1,baseline,1,2049,0.0,0.8558558558558559,DISTRICT_HEATING,PRIVATELY_RENTED,558,0,109,5015,0.0,0.0,0.0,0.0,0.0,MEDIUM,MEDIUM,MEDIUM,5,COST_BASED,COST_BASED,false,false
1,baseline,1,2050,0.0,0.8558558558558559,DISTRICT_HEATING,PRIVATELY_RENTED,388,3,173,5018,0.0,0.0,0.0,0.0,0.0,MEDIUM,MEDIUM,MEDIUM,5,COST_BASED,COST_BASED,false,false
1,baseline,1,2024,0.0,0.0,ELECTRIC_HEAT_PUMP,TOTAL,10467,10467,0,10467,0.0,0.0,0.0,0.0,0.0,MEDIUM,MEDIUM,MEDIUM,5,COST_BASED,COST_BASED,false,false
1,baseline,1,2025,0.0,0.38738738738738737,ELECTRIC_HEAT_PUMP,TOTAL,15480,6078,1065,16545,0.7131375277739417,0.5531588759969216,0.0,2307.353375642849,0.6514539320518951,MEDIUM,MEDIUM,MEDIUM,5,COST_BASED,COST_BASED,false,false
1,baseline,1,2026,0.0,0.38738738738738737,ELECTRIC_HEAT_PUMP,TOTAL,18220,3321,581,19866,0.7121631918662712,0.5586126697999031,0.0,2285.308004426411,0.6598782067332815,MEDIUM,MEDIUM,MEDIUM,5,COST_BASED,COST_BASED,false,false
1,baseline,1,2027,0.0,0.38738738738738737,ELECTRIC_HEAT_PUMP,TOTAL,22410,4675,485,24541,0.7147304612617326,0.5714307115835987,0.0,2253.983887303195,0.6784634520599669,MEDIUM,MEDIUM,MEDIUM,5,COST_BASED,COST_BASED,false,false
1,baseline,1,2028,0.0,0.38738738738738737,ELECTRIC_HEAT_PUMP,TOTAL,25647,4202,965,28743,0.7112477234679248,0.5587367799769565,0.0,2179.2168118002487,0.6602932390984539,MEDIUM,MEDIUM,MEDIUM,5,COST_BASED,COST_BASED,false,false
1,baseline,1,2029,0.0,0.38738738738738737,ELECTRIC_HEAT_PUMP,TOTAL,29459,4342,530,33085,0.7146948939310349,0.5686730551961808,0.0,2184.060851026028,0.6743358593115112,MEDIUM,MEDIUM,MEDIUM,5,COST_BASED,COST_BASED,false,false
1,baseline,1,2030,0.0,0.8558558558558559,ELECTRIC_HEAT_PUMP,TOTAL,32138,3163,484,36248,0.7149742765981875,0.5626496819966189,0.0,2106.7251416795466,0.665230953845384,MEDIUM,MEDIUM,MEDIUM,5,COST_BASED,COST_BASED,false,false
1,baseline,1,2031,0.0,0.8558558558558559,ELECTRIC_HEAT_PUMP,TOTAL,34894,3279,523,39527,0.7141113216791857,0.5667036843395483,0.0,2070.223290328021,0.6715276960895232,MEDIUM,MEDIUM,MEDIUM,5,COST_BASED,COST_BASED,false,false
1,baseline,1,2032,0.0,0.8558558558558559,ELECTRIC_HEAT_PUMP,TOTAL,36375,2025,544,41552,0.7127729287196363,0.560463741541131,0.0,2055.6849850349186,0.6625023801317839,MEDIUM,MEDIUM,MEDIUM,5,COST_BASED,COST_BASED,false,false
1,baseline,1,2033,0.0,0.8558558558558559,ELECTRIC_HEAT_PUMP,TOTAL,37886,2178,667,43730,0.7101140982807697,0.5494210136411843,0.0,2048.6989164747033,0.6466029958915847,MEDIUM,MEDIUM,MEDIUM,5,COST_BASED,COST_BASED,false,false
1,baseline,1,2034,0.0,0.8558558558558559,ELECTRIC_HEAT_PUMP,TOTAL,40586,3321,621,47051,0.7147572117676687,0.5637827398350616,0.0,1921.7630570376493,0.6669848068106818,MEDIUM,MEDIUM,MEDIUM,5,COST_BASED,COST_BASED,false,false
1,baseline,1,2035,0.0,0.8558558558558559,ELECTRIC_HEAT_PUMP,TOTAL,42386,2579,779,49630,0.714022055305661,0.5603585954334073,0.0,1983.0501677852349,0.6620323793236931,MEDIUM,MEDIUM,MEDIUM,5,COST_BASED,COST_BASED,false,false
1,baseline,1,2036,0.0,0.8558558558558559,ELECTRIC_HEAT_PUMP,TOTAL,43240,1659,805,51289,0.7140116321023131,0.5566513078077456,0.0,1901.0011059228311,0.6564740536860426,MEDIUM,MEDIUM,MEDIUM,5,COST_BASED,COST_BASED,false,false
1,baseline,1,2037,0.0,0.8558558558558559,ELECTRIC_HEAT_PUMP,TOTAL,42778,921,1383,52210,0.6324636153830179,0.5608924228512359,0.0,1628.0745296671491,0.6832227304310994,MEDIUM,MEDIUM,MEDIUM,5,COST_BASED,COST_BASED,false,false
1,baseline,1,2038,0.0,0.8558558558558559,ELECTRIC_HEAT_PUMP,TOTAL,42596,493,675,52703,0.6537363009293449,0.5560119674586104,0.0,1685.822601010101,0.6705838759555783,MEDIUM,MEDIUM,MEDIUM,5,COST_BASED,COST_BASED,false,false
1,baseline,1,2039,0.0,0.8558558558558559,ELECTRIC_HEAT_PUMP,TOTAL,42524,288,360,52991,0.6204588563140849,0.5496607610124253,0.0,1804.6149122807017,0.6693764274401159,MEDIUM,MEDIUM,MEDIUM,5,COST_BASED,COST_BASED,false,false
1,baseline,1,2040,0.0,0.8558558558558559,ELECTRIC_HEAT_PUMP,TOTAL,42577,6131,6078,59122,0.731224973048403,0.5949979411393413,2.3331423820090965E-5,1729.1943838207478,0.7096848355909526,MEDIUM,MEDIUM,MEDIUM,5,COST_BASED,COST_BASED,false,false
1,baseline,1,2041,0.0,0.8558558558558559,ELECTRIC_HEAT_PUMP,TOTAL,42696,3440,3321,62562,0.7250885461544627,0.6081397545420651,0.0,1721.0043394406944,0.7309374952744833,MEDIUM,MEDIUM,MEDIUM,5,COST_BASED,COST_BASED,false,false
1,baseline,1,2042,0.0,0.8558558558558559,ELECTRIC_HEAT_PUMP,TOTAL,42751,4730,4675,67292,0.7402987466730285,0.6256608645059892,0.0,1686.8277466300847,0.7534166100907286,MEDIUM,MEDIUM,MEDIUM,5,COST_BASED,COST_BASED,false,false
1,baseline,1,2043,0.0,0.8558558558558559,ELECTRIC_HEAT_PUMP,TOTAL,42594,4045,4202,71337,0.7442958835219976,0.5994401903639546,0.0,1572.1897402597403,0.7130863146654329,MEDIUM,MEDIUM,MEDIUM,5,COST_BASED,COST_BASED,false,false
1,baseline,1,2044,0.0,0.8558558558558559,ELECTRIC_HEAT_PUMP,TOTAL,42674,4422,4342,75759,0.7404975958294249,0.6214967136637107,0.0,1669.657190436541,0.7471206715382137,MEDIUM,MEDIUM,MEDIUM,5,COST_BASED,COST_BASED,false,false
1,baseline,1,2045,0.0,0.8558558558558559,ELECTRIC_HEAT_PUMP,TOTAL,42737,3226,3163,78985,0.7861628257153277,0.6281590340860834,7.377113575291974E-5,1604.1337565674255,0.7456794019163573,MEDIUM,MEDIUM,MEDIUM,5,COST_BASED,COST_BASED,false,false
1,baseline,1,2046,0.0,0.8558558558558559,ELECTRIC_HEAT_PUMP,TOTAL,42559,3101,3279,82086,0.7865144923224459,0.6113808311627118,7.219685498775393E-5,1528.7538159616224,0.7204245744497099,MEDIUM,MEDIUM,MEDIUM,5,COST_BASED,COST_BASED,false,false
1,baseline,1,2047,0.0,0.8558558558558559,ELECTRIC_HEAT_PUMP,TOTAL,42590,2056,2025,84142,0.7533003571652245,0.611751663124992,0.0,1656.2454079453225,0.7293024053961819,MEDIUM,MEDIUM,MEDIUM,5,COST_BASED,COST_BASED,false,false
1,baseline,1,2048,0.0,0.8558558558558559,ELECTRIC_HEAT_PUMP,TOTAL,42647,2235,2178,86377,0.7647315528556281,0.617527208355454,0.0,1422.7689708939708,0.7351079243192763,MEDIUM,MEDIUM,MEDIUM,5,COST_BASED,COST_BASED,false,false
1,baseline,1,2049,0.0,0.8558558558558559,ELECTRIC_HEAT_PUMP,TOTAL,42610,3284,3321,89661,0.7724071575657722,0.6098515820187171,6.131311176627562E-5,1414.3663948416463,0.7216602553586972,MEDIUM,MEDIUM,MEDIUM,5,COST_BASED,COST_BASED,false,false
1,baseline,1,2050,0.0,0.8558558558558559,ELECTRIC_HEAT_PUMP,TOTAL,42752,2721,2579,92382,0.7580401883626178,0.6167672784678357,6.280508958591492E-5,1538.5070560564484,0.7356251693387044,MEDIUM,MEDIUM,MEDIUM,5,COST_BASED,COST_BASED,false,false
1,baseline,1,2024,0.0,0.0,ELECTRIC_HEAT_PUMP,PRIVATELY_OWNED,8344,8344,0,8344,0.0,0.0,0.0,0.0,0.0,MEDIUM,MEDIUM,MEDIUM,5,COST_BASED,COST_BASED,false,false
1,baseline,1,2025,0.0,0.38738738738738737,ELECTRIC_HEAT_PUMP,PRIVATELY_OWNED,13648,6078,774,14422,0.7131375277739417,0.5531588759969216,0.0,2307.353375642849,0.6514539320518951,MEDIUM,MEDIUM,MEDIUM,5,COST_BASED,COST_BASED,false,false
1,baseline,1,2026,0.0,0.38738738738738737,ELECTRIC_HEAT_PUMP,PRIVATELY_OWNED,16520,3321,449,17743,0.7121631918662712,0.5586126697999031,0.0,2285.308004426411,0.6598782067332815,MEDIUM,MEDIUM,MEDIUM,5,COST_BASED,COST_BASED,false,false
1,baseline,1,2027,0.0,0.38738738738738737,ELECTRIC_HEAT_PUMP,PRIVATELY_OWNED,20806,4675,389,22418,0.7147304612617326,0.5714307115835987,0.0,2253.983887303195,0.6784634520599669,MEDIUM,MEDIUM,MEDIUM,5,COST_BASED,COST_BASED,false,false
1,baseline,1,2028,0.0,0.38738738738738737,ELECTRIC_HEAT_PUMP,PRIVATELY_OWNED,24415,4202,593,26620,0.7112477234679248,0.5587367799769565,0.0,2179.2168118002487,0.6602932390984539,MEDIUM,MEDIUM,MEDIUM,5,COST_BASED,COST_BASED,false,false
1,baseline,1,2029,0.0,0.38738738738738737,ELECTRIC_HEAT_PUMP,PRIVATELY_OWNED,28343,4342,414,30962,0.7146948939310349,0.5686730551961808,0.0,2184.060851026028,0.6743358593115112,MEDIUM,MEDIUM,MEDIUM,5,COST_BASED,COST_BASED,false,false
1,baseline,1,2030,0.0,0.8558558558558559,ELECTRIC_HEAT_PUMP,PRIVATELY_OWNED,31126,3163,380,34125,0.7149742765981875,0.5626496819966189,0.0,2106.7251416795466,0.665230953845384,MEDIUM,MEDIUM,MEDIUM,5,COST_BASED,COST_BASED,false,false
1,baseline,1,2031,0.0,0.8558558558558559,ELECTRIC_HEAT_PUMP,PRIVATELY_OWNED,33957,3279,448,37404,0.7141113216791857,0.5667036843395483,0.0,2070.223290328021,0.6715276960895232,MEDIUM,MEDIUM,MEDIUM,5,COST_BASED,COST_BASED,false,false
1,baseline,1,2032,0.0,0.8558558558558559,ELECTRIC_HEAT_PUMP,PRIVATELY_OWNED,35544,2025,438,39429,0.7127729287196363,0.560463741541131,0.0,2055.6849850349186,0.6625023801317839,MEDIUM,MEDIUM,MEDIUM,5,COST_BASED,COST_BASED,false,false
1,baseline,1,2033,0.0,0.8558558558558559,ELECTRIC_HEAT_PUMP,PRIVATELY_OWNED,37187,2178,535,41607,0.7101140982807697,0.5494210136411843,0.0,2048.6989164747033,0.6466029958915847,MEDIUM,MEDIUM,MEDIUM,5,COST_BASED,COST_BASED,false,false
1,baseline,1,2034,0.0,0.8558558558558559,ELECTRIC_HEAT_PUMP,PRIVATELY_OWNED,40006,3321,502,44928,0.7147572117676687,0.5637827398350616,0.0,1921.7630570376493,0.6669848068106818,MEDIUM,MEDIUM,MEDIUM,5,COST_BASED,COST_BASED,false,false
1,baseline,1,2035,0.0,0.8558558558558559,ELECTRIC_HEAT_PUMP,PRIVATELY_OWNED,41937,2579,648,47507,0.714022055305661,0.5603585954334073,0.0,1983.0501677852349,0.6620323793236931,MEDIUM,MEDIUM,MEDIUM,5,COST_BASED,COST_BASED,false,false
1,baseline,1,2036,0.0,0.8558558558558559,ELECTRIC_HEAT_PUMP,PRIVATELY_OWNED,42950,1659,646,49166,0.714011632102313,0.5566513078077456,0.0,1901.0011059228311,0.6564740536860426,MEDIUM,MEDIUM,MEDIUM,5,COST_BASED,COST_BASED,false,false
1,baseline,1,2037,0.0,0.8558558558558559,ELECTRIC_HEAT_PUMP,PRIVATELY_OWNED,42622,921,1249,50087,0.6324636153830179,0.5608924228512359,0.0,1628.0745296671491,0.6832227304310994,MEDIUM,MEDIUM,MEDIUM,5,COST_BASED,COST_BASED,false,false
1,baseline,1,2038,0.0,0.8558558558558559,ELECTRIC_HEAT_PUMP,PRIVATELY_OWNED,42531,493,584,50580,0.6537363009293449,0.5560119674586104,0.0,1685.822601010101,0.6705838759555783,MEDIUM,MEDIUM,MEDIUM,5,COST_BASED,COST_BASED,false,false
1,baseline,1,2039,0.0,0.8558558558558559,ELECTRIC_HEAT_PUMP,PRIVATELY_OWNED,42524,288,295,50868,0.6204588563140849,0.5496607610124253,0.0,1804.6149122807017,0.6693764274401159,MEDIUM,MEDIUM,MEDIUM,5,COST_BASED,COST_BASED,false,false
1,baseline,1,2040,0.0,0.8558558558558559,ELECTRIC_HEAT_PUMP,PRIVATELY_OWNED,42577,6131,6078,56999,0.731224973048403,0.5949979411393413,2.333142382009096E-5,1729.1943838207478,0.7096848355909526,MEDIUM,MEDIUM,MEDIUM,5,COST_BASED,COST_BASED,false,false
1,baseline,1,2041,0.0,0.8558558558558559,ELECTRIC_HEAT_PUMP,PRIVATELY_OWNED,42696,3440,3321,60439,0.7250885461544627,0.6081397545420651,0.0,1721.0043394406944,0.7309374952744833,MEDIUM,MEDIUM,MEDIUM,5,COST_BASED,COST_BASED,false,false
1,baseline,1,2042,0.0,0.8558558558558559,ELECTRIC_HEAT_PUMP,PRIVATELY_OWNED,42751,4730,4675,65169,0.7402987466730285,0.6256608645059892,0.0,1686.8277466300847,0.7534166100907286,MEDIUM,MEDIUM,MEDIUM,5,COST_BASED,COST_BASED,false,false
1,baseline,1,2043,0.0,0.8558558558558559,ELECTRIC_HEAT_PUMP,PRIVATELY_OWNED,42594,4045,4202,69214,0.7442958835219976,0.5994401903639546,0.0,1572.1897402597403,0.7130863146654329,MEDIUM,MEDIUM,MEDIUM,5,COST_BASED,COST_BASED,false,false
1,baseline,1,2044,0.0,0.8558558558558559,ELECTRIC_HEAT_PUMP,PRIVATELY_OWNED,42674,4422,4342,73636,0.7404975958294249,0.6214967136637107,0.0,1669.657190436541,0.7471206715382137,MEDIUM,MEDIUM,MEDIUM,5,COST_BASED,COST_BASED,false,false
1,baseline,1,2045,0.0,0.8558558558558559,ELECTRIC_HEAT_PUMP,PRIVATELY_OWNED,42737,3226,3163,76862,0.7861628257153277,0.6281590340860834,7.377113575291974E-5,1604.1337565674255,0.7456794019163574,MEDIUM,MEDIUM,MEDIUM,5,COST_BASED,COST_BASED,false,false
1,baseline,1,2046,0.0,0.8558558558558559,ELECTRIC_HEAT_PUMP,PRIVATELY_OWNED,42559,3101,3279,79963,0.7865144923224457,0.6113808311627118,7.219685498775393E-5,1528.7538159616224,0.7204245744497099,MEDIUM,MEDIUM,MEDIUM,5,COST_BASED,COST_BASED,false,false
1,baseline,1,2047,0.0,0.8558558558558559,ELECTRIC_HEAT_PUMP,PRIVATELY_OWNED,42590,2056,2025,82019,0.7533003571652245,0.611751663124992,0.0,1656.2454079453225,0.7293024053961819,MEDIUM,MEDIUM,MEDIUM,5,COST_BASED,COST_BASED,false,false
1,baseline,1,2048,0.0,0.8558558558558559,ELECTRIC_HEAT_PUMP,PRIVATELY_OWNED,42647,2235,2178,84254,0.7647315528556281,0.617527208355454,0.0,1422.7689708939708,0.7351079243192763,MEDIUM,MEDIUM,MEDIUM,5,COST_BASED,COST_BASED,false,false
1,baseline,1,2049,0.0,0.8558558558558559,ELECTRIC_HEAT_PUMP,PRIVATELY_OWNED,42610,3284,3321,87538,0.7724071575657722,0.6098515820187171,6.131311176627562E-5,1414.366394841646,0.7216602553586973,MEDIUM,MEDIUM,MEDIUM,5,COST_BASED,COST_BASED,false,false
1,baseline,1,2050,0.0,0.8558558558558559,ELECTRIC_HEAT_PUMP,PRIVATELY_OWNED,42752,2721,2579,90259,0.7580401883626178,0.6167672784678357,6.280508958591492E-5,1538.5070560564484,0.7356251693387044,MEDIUM,MEDIUM,MEDIUM,5,COST_BASED,COST_BASED,false,false
1,baseline,1,2024,0.0,0.0,ELECTRIC_HEAT_PUMP,SOCIAL_HOUSING,42,42,0,42,0.0,0.0,0.0,0.0,0.0,MEDIUM,MEDIUM,MEDIUM,5,COST_BASED,COST_BASED,false,false
1,baseline,1,2025,0.0,0.38738738738738737,ELECTRIC_HEAT_PUMP,SOCIAL_HOUSING,0,0,42,42,0.0,0.0,0.0,0.0,0.0,MEDIUM,MEDIUM,MEDIUM,5,COST_BASED,COST_BASED,false,false
1,baseline,1,2026,0.0,0.38738738738738737,ELECTRIC_HEAT_PUMP,SOCIAL_HOUSING,0,0,0,42,0.0,0.0,0.0,0.0,0.0,MEDIUM,MEDIUM,MEDIUM,5,COST_BASED,COST_BASED,false,false
1,baseline,1,2027,0.0,0.38738738738738737,ELECTRIC_HEAT_PUMP,SOCIAL_HOUSING,0,0,0,42,0.0,0.0,0.0,0.0,0.0,MEDIUM,MEDIUM,MEDIUM,5,COST_BASED,COST_BASED,false,false
1,baseline,1,2028,0.0,0.38738738738738737,ELECTRIC_HEAT_PUMP,SOCIAL_HOUSING,0,0,0,42,0.0,0.0,0.0,0.0,0.0,MEDIUM,MEDIUM,MEDIUM,5,COST_BASED,COST_BASED,false,false
1,baseline,1,2029,0.0,0.38738738738738737,ELECTRIC_HEAT_PUMP,SOCIAL_HOUSING,0,0,0,42,0.0,0.0,0.0,0.0,0.0,MEDIUM,MEDIUM,MEDIUM,5,COST_BASED,COST_BASED,false,false
1,baseline,1,2030,0.0,0.8558558558558559,ELECTRIC_HEAT_PUMP,SOCIAL_HOUSING,0,0,0,42,0.0,0.0,0.0,0.0,0.0,MEDIUM,MEDIUM,MEDIUM,5,COST_BASED,COST_BASED,false,false
1,baseline,1,2031,0.0,0.8558558558558559,ELECTRIC_HEAT_PUMP,SOCIAL_HOUSING,0,0,0,42,0.0,0.0,0.0,0.0,0.0,MEDIUM,MEDIUM,MEDIUM,5,COST_BASED,COST_BASED,false,false
1,baseline,1,2032,0.0,0.8558558558558559,ELECTRIC_HEAT_PUMP,SOCIAL_HOUSING,0,0,0,42,0.0,0.0,0.0,0.0,0.0,MEDIUM,MEDIUM,MEDIUM,5,COST_BASED,COST_BASED,false,false
1,baseline,1,2033,0.0,0.8558558558558559,ELECTRIC_HEAT_PUMP,SOCIAL_HOUSING,0,0,0,42,0.0,0.0,0.0,0.0,0.0,MEDIUM,MEDIUM,MEDIUM,5,COST_BASED,COST_BASED,false,false
1,baseline,1,2034,0.0,0.8558558558558559,ELECTRIC_HEAT_PUMP,SOCIAL_HOUSING,0,0,0,42,0.0,0.0,0.0,0.0,0.0,MEDIUM,MEDIUM,MEDIUM,5,COST_BASED,COST_BASED,false,false
1,baseline,1,2035,0.0,0.8558558558558559,ELECTRIC_HEAT_PUMP,SOCIAL_HOUSING,0,0,0,42,0.0,0.0,0.0,0.0,0.0,MEDIUM,MEDIUM,MEDIUM,5,COST_BASED,COST_BASED,false,false
1,baseline,1,2036,0.0,0.8558558558558559,ELECTRIC_HEAT_PUMP,SOCIAL_HOUSING,0,0,0,42,0.0,0.0,0.0,0.0,0.0,MEDIUM,MEDIUM,MEDIUM,5,COST_BASED,COST_BASED,false,false
1,baseline,1,2037,0.0,0.8558558558558559,ELECTRIC_HEAT_PUMP,SOCIAL_HOUSING,0,0,0,42,0.0,0.0,0.0,0.0,0.0,MEDIUM,MEDIUM,MEDIUM,5,COST_BASED,COST_BASED,false,false
1,baseline,1,2038,0.0,0.8558558558558559,ELECTRIC_HEAT_PUMP,SOCIAL_HOUSING,0,0,0,42,0.0,0.0,0.0,0.0,0.0,MEDIUM,MEDIUM,MEDIUM,5,COST_BASED,COST_BASED,false,false
1,baseline,1,2039,0.0,0.8558558558558559,ELECTRIC_HEAT_PUMP,SOCIAL_HOUSING,0,0,0,42,0.0,0.0,0.0,0.0,0.0,MEDIUM,MEDIUM,MEDIUM,5,COST_BASED,COST_BASED,false,false
1,baseline,1,2040,0.0,0.8558558558558559,ELECTRIC_HEAT_PUMP,SOCIAL_HOUSING,0,0,0,42,0.0,0.0,0.0,0.0,0.0,MEDIUM,MEDIUM,MEDIUM,5,COST_BASED,COST_BASED,false,false
1,baseline,1,2041,0.0,0.8558558558558559,ELECTRIC_HEAT_PUMP,SOCIAL_HOUSING,0,0,0,42,0.0,0.0,0.0,0.0,0.0,MEDIUM,MEDIUM,MEDIUM,5,COST_BASED,COST_BASED,false,false
1,baseline,1,2042,0.0,0.8558558558558559,ELECTRIC_HEAT_PUMP,SOCIAL_HOUSING,0,0,0,42,0.0,0.0,0.0,0.0,0.0,MEDIUM,MEDIUM,MEDIUM,5,COST_BASED,COST_BASED,false,false
1,baseline,1,2043,0.0,0.8558558558558559,ELECTRIC_HEAT_PUMP,SOCIAL_HOUSING,0,0,0,42,0.0,0.0,0.0,0.0,0.0,MEDIUM,MEDIUM,MEDIUM,5,COST_BASED,COST_BASED,false,false
1,baseline,1,2044,0.0,0.8558558558558559,ELECTRIC_HEAT_PUMP,SOCIAL_HOUSING,0,0,0,42,0.0,0.0,0.0,0.0,0.0,MEDIUM,MEDIUM,MEDIUM,5,COST_BASED,COST_BASED,false,false
1,baseline,1,2045,0.0,0.8558558558558559,ELECTRIC_HEAT_PUMP,SOCIAL_HOUSING,0,0,0,42,0.0,0.0,0.0,0.0,0.0,MEDIUM,MEDIUM,MEDIUM,5,COST_BASED,COST_BASED,false,false
1,baseline,1,2046,0.0,0.8558558558558559,ELECTRIC_HEAT_PUMP,SOCIAL_HOUSING,0,0,0,42,0.0,0.0,0.0,0.0,0.0,MEDIUM,MEDIUM,MEDIUM,5,COST_BASED,COST_BASED,false,false
1,baseline,1,2047,0.0,0.8558558558558559,ELECTRIC_HEAT_PUMP,SOCIAL_HOUSING,0,0,0,42,0.0,0.0,0.0,0.0,0.0,MEDIUM,MEDIUM,MEDIUM,5,COST_BASED,COST_BASED,false,false
1,baseline,1,2048,0.0,0.8558558558558559,ELECTRIC_HEAT_PUMP,SOCIAL_HOUSING,0,0,0,42,0.0,0.0,0.0,0.0,0.0,MEDIUM,MEDIUM,MEDIUM,5,COST_BASED,COST_BASED,false,false
1,baseline,1,2049,0.0,0.8558558558558559,ELECTRIC_HEAT_PUMP,SOCIAL_HOUSING,0,0,0,42,0.0,0.0,0.0,0.0,0.0,MEDIUM,MEDIUM,MEDIUM,5,COST_BASED,COST_BASED,false,false
1,baseline,1,2050,0.0,0.8558558558558559,ELECTRIC_HEAT_PUMP,SOCIAL_HOUSING,0,0,0,42,0.0,0.0,0.0,0.0,0.0,MEDIUM,MEDIUM,MEDIUM,5,COST_BASED,COST_BASED,false,false
1,baseline,1,2024,0.0,0.0,ELECTRIC_HEAT_PUMP,PRIVATELY_RENTED,2081,2081,0,2081,0.0,0.0,0.0,0.0,0.0,MEDIUM,MEDIUM,MEDIUM,5,COST_BASED,COST_BASED,false,false
1,baseline,1,2025,0.0,0.38738738738738737,ELECTRIC_HEAT_PUMP,PRIVATELY_RENTED,1832,0,249,2081,0.0,0.0,0.0,0.0,0.0,MEDIUM,MEDIUM,MEDIUM,5,COST_BASED,COST_BASED,false,false
1,baseline,1,2026,0.0,0.38738738738738737,ELECTRIC_HEAT_PUMP,PRIVATELY_RENTED,1700,0,132,2081,0.0,0.0,0.0,0.0,0.0,MEDIUM,MEDIUM,MEDIUM,5,COST_BASED,COST_BASED,false,false
1,baseline,1,2027,0.0,0.38738738738738737,ELECTRIC_HEAT_PUMP,PRIVATELY_RENTED,1604,0,96,2081,0.0,0.0,0.0,0.0,0.0,MEDIUM,MEDIUM,MEDIUM,5,COST_BASED,COST_BASED,false,false
1,baseline,1,2028,0.0,0.38738738738738737,ELECTRIC_HEAT_PUMP,PRIVATELY_RENTED,1232,0,372,2081,0.0,0.0,0.0,0.0,0.0,MEDIUM,MEDIUM,MEDIUM,5,COST_BASED,COST_BASED,false,false
1,baseline,1,2029,0.0,0.38738738738738737,ELECTRIC_HEAT_PUMP,PRIVATELY_RENTED,1116,0,116,2081,0.0,0.0,0.0,0.0,0.0,MEDIUM,MEDIUM,MEDIUM,5,COST_BASED,COST_BASED,false,false
1,baseline,1,2030,0.0,0.8558558558558559,ELECTRIC_HEAT_PUMP,PRIVATELY_RENTED,1012,0,104,2081,0.0,0.0,0.0,0.0,0.0,MEDIUM,MEDIUM,MEDIUM,5,COST_BASED,COST_BASED,false,false
1,baseline,1,2031,0.0,0.8558558558558559,ELECTRIC_HEAT_PUMP,PRIVATELY_RENTED,937,0,75,2081,0.0,0.0,0.0,0.0,0.0,MEDIUM,MEDIUM,MEDIUM,5,COST_BASED,COST_BASED,false,false
1,baseline,1,2032,0.0,0.8558558558558559,ELECTRIC_HEAT_PUMP,PRIVATELY_RENTED,831,0,106,2081,0.0,0.0,0.0,0.0,0.0,MEDIUM,MEDIUM,MEDIUM,5,COST_BASED,COST_BASED,false,false
1,baseline,1,2033,0.0,0.8558558558558559,ELECTRIC_HEAT_PUMP,PRIVATELY_RENTED,699,0,132,2081,0.0,0.0,0.0,0.0,0.0,MEDIUM,MEDIUM,MEDIUM,5,COST_BASED,COST_BASED,false,false
1,baseline,1,2034,0.0,0.8558558558558559,ELECTRIC_HEAT_PUMP,PRIVATELY_RENTED,580,0,119,2081,0.0,0.0,0.0,0.0,0.0,MEDIUM,MEDIUM,MEDIUM,5,COST_BASED,COST_BASED,false,false
1,baseline,1,2035,0.0,0.8558558558558559,ELECTRIC_HEAT_PUMP,PRIVATELY_RENTED,449,0,131,2081,0.0,0.0,0.0,0.0,0.0,MEDIUM,MEDIUM,MEDIUM,5,COST_BASED,COST_BASED,false,false
1,baseline,1,2036,0.0,0.8558558558558559,ELECTRIC_HEAT_PUMP,PRIVATELY_RENTED,290,0,159,2081,0.0,0.0,0.0,0.0,0.0,MEDIUM,MEDIUM,MEDIUM,5,COST_BASED,COST_BASED,false,false
1,baseline,1,2037,0.0,0.8558558558558559,ELECTRIC_HEAT_PUMP,PRIVATELY_RENTED,156,0,134,2081,0.0,0.0,0.0,0.0,0.0,MEDIUM,MEDIUM,MEDIUM,5,COST_BASED,COST_BASED,false,false
1,baseline,1,2038,0.0,0.8558558558558559,ELECTRIC_HEAT_PUMP,PRIVATELY_RENTED,65,0,91,2081,0.0,0.0,0.0,0.0,0.0,MEDIUM,MEDIUM,MEDIUM,5,COST_BASED,COST_BASED,false,false
1,baseline,1,2039,0.0,0.8558558558558559,ELECTRIC_HEAT_PUMP,PRIVATELY_RENTED,0,0,65,2081,0.0,0.0,0.0,0.0,0.0,MEDIUM,MEDIUM,MEDIUM,5,COST_BASED,COST_BASED,false,false
1,baseline,1,2040,0.0,0.8558558558558559,ELECTRIC_HEAT_PUMP,PRIVATELY_RENTED,0,0,0,2081,0.0,0.0,0.0,0.0,0.0,MEDIUM,MEDIUM,MEDIUM,5,COST_BASED,COST_BASED,false,false
1,baseline,1,2041,0.0,0.8558558558558559,ELECTRIC_HEAT_PUMP,PRIVATELY_RENTED,0,0,0,2081,0.0,0.0,0.0,0.0,0.0,MEDIUM,MEDIUM,MEDIUM,5,COST_BASED,COST_BASED,false,false
1,baseline,1,2042,0.0,0.8558558558558559,ELECTRIC_HEAT_PUMP,PRIVATELY_RENTED,0,0,0,2081,0.0,0.0,0.0,0.0,0.0,MEDIUM,MEDIUM,MEDIUM,5,COST_BASED,COST_BASED,false,false
1,baseline,1,2043,0.0,0.8558558558558559,ELECTRIC_HEAT_PUMP,PRIVATELY_RENTED,0,0,0,2081,0.0,0.0,0.0,0.0,0.0,MEDIUM,MEDIUM,MEDIUM,5,COST_BASED,COST_BASED,false,false
1,baseline,1,2044,0.0,0.8558558558558559,ELECTRIC_HEAT_PUMP,PRIVATELY_RENTED,0,0,0,2081,0.0,0.0,0.0,0.0,0.0,MEDIUM,MEDIUM,MEDIUM,5,COST_BASED,COST_BASED,false,false
1,baseline,1,2045,0.0,0.8558558558558559,ELECTRIC_HEAT_PUMP,PRIVATELY_RENTED,0,0,0,2081,0.0,0.0,0.0,0.0,0.0,MEDIUM,MEDIUM,MEDIUM,5,COST_BASED,COST_BASED,false,false
1,baseline,1,2046,0.0,0.8558558558558559,ELECTRIC_HEAT_PUMP,PRIVATELY_RENTED,0,0,0,2081,0.0,0.0,0.0,0.0,0.0,MEDIUM,MEDIUM,MEDIUM,5,COST_BASED,COST_BASED,false,false
1,baseline,1,2047,0.0,0.8558558558558559,ELECTRIC_HEAT_PUMP,PRIVATELY_RENTED,0,0,0,2081,0.0,0.0,0.0,0.0,0.0,MEDIUM,MEDIUM,MEDIUM,5,COST_BASED,COST_BASED,false,false
1,baseline,1,2048,0.0,0.8558558558558559,ELECTRIC_HEAT_PUMP,PRIVATELY_RENTED,0,0,0,2081,0.0,0.0,0.0,0.0,0.0,MEDIUM,MEDIUM,MEDIUM,5,COST_BASED,COST_BASED,false,false
1,baseline,1,2049,0.0,0.8558558558558559,ELECTRIC_HEAT_PUMP,PRIVATELY_RENTED,0,0,0,2081,0.0,0.0,0.0,0.0,0.0,MEDIUM,MEDIUM,MEDIUM,5,COST_BASED,COST_BASED,false,false
1,baseline,1,2050,0.0,0.8558558558558559,ELECTRIC_HEAT_PUMP,PRIVATELY_RENTED,0,0,0,2081,0.0,0.0,0.0,0.0,0.0,MEDIUM,MEDIUM,MEDIUM,5,COST_BASED,COST_BASED,false,false
1,baseline,1,2024,0.0,0.0,HYBRID_HEAT_PUMP,TOTAL,1904,1904,0,1904,0.0,0.0,0.0,0.0,0.0,MEDIUM,MEDIUM,MEDIUM,5,COST_BASED,COST_BASED,false,false
1,baseline,1,2025,0.0,0.38738738738738737,HYBRID_HEAT_PUMP,TOTAL,8278,6598,224,8502,0.7262606926998258,0.5406013690339317,0.0,1661.6101219102327,0.6293368803759446,MEDIUM,MEDIUM,MEDIUM,5,COST_BASED,COST_BASED,false,false
1,baseline,1,2026,0.0,0.38738738738738737,HYBRID_HEAT_PUMP,TOTAL,12902,4737,113,13239,0.709440553179034,0.5372663732026315,0.0,1589.9040796543718,0.6285394215091927,MEDIUM,MEDIUM,MEDIUM,5,COST_BASED,COST_BASED,false,false
1,baseline,1,2027,0.0,0.38738738738738737,HYBRID_HEAT_PUMP,TOTAL,16490,3702,114,16941,0.67661061375009,0.507985541372899,0.0,1502.8335309087959,0.592825658621825,MEDIUM,MEDIUM,MEDIUM,5,COST_BASED,COST_BASED,false,false
1,baseline,1,2028,0.0,0.38738738738738737,HYBRID_HEAT_PUMP,TOTAL,20026,3640,104,20581,0.6025866486587272,0.4436318877668566,0.0,1303.0669285841225,0.5148011694856052,MEDIUM,MEDIUM,MEDIUM,5,COST_BASED,COST_BASED,false,false
1,baseline,1,2029,0.0,0.38738738738738737,HYBRID_HEAT_PUMP,TOTAL,24185,4273,114,24854,0.6536163153483311,0.4937507580179549,0.0,1424.3768294906645,0.5772220581898514,MEDIUM,MEDIUM,MEDIUM,5,COST_BASED,COST_BASED,false,false
1,baseline,1,2030,0.0,0.8558558558558559,HYBRID_HEAT_PUMP,TOTAL,25753,1680,112,26534,0.44958567895017276,0.33799769933902407,0.0,953.5605250729864,0.39460012927099364,MEDIUM,MEDIUM,MEDIUM,5,COST_BASED,COST_BASED,false,false
1,baseline,1,2031,0.0,0.8558558558558559,HYBRID_HEAT_PUMP,TOTAL,27127,1505,131,28039,0.408058596069248,0.3045372143988967,0.0,856.6575478931711,0.3547911725810311,MEDIUM,MEDIUM,MEDIUM,5,COST_BASED,COST_BASED,false,false
1,baseline,1,2032,0.0,0.8558558558558559,HYBRID_HEAT_PUMP,TOTAL,30074,3086,139,31125,0.5521495321157778,0.43145010213176,0.0,1156.4194092322061,0.5091377701686934,MEDIUM,MEDIUM,MEDIUM,5,COST_BASED,COST_BASED,false,false
1,baseline,1,2033,0.0,0.8558558558558559,HYBRID_HEAT_PUMP,TOTAL,32050,2108,132,33233,0.4078301997997655,0.3037133157455863,0.0,844.2905992941196,0.3536124236684371,MEDIUM,MEDIUM,MEDIUM,5,COST_BASED,COST_BASED,false,false
1,baseline,1,2034,0.0,0.8558558558558559,HYBRID_HEAT_PUMP,TOTAL,34047,2118,121,35351,0.45541459712579085,0.3443514648477768,0.0,899.3941477761355,0.4026735479902151,MEDIUM,MEDIUM,MEDIUM,5,COST_BASED,COST_BASED,false,false
1,baseline,1,2035,0.0,0.8558558558558559,HYBRID_HEAT_PUMP,TOTAL,36946,3009,110,38360,0.5251201483809799,0.4042342517842556,0.0,1060.2619917094355,0.4750713405811397,MEDIUM,MEDIUM,MEDIUM,5,COST_BASED,COST_BASED,false,false
1,baseline,1,2036,0.0,0.8558558558558559,HYBRID_HEAT_PUMP,TOTAL,39412,2588,122,40948,0.497296419028958,0.3825570761985729,0.0,969.4841588851964,0.4495115095406206,MEDIUM,MEDIUM,MEDIUM,5,COST_BASED,COST_BASED,false,false
1,baseline,1,2037,0.0,0.8558558558558559,HYBRID_HEAT_PUMP,TOTAL,40051,805,166,41753,0.5845568110274687,0.4312424340545153,0.0,954.7265125706734,0.5007244483249051,MEDIUM,MEDIUM,MEDIUM,5,COST_BASED,COST_BASED,false,false
1,baseline,1,2038,0.0,0.8558558558558559,HYBRID_HEAT_PUMP,TOTAL,40342,424,133,42177,0.3969169587556527,0.2839505516738421,0.0,683.1524234086145,0.32669658782185074,MEDIUM,MEDIUM,MEDIUM,5,COST_BASED,COST_BASED,false,false
1,baseline,1,2039,0.0,0.8558558558558559,HYBRID_HEAT_PUMP,TOTAL,40637,364,69,42541,0.5040530114155496,0.3681679362339755,0.0,915.7584586466165,0.4262386514970751,MEDIUM,MEDIUM,MEDIUM,5,COST_BASED,COST_BASED,false,false
1,baseline,1,2040,0.0,0.8558558558558559,HYBRID_HEAT_PUMP,TOTAL,40724,6685,6598,49226,0.7081440072609317,0.5716637197019115,0.0,1225.988030275973,0.6804595777376331,MEDIUM,MEDIUM,MEDIUM,5,COST_BASED,COST_BASED,false,false
1,baseline,1,2041,0.0,0.8558558558558559,HYBRID_HEAT_PUMP,TOTAL,40681,4694,4737,53920,0.6887295182405095,0.5650427474210372,0.0,1184.1799112944611,0.6753817415714329,MEDIUM,MEDIUM,MEDIUM,5,COST_BASED,COST_BASED,false,false
1,baseline,1,2042,0.0,0.8558558558558559,HYBRID_HEAT_PUMP,TOTAL,40740,3761,3702,57681,0.6497316072493466,0.5371994007944949,0.0,1105.415753219559,0.6433661993794065,MEDIUM,MEDIUM,MEDIUM,5,COST_BASED,COST_BASED,false,false
1,baseline,1,2043,0.0,0.8558558558558559,HYBRID_HEAT_PUMP,TOTAL,40821,3721,3640,61402,0.575482722619159,0.46554074890816877,0.0,932.2385725105316,0.5544404427074656,MEDIUM,MEDIUM,MEDIUM,5,COST_BASED,COST_BASED,false,false
1,baseline,1,2044,0.0,0.8558558558558559,HYBRID_HEAT_PUMP,TOTAL,40800,4252,4273,65654,0.6275504895600788,0.5191959034079021,0.0,1063.0218775712262,0.6219062327218324,MEDIUM,MEDIUM,MEDIUM,5,COST_BASED,COST_BASED,false,false
1,baseline,1,2045,0.0,0.8558558558558559,HYBRID_HEAT_PUMP,TOTAL,40830,1710,1680,67364,0.3905076727231219,0.3333639379538957,0.0,718.8970852408312,0.4024189887500619,MEDIUM,MEDIUM,MEDIUM,5,COST_BASED,COST_BASED,false,false
1,baseline,1,2046,0.0,0.8558558558558559,HYBRID_HEAT_PUMP,TOTAL,41099,1774,1505,69138,0.39731810224328096,0.3469442095181386,0.0,709.4811373864185,0.42108678871638733,MEDIUM,MEDIUM,MEDIUM,5,COST_BASED,COST_BASED,false,false
1,baseline,1,2047,0.0,0.8558558558558559,HYBRID_HEAT_PUMP,TOTAL,41189,3176,3086,72314,0.5133226052210061,0.4498944688819697,0.0,946.3674160217006,0.546511052017702,MEDIUM,MEDIUM,MEDIUM,5,COST_BASED,COST_BASED,false,false
1,baseline,1,2048,0.0,0.8558558558558559,HYBRID_HEAT_PUMP,TOTAL,41210,2129,2108,74443,0.3699783277076526,0.3121753327498804,0.0,607.5482562357856,0.37576841719790816,MEDIUM,MEDIUM,MEDIUM,5,COST_BASED,COST_BASED,false,false
1,baseline,1,2049,0.0,0.8558558558558559,HYBRID_HEAT_PUMP,TOTAL,41364,2272,2118,76715,0.42205720085759435,0.3639513657731265,0.0,697.7306929000515,0.44041274844529094,MEDIUM,MEDIUM,MEDIUM,5,COST_BASED,COST_BASED,false,false
1,baseline,1,2050,0.0,0.8558558558558559,HYBRID_HEAT_PUMP,TOTAL,41335,2980,3009,79695,0.4795528076254334,0.4061686075045371,0.0,829.3870366667632,0.48936470935044685,MEDIUM,MEDIUM,MEDIUM,5,COST_BASED,COST_BASED,false,false
1,baseline,1,2024,0.0,0.0,HYBRID_HEAT_PUMP,PRIVATELY_OWNED,1570,1570,0,1570,0.0,0.0,0.0,0.0,0.0,MEDIUM,MEDIUM,MEDIUM,5,COST_BASED,COST_BASED,false,false
1,baseline,1,2025,0.0,0.38738738738738737,HYBRID_HEAT_PUMP,PRIVATELY_OWNED,7630,6255,195,7825,0.7660860192539489,0.5702458565764799,0.0,1752.726392384287,0.6638472800512362,MEDIUM,MEDIUM,MEDIUM,5,COST_BASED,COST_BASED,false,false
1,baseline,1,2026,0.0,0.38738738738738737,HYBRID_HEAT_PUMP,PRIVATELY_OWNED,11908,4377,99,12202,0.7677907014871108,0.5814555197306066,0.0,1720.670693471044,0.6802356042241366,MEDIUM,MEDIUM,MEDIUM,5,COST_BASED,COST_BASED,false,false
1,baseline,1,2027,0.0,0.38738738738738737,HYBRID_HEAT_PUMP,PRIVATELY_OWNED,15089,3271,90,15473,0.7657635255587996,0.5749197414131678,0.0,1700.8528680600314,0.6709387307300508,MEDIUM,MEDIUM,MEDIUM,5,COST_BASED,COST_BASED,false,false
1,baseline,1,2028,0.0,0.38738738738738737,HYBRID_HEAT_PUMP,PRIVATELY_OWNED,17867,2860,82,18333,0.7669284619292891,0.564622402612363,0.0,1658.448818197974,0.6552014884362248,MEDIUM,MEDIUM,MEDIUM,5,COST_BASED,COST_BASED,false,false
1,baseline,1,2029,0.0,0.38738738738738737,HYBRID_HEAT_PUMP,PRIVATELY_OWNED,21419,3650,98,21983,0.7651787713653202,0.5780265723317045,0.0,1667.4964910722217,0.6757451656562288,MEDIUM,MEDIUM,MEDIUM,5,COST_BASED,COST_BASED,false,false
1,baseline,1,2030,0.0,0.8558558558558559,HYBRID_HEAT_PUMP,PRIVATELY_OWNED,22313,987,93,22970,0.7652522194896557,0.5753152329174878,0.0,1623.0817448050832,0.671659794503819,MEDIUM,MEDIUM,MEDIUM,5,COST_BASED,COST_BASED,false,false
1,baseline,1,2031,0.0,0.8558558558558559,HYBRID_HEAT_PUMP,PRIVATELY_OWNED,23005,802,110,23772,0.7657458691823169,0.5714819297635156,0.0,1607.5680917446664,0.6657864273496905,MEDIUM,MEDIUM,MEDIUM,5,COST_BASED,COST_BASED,false,false
1,baseline,1,2032,0.0,0.8558558558558559,HYBRID_HEAT_PUMP,PRIVATELY_OWNED,25115,2221,111,25993,0.7671920108551509,0.599484473290685,0.0,1606.8033754572664,0.7074287072222368,MEDIUM,MEDIUM,MEDIUM,5,COST_BASED,COST_BASED,false,false
1,baseline,1,2033,0.0,0.8558558558558559,HYBRID_HEAT_PUMP,PRIVATELY_OWNED,26136,1119,98,27112,0.7682806623573777,0.5721426895368149,0.0,1590.4956061769474,0.6661438687158762,MEDIUM,MEDIUM,MEDIUM,5,COST_BASED,COST_BASED,false,false
1,baseline,1,2034,0.0,0.8558558558558559,HYBRID_HEAT_PUMP,PRIVATELY_OWNED,27296,1261,101,28373,0.764923169478529,0.5783793834635933,0.0,1510.639813631923,0.6763382828257538,MEDIUM,MEDIUM,MEDIUM,5,COST_BASED,COST_BASED,false,false
1,baseline,1,2035,0.0,0.8558558558558559,HYBRID_HEAT_PUMP,PRIVATELY_OWNED,29272,2065,89,30438,0.7651750733551421,0.5890270525999153,0.0,1544.953187919463,0.6922468105610893,MEDIUM,MEDIUM,MEDIUM,5,COST_BASED,COST_BASED,false,false
1,baseline,1,2036,0.0,0.8558558558558559,HYBRID_HEAT_PUMP,PRIVATELY_OWNED,30854,1683,101,32121,0.7647077435810715,0.5882695859785542,0.0,1490.8051118210863,0.6912274430725645,MEDIUM,MEDIUM,MEDIUM,5,COST_BASED,COST_BASED,false,false
1,baseline,1,2037,0.0,0.8558558558558559,HYBRID_HEAT_PUMP,PRIVATELY_OWNED,31316,601,139,32722,0.7829754290800538,0.5776208975272625,0.0,1278.7934153400868,0.6706874890208796,MEDIUM,MEDIUM,MEDIUM,5,COST_BASED,COST_BASED,false,false
1,baseline,1,2038,0.0,0.8558558558558559,HYBRID_HEAT_PUMP,PRIVATELY_OWNED,31427,218,107,32940,0.7719852775798016,0.5522707977509589,0.0,1328.7001262626263,0.6354098772314896,MEDIUM,MEDIUM,MEDIUM,5,COST_BASED,COST_BASED,false,false
1,baseline,1,2039,0.0,0.8558558558558559,HYBRID_HEAT_PUMP,PRIVATELY_OWNED,31604,234,57,33174,0.7840824622019661,0.572705678586184,0.0,1424.5131578947369,0.6630379023287835,MEDIUM,MEDIUM,MEDIUM,5,COST_BASED,COST_BASED,false,false
1,baseline,1,2040,0.0,0.8558558558558559,HYBRID_HEAT_PUMP,PRIVATELY_OWNED,31647,6298,6255,39472,0.7516580959890963,0.6067913569716226,0.0,1301.3226393132547,0.7222725114601584,MEDIUM,MEDIUM,MEDIUM,5,COST_BASED,COST_BASED,false,false
1,baseline,1,2041,0.0,0.8558558558558559,HYBRID_HEAT_PUMP,PRIVATELY_OWNED,31561,4291,4377,43763,0.7534132739736545,0.6181101506395593,0.0,1295.3951301832208,0.7388119074659302,MEDIUM,MEDIUM,MEDIUM,5,COST_BASED,COST_BASED,false,false
1,baseline,1,2042,0.0,0.8558558558558559,HYBRID_HEAT_PUMP,PRIVATELY_OWNED,31575,3285,3271,47048,0.7438784093956751,0.6150401663281874,0.0,1265.5916736251938,0.7365906471433631,MEDIUM,MEDIUM,MEDIUM,5,COST_BASED,COST_BASED,false,false
1,baseline,1,2043,0.0,0.8558558558558559,HYBRID_HEAT_PUMP,PRIVATELY_OWNED,31607,2892,2860,49940,0.7404464767862692,0.5989893245806694,0.0,1199.4674025974025,0.7133723676744397,MEDIUM,MEDIUM,MEDIUM,5,COST_BASED,COST_BASED,false,false
1,baseline,1,2044,0.0,0.8558558558558559,HYBRID_HEAT_PUMP,PRIVATELY_OWNED,31542,3585,3650,53525,0.7443081399189553,0.6157938581005299,0.0,1260.8002854763888,0.7376137521710548,MEDIUM,MEDIUM,MEDIUM,5,COST_BASED,COST_BASED,false,false
1,baseline,1,2045,0.0,0.8558558558558559,HYBRID_HEAT_PUMP,PRIVATELY_OWNED,31523,968,987,54493,0.6898430995418786,0.5888970391540926,0.0,1269.9524956217163,0.7108847838456671,MEDIUM,MEDIUM,MEDIUM,5,COST_BASED,COST_BASED,false,false
1,baseline,1,2046,0.0,0.8558558558558559,HYBRID_HEAT_PUMP,PRIVATELY_OWNED,31746,1025,802,55518,0.6876510374434931,0.6004673440831003,0.0,1227.921500218055,0.7287882567637767,MEDIUM,MEDIUM,MEDIUM,5,COST_BASED,COST_BASED,false,false
1,baseline,1,2047,0.0,0.8558558558558559,HYBRID_HEAT_PUMP,PRIVATELY_OWNED,31785,2260,2221,57778,0.7213772540627945,0.6322410766235115,0.0,1329.9393421614695,0.768017301419567,MEDIUM,MEDIUM,MEDIUM,5,COST_BASED,COST_BASED,false,false
1,baseline,1,2048,0.0,0.8558558558558559,HYBRID_HEAT_PUMP,PRIVATELY_OWNED,31773,1107,1119,58885,0.7115482020682858,0.6003805631657592,0.0,1168.4464656964658,0.7226837942315686,MEDIUM,MEDIUM,MEDIUM,5,COST_BASED,COST_BASED,false,false
1,baseline,1,2049,0.0,0.8558558558558559,HYBRID_HEAT_PUMP,PRIVATELY_OWNED,31884,1372,1261,60257,0.6989168807204478,0.602694973058705,0.0,1155.4257538403185,0.7293132394079453,MEDIUM,MEDIUM,MEDIUM,5,COST_BASED,COST_BASED,false,false
1,baseline,1,2050,0.0,0.8558558558558559,HYBRID_HEAT_PUMP,PRIVATELY_OWNED,31809,1990,2065,62247,0.7181243048863274,0.6082323871173471,0.0,1241.9966679733438,0.7328175044544379,MEDIUM,MEDIUM,MEDIUM,5,COST_BASED,COST_BASED,false,false
1,baseline,1,2024,0.0,0.0,HYBRID_HEAT_PUMP,SOCIAL_HOUSING,0,0,0,0,0.0,0.0,0.0,0.0,0.0,MEDIUM,MEDIUM,MEDIUM,5,COST_BASED,COST_BASED,false,false
1,baseline,1,2025,0.0,0.38738738738738737,HYBRID_HEAT_PUMP,SOCIAL_HOUSING,0,0,0,0,0.0,0.0,0.0,0.0,0.0,MEDIUM,MEDIUM,MEDIUM,5,COST_BASED,COST_BASED,false,false
1,baseline,1,2026,0.0,0.38738738738738737,HYBRID_HEAT_PUMP,SOCIAL_HOUSING,0,0,0,0,0.0,0.0,0.0,0.0,0.0,MEDIUM,MEDIUM,MEDIUM,5,COST_BASED,COST_BASED,false,false
1,baseline,1,2027,0.0,0.38738738738738737,HYBRID_HEAT_PUMP,SOCIAL_HOUSING,0,0,0,0,0.0,0.0,0.0,0.0,0.0,MEDIUM,MEDIUM,MEDIUM,5,COST_BASED,COST_BASED,false,false
1,baseline,1,2028,0.0,0.38738738738738737,HYBRID_HEAT_PUMP,SOCIAL_HOUSING,0,0,0,0,0.0,0.0,0.0,0.0,0.0,MEDIUM,MEDIUM,MEDIUM,5,COST_BASED,COST_BASED,false,false
1,baseline,1,2029,0.0,0.38738738738738737,HYBRID_HEAT_PUMP,SOCIAL_HOUSING,0,0,0,0,0.0,0.0,0.0,0.0,0.0,MEDIUM,MEDIUM,MEDIUM,5,COST_BASED,COST_BASED,false,false
1,baseline,1,2030,0.0,0.8558558558558559,HYBRID_HEAT_PUMP,SOCIAL_HOUSING,0,0,0,0,0.0,0.0,0.0,0.0,0.0,MEDIUM,MEDIUM,MEDIUM,5,COST_BASED,COST_BASED,false,false
1,baseline,1,2031,0.0,0.8558558558558559,HYBRID_HEAT_PUMP,SOCIAL_HOUSING,0,0,0,0,0.0,0.0,0.0,0.0,0.0,MEDIUM,MEDIUM,MEDIUM,5,COST_BASED,COST_BASED,false,false
1,baseline,1,2032,0.0,0.8558558558558559,HYBRID_HEAT_PUMP,SOCIAL_HOUSING,0,0,0,0,0.0,0.0,0.0,0.0,0.0,MEDIUM,MEDIUM,MEDIUM,5,COST_BASED,COST_BASED,false,false
1,baseline,1,2033,0.0,0.8558558558558559,HYBRID_HEAT_PUMP,SOCIAL_HOUSING,0,0,0,0,0.0,0.0,0.0,0.0,0.0,MEDIUM,MEDIUM,MEDIUM,5,COST_BASED,COST_BASED,false,false
1,baseline,1,2034,0.0,0.8558558558558559,HYBRID_HEAT_PUMP,SOCIAL_HOUSING,0,0,0,0,0.0,0.0,0.0,0.0,0.0,MEDIUM,MEDIUM,MEDIUM,5,COST_BASED,COST_BASED,false,false
1,baseline,1,2035,0.0,0.8558558558558559,HYBRID_HEAT_PUMP,SOCIAL_HOUSING,0,0,0,0,0.0,0.0,0.0,0.0,0.0,MEDIUM,MEDIUM,MEDIUM,5,COST_BASED,COST_BASED,false,false
1,baseline,1,2036,0.0,0.8558558558558559,HYBRID_HEAT_PUMP,SOCIAL_HOUSING,0,0,0,0,0.0,0.0,0.0,0.0,0.0,MEDIUM,MEDIUM,MEDIUM,5,COST_BASED,COST_BASED,false,false
1,baseline,1,2037,0.0,0.8558558558558559,HYBRID_HEAT_PUMP,SOCIAL_HOUSING,0,0,0,0,0.0,0.0,0.0,0.0,0.0,MEDIUM,MEDIUM,MEDIUM,5,COST_BASED,COST_BASED,false,false
1,baseline,1,2038,0.0,0.8558558558558559,HYBRID_HEAT_PUMP,SOCIAL_HOUSING,0,0,0,0,0.0,0.0,0.0,0.0,0.0,MEDIUM,MEDIUM,MEDIUM,5,COST_BASED,COST_BASED,false,false
1,baseline,1,2039,0.0,0.8558558558558559,HYBRID_HEAT_PUMP,SOCIAL_HOUSING,0,0,0,0,0.0,0.0,0.0,0.0,0.0,MEDIUM,MEDIUM,MEDIUM,5,COST_BASED,COST_BASED,false,false
1,baseline,1,2040,0.0,0.8558558558558559,HYBRID_HEAT_PUMP,SOCIAL_HOUSING,0,0,0,0,0.0,0.0,0.0,0.0,0.0,MEDIUM,MEDIUM,MEDIUM,5,COST_BASED,COST_BASED,false,false
1,baseline,1,2041,0.0,0.8558558558558559,HYBRID_HEAT_PUMP,SOCIAL_HOUSING,0,0,0,0,0.0,0.0,0.0,0.0,0.0,MEDIUM,MEDIUM,MEDIUM,5,COST_BASED,COST_BASED,false,false
1,baseline,1,2042,0.0,0.8558558558558559,HYBRID_HEAT_PUMP,SOCIAL_HOUSING,0,0,0,0,0.0,0.0,0.0,0.0,0.0,MEDIUM,MEDIUM,MEDIUM,5,COST_BASED,COST_BASED,false,false
1,baseline,1,2043,0.0,0.8558558558558559,HYBRID_HEAT_PUMP,SOCIAL_HOUSING,0,0,0,0,0.0,0.0,0.0,0.0,0.0,MEDIUM,MEDIUM,MEDIUM,5,COST_BASED,COST_BASED,false,false
1,baseline,1,2044,0.0,0.8558558558558559,HYBRID_HEAT_PUMP,SOCIAL_HOUSING,0,0,0,0,0.0,0.0,0.0,0.0,0.0,MEDIUM,MEDIUM,MEDIUM,5,COST_BASED,COST_BASED,false,false
1,baseline,1,2045,0.0,0.8558558558558559,HYBRID_HEAT_PUMP,SOCIAL_HOUSING,0,0,0,0,0.0,0.0,0.0,0.0,0.0,MEDIUM,MEDIUM,MEDIUM,5,COST_BASED,COST_BASED,false,false
1,baseline,1,2046,0.0,0.8558558558558559,HYBRID_HEAT_PUMP,SOCIAL_HOUSING,0,0,0,0,0.0,0.0,0.0,0.0,0.0,MEDIUM,MEDIUM,MEDIUM,5,COST_BASED,COST_BASED,false,false
1,baseline,1,2047,0.0,0.8558558558558559,HYBRID_HEAT_PUMP,SOCIAL_HOUSING,0,0,0,0,0.0,0.0,0.0,0.0,0.0,MEDIUM,MEDIUM,MEDIUM,5,COST_BASED,COST_BASED,false,false
1,baseline,1,2048,0.0,0.8558558558558559,HYBRID_HEAT_PUMP,SOCIAL_HOUSING,0,0,0,0,0.0,0.0,0.0,0.0,0.0,MEDIUM,MEDIUM,MEDIUM,5,COST_BASED,COST_BASED,false,false
1,baseline,1,2049,0.0,0.8558558558558559,HYBRID_HEAT_PUMP,SOCIAL_HOUSING,0,0,0,0,0.0,0.0,0.0,0.0,0.0,MEDIUM,MEDIUM,MEDIUM,5,COST_BASED,COST_BASED,false,false
1,baseline,1,2050,0.0,0.8558558558558559,HYBRID_HEAT_PUMP,SOCIAL_HOUSING,0,0,0,0,0.0,0.0,0.0,0.0,0.0,MEDIUM,MEDIUM,MEDIUM,5,COST_BASED,COST_BASED,false,false
1,baseline,1,2024,0.0,0.0,HYBRID_HEAT_PUMP,PRIVATELY_RENTED,334,334,0,334,0.0,0.0,0.0,0.0,0.0,MEDIUM,MEDIUM,MEDIUM,5,COST_BASED,COST_BASED,false,false
1,baseline,1,2025,0.0,0.38738738738738737,HYBRID_HEAT_PUMP,PRIVATELY_RENTED,648,343,29,677,0.0,0.0,0.0,0.0,0.0,MEDIUM,MEDIUM,MEDIUM,5,COST_BASED,COST_BASED,false,false
1,baseline,1,2026,0.0,0.38738738738738737,HYBRID_HEAT_PUMP,PRIVATELY_RENTED,994,360,14,1037,0.0,0.0,0.0,0.0,0.0,MEDIUM,MEDIUM,MEDIUM,5,COST_BASED,COST_BASED,false,false
1,baseline,1,2027,0.0,0.38738738738738737,HYBRID_HEAT_PUMP,PRIVATELY_RENTED,1401,431,24,1468,0.0,0.0,0.0,0.0,0.0,MEDIUM,MEDIUM,MEDIUM,5,COST_BASED,COST_BASED,false,false
1,baseline,1,2028,0.0,0.38738738738738737,HYBRID_HEAT_PUMP,PRIVATELY_RENTED,2159,780,22,2248,0.0,0.0,0.0,0.0,0.0,MEDIUM,MEDIUM,MEDIUM,5,COST_BASED,COST_BASED,false,false
1,baseline,1,2029,0.0,0.38738738738738737,HYBRID_HEAT_PUMP,PRIVATELY_RENTED,2766,623,16,2871,0.0,0.0,0.0,0.0,0.0,MEDIUM,MEDIUM,MEDIUM,5,COST_BASED,COST_BASED,false,false
1,baseline,1,2030,0.0,0.8558558558558559,HYBRID_HEAT_PUMP,PRIVATELY_RENTED,3440,693,19,3564,0.0,0.0,0.0,0.0,0.0,MEDIUM,MEDIUM,MEDIUM,5,COST_BASED,COST_BASED,false,false
1,baseline,1,2031,0.0,0.8558558558558559,HYBRID_HEAT_PUMP,PRIVATELY_RENTED,4122,703,21,4267,0.0,0.0,0.0,0.0,0.0,MEDIUM,MEDIUM,MEDIUM,5,COST_BASED,COST_BASED,false,false
1,baseline,1,2032,0.0,0.8558558558558559,HYBRID_HEAT_PUMP,PRIVATELY_RENTED,4959,865,28,5132,0.0,0.0,0.0,0.0,0.0,MEDIUM,MEDIUM,MEDIUM,5,COST_BASED,COST_BASED,false,false
1,baseline,1,2033,0.0,0.8558558558558559,HYBRID_HEAT_PUMP,PRIVATELY_RENTED,5914,989,34,6121,0.0,0.0,0.0,0.0,0.0,MEDIUM,MEDIUM,MEDIUM,5,COST_BASED,COST_BASED,false,false
1,baseline,1,2034,0.0,0.8558558558558559,HYBRID_HEAT_PUMP,PRIVATELY_RENTED,6751,857,20,6978,0.0,0.0,0.0,0.0,0.0,MEDIUM,MEDIUM,MEDIUM,5,COST_BASED,COST_BASED,false,false
1,baseline,1,2035,0.0,0.8558558558558559,HYBRID_HEAT_PUMP,PRIVATELY_RENTED,7674,944,21,7922,0.0,0.0,0.0,0.0,0.0,MEDIUM,MEDIUM,MEDIUM,5,COST_BASED,COST_BASED,false,false
1,baseline,1,2036,0.0,0.8558558558558559,HYBRID_HEAT_PUMP,PRIVATELY_RENTED,8558,905,21,8827,0.0,0.0,0.0,0.0,0.0,MEDIUM,MEDIUM,MEDIUM,5,COST_BASED,COST_BASED,false,false
1,baseline,1,2037,0.0,0.8558558558558559,HYBRID_HEAT_PUMP,PRIVATELY_RENTED,8735,204,27,9031,0.0,0.0,0.0,0.0,0.0,MEDIUM,MEDIUM,MEDIUM,5,COST_BASED,COST_BASED,false,false
1,baseline,1,2038,0.0,0.8558558558558559,HYBRID_HEAT_PUMP,PRIVATELY_RENTED,8915,206,26,9237,0.0,0.0,0.0,0.0,0.0,MEDIUM,MEDIUM,MEDIUM,5,COST_BASED,COST_BASED,false,false
1,baseline,1,2039,0.0,0.8558558558558559,HYBRID_HEAT_PUMP,PRIVATELY_RENTED,9033,130,12,9367,0.0,0.0,0.0,0.0,0.0,MEDIUM,MEDIUM,MEDIUM,5,COST_BASED,COST_BASED,false,false
1,baseline,1,2040,0.0,0.8558558558558559,HYBRID_HEAT_PUMP,PRIVATELY_RENTED,9077,387,343,9754,0.0,0.0,0.0,0.0,0.0,MEDIUM,MEDIUM,MEDIUM,5,COST_BASED,COST_BASED,false,false
1,baseline,1,2041,0.0,0.8558558558558559,HYBRID_HEAT_PUMP,PRIVATELY_RENTED,9120,403,360,10157,0.0,0.0,0.0,0.0,0.0,MEDIUM,MEDIUM,MEDIUM,5,COST_BASED,COST_BASED,false,false
1,baseline,1,2042,0.0,0.8558558558558559,HYBRID_HEAT_PUMP,PRIVATELY_RENTED,9165,476,431,10633,0.0,0.0,0.0,0.0,0.0,MEDIUM,MEDIUM,MEDIUM,5,COST_BASED,COST_BASED,false,false
1,baseline,1,2043,0.0,0.8558558558558559,HYBRID_HEAT_PUMP,PRIVATELY_RENTED,9214,829,780,11462,0.0,0.0,0.0,0.0,0.0,MEDIUM,MEDIUM,MEDIUM,5,COST_BASED,COST_BASED,false,false
1,baseline,1,2044,0.0,0.8558558558558559,HYBRID_HEAT_PUMP,PRIVATELY_RENTED,9258,667,623,12129,0.0,0.0,0.0,0.0,0.0,MEDIUM,MEDIUM,MEDIUM,5,COST_BASED,COST_BASED,false,false
1,baseline,1,2045,0.0,0.8558558558558559,HYBRID_HEAT_PUMP,PRIVATELY_RENTED,9307,742,693,12871,0.0,0.0,0.0,0.0,0.0,MEDIUM,MEDIUM,MEDIUM,5,COST_BASED,COST_BASED,false,false
1,baseline,1,2046,0.0,0.8558558558558559,HYBRID_HEAT_PUMP,PRIVATELY_RENTED,9353,749,703,13620,0.0,0.0,0.0,0.0,0.0,MEDIUM,MEDIUM,MEDIUM,5,COST_BASED,COST_BASED,false,false
1,baseline,1,2047,0.0,0.8558558558558559,HYBRID_HEAT_PUMP,PRIVATELY_RENTED,9404,916,865,14536,0.0,0.0,0.0,0.0,0.0,MEDIUM,MEDIUM,MEDIUM,5,COST_BASED,COST_BASED,false,false
1,baseline,1,2048,0.0,0.8558558558558559,HYBRID_HEAT_PUMP,PRIVATELY_RENTED,9437,1022,989,15558,0.0,0.0,0.0,0.0,0.0,MEDIUM,MEDIUM,MEDIUM,5,COST_BASED,COST_BASED,false,false
1,baseline,1,2049,0.0,0.8558558558558559,HYBRID_HEAT_PUMP,PRIVATELY_RENTED,9480,900,857,16458,0.0,0.0,0.0,0.0,0.0,MEDIUM,MEDIUM,MEDIUM,5,COST_BASED,COST_BASED,false,false
1,baseline,1,2050,0.0,0.8558558558558559,HYBRID_HEAT_PUMP,PRIVATELY_RENTED,9526,990,944,17448,0.0,0.0,0.0,0.0,0.0,MEDIUM,MEDIUM,MEDIUM,5,COST_BASED,COST_BASED,false,false
