scenario,scenario_name,iteration,year,nbh_in_grid_congestion_perc,nbh_with_dh_perc,heating_system,ownership,installed_current,installed_annually,removed_annually,installed_cumulative,considered_annually,avg_att,avg_util,avg_sub_norm,avg_eac,avg_pbc,SLF,ELF,GRR,DHCT,DHES,SHAES,DHCO,GCHPB
1,baseline,1,2024,0.0,0.0,NATURAL_GAS_BOILER,TOTAL,498584,498584,0,498584,0,0.0,0.0,0.0,0.0,0.0,MEDIUM,MEDIUM,MEDIUM,5,COST_BASED,COST_BASED,false,false
1,baseline,1,2025,0.0,0.13800424628450106,NATURAL_GAS_BOILER,TOTAL,488555,27832,37861,526416,45092,0.2841858297306099,0.6117528976417473,0.949587859743208,1619.097755699459,0.7278844065620528,MEDIUM,MEDIUM,MEDIUM,5,COST_BASED,COST_BASED,false,false
1,baseline,1,2026,0.0,0.13800424628450106,NATURAL_GAS_BOILER,TOTAL,475203,29201,42553,555617,50798,0.2852733324961821,0.6050070171986615,0.8613588724971682,1592.2115634473798,0.7285223336118013,MEDIUM,MEDIUM,MEDIUM,5,COST_BASED,COST_BASED,false,false
1,baseline,1,2027,0.0,0.13800424628450106,NATURAL_GAS_BOILER,TOTAL,459415,26399,42187,582016,50072,0.28430725882806274,0.6041002394195614,0.8246177254255798,1603.900962613836,0.7319963287441176,MEDIUM,MEDIUM,MEDIUM,5,COST_BASED,COST_BASED,false,false
1,baseline,1,2028,0.0,0.13800424628450106,NATURAL_GAS_BOILER,TOTAL,438980,23160,43595,605176,51759,0.28519587389780227,0.5912067237819046,0.7935116209333695,1592.6667439479124,0.7163221645817336,MEDIUM,MEDIUM,MEDIUM,5,COST_BASED,COST_BASED,false,false
1,baseline,1,2029,0.0,0.13800424628450106,NATURAL_GAS_BOILER,TOTAL,417609,20396,41767,625572,48578,0.28590345816991913,0.5976234865412829,0.7546928630485152,1617.588970315781,0.7306227573884012,MEDIUM,MEDIUM,MEDIUM,5,COST_BASED,COST_BASED,false,false
1,baseline,1,2030,0.0,0.5445859872611465,NATURAL_GAS_BOILER,TOTAL,394803,19042,41848,644614,49890,0.28495097219325216,0.5984285223472198,0.7134071237583307,1608.644638204049,0.7372291500027154,MEDIUM,MEDIUM,MEDIUM,5,COST_BASED,COST_BASED,false,false
1,baseline,1,2031,0.0,0.5445859872611465,NATURAL_GAS_BOILER,TOTAL,369065,17429,43167,662043,51836,0.28645683211645334,0.5915386338244067,0.6567746196574513,1593.508141060267,0.7335969152503178,MEDIUM,MEDIUM,MEDIUM,5,COST_BASED,COST_BASED,false,false
1,baseline,1,2032,0.0,0.5445859872611465,NATURAL_GAS_BOILER,TOTAL,343766,17107,42406,679150,51226,0.28790968634828873,0.5950151449964234,0.5968640570851518,1594.5272322648655,0.7459372887719329,MEDIUM,MEDIUM,MEDIUM,5,COST_BASED,COST_BASED,false,false
1,baseline,1,2033,0.0,0.5445859872611465,NATURAL_GAS_BOILER,TOTAL,315963,13987,41790,693137,49290,0.28548883837490235,0.5798643193022931,0.5225986775740573,1605.3238993710693,0.7330994346629479,MEDIUM,MEDIUM,MEDIUM,5,COST_BASED,COST_BASED,false,false
1,baseline,1,2034,0.0,0.5445859872611465,NATURAL_GAS_BOILER,TOTAL,288292,13162,40833,706299,50428,0.2861718988784893,0.5769686459402593,0.4460982568555869,1563.727750456096,0.7381477120838172,MEDIUM,MEDIUM,MEDIUM,5,COST_BASED,COST_BASED,false,false
1,baseline,1,2035,0.0,0.5445859872611465,NATURAL_GAS_BOILER,TOTAL,259288,14576,43580,720875,53423,0.2863815706663638,0.5707964624983163,0.36815618833971864,1560.2944611871292,0.7385797775384118,MEDIUM,MEDIUM,MEDIUM,5,COST_BASED,COST_BASED,false,false
1,baseline,1,2036,0.0,0.5445859872611465,NATURAL_GAS_BOILER,TOTAL,233127,10836,36997,731711,46570,0.28458532381602486,0.5558155039896873,0.27400382023463604,1613.8628086751128,0.7283264475011954,MEDIUM,MEDIUM,MEDIUM,5,COST_BASED,COST_BASED,false,false
1,baseline,1,2037,0.0,0.5445859872611465,NATURAL_GAS_BOILER,TOTAL,221433,16138,27832,747849,26632,0.34118593807896364,0.5579240983640144,0.27878642706236595,1466.295546710724,0.7167413596434851,MEDIUM,MEDIUM,MEDIUM,5,COST_BASED,COST_BASED,false,false
1,baseline,1,2038,0.0,0.5445859872611465,NATURAL_GAS_BOILER,TOTAL,210827,18595,29201,766444,19440,0.355124259533754,0.5570521701045305,0.24269677876403375,1517.0222222222221,0.7164600929278514,MEDIUM,MEDIUM,MEDIUM,5,COST_BASED,COST_BASED,false,false
1,baseline,1,2039,0.0,0.5445859872611465,NATURAL_GAS_BOILER,TOTAL,202343,17915,26399,784359,16706,0.37891744967863267,0.575018067939212,0.22447061599423498,1558.6646115168203,0.739738912489879,MEDIUM,MEDIUM,MEDIUM,5,COST_BASED,COST_BASED,false,false
1,baseline,1,2040,0.0,0.5445859872611465,NATURAL_GAS_BOILER,TOTAL,197620,18437,23160,802796,23779,0.27506121785981524,0.5262494151020749,0.11700806668309777,1680.9169855755079,0.7059828098527686,MEDIUM,MEDIUM,MEDIUM,5,COST_BASED,COST_BASED,false,false
1,baseline,1,2041,0.0,0.5445859872611465,NATURAL_GAS_BOILER,TOTAL,190981,13757,20396,816553,27687,0.28459284102088234,0.5255296011997401,0.09414378206854174,1733.1525625744935,0.7053782187858261,MEDIUM,MEDIUM,MEDIUM,5,COST_BASED,COST_BASED,false,false
1,baseline,1,2042,0.0,0.5445859872611465,NATURAL_GAS_BOILER,TOTAL,187427,15488,19042,832041,27484,0.2678614727720532,0.5269695852543202,0.0730605990394818,1712.8385242322806,0.7143564348085337,MEDIUM,MEDIUM,MEDIUM,5,COST_BASED,COST_BASED,false,false
1,baseline,1,2043,0.0,0.5445859872611465,NATURAL_GAS_BOILER,TOTAL,188204,18206,17429,850247,31536,0.26815041548486496,0.5049451054079622,0.05923445643396688,1683.6180555555557,0.6829757471864822,MEDIUM,MEDIUM,MEDIUM,5,COST_BASED,COST_BASED,false,false
1,baseline,1,2044,0.0,0.5445859872611465,NATURAL_GAS_BOILER,TOTAL,186576,15479,17107,865726,28032,0.2570574228685394,0.515463962950462,0.05367107213452241,1711.576269977169,0.7022227046917439,MEDIUM,MEDIUM,MEDIUM,5,COST_BASED,COST_BASED,false,false
1,baseline,1,2045,0.0,0.5445859872611465,NATURAL_GAS_BOILER,TOTAL,187396,14807,13987,880533,29063,0.25075578356727524,0.5150859423695395,0.04951123042613159,1690.4092144651274,0.7037510638592346,MEDIUM,MEDIUM,MEDIUM,5,COST_BASED,COST_BASED,false,false
1,baseline,1,2046,0.0,0.5445859872611465,NATURAL_GAS_BOILER,TOTAL,188766,14532,13162,895065,33597,0.2682600321930516,0.5196631597433139,0.046904489644888164,1669.0555704378366,0.7065666703610991,MEDIUM,MEDIUM,MEDIUM,5,COST_BASED,COST_BASED,false,false
1,baseline,1,2047,0.0,0.5445859872611465,NATURAL_GAS_BOILER,TOTAL,190173,15983,14576,911048,32637,0.26649204736156173,0.5239549197037486,0.04521146085785212,1631.3597450746086,0.7136579351079946,MEDIUM,MEDIUM,MEDIUM,5,COST_BASED,COST_BASED,false,false
1,baseline,1,2048,0.0,0.5445859872611465,NATURAL_GAS_BOILER,TOTAL,190463,11126,10836,922174,32784,0.26987952769127016,0.5191611127898694,0.03764950991069238,1680.1408003904344,0.7065655985231474,MEDIUM,MEDIUM,MEDIUM,5,COST_BASED,COST_BASED,false,false
1,baseline,1,2049,0.0,0.5445859872611465,NATURAL_GAS_BOILER,TOTAL,190843,16518,16138,938692,34026,0.2684962299054221,0.5202360142399514,0.03757817606685272,1631.3181684594133,0.7085326918752142,MEDIUM,MEDIUM,MEDIUM,5,COST_BASED,COST_BASED,false,false
1,baseline,1,2050,0.0,0.5445859872611465,NATURAL_GAS_BOILER,TOTAL,190996,18748,18595,957440,35825,0.27549480962456563,0.5208996198815748,0.03763577337222186,1633.6384926727146,0.7077712557446834,MEDIUM,MEDIUM,MEDIUM,5,COST_BASED,COST_BASED,false,false
1,baseline,1,2024,0.0,0.0,NATURAL_GAS_BOILER,PRIVATELY_OWNED,347731,347731,0,347731,0,0.0,0.0,0.0,0.0,0.0,MEDIUM,MEDIUM,MEDIUM,5,COST_BASED,COST_BASED,false,false
1,baseline,1,2025,0.0,0.13800424628450106,NATURAL_GAS_BOILER,PRIVATELY_OWNED,336380,16805,28156,364536,33205,0.2841858297306099,0.6117528976417473,0.949587859743208,1697.9476283692215,0.7278844065620528,MEDIUM,MEDIUM,MEDIUM,5,COST_BASED,COST_BASED,false,false
1,baseline,1,2026,0.0,0.13800424628450106,NATURAL_GAS_BOILER,PRIVATELY_OWNED,321026,12836,28190,377372,33357,0.2852733324961821,0.6050070171986615,0.8613588724971682,1704.415744821177,0.7285223336118013,MEDIUM,MEDIUM,MEDIUM,5,COST_BASED,COST_BASED,false,false
1,baseline,1,2027,0.0,0.13800424628450106,NATURAL_GAS_BOILER,PRIVATELY_OWNED,303706,11347,28667,388719,33669,0.28430725882806274,0.6041002394195614,0.8246177254255798,1701.2696248774837,0.7319963287441176,MEDIUM,MEDIUM,MEDIUM,5,COST_BASED,COST_BASED,false,false
1,baseline,1,2028,0.0,0.13800424628450106,NATURAL_GAS_BOILER,PRIVATELY_OWNED,281808,7463,29361,396182,34474,0.28519587389780227,0.5912067237819046,0.7935116209333695,1690.897081858792,0.7163221645817336,MEDIUM,MEDIUM,MEDIUM,5,COST_BASED,COST_BASED,false,false
1,baseline,1,2029,0.0,0.13800424628450106,NATURAL_GAS_BOILER,PRIVATELY_OWNED,260833,8336,29311,404518,34650,0.28590345816991913,0.5976234865412829,0.7546928630485152,1690.8342568542569,0.7306227573884012,MEDIUM,MEDIUM,MEDIUM,5,COST_BASED,COST_BASED,false,false
1,baseline,1,2030,0.0,0.5445859872611465,NATURAL_GAS_BOILER,PRIVATELY_OWNED,237742,5636,28727,410154,34506,0.28495097219325216,0.5984285223472198,0.7134071237583307,1691.1746942560715,0.7372291500027154,MEDIUM,MEDIUM,MEDIUM,5,COST_BASED,COST_BASED,false,false
1,baseline,1,2031,0.0,0.5445859872611465,NATURAL_GAS_BOILER,PRIVATELY_OWNED,211925,3205,29022,413359,35332,0.28645683211645334,0.5915386338244067,0.6567746196574513,1676.390778897317,0.7335969152503178,MEDIUM,MEDIUM,MEDIUM,5,COST_BASED,COST_BASED,false,false
1,baseline,1,2032,0.0,0.5445859872611465,NATURAL_GAS_BOILER,PRIVATELY_OWNED,185793,2989,29121,416348,34718,0.28790968634828873,0.5950151449964234,0.5968640570851518,1675.777723371162,0.7459372887719329,MEDIUM,MEDIUM,MEDIUM,5,COST_BASED,COST_BASED,false,false
1,baseline,1,2033,0.0,0.5445859872611465,NATURAL_GAS_BOILER,PRIVATELY_OWNED,158364,1757,29186,418105,34314,0.28548883837490235,0.5798643193022931,0.5225986775740573,1689.404149909658,0.7330994346629479,MEDIUM,MEDIUM,MEDIUM,5,COST_BASED,COST_BASED,false,false
1,baseline,1,2034,0.0,0.5445859872611465,NATURAL_GAS_BOILER,PRIVATELY_OWNED,130161,1774,29977,419879,36449,0.2861718988784893,0.5769686459402593,0.4460982568555869,1631.3212159455677,0.7381477120838172,MEDIUM,MEDIUM,MEDIUM,5,COST_BASED,COST_BASED,false,false
1,baseline,1,2035,0.0,0.5445859872611465,NATURAL_GAS_BOILER,PRIVATELY_OWNED,100754,1293,30700,421172,37088,0.2863815706663638,0.5707964624983163,0.36815618833971864,1628.0463222605695,0.7385797775384118,MEDIUM,MEDIUM,MEDIUM,5,COST_BASED,COST_BASED,false,false
1,baseline,1,2036,0.0,0.5445859872611465,NATURAL_GAS_BOILER,PRIVATELY_OWNED,74473,1032,27313,422204,33586,0.28458532381602486,0.5558155039896873,0.27400382023463604,1682.4209789793367,0.7283264475011954,MEDIUM,MEDIUM,MEDIUM,5,COST_BASED,COST_BASED,false,false
1,baseline,1,2037,0.0,0.5445859872611465,NATURAL_GAS_BOILER,PRIVATELY_OWNED,58711,1043,16805,423247,21958,0.34118593807896364,0.5579240983640144,0.27878642706236595,1542.9424355587942,0.7167413596434851,MEDIUM,MEDIUM,MEDIUM,5,COST_BASED,COST_BASED,false,false
1,baseline,1,2038,0.0,0.5445859872611465,NATURAL_GAS_BOILER,PRIVATELY_OWNED,46961,1086,12836,424333,17644,0.355124259533754,0.5570521701045305,0.24269677876403375,1545.4438335978236,0.7164600929278514,MEDIUM,MEDIUM,MEDIUM,5,COST_BASED,COST_BASED,false,false
1,baseline,1,2039,0.0,0.5445859872611465,NATURAL_GAS_BOILER,PRIVATELY_OWNED,36675,1061,11347,425394,14482,0.37891744967863267,0.575018067939212,0.22447061599423498,1615.854992404364,0.739738912489879,MEDIUM,MEDIUM,MEDIUM,5,COST_BASED,COST_BASED,false,false
1,baseline,1,2040,0.0,0.5445859872611465,NATURAL_GAS_BOILER,PRIVATELY_OWNED,30251,1039,7463,426433,21972,0.27506121785981524,0.5262494151020749,0.11700806668309777,1733.1118696522847,0.7059828098527686,MEDIUM,MEDIUM,MEDIUM,5,COST_BASED,COST_BASED,false,false
1,baseline,1,2041,0.0,0.5445859872611465,NATURAL_GAS_BOILER,PRIVATELY_OWNED,22996,1081,8336,427514,26884,0.28459284102088234,0.5255296011997401,0.09414378206854174,1748.5043148341022,0.7053782187858261,MEDIUM,MEDIUM,MEDIUM,5,COST_BASED,COST_BASED,false,false
1,baseline,1,2042,0.0,0.5445859872611465,NATURAL_GAS_BOILER,PRIVATELY_OWNED,18382,1022,5636,428536,26275,0.2678614727720532,0.5269695852543202,0.0730605990394818,1736.8968601332065,0.7143564348085337,MEDIUM,MEDIUM,MEDIUM,5,COST_BASED,COST_BASED,false,false
1,baseline,1,2043,0.0,0.5445859872611465,NATURAL_GAS_BOILER,PRIVATELY_OWNED,16213,1036,3205,429572,28456,0.26815041548486496,0.5049451054079622,0.05923445643396688,1747.484010402024,0.6829757471864822,MEDIUM,MEDIUM,MEDIUM,5,COST_BASED,COST_BASED,false,false
1,baseline,1,2044,0.0,0.5445859872611465,NATURAL_GAS_BOILER,PRIVATELY_OWNED,14301,1077,2989,430649,27614,0.2570574228685394,0.515463962950462,0.05367107213452241,1718.1199753748099,0.7022227046917439,MEDIUM,MEDIUM,MEDIUM,5,COST_BASED,COST_BASED,false,false
1,baseline,1,2045,0.0,0.5445859872611465,NATURAL_GAS_BOILER,PRIVATELY_OWNED,13472,928,1757,431577,27274,0.25075578356727524,0.5150859423695395,0.04951123042613159,1712.766590892425,0.7037510638592346,MEDIUM,MEDIUM,MEDIUM,5,COST_BASED,COST_BASED,false,false
1,baseline,1,2046,0.0,0.5445859872611465,NATURAL_GAS_BOILER,PRIVATELY_OWNED,12647,949,1774,432526,31223,0.2682600321930516,0.5196631597433139,0.046904489644888164,1704.2631073247285,0.7065666703610991,MEDIUM,MEDIUM,MEDIUM,5,COST_BASED,COST_BASED,false,false
1,baseline,1,2047,0.0,0.5445859872611465,NATURAL_GAS_BOILER,PRIVATELY_OWNED,12387,1033,1293,433559,30832,0.26649204736156173,0.5239549197037486,0.04521146085785212,1675.6536715101195,0.7136579351079946,MEDIUM,MEDIUM,MEDIUM,5,COST_BASED,COST_BASED,false,false
1,baseline,1,2048,0.0,0.5445859872611465,NATURAL_GAS_BOILER,PRIVATELY_OWNED,12238,883,1032,434442,32202,0.26987952769127016,0.5191611127898694,0.03764950991069238,1690.1174150673871,0.7065655985231474,MEDIUM,MEDIUM,MEDIUM,5,COST_BASED,COST_BASED,false,false
1,baseline,1,2049,0.0,0.5445859872611465,NATURAL_GAS_BOILER,PRIVATELY_OWNED,12132,937,1043,435379,33375,0.2684962299054221,0.5202360142399514,0.03757817606685272,1637.950382022472,0.7085326918752142,MEDIUM,MEDIUM,MEDIUM,5,COST_BASED,COST_BASED,false,false
1,baseline,1,2050,0.0,0.5445859872611465,NATURAL_GAS_BOILER,PRIVATELY_OWNED,12020,974,1086,436353,35429,0.27549480962456563,0.5208996198815748,0.03763577337222186,1638.4475147478054,0.7077712557446834,MEDIUM,MEDIUM,MEDIUM,5,COST_BASED,COST_BASED,false,false
1,baseline,1,2024,0.0,0.0,NATURAL_GAS_BOILER,SOCIAL_HOUSING,86168,86168,0,86168,0,0.0,0.0,0.0,0.0,0.0,MEDIUM,MEDIUM,MEDIUM,5,COST_BASED,COST_BASED,false,false
1,baseline,1,2025,0.0,0.13800424628450106,NATURAL_GAS_BOILER,SOCIAL_HOUSING,87102,5098,4164,91266,5098,0.0,0.0,0.0,1348.0392310710083,0.0,MEDIUM,MEDIUM,MEDIUM,5,COST_BASED,COST_BASED,false,false
1,baseline,1,2026,0.0,0.13800424628450106,NATURAL_GAS_BOILER,SOCIAL_HOUSING,88964,10620,8758,101886,10620,0.0,0.0,0.0,1337.7225988700566,0.0,MEDIUM,MEDIUM,MEDIUM,5,COST_BASED,COST_BASED,false,false
1,baseline,1,2027,0.0,0.13800424628450106,NATURAL_GAS_BOILER,SOCIAL_HOUSING,90691,9647,7920,111533,9647,0.0,0.0,0.0,1377.0336892298124,0.0,MEDIUM,MEDIUM,MEDIUM,5,COST_BASED,COST_BASED,false,false
1,baseline,1,2028,0.0,0.13800424628450106,NATURAL_GAS_BOILER,SOCIAL_HOUSING,92551,10404,8544,121937,10404,0.0,0.0,0.0,1376.5662245290273,0.0,MEDIUM,MEDIUM,MEDIUM,5,COST_BASED,COST_BASED,false,false
1,baseline,1,2029,0.0,0.13800424628450106,NATURAL_GAS_BOILER,SOCIAL_HOUSING,92877,7336,7010,129273,7336,0.0,0.0,0.0,1417.2059705561614,0.0,MEDIUM,MEDIUM,MEDIUM,5,COST_BASED,COST_BASED,false,false
1,baseline,1,2030,0.0,0.5445859872611465,NATURAL_GAS_BOILER,SOCIAL_HOUSING,93884,8699,7692,137972,8699,0.0,0.0,0.0,1397.877572134728,0.0,MEDIUM,MEDIUM,MEDIUM,5,COST_BASED,COST_BASED,false,false
1,baseline,1,2031,0.0,0.5445859872611465,NATURAL_GAS_BOILER,SOCIAL_HOUSING,94882,9810,8812,147782,9810,0.0,0.0,0.0,1403.8422018348624,0.0,MEDIUM,MEDIUM,MEDIUM,5,COST_BASED,COST_BASED,false,false
1,baseline,1,2032,0.0,0.5445859872611465,NATURAL_GAS_BOILER,SOCIAL_HOUSING,96840,9746,7788,157528,9746,0.0,0.0,0.0,1413.4047814487994,0.0,MEDIUM,MEDIUM,MEDIUM,5,COST_BASED,COST_BASED,false,false
1,baseline,1,2033,0.0,0.5445859872611465,NATURAL_GAS_BOILER,SOCIAL_HOUSING,97737,8075,7178,165603,8075,0.0,0.0,0.0,1391.3048916408668,0.0,MEDIUM,MEDIUM,MEDIUM,5,COST_BASED,COST_BASED,false,false
1,baseline,1,2034,0.0,0.5445859872611465,NATURAL_GAS_BOILER,SOCIAL_HOUSING,99463,7443,5717,173046,7443,0.0,0.0,0.0,1344.553271530297,0.0,MEDIUM,MEDIUM,MEDIUM,5,COST_BASED,COST_BASED,false,false
1,baseline,1,2035,0.0,0.5445859872611465,NATURAL_GAS_BOILER,SOCIAL_HOUSING,101307,9722,7878,182768,9722,0.0,0.0,0.0,1378.5212919152439,0.0,MEDIUM,MEDIUM,MEDIUM,5,COST_BASED,COST_BASED,false,false
1,baseline,1,2036,0.0,0.5445859872611465,NATURAL_GAS_BOILER,SOCIAL_HOUSING,102985,6385,4707,189153,6385,0.0,0.0,0.0,1419.4700078308535,0.0,MEDIUM,MEDIUM,MEDIUM,5,COST_BASED,COST_BASED,false,false
1,baseline,1,2037,0.0,0.5445859872611465,NATURAL_GAS_BOILER,SOCIAL_HOUSING,106726,8839,5098,197992,3741,0.0,0.0,0.0,1055.031809676557,0.0,MEDIUM,MEDIUM,MEDIUM,5,COST_BASED,COST_BASED,false,false
1,baseline,1,2038,0.0,0.5445859872611465,NATURAL_GAS_BOILER,SOCIAL_HOUSING,107491,11385,10620,209377,765,0.0,0.0,0.0,1220.2522875816994,0.0,MEDIUM,MEDIUM,MEDIUM,5,COST_BASED,COST_BASED,false,false
1,baseline,1,2039,0.0,0.5445859872611465,NATURAL_GAS_BOILER,SOCIAL_HOUSING,108739,10895,9647,220272,1248,0.0,0.0,0.0,1159.9623397435898,0.0,MEDIUM,MEDIUM,MEDIUM,5,COST_BASED,COST_BASED,false,false
1,baseline,1,2040,0.0,0.5445859872611465,NATURAL_GAS_BOILER,SOCIAL_HOUSING,110206,11871,10404,232143,1467,0.0,0.0,0.0,978.6032719836401,0.0,MEDIUM,MEDIUM,MEDIUM,5,COST_BASED,COST_BASED,false,false
1,baseline,1,2041,0.0,0.5445859872611465,NATURAL_GAS_BOILER,SOCIAL_HOUSING,110206,7336,7336,239479,0,0.0,0.0,0.0,0.0,0.0,MEDIUM,MEDIUM,MEDIUM,5,COST_BASED,COST_BASED,false,false
1,baseline,1,2042,0.0,0.5445859872611465,NATURAL_GAS_BOILER,SOCIAL_HOUSING,110783,9276,8699,248755,577,0.0,0.0,0.0,1211.2183708838822,0.0,MEDIUM,MEDIUM,MEDIUM,5,COST_BASED,COST_BASED,false,false
1,baseline,1,2043,0.0,0.5445859872611465,NATURAL_GAS_BOILER,SOCIAL_HOUSING,113419,12446,9810,261201,2636,0.0,0.0,0.0,1075.435128983308,0.0,MEDIUM,MEDIUM,MEDIUM,5,COST_BASED,COST_BASED,false,false
1,baseline,1,2044,0.0,0.5445859872611465,NATURAL_GAS_BOILER,SOCIAL_HOUSING,113419,9746,9746,270947,0,0.0,0.0,0.0,0.0,0.0,MEDIUM,MEDIUM,MEDIUM,5,COST_BASED,COST_BASED,false,false
1,baseline,1,2045,0.0,0.5445859872611465,NATURAL_GAS_BOILER,SOCIAL_HOUSING,114840,9496,8075,280443,1421,0.0,0.0,0.0,1363.5749472202674,0.0,MEDIUM,MEDIUM,MEDIUM,5,COST_BASED,COST_BASED,false,false
1,baseline,1,2046,0.0,0.5445859872611465,NATURAL_GAS_BOILER,SOCIAL_HOUSING,116702,9305,7443,289748,1862,0.0,0.0,0.0,1201.0596133190118,0.0,MEDIUM,MEDIUM,MEDIUM,5,COST_BASED,COST_BASED,false,false
1,baseline,1,2047,0.0,0.5445859872611465,NATURAL_GAS_BOILER,SOCIAL_HOUSING,118162,11182,9722,300930,1460,0.0,0.0,0.0,772.7561643835617,0.0,MEDIUM,MEDIUM,MEDIUM,5,COST_BASED,COST_BASED,false,false
1,baseline,1,2048,0.0,0.5445859872611465,NATURAL_GAS_BOILER,SOCIAL_HOUSING,118162,6385,6385,307315,0,0.0,0.0,0.0,0.0,0.0,MEDIUM,MEDIUM,MEDIUM,5,COST_BASED,COST_BASED,false,false
1,baseline,1,2049,0.0,0.5445859872611465,NATURAL_GAS_BOILER,SOCIAL_HOUSING,118420,9097,8839,316412,258,0.0,0.0,0.0,1310.5891472868218,0.0,MEDIUM,MEDIUM,MEDIUM,5,COST_BASED,COST_BASED,false,false
1,baseline,1,2050,0.0,0.5445859872611465,NATURAL_GAS_BOILER,SOCIAL_HOUSING,118420,11385,11385,327797,0,0.0,0.0,0.0,0.0,0.0,MEDIUM,MEDIUM,MEDIUM,5,COST_BASED,COST_BASED,false,false
1,baseline,1,2024,0.0,0.0,NATURAL_GAS_BOILER,PRIVATELY_RENTED,64685,64685,0,64685,0,0.0,0.0,0.0,0.0,0.0,MEDIUM,MEDIUM,MEDIUM,5,COST_BASED,COST_BASED,false,false
1,baseline,1,2025,0.0,0.13800424628450106,NATURAL_GAS_BOILER,PRIVATELY_RENTED,65073,5929,5541,70614,6789,0.0,0.0,0.0,1436.9864486669612,0.0,MEDIUM,MEDIUM,MEDIUM,5,COST_BASED,COST_BASED,false,false
1,baseline,1,2026,0.0,0.13800424628450106,NATURAL_GAS_BOILER,PRIVATELY_RENTED,65213,5745,5605,76359,6821,0.0,0.0,0.0,1439.7233543468699,0.0,MEDIUM,MEDIUM,MEDIUM,5,COST_BASED,COST_BASED,false,false
1,baseline,1,2027,0.0,0.13800424628450106,NATURAL_GAS_BOILER,PRIVATELY_RENTED,65018,5405,5600,81764,6756,0.0,0.0,0.0,1442.6047957371225,0.0,MEDIUM,MEDIUM,MEDIUM,5,COST_BASED,COST_BASED,false,false
1,baseline,1,2028,0.0,0.13800424628450106,NATURAL_GAS_BOILER,PRIVATELY_RENTED,64621,5293,5690,87057,6881,0.0,0.0,0.0,1427.2717628251708,0.0,MEDIUM,MEDIUM,MEDIUM,5,COST_BASED,COST_BASED,false,false
1,baseline,1,2029,0.0,0.13800424628450106,NATURAL_GAS_BOILER,PRIVATELY_RENTED,63899,4724,5446,91781,6592,0.0,0.0,0.0,1455.5835861650485,0.0,MEDIUM,MEDIUM,MEDIUM,5,COST_BASED,COST_BASED,false,false
1,baseline,1,2030,0.0,0.5445859872611465,NATURAL_GAS_BOILER,PRIVATELY_RENTED,63177,4707,5429,96488,6685,0.0,0.0,0.0,1456.9139865370232,0.0,MEDIUM,MEDIUM,MEDIUM,5,COST_BASED,COST_BASED,false,false
1,baseline,1,2031,0.0,0.5445859872611465,NATURAL_GAS_BOILER,PRIVATELY_RENTED,62258,4414,5333,100902,6694,0.0,0.0,0.0,1433.994173887063,0.0,MEDIUM,MEDIUM,MEDIUM,5,COST_BASED,COST_BASED,false,false
1,baseline,1,2032,0.0,0.5445859872611465,NATURAL_GAS_BOILER,PRIVATELY_RENTED,61133,4372,5497,105274,6762,0.0,0.0,0.0,1438.4143744454304,0.0,MEDIUM,MEDIUM,MEDIUM,5,COST_BASED,COST_BASED,false,false
1,baseline,1,2033,0.0,0.5445859872611465,NATURAL_GAS_BOILER,PRIVATELY_RENTED,59862,4155,5426,109429,6901,0.0,0.0,0.0,1437.6777278655268,0.0,MEDIUM,MEDIUM,MEDIUM,5,COST_BASED,COST_BASED,false,false
1,baseline,1,2034,0.0,0.5445859872611465,NATURAL_GAS_BOILER,PRIVATELY_RENTED,58668,3945,5139,113374,6536,0.0,0.0,0.0,1436.3717870257037,0.0,MEDIUM,MEDIUM,MEDIUM,5,COST_BASED,COST_BASED,false,false
1,baseline,1,2035,0.0,0.5445859872611465,NATURAL_GAS_BOILER,PRIVATELY_RENTED,57227,3561,5002,116935,6613,0.0,0.0,0.0,1447.5495236655074,0.0,MEDIUM,MEDIUM,MEDIUM,5,COST_BASED,COST_BASED,false,false
1,baseline,1,2036,0.0,0.5445859872611465,NATURAL_GAS_BOILER,PRIVATELY_RENTED,55669,3419,4977,120354,6599,0.0,0.0,0.0,1453.0207607213215,0.0,MEDIUM,MEDIUM,MEDIUM,5,COST_BASED,COST_BASED,false,false
1,baseline,1,2037,0.0,0.5445859872611465,NATURAL_GAS_BOILER,PRIVATELY_RENTED,55996,6256,5929,126610,933,0.0,0.0,0.0,1311.4458735262594,0.0,MEDIUM,MEDIUM,MEDIUM,5,COST_BASED,COST_BASED,false,false
1,baseline,1,2038,0.0,0.5445859872611465,NATURAL_GAS_BOILER,PRIVATELY_RENTED,56375,6124,5745,132734,1031,0.0,0.0,0.0,1250.8322017458777,0.0,MEDIUM,MEDIUM,MEDIUM,5,COST_BASED,COST_BASED,false,false
1,baseline,1,2039,0.0,0.5445859872611465,NATURAL_GAS_BOILER,PRIVATELY_RENTED,56929,5959,5405,138693,976,0.0,0.0,0.0,1219.8831967213114,0.0,MEDIUM,MEDIUM,MEDIUM,5,COST_BASED,COST_BASED,false,false
1,baseline,1,2040,0.0,0.5445859872611465,NATURAL_GAS_BOILER,PRIVATELY_RENTED,57163,5527,5293,144220,340,0.0,0.0,0.0,1338.1764705882354,0.0,MEDIUM,MEDIUM,MEDIUM,5,COST_BASED,COST_BASED,false,false
1,baseline,1,2041,0.0,0.5445859872611465,NATURAL_GAS_BOILER,PRIVATELY_RENTED,57779,5340,4724,149560,803,0.0,0.0,0.0,1219.1843088418432,0.0,MEDIUM,MEDIUM,MEDIUM,5,COST_BASED,COST_BASED,false,false
1,baseline,1,2042,0.0,0.5445859872611465,NATURAL_GAS_BOILER,PRIVATELY_RENTED,58262,5190,4707,154750,632,0.0,0.0,0.0,1170.5949367088608,0.0,MEDIUM,MEDIUM,MEDIUM,5,COST_BASED,COST_BASED,false,false
1,baseline,1,2043,0.0,0.5445859872611465,NATURAL_GAS_BOILER,PRIVATELY_RENTED,58572,4724,4414,159474,444,0.0,0.0,0.0,1201.186936936937,0.0,MEDIUM,MEDIUM,MEDIUM,5,COST_BASED,COST_BASED,false,false
1,baseline,1,2044,0.0,0.5445859872611465,NATURAL_GAS_BOILER,PRIVATELY_RENTED,58856,4656,4372,164130,418,0.0,0.0,0.0,1279.2846889952152,0.0,MEDIUM,MEDIUM,MEDIUM,5,COST_BASED,COST_BASED,false,false
1,baseline,1,2045,0.0,0.5445859872611465,NATURAL_GAS_BOILER,PRIVATELY_RENTED,59084,4383,4155,168513,368,0.0,0.0,0.0,1295.453804347826,0.0,MEDIUM,MEDIUM,MEDIUM,5,COST_BASED,COST_BASED,false,false
1,baseline,1,2046,0.0,0.5445859872611465,NATURAL_GAS_BOILER,PRIVATELY_RENTED,59417,4278,3945,172791,512,0.0,0.0,0.0,1223.984375,0.0,MEDIUM,MEDIUM,MEDIUM,5,COST_BASED,COST_BASED,false,false
1,baseline,1,2047,0.0,0.5445859872611465,NATURAL_GAS_BOILER,PRIVATELY_RENTED,59624,3768,3561,176559,345,0.0,0.0,0.0,1306.4057971014493,0.0,MEDIUM,MEDIUM,MEDIUM,5,COST_BASED,COST_BASED,false,false
1,baseline,1,2048,0.0,0.5445859872611465,NATURAL_GAS_BOILER,PRIVATELY_RENTED,60063,3858,3419,180417,582,0.0,0.0,0.0,1128.135738831615,0.0,MEDIUM,MEDIUM,MEDIUM,5,COST_BASED,COST_BASED,false,false
1,baseline,1,2049,0.0,0.5445859872611465,NATURAL_GAS_BOILER,PRIVATELY_RENTED,60291,6484,6256,186901,393,0.0,0.0,0.0,1278.6412213740457,0.0,MEDIUM,MEDIUM,MEDIUM,5,COST_BASED,COST_BASED,false,false
1,baseline,1,2050,0.0,0.5445859872611465,NATURAL_GAS_BOILER,PRIVATELY_RENTED,60556,6389,6124,193290,396,0.0,0.0,0.0,1203.388888888889,0.0,MEDIUM,MEDIUM,MEDIUM,5,COST_BASED,COST_BASED,false,false
1,baseline,1,2024,0.0,0.0,NATURAL_GAS_BLOCK,TOTAL,33312,33312,0,33312,0,0.0,0.0,0.0,0.0,0.0,MEDIUM,MEDIUM,MEDIUM,5,COST_BASED,COST_BASED,false,false
1,baseline,1,2025,0.0,0.13800424628450106,NATURAL_GAS_BLOCK,TOTAL,30463,0,2849,33312,45092,0.2841858297306099,0.5182372110981258,0.0664961428279966,1619.097755699459,0.6979973413610362,MEDIUM,MEDIUM,MEDIUM,5,COST_BASED,COST_BASED,false,false
1,baseline,1,2026,0.0,0.13800424628450106,NATURAL_GAS_BLOCK,TOTAL,27536,2,2929,33314,50798,0.2852733324961821,0.518268977773675,0.06002893937841597,1592.3897003819047,0.6985815161141605,MEDIUM,MEDIUM,MEDIUM,5,COST_BASED,COST_BASED,false,false
1,baseline,1,2027,0.0,0.13800424628450106,NATURAL_GAS_BLOCK,TOTAL,24866,0,2670,33314,50072,0.28430725882806274,0.5198716964213661,0.0552045404386675,1604.2587074612559,0.7018301623701888,MEDIUM,MEDIUM,MEDIUM,5,COST_BASED,COST_BASED,false,false
1,baseline,1,2028,0.0,0.13800424628450106,NATURAL_GAS_BLOCK,TOTAL,21942,0,2924,33314,51759,0.28519587389780227,0.5091640157351163,0.05010143650770534,1593.167970787689,0.6861843755647589,MEDIUM,MEDIUM,MEDIUM,5,COST_BASED,COST_BASED,false,false
1,baseline,1,2029,0.0,0.13800424628450106,NATURAL_GAS_BLOCK,TOTAL,19604,0,2338,33314,48578,0.28590345816991913,0.5184337840343182,0.04379719046747056,1618.2307628967847,0.7007001627005721,MEDIUM,MEDIUM,MEDIUM,5,COST_BASED,COST_BASED,false,false
1,baseline,1,2030,0.0,0.5445859872611465,NATURAL_GAS_BLOCK,TOTAL,17327,0,2277,33314,49890,0.28495097219325216,0.5224641630370329,0.03785339507999668,1609.395389857687,0.7077268271222386,MEDIUM,MEDIUM,MEDIUM,5,COST_BASED,COST_BASED,false,false
1,baseline,1,2031,0.0,0.5445859872611465,NATURAL_GAS_BLOCK,TOTAL,14860,0,2467,33314,51836,0.28645683211645334,0.5201359365812178,0.032520024669284886,1594.3491974689405,0.7045246937590438,MEDIUM,MEDIUM,MEDIUM,5,COST_BASED,COST_BASED,false,false
1,baseline,1,2032,0.0,0.5445859872611465,NATURAL_GAS_BLOCK,TOTAL,12356,0,2504,33314,51226,0.28790968634828873,0.5277057057709865,0.027089592298627067,1595.4567602389411,0.716194938032079,MEDIUM,MEDIUM,MEDIUM,5,COST_BASED,COST_BASED,false,false
1,baseline,1,2033,0.0,0.5445859872611465,NATURAL_GAS_BLOCK,TOTAL,9855,0,2501,33314,49290,0.28548883837490235,0.5180854998338872,0.022277109845715223,1606.341387705417,0.7029714014263795,MEDIUM,MEDIUM,MEDIUM,5,COST_BASED,COST_BASED,false,false
1,baseline,1,2034,0.0,0.5445859872611465,NATURAL_GAS_BLOCK,TOTAL,5806,0,4049,33314,50428,0.2861718988784893,0.5220220293153134,0.015674226183987103,1564.7935670659158,0.7095307909803489,MEDIUM,MEDIUM,MEDIUM,5,COST_BASED,COST_BASED,false,false
1,baseline,1,2035,0.0,0.5445859872611465,NATURAL_GAS_BLOCK,TOTAL,2347,0,3459,33314,53423,0.2863815706663638,0.521536584427421,0.00831102086463589,1561.4188458154727,0.7096706063664493,MEDIUM,MEDIUM,MEDIUM,5,COST_BASED,COST_BASED,false,false
1,baseline,1,2036,0.0,0.5445859872611465,NATURAL_GAS_BLOCK,TOTAL,2,0,2345,33314,46570,0.28458532381602486,0.5138644802726964,0.0025281435559553877,1615.0784195834228,0.6993343715105401,MEDIUM,MEDIUM,MEDIUM,5,COST_BASED,COST_BASED,false,false
1,baseline,1,2037,0.0,0.5445859872611465,NATURAL_GAS_BLOCK,TOTAL,2,0,0,33314,26632,0.34118593807896364,0.5155566819419065,9.785046536081345E-6,1467.500413036948,0.6880373152623064,MEDIUM,MEDIUM,MEDIUM,5,COST_BASED,COST_BASED,false,false
1,baseline,1,2038,0.0,0.5445859872611465,NATURAL_GAS_BLOCK,TOTAL,0,0,2,33314,19440,0.355124259533754,0.5186355489012512,6.61319238377719E-6,1518.316975308642,0.6891714318193877,MEDIUM,MEDIUM,MEDIUM,5,COST_BASED,COST_BASED,false,false
1,baseline,1,2039,0.0,0.5445859872611465,NATURAL_GAS_BLOCK,TOTAL,0,0,0,33314,16706,0.37891744967863267,0.5367092110073275,0.0,1560.0623129414582,0.7103344540913367,MEDIUM,MEDIUM,MEDIUM,5,COST_BASED,COST_BASED,false,false
1,baseline,1,2040,0.0,0.5445859872611465,NATURAL_GAS_BLOCK,TOTAL,0,0,0,33314,23779,0.27506121785981524,0.5079869830862022,0.0,1682.42302031204,0.6932151701643514,MEDIUM,MEDIUM,MEDIUM,5,COST_BASED,COST_BASED,false,false
1,baseline,1,2041,0.0,0.5445859872611465,NATURAL_GAS_BLOCK,TOTAL,0,0,0,33314,27687,0.28459284102088234,0.50990718961201,0.0,1734.7796077581536,0.6937125741627965,MEDIUM,MEDIUM,MEDIUM,5,COST_BASED,COST_BASED,false,false
1,baseline,1,2042,0.0,0.5445859872611465,NATURAL_GAS_BLOCK,TOTAL,0,0,0,33314,27484,0.2678614727720532,0.5154916521093783,0.0,1714.5141173046136,0.70627210997106,MEDIUM,MEDIUM,MEDIUM,5,COST_BASED,COST_BASED,false,false
1,baseline,1,2043,0.0,0.5445859872611465,NATURAL_GAS_BLOCK,TOTAL,0,0,0,33314,31536,0.26815041548486496,0.49715846112907436,0.0,1685.3308916793505,0.6787000878223979,MEDIUM,MEDIUM,MEDIUM,5,COST_BASED,COST_BASED,false,false
1,baseline,1,2044,0.0,0.5445859872611465,NATURAL_GAS_BLOCK,TOTAL,0,0,0,33314,28032,0.2570574228685394,0.5082486677833613,0.0,1713.400399543379,0.6981086459579148,MEDIUM,MEDIUM,MEDIUM,5,COST_BASED,COST_BASED,false,false
1,baseline,1,2045,0.0,0.5445859872611465,NATURAL_GAS_BLOCK,TOTAL,0,0,0,33314,29063,0.25075578356727524,0.5093658044823484,0.0,1692.27375012903,0.7013597608317097,MEDIUM,MEDIUM,MEDIUM,5,COST_BASED,COST_BASED,false,false
1,baseline,1,2046,0.0,0.5445859872611465,NATURAL_GAS_BLOCK,TOTAL,0,0,0,33314,33597,0.2682600321930516,0.5142924205555859,0.0,1670.9557698604042,0.704373622785112,MEDIUM,MEDIUM,MEDIUM,5,COST_BASED,COST_BASED,false,false
1,baseline,1,2047,0.0,0.5445859872611465,NATURAL_GAS_BLOCK,TOTAL,0,0,0,33314,32637,0.26649204736156173,0.519099792615249,0.0,1633.2938689217758,0.7120266770824845,MEDIUM,MEDIUM,MEDIUM,5,COST_BASED,COST_BASED,false,false
1,baseline,1,2048,0.0,0.5445859872611465,NATURAL_GAS_BLOCK,TOTAL,0,0,0,33314,32784,0.26987952769127016,0.5151854649307395,0.0,1682.1639214250854,0.7053083154732865,MEDIUM,MEDIUM,MEDIUM,5,COST_BASED,COST_BASED,false,false
1,baseline,1,2049,0.0,0.5445859872611465,NATURAL_GAS_BLOCK,TOTAL,0,0,0,33314,34026,0.2684962299054221,0.5162863324787426,0.0,1633.348968435902,0.7073054412417632,MEDIUM,MEDIUM,MEDIUM,5,COST_BASED,COST_BASED,false,false
1,baseline,1,2050,0.0,0.5445859872611465,NATURAL_GAS_BLOCK,TOTAL,0,0,0,33314,35825,0.27549480962456563,0.517001136067941,0.0,1635.7271179344034,0.7066280016957633,MEDIUM,MEDIUM,MEDIUM,5,COST_BASED,COST_BASED,false,false
1,baseline,1,2024,0.0,0.0,NATURAL_GAS_BLOCK,PRIVATELY_OWNED,20317,20317,0,20317,0,0.0,0.0,0.0,0.0,0.0,MEDIUM,MEDIUM,MEDIUM,5,COST_BASED,COST_BASED,false,false
1,baseline,1,2025,0.0,0.13800424628450106,NATURAL_GAS_BLOCK,PRIVATELY_OWNED,18625,0,1692,20317,33205,0.2841858297306099,0.5182372110981258,0.0664961428279966,1697.9476283692215,0.6979973413610362,MEDIUM,MEDIUM,MEDIUM,5,COST_BASED,COST_BASED,false,false
1,baseline,1,2026,0.0,0.13800424628450106,NATURAL_GAS_BLOCK,PRIVATELY_OWNED,17070,2,1557,20319,33357,0.2852733324961821,0.518268977773675,0.06002893937841597,1704.6002338339779,0.6985815161141605,MEDIUM,MEDIUM,MEDIUM,5,COST_BASED,COST_BASED,false,false
1,baseline,1,2027,0.0,0.13800424628450106,NATURAL_GAS_BLOCK,PRIVATELY_OWNED,15521,0,1549,20319,33669,0.28430725882806274,0.5198716964213661,0.0552045404386675,1701.6402328551487,0.7018301623701888,MEDIUM,MEDIUM,MEDIUM,5,COST_BASED,COST_BASED,false,false
1,baseline,1,2028,0.0,0.13800424628450106,NATURAL_GAS_BLOCK,PRIVATELY_OWNED,13838,0,1683,20319,34474,0.28519587389780227,0.5091640157351163,0.05010143650770534,1691.4163427510587,0.6861843755647589,MEDIUM,MEDIUM,MEDIUM,5,COST_BASED,COST_BASED,false,false
1,baseline,1,2029,0.0,0.13800424628450106,NATURAL_GAS_BLOCK,PRIVATELY_OWNED,12138,0,1700,20319,34650,0.28590345816991913,0.5184337840343182,0.04379719046747056,1691.493391053391,0.7007001627005721,MEDIUM,MEDIUM,MEDIUM,5,COST_BASED,COST_BASED,false,false
1,baseline,1,2030,0.0,0.5445859872611465,NATURAL_GAS_BLOCK,PRIVATELY_OWNED,10515,0,1623,20319,34506,0.28495097219325216,0.5224641630370329,0.03785339507999668,1691.9466179794817,0.7077268271222386,MEDIUM,MEDIUM,MEDIUM,5,COST_BASED,COST_BASED,false,false
1,baseline,1,2031,0.0,0.5445859872611465,NATURAL_GAS_BLOCK,PRIVATELY_OWNED,8895,0,1620,20319,35332,0.28645683211645334,0.5201359365812178,0.032520024669284886,1677.2550096230048,0.7045246937590438,MEDIUM,MEDIUM,MEDIUM,5,COST_BASED,COST_BASED,false,false
1,baseline,1,2032,0.0,0.5445859872611465,NATURAL_GAS_BLOCK,PRIVATELY_OWNED,7313,0,1582,20319,34718,0.28790968634828873,0.5277057057709865,0.027089592298627067,1676.731436142635,0.716194938032079,MEDIUM,MEDIUM,MEDIUM,5,COST_BASED,COST_BASED,false,false
1,baseline,1,2033,0.0,0.5445859872611465,NATURAL_GAS_BLOCK,PRIVATELY_OWNED,5692,0,1621,20319,34314,0.28548883837490235,0.5180854998338872,0.022277109845715223,1690.4499621145887,0.7029714014263795,MEDIUM,MEDIUM,MEDIUM,5,COST_BASED,COST_BASED,false,false
1,baseline,1,2034,0.0,0.5445859872611465,NATURAL_GAS_BLOCK,PRIVATELY_OWNED,3536,0,2156,20319,36449,0.2861718988784893,0.5220220293153134,0.015674226183987103,1632.4099426596065,0.7095307909803489,MEDIUM,MEDIUM,MEDIUM,5,COST_BASED,COST_BASED,false,false
1,baseline,1,2035,0.0,0.5445859872611465,NATURAL_GAS_BLOCK,PRIVATELY_OWNED,1429,0,2107,20319,37088,0.2863815706663638,0.521536584427421,0.00831102086463589,1629.1961011647973,0.7096706063664493,MEDIUM,MEDIUM,MEDIUM,5,COST_BASED,COST_BASED,false,false
1,baseline,1,2036,0.0,0.5445859872611465,NATURAL_GAS_BLOCK,PRIVATELY_OWNED,2,0,1427,20319,33586,0.28458532381602486,0.5138644802726964,0.0025281435559553877,1683.6637587089858,0.6993343715105401,MEDIUM,MEDIUM,MEDIUM,5,COST_BASED,COST_BASED,false,false
1,baseline,1,2037,0.0,0.5445859872611465,NATURAL_GAS_BLOCK,PRIVATELY_OWNED,2,0,0,20319,21958,0.34118593807896364,0.5155566819419065,9.785046536081345E-6,1544.1855815648055,0.6880373152623064,MEDIUM,MEDIUM,MEDIUM,5,COST_BASED,COST_BASED,false,false
1,baseline,1,2038,0.0,0.5445859872611465,NATURAL_GAS_BLOCK,PRIVATELY_OWNED,0,0,2,20319,17644,0.355124259533754,0.5186355489012512,6.61319238377719E-6,1546.754987531172,0.6891714318193877,MEDIUM,MEDIUM,MEDIUM,5,COST_BASED,COST_BASED,false,false
1,baseline,1,2039,0.0,0.5445859872611465,NATURAL_GAS_BLOCK,PRIVATELY_OWNED,0,0,0,20319,14482,0.37891744967863267,0.5367092110073275,0.0,1617.2844910923905,0.7103344540913367,MEDIUM,MEDIUM,MEDIUM,5,COST_BASED,COST_BASED,false,false
1,baseline,1,2040,0.0,0.5445859872611465,NATURAL_GAS_BLOCK,PRIVATELY_OWNED,0,0,0,20319,21972,0.27506121785981524,0.5079869830862022,0.0,1734.648234116148,0.6932151701643514,MEDIUM,MEDIUM,MEDIUM,5,COST_BASED,COST_BASED,false,false
1,baseline,1,2041,0.0,0.5445859872611465,NATURAL_GAS_BLOCK,PRIVATELY_OWNED,0,0,0,20319,26884,0.28459284102088234,0.50990718961201,0.0,1750.1389302187174,0.6937125741627965,MEDIUM,MEDIUM,MEDIUM,5,COST_BASED,COST_BASED,false,false
1,baseline,1,2042,0.0,0.5445859872611465,NATURAL_GAS_BLOCK,PRIVATELY_OWNED,0,0,0,20319,26275,0.2678614727720532,0.5154916521093783,0.0,1738.5866032350143,0.70627210997106,MEDIUM,MEDIUM,MEDIUM,5,COST_BASED,COST_BASED,false,false
1,baseline,1,2043,0.0,0.5445859872611465,NATURAL_GAS_BLOCK,PRIVATELY_OWNED,0,0,0,20319,28456,0.26815041548486496,0.49715846112907436,0.0,1749.237489457408,0.6787000878223979,MEDIUM,MEDIUM,MEDIUM,5,COST_BASED,COST_BASED,false,false
1,baseline,1,2044,0.0,0.5445859872611465,NATURAL_GAS_BLOCK,PRIVATELY_OWNED,0,0,0,20319,27614,0.2570574228685394,0.5082486677833613,0.0,1719.9478525385673,0.6981086459579148,MEDIUM,MEDIUM,MEDIUM,5,COST_BASED,COST_BASED,false,false
1,baseline,1,2045,0.0,0.5445859872611465,NATURAL_GAS_BLOCK,PRIVATELY_OWNED,0,0,0,20319,27274,0.25075578356727524,0.5093658044823484,0.0,1714.6452298892718,0.7013597608317097,MEDIUM,MEDIUM,MEDIUM,5,COST_BASED,COST_BASED,false,false
1,baseline,1,2046,0.0,0.5445859872611465,NATURAL_GAS_BLOCK,PRIVATELY_OWNED,0,0,0,20319,31223,0.2682600321930516,0.5142924205555859,0.0,1706.1875860743683,0.704373622785112,MEDIUM,MEDIUM,MEDIUM,5,COST_BASED,COST_BASED,false,false
1,baseline,1,2047,0.0,0.5445859872611465,NATURAL_GAS_BLOCK,PRIVATELY_OWNED,0,0,0,20319,30832,0.26649204736156173,0.519099792615249,0.0,1677.619291645044,0.7120266770824845,MEDIUM,MEDIUM,MEDIUM,5,COST_BASED,COST_BASED,false,false
1,baseline,1,2048,0.0,0.5445859872611465,NATURAL_GAS_BLOCK,PRIVATELY_OWNED,0,0,0,20319,32202,0.26987952769127016,0.5151854649307395,0.0,1692.147847959754,0.7053083154732865,MEDIUM,MEDIUM,MEDIUM,5,COST_BASED,COST_BASED,false,false
1,baseline,1,2049,0.0,0.5445859872611465,NATURAL_GAS_BLOCK,PRIVATELY_OWNED,0,0,0,20319,33375,0.2684962299054221,0.5162863324787426,0.0,1639.98597752809,0.7073054412417632,MEDIUM,MEDIUM,MEDIUM,5,COST_BASED,COST_BASED,false,false
1,baseline,1,2050,0.0,0.5445859872611465,NATURAL_GAS_BLOCK,PRIVATELY_OWNED,0,0,0,20319,35429,0.27549480962456563,0.517001136067941,0.0,1640.5394733128228,0.7066280016957633,MEDIUM,MEDIUM,MEDIUM,5,COST_BASED,COST_BASED,false,false
1,baseline,1,2024,0.0,0.0,NATURAL_GAS_BLOCK,SOCIAL_HOUSING,7714,7714,0,7714,0,0.0,0.0,0.0,0.0,0.0,MEDIUM,MEDIUM,MEDIUM,5,COST_BASED,COST_BASED,false,false
1,baseline,1,2025,0.0,0.13800424628450106,NATURAL_GAS_BLOCK,SOCIAL_HOUSING,7015,0,699,7714,5098,0.0,0.0,0.0,1348.0392310710083,0.0,MEDIUM,MEDIUM,MEDIUM,5,COST_BASED,COST_BASED,false,false
1,baseline,1,2026,0.0,0.13800424628450106,NATURAL_GAS_BLOCK,SOCIAL_HOUSING,6117,0,898,7714,10620,0.0,0.0,0.0,1337.8846516007534,0.0,MEDIUM,MEDIUM,MEDIUM,5,COST_BASED,COST_BASED,false,false
1,baseline,1,2027,0.0,0.13800424628450106,NATURAL_GAS_BLOCK,SOCIAL_HOUSING,5407,0,710,7714,9647,0.0,0.0,0.0,1377.3652949103348,0.0,MEDIUM,MEDIUM,MEDIUM,5,COST_BASED,COST_BASED,false,false
1,baseline,1,2028,0.0,0.13800424628450106,NATURAL_GAS_BLOCK,SOCIAL_HOUSING,4597,0,810,7714,10404,0.0,0.0,0.0,1377.0249903883123,0.0,MEDIUM,MEDIUM,MEDIUM,5,COST_BASED,COST_BASED,false,false
1,baseline,1,2029,0.0,0.13800424628450106,NATURAL_GAS_BLOCK,SOCIAL_HOUSING,4340,0,257,7714,7336,0.0,0.0,0.0,1417.806570338059,0.0,MEDIUM,MEDIUM,MEDIUM,5,COST_BASED,COST_BASED,false,false
1,baseline,1,2030,0.0,0.5445859872611465,NATURAL_GAS_BLOCK,SOCIAL_HOUSING,4074,0,266,7714,8699,0.0,0.0,0.0,1398.5693757903207,0.0,MEDIUM,MEDIUM,MEDIUM,5,COST_BASED,COST_BASED,false,false
1,baseline,1,2031,0.0,0.5445859872611465,NATURAL_GAS_BLOCK,SOCIAL_HOUSING,3611,0,463,7714,9810,0.0,0.0,0.0,1404.6261977573904,0.0,MEDIUM,MEDIUM,MEDIUM,5,COST_BASED,COST_BASED,false,false
1,baseline,1,2032,0.0,0.5445859872611465,NATURAL_GAS_BLOCK,SOCIAL_HOUSING,3154,0,457,7714,9746,0.0,0.0,0.0,1414.2812435871126,0.0,MEDIUM,MEDIUM,MEDIUM,5,COST_BASED,COST_BASED,false,false
1,baseline,1,2033,0.0,0.5445859872611465,NATURAL_GAS_BLOCK,SOCIAL_HOUSING,2828,0,326,7714,8075,0.0,0.0,0.0,1392.252507739938,0.0,MEDIUM,MEDIUM,MEDIUM,5,COST_BASED,COST_BASED,false,false
1,baseline,1,2034,0.0,0.5445859872611465,NATURAL_GAS_BLOCK,SOCIAL_HOUSING,1432,0,1396,7714,7443,0.0,0.0,0.0,1345.54023915088,0.0,MEDIUM,MEDIUM,MEDIUM,5,COST_BASED,COST_BASED,false,false
1,baseline,1,2035,0.0,0.5445859872611465,NATURAL_GAS_BLOCK,SOCIAL_HOUSING,511,0,921,7714,9722,0.0,0.0,0.0,1379.5746759925942,0.0,MEDIUM,MEDIUM,MEDIUM,5,COST_BASED,COST_BASED,false,false
1,baseline,1,2036,0.0,0.5445859872611465,NATURAL_GAS_BLOCK,SOCIAL_HOUSING,0,0,511,7714,6385,0.0,0.0,0.0,1420.610806577917,0.0,MEDIUM,MEDIUM,MEDIUM,5,COST_BASED,COST_BASED,false,false
1,baseline,1,2037,0.0,0.5445859872611465,NATURAL_GAS_BLOCK,SOCIAL_HOUSING,0,0,0,7714,3741,0.0,0.0,0.0,1056.031809676557,0.0,MEDIUM,MEDIUM,MEDIUM,5,COST_BASED,COST_BASED,false,false
1,baseline,1,2038,0.0,0.5445859872611465,NATURAL_GAS_BLOCK,SOCIAL_HOUSING,0,0,0,7714,765,0.0,0.0,0.0,1221.3882352941177,0.0,MEDIUM,MEDIUM,MEDIUM,5,COST_BASED,COST_BASED,false,false
1,baseline,1,2039,0.0,0.5445859872611465,NATURAL_GAS_BLOCK,SOCIAL_HOUSING,0,0,0,7714,1248,0.0,0.0,0.0,1161.133012820513,0.0,MEDIUM,MEDIUM,MEDIUM,5,COST_BASED,COST_BASED,false,false
1,baseline,1,2040,0.0,0.5445859872611465,NATURAL_GAS_BLOCK,SOCIAL_HOUSING,0,0,0,7714,1467,0.0,0.0,0.0,979.7000681663259,0.0,MEDIUM,MEDIUM,MEDIUM,5,COST_BASED,COST_BASED,false,false
1,baseline,1,2041,0.0,0.5445859872611465,NATURAL_GAS_BLOCK,SOCIAL_HOUSING,0,0,0,7714,0,0.0,0.0,0.0,0.0,0.0,MEDIUM,MEDIUM,MEDIUM,5,COST_BASED,COST_BASED,false,false
1,baseline,1,2042,0.0,0.5445859872611465,NATURAL_GAS_BLOCK,SOCIAL_HOUSING,0,0,0,7714,577,0.0,0.0,0.0,1212.5961871750433,0.0,MEDIUM,MEDIUM,MEDIUM,5,COST_BASED,COST_BASED,false,false
1,baseline,1,2043,0.0,0.5445859872611465,NATURAL_GAS_BLOCK,SOCIAL_HOUSING,0,0,0,7714,2636,0.0,0.0,0.0,1076.7651745068285,0.0,MEDIUM,MEDIUM,MEDIUM,5,COST_BASED,COST_BASED,false,false
1,baseline,1,2044,0.0,0.5445859872611465,NATURAL_GAS_BLOCK,SOCIAL_HOUSING,0,0,0,7714,0,0.0,0.0,0.0,0.0,0.0,MEDIUM,MEDIUM,MEDIUM,5,COST_BASED,COST_BASED,false,false
1,baseline,1,2045,0.0,0.5445859872611465,NATURAL_GAS_BLOCK,SOCIAL_HOUSING,0,0,0,7714,1421,0.0,0.0,0.0,1365.2371569317381,0.0,MEDIUM,MEDIUM,MEDIUM,5,COST_BASED,COST_BASED,false,false
1,baseline,1,2046,0.0,0.5445859872611465,NATURAL_GAS_BLOCK,SOCIAL_HOUSING,0,0,0,7714,1862,0.0,0.0,0.0,1202.6331901181525,0.0,MEDIUM,MEDIUM,MEDIUM,5,COST_BASED,COST_BASED,false,false
1,baseline,1,2047,0.0,0.5445859872611465,NATURAL_GAS_BLOCK,SOCIAL_HOUSING,0,0,0,7714,1460,0.0,0.0,0.0,774.0671232876713,0.0,MEDIUM,MEDIUM,MEDIUM,5,COST_BASED,COST_BASED,false,false
1,baseline,1,2048,0.0,0.5445859872611465,NATURAL_GAS_BLOCK,SOCIAL_HOUSING,0,0,0,7714,0,0.0,0.0,0.0,0.0,0.0,MEDIUM,MEDIUM,MEDIUM,5,COST_BASED,COST_BASED,false,false
1,baseline,1,2049,0.0,0.5445859872611465,NATURAL_GAS_BLOCK,SOCIAL_HOUSING,0,0,0,7714,258,0.0,0.0,0.0,1312.4108527131782,0.0,MEDIUM,MEDIUM,MEDIUM,5,COST_BASED,COST_BASED,false,false
1,baseline,1,2050,0.0,0.5445859872611465,NATURAL_GAS_BLOCK,SOCIAL_HOUSING,0,0,0,7714,0,0.0,0.0,0.0,0.0,0.0,MEDIUM,MEDIUM,MEDIUM,5,COST_BASED,COST_BASED,false,false
1,baseline,1,2024,0.0,0.0,NATURAL_GAS_BLOCK,PRIVATELY_RENTED,5281,5281,0,5281,0,0.0,0.0,0.0,0.0,0.0,MEDIUM,MEDIUM,MEDIUM,5,COST_BASED,COST_BASED,false,false
1,baseline,1,2025,0.0,0.13800424628450106,NATURAL_GAS_BLOCK,PRIVATELY_RENTED,4823,0,458,5281,6789,0.0,0.0,0.0,1436.9864486669612,0.0,MEDIUM,MEDIUM,MEDIUM,5,COST_BASED,COST_BASED,false,false
1,baseline,1,2026,0.0,0.13800424628450106,NATURAL_GAS_BLOCK,PRIVATELY_RENTED,4349,0,474,5281,6821,0.0,0.0,0.0,1439.8954698724526,0.0,MEDIUM,MEDIUM,MEDIUM,5,COST_BASED,COST_BASED,false,false
1,baseline,1,2027,0.0,0.13800424628450106,NATURAL_GAS_BLOCK,PRIVATELY_RENTED,3938,0,411,5281,6756,0.0,0.0,0.0,1442.9357608052103,0.0,MEDIUM,MEDIUM,MEDIUM,5,COST_BASED,COST_BASED,false,false
1,baseline,1,2028,0.0,0.13800424628450106,NATURAL_GAS_BLOCK,PRIVATELY_RENTED,3507,0,431,5281,6881,0.0,0.0,0.0,1427.7468391222205,0.0,MEDIUM,MEDIUM,MEDIUM,5,COST_BASED,COST_BASED,false,false
1,baseline,1,2029,0.0,0.13800424628450106,NATURAL_GAS_BLOCK,PRIVATELY_RENTED,3126,0,381,5281,6592,0.0,0.0,0.0,1456.1800667475727,0.0,MEDIUM,MEDIUM,MEDIUM,5,COST_BASED,COST_BASED,false,false
1,baseline,1,2030,0.0,0.5445859872611465,NATURAL_GAS_BLOCK,PRIVATELY_RENTED,2738,0,388,5281,6685,0.0,0.0,0.0,1457.6321615557217,0.0,MEDIUM,MEDIUM,MEDIUM,5,COST_BASED,COST_BASED,false,false
1,baseline,1,2031,0.0,0.5445859872611465,NATURAL_GAS_BLOCK,PRIVATELY_RENTED,2354,0,384,5281,6694,0.0,0.0,0.0,1434.79653420974,0.0,MEDIUM,MEDIUM,MEDIUM,5,COST_BASED,COST_BASED,false,false
1,baseline,1,2032,0.0,0.5445859872611465,NATURAL_GAS_BLOCK,PRIVATELY_RENTED,1889,0,465,5281,6762,0.0,0.0,0.0,1439.296214137829,0.0,MEDIUM,MEDIUM,MEDIUM,5,COST_BASED,COST_BASED,false,false
1,baseline,1,2033,0.0,0.5445859872611465,NATURAL_GAS_BLOCK,PRIVATELY_RENTED,1335,0,554,5281,6901,0.0,0.0,0.0,1438.6361396899001,0.0,MEDIUM,MEDIUM,MEDIUM,5,COST_BASED,COST_BASED,false,false
1,baseline,1,2034,0.0,0.5445859872611465,NATURAL_GAS_BLOCK,PRIVATELY_RENTED,838,0,497,5281,6536,0.0,0.0,0.0,1437.3996328029375,0.0,MEDIUM,MEDIUM,MEDIUM,5,COST_BASED,COST_BASED,false,false
1,baseline,1,2035,0.0,0.5445859872611465,NATURAL_GAS_BLOCK,PRIVATELY_RENTED,407,0,431,5281,6613,0.0,0.0,0.0,1448.6358687433842,0.0,MEDIUM,MEDIUM,MEDIUM,5,COST_BASED,COST_BASED,false,false
1,baseline,1,2036,0.0,0.5445859872611465,NATURAL_GAS_BLOCK,PRIVATELY_RENTED,0,0,407,5281,6599,0.0,0.0,0.0,1454.1704803758146,0.0,MEDIUM,MEDIUM,MEDIUM,5,COST_BASED,COST_BASED,false,false
1,baseline,1,2037,0.0,0.5445859872611465,NATURAL_GAS_BLOCK,PRIVATELY_RENTED,0,0,0,5281,933,0.0,0.0,0.0,1312.5712754555198,0.0,MEDIUM,MEDIUM,MEDIUM,5,COST_BASED,COST_BASED,false,false
1,baseline,1,2038,0.0,0.5445859872611465,NATURAL_GAS_BLOCK,PRIVATELY_RENTED,0,0,0,5281,1031,0.0,0.0,0.0,1251.964112512124,0.0,MEDIUM,MEDIUM,MEDIUM,5,COST_BASED,COST_BASED,false,false
1,baseline,1,2039,0.0,0.5445859872611465,NATURAL_GAS_BLOCK,PRIVATELY_RENTED,0,0,0,5281,976,0.0,0.0,0.0,1221.0993852459017,0.0,MEDIUM,MEDIUM,MEDIUM,5,COST_BASED,COST_BASED,false,false
1,baseline,1,2040,0.0,0.5445859872611465,NATURAL_GAS_BLOCK,PRIVATELY_RENTED,0,0,0,5281,340,0.0,0.0,0.0,1339.4882352941177,0.0,MEDIUM,MEDIUM,MEDIUM,5,COST_BASED,COST_BASED,false,false
1,baseline,1,2041,0.0,0.5445859872611465,NATURAL_GAS_BLOCK,PRIVATELY_RENTED,0,0,0,5281,803,0.0,0.0,0.0,1220.5579078455792,0.0,MEDIUM,MEDIUM,MEDIUM,5,COST_BASED,COST_BASED,false,false
1,baseline,1,2042,0.0,0.5445859872611465,NATURAL_GAS_BLOCK,PRIVATELY_RENTED,0,0,0,5281,632,0.0,0.0,0.0,1171.9541139240507,0.0,MEDIUM,MEDIUM,MEDIUM,5,COST_BASED,COST_BASED,false,false
1,baseline,1,2043,0.0,0.5445859872611465,NATURAL_GAS_BLOCK,PRIVATELY_RENTED,0,0,0,5281,444,0.0,0.0,0.0,1202.5675675675675,0.0,MEDIUM,MEDIUM,MEDIUM,5,COST_BASED,COST_BASED,false,false
1,baseline,1,2044,0.0,0.5445859872611465,NATURAL_GAS_BLOCK,PRIVATELY_RENTED,0,0,0,5281,418,0.0,0.0,0.0,1280.8612440191387,0.0,MEDIUM,MEDIUM,MEDIUM,5,COST_BASED,COST_BASED,false,false
1,baseline,1,2045,0.0,0.5445859872611465,NATURAL_GAS_BLOCK,PRIVATELY_RENTED,0,0,0,5281,368,0.0,0.0,0.0,1297.054347826087,0.0,MEDIUM,MEDIUM,MEDIUM,5,COST_BASED,COST_BASED,false,false
1,baseline,1,2046,0.0,0.5445859872611465,NATURAL_GAS_BLOCK,PRIVATELY_RENTED,0,0,0,5281,512,0.0,0.0,0.0,1225.591796875,0.0,MEDIUM,MEDIUM,MEDIUM,5,COST_BASED,COST_BASED,false,false
1,baseline,1,2047,0.0,0.5445859872611465,NATURAL_GAS_BLOCK,PRIVATELY_RENTED,0,0,0,5281,345,0.0,0.0,0.0,1308.1623188405797,0.0,MEDIUM,MEDIUM,MEDIUM,5,COST_BASED,COST_BASED,false,false
1,baseline,1,2048,0.0,0.5445859872611465,NATURAL_GAS_BLOCK,PRIVATELY_RENTED,0,0,0,5281,582,0.0,0.0,0.0,1129.754295532646,0.0,MEDIUM,MEDIUM,MEDIUM,5,COST_BASED,COST_BASED,false,false
1,baseline,1,2049,0.0,0.5445859872611465,NATURAL_GAS_BLOCK,PRIVATELY_RENTED,0,0,0,5281,393,0.0,0.0,0.0,1280.4020356234096,0.0,MEDIUM,MEDIUM,MEDIUM,5,COST_BASED,COST_BASED,false,false
1,baseline,1,2050,0.0,0.5445859872611465,NATURAL_GAS_BLOCK,PRIVATELY_RENTED,0,0,0,5281,396,0.0,0.0,0.0,1205.1792929292928,0.0,MEDIUM,MEDIUM,MEDIUM,5,COST_BASED,COST_BASED,false,false
1,baseline,1,2024,0.0,0.0,DISTRICT_HEATING,TOTAL,83607,83607,0,83607,0,0.0,0.0,0.0,0.0,0.0,MEDIUM,MEDIUM,MEDIUM,5,COST_BASED,COST_BASED,false,false
1,baseline,1,2025,0.0,0.13800424628450106,DISTRICT_HEATING,TOTAL,84839,3013,1781,86620,45092,0.7649208056647435,0.6075833454184966,0.1335134043673581,1812.7304178124723,0.7034556411656503,MEDIUM,MEDIUM,MEDIUM,5,COST_BASED,COST_BASED,false,false
1,baseline,1,2026,0.0,0.13800424628450106,DISTRICT_HEATING,TOTAL,85434,3228,2633,89848,50798,0.7648365519366266,0.608903495743507,0.1429511229556392,1781.7492224103312,0.7042772152616551,MEDIUM,MEDIUM,MEDIUM,5,COST_BASED,COST_BASED,false,false
1,baseline,1,2027,0.0,0.13800424628450106,DISTRICT_HEATING,TOTAL,85789,2920,2565,92768,50072,0.764718958972736,0.611195681617784,0.14690708740169423,1794.2813947915001,0.7072503967582846,MEDIUM,MEDIUM,MEDIUM,5,COST_BASED,COST_BASED,false,false
1,baseline,1,2028,0.0,0.13800424628450106,DISTRICT_HEATING,TOTAL,85886,2827,2730,95595,51759,0.7652046329929849,0.6014861121061996,0.14992069295849875,1781.3534650978575,0.6921879232912388,MEDIUM,MEDIUM,MEDIUM,5,COST_BASED,COST_BASED,false,false
1,baseline,1,2029,0.0,0.13800424628450106,DISTRICT_HEATING,TOTAL,86651,2716,1951,98311,48578,0.7659050046475299,0.611812128509149,0.15836579694881325,1808.9357322244637,0.7064462169832393,MEDIUM,MEDIUM,MEDIUM,5,COST_BASED,COST_BASED,false,false
1,baseline,1,2030,0.0,0.5445859872611465,DISTRICT_HEATING,TOTAL,88151,4558,3058,102869,49890,0.7650690377156951,0.6164455406930911,0.15963333987749462,1798.4513128883543,0.7134468841260293,MEDIUM,MEDIUM,MEDIUM,5,COST_BASED,COST_BASED,false,false
1,baseline,1,2031,0.0,0.5445859872611465,DISTRICT_HEATING,TOTAL,88919,3953,3185,106822,51836,0.7660708356212917,0.6153855037909448,0.16641535758778062,1780.2725711860483,0.7107586270826247,MEDIUM,MEDIUM,MEDIUM,5,COST_BASED,COST_BASED,false,false
1,baseline,1,2032,0.0,0.5445859872611465,DISTRICT_HEATING,TOTAL,89388,3749,3280,110571,51226,0.7672963921034919,0.6231119161392197,0.17296764981738563,1780.6745793151915,0.721222819955791,MEDIUM,MEDIUM,MEDIUM,5,COST_BASED,COST_BASED,false,false
1,baseline,1,2033,0.0,0.5445859872611465,DISTRICT_HEATING,TOTAL,90242,2868,2014,113439,49290,0.7654653714763625,0.6138657499446825,0.17241929884007853,1792.8897139379185,0.7078798696929265,MEDIUM,MEDIUM,MEDIUM,5,COST_BASED,COST_BASED,false,false
1,baseline,1,2034,0.0,0.5445859872611465,DISTRICT_HEATING,TOTAL,91200,3585,2627,117024,50428,0.7658340209378822,0.6196023408408038,0.1889164587786952,1744.8849250416436,0.7143304486793864,MEDIUM,MEDIUM,MEDIUM,5,COST_BASED,COST_BASED,false,false
1,baseline,1,2035,0.0,0.5445859872611465,DISTRICT_HEATING,TOTAL,90753,2657,3104,119681,53423,0.7662099972176538,0.6192729464775265,0.183110490798636,1740.744978754469,0.7144681090620555,MEDIUM,MEDIUM,MEDIUM,5,COST_BASED,COST_BASED,false,false
1,baseline,1,2036,0.0,0.5445859872611465,DISTRICT_HEATING,TOTAL,89738,2686,3701,122367,46570,0.7651384924302168,0.6144667196458907,0.19861920298091887,1801.0375563667596,0.7055880559886696,MEDIUM,MEDIUM,MEDIUM,5,COST_BASED,COST_BASED,false,false
1,baseline,1,2037,0.0,0.5445859872611465,DISTRICT_HEATING,TOTAL,85338,1401,5801,123768,26632,0.8099327800068218,0.6144999669255002,0.18357696222457864,1629.464215980775,0.6963196351084749,MEDIUM,MEDIUM,MEDIUM,5,COST_BASED,COST_BASED,false,false
1,baseline,1,2038,0.0,0.5445859872611465,DISTRICT_HEATING,TOTAL,83840,1157,2655,124925,19440,0.8163527835576552,0.6160924130548235,0.17785676230011552,1688.2864197530864,0.6978183284053082,MEDIUM,MEDIUM,MEDIUM,5,COST_BASED,COST_BASED,false,false
1,baseline,1,2039,0.0,0.5445859872611465,DISTRICT_HEATING,TOTAL,81851,992,2981,125917,16706,0.835047751635986,0.6329692779145568,0.1761658798612342,1736.5847001077457,0.7186712439801827,MEDIUM,MEDIUM,MEDIUM,5,COST_BASED,COST_BASED,false,false
1,baseline,1,2040,0.0,0.5445859872611465,DISTRICT_HEATING,TOTAL,79635,711,2927,126628,23779,0.7477936346140854,0.6041853548922133,0.1458012577038101,1881.3197779553389,0.7011044664718233,MEDIUM,MEDIUM,MEDIUM,5,COST_BASED,COST_BASED,false,false
1,baseline,1,2041,0.0,0.5445859872611465,DISTRICT_HEATING,TOTAL,78542,967,2060,127595,27687,0.7605085127970895,0.6072842361551982,0.1550675244618545,1939.9228879979773,0.7014157854757954,MEDIUM,MEDIUM,MEDIUM,5,COST_BASED,COST_BASED,false,false
1,baseline,1,2042,0.0,0.5445859872611465,DISTRICT_HEATING,TOTAL,76742,646,2446,128241,27484,0.7446293491371252,0.6115611553405723,0.13995537747850847,1915.9143137825645,0.7136899735417623,MEDIUM,MEDIUM,MEDIUM,5,COST_BASED,COST_BASED,false,false
1,baseline,1,2043,0.0,0.5445859872611465,DISTRICT_HEATING,TOTAL,73074,479,4147,128720,31536,0.7461340949221261,0.5933958274232817,0.1360670499256713,1882.695427447996,0.6865518361636838,MEDIUM,MEDIUM,MEDIUM,5,COST_BASED,COST_BASED,false,false
1,baseline,1,2044,0.0,0.5445859872611465,DISTRICT_HEATING,TOTAL,72152,523,1445,129243,28032,0.7357712684048962,0.6044651025380786,0.13834012736773907,1913.2924871575342,0.7054623207849208,MEDIUM,MEDIUM,MEDIUM,5,COST_BASED,COST_BASED,false,false
1,baseline,1,2045,0.0,0.5445859872611465,DISTRICT_HEATING,TOTAL,69680,522,2994,129765,29063,0.7311785473104243,0.6043694337946377,0.12042867302646995,1889.1993600110106,0.7087059297360371,MEDIUM,MEDIUM,MEDIUM,5,COST_BASED,COST_BASED,false,false
1,baseline,1,2046,0.0,0.5445859872611465,DISTRICT_HEATING,TOTAL,66568,534,3646,130299,33597,0.7483465442025021,0.6093690608529778,0.121779841045372,1864.8972527308986,0.7117444750981846,MEDIUM,MEDIUM,MEDIUM,5,COST_BASED,COST_BASED,false,false
1,baseline,1,2047,0.0,0.5445859872611465,DISTRICT_HEATING,TOTAL,63943,736,3361,131035,32637,0.7473564328051482,0.614351310217937,0.12561329443755367,1821.2730643135092,0.7189861953209319,MEDIUM,MEDIUM,MEDIUM,5,COST_BASED,COST_BASED,false,false
1,baseline,1,2048,0.0,0.5445859872611465,DISTRICT_HEATING,TOTAL,62522,637,2058,131672,32784,0.7525403374484144,0.6107107150555788,0.12282679364563855,1877.5253477306003,0.712577639015556,MEDIUM,MEDIUM,MEDIUM,5,COST_BASED,COST_BASED,false,false
1,baseline,1,2049,0.0,0.5445859872611465,DISTRICT_HEATING,TOTAL,61126,493,1889,132165,34026,0.7512231698659358,0.6108773812186276,0.11720749226878817,1821.0852583318638,0.7138593428278599,MEDIUM,MEDIUM,MEDIUM,5,COST_BASED,COST_BASED,false,false
1,baseline,1,2050,0.0,0.5445859872611465,DISTRICT_HEATING,TOTAL,60042,511,1595,132676,35825,0.7570323579059355,0.6115941104199264,0.12075155539961077,1824.2023168178644,0.7130391317284529,MEDIUM,MEDIUM,MEDIUM,5,COST_BASED,COST_BASED,false,false
1,baseline,1,2024,0.0,0.0,DISTRICT_HEATING,PRIVATELY_OWNED,44719,44719,0,44719,0,0.0,0.0,0.0,0.0,0.0,MEDIUM,MEDIUM,MEDIUM,5,COST_BASED,COST_BASED,false,false
1,baseline,1,2025,0.0,0.13800424628450106,DISTRICT_HEATING,PRIVATELY_OWNED,46464,3011,1266,47730,33205,0.7649208056647435,0.6075833454184966,0.1335134043673581,1903.6834512874568,0.7034556411656503,MEDIUM,MEDIUM,MEDIUM,5,COST_BASED,COST_BASED,false,false
1,baseline,1,2026,0.0,0.13800424628450106,DISTRICT_HEATING,PRIVATELY_OWNED,48255,3228,1437,50958,33357,0.7648365519366266,0.608903495743507,0.1429511229556392,1910.7922774829872,0.7042772152616551,MEDIUM,MEDIUM,MEDIUM,5,COST_BASED,COST_BASED,false,false
1,baseline,1,2027,0.0,0.13800424628450106,DISTRICT_HEATING,PRIVATELY_OWNED,49903,2920,1272,53878,33669,0.764718958972736,0.611195681617784,0.14690708740169423,1906.469809023137,0.7072503967582846,MEDIUM,MEDIUM,MEDIUM,5,COST_BASED,COST_BASED,false,false
1,baseline,1,2028,0.0,0.13800424628450106,DISTRICT_HEATING,PRIVATELY_OWNED,51243,2827,1487,56705,34474,0.7652046329929849,0.6014861121061996,0.14992069295849875,1894.701717236178,0.6921879232912388,MEDIUM,MEDIUM,MEDIUM,5,COST_BASED,COST_BASED,false,false
1,baseline,1,2029,0.0,0.13800424628450106,DISTRICT_HEATING,PRIVATELY_OWNED,52320,2716,1639,59421,34650,0.7659050046475299,0.611812128509149,0.15836579694881325,1893.3051948051948,0.7064462169832393,MEDIUM,MEDIUM,MEDIUM,5,COST_BASED,COST_BASED,false,false
1,baseline,1,2030,0.0,0.5445859872611465,DISTRICT_HEATING,PRIVATELY_OWNED,54959,4558,1919,63979,34506,0.7650690377156951,0.6164455406930911,0.15963333987749462,1893.6540022025156,0.7134468841260293,MEDIUM,MEDIUM,MEDIUM,5,COST_BASED,COST_BASED,false,false
1,baseline,1,2031,0.0,0.5445859872611465,DISTRICT_HEATING,PRIVATELY_OWNED,56649,3950,2260,67929,35332,0.7660708356212917,0.6153855037909448,0.16641535758778062,1875.9371674402807,0.7107586270826247,MEDIUM,MEDIUM,MEDIUM,5,COST_BASED,COST_BASED,false,false
1,baseline,1,2032,0.0,0.5445859872611465,DISTRICT_HEATING,PRIVATELY_OWNED,58899,3746,1496,71675,34718,0.7672963921034919,0.6231119161392197,0.17296764981738563,1874.4547208940608,0.721222819955791,MEDIUM,MEDIUM,MEDIUM,5,COST_BASED,COST_BASED,false,false
1,baseline,1,2033,0.0,0.5445859872611465,DISTRICT_HEATING,PRIVATELY_OWNED,60607,2863,1155,74538,34314,0.7654653714763625,0.6138657499446825,0.17241929884007853,1889.9649705659497,0.7078798696929265,MEDIUM,MEDIUM,MEDIUM,5,COST_BASED,COST_BASED,false,false
1,baseline,1,2034,0.0,0.5445859872611465,DISTRICT_HEATING,PRIVATELY_OWNED,62294,3581,1894,78119,36449,0.7658340209378822,0.6196023408408038,0.1889164587786952,1822.9941013470877,0.7143304486793864,MEDIUM,MEDIUM,MEDIUM,5,COST_BASED,COST_BASED,false,false
1,baseline,1,2035,0.0,0.5445859872611465,DISTRICT_HEATING,PRIVATELY_OWNED,63166,2651,1779,80770,37088,0.7662099972176538,0.6192729464775265,0.183110490798636,1819.016447368421,0.7144681090620555,MEDIUM,MEDIUM,MEDIUM,5,COST_BASED,COST_BASED,false,false
1,baseline,1,2036,0.0,0.5445859872611465,DISTRICT_HEATING,PRIVATELY_OWNED,63891,2682,1957,83452,33586,0.7651384924302168,0.6144667196458907,0.19861920298091887,1880.2630858095636,0.7055880559886696,MEDIUM,MEDIUM,MEDIUM,5,COST_BASED,COST_BASED,false,false
1,baseline,1,2037,0.0,0.5445859872611465,DISTRICT_HEATING,PRIVATELY_OWNED,63682,1401,1610,84853,21958,0.8099327800068218,0.6144999669255002,0.18357696222457864,1716.6944621550233,0.6963196351084749,MEDIUM,MEDIUM,MEDIUM,5,COST_BASED,COST_BASED,false,false
1,baseline,1,2038,0.0,0.5445859872611465,DISTRICT_HEATING,PRIVATELY_OWNED,63460,1157,1379,86010,17644,0.8163527835576552,0.6160924130548235,0.17785676230011552,1720.554409430968,0.6978183284053082,MEDIUM,MEDIUM,MEDIUM,5,COST_BASED,COST_BASED,false,false
1,baseline,1,2039,0.0,0.5445859872611465,DISTRICT_HEATING,PRIVATELY_OWNED,63367,992,1085,87002,14482,0.835047751635986,0.6329692779145568,0.1761658798612342,1801.702043916586,0.7186712439801827,MEDIUM,MEDIUM,MEDIUM,5,COST_BASED,COST_BASED,false,false
1,baseline,1,2040,0.0,0.5445859872611465,DISTRICT_HEATING,PRIVATELY_OWNED,62958,711,1120,87713,21972,0.7477936346140854,0.6041853548922133,0.1458012577038101,1940.8716548334244,0.7011044664718233,MEDIUM,MEDIUM,MEDIUM,5,COST_BASED,COST_BASED,false,false
1,baseline,1,2041,0.0,0.5445859872611465,DISTRICT_HEATING,PRIVATELY_OWNED,62667,966,1257,88679,26884,0.7605085127970895,0.6072842361551982,0.1550675244618545,1957.6114417497397,0.7014157854757954,MEDIUM,MEDIUM,MEDIUM,5,COST_BASED,COST_BASED,false,false
1,baseline,1,2042,0.0,0.5445859872611465,DISTRICT_HEATING,PRIVATELY_OWNED,62076,646,1237,89325,26275,0.7446293491371252,0.6115611553405723,0.13995537747850847,1943.4949571836346,0.7136899735417623,MEDIUM,MEDIUM,MEDIUM,5,COST_BASED,COST_BASED,false,false
1,baseline,1,2043,0.0,0.5445859872611465,DISTRICT_HEATING,PRIVATELY_OWNED,61487,478,1067,89803,28456,0.7461340949221261,0.5933958274232817,0.1360670499256713,1955.8334621872364,0.6865518361636838,MEDIUM,MEDIUM,MEDIUM,5,COST_BASED,COST_BASED,false,false
1,baseline,1,2044,0.0,0.5445859872611465,DISTRICT_HEATING,PRIVATELY_OWNED,60982,522,1027,90325,27614,0.7357712684048962,0.6044651025380786,0.13834012736773907,1920.8234953284566,0.7054623207849208,MEDIUM,MEDIUM,MEDIUM,5,COST_BASED,COST_BASED,false,false
1,baseline,1,2045,0.0,0.5445859872611465,DISTRICT_HEATING,PRIVATELY_OWNED,60299,522,1205,90847,27274,0.7311785473104243,0.6043694337946377,0.12042867302646995,1915.100461978441,0.7087059297360371,MEDIUM,MEDIUM,MEDIUM,5,COST_BASED,COST_BASED,false,false
1,baseline,1,2046,0.0,0.5445859872611465,DISTRICT_HEATING,PRIVATELY_OWNED,59560,533,1272,91380,31223,0.7483465442025021,0.6093690608529778,0.121779841045372,1905.1916535887005,0.7117444750981846,MEDIUM,MEDIUM,MEDIUM,5,COST_BASED,COST_BASED,false,false
1,baseline,1,2047,0.0,0.5445859872611465,DISTRICT_HEATING,PRIVATELY_OWNED,58740,736,1556,92116,30832,0.7473564328051482,0.614351310217937,0.12561329443755367,1872.0007135443695,0.7189861953209319,MEDIUM,MEDIUM,MEDIUM,5,COST_BASED,COST_BASED,false,false
1,baseline,1,2048,0.0,0.5445859872611465,DISTRICT_HEATING,PRIVATELY_OWNED,57901,637,1476,92753,32202,0.7525403374484144,0.6107107150555788,0.12282679364563855,1888.9462145208372,0.712577639015556,MEDIUM,MEDIUM,MEDIUM,5,COST_BASED,COST_BASED,false,false
1,baseline,1,2049,0.0,0.5445859872611465,DISTRICT_HEATING,PRIVATELY_OWNED,57155,492,1238,93245,33375,0.7512231698659358,0.6108773812186276,0.11720749226878817,1828.730936329588,0.7138593428278599,MEDIUM,MEDIUM,MEDIUM,5,COST_BASED,COST_BASED,false,false
1,baseline,1,2050,0.0,0.5445859872611465,DISTRICT_HEATING,PRIVATELY_OWNED,56466,510,1199,93755,35429,0.7570323579059355,0.6115941104199264,0.12075155539961077,1829.736204803974,0.7130391317284529,MEDIUM,MEDIUM,MEDIUM,5,COST_BASED,COST_BASED,false,false
1,baseline,1,2024,0.0,0.0,DISTRICT_HEATING,SOCIAL_HOUSING,26198,26198,0,26198,0,0.0,0.0,0.0,0.0,0.0,MEDIUM,MEDIUM,MEDIUM,5,COST_BASED,COST_BASED,false,false
1,baseline,1,2025,0.0,0.13800424628450106,DISTRICT_HEATING,SOCIAL_HOUSING,25979,0,219,26198,5098,0.0,0.0,0.0,1501.414672420557,0.0,MEDIUM,MEDIUM,MEDIUM,5,COST_BASED,COST_BASED,false,false
1,baseline,1,2026,0.0,0.13800424628450106,DISTRICT_HEATING,SOCIAL_HOUSING,25062,0,917,26198,10620,0.0,0.0,0.0,1490.2052730696798,0.0,MEDIUM,MEDIUM,MEDIUM,5,COST_BASED,COST_BASED,false,false
1,baseline,1,2027,0.0,0.13800424628450106,DISTRICT_HEATING,SOCIAL_HOUSING,24045,0,1017,26198,9647,0.0,0.0,0.0,1533.566808334197,0.0,MEDIUM,MEDIUM,MEDIUM,5,COST_BASED,COST_BASED,false,false
1,baseline,1,2028,0.0,0.13800424628450106,DISTRICT_HEATING,SOCIAL_HOUSING,23116,0,929,26198,10404,0.0,0.0,0.0,1532.420030757401,0.0,MEDIUM,MEDIUM,MEDIUM,5,COST_BASED,COST_BASED,false,false
1,baseline,1,2029,0.0,0.13800424628450106,DISTRICT_HEATING,SOCIAL_HOUSING,23116,0,0,26198,7336,0.0,0.0,0.0,1579.4881406761178,0.0,MEDIUM,MEDIUM,MEDIUM,5,COST_BASED,COST_BASED,false,false
1,baseline,1,2030,0.0,0.5445859872611465,DISTRICT_HEATING,SOCIAL_HOUSING,22396,0,720,26198,8699,0.0,0.0,0.0,1555.8081388665364,0.0,MEDIUM,MEDIUM,MEDIUM,5,COST_BASED,COST_BASED,false,false
1,baseline,1,2031,0.0,0.5445859872611465,DISTRICT_HEATING,SOCIAL_HOUSING,21875,0,521,26198,9810,0.0,0.0,0.0,1561.824260958206,0.0,MEDIUM,MEDIUM,MEDIUM,5,COST_BASED,COST_BASED,false,false
1,baseline,1,2032,0.0,0.5445859872611465,DISTRICT_HEATING,SOCIAL_HOUSING,20415,0,1460,26198,9746,0.0,0.0,0.0,1572.2794992817567,0.0,MEDIUM,MEDIUM,MEDIUM,5,COST_BASED,COST_BASED,false,false
1,baseline,1,2033,0.0,0.5445859872611465,DISTRICT_HEATING,SOCIAL_HOUSING,19847,0,568,26198,8075,0.0,0.0,0.0,1545.9616099071206,0.0,MEDIUM,MEDIUM,MEDIUM,5,COST_BASED,COST_BASED,false,false
1,baseline,1,2034,0.0,0.5445859872611465,DISTRICT_HEATING,SOCIAL_HOUSING,19576,0,271,26198,7443,0.0,0.0,0.0,1492.6439607685072,0.0,MEDIUM,MEDIUM,MEDIUM,5,COST_BASED,COST_BASED,false,false
1,baseline,1,2035,0.0,0.5445859872611465,DISTRICT_HEATING,SOCIAL_HOUSING,18773,0,803,26198,9722,0.0,0.0,0.0,1531.898066241514,0.0,MEDIUM,MEDIUM,MEDIUM,5,COST_BASED,COST_BASED,false,false
1,baseline,1,2036,0.0,0.5445859872611465,DISTRICT_HEATING,SOCIAL_HOUSING,17620,0,1153,26198,6385,0.0,0.0,0.0,1577.5030540328896,0.0,MEDIUM,MEDIUM,MEDIUM,5,COST_BASED,COST_BASED,false,false
1,baseline,1,2037,0.0,0.5445859872611465,DISTRICT_HEATING,SOCIAL_HOUSING,13879,0,3741,26198,3741,0.0,0.0,0.0,1161.58781074579,0.0,MEDIUM,MEDIUM,MEDIUM,5,COST_BASED,COST_BASED,false,false
1,baseline,1,2038,0.0,0.5445859872611465,DISTRICT_HEATING,SOCIAL_HOUSING,13114,0,765,26198,765,0.0,0.0,0.0,1351.2928104575165,0.0,MEDIUM,MEDIUM,MEDIUM,5,COST_BASED,COST_BASED,false,false
1,baseline,1,2039,0.0,0.5445859872611465,DISTRICT_HEATING,SOCIAL_HOUSING,11869,0,1245,26198,1248,0.0,0.0,0.0,1282.9222756410256,0.0,MEDIUM,MEDIUM,MEDIUM,5,COST_BASED,COST_BASED,false,false
1,baseline,1,2040,0.0,0.5445859872611465,DISTRICT_HEATING,SOCIAL_HOUSING,10402,0,1467,26198,1467,0.0,0.0,0.0,1081.4335378323108,0.0,MEDIUM,MEDIUM,MEDIUM,5,COST_BASED,COST_BASED,false,false
1,baseline,1,2041,0.0,0.5445859872611465,DISTRICT_HEATING,SOCIAL_HOUSING,10402,0,0,26198,0,0.0,0.0,0.0,0.0,0.0,MEDIUM,MEDIUM,MEDIUM,5,COST_BASED,COST_BASED,false,false
1,baseline,1,2042,0.0,0.5445859872611465,DISTRICT_HEATING,SOCIAL_HOUSING,9825,0,577,26198,577,0.0,0.0,0.0,1340.4020797227035,0.0,MEDIUM,MEDIUM,MEDIUM,5,COST_BASED,COST_BASED,false,false
1,baseline,1,2043,0.0,0.5445859872611465,DISTRICT_HEATING,SOCIAL_HOUSING,7189,0,2636,26198,2636,0.0,0.0,0.0,1186.5565250379364,0.0,MEDIUM,MEDIUM,MEDIUM,5,COST_BASED,COST_BASED,false,false
1,baseline,1,2044,0.0,0.5445859872611465,DISTRICT_HEATING,SOCIAL_HOUSING,7189,0,0,26198,0,0.0,0.0,0.0,0.0,0.0,MEDIUM,MEDIUM,MEDIUM,5,COST_BASED,COST_BASED,false,false
1,baseline,1,2045,0.0,0.5445859872611465,DISTRICT_HEATING,SOCIAL_HOUSING,5768,0,1421,26198,1421,0.0,0.0,0.0,1510.0710767065448,0.0,MEDIUM,MEDIUM,MEDIUM,5,COST_BASED,COST_BASED,false,false
1,baseline,1,2046,0.0,0.5445859872611465,DISTRICT_HEATING,SOCIAL_HOUSING,3906,0,1862,26198,1862,0.0,0.0,0.0,1329.656820622986,0.0,MEDIUM,MEDIUM,MEDIUM,5,COST_BASED,COST_BASED,false,false
1,baseline,1,2047,0.0,0.5445859872611465,DISTRICT_HEATING,SOCIAL_HOUSING,2446,0,1460,26198,1460,0.0,0.0,0.0,838.2178082191781,0.0,MEDIUM,MEDIUM,MEDIUM,5,COST_BASED,COST_BASED,false,false
1,baseline,1,2048,0.0,0.5445859872611465,DISTRICT_HEATING,SOCIAL_HOUSING,2446,0,0,26198,0,0.0,0.0,0.0,0.0,0.0,MEDIUM,MEDIUM,MEDIUM,5,COST_BASED,COST_BASED,false,false
1,baseline,1,2049,0.0,0.5445859872611465,DISTRICT_HEATING,SOCIAL_HOUSING,2188,0,258,26198,258,0.0,0.0,0.0,1449.8139534883721,0.0,MEDIUM,MEDIUM,MEDIUM,5,COST_BASED,COST_BASED,false,false
1,baseline,1,2050,0.0,0.5445859872611465,DISTRICT_HEATING,SOCIAL_HOUSING,2188,0,0,26198,0,0.0,0.0,0.0,0.0,0.0,MEDIUM,MEDIUM,MEDIUM,5,COST_BASED,COST_BASED,false,false
1,baseline,1,2024,0.0,0.0,DISTRICT_HEATING,PRIVATELY_RENTED,12690,12690,0,12690,0,0.0,0.0,0.0,0.0,0.0,MEDIUM,MEDIUM,MEDIUM,5,COST_BASED,COST_BASED,false,false
1,baseline,1,2025,0.0,0.13800424628450106,DISTRICT_HEATING,PRIVATELY_RENTED,12396,2,296,12692,6789,0.0,0.0,0.0,1601.652526145235,0.0,MEDIUM,MEDIUM,MEDIUM,5,COST_BASED,COST_BASED,false,false
1,baseline,1,2026,0.0,0.13800424628450106,DISTRICT_HEATING,PRIVATELY_RENTED,12117,0,279,12692,6821,0.0,0.0,0.0,1604.6062160973465,0.0,MEDIUM,MEDIUM,MEDIUM,5,COST_BASED,COST_BASED,false,false
1,baseline,1,2027,0.0,0.13800424628450106,DISTRICT_HEATING,PRIVATELY_RENTED,11841,0,276,12692,6756,0.0,0.0,0.0,1607.4610716400236,0.0,MEDIUM,MEDIUM,MEDIUM,5,COST_BASED,COST_BASED,false,false
1,baseline,1,2028,0.0,0.13800424628450106,DISTRICT_HEATING,PRIVATELY_RENTED,11527,0,314,12692,6881,0.0,0.0,0.0,1589.8603400668508,0.0,MEDIUM,MEDIUM,MEDIUM,5,COST_BASED,COST_BASED,false,false
1,baseline,1,2029,0.0,0.13800424628450106,DISTRICT_HEATING,PRIVATELY_RENTED,11215,0,312,12692,6592,0.0,0.0,0.0,1620.8024878640776,0.0,MEDIUM,MEDIUM,MEDIUM,5,COST_BASED,COST_BASED,false,false
1,baseline,1,2030,0.0,0.5445859872611465,DISTRICT_HEATING,PRIVATELY_RENTED,10796,0,419,12692,6685,0.0,0.0,0.0,1622.7877337322363,0.0,MEDIUM,MEDIUM,MEDIUM,5,COST_BASED,COST_BASED,false,false
1,baseline,1,2031,0.0,0.5445859872611465,DISTRICT_HEATING,PRIVATELY_RENTED,10395,3,404,12695,6694,0.0,0.0,0.0,1595.473707798028,0.0,MEDIUM,MEDIUM,MEDIUM,5,COST_BASED,COST_BASED,false,false
1,baseline,1,2032,0.0,0.5445859872611465,DISTRICT_HEATING,PRIVATELY_RENTED,10074,3,324,12698,6762,0.0,0.0,0.0,1599.538745933156,0.0,MEDIUM,MEDIUM,MEDIUM,5,COST_BASED,COST_BASED,false,false
1,baseline,1,2033,0.0,0.5445859872611465,DISTRICT_HEATING,PRIVATELY_RENTED,9788,5,291,12703,6901,0.0,0.0,0.0,1599.1357774235619,0.0,MEDIUM,MEDIUM,MEDIUM,5,COST_BASED,COST_BASED,false,false
1,baseline,1,2034,0.0,0.5445859872611465,DISTRICT_HEATING,PRIVATELY_RENTED,9330,4,462,12707,6536,0.0,0.0,0.0,1596.5416156670747,0.0,MEDIUM,MEDIUM,MEDIUM,5,COST_BASED,COST_BASED,false,false
1,baseline,1,2035,0.0,0.5445859872611465,DISTRICT_HEATING,PRIVATELY_RENTED,8814,6,522,12713,6613,0.0,0.0,0.0,1608.8044760320581,0.0,MEDIUM,MEDIUM,MEDIUM,5,COST_BASED,COST_BASED,false,false
1,baseline,1,2036,0.0,0.5445859872611465,DISTRICT_HEATING,PRIVATELY_RENTED,8227,4,591,12717,6599,0.0,0.0,0.0,1614.1000151538112,0.0,MEDIUM,MEDIUM,MEDIUM,5,COST_BASED,COST_BASED,false,false
1,baseline,1,2037,0.0,0.5445859872611465,DISTRICT_HEATING,PRIVATELY_RENTED,7777,0,450,12717,933,0.0,0.0,0.0,1452.5337620578778,0.0,MEDIUM,MEDIUM,MEDIUM,5,COST_BASED,COST_BASED,false,false
1,baseline,1,2038,0.0,0.5445859872611465,DISTRICT_HEATING,PRIVATELY_RENTED,7266,0,511,12717,1031,0.0,0.0,0.0,1386.117361784675,0.0,MEDIUM,MEDIUM,MEDIUM,5,COST_BASED,COST_BASED,false,false
1,baseline,1,2039,0.0,0.5445859872611465,DISTRICT_HEATING,PRIVATELY_RENTED,6615,0,651,12717,976,0.0,0.0,0.0,1350.4590163934427,0.0,MEDIUM,MEDIUM,MEDIUM,5,COST_BASED,COST_BASED,false,false
1,baseline,1,2040,0.0,0.5445859872611465,DISTRICT_HEATING,PRIVATELY_RENTED,6275,0,340,12717,340,0.0,0.0,0.0,1484.1411764705883,0.0,MEDIUM,MEDIUM,MEDIUM,5,COST_BASED,COST_BASED,false,false
1,baseline,1,2041,0.0,0.5445859872611465,DISTRICT_HEATING,PRIVATELY_RENTED,5473,1,803,12718,803,0.0,0.0,0.0,1347.719800747198,0.0,MEDIUM,MEDIUM,MEDIUM,5,COST_BASED,COST_BASED,false,false
1,baseline,1,2042,0.0,0.5445859872611465,DISTRICT_HEATING,PRIVATELY_RENTED,4841,0,632,12718,632,0.0,0.0,0.0,1294.6946202531647,0.0,MEDIUM,MEDIUM,MEDIUM,5,COST_BASED,COST_BASED,false,false
1,baseline,1,2043,0.0,0.5445859872611465,DISTRICT_HEATING,PRIVATELY_RENTED,4398,1,444,12719,444,0.0,0.0,0.0,1328.204954954955,0.0,MEDIUM,MEDIUM,MEDIUM,5,COST_BASED,COST_BASED,false,false
1,baseline,1,2044,0.0,0.5445859872611465,DISTRICT_HEATING,PRIVATELY_RENTED,3981,1,418,12720,418,0.0,0.0,0.0,1415.7775119617224,0.0,MEDIUM,MEDIUM,MEDIUM,5,COST_BASED,COST_BASED,false,false
1,baseline,1,2045,0.0,0.5445859872611465,DISTRICT_HEATING,PRIVATELY_RENTED,3613,0,368,12720,368,0.0,0.0,0.0,1433.5326086956522,0.0,MEDIUM,MEDIUM,MEDIUM,5,COST_BASED,COST_BASED,false,false
1,baseline,1,2046,0.0,0.5445859872611465,DISTRICT_HEATING,PRIVATELY_RENTED,3102,1,512,12721,512,0.0,0.0,0.0,1354.166015625,0.0,MEDIUM,MEDIUM,MEDIUM,5,COST_BASED,COST_BASED,false,false
1,baseline,1,2047,0.0,0.5445859872611465,DISTRICT_HEATING,PRIVATELY_RENTED,2757,0,345,12721,345,0.0,0.0,0.0,1448.0144927536232,0.0,MEDIUM,MEDIUM,MEDIUM,5,COST_BASED,COST_BASED,false,false
1,baseline,1,2048,0.0,0.5445859872611465,DISTRICT_HEATING,PRIVATELY_RENTED,2175,0,582,12721,582,0.0,0.0,0.0,1245.609965635739,0.0,MEDIUM,MEDIUM,MEDIUM,5,COST_BASED,COST_BASED,false,false
1,baseline,1,2049,0.0,0.5445859872611465,DISTRICT_HEATING,PRIVATELY_RENTED,1783,1,393,12722,393,0.0,0.0,0.0,1415.5216284987278,0.0,MEDIUM,MEDIUM,MEDIUM,5,COST_BASED,COST_BASED,false,false
1,baseline,1,2050,0.0,0.5445859872611465,DISTRICT_HEATING,PRIVATELY_RENTED,1388,1,396,12723,396,0.0,0.0,0.0,1329.1010101010102,0.0,MEDIUM,MEDIUM,MEDIUM,5,COST_BASED,COST_BASED,false,false
1,baseline,1,2024,0.0,0.0,ELECTRIC_HEAT_PUMP,TOTAL,34016,34016,0,34016,0,0.0,0.0,0.0,0.0,0.0,MEDIUM,MEDIUM,MEDIUM,5,COST_BASED,COST_BASED,false,false
1,baseline,1,2025,0.0,0.13800424628450106,ELECTRIC_HEAT_PUMP,TOTAL,42099,9935,1852,43951,45092,0.7158141702693949,0.5871179035201948,0.1038571785429123,2395.9483056861527,0.6757590180772151,MEDIUM,MEDIUM,MEDIUM,5,COST_BASED,COST_BASED,false,false
1,baseline,1,2026,0.0,0.13800424628450106,ELECTRIC_HEAT_PUMP,TOTAL,52577,12413,1935,56364,50798,0.7147266675038177,0.5949285961276152,0.14384708236121152,2282.3875349423206,0.6777494567251698,MEDIUM,MEDIUM,MEDIUM,5,COST_BASED,COST_BASED,false,false
1,baseline,1,2027,0.0,0.13800424628450106,ELECTRIC_HEAT_PUMP,TOTAL,66093,15473,1957,71837,50072,0.7156927411719401,0.6098361467031929,0.19046549036178115,2236.342606646429,0.6882146621713601,MEDIUM,MEDIUM,MEDIUM,5,COST_BASED,COST_BASED,false,false
1,baseline,1,2028,0.0,0.13800424628450106,ELECTRIC_HEAT_PUMP,TOTAL,80531,16228,1790,88065,51759,0.7148041261022021,0.6073694611956082,0.24427154820891747,2181.27492803184,0.6712852732156366,MEDIUM,MEDIUM,MEDIUM,5,COST_BASED,COST_BASED,false,false
1,baseline,1,2029,0.0,0.13800424628450106,ELECTRIC_HEAT_PUMP,TOTAL,97102,18495,1924,106560,48578,0.7140965418300788,0.6297333005035138,0.2988107857509321,2174.9803203096053,0.6913731188600187,MEDIUM,MEDIUM,MEDIUM,5,COST_BASED,COST_BASED,false,false
1,baseline,1,2030,0.0,0.5445859872611465,ELECTRIC_HEAT_PUMP,TOTAL,113655,18508,1955,125068,49890,0.7150490278067458,0.6425947388897761,0.3630677894929515,2132.1066345961112,0.6943629040097318,MEDIUM,MEDIUM,MEDIUM,5,COST_BASED,COST_BASED,false,false
1,baseline,1,2031,0.0,0.5445859872611465,ELECTRIC_HEAT_PUMP,TOTAL,130008,18621,2268,143689,51836,0.7135431678835492,0.643472221977219,0.4162821255218902,2054.103827455822,0.6827520096144648,MEDIUM,MEDIUM,MEDIUM,5,COST_BASED,COST_BASED,false,false
1,baseline,1,2032,0.0,0.5445859872611465,ELECTRIC_HEAT_PUMP,TOTAL,146208,18475,2275,162164,51226,0.7120903136517107,0.6590570642436648,0.45811693768586337,2040.8972592043103,0.6960337835311077,MEDIUM,MEDIUM,MEDIUM,5,COST_BASED,COST_BASED,false,false
1,baseline,1,2033,0.0,0.5445859872611465,ELECTRIC_HEAT_PUMP,TOTAL,162551,18665,2322,180829,49290,0.7145111616251053,0.6659230420086756,0.5066696664063157,2012.5645364171232,0.6935893560051632,MEDIUM,MEDIUM,MEDIUM,5,COST_BASED,COST_BASED,false,false
1,baseline,1,2034,0.0,0.5445859872611465,ELECTRIC_HEAT_PUMP,TOTAL,180158,19796,2189,200625,50428,0.7138281011215144,0.6643015590653023,0.5421123495737532,1943.6658998968826,0.682467225924131,MEDIUM,MEDIUM,MEDIUM,5,COST_BASED,COST_BASED,false,false
1,baseline,1,2035,0.0,0.5445859872611465,ELECTRIC_HEAT_PUMP,TOTAL,197751,20126,2533,220751,53423,0.7136184293336295,0.6789774801778967,0.5708226634453042,1892.4166557475244,0.697355947072122,MEDIUM,MEDIUM,MEDIUM,5,COST_BASED,COST_BASED,false,false
1,baseline,1,2036,0.0,0.5445859872611465,ELECTRIC_HEAT_PUMP,TOTAL,213500,18435,2686,239186,46570,0.7154146761839737,0.6885247740249901,0.5904634776385891,1941.5277646553575,0.7063176225818426,MEDIUM,MEDIUM,MEDIUM,5,COST_BASED,COST_BASED,false,false
1,baseline,1,2037,0.0,0.5445859872611465,ELECTRIC_HEAT_PUMP,TOTAL,219175,8969,3294,248155,26632,0.6588140619210386,0.6621741750741759,0.4876131620767758,1750.534882847702,0.7066544566118154,MEDIUM,MEDIUM,MEDIUM,5,COST_BASED,COST_BASED,false,false
1,baseline,1,2038,0.0,0.5445859872611465,ELECTRIC_HEAT_PUMP,TOTAL,222322,6463,3316,254618,19440,0.6448757404662474,0.6303223943622168,0.45768489222535863,1808.647890946502,0.6698434333704215,MEDIUM,MEDIUM,MEDIUM,5,COST_BASED,COST_BASED,false,false
1,baseline,1,2039,0.0,0.5445859872611465,ELECTRIC_HEAT_PUMP,TOTAL,224611,4009,1720,258627,16706,0.6210825503213662,0.6379655616231701,0.3802255810587188,1867.9591164850951,0.7066213095897367,MEDIUM,MEDIUM,MEDIUM,5,COST_BASED,COST_BASED,false,false
1,baseline,1,2040,0.0,0.5445859872611465,ELECTRIC_HEAT_PUMP,TOTAL,227304,12628,9935,271255,23779,0.7249387821401797,0.7158448789427722,0.6272928469824004,1800.1668699272468,0.7357094111335136,MEDIUM,MEDIUM,MEDIUM,5,COST_BASED,COST_BASED,false,false
1,baseline,1,2041,0.0,0.5445859872611465,ELECTRIC_HEAT_PUMP,TOTAL,229287,14396,12413,285651,27687,0.715407158979114,0.710139810793358,0.592694660081996,1836.298732257016,0.7381842614247609,MEDIUM,MEDIUM,MEDIUM,5,COST_BASED,COST_BASED,false,false
1,baseline,1,2042,0.0,0.5445859872611465,ELECTRIC_HEAT_PUMP,TOTAL,229885,16071,15473,301722,27484,0.7321385272279463,0.7360105018773144,0.6551010508984655,1762.5171008586815,0.7572058582843753,MEDIUM,MEDIUM,MEDIUM,5,COST_BASED,COST_BASED,false,false
1,baseline,1,2043,0.0,0.5445859872611465,ELECTRIC_HEAT_PUMP,TOTAL,231105,17448,16228,319170,31536,0.7318495845151357,0.7122293198372652,0.6546731099497687,1718.6988203957383,0.7217133061396762,MEDIUM,MEDIUM,MEDIUM,5,COST_BASED,COST_BASED,false,false
1,baseline,1,2044,0.0,0.5445859872611465,ELECTRIC_HEAT_PUMP,TOTAL,230954,18344,18495,337514,28032,0.7429425771314617,0.7442888887056062,0.692496686358696,1696.7546375570776,0.7575735171858773,MEDIUM,MEDIUM,MEDIUM,5,COST_BASED,COST_BASED,false,false
1,baseline,1,2045,0.0,0.5445859872611465,ELECTRIC_HEAT_PUMP,TOTAL,231059,18613,18508,356127,29063,0.7492442164327259,0.7448439431600237,0.7080613242902574,1642.4209475966004,0.7529395295592888,MEDIUM,MEDIUM,MEDIUM,5,COST_BASED,COST_BASED,false,false
1,baseline,1,2046,0.0,0.5445859872611465,ELECTRIC_HEAT_PUMP,TOTAL,231626,19188,18621,375315,33597,0.7317399678069503,0.7292075682747821,0.6499027235524737,1620.0828050123523,0.7484006795722978,MEDIUM,MEDIUM,MEDIUM,5,COST_BASED,COST_BASED,false,false
1,baseline,1,2047,0.0,0.5445859872611465,ELECTRIC_HEAT_PUMP,TOTAL,232188,19037,18475,394352,32637,0.7335079526384328,0.7297420613302242,0.6496378269855392,1569.0813187486594,0.748826647089342,MEDIUM,MEDIUM,MEDIUM,5,COST_BASED,COST_BASED,false,false
1,baseline,1,2048,0.0,0.5445859872611465,ELECTRIC_HEAT_PUMP,TOTAL,232861,19338,18665,413690,32784,0.7301204723087367,0.7362969016576753,0.6356097661687313,1603.7029343582235,0.7630127928671482,MEDIUM,MEDIUM,MEDIUM,5,COST_BASED,COST_BASED,false,false
1,baseline,1,2049,0.0,0.5445859872611465,ELECTRIC_HEAT_PUMP,TOTAL,233442,20377,19796,434067,34026,0.7315037700945761,0.7338092506135336,0.6439239146435347,1528.643331569976,0.7568569547357517,MEDIUM,MEDIUM,MEDIUM,5,COST_BASED,COST_BASED,false,false
1,baseline,1,2050,0.0,0.5445859872611465,ELECTRIC_HEAT_PUMP,TOTAL,234025,20709,20126,454776,35825,0.72450519037543,0.7311143739416265,0.6229290447152214,1520.3806001395674,0.7598130021397753,MEDIUM,MEDIUM,MEDIUM,5,COST_BASED,COST_BASED,false,false
1,baseline,1,2024,0.0,0.0,ELECTRIC_HEAT_PUMP,PRIVATELY_OWNED,27620,27620,0,27620,0,0.0,0.0,0.0,0.0,0.0,MEDIUM,MEDIUM,MEDIUM,5,COST_BASED,COST_BASED,false,false
1,baseline,1,2025,0.0,0.13800424628450106,ELECTRIC_HEAT_PUMP,PRIVATELY_OWNED,36090,9935,1465,37555,33205,0.7158141702693949,0.5871179035201948,0.1038571785429123,2504.1854238819456,0.6757590180772151,MEDIUM,MEDIUM,MEDIUM,5,COST_BASED,COST_BASED,false,false
1,baseline,1,2026,0.0,0.13800424628450106,ELECTRIC_HEAT_PUMP,PRIVATELY_OWNED,46926,12413,1577,49968,33357,0.7147266675038177,0.5949285961276152,0.14384708236121152,2453.501753754834,0.6777494567251698,MEDIUM,MEDIUM,MEDIUM,5,COST_BASED,COST_BASED,false,false
1,baseline,1,2027,0.0,0.13800424628450106,ELECTRIC_HEAT_PUMP,PRIVATELY_OWNED,60797,15473,1602,65441,33669,0.7156927411719401,0.6098361467031929,0.19046549036178115,2380.7034066945857,0.6882146621713601,MEDIUM,MEDIUM,MEDIUM,5,COST_BASED,COST_BASED,false,false
1,baseline,1,2028,0.0,0.13800424628450106,ELECTRIC_HEAT_PUMP,PRIVATELY_OWNED,75676,16228,1349,81669,34474,0.7148041261022021,0.6073694611956082,0.24427154820891747,2316.4125427858676,0.6712852732156366,MEDIUM,MEDIUM,MEDIUM,5,COST_BASED,COST_BASED,false,false
1,baseline,1,2029,0.0,0.13800424628450106,ELECTRIC_HEAT_PUMP,PRIVATELY_OWNED,92680,18495,1491,100164,34650,0.7140965418300788,0.6297333005035138,0.2988107857509321,2265.206031746032,0.6913731188600187,MEDIUM,MEDIUM,MEDIUM,5,COST_BASED,COST_BASED,false,false
1,baseline,1,2030,0.0,0.5445859872611465,ELECTRIC_HEAT_PUMP,PRIVATELY_OWNED,109589,18508,1599,118672,34506,0.7150490278067458,0.6425947388897761,0.3630677894929515,2220.445255897525,0.6943629040097318,MEDIUM,MEDIUM,MEDIUM,5,COST_BASED,COST_BASED,false,false
1,baseline,1,2031,0.0,0.5445859872611465,ELECTRIC_HEAT_PUMP,PRIVATELY_OWNED,126419,18621,1791,137293,35332,0.7135431678835492,0.643472221977219,0.4162821255218902,2153.8048511264574,0.6827520096144648,MEDIUM,MEDIUM,MEDIUM,5,COST_BASED,COST_BASED,false,false
1,baseline,1,2032,0.0,0.5445859872611465,ELECTRIC_HEAT_PUMP,PRIVATELY_OWNED,143013,18475,1881,155768,34718,0.7120903136517107,0.6590570642436648,0.45811693768586337,2126.9904660406705,0.6960337835311077,MEDIUM,MEDIUM,MEDIUM,5,COST_BASED,COST_BASED,false,false
1,baseline,1,2033,0.0,0.5445859872611465,ELECTRIC_HEAT_PUMP,PRIVATELY_OWNED,159895,18665,1783,174433,34314,0.7145111616251053,0.6659230420086756,0.5066696664063157,2119.029812904354,0.6935893560051632,MEDIUM,MEDIUM,MEDIUM,5,COST_BASED,COST_BASED,false,false
1,baseline,1,2034,0.0,0.5445859872611465,ELECTRIC_HEAT_PUMP,PRIVATELY_OWNED,177909,19796,1782,194229,36449,0.7138281011215144,0.6643015590653023,0.5421123495737532,2011.0409339076518,0.682467225924131,MEDIUM,MEDIUM,MEDIUM,5,COST_BASED,COST_BASED,false,false
1,baseline,1,2035,0.0,0.5445859872611465,ELECTRIC_HEAT_PUMP,PRIVATELY_OWNED,196178,20126,1857,214355,37088,0.7136184293336295,0.6789774801778967,0.5708226634453042,1980.1489160914582,0.697355947072122,MEDIUM,MEDIUM,MEDIUM,5,COST_BASED,COST_BASED,false,false
1,baseline,1,2036,0.0,0.5445859872611465,ELECTRIC_HEAT_PUMP,PRIVATELY_OWNED,212439,18435,2174,232790,33586,0.7154146761839737,0.6885247740249901,0.5904634776385891,2016.1747454296433,0.7063176225818426,MEDIUM,MEDIUM,MEDIUM,5,COST_BASED,COST_BASED,false,false
1,baseline,1,2037,0.0,0.5445859872611465,ELECTRIC_HEAT_PUMP,PRIVATELY_OWNED,218498,8969,2910,241759,21958,0.6588140619210386,0.6621741750741759,0.4876131620767758,1861.3499407960653,0.7066544566118154,MEDIUM,MEDIUM,MEDIUM,5,COST_BASED,COST_BASED,false,false
1,baseline,1,2038,0.0,0.5445859872611465,ELECTRIC_HEAT_PUMP,PRIVATELY_OWNED,222087,6463,2874,248222,17644,0.6448757404662474,0.6303223943622168,0.45768489222535863,1854.713500340059,0.6698434333704215,MEDIUM,MEDIUM,MEDIUM,5,COST_BASED,COST_BASED,false,false
1,baseline,1,2039,0.0,0.5445859872611465,ELECTRIC_HEAT_PUMP,PRIVATELY_OWNED,224611,4009,1485,252231,14482,0.6210825503213662,0.6379655616231701,0.3802255810587188,1949.7198591354786,0.7066213095897367,MEDIUM,MEDIUM,MEDIUM,5,COST_BASED,COST_BASED,false,false
1,baseline,1,2040,0.0,0.5445859872611465,ELECTRIC_HEAT_PUMP,PRIVATELY_OWNED,227304,12628,9935,264859,21972,0.7249387821401797,0.7158448789427722,0.6272928469824004,1848.894638630985,0.7357094111335136,MEDIUM,MEDIUM,MEDIUM,5,COST_BASED,COST_BASED,false,false
1,baseline,1,2041,0.0,0.5445859872611465,ELECTRIC_HEAT_PUMP,PRIVATELY_OWNED,229287,14396,12413,279255,26884,0.715407158979114,0.710139810793358,0.592694660081996,1848.7008629668205,0.7381842614247609,MEDIUM,MEDIUM,MEDIUM,5,COST_BASED,COST_BASED,false,false
1,baseline,1,2042,0.0,0.5445859872611465,ELECTRIC_HEAT_PUMP,PRIVATELY_OWNED,229885,16071,15473,295326,26275,0.7321385272279463,0.7360105018773144,0.6551010508984655,1781.3492293054235,0.7572058582843753,MEDIUM,MEDIUM,MEDIUM,5,COST_BASED,COST_BASED,false,false
1,baseline,1,2043,0.0,0.5445859872611465,ELECTRIC_HEAT_PUMP,PRIVATELY_OWNED,231105,17448,16228,312774,28456,0.7318495845151357,0.7122293198372652,0.6546731099497687,1745.4437025583356,0.7217133061396762,MEDIUM,MEDIUM,MEDIUM,5,COST_BASED,COST_BASED,false,false
1,baseline,1,2044,0.0,0.5445859872611465,ELECTRIC_HEAT_PUMP,PRIVATELY_OWNED,230954,18344,18495,331118,27614,0.7429425771314617,0.7442888887056062,0.692496686358696,1699.4309046136018,0.7575735171858773,MEDIUM,MEDIUM,MEDIUM,5,COST_BASED,COST_BASED,false,false
1,baseline,1,2045,0.0,0.5445859872611465,ELECTRIC_HEAT_PUMP,PRIVATELY_OWNED,231059,18613,18508,349731,27274,0.7492442164327259,0.7448439431600237,0.7080613242902574,1660.357593312312,0.7529395295592888,MEDIUM,MEDIUM,MEDIUM,5,COST_BASED,COST_BASED,false,false
1,baseline,1,2046,0.0,0.5445859872611465,ELECTRIC_HEAT_PUMP,PRIVATELY_OWNED,231626,19188,18621,368919,31223,0.7317399678069503,0.7292075682747821,0.6499027235524737,1642.1309931781059,0.7484006795722978,MEDIUM,MEDIUM,MEDIUM,5,COST_BASED,COST_BASED,false,false
1,baseline,1,2047,0.0,0.5445859872611465,ELECTRIC_HEAT_PUMP,PRIVATELY_OWNED,232188,19037,18475,387956,30832,0.7335079526384328,0.7297420613302242,0.6496378269855392,1597.7619356512714,0.748826647089342,MEDIUM,MEDIUM,MEDIUM,5,COST_BASED,COST_BASED,false,false
1,baseline,1,2048,0.0,0.5445859872611465,ELECTRIC_HEAT_PUMP,PRIVATELY_OWNED,232861,19338,18665,407294,32202,0.7301204723087367,0.7362969016576753,0.6356097661687313,1609.3507546115147,0.7630127928671482,MEDIUM,MEDIUM,MEDIUM,5,COST_BASED,COST_BASED,false,false
1,baseline,1,2049,0.0,0.5445859872611465,ELECTRIC_HEAT_PUMP,PRIVATELY_OWNED,233442,20377,19796,427671,33375,0.7315037700945761,0.7338092506135336,0.6439239146435347,1530.4590861423221,0.7568569547357517,MEDIUM,MEDIUM,MEDIUM,5,COST_BASED,COST_BASED,false,false
1,baseline,1,2050,0.0,0.5445859872611465,ELECTRIC_HEAT_PUMP,PRIVATELY_OWNED,234025,20709,20126,448380,35429,0.72450519037543,0.7311143739416265,0.6229290447152214,1522.155042479325,0.7598130021397753,MEDIUM,MEDIUM,MEDIUM,5,COST_BASED,COST_BASED,false,false
1,baseline,1,2024,0.0,0.0,ELECTRIC_HEAT_PUMP,SOCIAL_HOUSING,402,402,0,402,0,0.0,0.0,0.0,0.0,0.0,MEDIUM,MEDIUM,MEDIUM,5,COST_BASED,COST_BASED,false,false
1,baseline,1,2025,0.0,0.13800424628450106,ELECTRIC_HEAT_PUMP,SOCIAL_HOUSING,395,0,7,402,5098,0.0,0.0,0.0,2038.0113770105925,0.0,MEDIUM,MEDIUM,MEDIUM,5,COST_BASED,COST_BASED,false,false
1,baseline,1,2026,0.0,0.13800424628450106,ELECTRIC_HEAT_PUMP,SOCIAL_HOUSING,395,0,0,402,10620,0.0,0.0,0.0,1870.1454802259886,0.0,MEDIUM,MEDIUM,MEDIUM,5,COST_BASED,COST_BASED,false,false
1,baseline,1,2027,0.0,0.13800424628450106,ELECTRIC_HEAT_PUMP,SOCIAL_HOUSING,395,0,0,402,9647,0.0,0.0,0.0,1868.4302892090805,0.0,MEDIUM,MEDIUM,MEDIUM,5,COST_BASED,COST_BASED,false,false
1,baseline,1,2028,0.0,0.13800424628450106,ELECTRIC_HEAT_PUMP,SOCIAL_HOUSING,281,0,114,402,10404,0.0,0.0,0.0,1873.7774894271433,0.0,MEDIUM,MEDIUM,MEDIUM,5,COST_BASED,COST_BASED,false,false
1,baseline,1,2029,0.0,0.13800424628450106,ELECTRIC_HEAT_PUMP,SOCIAL_HOUSING,212,0,69,402,7336,0.0,0.0,0.0,1933.8639585605235,0.0,MEDIUM,MEDIUM,MEDIUM,5,COST_BASED,COST_BASED,false,false
1,baseline,1,2030,0.0,0.5445859872611465,ELECTRIC_HEAT_PUMP,SOCIAL_HOUSING,212,0,0,402,8699,0.0,0.0,0.0,1933.0373606161627,0.0,MEDIUM,MEDIUM,MEDIUM,5,COST_BASED,COST_BASED,false,false
1,baseline,1,2031,0.0,0.5445859872611465,ELECTRIC_HEAT_PUMP,SOCIAL_HOUSING,198,0,14,402,9810,0.0,0.0,0.0,1824.6074413863405,0.0,MEDIUM,MEDIUM,MEDIUM,5,COST_BASED,COST_BASED,false,false
1,baseline,1,2032,0.0,0.5445859872611465,ELECTRIC_HEAT_PUMP,SOCIAL_HOUSING,185,0,13,402,9746,0.0,0.0,0.0,1864.025241124564,0.0,MEDIUM,MEDIUM,MEDIUM,5,COST_BASED,COST_BASED,false,false
1,baseline,1,2033,0.0,0.5445859872611465,ELECTRIC_HEAT_PUMP,SOCIAL_HOUSING,182,0,3,402,8075,0.0,0.0,0.0,1733.066253869969,0.0,MEDIUM,MEDIUM,MEDIUM,5,COST_BASED,COST_BASED,false,false
1,baseline,1,2034,0.0,0.5445859872611465,ELECTRIC_HEAT_PUMP,SOCIAL_HOUSING,123,0,59,402,7443,0.0,0.0,0.0,1747.6737874512964,0.0,MEDIUM,MEDIUM,MEDIUM,5,COST_BASED,COST_BASED,false,false
1,baseline,1,2035,0.0,0.5445859872611465,ELECTRIC_HEAT_PUMP,SOCIAL_HOUSING,3,0,120,402,9722,0.0,0.0,0.0,1643.0517383254473,0.0,MEDIUM,MEDIUM,MEDIUM,5,COST_BASED,COST_BASED,false,false
1,baseline,1,2036,0.0,0.5445859872611465,ELECTRIC_HEAT_PUMP,SOCIAL_HOUSING,3,0,0,402,6385,0.0,0.0,0.0,1739.083476898982,0.0,MEDIUM,MEDIUM,MEDIUM,5,COST_BASED,COST_BASED,false,false
1,baseline,1,2037,0.0,0.5445859872611465,ELECTRIC_HEAT_PUMP,SOCIAL_HOUSING,3,0,0,402,3741,0.0,0.0,0.0,1187.202352312216,0.0,MEDIUM,MEDIUM,MEDIUM,5,COST_BASED,COST_BASED,false,false
1,baseline,1,2038,0.0,0.5445859872611465,ELECTRIC_HEAT_PUMP,SOCIAL_HOUSING,3,0,0,402,765,0.0,0.0,0.0,1374.7320261437908,0.0,MEDIUM,MEDIUM,MEDIUM,5,COST_BASED,COST_BASED,false,false
1,baseline,1,2039,0.0,0.5445859872611465,ELECTRIC_HEAT_PUMP,SOCIAL_HOUSING,0,0,3,402,1248,0.0,0.0,0.0,1308.9054487179487,0.0,MEDIUM,MEDIUM,MEDIUM,5,COST_BASED,COST_BASED,false,false
1,baseline,1,2040,0.0,0.5445859872611465,ELECTRIC_HEAT_PUMP,SOCIAL_HOUSING,0,0,0,402,1467,0.0,0.0,0.0,1109.3742331288342,0.0,MEDIUM,MEDIUM,MEDIUM,5,COST_BASED,COST_BASED,false,false
1,baseline,1,2041,0.0,0.5445859872611465,ELECTRIC_HEAT_PUMP,SOCIAL_HOUSING,0,0,0,402,0,0.0,0.0,0.0,0.0,0.0,MEDIUM,MEDIUM,MEDIUM,5,COST_BASED,COST_BASED,false,false
1,baseline,1,2042,0.0,0.5445859872611465,ELECTRIC_HEAT_PUMP,SOCIAL_HOUSING,0,0,0,402,577,0.0,0.0,0.0,1344.0242634315425,0.0,MEDIUM,MEDIUM,MEDIUM,5,COST_BASED,COST_BASED,false,false
1,baseline,1,2043,0.0,0.5445859872611465,ELECTRIC_HEAT_PUMP,SOCIAL_HOUSING,0,0,0,402,2636,0.0,0.0,0.0,1477.6437784522002,0.0,MEDIUM,MEDIUM,MEDIUM,5,COST_BASED,COST_BASED,false,false
1,baseline,1,2044,0.0,0.5445859872611465,ELECTRIC_HEAT_PUMP,SOCIAL_HOUSING,0,0,0,402,0,0.0,0.0,0.0,0.0,0.0,MEDIUM,MEDIUM,MEDIUM,5,COST_BASED,COST_BASED,false,false
1,baseline,1,2045,0.0,0.5445859872611465,ELECTRIC_HEAT_PUMP,SOCIAL_HOUSING,0,0,0,402,1421,0.0,0.0,0.0,1328.3237156931739,0.0,MEDIUM,MEDIUM,MEDIUM,5,COST_BASED,COST_BASED,false,false
1,baseline,1,2046,0.0,0.5445859872611465,ELECTRIC_HEAT_PUMP,SOCIAL_HOUSING,0,0,0,402,1862,0.0,0.0,0.0,1313.2910848549946,0.0,MEDIUM,MEDIUM,MEDIUM,5,COST_BASED,COST_BASED,false,false
1,baseline,1,2047,0.0,0.5445859872611465,ELECTRIC_HEAT_PUMP,SOCIAL_HOUSING,0,0,0,402,1460,0.0,0.0,0.0,983.4780821917808,0.0,MEDIUM,MEDIUM,MEDIUM,5,COST_BASED,COST_BASED,false,false
1,baseline,1,2048,0.0,0.5445859872611465,ELECTRIC_HEAT_PUMP,SOCIAL_HOUSING,0,0,0,402,0,0.0,0.0,0.0,0.0,0.0,MEDIUM,MEDIUM,MEDIUM,5,COST_BASED,COST_BASED,false,false
1,baseline,1,2049,0.0,0.5445859872611465,ELECTRIC_HEAT_PUMP,SOCIAL_HOUSING,0,0,0,402,258,0.0,0.0,0.0,1461.1472868217054,0.0,MEDIUM,MEDIUM,MEDIUM,5,COST_BASED,COST_BASED,false,false
1,baseline,1,2050,0.0,0.5445859872611465,ELECTRIC_HEAT_PUMP,SOCIAL_HOUSING,0,0,0,402,0,0.0,0.0,0.0,0.0,0.0,MEDIUM,MEDIUM,MEDIUM,5,COST_BASED,COST_BASED,false,false
1,baseline,1,2024,0.0,0.0,ELECTRIC_HEAT_PUMP,PRIVATELY_RENTED,5994,5994,0,5994,0,0.0,0.0,0.0,0.0,0.0,MEDIUM,MEDIUM,MEDIUM,5,COST_BASED,COST_BASED,false,false
1,baseline,1,2025,0.0,0.13800424628450106,ELECTRIC_HEAT_PUMP,PRIVATELY_RENTED,5614,0,380,5994,6789,0.0,0.0,0.0,2135.342760347621,0.0,MEDIUM,MEDIUM,MEDIUM,5,COST_BASED,COST_BASED,false,false
1,baseline,1,2026,0.0,0.13800424628450106,ELECTRIC_HEAT_PUMP,PRIVATELY_RENTED,5256,0,358,5994,6821,0.0,0.0,0.0,2087.423984752969,0.0,MEDIUM,MEDIUM,MEDIUM,5,COST_BASED,COST_BASED,false,false
1,baseline,1,2027,0.0,0.13800424628450106,ELECTRIC_HEAT_PUMP,PRIVATELY_RENTED,4901,0,355,5994,6756,0.0,0.0,0.0,2042.25828892836,0.0,MEDIUM,MEDIUM,MEDIUM,5,COST_BASED,COST_BASED,false,false
1,baseline,1,2028,0.0,0.13800424628450106,ELECTRIC_HEAT_PUMP,PRIVATELY_RENTED,4574,0,327,5994,6881,0.0,0.0,0.0,1969.1646562999565,0.0,MEDIUM,MEDIUM,MEDIUM,5,COST_BASED,COST_BASED,false,false
1,baseline,1,2029,0.0,0.13800424628450106,ELECTRIC_HEAT_PUMP,PRIVATELY_RENTED,4210,0,364,5994,6592,0.0,0.0,0.0,1969.0502123786407,0.0,MEDIUM,MEDIUM,MEDIUM,5,COST_BASED,COST_BASED,false,false
1,baseline,1,2030,0.0,0.5445859872611465,ELECTRIC_HEAT_PUMP,PRIVATELY_RENTED,3854,0,356,5994,6685,0.0,0.0,0.0,1935.1718773373223,0.0,MEDIUM,MEDIUM,MEDIUM,5,COST_BASED,COST_BASED,false,false
1,baseline,1,2031,0.0,0.5445859872611465,ELECTRIC_HEAT_PUMP,PRIVATELY_RENTED,3391,0,463,5994,6694,0.0,0.0,0.0,1864.1909172393189,0.0,MEDIUM,MEDIUM,MEDIUM,5,COST_BASED,COST_BASED,false,false
1,baseline,1,2032,0.0,0.5445859872611465,ELECTRIC_HEAT_PUMP,PRIVATELY_RENTED,3010,0,381,5994,6762,0.0,0.0,0.0,1853.7944395149364,0.0,MEDIUM,MEDIUM,MEDIUM,5,COST_BASED,COST_BASED,false,false
1,baseline,1,2033,0.0,0.5445859872611465,ELECTRIC_HEAT_PUMP,PRIVATELY_RENTED,2474,0,536,5994,6901,0.0,0.0,0.0,1810.2314157368498,0.0,MEDIUM,MEDIUM,MEDIUM,5,COST_BASED,COST_BASED,false,false
1,baseline,1,2034,0.0,0.5445859872611465,ELECTRIC_HEAT_PUMP,PRIVATELY_RENTED,2126,0,348,5994,6536,0.0,0.0,0.0,1791.1286719706243,0.0,MEDIUM,MEDIUM,MEDIUM,5,COST_BASED,COST_BASED,false,false
1,baseline,1,2035,0.0,0.5445859872611465,ELECTRIC_HEAT_PUMP,PRIVATELY_RENTED,1570,0,556,5994,6613,0.0,0.0,0.0,1766.98366853168,0.0,MEDIUM,MEDIUM,MEDIUM,5,COST_BASED,COST_BASED,false,false
1,baseline,1,2036,0.0,0.5445859872611465,ELECTRIC_HEAT_PUMP,PRIVATELY_RENTED,1058,0,512,5994,6599,0.0,0.0,0.0,1757.4867404152144,0.0,MEDIUM,MEDIUM,MEDIUM,5,COST_BASED,COST_BASED,false,false
1,baseline,1,2037,0.0,0.5445859872611465,ELECTRIC_HEAT_PUMP,PRIVATELY_RENTED,674,0,384,5994,933,0.0,0.0,0.0,1401.2851018220792,0.0,MEDIUM,MEDIUM,MEDIUM,5,COST_BASED,COST_BASED,false,false
1,baseline,1,2038,0.0,0.5445859872611465,ELECTRIC_HEAT_PUMP,PRIVATELY_RENTED,232,0,442,5994,1031,0.0,0.0,0.0,1342.2696411251213,0.0,MEDIUM,MEDIUM,MEDIUM,5,COST_BASED,COST_BASED,false,false
1,baseline,1,2039,0.0,0.5445859872611465,ELECTRIC_HEAT_PUMP,PRIVATELY_RENTED,0,0,232,5994,976,0.0,0.0,0.0,1369.639344262295,0.0,MEDIUM,MEDIUM,MEDIUM,5,COST_BASED,COST_BASED,false,false
1,baseline,1,2040,0.0,0.5445859872611465,ELECTRIC_HEAT_PUMP,PRIVATELY_RENTED,0,0,0,5994,340,0.0,0.0,0.0,1631.7735294117647,0.0,MEDIUM,MEDIUM,MEDIUM,5,COST_BASED,COST_BASED,false,false
1,baseline,1,2041,0.0,0.5445859872611465,ELECTRIC_HEAT_PUMP,PRIVATELY_RENTED,0,0,0,5994,803,0.0,0.0,0.0,1421.0821917808219,0.0,MEDIUM,MEDIUM,MEDIUM,5,COST_BASED,COST_BASED,false,false
1,baseline,1,2042,0.0,0.5445859872611465,ELECTRIC_HEAT_PUMP,PRIVATELY_RENTED,0,0,0,5994,632,0.0,0.0,0.0,1361.6566455696202,0.0,MEDIUM,MEDIUM,MEDIUM,5,COST_BASED,COST_BASED,false,false
1,baseline,1,2043,0.0,0.5445859872611465,ELECTRIC_HEAT_PUMP,PRIVATELY_RENTED,0,0,0,5994,444,0.0,0.0,0.0,1435.7454954954956,0.0,MEDIUM,MEDIUM,MEDIUM,5,COST_BASED,COST_BASED,false,false
1,baseline,1,2044,0.0,0.5445859872611465,ELECTRIC_HEAT_PUMP,PRIVATELY_RENTED,0,0,0,5994,418,0.0,0.0,0.0,1519.9545454545455,0.0,MEDIUM,MEDIUM,MEDIUM,5,COST_BASED,COST_BASED,false,false
1,baseline,1,2045,0.0,0.5445859872611465,ELECTRIC_HEAT_PUMP,PRIVATELY_RENTED,0,0,0,5994,368,0.0,0.0,0.0,1525.921195652174,0.0,MEDIUM,MEDIUM,MEDIUM,5,COST_BASED,COST_BASED,false,false
1,baseline,1,2046,0.0,0.5445859872611465,ELECTRIC_HEAT_PUMP,PRIVATELY_RENTED,0,0,0,5994,512,0.0,0.0,0.0,1391.24609375,0.0,MEDIUM,MEDIUM,MEDIUM,5,COST_BASED,COST_BASED,false,false
1,baseline,1,2047,0.0,0.5445859872611465,ELECTRIC_HEAT_PUMP,PRIVATELY_RENTED,0,0,0,5994,345,0.0,0.0,0.0,1484.1536231884058,0.0,MEDIUM,MEDIUM,MEDIUM,5,COST_BASED,COST_BASED,false,false
1,baseline,1,2048,0.0,0.5445859872611465,ELECTRIC_HEAT_PUMP,PRIVATELY_RENTED,0,0,0,5994,582,0.0,0.0,0.0,1291.2096219931273,0.0,MEDIUM,MEDIUM,MEDIUM,5,COST_BASED,COST_BASED,false,false
1,baseline,1,2049,0.0,0.5445859872611465,ELECTRIC_HEAT_PUMP,PRIVATELY_RENTED,0,0,0,5994,393,0.0,0.0,0.0,1418.7531806615775,0.0,MEDIUM,MEDIUM,MEDIUM,5,COST_BASED,COST_BASED,false,false
1,baseline,1,2050,0.0,0.5445859872611465,ELECTRIC_HEAT_PUMP,PRIVATELY_RENTED,0,0,0,5994,396,0.0,0.0,0.0,1361.6262626262626,0.0,MEDIUM,MEDIUM,MEDIUM,5,COST_BASED,COST_BASED,false,false
1,baseline,1,2024,0.0,0.0,HYBRID_HEAT_PUMP,TOTAL,10772,10772,0,10772,0,0.0,0.0,0.0,0.0,0.0,MEDIUM,MEDIUM,MEDIUM,5,COST_BASED,COST_BASED,false,false
1,baseline,1,2025,0.0,0.13800424628450106,HYBRID_HEAT_PUMP,TOTAL,14335,4312,749,15084,45092,0.7649208056647435,0.5969427032631509,0.03567173637837072,1798.2659895325114,0.6952659193839598,MEDIUM,MEDIUM,MEDIUM,5,COST_BASED,COST_BASED,false,false
1,baseline,1,2026,0.0,0.13800424628450106,HYBRID_HEAT_PUMP,TOTAL,19541,5954,748,21038,50798,0.7648365519366266,0.5988227465746515,0.048802256828609863,1740.584393086342,0.6948244176706717,MEDIUM,MEDIUM,MEDIUM,5,COST_BASED,COST_BASED,false,false
1,baseline,1,2027,0.0,0.13800424628450106,HYBRID_HEAT_PUMP,TOTAL,24128,5280,693,26318,50072,0.764718958972736,0.5956576407029798,0.06200105032742115,1728.5400623102732,0.6868064587294272,MEDIUM,MEDIUM,MEDIUM,5,COST_BASED,COST_BASED,false,false
1,baseline,1,2028,0.0,0.13800424628450106,HYBRID_HEAT_PUMP,TOTAL,32952,9544,720,35862,51759,0.7652046329929849,0.6014848394025184,0.07985468877272549,1693.5652350315886,0.6909624286623517,MEDIUM,MEDIUM,MEDIUM,5,COST_BASED,COST_BASED,false,false
1,baseline,1,2029,0.0,0.13800424628450106,HYBRID_HEAT_PUMP,TOTAL,39325,6971,598,42833,48578,0.7659050046475299,0.5931740030156967,0.10266655717787068,1700.800506402075,0.6726181140671968,MEDIUM,MEDIUM,MEDIUM,5,COST_BASED,COST_BASED,false,false
1,baseline,1,2030,0.0,0.5445859872611465,HYBRID_HEAT_PUMP,TOTAL,46355,7782,752,50615,49890,0.7650690377156951,0.6040726438151128,0.11772639786788436,1665.9632992583684,0.6854101068267635,MEDIUM,MEDIUM,MEDIUM,5,COST_BASED,COST_BASED,false,false
1,baseline,1,2031,0.0,0.5445859872611465,HYBRID_HEAT_PUMP,TOTAL,57439,11833,749,62448,51836,0.7660708356212917,0.6201252398062214,0.14327864568700088,1630.4248012963963,0.7028504893822477,MEDIUM,MEDIUM,MEDIUM,5,COST_BASED,COST_BASED,false,false
1,baseline,1,2032,0.0,0.5445859872611465,HYBRID_HEAT_PUMP,TOTAL,68573,11895,761,74343,51226,0.7672963921034919,0.6213114199888177,0.17889679231413433,1628.338578065826,0.6954188338788226,MEDIUM,MEDIUM,MEDIUM,5,COST_BASED,COST_BASED,false,false
1,baseline,1,2033,0.0,0.5445859872611465,HYBRID_HEAT_PUMP,TOTAL,81680,13770,663,88113,49290,0.7654653714763625,0.6261432677304984,0.21298430287224293,1611.898884155001,0.6946024830086109,MEDIUM,MEDIUM,MEDIUM,5,COST_BASED,COST_BASED,false,false
1,baseline,1,2034,0.0,0.5445859872611465,HYBRID_HEAT_PUMP,TOTAL,94835,13885,730,101998,50428,0.7658340209378822,0.6234886655687427,0.24873102378153011,1562.1006781946537,0.6815917371732558,MEDIUM,MEDIUM,MEDIUM,5,COST_BASED,COST_BASED,false,false
1,baseline,1,2035,0.0,0.5445859872611465,HYBRID_HEAT_PUMP,TOTAL,110152,16064,747,118062,53423,0.7662099972176538,0.6479347634793913,0.2915310707402726,1544.185388315894,0.7074668782296079,MEDIUM,MEDIUM,MEDIUM,5,COST_BASED,COST_BASED,false,false
1,baseline,1,2036,0.0,0.5445859872611465,HYBRID_HEAT_PUMP,TOTAL,123924,14613,841,132675,46570,0.7651384924302168,0.6457276893286664,0.3241558956704143,1572.004681125188,0.6962679369678533,MEDIUM,MEDIUM,MEDIUM,5,COST_BASED,COST_BASED,false,false
1,baseline,1,2037,0.0,0.5445859872611465,HYBRID_HEAT_PUMP,TOTAL,134343,11151,732,143826,26632,0.8099327800068218,0.6775777400532579,0.4423975692900883,1413.6206443376389,0.7032840227556615,MEDIUM,MEDIUM,MEDIUM,5,COST_BASED,COST_BASED,false,false
1,baseline,1,2038,0.0,0.5445859872611465,HYBRID_HEAT_PUMP,TOTAL,143302,9590,631,153416,19440,0.8163527835576552,0.6814255867306593,0.48585533940115433,1450.8081275720165,0.6965863493562853,MEDIUM,MEDIUM,MEDIUM,5,COST_BASED,COST_BASED,false,false
1,baseline,1,2039,0.0,0.5445859872611465,HYBRID_HEAT_PUMP,TOTAL,151486,8842,658,162258,16706,0.835047751635986,0.7034523243822711,0.5751745874361085,1505.0993056386926,0.7026229018053843,MEDIUM,MEDIUM,MEDIUM,5,COST_BASED,COST_BASED,false,false
1,baseline,1,2040,0.0,0.5445859872611465,HYBRID_HEAT_PUMP,TOTAL,155732,8558,4312,170816,23779,0.7477936346140854,0.667537297047454,0.38770796019419873,1460.6078472601876,0.7174305468691196,MEDIUM,MEDIUM,MEDIUM,5,COST_BASED,COST_BASED,false,false
1,baseline,1,2041,0.0,0.5445859872611465,HYBRID_HEAT_PUMP,TOTAL,161481,11703,5954,182519,27687,0.7605085127970895,0.6753002175058189,0.42558656777181336,1483.8898761151443,0.7164265561165007,MEDIUM,MEDIUM,MEDIUM,5,COST_BASED,COST_BASED,false,false
1,baseline,1,2042,0.0,0.5445859872611465,HYBRID_HEAT_PUMP,TOTAL,166237,10036,5280,192555,27484,0.7446293491371252,0.6730692875840029,0.37308214553593183,1434.6128656672972,0.7301760577077441,MEDIUM,MEDIUM,MEDIUM,5,COST_BASED,COST_BASED,false,false
1,baseline,1,2043,0.0,0.5445859872611465,HYBRID_HEAT_PUMP,TOTAL,167908,11215,9544,203770,31536,0.7461340949221261,0.6696599761104166,0.3742981099667952,1388.7630961440893,0.7243819129433948,MEDIUM,MEDIUM,MEDIUM,5,COST_BASED,COST_BASED,false,false
1,baseline,1,2044,0.0,0.5445859872611465,HYBRID_HEAT_PUMP,TOTAL,170609,9672,6971,213442,28032,0.7357712684048962,0.6605001629928428,0.33016518514602516,1380.6069492009133,0.724266131101538,MEDIUM,MEDIUM,MEDIUM,5,COST_BASED,COST_BASED,false,false
1,baseline,1,2045,0.0,0.5445859872611465,HYBRID_HEAT_PUMP,TOTAL,172156,9329,7782,222771,29063,0.7311785473104243,0.6740224176905045,0.32227838996680924,1348.199600867082,0.7476693922164497,MEDIUM,MEDIUM,MEDIUM,5,COST_BASED,COST_BASED,false,false
1,baseline,1,2046,0.0,0.5445859872611465,HYBRID_HEAT_PUMP,TOTAL,173331,13008,11833,235779,33597,0.7483465442025021,0.6948599185586151,0.3833498174031344,1336.858677858142,0.759365787436521,MEDIUM,MEDIUM,MEDIUM,5,COST_BASED,COST_BASED,false,false
1,baseline,1,2047,0.0,0.5445859872611465,HYBRID_HEAT_PUMP,TOTAL,173987,12551,11895,248330,32637,0.7473564328051482,0.6871584277666498,0.37859329304401423,1298.3888531421394,0.7492502101876856,MEDIUM,MEDIUM,MEDIUM,5,COST_BASED,COST_BASED,false,false
1,baseline,1,2048,0.0,0.5445859872611465,HYBRID_HEAT_PUMP,TOTAL,174445,14228,13770,262558,32784,0.7525403374484144,0.6831917440304536,0.400363656094337,1321.7873657881894,0.7365616176599856,MEDIUM,MEDIUM,MEDIUM,5,COST_BASED,COST_BASED,false,false
1,baseline,1,2049,0.0,0.5445859872611465,HYBRID_HEAT_PUMP,TOTAL,174880,14320,13885,276878,34026,0.7512231698659358,0.6786053901795629,0.39414590638480707,1269.5961911479458,0.7315658162066553,MEDIUM,MEDIUM,MEDIUM,5,COST_BASED,COST_BASED,false,false
1,baseline,1,2050,0.0,0.5445859872611465,HYBRID_HEAT_PUMP,TOTAL,175228,16412,16064,293290,35825,0.7570323579059355,0.6824455356866767,0.40972498634197635,1267.558995115143,0.7319789674680308,MEDIUM,MEDIUM,MEDIUM,5,COST_BASED,COST_BASED,false,false
1,baseline,1,2024,0.0,0.0,HYBRID_HEAT_PUMP,PRIVATELY_OWNED,9139,9139,0,9139,0,0.0,0.0,0.0,0.0,0.0,MEDIUM,MEDIUM,MEDIUM,5,COST_BASED,COST_BASED,false,false
1,baseline,1,2025,0.0,0.13800424628450106,HYBRID_HEAT_PUMP,PRIVATELY_OWNED,11967,3454,626,12593,33205,0.7649208056647435,0.5969427032631509,0.03567173637837072,1877.887366360488,0.6952659193839598,MEDIUM,MEDIUM,MEDIUM,5,COST_BASED,COST_BASED,false,false
1,baseline,1,2026,0.0,0.13800424628450106,HYBRID_HEAT_PUMP,PRIVATELY_OWNED,16249,4878,596,17471,33357,0.7648365519366266,0.5988227465746515,0.048802256828609863,1854.524747429325,0.6948244176706717,MEDIUM,MEDIUM,MEDIUM,5,COST_BASED,COST_BASED,false,false
1,baseline,1,2027,0.0,0.13800424628450106,HYBRID_HEAT_PUMP,PRIVATELY_OWNED,19599,3929,579,21400,33669,0.764718958972736,0.5956576407029798,0.06200105032742115,1821.9503400754404,0.6868064587294272,MEDIUM,MEDIUM,MEDIUM,5,COST_BASED,COST_BASED,false,false
1,baseline,1,2028,0.0,0.13800424628450106,HYBRID_HEAT_PUMP,PRIVATELY_OWNED,26961,7956,594,29356,34474,0.7652046329929849,0.6014848394025184,0.07985468877272549,1789.2625166792366,0.6909624286623517,MEDIUM,MEDIUM,MEDIUM,5,COST_BASED,COST_BASED,false,false
1,baseline,1,2029,0.0,0.13800424628450106,HYBRID_HEAT_PUMP,PRIVATELY_OWNED,31555,5103,509,34459,34650,0.7659050046475299,0.5931740030156967,0.10266655717787068,1764.708427128427,0.6726181140671968,MEDIUM,MEDIUM,MEDIUM,5,COST_BASED,COST_BASED,false,false
1,baseline,1,2030,0.0,0.5445859872611465,HYBRID_HEAT_PUMP,PRIVATELY_OWNED,36721,5804,638,40263,34506,0.7650690377156951,0.6040726438151128,0.11772639786788436,1743.6742885295312,0.6854101068267635,MEDIUM,MEDIUM,MEDIUM,5,COST_BASED,COST_BASED,false,false
1,baseline,1,2031,0.0,0.5445859872611465,HYBRID_HEAT_PUMP,PRIVATELY_OWNED,45638,9556,639,49819,35332,0.7660708356212917,0.6201252398062214,0.14327864568700088,1706.3565323219743,0.7028504893822477,MEDIUM,MEDIUM,MEDIUM,5,COST_BASED,COST_BASED,false,false
1,baseline,1,2032,0.0,0.5445859872611465,HYBRID_HEAT_PUMP,PRIVATELY_OWNED,54508,9508,638,59327,34718,0.7672963921034919,0.6213114199888177,0.17889679231413433,1689.2151909672216,0.6954188338788226,MEDIUM,MEDIUM,MEDIUM,5,COST_BASED,COST_BASED,false,false
1,baseline,1,2033,0.0,0.5445859872611465,HYBRID_HEAT_PUMP,PRIVATELY_OWNED,64968,11029,569,70356,34314,0.7654653714763625,0.6261432677304984,0.21298430287224293,1686.5090633560646,0.6946024830086109,MEDIUM,MEDIUM,MEDIUM,5,COST_BASED,COST_BASED,false,false
1,baseline,1,2034,0.0,0.5445859872611465,HYBRID_HEAT_PUMP,PRIVATELY_OWNED,75626,11298,640,81654,36449,0.7658340209378822,0.6234886655687427,0.24873102378153011,1616.2405827320365,0.6815917371732558,MEDIUM,MEDIUM,MEDIUM,5,COST_BASED,COST_BASED,false,false
1,baseline,1,2035,0.0,0.5445859872611465,HYBRID_HEAT_PUMP,PRIVATELY_OWNED,87999,13018,645,94672,37088,0.7662099972176538,0.6479347634793913,0.2915310707402726,1602.8972983175152,0.7074668782296079,MEDIUM,MEDIUM,MEDIUM,5,COST_BASED,COST_BASED,false,false
1,baseline,1,2036,0.0,0.5445859872611465,HYBRID_HEAT_PUMP,PRIVATELY_OWNED,98721,11437,715,106109,33586,0.7651384924302168,0.6457276893286664,0.3241558956704143,1625.8787887810397,0.6962679369678533,MEDIUM,MEDIUM,MEDIUM,5,COST_BASED,COST_BASED,false,false
1,baseline,1,2037,0.0,0.5445859872611465,HYBRID_HEAT_PUMP,PRIVATELY_OWNED,108633,10545,633,116654,21958,0.8099327800068218,0.6775777400532579,0.4423975692900883,1487.80572001093,0.7032840227556615,MEDIUM,MEDIUM,MEDIUM,5,COST_BASED,COST_BASED,false,false
1,baseline,1,2038,0.0,0.5445859872611465,HYBRID_HEAT_PUMP,PRIVATELY_OWNED,117018,8938,553,125592,17644,0.8163527835576552,0.6814255867306593,0.48585533940115433,1477.6935502153706,0.6965863493562853,MEDIUM,MEDIUM,MEDIUM,5,COST_BASED,COST_BASED,false,false
1,baseline,1,2039,0.0,0.5445859872611465,HYBRID_HEAT_PUMP,PRIVATELY_OWNED,124873,8420,565,134012,14482,0.835047751635986,0.7034523243822711,0.5751745874361085,1553.5897666068222,0.7026229018053843,MEDIUM,MEDIUM,MEDIUM,5,COST_BASED,COST_BASED,false,false
1,baseline,1,2040,0.0,0.5445859872611465,HYBRID_HEAT_PUMP,PRIVATELY_OWNED,129013,7594,3454,141606,21972,0.7477936346140854,0.667537297047454,0.38770796019419873,1492.1160112870928,0.7174305468691196,MEDIUM,MEDIUM,MEDIUM,5,COST_BASED,COST_BASED,false,false
1,baseline,1,2041,0.0,0.5445859872611465,HYBRID_HEAT_PUMP,PRIVATELY_OWNED,134576,10441,4878,152047,26884,0.7605085127970895,0.6753002175058189,0.42558656777181336,1490.7255244755245,0.7164265561165007,MEDIUM,MEDIUM,MEDIUM,5,COST_BASED,COST_BASED,false,false
1,baseline,1,2042,0.0,0.5445859872611465,HYBRID_HEAT_PUMP,PRIVATELY_OWNED,139183,8536,3929,160583,26275,0.7446293491371252,0.6730692875840029,0.37308214553593183,1444.0509609895337,0.7301760577077441,MEDIUM,MEDIUM,MEDIUM,5,COST_BASED,COST_BASED,false,false
1,baseline,1,2043,0.0,0.5445859872611465,HYBRID_HEAT_PUMP,PRIVATELY_OWNED,140721,9494,7956,170077,28456,0.7461340949221261,0.6696599761104166,0.3742981099667952,1412.8682878830475,0.7243819129433948,MEDIUM,MEDIUM,MEDIUM,5,COST_BASED,COST_BASED,false,false
1,baseline,1,2044,0.0,0.5445859872611465,HYBRID_HEAT_PUMP,PRIVATELY_OWNED,143289,7671,5103,177748,27614,0.7357712684048962,0.6605001629928428,0.33016518514602516,1381.938944013906,0.724266131101538,MEDIUM,MEDIUM,MEDIUM,5,COST_BASED,COST_BASED,false,false
1,baseline,1,2045,0.0,0.5445859872611465,HYBRID_HEAT_PUMP,PRIVATELY_OWNED,144696,7211,5804,184959,27274,0.7311785473104243,0.6740224176905045,0.32227838996680924,1359.3156852680208,0.7476693922164497,MEDIUM,MEDIUM,MEDIUM,5,COST_BASED,COST_BASED,false,false
1,baseline,1,2046,0.0,0.5445859872611465,HYBRID_HEAT_PUMP,PRIVATELY_OWNED,145693,10553,9556,195512,31223,0.7483465442025021,0.6948599185586151,0.3833498174031344,1347.449284181533,0.759365787436521,MEDIUM,MEDIUM,MEDIUM,5,COST_BASED,COST_BASED,false,false
1,baseline,1,2047,0.0,0.5445859872611465,HYBRID_HEAT_PUMP,PRIVATELY_OWNED,146211,10026,9508,205538,30832,0.7473564328051482,0.6871584277666498,0.37859329304401423,1317.5200116761805,0.7492502101876856,MEDIUM,MEDIUM,MEDIUM,5,COST_BASED,COST_BASED,false,false
1,baseline,1,2048,0.0,0.5445859872611465,HYBRID_HEAT_PUMP,PRIVATELY_OWNED,146526,11344,11029,216882,32202,0.7525403374484144,0.6831917440304536,0.400363656094337,1324.9069312465065,0.7365616176599856,MEDIUM,MEDIUM,MEDIUM,5,COST_BASED,COST_BASED,false,false
1,baseline,1,2049,0.0,0.5445859872611465,HYBRID_HEAT_PUMP,PRIVATELY_OWNED,146797,11569,11298,228451,33375,0.7512231698659358,0.6786053901795629,0.39414590638480707,1269.3419625468164,0.7315658162066553,MEDIUM,MEDIUM,MEDIUM,5,COST_BASED,COST_BASED,false,false
1,baseline,1,2050,0.0,0.5445859872611465,HYBRID_HEAT_PUMP,PRIVATELY_OWNED,147015,13236,13018,241687,35429,0.7570323579059355,0.6824455356866767,0.40972498634197635,1268.5463038753564,0.7319789674680308,MEDIUM,MEDIUM,MEDIUM,5,COST_BASED,COST_BASED,false,false
1,baseline,1,2024,0.0,0.0,HYBRID_HEAT_PUMP,SOCIAL_HOUSING,126,126,0,126,0,0.0,0.0,0.0,0.0,0.0,MEDIUM,MEDIUM,MEDIUM,5,COST_BASED,COST_BASED,false,false
1,baseline,1,2025,0.0,0.13800424628450106,HYBRID_HEAT_PUMP,SOCIAL_HOUSING,117,0,9,126,5098,0.0,0.0,0.0,1529.2116516280894,0.0,MEDIUM,MEDIUM,MEDIUM,5,COST_BASED,COST_BASED,false,false
1,baseline,1,2026,0.0,0.13800424628450106,HYBRID_HEAT_PUMP,SOCIAL_HOUSING,70,0,47,126,10620,0.0,0.0,0.0,1478.809604519774,0.0,MEDIUM,MEDIUM,MEDIUM,5,COST_BASED,COST_BASED,false,false
1,baseline,1,2027,0.0,0.13800424628450106,HYBRID_HEAT_PUMP,SOCIAL_HOUSING,70,0,0,126,9647,0.0,0.0,0.0,1515.830413600083,0.0,MEDIUM,MEDIUM,MEDIUM,5,COST_BASED,COST_BASED,false,false
1,baseline,1,2028,0.0,0.13800424628450106,HYBRID_HEAT_PUMP,SOCIAL_HOUSING,63,0,7,126,10404,0.0,0.0,0.0,1485.0401768550557,0.0,MEDIUM,MEDIUM,MEDIUM,5,COST_BASED,COST_BASED,false,false
1,baseline,1,2029,0.0,0.13800424628450106,HYBRID_HEAT_PUMP,SOCIAL_HOUSING,63,0,0,126,7336,0.0,0.0,0.0,1544.44520174482,0.0,MEDIUM,MEDIUM,MEDIUM,5,COST_BASED,COST_BASED,false,false
1,baseline,1,2030,0.0,0.5445859872611465,HYBRID_HEAT_PUMP,SOCIAL_HOUSING,42,0,21,126,8699,0.0,0.0,0.0,1464.2452005977698,0.0,MEDIUM,MEDIUM,MEDIUM,5,COST_BASED,COST_BASED,false,false
1,baseline,1,2031,0.0,0.5445859872611465,HYBRID_HEAT_PUMP,SOCIAL_HOUSING,42,0,0,126,9810,0.0,0.0,0.0,1459.080733944954,0.0,MEDIUM,MEDIUM,MEDIUM,5,COST_BASED,COST_BASED,false,false
1,baseline,1,2032,0.0,0.5445859872611465,HYBRID_HEAT_PUMP,SOCIAL_HOUSING,14,0,28,126,9746,0.0,0.0,0.0,1518.262466652986,0.0,MEDIUM,MEDIUM,MEDIUM,5,COST_BASED,COST_BASED,false,false
1,baseline,1,2033,0.0,0.5445859872611465,HYBRID_HEAT_PUMP,SOCIAL_HOUSING,14,0,0,126,8075,0.0,0.0,0.0,1431.5756037151702,0.0,MEDIUM,MEDIUM,MEDIUM,5,COST_BASED,COST_BASED,false,false
1,baseline,1,2034,0.0,0.5445859872611465,HYBRID_HEAT_PUMP,SOCIAL_HOUSING,14,0,0,126,7443,0.0,0.0,0.0,1400.3573827757625,0.0,MEDIUM,MEDIUM,MEDIUM,5,COST_BASED,COST_BASED,false,false
1,baseline,1,2035,0.0,0.5445859872611465,HYBRID_HEAT_PUMP,SOCIAL_HOUSING,14,0,0,126,9722,0.0,0.0,0.0,1400.2932524171981,0.0,MEDIUM,MEDIUM,MEDIUM,5,COST_BASED,COST_BASED,false,false
1,baseline,1,2036,0.0,0.5445859872611465,HYBRID_HEAT_PUMP,SOCIAL_HOUSING,0,0,14,126,6385,0.0,0.0,0.0,1446.9592795614722,0.0,MEDIUM,MEDIUM,MEDIUM,5,COST_BASED,COST_BASED,false,false
1,baseline,1,2037,0.0,0.5445859872611465,HYBRID_HEAT_PUMP,SOCIAL_HOUSING,0,0,0,126,3741,0.0,0.0,0.0,1040.6811013098102,0.0,MEDIUM,MEDIUM,MEDIUM,5,COST_BASED,COST_BASED,false,false
1,baseline,1,2038,0.0,0.5445859872611465,HYBRID_HEAT_PUMP,SOCIAL_HOUSING,0,0,0,126,765,0.0,0.0,0.0,1278.1869281045751,0.0,MEDIUM,MEDIUM,MEDIUM,5,COST_BASED,COST_BASED,false,false
1,baseline,1,2039,0.0,0.5445859872611465,HYBRID_HEAT_PUMP,SOCIAL_HOUSING,0,0,0,126,1248,0.0,0.0,0.0,1222.3429487179487,0.0,MEDIUM,MEDIUM,MEDIUM,5,COST_BASED,COST_BASED,false,false
1,baseline,1,2040,0.0,0.5445859872611465,HYBRID_HEAT_PUMP,SOCIAL_HOUSING,0,0,0,126,1467,0.0,0.0,0.0,1013.9815950920246,0.0,MEDIUM,MEDIUM,MEDIUM,5,COST_BASED,COST_BASED,false,false
1,baseline,1,2041,0.0,0.5445859872611465,HYBRID_HEAT_PUMP,SOCIAL_HOUSING,0,0,0,126,0,0.0,0.0,0.0,0.0,0.0,MEDIUM,MEDIUM,MEDIUM,5,COST_BASED,COST_BASED,false,false
1,baseline,1,2042,0.0,0.5445859872611465,HYBRID_HEAT_PUMP,SOCIAL_HOUSING,0,0,0,126,577,0.0,0.0,0.0,1258.636048526863,0.0,MEDIUM,MEDIUM,MEDIUM,5,COST_BASED,COST_BASED,false,false
1,baseline,1,2043,0.0,0.5445859872611465,HYBRID_HEAT_PUMP,SOCIAL_HOUSING,0,0,0,126,2636,0.0,0.0,0.0,1158.6987860394538,0.0,MEDIUM,MEDIUM,MEDIUM,5,COST_BASED,COST_BASED,false,false
1,baseline,1,2044,0.0,0.5445859872611465,HYBRID_HEAT_PUMP,SOCIAL_HOUSING,0,0,0,126,0,0.0,0.0,0.0,0.0,0.0,MEDIUM,MEDIUM,MEDIUM,5,COST_BASED,COST_BASED,false,false
1,baseline,1,2045,0.0,0.5445859872611465,HYBRID_HEAT_PUMP,SOCIAL_HOUSING,0,0,0,126,1421,0.0,0.0,0.0,1149.795918367347,0.0,MEDIUM,MEDIUM,MEDIUM,5,COST_BASED,COST_BASED,false,false
1,baseline,1,2046,0.0,0.5445859872611465,HYBRID_HEAT_PUMP,SOCIAL_HOUSING,0,0,0,126,1862,0.0,0.0,0.0,1192.047261009667,0.0,MEDIUM,MEDIUM,MEDIUM,5,COST_BASED,COST_BASED,false,false
1,baseline,1,2047,0.0,0.5445859872611465,HYBRID_HEAT_PUMP,SOCIAL_HOUSING,0,0,0,126,1460,0.0,0.0,0.0,899.3849315068493,0.0,MEDIUM,MEDIUM,MEDIUM,5,COST_BASED,COST_BASED,false,false
1,baseline,1,2048,0.0,0.5445859872611465,HYBRID_HEAT_PUMP,SOCIAL_HOUSING,0,0,0,126,0,0.0,0.0,0.0,0.0,0.0,MEDIUM,MEDIUM,MEDIUM,5,COST_BASED,COST_BASED,false,false
1,baseline,1,2049,0.0,0.5445859872611465,HYBRID_HEAT_PUMP,SOCIAL_HOUSING,0,0,0,126,258,0.0,0.0,0.0,1353.437984496124,0.0,MEDIUM,MEDIUM,MEDIUM,5,COST_BASED,COST_BASED,false,false
1,baseline,1,2050,0.0,0.5445859872611465,HYBRID_HEAT_PUMP,SOCIAL_HOUSING,0,0,0,126,0,0.0,0.0,0.0,0.0,0.0,MEDIUM,MEDIUM,MEDIUM,5,COST_BASED,COST_BASED,false,false
1,baseline,1,2024,0.0,0.0,HYBRID_HEAT_PUMP,PRIVATELY_RENTED,1507,1507,0,1507,0,0.0,0.0,0.0,0.0,0.0,MEDIUM,MEDIUM,MEDIUM,5,COST_BASED,COST_BASED,false,false
1,baseline,1,2025,0.0,0.13800424628450106,HYBRID_HEAT_PUMP,PRIVATELY_RENTED,2251,858,114,2365,6789,0.0,0.0,0.0,1610.8762704374724,0.0,MEDIUM,MEDIUM,MEDIUM,5,COST_BASED,COST_BASED,false,false
1,baseline,1,2026,0.0,0.13800424628450106,HYBRID_HEAT_PUMP,PRIVATELY_RENTED,3222,1076,105,3441,6821,0.0,0.0,0.0,1590.9494209060256,0.0,MEDIUM,MEDIUM,MEDIUM,5,COST_BASED,COST_BASED,false,false
1,baseline,1,2027,0.0,0.13800424628450106,HYBRID_HEAT_PUMP,PRIVATELY_RENTED,4459,1351,114,4792,6756,0.0,0.0,0.0,1566.7548845470692,0.0,MEDIUM,MEDIUM,MEDIUM,5,COST_BASED,COST_BASED,false,false
1,baseline,1,2028,0.0,0.13800424628450106,HYBRID_HEAT_PUMP,PRIVATELY_RENTED,5928,1588,119,6380,6881,0.0,0.0,0.0,1529.4069175991863,0.0,MEDIUM,MEDIUM,MEDIUM,5,COST_BASED,COST_BASED,false,false
1,baseline,1,2029,0.0,0.13800424628450106,HYBRID_HEAT_PUMP,PRIVATELY_RENTED,7707,1868,89,8248,6592,0.0,0.0,0.0,1538.8789441747572,0.0,MEDIUM,MEDIUM,MEDIUM,5,COST_BASED,COST_BASED,false,false
1,baseline,1,2030,0.0,0.5445859872611465,HYBRID_HEAT_PUMP,PRIVATELY_RENTED,9592,1978,93,10226,6685,0.0,0.0,0.0,1527.3320867614061,0.0,MEDIUM,MEDIUM,MEDIUM,5,COST_BASED,COST_BASED,false,false
1,baseline,1,2031,0.0,0.5445859872611465,HYBRID_HEAT_PUMP,PRIVATELY_RENTED,11759,2277,110,12503,6694,0.0,0.0,0.0,1480.7482820436212,0.0,MEDIUM,MEDIUM,MEDIUM,5,COST_BASED,COST_BASED,false,false
1,baseline,1,2032,0.0,0.5445859872611465,HYBRID_HEAT_PUMP,PRIVATELY_RENTED,14051,2387,95,14890,6762,0.0,0.0,0.0,1474.43256433008,0.0,MEDIUM,MEDIUM,MEDIUM,5,COST_BASED,COST_BASED,false,false
1,baseline,1,2033,0.0,0.5445859872611465,HYBRID_HEAT_PUMP,PRIVATELY_RENTED,16698,2741,94,17631,6901,0.0,0.0,0.0,1451.912911172294,0.0,MEDIUM,MEDIUM,MEDIUM,5,COST_BASED,COST_BASED,false,false
1,baseline,1,2034,0.0,0.5445859872611465,HYBRID_HEAT_PUMP,PRIVATELY_RENTED,19195,2587,90,20218,6536,0.0,0.0,0.0,1444.3696450428397,0.0,MEDIUM,MEDIUM,MEDIUM,5,COST_BASED,COST_BASED,false,false
1,baseline,1,2035,0.0,0.5445859872611465,HYBRID_HEAT_PUMP,PRIVATELY_RENTED,22139,3046,102,23264,6613,0.0,0.0,0.0,1426.4494178133978,0.0,MEDIUM,MEDIUM,MEDIUM,5,COST_BASED,COST_BASED,false,false
1,baseline,1,2036,0.0,0.5445859872611465,HYBRID_HEAT_PUMP,PRIVATELY_RENTED,25203,3176,112,26440,6599,0.0,0.0,0.0,1418.799515078042,0.0,MEDIUM,MEDIUM,MEDIUM,5,COST_BASED,COST_BASED,false,false
1,baseline,1,2037,0.0,0.5445859872611465,HYBRID_HEAT_PUMP,PRIVATELY_RENTED,25710,606,99,27046,933,0.0,0.0,0.0,1163.0428724544481,0.0,MEDIUM,MEDIUM,MEDIUM,5,COST_BASED,COST_BASED,false,false
1,baseline,1,2038,0.0,0.5445859872611465,HYBRID_HEAT_PUMP,PRIVATELY_RENTED,26284,652,78,27698,1031,0.0,0.0,0.0,1118.7895247332688,0.0,MEDIUM,MEDIUM,MEDIUM,5,COST_BASED,COST_BASED,false,false
1,baseline,1,2039,0.0,0.5445859872611465,HYBRID_HEAT_PUMP,PRIVATELY_RENTED,26613,422,93,28120,976,0.0,0.0,0.0,1147.1495901639344,0.0,MEDIUM,MEDIUM,MEDIUM,5,COST_BASED,COST_BASED,false,false
1,baseline,1,2040,0.0,0.5445859872611465,HYBRID_HEAT_PUMP,PRIVATELY_RENTED,26719,964,858,29084,340,0.0,0.0,0.0,1351.5,0.0,MEDIUM,MEDIUM,MEDIUM,5,COST_BASED,COST_BASED,false,false
1,baseline,1,2041,0.0,0.5445859872611465,HYBRID_HEAT_PUMP,PRIVATELY_RENTED,26905,1262,1076,30346,803,0.0,0.0,0.0,1255.0361145703612,0.0,MEDIUM,MEDIUM,MEDIUM,5,COST_BASED,COST_BASED,false,false
1,baseline,1,2042,0.0,0.5445859872611465,HYBRID_HEAT_PUMP,PRIVATELY_RENTED,27054,1500,1351,31846,632,0.0,0.0,0.0,1202.892405063291,0.0,MEDIUM,MEDIUM,MEDIUM,5,COST_BASED,COST_BASED,false,false
1,baseline,1,2043,0.0,0.5445859872611465,HYBRID_HEAT_PUMP,PRIVATELY_RENTED,27187,1721,1588,33567,444,0.0,0.0,0.0,1209.7364864864865,0.0,MEDIUM,MEDIUM,MEDIUM,5,COST_BASED,COST_BASED,false,false
1,baseline,1,2044,0.0,0.5445859872611465,HYBRID_HEAT_PUMP,PRIVATELY_RENTED,27320,2001,1868,35568,418,0.0,0.0,0.0,1292.6124401913876,0.0,MEDIUM,MEDIUM,MEDIUM,5,COST_BASED,COST_BASED,false,false
1,baseline,1,2045,0.0,0.5445859872611465,HYBRID_HEAT_PUMP,PRIVATELY_RENTED,27460,2118,1978,37686,368,0.0,0.0,0.0,1290.4592391304348,0.0,MEDIUM,MEDIUM,MEDIUM,5,COST_BASED,COST_BASED,false,false
1,baseline,1,2046,0.0,0.5445859872611465,HYBRID_HEAT_PUMP,PRIVATELY_RENTED,27638,2455,2277,40141,512,0.0,0.0,0.0,1217.65625,0.0,MEDIUM,MEDIUM,MEDIUM,5,COST_BASED,COST_BASED,false,false
1,baseline,1,2047,0.0,0.5445859872611465,HYBRID_HEAT_PUMP,PRIVATELY_RENTED,27776,2525,2387,42666,345,0.0,0.0,0.0,1277.2115942028986,0.0,MEDIUM,MEDIUM,MEDIUM,5,COST_BASED,COST_BASED,false,false
1,baseline,1,2048,0.0,0.5445859872611465,HYBRID_HEAT_PUMP,PRIVATELY_RENTED,27919,2884,2741,45550,582,0.0,0.0,0.0,1149.1821305841925,0.0,MEDIUM,MEDIUM,MEDIUM,5,COST_BASED,COST_BASED,false,false
1,baseline,1,2049,0.0,0.5445859872611465,HYBRID_HEAT_PUMP,PRIVATELY_RENTED,28083,2751,2587,48301,393,0.0,0.0,0.0,1236.145038167939,0.0,MEDIUM,MEDIUM,MEDIUM,5,COST_BASED,COST_BASED,false,false
1,baseline,1,2050,0.0,0.5445859872611465,HYBRID_HEAT_PUMP,PRIVATELY_RENTED,28213,3176,3046,51477,396,0.0,0.0,0.0,1179.2272727272727,0.0,MEDIUM,MEDIUM,MEDIUM,5,COST_BASED,COST_BASED,false,false
