scenario,scenario_name,iteration,year,nbh_in_grid_congestion_perc,nbh_with_dh_perc,heating_system,ownership,installed_current,installed_annually,removed_annually,installed_cumulative,considered_annually,avg_att,avg_util,avg_sub_norm,avg_eac,avg_pbc,SLF,ELF,GRR,DHCT,DHES,SHAES,DHCO,GCHPB
1,baseline,1,2024,0.0,0.0,NATURAL_GAS_BOILER,TOTAL,498584,498584,0,498584,0,0.0,0.0,0.0,0.0,0.0,MEDIUM,MEDIUM,MEDIUM,5,COST_BASED,COST_BASED,false,false
1,baseline,1,2025,0.0,0.13800424628450106,NATURAL_GAS_BOILER,TOTAL,490439,31951,40096,530535,47388,0.28546386504390325,0.6141356648853296,0.9506713564395709,1620.3667384147886,0.731003611512064,MEDIUM,MEDIUM,MEDIUM,5,COST_BASED,COST_BASED,false,false
1,baseline,1,2026,0.0,0.13800424628450106,NATURAL_GAS_BOILER,TOTAL,479299,30540,41680,561075,50503,0.2852828577686384,0.6071174196932358,0.8534142897916314,1597.3661366651486,0.7326786288737339,MEDIUM,MEDIUM,MEDIUM,5,COST_BASED,COST_BASED,false,false
1,baseline,1,2027,0.0,0.13800424628450106,NATURAL_GAS_BOILER,TOTAL,465712,28599,42186,589674,51385,0.2849567784321644,0.604380611452144,0.8298142845395948,1569.2863092342122,0.7316049370027249,MEDIUM,MEDIUM,MEDIUM,5,COST_BASED,COST_BASED,false,false
1,baseline,1,2028,0.0,0.13800424628450106,NATURAL_GAS_BOILER,TOTAL,448828,26608,43492,616282,51416,0.28435381562696743,0.6057534120039266,0.8007140696820593,1598.5250116695192,0.7374524053888938,MEDIUM,MEDIUM,MEDIUM,5,COST_BASED,COST_BASED,false,false
1,baseline,1,2029,0.0,0.13800424628450106,NATURAL_GAS_BOILER,TOTAL,426906,23336,45258,639618,52685,0.28435377691310687,0.5922734334953675,0.7606532165757504,1594.7716617633102,0.7222400539427983,MEDIUM,MEDIUM,MEDIUM,5,COST_BASED,COST_BASED,false,false
1,baseline,1,2030,0.0,0.16666666666666666,NATURAL_GAS_BOILER,TOTAL,404744,17988,40150,657606,49703,0.28601698394979125,0.5864535155161542,0.7200369828263747,1600.2057018691025,0.7181714044334955,MEDIUM,MEDIUM,MEDIUM,5,COST_BASED,COST_BASED,false,false
1,baseline,1,2031,0.0,0.19957537154989385,NATURAL_GAS_BOILER,TOTAL,379389,18263,43618,675869,52502,0.2860429013924803,0.582998254943887,0.6787409953585729,1590.7214391832692,0.718144032647885,MEDIUM,MEDIUM,MEDIUM,5,COST_BASED,COST_BASED,false,false
1,baseline,1,2032,0.0,0.22399150743099788,NATURAL_GAS_BOILER,TOTAL,354141,14062,39310,689931,47751,0.2843551586602173,0.5888822848526314,0.6078207518993423,1601.680886264162,0.7362570436264761,MEDIUM,MEDIUM,MEDIUM,5,COST_BASED,COST_BASED,false,false
1,baseline,1,2033,0.0,0.2505307855626327,NATURAL_GAS_BOILER,TOTAL,326758,12030,39413,701961,46755,0.28592986466037107,0.583545542927221,0.5558302492635688,1616.6460699390439,0.7343570670677801,MEDIUM,MEDIUM,MEDIUM,5,COST_BASED,COST_BASED,false,false
1,baseline,1,2034,0.0,0.2781316348195329,NATURAL_GAS_BOILER,TOTAL,297845,14593,43506,716554,52191,0.28599907213701564,0.5778089283870216,0.47595677290575744,1566.370025483321,0.7357190279330569,MEDIUM,MEDIUM,MEDIUM,5,COST_BASED,COST_BASED,false,false
1,baseline,1,2035,0.0,0.3089171974522293,NATURAL_GAS_BOILER,TOTAL,269238,12043,40650,728597,50968,0.2861833055430266,0.5696314348940431,0.3847255903860046,1572.0034727672264,0.7348106271570607,MEDIUM,MEDIUM,MEDIUM,5,COST_BASED,COST_BASED,false,false
1,baseline,1,2036,0.0,0.3386411889596603,NATURAL_GAS_BOILER,TOTAL,241617,11604,39225,740201,47676,0.28473625693015947,0.5581041613413378,0.2995291503678687,1617.9323349274268,0.7285310339834904,MEDIUM,MEDIUM,MEDIUM,5,COST_BASED,COST_BASED,false,false
1,baseline,1,2037,0.0,0.3673036093418259,NATURAL_GAS_BOILER,TOTAL,225202,15536,31951,755737,40998,0.3359361350015197,0.5588141702433058,0.2928556801050916,1474.2709644372896,0.7176302616014463,MEDIUM,MEDIUM,MEDIUM,5,COST_BASED,COST_BASED,false,false
1,baseline,1,2038,0.0,0.3885350318471338,NATURAL_GAS_BOILER,TOTAL,211061,16399,30540,772136,37136,0.3585777521970874,0.5684965584796641,0.2607839072753172,1474.5930633347696,0.7305024112608105,MEDIUM,MEDIUM,MEDIUM,5,COST_BASED,COST_BASED,false,false
1,baseline,1,2039,0.0,0.42250530785562634,NATURAL_GAS_BOILER,TOTAL,198983,16521,28599,788657,33460,0.37933546213724,0.5571316817046847,0.23803964469015979,1435.0371189479977,0.7111087014364434,MEDIUM,MEDIUM,MEDIUM,5,COST_BASED,COST_BASED,false,false
1,baseline,1,2040,0.0,0.43524416135881105,NATURAL_GAS_BOILER,TOTAL,188940,16565,26608,805222,42378,0.29362334595469963,0.5351698710919333,0.1263109063435183,1576.8659681910426,0.713560106856284,MEDIUM,MEDIUM,MEDIUM,5,COST_BASED,COST_BASED,false,false
1,baseline,1,2041,0.0,0.4575371549893843,NATURAL_GAS_BOILER,TOTAL,181515,15911,23336,821133,42025,0.2716908717771341,0.5289038109748149,0.08925193863825416,1564.093230220107,0.714276506188153,MEDIUM,MEDIUM,MEDIUM,5,COST_BASED,COST_BASED,false,false
1,baseline,1,2042,0.0,0.4819532908704883,NATURAL_GAS_BOILER,TOTAL,177110,13583,17988,834716,40496,0.26013936251722286,0.5214708636698918,0.0714308918585097,1574.7829909126826,0.708242593393221,MEDIUM,MEDIUM,MEDIUM,5,COST_BASED,COST_BASED,false,false
1,baseline,1,2043,0.0,0.5180467091295117,NATURAL_GAS_BOILER,TOTAL,173644,14797,18263,849513,41859,0.25226153630975756,0.5202843209144695,0.062336447337251105,1578.4189541078383,0.709569041377103,MEDIUM,MEDIUM,MEDIUM,5,COST_BASED,COST_BASED,false,false
1,baseline,1,2044,0.0,0.5424628450106157,NATURAL_GAS_BOILER,TOTAL,170755,11173,14062,860686,42833,0.26365607824117127,0.5072280786440385,0.05108413254839405,1619.2441341955969,0.6885425818372196,MEDIUM,MEDIUM,MEDIUM,5,COST_BASED,COST_BASED,false,false
1,baseline,1,2045,0.0,0.5424628450106157,NATURAL_GAS_BOILER,TOTAL,168680,9955,12030,870641,42911,0.26568039526023735,0.5050958409303414,0.04599468099283632,1629.6482253967515,0.6854743274563452,MEDIUM,MEDIUM,MEDIUM,5,COST_BASED,COST_BASED,false,false
1,baseline,1,2046,0.0,0.5424628450106157,NATURAL_GAS_BOILER,TOTAL,168048,13961,14593,884602,49129,0.269627266697022,0.5099683324052182,0.04410843855588706,1593.0404038348022,0.6920321271140842,MEDIUM,MEDIUM,MEDIUM,5,COST_BASED,COST_BASED,false,false
1,baseline,1,2047,0.0,0.5424628450106157,NATURAL_GAS_BOILER,TOTAL,168557,12552,12043,897154,46722,0.2669879429476278,0.5167058540341961,0.04189861420883606,1580.8917640511963,0.7030744685382972,MEDIUM,MEDIUM,MEDIUM,5,COST_BASED,COST_BASED,false,false
1,baseline,1,2048,0.0,0.5424628450106157,NATURAL_GAS_BOILER,TOTAL,168062,11109,11604,908263,46830,0.2717334859019972,0.5192639269002391,0.035128325823598414,1607.4566303651504,0.7065714781469256,MEDIUM,MEDIUM,MEDIUM,5,COST_BASED,COST_BASED,false,false
1,baseline,1,2049,0.0,0.5424628450106157,NATURAL_GAS_BOILER,TOTAL,167539,15013,15536,923276,52865,0.2743517831503277,0.5186838762102951,0.03527691345676984,1541.2166840064315,0.7050282543457613,MEDIUM,MEDIUM,MEDIUM,5,COST_BASED,COST_BASED,false,false
1,baseline,1,2050,0.0,0.5424628450106157,NATURAL_GAS_BOILER,TOTAL,166735,15595,16399,938871,55693,0.27927425907150205,0.5190269087887744,0.034968850979988156,1544.351103370262,0.7043506920427838,MEDIUM,MEDIUM,MEDIUM,5,COST_BASED,COST_BASED,false,false
1,baseline,1,2024,0.0,0.0,NATURAL_GAS_BOILER,PRIVATELY_OWNED,347790,347790,0,347790,0,0.0,0.0,0.0,0.0,0.0,MEDIUM,MEDIUM,MEDIUM,5,COST_BASED,COST_BASED,false,false
1,baseline,1,2025,0.0,0.13800424628450106,NATURAL_GAS_BOILER,PRIVATELY_OWNED,338175,18330,27945,366120,32943,0.28546386504390325,0.6141356648853296,0.9506713564395709,1701.9408372036548,0.731003611512064,MEDIUM,MEDIUM,MEDIUM,5,COST_BASED,COST_BASED,false,false
1,baseline,1,2026,0.0,0.13800424628450106,NATURAL_GAS_BOILER,PRIVATELY_OWNED,324456,14129,27848,380249,33001,0.2852828577686384,0.6071174196932358,0.8534142897916314,1699.1256628587012,0.7326786288737339,MEDIUM,MEDIUM,MEDIUM,5,COST_BASED,COST_BASED,false,false
1,baseline,1,2027,0.0,0.13800424628450106,NATURAL_GAS_BOILER,PRIVATELY_OWNED,308011,12339,28784,392588,33821,0.2849567784321644,0.604380611452144,0.8298142845395948,1697.1366310871942,0.7316049370027249,MEDIUM,MEDIUM,MEDIUM,5,COST_BASED,COST_BASED,false,false
1,baseline,1,2028,0.0,0.13800424628450106,NATURAL_GAS_BOILER,PRIVATELY_OWNED,289686,11134,29459,403722,34458,0.28435381562696743,0.6057534120039266,0.8007140696820593,1684.0335771083637,0.7374524053888938,MEDIUM,MEDIUM,MEDIUM,5,COST_BASED,COST_BASED,false,false
1,baseline,1,2029,0.0,0.13800424628450106,NATURAL_GAS_BOILER,PRIVATELY_OWNED,267334,7113,29465,410835,34709,0.28435377691310687,0.5922734334953675,0.7606532165757504,1691.5345011380334,0.7222400539427983,MEDIUM,MEDIUM,MEDIUM,5,COST_BASED,COST_BASED,false,false
1,baseline,1,2030,0.0,0.16666666666666666,NATURAL_GAS_BOILER,PRIVATELY_OWNED,243284,5047,29097,415882,34811,0.28601698394979125,0.5864535155161542,0.7200369828263747,1686.3712619574274,0.7181714044334955,MEDIUM,MEDIUM,MEDIUM,5,COST_BASED,COST_BASED,false,false
1,baseline,1,2031,0.0,0.19957537154989385,NATURAL_GAS_BOILER,PRIVATELY_OWNED,217532,3462,29214,419344,35484,0.2860429013924803,0.582998254943887,0.6787409953585729,1676.462828316988,0.718144032647885,MEDIUM,MEDIUM,MEDIUM,5,COST_BASED,COST_BASED,false,false
1,baseline,1,2032,0.0,0.22399150743099788,NATURAL_GAS_BOILER,PRIVATELY_OWNED,191875,3145,28802,422489,34506,0.2843551586602173,0.5888822848526314,0.6078207518993423,1680.8702544485018,0.7362570436264761,MEDIUM,MEDIUM,MEDIUM,5,COST_BASED,COST_BASED,false,false
1,baseline,1,2033,0.0,0.2505307855626327,NATURAL_GAS_BOILER,PRIVATELY_OWNED,165133,2078,28820,424567,34033,0.28592986466037107,0.583545542927221,0.5558302492635688,1691.558193518056,0.7343570670677801,MEDIUM,MEDIUM,MEDIUM,5,COST_BASED,COST_BASED,false,false
1,baseline,1,2034,0.0,0.2781316348195329,NATURAL_GAS_BOILER,PRIVATELY_OWNED,136664,1556,30025,426123,36464,0.28599907213701564,0.5778089283870216,0.47595677290575744,1631.1060772268538,0.7357190279330569,MEDIUM,MEDIUM,MEDIUM,5,COST_BASED,COST_BASED,false,false
1,baseline,1,2035,0.0,0.3089171974522293,NATURAL_GAS_BOILER,PRIVATELY_OWNED,107170,1260,30754,427383,37177,0.2861833055430266,0.5696314348940431,0.3847255903860046,1622.6991150442477,0.7348106271570607,MEDIUM,MEDIUM,MEDIUM,5,COST_BASED,COST_BASED,false,false
1,baseline,1,2036,0.0,0.3386411889596603,NATURAL_GAS_BOILER,PRIVATELY_OWNED,80582,989,27577,428372,33950,0.28473625693015947,0.5581041613413378,0.2995291503678687,1689.0144329896907,0.7285310339834904,MEDIUM,MEDIUM,MEDIUM,5,COST_BASED,COST_BASED,false,false
1,baseline,1,2037,0.0,0.3673036093418259,NATURAL_GAS_BOILER,PRIVATELY_OWNED,63314,1062,18330,429434,23553,0.3359361350015197,0.5588141702433058,0.2928556801050916,1582.1531864306032,0.7176302616014463,MEDIUM,MEDIUM,MEDIUM,5,COST_BASED,COST_BASED,false,false
1,baseline,1,2038,0.0,0.3885350318471338,NATURAL_GAS_BOILER,PRIVATELY_OWNED,50292,1107,14129,430541,18939,0.3585777521970874,0.5684965584796641,0.2607839072753172,1581.5420032736681,0.7305024112608105,MEDIUM,MEDIUM,MEDIUM,5,COST_BASED,COST_BASED,false,false
1,baseline,1,2039,0.0,0.42250530785562634,NATURAL_GAS_BOILER,PRIVATELY_OWNED,38865,912,12339,431453,15319,0.37933546213724,0.5571316817046847,0.23803964469015979,1620.6418826294143,0.7111087014364434,MEDIUM,MEDIUM,MEDIUM,5,COST_BASED,COST_BASED,false,false
1,baseline,1,2040,0.0,0.43524416135881105,NATURAL_GAS_BOILER,PRIVATELY_OWNED,28660,929,11134,432382,23756,0.29362334595469963,0.5351698710919333,0.1263109063435183,1737.7131251052365,0.713560106856284,MEDIUM,MEDIUM,MEDIUM,5,COST_BASED,COST_BASED,false,false
1,baseline,1,2041,0.0,0.4575371549893843,NATURAL_GAS_BOILER,PRIVATELY_OWNED,22567,1020,7113,433402,23956,0.2716908717771341,0.5289038109748149,0.08925193863825416,1695.2170646184672,0.714276506188153,MEDIUM,MEDIUM,MEDIUM,5,COST_BASED,COST_BASED,false,false
1,baseline,1,2042,0.0,0.4819532908704883,NATURAL_GAS_BOILER,PRIVATELY_OWNED,18506,986,5047,434388,24723,0.26013936251722286,0.5214708636698918,0.0714308918585097,1706.6689722121102,0.708242593393221,MEDIUM,MEDIUM,MEDIUM,5,COST_BASED,COST_BASED,false,false
1,baseline,1,2043,0.0,0.5180467091295117,NATURAL_GAS_BOILER,PRIVATELY_OWNED,16056,1012,3462,435400,24934,0.25226153630975756,0.5202843209144695,0.062336447337251105,1701.0893157936953,0.709569041377103,MEDIUM,MEDIUM,MEDIUM,5,COST_BASED,COST_BASED,false,false
1,baseline,1,2044,0.0,0.5424628450106157,NATURAL_GAS_BOILER,PRIVATELY_OWNED,13811,900,3145,436300,29236,0.26365607824117127,0.5072280786440385,0.05108413254839405,1736.5091667806814,0.6885425818372196,MEDIUM,MEDIUM,MEDIUM,5,COST_BASED,COST_BASED,false,false
1,baseline,1,2045,0.0,0.5424628450106157,NATURAL_GAS_BOILER,PRIVATELY_OWNED,12550,817,2078,437117,30365,0.26568039526023735,0.5050958409303414,0.04599468099283632,1722.7799440144904,0.6854743274563452,MEDIUM,MEDIUM,MEDIUM,5,COST_BASED,COST_BASED,false,false
1,baseline,1,2046,0.0,0.5424628450106157,NATURAL_GAS_BOILER,PRIVATELY_OWNED,11826,832,1556,437949,32348,0.269627266697022,0.5099683324052182,0.04410843855588706,1698.3346420180537,0.6920321271140842,MEDIUM,MEDIUM,MEDIUM,5,COST_BASED,COST_BASED,false,false
1,baseline,1,2047,0.0,0.5424628450106157,NATURAL_GAS_BOILER,PRIVATELY_OWNED,11534,968,1260,438917,31578,0.2669879429476278,0.5167058540341961,0.04189861420883606,1681.775413262398,0.7030744685382972,MEDIUM,MEDIUM,MEDIUM,5,COST_BASED,COST_BASED,false,false
1,baseline,1,2048,0.0,0.5424628450106157,NATURAL_GAS_BOILER,PRIVATELY_OWNED,11276,731,989,439648,32483,0.2717334859019972,0.5192639269002391,0.035128325823598414,1688.1417664624573,0.7065714781469256,MEDIUM,MEDIUM,MEDIUM,5,COST_BASED,COST_BASED,false,false
1,baseline,1,2049,0.0,0.5424628450106157,NATURAL_GAS_BOILER,PRIVATELY_OWNED,11074,860,1062,440508,34843,0.2743517831503277,0.5186838762102951,0.03527691345676984,1641.9934563613926,0.7050282543457613,MEDIUM,MEDIUM,MEDIUM,5,COST_BASED,COST_BASED,false,false
1,baseline,1,2050,0.0,0.5424628450106157,NATURAL_GAS_BOILER,PRIVATELY_OWNED,10714,747,1107,441255,36628,0.27927425907150205,0.5190269087887744,0.034968850979988156,1628.5019930108115,0.7043506920427838,MEDIUM,MEDIUM,MEDIUM,5,COST_BASED,COST_BASED,false,false
1,baseline,1,2024,0.0,0.0,NATURAL_GAS_BOILER,SOCIAL_HOUSING,86168,86168,0,86168,0,0.0,0.0,0.0,0.0,0.0,MEDIUM,MEDIUM,MEDIUM,5,COST_BASED,COST_BASED,false,false
1,baseline,1,2025,0.0,0.13800424628450106,NATURAL_GAS_BOILER,SOCIAL_HOUSING,87249,7830,6749,93998,7830,0.0,0.0,0.0,1438.6527458492976,0.0,MEDIUM,MEDIUM,MEDIUM,5,COST_BASED,COST_BASED,false,false
1,baseline,1,2026,0.0,0.13800424628450106,NATURAL_GAS_BOILER,SOCIAL_HOUSING,89668,10683,8264,104681,10683,0.0,0.0,0.0,1380.8845829823083,0.0,MEDIUM,MEDIUM,MEDIUM,5,COST_BASED,COST_BASED,false,false
1,baseline,1,2027,0.0,0.13800424628450106,NATURAL_GAS_BOILER,SOCIAL_HOUSING,92607,10775,7836,115456,10775,0.0,0.0,0.0,1246.8030626450116,0.0,MEDIUM,MEDIUM,MEDIUM,5,COST_BASED,COST_BASED,false,false
1,baseline,1,2028,0.0,0.13800424628450106,NATURAL_GAS_BOILER,SOCIAL_HOUSING,94381,10109,8335,125565,10109,0.0,0.0,0.0,1411.3352458205559,0.0,MEDIUM,MEDIUM,MEDIUM,5,COST_BASED,COST_BASED,false,false
1,baseline,1,2029,0.0,0.13800424628450106,NATURAL_GAS_BOILER,SOCIAL_HOUSING,95349,11274,10306,136839,11274,0.0,0.0,0.0,1380.064662054284,0.0,MEDIUM,MEDIUM,MEDIUM,5,COST_BASED,COST_BASED,false,false
1,baseline,1,2030,0.0,0.16666666666666666,NATURAL_GAS_BOILER,SOCIAL_HOUSING,97921,8191,5619,145030,8191,0.0,0.0,0.0,1362.9216212916615,0.0,MEDIUM,MEDIUM,MEDIUM,5,COST_BASED,COST_BASED,false,false
1,baseline,1,2031,0.0,0.19957537154989385,NATURAL_GAS_BOILER,SOCIAL_HOUSING,99207,10299,9013,155329,10299,0.0,0.0,0.0,1390.9394115933585,0.0,MEDIUM,MEDIUM,MEDIUM,5,COST_BASED,COST_BASED,false,false
1,baseline,1,2032,0.0,0.22399150743099788,NATURAL_GAS_BOILER,SOCIAL_HOUSING,100698,6543,5052,161872,6543,0.0,0.0,0.0,1337.7082378114014,0.0,MEDIUM,MEDIUM,MEDIUM,5,COST_BASED,COST_BASED,false,false
1,baseline,1,2033,0.0,0.2505307855626327,NATURAL_GAS_BOILER,SOCIAL_HOUSING,101296,5822,5224,167694,5822,0.0,0.0,0.0,1395.1867055994503,0.0,MEDIUM,MEDIUM,MEDIUM,5,COST_BASED,COST_BASED,false,false
1,baseline,1,2034,0.0,0.2781316348195329,NATURAL_GAS_BOILER,SOCIAL_HOUSING,102115,9141,8322,176835,9141,0.0,0.0,0.0,1395.6207198337163,0.0,MEDIUM,MEDIUM,MEDIUM,5,COST_BASED,COST_BASED,false,false
1,baseline,1,2035,0.0,0.3089171974522293,NATURAL_GAS_BOILER,SOCIAL_HOUSING,104433,7092,4774,183927,7092,0.0,0.0,0.0,1418.729554427524,0.0,MEDIUM,MEDIUM,MEDIUM,5,COST_BASED,COST_BASED,false,false
1,baseline,1,2036,0.0,0.3386411889596603,NATURAL_GAS_BOILER,SOCIAL_HOUSING,104974,7215,6674,191142,7215,0.0,0.0,0.0,1437.2729036729036,0.0,MEDIUM,MEDIUM,MEDIUM,5,COST_BASED,COST_BASED,false,false
1,baseline,1,2037,0.0,0.3673036093418259,NATURAL_GAS_BOILER,SOCIAL_HOUSING,107825,10681,7830,201823,10681,0.0,0.0,0.0,1304.919389570265,0.0,MEDIUM,MEDIUM,MEDIUM,5,COST_BASED,COST_BASED,false,false
1,baseline,1,2038,0.0,0.3885350318471338,NATURAL_GAS_BOILER,SOCIAL_HOUSING,108587,11445,10683,213268,11445,0.0,0.0,0.0,1366.4321537789428,0.0,MEDIUM,MEDIUM,MEDIUM,5,COST_BASED,COST_BASED,false,false
1,baseline,1,2039,0.0,0.42250530785562634,NATURAL_GAS_BOILER,SOCIAL_HOUSING,109444,11632,10775,224900,11632,0.0,0.0,0.0,1236.8023555708392,0.0,MEDIUM,MEDIUM,MEDIUM,5,COST_BASED,COST_BASED,false,false
1,baseline,1,2040,0.0,0.43524416135881105,NATURAL_GAS_BOILER,SOCIAL_HOUSING,111411,12076,10109,236976,12076,0.0,0.0,0.0,1351.6406094733356,0.0,MEDIUM,MEDIUM,MEDIUM,5,COST_BASED,COST_BASED,false,false
1,baseline,1,2041,0.0,0.4575371549893843,NATURAL_GAS_BOILER,SOCIAL_HOUSING,111411,11274,11274,248250,11274,0.0,0.0,0.0,1379.2564307255632,0.0,MEDIUM,MEDIUM,MEDIUM,5,COST_BASED,COST_BASED,false,false
1,baseline,1,2042,0.0,0.4819532908704883,NATURAL_GAS_BOILER,SOCIAL_HOUSING,112298,9078,8191,257328,9078,0.0,0.0,0.0,1348.8529411764705,0.0,MEDIUM,MEDIUM,MEDIUM,5,COST_BASED,COST_BASED,false,false
1,baseline,1,2043,0.0,0.5180467091295117,NATURAL_GAS_BOILER,SOCIAL_HOUSING,112495,10496,10299,267824,10496,0.0,0.0,0.0,1384.7098894817073,0.0,MEDIUM,MEDIUM,MEDIUM,5,COST_BASED,COST_BASED,false,false
1,baseline,1,2044,0.0,0.5424628450106157,NATURAL_GAS_BOILER,SOCIAL_HOUSING,113029,7077,6543,274901,7077,0.0,0.0,0.0,1322.030521407376,0.0,MEDIUM,MEDIUM,MEDIUM,5,COST_BASED,COST_BASED,false,false
1,baseline,1,2045,0.0,0.5424628450106157,NATURAL_GAS_BOILER,SOCIAL_HOUSING,113332,6125,5822,281026,6125,0.0,0.0,0.0,1378.5884081632653,0.0,MEDIUM,MEDIUM,MEDIUM,5,COST_BASED,COST_BASED,false,false
1,baseline,1,2046,0.0,0.5424628450106157,NATURAL_GAS_BOILER,SOCIAL_HOUSING,114376,10185,9141,291211,10185,0.0,0.0,0.0,1371.3211585665194,0.0,MEDIUM,MEDIUM,MEDIUM,5,COST_BASED,COST_BASED,false,false
1,baseline,1,2047,0.0,0.5424628450106157,NATURAL_GAS_BOILER,SOCIAL_HOUSING,116066,8782,7092,299993,8782,0.0,0.0,0.0,1305.476542928718,0.0,MEDIUM,MEDIUM,MEDIUM,5,COST_BASED,COST_BASED,false,false
1,baseline,1,2048,0.0,0.5424628450106157,NATURAL_GAS_BOILER,SOCIAL_HOUSING,116413,7562,7215,307555,7562,0.0,0.0,0.0,1430.3123512298334,0.0,MEDIUM,MEDIUM,MEDIUM,5,COST_BASED,COST_BASED,false,false
1,baseline,1,2049,0.0,0.5424628450106157,NATURAL_GAS_BOILER,SOCIAL_HOUSING,116853,11121,10681,318676,11121,0.0,0.0,0.0,1310.6679255462639,0.0,MEDIUM,MEDIUM,MEDIUM,5,COST_BASED,COST_BASED,false,false
1,baseline,1,2050,0.0,0.5424628450106157,NATURAL_GAS_BOILER,SOCIAL_HOUSING,117210,11802,11445,330478,11802,0.0,0.0,0.0,1370.7936790374513,0.0,MEDIUM,MEDIUM,MEDIUM,5,COST_BASED,COST_BASED,false,false
1,baseline,1,2024,0.0,0.0,NATURAL_GAS_BOILER,PRIVATELY_RENTED,64626,64626,0,64626,0,0.0,0.0,0.0,0.0,0.0,MEDIUM,MEDIUM,MEDIUM,5,COST_BASED,COST_BASED,false,false
1,baseline,1,2025,0.0,0.13800424628450106,NATURAL_GAS_BOILER,PRIVATELY_RENTED,65015,5791,5402,70417,6615,0.0,0.0,0.0,1429.214058956916,0.0,MEDIUM,MEDIUM,MEDIUM,5,COST_BASED,COST_BASED,false,false
1,baseline,1,2026,0.0,0.13800424628450106,NATURAL_GAS_BOILER,PRIVATELY_RENTED,65175,5728,5568,76145,6819,0.0,0.0,0.0,1444.0454612113213,0.0,MEDIUM,MEDIUM,MEDIUM,5,COST_BASED,COST_BASED,false,false
1,baseline,1,2027,0.0,0.13800424628450106,NATURAL_GAS_BOILER,PRIVATELY_RENTED,65094,5485,5566,81630,6789,0.0,0.0,0.0,1444.1914862277213,0.0,MEDIUM,MEDIUM,MEDIUM,5,COST_BASED,COST_BASED,false,false
1,baseline,1,2028,0.0,0.13800424628450106,NATURAL_GAS_BOILER,PRIVATELY_RENTED,64761,5365,5698,86995,6849,0.0,0.0,0.0,1444.6116221346183,0.0,MEDIUM,MEDIUM,MEDIUM,5,COST_BASED,COST_BASED,false,false
1,baseline,1,2029,0.0,0.13800424628450106,NATURAL_GAS_BOILER,PRIVATELY_RENTED,64223,4949,5487,91944,6702,0.0,0.0,0.0,1454.8231871083258,0.0,MEDIUM,MEDIUM,MEDIUM,5,COST_BASED,COST_BASED,false,false
1,baseline,1,2030,0.0,0.16666666666666666,NATURAL_GAS_BOILER,PRIVATELY_RENTED,63539,4750,5434,96694,6701,0.0,0.0,0.0,1442.6299059841815,0.0,MEDIUM,MEDIUM,MEDIUM,5,COST_BASED,COST_BASED,false,false
1,baseline,1,2031,0.0,0.19957537154989385,NATURAL_GAS_BOILER,PRIVATELY_RENTED,62650,4502,5391,101196,6719,0.0,0.0,0.0,1444.1382646227116,0.0,MEDIUM,MEDIUM,MEDIUM,5,COST_BASED,COST_BASED,false,false
1,baseline,1,2032,0.0,0.22399150743099788,NATURAL_GAS_BOILER,PRIVATELY_RENTED,61568,4374,5456,105570,6702,0.0,0.0,0.0,1451.6756192181438,0.0,MEDIUM,MEDIUM,MEDIUM,5,COST_BASED,COST_BASED,false,false
1,baseline,1,2033,0.0,0.2505307855626327,NATURAL_GAS_BOILER,PRIVATELY_RENTED,60329,4130,5369,109700,6900,0.0,0.0,0.0,1434.0159420289856,0.0,MEDIUM,MEDIUM,MEDIUM,5,COST_BASED,COST_BASED,false,false
1,baseline,1,2034,0.0,0.2781316348195329,NATURAL_GAS_BOILER,PRIVATELY_RENTED,59066,3896,5159,113596,6586,0.0,0.0,0.0,1444.9433647130277,0.0,MEDIUM,MEDIUM,MEDIUM,5,COST_BASED,COST_BASED,false,false
1,baseline,1,2035,0.0,0.3089171974522293,NATURAL_GAS_BOILER,PRIVATELY_RENTED,57635,3691,5122,117287,6699,0.0,0.0,0.0,1452.9270040304523,0.0,MEDIUM,MEDIUM,MEDIUM,5,COST_BASED,COST_BASED,false,false
1,baseline,1,2036,0.0,0.3386411889596603,NATURAL_GAS_BOILER,PRIVATELY_RENTED,56061,3400,4974,120687,6511,0.0,0.0,0.0,1447.4854861004453,0.0,MEDIUM,MEDIUM,MEDIUM,5,COST_BASED,COST_BASED,false,false
1,baseline,1,2037,0.0,0.3673036093418259,NATURAL_GAS_BOILER,PRIVATELY_RENTED,54063,3793,5791,124480,6764,0.0,0.0,0.0,1366.0353341218215,0.0,MEDIUM,MEDIUM,MEDIUM,5,COST_BASED,COST_BASED,false,false
1,baseline,1,2038,0.0,0.3885350318471338,NATURAL_GAS_BOILER,PRIVATELY_RENTED,52182,3847,5728,128327,6752,0.0,0.0,0.0,1357.9454976303318,0.0,MEDIUM,MEDIUM,MEDIUM,5,COST_BASED,COST_BASED,false,false
1,baseline,1,2039,0.0,0.42250530785562634,NATURAL_GAS_BOILER,PRIVATELY_RENTED,50674,3977,5485,132304,6509,0.0,0.0,0.0,1352.4725764326317,0.0,MEDIUM,MEDIUM,MEDIUM,5,COST_BASED,COST_BASED,false,false
1,baseline,1,2040,0.0,0.43524416135881105,NATURAL_GAS_BOILER,PRIVATELY_RENTED,48869,3560,5365,135864,6546,0.0,0.0,0.0,1408.6313779407271,0.0,MEDIUM,MEDIUM,MEDIUM,5,COST_BASED,COST_BASED,false,false
1,baseline,1,2041,0.0,0.4575371549893843,NATURAL_GAS_BOILER,PRIVATELY_RENTED,47537,3617,4949,139481,6795,0.0,0.0,0.0,1408.4857983811626,0.0,MEDIUM,MEDIUM,MEDIUM,5,COST_BASED,COST_BASED,false,false
1,baseline,1,2042,0.0,0.4819532908704883,NATURAL_GAS_BOILER,PRIVATELY_RENTED,46306,3519,4750,143000,6695,0.0,0.0,0.0,1394.1072442120985,0.0,MEDIUM,MEDIUM,MEDIUM,5,COST_BASED,COST_BASED,false,false
1,baseline,1,2043,0.0,0.5180467091295117,NATURAL_GAS_BOILER,PRIVATELY_RENTED,45093,3289,4502,146289,6429,0.0,0.0,0.0,1418.9085394307046,0.0,MEDIUM,MEDIUM,MEDIUM,5,COST_BASED,COST_BASED,false,false
1,baseline,1,2044,0.0,0.5424628450106157,NATURAL_GAS_BOILER,PRIVATELY_RENTED,43915,3196,4374,149485,6520,0.0,0.0,0.0,1416.0263803680982,0.0,MEDIUM,MEDIUM,MEDIUM,5,COST_BASED,COST_BASED,false,false
1,baseline,1,2045,0.0,0.5424628450106157,NATURAL_GAS_BOILER,PRIVATELY_RENTED,42798,3013,4130,152498,6421,0.0,0.0,0.0,1428.713284535119,0.0,MEDIUM,MEDIUM,MEDIUM,5,COST_BASED,COST_BASED,false,false
1,baseline,1,2046,0.0,0.5424628450106157,NATURAL_GAS_BOILER,PRIVATELY_RENTED,41846,2944,3896,155442,6596,0.0,0.0,0.0,1419.0186476652516,0.0,MEDIUM,MEDIUM,MEDIUM,5,COST_BASED,COST_BASED,false,false
1,baseline,1,2047,0.0,0.5424628450106157,NATURAL_GAS_BOILER,PRIVATELY_RENTED,40957,2802,3691,158244,6362,0.0,0.0,0.0,1460.331027978623,0.0,MEDIUM,MEDIUM,MEDIUM,5,COST_BASED,COST_BASED,false,false
1,baseline,1,2048,0.0,0.5424628450106157,NATURAL_GAS_BOILER,PRIVATELY_RENTED,40373,2816,3400,161060,6785,0.0,0.0,0.0,1418.6091378039794,0.0,MEDIUM,MEDIUM,MEDIUM,5,COST_BASED,COST_BASED,false,false
1,baseline,1,2049,0.0,0.5424628450106157,NATURAL_GAS_BOILER,PRIVATELY_RENTED,39612,3032,3793,164092,6901,0.0,0.0,0.0,1403.9275467323575,0.0,MEDIUM,MEDIUM,MEDIUM,5,COST_BASED,COST_BASED,false,false
1,baseline,1,2050,0.0,0.5424628450106157,NATURAL_GAS_BOILER,PRIVATELY_RENTED,38811,3046,3847,167138,7263,0.0,0.0,0.0,1401.9920143191518,0.0,MEDIUM,MEDIUM,MEDIUM,5,COST_BASED,COST_BASED,false,false
1,baseline,1,2024,0.0,0.0,NATURAL_GAS_BLOCK,TOTAL,33312,33312,0,33312,0,0.0,0.0,0.0,0.0,0.0,MEDIUM,MEDIUM,MEDIUM,5,COST_BASED,COST_BASED,false,false
1,baseline,1,2025,0.0,0.13800424628450106,NATURAL_GAS_BLOCK,TOTAL,30412,0,2900,33312,47388,0.28546386504390325,0.5204216220570372,0.06535245546799727,1620.3667384147886,0.7010974098910837,MEDIUM,MEDIUM,MEDIUM,5,COST_BASED,COST_BASED,false,false
1,baseline,1,2026,0.0,0.13800424628450106,NATURAL_GAS_BLOCK,TOTAL,27716,0,2696,33312,50503,0.2852828577686384,0.5210970117230606,0.06037202769585638,1597.5690751044492,0.7027782996804557,MEDIUM,MEDIUM,MEDIUM,5,COST_BASED,COST_BASED,false,false
1,baseline,1,2027,0.0,0.13800424628450106,NATURAL_GAS_BLOCK,TOTAL,24999,0,2717,33312,51385,0.2849567784321644,0.5196700454926326,0.054785760510408364,1569.671343777367,0.7014176535671128,MEDIUM,MEDIUM,MEDIUM,5,COST_BASED,COST_BASED,false,false
1,baseline,1,2028,0.0,0.13800424628450106,NATURAL_GAS_BLOCK,TOTAL,22443,0,2556,33312,51416,0.28435381562696743,0.5230069086334572,0.050100239570258796,1599.076843784036,0.7071593790971652,MEDIUM,MEDIUM,MEDIUM,5,COST_BASED,COST_BASED,false,false
1,baseline,1,2029,0.0,0.13800424628450106,NATURAL_GAS_BLOCK,TOTAL,19872,0,2571,33312,52685,0.28435377691310687,0.5124102216208108,0.043914525345487614,1595.4685204517414,0.6920375725347564,MEDIUM,MEDIUM,MEDIUM,5,COST_BASED,COST_BASED,false,false
1,baseline,1,2030,0.0,0.16666666666666666,NATURAL_GAS_BLOCK,TOTAL,15980,0,3892,33312,49703,0.28601698394979125,0.5099324016835772,0.03887227897672173,1601.024042814317,0.6885353216658325,MEDIUM,MEDIUM,MEDIUM,5,COST_BASED,COST_BASED,false,false
1,baseline,1,2031,0.0,0.19957537154989385,NATURAL_GAS_BLOCK,TOTAL,13587,0,2393,33312,52502,0.2860429013924803,0.5097911719402234,0.033338326098060395,1591.6266999352406,0.6890087417999551,MEDIUM,MEDIUM,MEDIUM,5,COST_BASED,COST_BASED,false,false
1,baseline,1,2032,0.0,0.22399150743099788,NATURAL_GAS_BLOCK,TOTAL,10902,0,2685,33312,47751,0.2843551586602173,0.520861540251141,0.02802782689267544,1602.6829176352328,0.7067000423500713,MEDIUM,MEDIUM,MEDIUM,5,COST_BASED,COST_BASED,false,false
1,baseline,1,2033,0.0,0.2505307855626327,NATURAL_GAS_BLOCK,TOTAL,8199,0,2703,33312,46755,0.28592986466037107,0.5191499683822738,0.022569699219727676,1617.717506149075,0.7044212740058505,MEDIUM,MEDIUM,MEDIUM,5,COST_BASED,COST_BASED,false,false
1,baseline,1,2034,0.0,0.2781316348195329,NATURAL_GAS_BLOCK,TOTAL,4868,0,3331,33312,52191,0.28599907213701564,0.5203731156989635,0.016174196533708704,1567.479872008584,0.7070381309474848,MEDIUM,MEDIUM,MEDIUM,5,COST_BASED,COST_BASED,false,false
1,baseline,1,2035,0.0,0.3089171974522293,NATURAL_GAS_BLOCK,TOTAL,2266,0,2602,33312,50968,0.2861833055430266,0.5190324375792423,0.009048208528308508,1573.1819180662376,0.7058718039170699,MEDIUM,MEDIUM,MEDIUM,5,COST_BASED,COST_BASED,false,false
1,baseline,1,2036,0.0,0.3386411889596603,NATURAL_GAS_BLOCK,TOTAL,0,0,2266,33312,47676,0.28473625693015947,0.5141634337814789,0.0027290176628040493,1619.1883757026596,0.6997199592318271,MEDIUM,MEDIUM,MEDIUM,5,COST_BASED,COST_BASED,false,false
1,baseline,1,2037,0.0,0.3673036093418259,NATURAL_GAS_BLOCK,TOTAL,0,0,0,33312,40998,0.3359361350015197,0.514934462969755,0.0,1475.5142445972974,0.6884176607042571,MEDIUM,MEDIUM,MEDIUM,5,COST_BASED,COST_BASED,false,false
1,baseline,1,2038,0.0,0.3885350318471338,NATURAL_GAS_BLOCK,TOTAL,0,0,0,33312,37136,0.3585777521970874,0.5281037134810758,0.0,1475.8981581214994,0.7025111321723491,MEDIUM,MEDIUM,MEDIUM,5,COST_BASED,COST_BASED,false,false
1,baseline,1,2039,0.0,0.42250530785562634,NATURAL_GAS_BLOCK,TOTAL,0,0,0,33312,33460,0.37933546213724,0.5171411690733437,0.0,1436.3883442916915,0.6808778880757081,MEDIUM,MEDIUM,MEDIUM,5,COST_BASED,COST_BASED,false,false
1,baseline,1,2040,0.0,0.43524416135881105,NATURAL_GAS_BLOCK,TOTAL,0,0,0,33312,42378,0.29362334595469963,0.5129052541483557,0.0,1578.353084147435,0.6959520447338662,MEDIUM,MEDIUM,MEDIUM,5,COST_BASED,COST_BASED,false,false
1,baseline,1,2041,0.0,0.4575371549893843,NATURAL_GAS_BLOCK,TOTAL,0,0,0,33312,42025,0.2716908717771341,0.5140189987561627,0.0,1565.6406900654372,0.7031057801899566,MEDIUM,MEDIUM,MEDIUM,5,COST_BASED,COST_BASED,false,false
1,baseline,1,2042,0.0,0.4819532908704883,NATURAL_GAS_BLOCK,TOTAL,0,0,0,33312,40496,0.26013936251722286,0.5103863841105347,0.0,1576.3980640063216,0.7005447355365028,MEDIUM,MEDIUM,MEDIUM,5,COST_BASED,COST_BASED,false,false
1,baseline,1,2043,0.0,0.5180467091295117,NATURAL_GAS_BLOCK,TOTAL,0,0,0,33312,41859,0.25226153630975756,0.5115883625051542,0.0,1580.0904703886858,0.7043171596802872,MEDIUM,MEDIUM,MEDIUM,5,COST_BASED,COST_BASED,false,false
1,baseline,1,2044,0.0,0.5424628450106157,NATURAL_GAS_BLOCK,TOTAL,0,0,0,33312,42833,0.26365607824117127,0.5002438430670004,0.0,1620.9994863773259,0.6844517450402114,MEDIUM,MEDIUM,MEDIUM,5,COST_BASED,COST_BASED,false,false
1,baseline,1,2045,0.0,0.5424628450106157,NATURAL_GAS_BLOCK,TOTAL,0,0,0,33312,42911,0.26568039526023735,0.49950980684845014,0.0,1631.4562000419473,0.6828446114576217,MEDIUM,MEDIUM,MEDIUM,5,COST_BASED,COST_BASED,false,false
1,baseline,1,2046,0.0,0.5424628450106157,NATURAL_GAS_BLOCK,TOTAL,0,0,0,33312,49129,0.269627266697022,0.5051081931798997,0.0,1594.8633190172811,0.6902554730955887,MEDIUM,MEDIUM,MEDIUM,5,COST_BASED,COST_BASED,false,false
1,baseline,1,2047,0.0,0.5424628450106157,NATURAL_GAS_BLOCK,TOTAL,0,0,0,33312,46722,0.2669879429476278,0.5121767658714981,0.0,1582.7572235777577,0.701518163070337,MEDIUM,MEDIUM,MEDIUM,5,COST_BASED,COST_BASED,false,false
1,baseline,1,2048,0.0,0.5424628450106157,NATURAL_GAS_BLOCK,TOTAL,0,0,0,33312,46830,0.2717334859019972,0.5155313960385471,0.0,1609.3862481315396,0.7053637225823235,MEDIUM,MEDIUM,MEDIUM,5,COST_BASED,COST_BASED,false,false
1,baseline,1,2049,0.0,0.5424628450106157,NATURAL_GAS_BLOCK,TOTAL,0,0,0,33312,52865,0.2743517831503277,0.5149380941511938,0.0,1543.1427409439139,0.7038191954392026,MEDIUM,MEDIUM,MEDIUM,5,COST_BASED,COST_BASED,false,false
1,baseline,1,2050,0.0,0.5424628450106157,NATURAL_GAS_BLOCK,TOTAL,0,0,0,33312,55693,0.27927425907150205,0.5153550826263306,0.0,1546.3306160558777,0.7032140591716164,MEDIUM,MEDIUM,MEDIUM,5,COST_BASED,COST_BASED,false,false
1,baseline,1,2024,0.0,0.0,NATURAL_GAS_BLOCK,PRIVATELY_OWNED,20287,20287,0,20287,0,0.0,0.0,0.0,0.0,0.0,MEDIUM,MEDIUM,MEDIUM,5,COST_BASED,COST_BASED,false,false
1,baseline,1,2025,0.0,0.13800424628450106,NATURAL_GAS_BLOCK,PRIVATELY_OWNED,18614,0,1673,20287,32943,0.28546386504390325,0.5204216220570372,0.06535245546799727,1701.9408372036548,0.7010974098910837,MEDIUM,MEDIUM,MEDIUM,5,COST_BASED,COST_BASED,false,false
1,baseline,1,2026,0.0,0.13800424628450106,NATURAL_GAS_BLOCK,PRIVATELY_OWNED,17064,0,1550,20287,33001,0.2852828577686384,0.5210970117230606,0.06037202769585638,1699.3357777037058,0.7027782996804557,MEDIUM,MEDIUM,MEDIUM,5,COST_BASED,COST_BASED,false,false
1,baseline,1,2027,0.0,0.13800424628450106,NATURAL_GAS_BLOCK,PRIVATELY_OWNED,15489,0,1575,20287,33821,0.2849567784321644,0.5196700454926326,0.054785760510408364,1697.540374323645,0.7014176535671128,MEDIUM,MEDIUM,MEDIUM,5,COST_BASED,COST_BASED,false,false
1,baseline,1,2028,0.0,0.13800424628450106,NATURAL_GAS_BLOCK,PRIVATELY_OWNED,13837,0,1652,20287,34458,0.28435381562696743,0.5230069086334572,0.050100239570258796,1684.6012827209936,0.7071593790971652,MEDIUM,MEDIUM,MEDIUM,5,COST_BASED,COST_BASED,false,false
1,baseline,1,2029,0.0,0.13800424628450106,NATURAL_GAS_BLOCK,PRIVATELY_OWNED,12282,0,1555,20287,34709,0.28435377691310687,0.5124102216208108,0.043914525345487614,1692.2551787720763,0.6920375725347564,MEDIUM,MEDIUM,MEDIUM,5,COST_BASED,COST_BASED,false,false
1,baseline,1,2030,0.0,0.16666666666666666,NATURAL_GAS_BLOCK,PRIVATELY_OWNED,10710,0,1572,20287,34811,0.28601698394979125,0.5099324016835772,0.03887227897672173,1687.2148458820488,0.6885353216658325,MEDIUM,MEDIUM,MEDIUM,5,COST_BASED,COST_BASED,false,false
1,baseline,1,2031,0.0,0.19957537154989385,NATURAL_GAS_BLOCK,PRIVATELY_OWNED,9071,0,1639,20287,35484,0.2860429013924803,0.5097911719402234,0.033338326098060395,1677.3946003832714,0.6890087417999551,MEDIUM,MEDIUM,MEDIUM,5,COST_BASED,COST_BASED,false,false
1,baseline,1,2032,0.0,0.22399150743099788,NATURAL_GAS_BLOCK,PRIVATELY_OWNED,7464,0,1607,20287,34506,0.2843551586602173,0.520861540251141,0.02802782689267544,1681.8997275836086,0.7067000423500713,MEDIUM,MEDIUM,MEDIUM,5,COST_BASED,COST_BASED,false,false
1,baseline,1,2033,0.0,0.2505307855626327,NATURAL_GAS_BLOCK,PRIVATELY_OWNED,5805,0,1659,20287,34033,0.28592986466037107,0.5191499683822738,0.022569699219727676,1692.6546587136015,0.7044212740058505,MEDIUM,MEDIUM,MEDIUM,5,COST_BASED,COST_BASED,false,false
1,baseline,1,2034,0.0,0.2781316348195329,NATURAL_GAS_BLOCK,PRIVATELY_OWNED,3658,0,2147,20287,36464,0.28599907213701564,0.5203731156989635,0.016174196533708704,1632.2408951294428,0.7070381309474848,MEDIUM,MEDIUM,MEDIUM,5,COST_BASED,COST_BASED,false,false
1,baseline,1,2035,0.0,0.3089171974522293,NATURAL_GAS_BLOCK,PRIVATELY_OWNED,1577,0,2081,20287,37177,0.2861833055430266,0.5190324375792423,0.009048208528308508,1623.8977862657018,0.7058718039170699,MEDIUM,MEDIUM,MEDIUM,5,COST_BASED,COST_BASED,false,false
1,baseline,1,2036,0.0,0.3386411889596603,NATURAL_GAS_BLOCK,PRIVATELY_OWNED,0,0,1577,20287,33950,0.28473625693015947,0.5141634337814789,0.0027290176628040493,1690.300353460972,0.6997199592318271,MEDIUM,MEDIUM,MEDIUM,5,COST_BASED,COST_BASED,false,false
1,baseline,1,2037,0.0,0.3673036093418259,NATURAL_GAS_BLOCK,PRIVATELY_OWNED,0,0,0,20287,23553,0.3359361350015197,0.514934462969755,0.0,1583.4489873901414,0.6884176607042571,MEDIUM,MEDIUM,MEDIUM,5,COST_BASED,COST_BASED,false,false
1,baseline,1,2038,0.0,0.3885350318471338,NATURAL_GAS_BLOCK,PRIVATELY_OWNED,0,0,0,20287,18939,0.3585777521970874,0.5281037134810758,0.0,1582.8996251122023,0.7025111321723491,MEDIUM,MEDIUM,MEDIUM,5,COST_BASED,COST_BASED,false,false
1,baseline,1,2039,0.0,0.42250530785562634,NATURAL_GAS_BLOCK,PRIVATELY_OWNED,0,0,0,20287,15319,0.37933546213724,0.5171411690733437,0.0,1622.0994190221293,0.6808778880757081,MEDIUM,MEDIUM,MEDIUM,5,COST_BASED,COST_BASED,false,false
1,baseline,1,2040,0.0,0.43524416135881105,NATURAL_GAS_BLOCK,PRIVATELY_OWNED,0,0,0,20287,23756,0.29362334595469963,0.5129052541483557,0.0,1739.2822444856035,0.6959520447338662,MEDIUM,MEDIUM,MEDIUM,5,COST_BASED,COST_BASED,false,false
1,baseline,1,2041,0.0,0.4575371549893843,NATURAL_GAS_BLOCK,PRIVATELY_OWNED,0,0,0,20287,23956,0.2716908717771341,0.5140189987561627,0.0,1696.834696944398,0.7031057801899566,MEDIUM,MEDIUM,MEDIUM,5,COST_BASED,COST_BASED,false,false
1,baseline,1,2042,0.0,0.4819532908704883,NATURAL_GAS_BLOCK,PRIVATELY_OWNED,0,0,0,20287,24723,0.26013936251722286,0.5103863841105347,0.0,1708.3588156777091,0.7005447355365028,MEDIUM,MEDIUM,MEDIUM,5,COST_BASED,COST_BASED,false,false
1,baseline,1,2043,0.0,0.5180467091295117,NATURAL_GAS_BLOCK,PRIVATELY_OWNED,0,0,0,20287,24934,0.25226153630975756,0.5115883625051542,0.0,1702.8355257880805,0.7043171596802872,MEDIUM,MEDIUM,MEDIUM,5,COST_BASED,COST_BASED,false,false
1,baseline,1,2044,0.0,0.5424628450106157,NATURAL_GAS_BLOCK,PRIVATELY_OWNED,0,0,0,20287,29236,0.26365607824117127,0.5002438430670004,0.0,1738.3357162402517,0.6844517450402114,MEDIUM,MEDIUM,MEDIUM,5,COST_BASED,COST_BASED,false,false
1,baseline,1,2045,0.0,0.5424628450106157,NATURAL_GAS_BLOCK,PRIVATELY_OWNED,0,0,0,20287,30365,0.26568039526023735,0.49950980684845014,0.0,1724.6447225424008,0.6828446114576217,MEDIUM,MEDIUM,MEDIUM,5,COST_BASED,COST_BASED,false,false
1,baseline,1,2046,0.0,0.5424628450106157,NATURAL_GAS_BLOCK,PRIVATELY_OWNED,0,0,0,20287,32348,0.269627266697022,0.5051081931798997,0.0,1700.226876468406,0.6902554730955887,MEDIUM,MEDIUM,MEDIUM,5,COST_BASED,COST_BASED,false,false
1,baseline,1,2047,0.0,0.5424628450106157,NATURAL_GAS_BLOCK,PRIVATELY_OWNED,0,0,0,20287,31578,0.2669879429476278,0.5121767658714981,0.0,1683.7075812274368,0.701518163070337,MEDIUM,MEDIUM,MEDIUM,5,COST_BASED,COST_BASED,false,false
1,baseline,1,2048,0.0,0.5424628450106157,NATURAL_GAS_BLOCK,PRIVATELY_OWNED,0,0,0,20287,32483,0.2717334859019972,0.5155313960385471,0.0,1690.119601022073,0.7053637225823235,MEDIUM,MEDIUM,MEDIUM,5,COST_BASED,COST_BASED,false,false
1,baseline,1,2049,0.0,0.5424628450106157,NATURAL_GAS_BLOCK,PRIVATELY_OWNED,0,0,0,20287,34843,0.2743517831503277,0.5149380941511938,0.0,1643.9892087363316,0.7038191954392026,MEDIUM,MEDIUM,MEDIUM,5,COST_BASED,COST_BASED,false,false
1,baseline,1,2050,0.0,0.5424628450106157,NATURAL_GAS_BLOCK,PRIVATELY_OWNED,0,0,0,20287,36628,0.27927425907150205,0.5153550826263306,0.0,1630.5409795784647,0.7032140591716164,MEDIUM,MEDIUM,MEDIUM,5,COST_BASED,COST_BASED,false,false
1,baseline,1,2024,0.0,0.0,NATURAL_GAS_BLOCK,SOCIAL_HOUSING,7714,7714,0,7714,0,0.0,0.0,0.0,0.0,0.0,MEDIUM,MEDIUM,MEDIUM,5,COST_BASED,COST_BASED,false,false
1,baseline,1,2025,0.0,0.13800424628450106,NATURAL_GAS_BLOCK,SOCIAL_HOUSING,6923,0,791,7714,7830,0.0,0.0,0.0,1438.6527458492976,0.0,MEDIUM,MEDIUM,MEDIUM,5,COST_BASED,COST_BASED,false,false
1,baseline,1,2026,0.0,0.13800424628450106,NATURAL_GAS_BLOCK,SOCIAL_HOUSING,6269,0,654,7714,10683,0.0,0.0,0.0,1381.0762894318075,0.0,MEDIUM,MEDIUM,MEDIUM,5,COST_BASED,COST_BASED,false,false
1,baseline,1,2027,0.0,0.13800424628450106,NATURAL_GAS_BLOCK,SOCIAL_HOUSING,5531,0,738,7714,10775,0.0,0.0,0.0,1247.1445939675175,0.0,MEDIUM,MEDIUM,MEDIUM,5,COST_BASED,COST_BASED,false,false
1,baseline,1,2028,0.0,0.13800424628450106,NATURAL_GAS_BLOCK,SOCIAL_HOUSING,5045,0,486,7714,10109,0.0,0.0,0.0,1411.8509249183896,0.0,MEDIUM,MEDIUM,MEDIUM,5,COST_BASED,COST_BASED,false,false
1,baseline,1,2029,0.0,0.13800424628450106,NATURAL_GAS_BLOCK,SOCIAL_HOUSING,4449,0,596,7714,11274,0.0,0.0,0.0,1380.705428419372,0.0,MEDIUM,MEDIUM,MEDIUM,5,COST_BASED,COST_BASED,false,false
1,baseline,1,2030,0.0,0.16666666666666666,NATURAL_GAS_BLOCK,SOCIAL_HOUSING,2521,0,1928,7714,8191,0.0,0.0,0.0,1363.6730557929434,0.0,MEDIUM,MEDIUM,MEDIUM,5,COST_BASED,COST_BASED,false,false
1,baseline,1,2031,0.0,0.19957537154989385,NATURAL_GAS_BLOCK,SOCIAL_HOUSING,2150,0,371,7714,10299,0.0,0.0,0.0,1391.7772599281484,0.0,MEDIUM,MEDIUM,MEDIUM,5,COST_BASED,COST_BASED,false,false
1,baseline,1,2032,0.0,0.22399150743099788,NATURAL_GAS_BLOCK,SOCIAL_HOUSING,1540,0,610,7714,6543,0.0,0.0,0.0,1338.6137857252024,0.0,MEDIUM,MEDIUM,MEDIUM,5,COST_BASED,COST_BASED,false,false
1,baseline,1,2033,0.0,0.2505307855626327,NATURAL_GAS_BLOCK,SOCIAL_HOUSING,1079,0,461,7714,5822,0.0,0.0,0.0,1396.1813809687392,0.0,MEDIUM,MEDIUM,MEDIUM,5,COST_BASED,COST_BASED,false,false
1,baseline,1,2034,0.0,0.2781316348195329,NATURAL_GAS_BLOCK,SOCIAL_HOUSING,371,0,708,7714,9141,0.0,0.0,0.0,1396.6566021223061,0.0,MEDIUM,MEDIUM,MEDIUM,5,COST_BASED,COST_BASED,false,false
1,baseline,1,2035,0.0,0.3089171974522293,NATURAL_GAS_BLOCK,SOCIAL_HOUSING,303,0,68,7714,7092,0.0,0.0,0.0,1419.8477157360405,0.0,MEDIUM,MEDIUM,MEDIUM,5,COST_BASED,COST_BASED,false,false
1,baseline,1,2036,0.0,0.3386411889596603,NATURAL_GAS_BLOCK,SOCIAL_HOUSING,0,0,303,7714,7215,0.0,0.0,0.0,1438.4446292446291,0.0,MEDIUM,MEDIUM,MEDIUM,5,COST_BASED,COST_BASED,false,false
1,baseline,1,2037,0.0,0.3673036093418259,NATURAL_GAS_BLOCK,SOCIAL_HOUSING,0,0,0,7714,10681,0.0,0.0,0.0,1306.08004868458,0.0,MEDIUM,MEDIUM,MEDIUM,5,COST_BASED,COST_BASED,false,false
1,baseline,1,2038,0.0,0.3885350318471338,NATURAL_GAS_BLOCK,SOCIAL_HOUSING,0,0,0,7714,11445,0.0,0.0,0.0,1367.6864132809087,0.0,MEDIUM,MEDIUM,MEDIUM,5,COST_BASED,COST_BASED,false,false
1,baseline,1,2039,0.0,0.42250530785562634,NATURAL_GAS_BLOCK,SOCIAL_HOUSING,0,0,0,7714,11632,0.0,0.0,0.0,1238.0389442916094,0.0,MEDIUM,MEDIUM,MEDIUM,5,COST_BASED,COST_BASED,false,false
1,baseline,1,2040,0.0,0.43524416135881105,NATURAL_GAS_BLOCK,SOCIAL_HOUSING,0,0,0,7714,12076,0.0,0.0,0.0,1353.0098542563762,0.0,MEDIUM,MEDIUM,MEDIUM,5,COST_BASED,COST_BASED,false,false
1,baseline,1,2041,0.0,0.4575371549893843,NATURAL_GAS_BLOCK,SOCIAL_HOUSING,0,0,0,7714,11274,0.0,0.0,0.0,1380.705428419372,0.0,MEDIUM,MEDIUM,MEDIUM,5,COST_BASED,COST_BASED,false,false
1,baseline,1,2042,0.0,0.4819532908704883,NATURAL_GAS_BLOCK,SOCIAL_HOUSING,0,0,0,7714,9078,0.0,0.0,0.0,1350.3437981934346,0.0,MEDIUM,MEDIUM,MEDIUM,5,COST_BASED,COST_BASED,false,false
1,baseline,1,2043,0.0,0.5180467091295117,NATURAL_GAS_BLOCK,SOCIAL_HOUSING,0,0,0,7714,10496,0.0,0.0,0.0,1386.2661966463415,0.0,MEDIUM,MEDIUM,MEDIUM,5,COST_BASED,COST_BASED,false,false
1,baseline,1,2044,0.0,0.5424628450106157,NATURAL_GAS_BLOCK,SOCIAL_HOUSING,0,0,0,7714,7077,0.0,0.0,0.0,1323.6092977250248,0.0,MEDIUM,MEDIUM,MEDIUM,5,COST_BASED,COST_BASED,false,false
1,baseline,1,2045,0.0,0.5424628450106157,NATURAL_GAS_BLOCK,SOCIAL_HOUSING,0,0,0,7714,6125,0.0,0.0,0.0,1380.2409795918368,0.0,MEDIUM,MEDIUM,MEDIUM,5,COST_BASED,COST_BASED,false,false
1,baseline,1,2046,0.0,0.5424628450106157,NATURAL_GAS_BLOCK,SOCIAL_HOUSING,0,0,0,7714,10185,0.0,0.0,0.0,1372.9871379479628,0.0,MEDIUM,MEDIUM,MEDIUM,5,COST_BASED,COST_BASED,false,false
1,baseline,1,2047,0.0,0.5424628450106157,NATURAL_GAS_BLOCK,SOCIAL_HOUSING,0,0,0,7714,8782,0.0,0.0,0.0,1307.1580505579595,0.0,MEDIUM,MEDIUM,MEDIUM,5,COST_BASED,COST_BASED,false,false
1,baseline,1,2048,0.0,0.5424628450106157,NATURAL_GAS_BLOCK,SOCIAL_HOUSING,0,0,0,7714,7562,0.0,0.0,0.0,1432.1258926209998,0.0,MEDIUM,MEDIUM,MEDIUM,5,COST_BASED,COST_BASED,false,false
1,baseline,1,2049,0.0,0.5424628450106157,NATURAL_GAS_BLOCK,SOCIAL_HOUSING,0,0,0,7714,11121,0.0,0.0,0.0,1312.4246920240985,0.0,MEDIUM,MEDIUM,MEDIUM,5,COST_BASED,COST_BASED,false,false
1,baseline,1,2050,0.0,0.5424628450106157,NATURAL_GAS_BLOCK,SOCIAL_HOUSING,0,0,0,7714,11802,0.0,0.0,0.0,1372.6485341467549,0.0,MEDIUM,MEDIUM,MEDIUM,5,COST_BASED,COST_BASED,false,false
1,baseline,1,2024,0.0,0.0,NATURAL_GAS_BLOCK,PRIVATELY_RENTED,5311,5311,0,5311,0,0.0,0.0,0.0,0.0,0.0,MEDIUM,MEDIUM,MEDIUM,5,COST_BASED,COST_BASED,false,false
1,baseline,1,2025,0.0,0.13800424628450106,NATURAL_GAS_BLOCK,PRIVATELY_RENTED,4875,0,436,5311,6615,0.0,0.0,0.0,1429.214058956916,0.0,MEDIUM,MEDIUM,MEDIUM,5,COST_BASED,COST_BASED,false,false
1,baseline,1,2026,0.0,0.13800424628450106,NATURAL_GAS_BLOCK,PRIVATELY_RENTED,4383,0,492,5311,6819,0.0,0.0,0.0,1444.2312655814635,0.0,MEDIUM,MEDIUM,MEDIUM,5,COST_BASED,COST_BASED,false,false
1,baseline,1,2027,0.0,0.13800424628450106,NATURAL_GAS_BLOCK,PRIVATELY_RENTED,3979,0,404,5311,6789,0.0,0.0,0.0,1444.5523641184268,0.0,MEDIUM,MEDIUM,MEDIUM,5,COST_BASED,COST_BASED,false,false
1,baseline,1,2028,0.0,0.13800424628450106,NATURAL_GAS_BLOCK,PRIVATELY_RENTED,3561,0,418,5311,6849,0.0,0.0,0.0,1445.1369542998978,0.0,MEDIUM,MEDIUM,MEDIUM,5,COST_BASED,COST_BASED,false,false
1,baseline,1,2029,0.0,0.13800424628450106,NATURAL_GAS_BLOCK,PRIVATELY_RENTED,3141,0,420,5311,6702,0.0,0.0,0.0,1455.4910474485227,0.0,MEDIUM,MEDIUM,MEDIUM,5,COST_BASED,COST_BASED,false,false
1,baseline,1,2030,0.0,0.16666666666666666,NATURAL_GAS_BLOCK,PRIVATELY_RENTED,2749,0,392,5311,6701,0.0,0.0,0.0,1443.3988956872108,0.0,MEDIUM,MEDIUM,MEDIUM,5,COST_BASED,COST_BASED,false,false
1,baseline,1,2031,0.0,0.19957537154989385,NATURAL_GAS_BLOCK,PRIVATELY_RENTED,2366,0,383,5311,6719,0.0,0.0,0.0,1445.0068462568834,0.0,MEDIUM,MEDIUM,MEDIUM,5,COST_BASED,COST_BASED,false,false
1,baseline,1,2032,0.0,0.22399150743099788,NATURAL_GAS_BLOCK,PRIVATELY_RENTED,1898,0,468,5311,6702,0.0,0.0,0.0,1452.6305580423755,0.0,MEDIUM,MEDIUM,MEDIUM,5,COST_BASED,COST_BASED,false,false
1,baseline,1,2033,0.0,0.2505307855626327,NATURAL_GAS_BLOCK,PRIVATELY_RENTED,1315,0,583,5311,6900,0.0,0.0,0.0,1435.0286956521738,0.0,MEDIUM,MEDIUM,MEDIUM,5,COST_BASED,COST_BASED,false,false
1,baseline,1,2034,0.0,0.2781316348195329,NATURAL_GAS_BLOCK,PRIVATELY_RENTED,839,0,476,5311,6586,0.0,0.0,0.0,1446.0176131187368,0.0,MEDIUM,MEDIUM,MEDIUM,5,COST_BASED,COST_BASED,false,false
1,baseline,1,2035,0.0,0.3089171974522293,NATURAL_GAS_BLOCK,PRIVATELY_RENTED,386,0,453,5311,6699,0.0,0.0,0.0,1454.0570234363338,0.0,MEDIUM,MEDIUM,MEDIUM,5,COST_BASED,COST_BASED,false,false
1,baseline,1,2036,0.0,0.3386411889596603,NATURAL_GAS_BLOCK,PRIVATELY_RENTED,0,0,386,5311,6511,0.0,0.0,0.0,1448.679158347412,0.0,MEDIUM,MEDIUM,MEDIUM,5,COST_BASED,COST_BASED,false,false
1,baseline,1,2037,0.0,0.3673036093418259,NATURAL_GAS_BLOCK,PRIVATELY_RENTED,0,0,0,5311,6764,0.0,0.0,0.0,1367.2261975162626,0.0,MEDIUM,MEDIUM,MEDIUM,5,COST_BASED,COST_BASED,false,false
1,baseline,1,2038,0.0,0.3885350318471338,NATURAL_GAS_BLOCK,PRIVATELY_RENTED,0,0,0,5311,6752,0.0,0.0,0.0,1359.1894253554503,0.0,MEDIUM,MEDIUM,MEDIUM,5,COST_BASED,COST_BASED,false,false
1,baseline,1,2039,0.0,0.42250530785562634,NATURAL_GAS_BLOCK,PRIVATELY_RENTED,0,0,0,5311,6509,0.0,0.0,0.0,1353.778460593025,0.0,MEDIUM,MEDIUM,MEDIUM,5,COST_BASED,COST_BASED,false,false
1,baseline,1,2040,0.0,0.43524416135881105,NATURAL_GAS_BLOCK,PRIVATELY_RENTED,0,0,0,5311,6546,0.0,0.0,0.0,1410.0383440268868,0.0,MEDIUM,MEDIUM,MEDIUM,5,COST_BASED,COST_BASED,false,false
1,baseline,1,2041,0.0,0.4575371549893843,NATURAL_GAS_BLOCK,PRIVATELY_RENTED,0,0,0,5311,6795,0.0,0.0,0.0,1409.9492273730684,0.0,MEDIUM,MEDIUM,MEDIUM,5,COST_BASED,COST_BASED,false,false
1,baseline,1,2042,0.0,0.4819532908704883,NATURAL_GAS_BLOCK,PRIVATELY_RENTED,0,0,0,5311,6695,0.0,0.0,0.0,1395.6146377893951,0.0,MEDIUM,MEDIUM,MEDIUM,5,COST_BASED,COST_BASED,false,false
1,baseline,1,2043,0.0,0.5180467091295117,NATURAL_GAS_BLOCK,PRIVATELY_RENTED,0,0,0,5311,6429,0.0,0.0,0.0,1420.478456991756,0.0,MEDIUM,MEDIUM,MEDIUM,5,COST_BASED,COST_BASED,false,false
1,baseline,1,2044,0.0,0.5424628450106157,NATURAL_GAS_BLOCK,PRIVATELY_RENTED,0,0,0,5311,6520,0.0,0.0,0.0,1417.6541411042945,0.0,MEDIUM,MEDIUM,MEDIUM,5,COST_BASED,COST_BASED,false,false
1,baseline,1,2045,0.0,0.5424628450106157,NATURAL_GAS_BLOCK,PRIVATELY_RENTED,0,0,0,5311,6421,0.0,0.0,0.0,1430.400872138296,0.0,MEDIUM,MEDIUM,MEDIUM,5,COST_BASED,COST_BASED,false,false
1,baseline,1,2046,0.0,0.5424628450106157,NATURAL_GAS_BLOCK,PRIVATELY_RENTED,0,0,0,5311,6596,0.0,0.0,0.0,1420.7439357186174,0.0,MEDIUM,MEDIUM,MEDIUM,5,COST_BASED,COST_BASED,false,false
1,baseline,1,2047,0.0,0.5424628450106157,NATURAL_GAS_BLOCK,PRIVATELY_RENTED,0,0,0,5311,6362,0.0,0.0,0.0,1462.1193021062559,0.0,MEDIUM,MEDIUM,MEDIUM,5,COST_BASED,COST_BASED,false,false
1,baseline,1,2048,0.0,0.5424628450106157,NATURAL_GAS_BLOCK,PRIVATELY_RENTED,0,0,0,5311,6785,0.0,0.0,0.0,1420.4372881355932,0.0,MEDIUM,MEDIUM,MEDIUM,5,COST_BASED,COST_BASED,false,false
1,baseline,1,2049,0.0,0.5424628450106157,NATURAL_GAS_BLOCK,PRIVATELY_RENTED,0,0,0,5311,6901,0.0,0.0,0.0,1405.774525431097,0.0,MEDIUM,MEDIUM,MEDIUM,5,COST_BASED,COST_BASED,false,false
1,baseline,1,2050,0.0,0.5424628450106157,NATURAL_GAS_BLOCK,PRIVATELY_RENTED,0,0,0,5311,7263,0.0,0.0,0.0,1403.8741566845656,0.0,MEDIUM,MEDIUM,MEDIUM,5,COST_BASED,COST_BASED,false,false
1,baseline,1,2024,0.0,0.0,DISTRICT_HEATING,TOTAL,83607,83607,0,83607,0,0.0,0.0,0.0,0.0,0.0,MEDIUM,MEDIUM,MEDIUM,5,COST_BASED,COST_BASED,false,false
1,baseline,1,2025,0.0,0.13800424628450106,DISTRICT_HEATING,TOTAL,85014,3101,1694,86708,47388,0.7655039930287632,0.6096697852928449,0.13403512237027174,1813.9402591373344,0.7063742893857934,MEDIUM,MEDIUM,MEDIUM,5,COST_BASED,COST_BASED,false,false
1,baseline,1,2026,0.0,0.13800424628450106,DISTRICT_HEATING,TOTAL,84978,3343,3379,90051,50503,0.7656076921208239,0.6118681048803971,0.14549329733045757,1787.7018196938795,0.7082135721240809,MEDIUM,MEDIUM,MEDIUM,5,COST_BASED,COST_BASED,false,false
1,baseline,1,2027,0.0,0.13800424628450106,DISTRICT_HEATING,TOTAL,84200,3041,3819,93092,51385,0.7643629790070059,0.6109214152896697,0.14787687745208536,1755.107404884694,0.706806768501253,MEDIUM,MEDIUM,MEDIUM,5,COST_BASED,COST_BASED,false,false
1,baseline,1,2028,0.0,0.13800424628450106,DISTRICT_HEATING,TOTAL,84070,2923,3053,96015,51416,0.764933530169763,0.6150374517980012,0.1516251440949924,1787.643185000778,0.7123696521426965,MEDIUM,MEDIUM,MEDIUM,5,COST_BASED,COST_BASED,false,false
1,baseline,1,2029,0.0,0.13800424628450106,DISTRICT_HEATING,TOTAL,84270,2533,2333,98548,52685,0.7646084568733291,0.6059007349633616,0.15617335130070362,1783.1370978456866,0.6981773193141199,MEDIUM,MEDIUM,MEDIUM,5,COST_BASED,COST_BASED,false,false
1,baseline,1,2030,0.0,0.16666666666666666,DISTRICT_HEATING,TOTAL,83933,2658,2995,101206,49703,0.765866551625877,0.6042639879019966,0.15785752392294844,1788.8699676075892,0.6951971534561558,MEDIUM,MEDIUM,MEDIUM,5,COST_BASED,COST_BASED,false,false
1,baseline,1,2031,0.0,0.19957537154989385,DISTRICT_HEATING,TOTAL,82891,2513,3555,103719,52502,0.765741869537976,0.6045848540333414,0.1586601674545863,1777.409165365129,0.6956092927337004,MEDIUM,MEDIUM,MEDIUM,5,COST_BASED,COST_BASED,false,false
1,baseline,1,2032,0.0,0.22399150743099788,DISTRICT_HEATING,TOTAL,82666,2536,2761,106255,47751,0.7644771504936634,0.6155871277525493,0.16128717878911708,1789.9665347322568,0.712100506656769,MEDIUM,MEDIUM,MEDIUM,5,COST_BASED,COST_BASED,false,false
1,baseline,1,2033,0.0,0.2505307855626327,DISTRICT_HEATING,TOTAL,83090,2020,1596,108275,46755,0.7661989067016624,0.6138774784457335,0.15825873195085388,1806.679777563897,0.7094841494993248,MEDIUM,MEDIUM,MEDIUM,5,COST_BASED,COST_BASED,false,false
1,baseline,1,2034,0.0,0.2781316348195329,DISTRICT_HEATING,TOTAL,83076,2412,2426,110687,52191,0.7661481078048742,0.6164329418416741,0.1694961549251909,1748.8621409821617,0.7119253664456461,MEDIUM,MEDIUM,MEDIUM,5,COST_BASED,COST_BASED,false,false
1,baseline,1,2035,0.0,0.3089171974522293,DISTRICT_HEATING,TOTAL,80282,1633,4427,112320,50968,0.7660614891075435,0.6152053861766431,0.16326106682069877,1754.7233165908021,0.7108850736354927,MEDIUM,MEDIUM,MEDIUM,5,COST_BASED,COST_BASED,false,false
1,baseline,1,2036,0.0,0.3386411889596603,DISTRICT_HEATING,TOTAL,79239,1663,2706,113983,47676,0.7655162416886524,0.6123961845422929,0.17182302402420044,1807.2811267723803,0.705737338388266,MEDIUM,MEDIUM,MEDIUM,5,COST_BASED,COST_BASED,false,false
1,baseline,1,2037,0.0,0.3673036093418259,DISTRICT_HEATING,TOTAL,75159,850,4930,114833,40998,0.8058469469883078,0.6113911243187734,0.15157310183698464,1640.4667788672618,0.6966783120014629,MEDIUM,MEDIUM,MEDIUM,5,COST_BASED,COST_BASED,false,false
1,baseline,1,2038,0.0,0.3885350318471338,DISTRICT_HEATING,TOTAL,73416,759,2502,115592,37136,0.823001147398783,0.6233288023566372,0.15157390648054098,1641.786541361482,0.7102961783751967,MEDIUM,MEDIUM,MEDIUM,5,COST_BASED,COST_BASED,false,false
1,baseline,1,2039,0.0,0.42250530785562634,DISTRICT_HEATING,TOTAL,71203,354,2567,115946,33460,0.8358615676278114,0.6107649289178939,0.1400620057126012,1596.563717872086,0.6896742507558109,MEDIUM,MEDIUM,MEDIUM,5,COST_BASED,COST_BASED,false,false
1,baseline,1,2040,0.0,0.43524416135881105,DISTRICT_HEATING,TOTAL,68151,382,3434,116328,42378,0.767727308108371,0.6075406859358303,0.1263616392675427,1761.1544669403936,0.7035839969682136,MEDIUM,MEDIUM,MEDIUM,5,COST_BASED,COST_BASED,false,false
1,baseline,1,2041,0.0,0.4575371549893843,DISTRICT_HEATING,TOTAL,66607,525,2069,116853,42025,0.7463906605153389,0.6089803369112138,0.1290062725060403,1745.9076502082094,0.7107470561747375,MEDIUM,MEDIUM,MEDIUM,5,COST_BASED,COST_BASED,false,false
1,baseline,1,2042,0.0,0.4819532908704883,DISTRICT_HEATING,TOTAL,64300,456,2763,117309,40496,0.7359972518451976,0.6052525125128948,0.12600367922383876,1758.7342700513632,0.7081289959050636,MEDIUM,MEDIUM,MEDIUM,5,COST_BASED,COST_BASED,false,false
1,baseline,1,2043,0.0,0.5180467091295117,DISTRICT_HEATING,TOTAL,62972,383,1711,117692,41859,0.7292571097005395,0.6055894544609941,0.11719946143389022,1762.3539740557587,0.7114199715871071,MEDIUM,MEDIUM,MEDIUM,5,COST_BASED,COST_BASED,false,false
1,baseline,1,2044,0.0,0.5424628450106157,DISTRICT_HEATING,TOTAL,61323,306,1955,117998,42833,0.7431057915661952,0.5951007846943278,0.11983999366838553,1809.544580113464,0.6918947299413947,MEDIUM,MEDIUM,MEDIUM,5,COST_BASED,COST_BASED,false,false
1,baseline,1,2045,0.0,0.5424628450106157,DISTRICT_HEATING,TOTAL,59790,291,1824,118289,42911,0.7462952991417648,0.5945688313199523,0.1165136816827243,1820.7983034653118,0.6907152119841462,MEDIUM,MEDIUM,MEDIUM,5,COST_BASED,COST_BASED,false,false
1,baseline,1,2046,0.0,0.5424628450106157,DISTRICT_HEATING,TOTAL,57270,290,2810,118579,49129,0.7500879480809354,0.5998792132490464,0.11708719999598653,1778.2633475136884,0.6976609328538391,MEDIUM,MEDIUM,MEDIUM,5,COST_BASED,COST_BASED,false,false
1,baseline,1,2047,0.0,0.5424628450106157,DISTRICT_HEATING,TOTAL,54240,496,3526,119075,46722,0.7480446196395032,0.6067900504488054,0.11578207054869931,1764.3994906039982,0.7087011619447595,MEDIUM,MEDIUM,MEDIUM,5,COST_BASED,COST_BASED,false,false
1,baseline,1,2048,0.0,0.5424628450106157,DISTRICT_HEATING,TOTAL,52254,535,2521,119610,46830,0.7550718237845625,0.6104584832563799,0.11315409843915378,1794.867221866325,0.7127755066335427,MEDIUM,MEDIUM,MEDIUM,5,COST_BASED,COST_BASED,false,false
1,baseline,1,2049,0.0,0.5424628450106157,DISTRICT_HEATING,TOTAL,50477,366,2143,119976,52865,0.7567444695506004,0.6087308336467896,0.10795439358326078,1718.9626974368675,0.7104158338846217,MEDIUM,MEDIUM,MEDIUM,5,COST_BASED,COST_BASED,false,false
1,baseline,1,2050,0.0,0.5424628450106157,DISTRICT_HEATING,TOTAL,48822,347,2002,120323,55693,0.760758052706327,0.6091890813732789,0.11047124149256869,1722.7495017327133,0.7097852036967711,MEDIUM,MEDIUM,MEDIUM,5,COST_BASED,COST_BASED,false,false
1,baseline,1,2024,0.0,0.0,DISTRICT_HEATING,PRIVATELY_OWNED,44730,44730,0,44730,0,0.0,0.0,0.0,0.0,0.0,MEDIUM,MEDIUM,MEDIUM,5,COST_BASED,COST_BASED,false,false
1,baseline,1,2025,0.0,0.13800424628450106,DISTRICT_HEATING,PRIVATELY_OWNED,46623,3101,1208,47831,32943,0.7655039930287632,0.6096697852928449,0.13403512237027174,1908.10773153629,0.7063742893857934,MEDIUM,MEDIUM,MEDIUM,5,COST_BASED,COST_BASED,false,false
1,baseline,1,2026,0.0,0.13800424628450106,DISTRICT_HEATING,PRIVATELY_OWNED,48543,3343,1423,51174,33001,0.7656076921208239,0.6118681048803971,0.14549329733045757,1904.9402745371353,0.7082135721240809,MEDIUM,MEDIUM,MEDIUM,5,COST_BASED,COST_BASED,false,false
1,baseline,1,2027,0.0,0.13800424628450106,DISTRICT_HEATING,PRIVATELY_OWNED,50278,3039,1304,54213,33821,0.7643629790070059,0.6109214152896697,0.14787687745208536,1901.7441826084385,0.706806768501253,MEDIUM,MEDIUM,MEDIUM,5,COST_BASED,COST_BASED,false,false
1,baseline,1,2028,0.0,0.13800424628450106,DISTRICT_HEATING,PRIVATELY_OWNED,51752,2923,1449,57136,34458,0.764933530169763,0.6150374517980012,0.1516251440949924,1886.3079110801555,0.7123696521426965,MEDIUM,MEDIUM,MEDIUM,5,COST_BASED,COST_BASED,false,false
1,baseline,1,2029,0.0,0.13800424628450106,DISTRICT_HEATING,PRIVATELY_OWNED,52657,2533,1628,59669,34709,0.7646084568733291,0.6059007349633616,0.15617335130070362,1894.8783600795182,0.6981773193141199,MEDIUM,MEDIUM,MEDIUM,5,COST_BASED,COST_BASED,false,false
1,baseline,1,2030,0.0,0.16666666666666666,DISTRICT_HEATING,PRIVATELY_OWNED,53386,2658,1929,62327,34811,0.765866551625877,0.6042639879019966,0.15785752392294844,1888.0750912068024,0.6951971534561558,MEDIUM,MEDIUM,MEDIUM,5,COST_BASED,COST_BASED,false,false
1,baseline,1,2031,0.0,0.19957537154989385,DISTRICT_HEATING,PRIVATELY_OWNED,53650,2512,2248,64839,35484,0.765741869537976,0.6045848540333414,0.1586601674545863,1876.0122026828994,0.6956092927337004,MEDIUM,MEDIUM,MEDIUM,5,COST_BASED,COST_BASED,false,false
1,baseline,1,2032,0.0,0.22399150743099788,DISTRICT_HEATING,PRIVATELY_OWNED,54630,2533,1553,67372,34506,0.7644771504936634,0.6155871277525493,0.16128717878911708,1881.2832840665392,0.712100506656769,MEDIUM,MEDIUM,MEDIUM,5,COST_BASED,COST_BASED,false,false
1,baseline,1,2033,0.0,0.2505307855626327,DISTRICT_HEATING,PRIVATELY_OWNED,55468,2014,1176,69386,34033,0.7661989067016624,0.6138774784457335,0.15825873195085388,1893.1838215849323,0.7094841494993248,MEDIUM,MEDIUM,MEDIUM,5,COST_BASED,COST_BASED,false,false
1,baseline,1,2034,0.0,0.2781316348195329,DISTRICT_HEATING,PRIVATELY_OWNED,55968,2411,1911,71797,36464,0.7661481078048742,0.6164329418416741,0.1694961549251909,1823.6772707327775,0.7119253664456461,MEDIUM,MEDIUM,MEDIUM,5,COST_BASED,COST_BASED,false,false
1,baseline,1,2035,0.0,0.3089171974522293,DISTRICT_HEATING,PRIVATELY_OWNED,55798,1632,1802,73429,37177,0.7660614891075435,0.6152053861766431,0.16326106682069877,1813.6333216773812,0.7108850736354927,MEDIUM,MEDIUM,MEDIUM,5,COST_BASED,COST_BASED,false,false
1,baseline,1,2036,0.0,0.3386411889596603,DISTRICT_HEATING,PRIVATELY_OWNED,55556,1662,1904,75091,33950,0.7655162416886524,0.6123961845422929,0.17182302402420044,1889.4462739322532,0.705737338388266,MEDIUM,MEDIUM,MEDIUM,5,COST_BASED,COST_BASED,false,false
1,baseline,1,2037,0.0,0.3673036093418259,DISTRICT_HEATING,PRIVATELY_OWNED,54779,850,1627,75941,23553,0.8058469469883078,0.6113911243187734,0.15157310183698464,1763.5811149322803,0.6966783120014629,MEDIUM,MEDIUM,MEDIUM,5,COST_BASED,COST_BASED,false,false
1,baseline,1,2038,0.0,0.3885350318471338,DISTRICT_HEATING,PRIVATELY_OWNED,54172,758,1365,76699,18939,0.823001147398783,0.6233288023566372,0.15157390648054098,1764.2861291514864,0.7102961783751967,MEDIUM,MEDIUM,MEDIUM,5,COST_BASED,COST_BASED,false,false
1,baseline,1,2039,0.0,0.42250530785562634,DISTRICT_HEATING,PRIVATELY_OWNED,53477,352,1047,77051,15319,0.8358615676278114,0.6107649289178939,0.1400620057126012,1807.7629088060578,0.6896742507558109,MEDIUM,MEDIUM,MEDIUM,5,COST_BASED,COST_BASED,false,false
1,baseline,1,2040,0.0,0.43524416135881105,DISTRICT_HEATING,PRIVATELY_OWNED,52748,381,1110,77432,23756,0.767727308108371,0.6075406859358303,0.1263616392675427,1946.9862771510354,0.7035839969682136,MEDIUM,MEDIUM,MEDIUM,5,COST_BASED,COST_BASED,false,false
1,baseline,1,2041,0.0,0.4575371549893843,DISTRICT_HEATING,PRIVATELY_OWNED,51959,525,1314,77957,23956,0.7463906605153389,0.6089803369112138,0.1290062725060403,1897.4900651193855,0.7107470561747375,MEDIUM,MEDIUM,MEDIUM,5,COST_BASED,COST_BASED,false,false
1,baseline,1,2042,0.0,0.4819532908704883,DISTRICT_HEATING,PRIVATELY_OWNED,51181,455,1233,78412,24723,0.7359972518451976,0.6052525125128948,0.12600367922383876,1910.8708490069976,0.7081289959050636,MEDIUM,MEDIUM,MEDIUM,5,COST_BASED,COST_BASED,false,false
1,baseline,1,2043,0.0,0.5180467091295117,DISTRICT_HEATING,PRIVATELY_OWNED,50491,381,1071,78793,24934,0.7292571097005395,0.6055894544609941,0.11719946143389022,1903.4974332237107,0.7114199715871071,MEDIUM,MEDIUM,MEDIUM,5,COST_BASED,COST_BASED,false,false
1,baseline,1,2044,0.0,0.5424628450106157,DISTRICT_HEATING,PRIVATELY_OWNED,49768,305,1028,79098,29236,0.7431057915661952,0.5951007846943278,0.11983999366838553,1944.828806950335,0.6918947299413947,MEDIUM,MEDIUM,MEDIUM,5,COST_BASED,COST_BASED,false,false
1,baseline,1,2045,0.0,0.5424628450106157,DISTRICT_HEATING,PRIVATELY_OWNED,48875,288,1181,79386,30365,0.7462952991417648,0.5945688313199523,0.1165136816827243,1928.1474394862505,0.6907152119841462,MEDIUM,MEDIUM,MEDIUM,5,COST_BASED,COST_BASED,false,false
1,baseline,1,2046,0.0,0.5424628450106157,DISTRICT_HEATING,PRIVATELY_OWNED,47878,285,1282,79671,32348,0.7500879480809354,0.5998792132490464,0.11708719999598653,1899.5849202423642,0.6976609328538391,MEDIUM,MEDIUM,MEDIUM,5,COST_BASED,COST_BASED,false,false
1,baseline,1,2047,0.0,0.5424628450106157,DISTRICT_HEATING,PRIVATELY_OWNED,46884,496,1490,80167,31578,0.7480446196395032,0.6067900504488054,0.11578207054869931,1880.9605738172145,0.7087011619447595,MEDIUM,MEDIUM,MEDIUM,5,COST_BASED,COST_BASED,false,false
1,baseline,1,2048,0.0,0.5424628450106157,DISTRICT_HEATING,PRIVATELY_OWNED,45866,535,1553,80702,32483,0.7550718237845625,0.6104584832563799,0.11315409843915378,1888.29846381184,0.7127755066335427,MEDIUM,MEDIUM,MEDIUM,5,COST_BASED,COST_BASED,false,false
1,baseline,1,2049,0.0,0.5424628450106157,DISTRICT_HEATING,PRIVATELY_OWNED,44948,366,1284,81068,34843,0.7567444695506004,0.6087308336467896,0.10795439358326078,1835.1406882300605,0.7104158338846217,MEDIUM,MEDIUM,MEDIUM,5,COST_BASED,COST_BASED,false,false
1,baseline,1,2050,0.0,0.5424628450106157,DISTRICT_HEATING,PRIVATELY_OWNED,44059,347,1236,81415,36628,0.760758052706327,0.6091890813732789,0.11047124149256869,1819.7820792836083,0.7097852036967711,MEDIUM,MEDIUM,MEDIUM,5,COST_BASED,COST_BASED,false,false
1,baseline,1,2024,0.0,0.0,DISTRICT_HEATING,SOCIAL_HOUSING,26198,26198,0,26198,0,0.0,0.0,0.0,0.0,0.0,MEDIUM,MEDIUM,MEDIUM,5,COST_BASED,COST_BASED,false,false
1,baseline,1,2025,0.0,0.13800424628450106,DISTRICT_HEATING,SOCIAL_HOUSING,25979,0,219,26198,7830,0.0,0.0,0.0,1604.313282247765,0.0,MEDIUM,MEDIUM,MEDIUM,5,COST_BASED,COST_BASED,false,false
1,baseline,1,2026,0.0,0.13800424628450106,DISTRICT_HEATING,SOCIAL_HOUSING,24282,0,1697,26198,10683,0.0,0.0,0.0,1539.1568847701956,0.0,MEDIUM,MEDIUM,MEDIUM,5,COST_BASED,COST_BASED,false,false
1,baseline,1,2027,0.0,0.13800424628450106,DISTRICT_HEATING,SOCIAL_HOUSING,22084,0,2198,26198,10775,0.0,0.0,0.0,1386.7536890951276,0.0,MEDIUM,MEDIUM,MEDIUM,5,COST_BASED,COST_BASED,false,false
1,baseline,1,2028,0.0,0.13800424628450106,DISTRICT_HEATING,SOCIAL_HOUSING,20803,0,1281,26198,10109,0.0,0.0,0.0,1572.3522603620536,0.0,MEDIUM,MEDIUM,MEDIUM,5,COST_BASED,COST_BASED,false,false
1,baseline,1,2029,0.0,0.13800424628450106,DISTRICT_HEATING,SOCIAL_HOUSING,20431,0,372,26198,11274,0.0,0.0,0.0,1535.8226893737803,0.0,MEDIUM,MEDIUM,MEDIUM,5,COST_BASED,COST_BASED,false,false
1,baseline,1,2030,0.0,0.16666666666666666,DISTRICT_HEATING,SOCIAL_HOUSING,19803,0,628,26198,8191,0.0,0.0,0.0,1517.0029300451715,0.0,MEDIUM,MEDIUM,MEDIUM,5,COST_BASED,COST_BASED,false,false
1,baseline,1,2031,0.0,0.19957537154989385,DISTRICT_HEATING,SOCIAL_HOUSING,18895,0,908,26198,10299,0.0,0.0,0.0,1548.211476842412,0.0,MEDIUM,MEDIUM,MEDIUM,5,COST_BASED,COST_BASED,false,false
1,baseline,1,2032,0.0,0.22399150743099788,DISTRICT_HEATING,SOCIAL_HOUSING,18043,0,852,26198,6543,0.0,0.0,0.0,1486.4557542411737,0.0,MEDIUM,MEDIUM,MEDIUM,5,COST_BASED,COST_BASED,false,false
1,baseline,1,2033,0.0,0.2505307855626327,DISTRICT_HEATING,SOCIAL_HOUSING,17931,0,112,26198,5822,0.0,0.0,0.0,1551.5283407763654,0.0,MEDIUM,MEDIUM,MEDIUM,5,COST_BASED,COST_BASED,false,false
1,baseline,1,2034,0.0,0.2781316348195329,DISTRICT_HEATING,SOCIAL_HOUSING,17879,0,52,26198,9141,0.0,0.0,0.0,1552.3983152827918,0.0,MEDIUM,MEDIUM,MEDIUM,5,COST_BASED,COST_BASED,false,false
1,baseline,1,2035,0.0,0.3089171974522293,DISTRICT_HEATING,SOCIAL_HOUSING,15739,0,2140,26198,7092,0.0,0.0,0.0,1576.5851663846588,0.0,MEDIUM,MEDIUM,MEDIUM,5,COST_BASED,COST_BASED,false,false
1,baseline,1,2036,0.0,0.3386411889596603,DISTRICT_HEATING,SOCIAL_HOUSING,15510,0,229,26198,7215,0.0,0.0,0.0,1598.6189882189883,0.0,MEDIUM,MEDIUM,MEDIUM,5,COST_BASED,COST_BASED,false,false
1,baseline,1,2037,0.0,0.3673036093418259,DISTRICT_HEATING,SOCIAL_HOUSING,12659,0,2851,26198,10681,0.0,0.0,0.0,1447.881471772306,0.0,MEDIUM,MEDIUM,MEDIUM,5,COST_BASED,COST_BASED,false,false
1,baseline,1,2038,0.0,0.3885350318471338,DISTRICT_HEATING,SOCIAL_HOUSING,12017,0,642,26198,11445,0.0,0.0,0.0,1518.49375273045,0.0,MEDIUM,MEDIUM,MEDIUM,5,COST_BASED,COST_BASED,false,false
1,baseline,1,2039,0.0,0.42250530785562634,DISTRICT_HEATING,SOCIAL_HOUSING,11164,0,853,26198,11632,0.0,0.0,0.0,1371.7192228335625,0.0,MEDIUM,MEDIUM,MEDIUM,5,COST_BASED,COST_BASED,false,false
1,baseline,1,2040,0.0,0.43524416135881105,DISTRICT_HEATING,SOCIAL_HOUSING,9197,0,1967,26198,12076,0.0,0.0,0.0,1501.5381748923485,0.0,MEDIUM,MEDIUM,MEDIUM,5,COST_BASED,COST_BASED,false,false
1,baseline,1,2041,0.0,0.4575371549893843,DISTRICT_HEATING,SOCIAL_HOUSING,9197,0,0,26198,11274,0.0,0.0,0.0,1532.0771687067588,0.0,MEDIUM,MEDIUM,MEDIUM,5,COST_BASED,COST_BASED,false,false
1,baseline,1,2042,0.0,0.4819532908704883,DISTRICT_HEATING,SOCIAL_HOUSING,8310,0,887,26198,9078,0.0,0.0,0.0,1498.2000440625688,0.0,MEDIUM,MEDIUM,MEDIUM,5,COST_BASED,COST_BASED,false,false
1,baseline,1,2043,0.0,0.5180467091295117,DISTRICT_HEATING,SOCIAL_HOUSING,8113,0,197,26198,10496,0.0,0.0,0.0,1539.0824123475609,0.0,MEDIUM,MEDIUM,MEDIUM,5,COST_BASED,COST_BASED,false,false
1,baseline,1,2044,0.0,0.5424628450106157,DISTRICT_HEATING,SOCIAL_HOUSING,7579,0,534,26198,7077,0.0,0.0,0.0,1467.146672318779,0.0,MEDIUM,MEDIUM,MEDIUM,5,COST_BASED,COST_BASED,false,false
1,baseline,1,2045,0.0,0.5424628450106157,DISTRICT_HEATING,SOCIAL_HOUSING,7276,0,303,26198,6125,0.0,0.0,0.0,1531.5836734693878,0.0,MEDIUM,MEDIUM,MEDIUM,5,COST_BASED,COST_BASED,false,false
1,baseline,1,2046,0.0,0.5424628450106157,DISTRICT_HEATING,SOCIAL_HOUSING,6232,0,1044,26198,10185,0.0,0.0,0.0,1523.7258713794797,0.0,MEDIUM,MEDIUM,MEDIUM,5,COST_BASED,COST_BASED,false,false
1,baseline,1,2047,0.0,0.5424628450106157,DISTRICT_HEATING,SOCIAL_HOUSING,4542,0,1690,26198,8782,0.0,0.0,0.0,1447.0072876337963,0.0,MEDIUM,MEDIUM,MEDIUM,5,COST_BASED,COST_BASED,false,false
1,baseline,1,2048,0.0,0.5424628450106157,DISTRICT_HEATING,SOCIAL_HOUSING,4195,0,347,26198,7562,0.0,0.0,0.0,1590.373975138852,0.0,MEDIUM,MEDIUM,MEDIUM,5,COST_BASED,COST_BASED,false,false
1,baseline,1,2049,0.0,0.5424628450106157,DISTRICT_HEATING,SOCIAL_HOUSING,3755,0,440,26198,11121,0.0,0.0,0.0,1454.1265173995143,0.0,MEDIUM,MEDIUM,MEDIUM,5,COST_BASED,COST_BASED,false,false
1,baseline,1,2050,0.0,0.5424628450106157,DISTRICT_HEATING,SOCIAL_HOUSING,3398,0,357,26198,11802,0.0,0.0,0.0,1523.3328249449246,0.0,MEDIUM,MEDIUM,MEDIUM,5,COST_BASED,COST_BASED,false,false
1,baseline,1,2024,0.0,0.0,DISTRICT_HEATING,PRIVATELY_RENTED,12679,12679,0,12679,0,0.0,0.0,0.0,0.0,0.0,MEDIUM,MEDIUM,MEDIUM,5,COST_BASED,COST_BASED,false,false
1,baseline,1,2025,0.0,0.13800424628450106,DISTRICT_HEATING,PRIVATELY_RENTED,12412,0,267,12679,6615,0.0,0.0,0.0,1593.1118669690097,0.0,MEDIUM,MEDIUM,MEDIUM,5,COST_BASED,COST_BASED,false,false
1,baseline,1,2026,0.0,0.13800424628450106,DISTRICT_HEATING,PRIVATELY_RENTED,12153,0,259,12679,6819,0.0,0.0,0.0,1609.7020090922422,0.0,MEDIUM,MEDIUM,MEDIUM,5,COST_BASED,COST_BASED,false,false
1,baseline,1,2027,0.0,0.13800424628450106,DISTRICT_HEATING,PRIVATELY_RENTED,11838,2,317,12681,6789,0.0,0.0,0.0,1609.2256591545147,0.0,MEDIUM,MEDIUM,MEDIUM,5,COST_BASED,COST_BASED,false,false
1,baseline,1,2028,0.0,0.13800424628450106,DISTRICT_HEATING,PRIVATELY_RENTED,11515,0,323,12681,6849,0.0,0.0,0.0,1609.0166447656593,0.0,MEDIUM,MEDIUM,MEDIUM,5,COST_BASED,COST_BASED,false,false
1,baseline,1,2029,0.0,0.13800424628450106,DISTRICT_HEATING,PRIVATELY_RENTED,11182,0,333,12681,6702,0.0,0.0,0.0,1620.4685168606386,0.0,MEDIUM,MEDIUM,MEDIUM,5,COST_BASED,COST_BASED,false,false
1,baseline,1,2030,0.0,0.16666666666666666,DISTRICT_HEATING,PRIVATELY_RENTED,10744,0,438,12681,6701,0.0,0.0,0.0,1605.82763766602,0.0,MEDIUM,MEDIUM,MEDIUM,5,COST_BASED,COST_BASED,false,false
1,baseline,1,2031,0.0,0.19957537154989385,DISTRICT_HEATING,PRIVATELY_RENTED,10346,1,399,12682,6719,0.0,0.0,0.0,1607.9906236047032,0.0,MEDIUM,MEDIUM,MEDIUM,5,COST_BASED,COST_BASED,false,false
1,baseline,1,2032,0.0,0.22399150743099788,DISTRICT_HEATING,PRIVATELY_RENTED,9993,3,356,12685,6702,0.0,0.0,0.0,1616.1222023276634,0.0,MEDIUM,MEDIUM,MEDIUM,5,COST_BASED,COST_BASED,false,false
1,baseline,1,2033,0.0,0.2505307855626327,DISTRICT_HEATING,PRIVATELY_RENTED,9691,6,308,12691,6900,0.0,0.0,0.0,1595.3028985507246,0.0,MEDIUM,MEDIUM,MEDIUM,5,COST_BASED,COST_BASED,false,false
1,baseline,1,2034,0.0,0.2781316348195329,DISTRICT_HEATING,PRIVATELY_RENTED,9229,1,463,12692,6586,0.0,0.0,0.0,1607.322046765867,0.0,MEDIUM,MEDIUM,MEDIUM,5,COST_BASED,COST_BASED,false,false
1,baseline,1,2035,0.0,0.3089171974522293,DISTRICT_HEATING,PRIVATELY_RENTED,8745,1,485,12693,6699,0.0,0.0,0.0,1616.3830422451113,0.0,MEDIUM,MEDIUM,MEDIUM,5,COST_BASED,COST_BASED,false,false
1,baseline,1,2036,0.0,0.3386411889596603,DISTRICT_HEATING,PRIVATELY_RENTED,8173,1,573,12694,6511,0.0,0.0,0.0,1610.0749500844724,0.0,MEDIUM,MEDIUM,MEDIUM,5,COST_BASED,COST_BASED,false,false
1,baseline,1,2037,0.0,0.3673036093418259,DISTRICT_HEATING,PRIVATELY_RENTED,7721,0,452,12694,6764,0.0,0.0,0.0,1515.8795091661739,0.0,MEDIUM,MEDIUM,MEDIUM,5,COST_BASED,COST_BASED,false,false
1,baseline,1,2038,0.0,0.3885350318471338,DISTRICT_HEATING,PRIVATELY_RENTED,7227,1,495,12695,6752,0.0,0.0,0.0,1507.1695793838862,0.0,MEDIUM,MEDIUM,MEDIUM,5,COST_BASED,COST_BASED,false,false
1,baseline,1,2039,0.0,0.42250530785562634,DISTRICT_HEATING,PRIVATELY_RENTED,6562,2,667,12697,6509,0.0,0.0,0.0,1501.315716699954,0.0,MEDIUM,MEDIUM,MEDIUM,5,COST_BASED,COST_BASED,false,false
1,baseline,1,2040,0.0,0.43524416135881105,DISTRICT_HEATING,PRIVATELY_RENTED,6206,1,357,12698,6546,0.0,0.0,0.0,1565.69248395967,0.0,MEDIUM,MEDIUM,MEDIUM,5,COST_BASED,COST_BASED,false,false
1,baseline,1,2041,0.0,0.4575371549893843,DISTRICT_HEATING,PRIVATELY_RENTED,5451,0,755,12698,6795,0.0,0.0,0.0,1566.2779985283296,0.0,MEDIUM,MEDIUM,MEDIUM,5,COST_BASED,COST_BASED,false,false
1,baseline,1,2042,0.0,0.4819532908704883,DISTRICT_HEATING,PRIVATELY_RENTED,4809,1,643,12699,6695,0.0,0.0,0.0,1550.1991038088127,0.0,MEDIUM,MEDIUM,MEDIUM,5,COST_BASED,COST_BASED,false,false
1,baseline,1,2043,0.0,0.5180467091295117,DISTRICT_HEATING,PRIVATELY_RENTED,4368,2,443,12701,6429,0.0,0.0,0.0,1579.4619692020533,0.0,MEDIUM,MEDIUM,MEDIUM,5,COST_BASED,COST_BASED,false,false
1,baseline,1,2044,0.0,0.5424628450106157,DISTRICT_HEATING,PRIVATELY_RENTED,3976,1,393,12702,6520,0.0,0.0,0.0,1574.5722392638038,0.0,MEDIUM,MEDIUM,MEDIUM,5,COST_BASED,COST_BASED,false,false
1,baseline,1,2045,0.0,0.5424628450106157,DISTRICT_HEATING,PRIVATELY_RENTED,3639,3,340,12705,6421,0.0,0.0,0.0,1589.0249182370346,0.0,MEDIUM,MEDIUM,MEDIUM,5,COST_BASED,COST_BASED,false,false
1,baseline,1,2046,0.0,0.5424628450106157,DISTRICT_HEATING,PRIVATELY_RENTED,3160,5,484,12710,6596,0.0,0.0,0.0,1576.3157974530018,0.0,MEDIUM,MEDIUM,MEDIUM,5,COST_BASED,COST_BASED,false,false
1,baseline,1,2047,0.0,0.5424628450106157,DISTRICT_HEATING,PRIVATELY_RENTED,2814,0,346,12710,6362,0.0,0.0,0.0,1623.9676202452058,0.0,MEDIUM,MEDIUM,MEDIUM,5,COST_BASED,COST_BASED,false,false
1,baseline,1,2048,0.0,0.5424628450106157,DISTRICT_HEATING,PRIVATELY_RENTED,2193,0,621,12710,6785,0.0,0.0,0.0,1575.478997789241,0.0,MEDIUM,MEDIUM,MEDIUM,5,COST_BASED,COST_BASED,false,false
1,baseline,1,2049,0.0,0.5424628450106157,DISTRICT_HEATING,PRIVATELY_RENTED,1774,0,419,12710,6901,0.0,0.0,0.0,1559.1675119547892,0.0,MEDIUM,MEDIUM,MEDIUM,5,COST_BASED,COST_BASED,false,false
1,baseline,1,2050,0.0,0.5424628450106157,DISTRICT_HEATING,PRIVATELY_RENTED,1365,0,409,12710,7263,0.0,0.0,0.0,1557.446785075038,0.0,MEDIUM,MEDIUM,MEDIUM,5,COST_BASED,COST_BASED,false,false
1,baseline,1,2024,0.0,0.0,ELECTRIC_HEAT_PUMP,TOTAL,34016,34016,0,34016,0,0.0,0.0,0.0,0.0,0.0,MEDIUM,MEDIUM,MEDIUM,5,COST_BASED,COST_BASED,false,false
1,baseline,1,2025,0.0,0.13800424628450106,ELECTRIC_HEAT_PUMP,TOTAL,40853,8832,1995,42848,47388,0.7145361349560907,0.5831067499939303,0.101048222634248,2395.3284586815225,0.6707640355932994,MEDIUM,MEDIUM,MEDIUM,5,COST_BASED,COST_BASED,false,false
1,baseline,1,2026,0.0,0.13800424628450106,ELECTRIC_HEAT_PUMP,TOTAL,51895,13010,1968,55858,50503,0.7147171422313596,0.5998735268912639,0.1384881162976417,2297.4695562639845,0.6865089757046444,MEDIUM,MEDIUM,MEDIUM,5,COST_BASED,COST_BASED,false,false
1,baseline,1,2027,0.0,0.13800424628450106,ELECTRIC_HEAT_PUMP,TOTAL,65252,15330,1973,71188,51385,0.7150432215678328,0.6075509191461087,0.18891641323273886,2207.227790211151,0.6853364700190259,MEDIUM,MEDIUM,MEDIUM,5,COST_BASED,COST_BASED,false,false
1,baseline,1,2028,0.0,0.13800424628450106,ELECTRIC_HEAT_PUMP,TOTAL,80462,16847,1637,88035,51416,0.7156461843730271,0.6180404575848084,0.24141030639441285,2209.2664929204916,0.6877965636853478,MEDIUM,MEDIUM,MEDIUM,5,COST_BASED,COST_BASED,false,false
1,baseline,1,2029,0.0,0.13800424628450106,ELECTRIC_HEAT_PUMP,TOTAL,97007,18404,1859,106439,52685,0.7156462230868844,0.6263344613219091,0.3027161446898271,2118.8810097750784,0.6849111000386764,MEDIUM,MEDIUM,MEDIUM,5,COST_BASED,COST_BASED,false,false
1,baseline,1,2030,0.0,0.16666666666666666,ELECTRIC_HEAT_PUMP,TOTAL,113709,18675,1973,125114,49703,0.7139830160502099,0.6342468488276092,0.36037824604628044,2099.7535561233726,0.6827799577172838,MEDIUM,MEDIUM,MEDIUM,5,COST_BASED,COST_BASED,false,false
1,baseline,1,2031,0.0,0.19957537154989385,ELECTRIC_HEAT_PUMP,TOTAL,130737,19211,2183,144325,52502,0.7139570986075192,0.6427402621854961,0.4161436664233767,2031.7269437354767,0.6815852020205142,MEDIUM,MEDIUM,MEDIUM,5,COST_BASED,COST_BASED,false,false
1,baseline,1,2032,0.0,0.22399150743099788,ELECTRIC_HEAT_PUMP,TOTAL,147260,18803,2280,163128,47751,0.7156448413397848,0.6555088812768274,0.4663629087973999,2026.2616070867625,0.6877613843809421,MEDIUM,MEDIUM,MEDIUM,5,COST_BASED,COST_BASED,false,false
1,baseline,1,2033,0.0,0.2505307855626327,ELECTRIC_HEAT_PUMP,TOTAL,163463,18501,2298,181629,46755,0.714070135339624,0.6629621215943482,0.5061353196499694,2022.3890920757137,0.6893918186441241,MEDIUM,MEDIUM,MEDIUM,5,COST_BASED,COST_BASED,false,false
1,baseline,1,2034,0.0,0.2781316348195329,ELECTRIC_HEAT_PUMP,TOTAL,181194,19925,2194,201554,52191,0.7140009278629772,0.6691428635527754,0.5437364737884938,1924.7153149010367,0.6892799449162983,MEDIUM,MEDIUM,MEDIUM,5,COST_BASED,COST_BASED,false,false
1,baseline,1,2035,0.0,0.3089171974522293,ELECTRIC_HEAT_PUMP,TOTAL,198691,20057,2560,221611,50968,0.7138166944569779,0.6630809016528314,0.5718486980740498,1909.4746115209543,0.6732050043464839,MEDIUM,MEDIUM,MEDIUM,5,COST_BASED,COST_BASED,false,false
1,baseline,1,2036,0.0,0.3386411889596603,ELECTRIC_HEAT_PUMP,TOTAL,214624,18611,2678,240222,47676,0.7152637430698389,0.6873009587308134,0.593149556156033,1913.6586332746035,0.7038481132897557,MEDIUM,MEDIUM,MEDIUM,5,COST_BASED,COST_BASED,false,false
1,baseline,1,2037,0.0,0.3673036093418259,ELECTRIC_HEAT_PUMP,TOTAL,221226,9969,3367,250191,40998,0.6640638649984804,0.6527464326604908,0.503016186951087,1719.3371140055613,0.6873496360033424,MEDIUM,MEDIUM,MEDIUM,5,COST_BASED,COST_BASED,false,false
1,baseline,1,2038,0.0,0.3885350318471338,ELECTRIC_HEAT_PUMP,TOTAL,224216,6371,3381,256562,37136,0.6414222478029156,0.6358254820079293,0.4339467251893999,1754.5732981473502,0.684895979763813,MEDIUM,MEDIUM,MEDIUM,5,COST_BASED,COST_BASED,false,false
1,baseline,1,2039,0.0,0.42250530785562634,ELECTRIC_HEAT_PUMP,TOTAL,226744,4198,1670,260760,33460,0.6206645378627632,0.6174419373516695,0.380542708581287,1718.0832337118948,0.675861094416485,MEDIUM,MEDIUM,MEDIUM,5,COST_BASED,COST_BASED,false,false
1,baseline,1,2040,0.0,0.43524416135881105,ELECTRIC_HEAT_PUMP,TOTAL,229550,11638,8832,272398,42378,0.7063766540453027,0.6927963640820191,0.5605539261369736,1765.5698003681155,0.7224619010774589,MEDIUM,MEDIUM,MEDIUM,5,COST_BASED,COST_BASED,false,false
1,baseline,1,2041,0.0,0.4575371549893843,ELECTRIC_HEAT_PUMP,TOTAL,230589,14049,13010,286447,42025,0.7283091282228656,0.7266285539425117,0.6376275992960213,1674.0990600832838,0.7484586490340345,MEDIUM,MEDIUM,MEDIUM,5,COST_BASED,COST_BASED,false,false
1,baseline,1,2042,0.0,0.4819532908704883,ELECTRIC_HEAT_PUMP,TOTAL,231108,15849,15330,302296,40496,0.7398606374827771,0.7366688518102794,0.6812398509605642,1650.0044448834453,0.7497281556045821,MEDIUM,MEDIUM,MEDIUM,5,COST_BASED,COST_BASED,false,false
1,baseline,1,2043,0.0,0.5180467091295117,ELECTRIC_HEAT_PUMP,TOTAL,231264,17003,16847,319299,41859,0.7477384636902409,0.7410112583149154,0.7131524135605405,1610.6247163095152,0.7462941681596743,MEDIUM,MEDIUM,MEDIUM,5,COST_BASED,COST_BASED,false,false
1,baseline,1,2044,0.0,0.5424628450106157,ELECTRIC_HEAT_PUMP,TOTAL,231372,18512,18404,337811,42833,0.7363439217588267,0.7366827810358627,0.6687332084978692,1634.4299021782272,0.7537548889896227,MEDIUM,MEDIUM,MEDIUM,5,COST_BASED,COST_BASED,false,false
1,baseline,1,2045,0.0,0.5424628450106157,ELECTRIC_HEAT_PUMP,TOTAL,231598,18901,18675,356712,42911,0.7343196047397584,0.7337337360068834,0.6565099350617358,1634.7402064738644,0.7528932190599527,MEDIUM,MEDIUM,MEDIUM,5,COST_BASED,COST_BASED,false,false
1,baseline,1,2046,0.0,0.5424628450106157,ELECTRIC_HEAT_PUMP,TOTAL,231985,19598,19211,376310,49129,0.7303727333029775,0.7314725259873484,0.6408920241309258,1544.185206293635,0.7543925996225397,MEDIUM,MEDIUM,MEDIUM,5,COST_BASED,COST_BASED,false,false
1,baseline,1,2047,0.0,0.5424628450106157,ELECTRIC_HEAT_PUMP,TOTAL,232494,19312,18803,395622,46722,0.7330120570523733,0.7336316463809328,0.6431885210156951,1551.4034287915756,0.7563973250543872,MEDIUM,MEDIUM,MEDIUM,5,COST_BASED,COST_BASED,false,false
1,baseline,1,2048,0.0,0.5424628450106157,ELECTRIC_HEAT_PUMP,TOTAL,233133,19140,18501,414762,46830,0.7282665140980005,0.711909706749618,0.6263784949243526,1552.5266709374332,0.729203307868851,MEDIUM,MEDIUM,MEDIUM,5,COST_BASED,COST_BASED,false,false
1,baseline,1,2049,0.0,0.5424628450106157,ELECTRIC_HEAT_PUMP,TOTAL,233694,20486,19925,435248,52865,0.725648216849666,0.726869873769525,0.6254511427172785,1479.6295091270217,0.7525299707625354,MEDIUM,MEDIUM,MEDIUM,5,COST_BASED,COST_BASED,false,false
1,baseline,1,2050,0.0,0.5424628450106157,ELECTRIC_HEAT_PUMP,TOTAL,234383,20746,20057,455994,55693,0.7207257409285036,0.7143666021637425,0.607571646224381,1497.196829044943,0.7394755564574022,MEDIUM,MEDIUM,MEDIUM,5,COST_BASED,COST_BASED,false,false
1,baseline,1,2024,0.0,0.0,ELECTRIC_HEAT_PUMP,PRIVATELY_OWNED,27594,27594,0,27594,0,0.0,0.0,0.0,0.0,0.0,MEDIUM,MEDIUM,MEDIUM,5,COST_BASED,COST_BASED,false,false
1,baseline,1,2025,0.0,0.13800424628450106,ELECTRIC_HEAT_PUMP,PRIVATELY_OWNED,34894,8832,1532,36426,32943,0.7145361349560907,0.5831067499939303,0.101048222634248,2505.8147102571106,0.6707640355932994,MEDIUM,MEDIUM,MEDIUM,5,COST_BASED,COST_BASED,false,false
1,baseline,1,2026,0.0,0.13800424628450106,ELECTRIC_HEAT_PUMP,PRIVATELY_OWNED,46314,13010,1590,49436,33001,0.7147171422313596,0.5998735268912639,0.1384881162976417,2446.679070331202,0.6865089757046444,MEDIUM,MEDIUM,MEDIUM,5,COST_BASED,COST_BASED,false,false
1,baseline,1,2027,0.0,0.13800424628450106,ELECTRIC_HEAT_PUMP,PRIVATELY_OWNED,60069,15330,1575,64766,33821,0.7150432215678328,0.6075509191461087,0.18891641323273886,2378.66160078058,0.6853364700190259,MEDIUM,MEDIUM,MEDIUM,5,COST_BASED,COST_BASED,false,false
1,baseline,1,2028,0.0,0.13800424628450106,ELECTRIC_HEAT_PUMP,PRIVATELY_OWNED,75591,16847,1325,81613,34458,0.7156461843730271,0.6180404575848084,0.24141030639441285,2313.0409774217887,0.6877965636853478,MEDIUM,MEDIUM,MEDIUM,5,COST_BASED,COST_BASED,false,false
1,baseline,1,2029,0.0,0.13800424628450106,ELECTRIC_HEAT_PUMP,PRIVATELY_OWNED,92509,18404,1486,100017,34709,0.7156462230868844,0.6263344613219091,0.3027161446898271,2258.8952144976806,0.6849111000386764,MEDIUM,MEDIUM,MEDIUM,5,COST_BASED,COST_BASED,false,false
1,baseline,1,2030,0.0,0.16666666666666666,ELECTRIC_HEAT_PUMP,PRIVATELY_OWNED,109568,18675,1616,118692,34811,0.7139830160502099,0.6342468488276092,0.36037824604628044,2216.3203585073684,0.6827799577172838,MEDIUM,MEDIUM,MEDIUM,5,COST_BASED,COST_BASED,false,false
1,baseline,1,2031,0.0,0.19957537154989385,ELECTRIC_HEAT_PUMP,PRIVATELY_OWNED,127024,19211,1755,137903,35484,0.7139570986075192,0.6427402621854961,0.4161436664233767,2153.4372675008453,0.6815852020205142,MEDIUM,MEDIUM,MEDIUM,5,COST_BASED,COST_BASED,false,false
1,baseline,1,2032,0.0,0.22399150743099788,ELECTRIC_HEAT_PUMP,PRIVATELY_OWNED,143879,18803,1948,156706,34506,0.7156448413397848,0.6555088812768274,0.4663629087973999,2132.26201240364,0.6877613843809421,MEDIUM,MEDIUM,MEDIUM,5,COST_BASED,COST_BASED,false,false
1,baseline,1,2033,0.0,0.2505307855626327,ELECTRIC_HEAT_PUMP,PRIVATELY_OWNED,160639,18501,1741,175207,34033,0.714070135339624,0.6629621215943482,0.5061353196499694,2118.7391061616668,0.6893918186441241,MEDIUM,MEDIUM,MEDIUM,5,COST_BASED,COST_BASED,false,false
1,baseline,1,2034,0.0,0.2781316348195329,ELECTRIC_HEAT_PUMP,PRIVATELY_OWNED,178799,19925,1765,195132,36464,0.7140009278629772,0.6691428635527754,0.5437364737884938,2012.8890412461606,0.6892799449162983,MEDIUM,MEDIUM,MEDIUM,5,COST_BASED,COST_BASED,false,false
1,baseline,1,2035,0.0,0.3089171974522293,ELECTRIC_HEAT_PUMP,PRIVATELY_OWNED,196968,20057,1888,215189,37177,0.7138166944569779,0.6630809016528314,0.5718486980740498,1977.0368238426984,0.6732050043464839,MEDIUM,MEDIUM,MEDIUM,5,COST_BASED,COST_BASED,false,false
1,baseline,1,2036,0.0,0.3386411889596603,ELECTRIC_HEAT_PUMP,PRIVATELY_OWNED,213380,18611,2199,233800,33950,0.7152637430698389,0.6873009587308134,0.593149556156033,2024.8025920471282,0.7038481132897557,MEDIUM,MEDIUM,MEDIUM,5,COST_BASED,COST_BASED,false,false
1,baseline,1,2037,0.0,0.3673036093418259,ELECTRIC_HEAT_PUMP,PRIVATELY_OWNED,220412,9969,2937,243769,23553,0.6640638649984804,0.6527464326604908,0.503016186951087,1901.2310109115613,0.6873496360033424,MEDIUM,MEDIUM,MEDIUM,5,COST_BASED,COST_BASED,false,false
1,baseline,1,2038,0.0,0.3885350318471338,ELECTRIC_HEAT_PUMP,PRIVATELY_OWNED,223953,6371,2830,250140,18939,0.6414222478029156,0.6358254820079293,0.4339467251893999,1887.0607212630023,0.684895979763813,MEDIUM,MEDIUM,MEDIUM,5,COST_BASED,COST_BASED,false,false
1,baseline,1,2039,0.0,0.42250530785562634,ELECTRIC_HEAT_PUMP,PRIVATELY_OWNED,226744,4198,1407,254338,15319,0.6206645378627632,0.6174419373516695,0.380542708581287,1950.9833540048305,0.675861094416485,MEDIUM,MEDIUM,MEDIUM,5,COST_BASED,COST_BASED,false,false
1,baseline,1,2040,0.0,0.43524416135881105,ELECTRIC_HEAT_PUMP,PRIVATELY_OWNED,229549,11637,8832,265975,23756,0.7063766540453027,0.6927963640820191,0.5605539261369736,1896.9616938878598,0.7224619010774589,MEDIUM,MEDIUM,MEDIUM,5,COST_BASED,COST_BASED,false,false
1,baseline,1,2041,0.0,0.4575371549893843,ELECTRIC_HEAT_PUMP,PRIVATELY_OWNED,230588,14049,13010,280024,23956,0.7283091282228656,0.7266285539425117,0.6376275992960213,1783.772833528135,0.7484586490340345,MEDIUM,MEDIUM,MEDIUM,5,COST_BASED,COST_BASED,false,false
1,baseline,1,2042,0.0,0.4819532908704883,ELECTRIC_HEAT_PUMP,PRIVATELY_OWNED,231105,15847,15330,295871,24723,0.7398606374827771,0.7366688518102794,0.6812398509605642,1747.02394531408,0.7497281556045821,MEDIUM,MEDIUM,MEDIUM,5,COST_BASED,COST_BASED,false,false
1,baseline,1,2043,0.0,0.5180467091295117,ELECTRIC_HEAT_PUMP,PRIVATELY_OWNED,231260,17002,16847,312873,24934,0.7477384636902409,0.7410112583149154,0.7131524135605405,1697.9391994866448,0.7462941681596743,MEDIUM,MEDIUM,MEDIUM,5,COST_BASED,COST_BASED,false,false
1,baseline,1,2044,0.0,0.5424628450106157,ELECTRIC_HEAT_PUMP,PRIVATELY_OWNED,231367,18511,18404,331384,29236,0.7363439217588267,0.7366827810358627,0.6687332084978692,1718.7909426734163,0.7537548889896227,MEDIUM,MEDIUM,MEDIUM,5,COST_BASED,COST_BASED,false,false
1,baseline,1,2045,0.0,0.5424628450106157,ELECTRIC_HEAT_PUMP,PRIVATELY_OWNED,231591,18899,18675,350283,30365,0.7343196047397584,0.7337337360068834,0.6565099350617358,1688.7751358471926,0.7528932190599527,MEDIUM,MEDIUM,MEDIUM,5,COST_BASED,COST_BASED,false,false
1,baseline,1,2046,0.0,0.5424628450106157,ELECTRIC_HEAT_PUMP,PRIVATELY_OWNED,231978,19598,19211,369881,32348,0.7303727333029775,0.7314725259873484,0.6408920241309258,1633.2884567824904,0.7543925996225397,MEDIUM,MEDIUM,MEDIUM,5,COST_BASED,COST_BASED,false,false
1,baseline,1,2047,0.0,0.5424628450106157,ELECTRIC_HEAT_PUMP,PRIVATELY_OWNED,232485,19310,18803,389191,31578,0.7330120570523733,0.7336316463809328,0.6431885210156951,1608.3446070048767,0.7563973250543872,MEDIUM,MEDIUM,MEDIUM,5,COST_BASED,COST_BASED,false,false
1,baseline,1,2048,0.0,0.5424628450106157,ELECTRIC_HEAT_PUMP,PRIVATELY_OWNED,233124,19140,18501,408331,32483,0.7282665140980005,0.711909706749618,0.6263784949243526,1610.4718468121787,0.729203307868851,MEDIUM,MEDIUM,MEDIUM,5,COST_BASED,COST_BASED,false,false
1,baseline,1,2049,0.0,0.5424628450106157,ELECTRIC_HEAT_PUMP,PRIVATELY_OWNED,233681,20482,19925,428813,34843,0.725648216849666,0.726869873769525,0.6254511427172785,1543.9404471486382,0.7525299707625354,MEDIUM,MEDIUM,MEDIUM,5,COST_BASED,COST_BASED,false,false
1,baseline,1,2050,0.0,0.5424628450106157,ELECTRIC_HEAT_PUMP,PRIVATELY_OWNED,234367,20743,20057,449556,36628,0.7207257409285036,0.7143666021637425,0.607571646224381,1519.37272032325,0.7394755564574022,MEDIUM,MEDIUM,MEDIUM,5,COST_BASED,COST_BASED,false,false
1,baseline,1,2024,0.0,0.0,ELECTRIC_HEAT_PUMP,SOCIAL_HOUSING,402,402,0,402,0,0.0,0.0,0.0,0.0,0.0,MEDIUM,MEDIUM,MEDIUM,5,COST_BASED,COST_BASED,false,false
1,baseline,1,2025,0.0,0.13800424628450106,ELECTRIC_HEAT_PUMP,SOCIAL_HOUSING,333,0,69,402,7830,0.0,0.0,0.0,2160.434227330779,0.0,MEDIUM,MEDIUM,MEDIUM,5,COST_BASED,COST_BASED,false,false
1,baseline,1,2026,0.0,0.13800424628450106,ELECTRIC_HEAT_PUMP,SOCIAL_HOUSING,333,0,0,402,10683,0.0,0.0,0.0,1967.535804549284,0.0,MEDIUM,MEDIUM,MEDIUM,5,COST_BASED,COST_BASED,false,false
1,baseline,1,2027,0.0,0.13800424628450106,ELECTRIC_HEAT_PUMP,SOCIAL_HOUSING,330,0,3,402,10775,0.0,0.0,0.0,1772.7663109048724,0.0,MEDIUM,MEDIUM,MEDIUM,5,COST_BASED,COST_BASED,false,false
1,baseline,1,2028,0.0,0.13800424628450106,ELECTRIC_HEAT_PUMP,SOCIAL_HOUSING,323,0,7,402,10109,0.0,0.0,0.0,1999.3571075279453,0.0,MEDIUM,MEDIUM,MEDIUM,5,COST_BASED,COST_BASED,false,false
1,baseline,1,2029,0.0,0.13800424628450106,ELECTRIC_HEAT_PUMP,SOCIAL_HOUSING,323,0,0,402,11274,0.0,0.0,0.0,1778.8984388859321,0.0,MEDIUM,MEDIUM,MEDIUM,5,COST_BASED,COST_BASED,false,false
1,baseline,1,2030,0.0,0.16666666666666666,ELECTRIC_HEAT_PUMP,SOCIAL_HOUSING,309,0,14,402,8191,0.0,0.0,0.0,1759.246245879624,0.0,MEDIUM,MEDIUM,MEDIUM,5,COST_BASED,COST_BASED,false,false
1,baseline,1,2031,0.0,0.19957537154989385,ELECTRIC_HEAT_PUMP,SOCIAL_HOUSING,309,0,0,402,10299,0.0,0.0,0.0,1714.8892125449072,0.0,MEDIUM,MEDIUM,MEDIUM,5,COST_BASED,COST_BASED,false,false
1,baseline,1,2032,0.0,0.22399150743099788,ELECTRIC_HEAT_PUMP,SOCIAL_HOUSING,306,0,3,402,6543,0.0,0.0,0.0,1632.1328136940242,0.0,MEDIUM,MEDIUM,MEDIUM,5,COST_BASED,COST_BASED,false,false
1,baseline,1,2033,0.0,0.2505307855626327,ELECTRIC_HEAT_PUMP,SOCIAL_HOUSING,293,0,13,402,5822,0.0,0.0,0.0,1712.7418412916525,0.0,MEDIUM,MEDIUM,MEDIUM,5,COST_BASED,COST_BASED,false,false
1,baseline,1,2034,0.0,0.2781316348195329,ELECTRIC_HEAT_PUMP,SOCIAL_HOUSING,234,0,59,402,9141,0.0,0.0,0.0,1660.1693468985889,0.0,MEDIUM,MEDIUM,MEDIUM,5,COST_BASED,COST_BASED,false,false
1,baseline,1,2035,0.0,0.3089171974522293,ELECTRIC_HEAT_PUMP,SOCIAL_HOUSING,124,0,110,402,7092,0.0,0.0,0.0,1681.119853355894,0.0,MEDIUM,MEDIUM,MEDIUM,5,COST_BASED,COST_BASED,false,false
1,baseline,1,2036,0.0,0.3386411889596603,ELECTRIC_HEAT_PUMP,SOCIAL_HOUSING,124,0,0,402,7215,0.0,0.0,0.0,1535.591683991684,0.0,MEDIUM,MEDIUM,MEDIUM,5,COST_BASED,COST_BASED,false,false
1,baseline,1,2037,0.0,0.3673036093418259,ELECTRIC_HEAT_PUMP,SOCIAL_HOUSING,124,0,0,402,10681,0.0,0.0,0.0,1360.341260181631,0.0,MEDIUM,MEDIUM,MEDIUM,5,COST_BASED,COST_BASED,false,false
1,baseline,1,2038,0.0,0.3885350318471338,ELECTRIC_HEAT_PUMP,SOCIAL_HOUSING,4,0,120,402,11445,0.0,0.0,0.0,1597.039755351682,0.0,MEDIUM,MEDIUM,MEDIUM,5,COST_BASED,COST_BASED,false,false
1,baseline,1,2039,0.0,0.42250530785562634,ELECTRIC_HEAT_PUMP,SOCIAL_HOUSING,0,0,4,402,11632,0.0,0.0,0.0,1442.2941024759284,0.0,MEDIUM,MEDIUM,MEDIUM,5,COST_BASED,COST_BASED,false,false
1,baseline,1,2040,0.0,0.43524416135881105,ELECTRIC_HEAT_PUMP,SOCIAL_HOUSING,0,0,0,402,12076,0.0,0.0,0.0,1563.4599205034779,0.0,MEDIUM,MEDIUM,MEDIUM,5,COST_BASED,COST_BASED,false,false
1,baseline,1,2041,0.0,0.4575371549893843,ELECTRIC_HEAT_PUMP,SOCIAL_HOUSING,0,0,0,402,11274,0.0,0.0,0.0,1462.0447933297853,0.0,MEDIUM,MEDIUM,MEDIUM,5,COST_BASED,COST_BASED,false,false
1,baseline,1,2042,0.0,0.4819532908704883,ELECTRIC_HEAT_PUMP,SOCIAL_HOUSING,0,0,0,402,9078,0.0,0.0,0.0,1430.2148050231328,0.0,MEDIUM,MEDIUM,MEDIUM,5,COST_BASED,COST_BASED,false,false
1,baseline,1,2043,0.0,0.5180467091295117,ELECTRIC_HEAT_PUMP,SOCIAL_HOUSING,0,0,0,402,10496,0.0,0.0,0.0,1403.5735518292684,0.0,MEDIUM,MEDIUM,MEDIUM,5,COST_BASED,COST_BASED,false,false
1,baseline,1,2044,0.0,0.5424628450106157,ELECTRIC_HEAT_PUMP,SOCIAL_HOUSING,0,0,0,402,7077,0.0,0.0,0.0,1330.2409212943337,0.0,MEDIUM,MEDIUM,MEDIUM,5,COST_BASED,COST_BASED,false,false
1,baseline,1,2045,0.0,0.5424628450106157,ELECTRIC_HEAT_PUMP,SOCIAL_HOUSING,0,0,0,402,6125,0.0,0.0,0.0,1424.587918367347,0.0,MEDIUM,MEDIUM,MEDIUM,5,COST_BASED,COST_BASED,false,false
1,baseline,1,2046,0.0,0.5424628450106157,ELECTRIC_HEAT_PUMP,SOCIAL_HOUSING,0,0,0,402,10185,0.0,0.0,0.0,1260.6486008836525,0.0,MEDIUM,MEDIUM,MEDIUM,5,COST_BASED,COST_BASED,false,false
1,baseline,1,2047,0.0,0.5424628450106157,ELECTRIC_HEAT_PUMP,SOCIAL_HOUSING,0,0,0,402,8782,0.0,0.0,0.0,1321.7608745160555,0.0,MEDIUM,MEDIUM,MEDIUM,5,COST_BASED,COST_BASED,false,false
1,baseline,1,2048,0.0,0.5424628450106157,ELECTRIC_HEAT_PUMP,SOCIAL_HOUSING,0,0,0,402,7562,0.0,0.0,0.0,1346.6240412589261,0.0,MEDIUM,MEDIUM,MEDIUM,5,COST_BASED,COST_BASED,false,false
1,baseline,1,2049,0.0,0.5424628450106157,ELECTRIC_HEAT_PUMP,SOCIAL_HOUSING,0,0,0,402,11121,0.0,0.0,0.0,1277.7494829601656,0.0,MEDIUM,MEDIUM,MEDIUM,5,COST_BASED,COST_BASED,false,false
1,baseline,1,2050,0.0,0.5424628450106157,ELECTRIC_HEAT_PUMP,SOCIAL_HOUSING,0,0,0,402,11802,0.0,0.0,0.0,1454.089306897136,0.0,MEDIUM,MEDIUM,MEDIUM,5,COST_BASED,COST_BASED,false,false
1,baseline,1,2024,0.0,0.0,ELECTRIC_HEAT_PUMP,PRIVATELY_RENTED,6020,6020,0,6020,0,0.0,0.0,0.0,0.0,0.0,MEDIUM,MEDIUM,MEDIUM,5,COST_BASED,COST_BASED,false,false
1,baseline,1,2025,0.0,0.13800424628450106,ELECTRIC_HEAT_PUMP,PRIVATELY_RENTED,5626,0,394,6020,6615,0.0,0.0,0.0,2123.139984882842,0.0,MEDIUM,MEDIUM,MEDIUM,5,COST_BASED,COST_BASED,false,false
1,baseline,1,2026,0.0,0.13800424628450106,ELECTRIC_HEAT_PUMP,PRIVATELY_RENTED,5248,0,378,6020,6819,0.0,0.0,0.0,2092.2516498020236,0.0,MEDIUM,MEDIUM,MEDIUM,5,COST_BASED,COST_BASED,false,false
1,baseline,1,2027,0.0,0.13800424628450106,ELECTRIC_HEAT_PUMP,PRIVATELY_RENTED,4853,0,395,6020,6789,0.0,0.0,0.0,2042.7351598173516,0.0,MEDIUM,MEDIUM,MEDIUM,5,COST_BASED,COST_BASED,false,false
1,baseline,1,2028,0.0,0.13800424628450106,ELECTRIC_HEAT_PUMP,PRIVATELY_RENTED,4548,0,305,6020,6849,0.0,0.0,0.0,1996.9891955029932,0.0,MEDIUM,MEDIUM,MEDIUM,5,COST_BASED,COST_BASED,false,false
1,baseline,1,2029,0.0,0.13800424628450106,ELECTRIC_HEAT_PUMP,PRIVATELY_RENTED,4175,0,373,6020,6702,0.0,0.0,0.0,1965.6745747538048,0.0,MEDIUM,MEDIUM,MEDIUM,5,COST_BASED,COST_BASED,false,false
1,baseline,1,2030,0.0,0.16666666666666666,ELECTRIC_HEAT_PUMP,PRIVATELY_RENTED,3832,0,343,6020,6701,0.0,0.0,0.0,1910.4218773317416,0.0,MEDIUM,MEDIUM,MEDIUM,5,COST_BASED,COST_BASED,false,false
1,baseline,1,2031,0.0,0.19957537154989385,ELECTRIC_HEAT_PUMP,PRIVATELY_RENTED,3404,0,428,6020,6719,0.0,0.0,0.0,1874.6116981693704,0.0,MEDIUM,MEDIUM,MEDIUM,5,COST_BASED,COST_BASED,false,false
1,baseline,1,2032,0.0,0.22399150743099788,ELECTRIC_HEAT_PUMP,PRIVATELY_RENTED,3075,0,329,6020,6702,0.0,0.0,0.0,1865.2849895553566,0.0,MEDIUM,MEDIUM,MEDIUM,5,COST_BASED,COST_BASED,false,false
1,baseline,1,2033,0.0,0.2505307855626327,ELECTRIC_HEAT_PUMP,PRIVATELY_RENTED,2531,0,544,6020,6900,0.0,0.0,0.0,1808.430579710145,0.0,MEDIUM,MEDIUM,MEDIUM,5,COST_BASED,COST_BASED,false,false
1,baseline,1,2034,0.0,0.2781316348195329,ELECTRIC_HEAT_PUMP,PRIVATELY_RENTED,2161,0,370,6020,6586,0.0,0.0,0.0,1803.7083206802308,0.0,MEDIUM,MEDIUM,MEDIUM,5,COST_BASED,COST_BASED,false,false
1,baseline,1,2035,0.0,0.3089171974522293,ELECTRIC_HEAT_PUMP,PRIVATELY_RENTED,1599,0,562,6020,6699,0.0,0.0,0.0,1776.2803403493058,0.0,MEDIUM,MEDIUM,MEDIUM,5,COST_BASED,COST_BASED,false,false
1,baseline,1,2036,0.0,0.3386411889596603,ELECTRIC_HEAT_PUMP,PRIVATELY_RENTED,1120,0,479,6020,6511,0.0,0.0,0.0,1753.0712640147442,0.0,MEDIUM,MEDIUM,MEDIUM,5,COST_BASED,COST_BASED,false,false
1,baseline,1,2037,0.0,0.3673036093418259,ELECTRIC_HEAT_PUMP,PRIVATELY_RENTED,690,0,430,6020,6764,0.0,0.0,0.0,1652.8509757539916,0.0,MEDIUM,MEDIUM,MEDIUM,5,COST_BASED,COST_BASED,false,false
1,baseline,1,2038,0.0,0.3885350318471338,ELECTRIC_HEAT_PUMP,PRIVATELY_RENTED,259,0,431,6020,6752,0.0,0.0,0.0,1649.980894549763,0.0,MEDIUM,MEDIUM,MEDIUM,5,COST_BASED,COST_BASED,false,false
1,baseline,1,2039,0.0,0.42250530785562634,ELECTRIC_HEAT_PUMP,PRIVATELY_RENTED,0,0,259,6020,6509,0.0,0.0,0.0,1662.8031955753572,0.0,MEDIUM,MEDIUM,MEDIUM,5,COST_BASED,COST_BASED,false,false
1,baseline,1,2040,0.0,0.43524416135881105,ELECTRIC_HEAT_PUMP,PRIVATELY_RENTED,1,1,0,6021,6546,0.0,0.0,0.0,1661.587687137183,0.0,MEDIUM,MEDIUM,MEDIUM,5,COST_BASED,COST_BASED,false,false
1,baseline,1,2041,0.0,0.4575371549893843,ELECTRIC_HEAT_PUMP,PRIVATELY_RENTED,1,0,0,6021,6795,0.0,0.0,0.0,1639.2727005150846,0.0,MEDIUM,MEDIUM,MEDIUM,5,COST_BASED,COST_BASED,false,false
1,baseline,1,2042,0.0,0.4819532908704883,ELECTRIC_HEAT_PUMP,PRIVATELY_RENTED,3,2,0,6023,6695,0.0,0.0,0.0,1589.7560866318147,0.0,MEDIUM,MEDIUM,MEDIUM,5,COST_BASED,COST_BASED,false,false
1,baseline,1,2043,0.0,0.5180467091295117,ELECTRIC_HEAT_PUMP,PRIVATELY_RENTED,4,1,0,6024,6429,0.0,0.0,0.0,1610.0195986934204,0.0,MEDIUM,MEDIUM,MEDIUM,5,COST_BASED,COST_BASED,false,false
1,baseline,1,2044,0.0,0.5424628450106157,ELECTRIC_HEAT_PUMP,PRIVATELY_RENTED,5,1,0,6025,6520,0.0,0.0,0.0,1586.3265337423313,0.0,MEDIUM,MEDIUM,MEDIUM,5,COST_BASED,COST_BASED,false,false
1,baseline,1,2045,0.0,0.5424628450106157,ELECTRIC_HEAT_PUMP,PRIVATELY_RENTED,7,2,0,6027,6421,0.0,0.0,0.0,1579.6727923999376,0.0,MEDIUM,MEDIUM,MEDIUM,5,COST_BASED,COST_BASED,false,false
1,baseline,1,2046,0.0,0.5424628450106157,ELECTRIC_HEAT_PUMP,PRIVATELY_RENTED,7,0,0,6027,6596,0.0,0.0,0.0,1545.0203153426319,0.0,MEDIUM,MEDIUM,MEDIUM,5,COST_BASED,COST_BASED,false,false
1,baseline,1,2047,0.0,0.5424628450106157,ELECTRIC_HEAT_PUMP,PRIVATELY_RENTED,9,2,0,6029,6362,0.0,0.0,0.0,1585.7687834014462,0.0,MEDIUM,MEDIUM,MEDIUM,5,COST_BASED,COST_BASED,false,false
1,baseline,1,2048,0.0,0.5424628450106157,ELECTRIC_HEAT_PUMP,PRIVATELY_RENTED,9,0,0,6029,6785,0.0,0.0,0.0,1504.5977892409728,0.0,MEDIUM,MEDIUM,MEDIUM,5,COST_BASED,COST_BASED,false,false
1,baseline,1,2049,0.0,0.5424628450106157,ELECTRIC_HEAT_PUMP,PRIVATELY_RENTED,13,4,0,6033,6901,0.0,0.0,0.0,1480.2557600347775,0.0,MEDIUM,MEDIUM,MEDIUM,5,COST_BASED,COST_BASED,false,false
1,baseline,1,2050,0.0,0.5424628450106157,ELECTRIC_HEAT_PUMP,PRIVATELY_RENTED,16,3,0,6036,7263,0.0,0.0,0.0,1455.4091973013906,0.0,MEDIUM,MEDIUM,MEDIUM,5,COST_BASED,COST_BASED,false,false
1,baseline,1,2024,0.0,0.0,HYBRID_HEAT_PUMP,TOTAL,10772,10772,0,10772,0,0.0,0.0,0.0,0.0,0.0,MEDIUM,MEDIUM,MEDIUM,5,COST_BASED,COST_BASED,false,false
1,baseline,1,2025,0.0,0.13800424628450106,HYBRID_HEAT_PUMP,TOTAL,13573,3504,703,14276,47388,0.7655039930287632,0.5950908845090659,0.034603236600952256,1802.757744576686,0.6926095193561713,MEDIUM,MEDIUM,MEDIUM,5,COST_BASED,COST_BASED,false,false
1,baseline,1,2026,0.0,0.13800424628450106,HYBRID_HEAT_PUMP,TOTAL,16403,3610,780,17886,50503,0.7656076921208239,0.5916695454849931,0.042184358595614216,1744.9602993881551,0.6855563055483826,MEDIUM,MEDIUM,MEDIUM,5,COST_BASED,COST_BASED,false,false
1,baseline,1,2027,0.0,0.13800424628450106,HYBRID_HEAT_PUMP,TOTAL,20128,4415,690,22301,51385,0.7643629790070059,0.592674035618101,0.0484578200880778,1704.288235866498,0.6858058536533881,MEDIUM,MEDIUM,MEDIUM,5,COST_BASED,COST_BASED,false,false
1,baseline,1,2028,0.0,0.13800424628450106,HYBRID_HEAT_PUMP,TOTAL,24488,5038,678,27339,51416,0.764933530169763,0.5970036778766098,0.05889939779347355,1709.6825501789326,0.6895472848240933,MEDIUM,MEDIUM,MEDIUM,5,COST_BASED,COST_BASED,false,false
1,baseline,1,2029,0.0,0.13800424628450106,HYBRID_HEAT_PUMP,TOTAL,32236,8412,664,35751,52685,0.7646084568733291,0.6013372343611529,0.07349072080361481,1672.8982253013191,0.6924810571224936,MEDIUM,MEDIUM,MEDIUM,5,COST_BASED,COST_BASED,false,false
1,baseline,1,2030,0.0,0.16666666666666666,HYBRID_HEAT_PUMP,TOTAL,41925,10382,693,46133,49703,0.765866551625877,0.6053081971840139,0.09923812002462377,1661.994909763998,0.691686127863382,MEDIUM,MEDIUM,MEDIUM,5,COST_BASED,COST_BASED,false,false
1,baseline,1,2031,0.0,0.19957537154989385,HYBRID_HEAT_PUMP,TOTAL,53687,12515,753,58648,52502,0.765741869537976,0.6124840391272091,0.13222787437249092,1627.8625385699593,0.6942336227131919,MEDIUM,MEDIUM,MEDIUM,5,COST_BASED,COST_BASED,false,false
1,baseline,1,2032,0.0,0.22399150743099788,HYBRID_HEAT_PUMP,TOTAL,65322,12350,715,70998,47751,0.7644771504936634,0.6156948180749322,0.16748005830132276,1623.0944482838056,0.6905529249136497,MEDIUM,MEDIUM,MEDIUM,5,COST_BASED,COST_BASED,false,false
1,baseline,1,2033,0.0,0.2505307855626327,HYBRID_HEAT_PUMP,TOTAL,78781,14204,745,85202,46755,0.7661989067016624,0.6238131871686802,0.2051251260196191,1618.280953908673,0.6928887725727101,MEDIUM,MEDIUM,MEDIUM,5,COST_BASED,COST_BASED,false,false
1,baseline,1,2034,0.0,0.2781316348195329,HYBRID_HEAT_PUMP,TOTAL,93308,15261,734,100463,52191,0.7661481078048742,0.6314474875394679,0.24234300403118458,1550.14126956755,0.6950484533501797,MEDIUM,MEDIUM,MEDIUM,5,COST_BASED,COST_BASED,false,false
1,baseline,1,2035,0.0,0.3089171974522293,HYBRID_HEAT_PUMP,TOTAL,109814,17235,729,117698,50968,0.7660614891075435,0.6524512869130481,0.2909382525579779,1551.2559252864542,0.7144269949531908,MEDIUM,MEDIUM,MEDIUM,5,COST_BASED,COST_BASED,false,false
1,baseline,1,2036,0.0,0.3386411889596603,HYBRID_HEAT_PUMP,TOTAL,124811,15798,801,133496,47676,0.7655162416886524,0.6490558084196927,0.3292742469412624,1551.5354685795787,0.6998860904720671,MEDIUM,MEDIUM,MEDIUM,5,COST_BASED,COST_BASED,false,false
1,baseline,1,2037,0.0,0.3673036093418259,HYBRID_HEAT_PUMP,TOTAL,138704,14643,750,148139,40998,0.8058469469883078,0.6747191927562153,0.44205946313056943,1406.0120493682618,0.7001021866046047,MEDIUM,MEDIUM,MEDIUM,5,COST_BASED,COST_BASED,false,false
1,baseline,1,2038,0.0,0.3885350318471338,HYBRID_HEAT_PUMP,TOTAL,151598,13607,713,161746,37136,0.823001147398783,0.6908333482328368,0.5269923854653878,1419.8050947867298,0.6987516391332125,MEDIUM,MEDIUM,MEDIUM,5,COST_BASED,COST_BASED,false,false
1,baseline,1,2039,0.0,0.42250530785562634,HYBRID_HEAT_PUMP,TOTAL,163361,12387,624,174133,33460,0.8358615676278114,0.7116531721857976,0.6004250214882669,1398.708696951584,0.7084081109996818,MEDIUM,MEDIUM,MEDIUM,5,COST_BASED,COST_BASED,false,false
1,baseline,1,2040,0.0,0.43524416135881105,HYBRID_HEAT_PUMP,TOTAL,173650,13793,3504,187926,42378,0.767727308108371,0.692467295617547,0.4724046330686885,1431.0130020293548,0.7286679581320625,MEDIUM,MEDIUM,MEDIUM,5,COST_BASED,COST_BASED,false,false
1,baseline,1,2041,0.0,0.4575371549893843,HYBRID_HEAT_PUMP,TOTAL,181580,11540,3610,199466,42025,0.7463906605153389,0.668751852581405,0.39748473662245476,1372.2046162998215,0.7171589295876571,MEDIUM,MEDIUM,MEDIUM,5,COST_BASED,COST_BASED,false,false
1,baseline,1,2042,0.0,0.4819532908704883,HYBRID_HEAT_PUMP,TOTAL,187773,10608,4415,210074,40496,0.7359972518451976,0.6690757029387436,0.35173267862720153,1358.7917325167919,0.7316810717900165,MEDIUM,MEDIUM,MEDIUM,5,COST_BASED,COST_BASED,false,false
1,baseline,1,2043,0.0,0.5180467091295117,HYBRID_HEAT_PUMP,TOTAL,192411,9676,5038,219750,41859,0.7292571097005395,0.6646447664865688,0.32125720518954676,1335.3000310566426,0.7343385710073336,MEDIUM,MEDIUM,MEDIUM,5,COST_BASED,COST_BASED,false,false
1,baseline,1,2044,0.0,0.5424628450106157,HYBRID_HEAT_PUMP,TOTAL,196841,12842,8412,232592,42833,0.7431057915661952,0.6764118117096575,0.3697399044485415,1348.939836107674,0.736406293560809,MEDIUM,MEDIUM,MEDIUM,5,COST_BASED,COST_BASED,false,false
1,baseline,1,2045,0.0,0.5424628450106157,HYBRID_HEAT_PUMP,TOTAL,200223,13764,10382,246356,42911,0.7462952991417648,0.6835651745489627,0.3833590988527275,1340.7787746731608,0.7429341623248229,MEDIUM,MEDIUM,MEDIUM,5,COST_BASED,COST_BASED,false,false
1,baseline,1,2046,0.0,0.5424628450106157,HYBRID_HEAT_PUMP,TOTAL,202988,15280,12515,261636,49129,0.7500879480809354,0.6914929907436215,0.3964388921857675,1289.1344216247023,0.7506077760487667,MEDIUM,MEDIUM,MEDIUM,5,COST_BASED,COST_BASED,false,false
1,baseline,1,2047,0.0,0.5424628450106157,HYBRID_HEAT_PUMP,TOTAL,205000,14362,12350,275998,46722,0.7480446196395032,0.6798218676507463,0.39074749638378437,1291.3348957664484,0.7350347724702978,MEDIUM,MEDIUM,MEDIUM,5,COST_BASED,COST_BASED,false,false
1,baseline,1,2048,0.0,0.5424628450106157,HYBRID_HEAT_PUMP,TOTAL,206842,16046,14204,292044,46830,0.7550718237845625,0.6892623374806786,0.41326422388683237,1291.0893017296605,0.7418094943031738,MEDIUM,MEDIUM,MEDIUM,5,COST_BASED,COST_BASED,false,false
1,baseline,1,2049,0.0,0.5424628450106157,HYBRID_HEAT_PUMP,TOTAL,208581,17000,15261,309044,52865,0.7567444695506004,0.686170593060584,0.4163375853047977,1244.00728270122,0.7359853758770405,MEDIUM,MEDIUM,MEDIUM,5,COST_BASED,COST_BASED,false,false
1,baseline,1,2050,0.0,0.5424628450106157,HYBRID_HEAT_PUMP,TOTAL,210351,19005,17235,328049,55693,0.760758052706327,0.7000665146824787,0.429003962454674,1251.6700842116604,0.7526592682334655,MEDIUM,MEDIUM,MEDIUM,5,COST_BASED,COST_BASED,false,false
1,baseline,1,2024,0.0,0.0,HYBRID_HEAT_PUMP,PRIVATELY_OWNED,9125,9125,0,9125,0,0.0,0.0,0.0,0.0,0.0,MEDIUM,MEDIUM,MEDIUM,5,COST_BASED,COST_BASED,false,false
1,baseline,1,2025,0.0,0.13800424628450106,HYBRID_HEAT_PUMP,PRIVATELY_OWNED,11220,2680,585,11805,32943,0.7655039930287632,0.5950908845090659,0.034603236600952256,1879.452782078135,0.6926095193561713,MEDIUM,MEDIUM,MEDIUM,5,COST_BASED,COST_BASED,false,false
1,baseline,1,2026,0.0,0.13800424628450106,HYBRID_HEAT_PUMP,PRIVATELY_OWNED,13149,2519,590,14324,33001,0.7656076921208239,0.5916695454849931,0.042184358595614216,1850.474652283264,0.6855563055483826,MEDIUM,MEDIUM,MEDIUM,5,COST_BASED,COST_BASED,false,false
1,baseline,1,2027,0.0,0.13800424628450106,HYBRID_HEAT_PUMP,PRIVATELY_OWNED,15679,3113,583,17437,33821,0.7643629790070059,0.592674035618101,0.0484578200880778,1822.2537181041364,0.6858058536533881,MEDIUM,MEDIUM,MEDIUM,5,COST_BASED,COST_BASED,false,false
1,baseline,1,2028,0.0,0.13800424628450106,HYBRID_HEAT_PUMP,PRIVATELY_OWNED,18660,3554,573,20991,34458,0.764933530169763,0.5970036778766098,0.05889939779347355,1791.3279644784955,0.6895472848240933,MEDIUM,MEDIUM,MEDIUM,5,COST_BASED,COST_BASED,false,false
1,baseline,1,2029,0.0,0.13800424628450106,HYBRID_HEAT_PUMP,PRIVATELY_OWNED,24744,6659,575,27650,34709,0.7646084568733291,0.6013372343611529,0.07349072080361481,1770.3904462819442,0.6924810571224936,MEDIUM,MEDIUM,MEDIUM,5,COST_BASED,COST_BASED,false,false
1,baseline,1,2030,0.0,0.16666666666666666,HYBRID_HEAT_PUMP,PRIVATELY_OWNED,32578,8431,597,36081,34811,0.765866551625877,0.6053081971840139,0.09923812002462377,1742.9647237942029,0.691686127863382,MEDIUM,MEDIUM,MEDIUM,5,COST_BASED,COST_BASED,false,false
1,baseline,1,2031,0.0,0.19957537154989385,HYBRID_HEAT_PUMP,PRIVATELY_OWNED,42249,10299,628,46380,35484,0.765741869537976,0.6124840391272091,0.13222787437249092,1710.6128114079586,0.6942336227131919,MEDIUM,MEDIUM,MEDIUM,5,COST_BASED,COST_BASED,false,false
1,baseline,1,2032,0.0,0.22399150743099788,HYBRID_HEAT_PUMP,PRIVATELY_OWNED,51678,10025,596,56405,34506,0.7644771504936634,0.6156948180749322,0.16748005830132276,1696.7103112502173,0.6905529249136497,MEDIUM,MEDIUM,MEDIUM,5,COST_BASED,COST_BASED,false,false
1,baseline,1,2033,0.0,0.2505307855626327,HYBRID_HEAT_PUMP,PRIVATELY_OWNED,62481,11440,637,67845,34033,0.7661989067016624,0.6238131871686802,0.2051251260196191,1688.9444362824318,0.6928887725727101,MEDIUM,MEDIUM,MEDIUM,5,COST_BASED,COST_BASED,false,false
1,baseline,1,2034,0.0,0.2781316348195329,HYBRID_HEAT_PUMP,PRIVATELY_OWNED,74437,12572,616,80417,36464,0.7661481078048742,0.6314474875394679,0.24234300403118458,1621.2478883282142,0.6950484533501797,MEDIUM,MEDIUM,MEDIUM,5,COST_BASED,COST_BASED,false,false
1,baseline,1,2035,0.0,0.3089171974522293,HYBRID_HEAT_PUMP,PRIVATELY_OWNED,88013,14228,652,94645,37177,0.7660614891075435,0.6524512869130481,0.2909382525579779,1599.6600317400544,0.7144269949531908,MEDIUM,MEDIUM,MEDIUM,5,COST_BASED,COST_BASED,false,false
1,baseline,1,2036,0.0,0.3386411889596603,HYBRID_HEAT_PUMP,PRIVATELY_OWNED,100008,12688,693,107333,33950,0.7655162416886524,0.6490558084196927,0.3292742469412624,1632.6357879234167,0.6998860904720671,MEDIUM,MEDIUM,MEDIUM,5,COST_BASED,COST_BASED,false,false
1,baseline,1,2037,0.0,0.3673036093418259,HYBRID_HEAT_PUMP,PRIVATELY_OWNED,111021,11672,659,119005,23553,0.8058469469883078,0.6747191927562153,0.44205946313056943,1519.375748312317,0.7001021866046047,MEDIUM,MEDIUM,MEDIUM,5,COST_BASED,COST_BASED,false,false
1,baseline,1,2038,0.0,0.3885350318471338,HYBRID_HEAT_PUMP,PRIVATELY_OWNED,121109,10703,615,129708,18939,0.823001147398783,0.6908333482328368,0.5269923854653878,1508.9841596705212,0.6987516391332125,MEDIUM,MEDIUM,MEDIUM,5,COST_BASED,COST_BASED,false,false
1,baseline,1,2039,0.0,0.42250530785562634,HYBRID_HEAT_PUMP,PRIVATELY_OWNED,130440,9857,526,139565,15319,0.8358615676278114,0.7116531721857976,0.6004250214882669,1552.8007050068543,0.7084081109996818,MEDIUM,MEDIUM,MEDIUM,5,COST_BASED,COST_BASED,false,false
1,baseline,1,2040,0.0,0.43524416135881105,HYBRID_HEAT_PUMP,PRIVATELY_OWNED,138569,10809,2680,150374,23756,0.767727308108371,0.692467295617547,0.4724046330686885,1531.1422798450917,0.7286679581320625,MEDIUM,MEDIUM,MEDIUM,5,COST_BASED,COST_BASED,false,false
1,baseline,1,2041,0.0,0.4575371549893843,HYBRID_HEAT_PUMP,PRIVATELY_OWNED,144412,8362,2519,158736,23956,0.7463906605153389,0.668751852581405,0.39748473662245476,1440.0887042912004,0.7171589295876571,MEDIUM,MEDIUM,MEDIUM,5,COST_BASED,COST_BASED,false,false
1,baseline,1,2042,0.0,0.4819532908704883,HYBRID_HEAT_PUMP,PRIVATELY_OWNED,148734,7435,3113,166171,24723,0.7359972518451976,0.6690757029387436,0.35173267862720153,1414.9833353557417,0.7316810717900165,MEDIUM,MEDIUM,MEDIUM,5,COST_BASED,COST_BASED,false,false
1,baseline,1,2043,0.0,0.5180467091295117,HYBRID_HEAT_PUMP,PRIVATELY_OWNED,151719,6539,3554,172710,24934,0.7292571097005395,0.6646447664865688,0.32125720518954676,1380.671492740836,0.7343385710073336,MEDIUM,MEDIUM,MEDIUM,5,COST_BASED,COST_BASED,false,false
1,baseline,1,2044,0.0,0.5424628450106157,HYBRID_HEAT_PUMP,PRIVATELY_OWNED,154580,9520,6659,182230,29236,0.7431057915661952,0.6764118117096575,0.3697399044485415,1397.1252565330415,0.736406293560809,MEDIUM,MEDIUM,MEDIUM,5,COST_BASED,COST_BASED,false,false
1,baseline,1,2045,0.0,0.5424628450106157,HYBRID_HEAT_PUMP,PRIVATELY_OWNED,156510,10361,8431,192591,30365,0.7462952991417648,0.6835651745489627,0.3833590988527275,1371.0041165815906,0.7429341623248229,MEDIUM,MEDIUM,MEDIUM,5,COST_BASED,COST_BASED,false,false
1,baseline,1,2046,0.0,0.5424628450106157,HYBRID_HEAT_PUMP,PRIVATELY_OWNED,157844,11633,10299,204224,32348,0.7500879480809354,0.6914929907436215,0.3964388921857675,1337.478669469519,0.7506077760487667,MEDIUM,MEDIUM,MEDIUM,5,COST_BASED,COST_BASED,false,false
1,baseline,1,2047,0.0,0.5424628450106157,HYBRID_HEAT_PUMP,PRIVATELY_OWNED,158623,10804,10025,215028,31578,0.7480446196395032,0.6798218676507463,0.39074749638378437,1320.4257711064665,0.7350347724702978,MEDIUM,MEDIUM,MEDIUM,5,COST_BASED,COST_BASED,false,false
1,baseline,1,2048,0.0,0.5424628450106157,HYBRID_HEAT_PUMP,PRIVATELY_OWNED,159260,12077,11440,227105,32483,0.7550718237845625,0.6892623374806786,0.41326422388683237,1321.670073576948,0.7418094943031738,MEDIUM,MEDIUM,MEDIUM,5,COST_BASED,COST_BASED,false,false
1,baseline,1,2049,0.0,0.5424628450106157,HYBRID_HEAT_PUMP,PRIVATELY_OWNED,159823,13135,12572,240240,34843,0.7567444695506004,0.686170593060584,0.4163375853047977,1274.168039491433,0.7359853758770405,MEDIUM,MEDIUM,MEDIUM,5,COST_BASED,COST_BASED,false,false
1,baseline,1,2050,0.0,0.5424628450106157,HYBRID_HEAT_PUMP,PRIVATELY_OWNED,160386,14791,14228,255031,36628,0.760758052706327,0.7000665146824787,0.429003962454674,1258.5499071748388,0.7526592682334655,MEDIUM,MEDIUM,MEDIUM,5,COST_BASED,COST_BASED,false,false
1,baseline,1,2024,0.0,0.0,HYBRID_HEAT_PUMP,SOCIAL_HOUSING,126,126,0,126,0,0.0,0.0,0.0,0.0,0.0,MEDIUM,MEDIUM,MEDIUM,5,COST_BASED,COST_BASED,false,false
1,baseline,1,2025,0.0,0.13800424628450106,HYBRID_HEAT_PUMP,SOCIAL_HOUSING,124,0,2,126,7830,0.0,0.0,0.0,1649.5609195402299,0.0,MEDIUM,MEDIUM,MEDIUM,5,COST_BASED,COST_BASED,false,false
1,baseline,1,2026,0.0,0.13800424628450106,HYBRID_HEAT_PUMP,SOCIAL_HOUSING,56,0,68,126,10683,0.0,0.0,0.0,1514.0037442665919,0.0,MEDIUM,MEDIUM,MEDIUM,5,COST_BASED,COST_BASED,false,false
1,baseline,1,2027,0.0,0.13800424628450106,HYBRID_HEAT_PUMP,SOCIAL_HOUSING,56,0,0,126,10775,0.0,0.0,0.0,1415.0159628770302,0.0,MEDIUM,MEDIUM,MEDIUM,5,COST_BASED,COST_BASED,false,false
1,baseline,1,2028,0.0,0.13800424628450106,HYBRID_HEAT_PUMP,SOCIAL_HOUSING,56,0,0,126,10109,0.0,0.0,0.0,1533.0451083193195,0.0,MEDIUM,MEDIUM,MEDIUM,5,COST_BASED,COST_BASED,false,false
1,baseline,1,2029,0.0,0.13800424628450106,HYBRID_HEAT_PUMP,SOCIAL_HOUSING,56,0,0,126,11274,0.0,0.0,0.0,1447.4505055880788,0.0,MEDIUM,MEDIUM,MEDIUM,5,COST_BASED,COST_BASED,false,false
1,baseline,1,2030,0.0,0.16666666666666666,HYBRID_HEAT_PUMP,SOCIAL_HOUSING,54,0,2,126,8191,0.0,0.0,0.0,1439.650347942864,0.0,MEDIUM,MEDIUM,MEDIUM,5,COST_BASED,COST_BASED,false,false
1,baseline,1,2031,0.0,0.19957537154989385,HYBRID_HEAT_PUMP,SOCIAL_HOUSING,47,0,7,126,10299,0.0,0.0,0.0,1427.7163802310904,0.0,MEDIUM,MEDIUM,MEDIUM,5,COST_BASED,COST_BASED,false,false
1,baseline,1,2032,0.0,0.22399150743099788,HYBRID_HEAT_PUMP,SOCIAL_HOUSING,21,0,26,126,6543,0.0,0.0,0.0,1374.1540577716644,0.0,MEDIUM,MEDIUM,MEDIUM,5,COST_BASED,COST_BASED,false,false
1,baseline,1,2033,0.0,0.2505307855626327,HYBRID_HEAT_PUMP,SOCIAL_HOUSING,9,0,12,126,5822,0.0,0.0,0.0,1406.3074544829956,0.0,MEDIUM,MEDIUM,MEDIUM,5,COST_BASED,COST_BASED,false,false
1,baseline,1,2034,0.0,0.2781316348195329,HYBRID_HEAT_PUMP,SOCIAL_HOUSING,9,0,0,126,9141,0.0,0.0,0.0,1339.8638004594684,0.0,MEDIUM,MEDIUM,MEDIUM,5,COST_BASED,COST_BASED,false,false
1,baseline,1,2035,0.0,0.3089171974522293,HYBRID_HEAT_PUMP,SOCIAL_HOUSING,9,0,0,126,7092,0.0,0.0,0.0,1407.644106034969,0.0,MEDIUM,MEDIUM,MEDIUM,5,COST_BASED,COST_BASED,false,false
1,baseline,1,2036,0.0,0.3386411889596603,HYBRID_HEAT_PUMP,SOCIAL_HOUSING,0,0,9,126,7215,0.0,0.0,0.0,1292.9864171864172,0.0,MEDIUM,MEDIUM,MEDIUM,5,COST_BASED,COST_BASED,false,false
1,baseline,1,2037,0.0,0.3673036093418259,HYBRID_HEAT_PUMP,SOCIAL_HOUSING,0,0,0,126,10681,0.0,0.0,0.0,1195.3771182473552,0.0,MEDIUM,MEDIUM,MEDIUM,5,COST_BASED,COST_BASED,false,false
1,baseline,1,2038,0.0,0.3885350318471338,HYBRID_HEAT_PUMP,SOCIAL_HOUSING,0,0,0,126,11445,0.0,0.0,0.0,1317.8454346876365,0.0,MEDIUM,MEDIUM,MEDIUM,5,COST_BASED,COST_BASED,false,false
1,baseline,1,2039,0.0,0.42250530785562634,HYBRID_HEAT_PUMP,SOCIAL_HOUSING,0,0,0,126,11632,0.0,0.0,0.0,1221.6428817056396,0.0,MEDIUM,MEDIUM,MEDIUM,5,COST_BASED,COST_BASED,false,false
1,baseline,1,2040,0.0,0.43524416135881105,HYBRID_HEAT_PUMP,SOCIAL_HOUSING,0,0,0,126,12076,0.0,0.0,0.0,1272.5995362702881,0.0,MEDIUM,MEDIUM,MEDIUM,5,COST_BASED,COST_BASED,false,false
1,baseline,1,2041,0.0,0.4575371549893843,HYBRID_HEAT_PUMP,SOCIAL_HOUSING,0,0,0,126,11274,0.0,0.0,0.0,1241.4681568210042,0.0,MEDIUM,MEDIUM,MEDIUM,5,COST_BASED,COST_BASED,false,false
1,baseline,1,2042,0.0,0.4819532908704883,HYBRID_HEAT_PUMP,SOCIAL_HOUSING,0,0,0,126,9078,0.0,0.0,0.0,1233.9297202026878,0.0,MEDIUM,MEDIUM,MEDIUM,5,COST_BASED,COST_BASED,false,false
1,baseline,1,2043,0.0,0.5180467091295117,HYBRID_HEAT_PUMP,SOCIAL_HOUSING,0,0,0,126,10496,0.0,0.0,0.0,1228.3807164634147,0.0,MEDIUM,MEDIUM,MEDIUM,5,COST_BASED,COST_BASED,false,false
1,baseline,1,2044,0.0,0.5424628450106157,HYBRID_HEAT_PUMP,SOCIAL_HOUSING,0,0,0,126,7077,0.0,0.0,0.0,1181.5199943478876,0.0,MEDIUM,MEDIUM,MEDIUM,5,COST_BASED,COST_BASED,false,false
1,baseline,1,2045,0.0,0.5424628450106157,HYBRID_HEAT_PUMP,SOCIAL_HOUSING,0,0,0,126,6125,0.0,0.0,0.0,1221.1549387755101,0.0,MEDIUM,MEDIUM,MEDIUM,5,COST_BASED,COST_BASED,false,false
1,baseline,1,2046,0.0,0.5424628450106157,HYBRID_HEAT_PUMP,SOCIAL_HOUSING,0,0,0,126,10185,0.0,0.0,0.0,1136.7148748159057,0.0,MEDIUM,MEDIUM,MEDIUM,5,COST_BASED,COST_BASED,false,false
1,baseline,1,2047,0.0,0.5424628450106157,HYBRID_HEAT_PUMP,SOCIAL_HOUSING,0,0,0,126,8782,0.0,0.0,0.0,1167.5949669779093,0.0,MEDIUM,MEDIUM,MEDIUM,5,COST_BASED,COST_BASED,false,false
1,baseline,1,2048,0.0,0.5424628450106157,HYBRID_HEAT_PUMP,SOCIAL_HOUSING,0,0,0,126,7562,0.0,0.0,0.0,1186.8823062681831,0.0,MEDIUM,MEDIUM,MEDIUM,5,COST_BASED,COST_BASED,false,false
1,baseline,1,2049,0.0,0.5424628450106157,HYBRID_HEAT_PUMP,SOCIAL_HOUSING,0,0,0,126,11121,0.0,0.0,0.0,1146.159787788868,0.0,MEDIUM,MEDIUM,MEDIUM,5,COST_BASED,COST_BASED,false,false
1,baseline,1,2050,0.0,0.5424628450106157,HYBRID_HEAT_PUMP,SOCIAL_HOUSING,0,0,0,126,11802,0.0,0.0,0.0,1239.310286392137,0.0,MEDIUM,MEDIUM,MEDIUM,5,COST_BASED,COST_BASED,false,false
1,baseline,1,2024,0.0,0.0,HYBRID_HEAT_PUMP,PRIVATELY_RENTED,1521,1521,0,1521,0,0.0,0.0,0.0,0.0,0.0,MEDIUM,MEDIUM,MEDIUM,5,COST_BASED,COST_BASED,false,false
1,baseline,1,2025,0.0,0.13800424628450106,HYBRID_HEAT_PUMP,PRIVATELY_RENTED,2229,824,116,2345,6615,0.0,0.0,0.0,1602.1479969765685,0.0,MEDIUM,MEDIUM,MEDIUM,5,COST_BASED,COST_BASED,false,false
1,baseline,1,2026,0.0,0.13800424628450106,HYBRID_HEAT_PUMP,PRIVATELY_RENTED,3198,1091,122,3436,6819,0.0,0.0,0.0,1596.1451825780907,0.0,MEDIUM,MEDIUM,MEDIUM,5,COST_BASED,COST_BASED,false,false
1,baseline,1,2027,0.0,0.13800424628450106,HYBRID_HEAT_PUMP,PRIVATELY_RENTED,4393,1302,107,4738,6789,0.0,0.0,0.0,1575.727058476948,0.0,MEDIUM,MEDIUM,MEDIUM,5,COST_BASED,COST_BASED,false,false
1,baseline,1,2028,0.0,0.13800424628450106,HYBRID_HEAT_PUMP,PRIVATELY_RENTED,5772,1484,105,6222,6849,0.0,0.0,0.0,1559.630018980873,0.0,MEDIUM,MEDIUM,MEDIUM,5,COST_BASED,COST_BASED,false,false
1,baseline,1,2029,0.0,0.13800424628450106,HYBRID_HEAT_PUMP,PRIVATELY_RENTED,7436,1753,89,7975,6702,0.0,0.0,0.0,1547.2402267979708,0.0,MEDIUM,MEDIUM,MEDIUM,5,COST_BASED,COST_BASED,false,false
1,baseline,1,2030,0.0,0.16666666666666666,HYBRID_HEAT_PUMP,PRIVATELY_RENTED,9293,1951,94,9926,6701,0.0,0.0,0.0,1513.1490822265334,0.0,MEDIUM,MEDIUM,MEDIUM,5,COST_BASED,COST_BASED,false,false
1,baseline,1,2031,0.0,0.19957537154989385,HYBRID_HEAT_PUMP,PRIVATELY_RENTED,11391,2216,118,12142,6719,0.0,0.0,0.0,1497.6340229200773,0.0,MEDIUM,MEDIUM,MEDIUM,5,COST_BASED,COST_BASED,false,false
1,baseline,1,2032,0.0,0.22399150743099788,HYBRID_HEAT_PUMP,PRIVATELY_RENTED,13623,2325,93,14467,6702,0.0,0.0,0.0,1487.1093703372128,0.0,MEDIUM,MEDIUM,MEDIUM,5,COST_BASED,COST_BASED,false,false
1,baseline,1,2033,0.0,0.2505307855626327,HYBRID_HEAT_PUMP,PRIVATELY_RENTED,16291,2764,96,17231,6900,0.0,0.0,0.0,1448.6026086956522,0.0,MEDIUM,MEDIUM,MEDIUM,5,COST_BASED,COST_BASED,false,false
1,baseline,1,2034,0.0,0.2781316348195329,HYBRID_HEAT_PUMP,PRIVATELY_RENTED,18862,2689,118,19920,6586,0.0,0.0,0.0,1448.3062556938962,0.0,MEDIUM,MEDIUM,MEDIUM,5,COST_BASED,COST_BASED,false,false
1,baseline,1,2035,0.0,0.3089171974522293,HYBRID_HEAT_PUMP,PRIVATELY_RENTED,21792,3007,77,22927,6699,0.0,0.0,0.0,1434.667711598746,0.0,MEDIUM,MEDIUM,MEDIUM,5,COST_BASED,COST_BASED,false,false
1,baseline,1,2036,0.0,0.3386411889596603,HYBRID_HEAT_PUMP,PRIVATELY_RENTED,24803,3110,99,26037,6511,0.0,0.0,0.0,1415.162494240516,0.0,MEDIUM,MEDIUM,MEDIUM,5,COST_BASED,COST_BASED,false,false
1,baseline,1,2037,0.0,0.3673036093418259,HYBRID_HEAT_PUMP,PRIVATELY_RENTED,27683,2971,91,29008,6764,0.0,0.0,0.0,1343.8796570076877,0.0,MEDIUM,MEDIUM,MEDIUM,5,COST_BASED,COST_BASED,false,false
1,baseline,1,2038,0.0,0.3885350318471338,HYBRID_HEAT_PUMP,PRIVATELY_RENTED,30489,2904,98,31912,6752,0.0,0.0,0.0,1342.489632701422,0.0,MEDIUM,MEDIUM,MEDIUM,5,COST_BASED,COST_BASED,false,false
1,baseline,1,2039,0.0,0.42250530785562634,HYBRID_HEAT_PUMP,PRIVATELY_RENTED,32921,2530,98,34442,6509,0.0,0.0,0.0,1352.4794899370104,0.0,MEDIUM,MEDIUM,MEDIUM,5,COST_BASED,COST_BASED,false,false
1,baseline,1,2040,0.0,0.43524416135881105,HYBRID_HEAT_PUMP,PRIVATELY_RENTED,35081,2984,824,37426,6546,0.0,0.0,0.0,1359.8748854262144,0.0,MEDIUM,MEDIUM,MEDIUM,5,COST_BASED,COST_BASED,false,false
1,baseline,1,2041,0.0,0.4575371549893843,HYBRID_HEAT_PUMP,PRIVATELY_RENTED,37168,3178,1091,40604,6795,0.0,0.0,0.0,1349.7898454746137,0.0,MEDIUM,MEDIUM,MEDIUM,5,COST_BASED,COST_BASED,false,false
1,baseline,1,2042,0.0,0.4819532908704883,HYBRID_HEAT_PUMP,PRIVATELY_RENTED,39039,3173,1302,43777,6695,0.0,0.0,0.0,1320.5949215832711,0.0,MEDIUM,MEDIUM,MEDIUM,5,COST_BASED,COST_BASED,false,false
1,baseline,1,2043,0.0,0.5180467091295117,HYBRID_HEAT_PUMP,PRIVATELY_RENTED,40692,3137,1484,46914,6429,0.0,0.0,0.0,1333.8897184632135,0.0,MEDIUM,MEDIUM,MEDIUM,5,COST_BASED,COST_BASED,false,false
1,baseline,1,2044,0.0,0.5424628450106157,HYBRID_HEAT_PUMP,PRIVATELY_RENTED,42261,3322,1753,50236,6520,0.0,0.0,0.0,1314.5964723926381,0.0,MEDIUM,MEDIUM,MEDIUM,5,COST_BASED,COST_BASED,false,false
1,baseline,1,2045,0.0,0.5424628450106157,HYBRID_HEAT_PUMP,PRIVATELY_RENTED,43713,3403,1951,53639,6421,0.0,0.0,0.0,1311.9520323937081,0.0,MEDIUM,MEDIUM,MEDIUM,5,COST_BASED,COST_BASED,false,false
1,baseline,1,2046,0.0,0.5424628450106157,HYBRID_HEAT_PUMP,PRIVATELY_RENTED,45144,3647,2216,57286,6596,0.0,0.0,0.0,1287.3990297149787,0.0,MEDIUM,MEDIUM,MEDIUM,5,COST_BASED,COST_BASED,false,false
1,baseline,1,2047,0.0,0.5424628450106157,HYBRID_HEAT_PUMP,PRIVATELY_RENTED,46377,3558,2325,60844,6362,0.0,0.0,0.0,1317.749921408362,0.0,MEDIUM,MEDIUM,MEDIUM,5,COST_BASED,COST_BASED,false,false
1,baseline,1,2048,0.0,0.5424628450106157,HYBRID_HEAT_PUMP,PRIVATELY_RENTED,47582,3969,2764,64813,6785,0.0,0.0,0.0,1260.8252026529108,0.0,MEDIUM,MEDIUM,MEDIUM,5,COST_BASED,COST_BASED,false,false
1,baseline,1,2049,0.0,0.5424628450106157,HYBRID_HEAT_PUMP,PRIVATELY_RENTED,48758,3865,2689,68678,6901,0.0,0.0,0.0,1249.408056803362,0.0,MEDIUM,MEDIUM,MEDIUM,5,COST_BASED,COST_BASED,false,false
1,baseline,1,2050,0.0,0.5424628450106157,HYBRID_HEAT_PUMP,PRIVATELY_RENTED,49965,4214,3007,72892,7263,0.0,0.0,0.0,1237.0585157648354,0.0,MEDIUM,MEDIUM,MEDIUM,5,COST_BASED,COST_BASED,false,false
