scenario,scenario_name,iteration,year,nbh_in_grid_congestion_perc,nbh_with_dh_perc,heating_system,ownership,installed_current,installed_annually,removed_annually,installed_cumulative,considered_annually,avg_att,avg_util,avg_sub_norm,avg_eac,avg_pbc,SLF,ELF,GRR,DHCT,DHES,SHAES,DHCO,GCHPB
1,baseline,1,2024,0,0,NATURAL_GAS_BOILER,PRIVATELY_OWNED,310587,0,0,473492,0,0,0,0,0,0,MEDIUM,MEDIUM,MEDIUM,5,COST_BASED,COST_BASED,false,false
1,baseline,1,2024,0,0,NATURAL_GAS_BOILER,PRIVATELY_RENTED,63993,0,0,473492,0,0,0,0,0,0,MEDIUM,MEDIUM,MEDIUM,5,COST_BASED,COST_BASED,false,false
1,baseline,1,2024,0,0,NATURAL_GAS_BOILER,SOCIAL_HOUSING,98912,0,0,473492,0,0,0,0,0,0,MEDIUM,MEDIUM,MEDIUM,5,COST_BASED,COST_BASED,false,false
1,baseline,1,2024,0,0,NATURAL_GAS_BOILER,HOME_OWNER_ASSOCIATION,0,0,0,473492,0,0,0,0,0,0,MEDIUM,MEDIUM,MEDIUM,5,COST_BASED,COST_BASED,false,false
1,baseline,1,2024,0,0,NATURAL_GAS_BOILER,TOTAL,473492,0,0,473492,0,0,0,0,0,0,MEDIUM,MEDIUM,MEDIUM,5,COST_BASED,COST_BASED,false,false
1,baseline,1,2024,0,0,NATURAL_GAS_BLOCK,PRIVATELY_OWNED,0,0,0,29886,0,0,0,0,0,0,MEDIUM,MEDIUM,MEDIUM,5,COST_BASED,COST_BASED,false,false
1,baseline,1,2024,0,0,NATURAL_GAS_BLOCK,PRIVATELY_RENTED,0,0,0,29886,0,0,0,0,0,0,MEDIUM,MEDIUM,MEDIUM,5,COST_BASED,COST_BASED,false,false
1,baseline,1,2024,0,0,NATURAL_GAS_BLOCK,SOCIAL_HOUSING,4329,0,0,29886,0,0,0,0,0,0,MEDIUM,MEDIUM,MEDIUM,5,COST_BASED,COST_BASED,false,false
1,baseline,1,2024,0,0,NATURAL_GAS_BLOCK,HOME_OWNER_ASSOCIATION,25557,0,0,29886,0,0,0,0,0,0,MEDIUM,MEDIUM,MEDIUM,5,COST_BASED,COST_BASED,false,false
1,baseline,1,2024,0,0,NATURAL_GAS_BLOCK,TOTAL,29886,0,0,29886,0,0,0,0,0,0,MEDIUM,MEDIUM,MEDIUM,5,COST_BASED,COST_BASED,false,false
1,baseline,1,2024,0,0,HYBRID_HEAT_PUMP,PRIVATELY_OWNED,9613,0,0,11396,0,0,0,0,0,0,MEDIUM,MEDIUM,MEDIUM,5,COST_BASED,COST_BASED,false,false
1,baseline,1,2024,0,0,HYBRID_HEAT_PUMP,PRIVATELY_RENTED,1712,0,0,11396,0,0,0,0,0,0,MEDIUM,MEDIUM,MEDIUM,5,COST_BASED,COST_BASED,false,false
1,baseline,1,2024,0,0,HYBRID_HEAT_PUMP,SOCIAL_HOUSING,71,0,0,11396,0,0,0,0,0,0,MEDIUM,MEDIUM,MEDIUM,5,COST_BASED,COST_BASED,false,false
1,baseline,1,2024,0,0,HYBRID_HEAT_PUMP,HOME_OWNER_ASSOCIATION,0,0,0,11396,0,0,0,0,0,0,MEDIUM,MEDIUM,MEDIUM,5,COST_BASED,COST_BASED,false,false
1,baseline,1,2024,0,0,HYBRID_HEAT_PUMP,TOTAL,11396,0,0,11396,0,0,0,0,0,0,MEDIUM,MEDIUM,MEDIUM,5,COST_BASED,COST_BASED,false,false
1,baseline,1,2024,0,0,ELECTRIC_HEAT_PUMP,PRIVATELY_OWNED,18520,0,0,22705,0,0,0,0,0,0,MEDIUM,MEDIUM,MEDIUM,5,COST_BASED,COST_BASED,false,false
1,baseline,1,2024,0,0,ELECTRIC_HEAT_PUMP,PRIVATELY_RENTED,3963,0,0,22705,0,0,0,0,0,0,MEDIUM,MEDIUM,MEDIUM,5,COST_BASED,COST_BASED,false,false
1,baseline,1,2024,0,0,ELECTRIC_HEAT_PUMP,SOCIAL_HOUSING,222,0,0,22705,0,0,0,0,0,0,MEDIUM,MEDIUM,MEDIUM,5,COST_BASED,COST_BASED,false,false
1,baseline,1,2024,0,0,ELECTRIC_HEAT_PUMP,HOME_OWNER_ASSOCIATION,0,0,0,22705,0,0,0,0,0,0,MEDIUM,MEDIUM,MEDIUM,5,COST_BASED,COST_BASED,false,false
1,baseline,1,2024,0,0,ELECTRIC_HEAT_PUMP,TOTAL,22705,0,0,22705,0,0,0,0,0,0,MEDIUM,MEDIUM,MEDIUM,5,COST_BASED,COST_BASED,false,false
1,baseline,1,2024,0,0,DISTRICT_HEATING,PRIVATELY_OWNED,3720,0,0,8278,0,0,0,0,0,0,MEDIUM,MEDIUM,MEDIUM,5,COST_BASED,COST_BASED,false,false
1,baseline,1,2024,0,0,DISTRICT_HEATING,PRIVATELY_RENTED,2796,0,0,8278,0,0,0,0,0,0,MEDIUM,MEDIUM,MEDIUM,5,COST_BASED,COST_BASED,false,false
1,baseline,1,2024,0,0,DISTRICT_HEATING,SOCIAL_HOUSING,1762,0,0,8278,0,0,0,0,0,0,MEDIUM,MEDIUM,MEDIUM,5,COST_BASED,COST_BASED,false,false
1,baseline,1,2024,0,0,DISTRICT_HEATING,HOME_OWNER_ASSOCIATION,0,0,0,8278,0,0,0,0,0,0,MEDIUM,MEDIUM,MEDIUM,5,COST_BASED,COST_BASED,false,false
1,baseline,1,2024,0,0,DISTRICT_HEATING,TOTAL,8278,0,0,8278,0,0,0,0,0,0,MEDIUM,MEDIUM,MEDIUM,5,COST_BASED,COST_BASED,false,false
1,baseline,1,2025,0,0,NATURAL_GAS_BOILER,PRIVATELY_OWNED,310377,0,0,508489,96399,0,0,0,0,0,MEDIUM,MEDIUM,MEDIUM,5,COST_BASED,COST_BASED,false,false
1,baseline,1,2025,0,0,NATURAL_GAS_BOILER,PRIVATELY_RENTED,62296,0,0,508489,96399,0,0,0,0,0,MEDIUM,MEDIUM,MEDIUM,5,COST_BASED,COST_BASED,false,false
1,baseline,1,2025,0,0,NATURAL_GAS_BOILER,SOCIAL_HOUSING,97973,0,0,508489,96399,0,0,0,0,0,MEDIUM,MEDIUM,MEDIUM,5,COST_BASED,COST_BASED,false,false
1,baseline,1,2025,0,0,NATURAL_GAS_BOILER,HOME_OWNER_ASSOCIATION,1540,0,0,508489,96399,0,0,0,0,0,MEDIUM,MEDIUM,MEDIUM,5,COST_BASED,COST_BASED,false,false
1,baseline,1,2025,0,0,NATURAL_GAS_BOILER,TOTAL,472186,34997,36303,508489,96399,0,0,0,0,0,MEDIUM,MEDIUM,MEDIUM,5,COST_BASED,COST_BASED,false,false
1,baseline,1,2025,0,0,NATURAL_GAS_BLOCK,PRIVATELY_OWNED,4,0,0,30140,96399,0,0,0,0,0,MEDIUM,MEDIUM,MEDIUM,5,COST_BASED,COST_BASED,false,false
1,baseline,1,2025,0,0,NATURAL_GAS_BLOCK,PRIVATELY_RENTED,250,0,0,30140,96399,0,0,0,0,0,MEDIUM,MEDIUM,MEDIUM,5,COST_BASED,COST_BASED,false,false
1,baseline,1,2025,0,0,NATURAL_GAS_BLOCK,SOCIAL_HOUSING,4320,0,0,30140,96399,0,0,0,0,0,MEDIUM,MEDIUM,MEDIUM,5,COST_BASED,COST_BASED,false,false
1,baseline,1,2025,0,0,NATURAL_GAS_BLOCK,HOME_OWNER_ASSOCIATION,24015,0,0,30140,96399,0,0,0,0,0,MEDIUM,MEDIUM,MEDIUM,5,COST_BASED,COST_BASED,false,false
1,baseline,1,2025,0,0,NATURAL_GAS_BLOCK,TOTAL,28589,254,1551,30140,96399,0,0,0,0,0,MEDIUM,MEDIUM,MEDIUM,5,COST_BASED,COST_BASED,false,false
1,baseline,1,2025,0,0,HYBRID_HEAT_PUMP,PRIVATELY_OWNED,10497,0,0,16383,96399,0,0,0,0,0,MEDIUM,MEDIUM,MEDIUM,5,COST_BASED,COST_BASED,false,false
1,baseline,1,2025,0,0,HYBRID_HEAT_PUMP,PRIVATELY_RENTED,3508,0,0,16383,96399,0,0,0,0,0,MEDIUM,MEDIUM,MEDIUM,5,COST_BASED,COST_BASED,false,false
1,baseline,1,2025,0,0,HYBRID_HEAT_PUMP,SOCIAL_HOUSING,1299,0,0,16383,96399,0,0,0,0,0,MEDIUM,MEDIUM,MEDIUM,5,COST_BASED,COST_BASED,false,false
1,baseline,1,2025,0,0,HYBRID_HEAT_PUMP,HOME_OWNER_ASSOCIATION,2,0,0,16383,96399,0,0,0,0,0,MEDIUM,MEDIUM,MEDIUM,5,COST_BASED,COST_BASED,false,false
1,baseline,1,2025,0,0,HYBRID_HEAT_PUMP,TOTAL,15306,4987,1077,16383,96399,0,0,0,0,0,MEDIUM,MEDIUM,MEDIUM,5,COST_BASED,COST_BASED,false,false
1,baseline,1,2025,0,0,ELECTRIC_HEAT_PUMP,PRIVATELY_OWNED,19147,0,0,25491,96399,0,0,0,0,0,MEDIUM,MEDIUM,MEDIUM,5,COST_BASED,COST_BASED,false,false
1,baseline,1,2025,0,0,ELECTRIC_HEAT_PUMP,PRIVATELY_RENTED,3681,0,0,25491,96399,0,0,0,0,0,MEDIUM,MEDIUM,MEDIUM,5,COST_BASED,COST_BASED,false,false
1,baseline,1,2025,0,0,ELECTRIC_HEAT_PUMP,SOCIAL_HOUSING,198,0,0,25491,96399,0,0,0,0,0,MEDIUM,MEDIUM,MEDIUM,5,COST_BASED,COST_BASED,false,false
1,baseline,1,2025,0,0,ELECTRIC_HEAT_PUMP,HOME_OWNER_ASSOCIATION,0,0,0,25491,96399,0,0,0,0,0,MEDIUM,MEDIUM,MEDIUM,5,COST_BASED,COST_BASED,false,false
1,baseline,1,2025,0,0,ELECTRIC_HEAT_PUMP,TOTAL,23026,2786,2465,25491,96399,0,0,0,0,0,MEDIUM,MEDIUM,MEDIUM,5,COST_BASED,COST_BASED,false,false
1,baseline,1,2025,0,0,DISTRICT_HEATING,PRIVATELY_OWNED,2415,0,0,8278,96399,0,0,0,0,0,MEDIUM,MEDIUM,MEDIUM,5,COST_BASED,COST_BASED,false,false
1,baseline,1,2025,0,0,DISTRICT_HEATING,PRIVATELY_RENTED,2729,0,0,8278,96399,0,0,0,0,0,MEDIUM,MEDIUM,MEDIUM,5,COST_BASED,COST_BASED,false,false
1,baseline,1,2025,0,0,DISTRICT_HEATING,SOCIAL_HOUSING,1506,0,0,8278,96399,0,0,0,0,0,MEDIUM,MEDIUM,MEDIUM,5,COST_BASED,COST_BASED,false,false
1,baseline,1,2025,0,0,DISTRICT_HEATING,HOME_OWNER_ASSOCIATION,0,0,0,8278,96399,0,0,0,0,0,MEDIUM,MEDIUM,MEDIUM,5,COST_BASED,COST_BASED,false,false
1,baseline,1,2025,0,0,DISTRICT_HEATING,TOTAL,6650,0,1628,8278,96399,0,0,0,0,0,MEDIUM,MEDIUM,MEDIUM,5,COST_BASED,COST_BASED,false,false
1,baseline,1,2026,0,0,NATURAL_GAS_BOILER,PRIVATELY_OWNED,308020,0,0,546124,98277,0,0,0,0,0,MEDIUM,MEDIUM,MEDIUM,5,COST_BASED,COST_BASED,false,false
1,baseline,1,2026,0,0,NATURAL_GAS_BOILER,PRIVATELY_RENTED,60320,0,0,546124,98277,0,0,0,0,0,MEDIUM,MEDIUM,MEDIUM,5,COST_BASED,COST_BASED,false,false
1,baseline,1,2026,0,0,NATURAL_GAS_BOILER,SOCIAL_HOUSING,96724,0,0,546124,98277,0,0,0,0,0,MEDIUM,MEDIUM,MEDIUM,5,COST_BASED,COST_BASED,false,false
1,baseline,1,2026,0,0,NATURAL_GAS_BOILER,HOME_OWNER_ASSOCIATION,2913,0,0,546124,98277,0,0,0,0,0,MEDIUM,MEDIUM,MEDIUM,5,COST_BASED,COST_BASED,false,false
1,baseline,1,2026,0,0,NATURAL_GAS_BOILER,TOTAL,467977,37635,41844,546124,98277,0,0,0,0,0,MEDIUM,MEDIUM,MEDIUM,5,COST_BASED,COST_BASED,false,false
1,baseline,1,2026,0,0,NATURAL_GAS_BLOCK,PRIVATELY_OWNED,8,0,0,30417,98277,0,0,0,0,0,MEDIUM,MEDIUM,MEDIUM,5,COST_BASED,COST_BASED,false,false
1,baseline,1,2026,0,0,NATURAL_GAS_BLOCK,PRIVATELY_RENTED,520,0,0,30417,98277,0,0,0,0,0,MEDIUM,MEDIUM,MEDIUM,5,COST_BASED,COST_BASED,false,false
1,baseline,1,2026,0,0,NATURAL_GAS_BLOCK,SOCIAL_HOUSING,4138,0,0,30417,98277,0,0,0,0,0,MEDIUM,MEDIUM,MEDIUM,5,COST_BASED,COST_BASED,false,false
1,baseline,1,2026,0,0,NATURAL_GAS_BLOCK,HOME_OWNER_ASSOCIATION,22630,0,0,30417,98277,0,0,0,0,0,MEDIUM,MEDIUM,MEDIUM,5,COST_BASED,COST_BASED,false,false
1,baseline,1,2026,0,0,NATURAL_GAS_BLOCK,TOTAL,27296,277,1570,30417,98277,0,0,0,0,0,MEDIUM,MEDIUM,MEDIUM,5,COST_BASED,COST_BASED,false,false
1,baseline,1,2026,0,0,HYBRID_HEAT_PUMP,PRIVATELY_OWNED,11339,0,0,21676,98277,0,0,0,0,0,MEDIUM,MEDIUM,MEDIUM,5,COST_BASED,COST_BASED,false,false
1,baseline,1,2026,0,0,HYBRID_HEAT_PUMP,PRIVATELY_RENTED,5572,0,0,21676,98277,0,0,0,0,0,MEDIUM,MEDIUM,MEDIUM,5,COST_BASED,COST_BASED,false,false
1,baseline,1,2026,0,0,HYBRID_HEAT_PUMP,SOCIAL_HOUSING,2752,0,0,21676,98277,0,0,0,0,0,MEDIUM,MEDIUM,MEDIUM,5,COST_BASED,COST_BASED,false,false
1,baseline,1,2026,0,0,HYBRID_HEAT_PUMP,HOME_OWNER_ASSOCIATION,14,0,0,21676,98277,0,0,0,0,0,MEDIUM,MEDIUM,MEDIUM,5,COST_BASED,COST_BASED,false,false
1,baseline,1,2026,0,0,HYBRID_HEAT_PUMP,TOTAL,19677,5293,922,21676,98277,0,0,0,0,0,MEDIUM,MEDIUM,MEDIUM,5,COST_BASED,COST_BASED,false,false
1,baseline,1,2026,0,0,ELECTRIC_HEAT_PUMP,PRIVATELY_OWNED,20780,0,0,28570,98277,0,0,0,0,0,MEDIUM,MEDIUM,MEDIUM,5,COST_BASED,COST_BASED,false,false
1,baseline,1,2026,0,0,ELECTRIC_HEAT_PUMP,PRIVATELY_RENTED,3413,0,0,28570,98277,0,0,0,0,0,MEDIUM,MEDIUM,MEDIUM,5,COST_BASED,COST_BASED,false,false
1,baseline,1,2026,0,0,ELECTRIC_HEAT_PUMP,SOCIAL_HOUSING,176,0,0,28570,98277,0,0,0,0,0,MEDIUM,MEDIUM,MEDIUM,5,COST_BASED,COST_BASED,false,false
1,baseline,1,2026,0,0,ELECTRIC_HEAT_PUMP,HOME_OWNER_ASSOCIATION,0,0,0,28570,98277,0,0,0,0,0,MEDIUM,MEDIUM,MEDIUM,5,COST_BASED,COST_BASED,false,false
1,baseline,1,2026,0,0,ELECTRIC_HEAT_PUMP,TOTAL,24369,3079,1736,28570,98277,0,0,0,0,0,MEDIUM,MEDIUM,MEDIUM,5,COST_BASED,COST_BASED,false,false
1,baseline,1,2026,0,0,DISTRICT_HEATING,PRIVATELY_OWNED,2293,0,0,8278,98277,0,0,0,0,0,MEDIUM,MEDIUM,MEDIUM,5,COST_BASED,COST_BASED,false,false
1,baseline,1,2026,0,0,DISTRICT_HEATING,PRIVATELY_RENTED,2639,0,0,8278,98277,0,0,0,0,0,MEDIUM,MEDIUM,MEDIUM,5,COST_BASED,COST_BASED,false,false
1,baseline,1,2026,0,0,DISTRICT_HEATING,SOCIAL_HOUSING,1506,0,0,8278,98277,0,0,0,0,0,MEDIUM,MEDIUM,MEDIUM,5,COST_BASED,COST_BASED,false,false
1,baseline,1,2026,0,0,DISTRICT_HEATING,HOME_OWNER_ASSOCIATION,0,0,0,8278,98277,0,0,0,0,0,MEDIUM,MEDIUM,MEDIUM,5,COST_BASED,COST_BASED,false,false
1,baseline,1,2026,0,0,DISTRICT_HEATING,TOTAL,6438,0,212,8278,98277,0,0,0,0,0,MEDIUM,MEDIUM,MEDIUM,5,COST_BASED,COST_BASED,false,false
1,baseline,1,2027,0,0,NATURAL_GAS_BOILER,PRIVATELY_OWNED,304872,0,0,584311,99757,0,0,0,0,0,MEDIUM,MEDIUM,MEDIUM,5,COST_BASED,COST_BASED,false,false
1,baseline,1,2027,0,0,NATURAL_GAS_BOILER,PRIVATELY_RENTED,58096,0,0,584311,99757,0,0,0,0,0,MEDIUM,MEDIUM,MEDIUM,5,COST_BASED,COST_BASED,false,false
1,baseline,1,2027,0,0,NATURAL_GAS_BOILER,SOCIAL_HOUSING,96119,0,0,584311,99757,0,0,0,0,0,MEDIUM,MEDIUM,MEDIUM,5,COST_BASED,COST_BASED,false,false
1,baseline,1,2027,0,0,NATURAL_GAS_BOILER,HOME_OWNER_ASSOCIATION,5711,0,0,584311,99757,0,0,0,0,0,MEDIUM,MEDIUM,MEDIUM,5,COST_BASED,COST_BASED,false,false
1,baseline,1,2027,0,0,NATURAL_GAS_BOILER,TOTAL,464798,38187,41366,584311,99757,0,0,0,0,0,MEDIUM,MEDIUM,MEDIUM,5,COST_BASED,COST_BASED,false,false
1,baseline,1,2027,0,0,NATURAL_GAS_BLOCK,PRIVATELY_OWNED,9,0,0,30662,99757,0,0,0,0,0,MEDIUM,MEDIUM,MEDIUM,5,COST_BASED,COST_BASED,false,false
1,baseline,1,2027,0,0,NATURAL_GAS_BLOCK,PRIVATELY_RENTED,764,0,0,30662,99757,0,0,0,0,0,MEDIUM,MEDIUM,MEDIUM,5,COST_BASED,COST_BASED,false,false
1,baseline,1,2027,0,0,NATURAL_GAS_BLOCK,SOCIAL_HOUSING,2708,0,0,30662,99757,0,0,0,0,0,MEDIUM,MEDIUM,MEDIUM,5,COST_BASED,COST_BASED,false,false
1,baseline,1,2027,0,0,NATURAL_GAS_BLOCK,HOME_OWNER_ASSOCIATION,19334,0,0,30662,99757,0,0,0,0,0,MEDIUM,MEDIUM,MEDIUM,5,COST_BASED,COST_BASED,false,false
1,baseline,1,2027,0,0,NATURAL_GAS_BLOCK,TOTAL,22815,245,4726,30662,99757,0,0,0,0,0,MEDIUM,MEDIUM,MEDIUM,5,COST_BASED,COST_BASED,false,false
1,baseline,1,2027,0,0,HYBRID_HEAT_PUMP,PRIVATELY_OWNED,12318,0,0,28362,99757,0,0,0,0,0,MEDIUM,MEDIUM,MEDIUM,5,COST_BASED,COST_BASED,false,false
1,baseline,1,2027,0,0,HYBRID_HEAT_PUMP,PRIVATELY_RENTED,7926,0,0,28362,99757,0,0,0,0,0,MEDIUM,MEDIUM,MEDIUM,5,COST_BASED,COST_BASED,false,false
1,baseline,1,2027,0,0,HYBRID_HEAT_PUMP,SOCIAL_HOUSING,4839,0,0,28362,99757,0,0,0,0,0,MEDIUM,MEDIUM,MEDIUM,5,COST_BASED,COST_BASED,false,false
1,baseline,1,2027,0,0,HYBRID_HEAT_PUMP,HOME_OWNER_ASSOCIATION,512,0,0,28362,99757,0,0,0,0,0,MEDIUM,MEDIUM,MEDIUM,5,COST_BASED,COST_BASED,false,false
1,baseline,1,2027,0,0,HYBRID_HEAT_PUMP,TOTAL,25595,6686,768,28362,99757,0,0,0,0,0,MEDIUM,MEDIUM,MEDIUM,5,COST_BASED,COST_BASED,false,false
1,baseline,1,2027,0,0,ELECTRIC_HEAT_PUMP,PRIVATELY_OWNED,23071,0,0,32072,99757,0,0,0,0,0,MEDIUM,MEDIUM,MEDIUM,5,COST_BASED,COST_BASED,false,false
1,baseline,1,2027,0,0,ELECTRIC_HEAT_PUMP,PRIVATELY_RENTED,3156,0,0,32072,99757,0,0,0,0,0,MEDIUM,MEDIUM,MEDIUM,5,COST_BASED,COST_BASED,false,false
1,baseline,1,2027,0,0,ELECTRIC_HEAT_PUMP,SOCIAL_HOUSING,124,0,0,32072,99757,0,0,0,0,0,MEDIUM,MEDIUM,MEDIUM,5,COST_BASED,COST_BASED,false,false
1,baseline,1,2027,0,0,ELECTRIC_HEAT_PUMP,HOME_OWNER_ASSOCIATION,0,0,0,32072,99757,0,0,0,0,0,MEDIUM,MEDIUM,MEDIUM,5,COST_BASED,COST_BASED,false,false
1,baseline,1,2027,0,0,ELECTRIC_HEAT_PUMP,TOTAL,26351,3502,1520,32072,99757,0,0,0,0,0,MEDIUM,MEDIUM,MEDIUM,5,COST_BASED,COST_BASED,false,false
1,baseline,1,2027,0,0,DISTRICT_HEATING,PRIVATELY_OWNED,2170,0,0,8278,99757,0,0,0,0,0,MEDIUM,MEDIUM,MEDIUM,5,COST_BASED,COST_BASED,false,false
1,baseline,1,2027,0,0,DISTRICT_HEATING,PRIVATELY_RENTED,2522,0,0,8278,99757,0,0,0,0,0,MEDIUM,MEDIUM,MEDIUM,5,COST_BASED,COST_BASED,false,false
1,baseline,1,2027,0,0,DISTRICT_HEATING,SOCIAL_HOUSING,1506,0,0,8278,99757,0,0,0,0,0,MEDIUM,MEDIUM,MEDIUM,5,COST_BASED,COST_BASED,false,false
1,baseline,1,2027,0,0,DISTRICT_HEATING,HOME_OWNER_ASSOCIATION,0,0,0,8278,99757,0,0,0,0,0,MEDIUM,MEDIUM,MEDIUM,5,COST_BASED,COST_BASED,false,false
1,baseline,1,2027,0,0,DISTRICT_HEATING,TOTAL,6198,0,240,8278,99757,0,0,0,0,0,MEDIUM,MEDIUM,MEDIUM,5,COST_BASED,COST_BASED,false,false
1,baseline,1,2028,0,0,NATURAL_GAS_BOILER,PRIVATELY_OWNED,301139,0,0,616376,93676,0,0,0,0,0,MEDIUM,MEDIUM,MEDIUM,5,COST_BASED,COST_BASED,false,false
1,baseline,1,2028,0,0,NATURAL_GAS_BOILER,PRIVATELY_RENTED,55695,0,0,616376,93676,0,0,0,0,0,MEDIUM,MEDIUM,MEDIUM,5,COST_BASED,COST_BASED,false,false
1,baseline,1,2028,0,0,NATURAL_GAS_BOILER,SOCIAL_HOUSING,94180,0,0,616376,93676,0,0,0,0,0,MEDIUM,MEDIUM,MEDIUM,5,COST_BASED,COST_BASED,false,false
1,baseline,1,2028,0,0,NATURAL_GAS_BOILER,HOME_OWNER_ASSOCIATION,7031,0,0,616376,93676,0,0,0,0,0,MEDIUM,MEDIUM,MEDIUM,5,COST_BASED,COST_BASED,false,false
1,baseline,1,2028,0,0,NATURAL_GAS_BOILER,TOTAL,458045,32065,38818,616376,93676,0,0,0,0,0,MEDIUM,MEDIUM,MEDIUM,5,COST_BASED,COST_BASED,false,false
1,baseline,1,2028,0,0,NATURAL_GAS_BLOCK,PRIVATELY_OWNED,11,0,0,30896,93676,0,0,0,0,0,MEDIUM,MEDIUM,MEDIUM,5,COST_BASED,COST_BASED,false,false
1,baseline,1,2028,0,0,NATURAL_GAS_BLOCK,PRIVATELY_RENTED,996,0,0,30896,93676,0,0,0,0,0,MEDIUM,MEDIUM,MEDIUM,5,COST_BASED,COST_BASED,false,false
1,baseline,1,2028,0,0,NATURAL_GAS_BLOCK,SOCIAL_HOUSING,2354,0,0,30896,93676,0,0,0,0,0,MEDIUM,MEDIUM,MEDIUM,5,COST_BASED,COST_BASED,false,false
1,baseline,1,2028,0,0,NATURAL_GAS_BLOCK,HOME_OWNER_ASSOCIATION,17701,0,0,30896,93676,0,0,0,0,0,MEDIUM,MEDIUM,MEDIUM,5,COST_BASED,COST_BASED,false,false
1,baseline,1,2028,0,0,NATURAL_GAS_BLOCK,TOTAL,21062,234,1987,30896,93676,0,0,0,0,0,MEDIUM,MEDIUM,MEDIUM,5,COST_BASED,COST_BASED,false,false
1,baseline,1,2028,0,0,HYBRID_HEAT_PUMP,PRIVATELY_OWNED,13316,0,0,35313,93676,0,0,0,0,0,MEDIUM,MEDIUM,MEDIUM,5,COST_BASED,COST_BASED,false,false
1,baseline,1,2028,0,0,HYBRID_HEAT_PUMP,PRIVATELY_RENTED,10526,0,0,35313,93676,0,0,0,0,0,MEDIUM,MEDIUM,MEDIUM,5,COST_BASED,COST_BASED,false,false
1,baseline,1,2028,0,0,HYBRID_HEAT_PUMP,SOCIAL_HOUSING,7132,0,0,35313,93676,0,0,0,0,0,MEDIUM,MEDIUM,MEDIUM,5,COST_BASED,COST_BASED,false,false
1,baseline,1,2028,0,0,HYBRID_HEAT_PUMP,HOME_OWNER_ASSOCIATION,825,0,0,35313,93676,0,0,0,0,0,MEDIUM,MEDIUM,MEDIUM,5,COST_BASED,COST_BASED,false,false
1,baseline,1,2028,0,0,HYBRID_HEAT_PUMP,TOTAL,31799,6951,747,35313,93676,0,0,0,0,0,MEDIUM,MEDIUM,MEDIUM,5,COST_BASED,COST_BASED,false,false
1,baseline,1,2028,0,0,ELECTRIC_HEAT_PUMP,PRIVATELY_OWNED,25994,0,0,36215,93676,0,0,0,0,0,MEDIUM,MEDIUM,MEDIUM,5,COST_BASED,COST_BASED,false,false
1,baseline,1,2028,0,0,ELECTRIC_HEAT_PUMP,PRIVATELY_RENTED,2879,0,0,36215,93676,0,0,0,0,0,MEDIUM,MEDIUM,MEDIUM,5,COST_BASED,COST_BASED,false,false
1,baseline,1,2028,0,0,ELECTRIC_HEAT_PUMP,SOCIAL_HOUSING,124,0,0,36215,93676,0,0,0,0,0,MEDIUM,MEDIUM,MEDIUM,5,COST_BASED,COST_BASED,false,false
1,baseline,1,2028,0,0,ELECTRIC_HEAT_PUMP,HOME_OWNER_ASSOCIATION,0,0,0,36215,93676,0,0,0,0,0,MEDIUM,MEDIUM,MEDIUM,5,COST_BASED,COST_BASED,false,false
1,baseline,1,2028,0,0,ELECTRIC_HEAT_PUMP,TOTAL,28997,4143,1497,36215,93676,0,0,0,0,0,MEDIUM,MEDIUM,MEDIUM,5,COST_BASED,COST_BASED,false,false
1,baseline,1,2028,0,0,DISTRICT_HEATING,PRIVATELY_OWNED,1980,0,0,8278,93676,0,0,0,0,0,MEDIUM,MEDIUM,MEDIUM,5,COST_BASED,COST_BASED,false,false
1,baseline,1,2028,0,0,DISTRICT_HEATING,PRIVATELY_RENTED,2368,0,0,8278,93676,0,0,0,0,0,MEDIUM,MEDIUM,MEDIUM,5,COST_BASED,COST_BASED,false,false
1,baseline,1,2028,0,0,DISTRICT_HEATING,SOCIAL_HOUSING,1506,0,0,8278,93676,0,0,0,0,0,MEDIUM,MEDIUM,MEDIUM,5,COST_BASED,COST_BASED,false,false
1,baseline,1,2028,0,0,DISTRICT_HEATING,HOME_OWNER_ASSOCIATION,0,0,0,8278,93676,0,0,0,0,0,MEDIUM,MEDIUM,MEDIUM,5,COST_BASED,COST_BASED,false,false
1,baseline,1,2028,0,0,DISTRICT_HEATING,TOTAL,5854,0,344,8278,93676,0,0,0,0,0,MEDIUM,MEDIUM,MEDIUM,5,COST_BASED,COST_BASED,false,false
1,baseline,1,2029,0,0,NATURAL_GAS_BOILER,PRIVATELY_OWNED,297063,0,0,647846,95527,0,0,0,0,0,MEDIUM,MEDIUM,MEDIUM,5,COST_BASED,COST_BASED,false,false
1,baseline,1,2029,0,0,NATURAL_GAS_BOILER,PRIVATELY_RENTED,53026,0,0,647846,95527,0,0,0,0,0,MEDIUM,MEDIUM,MEDIUM,5,COST_BASED,COST_BASED,false,false
1,baseline,1,2029,0,0,NATURAL_GAS_BOILER,SOCIAL_HOUSING,90359,0,0,647846,95527,0,0,0,0,0,MEDIUM,MEDIUM,MEDIUM,5,COST_BASED,COST_BASED,false,false
1,baseline,1,2029,0,0,NATURAL_GAS_BOILER,HOME_OWNER_ASSOCIATION,7815,0,0,647846,95527,0,0,0,0,0,MEDIUM,MEDIUM,MEDIUM,5,COST_BASED,COST_BASED,false,false
1,baseline,1,2029,0,0,NATURAL_GAS_BOILER,TOTAL,448263,31470,41252,647846,95527,0,0,0,0,0,MEDIUM,MEDIUM,MEDIUM,5,COST_BASED,COST_BASED,false,false
1,baseline,1,2029,0,0,NATURAL_GAS_BLOCK,PRIVATELY_OWNED,13,0,0,31135,95527,0,0,0,0,0,MEDIUM,MEDIUM,MEDIUM,5,COST_BASED,COST_BASED,false,false
1,baseline,1,2029,0,0,NATURAL_GAS_BLOCK,PRIVATELY_RENTED,1233,0,0,31135,95527,0,0,0,0,0,MEDIUM,MEDIUM,MEDIUM,5,COST_BASED,COST_BASED,false,false
1,baseline,1,2029,0,0,NATURAL_GAS_BLOCK,SOCIAL_HOUSING,1627,0,0,31135,95527,0,0,0,0,0,MEDIUM,MEDIUM,MEDIUM,5,COST_BASED,COST_BASED,false,false
1,baseline,1,2029,0,0,NATURAL_GAS_BLOCK,HOME_OWNER_ASSOCIATION,16916,0,0,31135,95527,0,0,0,0,0,MEDIUM,MEDIUM,MEDIUM,5,COST_BASED,COST_BASED,false,false
1,baseline,1,2029,0,0,NATURAL_GAS_BLOCK,TOTAL,19789,239,1512,31135,95527,0,0,0,0,0,MEDIUM,MEDIUM,MEDIUM,5,COST_BASED,COST_BASED,false,false
1,baseline,1,2029,0,0,HYBRID_HEAT_PUMP,PRIVATELY_OWNED,14354,0,0,44477,95527,0,0,0,0,0,MEDIUM,MEDIUM,MEDIUM,5,COST_BASED,COST_BASED,false,false
1,baseline,1,2029,0,0,HYBRID_HEAT_PUMP,PRIVATELY_RENTED,13368,0,0,44477,95527,0,0,0,0,0,MEDIUM,MEDIUM,MEDIUM,5,COST_BASED,COST_BASED,false,false
1,baseline,1,2029,0,0,HYBRID_HEAT_PUMP,SOCIAL_HOUSING,11682,0,0,44477,95527,0,0,0,0,0,MEDIUM,MEDIUM,MEDIUM,5,COST_BASED,COST_BASED,false,false
1,baseline,1,2029,0,0,HYBRID_HEAT_PUMP,HOME_OWNER_ASSOCIATION,826,0,0,44477,95527,0,0,0,0,0,MEDIUM,MEDIUM,MEDIUM,5,COST_BASED,COST_BASED,false,false
1,baseline,1,2029,0,0,HYBRID_HEAT_PUMP,TOTAL,40230,9164,733,44477,95527,0,0,0,0,0,MEDIUM,MEDIUM,MEDIUM,5,COST_BASED,COST_BASED,false,false
1,baseline,1,2029,0,0,ELECTRIC_HEAT_PUMP,PRIVATELY_OWNED,29146,0,0,40559,95527,0,0,0,0,0,MEDIUM,MEDIUM,MEDIUM,5,COST_BASED,COST_BASED,false,false
1,baseline,1,2029,0,0,ELECTRIC_HEAT_PUMP,PRIVATELY_RENTED,2594,0,0,40559,95527,0,0,0,0,0,MEDIUM,MEDIUM,MEDIUM,5,COST_BASED,COST_BASED,false,false
1,baseline,1,2029,0,0,ELECTRIC_HEAT_PUMP,SOCIAL_HOUSING,122,0,0,40559,95527,0,0,0,0,0,MEDIUM,MEDIUM,MEDIUM,5,COST_BASED,COST_BASED,false,false
1,baseline,1,2029,0,0,ELECTRIC_HEAT_PUMP,HOME_OWNER_ASSOCIATION,0,0,0,40559,95527,0,0,0,0,0,MEDIUM,MEDIUM,MEDIUM,5,COST_BASED,COST_BASED,false,false
1,baseline,1,2029,0,0,ELECTRIC_HEAT_PUMP,TOTAL,31862,4344,1479,40559,95527,0,0,0,0,0,MEDIUM,MEDIUM,MEDIUM,5,COST_BASED,COST_BASED,false,false
1,baseline,1,2029,0,0,DISTRICT_HEATING,PRIVATELY_OWNED,1864,0,0,8278,95527,0,0,0,0,0,MEDIUM,MEDIUM,MEDIUM,5,COST_BASED,COST_BASED,false,false
1,baseline,1,2029,0,0,DISTRICT_HEATING,PRIVATELY_RENTED,2243,0,0,8278,95527,0,0,0,0,0,MEDIUM,MEDIUM,MEDIUM,5,COST_BASED,COST_BASED,false,false
1,baseline,1,2029,0,0,DISTRICT_HEATING,SOCIAL_HOUSING,1506,0,0,8278,95527,0,0,0,0,0,MEDIUM,MEDIUM,MEDIUM,5,COST_BASED,COST_BASED,false,false
1,baseline,1,2029,0,0,DISTRICT_HEATING,HOME_OWNER_ASSOCIATION,0,0,0,8278,95527,0,0,0,0,0,MEDIUM,MEDIUM,MEDIUM,5,COST_BASED,COST_BASED,false,false
1,baseline,1,2029,0,0,DISTRICT_HEATING,TOTAL,5613,0,241,8278,95527,0,0,0,0,0,MEDIUM,MEDIUM,MEDIUM,5,COST_BASED,COST_BASED,false,false
1,baseline,1,2030,0,0,NATURAL_GAS_BOILER,PRIVATELY_OWNED,291042,0,0,678530,96104,0,0,0,0,0,MEDIUM,MEDIUM,MEDIUM,5,COST_BASED,COST_BASED,false,false
1,baseline,1,2030,0,0,NATURAL_GAS_BOILER,PRIVATELY_RENTED,50294,0,0,678530,96104,0,0,0,0,0,MEDIUM,MEDIUM,MEDIUM,5,COST_BASED,COST_BASED,false,false
1,baseline,1,2030,0,0,NATURAL_GAS_BOILER,SOCIAL_HOUSING,86212,0,0,678530,96104,0,0,0,0,0,MEDIUM,MEDIUM,MEDIUM,5,COST_BASED,COST_BASED,false,false
1,baseline,1,2030,0,0,NATURAL_GAS_BOILER,HOME_OWNER_ASSOCIATION,10870,0,0,678530,96104,0,0,0,0,0,MEDIUM,MEDIUM,MEDIUM,5,COST_BASED,COST_BASED,false,false
1,baseline,1,2030,0,0,NATURAL_GAS_BOILER,TOTAL,438418,30684,40529,678530,96104,0,0,0,0,0,MEDIUM,MEDIUM,MEDIUM,5,COST_BASED,COST_BASED,false,false
1,baseline,1,2030,0,0,NATURAL_GAS_BLOCK,PRIVATELY_OWNED,17,0,0,31353,96104,0,0,0,0,0,MEDIUM,MEDIUM,MEDIUM,5,COST_BASED,COST_BASED,false,false
1,baseline,1,2030,0,0,NATURAL_GAS_BLOCK,PRIVATELY_RENTED,1444,0,0,31353,96104,0,0,0,0,0,MEDIUM,MEDIUM,MEDIUM,5,COST_BASED,COST_BASED,false,false
1,baseline,1,2030,0,0,NATURAL_GAS_BLOCK,SOCIAL_HOUSING,1347,0,0,31353,96104,0,0,0,0,0,MEDIUM,MEDIUM,MEDIUM,5,COST_BASED,COST_BASED,false,false
1,baseline,1,2030,0,0,NATURAL_GAS_BLOCK,HOME_OWNER_ASSOCIATION,13319,0,0,31353,96104,0,0,0,0,0,MEDIUM,MEDIUM,MEDIUM,5,COST_BASED,COST_BASED,false,false
1,baseline,1,2030,0,0,NATURAL_GAS_BLOCK,TOTAL,16127,218,3880,31353,96104,0,0,0,0,0,MEDIUM,MEDIUM,MEDIUM,5,COST_BASED,COST_BASED,false,false
1,baseline,1,2030,0,0,HYBRID_HEAT_PUMP,PRIVATELY_OWNED,15555,0,0,54349,96104,0,0,0,0,0,MEDIUM,MEDIUM,MEDIUM,5,COST_BASED,COST_BASED,false,false
1,baseline,1,2030,0,0,HYBRID_HEAT_PUMP,PRIVATELY_RENTED,16322,0,0,54349,96104,0,0,0,0,0,MEDIUM,MEDIUM,MEDIUM,5,COST_BASED,COST_BASED,false,false
1,baseline,1,2030,0,0,HYBRID_HEAT_PUMP,SOCIAL_HOUSING,16109,0,0,54349,96104,0,0,0,0,0,MEDIUM,MEDIUM,MEDIUM,5,COST_BASED,COST_BASED,false,false
1,baseline,1,2030,0,0,HYBRID_HEAT_PUMP,HOME_OWNER_ASSOCIATION,1368,0,0,54349,96104,0,0,0,0,0,MEDIUM,MEDIUM,MEDIUM,5,COST_BASED,COST_BASED,false,false
1,baseline,1,2030,0,0,HYBRID_HEAT_PUMP,TOTAL,49354,9872,748,54349,96104,0,0,0,0,0,MEDIUM,MEDIUM,MEDIUM,5,COST_BASED,COST_BASED,false,false
1,baseline,1,2030,0,0,ELECTRIC_HEAT_PUMP,PRIVATELY_OWNED,33901,0,0,46509,96104,0,0,0,0,0,MEDIUM,MEDIUM,MEDIUM,5,COST_BASED,COST_BASED,false,false
1,baseline,1,2030,0,0,ELECTRIC_HEAT_PUMP,PRIVATELY_RENTED,2324,0,0,46509,96104,0,0,0,0,0,MEDIUM,MEDIUM,MEDIUM,5,COST_BASED,COST_BASED,false,false
1,baseline,1,2030,0,0,ELECTRIC_HEAT_PUMP,SOCIAL_HOUSING,122,0,0,46509,96104,0,0,0,0,0,MEDIUM,MEDIUM,MEDIUM,5,COST_BASED,COST_BASED,false,false
1,baseline,1,2030,0,0,ELECTRIC_HEAT_PUMP,HOME_OWNER_ASSOCIATION,0,0,0,46509,96104,0,0,0,0,0,MEDIUM,MEDIUM,MEDIUM,5,COST_BASED,COST_BASED,false,false
1,baseline,1,2030,0,0,ELECTRIC_HEAT_PUMP,TOTAL,36347,5950,1465,46509,96104,0,0,0,0,0,MEDIUM,MEDIUM,MEDIUM,5,COST_BASED,COST_BASED,false,false
1,baseline,1,2030,0,0,DISTRICT_HEATING,PRIVATELY_OWNED,1925,0,0,8445,96104,0,0,0,0,0,MEDIUM,MEDIUM,MEDIUM,5,COST_BASED,COST_BASED,false,false
1,baseline,1,2030,0,0,DISTRICT_HEATING,PRIVATELY_RENTED,2080,0,0,8445,96104,0,0,0,0,0,MEDIUM,MEDIUM,MEDIUM,5,COST_BASED,COST_BASED,false,false
1,baseline,1,2030,0,0,DISTRICT_HEATING,SOCIAL_HOUSING,1506,0,0,8445,96104,0,0,0,0,0,MEDIUM,MEDIUM,MEDIUM,5,COST_BASED,COST_BASED,false,false
1,baseline,1,2030,0,0,DISTRICT_HEATING,HOME_OWNER_ASSOCIATION,0,0,0,8445,96104,0,0,0,0,0,MEDIUM,MEDIUM,MEDIUM,5,COST_BASED,COST_BASED,false,false
1,baseline,1,2030,0,0,DISTRICT_HEATING,TOTAL,5511,167,269,8445,96104,0,0,0,0,0,MEDIUM,MEDIUM,MEDIUM,5,COST_BASED,COST_BASED,false,false
1,baseline,1,2031,0,0,NATURAL_GAS_BOILER,PRIVATELY_OWNED,283876,0,0,706137,96233,0,0,0,0,0,MEDIUM,MEDIUM,MEDIUM,5,COST_BASED,COST_BASED,false,false
1,baseline,1,2031,0,0,NATURAL_GAS_BOILER,PRIVATELY_RENTED,47344,0,0,706137,96233,0,0,0,0,0,MEDIUM,MEDIUM,MEDIUM,5,COST_BASED,COST_BASED,false,false
1,baseline,1,2031,0,0,NATURAL_GAS_BOILER,SOCIAL_HOUSING,78462,0,0,706137,96233,0,0,0,0,0,MEDIUM,MEDIUM,MEDIUM,5,COST_BASED,COST_BASED,false,false
1,baseline,1,2031,0,0,NATURAL_GAS_BOILER,HOME_OWNER_ASSOCIATION,12488,0,0,706137,96233,0,0,0,0,0,MEDIUM,MEDIUM,MEDIUM,5,COST_BASED,COST_BASED,false,false
1,baseline,1,2031,0,0,NATURAL_GAS_BOILER,TOTAL,422170,27607,43855,706137,96233,0,0,0,0,0,MEDIUM,MEDIUM,MEDIUM,5,COST_BASED,COST_BASED,false,false
1,baseline,1,2031,0,0,NATURAL_GAS_BLOCK,PRIVATELY_OWNED,21,0,0,31554,96233,0,0,0,0,0,MEDIUM,MEDIUM,MEDIUM,5,COST_BASED,COST_BASED,false,false
1,baseline,1,2031,0,0,NATURAL_GAS_BLOCK,PRIVATELY_RENTED,1641,0,0,31554,96233,0,0,0,0,0,MEDIUM,MEDIUM,MEDIUM,5,COST_BASED,COST_BASED,false,false
1,baseline,1,2031,0,0,NATURAL_GAS_BLOCK,SOCIAL_HOUSING,967,0,0,31554,96233,0,0,0,0,0,MEDIUM,MEDIUM,MEDIUM,5,COST_BASED,COST_BASED,false,false
1,baseline,1,2031,0,0,NATURAL_GAS_BLOCK,HOME_OWNER_ASSOCIATION,11283,0,0,31554,96233,0,0,0,0,0,MEDIUM,MEDIUM,MEDIUM,5,COST_BASED,COST_BASED,false,false
1,baseline,1,2031,0,0,NATURAL_GAS_BLOCK,TOTAL,13912,201,2416,31554,96233,0,0,0,0,0,MEDIUM,MEDIUM,MEDIUM,5,COST_BASED,COST_BASED,false,false
1,baseline,1,2031,0,0,HYBRID_HEAT_PUMP,PRIVATELY_OWNED,17055,0,0,68313,96233,0,0,0,0,0,MEDIUM,MEDIUM,MEDIUM,5,COST_BASED,COST_BASED,false,false
1,baseline,1,2031,0,0,HYBRID_HEAT_PUMP,PRIVATELY_RENTED,19442,0,0,68313,96233,0,0,0,0,0,MEDIUM,MEDIUM,MEDIUM,5,COST_BASED,COST_BASED,false,false
1,baseline,1,2031,0,0,HYBRID_HEAT_PUMP,SOCIAL_HOUSING,24239,0,0,68313,96233,0,0,0,0,0,MEDIUM,MEDIUM,MEDIUM,5,COST_BASED,COST_BASED,false,false
1,baseline,1,2031,0,0,HYBRID_HEAT_PUMP,HOME_OWNER_ASSOCIATION,1786,0,0,68313,96233,0,0,0,0,0,MEDIUM,MEDIUM,MEDIUM,5,COST_BASED,COST_BASED,false,false
1,baseline,1,2031,0,0,HYBRID_HEAT_PUMP,TOTAL,62522,13964,796,68313,96233,0,0,0,0,0,MEDIUM,MEDIUM,MEDIUM,5,COST_BASED,COST_BASED,false,false
1,baseline,1,2031,0,0,ELECTRIC_HEAT_PUMP,PRIVATELY_OWNED,39415,0,0,53296,96233,0,0,0,0,0,MEDIUM,MEDIUM,MEDIUM,5,COST_BASED,COST_BASED,false,false
1,baseline,1,2031,0,0,ELECTRIC_HEAT_PUMP,PRIVATELY_RENTED,2086,0,0,53296,96233,0,0,0,0,0,MEDIUM,MEDIUM,MEDIUM,5,COST_BASED,COST_BASED,false,false
1,baseline,1,2031,0,0,ELECTRIC_HEAT_PUMP,SOCIAL_HOUSING,122,0,0,53296,96233,0,0,0,0,0,MEDIUM,MEDIUM,MEDIUM,5,COST_BASED,COST_BASED,false,false
1,baseline,1,2031,0,0,ELECTRIC_HEAT_PUMP,HOME_OWNER_ASSOCIATION,0,0,0,53296,96233,0,0,0,0,0,MEDIUM,MEDIUM,MEDIUM,5,COST_BASED,COST_BASED,false,false
1,baseline,1,2031,0,0,ELECTRIC_HEAT_PUMP,TOTAL,41623,6787,1511,53296,96233,0,0,0,0,0,MEDIUM,MEDIUM,MEDIUM,5,COST_BASED,COST_BASED,false,false
1,baseline,1,2031,0,0,DISTRICT_HEATING,PRIVATELY_OWNED,2073,0,0,8747,96233,0,0,0,0,0,MEDIUM,MEDIUM,MEDIUM,5,COST_BASED,COST_BASED,false,false
1,baseline,1,2031,0,0,DISTRICT_HEATING,PRIVATELY_RENTED,1951,0,0,8747,96233,0,0,0,0,0,MEDIUM,MEDIUM,MEDIUM,5,COST_BASED,COST_BASED,false,false
1,baseline,1,2031,0,0,DISTRICT_HEATING,SOCIAL_HOUSING,1506,0,0,8747,96233,0,0,0,0,0,MEDIUM,MEDIUM,MEDIUM,5,COST_BASED,COST_BASED,false,false
1,baseline,1,2031,0,0,DISTRICT_HEATING,HOME_OWNER_ASSOCIATION,0,0,0,8747,96233,0,0,0,0,0,MEDIUM,MEDIUM,MEDIUM,5,COST_BASED,COST_BASED,false,false
1,baseline,1,2031,0,0,DISTRICT_HEATING,TOTAL,5530,302,283,8747,96233,0,0,0,0,0,MEDIUM,MEDIUM,MEDIUM,5,COST_BASED,COST_BASED,false,false
1,baseline,1,2032,0,0,NATURAL_GAS_BOILER,PRIVATELY_OWNED,274998,0,0,733602,92062,0,0,0,0,0,MEDIUM,MEDIUM,MEDIUM,5,COST_BASED,COST_BASED,false,false
1,baseline,1,2032,0,0,NATURAL_GAS_BOILER,PRIVATELY_RENTED,44308,0,0,733602,92062,0,0,0,0,0,MEDIUM,MEDIUM,MEDIUM,5,COST_BASED,COST_BASED,false,false
1,baseline,1,2032,0,0,NATURAL_GAS_BOILER,SOCIAL_HOUSING,75395,0,0,733602,92062,0,0,0,0,0,MEDIUM,MEDIUM,MEDIUM,5,COST_BASED,COST_BASED,false,false
1,baseline,1,2032,0,0,NATURAL_GAS_BOILER,HOME_OWNER_ASSOCIATION,13858,0,0,733602,92062,0,0,0,0,0,MEDIUM,MEDIUM,MEDIUM,5,COST_BASED,COST_BASED,false,false
1,baseline,1,2032,0,0,NATURAL_GAS_BOILER,TOTAL,408559,27465,41076,733602,92062,0,0,0,0,0,MEDIUM,MEDIUM,MEDIUM,5,COST_BASED,COST_BASED,false,false
1,baseline,1,2032,0,0,NATURAL_GAS_BLOCK,PRIVATELY_OWNED,25,0,0,31769,92062,0,0,0,0,0,MEDIUM,MEDIUM,MEDIUM,5,COST_BASED,COST_BASED,false,false
1,baseline,1,2032,0,0,NATURAL_GAS_BLOCK,PRIVATELY_RENTED,1847,0,0,31769,92062,0,0,0,0,0,MEDIUM,MEDIUM,MEDIUM,5,COST_BASED,COST_BASED,false,false
1,baseline,1,2032,0,0,NATURAL_GAS_BLOCK,SOCIAL_HOUSING,669,0,0,31769,92062,0,0,0,0,0,MEDIUM,MEDIUM,MEDIUM,5,COST_BASED,COST_BASED,false,false
1,baseline,1,2032,0,0,NATURAL_GAS_BLOCK,HOME_OWNER_ASSOCIATION,9410,0,0,31769,92062,0,0,0,0,0,MEDIUM,MEDIUM,MEDIUM,5,COST_BASED,COST_BASED,false,false
1,baseline,1,2032,0,0,NATURAL_GAS_BLOCK,TOTAL,11951,215,2176,31769,92062,0,0,0,0,0,MEDIUM,MEDIUM,MEDIUM,5,COST_BASED,COST_BASED,false,false
1,baseline,1,2032,0,0,HYBRID_HEAT_PUMP,PRIVATELY_OWNED,18835,0,0,77941,92062,0,0,0,0,0,MEDIUM,MEDIUM,MEDIUM,5,COST_BASED,COST_BASED,false,false
1,baseline,1,2032,0,0,HYBRID_HEAT_PUMP,PRIVATELY_RENTED,22679,0,0,77941,92062,0,0,0,0,0,MEDIUM,MEDIUM,MEDIUM,5,COST_BASED,COST_BASED,false,false
1,baseline,1,2032,0,0,HYBRID_HEAT_PUMP,SOCIAL_HOUSING,27604,0,0,77941,92062,0,0,0,0,0,MEDIUM,MEDIUM,MEDIUM,5,COST_BASED,COST_BASED,false,false
1,baseline,1,2032,0,0,HYBRID_HEAT_PUMP,HOME_OWNER_ASSOCIATION,2289,0,0,77941,92062,0,0,0,0,0,MEDIUM,MEDIUM,MEDIUM,5,COST_BASED,COST_BASED,false,false
1,baseline,1,2032,0,0,HYBRID_HEAT_PUMP,TOTAL,71407,9628,743,77941,92062,0,0,0,0,0,MEDIUM,MEDIUM,MEDIUM,5,COST_BASED,COST_BASED,false,false
1,baseline,1,2032,0,0,ELECTRIC_HEAT_PUMP,PRIVATELY_OWNED,46295,0,0,61377,92062,0,0,0,0,0,MEDIUM,MEDIUM,MEDIUM,5,COST_BASED,COST_BASED,false,false
1,baseline,1,2032,0,0,ELECTRIC_HEAT_PUMP,PRIVATELY_RENTED,1794,0,0,61377,92062,0,0,0,0,0,MEDIUM,MEDIUM,MEDIUM,5,COST_BASED,COST_BASED,false,false
1,baseline,1,2032,0,0,ELECTRIC_HEAT_PUMP,SOCIAL_HOUSING,122,0,0,61377,92062,0,0,0,0,0,MEDIUM,MEDIUM,MEDIUM,5,COST_BASED,COST_BASED,false,false
1,baseline,1,2032,0,0,ELECTRIC_HEAT_PUMP,HOME_OWNER_ASSOCIATION,0,0,0,61377,92062,0,0,0,0,0,MEDIUM,MEDIUM,MEDIUM,5,COST_BASED,COST_BASED,false,false
1,baseline,1,2032,0,0,ELECTRIC_HEAT_PUMP,TOTAL,48211,8081,1493,61377,92062,0,0,0,0,0,MEDIUM,MEDIUM,MEDIUM,5,COST_BASED,COST_BASED,false,false
1,baseline,1,2032,0,0,DISTRICT_HEATING,PRIVATELY_OWNED,2287,0,0,9090,92062,0,0,0,0,0,MEDIUM,MEDIUM,MEDIUM,5,COST_BASED,COST_BASED,false,false
1,baseline,1,2032,0,0,DISTRICT_HEATING,PRIVATELY_RENTED,1836,0,0,9090,92062,0,0,0,0,0,MEDIUM,MEDIUM,MEDIUM,5,COST_BASED,COST_BASED,false,false
1,baseline,1,2032,0,0,DISTRICT_HEATING,SOCIAL_HOUSING,1506,0,0,9090,92062,0,0,0,0,0,MEDIUM,MEDIUM,MEDIUM,5,COST_BASED,COST_BASED,false,false
1,baseline,1,2032,0,0,DISTRICT_HEATING,HOME_OWNER_ASSOCIATION,0,0,0,9090,92062,0,0,0,0,0,MEDIUM,MEDIUM,MEDIUM,5,COST_BASED,COST_BASED,false,false
1,baseline,1,2032,0,0,DISTRICT_HEATING,TOTAL,5629,343,244,9090,92062,0,0,0,0,0,MEDIUM,MEDIUM,MEDIUM,5,COST_BASED,COST_BASED,false,false
1,baseline,1,2033,0,0,NATURAL_GAS_BOILER,PRIVATELY_OWNED,265704,0,0,762009,94931,0,0,0,0,0,MEDIUM,MEDIUM,MEDIUM,5,COST_BASED,COST_BASED,false,false
1,baseline,1,2033,0,0,NATURAL_GAS_BOILER,PRIVATELY_RENTED,40977,0,0,762009,94931,0,0,0,0,0,MEDIUM,MEDIUM,MEDIUM,5,COST_BASED,COST_BASED,false,false
1,baseline,1,2033,0,0,NATURAL_GAS_BOILER,SOCIAL_HOUSING,69246,0,0,762009,94931,0,0,0,0,0,MEDIUM,MEDIUM,MEDIUM,5,COST_BASED,COST_BASED,false,false
1,baseline,1,2033,0,0,NATURAL_GAS_BOILER,HOME_OWNER_ASSOCIATION,15298,0,0,762009,94931,0,0,0,0,0,MEDIUM,MEDIUM,MEDIUM,5,COST_BASED,COST_BASED,false,false
1,baseline,1,2033,0,0,NATURAL_GAS_BOILER,TOTAL,391225,28407,45741,762009,94931,0,0,0,0,0,MEDIUM,MEDIUM,MEDIUM,5,COST_BASED,COST_BASED,false,false
1,baseline,1,2033,0,0,NATURAL_GAS_BLOCK,PRIVATELY_OWNED,28,0,0,32039,94931,0,0,0,0,0,MEDIUM,MEDIUM,MEDIUM,5,COST_BASED,COST_BASED,false,false
1,baseline,1,2033,0,0,NATURAL_GAS_BLOCK,PRIVATELY_RENTED,2114,0,0,32039,94931,0,0,0,0,0,MEDIUM,MEDIUM,MEDIUM,5,COST_BASED,COST_BASED,false,false
1,baseline,1,2033,0,0,NATURAL_GAS_BLOCK,SOCIAL_HOUSING,620,0,0,32039,94931,0,0,0,0,0,MEDIUM,MEDIUM,MEDIUM,5,COST_BASED,COST_BASED,false,false
1,baseline,1,2033,0,0,NATURAL_GAS_BLOCK,HOME_OWNER_ASSOCIATION,7634,0,0,32039,94931,0,0,0,0,0,MEDIUM,MEDIUM,MEDIUM,5,COST_BASED,COST_BASED,false,false
1,baseline,1,2033,0,0,NATURAL_GAS_BLOCK,TOTAL,10396,270,1825,32039,94931,0,0,0,0,0,MEDIUM,MEDIUM,MEDIUM,5,COST_BASED,COST_BASED,false,false
1,baseline,1,2033,0,0,HYBRID_HEAT_PUMP,PRIVATELY_OWNED,20612,0,0,90479,94931,0,0,0,0,0,MEDIUM,MEDIUM,MEDIUM,5,COST_BASED,COST_BASED,false,false
1,baseline,1,2033,0,0,HYBRID_HEAT_PUMP,PRIVATELY_RENTED,26063,0,0,90479,94931,0,0,0,0,0,MEDIUM,MEDIUM,MEDIUM,5,COST_BASED,COST_BASED,false,false
1,baseline,1,2033,0,0,HYBRID_HEAT_PUMP,SOCIAL_HOUSING,33856,0,0,90479,94931,0,0,0,0,0,MEDIUM,MEDIUM,MEDIUM,5,COST_BASED,COST_BASED,false,false
1,baseline,1,2033,0,0,HYBRID_HEAT_PUMP,HOME_OWNER_ASSOCIATION,2625,0,0,90479,94931,0,0,0,0,0,MEDIUM,MEDIUM,MEDIUM,5,COST_BASED,COST_BASED,false,false
1,baseline,1,2033,0,0,HYBRID_HEAT_PUMP,TOTAL,83156,12538,789,90479,94931,0,0,0,0,0,MEDIUM,MEDIUM,MEDIUM,5,COST_BASED,COST_BASED,false,false
1,baseline,1,2033,0,0,ELECTRIC_HEAT_PUMP,PRIVATELY_OWNED,53401,0,0,69783,94931,0,0,0,0,0,MEDIUM,MEDIUM,MEDIUM,5,COST_BASED,COST_BASED,false,false
1,baseline,1,2033,0,0,ELECTRIC_HEAT_PUMP,PRIVATELY_RENTED,1556,0,0,69783,94931,0,0,0,0,0,MEDIUM,MEDIUM,MEDIUM,5,COST_BASED,COST_BASED,false,false
1,baseline,1,2033,0,0,ELECTRIC_HEAT_PUMP,SOCIAL_HOUSING,68,0,0,69783,94931,0,0,0,0,0,MEDIUM,MEDIUM,MEDIUM,5,COST_BASED,COST_BASED,false,false
1,baseline,1,2033,0,0,ELECTRIC_HEAT_PUMP,HOME_OWNER_ASSOCIATION,0,0,0,69783,94931,0,0,0,0,0,MEDIUM,MEDIUM,MEDIUM,5,COST_BASED,COST_BASED,false,false
1,baseline,1,2033,0,0,ELECTRIC_HEAT_PUMP,TOTAL,55025,8406,1592,69783,94931,0,0,0,0,0,MEDIUM,MEDIUM,MEDIUM,5,COST_BASED,COST_BASED,false,false
1,baseline,1,2033,0,0,DISTRICT_HEATING,PRIVATELY_OWNED,2695,0,0,9557,94931,0,0,0,0,0,MEDIUM,MEDIUM,MEDIUM,5,COST_BASED,COST_BASED,false,false
1,baseline,1,2033,0,0,DISTRICT_HEATING,PRIVATELY_RENTED,1754,0,0,9557,94931,0,0,0,0,0,MEDIUM,MEDIUM,MEDIUM,5,COST_BASED,COST_BASED,false,false
1,baseline,1,2033,0,0,DISTRICT_HEATING,SOCIAL_HOUSING,1506,0,0,9557,94931,0,0,0,0,0,MEDIUM,MEDIUM,MEDIUM,5,COST_BASED,COST_BASED,false,false
1,baseline,1,2033,0,0,DISTRICT_HEATING,HOME_OWNER_ASSOCIATION,0,0,0,9557,94931,0,0,0,0,0,MEDIUM,MEDIUM,MEDIUM,5,COST_BASED,COST_BASED,false,false
1,baseline,1,2033,0,0,DISTRICT_HEATING,TOTAL,5955,467,141,9557,94931,0,0,0,0,0,MEDIUM,MEDIUM,MEDIUM,5,COST_BASED,COST_BASED,false,false
1,baseline,1,2034,0,0,NATURAL_GAS_BOILER,PRIVATELY_OWNED,256244,0,0,787111,87734,0,0,0,0,0,MEDIUM,MEDIUM,MEDIUM,5,COST_BASED,COST_BASED,false,false
1,baseline,1,2034,0,0,NATURAL_GAS_BOILER,PRIVATELY_RENTED,37647,0,0,787111,87734,0,0,0,0,0,MEDIUM,MEDIUM,MEDIUM,5,COST_BASED,COST_BASED,false,false
1,baseline,1,2034,0,0,NATURAL_GAS_BOILER,SOCIAL_HOUSING,64247,0,0,787111,87734,0,0,0,0,0,MEDIUM,MEDIUM,MEDIUM,5,COST_BASED,COST_BASED,false,false
1,baseline,1,2034,0,0,NATURAL_GAS_BOILER,HOME_OWNER_ASSOCIATION,16924,0,0,787111,87734,0,0,0,0,0,MEDIUM,MEDIUM,MEDIUM,5,COST_BASED,COST_BASED,false,false
1,baseline,1,2034,0,0,NATURAL_GAS_BOILER,TOTAL,375062,25102,41265,787111,87734,0,0,0,0,0,MEDIUM,MEDIUM,MEDIUM,5,COST_BASED,COST_BASED,false,false
1,baseline,1,2034,0,0,NATURAL_GAS_BLOCK,PRIVATELY_OWNED,32,0,0,32261,87734,0,0,0,0,0,MEDIUM,MEDIUM,MEDIUM,5,COST_BASED,COST_BASED,false,false
1,baseline,1,2034,0,0,NATURAL_GAS_BLOCK,PRIVATELY_RENTED,2332,0,0,32261,87734,0,0,0,0,0,MEDIUM,MEDIUM,MEDIUM,5,COST_BASED,COST_BASED,false,false
1,baseline,1,2034,0,0,NATURAL_GAS_BLOCK,SOCIAL_HOUSING,560,0,0,32261,87734,0,0,0,0,0,MEDIUM,MEDIUM,MEDIUM,5,COST_BASED,COST_BASED,false,false
1,baseline,1,2034,0,0,NATURAL_GAS_BLOCK,HOME_OWNER_ASSOCIATION,4940,0,0,32261,87734,0,0,0,0,0,MEDIUM,MEDIUM,MEDIUM,5,COST_BASED,COST_BASED,false,false
1,baseline,1,2034,0,0,NATURAL_GAS_BLOCK,TOTAL,7864,222,2754,32261,87734,0,0,0,0,0,MEDIUM,MEDIUM,MEDIUM,5,COST_BASED,COST_BASED,false,false
1,baseline,1,2034,0,0,HYBRID_HEAT_PUMP,PRIVATELY_OWNED,22582,0,0,102851,87734,0,0,0,0,0,MEDIUM,MEDIUM,MEDIUM,5,COST_BASED,COST_BASED,false,false
1,baseline,1,2034,0,0,HYBRID_HEAT_PUMP,PRIVATELY_RENTED,29486,0,0,102851,87734,0,0,0,0,0,MEDIUM,MEDIUM,MEDIUM,5,COST_BASED,COST_BASED,false,false
1,baseline,1,2034,0,0,HYBRID_HEAT_PUMP,SOCIAL_HOUSING,38915,0,0,102851,87734,0,0,0,0,0,MEDIUM,MEDIUM,MEDIUM,5,COST_BASED,COST_BASED,false,false
1,baseline,1,2034,0,0,HYBRID_HEAT_PUMP,HOME_OWNER_ASSOCIATION,3693,0,0,102851,87734,0,0,0,0,0,MEDIUM,MEDIUM,MEDIUM,5,COST_BASED,COST_BASED,false,false
1,baseline,1,2034,0,0,HYBRID_HEAT_PUMP,TOTAL,94676,12372,852,102851,87734,0,0,0,0,0,MEDIUM,MEDIUM,MEDIUM,5,COST_BASED,COST_BASED,false,false
1,baseline,1,2034,0,0,ELECTRIC_HEAT_PUMP,PRIVATELY_OWNED,60400,0,0,78053,87734,0,0,0,0,0,MEDIUM,MEDIUM,MEDIUM,5,COST_BASED,COST_BASED,false,false
1,baseline,1,2034,0,0,ELECTRIC_HEAT_PUMP,PRIVATELY_RENTED,1320,0,0,78053,87734,0,0,0,0,0,MEDIUM,MEDIUM,MEDIUM,5,COST_BASED,COST_BASED,false,false
1,baseline,1,2034,0,0,ELECTRIC_HEAT_PUMP,SOCIAL_HOUSING,68,0,0,78053,87734,0,0,0,0,0,MEDIUM,MEDIUM,MEDIUM,5,COST_BASED,COST_BASED,false,false
1,baseline,1,2034,0,0,ELECTRIC_HEAT_PUMP,HOME_OWNER_ASSOCIATION,0,0,0,78053,87734,0,0,0,0,0,MEDIUM,MEDIUM,MEDIUM,5,COST_BASED,COST_BASED,false,false
1,baseline,1,2034,0,0,ELECTRIC_HEAT_PUMP,TOTAL,61788,8270,1507,78053,87734,0,0,0,0,0,MEDIUM,MEDIUM,MEDIUM,5,COST_BASED,COST_BASED,false,false
1,baseline,1,2034,0,0,DISTRICT_HEATING,PRIVATELY_OWNED,3182,0,0,10123,87734,0,0,0,0,0,MEDIUM,MEDIUM,MEDIUM,5,COST_BASED,COST_BASED,false,false
1,baseline,1,2034,0,0,DISTRICT_HEATING,PRIVATELY_RENTED,1679,0,0,10123,87734,0,0,0,0,0,MEDIUM,MEDIUM,MEDIUM,5,COST_BASED,COST_BASED,false,false
1,baseline,1,2034,0,0,DISTRICT_HEATING,SOCIAL_HOUSING,1506,0,0,10123,87734,0,0,0,0,0,MEDIUM,MEDIUM,MEDIUM,5,COST_BASED,COST_BASED,false,false
1,baseline,1,2034,0,0,DISTRICT_HEATING,HOME_OWNER_ASSOCIATION,0,0,0,10123,87734,0,0,0,0,0,MEDIUM,MEDIUM,MEDIUM,5,COST_BASED,COST_BASED,false,false
1,baseline,1,2034,0,0,DISTRICT_HEATING,TOTAL,6367,566,154,10123,87734,0,0,0,0,0,MEDIUM,MEDIUM,MEDIUM,5,COST_BASED,COST_BASED,false,false
1,baseline,1,2035,0,0,NATURAL_GAS_BOILER,PRIVATELY_OWNED,246558,0,0,809342,85376,0,0,0,0,0,MEDIUM,MEDIUM,MEDIUM,5,COST_BASED,COST_BASED,false,false
1,baseline,1,2035,0,0,NATURAL_GAS_BOILER,PRIVATELY_RENTED,34332,0,0,809342,85376,0,0,0,0,0,MEDIUM,MEDIUM,MEDIUM,5,COST_BASED,COST_BASED,false,false
1,baseline,1,2035,0,0,NATURAL_GAS_BOILER,SOCIAL_HOUSING,59537,0,0,809342,85376,0,0,0,0,0,MEDIUM,MEDIUM,MEDIUM,5,COST_BASED,COST_BASED,false,false
1,baseline,1,2035,0,0,NATURAL_GAS_BOILER,HOME_OWNER_ASSOCIATION,18492,0,0,809342,85376,0,0,0,0,0,MEDIUM,MEDIUM,MEDIUM,5,COST_BASED,COST_BASED,false,false
1,baseline,1,2035,0,0,NATURAL_GAS_BOILER,TOTAL,358919,22231,38374,809342,85376,0,0,0,0,0,MEDIUM,MEDIUM,MEDIUM,5,COST_BASED,COST_BASED,false,false
1,baseline,1,2035,0,0,NATURAL_GAS_BLOCK,PRIVATELY_OWNED,31,0,0,32437,85376,0,0,0,0,0,MEDIUM,MEDIUM,MEDIUM,5,COST_BASED,COST_BASED,false,false
1,baseline,1,2035,0,0,NATURAL_GAS_BLOCK,PRIVATELY_RENTED,2505,0,0,32437,85376,0,0,0,0,0,MEDIUM,MEDIUM,MEDIUM,5,COST_BASED,COST_BASED,false,false
1,baseline,1,2035,0,0,NATURAL_GAS_BLOCK,SOCIAL_HOUSING,491,0,0,32437,85376,0,0,0,0,0,MEDIUM,MEDIUM,MEDIUM,5,COST_BASED,COST_BASED,false,false
1,baseline,1,2035,0,0,NATURAL_GAS_BLOCK,HOME_OWNER_ASSOCIATION,1290,0,0,32437,85376,0,0,0,0,0,MEDIUM,MEDIUM,MEDIUM,5,COST_BASED,COST_BASED,false,false
1,baseline,1,2035,0,0,NATURAL_GAS_BLOCK,TOTAL,4317,176,3723,32437,85376,0,0,0,0,0,MEDIUM,MEDIUM,MEDIUM,5,COST_BASED,COST_BASED,false,false
1,baseline,1,2035,0,0,HYBRID_HEAT_PUMP,PRIVATELY_OWNED,24675,0,0,116447,85376,0,0,0,0,0,MEDIUM,MEDIUM,MEDIUM,5,COST_BASED,COST_BASED,false,false
1,baseline,1,2035,0,0,HYBRID_HEAT_PUMP,PRIVATELY_RENTED,32972,0,0,116447,85376,0,0,0,0,0,MEDIUM,MEDIUM,MEDIUM,5,COST_BASED,COST_BASED,false,false
1,baseline,1,2035,0,0,HYBRID_HEAT_PUMP,SOCIAL_HOUSING,44019,0,0,116447,85376,0,0,0,0,0,MEDIUM,MEDIUM,MEDIUM,5,COST_BASED,COST_BASED,false,false
1,baseline,1,2035,0,0,HYBRID_HEAT_PUMP,HOME_OWNER_ASSOCIATION,5775,0,0,116447,85376,0,0,0,0,0,MEDIUM,MEDIUM,MEDIUM,5,COST_BASED,COST_BASED,false,false
1,baseline,1,2035,0,0,HYBRID_HEAT_PUMP,TOTAL,107441,13596,831,116447,85376,0,0,0,0,0,MEDIUM,MEDIUM,MEDIUM,5,COST_BASED,COST_BASED,false,false
1,baseline,1,2035,0,0,ELECTRIC_HEAT_PUMP,PRIVATELY_OWNED,67554,0,0,86465,85376,0,0,0,0,0,MEDIUM,MEDIUM,MEDIUM,5,COST_BASED,COST_BASED,false,false
1,baseline,1,2035,0,0,ELECTRIC_HEAT_PUMP,PRIVATELY_RENTED,1050,0,0,86465,85376,0,0,0,0,0,MEDIUM,MEDIUM,MEDIUM,5,COST_BASED,COST_BASED,false,false
1,baseline,1,2035,0,0,ELECTRIC_HEAT_PUMP,SOCIAL_HOUSING,20,0,0,86465,85376,0,0,0,0,0,MEDIUM,MEDIUM,MEDIUM,5,COST_BASED,COST_BASED,false,false
1,baseline,1,2035,0,0,ELECTRIC_HEAT_PUMP,HOME_OWNER_ASSOCIATION,0,0,0,86465,85376,0,0,0,0,0,MEDIUM,MEDIUM,MEDIUM,5,COST_BASED,COST_BASED,false,false
1,baseline,1,2035,0,0,ELECTRIC_HEAT_PUMP,TOTAL,68624,8412,1576,86465,85376,0,0,0,0,0,MEDIUM,MEDIUM,MEDIUM,5,COST_BASED,COST_BASED,false,false
1,baseline,1,2035,0,0,DISTRICT_HEATING,PRIVATELY_OWNED,3622,0,0,10648,85376,0,0,0,0,0,MEDIUM,MEDIUM,MEDIUM,5,COST_BASED,COST_BASED,false,false
1,baseline,1,2035,0,0,DISTRICT_HEATING,PRIVATELY_RENTED,1605,0,0,10648,85376,0,0,0,0,0,MEDIUM,MEDIUM,MEDIUM,5,COST_BASED,COST_BASED,false,false
1,baseline,1,2035,0,0,DISTRICT_HEATING,SOCIAL_HOUSING,1229,0,0,10648,85376,0,0,0,0,0,MEDIUM,MEDIUM,MEDIUM,5,COST_BASED,COST_BASED,false,false
1,baseline,1,2035,0,0,DISTRICT_HEATING,HOME_OWNER_ASSOCIATION,0,0,0,10648,85376,0,0,0,0,0,MEDIUM,MEDIUM,MEDIUM,5,COST_BASED,COST_BASED,false,false
1,baseline,1,2035,0,0,DISTRICT_HEATING,TOTAL,6456,525,436,10648,85376,0,0,0,0,0,MEDIUM,MEDIUM,MEDIUM,5,COST_BASED,COST_BASED,false,false
1,baseline,1,2036,0,0,NATURAL_GAS_BOILER,PRIVATELY_OWNED,237534,0,0,830552,81840,0,0,0,0,0,MEDIUM,MEDIUM,MEDIUM,5,COST_BASED,COST_BASED,false,false
1,baseline,1,2036,0,0,NATURAL_GAS_BOILER,PRIVATELY_RENTED,30940,0,0,830552,81840,0,0,0,0,0,MEDIUM,MEDIUM,MEDIUM,5,COST_BASED,COST_BASED,false,false
1,baseline,1,2036,0,0,NATURAL_GAS_BOILER,SOCIAL_HOUSING,54479,0,0,830552,81840,0,0,0,0,0,MEDIUM,MEDIUM,MEDIUM,5,COST_BASED,COST_BASED,false,false
1,baseline,1,2036,0,0,NATURAL_GAS_BOILER,HOME_OWNER_ASSOCIATION,19253,0,0,830552,81840,0,0,0,0,0,MEDIUM,MEDIUM,MEDIUM,5,COST_BASED,COST_BASED,false,false
1,baseline,1,2036,0,0,NATURAL_GAS_BOILER,TOTAL,342206,21210,37923,830552,81840,0,0,0,0,0,MEDIUM,MEDIUM,MEDIUM,5,COST_BASED,COST_BASED,false,false
1,baseline,1,2036,0,0,NATURAL_GAS_BLOCK,PRIVATELY_OWNED,30,0,0,32637,81840,0,0,0,0,0,MEDIUM,MEDIUM,MEDIUM,5,COST_BASED,COST_BASED,false,false
1,baseline,1,2036,0,0,NATURAL_GAS_BLOCK,PRIVATELY_RENTED,2702,0,0,32637,81840,0,0,0,0,0,MEDIUM,MEDIUM,MEDIUM,5,COST_BASED,COST_BASED,false,false
1,baseline,1,2036,0,0,NATURAL_GAS_BLOCK,SOCIAL_HOUSING,0,0,0,32637,81840,0,0,0,0,0,MEDIUM,MEDIUM,MEDIUM,5,COST_BASED,COST_BASED,false,false
1,baseline,1,2036,0,0,NATURAL_GAS_BLOCK,HOME_OWNER_ASSOCIATION,11,0,0,32637,81840,0,0,0,0,0,MEDIUM,MEDIUM,MEDIUM,5,COST_BASED,COST_BASED,false,false
1,baseline,1,2036,0,0,NATURAL_GAS_BLOCK,TOTAL,2743,200,1774,32637,81840,0,0,0,0,0,MEDIUM,MEDIUM,MEDIUM,5,COST_BASED,COST_BASED,false,false
1,baseline,1,2036,0,0,HYBRID_HEAT_PUMP,PRIVATELY_OWNED,26726,0,0,128945,81840,0,0,0,0,0,MEDIUM,MEDIUM,MEDIUM,5,COST_BASED,COST_BASED,false,false
1,baseline,1,2036,0,0,HYBRID_HEAT_PUMP,PRIVATELY_RENTED,36551,0,0,128945,81840,0,0,0,0,0,MEDIUM,MEDIUM,MEDIUM,5,COST_BASED,COST_BASED,false,false
1,baseline,1,2036,0,0,HYBRID_HEAT_PUMP,SOCIAL_HOUSING,49568,0,0,128945,81840,0,0,0,0,0,MEDIUM,MEDIUM,MEDIUM,5,COST_BASED,COST_BASED,false,false
1,baseline,1,2036,0,0,HYBRID_HEAT_PUMP,HOME_OWNER_ASSOCIATION,6293,0,0,128945,81840,0,0,0,0,0,MEDIUM,MEDIUM,MEDIUM,5,COST_BASED,COST_BASED,false,false
1,baseline,1,2036,0,0,HYBRID_HEAT_PUMP,TOTAL,119138,12498,801,128945,81840,0,0,0,0,0,MEDIUM,MEDIUM,MEDIUM,5,COST_BASED,COST_BASED,false,false
1,baseline,1,2036,0,0,ELECTRIC_HEAT_PUMP,PRIVATELY_OWNED,73973,0,0,94167,81840,0,0,0,0,0,MEDIUM,MEDIUM,MEDIUM,5,COST_BASED,COST_BASED,false,false
1,baseline,1,2036,0,0,ELECTRIC_HEAT_PUMP,PRIVATELY_RENTED,778,0,0,94167,81840,0,0,0,0,0,MEDIUM,MEDIUM,MEDIUM,5,COST_BASED,COST_BASED,false,false
1,baseline,1,2036,0,0,ELECTRIC_HEAT_PUMP,SOCIAL_HOUSING,20,0,0,94167,81840,0,0,0,0,0,MEDIUM,MEDIUM,MEDIUM,5,COST_BASED,COST_BASED,false,false
1,baseline,1,2036,0,0,ELECTRIC_HEAT_PUMP,HOME_OWNER_ASSOCIATION,0,0,0,94167,81840,0,0,0,0,0,MEDIUM,MEDIUM,MEDIUM,5,COST_BASED,COST_BASED,false,false
1,baseline,1,2036,0,0,ELECTRIC_HEAT_PUMP,TOTAL,74771,7702,1555,94167,81840,0,0,0,0,0,MEDIUM,MEDIUM,MEDIUM,5,COST_BASED,COST_BASED,false,false
1,baseline,1,2036,0,0,DISTRICT_HEATING,PRIVATELY_OWNED,4177,0,0,11318,81840,0,0,0,0,0,MEDIUM,MEDIUM,MEDIUM,5,COST_BASED,COST_BASED,false,false
1,baseline,1,2036,0,0,DISTRICT_HEATING,PRIVATELY_RENTED,1493,0,0,11318,81840,0,0,0,0,0,MEDIUM,MEDIUM,MEDIUM,5,COST_BASED,COST_BASED,false,false
1,baseline,1,2036,0,0,DISTRICT_HEATING,SOCIAL_HOUSING,1229,0,0,11318,81840,0,0,0,0,0,MEDIUM,MEDIUM,MEDIUM,5,COST_BASED,COST_BASED,false,false
1,baseline,1,2036,0,0,DISTRICT_HEATING,HOME_OWNER_ASSOCIATION,0,0,0,11318,81840,0,0,0,0,0,MEDIUM,MEDIUM,MEDIUM,5,COST_BASED,COST_BASED,false,false
1,baseline,1,2036,0,0,DISTRICT_HEATING,TOTAL,6899,670,227,11318,81840,0,0,0,0,0,MEDIUM,MEDIUM,MEDIUM,5,COST_BASED,COST_BASED,false,false
1,baseline,1,2037,0,0,NATURAL_GAS_BOILER,PRIVATELY_OWNED,227307,0,0,850911,76824,0,0,0,0,0,MEDIUM,MEDIUM,MEDIUM,5,COST_BASED,COST_BASED,false,false
1,baseline,1,2037,0,0,NATURAL_GAS_BOILER,PRIVATELY_RENTED,29114,0,0,850911,76824,0,0,0,0,0,MEDIUM,MEDIUM,MEDIUM,5,COST_BASED,COST_BASED,false,false
1,baseline,1,2037,0,0,NATURAL_GAS_BOILER,SOCIAL_HOUSING,52353,0,0,850911,76824,0,0,0,0,0,MEDIUM,MEDIUM,MEDIUM,5,COST_BASED,COST_BASED,false,false
1,baseline,1,2037,0,0,NATURAL_GAS_BOILER,HOME_OWNER_ASSOCIATION,18903,0,0,850911,76824,0,0,0,0,0,MEDIUM,MEDIUM,MEDIUM,5,COST_BASED,COST_BASED,false,false
1,baseline,1,2037,0,0,NATURAL_GAS_BOILER,TOTAL,327677,20359,34888,850911,76824,0,0,0,0,0,MEDIUM,MEDIUM,MEDIUM,5,COST_BASED,COST_BASED,false,false
1,baseline,1,2037,0,0,NATURAL_GAS_BLOCK,PRIVATELY_OWNED,33,0,0,32843,76824,0,0,0,0,0,MEDIUM,MEDIUM,MEDIUM,5,COST_BASED,COST_BASED,false,false
1,baseline,1,2037,0,0,NATURAL_GAS_BLOCK,PRIVATELY_RENTED,2648,0,0,32843,76824,0,0,0,0,0,MEDIUM,MEDIUM,MEDIUM,5,COST_BASED,COST_BASED,false,false
1,baseline,1,2037,0,0,NATURAL_GAS_BLOCK,SOCIAL_HOUSING,0,0,0,32843,76824,0,0,0,0,0,MEDIUM,MEDIUM,MEDIUM,5,COST_BASED,COST_BASED,false,false
1,baseline,1,2037,0,0,NATURAL_GAS_BLOCK,HOME_OWNER_ASSOCIATION,17,0,0,32843,76824,0,0,0,0,0,MEDIUM,MEDIUM,MEDIUM,5,COST_BASED,COST_BASED,false,false
1,baseline,1,2037,0,0,NATURAL_GAS_BLOCK,TOTAL,2698,206,251,32843,76824,0,0,0,0,0,MEDIUM,MEDIUM,MEDIUM,5,COST_BASED,COST_BASED,false,false
1,baseline,1,2037,0,0,HYBRID_HEAT_PUMP,PRIVATELY_OWNED,29286,0,0,137179,76824,0,0,0,0,0,MEDIUM,MEDIUM,MEDIUM,5,COST_BASED,COST_BASED,false,false
1,baseline,1,2037,0,0,HYBRID_HEAT_PUMP,PRIVATELY_RENTED,38818,0,0,137179,76824,0,0,0,0,0,MEDIUM,MEDIUM,MEDIUM,5,COST_BASED,COST_BASED,false,false
1,baseline,1,2037,0,0,HYBRID_HEAT_PUMP,SOCIAL_HOUSING,51700,0,0,137179,76824,0,0,0,0,0,MEDIUM,MEDIUM,MEDIUM,5,COST_BASED,COST_BASED,false,false
1,baseline,1,2037,0,0,HYBRID_HEAT_PUMP,HOME_OWNER_ASSOCIATION,6637,0,0,137179,76824,0,0,0,0,0,MEDIUM,MEDIUM,MEDIUM,5,COST_BASED,COST_BASED,false,false
1,baseline,1,2037,0,0,HYBRID_HEAT_PUMP,TOTAL,126441,8234,931,137179,76824,0,0,0,0,0,MEDIUM,MEDIUM,MEDIUM,5,COST_BASED,COST_BASED,false,false
1,baseline,1,2037,0,0,ELECTRIC_HEAT_PUMP,PRIVATELY_OWNED,80988,0,0,102364,76824,0,0,0,0,0,MEDIUM,MEDIUM,MEDIUM,5,COST_BASED,COST_BASED,false,false
1,baseline,1,2037,0,0,ELECTRIC_HEAT_PUMP,PRIVATELY_RENTED,518,0,0,102364,76824,0,0,0,0,0,MEDIUM,MEDIUM,MEDIUM,5,COST_BASED,COST_BASED,false,false
1,baseline,1,2037,0,0,ELECTRIC_HEAT_PUMP,SOCIAL_HOUSING,14,0,0,102364,76824,0,0,0,0,0,MEDIUM,MEDIUM,MEDIUM,5,COST_BASED,COST_BASED,false,false
1,baseline,1,2037,0,0,ELECTRIC_HEAT_PUMP,HOME_OWNER_ASSOCIATION,0,0,0,102364,76824,0,0,0,0,0,MEDIUM,MEDIUM,MEDIUM,5,COST_BASED,COST_BASED,false,false
1,baseline,1,2037,0,0,ELECTRIC_HEAT_PUMP,TOTAL,81520,8197,1448,102364,76824,0,0,0,0,0,MEDIUM,MEDIUM,MEDIUM,5,COST_BASED,COST_BASED,false,false
1,baseline,1,2037,0,0,DISTRICT_HEATING,PRIVATELY_OWNED,4826,0,0,12056,76824,0,0,0,0,0,MEDIUM,MEDIUM,MEDIUM,5,COST_BASED,COST_BASED,false,false
1,baseline,1,2037,0,0,DISTRICT_HEATING,PRIVATELY_RENTED,1366,0,0,12056,76824,0,0,0,0,0,MEDIUM,MEDIUM,MEDIUM,5,COST_BASED,COST_BASED,false,false
1,baseline,1,2037,0,0,DISTRICT_HEATING,SOCIAL_HOUSING,1229,0,0,12056,76824,0,0,0,0,0,MEDIUM,MEDIUM,MEDIUM,5,COST_BASED,COST_BASED,false,false
1,baseline,1,2037,0,0,DISTRICT_HEATING,HOME_OWNER_ASSOCIATION,0,0,0,12056,76824,0,0,0,0,0,MEDIUM,MEDIUM,MEDIUM,5,COST_BASED,COST_BASED,false,false
1,baseline,1,2037,0,0,DISTRICT_HEATING,TOTAL,7421,738,216,12056,76824,0,0,0,0,0,MEDIUM,MEDIUM,MEDIUM,5,COST_BASED,COST_BASED,false,false
1,baseline,1,2038,0,0,NATURAL_GAS_BOILER,PRIVATELY_OWNED,217025,0,0,870251,81078,0,0,0,0,0,MEDIUM,MEDIUM,MEDIUM,5,COST_BASED,COST_BASED,false,false
1,baseline,1,2038,0,0,NATURAL_GAS_BOILER,PRIVATELY_RENTED,27482,0,0,870251,81078,0,0,0,0,0,MEDIUM,MEDIUM,MEDIUM,5,COST_BASED,COST_BASED,false,false
1,baseline,1,2038,0,0,NATURAL_GAS_BOILER,SOCIAL_HOUSING,46161,0,0,870251,81078,0,0,0,0,0,MEDIUM,MEDIUM,MEDIUM,5,COST_BASED,COST_BASED,false,false
1,baseline,1,2038,0,0,NATURAL_GAS_BOILER,HOME_OWNER_ASSOCIATION,18273,0,0,870251,81078,0,0,0,0,0,MEDIUM,MEDIUM,MEDIUM,5,COST_BASED,COST_BASED,false,false
1,baseline,1,2038,0,0,NATURAL_GAS_BOILER,TOTAL,308941,19340,38076,870251,81078,0,0,0,0,0,MEDIUM,MEDIUM,MEDIUM,5,COST_BASED,COST_BASED,false,false
1,baseline,1,2038,0,0,NATURAL_GAS_BLOCK,PRIVATELY_OWNED,33,0,0,33035,81078,0,0,0,0,0,MEDIUM,MEDIUM,MEDIUM,5,COST_BASED,COST_BASED,false,false
1,baseline,1,2038,0,0,NATURAL_GAS_BLOCK,PRIVATELY_RENTED,2565,0,0,33035,81078,0,0,0,0,0,MEDIUM,MEDIUM,MEDIUM,5,COST_BASED,COST_BASED,false,false
1,baseline,1,2038,0,0,NATURAL_GAS_BLOCK,SOCIAL_HOUSING,0,0,0,33035,81078,0,0,0,0,0,MEDIUM,MEDIUM,MEDIUM,5,COST_BASED,COST_BASED,false,false
1,baseline,1,2038,0,0,NATURAL_GAS_BLOCK,HOME_OWNER_ASSOCIATION,17,0,0,33035,81078,0,0,0,0,0,MEDIUM,MEDIUM,MEDIUM,5,COST_BASED,COST_BASED,false,false
1,baseline,1,2038,0,0,NATURAL_GAS_BLOCK,TOTAL,2615,192,275,33035,81078,0,0,0,0,0,MEDIUM,MEDIUM,MEDIUM,5,COST_BASED,COST_BASED,false,false
1,baseline,1,2038,0,0,HYBRID_HEAT_PUMP,PRIVATELY_OWNED,31657,0,0,149419,81078,0,0,0,0,0,MEDIUM,MEDIUM,MEDIUM,5,COST_BASED,COST_BASED,false,false
1,baseline,1,2038,0,0,HYBRID_HEAT_PUMP,PRIVATELY_RENTED,40892,0,0,149419,81078,0,0,0,0,0,MEDIUM,MEDIUM,MEDIUM,5,COST_BASED,COST_BASED,false,false
1,baseline,1,2038,0,0,HYBRID_HEAT_PUMP,SOCIAL_HOUSING,57906,0,0,149419,81078,0,0,0,0,0,MEDIUM,MEDIUM,MEDIUM,5,COST_BASED,COST_BASED,false,false
1,baseline,1,2038,0,0,HYBRID_HEAT_PUMP,HOME_OWNER_ASSOCIATION,7267,0,0,149419,81078,0,0,0,0,0,MEDIUM,MEDIUM,MEDIUM,5,COST_BASED,COST_BASED,false,false
1,baseline,1,2038,0,0,HYBRID_HEAT_PUMP,TOTAL,137722,12240,959,149419,81078,0,0,0,0,0,MEDIUM,MEDIUM,MEDIUM,5,COST_BASED,COST_BASED,false,false
1,baseline,1,2038,0,0,ELECTRIC_HEAT_PUMP,PRIVATELY_OWNED,88111,0,0,110498,81078,0,0,0,0,0,MEDIUM,MEDIUM,MEDIUM,5,COST_BASED,COST_BASED,false,false
1,baseline,1,2038,0,0,ELECTRIC_HEAT_PUMP,PRIVATELY_RENTED,256,0,0,110498,81078,0,0,0,0,0,MEDIUM,MEDIUM,MEDIUM,5,COST_BASED,COST_BASED,false,false
1,baseline,1,2038,0,0,ELECTRIC_HEAT_PUMP,SOCIAL_HOUSING,0,0,0,110498,81078,0,0,0,0,0,MEDIUM,MEDIUM,MEDIUM,5,COST_BASED,COST_BASED,false,false
1,baseline,1,2038,0,0,ELECTRIC_HEAT_PUMP,HOME_OWNER_ASSOCIATION,0,0,0,110498,81078,0,0,0,0,0,MEDIUM,MEDIUM,MEDIUM,5,COST_BASED,COST_BASED,false,false
1,baseline,1,2038,0,0,ELECTRIC_HEAT_PUMP,TOTAL,88367,8134,1287,110498,81078,0,0,0,0,0,MEDIUM,MEDIUM,MEDIUM,5,COST_BASED,COST_BASED,false,false
1,baseline,1,2038,0,0,DISTRICT_HEATING,PRIVATELY_OWNED,5614,0,0,12938,81078,0,0,0,0,0,MEDIUM,MEDIUM,MEDIUM,5,COST_BASED,COST_BASED,false,false
1,baseline,1,2038,0,0,DISTRICT_HEATING,PRIVATELY_RENTED,1269,0,0,12938,81078,0,0,0,0,0,MEDIUM,MEDIUM,MEDIUM,5,COST_BASED,COST_BASED,false,false
1,baseline,1,2038,0,0,DISTRICT_HEATING,SOCIAL_HOUSING,1229,0,0,12938,81078,0,0,0,0,0,MEDIUM,MEDIUM,MEDIUM,5,COST_BASED,COST_BASED,false,false
1,baseline,1,2038,0,0,DISTRICT_HEATING,HOME_OWNER_ASSOCIATION,0,0,0,12938,81078,0,0,0,0,0,MEDIUM,MEDIUM,MEDIUM,5,COST_BASED,COST_BASED,false,false
1,baseline,1,2038,0,0,DISTRICT_HEATING,TOTAL,8112,882,191,12938,81078,0,0,0,0,0,MEDIUM,MEDIUM,MEDIUM,5,COST_BASED,COST_BASED,false,false
1,baseline,1,2039,0,0,NATURAL_GAS_BOILER,PRIVATELY_OWNED,205999,0,0,889599,83310,0,0,0,0,0,MEDIUM,MEDIUM,MEDIUM,5,COST_BASED,COST_BASED,false,false
1,baseline,1,2039,0,0,NATURAL_GAS_BOILER,PRIVATELY_RENTED,26037,0,0,889599,83310,0,0,0,0,0,MEDIUM,MEDIUM,MEDIUM,5,COST_BASED,COST_BASED,false,false
1,baseline,1,2039,0,0,NATURAL_GAS_BOILER,SOCIAL_HOUSING,39861,0,0,889599,83310,0,0,0,0,0,MEDIUM,MEDIUM,MEDIUM,5,COST_BASED,COST_BASED,false,false
1,baseline,1,2039,0,0,NATURAL_GAS_BOILER,HOME_OWNER_ASSOCIATION,17315,0,0,889599,83310,0,0,0,0,0,MEDIUM,MEDIUM,MEDIUM,5,COST_BASED,COST_BASED,false,false
1,baseline,1,2039,0,0,NATURAL_GAS_BOILER,TOTAL,289212,19348,39077,889599,83310,0,0,0,0,0,MEDIUM,MEDIUM,MEDIUM,5,COST_BASED,COST_BASED,false,false
1,baseline,1,2039,0,0,NATURAL_GAS_BLOCK,PRIVATELY_OWNED,31,0,0,33204,83310,0,0,0,0,0,MEDIUM,MEDIUM,MEDIUM,5,COST_BASED,COST_BASED,false,false
1,baseline,1,2039,0,0,NATURAL_GAS_BLOCK,PRIVATELY_RENTED,2484,0,0,33204,83310,0,0,0,0,0,MEDIUM,MEDIUM,MEDIUM,5,COST_BASED,COST_BASED,false,false
1,baseline,1,2039,0,0,NATURAL_GAS_BLOCK,SOCIAL_HOUSING,0,0,0,33204,83310,0,0,0,0,0,MEDIUM,MEDIUM,MEDIUM,5,COST_BASED,COST_BASED,false,false
1,baseline,1,2039,0,0,NATURAL_GAS_BLOCK,HOME_OWNER_ASSOCIATION,23,0,0,33204,83310,0,0,0,0,0,MEDIUM,MEDIUM,MEDIUM,5,COST_BASED,COST_BASED,false,false
1,baseline,1,2039,0,0,NATURAL_GAS_BLOCK,TOTAL,2538,169,246,33204,83310,0,0,0,0,0,MEDIUM,MEDIUM,MEDIUM,5,COST_BASED,COST_BASED,false,false
1,baseline,1,2039,0,0,HYBRID_HEAT_PUMP,PRIVATELY_OWNED,34293,0,0,162063,83310,0,0,0,0,0,MEDIUM,MEDIUM,MEDIUM,5,COST_BASED,COST_BASED,false,false
1,baseline,1,2039,0,0,HYBRID_HEAT_PUMP,PRIVATELY_RENTED,42729,0,0,162063,83310,0,0,0,0,0,MEDIUM,MEDIUM,MEDIUM,5,COST_BASED,COST_BASED,false,false
1,baseline,1,2039,0,0,HYBRID_HEAT_PUMP,SOCIAL_HOUSING,64206,0,0,162063,83310,0,0,0,0,0,MEDIUM,MEDIUM,MEDIUM,5,COST_BASED,COST_BASED,false,false
1,baseline,1,2039,0,0,HYBRID_HEAT_PUMP,HOME_OWNER_ASSOCIATION,8219,0,0,162063,83310,0,0,0,0,0,MEDIUM,MEDIUM,MEDIUM,5,COST_BASED,COST_BASED,false,false
1,baseline,1,2039,0,0,HYBRID_HEAT_PUMP,TOTAL,149447,12644,919,162063,83310,0,0,0,0,0,MEDIUM,MEDIUM,MEDIUM,5,COST_BASED,COST_BASED,false,false
1,baseline,1,2039,0,0,ELECTRIC_HEAT_PUMP,PRIVATELY_OWNED,95758,0,0,118971,83310,0,0,0,0,0,MEDIUM,MEDIUM,MEDIUM,5,COST_BASED,COST_BASED,false,false
1,baseline,1,2039,0,0,ELECTRIC_HEAT_PUMP,PRIVATELY_RENTED,44,0,0,118971,83310,0,0,0,0,0,MEDIUM,MEDIUM,MEDIUM,5,COST_BASED,COST_BASED,false,false
1,baseline,1,2039,0,0,ELECTRIC_HEAT_PUMP,SOCIAL_HOUSING,0,0,0,118971,83310,0,0,0,0,0,MEDIUM,MEDIUM,MEDIUM,5,COST_BASED,COST_BASED,false,false
1,baseline,1,2039,0,0,ELECTRIC_HEAT_PUMP,HOME_OWNER_ASSOCIATION,0,0,0,118971,83310,0,0,0,0,0,MEDIUM,MEDIUM,MEDIUM,5,COST_BASED,COST_BASED,false,false
1,baseline,1,2039,0,0,ELECTRIC_HEAT_PUMP,TOTAL,95802,8473,1038,118971,83310,0,0,0,0,0,MEDIUM,MEDIUM,MEDIUM,5,COST_BASED,COST_BASED,false,false
1,baseline,1,2039,0,0,DISTRICT_HEATING,PRIVATELY_OWNED,6359,0,0,13785,83310,0,0,0,0,0,MEDIUM,MEDIUM,MEDIUM,5,COST_BASED,COST_BASED,false,false
1,baseline,1,2039,0,0,DISTRICT_HEATING,PRIVATELY_RENTED,1170,0,0,13785,83310,0,0,0,0,0,MEDIUM,MEDIUM,MEDIUM,5,COST_BASED,COST_BASED,false,false
1,baseline,1,2039,0,0,DISTRICT_HEATING,SOCIAL_HOUSING,1229,0,0,13785,83310,0,0,0,0,0,MEDIUM,MEDIUM,MEDIUM,5,COST_BASED,COST_BASED,false,false
1,baseline,1,2039,0,0,DISTRICT_HEATING,HOME_OWNER_ASSOCIATION,0,0,0,13785,83310,0,0,0,0,0,MEDIUM,MEDIUM,MEDIUM,5,COST_BASED,COST_BASED,false,false
1,baseline,1,2039,0,0,DISTRICT_HEATING,TOTAL,8758,847,201,13785,83310,0,0,0,0,0,MEDIUM,MEDIUM,MEDIUM,5,COST_BASED,COST_BASED,false,false
1,baseline,1,2040,0,0,NATURAL_GAS_BOILER,PRIVATELY_OWNED,194847,0,0,905870,81786,0,0,0,0,0,MEDIUM,MEDIUM,MEDIUM,5,COST_BASED,COST_BASED,false,false
1,baseline,1,2040,0,0,NATURAL_GAS_BOILER,PRIVATELY_RENTED,24598,0,0,905870,81786,0,0,0,0,0,MEDIUM,MEDIUM,MEDIUM,5,COST_BASED,COST_BASED,false,false
1,baseline,1,2040,0,0,NATURAL_GAS_BOILER,SOCIAL_HOUSING,36329,0,0,905870,81786,0,0,0,0,0,MEDIUM,MEDIUM,MEDIUM,5,COST_BASED,COST_BASED,false,false
1,baseline,1,2040,0,0,NATURAL_GAS_BOILER,HOME_OWNER_ASSOCIATION,17255,0,0,905870,81786,0,0,0,0,0,MEDIUM,MEDIUM,MEDIUM,5,COST_BASED,COST_BASED,false,false
1,baseline,1,2040,0,0,NATURAL_GAS_BOILER,TOTAL,273029,16271,32454,905870,81786,0,0,0,0,0,MEDIUM,MEDIUM,MEDIUM,5,COST_BASED,COST_BASED,false,false
1,baseline,1,2040,0,0,NATURAL_GAS_BLOCK,PRIVATELY_OWNED,34,0,0,33406,81786,0,0,0,0,0,MEDIUM,MEDIUM,MEDIUM,5,COST_BASED,COST_BASED,false,false
1,baseline,1,2040,0,0,NATURAL_GAS_BLOCK,PRIVATELY_RENTED,2447,0,0,33406,81786,0,0,0,0,0,MEDIUM,MEDIUM,MEDIUM,5,COST_BASED,COST_BASED,false,false
1,baseline,1,2040,0,0,NATURAL_GAS_BLOCK,SOCIAL_HOUSING,0,0,0,33406,81786,0,0,0,0,0,MEDIUM,MEDIUM,MEDIUM,5,COST_BASED,COST_BASED,false,false
1,baseline,1,2040,0,0,NATURAL_GAS_BLOCK,HOME_OWNER_ASSOCIATION,23,0,0,33406,81786,0,0,0,0,0,MEDIUM,MEDIUM,MEDIUM,5,COST_BASED,COST_BASED,false,false
1,baseline,1,2040,0,0,NATURAL_GAS_BLOCK,TOTAL,2504,202,236,33406,81786,0,0,0,0,0,MEDIUM,MEDIUM,MEDIUM,5,COST_BASED,COST_BASED,false,false
1,baseline,1,2040,0,0,HYBRID_HEAT_PUMP,PRIVATELY_OWNED,36767,0,0,174660,81786,0,0,0,0,0,MEDIUM,MEDIUM,MEDIUM,5,COST_BASED,COST_BASED,false,false
1,baseline,1,2040,0,0,HYBRID_HEAT_PUMP,PRIVATELY_RENTED,44240,0,0,174660,81786,0,0,0,0,0,MEDIUM,MEDIUM,MEDIUM,5,COST_BASED,COST_BASED,false,false
1,baseline,1,2040,0,0,HYBRID_HEAT_PUMP,SOCIAL_HOUSING,67738,0,0,174660,81786,0,0,0,0,0,MEDIUM,MEDIUM,MEDIUM,5,COST_BASED,COST_BASED,false,false
1,baseline,1,2040,0,0,HYBRID_HEAT_PUMP,HOME_OWNER_ASSOCIATION,8279,0,0,174660,81786,0,0,0,0,0,MEDIUM,MEDIUM,MEDIUM,5,COST_BASED,COST_BASED,false,false
1,baseline,1,2040,0,0,HYBRID_HEAT_PUMP,TOTAL,157024,12597,5020,174660,81786,0,0,0,0,0,MEDIUM,MEDIUM,MEDIUM,5,COST_BASED,COST_BASED,false,false
1,baseline,1,2040,0,0,ELECTRIC_HEAT_PUMP,PRIVATELY_OWNED,103558,0,0,129485,81786,0,0,0,0,0,MEDIUM,MEDIUM,MEDIUM,5,COST_BASED,COST_BASED,false,false
1,baseline,1,2040,0,0,ELECTRIC_HEAT_PUMP,PRIVATELY_RENTED,54,0,0,129485,81786,0,0,0,0,0,MEDIUM,MEDIUM,MEDIUM,5,COST_BASED,COST_BASED,false,false
1,baseline,1,2040,0,0,ELECTRIC_HEAT_PUMP,SOCIAL_HOUSING,0,0,0,129485,81786,0,0,0,0,0,MEDIUM,MEDIUM,MEDIUM,5,COST_BASED,COST_BASED,false,false
1,baseline,1,2040,0,0,ELECTRIC_HEAT_PUMP,HOME_OWNER_ASSOCIATION,0,0,0,129485,81786,0,0,0,0,0,MEDIUM,MEDIUM,MEDIUM,5,COST_BASED,COST_BASED,false,false
1,baseline,1,2040,0,0,ELECTRIC_HEAT_PUMP,TOTAL,103612,10514,2704,129485,81786,0,0,0,0,0,MEDIUM,MEDIUM,MEDIUM,5,COST_BASED,COST_BASED,false,false
1,baseline,1,2040,0,0,DISTRICT_HEATING,PRIVATELY_OWNED,7234,0,0,14764,81786,0,0,0,0,0,MEDIUM,MEDIUM,MEDIUM,5,COST_BASED,COST_BASED,false,false
1,baseline,1,2040,0,0,DISTRICT_HEATING,PRIVATELY_RENTED,1125,0,0,14764,81786,0,0,0,0,0,MEDIUM,MEDIUM,MEDIUM,5,COST_BASED,COST_BASED,false,false
1,baseline,1,2040,0,0,DISTRICT_HEATING,SOCIAL_HOUSING,1229,0,0,14764,81786,0,0,0,0,0,MEDIUM,MEDIUM,MEDIUM,5,COST_BASED,COST_BASED,false,false
1,baseline,1,2040,0,0,DISTRICT_HEATING,HOME_OWNER_ASSOCIATION,0,0,0,14764,81786,0,0,0,0,0,MEDIUM,MEDIUM,MEDIUM,5,COST_BASED,COST_BASED,false,false
1,baseline,1,2040,0,0,DISTRICT_HEATING,TOTAL,9588,979,149,14764,81786,0,0,0,0,0,MEDIUM,MEDIUM,MEDIUM,5,COST_BASED,COST_BASED,false,false
1,baseline,1,2041,0,0,NATURAL_GAS_BOILER,PRIVATELY_OWNED,183574,0,0,920627,81590,0,0,0,0,0,MEDIUM,MEDIUM,MEDIUM,5,COST_BASED,COST_BASED,false,false
1,baseline,1,2041,0,0,NATURAL_GAS_BOILER,PRIVATELY_RENTED,23348,0,0,920627,81590,0,0,0,0,0,MEDIUM,MEDIUM,MEDIUM,5,COST_BASED,COST_BASED,false,false
1,baseline,1,2041,0,0,NATURAL_GAS_BOILER,SOCIAL_HOUSING,32445,0,0,920627,81590,0,0,0,0,0,MEDIUM,MEDIUM,MEDIUM,5,COST_BASED,COST_BASED,false,false
1,baseline,1,2041,0,0,NATURAL_GAS_BOILER,HOME_OWNER_ASSOCIATION,16836,0,0,920627,81590,0,0,0,0,0,MEDIUM,MEDIUM,MEDIUM,5,COST_BASED,COST_BASED,false,false
1,baseline,1,2041,0,0,NATURAL_GAS_BOILER,TOTAL,256203,14757,31583,920627,81590,0,0,0,0,0,MEDIUM,MEDIUM,MEDIUM,5,COST_BASED,COST_BASED,false,false
1,baseline,1,2041,0,0,NATURAL_GAS_BLOCK,PRIVATELY_OWNED,32,0,0,33582,81590,0,0,0,0,0,MEDIUM,MEDIUM,MEDIUM,5,COST_BASED,COST_BASED,false,false
1,baseline,1,2041,0,0,NATURAL_GAS_BLOCK,PRIVATELY_RENTED,2384,0,0,33582,81590,0,0,0,0,0,MEDIUM,MEDIUM,MEDIUM,5,COST_BASED,COST_BASED,false,false
1,baseline,1,2041,0,0,NATURAL_GAS_BLOCK,SOCIAL_HOUSING,0,0,0,33582,81590,0,0,0,0,0,MEDIUM,MEDIUM,MEDIUM,5,COST_BASED,COST_BASED,false,false
1,baseline,1,2041,0,0,NATURAL_GAS_BLOCK,HOME_OWNER_ASSOCIATION,23,0,0,33582,81590,0,0,0,0,0,MEDIUM,MEDIUM,MEDIUM,5,COST_BASED,COST_BASED,false,false
1,baseline,1,2041,0,0,NATURAL_GAS_BLOCK,TOTAL,2439,176,241,33582,81590,0,0,0,0,0,MEDIUM,MEDIUM,MEDIUM,5,COST_BASED,COST_BASED,false,false
1,baseline,1,2041,0,0,HYBRID_HEAT_PUMP,PRIVATELY_OWNED,39386,0,0,188264,81590,0,0,0,0,0,MEDIUM,MEDIUM,MEDIUM,5,COST_BASED,COST_BASED,false,false
1,baseline,1,2041,0,0,HYBRID_HEAT_PUMP,PRIVATELY_RENTED,45604,0,0,188264,81590,0,0,0,0,0,MEDIUM,MEDIUM,MEDIUM,5,COST_BASED,COST_BASED,false,false
1,baseline,1,2041,0,0,HYBRID_HEAT_PUMP,SOCIAL_HOUSING,71622,0,0,188264,81590,0,0,0,0,0,MEDIUM,MEDIUM,MEDIUM,5,COST_BASED,COST_BASED,false,false
1,baseline,1,2041,0,0,HYBRID_HEAT_PUMP,HOME_OWNER_ASSOCIATION,8698,0,0,188264,81590,0,0,0,0,0,MEDIUM,MEDIUM,MEDIUM,5,COST_BASED,COST_BASED,false,false
1,baseline,1,2041,0,0,HYBRID_HEAT_PUMP,TOTAL,165310,13604,5318,188264,81590,0,0,0,0,0,MEDIUM,MEDIUM,MEDIUM,5,COST_BASED,COST_BASED,false,false
1,baseline,1,2041,0,0,ELECTRIC_HEAT_PUMP,PRIVATELY_OWNED,111215,0,0,140174,81590,0,0,0,0,0,MEDIUM,MEDIUM,MEDIUM,5,COST_BASED,COST_BASED,false,false
1,baseline,1,2041,0,0,ELECTRIC_HEAT_PUMP,PRIVATELY_RENTED,65,0,0,140174,81590,0,0,0,0,0,MEDIUM,MEDIUM,MEDIUM,5,COST_BASED,COST_BASED,false,false
1,baseline,1,2041,0,0,ELECTRIC_HEAT_PUMP,SOCIAL_HOUSING,0,0,0,140174,81590,0,0,0,0,0,MEDIUM,MEDIUM,MEDIUM,5,COST_BASED,COST_BASED,false,false
1,baseline,1,2041,0,0,ELECTRIC_HEAT_PUMP,HOME_OWNER_ASSOCIATION,0,0,0,140174,81590,0,0,0,0,0,MEDIUM,MEDIUM,MEDIUM,5,COST_BASED,COST_BASED,false,false
1,baseline,1,2041,0,0,ELECTRIC_HEAT_PUMP,TOTAL,111280,10689,3021,140174,81590,0,0,0,0,0,MEDIUM,MEDIUM,MEDIUM,5,COST_BASED,COST_BASED,false,false
1,baseline,1,2041,0,0,DISTRICT_HEATING,PRIVATELY_OWNED,8233,0,0,15855,81590,0,0,0,0,0,MEDIUM,MEDIUM,MEDIUM,5,COST_BASED,COST_BASED,false,false
1,baseline,1,2041,0,0,DISTRICT_HEATING,PRIVATELY_RENTED,1063,0,0,15855,81590,0,0,0,0,0,MEDIUM,MEDIUM,MEDIUM,5,COST_BASED,COST_BASED,false,false
1,baseline,1,2041,0,0,DISTRICT_HEATING,SOCIAL_HOUSING,1229,0,0,15855,81590,0,0,0,0,0,MEDIUM,MEDIUM,MEDIUM,5,COST_BASED,COST_BASED,false,false
1,baseline,1,2041,0,0,DISTRICT_HEATING,HOME_OWNER_ASSOCIATION,0,0,0,15855,81590,0,0,0,0,0,MEDIUM,MEDIUM,MEDIUM,5,COST_BASED,COST_BASED,false,false
1,baseline,1,2041,0,0,DISTRICT_HEATING,TOTAL,10525,1091,154,15855,81590,0,0,0,0,0,MEDIUM,MEDIUM,MEDIUM,5,COST_BASED,COST_BASED,false,false
1,baseline,1,2042,0,0,NATURAL_GAS_BOILER,PRIVATELY_OWNED,172306,0,0,933734,84166,0,0,0,0,0,MEDIUM,MEDIUM,MEDIUM,5,COST_BASED,COST_BASED,false,false
1,baseline,1,2042,0,0,NATURAL_GAS_BOILER,PRIVATELY_RENTED,22175,0,0,933734,84166,0,0,0,0,0,MEDIUM,MEDIUM,MEDIUM,5,COST_BASED,COST_BASED,false,false
1,baseline,1,2042,0,0,NATURAL_GAS_BOILER,SOCIAL_HOUSING,29550,0,0,933734,84166,0,0,0,0,0,MEDIUM,MEDIUM,MEDIUM,5,COST_BASED,COST_BASED,false,false
1,baseline,1,2042,0,0,NATURAL_GAS_BOILER,HOME_OWNER_ASSOCIATION,14549,0,0,933734,84166,0,0,0,0,0,MEDIUM,MEDIUM,MEDIUM,5,COST_BASED,COST_BASED,false,false
1,baseline,1,2042,0,0,NATURAL_GAS_BOILER,TOTAL,238580,13107,30730,933734,84166,0,0,0,0,0,MEDIUM,MEDIUM,MEDIUM,5,COST_BASED,COST_BASED,false,false
1,baseline,1,2042,0,0,NATURAL_GAS_BLOCK,PRIVATELY_OWNED,31,0,0,33749,84166,0,0,0,0,0,MEDIUM,MEDIUM,MEDIUM,5,COST_BASED,COST_BASED,false,false
1,baseline,1,2042,0,0,NATURAL_GAS_BLOCK,PRIVATELY_RENTED,2335,0,0,33749,84166,0,0,0,0,0,MEDIUM,MEDIUM,MEDIUM,5,COST_BASED,COST_BASED,false,false
1,baseline,1,2042,0,0,NATURAL_GAS_BLOCK,SOCIAL_HOUSING,0,0,0,33749,84166,0,0,0,0,0,MEDIUM,MEDIUM,MEDIUM,5,COST_BASED,COST_BASED,false,false
1,baseline,1,2042,0,0,NATURAL_GAS_BLOCK,HOME_OWNER_ASSOCIATION,23,0,0,33749,84166,0,0,0,0,0,MEDIUM,MEDIUM,MEDIUM,5,COST_BASED,COST_BASED,false,false
1,baseline,1,2042,0,0,NATURAL_GAS_BLOCK,TOTAL,2389,167,217,33749,84166,0,0,0,0,0,MEDIUM,MEDIUM,MEDIUM,5,COST_BASED,COST_BASED,false,false
1,baseline,1,2042,0,0,HYBRID_HEAT_PUMP,PRIVATELY_OWNED,41925,0,0,204647,84166,0,0,0,0,0,MEDIUM,MEDIUM,MEDIUM,5,COST_BASED,COST_BASED,false,false
1,baseline,1,2042,0,0,HYBRID_HEAT_PUMP,PRIVATELY_RENTED,46871,0,0,204647,84166,0,0,0,0,0,MEDIUM,MEDIUM,MEDIUM,5,COST_BASED,COST_BASED,false,false
1,baseline,1,2042,0,0,HYBRID_HEAT_PUMP,SOCIAL_HOUSING,75101,0,0,204647,84166,0,0,0,0,0,MEDIUM,MEDIUM,MEDIUM,5,COST_BASED,COST_BASED,false,false
1,baseline,1,2042,0,0,HYBRID_HEAT_PUMP,HOME_OWNER_ASSOCIATION,10985,0,0,204647,84166,0,0,0,0,0,MEDIUM,MEDIUM,MEDIUM,5,COST_BASED,COST_BASED,false,false
1,baseline,1,2042,0,0,HYBRID_HEAT_PUMP,TOTAL,174882,16383,6811,204647,84166,0,0,0,0,0,MEDIUM,MEDIUM,MEDIUM,5,COST_BASED,COST_BASED,false,false
1,baseline,1,2042,0,0,ELECTRIC_HEAT_PUMP,PRIVATELY_OWNED,118902,0,0,151390,84166,0,0,0,0,0,MEDIUM,MEDIUM,MEDIUM,5,COST_BASED,COST_BASED,false,false
1,baseline,1,2042,0,0,ELECTRIC_HEAT_PUMP,PRIVATELY_RENTED,81,0,0,151390,84166,0,0,0,0,0,MEDIUM,MEDIUM,MEDIUM,5,COST_BASED,COST_BASED,false,false
1,baseline,1,2042,0,0,ELECTRIC_HEAT_PUMP,SOCIAL_HOUSING,0,0,0,151390,84166,0,0,0,0,0,MEDIUM,MEDIUM,MEDIUM,5,COST_BASED,COST_BASED,false,false
1,baseline,1,2042,0,0,ELECTRIC_HEAT_PUMP,HOME_OWNER_ASSOCIATION,0,0,0,151390,84166,0,0,0,0,0,MEDIUM,MEDIUM,MEDIUM,5,COST_BASED,COST_BASED,false,false
1,baseline,1,2042,0,0,ELECTRIC_HEAT_PUMP,TOTAL,118983,11216,3513,151390,84166,0,0,0,0,0,MEDIUM,MEDIUM,MEDIUM,5,COST_BASED,COST_BASED,false,false
1,baseline,1,2042,0,0,DISTRICT_HEATING,PRIVATELY_OWNED,9276,0,0,16985,84166,0,0,0,0,0,MEDIUM,MEDIUM,MEDIUM,5,COST_BASED,COST_BASED,false,false
1,baseline,1,2042,0,0,DISTRICT_HEATING,PRIVATELY_RENTED,1002,0,0,16985,84166,0,0,0,0,0,MEDIUM,MEDIUM,MEDIUM,5,COST_BASED,COST_BASED,false,false
1,baseline,1,2042,0,0,DISTRICT_HEATING,SOCIAL_HOUSING,645,0,0,16985,84166,0,0,0,0,0,MEDIUM,MEDIUM,MEDIUM,5,COST_BASED,COST_BASED,false,false
1,baseline,1,2042,0,0,DISTRICT_HEATING,HOME_OWNER_ASSOCIATION,0,0,0,16985,84166,0,0,0,0,0,MEDIUM,MEDIUM,MEDIUM,5,COST_BASED,COST_BASED,false,false
1,baseline,1,2042,0,0,DISTRICT_HEATING,TOTAL,10923,1130,732,16985,84166,0,0,0,0,0,MEDIUM,MEDIUM,MEDIUM,5,COST_BASED,COST_BASED,false,false
1,baseline,1,2043,0,0,NATURAL_GAS_BOILER,PRIVATELY_OWNED,160964,0,0,945694,82376,0,0,0,0,0,MEDIUM,MEDIUM,MEDIUM,5,COST_BASED,COST_BASED,false,false
1,baseline,1,2043,0,0,NATURAL_GAS_BOILER,PRIVATELY_RENTED,21182,0,0,945694,82376,0,0,0,0,0,MEDIUM,MEDIUM,MEDIUM,5,COST_BASED,COST_BASED,false,false
1,baseline,1,2043,0,0,NATURAL_GAS_BOILER,SOCIAL_HOUSING,27468,0,0,945694,82376,0,0,0,0,0,MEDIUM,MEDIUM,MEDIUM,5,COST_BASED,COST_BASED,false,false
1,baseline,1,2043,0,0,NATURAL_GAS_BOILER,HOME_OWNER_ASSOCIATION,13430,0,0,945694,82376,0,0,0,0,0,MEDIUM,MEDIUM,MEDIUM,5,COST_BASED,COST_BASED,false,false
1,baseline,1,2043,0,0,NATURAL_GAS_BOILER,TOTAL,223044,11960,27496,945694,82376,0,0,0,0,0,MEDIUM,MEDIUM,MEDIUM,5,COST_BASED,COST_BASED,false,false
1,baseline,1,2043,0,0,NATURAL_GAS_BLOCK,PRIVATELY_OWNED,30,0,0,33885,82376,0,0,0,0,0,MEDIUM,MEDIUM,MEDIUM,5,COST_BASED,COST_BASED,false,false
1,baseline,1,2043,0,0,NATURAL_GAS_BLOCK,PRIVATELY_RENTED,2271,0,0,33885,82376,0,0,0,0,0,MEDIUM,MEDIUM,MEDIUM,5,COST_BASED,COST_BASED,false,false
1,baseline,1,2043,0,0,NATURAL_GAS_BLOCK,SOCIAL_HOUSING,0,0,0,33885,82376,0,0,0,0,0,MEDIUM,MEDIUM,MEDIUM,5,COST_BASED,COST_BASED,false,false
1,baseline,1,2043,0,0,NATURAL_GAS_BLOCK,HOME_OWNER_ASSOCIATION,23,0,0,33885,82376,0,0,0,0,0,MEDIUM,MEDIUM,MEDIUM,5,COST_BASED,COST_BASED,false,false
1,baseline,1,2043,0,0,NATURAL_GAS_BLOCK,TOTAL,2324,136,201,33885,82376,0,0,0,0,0,MEDIUM,MEDIUM,MEDIUM,5,COST_BASED,COST_BASED,false,false
1,baseline,1,2043,0,0,HYBRID_HEAT_PUMP,PRIVATELY_OWNED,44510,0,0,218675,82376,0,0,0,0,0,MEDIUM,MEDIUM,MEDIUM,5,COST_BASED,COST_BASED,false,false
1,baseline,1,2043,0,0,HYBRID_HEAT_PUMP,PRIVATELY_RENTED,47966,0,0,218675,82376,0,0,0,0,0,MEDIUM,MEDIUM,MEDIUM,5,COST_BASED,COST_BASED,false,false
1,baseline,1,2043,0,0,HYBRID_HEAT_PUMP,SOCIAL_HOUSING,77183,0,0,218675,82376,0,0,0,0,0,MEDIUM,MEDIUM,MEDIUM,5,COST_BASED,COST_BASED,false,false
1,baseline,1,2043,0,0,HYBRID_HEAT_PUMP,HOME_OWNER_ASSOCIATION,12104,0,0,218675,82376,0,0,0,0,0,MEDIUM,MEDIUM,MEDIUM,5,COST_BASED,COST_BASED,false,false
1,baseline,1,2043,0,0,HYBRID_HEAT_PUMP,TOTAL,181763,14028,7147,218675,82376,0,0,0,0,0,MEDIUM,MEDIUM,MEDIUM,5,COST_BASED,COST_BASED,false,false
1,baseline,1,2043,0,0,ELECTRIC_HEAT_PUMP,PRIVATELY_OWNED,126512,0,0,163164,82376,0,0,0,0,0,MEDIUM,MEDIUM,MEDIUM,5,COST_BASED,COST_BASED,false,false
1,baseline,1,2043,0,0,ELECTRIC_HEAT_PUMP,PRIVATELY_RENTED,107,0,0,163164,82376,0,0,0,0,0,MEDIUM,MEDIUM,MEDIUM,5,COST_BASED,COST_BASED,false,false
1,baseline,1,2043,0,0,ELECTRIC_HEAT_PUMP,SOCIAL_HOUSING,0,0,0,163164,82376,0,0,0,0,0,MEDIUM,MEDIUM,MEDIUM,5,COST_BASED,COST_BASED,false,false
1,baseline,1,2043,0,0,ELECTRIC_HEAT_PUMP,HOME_OWNER_ASSOCIATION,0,0,0,163164,82376,0,0,0,0,0,MEDIUM,MEDIUM,MEDIUM,5,COST_BASED,COST_BASED,false,false
1,baseline,1,2043,0,0,ELECTRIC_HEAT_PUMP,TOTAL,126619,11774,4138,163164,82376,0,0,0,0,0,MEDIUM,MEDIUM,MEDIUM,5,COST_BASED,COST_BASED,false,false
1,baseline,1,2043,0,0,DISTRICT_HEATING,PRIVATELY_OWNED,10424,0,0,18227,82376,0,0,0,0,0,MEDIUM,MEDIUM,MEDIUM,5,COST_BASED,COST_BASED,false,false
1,baseline,1,2043,0,0,DISTRICT_HEATING,PRIVATELY_RENTED,938,0,0,18227,82376,0,0,0,0,0,MEDIUM,MEDIUM,MEDIUM,5,COST_BASED,COST_BASED,false,false
1,baseline,1,2043,0,0,DISTRICT_HEATING,SOCIAL_HOUSING,645,0,0,18227,82376,0,0,0,0,0,MEDIUM,MEDIUM,MEDIUM,5,COST_BASED,COST_BASED,false,false
1,baseline,1,2043,0,0,DISTRICT_HEATING,HOME_OWNER_ASSOCIATION,0,0,0,18227,82376,0,0,0,0,0,MEDIUM,MEDIUM,MEDIUM,5,COST_BASED,COST_BASED,false,false
1,baseline,1,2043,0,0,DISTRICT_HEATING,TOTAL,12007,1242,158,18227,82376,0,0,0,0,0,MEDIUM,MEDIUM,MEDIUM,5,COST_BASED,COST_BASED,false,false
1,baseline,1,2044,0,0,NATURAL_GAS_BOILER,PRIVATELY_OWNED,148770,0,0,957227,88302,0,0,0,0,0,MEDIUM,MEDIUM,MEDIUM,5,COST_BASED,COST_BASED,false,false
1,baseline,1,2044,0,0,NATURAL_GAS_BOILER,PRIVATELY_RENTED,20238,0,0,957227,88302,0,0,0,0,0,MEDIUM,MEDIUM,MEDIUM,5,COST_BASED,COST_BASED,false,false
1,baseline,1,2044,0,0,NATURAL_GAS_BOILER,SOCIAL_HOUSING,24279,0,0,957227,88302,0,0,0,0,0,MEDIUM,MEDIUM,MEDIUM,5,COST_BASED,COST_BASED,false,false
1,baseline,1,2044,0,0,NATURAL_GAS_BOILER,HOME_OWNER_ASSOCIATION,12826,0,0,957227,88302,0,0,0,0,0,MEDIUM,MEDIUM,MEDIUM,5,COST_BASED,COST_BASED,false,false
1,baseline,1,2044,0,0,NATURAL_GAS_BOILER,TOTAL,206113,11533,28464,957227,88302,0,0,0,0,0,MEDIUM,MEDIUM,MEDIUM,5,COST_BASED,COST_BASED,false,false
1,baseline,1,2044,0,0,NATURAL_GAS_BLOCK,PRIVATELY_OWNED,28,0,0,34054,88302,0,0,0,0,0,MEDIUM,MEDIUM,MEDIUM,5,COST_BASED,COST_BASED,false,false
1,baseline,1,2044,0,0,NATURAL_GAS_BLOCK,PRIVATELY_RENTED,2232,0,0,34054,88302,0,0,0,0,0,MEDIUM,MEDIUM,MEDIUM,5,COST_BASED,COST_BASED,false,false
1,baseline,1,2044,0,0,NATURAL_GAS_BLOCK,SOCIAL_HOUSING,0,0,0,34054,88302,0,0,0,0,0,MEDIUM,MEDIUM,MEDIUM,5,COST_BASED,COST_BASED,false,false
1,baseline,1,2044,0,0,NATURAL_GAS_BLOCK,HOME_OWNER_ASSOCIATION,18,0,0,34054,88302,0,0,0,0,0,MEDIUM,MEDIUM,MEDIUM,5,COST_BASED,COST_BASED,false,false
1,baseline,1,2044,0,0,NATURAL_GAS_BLOCK,TOTAL,2278,169,215,34054,88302,0,0,0,0,0,MEDIUM,MEDIUM,MEDIUM,5,COST_BASED,COST_BASED,false,false
1,baseline,1,2044,0,0,HYBRID_HEAT_PUMP,PRIVATELY_OWNED,47322,0,0,235680,88302,0,0,0,0,0,MEDIUM,MEDIUM,MEDIUM,5,COST_BASED,COST_BASED,false,false
1,baseline,1,2044,0,0,HYBRID_HEAT_PUMP,PRIVATELY_RENTED,48960,0,0,235680,88302,0,0,0,0,0,MEDIUM,MEDIUM,MEDIUM,5,COST_BASED,COST_BASED,false,false
1,baseline,1,2044,0,0,HYBRID_HEAT_PUMP,SOCIAL_HOUSING,80372,0,0,235680,88302,0,0,0,0,0,MEDIUM,MEDIUM,MEDIUM,5,COST_BASED,COST_BASED,false,false
1,baseline,1,2044,0,0,HYBRID_HEAT_PUMP,HOME_OWNER_ASSOCIATION,12713,0,0,235680,88302,0,0,0,0,0,MEDIUM,MEDIUM,MEDIUM,5,COST_BASED,COST_BASED,false,false
1,baseline,1,2044,0,0,HYBRID_HEAT_PUMP,TOTAL,189367,17005,9401,235680,88302,0,0,0,0,0,MEDIUM,MEDIUM,MEDIUM,5,COST_BASED,COST_BASED,false,false
1,baseline,1,2044,0,0,ELECTRIC_HEAT_PUMP,PRIVATELY_OWNED,134697,0,0,175761,88302,0,0,0,0,0,MEDIUM,MEDIUM,MEDIUM,5,COST_BASED,COST_BASED,false,false
1,baseline,1,2044,0,0,ELECTRIC_HEAT_PUMP,PRIVATELY_RENTED,137,0,0,175761,88302,0,0,0,0,0,MEDIUM,MEDIUM,MEDIUM,5,COST_BASED,COST_BASED,false,false
1,baseline,1,2044,0,0,ELECTRIC_HEAT_PUMP,SOCIAL_HOUSING,0,0,0,175761,88302,0,0,0,0,0,MEDIUM,MEDIUM,MEDIUM,5,COST_BASED,COST_BASED,false,false
1,baseline,1,2044,0,0,ELECTRIC_HEAT_PUMP,HOME_OWNER_ASSOCIATION,0,0,0,175761,88302,0,0,0,0,0,MEDIUM,MEDIUM,MEDIUM,5,COST_BASED,COST_BASED,false,false
1,baseline,1,2044,0,0,ELECTRIC_HEAT_PUMP,TOTAL,134834,12597,4382,175761,88302,0,0,0,0,0,MEDIUM,MEDIUM,MEDIUM,5,COST_BASED,COST_BASED,false,false
1,baseline,1,2044,0,0,DISTRICT_HEATING,PRIVATELY_OWNED,11623,0,0,19533,88302,0,0,0,0,0,MEDIUM,MEDIUM,MEDIUM,5,COST_BASED,COST_BASED,false,false
1,baseline,1,2044,0,0,DISTRICT_HEATING,PRIVATELY_RENTED,897,0,0,19533,88302,0,0,0,0,0,MEDIUM,MEDIUM,MEDIUM,5,COST_BASED,COST_BASED,false,false
1,baseline,1,2044,0,0,DISTRICT_HEATING,SOCIAL_HOUSING,645,0,0,19533,88302,0,0,0,0,0,MEDIUM,MEDIUM,MEDIUM,5,COST_BASED,COST_BASED,false,false
1,baseline,1,2044,0,0,DISTRICT_HEATING,HOME_OWNER_ASSOCIATION,0,0,0,19533,88302,0,0,0,0,0,MEDIUM,MEDIUM,MEDIUM,5,COST_BASED,COST_BASED,false,false
1,baseline,1,2044,0,0,DISTRICT_HEATING,TOTAL,13165,1306,148,19533,88302,0,0,0,0,0,MEDIUM,MEDIUM,MEDIUM,5,COST_BASED,COST_BASED,false,false
1,baseline,1,2045,0,0,NATURAL_GAS_BOILER,PRIVATELY_OWNED,136908,0,0,968212,92079,0,0,0,0,0,MEDIUM,MEDIUM,MEDIUM,5,COST_BASED,COST_BASED,false,false
1,baseline,1,2045,0,0,NATURAL_GAS_BOILER,PRIVATELY_RENTED,19388,0,0,968212,92079,0,0,0,0,0,MEDIUM,MEDIUM,MEDIUM,5,COST_BASED,COST_BASED,false,false
1,baseline,1,2045,0,0,NATURAL_GAS_BOILER,SOCIAL_HOUSING,19143,0,0,968212,92079,0,0,0,0,0,MEDIUM,MEDIUM,MEDIUM,5,COST_BASED,COST_BASED,false,false
1,baseline,1,2045,0,0,NATURAL_GAS_BOILER,HOME_OWNER_ASSOCIATION,12670,0,0,968212,92079,0,0,0,0,0,MEDIUM,MEDIUM,MEDIUM,5,COST_BASED,COST_BASED,false,false
1,baseline,1,2045,0,0,NATURAL_GAS_BOILER,TOTAL,188109,10985,28989,968212,92079,0,0,0,0,0,MEDIUM,MEDIUM,MEDIUM,5,COST_BASED,COST_BASED,false,false
1,baseline,1,2045,0,0,NATURAL_GAS_BLOCK,PRIVATELY_OWNED,26,0,0,34297,92079,0,0,0,0,0,MEDIUM,MEDIUM,MEDIUM,5,COST_BASED,COST_BASED,false,false
1,baseline,1,2045,0,0,NATURAL_GAS_BLOCK,PRIVATELY_RENTED,2207,0,0,34297,92079,0,0,0,0,0,MEDIUM,MEDIUM,MEDIUM,5,COST_BASED,COST_BASED,false,false
1,baseline,1,2045,0,0,NATURAL_GAS_BLOCK,SOCIAL_HOUSING,0,0,0,34297,92079,0,0,0,0,0,MEDIUM,MEDIUM,MEDIUM,5,COST_BASED,COST_BASED,false,false
1,baseline,1,2045,0,0,NATURAL_GAS_BLOCK,HOME_OWNER_ASSOCIATION,18,0,0,34297,92079,0,0,0,0,0,MEDIUM,MEDIUM,MEDIUM,5,COST_BASED,COST_BASED,false,false
1,baseline,1,2045,0,0,NATURAL_GAS_BLOCK,TOTAL,2251,243,270,34297,92079,0,0,0,0,0,MEDIUM,MEDIUM,MEDIUM,5,COST_BASED,COST_BASED,false,false
1,baseline,1,2045,0,0,HYBRID_HEAT_PUMP,PRIVATELY_OWNED,50124,0,0,254633,92079,0,0,0,0,0,MEDIUM,MEDIUM,MEDIUM,5,COST_BASED,COST_BASED,false,false
1,baseline,1,2045,0,0,HYBRID_HEAT_PUMP,PRIVATELY_RENTED,49856,0,0,254633,92079,0,0,0,0,0,MEDIUM,MEDIUM,MEDIUM,5,COST_BASED,COST_BASED,false,false
1,baseline,1,2045,0,0,HYBRID_HEAT_PUMP,SOCIAL_HOUSING,85508,0,0,254633,92079,0,0,0,0,0,MEDIUM,MEDIUM,MEDIUM,5,COST_BASED,COST_BASED,false,false
1,baseline,1,2045,0,0,HYBRID_HEAT_PUMP,HOME_OWNER_ASSOCIATION,12869,0,0,254633,92079,0,0,0,0,0,MEDIUM,MEDIUM,MEDIUM,5,COST_BASED,COST_BASED,false,false
1,baseline,1,2045,0,0,HYBRID_HEAT_PUMP,TOTAL,198357,18953,9963,254633,92079,0,0,0,0,0,MEDIUM,MEDIUM,MEDIUM,5,COST_BASED,COST_BASED,false,false
1,baseline,1,2045,0,0,ELECTRIC_HEAT_PUMP,PRIVATELY_OWNED,142666,0,0,189730,92079,0,0,0,0,0,MEDIUM,MEDIUM,MEDIUM,5,COST_BASED,COST_BASED,false,false
1,baseline,1,2045,0,0,ELECTRIC_HEAT_PUMP,PRIVATELY_RENTED,167,0,0,189730,92079,0,0,0,0,0,MEDIUM,MEDIUM,MEDIUM,5,COST_BASED,COST_BASED,false,false
1,baseline,1,2045,0,0,ELECTRIC_HEAT_PUMP,SOCIAL_HOUSING,0,0,0,189730,92079,0,0,0,0,0,MEDIUM,MEDIUM,MEDIUM,5,COST_BASED,COST_BASED,false,false
1,baseline,1,2045,0,0,ELECTRIC_HEAT_PUMP,HOME_OWNER_ASSOCIATION,0,0,0,189730,92079,0,0,0,0,0,MEDIUM,MEDIUM,MEDIUM,5,COST_BASED,COST_BASED,false,false
1,baseline,1,2045,0,0,ELECTRIC_HEAT_PUMP,TOTAL,142833,13969,5970,189730,92079,0,0,0,0,0,MEDIUM,MEDIUM,MEDIUM,5,COST_BASED,COST_BASED,false,false
1,baseline,1,2045,0,0,DISTRICT_HEATING,PRIVATELY_OWNED,12716,0,0,20732,92079,0,0,0,0,0,MEDIUM,MEDIUM,MEDIUM,5,COST_BASED,COST_BASED,false,false
1,baseline,1,2045,0,0,DISTRICT_HEATING,PRIVATELY_RENTED,846,0,0,20732,92079,0,0,0,0,0,MEDIUM,MEDIUM,MEDIUM,5,COST_BASED,COST_BASED,false,false
1,baseline,1,2045,0,0,DISTRICT_HEATING,SOCIAL_HOUSING,645,0,0,20732,92079,0,0,0,0,0,MEDIUM,MEDIUM,MEDIUM,5,COST_BASED,COST_BASED,false,false
1,baseline,1,2045,0,0,DISTRICT_HEATING,HOME_OWNER_ASSOCIATION,0,0,0,20732,92079,0,0,0,0,0,MEDIUM,MEDIUM,MEDIUM,5,COST_BASED,COST_BASED,false,false
1,baseline,1,2045,0,0,DISTRICT_HEATING,TOTAL,14207,1199,157,20732,92079,0,0,0,0,0,MEDIUM,MEDIUM,MEDIUM,5,COST_BASED,COST_BASED,false,false
1,baseline,1,2046,0,0,NATURAL_GAS_BOILER,PRIVATELY_OWNED,125736,0,0,978776,91648,0,0,0,0,0,MEDIUM,MEDIUM,MEDIUM,5,COST_BASED,COST_BASED,false,false
1,baseline,1,2046,0,0,NATURAL_GAS_BOILER,PRIVATELY_RENTED,18590,0,0,978776,91648,0,0,0,0,0,MEDIUM,MEDIUM,MEDIUM,5,COST_BASED,COST_BASED,false,false
1,baseline,1,2046,0,0,NATURAL_GAS_BOILER,SOCIAL_HOUSING,17811,0,0,978776,91648,0,0,0,0,0,MEDIUM,MEDIUM,MEDIUM,5,COST_BASED,COST_BASED,false,false
1,baseline,1,2046,0,0,NATURAL_GAS_BOILER,HOME_OWNER_ASSOCIATION,11945,0,0,978776,91648,0,0,0,0,0,MEDIUM,MEDIUM,MEDIUM,5,COST_BASED,COST_BASED,false,false
1,baseline,1,2046,0,0,NATURAL_GAS_BOILER,TOTAL,174082,10564,24591,978776,91648,0,0,0,0,0,MEDIUM,MEDIUM,MEDIUM,5,COST_BASED,COST_BASED,false,false
1,baseline,1,2046,0,0,NATURAL_GAS_BLOCK,PRIVATELY_OWNED,24,0,0,34464,91648,0,0,0,0,0,MEDIUM,MEDIUM,MEDIUM,5,COST_BASED,COST_BASED,false,false
1,baseline,1,2046,0,0,NATURAL_GAS_BLOCK,PRIVATELY_RENTED,2156,0,0,34464,91648,0,0,0,0,0,MEDIUM,MEDIUM,MEDIUM,5,COST_BASED,COST_BASED,false,false
1,baseline,1,2046,0,0,NATURAL_GAS_BLOCK,SOCIAL_HOUSING,0,0,0,34464,91648,0,0,0,0,0,MEDIUM,MEDIUM,MEDIUM,5,COST_BASED,COST_BASED,false,false
1,baseline,1,2046,0,0,NATURAL_GAS_BLOCK,HOME_OWNER_ASSOCIATION,18,0,0,34464,91648,0,0,0,0,0,MEDIUM,MEDIUM,MEDIUM,5,COST_BASED,COST_BASED,false,false
1,baseline,1,2046,0,0,NATURAL_GAS_BLOCK,TOTAL,2198,167,220,34464,91648,0,0,0,0,0,MEDIUM,MEDIUM,MEDIUM,5,COST_BASED,COST_BASED,false,false
1,baseline,1,2046,0,0,HYBRID_HEAT_PUMP,PRIVATELY_OWNED,53254,0,0,274414,91648,0,0,0,0,0,MEDIUM,MEDIUM,MEDIUM,5,COST_BASED,COST_BASED,false,false
1,baseline,1,2046,0,0,HYBRID_HEAT_PUMP,PRIVATELY_RENTED,50722,0,0,274414,91648,0,0,0,0,0,MEDIUM,MEDIUM,MEDIUM,5,COST_BASED,COST_BASED,false,false
1,baseline,1,2046,0,0,HYBRID_HEAT_PUMP,SOCIAL_HOUSING,86556,0,0,274414,91648,0,0,0,0,0,MEDIUM,MEDIUM,MEDIUM,5,COST_BASED,COST_BASED,false,false
1,baseline,1,2046,0,0,HYBRID_HEAT_PUMP,HOME_OWNER_ASSOCIATION,13594,0,0,274414,91648,0,0,0,0,0,MEDIUM,MEDIUM,MEDIUM,5,COST_BASED,COST_BASED,false,false
1,baseline,1,2046,0,0,HYBRID_HEAT_PUMP,TOTAL,204126,19781,14012,274414,91648,0,0,0,0,0,MEDIUM,MEDIUM,MEDIUM,5,COST_BASED,COST_BASED,false,false
1,baseline,1,2046,0,0,ELECTRIC_HEAT_PUMP,PRIVATELY_OWNED,149692,0,0,203882,91648,0,0,0,0,0,MEDIUM,MEDIUM,MEDIUM,5,COST_BASED,COST_BASED,false,false
1,baseline,1,2046,0,0,ELECTRIC_HEAT_PUMP,PRIVATELY_RENTED,217,0,0,203882,91648,0,0,0,0,0,MEDIUM,MEDIUM,MEDIUM,5,COST_BASED,COST_BASED,false,false
1,baseline,1,2046,0,0,ELECTRIC_HEAT_PUMP,SOCIAL_HOUSING,284,0,0,203882,91648,0,0,0,0,0,MEDIUM,MEDIUM,MEDIUM,5,COST_BASED,COST_BASED,false,false
1,baseline,1,2046,0,0,ELECTRIC_HEAT_PUMP,HOME_OWNER_ASSOCIATION,0,0,0,203882,91648,0,0,0,0,0,MEDIUM,MEDIUM,MEDIUM,5,COST_BASED,COST_BASED,false,false
1,baseline,1,2046,0,0,ELECTRIC_HEAT_PUMP,TOTAL,150193,14152,6792,203882,91648,0,0,0,0,0,MEDIUM,MEDIUM,MEDIUM,5,COST_BASED,COST_BASED,false,false
1,baseline,1,2046,0,0,DISTRICT_HEATING,PRIVATELY_OWNED,13734,0,0,21854,91648,0,0,0,0,0,MEDIUM,MEDIUM,MEDIUM,5,COST_BASED,COST_BASED,false,false
1,baseline,1,2046,0,0,DISTRICT_HEATING,PRIVATELY_RENTED,779,0,0,21854,91648,0,0,0,0,0,MEDIUM,MEDIUM,MEDIUM,5,COST_BASED,COST_BASED,false,false
1,baseline,1,2046,0,0,DISTRICT_HEATING,SOCIAL_HOUSING,645,0,0,21854,91648,0,0,0,0,0,MEDIUM,MEDIUM,MEDIUM,5,COST_BASED,COST_BASED,false,false
1,baseline,1,2046,0,0,DISTRICT_HEATING,HOME_OWNER_ASSOCIATION,0,0,0,21854,91648,0,0,0,0,0,MEDIUM,MEDIUM,MEDIUM,5,COST_BASED,COST_BASED,false,false
1,baseline,1,2046,0,0,DISTRICT_HEATING,TOTAL,15158,1122,171,21854,91648,0,0,0,0,0,MEDIUM,MEDIUM,MEDIUM,5,COST_BASED,COST_BASED,false,false
1,baseline,1,2047,0,0,NATURAL_GAS_BOILER,PRIVATELY_OWNED,114883,0,0,987905,85409,0,0,0,0,0,MEDIUM,MEDIUM,MEDIUM,5,COST_BASED,COST_BASED,false,false
1,baseline,1,2047,0,0,NATURAL_GAS_BOILER,PRIVATELY_RENTED,17887,0,0,987905,85409,0,0,0,0,0,MEDIUM,MEDIUM,MEDIUM,5,COST_BASED,COST_BASED,false,false
1,baseline,1,2047,0,0,NATURAL_GAS_BOILER,SOCIAL_HOUSING,16991,0,0,987905,85409,0,0,0,0,0,MEDIUM,MEDIUM,MEDIUM,5,COST_BASED,COST_BASED,false,false
1,baseline,1,2047,0,0,NATURAL_GAS_BOILER,HOME_OWNER_ASSOCIATION,11426,0,0,987905,85409,0,0,0,0,0,MEDIUM,MEDIUM,MEDIUM,5,COST_BASED,COST_BASED,false,false
1,baseline,1,2047,0,0,NATURAL_GAS_BOILER,TOTAL,161187,9129,22024,987905,85409,0,0,0,0,0,MEDIUM,MEDIUM,MEDIUM,5,COST_BASED,COST_BASED,false,false
1,baseline,1,2047,0,0,NATURAL_GAS_BLOCK,PRIVATELY_OWNED,22,0,0,34625,85409,0,0,0,0,0,MEDIUM,MEDIUM,MEDIUM,5,COST_BASED,COST_BASED,false,false
1,baseline,1,2047,0,0,NATURAL_GAS_BLOCK,PRIVATELY_RENTED,2141,0,0,34625,85409,0,0,0,0,0,MEDIUM,MEDIUM,MEDIUM,5,COST_BASED,COST_BASED,false,false
1,baseline,1,2047,0,0,NATURAL_GAS_BLOCK,SOCIAL_HOUSING,0,0,0,34625,85409,0,0,0,0,0,MEDIUM,MEDIUM,MEDIUM,5,COST_BASED,COST_BASED,false,false
1,baseline,1,2047,0,0,NATURAL_GAS_BLOCK,HOME_OWNER_ASSOCIATION,18,0,0,34625,85409,0,0,0,0,0,MEDIUM,MEDIUM,MEDIUM,5,COST_BASED,COST_BASED,false,false
1,baseline,1,2047,0,0,NATURAL_GAS_BLOCK,TOTAL,2181,161,178,34625,85409,0,0,0,0,0,MEDIUM,MEDIUM,MEDIUM,5,COST_BASED,COST_BASED,false,false
1,baseline,1,2047,0,0,HYBRID_HEAT_PUMP,PRIVATELY_OWNED,56457,0,0,289270,85409,0,0,0,0,0,MEDIUM,MEDIUM,MEDIUM,5,COST_BASED,COST_BASED,false,false
1,baseline,1,2047,0,0,HYBRID_HEAT_PUMP,PRIVATELY_RENTED,51450,0,0,289270,85409,0,0,0,0,0,MEDIUM,MEDIUM,MEDIUM,5,COST_BASED,COST_BASED,false,false
1,baseline,1,2047,0,0,HYBRID_HEAT_PUMP,SOCIAL_HOUSING,87377,0,0,289270,85409,0,0,0,0,0,MEDIUM,MEDIUM,MEDIUM,5,COST_BASED,COST_BASED,false,false
1,baseline,1,2047,0,0,HYBRID_HEAT_PUMP,HOME_OWNER_ASSOCIATION,14113,0,0,289270,85409,0,0,0,0,0,MEDIUM,MEDIUM,MEDIUM,5,COST_BASED,COST_BASED,false,false
1,baseline,1,2047,0,0,HYBRID_HEAT_PUMP,TOTAL,209397,14856,9585,289270,85409,0,0,0,0,0,MEDIUM,MEDIUM,MEDIUM,5,COST_BASED,COST_BASED,false,false
1,baseline,1,2047,0,0,ELECTRIC_HEAT_PUMP,PRIVATELY_OWNED,156224,0,0,218569,85409,0,0,0,0,0,MEDIUM,MEDIUM,MEDIUM,5,COST_BASED,COST_BASED,false,false
1,baseline,1,2047,0,0,ELECTRIC_HEAT_PUMP,PRIVATELY_RENTED,288,0,0,218569,85409,0,0,0,0,0,MEDIUM,MEDIUM,MEDIUM,5,COST_BASED,COST_BASED,false,false
1,baseline,1,2047,0,0,ELECTRIC_HEAT_PUMP,SOCIAL_HOUSING,284,0,0,218569,85409,0,0,0,0,0,MEDIUM,MEDIUM,MEDIUM,5,COST_BASED,COST_BASED,false,false
1,baseline,1,2047,0,0,ELECTRIC_HEAT_PUMP,HOME_OWNER_ASSOCIATION,0,0,0,218569,85409,0,0,0,0,0,MEDIUM,MEDIUM,MEDIUM,5,COST_BASED,COST_BASED,false,false
1,baseline,1,2047,0,0,ELECTRIC_HEAT_PUMP,TOTAL,156796,14687,8084,218569,85409,0,0,0,0,0,MEDIUM,MEDIUM,MEDIUM,5,COST_BASED,COST_BASED,false,false
1,baseline,1,2047,0,0,DISTRICT_HEATING,PRIVATELY_OWNED,14854,0,0,23076,85409,0,0,0,0,0,MEDIUM,MEDIUM,MEDIUM,5,COST_BASED,COST_BASED,false,false
1,baseline,1,2047,0,0,DISTRICT_HEATING,PRIVATELY_RENTED,698,0,0,23076,85409,0,0,0,0,0,MEDIUM,MEDIUM,MEDIUM,5,COST_BASED,COST_BASED,false,false
1,baseline,1,2047,0,0,DISTRICT_HEATING,SOCIAL_HOUSING,644,0,0,23076,85409,0,0,0,0,0,MEDIUM,MEDIUM,MEDIUM,5,COST_BASED,COST_BASED,false,false
1,baseline,1,2047,0,0,DISTRICT_HEATING,HOME_OWNER_ASSOCIATION,0,0,0,23076,85409,0,0,0,0,0,MEDIUM,MEDIUM,MEDIUM,5,COST_BASED,COST_BASED,false,false
1,baseline,1,2047,0,0,DISTRICT_HEATING,TOTAL,16196,1222,184,23076,85409,0,0,0,0,0,MEDIUM,MEDIUM,MEDIUM,5,COST_BASED,COST_BASED,false,false
1,baseline,1,2048,0,0,NATURAL_GAS_BOILER,PRIVATELY_OWNED,104731,0,0,997053,86270,0,0,0,0,0,MEDIUM,MEDIUM,MEDIUM,5,COST_BASED,COST_BASED,false,false
1,baseline,1,2048,0,0,NATURAL_GAS_BOILER,PRIVATELY_RENTED,17246,0,0,997053,86270,0,0,0,0,0,MEDIUM,MEDIUM,MEDIUM,5,COST_BASED,COST_BASED,false,false
1,baseline,1,2048,0,0,NATURAL_GAS_BOILER,SOCIAL_HOUSING,16203,0,0,997053,86270,0,0,0,0,0,MEDIUM,MEDIUM,MEDIUM,5,COST_BASED,COST_BASED,false,false
1,baseline,1,2048,0,0,NATURAL_GAS_BOILER,HOME_OWNER_ASSOCIATION,11234,0,0,997053,86270,0,0,0,0,0,MEDIUM,MEDIUM,MEDIUM,5,COST_BASED,COST_BASED,false,false
1,baseline,1,2048,0,0,NATURAL_GAS_BOILER,TOTAL,149414,9148,20921,997053,86270,0,0,0,0,0,MEDIUM,MEDIUM,MEDIUM,5,COST_BASED,COST_BASED,false,false
1,baseline,1,2048,0,0,NATURAL_GAS_BLOCK,PRIVATELY_OWNED,20,0,0,34770,86270,0,0,0,0,0,MEDIUM,MEDIUM,MEDIUM,5,COST_BASED,COST_BASED,false,false
1,baseline,1,2048,0,0,NATURAL_GAS_BLOCK,PRIVATELY_RENTED,2089,0,0,34770,86270,0,0,0,0,0,MEDIUM,MEDIUM,MEDIUM,5,COST_BASED,COST_BASED,false,false
1,baseline,1,2048,0,0,NATURAL_GAS_BLOCK,SOCIAL_HOUSING,0,0,0,34770,86270,0,0,0,0,0,MEDIUM,MEDIUM,MEDIUM,5,COST_BASED,COST_BASED,false,false
1,baseline,1,2048,0,0,NATURAL_GAS_BLOCK,HOME_OWNER_ASSOCIATION,18,0,0,34770,86270,0,0,0,0,0,MEDIUM,MEDIUM,MEDIUM,5,COST_BASED,COST_BASED,false,false
1,baseline,1,2048,0,0,NATURAL_GAS_BLOCK,TOTAL,2127,145,199,34770,86270,0,0,0,0,0,MEDIUM,MEDIUM,MEDIUM,5,COST_BASED,COST_BASED,false,false
1,baseline,1,2048,0,0,HYBRID_HEAT_PUMP,PRIVATELY_OWNED,59805,0,0,306795,86270,0,0,0,0,0,MEDIUM,MEDIUM,MEDIUM,5,COST_BASED,COST_BASED,false,false
1,baseline,1,2048,0,0,HYBRID_HEAT_PUMP,PRIVATELY_RENTED,52136,0,0,306795,86270,0,0,0,0,0,MEDIUM,MEDIUM,MEDIUM,5,COST_BASED,COST_BASED,false,false
1,baseline,1,2048,0,0,HYBRID_HEAT_PUMP,SOCIAL_HOUSING,88228,0,0,306795,86270,0,0,0,0,0,MEDIUM,MEDIUM,MEDIUM,5,COST_BASED,COST_BASED,false,false
1,baseline,1,2048,0,0,HYBRID_HEAT_PUMP,HOME_OWNER_ASSOCIATION,14305,0,0,306795,86270,0,0,0,0,0,MEDIUM,MEDIUM,MEDIUM,5,COST_BASED,COST_BASED,false,false
1,baseline,1,2048,0,0,HYBRID_HEAT_PUMP,TOTAL,214474,17525,12448,306795,86270,0,0,0,0,0,MEDIUM,MEDIUM,MEDIUM,5,COST_BASED,COST_BASED,false,false
1,baseline,1,2048,0,0,ELECTRIC_HEAT_PUMP,PRIVATELY_OWNED,161914,0,0,233131,86270,0,0,0,0,0,MEDIUM,MEDIUM,MEDIUM,5,COST_BASED,COST_BASED,false,false
1,baseline,1,2048,0,0,ELECTRIC_HEAT_PUMP,PRIVATELY_RENTED,371,0,0,233131,86270,0,0,0,0,0,MEDIUM,MEDIUM,MEDIUM,5,COST_BASED,COST_BASED,false,false
1,baseline,1,2048,0,0,ELECTRIC_HEAT_PUMP,SOCIAL_HOUSING,648,0,0,233131,86270,0,0,0,0,0,MEDIUM,MEDIUM,MEDIUM,5,COST_BASED,COST_BASED,false,false
1,baseline,1,2048,0,0,ELECTRIC_HEAT_PUMP,HOME_OWNER_ASSOCIATION,0,0,0,233131,86270,0,0,0,0,0,MEDIUM,MEDIUM,MEDIUM,5,COST_BASED,COST_BASED,false,false
1,baseline,1,2048,0,0,ELECTRIC_HEAT_PUMP,TOTAL,162933,14562,8425,233131,86270,0,0,0,0,0,MEDIUM,MEDIUM,MEDIUM,5,COST_BASED,COST_BASED,false,false
1,baseline,1,2048,0,0,DISTRICT_HEATING,PRIVATELY_OWNED,15970,0,0,24237,86270,0,0,0,0,0,MEDIUM,MEDIUM,MEDIUM,5,COST_BASED,COST_BASED,false,false
1,baseline,1,2048,0,0,DISTRICT_HEATING,PRIVATELY_RENTED,622,0,0,24237,86270,0,0,0,0,0,MEDIUM,MEDIUM,MEDIUM,5,COST_BASED,COST_BASED,false,false
1,baseline,1,2048,0,0,DISTRICT_HEATING,SOCIAL_HOUSING,217,0,0,24237,86270,0,0,0,0,0,MEDIUM,MEDIUM,MEDIUM,5,COST_BASED,COST_BASED,false,false
1,baseline,1,2048,0,0,DISTRICT_HEATING,HOME_OWNER_ASSOCIATION,0,0,0,24237,86270,0,0,0,0,0,MEDIUM,MEDIUM,MEDIUM,5,COST_BASED,COST_BASED,false,false
1,baseline,1,2048,0,0,DISTRICT_HEATING,TOTAL,16809,1161,548,24237,86270,0,0,0,0,0,MEDIUM,MEDIUM,MEDIUM,5,COST_BASED,COST_BASED,false,false
1,baseline,1,2049,0,0,NATURAL_GAS_BOILER,PRIVATELY_OWNED,95137,0,0,1005470,82555,0,0,0,0,0,MEDIUM,MEDIUM,MEDIUM,5,COST_BASED,COST_BASED,false,false
1,baseline,1,2049,0,0,NATURAL_GAS_BOILER,PRIVATELY_RENTED,16629,0,0,1005470,82555,0,0,0,0,0,MEDIUM,MEDIUM,MEDIUM,5,COST_BASED,COST_BASED,false,false
1,baseline,1,2049,0,0,NATURAL_GAS_BOILER,SOCIAL_HOUSING,16203,0,0,1005470,82555,0,0,0,0,0,MEDIUM,MEDIUM,MEDIUM,5,COST_BASED,COST_BASED,false,false
1,baseline,1,2049,0,0,NATURAL_GAS_BOILER,HOME_OWNER_ASSOCIATION,10730,0,0,1005470,82555,0,0,0,0,0,MEDIUM,MEDIUM,MEDIUM,5,COST_BASED,COST_BASED,false,false
1,baseline,1,2049,0,0,NATURAL_GAS_BOILER,TOTAL,138699,8417,19132,1005470,82555,0,0,0,0,0,MEDIUM,MEDIUM,MEDIUM,5,COST_BASED,COST_BASED,false,false
1,baseline,1,2049,0,0,NATURAL_GAS_BLOCK,PRIVATELY_OWNED,21,0,0,34903,82555,0,0,0,0,0,MEDIUM,MEDIUM,MEDIUM,5,COST_BASED,COST_BASED,false,false
1,baseline,1,2049,0,0,NATURAL_GAS_BLOCK,PRIVATELY_RENTED,2025,0,0,34903,82555,0,0,0,0,0,MEDIUM,MEDIUM,MEDIUM,5,COST_BASED,COST_BASED,false,false
1,baseline,1,2049,0,0,NATURAL_GAS_BLOCK,SOCIAL_HOUSING,0,0,0,34903,82555,0,0,0,0,0,MEDIUM,MEDIUM,MEDIUM,5,COST_BASED,COST_BASED,false,false
1,baseline,1,2049,0,0,NATURAL_GAS_BLOCK,HOME_OWNER_ASSOCIATION,12,0,0,34903,82555,0,0,0,0,0,MEDIUM,MEDIUM,MEDIUM,5,COST_BASED,COST_BASED,false,false
1,baseline,1,2049,0,0,NATURAL_GAS_BLOCK,TOTAL,2058,133,202,34903,82555,0,0,0,0,0,MEDIUM,MEDIUM,MEDIUM,5,COST_BASED,COST_BASED,false,false
1,baseline,1,2049,0,0,HYBRID_HEAT_PUMP,PRIVATELY_OWNED,63368,0,0,323738,82555,0,0,0,0,0,MEDIUM,MEDIUM,MEDIUM,5,COST_BASED,COST_BASED,false,false
1,baseline,1,2049,0,0,HYBRID_HEAT_PUMP,PRIVATELY_RENTED,52778,0,0,323738,82555,0,0,0,0,0,MEDIUM,MEDIUM,MEDIUM,5,COST_BASED,COST_BASED,false,false
1,baseline,1,2049,0,0,HYBRID_HEAT_PUMP,SOCIAL_HOUSING,88228,0,0,323738,82555,0,0,0,0,0,MEDIUM,MEDIUM,MEDIUM,5,COST_BASED,COST_BASED,false,false
1,baseline,1,2049,0,0,HYBRID_HEAT_PUMP,HOME_OWNER_ASSOCIATION,14795,0,0,323738,82555,0,0,0,0,0,MEDIUM,MEDIUM,MEDIUM,5,COST_BASED,COST_BASED,false,false
1,baseline,1,2049,0,0,HYBRID_HEAT_PUMP,TOTAL,219169,16943,12248,323738,82555,0,0,0,0,0,MEDIUM,MEDIUM,MEDIUM,5,COST_BASED,COST_BASED,false,false
1,baseline,1,2049,0,0,ELECTRIC_HEAT_PUMP,PRIVATELY_OWNED,166856,0,0,246507,82555,0,0,0,0,0,MEDIUM,MEDIUM,MEDIUM,5,COST_BASED,COST_BASED,false,false
1,baseline,1,2049,0,0,ELECTRIC_HEAT_PUMP,PRIVATELY_RENTED,454,0,0,246507,82555,0,0,0,0,0,MEDIUM,MEDIUM,MEDIUM,5,COST_BASED,COST_BASED,false,false
1,baseline,1,2049,0,0,ELECTRIC_HEAT_PUMP,SOCIAL_HOUSING,648,0,0,246507,82555,0,0,0,0,0,MEDIUM,MEDIUM,MEDIUM,5,COST_BASED,COST_BASED,false,false
1,baseline,1,2049,0,0,ELECTRIC_HEAT_PUMP,HOME_OWNER_ASSOCIATION,20,0,0,246507,82555,0,0,0,0,0,MEDIUM,MEDIUM,MEDIUM,5,COST_BASED,COST_BASED,false,false
1,baseline,1,2049,0,0,ELECTRIC_HEAT_PUMP,TOTAL,167978,13376,8331,246507,82555,0,0,0,0,0,MEDIUM,MEDIUM,MEDIUM,5,COST_BASED,COST_BASED,false,false
1,baseline,1,2049,0,0,DISTRICT_HEATING,PRIVATELY_OWNED,17058,0,0,25372,82555,0,0,0,0,0,MEDIUM,MEDIUM,MEDIUM,5,COST_BASED,COST_BASED,false,false
1,baseline,1,2049,0,0,DISTRICT_HEATING,PRIVATELY_RENTED,578,0,0,25372,82555,0,0,0,0,0,MEDIUM,MEDIUM,MEDIUM,5,COST_BASED,COST_BASED,false,false
1,baseline,1,2049,0,0,DISTRICT_HEATING,SOCIAL_HOUSING,217,0,0,25372,82555,0,0,0,0,0,MEDIUM,MEDIUM,MEDIUM,5,COST_BASED,COST_BASED,false,false
1,baseline,1,2049,0,0,DISTRICT_HEATING,HOME_OWNER_ASSOCIATION,0,0,0,25372,82555,0,0,0,0,0,MEDIUM,MEDIUM,MEDIUM,5,COST_BASED,COST_BASED,false,false
1,baseline,1,2049,0,0,DISTRICT_HEATING,TOTAL,17853,1135,91,25372,82555,0,0,0,0,0,MEDIUM,MEDIUM,MEDIUM,5,COST_BASED,COST_BASED,false,false
1,baseline,1,2050,0,0,NATURAL_GAS_BOILER,PRIVATELY_OWNED,86328,0,0,1011835,82384,0,0,0,0,0,MEDIUM,MEDIUM,MEDIUM,5,COST_BASED,COST_BASED,false,false
1,baseline,1,2050,0,0,NATURAL_GAS_BOILER,PRIVATELY_RENTED,15995,0,0,1011835,82384,0,0,0,0,0,MEDIUM,MEDIUM,MEDIUM,5,COST_BASED,COST_BASED,false,false
1,baseline,1,2050,0,0,NATURAL_GAS_BOILER,SOCIAL_HOUSING,14208,0,0,1011835,82384,0,0,0,0,0,MEDIUM,MEDIUM,MEDIUM,5,COST_BASED,COST_BASED,false,false
1,baseline,1,2050,0,0,NATURAL_GAS_BOILER,HOME_OWNER_ASSOCIATION,10201,0,0,1011835,82384,0,0,0,0,0,MEDIUM,MEDIUM,MEDIUM,5,COST_BASED,COST_BASED,false,false
1,baseline,1,2050,0,0,NATURAL_GAS_BOILER,TOTAL,126732,6365,18332,1011835,82384,0,0,0,0,0,MEDIUM,MEDIUM,MEDIUM,5,COST_BASED,COST_BASED,false,false
1,baseline,1,2050,0,0,NATURAL_GAS_BLOCK,PRIVATELY_OWNED,16,0,0,35071,82384,0,0,0,0,0,MEDIUM,MEDIUM,MEDIUM,5,COST_BASED,COST_BASED,false,false
1,baseline,1,2050,0,0,NATURAL_GAS_BLOCK,PRIVATELY_RENTED,2004,0,0,35071,82384,0,0,0,0,0,MEDIUM,MEDIUM,MEDIUM,5,COST_BASED,COST_BASED,false,false
1,baseline,1,2050,0,0,NATURAL_GAS_BLOCK,SOCIAL_HOUSING,0,0,0,35071,82384,0,0,0,0,0,MEDIUM,MEDIUM,MEDIUM,5,COST_BASED,COST_BASED,false,false
1,baseline,1,2050,0,0,NATURAL_GAS_BLOCK,HOME_OWNER_ASSOCIATION,9,0,0,35071,82384,0,0,0,0,0,MEDIUM,MEDIUM,MEDIUM,5,COST_BASED,COST_BASED,false,false
1,baseline,1,2050,0,0,NATURAL_GAS_BLOCK,TOTAL,2029,168,197,35071,82384,0,0,0,0,0,MEDIUM,MEDIUM,MEDIUM,5,COST_BASED,COST_BASED,false,false
1,baseline,1,2050,0,0,HYBRID_HEAT_PUMP,PRIVATELY_OWNED,67068,0,0,344276,82384,0,0,0,0,0,MEDIUM,MEDIUM,MEDIUM,5,COST_BASED,COST_BASED,false,false
1,baseline,1,2050,0,0,HYBRID_HEAT_PUMP,PRIVATELY_RENTED,53422,0,0,344276,82384,0,0,0,0,0,MEDIUM,MEDIUM,MEDIUM,5,COST_BASED,COST_BASED,false,false
1,baseline,1,2050,0,0,HYBRID_HEAT_PUMP,SOCIAL_HOUSING,90388,0,0,344276,82384,0,0,0,0,0,MEDIUM,MEDIUM,MEDIUM,5,COST_BASED,COST_BASED,false,false
1,baseline,1,2050,0,0,HYBRID_HEAT_PUMP,HOME_OWNER_ASSOCIATION,15327,0,0,344276,82384,0,0,0,0,0,MEDIUM,MEDIUM,MEDIUM,5,COST_BASED,COST_BASED,false,false
1,baseline,1,2050,0,0,HYBRID_HEAT_PUMP,TOTAL,226205,20538,13502,344276,82384,0,0,0,0,0,MEDIUM,MEDIUM,MEDIUM,5,COST_BASED,COST_BASED,false,false
1,baseline,1,2050,0,0,ELECTRIC_HEAT_PUMP,PRIVATELY_OWNED,170954,0,0,259186,82384,0,0,0,0,0,MEDIUM,MEDIUM,MEDIUM,5,COST_BASED,COST_BASED,false,false
1,baseline,1,2050,0,0,ELECTRIC_HEAT_PUMP,PRIVATELY_RENTED,545,0,0,259186,82384,0,0,0,0,0,MEDIUM,MEDIUM,MEDIUM,5,COST_BASED,COST_BASED,false,false
1,baseline,1,2050,0,0,ELECTRIC_HEAT_PUMP,SOCIAL_HOUSING,700,0,0,259186,82384,0,0,0,0,0,MEDIUM,MEDIUM,MEDIUM,5,COST_BASED,COST_BASED,false,false
1,baseline,1,2050,0,0,ELECTRIC_HEAT_PUMP,HOME_OWNER_ASSOCIATION,20,0,0,259186,82384,0,0,0,0,0,MEDIUM,MEDIUM,MEDIUM,5,COST_BASED,COST_BASED,false,false
1,baseline,1,2050,0,0,ELECTRIC_HEAT_PUMP,TOTAL,172219,12679,8438,259186,82384,0,0,0,0,0,MEDIUM,MEDIUM,MEDIUM,5,COST_BASED,COST_BASED,false,false
1,baseline,1,2050,0,0,DISTRICT_HEATING,PRIVATELY_OWNED,18074,0,0,26439,82384,0,0,0,0,0,MEDIUM,MEDIUM,MEDIUM,5,COST_BASED,COST_BASED,false,false
1,baseline,1,2050,0,0,DISTRICT_HEATING,PRIVATELY_RENTED,498,0,0,26439,82384,0,0,0,0,0,MEDIUM,MEDIUM,MEDIUM,5,COST_BASED,COST_BASED,false,false
1,baseline,1,2050,0,0,DISTRICT_HEATING,SOCIAL_HOUSING,0,0,0,26439,82384,0,0,0,0,0,MEDIUM,MEDIUM,MEDIUM,5,COST_BASED,COST_BASED,false,false
1,baseline,1,2050,0,0,DISTRICT_HEATING,HOME_OWNER_ASSOCIATION,0,0,0,26439,82384,0,0,0,0,0,MEDIUM,MEDIUM,MEDIUM,5,COST_BASED,COST_BASED,false,false
1,baseline,1,2050,0,0,DISTRICT_HEATING,TOTAL,18572,1067,348,26439,82384,0,0,0,0,0,MEDIUM,MEDIUM,MEDIUM,5,COST_BASED,COST_BASED,false,false
1,baseline,2,2024,0,0,NATURAL_GAS_BOILER,PRIVATELY_OWNED,310311,0,0,473453,0,0,0,0,0,0,MEDIUM,MEDIUM,MEDIUM,5,COST_BASED,COST_BASED,false,false
1,baseline,2,2024,0,0,NATURAL_GAS_BOILER,PRIVATELY_RENTED,64255,0,0,473453,0,0,0,0,0,0,MEDIUM,MEDIUM,MEDIUM,5,COST_BASED,COST_BASED,false,false
1,baseline,2,2024,0,0,NATURAL_GAS_BOILER,SOCIAL_HOUSING,98887,0,0,473453,0,0,0,0,0,0,MEDIUM,MEDIUM,MEDIUM,5,COST_BASED,COST_BASED,false,false
1,baseline,2,2024,0,0,NATURAL_GAS_BOILER,HOME_OWNER_ASSOCIATION,0,0,0,473453,0,0,0,0,0,0,MEDIUM,MEDIUM,MEDIUM,5,COST_BASED,COST_BASED,false,false
1,baseline,2,2024,0,0,NATURAL_GAS_BOILER,TOTAL,473453,0,0,473453,0,0,0,0,0,0,MEDIUM,MEDIUM,MEDIUM,5,COST_BASED,COST_BASED,false,false
1,baseline,2,2024,0,0,NATURAL_GAS_BLOCK,PRIVATELY_OWNED,0,0,0,29886,0,0,0,0,0,0,MEDIUM,MEDIUM,MEDIUM,5,COST_BASED,COST_BASED,false,false
1,baseline,2,2024,0,0,NATURAL_GAS_BLOCK,PRIVATELY_RENTED,0,0,0,29886,0,0,0,0,0,0,MEDIUM,MEDIUM,MEDIUM,5,COST_BASED,COST_BASED,false,false
1,baseline,2,2024,0,0,NATURAL_GAS_BLOCK,SOCIAL_HOUSING,4184,0,0,29886,0,0,0,0,0,0,MEDIUM,MEDIUM,MEDIUM,5,COST_BASED,COST_BASED,false,false
1,baseline,2,2024,0,0,NATURAL_GAS_BLOCK,HOME_OWNER_ASSOCIATION,25702,0,0,29886,0,0,0,0,0,0,MEDIUM,MEDIUM,MEDIUM,5,COST_BASED,COST_BASED,false,false
1,baseline,2,2024,0,0,NATURAL_GAS_BLOCK,TOTAL,29886,0,0,29886,0,0,0,0,0,0,MEDIUM,MEDIUM,MEDIUM,5,COST_BASED,COST_BASED,false,false
1,baseline,2,2024,0,0,HYBRID_HEAT_PUMP,PRIVATELY_OWNED,9664,0,0,11397,0,0,0,0,0,0,MEDIUM,MEDIUM,MEDIUM,5,COST_BASED,COST_BASED,false,false
1,baseline,2,2024,0,0,HYBRID_HEAT_PUMP,PRIVATELY_RENTED,1675,0,0,11397,0,0,0,0,0,0,MEDIUM,MEDIUM,MEDIUM,5,COST_BASED,COST_BASED,false,false
1,baseline,2,2024,0,0,HYBRID_HEAT_PUMP,SOCIAL_HOUSING,58,0,0,11397,0,0,0,0,0,0,MEDIUM,MEDIUM,MEDIUM,5,COST_BASED,COST_BASED,false,false
1,baseline,2,2024,0,0,HYBRID_HEAT_PUMP,HOME_OWNER_ASSOCIATION,0,0,0,11397,0,0,0,0,0,0,MEDIUM,MEDIUM,MEDIUM,5,COST_BASED,COST_BASED,false,false
1,baseline,2,2024,0,0,HYBRID_HEAT_PUMP,TOTAL,11397,0,0,11397,0,0,0,0,0,0,MEDIUM,MEDIUM,MEDIUM,5,COST_BASED,COST_BASED,false,false
1,baseline,2,2024,0,0,ELECTRIC_HEAT_PUMP,PRIVATELY_OWNED,18591,0,0,22712,0,0,0,0,0,0,MEDIUM,MEDIUM,MEDIUM,5,COST_BASED,COST_BASED,false,false
1,baseline,2,2024,0,0,ELECTRIC_HEAT_PUMP,PRIVATELY_RENTED,3889,0,0,22712,0,0,0,0,0,0,MEDIUM,MEDIUM,MEDIUM,5,COST_BASED,COST_BASED,false,false
1,baseline,2,2024,0,0,ELECTRIC_HEAT_PUMP,SOCIAL_HOUSING,232,0,0,22712,0,0,0,0,0,0,MEDIUM,MEDIUM,MEDIUM,5,COST_BASED,COST_BASED,false,false
1,baseline,2,2024,0,0,ELECTRIC_HEAT_PUMP,HOME_OWNER_ASSOCIATION,0,0,0,22712,0,0,0,0,0,0,MEDIUM,MEDIUM,MEDIUM,5,COST_BASED,COST_BASED,false,false
1,baseline,2,2024,0,0,ELECTRIC_HEAT_PUMP,TOTAL,22712,0,0,22712,0,0,0,0,0,0,MEDIUM,MEDIUM,MEDIUM,5,COST_BASED,COST_BASED,false,false
1,baseline,2,2024,0,0,DISTRICT_HEATING,PRIVATELY_OWNED,3718,0,0,8309,0,0,0,0,0,0,MEDIUM,MEDIUM,MEDIUM,5,COST_BASED,COST_BASED,false,false
1,baseline,2,2024,0,0,DISTRICT_HEATING,PRIVATELY_RENTED,2916,0,0,8309,0,0,0,0,0,0,MEDIUM,MEDIUM,MEDIUM,5,COST_BASED,COST_BASED,false,false
1,baseline,2,2024,0,0,DISTRICT_HEATING,SOCIAL_HOUSING,1675,0,0,8309,0,0,0,0,0,0,MEDIUM,MEDIUM,MEDIUM,5,COST_BASED,COST_BASED,false,false
1,baseline,2,2024,0,0,DISTRICT_HEATING,HOME_OWNER_ASSOCIATION,0,0,0,8309,0,0,0,0,0,0,MEDIUM,MEDIUM,MEDIUM,5,COST_BASED,COST_BASED,false,false
1,baseline,2,2024,0,0,DISTRICT_HEATING,TOTAL,8309,0,0,8309,0,0,0,0,0,0,MEDIUM,MEDIUM,MEDIUM,5,COST_BASED,COST_BASED,false,false
1,baseline,2,2025,0,0,NATURAL_GAS_BOILER,PRIVATELY_OWNED,310342,0,0,514912,102821,0,0,0,0,0,MEDIUM,MEDIUM,MEDIUM,5,COST_BASED,COST_BASED,false,false
1,baseline,2,2025,0,0,NATURAL_GAS_BOILER,PRIVATELY_RENTED,62524,0,0,514912,102821,0,0,0,0,0,MEDIUM,MEDIUM,MEDIUM,5,COST_BASED,COST_BASED,false,false
1,baseline,2,2025,0,0,NATURAL_GAS_BOILER,SOCIAL_HOUSING,98676,0,0,514912,102821,0,0,0,0,0,MEDIUM,MEDIUM,MEDIUM,5,COST_BASED,COST_BASED,false,false
1,baseline,2,2025,0,0,NATURAL_GAS_BOILER,HOME_OWNER_ASSOCIATION,2618,0,0,514912,102821,0,0,0,0,0,MEDIUM,MEDIUM,MEDIUM,5,COST_BASED,COST_BASED,false,false
1,baseline,2,2025,0,0,NATURAL_GAS_BOILER,TOTAL,474160,41459,40752,514912,102821,0,0,0,0,0,MEDIUM,MEDIUM,MEDIUM,5,COST_BASED,COST_BASED,false,false
1,baseline,2,2025,0,0,NATURAL_GAS_BLOCK,PRIVATELY_OWNED,2,0,0,30132,102821,0,0,0,0,0,MEDIUM,MEDIUM,MEDIUM,5,COST_BASED,COST_BASED,false,false
1,baseline,2,2025,0,0,NATURAL_GAS_BLOCK,PRIVATELY_RENTED,244,0,0,30132,102821,0,0,0,0,0,MEDIUM,MEDIUM,MEDIUM,5,COST_BASED,COST_BASED,false,false
1,baseline,2,2025,0,0,NATURAL_GAS_BLOCK,SOCIAL_HOUSING,3470,0,0,30132,102821,0,0,0,0,0,MEDIUM,MEDIUM,MEDIUM,5,COST_BASED,COST_BASED,false,false
1,baseline,2,2025,0,0,NATURAL_GAS_BLOCK,HOME_OWNER_ASSOCIATION,23084,0,0,30132,102821,0,0,0,0,0,MEDIUM,MEDIUM,MEDIUM,5,COST_BASED,COST_BASED,false,false
1,baseline,2,2025,0,0,NATURAL_GAS_BLOCK,TOTAL,26800,246,3332,30132,102821,0,0,0,0,0,MEDIUM,MEDIUM,MEDIUM,5,COST_BASED,COST_BASED,false,false
1,baseline,2,2025,0,0,HYBRID_HEAT_PUMP,PRIVATELY_OWNED,10486,0,0,16338,102821,0,0,0,0,0,MEDIUM,MEDIUM,MEDIUM,5,COST_BASED,COST_BASED,false,false
1,baseline,2,2025,0,0,HYBRID_HEAT_PUMP,PRIVATELY_RENTED,3517,0,0,16338,102821,0,0,0,0,0,MEDIUM,MEDIUM,MEDIUM,5,COST_BASED,COST_BASED,false,false
1,baseline,2,2025,0,0,HYBRID_HEAT_PUMP,SOCIAL_HOUSING,1247,0,0,16338,102821,0,0,0,0,0,MEDIUM,MEDIUM,MEDIUM,5,COST_BASED,COST_BASED,false,false
1,baseline,2,2025,0,0,HYBRID_HEAT_PUMP,HOME_OWNER_ASSOCIATION,0,0,0,16338,102821,0,0,0,0,0,MEDIUM,MEDIUM,MEDIUM,5,COST_BASED,COST_BASED,false,false
1,baseline,2,2025,0,0,HYBRID_HEAT_PUMP,TOTAL,15250,4941,1088,16338,102821,0,0,0,0,0,MEDIUM,MEDIUM,MEDIUM,5,COST_BASED,COST_BASED,false,false
1,baseline,2,2025,0,0,ELECTRIC_HEAT_PUMP,PRIVATELY_OWNED,19071,0,0,25287,102821,0,0,0,0,0,MEDIUM,MEDIUM,MEDIUM,5,COST_BASED,COST_BASED,false,false
1,baseline,2,2025,0,0,ELECTRIC_HEAT_PUMP,PRIVATELY_RENTED,3604,0,0,25287,102821,0,0,0,0,0,MEDIUM,MEDIUM,MEDIUM,5,COST_BASED,COST_BASED,false,false
1,baseline,2,2025,0,0,ELECTRIC_HEAT_PUMP,SOCIAL_HOUSING,232,0,0,25287,102821,0,0,0,0,0,MEDIUM,MEDIUM,MEDIUM,5,COST_BASED,COST_BASED,false,false
1,baseline,2,2025,0,0,ELECTRIC_HEAT_PUMP,HOME_OWNER_ASSOCIATION,0,0,0,25287,102821,0,0,0,0,0,MEDIUM,MEDIUM,MEDIUM,5,COST_BASED,COST_BASED,false,false
1,baseline,2,2025,0,0,ELECTRIC_HEAT_PUMP,TOTAL,22907,2575,2380,25287,102821,0,0,0,0,0,MEDIUM,MEDIUM,MEDIUM,5,COST_BASED,COST_BASED,false,false
1,baseline,2,2025,0,0,DISTRICT_HEATING,PRIVATELY_OWNED,2383,0,0,8309,102821,0,0,0,0,0,MEDIUM,MEDIUM,MEDIUM,5,COST_BASED,COST_BASED,false,false
1,baseline,2,2025,0,0,DISTRICT_HEATING,PRIVATELY_RENTED,2846,0,0,8309,102821,0,0,0,0,0,MEDIUM,MEDIUM,MEDIUM,5,COST_BASED,COST_BASED,false,false
1,baseline,2,2025,0,0,DISTRICT_HEATING,SOCIAL_HOUSING,1411,0,0,8309,102821,0,0,0,0,0,MEDIUM,MEDIUM,MEDIUM,5,COST_BASED,COST_BASED,false,false
1,baseline,2,2025,0,0,DISTRICT_HEATING,HOME_OWNER_ASSOCIATION,0,0,0,8309,102821,0,0,0,0,0,MEDIUM,MEDIUM,MEDIUM,5,COST_BASED,COST_BASED,false,false
1,baseline,2,2025,0,0,DISTRICT_HEATING,TOTAL,6640,0,1669,8309,102821,0,0,0,0,0,MEDIUM,MEDIUM,MEDIUM,5,COST_BASED,COST_BASED,false,false
1,baseline,2,2026,0,0,NATURAL_GAS_BOILER,PRIVATELY_OWNED,307652,0,0,552386,98376,0,0,0,0,0,MEDIUM,MEDIUM,MEDIUM,5,COST_BASED,COST_BASED,false,false
1,baseline,2,2026,0,0,NATURAL_GAS_BOILER,PRIVATELY_RENTED,60485,0,0,552386,98376,0,0,0,0,0,MEDIUM,MEDIUM,MEDIUM,5,COST_BASED,COST_BASED,false,false
1,baseline,2,2026,0,0,NATURAL_GAS_BOILER,SOCIAL_HOUSING,97830,0,0,552386,98376,0,0,0,0,0,MEDIUM,MEDIUM,MEDIUM,5,COST_BASED,COST_BASED,false,false
1,baseline,2,2026,0,0,NATURAL_GAS_BOILER,HOME_OWNER_ASSOCIATION,3920,0,0,552386,98376,0,0,0,0,0,MEDIUM,MEDIUM,MEDIUM,5,COST_BASED,COST_BASED,false,false
1,baseline,2,2026,0,0,NATURAL_GAS_BOILER,TOTAL,469887,37474,41747,552386,98376,0,0,0,0,0,MEDIUM,MEDIUM,MEDIUM,5,COST_BASED,COST_BASED,false,false
1,baseline,2,2026,0,0,NATURAL_GAS_BLOCK,PRIVATELY_OWNED,6,0,0,30430,98376,0,0,0,0,0,MEDIUM,MEDIUM,MEDIUM,5,COST_BASED,COST_BASED,false,false
1,baseline,2,2026,0,0,NATURAL_GAS_BLOCK,PRIVATELY_RENTED,535,0,0,30430,98376,0,0,0,0,0,MEDIUM,MEDIUM,MEDIUM,5,COST_BASED,COST_BASED,false,false
1,baseline,2,2026,0,0,NATURAL_GAS_BLOCK,SOCIAL_HOUSING,3145,0,0,30430,98376,0,0,0,0,0,MEDIUM,MEDIUM,MEDIUM,5,COST_BASED,COST_BASED,false,false
1,baseline,2,2026,0,0,NATURAL_GAS_BLOCK,HOME_OWNER_ASSOCIATION,21687,0,0,30430,98376,0,0,0,0,0,MEDIUM,MEDIUM,MEDIUM,5,COST_BASED,COST_BASED,false,false
1,baseline,2,2026,0,0,NATURAL_GAS_BLOCK,TOTAL,25373,298,1725,30430,98376,0,0,0,0,0,MEDIUM,MEDIUM,MEDIUM,5,COST_BASED,COST_BASED,false,false
1,baseline,2,2026,0,0,HYBRID_HEAT_PUMP,PRIVATELY_OWNED,11400,0,0,21514,98376,0,0,0,0,0,MEDIUM,MEDIUM,MEDIUM,5,COST_BASED,COST_BASED,false,false
1,baseline,2,2026,0,0,HYBRID_HEAT_PUMP,PRIVATELY_RENTED,5592,0,0,21514,98376,0,0,0,0,0,MEDIUM,MEDIUM,MEDIUM,5,COST_BASED,COST_BASED,false,false
1,baseline,2,2026,0,0,HYBRID_HEAT_PUMP,SOCIAL_HOUSING,2469,0,0,21514,98376,0,0,0,0,0,MEDIUM,MEDIUM,MEDIUM,5,COST_BASED,COST_BASED,false,false
1,baseline,2,2026,0,0,HYBRID_HEAT_PUMP,HOME_OWNER_ASSOCIATION,95,0,0,21514,98376,0,0,0,0,0,MEDIUM,MEDIUM,MEDIUM,5,COST_BASED,COST_BASED,false,false
1,baseline,2,2026,0,0,HYBRID_HEAT_PUMP,TOTAL,19556,5176,870,21514,98376,0,0,0,0,0,MEDIUM,MEDIUM,MEDIUM,5,COST_BASED,COST_BASED,false,false
1,baseline,2,2026,0,0,ELECTRIC_HEAT_PUMP,PRIVATELY_OWNED,20955,0,0,28532,98376,0,0,0,0,0,MEDIUM,MEDIUM,MEDIUM,5,COST_BASED,COST_BASED,false,false
1,baseline,2,2026,0,0,ELECTRIC_HEAT_PUMP,PRIVATELY_RENTED,3359,0,0,28532,98376,0,0,0,0,0,MEDIUM,MEDIUM,MEDIUM,5,COST_BASED,COST_BASED,false,false
1,baseline,2,2026,0,0,ELECTRIC_HEAT_PUMP,SOCIAL_HOUSING,181,0,0,28532,98376,0,0,0,0,0,MEDIUM,MEDIUM,MEDIUM,5,COST_BASED,COST_BASED,false,false
1,baseline,2,2026,0,0,ELECTRIC_HEAT_PUMP,HOME_OWNER_ASSOCIATION,0,0,0,28532,98376,0,0,0,0,0,MEDIUM,MEDIUM,MEDIUM,5,COST_BASED,COST_BASED,false,false
1,baseline,2,2026,0,0,ELECTRIC_HEAT_PUMP,TOTAL,24495,3245,1657,28532,98376,0,0,0,0,0,MEDIUM,MEDIUM,MEDIUM,5,COST_BASED,COST_BASED,false,false
1,baseline,2,2026,0,0,DISTRICT_HEATING,PRIVATELY_OWNED,2271,0,0,8309,98376,0,0,0,0,0,MEDIUM,MEDIUM,MEDIUM,5,COST_BASED,COST_BASED,false,false
1,baseline,2,2026,0,0,DISTRICT_HEATING,PRIVATELY_RENTED,2764,0,0,8309,98376,0,0,0,0,0,MEDIUM,MEDIUM,MEDIUM,5,COST_BASED,COST_BASED,false,false
1,baseline,2,2026,0,0,DISTRICT_HEATING,SOCIAL_HOUSING,1411,0,0,8309,98376,0,0,0,0,0,MEDIUM,MEDIUM,MEDIUM,5,COST_BASED,COST_BASED,false,false
1,baseline,2,2026,0,0,DISTRICT_HEATING,HOME_OWNER_ASSOCIATION,0,0,0,8309,98376,0,0,0,0,0,MEDIUM,MEDIUM,MEDIUM,5,COST_BASED,COST_BASED,false,false
1,baseline,2,2026,0,0,DISTRICT_HEATING,TOTAL,6446,0,194,8309,98376,0,0,0,0,0,MEDIUM,MEDIUM,MEDIUM,5,COST_BASED,COST_BASED,false,false
1,baseline,2,2027,0,0,NATURAL_GAS_BOILER,PRIVATELY_OWNED,305227,0,0,587564,95426,0,0,0,0,0,MEDIUM,MEDIUM,MEDIUM,5,COST_BASED,COST_BASED,false,false
1,baseline,2,2027,0,0,NATURAL_GAS_BOILER,PRIVATELY_RENTED,58222,0,0,587564,95426,0,0,0,0,0,MEDIUM,MEDIUM,MEDIUM,5,COST_BASED,COST_BASED,false,false
1,baseline,2,2027,0,0,NATURAL_GAS_BOILER,SOCIAL_HOUSING,97027,0,0,587564,95426,0,0,0,0,0,MEDIUM,MEDIUM,MEDIUM,5,COST_BASED,COST_BASED,false,false
1,baseline,2,2027,0,0,NATURAL_GAS_BOILER,HOME_OWNER_ASSOCIATION,5345,0,0,587564,95426,0,0,0,0,0,MEDIUM,MEDIUM,MEDIUM,5,COST_BASED,COST_BASED,false,false
1,baseline,2,2027,0,0,NATURAL_GAS_BOILER,TOTAL,465821,35178,39244,587564,95426,0,0,0,0,0,MEDIUM,MEDIUM,MEDIUM,5,COST_BASED,COST_BASED,false,false
1,baseline,2,2027,0,0,NATURAL_GAS_BLOCK,PRIVATELY_OWNED,7,0,0,30686,95426,0,0,0,0,0,MEDIUM,MEDIUM,MEDIUM,5,COST_BASED,COST_BASED,false,false
1,baseline,2,2027,0,0,NATURAL_GAS_BLOCK,PRIVATELY_RENTED,790,0,0,30686,95426,0,0,0,0,0,MEDIUM,MEDIUM,MEDIUM,5,COST_BASED,COST_BASED,false,false
1,baseline,2,2027,0,0,NATURAL_GAS_BLOCK,SOCIAL_HOUSING,2910,0,0,30686,95426,0,0,0,0,0,MEDIUM,MEDIUM,MEDIUM,5,COST_BASED,COST_BASED,false,false
1,baseline,2,2027,0,0,NATURAL_GAS_BLOCK,HOME_OWNER_ASSOCIATION,20091,0,0,30686,95426,0,0,0,0,0,MEDIUM,MEDIUM,MEDIUM,5,COST_BASED,COST_BASED,false,false
1,baseline,2,2027,0,0,NATURAL_GAS_BLOCK,TOTAL,23798,256,1831,30686,95426,0,0,0,0,0,MEDIUM,MEDIUM,MEDIUM,5,COST_BASED,COST_BASED,false,false
1,baseline,2,2027,0,0,HYBRID_HEAT_PUMP,PRIVATELY_OWNED,12161,0,0,26801,95426,0,0,0,0,0,MEDIUM,MEDIUM,MEDIUM,5,COST_BASED,COST_BASED,false,false
1,baseline,2,2027,0,0,HYBRID_HEAT_PUMP,PRIVATELY_RENTED,8007,0,0,26801,95426,0,0,0,0,0,MEDIUM,MEDIUM,MEDIUM,5,COST_BASED,COST_BASED,false,false
1,baseline,2,2027,0,0,HYBRID_HEAT_PUMP,SOCIAL_HOUSING,3591,0,0,26801,95426,0,0,0,0,0,MEDIUM,MEDIUM,MEDIUM,5,COST_BASED,COST_BASED,false,false
1,baseline,2,2027,0,0,HYBRID_HEAT_PUMP,HOME_OWNER_ASSOCIATION,266,0,0,26801,95426,0,0,0,0,0,MEDIUM,MEDIUM,MEDIUM,5,COST_BASED,COST_BASED,false,false
1,baseline,2,2027,0,0,HYBRID_HEAT_PUMP,TOTAL,24025,5287,818,26801,95426,0,0,0,0,0,MEDIUM,MEDIUM,MEDIUM,5,COST_BASED,COST_BASED,false,false
1,baseline,2,2027,0,0,ELECTRIC_HEAT_PUMP,PRIVATELY_OWNED,22730,0,0,31586,95426,0,0,0,0,0,MEDIUM,MEDIUM,MEDIUM,5,COST_BASED,COST_BASED,false,false
1,baseline,2,2027,0,0,ELECTRIC_HEAT_PUMP,PRIVATELY_RENTED,3084,0,0,31586,95426,0,0,0,0,0,MEDIUM,MEDIUM,MEDIUM,5,COST_BASED,COST_BASED,false,false
1,baseline,2,2027,0,0,ELECTRIC_HEAT_PUMP,SOCIAL_HOUSING,97,0,0,31586,95426,0,0,0,0,0,MEDIUM,MEDIUM,MEDIUM,5,COST_BASED,COST_BASED,false,false
1,baseline,2,2027,0,0,ELECTRIC_HEAT_PUMP,HOME_OWNER_ASSOCIATION,0,0,0,31586,95426,0,0,0,0,0,MEDIUM,MEDIUM,MEDIUM,5,COST_BASED,COST_BASED,false,false
1,baseline,2,2027,0,0,ELECTRIC_HEAT_PUMP,TOTAL,25911,3054,1638,31586,95426,0,0,0,0,0,MEDIUM,MEDIUM,MEDIUM,5,COST_BASED,COST_BASED,false,false
1,baseline,2,2027,0,0,DISTRICT_HEATING,PRIVATELY_OWNED,2159,0,0,8309,95426,0,0,0,0,0,MEDIUM,MEDIUM,MEDIUM,5,COST_BASED,COST_BASED,false,false
1,baseline,2,2027,0,0,DISTRICT_HEATING,PRIVATELY_RENTED,2632,0,0,8309,95426,0,0,0,0,0,MEDIUM,MEDIUM,MEDIUM,5,COST_BASED,COST_BASED,false,false
1,baseline,2,2027,0,0,DISTRICT_HEATING,SOCIAL_HOUSING,1411,0,0,8309,95426,0,0,0,0,0,MEDIUM,MEDIUM,MEDIUM,5,COST_BASED,COST_BASED,false,false
1,baseline,2,2027,0,0,DISTRICT_HEATING,HOME_OWNER_ASSOCIATION,0,0,0,8309,95426,0,0,0,0,0,MEDIUM,MEDIUM,MEDIUM,5,COST_BASED,COST_BASED,false,false
1,baseline,2,2027,0,0,DISTRICT_HEATING,TOTAL,6202,0,244,8309,95426,0,0,0,0,0,MEDIUM,MEDIUM,MEDIUM,5,COST_BASED,COST_BASED,false,false
1,baseline,2,2028,0,0,NATURAL_GAS_BOILER,PRIVATELY_OWNED,301152,0,0,621235,95764,0,0,0,0,0,MEDIUM,MEDIUM,MEDIUM,5,COST_BASED,COST_BASED,false,false
1,baseline,2,2028,0,0,NATURAL_GAS_BOILER,PRIVATELY_RENTED,55868,0,0,621235,95764,0,0,0,0,0,MEDIUM,MEDIUM,MEDIUM,5,COST_BASED,COST_BASED,false,false
1,baseline,2,2028,0,0,NATURAL_GAS_BOILER,SOCIAL_HOUSING,94667,0,0,621235,95764,0,0,0,0,0,MEDIUM,MEDIUM,MEDIUM,5,COST_BASED,COST_BASED,false,false
1,baseline,2,2028,0,0,NATURAL_GAS_BOILER,HOME_OWNER_ASSOCIATION,7469,0,0,621235,95764,0,0,0,0,0,MEDIUM,MEDIUM,MEDIUM,5,COST_BASED,COST_BASED,false,false
1,baseline,2,2028,0,0,NATURAL_GAS_BOILER,TOTAL,459156,33671,40336,621235,95764,0,0,0,0,0,MEDIUM,MEDIUM,MEDIUM,5,COST_BASED,COST_BASED,false,false
1,baseline,2,2028,0,0,NATURAL_GAS_BLOCK,PRIVATELY_OWNED,12,0,0,30915,95764,0,0,0,0,0,MEDIUM,MEDIUM,MEDIUM,5,COST_BASED,COST_BASED,false,false
1,baseline,2,2028,0,0,NATURAL_GAS_BLOCK,PRIVATELY_RENTED,1014,0,0,30915,95764,0,0,0,0,0,MEDIUM,MEDIUM,MEDIUM,5,COST_BASED,COST_BASED,false,false
1,baseline,2,2028,0,0,NATURAL_GAS_BLOCK,SOCIAL_HOUSING,2910,0,0,30915,95764,0,0,0,0,0,MEDIUM,MEDIUM,MEDIUM,5,COST_BASED,COST_BASED,false,false
1,baseline,2,2028,0,0,NATURAL_GAS_BLOCK,HOME_OWNER_ASSOCIATION,17628,0,0,30915,95764,0,0,0,0,0,MEDIUM,MEDIUM,MEDIUM,5,COST_BASED,COST_BASED,false,false
1,baseline,2,2028,0,0,NATURAL_GAS_BLOCK,TOTAL,21564,229,2463,30915,95764,0,0,0,0,0,MEDIUM,MEDIUM,MEDIUM,5,COST_BASED,COST_BASED,false,false
1,baseline,2,2028,0,0,HYBRID_HEAT_PUMP,PRIVATELY_OWNED,13457,0,0,34088,95764,0,0,0,0,0,MEDIUM,MEDIUM,MEDIUM,5,COST_BASED,COST_BASED,false,false
1,baseline,2,2028,0,0,HYBRID_HEAT_PUMP,PRIVATELY_RENTED,10579,0,0,34088,95764,0,0,0,0,0,MEDIUM,MEDIUM,MEDIUM,5,COST_BASED,COST_BASED,false,false
1,baseline,2,2028,0,0,HYBRID_HEAT_PUMP,SOCIAL_HOUSING,5955,0,0,34088,95764,0,0,0,0,0,MEDIUM,MEDIUM,MEDIUM,5,COST_BASED,COST_BASED,false,false
1,baseline,2,2028,0,0,HYBRID_HEAT_PUMP,HOME_OWNER_ASSOCIATION,605,0,0,34088,95764,0,0,0,0,0,MEDIUM,MEDIUM,MEDIUM,5,COST_BASED,COST_BASED,false,false
1,baseline,2,2028,0,0,HYBRID_HEAT_PUMP,TOTAL,30596,7287,716,34088,95764,0,0,0,0,0,MEDIUM,MEDIUM,MEDIUM,5,COST_BASED,COST_BASED,false,false
1,baseline,2,2028,0,0,ELECTRIC_HEAT_PUMP,PRIVATELY_OWNED,25687,0,0,35744,95764,0,0,0,0,0,MEDIUM,MEDIUM,MEDIUM,5,COST_BASED,COST_BASED,false,false
1,baseline,2,2028,0,0,ELECTRIC_HEAT_PUMP,PRIVATELY_RENTED,2794,0,0,35744,95764,0,0,0,0,0,MEDIUM,MEDIUM,MEDIUM,5,COST_BASED,COST_BASED,false,false
1,baseline,2,2028,0,0,ELECTRIC_HEAT_PUMP,SOCIAL_HOUSING,93,0,0,35744,95764,0,0,0,0,0,MEDIUM,MEDIUM,MEDIUM,5,COST_BASED,COST_BASED,false,false
1,baseline,2,2028,0,0,ELECTRIC_HEAT_PUMP,HOME_OWNER_ASSOCIATION,0,0,0,35744,95764,0,0,0,0,0,MEDIUM,MEDIUM,MEDIUM,5,COST_BASED,COST_BASED,false,false
1,baseline,2,2028,0,0,ELECTRIC_HEAT_PUMP,TOTAL,28574,4158,1495,35744,95764,0,0,0,0,0,MEDIUM,MEDIUM,MEDIUM,5,COST_BASED,COST_BASED,false,false
1,baseline,2,2028,0,0,DISTRICT_HEATING,PRIVATELY_OWNED,1976,0,0,8309,95764,0,0,0,0,0,MEDIUM,MEDIUM,MEDIUM,5,COST_BASED,COST_BASED,false,false
1,baseline,2,2028,0,0,DISTRICT_HEATING,PRIVATELY_RENTED,2480,0,0,8309,95764,0,0,0,0,0,MEDIUM,MEDIUM,MEDIUM,5,COST_BASED,COST_BASED,false,false
1,baseline,2,2028,0,0,DISTRICT_HEATING,SOCIAL_HOUSING,1411,0,0,8309,95764,0,0,0,0,0,MEDIUM,MEDIUM,MEDIUM,5,COST_BASED,COST_BASED,false,false
1,baseline,2,2028,0,0,DISTRICT_HEATING,HOME_OWNER_ASSOCIATION,0,0,0,8309,95764,0,0,0,0,0,MEDIUM,MEDIUM,MEDIUM,5,COST_BASED,COST_BASED,false,false
1,baseline,2,2028,0,0,DISTRICT_HEATING,TOTAL,5867,0,335,8309,95764,0,0,0,0,0,MEDIUM,MEDIUM,MEDIUM,5,COST_BASED,COST_BASED,false,false
1,baseline,2,2029,0,0,NATURAL_GAS_BOILER,PRIVATELY_OWNED,297231,0,0,655659,99374,0,0,0,0,0,MEDIUM,MEDIUM,MEDIUM,5,COST_BASED,COST_BASED,false,false
1,baseline,2,2029,0,0,NATURAL_GAS_BOILER,PRIVATELY_RENTED,53256,0,0,655659,99374,0,0,0,0,0,MEDIUM,MEDIUM,MEDIUM,5,COST_BASED,COST_BASED,false,false
1,baseline,2,2029,0,0,NATURAL_GAS_BOILER,SOCIAL_HOUSING,90386,0,0,655659,99374,0,0,0,0,0,MEDIUM,MEDIUM,MEDIUM,5,COST_BASED,COST_BASED,false,false
1,baseline,2,2029,0,0,NATURAL_GAS_BOILER,HOME_OWNER_ASSOCIATION,8581,0,0,655659,99374,0,0,0,0,0,MEDIUM,MEDIUM,MEDIUM,5,COST_BASED,COST_BASED,false,false
1,baseline,2,2029,0,0,NATURAL_GAS_BOILER,TOTAL,449454,34424,44126,655659,99374,0,0,0,0,0,MEDIUM,MEDIUM,MEDIUM,5,COST_BASED,COST_BASED,false,false
1,baseline,2,2029,0,0,NATURAL_GAS_BLOCK,PRIVATELY_OWNED,15,0,0,31123,99374,0,0,0,0,0,MEDIUM,MEDIUM,MEDIUM,5,COST_BASED,COST_BASED,false,false
1,baseline,2,2029,0,0,NATURAL_GAS_BLOCK,PRIVATELY_RENTED,1219,0,0,31123,99374,0,0,0,0,0,MEDIUM,MEDIUM,MEDIUM,5,COST_BASED,COST_BASED,false,false
1,baseline,2,2029,0,0,NATURAL_GAS_BLOCK,SOCIAL_HOUSING,2410,0,0,31123,99374,0,0,0,0,0,MEDIUM,MEDIUM,MEDIUM,5,COST_BASED,COST_BASED,false,false
1,baseline,2,2029,0,0,NATURAL_GAS_BLOCK,HOME_OWNER_ASSOCIATION,15604,0,0,31123,99374,0,0,0,0,0,MEDIUM,MEDIUM,MEDIUM,5,COST_BASED,COST_BASED,false,false
1,baseline,2,2029,0,0,NATURAL_GAS_BLOCK,TOTAL,19248,208,2524,31123,99374,0,0,0,0,0,MEDIUM,MEDIUM,MEDIUM,5,COST_BASED,COST_BASED,false,false
1,baseline,2,2029,0,0,HYBRID_HEAT_PUMP,PRIVATELY_OWNED,14502,0,0,44415,99374,0,0,0,0,0,MEDIUM,MEDIUM,MEDIUM,5,COST_BASED,COST_BASED,false,false
1,baseline,2,2029,0,0,HYBRID_HEAT_PUMP,PRIVATELY_RENTED,13380,0,0,44415,99374,0,0,0,0,0,MEDIUM,MEDIUM,MEDIUM,5,COST_BASED,COST_BASED,false,false
1,baseline,2,2029,0,0,HYBRID_HEAT_PUMP,SOCIAL_HOUSING,10736,0,0,44415,99374,0,0,0,0,0,MEDIUM,MEDIUM,MEDIUM,5,COST_BASED,COST_BASED,false,false
1,baseline,2,2029,0,0,HYBRID_HEAT_PUMP,HOME_OWNER_ASSOCIATION,1517,0,0,44415,99374,0,0,0,0,0,MEDIUM,MEDIUM,MEDIUM,5,COST_BASED,COST_BASED,false,false
1,baseline,2,2029,0,0,HYBRID_HEAT_PUMP,TOTAL,40135,10327,788,44415,99374,0,0,0,0,0,MEDIUM,MEDIUM,MEDIUM,5,COST_BASED,COST_BASED,false,false
1,baseline,2,2029,0,0,ELECTRIC_HEAT_PUMP,PRIVATELY_OWNED,28691,0,0,39996,99374,0,0,0,0,0,MEDIUM,MEDIUM,MEDIUM,5,COST_BASED,COST_BASED,false,false
1,baseline,2,2029,0,0,ELECTRIC_HEAT_PUMP,PRIVATELY_RENTED,2510,0,0,39996,99374,0,0,0,0,0,MEDIUM,MEDIUM,MEDIUM,5,COST_BASED,COST_BASED,false,false
1,baseline,2,2029,0,0,ELECTRIC_HEAT_PUMP,SOCIAL_HOUSING,93,0,0,39996,99374,0,0,0,0,0,MEDIUM,MEDIUM,MEDIUM,5,COST_BASED,COST_BASED,false,false
1,baseline,2,2029,0,0,ELECTRIC_HEAT_PUMP,HOME_OWNER_ASSOCIATION,0,0,0,39996,99374,0,0,0,0,0,MEDIUM,MEDIUM,MEDIUM,5,COST_BASED,COST_BASED,false,false
1,baseline,2,2029,0,0,ELECTRIC_HEAT_PUMP,TOTAL,31294,4252,1532,39996,99374,0,0,0,0,0,MEDIUM,MEDIUM,MEDIUM,5,COST_BASED,COST_BASED,false,false
1,baseline,2,2029,0,0,DISTRICT_HEATING,PRIVATELY_OWNED,1845,0,0,8309,99374,0,0,0,0,0,MEDIUM,MEDIUM,MEDIUM,5,COST_BASED,COST_BASED,false,false
1,baseline,2,2029,0,0,DISTRICT_HEATING,PRIVATELY_RENTED,2370,0,0,8309,99374,0,0,0,0,0,MEDIUM,MEDIUM,MEDIUM,5,COST_BASED,COST_BASED,false,false
1,baseline,2,2029,0,0,DISTRICT_HEATING,SOCIAL_HOUSING,1411,0,0,8309,99374,0,0,0,0,0,MEDIUM,MEDIUM,MEDIUM,5,COST_BASED,COST_BASED,false,false
1,baseline,2,2029,0,0,DISTRICT_HEATING,HOME_OWNER_ASSOCIATION,0,0,0,8309,99374,0,0,0,0,0,MEDIUM,MEDIUM,MEDIUM,5,COST_BASED,COST_BASED,false,false
1,baseline,2,2029,0,0,DISTRICT_HEATING,TOTAL,5626,0,241,8309,99374,0,0,0,0,0,MEDIUM,MEDIUM,MEDIUM,5,COST_BASED,COST_BASED,false,false
1,baseline,2,2030,0,0,NATURAL_GAS_BOILER,PRIVATELY_OWNED,291498,0,0,686064,94367,0,0,0,0,0,MEDIUM,MEDIUM,MEDIUM,5,COST_BASED,COST_BASED,false,false
1,baseline,2,2030,0,0,NATURAL_GAS_BOILER,PRIVATELY_RENTED,50383,0,0,686064,94367,0,0,0,0,0,MEDIUM,MEDIUM,MEDIUM,5,COST_BASED,COST_BASED,false,false
1,baseline,2,2030,0,0,NATURAL_GAS_BOILER,SOCIAL_HOUSING,87130,0,0,686064,94367,0,0,0,0,0,MEDIUM,MEDIUM,MEDIUM,5,COST_BASED,COST_BASED,false,false
1,baseline,2,2030,0,0,NATURAL_GAS_BOILER,HOME_OWNER_ASSOCIATION,10299,0,0,686064,94367,0,0,0,0,0,MEDIUM,MEDIUM,MEDIUM,5,COST_BASED,COST_BASED,false,false
1,baseline,2,2030,0,0,NATURAL_GAS_BOILER,TOTAL,439310,30405,40549,686064,94367,0,0,0,0,0,MEDIUM,MEDIUM,MEDIUM,5,COST_BASED,COST_BASED,false,false
1,baseline,2,2030,0,0,NATURAL_GAS_BLOCK,PRIVATELY_OWNED,18,0,0,31352,94367,0,0,0,0,0,MEDIUM,MEDIUM,MEDIUM,5,COST_BASED,COST_BASED,false,false
1,baseline,2,2030,0,0,NATURAL_GAS_BLOCK,PRIVATELY_RENTED,1436,0,0,31352,94367,0,0,0,0,0,MEDIUM,MEDIUM,MEDIUM,5,COST_BASED,COST_BASED,false,false
1,baseline,2,2030,0,0,NATURAL_GAS_BLOCK,SOCIAL_HOUSING,2200,0,0,31352,94367,0,0,0,0,0,MEDIUM,MEDIUM,MEDIUM,5,COST_BASED,COST_BASED,false,false
1,baseline,2,2030,0,0,NATURAL_GAS_BLOCK,HOME_OWNER_ASSOCIATION,13606,0,0,31352,94367,0,0,0,0,0,MEDIUM,MEDIUM,MEDIUM,5,COST_BASED,COST_BASED,false,false
1,baseline,2,2030,0,0,NATURAL_GAS_BLOCK,TOTAL,17260,229,2217,31352,94367,0,0,0,0,0,MEDIUM,MEDIUM,MEDIUM,5,COST_BASED,COST_BASED,false,false
1,baseline,2,2030,0,0,HYBRID_HEAT_PUMP,PRIVATELY_OWNED,15940,0,0,53415,94367,0,0,0,0,0,MEDIUM,MEDIUM,MEDIUM,5,COST_BASED,COST_BASED,false,false
1,baseline,2,2030,0,0,HYBRID_HEAT_PUMP,PRIVATELY_RENTED,16444,0,0,53415,94367,0,0,0,0,0,MEDIUM,MEDIUM,MEDIUM,5,COST_BASED,COST_BASED,false,false
1,baseline,2,2030,0,0,HYBRID_HEAT_PUMP,SOCIAL_HOUSING,14202,0,0,53415,94367,0,0,0,0,0,MEDIUM,MEDIUM,MEDIUM,5,COST_BASED,COST_BASED,false,false
1,baseline,2,2030,0,0,HYBRID_HEAT_PUMP,HOME_OWNER_ASSOCIATION,1797,0,0,53415,94367,0,0,0,0,0,MEDIUM,MEDIUM,MEDIUM,5,COST_BASED,COST_BASED,false,false
1,baseline,2,2030,0,0,HYBRID_HEAT_PUMP,TOTAL,48383,9000,752,53415,94367,0,0,0,0,0,MEDIUM,MEDIUM,MEDIUM,5,COST_BASED,COST_BASED,false,false
1,baseline,2,2030,0,0,ELECTRIC_HEAT_PUMP,PRIVATELY_OWNED,32919,0,0,45448,94367,0,0,0,0,0,MEDIUM,MEDIUM,MEDIUM,5,COST_BASED,COST_BASED,false,false
1,baseline,2,2030,0,0,ELECTRIC_HEAT_PUMP,PRIVATELY_RENTED,2262,0,0,45448,94367,0,0,0,0,0,MEDIUM,MEDIUM,MEDIUM,5,COST_BASED,COST_BASED,false,false
1,baseline,2,2030,0,0,ELECTRIC_HEAT_PUMP,SOCIAL_HOUSING,93,0,0,45448,94367,0,0,0,0,0,MEDIUM,MEDIUM,MEDIUM,5,COST_BASED,COST_BASED,false,false
1,baseline,2,2030,0,0,ELECTRIC_HEAT_PUMP,HOME_OWNER_ASSOCIATION,0,0,0,45448,94367,0,0,0,0,0,MEDIUM,MEDIUM,MEDIUM,5,COST_BASED,COST_BASED,false,false
1,baseline,2,2030,0,0,ELECTRIC_HEAT_PUMP,TOTAL,35274,5452,1472,45448,94367,0,0,0,0,0,MEDIUM,MEDIUM,MEDIUM,5,COST_BASED,COST_BASED,false,false
1,baseline,2,2030,0,0,DISTRICT_HEATING,PRIVATELY_OWNED,1909,0,0,8459,94367,0,0,0,0,0,MEDIUM,MEDIUM,MEDIUM,5,COST_BASED,COST_BASED,false,false
1,baseline,2,2030,0,0,DISTRICT_HEATING,PRIVATELY_RENTED,2210,0,0,8459,94367,0,0,0,0,0,MEDIUM,MEDIUM,MEDIUM,5,COST_BASED,COST_BASED,false,false
1,baseline,2,2030,0,0,DISTRICT_HEATING,SOCIAL_HOUSING,1411,0,0,8459,94367,0,0,0,0,0,MEDIUM,MEDIUM,MEDIUM,5,COST_BASED,COST_BASED,false,false
1,baseline,2,2030,0,0,DISTRICT_HEATING,HOME_OWNER_ASSOCIATION,0,0,0,8459,94367,0,0,0,0,0,MEDIUM,MEDIUM,MEDIUM,5,COST_BASED,COST_BASED,false,false
1,baseline,2,2030,0,0,DISTRICT_HEATING,TOTAL,5530,150,246,8459,94367,0,0,0,0,0,MEDIUM,MEDIUM,MEDIUM,5,COST_BASED,COST_BASED,false,false
1,baseline,2,2031,0,0,NATURAL_GAS_BOILER,PRIVATELY_OWNED,283915,0,0,715822,91837,0,0,0,0,0,MEDIUM,MEDIUM,MEDIUM,5,COST_BASED,COST_BASED,false,false
1,baseline,2,2031,0,0,NATURAL_GAS_BOILER,PRIVATELY_RENTED,47563,0,0,715822,91837,0,0,0,0,0,MEDIUM,MEDIUM,MEDIUM,5,COST_BASED,COST_BASED,false,false
1,baseline,2,2031,0,0,NATURAL_GAS_BOILER,SOCIAL_HOUSING,85824,0,0,715822,91837,0,0,0,0,0,MEDIUM,MEDIUM,MEDIUM,5,COST_BASED,COST_BASED,false,false
1,baseline,2,2031,0,0,NATURAL_GAS_BOILER,HOME_OWNER_ASSOCIATION,11679,0,0,715822,91837,0,0,0,0,0,MEDIUM,MEDIUM,MEDIUM,5,COST_BASED,COST_BASED,false,false
1,baseline,2,2031,0,0,NATURAL_GAS_BOILER,TOTAL,428981,29758,40087,715822,91837,0,0,0,0,0,MEDIUM,MEDIUM,MEDIUM,5,COST_BASED,COST_BASED,false,false
1,baseline,2,2031,0,0,NATURAL_GAS_BLOCK,PRIVATELY_OWNED,18,0,0,31589,91837,0,0,0,0,0,MEDIUM,MEDIUM,MEDIUM,5,COST_BASED,COST_BASED,false,false
1,baseline,2,2031,0,0,NATURAL_GAS_BLOCK,PRIVATELY_RENTED,1665,0,0,31589,91837,0,0,0,0,0,MEDIUM,MEDIUM,MEDIUM,5,COST_BASED,COST_BASED,false,false
1,baseline,2,2031,0,0,NATURAL_GAS_BLOCK,SOCIAL_HOUSING,1906,0,0,31589,91837,0,0,0,0,0,MEDIUM,MEDIUM,MEDIUM,5,COST_BASED,COST_BASED,false,false
1,baseline,2,2031,0,0,NATURAL_GAS_BLOCK,HOME_OWNER_ASSOCIATION,12022,0,0,31589,91837,0,0,0,0,0,MEDIUM,MEDIUM,MEDIUM,5,COST_BASED,COST_BASED,false,false
1,baseline,2,2031,0,0,NATURAL_GAS_BLOCK,TOTAL,15611,237,1886,31589,91837,0,0,0,0,0,MEDIUM,MEDIUM,MEDIUM,5,COST_BASED,COST_BASED,false,false
1,baseline,2,2031,0,0,HYBRID_HEAT_PUMP,PRIVATELY_OWNED,17618,0,0,60626,91837,0,0,0,0,0,MEDIUM,MEDIUM,MEDIUM,5,COST_BASED,COST_BASED,false,false
1,baseline,2,2031,0,0,HYBRID_HEAT_PUMP,PRIVATELY_RENTED,19386,0,0,60626,91837,0,0,0,0,0,MEDIUM,MEDIUM,MEDIUM,5,COST_BASED,COST_BASED,false,false
1,baseline,2,2031,0,0,HYBRID_HEAT_PUMP,SOCIAL_HOUSING,15833,0,0,60626,91837,0,0,0,0,0,MEDIUM,MEDIUM,MEDIUM,5,COST_BASED,COST_BASED,false,false
1,baseline,2,2031,0,0,HYBRID_HEAT_PUMP,HOME_OWNER_ASSOCIATION,2001,0,0,60626,91837,0,0,0,0,0,MEDIUM,MEDIUM,MEDIUM,5,COST_BASED,COST_BASED,false,false
1,baseline,2,2031,0,0,HYBRID_HEAT_PUMP,TOTAL,54838,7211,756,60626,91837,0,0,0,0,0,MEDIUM,MEDIUM,MEDIUM,5,COST_BASED,COST_BASED,false,false
1,baseline,2,2031,0,0,ELECTRIC_HEAT_PUMP,PRIVATELY_OWNED,38726,0,0,52468,91837,0,0,0,0,0,MEDIUM,MEDIUM,MEDIUM,5,COST_BASED,COST_BASED,false,false
1,baseline,2,2031,0,0,ELECTRIC_HEAT_PUMP,PRIVATELY_RENTED,2019,0,0,52468,91837,0,0,0,0,0,MEDIUM,MEDIUM,MEDIUM,5,COST_BASED,COST_BASED,false,false
1,baseline,2,2031,0,0,ELECTRIC_HEAT_PUMP,SOCIAL_HOUSING,62,0,0,52468,91837,0,0,0,0,0,MEDIUM,MEDIUM,MEDIUM,5,COST_BASED,COST_BASED,false,false
1,baseline,2,2031,0,0,ELECTRIC_HEAT_PUMP,HOME_OWNER_ASSOCIATION,0,0,0,52468,91837,0,0,0,0,0,MEDIUM,MEDIUM,MEDIUM,5,COST_BASED,COST_BASED,false,false
1,baseline,2,2031,0,0,ELECTRIC_HEAT_PUMP,TOTAL,40807,7020,1487,52468,91837,0,0,0,0,0,MEDIUM,MEDIUM,MEDIUM,5,COST_BASED,COST_BASED,false,false
1,baseline,2,2031,0,0,DISTRICT_HEATING,PRIVATELY_OWNED,2007,0,0,8697,91837,0,0,0,0,0,MEDIUM,MEDIUM,MEDIUM,5,COST_BASED,COST_BASED,false,false
1,baseline,2,2031,0,0,DISTRICT_HEATING,PRIVATELY_RENTED,2102,0,0,8697,91837,0,0,0,0,0,MEDIUM,MEDIUM,MEDIUM,5,COST_BASED,COST_BASED,false,false
1,baseline,2,2031,0,0,DISTRICT_HEATING,SOCIAL_HOUSING,1411,0,0,8697,91837,0,0,0,0,0,MEDIUM,MEDIUM,MEDIUM,5,COST_BASED,COST_BASED,false,false
1,baseline,2,2031,0,0,DISTRICT_HEATING,HOME_OWNER_ASSOCIATION,0,0,0,8697,91837,0,0,0,0,0,MEDIUM,MEDIUM,MEDIUM,5,COST_BASED,COST_BASED,false,false
1,baseline,2,2031,0,0,DISTRICT_HEATING,TOTAL,5520,238,248,8697,91837,0,0,0,0,0,MEDIUM,MEDIUM,MEDIUM,5,COST_BASED,COST_BASED,false,false
1,baseline,2,2032,0,0,NATURAL_GAS_BOILER,PRIVATELY_OWNED,274406,0,0,744557,92349,0,0,0,0,0,MEDIUM,MEDIUM,MEDIUM,5,COST_BASED,COST_BASED,false,false
1,baseline,2,2032,0,0,NATURAL_GAS_BOILER,PRIVATELY_RENTED,44492,0,0,744557,92349,0,0,0,0,0,MEDIUM,MEDIUM,MEDIUM,5,COST_BASED,COST_BASED,false,false
1,baseline,2,2032,0,0,NATURAL_GAS_BOILER,SOCIAL_HOUSING,84475,0,0,744557,92349,0,0,0,0,0,MEDIUM,MEDIUM,MEDIUM,5,COST_BASED,COST_BASED,false,false
1,baseline,2,2032,0,0,NATURAL_GAS_BOILER,HOME_OWNER_ASSOCIATION,13308,0,0,744557,92349,0,0,0,0,0,MEDIUM,MEDIUM,MEDIUM,5,COST_BASED,COST_BASED,false,false
1,baseline,2,2032,0,0,NATURAL_GAS_BOILER,TOTAL,416681,28735,41035,744557,92349,0,0,0,0,0,MEDIUM,MEDIUM,MEDIUM,5,COST_BASED,COST_BASED,false,false
1,baseline,2,2032,0,0,NATURAL_GAS_BLOCK,PRIVATELY_OWNED,22,0,0,32091,92349,0,0,0,0,0,MEDIUM,MEDIUM,MEDIUM,5,COST_BASED,COST_BASED,false,false
1,baseline,2,2032,0,0,NATURAL_GAS_BLOCK,PRIVATELY_RENTED,1871,0,0,32091,92349,0,0,0,0,0,MEDIUM,MEDIUM,MEDIUM,5,COST_BASED,COST_BASED,false,false
1,baseline,2,2032,0,0,NATURAL_GAS_BLOCK,SOCIAL_HOUSING,1386,0,0,32091,92349,0,0,0,0,0,MEDIUM,MEDIUM,MEDIUM,5,COST_BASED,COST_BASED,false,false
1,baseline,2,2032,0,0,NATURAL_GAS_BLOCK,HOME_OWNER_ASSOCIATION,10070,0,0,32091,92349,0,0,0,0,0,MEDIUM,MEDIUM,MEDIUM,5,COST_BASED,COST_BASED,false,false
1,baseline,2,2032,0,0,NATURAL_GAS_BLOCK,TOTAL,13349,502,2764,32091,92349,0,0,0,0,0,MEDIUM,MEDIUM,MEDIUM,5,COST_BASED,COST_BASED,false,false
1,baseline,2,2032,0,0,HYBRID_HEAT_PUMP,PRIVATELY_OWNED,19579,0,0,68818,92349,0,0,0,0,0,MEDIUM,MEDIUM,MEDIUM,5,COST_BASED,COST_BASED,false,false
1,baseline,2,2032,0,0,HYBRID_HEAT_PUMP,PRIVATELY_RENTED,22618,0,0,68818,92349,0,0,0,0,0,MEDIUM,MEDIUM,MEDIUM,5,COST_BASED,COST_BASED,false,false
1,baseline,2,2032,0,0,HYBRID_HEAT_PUMP,SOCIAL_HOUSING,17702,0,0,68818,92349,0,0,0,0,0,MEDIUM,MEDIUM,MEDIUM,5,COST_BASED,COST_BASED,false,false
1,baseline,2,2032,0,0,HYBRID_HEAT_PUMP,HOME_OWNER_ASSOCIATION,2324,0,0,68818,92349,0,0,0,0,0,MEDIUM,MEDIUM,MEDIUM,5,COST_BASED,COST_BASED,false,false
1,baseline,2,2032,0,0,HYBRID_HEAT_PUMP,TOTAL,62223,8192,807,68818,92349,0,0,0,0,0,MEDIUM,MEDIUM,MEDIUM,5,COST_BASED,COST_BASED,false,false
1,baseline,2,2032,0,0,ELECTRIC_HEAT_PUMP,PRIVATELY_OWNED,46048,0,0,61051,92349,0,0,0,0,0,MEDIUM,MEDIUM,MEDIUM,5,COST_BASED,COST_BASED,false,false
1,baseline,2,2032,0,0,ELECTRIC_HEAT_PUMP,PRIVATELY_RENTED,1751,0,0,61051,92349,0,0,0,0,0,MEDIUM,MEDIUM,MEDIUM,5,COST_BASED,COST_BASED,false,false
1,baseline,2,2032,0,0,ELECTRIC_HEAT_PUMP,SOCIAL_HOUSING,62,0,0,61051,92349,0,0,0,0,0,MEDIUM,MEDIUM,MEDIUM,5,COST_BASED,COST_BASED,false,false
1,baseline,2,2032,0,0,ELECTRIC_HEAT_PUMP,HOME_OWNER_ASSOCIATION,0,0,0,61051,92349,0,0,0,0,0,MEDIUM,MEDIUM,MEDIUM,5,COST_BASED,COST_BASED,false,false
1,baseline,2,2032,0,0,ELECTRIC_HEAT_PUMP,TOTAL,47861,8583,1529,61051,92349,0,0,0,0,0,MEDIUM,MEDIUM,MEDIUM,5,COST_BASED,COST_BASED,false,false
1,baseline,2,2032,0,0,DISTRICT_HEATING,PRIVATELY_OWNED,2229,0,0,9047,92349,0,0,0,0,0,MEDIUM,MEDIUM,MEDIUM,5,COST_BASED,COST_BASED,false,false
1,baseline,2,2032,0,0,DISTRICT_HEATING,PRIVATELY_RENTED,2003,0,0,9047,92349,0,0,0,0,0,MEDIUM,MEDIUM,MEDIUM,5,COST_BASED,COST_BASED,false,false
1,baseline,2,2032,0,0,DISTRICT_HEATING,SOCIAL_HOUSING,1411,0,0,9047,92349,0,0,0,0,0,MEDIUM,MEDIUM,MEDIUM,5,COST_BASED,COST_BASED,false,false
1,baseline,2,2032,0,0,DISTRICT_HEATING,HOME_OWNER_ASSOCIATION,0,0,0,9047,92349,0,0,0,0,0,MEDIUM,MEDIUM,MEDIUM,5,COST_BASED,COST_BASED,false,false
1,baseline,2,2032,0,0,DISTRICT_HEATING,TOTAL,5643,350,227,9047,92349,0,0,0,0,0,MEDIUM,MEDIUM,MEDIUM,5,COST_BASED,COST_BASED,false,false
1,baseline,2,2033,0,0,NATURAL_GAS_BOILER,PRIVATELY_OWNED,264837,0,0,773377,94057,0,0,0,0,0,MEDIUM,MEDIUM,MEDIUM,5,COST_BASED,COST_BASED,false,false
1,baseline,2,2033,0,0,NATURAL_GAS_BOILER,PRIVATELY_RENTED,41347,0,0,773377,94057,0,0,0,0,0,MEDIUM,MEDIUM,MEDIUM,5,COST_BASED,COST_BASED,false,false
1,baseline,2,2033,0,0,NATURAL_GAS_BOILER,SOCIAL_HOUSING,79889,0,0,773377,94057,0,0,0,0,0,MEDIUM,MEDIUM,MEDIUM,5,COST_BASED,COST_BASED,false,false
1,baseline,2,2033,0,0,NATURAL_GAS_BOILER,HOME_OWNER_ASSOCIATION,16779,0,0,773377,94057,0,0,0,0,0,MEDIUM,MEDIUM,MEDIUM,5,COST_BASED,COST_BASED,false,false
1,baseline,2,2033,0,0,NATURAL_GAS_BOILER,TOTAL,402852,28820,42649,773377,94057,0,0,0,0,0,MEDIUM,MEDIUM,MEDIUM,5,COST_BASED,COST_BASED,false,false
1,baseline,2,2033,0,0,NATURAL_GAS_BLOCK,PRIVATELY_OWNED,23,0,0,32349,94057,0,0,0,0,0,MEDIUM,MEDIUM,MEDIUM,5,COST_BASED,COST_BASED,false,false
1,baseline,2,2033,0,0,NATURAL_GAS_BLOCK,PRIVATELY_RENTED,2128,0,0,32349,94057,0,0,0,0,0,MEDIUM,MEDIUM,MEDIUM,5,COST_BASED,COST_BASED,false,false
1,baseline,2,2033,0,0,NATURAL_GAS_BLOCK,SOCIAL_HOUSING,563,0,0,32349,94057,0,0,0,0,0,MEDIUM,MEDIUM,MEDIUM,5,COST_BASED,COST_BASED,false,false
1,baseline,2,2033,0,0,NATURAL_GAS_BLOCK,HOME_OWNER_ASSOCIATION,6599,0,0,32349,94057,0,0,0,0,0,MEDIUM,MEDIUM,MEDIUM,5,COST_BASED,COST_BASED,false,false
1,baseline,2,2033,0,0,NATURAL_GAS_BLOCK,TOTAL,9313,258,4294,32349,94057,0,0,0,0,0,MEDIUM,MEDIUM,MEDIUM,5,COST_BASED,COST_BASED,false,false
1,baseline,2,2033,0,0,HYBRID_HEAT_PUMP,PRIVATELY_OWNED,21559,0,0,80168,94057,0,0,0,0,0,MEDIUM,MEDIUM,MEDIUM,5,COST_BASED,COST_BASED,false,false
1,baseline,2,2033,0,0,HYBRID_HEAT_PUMP,PRIVATELY_RENTED,25853,0,0,80168,94057,0,0,0,0,0,MEDIUM,MEDIUM,MEDIUM,5,COST_BASED,COST_BASED,false,false
1,baseline,2,2033,0,0,HYBRID_HEAT_PUMP,SOCIAL_HOUSING,23135,0,0,80168,94057,0,0,0,0,0,MEDIUM,MEDIUM,MEDIUM,5,COST_BASED,COST_BASED,false,false
1,baseline,2,2033,0,0,HYBRID_HEAT_PUMP,HOME_OWNER_ASSOCIATION,2324,0,0,80168,94057,0,0,0,0,0,MEDIUM,MEDIUM,MEDIUM,5,COST_BASED,COST_BASED,false,false
1,baseline,2,2033,0,0,HYBRID_HEAT_PUMP,TOTAL,72871,11350,702,80168,94057,0,0,0,0,0,MEDIUM,MEDIUM,MEDIUM,5,COST_BASED,COST_BASED,false,false
1,baseline,2,2033,0,0,ELECTRIC_HEAT_PUMP,PRIVATELY_OWNED,53325,0,0,69616,94057,0,0,0,0,0,MEDIUM,MEDIUM,MEDIUM,5,COST_BASED,COST_BASED,false,false
1,baseline,2,2033,0,0,ELECTRIC_HEAT_PUMP,PRIVATELY_RENTED,1498,0,0,69616,94057,0,0,0,0,0,MEDIUM,MEDIUM,MEDIUM,5,COST_BASED,COST_BASED,false,false
1,baseline,2,2033,0,0,ELECTRIC_HEAT_PUMP,SOCIAL_HOUSING,38,0,0,69616,94057,0,0,0,0,0,MEDIUM,MEDIUM,MEDIUM,5,COST_BASED,COST_BASED,false,false
1,baseline,2,2033,0,0,ELECTRIC_HEAT_PUMP,HOME_OWNER_ASSOCIATION,0,0,0,69616,94057,0,0,0,0,0,MEDIUM,MEDIUM,MEDIUM,5,COST_BASED,COST_BASED,false,false
1,baseline,2,2033,0,0,ELECTRIC_HEAT_PUMP,TOTAL,54861,8565,1565,69616,94057,0,0,0,0,0,MEDIUM,MEDIUM,MEDIUM,5,COST_BASED,COST_BASED,false,false
1,baseline,2,2033,0,0,DISTRICT_HEATING,PRIVATELY_OWNED,2540,0,0,9450,94057,0,0,0,0,0,MEDIUM,MEDIUM,MEDIUM,5,COST_BASED,COST_BASED,false,false
1,baseline,2,2033,0,0,DISTRICT_HEATING,PRIVATELY_RENTED,1909,0,0,9450,94057,0,0,0,0,0,MEDIUM,MEDIUM,MEDIUM,5,COST_BASED,COST_BASED,false,false
1,baseline,2,2033,0,0,DISTRICT_HEATING,SOCIAL_HOUSING,1411,0,0,9450,94057,0,0,0,0,0,MEDIUM,MEDIUM,MEDIUM,5,COST_BASED,COST_BASED,false,false
1,baseline,2,2033,0,0,DISTRICT_HEATING,HOME_OWNER_ASSOCIATION,0,0,0,9450,94057,0,0,0,0,0,MEDIUM,MEDIUM,MEDIUM,5,COST_BASED,COST_BASED,false,false
1,baseline,2,2033,0,0,DISTRICT_HEATING,TOTAL,5860,403,186,9450,94057,0,0,0,0,0,MEDIUM,MEDIUM,MEDIUM,5,COST_BASED,COST_BASED,false,false
1,baseline,2,2034,0,0,NATURAL_GAS_BOILER,PRIVATELY_OWNED,254995,0,0,799589,89897,0,0,0,0,0,MEDIUM,MEDIUM,MEDIUM,5,COST_BASED,COST_BASED,false,false
1,baseline,2,2034,0,0,NATURAL_GAS_BOILER,PRIVATELY_RENTED,38080,0,0,799589,89897,0,0,0,0,0,MEDIUM,MEDIUM,MEDIUM,5,COST_BASED,COST_BASED,false,false
1,baseline,2,2034,0,0,NATURAL_GAS_BOILER,SOCIAL_HOUSING,73616,0,0,799589,89897,0,0,0,0,0,MEDIUM,MEDIUM,MEDIUM,5,COST_BASED,COST_BASED,false,false
1,baseline,2,2034,0,0,NATURAL_GAS_BOILER,HOME_OWNER_ASSOCIATION,18335,0,0,799589,89897,0,0,0,0,0,MEDIUM,MEDIUM,MEDIUM,5,COST_BASED,COST_BASED,false,false
1,baseline,2,2034,0,0,NATURAL_GAS_BOILER,TOTAL,385026,26212,44038,799589,89897,0,0,0,0,0,MEDIUM,MEDIUM,MEDIUM,5,COST_BASED,COST_BASED,false,false
1,baseline,2,2034,0,0,NATURAL_GAS_BLOCK,PRIVATELY_OWNED,23,0,0,32553,89897,0,0,0,0,0,MEDIUM,MEDIUM,MEDIUM,5,COST_BASED,COST_BASED,false,false
1,baseline,2,2034,0,0,NATURAL_GAS_BLOCK,PRIVATELY_RENTED,2332,0,0,32553,89897,0,0,0,0,0,MEDIUM,MEDIUM,MEDIUM,5,COST_BASED,COST_BASED,false,false
1,baseline,2,2034,0,0,NATURAL_GAS_BLOCK,SOCIAL_HOUSING,377,0,0,32553,89897,0,0,0,0,0,MEDIUM,MEDIUM,MEDIUM,5,COST_BASED,COST_BASED,false,false
1,baseline,2,2034,0,0,NATURAL_GAS_BLOCK,HOME_OWNER_ASSOCIATION,4997,0,0,32553,89897,0,0,0,0,0,MEDIUM,MEDIUM,MEDIUM,5,COST_BASED,COST_BASED,false,false
1,baseline,2,2034,0,0,NATURAL_GAS_BLOCK,TOTAL,7729,204,1788,32553,89897,0,0,0,0,0,MEDIUM,MEDIUM,MEDIUM,5,COST_BASED,COST_BASED,false,false
1,baseline,2,2034,0,0,HYBRID_HEAT_PUMP,PRIVATELY_OWNED,23678,0,0,93493,89897,0,0,0,0,0,MEDIUM,MEDIUM,MEDIUM,5,COST_BASED,COST_BASED,false,false
1,baseline,2,2034,0,0,HYBRID_HEAT_PUMP,PRIVATELY_RENTED,29278,0,0,93493,89897,0,0,0,0,0,MEDIUM,MEDIUM,MEDIUM,5,COST_BASED,COST_BASED,false,false
1,baseline,2,2034,0,0,HYBRID_HEAT_PUMP,SOCIAL_HOUSING,29999,0,0,93493,89897,0,0,0,0,0,MEDIUM,MEDIUM,MEDIUM,5,COST_BASED,COST_BASED,false,false
1,baseline,2,2034,0,0,HYBRID_HEAT_PUMP,HOME_OWNER_ASSOCIATION,2370,0,0,93493,89897,0,0,0,0,0,MEDIUM,MEDIUM,MEDIUM,5,COST_BASED,COST_BASED,false,false
1,baseline,2,2034,0,0,HYBRID_HEAT_PUMP,TOTAL,85325,13325,871,93493,89897,0,0,0,0,0,MEDIUM,MEDIUM,MEDIUM,5,COST_BASED,COST_BASED,false,false
1,baseline,2,2034,0,0,ELECTRIC_HEAT_PUMP,PRIVATELY_OWNED,60669,0,0,78257,89897,0,0,0,0,0,MEDIUM,MEDIUM,MEDIUM,5,COST_BASED,COST_BASED,false,false
1,baseline,2,2034,0,0,ELECTRIC_HEAT_PUMP,PRIVATELY_RENTED,1232,0,0,78257,89897,0,0,0,0,0,MEDIUM,MEDIUM,MEDIUM,5,COST_BASED,COST_BASED,false,false
1,baseline,2,2034,0,0,ELECTRIC_HEAT_PUMP,SOCIAL_HOUSING,38,0,0,78257,89897,0,0,0,0,0,MEDIUM,MEDIUM,MEDIUM,5,COST_BASED,COST_BASED,false,false
1,baseline,2,2034,0,0,ELECTRIC_HEAT_PUMP,HOME_OWNER_ASSOCIATION,0,0,0,78257,89897,0,0,0,0,0,MEDIUM,MEDIUM,MEDIUM,5,COST_BASED,COST_BASED,false,false
1,baseline,2,2034,0,0,ELECTRIC_HEAT_PUMP,TOTAL,61939,8641,1563,78257,89897,0,0,0,0,0,MEDIUM,MEDIUM,MEDIUM,5,COST_BASED,COST_BASED,false,false
1,baseline,2,2034,0,0,DISTRICT_HEATING,PRIVATELY_OWNED,2919,0,0,9907,89897,0,0,0,0,0,MEDIUM,MEDIUM,MEDIUM,5,COST_BASED,COST_BASED,false,false
1,baseline,2,2034,0,0,DISTRICT_HEATING,PRIVATELY_RENTED,1813,0,0,9907,89897,0,0,0,0,0,MEDIUM,MEDIUM,MEDIUM,5,COST_BASED,COST_BASED,false,false
1,baseline,2,2034,0,0,DISTRICT_HEATING,SOCIAL_HOUSING,1006,0,0,9907,89897,0,0,0,0,0,MEDIUM,MEDIUM,MEDIUM,5,COST_BASED,COST_BASED,false,false
1,baseline,2,2034,0,0,DISTRICT_HEATING,HOME_OWNER_ASSOCIATION,0,0,0,9907,89897,0,0,0,0,0,MEDIUM,MEDIUM,MEDIUM,5,COST_BASED,COST_BASED,false,false
1,baseline,2,2034,0,0,DISTRICT_HEATING,TOTAL,5738,457,579,9907,89897,0,0,0,0,0,MEDIUM,MEDIUM,MEDIUM,5,COST_BASED,COST_BASED,false,false
1,baseline,2,2035,0,0,NATURAL_GAS_BOILER,PRIVATELY_OWNED,244546,0,0,822013,83387,0,0,0,0,0,MEDIUM,MEDIUM,MEDIUM,5,COST_BASED,COST_BASED,false,false
1,baseline,2,2035,0,0,NATURAL_GAS_BOILER,PRIVATELY_RENTED,34633,0,0,822013,83387,0,0,0,0,0,MEDIUM,MEDIUM,MEDIUM,5,COST_BASED,COST_BASED,false,false
1,baseline,2,2035,0,0,NATURAL_GAS_BOILER,SOCIAL_HOUSING,70807,0,0,822013,83387,0,0,0,0,0,MEDIUM,MEDIUM,MEDIUM,5,COST_BASED,COST_BASED,false,false
1,baseline,2,2035,0,0,NATURAL_GAS_BOILER,HOME_OWNER_ASSOCIATION,19274,0,0,822013,83387,0,0,0,0,0,MEDIUM,MEDIUM,MEDIUM,5,COST_BASED,COST_BASED,false,false
1,baseline,2,2035,0,0,NATURAL_GAS_BOILER,TOTAL,369260,22424,38190,822013,83387,0,0,0,0,0,MEDIUM,MEDIUM,MEDIUM,5,COST_BASED,COST_BASED,false,false
1,baseline,2,2035,0,0,NATURAL_GAS_BLOCK,PRIVATELY_OWNED,23,0,0,32758,83387,0,0,0,0,0,MEDIUM,MEDIUM,MEDIUM,5,COST_BASED,COST_BASED,false,false
1,baseline,2,2035,0,0,NATURAL_GAS_BLOCK,PRIVATELY_RENTED,2536,0,0,32758,83387,0,0,0,0,0,MEDIUM,MEDIUM,MEDIUM,5,COST_BASED,COST_BASED,false,false
1,baseline,2,2035,0,0,NATURAL_GAS_BLOCK,SOCIAL_HOUSING,33,0,0,32758,83387,0,0,0,0,0,MEDIUM,MEDIUM,MEDIUM,5,COST_BASED,COST_BASED,false,false
1,baseline,2,2035,0,0,NATURAL_GAS_BLOCK,HOME_OWNER_ASSOCIATION,2302,0,0,32758,83387,0,0,0,0,0,MEDIUM,MEDIUM,MEDIUM,5,COST_BASED,COST_BASED,false,false
1,baseline,2,2035,0,0,NATURAL_GAS_BLOCK,TOTAL,4894,205,3040,32758,83387,0,0,0,0,0,MEDIUM,MEDIUM,MEDIUM,5,COST_BASED,COST_BASED,false,false
1,baseline,2,2035,0,0,HYBRID_HEAT_PUMP,PRIVATELY_OWNED,26168,0,0,105331,83387,0,0,0,0,0,MEDIUM,MEDIUM,MEDIUM,5,COST_BASED,COST_BASED,false,false
1,baseline,2,2035,0,0,HYBRID_HEAT_PUMP,PRIVATELY_RENTED,32865,0,0,105331,83387,0,0,0,0,0,MEDIUM,MEDIUM,MEDIUM,5,COST_BASED,COST_BASED,false,false
1,baseline,2,2035,0,0,HYBRID_HEAT_PUMP,SOCIAL_HOUSING,33152,0,0,105331,83387,0,0,0,0,0,MEDIUM,MEDIUM,MEDIUM,5,COST_BASED,COST_BASED,false,false
1,baseline,2,2035,0,0,HYBRID_HEAT_PUMP,HOME_OWNER_ASSOCIATION,4126,0,0,105331,83387,0,0,0,0,0,MEDIUM,MEDIUM,MEDIUM,5,COST_BASED,COST_BASED,false,false
1,baseline,2,2035,0,0,HYBRID_HEAT_PUMP,TOTAL,96311,11838,852,105331,83387,0,0,0,0,0,MEDIUM,MEDIUM,MEDIUM,5,COST_BASED,COST_BASED,false,false
1,baseline,2,2035,0,0,ELECTRIC_HEAT_PUMP,PRIVATELY_OWNED,68139,0,0,87093,83387,0,0,0,0,0,MEDIUM,MEDIUM,MEDIUM,5,COST_BASED,COST_BASED,false,false
1,baseline,2,2035,0,0,ELECTRIC_HEAT_PUMP,PRIVATELY_RENTED,968,0,0,87093,83387,0,0,0,0,0,MEDIUM,MEDIUM,MEDIUM,5,COST_BASED,COST_BASED,false,false
1,baseline,2,2035,0,0,ELECTRIC_HEAT_PUMP,SOCIAL_HOUSING,38,0,0,87093,83387,0,0,0,0,0,MEDIUM,MEDIUM,MEDIUM,5,COST_BASED,COST_BASED,false,false
1,baseline,2,2035,0,0,ELECTRIC_HEAT_PUMP,HOME_OWNER_ASSOCIATION,0,0,0,87093,83387,0,0,0,0,0,MEDIUM,MEDIUM,MEDIUM,5,COST_BASED,COST_BASED,false,false
1,baseline,2,2035,0,0,ELECTRIC_HEAT_PUMP,TOTAL,69145,8836,1630,87093,83387,0,0,0,0,0,MEDIUM,MEDIUM,MEDIUM,5,COST_BASED,COST_BASED,false,false
1,baseline,2,2035,0,0,DISTRICT_HEATING,PRIVATELY_OWNED,3408,0,0,10485,83387,0,0,0,0,0,MEDIUM,MEDIUM,MEDIUM,5,COST_BASED,COST_BASED,false,false
1,baseline,2,2035,0,0,DISTRICT_HEATING,PRIVATELY_RENTED,1733,0,0,10485,83387,0,0,0,0,0,MEDIUM,MEDIUM,MEDIUM,5,COST_BASED,COST_BASED,false,false
1,baseline,2,2035,0,0,DISTRICT_HEATING,SOCIAL_HOUSING,1006,0,0,10485,83387,0,0,0,0,0,MEDIUM,MEDIUM,MEDIUM,5,COST_BASED,COST_BASED,false,false
1,baseline,2,2035,0,0,DISTRICT_HEATING,HOME_OWNER_ASSOCIATION,0,0,0,10485,83387,0,0,0,0,0,MEDIUM,MEDIUM,MEDIUM,5,COST_BASED,COST_BASED,false,false
1,baseline,2,2035,0,0,DISTRICT_HEATING,TOTAL,6147,578,169,10485,83387,0,0,0,0,0,MEDIUM,MEDIUM,MEDIUM,5,COST_BASED,COST_BASED,false,false
1,baseline,2,2036,0,0,NATURAL_GAS_BOILER,PRIVATELY_OWNED,234173,0,0,843169,79388,0,0,0,0,0,MEDIUM,MEDIUM,MEDIUM,5,COST_BASED,COST_BASED,false,false
1,baseline,2,2036,0,0,NATURAL_GAS_BOILER,PRIVATELY_RENTED,31292,0,0,843169,79388,0,0,0,0,0,MEDIUM,MEDIUM,MEDIUM,5,COST_BASED,COST_BASED,false,false
1,baseline,2,2036,0,0,NATURAL_GAS_BOILER,SOCIAL_HOUSING,67665,0,0,843169,79388,0,0,0,0,0,MEDIUM,MEDIUM,MEDIUM,5,COST_BASED,COST_BASED,false,false
1,baseline,2,2036,0,0,NATURAL_GAS_BOILER,HOME_OWNER_ASSOCIATION,20353,0,0,843169,79388,0,0,0,0,0,MEDIUM,MEDIUM,MEDIUM,5,COST_BASED,COST_BASED,false,false
1,baseline,2,2036,0,0,NATURAL_GAS_BOILER,TOTAL,353483,21156,36933,843169,79388,0,0,0,0,0,MEDIUM,MEDIUM,MEDIUM,5,COST_BASED,COST_BASED,false,false
1,baseline,2,2036,0,0,NATURAL_GAS_BLOCK,PRIVATELY_OWNED,21,0,0,32944,79388,0,0,0,0,0,MEDIUM,MEDIUM,MEDIUM,5,COST_BASED,COST_BASED,false,false
1,baseline,2,2036,0,0,NATURAL_GAS_BLOCK,PRIVATELY_RENTED,2712,0,0,32944,79388,0,0,0,0,0,MEDIUM,MEDIUM,MEDIUM,5,COST_BASED,COST_BASED,false,false
1,baseline,2,2036,0,0,NATURAL_GAS_BLOCK,SOCIAL_HOUSING,0,0,0,32944,79388,0,0,0,0,0,MEDIUM,MEDIUM,MEDIUM,5,COST_BASED,COST_BASED,false,false
1,baseline,2,2036,0,0,NATURAL_GAS_BLOCK,HOME_OWNER_ASSOCIATION,320,0,0,32944,79388,0,0,0,0,0,MEDIUM,MEDIUM,MEDIUM,5,COST_BASED,COST_BASED,false,false
1,baseline,2,2036,0,0,NATURAL_GAS_BLOCK,TOTAL,3053,186,2027,32944,79388,0,0,0,0,0,MEDIUM,MEDIUM,MEDIUM,5,COST_BASED,COST_BASED,false,false
1,baseline,2,2036,0,0,HYBRID_HEAT_PUMP,PRIVATELY_OWNED,28821,0,0,116429,79388,0,0,0,0,0,MEDIUM,MEDIUM,MEDIUM,5,COST_BASED,COST_BASED,false,false
1,baseline,2,2036,0,0,HYBRID_HEAT_PUMP,PRIVATELY_RENTED,36390,0,0,116429,79388,0,0,0,0,0,MEDIUM,MEDIUM,MEDIUM,5,COST_BASED,COST_BASED,false,false
1,baseline,2,2036,0,0,HYBRID_HEAT_PUMP,SOCIAL_HOUSING,36365,0,0,116429,79388,0,0,0,0,0,MEDIUM,MEDIUM,MEDIUM,5,COST_BASED,COST_BASED,false,false
1,baseline,2,2036,0,0,HYBRID_HEAT_PUMP,HOME_OWNER_ASSOCIATION,5029,0,0,116429,79388,0,0,0,0,0,MEDIUM,MEDIUM,MEDIUM,5,COST_BASED,COST_BASED,false,false
1,baseline,2,2036,0,0,HYBRID_HEAT_PUMP,TOTAL,106605,11098,804,116429,79388,0,0,0,0,0,MEDIUM,MEDIUM,MEDIUM,5,COST_BASED,COST_BASED,false,false
1,baseline,2,2036,0,0,ELECTRIC_HEAT_PUMP,PRIVATELY_OWNED,75252,0,0,95473,79388,0,0,0,0,0,MEDIUM,MEDIUM,MEDIUM,5,COST_BASED,COST_BASED,false,false
1,baseline,2,2036,0,0,ELECTRIC_HEAT_PUMP,PRIVATELY_RENTED,722,0,0,95473,79388,0,0,0,0,0,MEDIUM,MEDIUM,MEDIUM,5,COST_BASED,COST_BASED,false,false
1,baseline,2,2036,0,0,ELECTRIC_HEAT_PUMP,SOCIAL_HOUSING,0,0,0,95473,79388,0,0,0,0,0,MEDIUM,MEDIUM,MEDIUM,5,COST_BASED,COST_BASED,false,false
1,baseline,2,2036,0,0,ELECTRIC_HEAT_PUMP,HOME_OWNER_ASSOCIATION,0,0,0,95473,79388,0,0,0,0,0,MEDIUM,MEDIUM,MEDIUM,5,COST_BASED,COST_BASED,false,false
1,baseline,2,2036,0,0,ELECTRIC_HEAT_PUMP,TOTAL,75974,8380,1551,95473,79388,0,0,0,0,0,MEDIUM,MEDIUM,MEDIUM,5,COST_BASED,COST_BASED,false,false
1,baseline,2,2036,0,0,DISTRICT_HEATING,PRIVATELY_OWNED,4017,0,0,11222,79388,0,0,0,0,0,MEDIUM,MEDIUM,MEDIUM,5,COST_BASED,COST_BASED,false,false
1,baseline,2,2036,0,0,DISTRICT_HEATING,PRIVATELY_RENTED,1619,0,0,11222,79388,0,0,0,0,0,MEDIUM,MEDIUM,MEDIUM,5,COST_BASED,COST_BASED,false,false
1,baseline,2,2036,0,0,DISTRICT_HEATING,SOCIAL_HOUSING,1006,0,0,11222,79388,0,0,0,0,0,MEDIUM,MEDIUM,MEDIUM,5,COST_BASED,COST_BASED,false,false
1,baseline,2,2036,0,0,DISTRICT_HEATING,HOME_OWNER_ASSOCIATION,0,0,0,11222,79388,0,0,0,0,0,MEDIUM,MEDIUM,MEDIUM,5,COST_BASED,COST_BASED,false,false
1,baseline,2,2036,0,0,DISTRICT_HEATING,TOTAL,6642,737,242,11222,79388,0,0,0,0,0,MEDIUM,MEDIUM,MEDIUM,5,COST_BASED,COST_BASED,false,false
1,baseline,2,2037,0,0,NATURAL_GAS_BOILER,PRIVATELY_OWNED,223558,0,0,864841,82319,0,0,0,0,0,MEDIUM,MEDIUM,MEDIUM,5,COST_BASED,COST_BASED,false,false
1,baseline,2,2037,0,0,NATURAL_GAS_BOILER,PRIVATELY_RENTED,29564,0,0,864841,82319,0,0,0,0,0,MEDIUM,MEDIUM,MEDIUM,5,COST_BASED,COST_BASED,false,false
1,baseline,2,2037,0,0,NATURAL_GAS_BOILER,SOCIAL_HOUSING,61651,0,0,864841,82319,0,0,0,0,0,MEDIUM,MEDIUM,MEDIUM,5,COST_BASED,COST_BASED,false,false
1,baseline,2,2037,0,0,NATURAL_GAS_BOILER,HOME_OWNER_ASSOCIATION,19135,0,0,864841,82319,0,0,0,0,0,MEDIUM,MEDIUM,MEDIUM,5,COST_BASED,COST_BASED,false,false
1,baseline,2,2037,0,0,NATURAL_GAS_BOILER,TOTAL,333908,21672,41247,864841,82319,0,0,0,0,0,MEDIUM,MEDIUM,MEDIUM,5,COST_BASED,COST_BASED,false,false
1,baseline,2,2037,0,0,NATURAL_GAS_BLOCK,PRIVATELY_OWNED,21,0,0,33121,82319,0,0,0,0,0,MEDIUM,MEDIUM,MEDIUM,5,COST_BASED,COST_BASED,false,false
1,baseline,2,2037,0,0,NATURAL_GAS_BLOCK,PRIVATELY_RENTED,2643,0,0,33121,82319,0,0,0,0,0,MEDIUM,MEDIUM,MEDIUM,5,COST_BASED,COST_BASED,false,false
1,baseline,2,2037,0,0,NATURAL_GAS_BLOCK,SOCIAL_HOUSING,0,0,0,33121,82319,0,0,0,0,0,MEDIUM,MEDIUM,MEDIUM,5,COST_BASED,COST_BASED,false,false
1,baseline,2,2037,0,0,NATURAL_GAS_BLOCK,HOME_OWNER_ASSOCIATION,320,0,0,33121,82319,0,0,0,0,0,MEDIUM,MEDIUM,MEDIUM,5,COST_BASED,COST_BASED,false,false
1,baseline,2,2037,0,0,NATURAL_GAS_BLOCK,TOTAL,2984,177,246,33121,82319,0,0,0,0,0,MEDIUM,MEDIUM,MEDIUM,5,COST_BASED,COST_BASED,false,false
1,baseline,2,2037,0,0,HYBRID_HEAT_PUMP,PRIVATELY_OWNED,31459,0,0,129864,82319,0,0,0,0,0,MEDIUM,MEDIUM,MEDIUM,5,COST_BASED,COST_BASED,false,false
1,baseline,2,2037,0,0,HYBRID_HEAT_PUMP,PRIVATELY_RENTED,38563,0,0,129864,82319,0,0,0,0,0,MEDIUM,MEDIUM,MEDIUM,5,COST_BASED,COST_BASED,false,false
1,baseline,2,2037,0,0,HYBRID_HEAT_PUMP,SOCIAL_HOUSING,42913,0,0,129864,82319,0,0,0,0,0,MEDIUM,MEDIUM,MEDIUM,5,COST_BASED,COST_BASED,false,false
1,baseline,2,2037,0,0,HYBRID_HEAT_PUMP,HOME_OWNER_ASSOCIATION,6247,0,0,129864,82319,0,0,0,0,0,MEDIUM,MEDIUM,MEDIUM,5,COST_BASED,COST_BASED,false,false
1,baseline,2,2037,0,0,HYBRID_HEAT_PUMP,TOTAL,119182,13435,858,129864,82319,0,0,0,0,0,MEDIUM,MEDIUM,MEDIUM,5,COST_BASED,COST_BASED,false,false
1,baseline,2,2037,0,0,ELECTRIC_HEAT_PUMP,PRIVATELY_OWNED,82589,0,0,103925,82319,0,0,0,0,0,MEDIUM,MEDIUM,MEDIUM,5,COST_BASED,COST_BASED,false,false
1,baseline,2,2037,0,0,ELECTRIC_HEAT_PUMP,PRIVATELY_RENTED,471,0,0,103925,82319,0,0,0,0,0,MEDIUM,MEDIUM,MEDIUM,5,COST_BASED,COST_BASED,false,false
1,baseline,2,2037,0,0,ELECTRIC_HEAT_PUMP,SOCIAL_HOUSING,0,0,0,103925,82319,0,0,0,0,0,MEDIUM,MEDIUM,MEDIUM,5,COST_BASED,COST_BASED,false,false
1,baseline,2,2037,0,0,ELECTRIC_HEAT_PUMP,HOME_OWNER_ASSOCIATION,0,0,0,103925,82319,0,0,0,0,0,MEDIUM,MEDIUM,MEDIUM,5,COST_BASED,COST_BASED,false,false
1,baseline,2,2037,0,0,ELECTRIC_HEAT_PUMP,TOTAL,83060,8452,1366,103925,82319,0,0,0,0,0,MEDIUM,MEDIUM,MEDIUM,5,COST_BASED,COST_BASED,false,false
1,baseline,2,2037,0,0,DISTRICT_HEATING,PRIVATELY_OWNED,4657,0,0,11946,82319,0,0,0,0,0,MEDIUM,MEDIUM,MEDIUM,5,COST_BASED,COST_BASED,false,false
1,baseline,2,2037,0,0,DISTRICT_HEATING,PRIVATELY_RENTED,1494,0,0,11946,82319,0,0,0,0,0,MEDIUM,MEDIUM,MEDIUM,5,COST_BASED,COST_BASED,false,false
1,baseline,2,2037,0,0,DISTRICT_HEATING,SOCIAL_HOUSING,472,0,0,11946,82319,0,0,0,0,0,MEDIUM,MEDIUM,MEDIUM,5,COST_BASED,COST_BASED,false,false
1,baseline,2,2037,0,0,DISTRICT_HEATING,HOME_OWNER_ASSOCIATION,0,0,0,11946,82319,0,0,0,0,0,MEDIUM,MEDIUM,MEDIUM,5,COST_BASED,COST_BASED,false,false
1,baseline,2,2037,0,0,DISTRICT_HEATING,TOTAL,6623,724,743,11946,82319,0,0,0,0,0,MEDIUM,MEDIUM,MEDIUM,5,COST_BASED,COST_BASED,false,false
1,baseline,2,2038,0,0,NATURAL_GAS_BOILER,PRIVATELY_OWNED,212579,0,0,884760,79858,0,0,0,0,0,MEDIUM,MEDIUM,MEDIUM,5,COST_BASED,COST_BASED,false,false
1,baseline,2,2038,0,0,NATURAL_GAS_BOILER,PRIVATELY_RENTED,28007,0,0,884760,79858,0,0,0,0,0,MEDIUM,MEDIUM,MEDIUM,5,COST_BASED,COST_BASED,false,false
1,baseline,2,2038,0,0,NATURAL_GAS_BOILER,SOCIAL_HOUSING,56396,0,0,884760,79858,0,0,0,0,0,MEDIUM,MEDIUM,MEDIUM,5,COST_BASED,COST_BASED,false,false
1,baseline,2,2038,0,0,NATURAL_GAS_BOILER,HOME_OWNER_ASSOCIATION,18934,0,0,884760,79858,0,0,0,0,0,MEDIUM,MEDIUM,MEDIUM,5,COST_BASED,COST_BASED,false,false
1,baseline,2,2038,0,0,NATURAL_GAS_BOILER,TOTAL,315916,19919,37911,884760,79858,0,0,0,0,0,MEDIUM,MEDIUM,MEDIUM,5,COST_BASED,COST_BASED,false,false
1,baseline,2,2038,0,0,NATURAL_GAS_BLOCK,PRIVATELY_OWNED,21,0,0,33332,79858,0,0,0,0,0,MEDIUM,MEDIUM,MEDIUM,5,COST_BASED,COST_BASED,false,false
1,baseline,2,2038,0,0,NATURAL_GAS_BLOCK,PRIVATELY_RENTED,2555,0,0,33332,79858,0,0,0,0,0,MEDIUM,MEDIUM,MEDIUM,5,COST_BASED,COST_BASED,false,false
1,baseline,2,2038,0,0,NATURAL_GAS_BLOCK,SOCIAL_HOUSING,0,0,0,33332,79858,0,0,0,0,0,MEDIUM,MEDIUM,MEDIUM,5,COST_BASED,COST_BASED,false,false
1,baseline,2,2038,0,0,NATURAL_GAS_BLOCK,HOME_OWNER_ASSOCIATION,320,0,0,33332,79858,0,0,0,0,0,MEDIUM,MEDIUM,MEDIUM,5,COST_BASED,COST_BASED,false,false
1,baseline,2,2038,0,0,NATURAL_GAS_BLOCK,TOTAL,2896,211,299,33332,79858,0,0,0,0,0,MEDIUM,MEDIUM,MEDIUM,5,COST_BASED,COST_BASED,false,false
1,baseline,2,2038,0,0,HYBRID_HEAT_PUMP,PRIVATELY_OWNED,34068,0,0,140878,79858,0,0,0,0,0,MEDIUM,MEDIUM,MEDIUM,5,COST_BASED,COST_BASED,false,false
1,baseline,2,2038,0,0,HYBRID_HEAT_PUMP,PRIVATELY_RENTED,40549,0,0,140878,79858,0,0,0,0,0,MEDIUM,MEDIUM,MEDIUM,5,COST_BASED,COST_BASED,false,false
1,baseline,2,2038,0,0,HYBRID_HEAT_PUMP,SOCIAL_HOUSING,48168,0,0,140878,79858,0,0,0,0,0,MEDIUM,MEDIUM,MEDIUM,5,COST_BASED,COST_BASED,false,false
1,baseline,2,2038,0,0,HYBRID_HEAT_PUMP,HOME_OWNER_ASSOCIATION,6448,0,0,140878,79858,0,0,0,0,0,MEDIUM,MEDIUM,MEDIUM,5,COST_BASED,COST_BASED,false,false
1,baseline,2,2038,0,0,HYBRID_HEAT_PUMP,TOTAL,129233,11014,963,140878,79858,0,0,0,0,0,MEDIUM,MEDIUM,MEDIUM,5,COST_BASED,COST_BASED,false,false
1,baseline,2,2038,0,0,ELECTRIC_HEAT_PUMP,PRIVATELY_OWNED,90178,0,0,112553,79858,0,0,0,0,0,MEDIUM,MEDIUM,MEDIUM,5,COST_BASED,COST_BASED,false,false
1,baseline,2,2038,0,0,ELECTRIC_HEAT_PUMP,PRIVATELY_RENTED,245,0,0,112553,79858,0,0,0,0,0,MEDIUM,MEDIUM,MEDIUM,5,COST_BASED,COST_BASED,false,false
1,baseline,2,2038,0,0,ELECTRIC_HEAT_PUMP,SOCIAL_HOUSING,0,0,0,112553,79858,0,0,0,0,0,MEDIUM,MEDIUM,MEDIUM,5,COST_BASED,COST_BASED,false,false
1,baseline,2,2038,0,0,ELECTRIC_HEAT_PUMP,HOME_OWNER_ASSOCIATION,0,0,0,112553,79858,0,0,0,0,0,MEDIUM,MEDIUM,MEDIUM,5,COST_BASED,COST_BASED,false,false
1,baseline,2,2038,0,0,ELECTRIC_HEAT_PUMP,TOTAL,90423,8628,1265,112553,79858,0,0,0,0,0,MEDIUM,MEDIUM,MEDIUM,5,COST_BASED,COST_BASED,false,false
1,baseline,2,2038,0,0,DISTRICT_HEATING,PRIVATELY_OWNED,5438,0,0,12814,79858,0,0,0,0,0,MEDIUM,MEDIUM,MEDIUM,5,COST_BASED,COST_BASED,false,false
1,baseline,2,2038,0,0,DISTRICT_HEATING,PRIVATELY_RENTED,1379,0,0,12814,79858,0,0,0,0,0,MEDIUM,MEDIUM,MEDIUM,5,COST_BASED,COST_BASED,false,false
1,baseline,2,2038,0,0,DISTRICT_HEATING,SOCIAL_HOUSING,472,0,0,12814,79858,0,0,0,0,0,MEDIUM,MEDIUM,MEDIUM,5,COST_BASED,COST_BASED,false,false
1,baseline,2,2038,0,0,DISTRICT_HEATING,HOME_OWNER_ASSOCIATION,0,0,0,12814,79858,0,0,0,0,0,MEDIUM,MEDIUM,MEDIUM,5,COST_BASED,COST_BASED,false,false
1,baseline,2,2038,0,0,DISTRICT_HEATING,TOTAL,7289,868,202,12814,79858,0,0,0,0,0,MEDIUM,MEDIUM,MEDIUM,5,COST_BASED,COST_BASED,false,false
1,baseline,2,2039,0,0,NATURAL_GAS_BOILER,PRIVATELY_OWNED,201672,0,0,902927,78578,0,0,0,0,0,MEDIUM,MEDIUM,MEDIUM,5,COST_BASED,COST_BASED,false,false
1,baseline,2,2039,0,0,NATURAL_GAS_BOILER,PRIVATELY_RENTED,26555,0,0,902927,78578,0,0,0,0,0,MEDIUM,MEDIUM,MEDIUM,5,COST_BASED,COST_BASED,false,false
1,baseline,2,2039,0,0,NATURAL_GAS_BOILER,SOCIAL_HOUSING,52477,0,0,902927,78578,0,0,0,0,0,MEDIUM,MEDIUM,MEDIUM,5,COST_BASED,COST_BASED,false,false
1,baseline,2,2039,0,0,NATURAL_GAS_BOILER,HOME_OWNER_ASSOCIATION,18078,0,0,902927,78578,0,0,0,0,0,MEDIUM,MEDIUM,MEDIUM,5,COST_BASED,COST_BASED,false,false
1,baseline,2,2039,0,0,NATURAL_GAS_BOILER,TOTAL,298782,18167,35301,902927,78578,0,0,0,0,0,MEDIUM,MEDIUM,MEDIUM,5,COST_BASED,COST_BASED,false,false
1,baseline,2,2039,0,0,NATURAL_GAS_BLOCK,PRIVATELY_OWNED,19,0,0,33501,78578,0,0,0,0,0,MEDIUM,MEDIUM,MEDIUM,5,COST_BASED,COST_BASED,false,false
1,baseline,2,2039,0,0,NATURAL_GAS_BLOCK,PRIVATELY_RENTED,2468,0,0,33501,78578,0,0,0,0,0,MEDIUM,MEDIUM,MEDIUM,5,COST_BASED,COST_BASED,false,false
1,baseline,2,2039,0,0,NATURAL_GAS_BLOCK,SOCIAL_HOUSING,0,0,0,33501,78578,0,0,0,0,0,MEDIUM,MEDIUM,MEDIUM,5,COST_BASED,COST_BASED,false,false
1,baseline,2,2039,0,0,NATURAL_GAS_BLOCK,HOME_OWNER_ASSOCIATION,320,0,0,33501,78578,0,0,0,0,0,MEDIUM,MEDIUM,MEDIUM,5,COST_BASED,COST_BASED,false,false
1,baseline,2,2039,0,0,NATURAL_GAS_BLOCK,TOTAL,2807,169,258,33501,78578,0,0,0,0,0,MEDIUM,MEDIUM,MEDIUM,5,COST_BASED,COST_BASED,false,false
1,baseline,2,2039,0,0,HYBRID_HEAT_PUMP,PRIVATELY_OWNED,36557,0,0,150906,78578,0,0,0,0,0,MEDIUM,MEDIUM,MEDIUM,5,COST_BASED,COST_BASED,false,false
1,baseline,2,2039,0,0,HYBRID_HEAT_PUMP,PRIVATELY_RENTED,42420,0,0,150906,78578,0,0,0,0,0,MEDIUM,MEDIUM,MEDIUM,5,COST_BASED,COST_BASED,false,false
1,baseline,2,2039,0,0,HYBRID_HEAT_PUMP,SOCIAL_HOUSING,52087,0,0,150906,78578,0,0,0,0,0,MEDIUM,MEDIUM,MEDIUM,5,COST_BASED,COST_BASED,false,false
1,baseline,2,2039,0,0,HYBRID_HEAT_PUMP,HOME_OWNER_ASSOCIATION,7304,0,0,150906,78578,0,0,0,0,0,MEDIUM,MEDIUM,MEDIUM,5,COST_BASED,COST_BASED,false,false
1,baseline,2,2039,0,0,HYBRID_HEAT_PUMP,TOTAL,138368,10028,893,150906,78578,0,0,0,0,0,MEDIUM,MEDIUM,MEDIUM,5,COST_BASED,COST_BASED,false,false
1,baseline,2,2039,0,0,ELECTRIC_HEAT_PUMP,PRIVATELY_OWNED,97760,0,0,120977,78578,0,0,0,0,0,MEDIUM,MEDIUM,MEDIUM,5,COST_BASED,COST_BASED,false,false
1,baseline,2,2039,0,0,ELECTRIC_HEAT_PUMP,PRIVATELY_RENTED,29,0,0,120977,78578,0,0,0,0,0,MEDIUM,MEDIUM,MEDIUM,5,COST_BASED,COST_BASED,false,false
1,baseline,2,2039,0,0,ELECTRIC_HEAT_PUMP,SOCIAL_HOUSING,0,0,0,120977,78578,0,0,0,0,0,MEDIUM,MEDIUM,MEDIUM,5,COST_BASED,COST_BASED,false,false
1,baseline,2,2039,0,0,ELECTRIC_HEAT_PUMP,HOME_OWNER_ASSOCIATION,0,0,0,120977,78578,0,0,0,0,0,MEDIUM,MEDIUM,MEDIUM,5,COST_BASED,COST_BASED,false,false
1,baseline,2,2039,0,0,ELECTRIC_HEAT_PUMP,TOTAL,97789,8424,1058,120977,78578,0,0,0,0,0,MEDIUM,MEDIUM,MEDIUM,5,COST_BASED,COST_BASED,false,false
1,baseline,2,2039,0,0,DISTRICT_HEATING,PRIVATELY_OWNED,6276,0,0,13735,78578,0,0,0,0,0,MEDIUM,MEDIUM,MEDIUM,5,COST_BASED,COST_BASED,false,false
1,baseline,2,2039,0,0,DISTRICT_HEATING,PRIVATELY_RENTED,1263,0,0,13735,78578,0,0,0,0,0,MEDIUM,MEDIUM,MEDIUM,5,COST_BASED,COST_BASED,false,false
1,baseline,2,2039,0,0,DISTRICT_HEATING,SOCIAL_HOUSING,472,0,0,13735,78578,0,0,0,0,0,MEDIUM,MEDIUM,MEDIUM,5,COST_BASED,COST_BASED,false,false
1,baseline,2,2039,0,0,DISTRICT_HEATING,HOME_OWNER_ASSOCIATION,0,0,0,13735,78578,0,0,0,0,0,MEDIUM,MEDIUM,MEDIUM,5,COST_BASED,COST_BASED,false,false
1,baseline,2,2039,0,0,DISTRICT_HEATING,TOTAL,8011,921,199,13735,78578,0,0,0,0,0,MEDIUM,MEDIUM,MEDIUM,5,COST_BASED,COST_BASED,false,false
1,baseline,2,2040,0,0,NATURAL_GAS_BOILER,PRIVATELY_OWNED,189758,0,0,918609,82838,0,0,0,0,0,MEDIUM,MEDIUM,MEDIUM,5,COST_BASED,COST_BASED,false,false
1,baseline,2,2040,0,0,NATURAL_GAS_BOILER,PRIVATELY_RENTED,25238,0,0,918609,82838,0,0,0,0,0,MEDIUM,MEDIUM,MEDIUM,5,COST_BASED,COST_BASED,false,false
1,baseline,2,2040,0,0,NATURAL_GAS_BOILER,SOCIAL_HOUSING,47253,0,0,918609,82838,0,0,0,0,0,MEDIUM,MEDIUM,MEDIUM,5,COST_BASED,COST_BASED,false,false
1,baseline,2,2040,0,0,NATURAL_GAS_BOILER,HOME_OWNER_ASSOCIATION,17814,0,0,918609,82838,0,0,0,0,0,MEDIUM,MEDIUM,MEDIUM,5,COST_BASED,COST_BASED,false,false
1,baseline,2,2040,0,0,NATURAL_GAS_BOILER,TOTAL,280063,15682,34401,918609,82838,0,0,0,0,0,MEDIUM,MEDIUM,MEDIUM,5,COST_BASED,COST_BASED,false,false
1,baseline,2,2040,0,0,NATURAL_GAS_BLOCK,PRIVATELY_OWNED,16,0,0,33674,82838,0,0,0,0,0,MEDIUM,MEDIUM,MEDIUM,5,COST_BASED,COST_BASED,false,false
1,baseline,2,2040,0,0,NATURAL_GAS_BLOCK,PRIVATELY_RENTED,2414,0,0,33674,82838,0,0,0,0,0,MEDIUM,MEDIUM,MEDIUM,5,COST_BASED,COST_BASED,false,false
1,baseline,2,2040,0,0,NATURAL_GAS_BLOCK,SOCIAL_HOUSING,0,0,0,33674,82838,0,0,0,0,0,MEDIUM,MEDIUM,MEDIUM,5,COST_BASED,COST_BASED,false,false
1,baseline,2,2040,0,0,NATURAL_GAS_BLOCK,HOME_OWNER_ASSOCIATION,323,0,0,33674,82838,0,0,0,0,0,MEDIUM,MEDIUM,MEDIUM,5,COST_BASED,COST_BASED,false,false
1,baseline,2,2040,0,0,NATURAL_GAS_BLOCK,TOTAL,2753,173,227,33674,82838,0,0,0,0,0,MEDIUM,MEDIUM,MEDIUM,5,COST_BASED,COST_BASED,false,false
1,baseline,2,2040,0,0,HYBRID_HEAT_PUMP,PRIVATELY_OWNED,39374,0,0,165723,82838,0,0,0,0,0,MEDIUM,MEDIUM,MEDIUM,5,COST_BASED,COST_BASED,false,false
1,baseline,2,2040,0,0,HYBRID_HEAT_PUMP,PRIVATELY_RENTED,43851,0,0,165723,82838,0,0,0,0,0,MEDIUM,MEDIUM,MEDIUM,5,COST_BASED,COST_BASED,false,false
1,baseline,2,2040,0,0,HYBRID_HEAT_PUMP,SOCIAL_HOUSING,57307,0,0,165723,82838,0,0,0,0,0,MEDIUM,MEDIUM,MEDIUM,5,COST_BASED,COST_BASED,false,false
1,baseline,2,2040,0,0,HYBRID_HEAT_PUMP,HOME_OWNER_ASSOCIATION,7565,0,0,165723,82838,0,0,0,0,0,MEDIUM,MEDIUM,MEDIUM,5,COST_BASED,COST_BASED,false,false
1,baseline,2,2040,0,0,HYBRID_HEAT_PUMP,TOTAL,148097,14817,5088,165723,82838,0,0,0,0,0,MEDIUM,MEDIUM,MEDIUM,5,COST_BASED,COST_BASED,false,false
1,baseline,2,2040,0,0,ELECTRIC_HEAT_PUMP,PRIVATELY_OWNED,106022,0,0,131756,82838,0,0,0,0,0,MEDIUM,MEDIUM,MEDIUM,5,COST_BASED,COST_BASED,false,false
1,baseline,2,2040,0,0,ELECTRIC_HEAT_PUMP,PRIVATELY_RENTED,44,0,0,131756,82838,0,0,0,0,0,MEDIUM,MEDIUM,MEDIUM,5,COST_BASED,COST_BASED,false,false
1,baseline,2,2040,0,0,ELECTRIC_HEAT_PUMP,SOCIAL_HOUSING,4,0,0,131756,82838,0,0,0,0,0,MEDIUM,MEDIUM,MEDIUM,5,COST_BASED,COST_BASED,false,false
1,baseline,2,2040,0,0,ELECTRIC_HEAT_PUMP,HOME_OWNER_ASSOCIATION,0,0,0,131756,82838,0,0,0,0,0,MEDIUM,MEDIUM,MEDIUM,5,COST_BASED,COST_BASED,false,false
1,baseline,2,2040,0,0,ELECTRIC_HEAT_PUMP,TOTAL,106070,10779,2498,131756,82838,0,0,0,0,0,MEDIUM,MEDIUM,MEDIUM,5,COST_BASED,COST_BASED,false,false
1,baseline,2,2040,0,0,DISTRICT_HEATING,PRIVATELY_OWNED,7114,0,0,14670,82838,0,0,0,0,0,MEDIUM,MEDIUM,MEDIUM,5,COST_BASED,COST_BASED,false,false
1,baseline,2,2040,0,0,DISTRICT_HEATING,PRIVATELY_RENTED,1188,0,0,14670,82838,0,0,0,0,0,MEDIUM,MEDIUM,MEDIUM,5,COST_BASED,COST_BASED,false,false
1,baseline,2,2040,0,0,DISTRICT_HEATING,SOCIAL_HOUSING,472,0,0,14670,82838,0,0,0,0,0,MEDIUM,MEDIUM,MEDIUM,5,COST_BASED,COST_BASED,false,false
1,baseline,2,2040,0,0,DISTRICT_HEATING,HOME_OWNER_ASSOCIATION,0,0,0,14670,82838,0,0,0,0,0,MEDIUM,MEDIUM,MEDIUM,5,COST_BASED,COST_BASED,false,false
1,baseline,2,2040,0,0,DISTRICT_HEATING,TOTAL,8774,935,172,14670,82838,0,0,0,0,0,MEDIUM,MEDIUM,MEDIUM,5,COST_BASED,COST_BASED,false,false
1,baseline,2,2041,0,0,NATURAL_GAS_BOILER,PRIVATELY_OWNED,177642,0,0,935766,83074,0,0,0,0,0,MEDIUM,MEDIUM,MEDIUM,5,COST_BASED,COST_BASED,false,false
1,baseline,2,2041,0,0,NATURAL_GAS_BOILER,PRIVATELY_RENTED,23979,0,0,935766,83074,0,0,0,0,0,MEDIUM,MEDIUM,MEDIUM,5,COST_BASED,COST_BASED,false,false
1,baseline,2,2041,0,0,NATURAL_GAS_BOILER,SOCIAL_HOUSING,43705,0,0,935766,83074,0,0,0,0,0,MEDIUM,MEDIUM,MEDIUM,5,COST_BASED,COST_BASED,false,false
1,baseline,2,2041,0,0,NATURAL_GAS_BOILER,HOME_OWNER_ASSOCIATION,17076,0,0,935766,83074,0,0,0,0,0,MEDIUM,MEDIUM,MEDIUM,5,COST_BASED,COST_BASED,false,false
1,baseline,2,2041,0,0,NATURAL_GAS_BOILER,TOTAL,262402,17157,34818,935766,83074,0,0,0,0,0,MEDIUM,MEDIUM,MEDIUM,5,COST_BASED,COST_BASED,false,false
1,baseline,2,2041,0,0,NATURAL_GAS_BLOCK,PRIVATELY_OWNED,19,0,0,33973,83074,0,0,0,0,0,MEDIUM,MEDIUM,MEDIUM,5,COST_BASED,COST_BASED,false,false
1,baseline,2,2041,0,0,NATURAL_GAS_BLOCK,PRIVATELY_RENTED,2385,0,0,33973,83074,0,0,0,0,0,MEDIUM,MEDIUM,MEDIUM,5,COST_BASED,COST_BASED,false,false
1,baseline,2,2041,0,0,NATURAL_GAS_BLOCK,SOCIAL_HOUSING,0,0,0,33973,83074,0,0,0,0,0,MEDIUM,MEDIUM,MEDIUM,5,COST_BASED,COST_BASED,false,false
1,baseline,2,2041,0,0,NATURAL_GAS_BLOCK,HOME_OWNER_ASSOCIATION,443,0,0,33973,83074,0,0,0,0,0,MEDIUM,MEDIUM,MEDIUM,5,COST_BASED,COST_BASED,false,false
1,baseline,2,2041,0,0,NATURAL_GAS_BLOCK,TOTAL,2847,299,205,33973,83074,0,0,0,0,0,MEDIUM,MEDIUM,MEDIUM,5,COST_BASED,COST_BASED,false,false
1,baseline,2,2041,0,0,HYBRID_HEAT_PUMP,PRIVATELY_OWNED,42203,0,0,179352,83074,0,0,0,0,0,MEDIUM,MEDIUM,MEDIUM,5,COST_BASED,COST_BASED,false,false
1,baseline,2,2041,0,0,HYBRID_HEAT_PUMP,PRIVATELY_RENTED,45191,0,0,179352,83074,0,0,0,0,0,MEDIUM,MEDIUM,MEDIUM,5,COST_BASED,COST_BASED,false,false
1,baseline,2,2041,0,0,HYBRID_HEAT_PUMP,SOCIAL_HOUSING,60855,0,0,179352,83074,0,0,0,0,0,MEDIUM,MEDIUM,MEDIUM,5,COST_BASED,COST_BASED,false,false
1,baseline,2,2041,0,0,HYBRID_HEAT_PUMP,HOME_OWNER_ASSOCIATION,8183,0,0,179352,83074,0,0,0,0,0,MEDIUM,MEDIUM,MEDIUM,5,COST_BASED,COST_BASED,false,false
1,baseline,2,2041,0,0,HYBRID_HEAT_PUMP,TOTAL,156432,13629,5294,179352,83074,0,0,0,0,0,MEDIUM,MEDIUM,MEDIUM,5,COST_BASED,COST_BASED,false,false
1,baseline,2,2041,0,0,ELECTRIC_HEAT_PUMP,PRIVATELY_OWNED,114384,0,0,143315,83074,0,0,0,0,0,MEDIUM,MEDIUM,MEDIUM,5,COST_BASED,COST_BASED,false,false
1,baseline,2,2041,0,0,ELECTRIC_HEAT_PUMP,PRIVATELY_RENTED,60,0,0,143315,83074,0,0,0,0,0,MEDIUM,MEDIUM,MEDIUM,5,COST_BASED,COST_BASED,false,false
1,baseline,2,2041,0,0,ELECTRIC_HEAT_PUMP,SOCIAL_HOUSING,4,0,0,143315,83074,0,0,0,0,0,MEDIUM,MEDIUM,MEDIUM,5,COST_BASED,COST_BASED,false,false
1,baseline,2,2041,0,0,ELECTRIC_HEAT_PUMP,HOME_OWNER_ASSOCIATION,0,0,0,143315,83074,0,0,0,0,0,MEDIUM,MEDIUM,MEDIUM,5,COST_BASED,COST_BASED,false,false
1,baseline,2,2041,0,0,ELECTRIC_HEAT_PUMP,TOTAL,114448,11559,3181,143315,83074,0,0,0,0,0,MEDIUM,MEDIUM,MEDIUM,5,COST_BASED,COST_BASED,false,false
1,baseline,2,2041,0,0,DISTRICT_HEATING,PRIVATELY_OWNED,8036,0,0,15707,83074,0,0,0,0,0,MEDIUM,MEDIUM,MEDIUM,5,COST_BASED,COST_BASED,false,false
1,baseline,2,2041,0,0,DISTRICT_HEATING,PRIVATELY_RENTED,1120,0,0,15707,83074,0,0,0,0,0,MEDIUM,MEDIUM,MEDIUM,5,COST_BASED,COST_BASED,false,false
1,baseline,2,2041,0,0,DISTRICT_HEATING,SOCIAL_HOUSING,472,0,0,15707,83074,0,0,0,0,0,MEDIUM,MEDIUM,MEDIUM,5,COST_BASED,COST_BASED,false,false
1,baseline,2,2041,0,0,DISTRICT_HEATING,HOME_OWNER_ASSOCIATION,0,0,0,15707,83074,0,0,0,0,0,MEDIUM,MEDIUM,MEDIUM,5,COST_BASED,COST_BASED,false,false
1,baseline,2,2041,0,0,DISTRICT_HEATING,TOTAL,9628,1037,183,15707,83074,0,0,0,0,0,MEDIUM,MEDIUM,MEDIUM,5,COST_BASED,COST_BASED,false,false
1,baseline,2,2042,0,0,NATURAL_GAS_BOILER,PRIVATELY_OWNED,164855,0,0,949098,79591,0,0,0,0,0,MEDIUM,MEDIUM,MEDIUM,5,COST_BASED,COST_BASED,false,false
1,baseline,2,2042,0,0,NATURAL_GAS_BOILER,PRIVATELY_RENTED,22872,0,0,949098,79591,0,0,0,0,0,MEDIUM,MEDIUM,MEDIUM,5,COST_BASED,COST_BASED,false,false
1,baseline,2,2042,0,0,NATURAL_GAS_BOILER,SOCIAL_HOUSING,40882,0,0,949098,79591,0,0,0,0,0,MEDIUM,MEDIUM,MEDIUM,5,COST_BASED,COST_BASED,false,false
1,baseline,2,2042,0,0,NATURAL_GAS_BOILER,HOME_OWNER_ASSOCIATION,16034,0,0,949098,79591,0,0,0,0,0,MEDIUM,MEDIUM,MEDIUM,5,COST_BASED,COST_BASED,false,false
1,baseline,2,2042,0,0,NATURAL_GAS_BOILER,TOTAL,244643,13332,31091,949098,79591,0,0,0,0,0,MEDIUM,MEDIUM,MEDIUM,5,COST_BASED,COST_BASED,false,false
1,baseline,2,2042,0,0,NATURAL_GAS_BLOCK,PRIVATELY_OWNED,18,0,0,34160,79591,0,0,0,0,0,MEDIUM,MEDIUM,MEDIUM,5,COST_BASED,COST_BASED,false,false
1,baseline,2,2042,0,0,NATURAL_GAS_BLOCK,PRIVATELY_RENTED,2346,0,0,34160,79591,0,0,0,0,0,MEDIUM,MEDIUM,MEDIUM,5,COST_BASED,COST_BASED,false,false
1,baseline,2,2042,0,0,NATURAL_GAS_BLOCK,SOCIAL_HOUSING,0,0,0,34160,79591,0,0,0,0,0,MEDIUM,MEDIUM,MEDIUM,5,COST_BASED,COST_BASED,false,false
1,baseline,2,2042,0,0,NATURAL_GAS_BLOCK,HOME_OWNER_ASSOCIATION,442,0,0,34160,79591,0,0,0,0,0,MEDIUM,MEDIUM,MEDIUM,5,COST_BASED,COST_BASED,false,false
1,baseline,2,2042,0,0,NATURAL_GAS_BLOCK,TOTAL,2806,187,228,34160,79591,0,0,0,0,0,MEDIUM,MEDIUM,MEDIUM,5,COST_BASED,COST_BASED,false,false
1,baseline,2,2042,0,0,HYBRID_HEAT_PUMP,PRIVATELY_OWNED,45402,0,0,193093,79591,0,0,0,0,0,MEDIUM,MEDIUM,MEDIUM,5,COST_BASED,COST_BASED,false,false
1,baseline,2,2042,0,0,HYBRID_HEAT_PUMP,PRIVATELY_RENTED,46369,0,0,193093,79591,0,0,0,0,0,MEDIUM,MEDIUM,MEDIUM,5,COST_BASED,COST_BASED,false,false
1,baseline,2,2042,0,0,HYBRID_HEAT_PUMP,SOCIAL_HOUSING,63678,0,0,193093,79591,0,0,0,0,0,MEDIUM,MEDIUM,MEDIUM,5,COST_BASED,COST_BASED,false,false
1,baseline,2,2042,0,0,HYBRID_HEAT_PUMP,HOME_OWNER_ASSOCIATION,9226,0,0,193093,79591,0,0,0,0,0,MEDIUM,MEDIUM,MEDIUM,5,COST_BASED,COST_BASED,false,false
1,baseline,2,2042,0,0,HYBRID_HEAT_PUMP,TOTAL,164675,13741,5498,193093,79591,0,0,0,0,0,MEDIUM,MEDIUM,MEDIUM,5,COST_BASED,COST_BASED,false,false
1,baseline,2,2042,0,0,ELECTRIC_HEAT_PUMP,PRIVATELY_OWNED,122942,0,0,154942,79591,0,0,0,0,0,MEDIUM,MEDIUM,MEDIUM,5,COST_BASED,COST_BASED,false,false
1,baseline,2,2042,0,0,ELECTRIC_HEAT_PUMP,PRIVATELY_RENTED,88,0,0,154942,79591,0,0,0,0,0,MEDIUM,MEDIUM,MEDIUM,5,COST_BASED,COST_BASED,false,false
1,baseline,2,2042,0,0,ELECTRIC_HEAT_PUMP,SOCIAL_HOUSING,4,0,0,154942,79591,0,0,0,0,0,MEDIUM,MEDIUM,MEDIUM,5,COST_BASED,COST_BASED,false,false
1,baseline,2,2042,0,0,ELECTRIC_HEAT_PUMP,HOME_OWNER_ASSOCIATION,0,0,0,154942,79591,0,0,0,0,0,MEDIUM,MEDIUM,MEDIUM,5,COST_BASED,COST_BASED,false,false
1,baseline,2,2042,0,0,ELECTRIC_HEAT_PUMP,TOTAL,123034,11627,3041,154942,79591,0,0,0,0,0,MEDIUM,MEDIUM,MEDIUM,5,COST_BASED,COST_BASED,false,false
1,baseline,2,2042,0,0,DISTRICT_HEATING,PRIVATELY_OWNED,9067,0,0,16832,79591,0,0,0,0,0,MEDIUM,MEDIUM,MEDIUM,5,COST_BASED,COST_BASED,false,false
1,baseline,2,2042,0,0,DISTRICT_HEATING,PRIVATELY_RENTED,1060,0,0,16832,79591,0,0,0,0,0,MEDIUM,MEDIUM,MEDIUM,5,COST_BASED,COST_BASED,false,false
1,baseline,2,2042,0,0,DISTRICT_HEATING,SOCIAL_HOUSING,472,0,0,16832,79591,0,0,0,0,0,MEDIUM,MEDIUM,MEDIUM,5,COST_BASED,COST_BASED,false,false
1,baseline,2,2042,0,0,DISTRICT_HEATING,HOME_OWNER_ASSOCIATION,0,0,0,16832,79591,0,0,0,0,0,MEDIUM,MEDIUM,MEDIUM,5,COST_BASED,COST_BASED,false,false
1,baseline,2,2042,0,0,DISTRICT_HEATING,TOTAL,10599,1125,154,16832,79591,0,0,0,0,0,MEDIUM,MEDIUM,MEDIUM,5,COST_BASED,COST_BASED,false,false
1,baseline,2,2043,0,0,NATURAL_GAS_BOILER,PRIVATELY_OWNED,153496,0,0,961988,82291,0,0,0,0,0,MEDIUM,MEDIUM,MEDIUM,5,COST_BASED,COST_BASED,false,false
1,baseline,2,2043,0,0,NATURAL_GAS_BOILER,PRIVATELY_RENTED,21854,0,0,961988,82291,0,0,0,0,0,MEDIUM,MEDIUM,MEDIUM,5,COST_BASED,COST_BASED,false,false
1,baseline,2,2043,0,0,NATURAL_GAS_BOILER,SOCIAL_HOUSING,37477,0,0,961988,82291,0,0,0,0,0,MEDIUM,MEDIUM,MEDIUM,5,COST_BASED,COST_BASED,false,false
1,baseline,2,2043,0,0,NATURAL_GAS_BOILER,HOME_OWNER_ASSOCIATION,15663,0,0,961988,82291,0,0,0,0,0,MEDIUM,MEDIUM,MEDIUM,5,COST_BASED,COST_BASED,false,false
1,baseline,2,2043,0,0,NATURAL_GAS_BOILER,TOTAL,228490,12890,29043,961988,82291,0,0,0,0,0,MEDIUM,MEDIUM,MEDIUM,5,COST_BASED,COST_BASED,false,false
1,baseline,2,2043,0,0,NATURAL_GAS_BLOCK,PRIVATELY_OWNED,19,0,0,34329,82291,0,0,0,0,0,MEDIUM,MEDIUM,MEDIUM,5,COST_BASED,COST_BASED,false,false
1,baseline,2,2043,0,0,NATURAL_GAS_BLOCK,PRIVATELY_RENTED,2283,0,0,34329,82291,0,0,0,0,0,MEDIUM,MEDIUM,MEDIUM,5,COST_BASED,COST_BASED,false,false
1,baseline,2,2043,0,0,NATURAL_GAS_BLOCK,SOCIAL_HOUSING,0,0,0,34329,82291,0,0,0,0,0,MEDIUM,MEDIUM,MEDIUM,5,COST_BASED,COST_BASED,false,false
1,baseline,2,2043,0,0,NATURAL_GAS_BLOCK,HOME_OWNER_ASSOCIATION,434,0,0,34329,82291,0,0,0,0,0,MEDIUM,MEDIUM,MEDIUM,5,COST_BASED,COST_BASED,false,false
1,baseline,2,2043,0,0,NATURAL_GAS_BLOCK,TOTAL,2736,169,239,34329,82291,0,0,0,0,0,MEDIUM,MEDIUM,MEDIUM,5,COST_BASED,COST_BASED,false,false
1,baseline,2,2043,0,0,HYBRID_HEAT_PUMP,PRIVATELY_OWNED,48053,0,0,208067,82291,0,0,0,0,0,MEDIUM,MEDIUM,MEDIUM,5,COST_BASED,COST_BASED,false,false
1,baseline,2,2043,0,0,HYBRID_HEAT_PUMP,PRIVATELY_RENTED,47494,0,0,208067,82291,0,0,0,0,0,MEDIUM,MEDIUM,MEDIUM,5,COST_BASED,COST_BASED,false,false
1,baseline,2,2043,0,0,HYBRID_HEAT_PUMP,SOCIAL_HOUSING,67083,0,0,208067,82291,0,0,0,0,0,MEDIUM,MEDIUM,MEDIUM,5,COST_BASED,COST_BASED,false,false
1,baseline,2,2043,0,0,HYBRID_HEAT_PUMP,HOME_OWNER_ASSOCIATION,9605,0,0,208067,82291,0,0,0,0,0,MEDIUM,MEDIUM,MEDIUM,5,COST_BASED,COST_BASED,false,false
1,baseline,2,2043,0,0,HYBRID_HEAT_PUMP,TOTAL,172235,14974,7414,208067,82291,0,0,0,0,0,MEDIUM,MEDIUM,MEDIUM,5,COST_BASED,COST_BASED,false,false
1,baseline,2,2043,0,0,ELECTRIC_HEAT_PUMP,PRIVATELY_OWNED,130625,0,0,166813,82291,0,0,0,0,0,MEDIUM,MEDIUM,MEDIUM,5,COST_BASED,COST_BASED,false,false
1,baseline,2,2043,0,0,ELECTRIC_HEAT_PUMP,PRIVATELY_RENTED,116,0,0,166813,82291,0,0,0,0,0,MEDIUM,MEDIUM,MEDIUM,5,COST_BASED,COST_BASED,false,false
1,baseline,2,2043,0,0,ELECTRIC_HEAT_PUMP,SOCIAL_HOUSING,4,0,0,166813,82291,0,0,0,0,0,MEDIUM,MEDIUM,MEDIUM,5,COST_BASED,COST_BASED,false,false
1,baseline,2,2043,0,0,ELECTRIC_HEAT_PUMP,HOME_OWNER_ASSOCIATION,0,0,0,166813,82291,0,0,0,0,0,MEDIUM,MEDIUM,MEDIUM,5,COST_BASED,COST_BASED,false,false
1,baseline,2,2043,0,0,ELECTRIC_HEAT_PUMP,TOTAL,130745,11871,4160,166813,82291,0,0,0,0,0,MEDIUM,MEDIUM,MEDIUM,5,COST_BASED,COST_BASED,false,false
1,baseline,2,2043,0,0,DISTRICT_HEATING,PRIVATELY_OWNED,10091,0,0,17953,82291,0,0,0,0,0,MEDIUM,MEDIUM,MEDIUM,5,COST_BASED,COST_BASED,false,false
1,baseline,2,2043,0,0,DISTRICT_HEATING,PRIVATELY_RENTED,988,0,0,17953,82291,0,0,0,0,0,MEDIUM,MEDIUM,MEDIUM,5,COST_BASED,COST_BASED,false,false
1,baseline,2,2043,0,0,DISTRICT_HEATING,SOCIAL_HOUSING,472,0,0,17953,82291,0,0,0,0,0,MEDIUM,MEDIUM,MEDIUM,5,COST_BASED,COST_BASED,false,false
1,baseline,2,2043,0,0,DISTRICT_HEATING,HOME_OWNER_ASSOCIATION,0,0,0,17953,82291,0,0,0,0,0,MEDIUM,MEDIUM,MEDIUM,5,COST_BASED,COST_BASED,false,false
1,baseline,2,2043,0,0,DISTRICT_HEATING,TOTAL,11551,1121,169,17953,82291,0,0,0,0,0,MEDIUM,MEDIUM,MEDIUM,5,COST_BASED,COST_BASED,false,false
1,baseline,2,2044,0,0,NATURAL_GAS_BOILER,PRIVATELY_OWNED,140643,0,0,972718,89740,0,0,0,0,0,MEDIUM,MEDIUM,MEDIUM,5,COST_BASED,COST_BASED,false,false
1,baseline,2,2044,0,0,NATURAL_GAS_BOILER,PRIVATELY_RENTED,20915,0,0,972718,89740,0,0,0,0,0,MEDIUM,MEDIUM,MEDIUM,5,COST_BASED,COST_BASED,false,false
1,baseline,2,2044,0,0,NATURAL_GAS_BOILER,SOCIAL_HOUSING,33193,0,0,972718,89740,0,0,0,0,0,MEDIUM,MEDIUM,MEDIUM,5,COST_BASED,COST_BASED,false,false
1,baseline,2,2044,0,0,NATURAL_GAS_BOILER,HOME_OWNER_ASSOCIATION,14747,0,0,972718,89740,0,0,0,0,0,MEDIUM,MEDIUM,MEDIUM,5,COST_BASED,COST_BASED,false,false
1,baseline,2,2044,0,0,NATURAL_GAS_BOILER,TOTAL,209498,10730,29722,972718,89740,0,0,0,0,0,MEDIUM,MEDIUM,MEDIUM,5,COST_BASED,COST_BASED,false,false
1,baseline,2,2044,0,0,NATURAL_GAS_BLOCK,PRIVATELY_OWNED,19,0,0,34507,89740,0,0,0,0,0,MEDIUM,MEDIUM,MEDIUM,5,COST_BASED,COST_BASED,false,false
1,baseline,2,2044,0,0,NATURAL_GAS_BLOCK,PRIVATELY_RENTED,2254,0,0,34507,89740,0,0,0,0,0,MEDIUM,MEDIUM,MEDIUM,5,COST_BASED,COST_BASED,false,false
1,baseline,2,2044,0,0,NATURAL_GAS_BLOCK,SOCIAL_HOUSING,0,0,0,34507,89740,0,0,0,0,0,MEDIUM,MEDIUM,MEDIUM,5,COST_BASED,COST_BASED,false,false
1,baseline,2,2044,0,0,NATURAL_GAS_BLOCK,HOME_OWNER_ASSOCIATION,142,0,0,34507,89740,0,0,0,0,0,MEDIUM,MEDIUM,MEDIUM,5,COST_BASED,COST_BASED,false,false
1,baseline,2,2044,0,0,NATURAL_GAS_BLOCK,TOTAL,2415,178,499,34507,89740,0,0,0,0,0,MEDIUM,MEDIUM,MEDIUM,5,COST_BASED,COST_BASED,false,false
1,baseline,2,2044,0,0,HYBRID_HEAT_PUMP,PRIVATELY_OWNED,51371,0,0,228443,89740,0,0,0,0,0,MEDIUM,MEDIUM,MEDIUM,5,COST_BASED,COST_BASED,false,false
1,baseline,2,2044,0,0,HYBRID_HEAT_PUMP,PRIVATELY_RENTED,48494,0,0,228443,89740,0,0,0,0,0,MEDIUM,MEDIUM,MEDIUM,5,COST_BASED,COST_BASED,false,false
1,baseline,2,2044,0,0,HYBRID_HEAT_PUMP,SOCIAL_HOUSING,71367,0,0,228443,89740,0,0,0,0,0,MEDIUM,MEDIUM,MEDIUM,5,COST_BASED,COST_BASED,false,false
1,baseline,2,2044,0,0,HYBRID_HEAT_PUMP,HOME_OWNER_ASSOCIATION,10813,0,0,228443,89740,0,0,0,0,0,MEDIUM,MEDIUM,MEDIUM,5,COST_BASED,COST_BASED,false,false
1,baseline,2,2044,0,0,HYBRID_HEAT_PUMP,TOTAL,182045,20376,10566,228443,89740,0,0,0,0,0,MEDIUM,MEDIUM,MEDIUM,5,COST_BASED,COST_BASED,false,false
1,baseline,2,2044,0,0,ELECTRIC_HEAT_PUMP,PRIVATELY_OWNED,138981,0,0,179541,89740,0,0,0,0,0,MEDIUM,MEDIUM,MEDIUM,5,COST_BASED,COST_BASED,false,false
1,baseline,2,2044,0,0,ELECTRIC_HEAT_PUMP,PRIVATELY_RENTED,155,0,0,179541,89740,0,0,0,0,0,MEDIUM,MEDIUM,MEDIUM,5,COST_BASED,COST_BASED,false,false
1,baseline,2,2044,0,0,ELECTRIC_HEAT_PUMP,SOCIAL_HOUSING,4,0,0,179541,89740,0,0,0,0,0,MEDIUM,MEDIUM,MEDIUM,5,COST_BASED,COST_BASED,false,false
1,baseline,2,2044,0,0,ELECTRIC_HEAT_PUMP,HOME_OWNER_ASSOCIATION,0,0,0,179541,89740,0,0,0,0,0,MEDIUM,MEDIUM,MEDIUM,5,COST_BASED,COST_BASED,false,false
1,baseline,2,2044,0,0,ELECTRIC_HEAT_PUMP,TOTAL,139140,12728,4333,179541,89740,0,0,0,0,0,MEDIUM,MEDIUM,MEDIUM,5,COST_BASED,COST_BASED,false,false
1,baseline,2,2044,0,0,DISTRICT_HEATING,PRIVATELY_OWNED,11270,0,0,19225,89740,0,0,0,0,0,MEDIUM,MEDIUM,MEDIUM,5,COST_BASED,COST_BASED,false,false
1,baseline,2,2044,0,0,DISTRICT_HEATING,PRIVATELY_RENTED,917,0,0,19225,89740,0,0,0,0,0,MEDIUM,MEDIUM,MEDIUM,5,COST_BASED,COST_BASED,false,false
1,baseline,2,2044,0,0,DISTRICT_HEATING,SOCIAL_HOUSING,472,0,0,19225,89740,0,0,0,0,0,MEDIUM,MEDIUM,MEDIUM,5,COST_BASED,COST_BASED,false,false
1,baseline,2,2044,0,0,DISTRICT_HEATING,HOME_OWNER_ASSOCIATION,0,0,0,19225,89740,0,0,0,0,0,MEDIUM,MEDIUM,MEDIUM,5,COST_BASED,COST_BASED,false,false
1,baseline,2,2044,0,0,DISTRICT_HEATING,TOTAL,12659,1272,164,19225,89740,0,0,0,0,0,MEDIUM,MEDIUM,MEDIUM,5,COST_BASED,COST_BASED,false,false
1,baseline,2,2045,0,0,NATURAL_GAS_BOILER,PRIVATELY_OWNED,129390,0,0,986226,90509,0,0,0,0,0,MEDIUM,MEDIUM,MEDIUM,5,COST_BASED,COST_BASED,false,false
1,baseline,2,2045,0,0,NATURAL_GAS_BOILER,PRIVATELY_RENTED,20045,0,0,986226,90509,0,0,0,0,0,MEDIUM,MEDIUM,MEDIUM,5,COST_BASED,COST_BASED,false,false
1,baseline,2,2045,0,0,NATURAL_GAS_BOILER,SOCIAL_HOUSING,31068,0,0,986226,90509,0,0,0,0,0,MEDIUM,MEDIUM,MEDIUM,5,COST_BASED,COST_BASED,false,false
1,baseline,2,2045,0,0,NATURAL_GAS_BOILER,HOME_OWNER_ASSOCIATION,13878,0,0,986226,90509,0,0,0,0,0,MEDIUM,MEDIUM,MEDIUM,5,COST_BASED,COST_BASED,false,false
1,baseline,2,2045,0,0,NATURAL_GAS_BOILER,TOTAL,194381,13508,28625,986226,90509,0,0,0,0,0,MEDIUM,MEDIUM,MEDIUM,5,COST_BASED,COST_BASED,false,false
1,baseline,2,2045,0,0,NATURAL_GAS_BLOCK,PRIVATELY_OWNED,20,0,0,34713,90509,0,0,0,0,0,MEDIUM,MEDIUM,MEDIUM,5,COST_BASED,COST_BASED,false,false
1,baseline,2,2045,0,0,NATURAL_GAS_BLOCK,PRIVATELY_RENTED,2201,0,0,34713,90509,0,0,0,0,0,MEDIUM,MEDIUM,MEDIUM,5,COST_BASED,COST_BASED,false,false
1,baseline,2,2045,0,0,NATURAL_GAS_BLOCK,SOCIAL_HOUSING,0,0,0,34713,90509,0,0,0,0,0,MEDIUM,MEDIUM,MEDIUM,5,COST_BASED,COST_BASED,false,false
1,baseline,2,2045,0,0,NATURAL_GAS_BLOCK,HOME_OWNER_ASSOCIATION,142,0,0,34713,90509,0,0,0,0,0,MEDIUM,MEDIUM,MEDIUM,5,COST_BASED,COST_BASED,false,false
1,baseline,2,2045,0,0,NATURAL_GAS_BLOCK,TOTAL,2363,206,258,34713,90509,0,0,0,0,0,MEDIUM,MEDIUM,MEDIUM,5,COST_BASED,COST_BASED,false,false
1,baseline,2,2045,0,0,HYBRID_HEAT_PUMP,PRIVATELY_OWNED,54175,0,0,244255,90509,0,0,0,0,0,MEDIUM,MEDIUM,MEDIUM,5,COST_BASED,COST_BASED,false,false
1,baseline,2,2045,0,0,HYBRID_HEAT_PUMP,PRIVATELY_RENTED,49413,0,0,244255,90509,0,0,0,0,0,MEDIUM,MEDIUM,MEDIUM,5,COST_BASED,COST_BASED,false,false
1,baseline,2,2045,0,0,HYBRID_HEAT_PUMP,SOCIAL_HOUSING,73492,0,0,244255,90509,0,0,0,0,0,MEDIUM,MEDIUM,MEDIUM,5,COST_BASED,COST_BASED,false,false
1,baseline,2,2045,0,0,HYBRID_HEAT_PUMP,HOME_OWNER_ASSOCIATION,11682,0,0,244255,90509,0,0,0,0,0,MEDIUM,MEDIUM,MEDIUM,5,COST_BASED,COST_BASED,false,false
1,baseline,2,2045,0,0,HYBRID_HEAT_PUMP,TOTAL,188762,15812,9095,244255,90509,0,0,0,0,0,MEDIUM,MEDIUM,MEDIUM,5,COST_BASED,COST_BASED,false,false
1,baseline,2,2045,0,0,ELECTRIC_HEAT_PUMP,PRIVATELY_OWNED,146313,0,0,192424,90509,0,0,0,0,0,MEDIUM,MEDIUM,MEDIUM,5,COST_BASED,COST_BASED,false,false
1,baseline,2,2045,0,0,ELECTRIC_HEAT_PUMP,PRIVATELY_RENTED,211,0,0,192424,90509,0,0,0,0,0,MEDIUM,MEDIUM,MEDIUM,5,COST_BASED,COST_BASED,false,false
1,baseline,2,2045,0,0,ELECTRIC_HEAT_PUMP,SOCIAL_HOUSING,4,0,0,192424,90509,0,0,0,0,0,MEDIUM,MEDIUM,MEDIUM,5,COST_BASED,COST_BASED,false,false
1,baseline,2,2045,0,0,ELECTRIC_HEAT_PUMP,HOME_OWNER_ASSOCIATION,0,0,0,192424,90509,0,0,0,0,0,MEDIUM,MEDIUM,MEDIUM,5,COST_BASED,COST_BASED,false,false
1,baseline,2,2045,0,0,ELECTRIC_HEAT_PUMP,TOTAL,146528,12883,5495,192424,90509,0,0,0,0,0,MEDIUM,MEDIUM,MEDIUM,5,COST_BASED,COST_BASED,false,false
1,baseline,2,2045,0,0,DISTRICT_HEATING,PRIVATELY_OWNED,12386,0,0,20439,90509,0,0,0,0,0,MEDIUM,MEDIUM,MEDIUM,5,COST_BASED,COST_BASED,false,false
1,baseline,2,2045,0,0,DISTRICT_HEATING,PRIVATELY_RENTED,865,0,0,20439,90509,0,0,0,0,0,MEDIUM,MEDIUM,MEDIUM,5,COST_BASED,COST_BASED,false,false
1,baseline,2,2045,0,0,DISTRICT_HEATING,SOCIAL_HOUSING,472,0,0,20439,90509,0,0,0,0,0,MEDIUM,MEDIUM,MEDIUM,5,COST_BASED,COST_BASED,false,false
1,baseline,2,2045,0,0,DISTRICT_HEATING,HOME_OWNER_ASSOCIATION,0,0,0,20439,90509,0,0,0,0,0,MEDIUM,MEDIUM,MEDIUM,5,COST_BASED,COST_BASED,false,false
1,baseline,2,2045,0,0,DISTRICT_HEATING,TOTAL,13723,1214,150,20439,90509,0,0,0,0,0,MEDIUM,MEDIUM,MEDIUM,5,COST_BASED,COST_BASED,false,false
1,baseline,2,2046,0,0,NATURAL_GAS_BOILER,PRIVATELY_OWNED,118403,0,0,997247,86286,0,0,0,0,0,MEDIUM,MEDIUM,MEDIUM,5,COST_BASED,COST_BASED,false,false
1,baseline,2,2046,0,0,NATURAL_GAS_BOILER,PRIVATELY_RENTED,19194,0,0,997247,86286,0,0,0,0,0,MEDIUM,MEDIUM,MEDIUM,5,COST_BASED,COST_BASED,false,false
1,baseline,2,2046,0,0,NATURAL_GAS_BOILER,SOCIAL_HOUSING,29248,0,0,997247,86286,0,0,0,0,0,MEDIUM,MEDIUM,MEDIUM,5,COST_BASED,COST_BASED,false,false
1,baseline,2,2046,0,0,NATURAL_GAS_BOILER,HOME_OWNER_ASSOCIATION,13196,0,0,997247,86286,0,0,0,0,0,MEDIUM,MEDIUM,MEDIUM,5,COST_BASED,COST_BASED,false,false
1,baseline,2,2046,0,0,NATURAL_GAS_BOILER,TOTAL,180041,11021,25361,997247,86286,0,0,0,0,0,MEDIUM,MEDIUM,MEDIUM,5,COST_BASED,COST_BASED,false,false
1,baseline,2,2046,0,0,NATURAL_GAS_BLOCK,PRIVATELY_OWNED,20,0,0,34881,86286,0,0,0,0,0,MEDIUM,MEDIUM,MEDIUM,5,COST_BASED,COST_BASED,false,false
1,baseline,2,2046,0,0,NATURAL_GAS_BLOCK,PRIVATELY_RENTED,2163,0,0,34881,86286,0,0,0,0,0,MEDIUM,MEDIUM,MEDIUM,5,COST_BASED,COST_BASED,false,false
1,baseline,2,2046,0,0,NATURAL_GAS_BLOCK,SOCIAL_HOUSING,0,0,0,34881,86286,0,0,0,0,0,MEDIUM,MEDIUM,MEDIUM,5,COST_BASED,COST_BASED,false,false
1,baseline,2,2046,0,0,NATURAL_GAS_BLOCK,HOME_OWNER_ASSOCIATION,142,0,0,34881,86286,0,0,0,0,0,MEDIUM,MEDIUM,MEDIUM,5,COST_BASED,COST_BASED,false,false
1,baseline,2,2046,0,0,NATURAL_GAS_BLOCK,TOTAL,2325,168,206,34881,86286,0,0,0,0,0,MEDIUM,MEDIUM,MEDIUM,5,COST_BASED,COST_BASED,false,false
1,baseline,2,2046,0,0,HYBRID_HEAT_PUMP,PRIVATELY_OWNED,57331,0,0,258000,86286,0,0,0,0,0,MEDIUM,MEDIUM,MEDIUM,5,COST_BASED,COST_BASED,false,false
1,baseline,2,2046,0,0,HYBRID_HEAT_PUMP,PRIVATELY_RENTED,50300,0,0,258000,86286,0,0,0,0,0,MEDIUM,MEDIUM,MEDIUM,5,COST_BASED,COST_BASED,false,false
1,baseline,2,2046,0,0,HYBRID_HEAT_PUMP,SOCIAL_HOUSING,75312,0,0,258000,86286,0,0,0,0,0,MEDIUM,MEDIUM,MEDIUM,5,COST_BASED,COST_BASED,false,false
1,baseline,2,2046,0,0,HYBRID_HEAT_PUMP,HOME_OWNER_ASSOCIATION,12364,0,0,258000,86286,0,0,0,0,0,MEDIUM,MEDIUM,MEDIUM,5,COST_BASED,COST_BASED,false,false
1,baseline,2,2046,0,0,HYBRID_HEAT_PUMP,TOTAL,195307,13745,7200,258000,86286,0,0,0,0,0,MEDIUM,MEDIUM,MEDIUM,5,COST_BASED,COST_BASED,false,false
1,baseline,2,2046,0,0,ELECTRIC_HEAT_PUMP,PRIVATELY_OWNED,152921,0,0,206095,86286,0,0,0,0,0,MEDIUM,MEDIUM,MEDIUM,5,COST_BASED,COST_BASED,false,false
1,baseline,2,2046,0,0,ELECTRIC_HEAT_PUMP,PRIVATELY_RENTED,263,0,0,206095,86286,0,0,0,0,0,MEDIUM,MEDIUM,MEDIUM,5,COST_BASED,COST_BASED,false,false
1,baseline,2,2046,0,0,ELECTRIC_HEAT_PUMP,SOCIAL_HOUSING,4,0,0,206095,86286,0,0,0,0,0,MEDIUM,MEDIUM,MEDIUM,5,COST_BASED,COST_BASED,false,false
1,baseline,2,2046,0,0,ELECTRIC_HEAT_PUMP,HOME_OWNER_ASSOCIATION,0,0,0,206095,86286,0,0,0,0,0,MEDIUM,MEDIUM,MEDIUM,5,COST_BASED,COST_BASED,false,false
1,baseline,2,2046,0,0,ELECTRIC_HEAT_PUMP,TOTAL,153188,13671,7011,206095,86286,0,0,0,0,0,MEDIUM,MEDIUM,MEDIUM,5,COST_BASED,COST_BASED,false,false
1,baseline,2,2046,0,0,DISTRICT_HEATING,PRIVATELY_OWNED,13609,0,0,21760,86286,0,0,0,0,0,MEDIUM,MEDIUM,MEDIUM,5,COST_BASED,COST_BASED,false,false
1,baseline,2,2046,0,0,DISTRICT_HEATING,PRIVATELY_RENTED,815,0,0,21760,86286,0,0,0,0,0,MEDIUM,MEDIUM,MEDIUM,5,COST_BASED,COST_BASED,false,false
1,baseline,2,2046,0,0,DISTRICT_HEATING,SOCIAL_HOUSING,472,0,0,21760,86286,0,0,0,0,0,MEDIUM,MEDIUM,MEDIUM,5,COST_BASED,COST_BASED,false,false
1,baseline,2,2046,0,0,DISTRICT_HEATING,HOME_OWNER_ASSOCIATION,0,0,0,21760,86286,0,0,0,0,0,MEDIUM,MEDIUM,MEDIUM,5,COST_BASED,COST_BASED,false,false
1,baseline,2,2046,0,0,DISTRICT_HEATING,TOTAL,14896,1321,148,21760,86286,0,0,0,0,0,MEDIUM,MEDIUM,MEDIUM,5,COST_BASED,COST_BASED,false,false
1,baseline,2,2047,0,0,NATURAL_GAS_BOILER,PRIVATELY_OWNED,106831,0,0,1005368,85081,0,0,0,0,0,MEDIUM,MEDIUM,MEDIUM,5,COST_BASED,COST_BASED,false,false
1,baseline,2,2047,0,0,NATURAL_GAS_BOILER,PRIVATELY_RENTED,18474,0,0,1005368,85081,0,0,0,0,0,MEDIUM,MEDIUM,MEDIUM,5,COST_BASED,COST_BASED,false,false
1,baseline,2,2047,0,0,NATURAL_GAS_BOILER,SOCIAL_HOUSING,27146,0,0,1005368,85081,0,0,0,0,0,MEDIUM,MEDIUM,MEDIUM,5,COST_BASED,COST_BASED,false,false
1,baseline,2,2047,0,0,NATURAL_GAS_BOILER,HOME_OWNER_ASSOCIATION,13162,0,0,1005368,85081,0,0,0,0,0,MEDIUM,MEDIUM,MEDIUM,5,COST_BASED,COST_BASED,false,false
1,baseline,2,2047,0,0,NATURAL_GAS_BOILER,TOTAL,165613,8121,22549,1005368,85081,0,0,0,0,0,MEDIUM,MEDIUM,MEDIUM,5,COST_BASED,COST_BASED,false,false
1,baseline,2,2047,0,0,NATURAL_GAS_BLOCK,PRIVATELY_OWNED,20,0,0,35051,85081,0,0,0,0,0,MEDIUM,MEDIUM,MEDIUM,5,COST_BASED,COST_BASED,false,false
1,baseline,2,2047,0,0,NATURAL_GAS_BLOCK,PRIVATELY_RENTED,2127,0,0,35051,85081,0,0,0,0,0,MEDIUM,MEDIUM,MEDIUM,5,COST_BASED,COST_BASED,false,false
1,baseline,2,2047,0,0,NATURAL_GAS_BLOCK,SOCIAL_HOUSING,0,0,0,35051,85081,0,0,0,0,0,MEDIUM,MEDIUM,MEDIUM,5,COST_BASED,COST_BASED,false,false
1,baseline,2,2047,0,0,NATURAL_GAS_BLOCK,HOME_OWNER_ASSOCIATION,142,0,0,35051,85081,0,0,0,0,0,MEDIUM,MEDIUM,MEDIUM,5,COST_BASED,COST_BASED,false,false
1,baseline,2,2047,0,0,NATURAL_GAS_BLOCK,TOTAL,2289,170,206,35051,85081,0,0,0,0,0,MEDIUM,MEDIUM,MEDIUM,5,COST_BASED,COST_BASED,false,false
1,baseline,2,2047,0,0,HYBRID_HEAT_PUMP,PRIVATELY_OWNED,61392,0,0,273334,85081,0,0,0,0,0,MEDIUM,MEDIUM,MEDIUM,5,COST_BASED,COST_BASED,false,false
1,baseline,2,2047,0,0,HYBRID_HEAT_PUMP,PRIVATELY_RENTED,51067,0,0,273334,85081,0,0,0,0,0,MEDIUM,MEDIUM,MEDIUM,5,COST_BASED,COST_BASED,false,false
1,baseline,2,2047,0,0,HYBRID_HEAT_PUMP,SOCIAL_HOUSING,77676,0,0,273334,85081,0,0,0,0,0,MEDIUM,MEDIUM,MEDIUM,5,COST_BASED,COST_BASED,false,false
1,baseline,2,2047,0,0,HYBRID_HEAT_PUMP,HOME_OWNER_ASSOCIATION,12397,0,0,273334,85081,0,0,0,0,0,MEDIUM,MEDIUM,MEDIUM,5,COST_BASED,COST_BASED,false,false
1,baseline,2,2047,0,0,HYBRID_HEAT_PUMP,TOTAL,202532,15334,8109,273334,85081,0,0,0,0,0,MEDIUM,MEDIUM,MEDIUM,5,COST_BASED,COST_BASED,false,false
1,baseline,2,2047,0,0,ELECTRIC_HEAT_PUMP,PRIVATELY_OWNED,159465,0,0,221319,85081,0,0,0,0,0,MEDIUM,MEDIUM,MEDIUM,5,COST_BASED,COST_BASED,false,false
1,baseline,2,2047,0,0,ELECTRIC_HEAT_PUMP,PRIVATELY_RENTED,330,0,0,221319,85081,0,0,0,0,0,MEDIUM,MEDIUM,MEDIUM,5,COST_BASED,COST_BASED,false,false
1,baseline,2,2047,0,0,ELECTRIC_HEAT_PUMP,SOCIAL_HOUSING,5,0,0,221319,85081,0,0,0,0,0,MEDIUM,MEDIUM,MEDIUM,5,COST_BASED,COST_BASED,false,false
1,baseline,2,2047,0,0,ELECTRIC_HEAT_PUMP,HOME_OWNER_ASSOCIATION,1,0,0,221319,85081,0,0,0,0,0,MEDIUM,MEDIUM,MEDIUM,5,COST_BASED,COST_BASED,false,false
1,baseline,2,2047,0,0,ELECTRIC_HEAT_PUMP,TOTAL,159801,15224,8611,221319,85081,0,0,0,0,0,MEDIUM,MEDIUM,MEDIUM,5,COST_BASED,COST_BASED,false,false
1,baseline,2,2047,0,0,DISTRICT_HEATING,PRIVATELY_OWNED,14576,0,0,22840,85081,0,0,0,0,0,MEDIUM,MEDIUM,MEDIUM,5,COST_BASED,COST_BASED,false,false
1,baseline,2,2047,0,0,DISTRICT_HEATING,PRIVATELY_RENTED,737,0,0,22840,85081,0,0,0,0,0,MEDIUM,MEDIUM,MEDIUM,5,COST_BASED,COST_BASED,false,false
1,baseline,2,2047,0,0,DISTRICT_HEATING,SOCIAL_HOUSING,209,0,0,22840,85081,0,0,0,0,0,MEDIUM,MEDIUM,MEDIUM,5,COST_BASED,COST_BASED,false,false
1,baseline,2,2047,0,0,DISTRICT_HEATING,HOME_OWNER_ASSOCIATION,0,0,0,22840,85081,0,0,0,0,0,MEDIUM,MEDIUM,MEDIUM,5,COST_BASED,COST_BASED,false,false
1,baseline,2,2047,0,0,DISTRICT_HEATING,TOTAL,15522,1080,454,22840,85081,0,0,0,0,0,MEDIUM,MEDIUM,MEDIUM,5,COST_BASED,COST_BASED,false,false
1,baseline,2,2048,0,0,NATURAL_GAS_BOILER,PRIVATELY_OWNED,96841,0,0,1012103,85451,0,0,0,0,0,MEDIUM,MEDIUM,MEDIUM,5,COST_BASED,COST_BASED,false,false
1,baseline,2,2048,0,0,NATURAL_GAS_BOILER,PRIVATELY_RENTED,17712,0,0,1012103,85451,0,0,0,0,0,MEDIUM,MEDIUM,MEDIUM,5,COST_BASED,COST_BASED,false,false
1,baseline,2,2048,0,0,NATURAL_GAS_BOILER,SOCIAL_HOUSING,24357,0,0,1012103,85451,0,0,0,0,0,MEDIUM,MEDIUM,MEDIUM,5,COST_BASED,COST_BASED,false,false
1,baseline,2,2048,0,0,NATURAL_GAS_BOILER,HOME_OWNER_ASSOCIATION,12681,0,0,1012103,85451,0,0,0,0,0,MEDIUM,MEDIUM,MEDIUM,5,COST_BASED,COST_BASED,false,false
1,baseline,2,2048,0,0,NATURAL_GAS_BOILER,TOTAL,151591,6735,20757,1012103,85451,0,0,0,0,0,MEDIUM,MEDIUM,MEDIUM,5,COST_BASED,COST_BASED,false,false
1,baseline,2,2048,0,0,NATURAL_GAS_BLOCK,PRIVATELY_OWNED,18,0,0,35209,85451,0,0,0,0,0,MEDIUM,MEDIUM,MEDIUM,5,COST_BASED,COST_BASED,false,false
1,baseline,2,2048,0,0,NATURAL_GAS_BLOCK,PRIVATELY_RENTED,2106,0,0,35209,85451,0,0,0,0,0,MEDIUM,MEDIUM,MEDIUM,5,COST_BASED,COST_BASED,false,false
1,baseline,2,2048,0,0,NATURAL_GAS_BLOCK,SOCIAL_HOUSING,0,0,0,35209,85451,0,0,0,0,0,MEDIUM,MEDIUM,MEDIUM,5,COST_BASED,COST_BASED,false,false
1,baseline,2,2048,0,0,NATURAL_GAS_BLOCK,HOME_OWNER_ASSOCIATION,134,0,0,35209,85451,0,0,0,0,0,MEDIUM,MEDIUM,MEDIUM,5,COST_BASED,COST_BASED,false,false
1,baseline,2,2048,0,0,NATURAL_GAS_BLOCK,TOTAL,2258,158,189,35209,85451,0,0,0,0,0,MEDIUM,MEDIUM,MEDIUM,5,COST_BASED,COST_BASED,false,false
1,baseline,2,2048,0,0,HYBRID_HEAT_PUMP,PRIVATELY_OWNED,65280,0,0,292535,85451,0,0,0,0,0,MEDIUM,MEDIUM,MEDIUM,5,COST_BASED,COST_BASED,false,false
1,baseline,2,2048,0,0,HYBRID_HEAT_PUMP,PRIVATELY_RENTED,51850,0,0,292535,85451,0,0,0,0,0,MEDIUM,MEDIUM,MEDIUM,5,COST_BASED,COST_BASED,false,false
1,baseline,2,2048,0,0,HYBRID_HEAT_PUMP,SOCIAL_HOUSING,80461,0,0,292535,85451,0,0,0,0,0,MEDIUM,MEDIUM,MEDIUM,5,COST_BASED,COST_BASED,false,false
1,baseline,2,2048,0,0,HYBRID_HEAT_PUMP,HOME_OWNER_ASSOCIATION,12886,0,0,292535,85451,0,0,0,0,0,MEDIUM,MEDIUM,MEDIUM,5,COST_BASED,COST_BASED,false,false
1,baseline,2,2048,0,0,HYBRID_HEAT_PUMP,TOTAL,210477,19201,11256,292535,85451,0,0,0,0,0,MEDIUM,MEDIUM,MEDIUM,5,COST_BASED,COST_BASED,false,false
1,baseline,2,2048,0,0,ELECTRIC_HEAT_PUMP,PRIVATELY_OWNED,164572,0,0,235113,85451,0,0,0,0,0,MEDIUM,MEDIUM,MEDIUM,5,COST_BASED,COST_BASED,false,false
1,baseline,2,2048,0,0,ELECTRIC_HEAT_PUMP,PRIVATELY_RENTED,410,0,0,235113,85451,0,0,0,0,0,MEDIUM,MEDIUM,MEDIUM,5,COST_BASED,COST_BASED,false,false
1,baseline,2,2048,0,0,ELECTRIC_HEAT_PUMP,SOCIAL_HOUSING,9,0,0,235113,85451,0,0,0,0,0,MEDIUM,MEDIUM,MEDIUM,5,COST_BASED,COST_BASED,false,false
1,baseline,2,2048,0,0,ELECTRIC_HEAT_PUMP,HOME_OWNER_ASSOCIATION,1,0,0,235113,85451,0,0,0,0,0,MEDIUM,MEDIUM,MEDIUM,5,COST_BASED,COST_BASED,false,false
1,baseline,2,2048,0,0,ELECTRIC_HEAT_PUMP,TOTAL,164992,13794,8603,235113,85451,0,0,0,0,0,MEDIUM,MEDIUM,MEDIUM,5,COST_BASED,COST_BASED,false,false
1,baseline,2,2048,0,0,DISTRICT_HEATING,PRIVATELY_OWNED,15573,0,0,23881,85451,0,0,0,0,0,MEDIUM,MEDIUM,MEDIUM,5,COST_BASED,COST_BASED,false,false
1,baseline,2,2048,0,0,DISTRICT_HEATING,PRIVATELY_RENTED,657,0,0,23881,85451,0,0,0,0,0,MEDIUM,MEDIUM,MEDIUM,5,COST_BASED,COST_BASED,false,false
1,baseline,2,2048,0,0,DISTRICT_HEATING,SOCIAL_HOUSING,209,0,0,23881,85451,0,0,0,0,0,MEDIUM,MEDIUM,MEDIUM,5,COST_BASED,COST_BASED,false,false
1,baseline,2,2048,0,0,DISTRICT_HEATING,HOME_OWNER_ASSOCIATION,0,0,0,23881,85451,0,0,0,0,0,MEDIUM,MEDIUM,MEDIUM,5,COST_BASED,COST_BASED,false,false
1,baseline,2,2048,0,0,DISTRICT_HEATING,TOTAL,16439,1041,124,23881,85451,0,0,0,0,0,MEDIUM,MEDIUM,MEDIUM,5,COST_BASED,COST_BASED,false,false
1,baseline,2,2049,0,0,NATURAL_GAS_BOILER,PRIVATELY_OWNED,87264,0,0,1019750,86101,0,0,0,0,0,MEDIUM,MEDIUM,MEDIUM,5,COST_BASED,COST_BASED,false,false
1,baseline,2,2049,0,0,NATURAL_GAS_BOILER,PRIVATELY_RENTED,17032,0,0,1019750,86101,0,0,0,0,0,MEDIUM,MEDIUM,MEDIUM,5,COST_BASED,COST_BASED,false,false
1,baseline,2,2049,0,0,NATURAL_GAS_BOILER,SOCIAL_HOUSING,22722,0,0,1019750,86101,0,0,0,0,0,MEDIUM,MEDIUM,MEDIUM,5,COST_BASED,COST_BASED,false,false
1,baseline,2,2049,0,0,NATURAL_GAS_BOILER,HOME_OWNER_ASSOCIATION,11940,0,0,1019750,86101,0,0,0,0,0,MEDIUM,MEDIUM,MEDIUM,5,COST_BASED,COST_BASED,false,false
1,baseline,2,2049,0,0,NATURAL_GAS_BOILER,TOTAL,138958,7647,20280,1019750,86101,0,0,0,0,0,MEDIUM,MEDIUM,MEDIUM,5,COST_BASED,COST_BASED,false,false
1,baseline,2,2049,0,0,NATURAL_GAS_BLOCK,PRIVATELY_OWNED,17,0,0,35347,86101,0,0,0,0,0,MEDIUM,MEDIUM,MEDIUM,5,COST_BASED,COST_BASED,false,false
1,baseline,2,2049,0,0,NATURAL_GAS_BLOCK,PRIVATELY_RENTED,2069,0,0,35347,86101,0,0,0,0,0,MEDIUM,MEDIUM,MEDIUM,5,COST_BASED,COST_BASED,false,false
1,baseline,2,2049,0,0,NATURAL_GAS_BLOCK,SOCIAL_HOUSING,0,0,0,35347,86101,0,0,0,0,0,MEDIUM,MEDIUM,MEDIUM,5,COST_BASED,COST_BASED,false,false
1,baseline,2,2049,0,0,NATURAL_GAS_BLOCK,HOME_OWNER_ASSOCIATION,134,0,0,35347,86101,0,0,0,0,0,MEDIUM,MEDIUM,MEDIUM,5,COST_BASED,COST_BASED,false,false
1,baseline,2,2049,0,0,NATURAL_GAS_BLOCK,TOTAL,2220,138,176,35347,86101,0,0,0,0,0,MEDIUM,MEDIUM,MEDIUM,5,COST_BASED,COST_BASED,false,false
1,baseline,2,2049,0,0,HYBRID_HEAT_PUMP,PRIVATELY_OWNED,69321,0,0,312591,86101,0,0,0,0,0,MEDIUM,MEDIUM,MEDIUM,5,COST_BASED,COST_BASED,false,false
1,baseline,2,2049,0,0,HYBRID_HEAT_PUMP,PRIVATELY_RENTED,52523,0,0,312591,86101,0,0,0,0,0,MEDIUM,MEDIUM,MEDIUM,5,COST_BASED,COST_BASED,false,false
1,baseline,2,2049,0,0,HYBRID_HEAT_PUMP,SOCIAL_HOUSING,81816,0,0,312591,86101,0,0,0,0,0,MEDIUM,MEDIUM,MEDIUM,5,COST_BASED,COST_BASED,false,false
1,baseline,2,2049,0,0,HYBRID_HEAT_PUMP,HOME_OWNER_ASSOCIATION,13627,0,0,312591,86101,0,0,0,0,0,MEDIUM,MEDIUM,MEDIUM,5,COST_BASED,COST_BASED,false,false
1,baseline,2,2049,0,0,HYBRID_HEAT_PUMP,TOTAL,217287,20056,13246,312591,86101,0,0,0,0,0,MEDIUM,MEDIUM,MEDIUM,5,COST_BASED,COST_BASED,false,false
1,baseline,2,2049,0,0,ELECTRIC_HEAT_PUMP,PRIVATELY_OWNED,169166,0,0,248794,86101,0,0,0,0,0,MEDIUM,MEDIUM,MEDIUM,5,COST_BASED,COST_BASED,false,false
1,baseline,2,2049,0,0,ELECTRIC_HEAT_PUMP,PRIVATELY_RENTED,510,0,0,248794,86101,0,0,0,0,0,MEDIUM,MEDIUM,MEDIUM,5,COST_BASED,COST_BASED,false,false
1,baseline,2,2049,0,0,ELECTRIC_HEAT_PUMP,SOCIAL_HOUSING,289,0,0,248794,86101,0,0,0,0,0,MEDIUM,MEDIUM,MEDIUM,5,COST_BASED,COST_BASED,false,false
1,baseline,2,2049,0,0,ELECTRIC_HEAT_PUMP,HOME_OWNER_ASSOCIATION,1,0,0,248794,86101,0,0,0,0,0,MEDIUM,MEDIUM,MEDIUM,5,COST_BASED,COST_BASED,false,false
1,baseline,2,2049,0,0,ELECTRIC_HEAT_PUMP,TOTAL,169966,13681,8707,248794,86101,0,0,0,0,0,MEDIUM,MEDIUM,MEDIUM,5,COST_BASED,COST_BASED,false,false
1,baseline,2,2049,0,0,DISTRICT_HEATING,PRIVATELY_OWNED,16516,0,0,24865,86101,0,0,0,0,0,MEDIUM,MEDIUM,MEDIUM,5,COST_BASED,COST_BASED,false,false
1,baseline,2,2049,0,0,DISTRICT_HEATING,PRIVATELY_RENTED,601,0,0,24865,86101,0,0,0,0,0,MEDIUM,MEDIUM,MEDIUM,5,COST_BASED,COST_BASED,false,false
1,baseline,2,2049,0,0,DISTRICT_HEATING,SOCIAL_HOUSING,209,0,0,24865,86101,0,0,0,0,0,MEDIUM,MEDIUM,MEDIUM,5,COST_BASED,COST_BASED,false,false
1,baseline,2,2049,0,0,DISTRICT_HEATING,HOME_OWNER_ASSOCIATION,0,0,0,24865,86101,0,0,0,0,0,MEDIUM,MEDIUM,MEDIUM,5,COST_BASED,COST_BASED,false,false
1,baseline,2,2049,0,0,DISTRICT_HEATING,TOTAL,17326,984,97,24865,86101,0,0,0,0,0,MEDIUM,MEDIUM,MEDIUM,5,COST_BASED,COST_BASED,false,false
1,baseline,2,2050,0,0,NATURAL_GAS_BOILER,PRIVATELY_OWNED,78484,0,0,1027716,82678,0,0,0,0,0,MEDIUM,MEDIUM,MEDIUM,5,COST_BASED,COST_BASED,false,false
1,baseline,2,2050,0,0,NATURAL_GAS_BOILER,PRIVATELY_RENTED,16421,0,0,1027716,82678,0,0,0,0,0,MEDIUM,MEDIUM,MEDIUM,5,COST_BASED,COST_BASED,false,false
1,baseline,2,2050,0,0,NATURAL_GAS_BOILER,SOCIAL_HOUSING,21483,0,0,1027716,82678,0,0,0,0,0,MEDIUM,MEDIUM,MEDIUM,5,COST_BASED,COST_BASED,false,false
1,baseline,2,2050,0,0,NATURAL_GAS_BOILER,HOME_OWNER_ASSOCIATION,11497,0,0,1027716,82678,0,0,0,0,0,MEDIUM,MEDIUM,MEDIUM,5,COST_BASED,COST_BASED,false,false
1,baseline,2,2050,0,0,NATURAL_GAS_BOILER,TOTAL,127885,7966,19039,1027716,82678,0,0,0,0,0,MEDIUM,MEDIUM,MEDIUM,5,COST_BASED,COST_BASED,false,false
1,baseline,2,2050,0,0,NATURAL_GAS_BLOCK,PRIVATELY_OWNED,18,0,0,35498,82678,0,0,0,0,0,MEDIUM,MEDIUM,MEDIUM,5,COST_BASED,COST_BASED,false,false
1,baseline,2,2050,0,0,NATURAL_GAS_BLOCK,PRIVATELY_RENTED,2013,0,0,35498,82678,0,0,0,0,0,MEDIUM,MEDIUM,MEDIUM,5,COST_BASED,COST_BASED,false,false
1,baseline,2,2050,0,0,NATURAL_GAS_BLOCK,SOCIAL_HOUSING,0,0,0,35498,82678,0,0,0,0,0,MEDIUM,MEDIUM,MEDIUM,5,COST_BASED,COST_BASED,false,false
1,baseline,2,2050,0,0,NATURAL_GAS_BLOCK,HOME_OWNER_ASSOCIATION,134,0,0,35498,82678,0,0,0,0,0,MEDIUM,MEDIUM,MEDIUM,5,COST_BASED,COST_BASED,false,false
1,baseline,2,2050,0,0,NATURAL_GAS_BLOCK,TOTAL,2165,151,206,35498,82678,0,0,0,0,0,MEDIUM,MEDIUM,MEDIUM,5,COST_BASED,COST_BASED,false,false
1,baseline,2,2050,0,0,HYBRID_HEAT_PUMP,PRIVATELY_OWNED,73489,0,0,330210,82678,0,0,0,0,0,MEDIUM,MEDIUM,MEDIUM,5,COST_BASED,COST_BASED,false,false
1,baseline,2,2050,0,0,HYBRID_HEAT_PUMP,PRIVATELY_RENTED,53182,0,0,330210,82678,0,0,0,0,0,MEDIUM,MEDIUM,MEDIUM,5,COST_BASED,COST_BASED,false,false
1,baseline,2,2050,0,0,HYBRID_HEAT_PUMP,SOCIAL_HOUSING,82540,0,0,330210,82678,0,0,0,0,0,MEDIUM,MEDIUM,MEDIUM,5,COST_BASED,COST_BASED,false,false
1,baseline,2,2050,0,0,HYBRID_HEAT_PUMP,HOME_OWNER_ASSOCIATION,14070,0,0,330210,82678,0,0,0,0,0,MEDIUM,MEDIUM,MEDIUM,5,COST_BASED,COST_BASED,false,false
1,baseline,2,2050,0,0,HYBRID_HEAT_PUMP,TOTAL,223281,17619,11625,330210,82678,0,0,0,0,0,MEDIUM,MEDIUM,MEDIUM,5,COST_BASED,COST_BASED,false,false
1,baseline,2,2050,0,0,ELECTRIC_HEAT_PUMP,PRIVATELY_OWNED,172845,0,0,261933,82678,0,0,0,0,0,MEDIUM,MEDIUM,MEDIUM,5,COST_BASED,COST_BASED,false,false
1,baseline,2,2050,0,0,ELECTRIC_HEAT_PUMP,PRIVATELY_RENTED,609,0,0,261933,82678,0,0,0,0,0,MEDIUM,MEDIUM,MEDIUM,5,COST_BASED,COST_BASED,false,false
1,baseline,2,2050,0,0,ELECTRIC_HEAT_PUMP,SOCIAL_HOUSING,804,0,0,261933,82678,0,0,0,0,0,MEDIUM,MEDIUM,MEDIUM,5,COST_BASED,COST_BASED,false,false
1,baseline,2,2050,0,0,ELECTRIC_HEAT_PUMP,HOME_OWNER_ASSOCIATION,1,0,0,261933,82678,0,0,0,0,0,MEDIUM,MEDIUM,MEDIUM,5,COST_BASED,COST_BASED,false,false
1,baseline,2,2050,0,0,ELECTRIC_HEAT_PUMP,TOTAL,174259,13139,8846,261933,82678,0,0,0,0,0,MEDIUM,MEDIUM,MEDIUM,5,COST_BASED,COST_BASED,false,false
1,baseline,2,2050,0,0,DISTRICT_HEATING,PRIVATELY_OWNED,17448,0,0,25830,82678,0,0,0,0,0,MEDIUM,MEDIUM,MEDIUM,5,COST_BASED,COST_BASED,false,false
1,baseline,2,2050,0,0,DISTRICT_HEATING,PRIVATELY_RENTED,510,0,0,25830,82678,0,0,0,0,0,MEDIUM,MEDIUM,MEDIUM,5,COST_BASED,COST_BASED,false,false
1,baseline,2,2050,0,0,DISTRICT_HEATING,SOCIAL_HOUSING,209,0,0,25830,82678,0,0,0,0,0,MEDIUM,MEDIUM,MEDIUM,5,COST_BASED,COST_BASED,false,false
1,baseline,2,2050,0,0,DISTRICT_HEATING,HOME_OWNER_ASSOCIATION,0,0,0,25830,82678,0,0,0,0,0,MEDIUM,MEDIUM,MEDIUM,5,COST_BASED,COST_BASED,false,false
1,baseline,2,2050,0,0,DISTRICT_HEATING,TOTAL,18167,965,124,25830,82678,0,0,0,0,0,MEDIUM,MEDIUM,MEDIUM,5,COST_BASED,COST_BASED,false,false
